g 22_LP
v -29.7994537 7.82186508 -9.57936859
v -29.7994537 7.64186478 -9.58414841
v -29.7994537 7.82186508 -9.58414841
v 39.3452263 7.82186508 -0.525008202
v 39.3500023 7.64186478 -0.525008202
v 39.3500023 7.82186508 -0.525008202
v -39.5500031 11.3999996 9.07500267
v -39.5500031 11.3999996 -9.62499714
v -39.5500031 11.5999985 -9.62499714
v -39.5500031 11.6000004 9.07500267
v -39.3500061 11.3999996 -6.52500343
v -39.3500061 0.600000858 -6.52500057
v -39.3500061 0.600001037 -9.02499962
v -39.3500061 11.3999958 -9.02499771
v -39.3500061 11.3999996 -3.52499771
v -39.3500061 0.600000858 -3.52500057
v -39.3500061 0.600000858 -6.02500057
v -39.3500061 11.3999996 -6.02499914
v -39.3500061 11.3999996 -0.525003433
v -39.3500061 0.600000858 -0.525000572
v -39.3500061 0.600001037 -3.02499914
v -39.3500061 11.3999958 -3.02499771
v -39.3500061 0.600000799 2.47499657
v -39.3500061 0.600001037 -0.0249991491
v -39.3500061 11.3999958 -0.0249977112
v -39.3500061 11.3999996 2.47499657
v -39.3500061 0.600000799 5.47499657
v -39.3500061 0.600000858 2.97499943
v -39.3500061 11.3999958 2.97500229
v -39.3500061 11.3999996 5.47500229
v -39.3500061 0.600000799 8.47499657
v -39.3500061 0.600001037 5.97500086
v -39.3500061 11.3999958 5.97500229
v -39.3500061 11.3999996 8.47500229
v -9.55000782 11.5999985 18.0249977
v -9.55000782 11.3999996 18.0249977
v -9.55000782 11.3999987 9.07500267
v -9.55000782 11.6000004 9.07500172
v -9.24999237 0.600001335 11.4749994
v -9.24999619 11.3999996 11.4749994
v -9.24999619 11.3999996 14.925005
v -9.24999619 0.600000858 14.925005
v -9.24999619 11.3999996 10.9750032
v -9.24999619 0.600000858 10.9750032
v -9.24999619 0.600000858 8.87499809
v -9.24999619 11.3999996 8.87499809
v -9.24999619 11.3999996 17.4250069
v -9.24999619 0.600000858 17.4250069
v -9.24999619 0.600000858 15.4250011
v -9.24999619 11.3999996 15.4250011
v 18.0670471 11.5999985 -9.62499809
v 39.5500031 11.3999996 -9.62499714
v 39.5500031 11.5999985 -9.62499714
v 18.0670471 11.3999996 -9.62499809
v 9.55000782 11.5999985 -9.62499809
v 9.55000782 11.3999996 -9.62499809
v -0 11.5999985 -9.62499809
v -0 11.3999996 -9.62499809
v -9.55000782 11.5999985 -9.62499809
v -9.55000782 11.3999996 -9.62499809
v -39.5500031 11.3999996 -9.62499714
v -39.5500031 11.5999985 -9.62499714
v 36.25 11.3999996 -9.42499828
v 36.25 0.600001037 -9.42499828
v 38.75 0.600000799 -9.42500019
v 38.75 11.3999958 -9.42499924
v 33.25 11.3999996 -9.42499828
v 33.25 0.600001037 -9.42499828
v 35.75 0.600000799 -9.42500019
v 35.75 11.3999996 -9.42499924
v 30.2499981 11.3999996 -9.42499828
v 30.2499981 0.600001037 -9.42499828
v 32.75 0.600000799 -9.42500019
v 32.75 11.3999996 -9.42499924
v 24.2499981 11.3999996 -9.42499828
v 24.2499981 0.600001037 -9.42499828
v 26.7499981 0.600000799 -9.42500019
v 26.7499981 11.3999996 -9.42499924
v 18.2499981 0.600001037 -9.42499828
v 20.7499981 0.600000799 -9.42500019
v 20.7499981 11.3999996 -9.42499924
v 18.2499981 11.3999996 -9.42499828
v 15.2499981 11.3999996 -9.42499828
v 15.25 10.8999996 -9.42499828
v 17.7499981 11.3999996 -9.42499924
v 15.2499981 0.600001037 -9.42499828
v 17.7499981 0.600000799 -9.42500019
v 12.2499981 0.600001037 -9.42499828
v 14.7499981 0.600000799 -9.42500019
v 14.7499981 10.8999996 -9.42499924
v 14.7499981 11.3999996 -9.42499924
v 12.2499981 11.3999996 -9.42499828
v 9.24999809 11.3999996 -9.42499828
v 9.24999809 0.600001037 -9.42499828
v 11.7499981 0.600000799 -9.42500019
v 11.7499981 11.3999996 -9.42499924
v 6.24999809 11.3999996 -9.42499828
v 6.24999809 0.600001037 -9.42499828
v 8.74999809 0.600000799 -9.42500019
v 8.75000477 11.3999958 -9.42501259
v 3.24999809 11.3999996 -9.42499828
v 3.24999809 0.600001037 -9.42499828
v 5.74999809 0.600000799 -9.42500019
v 5.75000477 11.3999958 -9.42501163
v -5.75000191 11.3999996 -9.42499828
v -5.75000191 0.600001037 -9.42499828
v -3.25000191 0.600000799 -9.42500019
v -3.25000191 11.3999996 -9.42499924
v -2.75000191 0.600001037 -9.42499828
v -0.250001848 0.600000799 -9.42500019
v -0.250001848 11.3999996 -9.42499924
v -2.75000191 11.3999996 -9.42499828
v -8.75000191 11.3999996 -9.42499828
v -8.75000191 0.600001037 -9.42499828
v -6.25000191 0.600000799 -9.42500019
v -6.25000191 11.3999996 -9.42499924
v -11.7500019 11.3999996 -9.42499828
v -11.7500019 0.600001037 -9.42499828
v -9.25000191 0.600000799 -9.42500019
v -9.25000191 11.3999996 -9.42499924
v -14.7500019 11.3999996 -9.42499828
v -14.7500019 0.600001037 -9.42499828
v -12.2500019 0.600000799 -9.42500019
v -12.2499952 11.3999958 -9.42500591
v -17.7500019 11.3999996 -9.42499828
v -17.7500019 0.600001037 -9.42499828
v -15.2500019 0.600000799 -9.42500019
v -15.2500019 11.3999996 -9.42499924
v -23.7500019 11.3999996 -9.42499828
v -23.7500019 0.600001037 -9.42499828
v -21.2500019 0.600000799 -9.42500019
v -21.2500019 11.3999996 -9.42499924
v -29.7500019 0.600001037 -9.42499828
v -27.2500019 0.600000799 -9.42500019
v -27.2499962 11.3999958 -9.42500114
v -29.7500019 11.3999996 -9.42499828
v -35.75 0.600001037 -9.42499828
v -33.25 0.600000799 -9.42500019
v -33.2499962 11.3999958 -9.42499924
v -35.7499962 11.3999996 -9.42499828
v -38.75 11.3999958 -9.42499828
v -38.75 0.600001037 -9.42499828
v -36.25 0.600000799 -9.42500019
v -36.2499962 11.3999958 -9.42499828
v -32.75 0.600001037 -9.42499828
v -30.2500019 0.600000799 -9.42500019
v -30.2500019 11.3999996 -9.42499924
v -32.75 11.3999996 -9.42499828
v -26.7500019 11.3999996 -9.42499828
v -26.7500019 0.600001037 -9.42499828
v -24.2500019 0.600000799 -9.42500019
v -24.2500019 11.3999996 -9.42499924
v -20.7500019 11.3999996 -9.42499828
v -20.7500019 0.600001037 -9.42499828
v -18.2500019 0.600000799 -9.42500019
v -18.2500019 11.3999996 -9.42499924
v 0.249998152 11.3999996 -9.42499828
v 0.250004858 0.600000978 -9.42501259
v 2.74999809 0.600000799 -9.42500019
v 2.74999809 11.3999996 -9.42499924
v 21.2499981 11.3999996 -9.42499828
v 21.2499981 0.600001037 -9.42499828
v 23.7499981 0.600000799 -9.42500019
v 23.7499981 11.3999996 -9.42499924
v 27.2499981 11.3999996 -9.42499828
v 27.2499981 0.600001037 -9.42499828
v 29.7499981 0.600000799 -9.42500019
v 29.7499981 11.3999996 -9.42499924
v 39.5500031 11.3999996 9.07500267
v 39.5500031 11.6000004 9.07500267
v 39.5500031 11.5999985 -9.62499714
v 39.5500031 11.3999996 -9.62499714
v 39.3500061 11.3999996 -6.52500439
v 39.3500061 11.3999958 -9.02499771
v 39.3500061 0.600001037 -9.02499962
v 39.3500061 0.600000799 -6.52500439
v 39.3500061 11.3999996 -3.52499771
v 39.3500061 11.3999996 -6.0250001
v 39.3500061 0.600001037 -6.0250001
v 39.3500061 0.600000799 -3.52500439
v 39.3500061 11.3999996 -0.524997711
v 39.3500061 11.3999958 -3.02499771
v 39.3500061 0.600001037 -3.0250001
v 39.3500061 0.600000799 -0.525004387
v 39.3500061 11.3999996 2.47500229
v 39.3500061 11.3999958 -0.0249977112
v 39.3500061 0.600001037 -0.0250000879
v 39.3500061 0.600000858 2.47499943
v 39.3500061 11.3999996 5.47499561
v 39.3500061 11.3999996 2.9749999
v 39.3500061 0.600000858 2.97499943
v 39.3500061 0.600000858 5.47499943
v 39.3500061 11.3999996 8.47500229
v 39.3500061 11.3999996 5.9749999
v 39.3500061 0.600001037 5.9749999
v 39.3500061 0.600000858 8.47499943
v 9.55000782 11.5999985 18.0249977
v 9.55000782 11.6000004 9.07500172
v 9.55000782 11.3999987 9.07500267
v 9.55000782 11.3999996 18.0249977
v 9.24999619 11.3999996 15.4250011
v 9.24999428 0.600001097 15.4250011
v 9.24999237 0.600001335 17.4250069
v 9.24999619 10.8999996 17.4250069
v 9.24999619 11.3999996 17.4250069
v 9.24999619 11.3999996 14.925005
v 9.24999619 11.3999996 11.4749994
v 9.24999237 0.600001335 11.4749994
v 9.24999237 0.600001335 14.925005
v 9.24999619 0.600000858 8.87499809
v 9.24999237 0.600001335 10.9750032
v 9.24999619 11.3999996 10.9750032
v 9.24999619 11.3999996 8.87499809
v -36.2499962 11.3999996 8.87499809
v -36.2499886 0.600000858 8.87500191
v -38.7499962 0.600000799 8.87499905
v -38.7499962 11.3999996 8.87499809
v -18.2499962 11.3999996 8.87499809
v -18.2499962 0.600001037 8.87499809
v -20.7499962 0.600000799 8.87499905
v -20.7499962 11.3999996 8.87499809
v -12.2499962 11.3999996 8.87499809
v -12.2499962 0.600001037 8.87499809
v -14.7499962 0.600000799 8.87499905
v -14.7499962 11.3999996 8.87499809
v -15.2499962 11.3999996 8.87499809
v -15.2499962 0.600001037 8.87499809
v -17.7499962 0.600000799 8.87499905
v -17.7499962 11.3999996 8.87499809
v -9.24999619 11.3999996 8.87499809
v -9.24999619 0.600000858 8.87499809
v -11.7499962 0.600000799 8.87499905
v -11.7499962 11.3999996 8.87499809
v -33.2499962 11.3999996 8.87499809
v -33.2499886 0.600000978 8.87500095
v -35.7499962 0.600000799 8.87499905
v -35.7499962 11.3999996 8.87499809
v -30.2499962 11.3999996 8.87499809
v -30.2499886 0.600000978 8.875
v -32.7499962 0.600000799 8.87499905
v -32.7499962 11.3999996 8.87499809
v -27.2499962 11.3999996 8.87499809
v -27.2499886 0.600000978 8.87499905
v -29.7499962 0.600000799 8.87499905
v -29.7499962 11.3999996 8.87499809
v -24.2499962 11.3999996 8.87499809
v -24.2499886 0.600000978 8.87499809
v -26.7499962 0.600000799 8.87499905
v -26.7499962 11.3999996 8.87499809
v -21.2499962 11.3999996 8.87499809
v -21.2499962 0.600001037 8.87499809
v -23.7499962 0.600000799 8.87499905
v -23.7499962 11.3999996 8.87499809
v -39.5500031 11.3999996 9.07500267
v -39.5500031 11.6000004 9.07500267
v -9.55000782 11.6000004 9.07500172
v -9.55000782 11.3999987 9.07500267
v 29.7500114 11.3999958 8.87497807
v 29.7499962 0.600000799 8.87499905
v 27.2499962 0.600001037 8.87499809
v 27.2499962 11.3999996 8.87499809
v 32.7500114 11.3999958 8.87497711
v 32.7499962 0.600000799 8.87499905
v 30.2499962 0.600001037 8.87499809
v 30.2499962 11.3999996 8.87499809
v 23.7499962 11.3999996 8.87499809
v 23.7499962 0.600000799 8.87499905
v 21.2499962 0.600001037 8.87499809
v 21.2499962 11.3999996 8.87499809
v 11.7499962 0.600000799 8.87499905
v 9.24999619 0.600000858 8.87499809
v 9.24999619 11.3999996 8.87499809
v 11.7500105 11.3999958 8.87498379
v 17.7499962 11.3999996 8.87499809
v 17.7499962 0.600000799 8.87499905
v 15.2499962 0.600001037 8.87499809
v 15.2499962 11.3999996 8.87499809
v 14.7499962 11.3999996 8.87499809
v 14.7499962 0.600000799 8.87499905
v 12.2499962 0.600001037 8.87499809
v 12.2499962 11.3999996 8.87499809
v 20.7499962 0.600000799 8.87499905
v 18.2499962 0.600001037 8.87499809
v 18.2499962 11.3999996 8.87499809
v 20.7499962 11.3999996 8.87499809
v 26.7499962 11.3999996 8.87499809
v 26.7499962 0.600000799 8.87499905
v 24.2499962 0.600001037 8.87499809
v 24.2499962 11.3999996 8.87499809
v 35.7499962 0.600000799 8.87499905
v 33.2499962 0.600001037 8.87499809
v 33.2499962 11.3999996 8.87499809
v 35.7500114 11.3999958 8.87497616
v 38.75 11.3999996 8.87499809
v 38.7499962 0.600000799 8.87499905
v 36.2499962 0.600001037 8.87499809
v 36.2499962 11.3999996 8.87499809
v 18.0670471 11.3999996 9.07500267
v 9.55000782 11.3999987 9.07500267
v 9.55000782 11.6000004 9.07500172
v 18.0670471 11.6000004 9.07500267
v 39.5500031 11.3999996 9.07500267
v 39.5500031 11.6000004 9.07500267
v 6.25001097 0.600001812 17.8250084
v 6.25001097 11.3999996 17.8250046
v 8.75000763 11.3999996 17.8250065
v 8.75000381 0.600001335 17.8250065
v 5.75000381 0.600001335 17.8250046
v 3.25001097 0.600001812 17.8250084
v 3.25001097 11.3999996 17.8250046
v 5.75001478 11.4000015 17.8250046
v -6.25001097 0.600001812 17.8250084
v -8.75000381 0.600001335 17.8250046
v -8.75000763 11.3999996 17.8250046
v -6.25001097 11.3999996 17.8250046
v -3.25001097 0.600001812 17.8250084
v -5.75001478 0.600001812 17.8250084
v -5.75001478 11.4000015 17.8250046
v -3.25001097 11.3999996 17.8250046
v 9.55000782 11.5999985 18.0249977
v 9.55000782 11.3999996 18.0249977
v -9.55000782 11.3999996 18.0249977
v -9.55000782 11.5999985 18.0249977
v 3.95000744 14.6999989 17.5250015
v 3.95000744 11.5999985 17.5250015
v 3.95000744 11.5999985 8.87499905
v 3.95000744 14.6999989 8.87499905
v 1.95000744 14.6999989 8.87499905
v 1.95000744 11.5999985 8.87499905
v 1.95000744 11.5999985 1.625
v 1.95000744 14.1999989 1.625
v 6.65000772 14.6999989 12.124999
v 6.65000772 14.6999989 8.87499809
v 6.65000772 17.1999969 8.87499809
v 6.65000772 17.1999969 12.124999
v 17.350008 14.1999989 1.62499905
v 1.95000744 14.1999989 1.625
v 1.95000744 11.5999985 1.625
v 17.350008 11.5999985 1.62499905
v 6.65000772 14.6999989 8.87499809
v 9.35000706 14.6999989 8.87499809
v 9.35000706 17.1999969 8.87499809
v 6.65000772 17.1999969 8.87499809
v -24.275301 5.95075798 -11.9376526
v -25.6653156 5.77075672 -11.9376526
v -24.275301 5.77075768 -11.9376526
v -25.6653156 5.95075703 -11.9376526
v -24.275301 7.00076485 -11.9376526
v -28.2094402 4.14187241 -11.9376526
v -25.6653156 7.00076485 -11.9376526
v -28.2094402 4.32187271 -11.9376526
v -29.7994537 4.14187241 -11.9376526
v -28.2094421 5.37187386 -11.9376526
v -29.7994537 4.32187271 -11.9376526
v -29.7994537 5.37187386 -11.9376526
v -28.2094421 7.82186508 -11.9376526
v -29.7994537 7.64186382 -11.9376526
v -28.2094421 7.64186478 -11.9376526
v -29.7994537 7.82186413 -11.9376526
v -28.2094421 8.87187195 -11.9376526
v -29.7994537 8.87187195 -11.9376526
v -28.2094421 7.82186508 -10.6873627
v -25.6653156 7.00076485 -10.6873627
v -28.2094421 8.87187195 -10.6873627
v -26.4276581 6.51267195 -10.6873627
v -25.6653156 5.95075703 -10.6873627
v -28.2094421 5.37187386 -10.6873627
v -27.489315 4.78293467 -10.6873627
v -28.2094402 4.32187271 -10.6873627
v -25.6653118 3.30076814 -10.6873627
v -25.6653118 2.25076175 -10.6873627
v -24.275301 7.00076485 -11.9376526
v -24.2753048 5.95075703 -9.58414841
v -24.275301 7.0007658 -9.58414841
v -24.275301 5.95075798 -11.9376526
v -24.275301 5.77075768 -11.9376526
v -24.275301 5.77075768 -9.58414841
v -29.7994537 7.82186413 -11.9376526
v -29.7994537 8.87187195 -11.9376526
v -29.7994537 8.87187195 -9.58414841
v -29.7994537 7.82186508 -9.57936859
v -29.7994537 7.64186478 -9.58414841
v -29.7994537 7.64186382 -11.9376526
v 41.7035103 5.95075798 -6.04915524
v 41.7035103 5.77075768 -6.04915524
v 41.7035103 5.77075577 -4.65914059
v 41.7035103 5.95075607 -4.65914154
v 41.7035103 7.00076485 -6.04915619
v 41.7035103 4.14187241 -2.1150198
v 41.7035103 7.0007658 -4.65914059
v 41.7035103 4.32187271 -2.1150198
v 41.7035103 4.14187145 -0.525008202
v 41.7035103 5.37187386 -2.1150198
v 41.7035103 4.32187176 -0.525008202
v 41.7035103 5.3718729 -0.525008202
v -24.275301 2.25076199 -11.9376526
v -25.6653118 2.07076144 -11.9376526
v -24.275301 2.07076168 -11.9376526
v -25.6653118 2.25076175 -11.9376526
v -24.275301 3.30076814 -11.9376526
v -27.9311066 0.56712234 -11.9376526
v -25.6653118 3.30076814 -11.9376526
v -27.9311066 0.747122049 -11.9376526
v -27.9311066 1.79712892 -11.9376526
v -29.7994537 4.32187271 -11.9376526
v -29.7994537 5.37187386 -11.9376526
v -29.7994537 5.3718729 -9.57936859
v -29.7994537 4.32187176 -9.57936859
v -29.7994537 4.14187145 -9.57936859
v -29.7994537 4.14187241 -11.9376526
v -24.275301 2.07076168 -11.9376526
v -24.275301 2.07076168 -9.58414841
v -24.275301 2.25076199 -9.58414841
v -24.275301 2.25076199 -11.9376526
v -24.275301 3.30076814 -11.9376526
v -24.275301 3.30076861 -9.58414841
v -28.2094421 8.87187195 -11.9376526
v -28.2094421 7.82186508 -11.9376526
v -28.2094421 7.82186508 -10.6873627
v -28.2094421 8.87187195 -10.6873627
v 41.7035103 7.82186604 -2.1150198
v 41.7035103 7.64186573 -2.1150198
v 41.7035103 7.64186478 -0.525008202
v 41.7035103 7.82186508 -0.525008202
v 41.7035103 8.8718729 -2.1150198
v 41.7035103 8.87187195 -0.525008202
v 41.7035103 7.00076485 -6.04915619
v 39.3500023 7.00076485 -6.04915619
v 39.3500023 5.95075607 -6.04915619
v 41.7035103 5.95075798 -6.04915524
v 41.7035103 5.77075768 -6.04915524
v 39.3500023 5.77075672 -6.04915619
v 41.7035103 7.82186508 -0.525008202
v 39.3500023 8.87187195 -0.525008202
v 41.7035103 8.87187195 -0.525008202
v 39.3452263 7.82186508 -0.525008202
v 39.3500023 7.64186478 -0.525008202
v 41.7035103 7.64186478 -0.525008202
v 41.7035103 2.25076199 -6.04915428
v 41.7035103 2.07076168 -6.04915428
v 41.7035103 2.07076144 -4.65914726
v 41.7035103 2.25076175 -4.65914726
v 41.7035103 3.30076814 -6.04915428
v 41.7035103 0.567122221 -2.39335537
v 41.7035103 3.30076766 -4.65914726
v 41.7035103 0.747121811 -2.39335537
v 41.7035103 1.79712868 -2.39335442
v 41.7035103 4.32187176 -0.525008202
v 39.3452263 5.3718729 -0.525008202
v 41.7035103 5.3718729 -0.525008202
v 39.3452263 4.32187176 -0.525008202
v 39.3452263 4.14187145 -0.525008202
v 41.7035103 4.14187145 -0.525008202
v 41.7035103 2.07076168 -6.04915428
v 39.3500023 2.25076199 -6.04915428
v 39.3500023 2.07076168 -6.04915428
v 41.7035103 2.25076199 -6.04915428
v 41.7035103 3.30076814 -6.04915428
v 39.3500023 3.30076814 -6.04915428
v 41.7035103 8.8718729 -2.1150198
v 40.4532204 8.8718729 -2.1150198
v 40.4532204 7.82186604 -2.1150198
v 41.7035103 7.82186604 -2.1150198
v 9.35000706 11.5999985 8.87499809
v 9.35000706 11.5999985 17.5249996
v 9.35000706 14.6999989 17.5250015
v 9.35000706 14.6999989 12.124999
v 9.35000706 14.6999989 8.87499809
v 9.35000706 17.1999969 12.124999
v 9.35000706 17.1999969 8.87499809
v 17.350008 11.5999985 8.87499809
v 17.350008 14.6999989 8.87499809
v 17.350008 14.1999989 1.62499905
v 17.350008 11.5999985 1.62499905
v 18.0670471 11.6000004 9.07500267
v 39.5500031 11.5999985 -9.62499714
v 39.5500031 11.6000004 9.07500267
v 18.0670471 11.5999985 -9.62499809
v 17.350008 11.5999985 8.87499809
v 17.350008 11.5999985 1.62499905
v 1.95000744 11.5999985 1.625
v 9.35000706 11.5999985 8.87499809
v 9.55000782 11.6000004 9.07500172
v -0 11.5999985 -9.62499809
v 9.55000782 11.5999985 18.0249977
v 9.35000706 11.5999985 17.5249996
v 3.95000744 11.5999985 17.5250015
v 1.95000744 11.5999985 8.87499905
v 3.95000744 11.5999985 8.87499905
v -0 11.5999985 18.0249977
v -0 11.6000004 9.07500172
v -9.55000782 11.5999985 -9.62499809
v -9.55000782 11.6000004 9.07500172
v -9.55000782 11.5999985 18.0249977
v -9.55000782 11.6000004 9.07500172
v -39.5500031 11.6000004 9.07500267
v -39.5500031 11.5999985 -9.62499714
v -9.55000782 11.5999985 -9.62499809
v 6.65000772 14.6999989 12.124999
v 3.95000744 14.6999989 8.87499905
v 6.65000772 14.6999989 8.87499809
v 3.95000744 14.6999989 17.5250015
v 9.35000706 14.6999989 17.5250015
v 9.35000706 14.6999989 12.124999
v 9.35000706 14.6999989 8.87499809
v 17.350008 14.1999989 1.62499905
v 17.350008 14.6999989 8.87499809
v 1.95000744 14.1999989 1.625
v 6.65000772 14.6999989 8.87499809
v 3.95000744 14.6999989 8.87499905
v 1.95000744 14.6999989 8.87499905
v 9.35000706 17.1999969 12.124999
v 6.65000772 17.1999969 12.124999
v 6.65000772 17.1999969 8.87499809
v 9.35000706 17.1999969 8.87499809
v 9.35000706 11.5999985 8.87499809
v 9.35000706 14.6999989 8.87499809
v 17.350008 14.6999989 8.87499809
v 17.350008 11.5999985 8.87499809
v 3.95000744 14.6999989 8.87499905
v 3.95000744 11.5999985 8.87499905
v 1.95000744 11.5999985 8.87499905
v 1.95000744 14.6999989 8.87499905
v 9.35000706 14.6999989 17.5250015
v 9.35000706 11.5999985 17.5249996
v 3.95000744 11.5999985 17.5250015
v 3.95000744 14.6999989 17.5250015
v 9.35000706 14.6999989 12.124999
v 6.65000772 14.6999989 12.124999
v 6.65000772 17.1999969 12.124999
v 9.35000706 17.1999969 12.124999
v -24.2753048 5.95075703 -9.58414841
v -25.6653156 5.95075703 -9.58414841
v -25.6653156 5.95075703 -10.6873627
v -24.275301 5.95075798 -11.9376526
v -25.6653156 5.95075703 -11.9376526
v -28.2094421 7.82186508 -10.6873627
v -28.2094421 7.82186508 -9.57936859
v -29.7994537 7.82186508 -9.57936859
v -28.2094421 7.82186508 -11.9376526
v -29.7994537 7.82186413 -11.9376526
v -25.6653156 5.95075703 -10.6873627
v -25.6653156 5.95075703 -9.58414841
v -28.2094421 7.82186508 -9.57936859
v -28.2094421 7.82186508 -10.6873627
v -24.275301 2.25076199 -9.58414841
v -25.6653118 2.25076175 -9.58414841
v -25.6653118 2.25076175 -10.6873627
v -24.275301 2.25076199 -11.9376526
v -25.6653118 2.25076175 -11.9376526
v -28.2094402 4.32187271 -10.6873627
v -28.2094402 4.32187271 -9.57936859
v -29.7994537 4.32187176 -9.57936859
v -28.2094402 4.32187271 -11.9376526
v -29.7994537 4.32187271 -11.9376526
v -25.6653118 2.25076175 -10.6873627
v -25.6653118 2.25076175 -9.58414841
v -28.2094402 4.32187271 -9.57936859
v -28.2094402 4.32187271 -10.6873627
v -28.2094402 4.32187271 -10.6873627
v -28.2094402 4.32187271 -11.9376526
v -25.6653156 5.95075703 -11.9376526
v -25.6653156 5.95075703 -10.6873627
v -25.6653118 2.25076175 -10.6873627
v -27.9311066 0.747122049 -10.6873627
v -27.9311066 0.747122049 -11.9376526
v -25.6653118 2.25076175 -11.9376526
v 39.3500023 5.95075607 -6.04915619
v 40.4532204 5.95075607 -4.65914154
v 39.3500023 5.95075607 -4.65914154
v 41.7035103 5.95075798 -6.04915524
v 41.7035103 5.95075607 -4.65914154
v 40.4532204 7.82186604 -2.1150198
v 39.3452263 7.82186508 -0.525008202
v 39.3452263 7.82186413 -2.1150198
v 41.7035103 7.82186604 -2.1150198
v 41.7035103 7.82186508 -0.525008202
v 40.4532204 5.95075607 -4.65914154
v 40.4532204 7.82186604 -2.1150198
v 39.3452263 7.82186413 -2.1150198
v 39.3500023 5.95075607 -4.65914154
v 39.3500023 2.25076199 -6.04915428
v 40.4532204 2.25076175 -4.65914726
v 39.3500023 2.25076175 -4.65914822
v 41.7035103 2.25076199 -6.04915428
v 41.7035103 2.25076175 -4.65914726
v 40.4532204 4.32187271 -2.1150198
v 39.3452263 4.32187176 -0.525008202
v 39.3452263 4.32187271 -2.1150198
v 41.7035103 4.32187271 -2.1150198
v 41.7035103 4.32187176 -0.525008202
v 40.4532204 2.25076175 -4.65914726
v 40.4532204 4.32187271 -2.1150198
v 39.3452263 4.32187271 -2.1150198
v 39.3500023 2.25076175 -4.65914822
v 40.4532204 4.32187271 -2.1150198
v 40.4532204 5.95075607 -4.65914154
v 41.7035103 5.95075607 -4.65914154
v 41.7035103 4.32187271 -2.1150198
v 40.4532204 2.25076175 -4.65914726
v 41.7035103 2.25076175 -4.65914726
v 41.7035103 0.747121811 -2.39335537
v 40.4532204 0.747121811 -2.39335537
v 40.4532204 7.82186604 -2.1150198
v 40.4532204 8.8718729 -2.1150198
v 40.4532204 7.00076389 -4.65914059
v 40.4532204 6.51237726 -3.89551306
v 40.4532204 5.95075607 -4.65914154
v 40.4532204 5.37187386 -2.1150198
v 40.4532204 4.78418303 -2.83709311
v 40.4532204 4.32187271 -2.1150198
v 40.4532204 3.30076718 -4.65914726
v 40.4532204 2.25076175 -4.65914726
v -39.4499969 0 8.97499943
v -39.4499969 0 -9.52500057
v -39.4499969 0.600000739 -9.52500057
v -39.4499969 0.600000739 8.97499943
v -39.4500046 11.3999996 -9.02499771
v -39.4500046 0.600000858 -9.02500057
v -39.4500046 11.3999996 -9.52499771
v -39.4500046 11.3999996 8.97500229
v -39.4500046 0.600000858 8.47499943
v -39.4500046 11.3999996 8.47500229
v -39.3500061 0.600001037 -9.42500019
v -39.3500061 0.600000799 8.87499809
v -39.4499969 0.600000739 8.97499943
v -39.4499969 0.600000739 -9.52500057
v -9.45000458 0 17.9250031
v -9.45000458 0 8.97499943
v -9.45000458 0.600000739 8.97499943
v -9.45000458 0.600000739 17.9250031
v -9.45000744 11.3999996 17.9250031
v -9.45000458 0.600001335 17.4250069
v -9.45000744 11.4000034 17.4250069
v -9.24999619 0.600000858 8.87499809
v -9.24999619 0.600000858 17.8250046
v -9.45000458 0.600000739 17.9250031
v -9.45000458 0.600000739 8.97499943
v -39.4499969 0 -9.52500057
v 39.4499969 0 -9.52500057
v 39.4500046 0.600000858 -9.52500057
v -39.4499969 0.600000739 -9.52500057
v 39.4500046 11.3999996 -9.52499771
v 38.75 0.600000858 -9.52500057
v 38.75 11.3999996 -9.52499771
v -39.4500046 11.3999996 -9.52499771
v -38.75 0.600000858 -9.52500057
v -38.75 11.3999996 -9.52499771
v 39.4499969 0 8.97499943
v 39.4500046 0.600000858 -9.52500057
v 39.4499969 0 -9.52500057
v 39.4499969 0.600000739 8.97499943
v 39.4500046 11.3999996 8.97500229
v 39.4500046 0.600000858 8.47499943
v 39.4500046 11.3999996 8.47500229
v 39.4500046 11.3999996 -9.02499771
v 39.4500046 11.3999996 -9.52499771
v 39.4500046 0.600000858 -9.02500057
v 39.3500061 0.600001037 -9.42500019
v 39.4500046 0.600000858 -9.52500057
v 39.4499969 0.600000739 8.97499943
v 39.3500061 0.600000799 8.87499809
v 9.45000458 0 17.9250031
v 9.45000458 0.600000739 8.97499943
v 9.45000458 0 8.97499943
v 9.45000458 0.600000739 17.9250031
v 9.45000744 11.3999996 17.9250031
v 9.45000458 0.600001335 17.4250069
v 9.45000744 11.4000034 17.4250069
v 9.24999619 0.600000858 8.87499809
v 9.45000458 0.600000739 8.97499943
v 9.45000458 0.600000739 17.9250031
v 9.24999619 0.600000858 17.8250046
v -9.45000458 0 8.97499943
v -39.4499969 0 8.97499943
v -39.4499969 0.600000739 8.97499943
v -9.45000458 0.600000739 8.97499943
v -38.75 11.3999958 8.97500229
v -38.75 0.600000858 8.97499943
v -39.4500046 11.3999996 8.97500229
v -39.3500061 0.600000799 8.87499809
v -9.24999619 0.600000858 8.87499809
v -9.45000458 0.600000739 8.97499943
v -39.4499969 0.600000739 8.97499943
v 9.45000458 0 8.97499943
v 9.45000458 0.600000739 8.97499943
v 39.4499969 0.600000739 8.97499943
v 39.4499969 0 8.97499943
v 38.75 11.3999958 8.97500229
v 39.4500046 11.3999996 8.97500229
v 38.75 0.600000858 8.97499943
v 39.3500061 0.600000799 8.87499809
v 39.4499969 0.600000739 8.97499943
v 9.45000458 0.600000739 8.97499943
v 9.24999619 0.600000858 8.87499809
v -9.24999619 0.600000858 17.8250046
v 9.24999619 0.600000858 17.8250046
v 9.45000458 0.600000739 17.9250031
v -9.45000458 0.600000739 17.9250031
v -9.45000458 0.600000739 17.9250031
v 9.45000458 0 17.9250031
v -9.45000458 0 17.9250031
v 9.45000458 0.600000739 17.9250031
v -8.75000763 11.3999996 17.9250031
v -8.75000381 0.600001335 17.9250031
v -9.45000744 11.3999996 17.9250031
v 8.75000763 11.3999996 17.9250031
v 9.45000744 11.3999996 17.9250031
v 8.75000381 0.600001335 17.9250031
v -39.4499969 0.600000739 -9.52500057
v 39.4500046 0.600000858 -9.52500057
v 39.3500061 0.600001037 -9.42500019
v -39.3500061 0.600001037 -9.42500019
v 2.75001478 0.600001812 17.8250084
v 0.250006974 0.600001812 17.8250084
v 0.252525121 11.4000034 17.8250046
v 2.75001478 11.4000015 17.8250046
v -2.75001478 11.4000015 17.8250046
v -0.252525121 11.4000034 17.8250046
v -0.252525121 10.8999996 17.8250046
v -2.75001478 0.600001812 17.8250084
v -0.250006974 0.600001812 17.8250084
v -39.3500061 11.3999958 -9.02499771
v -39.3500061 0.600001037 -9.02499962
v -39.4500046 0.600000858 -9.02500057
v -39.4500046 11.3999996 -9.02499771
v -39.4500046 11.3999996 -6.02499771
v -39.4500046 0.600000858 -6.02500057
v -39.4500046 0.600000858 -6.52500057
v -39.4500046 11.3999996 -6.52499771
v -39.4500046 11.3999996 -6.52499771
v -39.4500046 0.600000858 -6.52500057
v -39.3500061 0.600000858 -6.52500057
v -39.3500061 11.3999996 -6.52500343
v -39.3500061 11.3999996 -6.02499914
v -39.3500061 0.600000858 -6.02500057
v -39.4500046 0.600000858 -6.02500057
v -39.4500046 11.3999996 -6.02499771
v -39.4500046 11.3999996 -3.02499771
v -39.4500046 0.600000858 -3.02500057
v -39.4500046 0.600000858 -3.52500057
v -39.4500046 11.3999996 -3.52499771
v -39.4500046 11.3999996 -3.52499771
v -39.4500046 0.600000858 -3.52500057
v -39.3500061 0.600000858 -3.52500057
v -39.3500061 11.3999996 -3.52499771
v -39.3500061 11.3999958 -3.02499771
v -39.3500061 0.600001037 -3.02499914
v -39.4500046 0.600000858 -3.02500057
v -39.4500046 11.3999996 -3.02499771
v -39.4500046 11.3999996 -0.0249977112
v -39.4500046 0.600000858 -0.0250005722
v -39.4500046 0.600000858 -0.525000572
v -39.4500046 11.3999996 -0.524997711
v -39.4500046 11.3999996 -0.524997711
v -39.4500046 0.600000858 -0.525000572
v -39.3500061 0.600000858 -0.525000572
v -39.3500061 11.3999996 -0.525003433
v -39.3500061 11.3999958 -0.0249977112
v -39.3500061 0.600001037 -0.0249991491
v -39.4500046 0.600000858 -0.0250005722
v -39.4500046 11.3999996 -0.0249977112
v -39.4500046 11.3999996 2.97500229
v -39.4500046 0.600000858 2.97499943
v -39.4500046 0.600000858 2.47499943
v -39.4500046 11.3999996 2.47500229
v -39.4500046 11.3999996 2.47500229
v -39.4500046 0.600000858 2.47499943
v -39.3500061 0.600000799 2.47499657
v -39.3500061 11.3999996 2.47499657
v -39.3500061 11.3999958 2.97500229
v -39.3500061 0.600000858 2.97499943
v -39.4500046 0.600000858 2.97499943
v -39.4500046 11.3999996 2.97500229
v -39.4500046 11.3999996 5.97500229
v -39.4500046 0.600000858 5.97499943
v -39.4500046 0.600000858 5.47499943
v -39.4500046 11.3999996 5.47500229
v -39.4500046 11.3999996 5.47500229
v -39.4500046 0.600000858 5.47499943
v -39.3500061 0.600000799 5.47499657
v -39.3500061 11.3999996 5.47500229
v -39.3500061 11.3999958 5.97500229
v -39.3500061 0.600001037 5.97500086
v -39.4500046 0.600000858 5.97499943
v -39.4500046 11.3999996 5.97500229
v -39.4500046 11.3999996 8.47500229
v -39.4500046 0.600000858 8.47499943
v -39.3500061 0.600000799 8.47499657
v -39.3500061 11.3999996 8.47500229
v -9.45000648 11.3999996 11.4749994
v -9.45000458 0.600001335 11.4749994
v -9.45000458 0.600001335 10.9750032
v -9.45000648 11.4000034 10.9750032
v -9.45000648 11.4000034 10.9750032
v -9.45000458 0.600001335 10.9750032
v -9.24999619 0.600000858 10.9750032
v -9.24999619 11.3999996 10.9750032
v -9.24999619 11.3999996 11.4749994
v -9.24999237 0.600001335 11.4749994
v -9.45000458 0.600001335 11.4749994
v -9.45000648 11.3999996 11.4749994
v -9.45000648 11.4000034 14.925005
v -9.45000458 0.600001335 14.925005
v -9.24999619 0.600000858 14.925005
v -9.24999619 11.3999996 14.925005
v -9.24999619 11.3999996 15.4250011
v -9.24999619 0.600000858 15.4250011
v -9.45000458 0.600001335 15.4250011
v -9.45000648 11.3999996 15.4250011
v -9.45000648 11.3999996 15.4250011
v -9.45000458 0.600001335 15.4250011
v -9.45000458 0.600001335 14.925005
v -9.45000648 11.4000034 14.925005
v -9.45000744 11.4000034 17.4250069
v -9.45000458 0.600001335 17.4250069
v -9.24999619 0.600000858 17.4250069
v -9.24999619 11.3999996 17.4250069
v 38.75 11.3999996 -9.52499771
v 38.75 11.3999958 -9.42499924
v 38.75 0.600000799 -9.42500019
v 38.75 0.600000858 -9.52500057
v -38.75 11.3999996 -9.52499771
v -38.75 0.600000858 -9.52500057
v -38.75 0.600001037 -9.42499828
v -38.75 11.3999958 -9.42499828
v 36.25 11.3999996 -9.42499828
v 36.2500038 11.3999958 -9.5250082
v 36.2500038 0.600000739 -9.52501106
v 36.25 0.600001037 -9.42499828
v 36.2500038 11.3999958 -9.5250082
v 35.7500038 11.3999958 -9.5250082
v 35.7500038 0.600000739 -9.52501106
v 36.2500038 0.600000739 -9.52501106
v 35.7500038 11.3999958 -9.5250082
v 35.75 11.3999996 -9.42499924
v 35.75 0.600000799 -9.42500019
v 35.7500038 0.600000739 -9.52501106
v 33.25 11.3999996 -9.42499828
v 33.2500038 11.3999958 -9.52500725
v 33.2500038 0.600000739 -9.52501011
v 33.25 0.600001037 -9.42499828
v 33.2500038 11.3999958 -9.52500725
v 32.7500038 11.3999958 -9.52500725
v 32.7500038 0.600000739 -9.52501011
v 33.2500038 0.600000739 -9.52501011
v 32.7500038 11.3999958 -9.52500725
v 32.75 11.3999996 -9.42499924
v 32.75 0.600000799 -9.42500019
v 32.7500038 0.600000739 -9.52501011
v 30.2499981 11.3999996 -9.42499828
v 30.2500038 11.3999958 -9.52500629
v 30.2500038 0.600000739 -9.52500916
v 30.2499981 0.600001037 -9.42499828
v 30.2500038 11.3999958 -9.52500629
v 29.7500038 11.3999958 -9.52500629
v 29.7500038 0.600000739 -9.52500916
v 30.2500038 0.600000739 -9.52500916
v 29.7500038 11.3999958 -9.52500629
v 29.7499981 11.3999996 -9.42499924
v 29.7499981 0.600000799 -9.42500019
v 29.7500038 0.600000739 -9.52500916
v 27.2499981 11.3999996 -9.42499828
v 27.2500038 11.3999958 -9.52500534
v 27.2500038 0.600000739 -9.5250082
v 27.2499981 0.600001037 -9.42499828
v 27.2500038 11.3999958 -9.52500534
v 26.7500038 11.3999958 -9.52500534
v 26.7500038 0.600000739 -9.5250082
v 27.2500038 0.600000739 -9.5250082
v 26.7500038 11.3999958 -9.52500534
v 26.7499981 11.3999996 -9.42499924
v 26.7499981 0.600000799 -9.42500019
v 26.7500038 0.600000739 -9.5250082
v 24.2499981 11.3999996 -9.42499828
v 24.2500038 11.3999958 -9.52500439
v 24.2500038 0.600000739 -9.52500725
v 24.2499981 0.600001037 -9.42499828
v 24.2500038 11.3999958 -9.52500439
v 23.7500038 11.3999958 -9.52500439
v 23.7500038 0.600000739 -9.52500725
v 24.2500038 0.600000739 -9.52500725
v 23.7500038 11.3999958 -9.52500439
v 23.7499981 11.3999996 -9.42499924
v 23.7499981 0.600000799 -9.42500019
v 23.7500038 0.600000739 -9.52500725
v 21.2499981 11.3999996 -9.42499828
v 21.2500038 11.3999958 -9.52500343
v 21.2500038 0.600000739 -9.52500629
v 21.2499981 0.600001037 -9.42499828
v 21.2500038 11.3999958 -9.52500343
v 20.7500038 11.3999958 -9.52500343
v 20.7500038 0.600000739 -9.52500629
v 21.2500038 0.600000739 -9.52500629
v 20.7500038 11.3999958 -9.52500343
v 20.7499981 11.3999996 -9.42499924
v 20.7499981 0.600000799 -9.42500019
v 20.7500038 0.600000739 -9.52500629
v 18.2499981 11.3999996 -9.42499828
v 18.2500038 11.3999958 -9.52500248
v 18.2500038 0.600000739 -9.52500534
v 18.2499981 0.600001037 -9.42499828
v 18.2500038 11.3999958 -9.52500248
v 17.7500038 11.3999958 -9.52500248
v 17.7500038 0.600000739 -9.52500534
v 18.2500038 0.600000739 -9.52500534
v 17.7500038 11.3999958 -9.52500248
v 17.7499981 11.3999996 -9.42499924
v 17.7499981 0.600000799 -9.42500019
v 17.7500038 0.600000739 -9.52500534
v 15.2499981 11.3999996 -9.42499828
v 15.2500048 11.3999958 -9.52500153
v 15.2500048 0.600000739 -9.52500439
v 15.2499981 0.600001037 -9.42499828
v 15.2500048 11.3999958 -9.52500153
v 14.7500048 11.3999958 -9.52500153
v 14.7500048 0.600000739 -9.52500439
v 15.2500048 0.600000739 -9.52500439
v 14.7500048 11.3999958 -9.52500153
v 14.7499981 11.3999996 -9.42499924
v 14.7499981 0.600000799 -9.42500019
v 14.7500048 0.600000739 -9.52500439
v 12.2499981 11.3999996 -9.42499828
v 12.2500048 11.3999958 -9.52500057
v 12.2500048 0.600000739 -9.52500343
v 12.2499981 0.600001037 -9.42499828
v 12.2500048 11.3999958 -9.52500057
v 11.7500048 11.3999958 -9.52500057
v 11.7500048 0.600000739 -9.52500343
v 12.2500048 0.600000739 -9.52500343
v 11.7500048 11.3999958 -9.52500057
v 11.7499981 11.3999996 -9.42499924
v 11.7499981 0.600000799 -9.42500019
v 11.7500048 0.600000739 -9.52500343
v 9.24999809 11.3999996 -9.42499828
v 9.25000477 11.3999958 -9.52499962
v 9.25000477 0.600000739 -9.52500248
v 9.24999809 0.600001037 -9.42499828
v 9.25000477 11.3999958 -9.52499962
v 8.75000477 11.3999958 -9.52499962
v 8.75000477 0.600000739 -9.52500248
v 9.25000477 0.600000739 -9.52500248
v 8.75000477 11.3999958 -9.52499962
v 8.75000477 11.3999958 -9.42501259
v 8.74999809 0.600000799 -9.42500019
v 8.75000477 0.600000739 -9.52500248
v 6.24999809 11.3999996 -9.42499828
v 6.25000477 11.3999958 -9.52499866
v 6.25000477 0.600000739 -9.52500153
v 6.24999809 0.600001037 -9.42499828
v 6.25000477 11.3999958 -9.52499866
v 5.75000477 11.3999958 -9.52499866
v 5.75000477 0.600000739 -9.52500153
v 6.25000477 0.600000739 -9.52500153
v 5.75000477 11.3999958 -9.52499866
v 5.75000477 11.3999958 -9.42501163
v 5.74999809 0.600000799 -9.42500019
v 5.75000477 0.600000739 -9.52500153
v 3.24999809 11.3999996 -9.42499828
v 3.25000453 11.3999958 -9.52499771
v 3.25000453 0.600000739 -9.52500057
v 3.24999809 0.600001037 -9.42499828
v 3.25000453 11.3999958 -9.52499771
v 2.75000453 11.3999958 -9.52499771
v 2.75000453 0.600000739 -9.52500057
v 3.25000453 0.600000739 -9.52500057
v 2.75000453 11.3999958 -9.52499771
v 2.74999809 11.3999996 -9.42499924
v 2.74999809 0.600000799 -9.42500019
v 2.75000453 0.600000739 -9.52500057
v 0.249998152 11.3999996 -9.42499828
v 0.250004619 11.3999958 -9.52499676
v 0.250004619 0.600000739 -9.52499962
v 0.250004858 0.600000978 -9.42501259
v 0.250004619 11.3999958 -9.52499676
v -0.249995381 11.3999958 -9.52499676
v -0.249995381 0.600000739 -9.52499962
v 0.250004619 0.600000739 -9.52499962
v -0.249995381 11.3999958 -9.52499676
v -0.250001848 11.3999996 -9.42499924
v -0.250001848 0.600000799 -9.42500019
v -0.249995381 0.600000739 -9.52499962
v -2.75000191 11.3999996 -9.42499828
v -2.74999547 11.3999958 -9.5249958
v -2.74999547 0.600000739 -9.52499866
v -2.75000191 0.600001037 -9.42499828
v -2.74999547 11.3999958 -9.5249958
v -3.24999547 11.3999958 -9.5249958
v -3.24999547 0.600000739 -9.52499866
v -2.74999547 0.600000739 -9.52499866
v -3.24999547 11.3999958 -9.5249958
v -3.25000191 11.3999996 -9.42499924
v -3.25000191 0.600000799 -9.42500019
v -3.24999547 0.600000739 -9.52499866
v -5.75000191 11.3999996 -9.42499828
v -5.74999523 11.3999958 -9.52499485
v -5.74999523 0.600000739 -9.52499771
v -5.75000191 0.600001037 -9.42499828
v -5.74999523 11.3999958 -9.52499485
v -6.24999523 11.3999958 -9.52499485
v -6.24999523 0.600000739 -9.52499771
v -5.74999523 0.600000739 -9.52499771
v -6.24999523 11.3999958 -9.52499485
v -6.25000191 11.3999996 -9.42499924
v -6.25000191 0.600000799 -9.42500019
v -6.24999523 0.600000739 -9.52499771
v -8.75000191 11.3999996 -9.42499828
v -8.74999523 11.3999958 -9.5249939
v -8.74999523 0.600000739 -9.52499676
v -8.75000191 0.600001037 -9.42499828
v -8.74999523 11.3999958 -9.5249939
v -9.24999523 11.3999958 -9.5249939
v -9.24999523 0.600000739 -9.52499676
v -8.74999523 0.600000739 -9.52499676
v -9.24999523 11.3999958 -9.5249939
v -9.25000191 11.3999996 -9.42499924
v -9.25000191 0.600000799 -9.42500019
v -9.24999523 0.600000739 -9.52499676
v -11.7500019 11.3999996 -9.42499828
v -11.7499952 11.3999958 -9.52499294
v -11.7499952 0.600000739 -9.5249958
v -11.7500019 0.600001037 -9.42499828
v -11.7499952 11.3999958 -9.52499294
v -12.2499952 11.3999958 -9.52499294
v -12.2499952 0.600000739 -9.5249958
v -11.7499952 0.600000739 -9.5249958
v -12.2499952 11.3999958 -9.52499294
v -12.2499952 11.3999958 -9.42500591
v -12.2500019 0.600000799 -9.42500019
v -12.2499952 0.600000739 -9.5249958
v -14.7500019 11.3999996 -9.42499828
v -14.7499952 11.3999958 -9.52499199
v -14.7499952 0.600000739 -9.52499485
v -14.7500019 0.600001037 -9.42499828
v -14.7499952 11.3999958 -9.52499199
v -15.2499952 11.3999958 -9.52499199
v -15.2499952 0.600000739 -9.52499485
v -14.7499952 0.600000739 -9.52499485
v -15.2499952 11.3999958 -9.52499199
v -15.2500019 11.3999996 -9.42499924
v -15.2500019 0.600000799 -9.42500019
v -15.2499952 0.600000739 -9.52499485
v -17.7500019 11.3999996 -9.42499828
v -17.7499962 11.3999958 -9.52499104
v -17.7499962 0.600000739 -9.5249939
v -17.7500019 0.600001037 -9.42499828
v -17.7499962 11.3999958 -9.52499104
v -18.2499962 11.3999958 -9.52499104
v -18.2499962 0.600000739 -9.5249939
v -17.7499962 0.600000739 -9.5249939
v -18.2499962 11.3999958 -9.52499104
v -18.2500019 11.3999996 -9.42499924
v -18.2500019 0.600000799 -9.42500019
v -18.2499962 0.600000739 -9.5249939
v -20.7500019 11.3999996 -9.42499828
v -20.7499962 11.3999958 -9.52499008
v -20.7499962 0.600000739 -9.52499294
v -20.7500019 0.600001037 -9.42499828
v -20.7499962 11.3999958 -9.52499008
v -21.2499962 11.3999958 -9.52499008
v -21.2499962 0.600000739 -9.52499294
v -20.7499962 0.600000739 -9.52499294
v -21.2499962 11.3999958 -9.52499008
v -21.2500019 11.3999996 -9.42499924
v -21.2500019 0.600000799 -9.42500019
v -21.2499962 0.600000739 -9.52499294
v -23.7500019 11.3999996 -9.42499828
v -23.7499962 11.3999958 -9.52498913
v -23.7499962 0.600000739 -9.52499199
v -23.7500019 0.600001037 -9.42499828
v -23.7499962 11.3999958 -9.52498913
v -24.2499962 11.3999958 -9.52498913
v -24.2499962 0.600000739 -9.52499199
v -23.7499962 0.600000739 -9.52499199
v -24.2499962 11.3999958 -9.52498913
v -24.2500019 11.3999996 -9.42499924
v -24.2500019 0.600000799 -9.42500019
v -24.2499962 0.600000739 -9.52499199
v -26.7500019 11.3999996 -9.42499828
v -26.7499962 11.3999958 -9.52498817
v -26.7499962 0.600000739 -9.52499104
v -26.7500019 0.600001037 -9.42499828
v -26.7499962 11.3999958 -9.52498817
v -27.2499962 11.3999958 -9.52498817
v -27.2499962 0.600000739 -9.52499104
v -26.7499962 0.600000739 -9.52499104
v -27.2499962 11.3999958 -9.52498817
v -27.2499962 11.3999958 -9.42500114
v -27.2500019 0.600000799 -9.42500019
v -27.2499962 0.600000739 -9.52499104
v -29.7500019 11.3999996 -9.42499828
v -29.7499962 11.3999958 -9.52498722
v -29.7499962 0.600000739 -9.52499008
v -29.7500019 0.600001037 -9.42499828
v -29.7499962 11.3999958 -9.52498722
v -30.2499962 11.3999958 -9.52498722
v -30.2499962 0.600000739 -9.52499008
v -29.7499962 0.600000739 -9.52499008
v -30.2499962 11.3999958 -9.52498722
v -30.2500019 11.3999996 -9.42499924
v -30.2500019 0.600000799 -9.42500019
v -30.2499962 0.600000739 -9.52499008
v -32.75 11.3999996 -9.42499828
v -32.7499962 11.3999958 -9.52498627
v -32.7499962 0.600000739 -9.52498913
v -32.75 0.600001037 -9.42499828
v -32.7499962 11.3999958 -9.52498627
v -33.2499962 11.3999958 -9.52498627
v -33.2499962 0.600000739 -9.52498913
v -32.7499962 0.600000739 -9.52498913
v -33.2499962 11.3999958 -9.52498627
v -33.2499962 11.3999958 -9.42499924
v -33.25 0.600000799 -9.42500019
v -33.2499962 0.600000739 -9.52498913
v -35.7499962 11.3999996 -9.42499828
v -35.7499962 11.3999958 -9.52498531
v -35.7499962 0.600000739 -9.52498817
v -35.75 0.600001037 -9.42499828
v -35.7499962 11.3999958 -9.52498531
v -36.2499962 11.3999958 -9.52498531
v -36.2499962 0.600000739 -9.52498817
v -35.7499962 0.600000739 -9.52498817
v -36.2499962 11.3999958 -9.52498531
v -36.2499962 11.3999958 -9.42499828
v -36.25 0.600000799 -9.42500019
v -36.2499962 0.600000739 -9.52498817
v 39.3500061 11.3999958 -9.02499771
v 39.4500046 11.3999996 -9.02499771
v 39.4500046 0.600000858 -9.02500057
v 39.3500061 0.600001037 -9.02499962
v 39.4500046 11.3999996 -6.02499771
v 39.4500046 11.3999996 -6.52499771
v 39.4500046 0.600000858 -6.52500057
v 39.4500046 0.600000858 -6.02500057
v 39.4500046 11.3999996 -6.52499771
v 39.3500061 11.3999996 -6.52500439
v 39.3500061 0.600000799 -6.52500439
v 39.4500046 0.600000858 -6.52500057
v 39.3500061 11.3999996 -6.0250001
v 39.4500046 11.3999996 -6.02499771
v 39.4500046 0.600000858 -6.02500057
v 39.3500061 0.600001037 -6.0250001
v 39.4500046 11.3999996 -3.02499771
v 39.4500046 11.3999996 -3.52499771
v 39.4500046 0.600000858 -3.52500057
v 39.4500046 0.600000858 -3.02500057
v 39.4500046 11.3999996 -3.52499771
v 39.3500061 11.3999996 -3.52499771
v 39.3500061 0.600000799 -3.52500439
v 39.4500046 0.600000858 -3.52500057
v 39.3500061 11.3999958 -3.02499771
v 39.4500046 11.3999996 -3.02499771
v 39.4500046 0.600000858 -3.02500057
v 39.3500061 0.600001037 -3.0250001
v 39.4500046 11.3999996 -0.0249977112
v 39.4500046 11.3999996 -0.524997711
v 39.4500046 0.600000858 -0.525000572
v 39.4500046 0.600000858 -0.0250005722
v 39.4500046 11.3999996 -0.524997711
v 39.3500061 11.3999996 -0.524997711
v 39.3500061 0.600000799 -0.525004387
v 39.4500046 0.600000858 -0.525000572
v 39.3500061 11.3999958 -0.0249977112
v 39.4500046 11.3999996 -0.0249977112
v 39.4500046 0.600000858 -0.0250005722
v 39.3500061 0.600001037 -0.0250000879
v 39.4500046 11.3999996 2.97500229
v 39.4500046 11.3999996 2.47500229
v 39.4500046 0.600000858 2.47499943
v 39.4500046 0.600000858 2.97499943
v 39.4500046 11.3999996 2.47500229
v 39.3500061 11.3999996 2.47500229
v 39.3500061 0.600000858 2.47499943
v 39.4500046 0.600000858 2.47499943
v 39.3500061 11.3999996 2.9749999
v 39.4500046 11.3999996 2.97500229
v 39.4500046 0.600000858 2.97499943
v 39.3500061 0.600000858 2.97499943
v 39.4500046 11.3999996 5.97500229
v 39.4500046 11.3999996 5.47500229
v 39.4500046 0.600000858 5.47499943
v 39.4500046 0.600000858 5.97499943
v 39.4500046 11.3999996 5.47500229
v 39.3500061 11.3999996 5.47499561
v 39.3500061 0.600000858 5.47499943
v 39.4500046 0.600000858 5.47499943
v 39.3500061 11.3999996 5.9749999
v 39.4500046 11.3999996 5.97500229
v 39.4500046 0.600000858 5.97499943
v 39.3500061 0.600001037 5.9749999
v 39.4500046 11.3999996 8.47500229
v 39.3500061 11.3999996 8.47500229
v 39.3500061 0.600000858 8.47499943
v 39.4500046 0.600000858 8.47499943
v 9.45000648 11.4000034 10.9750032
v 9.24999619 11.3999996 10.9750032
v 9.24999237 0.600001335 10.9750032
v 9.45000458 0.600001335 10.9750032
v 9.45000648 11.4000034 14.925005
v 9.24999619 11.3999996 14.925005
v 9.24999237 0.600001335 14.925005
v 9.45000458 0.600001335 14.925005
v 9.45000744 11.4000034 17.4250069
v 9.24999619 11.3999996 17.4250069
v 9.24999237 0.600001335 17.4250069
v 9.45000458 0.600001335 17.4250069
v 9.45000648 11.3999996 11.4749994
v 9.45000648 11.4000034 10.9750032
v 9.45000458 0.600001335 10.9750032
v 9.45000458 0.600001335 11.4749994
v 9.24999619 11.3999996 11.4749994
v 9.45000648 11.3999996 11.4749994
v 9.45000458 0.600001335 11.4749994
v 9.24999237 0.600001335 11.4749994
v 9.24999619 11.3999996 15.4250011
v 9.45000648 11.3999996 15.4250011
v 9.45000458 0.600001335 15.4250011
v 9.24999428 0.600001097 15.4250011
v 9.45000648 11.3999996 15.4250011
v 9.45000648 11.4000034 14.925005
v 9.45000458 0.600001335 14.925005
v 9.45000458 0.600001335 15.4250011
v -38.7499962 11.3999996 8.87499809
v -38.7499962 0.600000799 8.87499905
v -38.75 0.600000858 8.97499943
v -38.75 11.3999958 8.97500229
v -11.7499962 11.3999996 8.87499809
v -11.7499962 0.600000799 8.87499905
v -11.7499895 0.600000739 8.97500229
v -11.7499895 11.3999958 8.97499943
v -11.7499895 11.3999958 8.97499943
v -11.7499895 0.600000739 8.97500229
v -12.2499895 0.600000739 8.97500229
v -12.2499895 11.3999958 8.97499943
v -12.2499895 11.3999958 8.97499943
v -12.2499895 0.600000739 8.97500229
v -12.2499962 0.600001037 8.87499809
v -12.2499962 11.3999996 8.87499809
v -14.7499962 11.3999996 8.87499809
v -14.7499962 0.600000799 8.87499905
v -14.7499895 0.600000739 8.97500324
v -14.7499895 11.3999958 8.97500038
v -14.7499895 11.3999958 8.97500038
v -14.7499895 0.600000739 8.97500324
v -15.2499895 0.600000739 8.97500324
v -15.2499895 11.3999958 8.97500038
v -15.2499895 11.3999958 8.97500038
v -15.2499895 0.600000739 8.97500324
v -15.2499962 0.600001037 8.87499809
v -15.2499962 11.3999996 8.87499809
v -17.7499962 11.3999996 8.87499809
v -17.7499962 0.600000799 8.87499905
v -17.7499886 0.600000739 8.9750042
v -17.7499886 11.3999958 8.97500134
v -17.7499886 11.3999958 8.97500134
v -17.7499886 0.600000739 8.9750042
v -18.2499886 0.600000739 8.9750042
v -18.2499886 11.3999958 8.97500134
v -18.2499886 11.3999958 8.97500134
v -18.2499886 0.600000739 8.9750042
v -18.2499962 0.600001037 8.87499809
v -18.2499962 11.3999996 8.87499809
v -20.7499962 11.3999996 8.87499809
v -20.7499962 0.600000799 8.87499905
v -20.7499886 0.600000739 8.97500515
v -20.7499886 11.3999958 8.97500229
v -20.7499886 11.3999958 8.97500229
v -20.7499886 0.600000739 8.97500515
v -21.2499886 0.600000739 8.97500515
v -21.2499886 11.3999958 8.97500229
v -21.2499886 11.3999958 8.97500229
v -21.2499886 0.600000739 8.97500515
v -21.2499962 0.600001037 8.87499809
v -21.2499962 11.3999996 8.87499809
v -23.7499962 11.3999996 8.87499809
v -23.7499962 0.600000799 8.87499905
v -23.7499886 0.600000739 8.9750061
v -23.7499886 11.3999958 8.97500324
v -23.7499886 11.3999958 8.97500324
v -23.7499886 0.600000739 8.9750061
v -24.2499886 0.600000739 8.9750061
v -24.2499886 11.3999958 8.97500324
v -24.2499886 11.3999958 8.97500324
v -24.2499886 0.600000739 8.9750061
v -24.2499886 0.600000978 8.87499809
v -24.2499962 11.3999996 8.87499809
v -26.7499962 11.3999996 8.87499809
v -26.7499962 0.600000799 8.87499905
v -26.7499886 0.600000739 8.97500706
v -26.7499886 11.3999958 8.9750042
v -26.7499886 11.3999958 8.9750042
v -26.7499886 0.600000739 8.97500706
v -27.2499886 0.600000739 8.97500706
v -27.2499886 11.3999958 8.9750042
v -27.2499886 11.3999958 8.9750042
v -27.2499886 0.600000739 8.97500706
v -27.2499886 0.600000978 8.87499905
v -27.2499962 11.3999996 8.87499809
v -29.7499962 11.3999996 8.87499809
v -29.7499962 0.600000799 8.87499905
v -29.7499886 0.600000739 8.97500801
v -29.7499886 11.3999958 8.97500515
v -29.7499886 11.3999958 8.97500515
v -29.7499886 0.600000739 8.97500801
v -30.2499886 0.600000739 8.97500801
v -30.2499886 11.3999958 8.97500515
v -30.2499886 11.3999958 8.97500515
v -30.2499886 0.600000739 8.97500801
v -30.2499886 0.600000978 8.875
v -30.2499962 11.3999996 8.87499809
v -32.7499962 11.3999996 8.87499809
v -32.7499962 0.600000799 8.87499905
v -32.7499886 0.600000739 8.97500896
v -32.7499886 11.3999958 8.9750061
v -32.7499886 11.3999958 8.9750061
v -32.7499886 0.600000739 8.97500896
v -33.2499886 0.600000739 8.97500896
v -33.2499886 11.3999958 8.9750061
v -33.2499886 11.3999958 8.9750061
v -33.2499886 0.600000739 8.97500896
v -33.2499886 0.600000978 8.87500095
v -33.2499962 11.3999996 8.87499809
v -35.7499962 11.3999996 8.87499809
v -35.7499962 0.600000799 8.87499905
v -35.7499886 0.600000739 8.97500992
v -35.7499886 11.3999958 8.97500706
v -35.7499886 11.3999958 8.97500706
v -35.7499886 0.600000739 8.97500992
v -36.2499886 0.600000739 8.97500992
v -36.2499886 11.3999958 8.97500706
v -36.2499886 11.3999958 8.97500706
v -36.2499886 0.600000739 8.97500992
v -36.2499886 0.600000858 8.87500191
v -36.2499962 11.3999996 8.87499809
v 38.75 11.3999996 8.87499809
v 38.75 11.3999958 8.97500229
v 38.75 0.600000858 8.97499943
v 38.7499962 0.600000799 8.87499905
v 36.2499962 11.3999996 8.87499809
v 36.2499962 0.600001037 8.87499809
v 36.2500114 0.600000739 8.97498703
v 36.2500114 11.3999958 8.97498417
v 36.2500114 11.3999958 8.97498417
v 36.2500114 0.600000739 8.97498703
v 35.7500114 0.600000739 8.97498703
v 35.7500114 11.3999958 8.97498417
v 35.7500114 11.3999958 8.97498417
v 35.7500114 0.600000739 8.97498703
v 35.7499962 0.600000799 8.87499905
v 35.7500114 11.3999958 8.87497616
v 33.2499962 11.3999996 8.87499809
v 33.2499962 0.600001037 8.87499809
v 33.2500114 0.600000739 8.97498798
v 33.2500114 11.3999958 8.97498512
v 33.2500114 11.3999958 8.97498512
v 33.2500114 0.600000739 8.97498798
v 32.7500114 0.600000739 8.97498798
v 32.7500114 11.3999958 8.97498512
v 32.7500114 11.3999958 8.97498512
v 32.7500114 0.600000739 8.97498798
v 32.7499962 0.600000799 8.87499905
v 32.7500114 11.3999958 8.87497711
v 30.2499962 11.3999996 8.87499809
v 30.2499962 0.600001037 8.87499809
v 30.2500114 0.600000739 8.97498894
v 30.2500114 11.3999958 8.97498608
v 30.2500114 11.3999958 8.97498608
v 30.2500114 0.600000739 8.97498894
v 29.7500114 0.600000739 8.97498894
v 29.7500114 11.3999958 8.97498608
v 29.7500114 11.3999958 8.97498608
v 29.7500114 0.600000739 8.97498894
v 29.7499962 0.600000799 8.87499905
v 29.7500114 11.3999958 8.87497807
v 27.2499962 11.3999996 8.87499809
v 27.2499962 0.600001037 8.87499809
v 27.2500114 0.600000739 8.97498989
v 27.2500114 11.3999958 8.97498703
v 27.2500114 11.3999958 8.97498703
v 27.2500114 0.600000739 8.97498989
v 26.7500114 0.600000739 8.97498989
v 26.7500114 11.3999958 8.97498703
v 26.7500114 11.3999958 8.97498703
v 26.7500114 0.600000739 8.97498989
v 26.7499962 0.600000799 8.87499905
v 26.7499962 11.3999996 8.87499809
v 24.2499962 11.3999996 8.87499809
v 24.2499962 0.600001037 8.87499809
v 24.2500114 0.600000739 8.97499084
v 24.2500114 11.3999958 8.97498798
v 24.2500114 11.3999958 8.97498798
v 24.2500114 0.600000739 8.97499084
v 23.7500114 0.600000739 8.97499084
v 23.7500114 11.3999958 8.97498798
v 23.7500114 11.3999958 8.97498798
v 23.7500114 0.600000739 8.97499084
v 23.7499962 0.600000799 8.87499905
v 23.7499962 11.3999996 8.87499809
v 21.2499962 11.3999996 8.87499809
v 21.2499962 0.600001037 8.87499809
v 21.2500114 0.600000739 8.9749918
v 21.2500114 11.3999958 8.97498894
v 21.2500114 11.3999958 8.97498894
v 21.2500114 0.600000739 8.9749918
v 20.7500114 0.600000739 8.9749918
v 20.7500114 11.3999958 8.97498894
v 20.7500114 11.3999958 8.97498894
v 20.7500114 0.600000739 8.9749918
v 20.7499962 0.600000799 8.87499905
v 20.7499962 11.3999996 8.87499809
v 18.2499962 11.3999996 8.87499809
v 18.2499962 0.600001037 8.87499809
v 18.2500114 0.600000739 8.97499275
v 18.2500114 11.3999958 8.97498989
v 18.2500114 11.3999958 8.97498989
v 18.2500114 0.600000739 8.97499275
v 17.7500114 0.600000739 8.97499275
v 17.7500114 11.3999958 8.97498989
v 17.7500114 11.3999958 8.97498989
v 17.7500114 0.600000739 8.97499275
v 17.7499962 0.600000799 8.87499905
v 17.7499962 11.3999996 8.87499809
v 15.2499962 11.3999996 8.87499809
v 15.2499962 0.600001037 8.87499809
v 15.2500105 0.600000739 8.97499371
v 15.2500105 11.3999958 8.97499084
v 15.2500105 11.3999958 8.97499084
v 15.2500105 0.600000739 8.97499371
v 14.7500105 0.600000739 8.97499371
v 14.7500105 11.3999958 8.97499084
v 14.7500105 11.3999958 8.97499084
v 14.7500105 0.600000739 8.97499371
v 14.7499962 0.600000799 8.87499905
v 14.7499962 11.3999996 8.87499809
v 12.2499962 11.3999996 8.87499809
v 12.2499962 0.600001037 8.87499809
v 12.2500105 0.600000739 8.97499466
v 12.2500105 11.3999958 8.9749918
v 12.2500105 11.3999958 8.9749918
v 12.2500105 0.600000739 8.97499466
v 11.7500105 0.600000739 8.97499466
v 11.7500105 11.3999958 8.9749918
v 11.7500105 11.3999958 8.9749918
v 11.7500105 0.600000739 8.97499466
v 11.7499962 0.600000799 8.87499905
v 11.7500105 11.3999958 8.87498379
v 8.75000763 11.3999996 17.8250065
v 8.75000763 11.3999996 17.9250031
v 8.75000381 0.600001335 17.9250031
v 8.75000381 0.600001335 17.8250065
v 5.75001478 11.4000015 17.8250046
v 5.75001478 11.3999977 17.9250031
v 5.75001478 0.600001812 17.9250069
v 5.75000381 0.600001335 17.8250046
v 5.75001478 11.3999977 17.9250031
v 6.25001097 11.3999977 17.9250031
v 6.25001097 0.600001812 17.9250069
v 5.75001478 0.600001812 17.9250069
v 6.25001097 11.3999977 17.9250031
v 6.25001097 11.3999996 17.8250046
v 6.25001097 0.600001812 17.8250084
v 6.25001097 0.600001812 17.9250069
v 2.75001478 11.4000015 17.8250046
v 2.75001478 11.3999977 17.9250031
v 2.75001478 0.600001812 17.9250069
v 2.75001478 0.600001812 17.8250084
v 2.75001478 11.3999977 17.9250031
v 3.25001097 11.3999977 17.9250031
v 3.25001097 0.600001812 17.9250069
v 2.75001478 0.600001812 17.9250069
v 3.25001097 11.3999977 17.9250031
v 3.25001097 11.3999996 17.8250046
v 3.25001097 0.600001812 17.8250084
v 3.25001097 0.600001812 17.9250069
v 0.250006974 11.3999977 17.9250031
v 0.250006974 11.3999977 17.8250046
v 0.250006974 0.600001812 17.8250084
v 0.250006974 0.600001812 17.9250069
v -8.75000763 11.3999996 17.8250046
v -8.75000381 0.600001335 17.8250046
v -8.75000381 0.600001335 17.9250031
v -8.75000763 11.3999996 17.9250031
v -5.75001478 11.4000015 17.8250046
v -5.75001478 0.600001812 17.8250084
v -5.75001478 0.600001812 17.9250069
v -5.75001478 11.3999977 17.9250031
v -5.75001478 11.3999977 17.9250031
v -5.75001478 0.600001812 17.9250069
v -6.25001097 0.600001812 17.9250069
v -6.25001097 11.3999977 17.9250031
v -6.25001097 11.3999977 17.9250031
v -6.25001097 0.600001812 17.9250069
v -6.25001097 0.600001812 17.8250084
v -6.25001097 11.3999996 17.8250046
v -2.75001478 11.4000015 17.8250046
v -2.75001478 0.600001812 17.8250084
v -2.75001478 0.600001812 17.9250069
v -2.75001478 11.3999977 17.9250031
v -2.75001478 11.3999977 17.9250031
v -2.75001478 0.600001812 17.9250069
v -3.25001097 0.600001812 17.9250069
v -3.25001097 11.3999977 17.9250031
v -3.25001097 11.3999977 17.9250031
v -3.25001097 0.600001812 17.9250069
v -3.25001097 0.600001812 17.8250084
v -3.25001097 11.3999996 17.8250046
v -0.250006974 11.3999977 17.9250031
v -0.250006974 0.600001812 17.9250069
v -0.250006974 0.600001812 17.8250084
v -0.250006974 11.3999977 17.8250046
v 0.250006974 11.3999977 17.9250031
v 0.250006974 0.600001812 17.9250069
v -0.250006974 0.600001812 17.9250069
v -0.250006974 11.3999977 17.9250031
vt 0.0231076721 0.789050162
vt 0.0215308908 0.788986623
vt 0.023104934 0.789092183
vt 0.0458988138 0.742131829
vt 0.047476463 0.742173672
vt 0.0459010862 0.742089987
vt 0.913003981 0.614549994
vt 0.740772903 0.614549994
vt 0.740772903 0.616391957
vt 0.913003981 0.616391957
vt 0.769324422 0.614549994
vt 0.769324422 0.515079677
vt 0.746299148 0.515079677
vt 0.746299148 0.614549994
vt 0.796955168 0.614549994
vt 0.796955168 0.515079677
vt 0.773929834 0.515079677
vt 0.773929834 0.614549994
vt 0.824585795 0.614549994
vt 0.824585795 0.515079677
vt 0.801560283 0.515079677
vt 0.801560283 0.614549994
vt 0.852216721 0.515079677
vt 0.829191089 0.515079677
vt 0.829191089 0.614549994
vt 0.852216721 0.614549994
vt 0.879847109 0.515079677
vt 0.856821656 0.515079677
vt 0.856821656 0.614549994
vt 0.879847109 0.614549994
vt 0.907477617 0.515079677
vt 0.884452224 0.515079677
vt 0.884452224 0.614549994
vt 0.907477617 0.614549994
vt 0.998609424 0.616391957
vt 0.998609424 0.614549994
vt 0.916177809 0.614549994
vt 0.916177809 0.616391957
vt 0.938282371 0.515079677
vt 0.938282371 0.614549994
vt 0.970057547 0.614549994
vt 0.970057547 0.515079677
vt 0.933677197 0.614549994
vt 0.933677197 0.515079677
vt 0.914335489 0.515079677
vt 0.914335489 0.614549994
vt 0.993083417 0.614549994
vt 0.993083417 0.515079677
vt 0.974662483 0.515079677
vt 0.974662483 0.614549994
vt 0.202455983 0.732402742
vt 0.00433408376 0.730558276
vt 0.00433408376 0.732402742
vt 0.202455983 0.730558276
vt 0.281002641 0.732402742
vt 0.281002641 0.730558276
vt 0.369075537 0.732402742
vt 0.369075537 0.730558276
vt 0.457148522 0.732402742
vt 0.457148522 0.730558276
vt 0.733817101 0.730558276
vt 0.733817101 0.732402742
vt 0.0347676501 0.730558276
vt 0.0347676501 0.630957544
vt 0.0117119765 0.630957544
vt 0.0117119765 0.730558217
vt 0.0624345168 0.730558276
vt 0.0624345168 0.630957544
vt 0.039378725 0.630957544
vt 0.039378725 0.730558276
vt 0.090101324 0.730558276
vt 0.090101324 0.630957544
vt 0.0670456216 0.630957544
vt 0.0670456216 0.730558276
vt 0.14543505 0.730558276
vt 0.14543505 0.630957544
vt 0.122379355 0.630957544
vt 0.122379355 0.730558276
vt 0.200768813 0.630957544
vt 0.177713111 0.630957544
vt 0.177713111 0.730558276
vt 0.200768813 0.730558276
vt 0.228435636 0.730558276
vt 0.228435636 0.725947201
vt 0.205380008 0.730558276
vt 0.228435636 0.630957544
vt 0.205380008 0.630957544
vt 0.256102502 0.630957544
vt 0.233046874 0.630957544
vt 0.233046874 0.725947201
vt 0.233046874 0.730558276
vt 0.256102502 0.730558276
vt 0.283769369 0.730558276
vt 0.283769369 0.630957544
vt 0.260713637 0.630957544
vt 0.260713637 0.730558276
vt 0.311436296 0.730558276
vt 0.311436296 0.630957544
vt 0.288380504 0.630957544
vt 0.288380504 0.730558217
vt 0.339103073 0.730558276
vt 0.339103073 0.630957544
vt 0.31604737 0.630957544
vt 0.31604737 0.730558217
vt 0.422103733 0.730558276
vt 0.422103733 0.630957544
vt 0.39904803 0.630957544
vt 0.39904803 0.730558276
vt 0.394436836 0.630957544
vt 0.371381134 0.630957544
vt 0.371381134 0.730558276
vt 0.394436836 0.730558276
vt 0.44977054 0.730558276
vt 0.44977054 0.630957544
vt 0.426714838 0.630957544
vt 0.426714838 0.730558276
vt 0.477437377 0.730558276
vt 0.477437377 0.630957544
vt 0.454381675 0.630957544
vt 0.454381675 0.730558276
vt 0.505104184 0.730558276
vt 0.505104184 0.630957544
vt 0.482048512 0.630957544
vt 0.482048362 0.730558217
vt 0.532771051 0.730558276
vt 0.532771051 0.630957544
vt 0.509715319 0.630957544
vt 0.509715319 0.730558276
vt 0.588104844 0.730558276
vt 0.588104844 0.630957544
vt 0.565049112 0.630957544
vt 0.565049112 0.730558276
vt 0.643438578 0.630957544
vt 0.620382905 0.630957544
vt 0.620382726 0.730558217
vt 0.643438578 0.730558276
vt 0.698772311 0.630957544
vt 0.675716639 0.630957544
vt 0.67571646 0.730558217
vt 0.698772311 0.730558276
vt 0.726438999 0.730558217
vt 0.726438999 0.630957544
vt 0.703383327 0.630957544
vt 0.703383327 0.730558217
vt 0.671105325 0.630957544
vt 0.648049593 0.630957544
vt 0.648049593 0.730558276
vt 0.671105325 0.730558276
vt 0.615771711 0.730558276
vt 0.615771711 0.630957544
vt 0.592715859 0.630957544
vt 0.592715859 0.730558276
vt 0.560437918 0.730558276
vt 0.560437918 0.630957544
vt 0.537382245 0.630957544
vt 0.537382245 0.730558276
vt 0.36676994 0.730558276
vt 0.36676988 0.630957544
vt 0.343714237 0.630957544
vt 0.343714237 0.730558276
vt 0.173101947 0.730558276
vt 0.173101947 0.630957544
vt 0.150046244 0.630957544
vt 0.150046244 0.730558276
vt 0.117768191 0.730558276
vt 0.117768191 0.630957544
vt 0.0947124884 0.630957544
vt 0.0947124884 0.730558276
vt 0.824473262 0.730967224
vt 0.824473262 0.732803762
vt 0.996189117 0.732803762
vt 0.996189117 0.730967224
vt 0.967722654 0.730967224
vt 0.990679145 0.730967224
vt 0.990679145 0.631794751
vt 0.967722654 0.631794751
vt 0.94017458 0.730967224
vt 0.963131368 0.730967224
vt 0.963131368 0.631794751
vt 0.940174758 0.631794751
vt 0.912626505 0.730967224
vt 0.935583293 0.730967224
vt 0.935583293 0.631794751
vt 0.912626505 0.631794751
vt 0.885078549 0.730967224
vt 0.908035398 0.730967224
vt 0.908035398 0.631794751
vt 0.885078549 0.631794751
vt 0.857531071 0.730967224
vt 0.880487561 0.730967224
vt 0.880487561 0.631794751
vt 0.857530832 0.631794751
vt 0.829982936 0.730967224
vt 0.852939487 0.730967224
vt 0.852939487 0.631794751
vt 0.829982936 0.631794751
vt 0.737476766 0.732803762
vt 0.819661438 0.732803762
vt 0.819661438 0.730967224
vt 0.737476766 0.730967224
vt 0.761351466 0.730967224
vt 0.761351466 0.631794751
vt 0.742986262 0.631794751
vt 0.742986262 0.726375878
vt 0.742986262 0.730967224
vt 0.765942812 0.730967224
vt 0.797622979 0.730967224
vt 0.797622979 0.631794751
vt 0.765942812 0.631794751
vt 0.821498036 0.631794751
vt 0.802214563 0.631794751
vt 0.802214563 0.730967224
vt 0.821498036 0.730967224
vt 0.0310829282 0.61436218
vt 0.0310829282 0.514945805
vt 0.00806987286 0.514945805
vt 0.00806987286 0.61436218
vt 0.196777105 0.61436218
vt 0.196777105 0.514945805
vt 0.173763752 0.514945805
vt 0.173763752 0.61436218
vt 0.25200814 0.61436218
vt 0.25200814 0.514945805
vt 0.228995115 0.514945805
vt 0.228995115 0.61436218
vt 0.224392295 0.61436218
vt 0.224392295 0.514945805
vt 0.201379627 0.514945805
vt 0.201379627 0.61436218
vt 0.279623985 0.61436218
vt 0.279623985 0.514945805
vt 0.25661099 0.514945805
vt 0.25661099 0.61436218
vt 0.0586984158 0.61436218
vt 0.0586987436 0.514945805
vt 0.0356854498 0.514945805
vt 0.0356854498 0.61436218
vt 0.0863142908 0.61436218
vt 0.0863142908 0.514945805
vt 0.0633013248 0.514945805
vt 0.0633013248 0.61436218
vt 0.113929808 0.61436218
vt 0.113930136 0.514945805
vt 0.0909168124 0.514945805
vt 0.0909168124 0.61436218
vt 0.141545326 0.61436218
vt 0.141545326 0.514945805
vt 0.11853233 0.514945805
vt 0.11853233 0.61436218
vt 0.169161171 0.61436218
vt 0.169161171 0.514945805
vt 0.146148264 0.514945805
vt 0.146148264 0.61436218
vt 0.000705569983 0.61436218
vt 0.000705569983 0.616203249
vt 0.276862144 0.616203249
vt 0.276862144 0.61436218
vt 0.645312548 0.61436218
vt 0.645312548 0.514945805
vt 0.622299612 0.514945805
vt 0.622299612 0.61436218
vt 0.672928512 0.61436218
vt 0.672928154 0.514945805
vt 0.649915218 0.514945805
vt 0.649915218 0.61436218
vt 0.590081215 0.61436218
vt 0.590081215 0.514945805
vt 0.567068279 0.514945805
vt 0.567068279 0.61436218
vt 0.47961852 0.514945805
vt 0.456605315 0.514945805
vt 0.456605315 0.61436218
vt 0.479618877 0.61436218
vt 0.534849763 0.61436218
vt 0.534849763 0.514945805
vt 0.511836886 0.514945805
vt 0.511836886 0.61436218
vt 0.507234037 0.61436218
vt 0.507234037 0.514945805
vt 0.484221339 0.514945805
vt 0.484221339 0.61436218
vt 0.56246537 0.514945805
vt 0.539452672 0.514945805
vt 0.539452672 0.61436218
vt 0.56246537 0.61436218
vt 0.617696762 0.61436218
vt 0.617696762 0.514945805
vt 0.594683766 0.514945805
vt 0.594683766 0.61436218
vt 0.700543642 0.514945805
vt 0.677530766 0.514945805
vt 0.677530766 0.61436218
vt 0.700544 0.61436218
vt 0.728159547 0.61436218
vt 0.728159547 0.514945805
vt 0.705146551 0.514945805
vt 0.705146551 0.61436218
vt 0.537768245 0.61436218
vt 0.459367007 0.61436218
vt 0.459367007 0.616203249
vt 0.537768245 0.616203249
vt 0.735523582 0.61436218
vt 0.735523582 0.616203249
vt 0.425695896 0.514945805
vt 0.425695896 0.61436218
vt 0.448708832 0.61436218
vt 0.448708832 0.514945805
vt 0.421093047 0.514945805
vt 0.398079991 0.514945805
vt 0.398079991 0.61436218
vt 0.421093345 0.61436218
vt 0.31063056 0.514945805
vt 0.287617266 0.514945805
vt 0.287617266 0.61436218
vt 0.31063056 0.61436218
vt 0.338246107 0.514945805
vt 0.315233111 0.514945805
vt 0.315233111 0.61436218
vt 0.338246107 0.61436218
vt 0.456072867 0.616203249
vt 0.456072867 0.61436218
vt 0.280253172 0.61436218
vt 0.280253172 0.616203249
vt 0.513305783 0.793636322
vt 0.513305783 0.821617901
vt 0.591383696 0.821617901
vt 0.591383696 0.793636322
vt 0.591383696 0.793636322
vt 0.591383696 0.821617901
vt 0.656824589 0.821617901
vt 0.656824589 0.798149467
vt 0.562047839 0.793636322
vt 0.591383696 0.793636322
vt 0.591383696 0.771070302
vt 0.562047839 0.771070302
vt 0.266520143 0.739335954
vt 0.124496937 0.739335954
vt 0.124496937 0.76331389
vt 0.266520143 0.76331389
vt 0.707696438 0.792469442
vt 0.732596517 0.792469442
vt 0.732596517 0.769413769
vt 0.707696438 0.769413769
vt 0.0918871909 0.759719074
vt 0.0906996727 0.769819379
vt 0.093153961 0.760036945
vt 0.0894329026 0.769501626
vt 0.0844974592 0.757865131
vt 0.0976710618 0.790600419
vt 0.082043305 0.767647624
vt 0.0964042917 0.790282607
vt 0.0948635936 0.801790416
vt 0.0890147686 0.788428605
vt 0.0935968235 0.801472664
vt 0.0862073004 0.799618661
vt 0.0235837493 0.754447639
vt 0.0218146387 0.768360615
vt 0.0220060963 0.754426003
vt 0.0233920868 0.768382549
vt 0.0327858254 0.754574358
vt 0.0325940996 0.768508971
vt 0.141484946 0.777308464
vt 0.122306563 0.783141851
vt 0.141617984 0.769436061
vt 0.127960116 0.786897957
vt 0.122173406 0.791014016
vt 0.141174167 0.795676827
vt 0.135700554 0.800000966
vt 0.14104107 0.803548992
vt 0.121837355 0.810882092
vt 0.121704198 0.818754315
vt 0.0844974592 0.757865131
vt 0.0960427523 0.743155897
vt 0.0886531621 0.741301835
vt 0.0918871909 0.759719074
vt 0.093153961 0.760036945
vt 0.0973095298 0.743473709
vt 0.0233920868 0.768382549
vt 0.0325940996 0.768508971
vt 0.03231062 0.78913486
vt 0.0231076721 0.789050162
vt 0.0215308908 0.788986623
vt 0.0218146387 0.768360615
vt 0.111454189 0.799768031
vt 0.112720966 0.799450338
vt 0.110266536 0.789667785
vt 0.108999774 0.789985657
vt 0.104064532 0.801622152
vt 0.117237926 0.768886864
vt 0.101610243 0.79183948
vt 0.115971357 0.769204676
vt 0.114430591 0.757696807
vt 0.108581632 0.771058619
vt 0.113163754 0.758014619
vt 0.105774164 0.759868741
vt 0.0775437802 0.75779146
vt 0.0763626844 0.76789242
vt 0.0788107514 0.758108377
vt 0.0750957131 0.767575502
vt 0.0701530576 0.755941987
vt 0.0829558969 0.786489248
vt 0.0677048489 0.765726089
vt 0.0816889256 0.786172211
vt 0.0742980614 0.784322917
vt 0.0935968235 0.801472664
vt 0.0862073004 0.799618661
vt 0.082043305 0.816215634
vt 0.0894329026 0.818069577
vt 0.0906996727 0.818387449
vt 0.0948635936 0.801790416
vt 0.0788107514 0.758108377
vt 0.0829558969 0.741542578
vt 0.0816889256 0.741225481
vt 0.0775437802 0.75779146
vt 0.0701530576 0.755941987
vt 0.0742980614 0.739376009
vt 0.0327858254 0.754574358
vt 0.0235837493 0.754447639
vt 0.0237342436 0.743490458
vt 0.0329364538 0.743616879
vt 0.0458988138 0.776737511
vt 0.047476463 0.776737511
vt 0.047476463 0.762801468
vt 0.0458988138 0.762801468
vt 0.0366956703 0.776737511
vt 0.0366958715 0.762801468
vt 0.104064532 0.801622152
vt 0.1082201 0.818185449
vt 0.115609825 0.816331446
vt 0.111454189 0.799768031
vt 0.112720966 0.799450338
vt 0.116876528 0.816013694
vt 0.0458988138 0.762801468
vt 0.0366956703 0.742173731
vt 0.0366958715 0.762801468
vt 0.0458988138 0.742131829
vt 0.047476463 0.742173672
vt 0.047476463 0.762801468
vt 0.0644028634 0.772219598
vt 0.0656699017 0.771902561
vt 0.063221693 0.762118578
vt 0.0619547926 0.762435675
vt 0.057012137 0.774069011
vt 0.06981498 0.74352181
vt 0.0545639992 0.764284968
vt 0.0685480013 0.743838847
vt 0.0611573458 0.745688021
vt 0.113163754 0.758014619
vt 0.101610243 0.743271768
vt 0.105774164 0.759868741
vt 0.10899964 0.741417825
vt 0.110266536 0.741099954
vt 0.114430591 0.757696807
vt 0.0656699017 0.771902561
vt 0.0685480013 0.788785577
vt 0.06981498 0.78846854
vt 0.0644028634 0.772219598
vt 0.057012137 0.774069011
vt 0.0611571483 0.790634871
vt 0.0366956703 0.776737511
vt 0.0366958715 0.787695825
vt 0.0458988138 0.787695825
vt 0.0458988138 0.776737511
vt 0.522831261 0.738755941
vt 0.443401158 0.738755941
vt 0.443401158 0.767222047
vt 0.492987454 0.767222047
vt 0.522831261 0.767222047
vt 0.492987454 0.790178716
vt 0.522831261 0.790178716
vt 0.522831261 0.738755941
vt 0.522831261 0.767222047
vt 0.589405119 0.76263082
vt 0.589405119 0.738755941
vt 0.51081723 0.826834261
vt 0.696587026 0.98853898
vt 0.696587026 0.826834261
vt 0.51081723 0.988539159
vt 0.504616737 0.828563631
vt 0.504616737 0.89125663
vt 0.371447891 0.89125663
vt 0.435437977 0.828563631
vt 0.437167555 0.826834261
vt 0.354585588 0.988539159
vt 0.437167555 0.74944061
vt 0.435437977 0.753764272
vt 0.388742626 0.753764272
vt 0.371447891 0.828563631
vt 0.388742626 0.828563631
vt 0.354585588 0.74944061
vt 0.354585588 0.826834261
vt 0.272003561 0.988539159
vt 0.272003561 0.826834261
vt 0.272003561 0.74944061
vt 0.268612504 0.826834261
vt 0.00919291191 0.826834261
vt 0.00919291191 0.98853898
vt 0.268612504 0.988539159
vt 0.412090331 0.800459743
vt 0.388742626 0.828563631
vt 0.412090331 0.828563631
vt 0.388742626 0.753764272
vt 0.435437977 0.753764272
vt 0.435437977 0.800459743
vt 0.435437977 0.828563631
vt 0.504616737 0.89125663
vt 0.504616737 0.828563631
vt 0.371447891 0.89125663
vt 0.412090331 0.828563631
vt 0.388742626 0.828563631
vt 0.371447891 0.828563631
vt 0.435437977 0.800459743
vt 0.412090331 0.800459743
vt 0.412090331 0.828563631
vt 0.435437977 0.828563631
vt 0.660370409 0.737979114
vt 0.660370409 0.765945554
vt 0.732542098 0.765945554
vt 0.732542098 0.737979114
vt 0.61165458 0.765945554
vt 0.61165458 0.737979114
vt 0.593611658 0.737979114
vt 0.593611658 0.765945554
vt 0.660370409 0.765945554
vt 0.660370409 0.737979114
vt 0.61165458 0.737979114
vt 0.61165458 0.765945554
vt 0.660370409 0.765945554
vt 0.636012495 0.765945554
vt 0.636012495 0.788499117
vt 0.660370409 0.788499117
vt 0.263104945 0.803582549
vt 0.253344923 0.80358243
vt 0.253344923 0.811328769
vt 0.263104945 0.820107698
vt 0.253344923 0.820107698
vt 0.231170356 0.811328769
vt 0.231170356 0.803548932
vt 0.220006108 0.803548932
vt 0.231170356 0.820107698
vt 0.220006108 0.820107698
vt 0.253344923 0.811328769
vt 0.253344923 0.80358243
vt 0.231170356 0.803548932
vt 0.231170356 0.811328769
vt 0.173176289 0.799808145
vt 0.182936192 0.799808145
vt 0.182936192 0.792062044
vt 0.173176289 0.783282995
vt 0.182936192 0.783282995
vt 0.205970585 0.792062044
vt 0.205970645 0.799841642
vt 0.217134953 0.799841642
vt 0.205970645 0.783282995
vt 0.217134953 0.783282995
vt 0.182936192 0.792062044
vt 0.182936192 0.799808145
vt 0.205970645 0.799841642
vt 0.205970585 0.792062044
vt 0.232133746 0.811328769
vt 0.232133746 0.820107698
vt 0.253344923 0.820107698
vt 0.253344923 0.811328769
vt 0.185098529 0.791599035
vt 0.205165029 0.791599035
vt 0.205165029 0.782372952
vt 0.185098529 0.782372952
vt 0.220539451 0.801313877
vt 0.230105281 0.793721676
vt 0.230105281 0.801313877
vt 0.220539451 0.785117388
vt 0.230105281 0.785117388
vt 0.251838952 0.793721676
vt 0.262781292 0.801346898
vt 0.251838952 0.801346898
vt 0.251838952 0.785117388
vt 0.262781292 0.785117388
vt 0.230105281 0.793721676
vt 0.251838952 0.793721676
vt 0.251838952 0.801346898
vt 0.230105281 0.801313877
vt 0.173176289 0.822045803
vt 0.182742059 0.814453602
vt 0.182742059 0.822045803
vt 0.173176289 0.805849314
vt 0.182742059 0.805849195
vt 0.205318511 0.814453602
vt 0.216260731 0.822078705
vt 0.205318511 0.822078705
vt 0.205318511 0.805849195
vt 0.216260731 0.805849195
vt 0.182742059 0.814453602
vt 0.205318511 0.814453602
vt 0.205318511 0.822078705
vt 0.182742059 0.822045803
vt 0.250894815 0.793721676
vt 0.230105281 0.793721676
vt 0.230105281 0.785117388
vt 0.250894815 0.785117388
vt 0.18418014 0.813251495
vt 0.18418014 0.80376792
vt 0.204806447 0.80376792
vt 0.204806447 0.813251495
vt 0.164305955 0.809700012
vt 0.164305955 0.817567647
vt 0.145243019 0.803547621
vt 0.150964886 0.799888134
vt 0.145243019 0.795679927
vt 0.164305955 0.791342378
vt 0.158895522 0.786938846
vt 0.164305955 0.783474803
vt 0.145243019 0.775823772
vt 0.145243019 0.767956138
vt 0.912082911 0.509553313
vt 0.741693914 0.509553313
vt 0.741693914 0.515079677
vt 0.912082911 0.515079677
vt 0.746299148 0.614549994
vt 0.746299148 0.515079677
vt 0.741693914 0.614549994
vt 0.912082911 0.614549994
vt 0.907477617 0.515079677
vt 0.907477617 0.614549994
vt 0.742615044 0.515079677
vt 0.911161661 0.515079677
vt 0.912082911 0.515079677
vt 0.741693914 0.515079677
vt 0.997687995 0.509553313
vt 0.915256739 0.509553313
vt 0.915256739 0.515079677
vt 0.997687995 0.515079677
vt 0.997687995 0.614549994
vt 0.993083417 0.515079677
vt 0.993083417 0.614549994
vt 0.914335489 0.515079677
vt 0.996767163 0.515079677
vt 0.997687995 0.515079677
vt 0.915256739 0.515079677
vt 0.732894659 0.625424147
vt 0.00525637623 0.625424147
vt 0.00525625702 0.630957544
vt 0.732894659 0.630957544
vt 0.00525625702 0.730558276
vt 0.0117119765 0.630957544
vt 0.0117119765 0.730558276
vt 0.732894659 0.730558276
vt 0.726438999 0.630957544
vt 0.726438999 0.730558276
vt 0.825391591 0.626284897
vt 0.995270491 0.631794751
vt 0.995270491 0.626284897
vt 0.825391591 0.631794751
vt 0.825391591 0.730967224
vt 0.829982936 0.631794751
vt 0.829982936 0.730967224
vt 0.990679145 0.730967224
vt 0.995270491 0.730967224
vt 0.990679145 0.631794751
vt 0.994352341 0.631794751
vt 0.995270491 0.631794751
vt 0.825391591 0.631794751
vt 0.82630986 0.631794751
vt 0.738395154 0.626284897
vt 0.820579767 0.631794751
vt 0.820579767 0.626284897
vt 0.738395154 0.631794751
vt 0.738395154 0.730967224
vt 0.742986262 0.631794751
vt 0.742986262 0.730967224
vt 0.821498036 0.631794751
vt 0.820579767 0.631794751
vt 0.738395154 0.631794751
vt 0.739313424 0.631794751
vt 0.277782977 0.509422719
vt 0.00162634254 0.509422719
vt 0.00162634254 0.514945805
vt 0.277782977 0.514945805
vt 0.00806987286 0.61436218
vt 0.00806987286 0.514945805
vt 0.00162604451 0.61436218
vt 0.00254660845 0.514945805
vt 0.279623985 0.514945805
vt 0.277782977 0.514945805
vt 0.00162634254 0.514945805
vt 0.458446831 0.509422719
vt 0.458446831 0.514945805
vt 0.734603047 0.514945805
vt 0.734603047 0.509422719
vt 0.728159547 0.61436218
vt 0.734603405 0.61436218
vt 0.728159547 0.514945805
vt 0.733682632 0.514945805
vt 0.734603047 0.514945805
vt 0.458446831 0.514945805
vt 0.456605315 0.514945805
vt 0.283015013 0.514945805
vt 0.453311145 0.514945805
vt 0.45515269 0.514945805
vt 0.281174004 0.514945805
vt 0.281174004 0.514945805
vt 0.45515269 0.509422719
vt 0.281174004 0.509422719
vt 0.45515269 0.514945805
vt 0.287617266 0.61436218
vt 0.287617266 0.514945805
vt 0.281173706 0.61436218
vt 0.448708832 0.61436218
vt 0.45515269 0.61436218
vt 0.448708832 0.514945805
vt 0.732894659 0.630957544
vt 0.00525625702 0.630957544
vt 0.00617848989 0.630957544
vt 0.731972396 0.630957544
vt 0.393477798 0.514945805
vt 0.370464504 0.514945805
vt 0.370487809 0.61436218
vt 0.393477798 0.61436218
vt 0.342848659 0.61436218
vt 0.365838587 0.61436218
vt 0.365838587 0.609759629
vt 0.342848659 0.514945805
vt 0.365861952 0.514945805
vt 0.746299148 0.614549994
vt 0.746299148 0.515079677
vt 0.746299148 0.515079677
vt 0.746299148 0.614549994
vt 0.773929834 0.614549994
vt 0.773929834 0.515079677
vt 0.769324422 0.515079677
vt 0.769324481 0.614549994
vt 0.769324481 0.614549994
vt 0.769324422 0.515079677
vt 0.769324422 0.515079677
vt 0.769324422 0.614549994
vt 0.773929834 0.614549994
vt 0.773929834 0.515079677
vt 0.773929834 0.515079677
vt 0.773929834 0.614549994
vt 0.801560283 0.614549994
vt 0.801560283 0.515079677
vt 0.796955168 0.515079677
vt 0.796955168 0.614549994
vt 0.796955168 0.614549994
vt 0.796955168 0.515079677
vt 0.796955168 0.515079677
vt 0.796955168 0.614549994
vt 0.801560283 0.614549994
vt 0.801560283 0.515079677
vt 0.801560283 0.515079677
vt 0.801560283 0.614549994
vt 0.829191089 0.614549994
vt 0.829191089 0.515079677
vt 0.824585795 0.515079677
vt 0.824585795 0.614549994
vt 0.824585795 0.614549994
vt 0.824585795 0.515079677
vt 0.824585795 0.515079677
vt 0.824585795 0.614549994
vt 0.829191089 0.614549994
vt 0.829191089 0.515079677
vt 0.829191089 0.515079677
vt 0.829191089 0.614549994
vt 0.856821656 0.614549994
vt 0.856821656 0.515079677
vt 0.852216721 0.515079677
vt 0.852216721 0.614549994
vt 0.852216721 0.614549994
vt 0.852216721 0.515079677
vt 0.852216721 0.515079677
vt 0.852216721 0.614549994
vt 0.856821656 0.614549994
vt 0.856821656 0.515079677
vt 0.856821656 0.515079677
vt 0.856821656 0.614549994
vt 0.884452224 0.614549994
vt 0.884452224 0.515079677
vt 0.879847109 0.515079677
vt 0.879847109 0.614549994
vt 0.879847109 0.614549994
vt 0.879847109 0.515079677
vt 0.879847109 0.515079677
vt 0.879847109 0.614549994
vt 0.884452224 0.614549994
vt 0.884452224 0.515079677
vt 0.884452224 0.515079677
vt 0.884452224 0.614549994
vt 0.907477617 0.614549994
vt 0.907477617 0.515079677
vt 0.907477617 0.515079677
vt 0.907477617 0.614549994
vt 0.938282371 0.614549994
vt 0.938282371 0.515079677
vt 0.933677197 0.515079677
vt 0.933677197 0.614549994
vt 0.933677197 0.614549994
vt 0.933677197 0.515079677
vt 0.933677197 0.515079677
vt 0.933677197 0.614549994
vt 0.938282371 0.614549994
vt 0.938282371 0.515079677
vt 0.938282371 0.515079677
vt 0.938282371 0.614549994
vt 0.970057547 0.614549994
vt 0.970057547 0.515079677
vt 0.970057547 0.515079677
vt 0.970057547 0.614549994
vt 0.974662483 0.614549994
vt 0.974662483 0.515079677
vt 0.974662483 0.515079677
vt 0.974662483 0.614549994
vt 0.974662483 0.614549994
vt 0.974662483 0.515079677
vt 0.970057547 0.515079677
vt 0.970057547 0.614549994
vt 0.993083417 0.614549994
vt 0.993083417 0.515079677
vt 0.993083417 0.515079677
vt 0.993083417 0.614549994
vt 0.0117119765 0.730558276
vt 0.0117119765 0.730558217
vt 0.0117119765 0.630957544
vt 0.0117119765 0.630957544
vt 0.726438999 0.730558276
vt 0.726438999 0.630957544
vt 0.726438999 0.630957544
vt 0.726438999 0.730558217
vt 0.0347676501 0.730558276
vt 0.0347676501 0.730558217
vt 0.0347676501 0.630957544
vt 0.0347676501 0.630957544
vt 0.0347676501 0.730558217
vt 0.039378725 0.730558217
vt 0.039378725 0.630957544
vt 0.0347676501 0.630957544
vt 0.039378725 0.730558217
vt 0.039378725 0.730558276
vt 0.039378725 0.630957544
vt 0.039378725 0.630957544
vt 0.0624345168 0.730558276
vt 0.0624344572 0.730558217
vt 0.0624344572 0.630957544
vt 0.0624345168 0.630957544
vt 0.0624344572 0.730558217
vt 0.0670456216 0.730558217
vt 0.0670456216 0.630957544
vt 0.0624344572 0.630957544
vt 0.0670456216 0.730558217
vt 0.0670456216 0.730558276
vt 0.0670456216 0.630957544
vt 0.0670456216 0.630957544
vt 0.090101324 0.730558276
vt 0.090101324 0.730558217
vt 0.090101324 0.630957544
vt 0.090101324 0.630957544
vt 0.090101324 0.730558217
vt 0.0947124884 0.730558217
vt 0.0947124884 0.630957544
vt 0.090101324 0.630957544
vt 0.0947124884 0.730558217
vt 0.0947124884 0.730558276
vt 0.0947124884 0.630957544
vt 0.0947124884 0.630957544
vt 0.117768191 0.730558276
vt 0.117768191 0.730558217
vt 0.117768191 0.630957544
vt 0.117768191 0.630957544
vt 0.117768191 0.730558217
vt 0.122379355 0.730558217
vt 0.122379355 0.630957544
vt 0.117768191 0.630957544
vt 0.122379355 0.730558217
vt 0.122379355 0.730558276
vt 0.122379355 0.630957544
vt 0.122379355 0.630957544
vt 0.14543505 0.730558276
vt 0.14543505 0.730558217
vt 0.14543505 0.630957544
vt 0.14543505 0.630957544
vt 0.14543505 0.730558217
vt 0.150046155 0.730558217
vt 0.150046155 0.630957544
vt 0.14543505 0.630957544
vt 0.150046155 0.730558217
vt 0.150046244 0.730558276
vt 0.150046244 0.630957544
vt 0.150046155 0.630957544
vt 0.173101947 0.730558276
vt 0.173101947 0.730558217
vt 0.173101947 0.630957544
vt 0.173101947 0.630957544
vt 0.173101947 0.730558217
vt 0.177712962 0.730558217
vt 0.177712962 0.630957544
vt 0.173101947 0.630957544
vt 0.177712962 0.730558217
vt 0.177713111 0.730558276
vt 0.177713111 0.630957544
vt 0.177712962 0.630957544
vt 0.200768813 0.730558276
vt 0.200768754 0.730558217
vt 0.200768754 0.630957544
vt 0.200768813 0.630957544
vt 0.200768754 0.730558217
vt 0.205379859 0.730558217
vt 0.205379859 0.630957544
vt 0.200768754 0.630957544
vt 0.205379859 0.730558217
vt 0.205380008 0.730558276
vt 0.205380008 0.630957544
vt 0.205379859 0.630957544
vt 0.228435636 0.730558276
vt 0.228435561 0.730558217
vt 0.228435561 0.630957544
vt 0.228435636 0.630957544
vt 0.228435561 0.730558217
vt 0.23304671 0.730558217
vt 0.23304671 0.630957544
vt 0.228435561 0.630957544
vt 0.23304671 0.730558217
vt 0.233046874 0.730558276
vt 0.233046874 0.630957544
vt 0.23304671 0.630957544
vt 0.256102502 0.730558276
vt 0.256102443 0.730558217
vt 0.256102443 0.630957544
vt 0.256102502 0.630957544
vt 0.256102443 0.730558217
vt 0.260713637 0.730558217
vt 0.260713637 0.630957544
vt 0.256102443 0.630957544
vt 0.260713637 0.730558217
vt 0.260713637 0.730558276
vt 0.260713637 0.630957544
vt 0.260713637 0.630957544
vt 0.283769369 0.730558276
vt 0.28376931 0.730558217
vt 0.28376931 0.630957544
vt 0.283769369 0.630957544
vt 0.28376931 0.730558217
vt 0.288380504 0.730558217
vt 0.288380504 0.630957544
vt 0.28376931 0.630957544
vt 0.288380504 0.730558217
vt 0.288380504 0.730558217
vt 0.288380504 0.630957544
vt 0.288380504 0.630957544
vt 0.311436296 0.730558276
vt 0.311436236 0.730558217
vt 0.311436236 0.630957544
vt 0.311436296 0.630957544
vt 0.311436236 0.730558217
vt 0.31604737 0.730558217
vt 0.31604737 0.630957544
vt 0.311436236 0.630957544
vt 0.31604737 0.730558217
vt 0.31604737 0.730558217
vt 0.31604737 0.630957544
vt 0.31604737 0.630957544
vt 0.339103073 0.730558276
vt 0.339103073 0.730558217
vt 0.339103073 0.630957544
vt 0.339103073 0.630957544
vt 0.339103073 0.730558217
vt 0.343714178 0.730558217
vt 0.343714178 0.630957544
vt 0.339103073 0.630957544
vt 0.343714178 0.730558217
vt 0.343714237 0.730558276
vt 0.343714237 0.630957544
vt 0.343714178 0.630957544
vt 0.36676994 0.730558276
vt 0.36676988 0.730558217
vt 0.36676988 0.630957544
vt 0.36676988 0.630957544
vt 0.36676988 0.730558217
vt 0.371381074 0.730558217
vt 0.371381074 0.630957544
vt 0.36676988 0.630957544
vt 0.371381074 0.730558217
vt 0.371381134 0.730558276
vt 0.371381134 0.630957544
vt 0.371381074 0.630957544
vt 0.394436836 0.730558276
vt 0.394436777 0.730558217
vt 0.394436777 0.630957544
vt 0.394436836 0.630957544
vt 0.394436777 0.730558217
vt 0.399047852 0.730558217
vt 0.399047852 0.630957544
vt 0.394436777 0.630957544
vt 0.399047852 0.730558217
vt 0.39904803 0.730558276
vt 0.39904803 0.630957544
vt 0.399047852 0.630957544
vt 0.422103733 0.730558276
vt 0.422103554 0.730558217
vt 0.422103554 0.630957544
vt 0.422103733 0.630957544
vt 0.422103554 0.730558217
vt 0.426714748 0.730558217
vt 0.426714748 0.630957544
vt 0.422103554 0.630957544
vt 0.426714748 0.730558217
vt 0.426714838 0.730558276
vt 0.426714838 0.630957544
vt 0.426714748 0.630957544
vt 0.44977054 0.730558276
vt 0.449770451 0.730558217
vt 0.449770451 0.630957544
vt 0.44977054 0.630957544
vt 0.449770451 0.730558217
vt 0.454381675 0.730558217
vt 0.454381675 0.630957544
vt 0.449770451 0.630957544
vt 0.454381675 0.730558217
vt 0.454381675 0.730558276
vt 0.454381675 0.630957544
vt 0.454381675 0.630957544
vt 0.477437377 0.730558276
vt 0.477437377 0.730558217
vt 0.477437377 0.630957544
vt 0.477437377 0.630957544
vt 0.477437377 0.730558217
vt 0.482048362 0.730558217
vt 0.482048362 0.630957544
vt 0.477437377 0.630957544
vt 0.482048362 0.730558217
vt 0.482048362 0.730558217
vt 0.482048512 0.630957544
vt 0.482048362 0.630957544
vt 0.505104184 0.730558276
vt 0.505104184 0.730558217
vt 0.505104184 0.630957544
vt 0.505104184 0.630957544
vt 0.505104184 0.730558217
vt 0.509715199 0.730558217
vt 0.509715199 0.630957544
vt 0.505104184 0.630957544
vt 0.509715199 0.730558217
vt 0.509715319 0.730558276
vt 0.509715319 0.630957544
vt 0.509715199 0.630957544
vt 0.532771051 0.730558276
vt 0.532771051 0.730558217
vt 0.532771051 0.630957544
vt 0.532771051 0.630957544
vt 0.532771051 0.730558217
vt 0.537382126 0.730558217
vt 0.537382126 0.630957544
vt 0.532771051 0.630957544
vt 0.537382126 0.730558217
vt 0.537382245 0.730558276
vt 0.537382245 0.630957544
vt 0.537382126 0.630957544
vt 0.560437918 0.730558276
vt 0.560437799 0.730558217
vt 0.560437799 0.630957544
vt 0.560437918 0.630957544
vt 0.560437799 0.730558217
vt 0.565048933 0.730558217
vt 0.565048933 0.630957544
vt 0.560437799 0.630957544
vt 0.565048933 0.730558217
vt 0.565049112 0.730558276
vt 0.565049112 0.630957544
vt 0.565048933 0.630957544
vt 0.588104844 0.730558276
vt 0.588104606 0.730558217
vt 0.588104606 0.630957544
vt 0.588104844 0.630957544
vt 0.588104606 0.730558217
vt 0.592715859 0.730558217
vt 0.592715859 0.630957544
vt 0.588104606 0.630957544
vt 0.592715859 0.730558217
vt 0.592715859 0.730558276
vt 0.592715859 0.630957544
vt 0.592715859 0.630957544
vt 0.615771711 0.730558276
vt 0.615771532 0.730558217
vt 0.615771532 0.630957544
vt 0.615771711 0.630957544
vt 0.615771532 0.730558217
vt 0.620382726 0.730558217
vt 0.620382726 0.630957544
vt 0.615771532 0.630957544
vt 0.620382726 0.730558217
vt 0.620382726 0.730558217
vt 0.620382905 0.630957544
vt 0.620382726 0.630957544
vt 0.643438578 0.730558276
vt 0.643438578 0.730558217
vt 0.643438578 0.630957544
vt 0.643438578 0.630957544
vt 0.643438578 0.730558217
vt 0.648049593 0.730558217
vt 0.648049593 0.630957544
vt 0.643438578 0.630957544
vt 0.648049593 0.730558217
vt 0.648049593 0.730558276
vt 0.648049593 0.630957544
vt 0.648049593 0.630957544
vt 0.671105325 0.730558276
vt 0.671105325 0.730558217
vt 0.671105325 0.630957544
vt 0.671105325 0.630957544
vt 0.671105325 0.730558217
vt 0.67571646 0.730558217
vt 0.67571646 0.630957544
vt 0.671105325 0.630957544
vt 0.67571646 0.730558217
vt 0.67571646 0.730558217
vt 0.675716639 0.630957544
vt 0.67571646 0.630957544
vt 0.698772311 0.730558276
vt 0.698772311 0.730558217
vt 0.698772311 0.630957544
vt 0.698772311 0.630957544
vt 0.698772311 0.730558217
vt 0.703383327 0.730558217
vt 0.703383327 0.630957544
vt 0.698772311 0.630957544
vt 0.703383327 0.730558217
vt 0.703383327 0.730558217
vt 0.703383327 0.630957544
vt 0.703383327 0.630957544
vt 0.990679145 0.730967224
vt 0.990679145 0.730967224
vt 0.990679145 0.631794751
vt 0.990679145 0.631794751
vt 0.963131368 0.730967224
vt 0.967722416 0.730967224
vt 0.967722416 0.631794751
vt 0.963131368 0.631794751
vt 0.967722416 0.730967224
vt 0.967722654 0.730967224
vt 0.967722654 0.631794751
vt 0.967722416 0.631794751
vt 0.963131368 0.730967224
vt 0.963131368 0.730967224
vt 0.963131368 0.631794751
vt 0.963131368 0.631794751
vt 0.935583293 0.730967224
vt 0.94017458 0.730967224
vt 0.940174758 0.631794751
vt 0.935583293 0.631794751
vt 0.94017458 0.730967224
vt 0.94017458 0.730967224
vt 0.940174758 0.631794751
vt 0.940174758 0.631794751
vt 0.935583293 0.730967224
vt 0.935583293 0.730967224
vt 0.935583293 0.631794751
vt 0.935583293 0.631794751
vt 0.908035398 0.730967224
vt 0.912626505 0.730967224
vt 0.912626505 0.631794751
vt 0.908035398 0.631794751
vt 0.912626505 0.730967224
vt 0.912626505 0.730967224
vt 0.912626505 0.631794751
vt 0.912626505 0.631794751
vt 0.908035398 0.730967224
vt 0.908035398 0.730967224
vt 0.908035398 0.631794751
vt 0.908035398 0.631794751
vt 0.880487561 0.730967224
vt 0.885078549 0.730967224
vt 0.885078549 0.631794751
vt 0.880487561 0.631794751
vt 0.885078549 0.730967224
vt 0.885078549 0.730967224
vt 0.885078549 0.631794751
vt 0.885078549 0.631794751
vt 0.880487561 0.730967224
vt 0.880487561 0.730967224
vt 0.880487561 0.631794751
vt 0.880487561 0.631794751
vt 0.852939487 0.730967224
vt 0.857530832 0.730967224
vt 0.857530832 0.631794751
vt 0.852939487 0.631794751
vt 0.857530832 0.730967224
vt 0.857531071 0.730967224
vt 0.857530832 0.631794751
vt 0.857530832 0.631794751
vt 0.852939487 0.730967224
vt 0.852939487 0.730967224
vt 0.852939487 0.631794751
vt 0.852939487 0.631794751
vt 0.829982936 0.730967224
vt 0.829982936 0.730967224
vt 0.829982936 0.631794751
vt 0.829982936 0.631794751
vt 0.802214563 0.730967224
vt 0.802214563 0.730967224
vt 0.802214563 0.631794751
vt 0.802214563 0.631794751
vt 0.765942812 0.730967224
vt 0.765942812 0.730967224
vt 0.765942812 0.631794751
vt 0.765942812 0.631794751
vt 0.742986262 0.730967224
vt 0.742986262 0.730967224
vt 0.742986262 0.631794751
vt 0.742986262 0.631794751
vt 0.797622979 0.730967224
vt 0.802214563 0.730967224
vt 0.802214563 0.631794751
vt 0.797622979 0.631794751
vt 0.797622979 0.730967224
vt 0.797622979 0.730967224
vt 0.797622979 0.631794751
vt 0.797622979 0.631794751
vt 0.761351466 0.730967224
vt 0.761351466 0.730967224
vt 0.761351466 0.631794751
vt 0.761351466 0.631794751
vt 0.761351466 0.730967224
vt 0.765942812 0.730967224
vt 0.765942812 0.631794751
vt 0.761351466 0.631794751
vt 0.00806987286 0.61436218
vt 0.00806987286 0.514945805
vt 0.00806987286 0.514945805
vt 0.00806987286 0.61436218
vt 0.25661099 0.61436218
vt 0.25661099 0.514945805
vt 0.25661099 0.514945805
vt 0.25661099 0.61436218
vt 0.25661099 0.61436218
vt 0.25661099 0.514945805
vt 0.25200814 0.514945805
vt 0.25200814 0.61436218
vt 0.25200814 0.61436218
vt 0.25200814 0.514945805
vt 0.25200814 0.514945805
vt 0.25200814 0.61436218
vt 0.228995115 0.61436218
vt 0.228995115 0.514945805
vt 0.228995115 0.514945805
vt 0.228995115 0.61436218
vt 0.228995115 0.61436218
vt 0.228995115 0.514945805
vt 0.224392563 0.514945805
vt 0.224392563 0.61436218
vt 0.224392563 0.61436218
vt 0.224392563 0.514945805
vt 0.224392295 0.514945805
vt 0.224392295 0.61436218
vt 0.201379627 0.61436218
vt 0.201379627 0.514945805
vt 0.201379865 0.514945805
vt 0.201379865 0.61436218
vt 0.201379865 0.61436218
vt 0.201379865 0.514945805
vt 0.196777105 0.514945805
vt 0.196777105 0.61436218
vt 0.196777105 0.61436218
vt 0.196777105 0.514945805
vt 0.196777105 0.514945805
vt 0.196777105 0.61436218
vt 0.173763752 0.61436218
vt 0.173763752 0.514945805
vt 0.173763752 0.514945805
vt 0.173763752 0.61436218
vt 0.173763752 0.61436218
vt 0.173763752 0.514945805
vt 0.169161171 0.514945805
vt 0.169161171 0.61436218
vt 0.169161171 0.61436218
vt 0.169161171 0.514945805
vt 0.169161171 0.514945805
vt 0.169161171 0.61436218
vt 0.146148264 0.61436218
vt 0.146148264 0.514945805
vt 0.146148264 0.514945805
vt 0.146148264 0.61436218
vt 0.146148264 0.61436218
vt 0.146148264 0.514945805
vt 0.141545326 0.514945805
vt 0.141545326 0.61436218
vt 0.141545326 0.61436218
vt 0.141545326 0.514945805
vt 0.141545326 0.514945805
vt 0.141545326 0.61436218
vt 0.11853233 0.61436218
vt 0.11853233 0.514945805
vt 0.11853233 0.514945805
vt 0.11853233 0.61436218
vt 0.11853233 0.61436218
vt 0.11853233 0.514945805
vt 0.113930136 0.514945805
vt 0.113930136 0.61436218
vt 0.113930136 0.61436218
vt 0.113930136 0.514945805
vt 0.113930136 0.514945805
vt 0.113929808 0.61436218
vt 0.0909168124 0.61436218
vt 0.0909168124 0.514945805
vt 0.0909168124 0.514945805
vt 0.0909168124 0.61436218
vt 0.0909168124 0.61436218
vt 0.0909168124 0.514945805
vt 0.0863142908 0.514945805
vt 0.0863142908 0.61436218
vt 0.0863142908 0.61436218
vt 0.0863142908 0.514945805
vt 0.0863142908 0.514945805
vt 0.0863142908 0.61436218
vt 0.0633013248 0.61436218
vt 0.0633013248 0.514945805
vt 0.0633013248 0.514945805
vt 0.0633013248 0.61436218
vt 0.0633013248 0.61436218
vt 0.0633013248 0.514945805
vt 0.0586987436 0.514945805
vt 0.0586987436 0.61436218
vt 0.0586987436 0.61436218
vt 0.0586987436 0.514945805
vt 0.0586987436 0.514945805
vt 0.0586984158 0.61436218
vt 0.0356854498 0.61436218
vt 0.0356854498 0.514945805
vt 0.0356854498 0.514945805
vt 0.0356854498 0.61436218
vt 0.0356854498 0.61436218
vt 0.0356854498 0.514945805
vt 0.0310829282 0.514945805
vt 0.0310829282 0.61436218
vt 0.0310829282 0.61436218
vt 0.0310829282 0.514945805
vt 0.0310829282 0.514945805
vt 0.0310829282 0.61436218
vt 0.728159547 0.61436218
vt 0.728159547 0.61436218
vt 0.728159547 0.514945805
vt 0.728159547 0.514945805
vt 0.705146551 0.61436218
vt 0.705146551 0.514945805
vt 0.705146551 0.514945805
vt 0.705146551 0.61436218
vt 0.705146551 0.61436218
vt 0.705146551 0.514945805
vt 0.700544 0.514945805
vt 0.700544 0.61436218
vt 0.700544 0.61436218
vt 0.700544 0.514945805
vt 0.700543642 0.514945805
vt 0.700544 0.61436218
vt 0.677530766 0.61436218
vt 0.677530766 0.514945805
vt 0.677530766 0.514945805
vt 0.677530766 0.61436218
vt 0.677530766 0.61436218
vt 0.677530766 0.514945805
vt 0.672928512 0.514945805
vt 0.672928512 0.61436218
vt 0.672928512 0.61436218
vt 0.672928512 0.514945805
vt 0.672928154 0.514945805
vt 0.672928512 0.61436218
vt 0.649915218 0.61436218
vt 0.649915218 0.514945805
vt 0.649915218 0.514945805
vt 0.649915218 0.61436218
vt 0.649915218 0.61436218
vt 0.649915218 0.514945805
vt 0.645312548 0.514945805
vt 0.645312548 0.61436218
vt 0.645312548 0.61436218
vt 0.645312548 0.514945805
vt 0.645312548 0.514945805
vt 0.645312548 0.61436218
vt 0.622299612 0.61436218
vt 0.622299612 0.514945805
vt 0.622299612 0.514945805
vt 0.622299612 0.61436218
vt 0.622299612 0.61436218
vt 0.622299612 0.514945805
vt 0.61769712 0.514945805
vt 0.61769712 0.61436218
vt 0.61769712 0.61436218
vt 0.61769712 0.514945805
vt 0.617696762 0.514945805
vt 0.617696762 0.61436218
vt 0.594683766 0.61436218
vt 0.594683766 0.514945805
vt 0.594683766 0.514945805
vt 0.594683766 0.61436218
vt 0.594683766 0.61436218
vt 0.594683766 0.514945805
vt 0.590081573 0.514945805
vt 0.590081573 0.61436218
vt 0.590081573 0.61436218
vt 0.590081573 0.514945805
vt 0.590081215 0.514945805
vt 0.590081215 0.61436218
vt 0.567068279 0.61436218
vt 0.567068279 0.514945805
vt 0.567068279 0.514945805
vt 0.567068279 0.61436218
vt 0.567068279 0.61436218
vt 0.567068279 0.514945805
vt 0.562465668 0.514945805
vt 0.562465668 0.61436218
vt 0.562465668 0.61436218
vt 0.562465668 0.514945805
vt 0.56246537 0.514945805
vt 0.56246537 0.61436218
vt 0.539452672 0.61436218
vt 0.539452672 0.514945805
vt 0.539452672 0.514945805
vt 0.539452672 0.61436218
vt 0.539452672 0.61436218
vt 0.539452672 0.514945805
vt 0.534849763 0.514945805
vt 0.534849763 0.61436218
vt 0.534849763 0.61436218
vt 0.534849763 0.514945805
vt 0.534849763 0.514945805
vt 0.534849763 0.61436218
vt 0.511836886 0.61436218
vt 0.511836886 0.514945805
vt 0.511836886 0.514945805
vt 0.511836886 0.61436218
vt 0.511836886 0.61436218
vt 0.511836886 0.514945805
vt 0.507234335 0.514945805
vt 0.507234335 0.61436218
vt 0.507234335 0.61436218
vt 0.507234335 0.514945805
vt 0.507234037 0.514945805
vt 0.507234037 0.61436218
vt 0.484221339 0.61436218
vt 0.484221339 0.514945805
vt 0.484221339 0.514945805
vt 0.484221339 0.61436218
vt 0.484221339 0.61436218
vt 0.484221339 0.514945805
vt 0.479618877 0.514945805
vt 0.479618877 0.61436218
vt 0.479618877 0.61436218
vt 0.479618877 0.514945805
vt 0.47961852 0.514945805
vt 0.479618877 0.61436218
vt 0.448708832 0.61436218
vt 0.448708832 0.61436218
vt 0.448708832 0.514945805
vt 0.448708832 0.514945805
vt 0.421093345 0.61436218
vt 0.421093345 0.61436218
vt 0.421093345 0.514945805
vt 0.421093047 0.514945805
vt 0.421093345 0.61436218
vt 0.425695896 0.61436218
vt 0.425695896 0.514945805
vt 0.421093345 0.514945805
vt 0.425695896 0.61436218
vt 0.425695896 0.61436218
vt 0.425695896 0.514945805
vt 0.425695896 0.514945805
vt 0.393477798 0.61436218
vt 0.393477798 0.61436218
vt 0.393477798 0.514945805
vt 0.393477798 0.514945805
vt 0.393477798 0.61436218
vt 0.398079991 0.61436218
vt 0.398079991 0.514945805
vt 0.393477798 0.514945805
vt 0.398079991 0.61436218
vt 0.398079991 0.61436218
vt 0.398079991 0.514945805
vt 0.398079991 0.514945805
vt 0.370464504 0.61436218
vt 0.370464504 0.61436218
vt 0.370464504 0.514945805
vt 0.370464504 0.514945805
vt 0.287617266 0.61436218
vt 0.287617266 0.514945805
vt 0.287617266 0.514945805
vt 0.287617266 0.61436218
vt 0.315233111 0.61436218
vt 0.315233111 0.514945805
vt 0.315233111 0.514945805
vt 0.315233111 0.61436218
vt 0.315233111 0.61436218
vt 0.315233111 0.514945805
vt 0.31063056 0.514945805
vt 0.31063056 0.61436218
vt 0.31063056 0.61436218
vt 0.31063056 0.514945805
vt 0.31063056 0.514945805
vt 0.31063056 0.61436218
vt 0.342848659 0.61436218
vt 0.342848659 0.514945805
vt 0.342848659 0.514945805
vt 0.342848659 0.61436218
vt 0.342848659 0.61436218
vt 0.342848659 0.514945805
vt 0.338246107 0.514945805
vt 0.338246107 0.61436218
vt 0.338246107 0.61436218
vt 0.338246107 0.514945805
vt 0.338246107 0.514945805
vt 0.338246107 0.61436218
vt 0.365861952 0.61436218
vt 0.365861952 0.514945805
vt 0.365861952 0.514945805
vt 0.365861952 0.61436218
vt 0.370464504 0.61436218
vt 0.370464504 0.514945805
vt 0.365861952 0.514945805
vt 0.365861952 0.61436218
vn -1 0 0
vn -1 0 0
vn -1 0 0
vn -0 0 -1
vn -0 0 -1
vn -0 0 -1
vn -1 0 0
vn -1 0 0
vn -1 0 0
vn -1 0 0
vn -1 0 0
vn -1 0 0
vn -1 0 0
vn -1 0 0
vn -1 0 0
vn -1 0 0
vn -1 0 0
vn -1 0 0
vn -1 0 0
vn -1 0 0
vn -1 0 0
vn -1 0 0
vn -1 0 0
vn -1 0 0
vn -1 0 0
vn -1 0 0
vn -1 0 0
vn -1 0 0
vn -1 0 0
vn -1 0 0
vn -1 0 0
vn -1 0 0
vn -1 0 0
vn -1 0 0
vn -1 0 0
vn -1 0 0
vn -1 0 0
vn -1 0 0
vn -1 0 0
vn -1 0 0
vn -1 0 0
vn -1 0 0
vn -1 0 0
vn -1 0 0
vn -1 0 0
vn -1 0 0
vn -1 0 0
vn -1 0 0
vn -1 0 0
vn -1 0 0
vn -0 0 -1
vn -0 0 -1
vn -0 0 -1
vn -0 0 -1
vn -0 0 -1
vn -0 0 -1
vn -0 0 -1
vn -0 0 -1
vn -0 0 -1
vn -0 0 -1
vn -0 0 -1
vn -0 0 -1
vn -0 0 -1
vn -0 0 -1
vn -0 0 -1
vn -0 0 -1
vn -0 0 -1
vn -0 0 -1
vn -0 0 -1
vn -0 0 -1
vn -0 0 -1
vn -0 0 -1
vn -0 0 -1
vn -0 0 -1
vn -0 0 -1
vn -0 0 -1
vn -0 0 -1
vn -0 0 -1
vn -0 0 -1
vn -0 0 -1
vn -0 0 -1
vn -0 0 -1
vn -0 0 -1
vn -0 0 -1
vn -0 0 -1
vn -0 0 -1
vn -0 0 -1
vn -0 0 -1
vn -0 0 -1
vn -0 0 -1
vn -0 0 -1
vn -0 0 -1
vn -0 0 -1
vn -0 0 -1
vn -0 0 -1
vn -0 0 -1
vn -0 0 -1
vn -0 0 -1
vn -0 0 -1
vn -0 0 -1
vn -0 0 -1
vn -0 0 -1
vn -0 0 -1
vn -0 0 -1
vn -0 0 -1
vn -0 0 -1
vn -0 0 -1
vn -0 0 -1
vn -0 0 -1
vn -0 0 -1
vn -0 0 -1
vn -0 0 -1
vn -0 0 -1
vn -0 0 -1
vn -0 0 -1
vn -0 0 -1
vn -0 0 -1
vn -0 0 -1
vn -0 0 -1
vn -0 0 -1
vn -0 0 -1
vn -0 0 -1
vn -0 0 -1
vn -0 0 -1
vn -0 0 -1
vn -0 0 -1
vn -0 0 -1
vn -0 0 -1
vn -0 0 -1
vn -0 0 -1
vn -0 0 -1
vn -0 0 -1
vn -0 0 -1
vn -0 0 -1
vn -0 0 -1
vn -0 0 -1
vn -0 0 -1
vn -0 0 -1
vn -0 0 -1
vn -0 0 -1
vn -0 0 -1
vn -0 0 -1
vn -0 0 -1
vn -0 0 -1
vn -0 0 -1
vn -0 0 -1
vn -0 0 -1
vn -0 0 -1
vn -0 0 -1
vn -0 0 -1
vn -0 0 -1
vn -0 0 -1
vn -0 0 -1
vn -0 0 -1
vn -0 0 -1
vn -0 0 -1
vn -0 0 -1
vn -0 0 -1
vn -0 0 -1
vn -0 0 -1
vn -0 0 -1
vn -0 0 -1
vn -0 0 -1
vn -0 0 -1
vn -0 0 -1
vn -0 0 -1
vn -0 0 -1
vn -0 0 -1
vn 1 0 0
vn 1 0 0
vn 1 0 0
vn 1 0 0
vn 1 0 0
vn 1 0 0
vn 1 0 0
vn 1 0 0
vn 1 0 0
vn 1 0 0
vn 1 0 0
vn 1 0 0
vn 1 0 0
vn 1 0 0
vn 1 0 0
vn 1 0 0
vn 1 0 0
vn 1 0 0
vn 1 0 0
vn 1 0 0
vn 1 0 0
vn 1 0 0
vn 1 0 0
vn 1 0 0
vn 1 0 0
vn 1 0 0
vn 1 0 0
vn 1 0 0
vn 1 0 0
vn 1 0 0
vn 1 0 0
vn 1 0 0
vn 1 0 0
vn 1 0 0
vn 1 0 0
vn 1 0 0
vn 1 0 0
vn 1 0 0
vn 1 0 0
vn 1 0 0
vn 1 0 0
vn 1 0 0
vn 1 0 0
vn 1 0 0
vn 1 0 0
vn -0 0 1
vn -0 0 1
vn -0 0 1
vn -0 0 1
vn -0 0 1
vn -0 0 1
vn -0 0 1
vn -0 0 1
vn -0 0 1
vn -0 0 1
vn -0 0 1
vn -0 0 1
vn -0 0 1
vn -0 0 1
vn -0 0 1
vn -0 0 1
vn -0 0 1
vn -0 0 1
vn -0 0 1
vn -0 0 1
vn -0 0 1
vn -0 0 1
vn -0 0 1
vn -0 0 1
vn -0 0 1
vn -0 0 1
vn -0 0 1
vn -0 0 1
vn -0 0 1
vn -0 0 1
vn -0 0 1
vn -0 0 1
vn -0 0 1
vn -0 0 1
vn -0 0 1
vn -0 0 1
vn -0 0 1
vn -0 0 1
vn -0 0 1
vn -0 0 1
vn -0 0 1
vn -0 0 1
vn -0 0 1
vn -0 0 1
vn -0 0 1
vn -0 0 1
vn -0 0 1
vn -0 0 1
vn -0 0 1
vn -0 0 1
vn -0 0 1
vn -0 0 1
vn -0 0 1
vn -0 0 1
vn -0 0 1
vn -0 0 1
vn -0 0 1
vn -0 0 1
vn -0 0 1
vn -0 0 1
vn -0 0 1
vn -0 0 1
vn -0 0 1
vn -0 0 1
vn -0 0 1
vn -0 0 1
vn -0 0 1
vn -0 0 1
vn -0 0 1
vn -0 0 1
vn -0 0 1
vn -0 0 1
vn -0 0 1
vn -0 0 1
vn -0 0 1
vn -0 0 1
vn -0 0 1
vn -0 0 1
vn -0 0 1
vn -0 0 1
vn -0 0 1
vn -0 0 1
vn -0 0 1
vn -0 0 1
vn -0 0 1
vn -0 0 1
vn -0 0 1
vn -0 0 1
vn -0 0 1
vn -0 0 1
vn -0 0 1
vn -0 0 1
vn -0 0 1
vn -0 0 1
vn -0 0 1
vn -0 0 1
vn -0 0 1
vn -0 0 1
vn -0 0 1
vn -0 0 1
vn -0 0 1
vn -0 0 1
vn -0 0 1
vn -0 0 1
vn -0 0 1
vn -0 0 1
vn -0 0 1
vn -0 0 1
vn -0 0 1
vn -0 0 1
vn -1 0 0
vn -1 0 0
vn -1 0 0
vn -1 0 0
vn -1 0 0
vn -1 0 0
vn -1 0 0
vn -1 0 0
vn -1 0 0
vn -1 0 0
vn -1 0 0
vn -1 0 0
vn -0 0 -1
vn -0 0 -1
vn -0 0 -1
vn -0 0 -1
vn -0 0 -1
vn -0 0 -1
vn -0 0 -1
vn -0 0 -1
vn -0 0 -1
vn -0 0 -1
vn -0 0 -1
vn -0 0 -1
vn -0 0 -1
vn -0 0 -1
vn -0 0 -1
vn -0 0 -1
vn -0 0 -1
vn -0 0 -1
vn -0 0 -1
vn -0 0 -1
vn -0 0 -1
vn -0 0 -1
vn -0 0 -1
vn -0 0 -1
vn -0 0 -1
vn -0 0 -1
vn -0 0 -1
vn -0 0 -1
vn -0 0 -1
vn -0 0 -1
vn -0 0 -1
vn -0 0 -1
vn -0 0 -1
vn -0 0 -1
vn -0 0 -1
vn -0 0 -1
vn 1 0 0
vn 1 0 0
vn 1 0 0
vn 1 0 0
vn 1 1.05963827E-05 0
vn 1 1.05963827E-05 0
vn -1 0 0
vn -1 0 0
vn -1 0 0
vn -1 0 0
vn -1 0 0
vn -1 0 0
vn 1 0 0
vn 1 0 0
vn 1 0 0
vn 1 0 0
vn 1 0 0
vn 1 0 0
vn 1 0 0
vn 1 0 0
vn 1 0 0
vn 1 0 0
vn 1 0 0
vn 1 0 0
vn -0 0 -1
vn -0 0 -1
vn -0 0 -1
vn -0 0 -1
vn -0 0 -1
vn -0 0 -1
vn -0 0 -1
vn -0 0 -1
vn -0 0 -1
vn -1 0 0
vn -1 0 0
vn -1 0 0
vn -1 0 0
vn -1 0 0
vn -1 0 0
vn 1 0 0
vn 1 0 0
vn 1 0 0
vn 1 0 0
vn 1 0 0
vn 1 0 0
vn 1 0 0
vn 1 0 0
vn 1 0 0
vn 1 0 0
vn 1 0 0
vn 1 0 0
vn 1 0 0
vn 1 0 0
vn 1 0 0
vn 1 0 0
vn -0 0 -1
vn -0 0 -1
vn -0 0 -1
vn -0 0 -1
vn -0 0 -1
vn -0 0 -1
vn -0 0 1
vn -0 0 1
vn -0 0 1
vn -0 0 1
vn -0 0 1
vn -0 0 1
vn 1 0 0
vn 1 0 0
vn 1 0 0
vn 1 0 0
vn 1 0 0
vn 1 0 0
vn 1 0 0
vn 1 0 0
vn 1 0 0
vn -0 0 1
vn -0 0 1
vn -0 0 1
vn -0 0 1
vn -0 0 1
vn -0 0 1
vn -0 0 -1
vn -0 0 -1
vn -0 0 -1
vn -0 0 -1
vn -0 0 -1
vn -0 0 -1
vn -0 0 -1
vn -0 0 -1
vn -0 0 -1
vn -0 0 -1
vn 1 0 0
vn 1 0 0
vn 1 0 0
vn 1 0 0
vn 1 0 0
vn 1 0 0
vn 1 0 0
vn 1 0 0
vn 1 0 0
vn 1 0 0
vn 1 0 0
vn -0 1 0
vn -0 1 0
vn -0 1 0
vn -0 1 0
vn -0 1 0
vn -0 1 0
vn -0 1 0
vn -0 1 0
vn -0 1 0
vn -0 1 0
vn -0 1 0
vn -0 1 0
vn -0 1 0
vn -0 1 0
vn -0 1 0
vn -0 1 0
vn -0 1 0
vn -0 1 0
vn -0 1 0
vn -0 1 0
vn -0 1 0
vn -0 1 0
vn -0 1 0
vn -0 1 0
vn -0 1 0
vn -0 1 0
vn -0 1 0
vn -0 1 0
vn -0 1 0
vn -0 1 0
vn -0 0.997630358 -0.0688020959
vn -0 0.997630358 -0.0688020959
vn -0 0.997630358 -0.0688020959
vn -0 0.997630358 -0.0688021183
vn -0 0.997630358 -0.0688021183
vn -0 0.997630358 -0.0688021183
vn -0 0.997630358 -0.0688021034
vn -0 1 0
vn -0 1 0
vn -0 1 0
vn -0 1 0
vn -0 0 1
vn -0 0 1
vn -0 0 1
vn -0 0 1
vn -0 0 1
vn -0 0 1
vn -0 0 1
vn -0 0 1
vn -0 0 1
vn -0 0 1
vn -0 0 1
vn -0 0 1
vn -0 0 1
vn -0 0 1
vn -0 0 1
vn -0 0 1
vn -0 1 0
vn -0 1 0
vn -0 1 0
vn -0 1 0
vn -0 1 0
vn -0 1 0
vn -0 1 0
vn -0 1 0
vn -0 1 0
vn -0 1 0
vn 0.592478156 0.805586636 0
vn 0.592478156 0.805586636 0
vn 0.592478156 0.805586636 0
vn 0.592478156 0.805586636 0
vn -0 1 0
vn -0 1 0
vn -0 1 0
vn -0 1 0
vn -0 1 0
vn -0 1 0
vn -0 1 0
vn -0 1 0
vn -0 1 0
vn -0 1 0
vn 0.631327987 0.775515974 0
vn 0.631327987 0.775515974 0
vn 0.631327987 0.775515974 0
vn 0.631327987 0.775515974 0
vn -0.539204836 0.84217459 0
vn -0.539204836 0.84217459 0
vn -0.539204836 0.84217459 0
vn -0.539204836 0.84217459 0
vn -0.55294472 0.833217919 0
vn -0.55294472 0.833217919 0
vn -0.55294472 0.833217919 0
vn -0.55294472 0.833217919 0
vn -0 1 0
vn -0 1 0
vn -0 1 0
vn -0 1 0
vn -0 1 0
vn -0 1 0
vn -0 1 0
vn -0 1 0
vn -0 1 0
vn -0 1 0
vn -0 0.805585682 -0.592479289
vn -0 0.805585682 -0.592479289
vn -0 0.805585682 -0.592479289
vn -0 0.805585682 -0.592479289
vn -0 1 0
vn -0 1 0
vn -0 1 0
vn -0 1 0
vn -0 1 0
vn -0 1 0
vn -0 1 0
vn -0 1 0
vn -0 1 0
vn -0 1 0
vn -0 0.775515914 -0.631328106
vn -0 0.775515914 -0.631328106
vn -0 0.775515914 -0.631328106
vn -0 0.775515914 -0.631328106
vn -0 0.84217453 0.539205074
vn -0 0.84217453 0.539205074
vn -0 0.84217453 0.539205074
vn -0 0.84217453 0.539205074
vn -0 0.833217561 0.552945375
vn -0 0.833217561 0.552945375
vn -0 0.833217561 0.552945375
vn -0 0.833217561 0.552945375
vn 1 0 0
vn 1 0 0
vn 1 0 0
vn 1 0 0
vn 1 0 0
vn 1 0 0
vn 1 0 0
vn 1 0 0
vn 1 0 0
vn 1 0 0
vn -1 0 0
vn -1 0 0
vn -1 0 0
vn -1 0 0
vn -1 0 -1.21736975E-05
vn -1 0 -1.21736975E-05
vn -1 0 -1.21736975E-05
vn -1 0 1.21736975E-05
vn -1 0 1.21736975E-05
vn -1 0 1.21736975E-05
vn -0 1 0
vn -0 1 0
vn -0 1 0
vn -0 1 0
vn -1 0 0
vn -1 0 0
vn -1 0 0
vn -1 0 0
vn -1 0 0
vn -1 0 0
vn -1 0 0
vn -0 1 0
vn -0 1 0
vn -0 1 0
vn -0 1 0
vn -0 0 -1
vn -0 0 -1
vn -0 0 -1
vn -0 0 -1
vn -0 0 -1
vn -0 0 -1
vn -0 0 -1
vn -0 0 -1
vn -0 0 -1
vn -0 0 -1
vn 1 0 0
vn 1 0 0
vn 1 0 0
vn 1 0 0
vn 1 0 1.13028073E-05
vn 1 0 1.13028073E-05
vn 1 0 1.13028073E-05
vn 1 0 0
vn 1 0 0
vn 1 0 0
vn -0 1 0
vn -0 1 0
vn -0 1 0
vn -0 1 0
vn 1 0 0
vn 1 0 0
vn 1 0 0
vn 1 0 0
vn 1 0 0
vn 1 0 0
vn 1 0 0
vn -0 1 0
vn -0 1 0
vn -0 1 0
vn -0 1 0
vn -0 0 1
vn -0 0 1
vn -0 0 1
vn -0 0 1
vn -0 0 1
vn -0 0 1
vn -0 0 1
vn -0 1 0
vn -0 1 0
vn -0 1 0
vn -0 1 0
vn -0 0 1
vn -0 0 1
vn -0 0 1
vn -0 0 1
vn -0 0 1
vn -0 0 1
vn -0 0 1
vn -0 1 0
vn -0 1 0
vn -0 1 0
vn -0 1 0
vn -0 1 0
vn -0 1 0
vn -0 1 0
vn -0 1 0
vn -0 0 1
vn -0 0 1
vn -0 0 1
vn -0 0 1
vn -0 0 1
vn -0 0 1
vn -0 0 1
vn -0 0 1
vn -0 0 1
vn -0 0 1
vn -0 1 0
vn -0 1 0
vn -0 1 0
vn -0 1 0
vn -0 0 1
vn -0 0 1
vn -0 0 1
vn -0 0 1
vn -0 0 1
vn -0 0 1
vn -0 0 1
vn -0 0 1
vn -0 0 1
vn -0 0 1
vn -0 0 1
vn -0 0 1
vn -0 0 1
vn -1 0 0
vn -1 0 0
vn -1 0 0
vn -1 0 0
vn -2.86105787E-05 0 -1
vn -2.86105787E-05 0 -1
vn -2.86105787E-05 0 -1
vn -2.86105787E-05 0 -1
vn -0 0 1
vn -0 0 1
vn -0 0 1
vn -0 0 1
vn -1 0 0
vn -1 0 0
vn -1 0 0
vn -1 0 0
vn -0 0 -1
vn -0 0 -1
vn -0 0 -1
vn -0 0 -1
vn -0 0 1
vn -0 0 1
vn -0 0 1
vn -0 0 1
vn -1 0 0
vn -1 0 0
vn -1 0 0
vn -1 0 0
vn -2.86105787E-05 0 -1
vn -2.86105787E-05 0 -1
vn -2.86105787E-05 0 -1
vn -2.86105787E-05 0 -1
vn -0 0 1
vn -0 0 1
vn -0 0 1
vn -0 0 1
vn -1 0 0
vn -1 0 0
vn -1 0 0
vn -1 0 0
vn -4.29157735E-05 0 -1
vn -4.29157735E-05 0 -1
vn -4.29157735E-05 0 -1
vn -4.29157735E-05 0 -1
vn -0 0 1
vn -0 0 1
vn -0 0 1
vn -0 0 1
vn -1 0 0
vn -1 0 0
vn -1 0 0
vn -1 0 0
vn -1.43052584E-05 0 -1
vn -1.43052584E-05 0 -1
vn -1.43052584E-05 0 -1
vn -1.43052584E-05 0 -1
vn -0 0 1
vn -0 0 1
vn -0 0 1
vn -0 0 1
vn -1.43052584E-05 0 -1
vn -1.43052584E-05 0 -1
vn -1.43052584E-05 0 -1
vn -1.43052584E-05 0 -1
vn -1 0 0
vn -1 0 0
vn -1 0 0
vn -1 0 0
vn -0 0 -1
vn -0 0 -1
vn -0 0 -1
vn -0 0 -1
vn -0 0 1
vn -0 0 1
vn -0 0 1
vn -0 0 1
vn -0 0 -1
vn -0 0 -1
vn -0 0 -1
vn -0 0 -1
vn -0 0 1
vn -0 0 1
vn -0 0 1
vn -0 0 1
vn -1 0 0
vn -1 0 0
vn -1 0 0
vn -1 0 0
vn -0 0 -1
vn -0 0 -1
vn -0 0 -1
vn -0 0 -1
vn -1 0 0
vn -1 0 0
vn -1 0 0
vn -1 0 0
vn 1 0 -2.18410605E-05
vn 1 0 -2.18410605E-05
vn 1 0 -2.18410605E-05
vn 1 0 -2.18410605E-05
vn 1 0 8.47614574E-05
vn 1 0 8.47614574E-05
vn 1 0 8.47614574E-05
vn 1 0 8.47614574E-05
vn -0 0 -1
vn -0 0 -1
vn -0 0 -1
vn -0 0 -1
vn -1 0 -2.82542242E-05
vn -1 0 -2.82542242E-05
vn -1 0 -2.82542242E-05
vn -1 0 -2.82542242E-05
vn 1 0 5.65081791E-05
vn 1 0 5.65081791E-05
vn 1 0 5.65081791E-05
vn 1 0 5.65081791E-05
vn -0 0 -1
vn -0 0 -1
vn -0 0 -1
vn -0 0 -1
vn -1 0 -2.82544934E-05
vn -1 0 -2.82544934E-05
vn -1 0 -2.82544934E-05
vn -1 0 -2.82544934E-05
vn 1 0 8.47630727E-05
vn 1 0 8.47630727E-05
vn 1 0 8.47630727E-05
vn 1 0 8.47630727E-05
vn -0 0 -1
vn -0 0 -1
vn -0 0 -1
vn -0 0 -1
vn -1 0 -5.65095215E-05
vn -1 0 -5.65095215E-05
vn -1 0 -5.65095215E-05
vn -1 0 -5.65095215E-05
vn 1 0 8.47638803E-05
vn 1 0 8.47638803E-05
vn 1 0 8.47638803E-05
vn 1 0 8.47638803E-05
vn -0 0 -1
vn -0 0 -1
vn -0 0 -1
vn -0 0 -1
vn -1 0 -5.65100599E-05
vn -1 0 -5.65100599E-05
vn -1 0 -5.65100599E-05
vn -1 0 -5.65100599E-05
vn 1 0 8.47646879E-05
vn 1 0 8.47646879E-05
vn 1 0 8.47646879E-05
vn 1 0 8.47646879E-05
vn -0 0 -1
vn -0 0 -1
vn -0 0 -1
vn -0 0 -1
vn -1 0 -5.6510602E-05
vn -1 0 -5.6510602E-05
vn -1 0 -5.6510602E-05
vn -1 0 -5.6510602E-05
vn 1 0 7.06379142E-05
vn 1 0 7.06379142E-05
vn 1 0 7.06379142E-05
vn 1 0 7.06379142E-05
vn -0 0 -1
vn -0 0 -1
vn -0 0 -1
vn -0 0 -1
vn -1 0 -5.65111441E-05
vn -1 0 -5.65111441E-05
vn -1 0 -5.65111441E-05
vn -1 0 -5.65111441E-05
vn 1 0 8.47663105E-05
vn 1 0 8.47663105E-05
vn 1 0 8.47663105E-05
vn 1 0 8.47663105E-05
vn -0 0 -1
vn -0 0 -1
vn -0 0 -1
vn -0 0 -1
vn -1 0 -5.65116788E-05
vn -1 0 -5.65116788E-05
vn -1 0 -5.65116788E-05
vn -1 0 -5.65116788E-05
vn 1 0 8.47671181E-05
vn 1 0 8.47671181E-05
vn 1 0 8.47671181E-05
vn 1 0 8.47671181E-05
vn -0 0 -1
vn -0 0 -1
vn -0 0 -1
vn -0 0 -1
vn -1 0 -7.06402716E-05
vn -1 0 -7.06402716E-05
vn -1 0 -7.06402716E-05
vn -1 0 -7.06402716E-05
vn 1 0 7.06399369E-05
vn 1 0 7.06399369E-05
vn 1 0 7.06399369E-05
vn 1 0 7.06399369E-05
vn -0 0 -1
vn -0 0 -1
vn -0 0 -1
vn -0 0 -1
vn -1 0 -6.35768447E-05
vn -1 0 -6.35768447E-05
vn -1 0 -6.35768447E-05
vn -1 0 -6.35768447E-05
vn 1 0 7.77046662E-05
vn 1 0 7.77046662E-05
vn 1 0 7.77046662E-05
vn 1 0 7.77046662E-05
vn -0 0 -1
vn -0 0 -1
vn -0 0 -1
vn -0 0 -1
vn -1 0 -2.82585406E-05
vn -1 0 -2.82585406E-05
vn -1 0 -2.82585406E-05
vn -1 0 -2.82585406E-05
vn 1 0 7.06412829E-05
vn 1 0 7.06412829E-05
vn 1 0 7.06412829E-05
vn 1 0 7.06412829E-05
vn -0 0 -1
vn -0 0 -1
vn -0 0 -1
vn -0 0 -1
vn -1 0 -3.1791009E-05
vn -1 0 -3.1791009E-05
vn -1 0 -3.1791009E-05
vn -1 0 -3.1791009E-05
vn 1 0 6.35777687E-05
vn 1 0 6.35777687E-05
vn 1 0 6.35777687E-05
vn 1 0 6.35777687E-05
vn -0 0 -1
vn -0 0 -1
vn -0 0 -1
vn -0 0 -1
vn -1 0 -6.53447423E-05
vn -1 0 -6.53447423E-05
vn -1 0 -6.53447423E-05
vn -1 0 -6.53447423E-05
vn 1 0 3.1570682E-05
vn 1 0 3.1570682E-05
vn 1 0 3.1570682E-05
vn 1 0 3.1570682E-05
vn -0 0 -1
vn -0 0 -1
vn -0 0 -1
vn -0 0 -1
vn -1 0 -6.46830813E-05
vn -1 0 -6.46830813E-05
vn -1 0 -6.46830813E-05
vn -1 0 -6.46830813E-05
vn 1 0 6.35789766E-05
vn 1 0 6.35789766E-05
vn 1 0 6.35789766E-05
vn 1 0 6.35789766E-05
vn -0 0 -1
vn -0 0 -1
vn -0 0 -1
vn -0 0 -1
vn -1 0 -6.35798788E-05
vn -1 0 -6.35798788E-05
vn -1 0 -6.35798788E-05
vn -1 0 -6.35798788E-05
vn 1 0 6.00473759E-05
vn 1 0 6.00473759E-05
vn 1 0 6.00473759E-05
vn 1 0 6.00473759E-05
vn -0 0 -1
vn -0 0 -1
vn -0 0 -1
vn -0 0 -1
vn -1 0 -6.358049E-05
vn -1 0 -6.358049E-05
vn -1 0 -6.358049E-05
vn -1 0 -6.358049E-05
vn 1 0 6.35801844E-05
vn 1 0 6.35801844E-05
vn 1 0 6.35801844E-05
vn 1 0 6.35801844E-05
vn -0 0 -1
vn -0 0 -1
vn -0 0 -1
vn -0 0 -1
vn -1 0 -6.35811011E-05
vn -1 0 -6.35811011E-05
vn -1 0 -6.35811011E-05
vn -1 0 -6.35811011E-05
vn 1 0 5.65162663E-05
vn 1 0 5.65162663E-05
vn 1 0 5.65162663E-05
vn 1 0 5.65162663E-05
vn -0 0 -1
vn -0 0 -1
vn -0 0 -1
vn -0 0 -1
vn -1 0 -2.82594829E-05
vn -1 0 -2.82594829E-05
vn -1 0 -2.82594829E-05
vn -1 0 -2.82594829E-05
vn 1 0 4.23876008E-05
vn 1 0 4.23876008E-05
vn 1 0 4.23876008E-05
vn 1 0 4.23876008E-05
vn -0 0 -1
vn -0 0 -1
vn -0 0 -1
vn -0 0 -1
vn -1 0 -7.06470091E-05
vn -1 0 -7.06470091E-05
vn -1 0 -7.06470091E-05
vn -1 0 -7.06470091E-05
vn 1 0 5.65173395E-05
vn 1 0 5.65173395E-05
vn 1 0 5.65173395E-05
vn 1 0 5.65173395E-05
vn -0 0 -1
vn -0 0 -1
vn -0 0 -1
vn -0 0 -1
vn -1 0 -5.65181435E-05
vn -1 0 -5.65181435E-05
vn -1 0 -5.65181435E-05
vn -1 0 -5.65181435E-05
vn 1 0 4.23884048E-05
vn 1 0 4.23884048E-05
vn 1 0 4.23884048E-05
vn 1 0 4.23884048E-05
vn -0 0 -1
vn -0 0 -1
vn -0 0 -1
vn -0 0 -1
vn -1 0 -5.65186856E-05
vn -1 0 -5.65186856E-05
vn -1 0 -5.65186856E-05
vn -1 0 -5.65186856E-05
vn 1 0 2.82592082E-05
vn 1 0 2.82592082E-05
vn 1 0 2.82592082E-05
vn 1 0 2.82592082E-05
vn -0 0 -1
vn -0 0 -1
vn -0 0 -1
vn -0 0 -1
vn -1 0 -5.65192277E-05
vn -1 0 -5.65192277E-05
vn -1 0 -5.65192277E-05
vn -1 0 -5.65192277E-05
vn 1 0 2.82594792E-05
vn 1 0 2.82594792E-05
vn 1 0 2.82594792E-05
vn 1 0 2.82594792E-05
vn -0 0 -1
vn -0 0 -1
vn -0 0 -1
vn -0 0 -1
vn -1 0 -2.82601577E-05
vn -1 0 -2.82601577E-05
vn -1 0 -2.82601577E-05
vn -1 0 -2.82601577E-05
vn 1 0 0
vn 1 0 0
vn 1 0 0
vn 1 0 0
vn -0 0 -1
vn -0 0 -1
vn -0 0 -1
vn -0 0 -1
vn -1 0 -5.65203009E-05
vn -1 0 -5.65203009E-05
vn -1 0 -5.65203009E-05
vn -1 0 -5.65203009E-05
vn 1 0 2.82600158E-05
vn 1 0 2.82600158E-05
vn 1 0 2.82600158E-05
vn 1 0 2.82600158E-05
vn -0 0 -1
vn -0 0 -1
vn -0 0 -1
vn -0 0 -1
vn -1 0 -5.65208502E-05
vn -1 0 -5.65208502E-05
vn -1 0 -5.65208502E-05
vn -1 0 -5.65208502E-05
vn 1 0 2.8260285E-05
vn 1 0 2.8260285E-05
vn 1 0 2.8260285E-05
vn 1 0 2.8260285E-05
vn -0 0 -1
vn -0 0 -1
vn -0 0 -1
vn -0 0 -1
vn -1 0 -5.65211267E-05
vn -1 0 -5.65211267E-05
vn -1 0 -5.65211267E-05
vn -1 0 -5.65211267E-05
vn -0 0 1
vn -0 0 1
vn -0 0 1
vn -0 0 1
vn 1 0 0
vn 1 0 0
vn 1 0 0
vn 1 0 0
vn 5.24527313E-05 0 -1
vn 5.24527313E-05 0 -1
vn 5.24527313E-05 0 -1
vn 5.24527313E-05 0 -1
vn -0 0 1
vn -0 0 1
vn -0 0 1
vn -0 0 1
vn 1 0 0
vn 1 0 0
vn 1 0 0
vn 1 0 0
vn 1.90737192E-05 0 -1
vn 1.90737192E-05 0 -1
vn 1.90737192E-05 0 -1
vn 1.90737192E-05 0 -1
vn -0 0 1
vn -0 0 1
vn -0 0 1
vn -0 0 1
vn 1 0 0
vn 1 0 0
vn 1 0 0
vn 1 0 0
vn 1.90737192E-05 0 -1
vn 1.90737192E-05 0 -1
vn 1.90737192E-05 0 -1
vn 1.90737192E-05 0 -1
vn -0 0 1
vn -0 0 1
vn -0 0 1
vn -0 0 1
vn 1 0 0
vn 1 0 0
vn 1 0 0
vn 1 0 0
vn -0 0 -1
vn -0 0 -1
vn -0 0 -1
vn -0 0 -1
vn -1.19210772E-05 0 1
vn -1.19210772E-05 0 1
vn -1.19210772E-05 0 1
vn -1.19210772E-05 0 1
vn 1 0 0
vn 1 0 0
vn 1 0 0
vn 1 0 0
vn 3.33790122E-05 0 -1
vn 3.33790122E-05 0 -1
vn 3.33790122E-05 0 -1
vn 3.33790122E-05 0 -1
vn -0 0 1
vn -0 0 1
vn -0 0 1
vn -0 0 1
vn -0 0 -1
vn -0 0 -1
vn -0 0 -1
vn -0 0 -1
vn -0 0 -1
vn -0 0 -1
vn -0 0 -1
vn -0 0 -1
vn -0 0 -1
vn -0 0 -1
vn -0 0 -1
vn -0 0 -1
vn -0 0 -1
vn -0 0 -1
vn -0 0 -1
vn -0 0 -1
vn 1 0 0
vn 1 0 0
vn 1 0 0
vn 1 0 0
vn -0 0 1
vn -0 0 1
vn -0 0 1
vn -0 0 1
vn -0 0 1
vn -0 0 1
vn -0 0 1
vn -0 0 1
vn 1 0 0
vn 1 0 0
vn 1 0 0
vn 1 0 0
vn 1 0 3.03949237E-05
vn 1 0 3.03949237E-05
vn 1 0 3.03949237E-05
vn 1 0 3.03949237E-05
vn 1 0 -6.42253071E-05
vn 1 0 -6.42253071E-05
vn 1 0 -6.42253071E-05
vn 1 0 -6.42253071E-05
vn -0 0 1
vn -0 0 1
vn -0 0 1
vn -0 0 1
vn -1 0 5.98927472E-05
vn -1 0 5.98927472E-05
vn -1 0 5.98927472E-05
vn -1 0 5.98927472E-05
vn 1 0 -5.73262369E-05
vn 1 0 -5.73262369E-05
vn 1 0 -5.73262369E-05
vn 1 0 -5.73262369E-05
vn -0 0 1
vn -0 0 1
vn -0 0 1
vn -0 0 1
vn -1 0 6.07199909E-05
vn -1 0 6.07199909E-05
vn -1 0 6.07199909E-05
vn -1 0 6.07199909E-05
vn 1 0 -8.57470877E-05
vn 1 0 -8.57470877E-05
vn 1 0 -8.57470877E-05
vn 1 0 -8.57470877E-05
vn -0 0 1
vn -0 0 1
vn -0 0 1
vn -0 0 1
vn -1 0 6.15472236E-05
vn -1 0 6.15472236E-05
vn -1 0 6.15472236E-05
vn -1 0 6.15472236E-05
vn 1 0 -8.59118372E-05
vn 1 0 -8.59118372E-05
vn 1 0 -8.59118372E-05
vn 1 0 -8.59118372E-05
vn -0 0 1
vn -0 0 1
vn -0 0 1
vn -0 0 1
vn -1 0 6.23744272E-05
vn -1 0 6.23744272E-05
vn -1 0 6.23744272E-05
vn -1 0 6.23744272E-05
vn 1 0 -8.60765722E-05
vn 1 0 -8.60765722E-05
vn 1 0 -8.60765722E-05
vn 1 0 -8.60765722E-05
vn -0 0 1
vn -0 0 1
vn -0 0 1
vn -0 0 1
vn -1 0 0
vn -1 0 0
vn -1 0 0
vn -1 0 0
vn 1 0 -8.62413071E-05
vn 1 0 -8.62413071E-05
vn 1 0 -8.62413071E-05
vn 1 0 -8.62413071E-05
vn -0 0 1
vn -0 0 1
vn -0 0 1
vn -0 0 1
vn -1 0 3.42702588E-05
vn -1 0 3.42702588E-05
vn -1 0 3.42702588E-05
vn -1 0 3.42702588E-05
vn 1 0 -5.81512759E-05
vn 1 0 -5.81512759E-05
vn 1 0 -5.81512759E-05
vn 1 0 -5.81512759E-05
vn -0 0 1
vn -0 0 1
vn -0 0 1
vn -0 0 1
vn -1 0 0
vn -1 0 0
vn -1 0 0
vn -1 0 0
vn 1 0 -5.831628E-05
vn 1 0 -5.831628E-05
vn 1 0 -5.831628E-05
vn 1 0 -5.831628E-05
vn -0 0 1
vn -0 0 1
vn -0 0 1
vn -0 0 1
vn -1 0 0
vn -1 0 0
vn -1 0 0
vn -1 0 0
vn 1 0 -0.000114989729
vn 1 0 -0.000114989729
vn 1 0 -0.000114989729
vn 1 0 -0.000114989729
vn -0 0 1
vn -0 0 1
vn -0 0 1
vn -0 0 1
vn -1 0 0
vn -1 0 0
vn -1 0 0
vn -1 0 0
vn -1 0 0
vn -1 0 0
vn -1 0 0
vn -1 0 0
vn 1 0 -0.000187819547
vn 1 0 -0.000187819547
vn 1 0 -0.000187819547
vn 1 0 -0.000187819547
vn -0 0 1
vn -0 0 1
vn -0 0 1
vn -0 0 1
vn -1 0 5.45421281E-05
vn -1 0 5.45421281E-05
vn -1 0 5.45421281E-05
vn -1 0 5.45421281E-05
vn 1 0 -0.000160385403
vn 1 0 -0.000160385403
vn 1 0 -0.000160385403
vn 1 0 -0.000160385403
vn -0 0 1
vn -0 0 1
vn -0 0 1
vn -0 0 1
vn -1 0 8.29648925E-05
vn -1 0 8.29648925E-05
vn -1 0 8.29648925E-05
vn -1 0 8.29648925E-05
vn 1 0 -0.000161211792
vn 1 0 -0.000161211792
vn 1 0 -0.000161211792
vn 1 0 -0.000161211792
vn -0 0 1
vn -0 0 1
vn -0 0 1
vn -0 0 1
vn -1 0 8.3130064E-05
vn -1 0 8.3130064E-05
vn -1 0 8.3130064E-05
vn -1 0 8.3130064E-05
vn 1 0 -0.000133778449
vn 1 0 -0.000133778449
vn 1 0 -0.000133778449
vn 1 0 -0.000133778449
vn -0 0 1
vn -0 0 1
vn -0 0 1
vn -0 0 1
vn -1 0 0.000139822951
vn -1 0 0.000139822951
vn -1 0 0.000139822951
vn -1 0 0.000139822951
vn 1 0 -0.00019112404
vn 1 0 -0.00019112404
vn 1 0 -0.00019112404
vn 1 0 -0.00019112404
vn -0 0 1
vn -0 0 1
vn -0 0 1
vn -0 0 1
vn -1 0 0.000139987198
vn -1 0 0.000139987198
vn -1 0 0.000139987198
vn -1 0 0.000139987198
vn 1 0 -0.000163690915
vn 1 0 -0.000163690915
vn 1 0 -0.000163690915
vn 1 0 -0.000163690915
vn -0 0 1
vn -0 0 1
vn -0 0 1
vn -0 0 1
vn -1 0 0.000140151431
vn -1 0 0.000140151431
vn -1 0 0.000140151431
vn -1 0 0.000140151431
vn 1 0 -0.000164517245
vn 1 0 -0.000164517245
vn 1 0 -0.000164517245
vn 1 0 -0.000164517245
vn -0 0 1
vn -0 0 1
vn -0 0 1
vn -0 0 1
vn -1 0 0.000140315678
vn -1 0 0.000140315678
vn -1 0 0.000140315678
vn -1 0 0.000140315678
vn 1 0 -0.000151214248
vn 1 0 -0.000151214248
vn 1 0 -0.000151214248
vn 1 0 -0.000151214248
vn -0 0 1
vn -0 0 1
vn -0 0 1
vn -0 0 1
vn -1 0 0.000154609312
vn -1 0 0.000154609312
vn -1 0 0.000154609312
vn -1 0 0.000154609312
vn 1 0 -0.00015204068
vn 1 0 -0.00015204068
vn 1 0 -0.00015204068
vn 1 0 -0.00015204068
vn -0 0 1
vn -0 0 1
vn -0 0 1
vn -0 0 1
vn -1 0 6.99928278E-05
vn -1 0 6.99928278E-05
vn -1 0 6.99928278E-05
vn -1 0 6.99928278E-05
vn -1 0 0
vn -1 0 0
vn -1 0 0
vn -1 0 0
vn -1 0 4.9449598E-05
vn -1 0 4.9449598E-05
vn -1 0 4.9449598E-05
vn -1 0 4.9449598E-05
vn -0 0 1
vn -0 0 1
vn -0 0 1
vn -0 0 1
vn 1 0 0
vn 1 0 0
vn 1 0 0
vn 1 0 0
vn -1 0 0
vn -1 0 0
vn -1 0 0
vn -1 0 0
vn -0 0 1
vn -0 0 1
vn -0 0 1
vn -0 0 1
vn 1 0 0
vn 1 0 0
vn 1 0 0
vn 1 0 0
vn 1 0 0
vn 1 0 0
vn 1 0 0
vn 1 0 0
vn 1 0 0
vn 1 0 0
vn 1 0 0
vn 1 0 0
vn 1 0 0
vn 1 0 0
vn 1 0 0
vn 1 0 0
vn -0 0 1
vn -0 0 1
vn -0 0 1
vn -0 0 1
vn -1 0 0
vn -1 0 0
vn -1 0 0
vn -1 0 0
vn 1 0 0
vn 1 0 0
vn 1 0 0
vn 1 0 0
vn -0 0 1
vn -0 0 1
vn -0 0 1
vn -0 0 1
vn -1 0 0
vn -1 0 0
vn -1 0 0
vn -1 0 0
vn -1 0 0
vn -1 0 0
vn -1 0 0
vn -1 0 0
vn -0 0 1
vn -0 0 1
vn -0 0 1
vn -0 0 1
g 22_LP_0
f 3/3/3 2/2/2 1/1/1
f 6/6/6 5/5/5 4/4/4
f 9/9/9 8/8/8 7/7/7
f 10/10/10 9/9/9 7/7/7
f 13/13/13 12/12/12 11/11/11
f 14/14/14 13/13/13 11/11/11
f 17/17/17 16/16/16 15/15/15
f 18/18/18 17/17/17 15/15/15
f 21/21/21 20/20/20 19/19/19
f 22/22/22 21/21/21 19/19/19
f 25/25/25 24/24/24 23/23/23
f 26/26/26 25/25/25 23/23/23
f 29/29/29 28/28/28 27/27/27
f 30/30/30 29/29/29 27/27/27
f 33/33/33 32/32/32 31/31/31
f 34/34/34 33/33/33 31/31/31
f 37/37/37 36/36/36 35/35/35
f 38/38/38 37/37/37 35/35/35
f 41/41/41 40/40/40 39/39/39
f 42/42/42 41/41/41 39/39/39
f 45/45/45 44/44/44 43/43/43
f 46/46/46 45/45/45 43/43/43
f 49/49/49 48/48/48 47/47/47
f 50/50/50 49/49/49 47/47/47
f 53/53/53 52/52/52 51/51/51
f 52/52/52 54/54/54 51/51/51
f 51/51/51 54/54/54 55/55/55
f 54/54/54 56/56/56 55/55/55
f 55/55/55 56/56/56 57/57/57
f 56/56/56 58/58/58 57/57/57
f 57/57/57 58/58/58 59/59/59
f 58/58/58 60/60/60 59/59/59
f 60/60/60 61/61/61 59/59/59
f 61/61/61 62/62/62 59/59/59
f 65/65/65 64/64/64 63/63/63
f 66/66/66 65/65/65 63/63/63
f 69/69/69 68/68/68 67/67/67
f 70/70/70 69/69/69 67/67/67
f 73/73/73 72/72/72 71/71/71
f 74/74/74 73/73/73 71/71/71
f 77/77/77 76/76/76 75/75/75
f 78/78/78 77/77/77 75/75/75
f 81/81/81 80/80/80 79/79/79
f 82/82/82 81/81/81 79/79/79
f 85/85/85 84/84/84 83/83/83
f 86/86/86 84/84/84 85/85/85
f 85/85/85 87/87/87 86/86/86
f 90/90/90 89/89/89 88/88/88
f 88/88/88 91/91/91 90/90/90
f 88/88/88 92/92/92 91/91/91
f 95/95/95 94/94/94 93/93/93
f 96/96/96 95/95/95 93/93/93
f 99/99/99 98/98/98 97/97/97
f 100/100/100 99/99/99 97/97/97
f 103/103/103 102/102/102 101/101/101
f 104/104/104 103/103/103 101/101/101
f 107/107/107 106/106/106 105/105/105
f 108/108/108 107/107/107 105/105/105
f 111/111/111 110/110/110 109/109/109
f 112/112/112 111/111/111 109/109/109
f 115/115/115 114/114/114 113/113/113
f 116/116/116 115/115/115 113/113/113
f 119/119/119 118/118/118 117/117/117
f 120/120/120 119/119/119 117/117/117
f 123/123/123 122/122/122 121/121/121
f 124/124/124 123/123/123 121/121/121
f 127/127/127 126/126/126 125/125/125
f 128/128/128 127/127/127 125/125/125
f 131/131/131 130/130/130 129/129/129
f 132/132/132 131/131/131 129/129/129
f 135/135/135 134/134/134 133/133/133
f 136/136/136 135/135/135 133/133/133
f 139/139/139 138/138/138 137/137/137
f 140/140/140 139/139/139 137/137/137
f 143/143/143 142/142/142 141/141/141
f 144/144/144 143/143/143 141/141/141
f 147/147/147 146/146/146 145/145/145
f 148/148/148 147/147/147 145/145/145
f 151/151/151 150/150/150 149/149/149
f 152/152/152 151/151/151 149/149/149
f 155/155/155 154/154/154 153/153/153
f 156/156/156 155/155/155 153/153/153
f 159/159/159 158/158/158 157/157/157
f 160/160/160 159/159/159 157/157/157
f 163/163/163 162/162/162 161/161/161
f 164/164/164 163/163/163 161/161/161
f 167/167/167 166/166/166 165/165/165
f 168/168/168 167/167/167 165/165/165
f 171/171/171 170/170/170 169/169/169
f 172/172/172 171/171/171 169/169/169
f 175/175/175 174/174/174 173/173/173
f 176/176/176 175/175/175 173/173/173
f 179/179/179 178/178/178 177/177/177
f 180/180/180 179/179/179 177/177/177
f 183/183/183 182/182/182 181/181/181
f 184/184/184 183/183/183 181/181/181
f 187/187/187 186/186/186 185/185/185
f 188/188/188 187/187/187 185/185/185
f 191/191/191 190/190/190 189/189/189
f 192/192/192 191/191/191 189/189/189
f 195/195/195 194/194/194 193/193/193
f 196/196/196 195/195/195 193/193/193
f 199/199/199 198/198/198 197/197/197
f 200/200/200 199/199/199 197/197/197
f 203/203/203 202/202/202 201/201/201
f 201/201/201 204/204/204 203/203/203
f 201/201/201 205/205/205 204/204/204
f 208/208/208 207/207/207 206/206/206
f 209/209/209 208/208/208 206/206/206
f 212/212/212 211/211/211 210/210/210
f 213/213/213 212/212/212 210/210/210
f 216/216/216 215/215/215 214/214/214
f 217/217/217 216/216/216 214/214/214
f 220/220/220 219/219/219 218/218/218
f 221/221/221 220/220/220 218/218/218
f 224/224/224 223/223/223 222/222/222
f 225/225/225 224/224/224 222/222/222
f 228/228/228 227/227/227 226/226/226
f 229/229/229 228/228/228 226/226/226
f 232/232/232 231/231/231 230/230/230
f 233/233/233 232/232/232 230/230/230
f 236/236/236 235/235/235 234/234/234
f 237/237/237 236/236/236 234/234/234
f 240/240/240 239/239/239 238/238/238
f 241/241/241 240/240/240 238/238/238
f 244/244/244 243/243/243 242/242/242
f 245/245/245 244/244/244 242/242/242
f 248/248/248 247/247/247 246/246/246
f 249/249/249 248/248/248 246/246/246
f 252/252/252 251/251/251 250/250/250
f 253/253/253 252/252/252 250/250/250
f 256/256/256 255/255/255 254/254/254
f 257/257/257 256/256/256 254/254/254
f 260/260/260 259/259/259 258/258/258
f 261/261/261 260/260/260 258/258/258
f 264/264/264 263/263/263 262/262/262
f 265/265/265 264/264/264 262/262/262
f 268/268/268 267/267/267 266/266/266
f 269/269/269 268/268/268 266/266/266
f 272/272/272 271/271/271 270/270/270
f 273/273/273 272/272/272 270/270/270
f 276/276/276 275/275/275 274/274/274
f 277/277/277 276/276/276 274/274/274
f 280/280/280 279/279/279 278/278/278
f 281/281/281 280/280/280 278/278/278
f 284/284/284 283/283/283 282/282/282
f 285/285/285 284/284/284 282/282/282
f 288/288/288 287/287/287 286/286/286
f 289/289/289 288/288/288 286/286/286
f 292/292/292 291/291/291 290/290/290
f 293/293/293 292/292/292 290/290/290
f 296/296/296 295/295/295 294/294/294
f 297/297/297 296/296/296 294/294/294
f 300/300/300 299/299/299 298/298/298
f 301/301/301 300/300/300 298/298/298
f 301/301/301 298/298/298 302/302/302
f 303/303/303 301/301/301 302/302/302
f 306/306/306 305/305/305 304/304/304
f 307/307/307 306/306/306 304/304/304
f 310/310/310 309/309/309 308/308/308
f 311/311/311 310/310/310 308/308/308
f 314/314/314 313/313/313 312/312/312
f 315/315/315 314/314/314 312/312/312
f 318/318/318 317/317/317 316/316/316
f 319/319/319 318/318/318 316/316/316
f 322/322/322 321/321/321 320/320/320
f 323/323/323 322/322/322 320/320/320
f 326/326/326 325/325/325 324/324/324
f 327/327/327 326/326/326 324/324/324
f 330/330/330 329/329/329 328/328/328
f 331/331/331 330/330/330 328/328/328
f 334/334/334 333/333/333 332/332/332
f 335/335/335 334/334/334 332/332/332
f 338/338/338 337/337/337 336/336/336
f 339/339/339 338/338/338 336/336/336
f 342/342/342 341/341/341 340/340/340
f 343/343/343 342/342/342 340/340/340
f 346/346/346 345/345/345 344/344/344
f 345/345/345 347/347/347 344/344/344
f 348/348/348 344/344/344 347/347/347
f 347/347/347 345/345/345 349/349/349
f 350/350/350 348/348/348 347/347/347
f 351/351/351 347/347/347 349/349/349
f 350/350/350 347/347/347 351/351/351
f 349/349/349 352/352/352 351/351/351
f 353/353/353 350/350/350 351/351/351
f 352/352/352 354/354/354 351/351/351
f 353/353/353 351/351/351 354/354/354
f 355/355/355 353/353/353 354/354/354
f 358/358/358 357/357/357 356/356/356
f 357/357/357 359/359/359 356/356/356
f 360/360/360 356/356/356 359/359/359
f 361/361/361 360/360/360 359/359/359
f 364/364/364 363/363/363 362/362/362
f 363/363/363 365/365/365 362/362/362
f 363/363/363 366/366/366 365/365/365
f 367/367/367 365/365/365 366/366/366
f 368/368/368 367/367/367 366/366/366
f 369/369/369 367/367/367 368/368/368
f 368/368/368 370/370/370 369/369/369
f 370/370/370 371/371/371 369/369/369
f 374/374/374 373/373/373 372/372/372
f 373/373/373 375/375/375 372/372/372
f 375/375/375 373/373/373 376/376/376
f 373/373/373 377/377/377 376/376/376
f 380/380/380 379/379/379 378/378/378
f 381/381/381 380/380/380 378/378/378
f 382/382/382 381/381/381 378/378/378
f 383/383/383 382/382/382 378/378/378
f 386/386/386 385/385/385 384/384/384
f 387/387/387 386/386/386 384/384/384
f 384/384/384 388/388/388 387/387/387
f 386/386/386 387/387/387 389/389/389
f 388/388/388 390/390/390 387/387/387
f 387/387/387 391/391/391 389/389/389
f 387/387/387 390/390/390 391/391/391
f 392/392/392 389/389/389 391/391/391
f 390/390/390 393/393/393 391/391/391
f 394/394/394 392/392/392 391/391/391
f 391/391/391 393/393/393 394/394/394
f 393/393/393 395/395/395 394/394/394
f 398/398/398 397/397/397 396/396/396
f 397/397/397 399/399/399 396/396/396
f 400/400/400 396/396/396 399/399/399
f 397/397/397 401/401/401 399/399/399
f 402/402/402 400/400/400 399/399/399
f 401/401/401 403/403/403 399/399/399
f 404/404/404 402/402/402 399/399/399
f 403/403/403 404/404/404 399/399/399
f 407/407/407 406/406/406 405/405/405
f 408/408/408 407/407/407 405/405/405
f 409/409/409 408/408/408 405/405/405
f 410/410/410 409/409/409 405/405/405
f 413/413/413 412/412/412 411/411/411
f 414/414/414 413/413/413 411/411/411
f 413/413/413 414/414/414 415/415/415
f 416/416/416 413/413/413 415/415/415
f 419/419/419 418/418/418 417/417/417
f 420/420/420 419/419/419 417/417/417
f 423/423/423 422/422/422 421/421/421
f 424/424/424 423/423/423 421/421/421
f 421/421/421 425/425/425 424/424/424
f 425/425/425 426/426/426 424/424/424
f 429/429/429 428/428/428 427/427/427
f 430/430/430 429/429/429 427/427/427
f 429/429/429 430/430/430 431/431/431
f 432/432/432 429/429/429 431/431/431
f 435/435/435 434/434/434 433/433/433
f 434/434/434 436/436/436 433/433/433
f 436/436/436 437/437/437 433/433/433
f 437/437/437 438/438/438 433/433/433
f 441/441/441 440/440/440 439/439/439
f 442/442/442 441/441/441 439/439/439
f 439/439/439 443/443/443 442/442/442
f 444/444/444 441/441/441 442/442/442
f 443/443/443 445/445/445 442/442/442
f 446/446/446 444/444/444 442/442/442
f 445/445/445 447/447/447 442/442/442
f 447/447/447 446/446/446 442/442/442
f 450/450/450 449/449/449 448/448/448
f 449/449/449 451/451/451 448/448/448
f 451/451/451 452/452/452 448/448/448
f 452/452/452 453/453/453 448/448/448
f 456/456/456 455/455/455 454/454/454
f 455/455/455 457/457/457 454/454/454
f 457/457/457 455/455/455 458/458/458
f 455/455/455 459/459/459 458/458/458
f 462/462/462 461/461/461 460/460/460
f 463/463/463 462/462/462 460/460/460
f 466/466/466 465/465/465 464/464/464
f 467/467/467 466/466/466 464/464/464
f 468/468/468 467/467/467 464/464/464
f 469/469/469 467/467/467 468/468/468
f 470/470/470 469/469/469 468/468/468
f 473/473/473 472/472/472 471/471/471
f 474/474/474 473/473/473 471/471/471
f 477/477/477 476/476/476 475/475/475
f 476/476/476 478/478/478 475/475/475
f 475/475/475 478/478/478 479/479/479
f 478/478/478 480/480/480 479/479/479
f 481/481/481 480/480/480 478/478/478
f 475/475/475 479/479/479 482/482/482
f 483/483/483 475/475/475 482/482/482
f 484/484/484 481/481/481 478/478/478
f 483/483/483 482/482/482 485/485/485
f 482/482/482 486/486/486 485/485/485
f 485/485/485 486/486/486 487/487/487
f 488/488/488 481/481/481 484/484/484
f 488/488/488 487/487/487 489/489/489
f 490/490/490 485/485/485 487/487/487
f 491/491/491 488/488/488 484/484/484
f 487/487/487 488/488/488 491/491/491
f 490/490/490 487/487/487 491/491/491
f 491/491/491 484/484/484 492/492/492
f 493/493/493 491/491/491 492/492/492
f 490/490/490 491/491/491 493/493/493
f 494/494/494 490/490/490 493/493/493
f 497/497/497 496/496/496 495/495/495
f 498/498/498 497/497/497 495/495/495
f 501/501/501 500/500/500 499/499/499
f 500/500/500 502/502/502 499/499/499
f 499/499/499 502/502/502 503/503/503
f 504/504/504 499/499/499 503/503/503
f 507/507/507 506/506/506 505/505/505
f 506/506/506 508/508/508 505/505/505
f 508/508/508 509/509/509 505/505/505
f 508/508/508 510/510/510 509/509/509
f 511/511/511 510/510/510 508/508/508
f 514/514/514 513/513/513 512/512/512
f 515/515/515 514/514/514 512/512/512
f 518/518/518 517/517/517 516/516/516
f 519/519/519 518/518/518 516/516/516
f 522/522/522 521/521/521 520/520/520
f 523/523/523 522/522/522 520/520/520
f 526/526/526 525/525/525 524/524/524
f 527/527/527 526/526/526 524/524/524
f 530/530/530 529/529/529 528/528/528
f 531/531/531 530/530/530 528/528/528
f 534/534/534 533/533/533 532/532/532
f 534/534/534 532/532/532 535/535/535
f 536/536/536 534/534/534 535/535/535
f 539/539/539 538/538/538 537/537/537
f 539/539/539 537/537/537 540/540/540
f 541/541/541 539/539/539 540/540/540
f 544/544/544 543/543/543 542/542/542
f 545/545/545 544/544/544 542/542/542
f 548/548/548 547/547/547 546/546/546
f 548/548/548 546/546/546 549/549/549
f 550/550/550 548/548/548 549/549/549
f 553/553/553 552/552/552 551/551/551
f 553/553/553 551/551/551 554/554/554
f 555/555/555 553/553/553 554/554/554
f 558/558/558 557/557/557 556/556/556
f 559/559/559 558/558/558 556/556/556
f 562/562/562 561/561/561 560/560/560
f 563/563/563 562/562/562 560/560/560
f 566/566/566 565/565/565 564/564/564
f 567/567/567 566/566/566 564/564/564
f 570/570/570 569/569/569 568/568/568
f 568/568/568 569/569/569 571/571/571
f 569/569/569 572/572/572 571/571/571
f 575/575/575 574/574/574 573/573/573
f 573/573/573 574/574/574 576/576/576
f 574/574/574 577/577/577 576/576/576
f 580/580/580 579/579/579 578/578/578
f 581/581/581 580/580/580 578/578/578
f 584/584/584 583/583/583 582/582/582
f 582/582/582 583/583/583 585/585/585
f 583/583/583 586/586/586 585/585/585
f 589/589/589 588/588/588 587/587/587
f 587/587/587 588/588/588 590/590/590
f 588/588/588 591/591/591 590/590/590
f 594/594/594 593/593/593 592/592/592
f 595/595/595 594/594/594 592/592/592
f 598/598/598 597/597/597 596/596/596
f 599/599/599 598/598/598 596/596/596
f 602/602/602 601/601/601 600/600/600
f 603/603/603 602/602/602 600/600/600
f 606/606/606 605/605/605 604/604/604
f 607/607/607 606/606/606 604/604/604
f 606/606/606 607/607/607 608/608/608
f 607/607/607 609/609/609 608/608/608
f 609/609/609 610/610/610 608/608/608
f 611/611/611 610/610/610 609/609/609
f 612/612/612 610/610/610 611/611/611
f 613/613/613 612/612/612 611/611/611
f 616/616/616 615/615/615 614/614/614
f 617/617/617 616/616/616 614/614/614
f 616/616/616 619/619/619 618/618/618
f 620/620/620 616/616/616 618/618/618
f 622/622/622 617/617/617 621/621/621
f 623/623/623 622/622/622 621/621/621
f 626/626/626 625/625/625 624/624/624
f 627/627/627 626/626/626 624/624/624
f 630/630/630 629/629/629 628/628/628
f 631/631/631 630/630/630 628/628/628
f 633/633/633 631/631/631 632/632/632
f 634/634/634 633/633/633 632/632/632
f 637/637/637 636/636/636 635/635/635
f 638/638/638 637/637/637 635/635/635
f 641/641/641 640/640/640 639/639/639
f 642/642/642 641/641/641 639/639/639
f 641/641/641 644/644/644 643/643/643
f 644/644/644 645/645/645 643/643/643
f 647/647/647 642/642/642 646/646/646
f 648/648/648 647/647/647 646/646/646
f 651/651/651 650/650/650 649/649/649
f 650/650/650 652/652/652 649/649/649
f 652/652/652 654/654/654 653/653/653
f 654/654/654 655/655/655 653/653/653
f 650/650/650 657/657/657 656/656/656
f 658/658/658 650/650/650 656/656/656
f 661/661/661 660/660/660 659/659/659
f 662/662/662 661/661/661 659/659/659
f 665/665/665 664/664/664 663/663/663
f 664/664/664 666/666/666 663/663/663
f 666/666/666 668/668/668 667/667/667
f 668/668/668 669/669/669 667/667/667
f 672/672/672 671/671/671 670/670/670
f 673/673/673 672/672/672 670/670/670
f 676/676/676 675/675/675 674/674/674
f 677/677/677 676/676/676 674/674/674
f 676/676/676 679/679/679 678/678/678
f 680/680/680 676/676/676 678/678/678
f 683/683/683 682/682/682 681/681/681
f 684/684/684 683/683/683 681/681/681
f 687/687/687 686/686/686 685/685/685
f 688/688/688 687/687/687 685/685/685
f 687/687/687 690/690/690 689/689/689
f 691/691/691 687/687/687 689/689/689
f 694/694/694 693/693/693 692/692/692
f 695/695/695 694/694/694 692/692/692
f 698/698/698 697/697/697 696/696/696
f 699/699/699 698/698/698 696/696/696
f 702/702/702 701/701/701 700/700/700
f 701/701/701 703/703/703 700/700/700
f 700/700/700 705/705/705 704/704/704
f 706/706/706 700/700/700 704/704/704
f 703/703/703 708/708/708 707/707/707
f 709/709/709 703/703/703 707/707/707
f 712/712/712 711/711/711 710/710/710
f 713/713/713 712/712/712 710/710/710
f 716/716/716 715/715/715 714/714/714
f 717/717/717 716/716/716 714/714/714
f 720/720/720 719/719/719 718/718/718
f 720/720/720 718/718/718 721/721/721
f 721/721/721 722/722/722 720/720/720
f 725/725/725 724/724/724 723/723/723
f 726/726/726 725/725/725 723/723/723
f 729/729/729 728/728/728 727/727/727
f 730/730/730 729/729/729 727/727/727
f 733/733/733 732/732/732 731/731/731
f 734/734/734 733/733/733 731/731/731
f 737/737/737 736/736/736 735/735/735
f 738/738/738 737/737/737 735/735/735
f 741/741/741 740/740/740 739/739/739
f 742/742/742 741/741/741 739/739/739
f 745/745/745 744/744/744 743/743/743
f 746/746/746 745/745/745 743/743/743
f 749/749/749 748/748/748 747/747/747
f 750/750/750 749/749/749 747/747/747
f 753/753/753 752/752/752 751/751/751
f 754/754/754 753/753/753 751/751/751
f 757/757/757 756/756/756 755/755/755
f 758/758/758 757/757/757 755/755/755
f 761/761/761 760/760/760 759/759/759
f 762/762/762 761/761/761 759/759/759
f 765/765/765 764/764/764 763/763/763
f 766/766/766 765/765/765 763/763/763
f 769/769/769 768/768/768 767/767/767
f 770/770/770 769/769/769 767/767/767
f 773/773/773 772/772/772 771/771/771
f 774/774/774 773/773/773 771/771/771
f 777/777/777 776/776/776 775/775/775
f 778/778/778 777/777/777 775/775/775
f 781/781/781 780/780/780 779/779/779
f 782/782/782 781/781/781 779/779/779
f 785/785/785 784/784/784 783/783/783
f 786/786/786 785/785/785 783/783/783
f 789/789/789 788/788/788 787/787/787
f 790/790/790 789/789/789 787/787/787
f 793/793/793 792/792/792 791/791/791
f 794/794/794 793/793/793 791/791/791
f 797/797/797 796/796/796 795/795/795
f 798/798/798 797/797/797 795/795/795
f 801/801/801 800/800/800 799/799/799
f 802/802/802 801/801/801 799/799/799
f 805/805/805 804/804/804 803/803/803
f 806/806/806 805/805/805 803/803/803
f 809/809/809 808/808/808 807/807/807
f 810/810/810 809/809/809 807/807/807
f 813/813/813 812/812/812 811/811/811
f 814/814/814 813/813/813 811/811/811
f 817/817/817 816/816/816 815/815/815
f 818/818/818 817/817/817 815/815/815
f 821/821/821 820/820/820 819/819/819
f 822/822/822 821/821/821 819/819/819
f 825/825/825 824/824/824 823/823/823
f 826/826/826 825/825/825 823/823/823
f 829/829/829 828/828/828 827/827/827
f 830/830/830 829/829/829 827/827/827
f 833/833/833 832/832/832 831/831/831
f 834/834/834 833/833/833 831/831/831
f 837/837/837 836/836/836 835/835/835
f 838/838/838 837/837/837 835/835/835
f 841/841/841 840/840/840 839/839/839
f 842/842/842 841/841/841 839/839/839
f 845/845/845 844/844/844 843/843/843
f 846/846/846 845/845/845 843/843/843
f 849/849/849 848/848/848 847/847/847
f 850/850/850 849/849/849 847/847/847
f 853/853/853 852/852/852 851/851/851
f 854/854/854 853/853/853 851/851/851
f 857/857/857 856/856/856 855/855/855
f 858/858/858 857/857/857 855/855/855
f 861/861/861 860/860/860 859/859/859
f 862/862/862 861/861/861 859/859/859
f 865/865/865 864/864/864 863/863/863
f 866/866/866 865/865/865 863/863/863
f 869/869/869 868/868/868 867/867/867
f 870/870/870 869/869/869 867/867/867
f 873/873/873 872/872/872 871/871/871
f 874/874/874 873/873/873 871/871/871
f 877/877/877 876/876/876 875/875/875
f 878/878/878 877/877/877 875/875/875
f 881/881/881 880/880/880 879/879/879
f 882/882/882 881/881/881 879/879/879
f 885/885/885 884/884/884 883/883/883
f 886/886/886 885/885/885 883/883/883
f 889/889/889 888/888/888 887/887/887
f 890/890/890 889/889/889 887/887/887
f 893/893/893 892/892/892 891/891/891
f 894/894/894 893/893/893 891/891/891
f 897/897/897 896/896/896 895/895/895
f 898/898/898 897/897/897 895/895/895
f 901/901/901 900/900/900 899/899/899
f 902/902/902 901/901/901 899/899/899
f 905/905/905 904/904/904 903/903/903
f 906/906/906 905/905/905 903/903/903
f 909/909/909 908/908/908 907/907/907
f 910/910/910 909/909/909 907/907/907
f 913/913/913 912/912/912 911/911/911
f 914/914/914 913/913/913 911/911/911
f 917/917/917 916/916/916 915/915/915
f 918/918/918 917/917/917 915/915/915
f 921/921/921 920/920/920 919/919/919
f 922/922/922 921/921/921 919/919/919
f 925/925/925 924/924/924 923/923/923
f 926/926/926 925/925/925 923/923/923
f 929/929/929 928/928/928 927/927/927
f 930/930/930 929/929/929 927/927/927
f 933/933/933 932/932/932 931/931/931
f 934/934/934 933/933/933 931/931/931
f 937/937/937 936/936/936 935/935/935
f 938/938/938 937/937/937 935/935/935
f 941/941/941 940/940/940 939/939/939
f 942/942/942 941/941/941 939/939/939
f 945/945/945 944/944/944 943/943/943
f 946/946/946 945/945/945 943/943/943
f 949/949/949 948/948/948 947/947/947
f 950/950/950 949/949/949 947/947/947
f 953/953/953 952/952/952 951/951/951
f 954/954/954 953/953/953 951/951/951
f 957/957/957 956/956/956 955/955/955
f 958/958/958 957/957/957 955/955/955
f 961/961/961 960/960/960 959/959/959
f 962/962/962 961/961/961 959/959/959
f 965/965/965 964/964/964 963/963/963
f 966/966/966 965/965/965 963/963/963
f 969/969/969 968/968/968 967/967/967
f 970/970/970 969/969/969 967/967/967
f 973/973/973 972/972/972 971/971/971
f 974/974/974 973/973/973 971/971/971
f 977/977/977 976/976/976 975/975/975
f 978/978/978 977/977/977 975/975/975
f 981/981/981 980/980/980 979/979/979
f 982/982/982 981/981/981 979/979/979
f 985/985/985 984/984/984 983/983/983
f 986/986/986 985/985/985 983/983/983
f 989/989/989 988/988/988 987/987/987
f 990/990/990 989/989/989 987/987/987
f 993/993/993 992/992/992 991/991/991
f 994/994/994 993/993/993 991/991/991
f 997/997/997 996/996/996 995/995/995
f 998/998/998 997/997/997 995/995/995
f 1001/1001/1001 1000/1000/1000 999/999/999
f 1002/1002/1002 1001/1001/1001 999/999/999
f 1005/1005/1005 1004/1004/1004 1003/1003/1003
f 1006/1006/1006 1005/1005/1005 1003/1003/1003
f 1009/1009/1009 1008/1008/1008 1007/1007/1007
f 1010/1010/1010 1009/1009/1009 1007/1007/1007
f 1013/1013/1013 1012/1012/1012 1011/1011/1011
f 1014/1014/1014 1013/1013/1013 1011/1011/1011
f 1017/1017/1017 1016/1016/1016 1015/1015/1015
f 1018/1018/1018 1017/1017/1017 1015/1015/1015
f 1021/1021/1021 1020/1020/1020 1019/1019/1019
f 1022/1022/1022 1021/1021/1021 1019/1019/1019
f 1025/1025/1025 1024/1024/1024 1023/1023/1023
f 1026/1026/1026 1025/1025/1025 1023/1023/1023
f 1029/1029/1029 1028/1028/1028 1027/1027/1027
f 1030/1030/1030 1029/1029/1029 1027/1027/1027
f 1033/1033/1033 1032/1032/1032 1031/1031/1031
f 1034/1034/1034 1033/1033/1033 1031/1031/1031
f 1037/1037/1037 1036/1036/1036 1035/1035/1035
f 1038/1038/1038 1037/1037/1037 1035/1035/1035
f 1041/1041/1041 1040/1040/1040 1039/1039/1039
f 1042/1042/1042 1041/1041/1041 1039/1039/1039
f 1045/1045/1045 1044/1044/1044 1043/1043/1043
f 1046/1046/1046 1045/1045/1045 1043/1043/1043
f 1049/1049/1049 1048/1048/1048 1047/1047/1047
f 1050/1050/1050 1049/1049/1049 1047/1047/1047
f 1053/1053/1053 1052/1052/1052 1051/1051/1051
f 1054/1054/1054 1053/1053/1053 1051/1051/1051
f 1057/1057/1057 1056/1056/1056 1055/1055/1055
f 1058/1058/1058 1057/1057/1057 1055/1055/1055
f 1061/1061/1061 1060/1060/1060 1059/1059/1059
f 1062/1062/1062 1061/1061/1061 1059/1059/1059
f 1065/1065/1065 1064/1064/1064 1063/1063/1063
f 1066/1066/1066 1065/1065/1065 1063/1063/1063
f 1069/1069/1069 1068/1068/1068 1067/1067/1067
f 1070/1070/1070 1069/1069/1069 1067/1067/1067
f 1073/1073/1073 1072/1072/1072 1071/1071/1071
f 1074/1074/1074 1073/1073/1073 1071/1071/1071
f 1077/1077/1077 1076/1076/1076 1075/1075/1075
f 1078/1078/1078 1077/1077/1077 1075/1075/1075
f 1081/1081/1081 1080/1080/1080 1079/1079/1079
f 1082/1082/1082 1081/1081/1081 1079/1079/1079
f 1085/1085/1085 1084/1084/1084 1083/1083/1083
f 1086/1086/1086 1085/1085/1085 1083/1083/1083
f 1089/1089/1089 1088/1088/1088 1087/1087/1087
f 1090/1090/1090 1089/1089/1089 1087/1087/1087
f 1093/1093/1093 1092/1092/1092 1091/1091/1091
f 1094/1094/1094 1093/1093/1093 1091/1091/1091
f 1097/1097/1097 1096/1096/1096 1095/1095/1095
f 1098/1098/1098 1097/1097/1097 1095/1095/1095
f 1101/1101/1101 1100/1100/1100 1099/1099/1099
f 1102/1102/1102 1101/1101/1101 1099/1099/1099
f 1105/1105/1105 1104/1104/1104 1103/1103/1103
f 1106/1106/1106 1105/1105/1105 1103/1103/1103
f 1109/1109/1109 1108/1108/1108 1107/1107/1107
f 1110/1110/1110 1109/1109/1109 1107/1107/1107
f 1113/1113/1113 1112/1112/1112 1111/1111/1111
f 1114/1114/1114 1113/1113/1113 1111/1111/1111
f 1117/1117/1117 1116/1116/1116 1115/1115/1115
f 1118/1118/1118 1117/1117/1117 1115/1115/1115
f 1121/1121/1121 1120/1120/1120 1119/1119/1119
f 1122/1122/1122 1121/1121/1121 1119/1119/1119
f 1125/1125/1125 1124/1124/1124 1123/1123/1123
f 1126/1126/1126 1125/1125/1125 1123/1123/1123
f 1129/1129/1129 1128/1128/1128 1127/1127/1127
f 1130/1130/1130 1129/1129/1129 1127/1127/1127
f 1133/1133/1133 1132/1132/1132 1131/1131/1131
f 1134/1134/1134 1133/1133/1133 1131/1131/1131
f 1137/1137/1137 1136/1136/1136 1135/1135/1135
f 1138/1138/1138 1137/1137/1137 1135/1135/1135
f 1141/1141/1141 1140/1140/1140 1139/1139/1139
f 1142/1142/1142 1141/1141/1141 1139/1139/1139
f 1145/1145/1145 1144/1144/1144 1143/1143/1143
f 1146/1146/1146 1145/1145/1145 1143/1143/1143
f 1149/1149/1149 1148/1148/1148 1147/1147/1147
f 1150/1150/1150 1149/1149/1149 1147/1147/1147
f 1153/1153/1153 1152/1152/1152 1151/1151/1151
f 1154/1154/1154 1153/1153/1153 1151/1151/1151
f 1157/1157/1157 1156/1156/1156 1155/1155/1155
f 1158/1158/1158 1157/1157/1157 1155/1155/1155
f 1161/1161/1161 1160/1160/1160 1159/1159/1159
f 1162/1162/1162 1161/1161/1161 1159/1159/1159
f 1165/1165/1165 1164/1164/1164 1163/1163/1163
f 1166/1166/1166 1165/1165/1165 1163/1163/1163
f 1169/1169/1169 1168/1168/1168 1167/1167/1167
f 1170/1170/1170 1169/1169/1169 1167/1167/1167
f 1173/1173/1173 1172/1172/1172 1171/1171/1171
f 1174/1174/1174 1173/1173/1173 1171/1171/1171
f 1177/1177/1177 1176/1176/1176 1175/1175/1175
f 1178/1178/1178 1177/1177/1177 1175/1175/1175
f 1181/1181/1181 1180/1180/1180 1179/1179/1179
f 1182/1182/1182 1181/1181/1181 1179/1179/1179
f 1185/1185/1185 1184/1184/1184 1183/1183/1183
f 1186/1186/1186 1185/1185/1185 1183/1183/1183
f 1189/1189/1189 1188/1188/1188 1187/1187/1187
f 1190/1190/1190 1189/1189/1189 1187/1187/1187
f 1193/1193/1193 1192/1192/1192 1191/1191/1191
f 1194/1194/1194 1193/1193/1193 1191/1191/1191
f 1197/1197/1197 1196/1196/1196 1195/1195/1195
f 1198/1198/1198 1197/1197/1197 1195/1195/1195
f 1201/1201/1201 1200/1200/1200 1199/1199/1199
f 1202/1202/1202 1201/1201/1201 1199/1199/1199
f 1205/1205/1205 1204/1204/1204 1203/1203/1203
f 1206/1206/1206 1205/1205/1205 1203/1203/1203
f 1209/1209/1209 1208/1208/1208 1207/1207/1207
f 1210/1210/1210 1209/1209/1209 1207/1207/1207
f 1213/1213/1213 1212/1212/1212 1211/1211/1211
f 1214/1214/1214 1213/1213/1213 1211/1211/1211
f 1217/1217/1217 1216/1216/1216 1215/1215/1215
f 1218/1218/1218 1217/1217/1217 1215/1215/1215
f 1221/1221/1221 1220/1220/1220 1219/1219/1219
f 1222/1222/1222 1221/1221/1221 1219/1219/1219
f 1225/1225/1225 1224/1224/1224 1223/1223/1223
f 1226/1226/1226 1225/1225/1225 1223/1223/1223
f 1229/1229/1229 1228/1228/1228 1227/1227/1227
f 1230/1230/1230 1229/1229/1229 1227/1227/1227
f 1233/1233/1233 1232/1232/1232 1231/1231/1231
f 1234/1234/1234 1233/1233/1233 1231/1231/1231
f 1237/1237/1237 1236/1236/1236 1235/1235/1235
f 1238/1238/1238 1237/1237/1237 1235/1235/1235
f 1241/1241/1241 1240/1240/1240 1239/1239/1239
f 1242/1242/1242 1241/1241/1241 1239/1239/1239
f 1245/1245/1245 1244/1244/1244 1243/1243/1243
f 1246/1246/1246 1245/1245/1245 1243/1243/1243
f 1249/1249/1249 1248/1248/1248 1247/1247/1247
f 1250/1250/1250 1249/1249/1249 1247/1247/1247
f 1253/1253/1253 1252/1252/1252 1251/1251/1251
f 1254/1254/1254 1253/1253/1253 1251/1251/1251
f 1257/1257/1257 1256/1256/1256 1255/1255/1255
f 1258/1258/1258 1257/1257/1257 1255/1255/1255
f 1261/1261/1261 1260/1260/1260 1259/1259/1259
f 1262/1262/1262 1261/1261/1261 1259/1259/1259
f 1265/1265/1265 1264/1264/1264 1263/1263/1263
f 1266/1266/1266 1265/1265/1265 1263/1263/1263
f 1269/1269/1269 1268/1268/1268 1267/1267/1267
f 1270/1270/1270 1269/1269/1269 1267/1267/1267
f 1273/1273/1273 1272/1272/1272 1271/1271/1271
f 1274/1274/1274 1273/1273/1273 1271/1271/1271
f 1277/1277/1277 1276/1276/1276 1275/1275/1275
f 1278/1278/1278 1277/1277/1277 1275/1275/1275
f 1281/1281/1281 1280/1280/1280 1279/1279/1279
f 1282/1282/1282 1281/1281/1281 1279/1279/1279
f 1285/1285/1285 1284/1284/1284 1283/1283/1283
f 1286/1286/1286 1285/1285/1285 1283/1283/1283
f 1289/1289/1289 1288/1288/1288 1287/1287/1287
f 1290/1290/1290 1289/1289/1289 1287/1287/1287
f 1293/1293/1293 1292/1292/1292 1291/1291/1291
f 1294/1294/1294 1293/1293/1293 1291/1291/1291
f 1297/1297/1297 1296/1296/1296 1295/1295/1295
f 1298/1298/1298 1297/1297/1297 1295/1295/1295
f 1301/1301/1301 1300/1300/1300 1299/1299/1299
f 1302/1302/1302 1301/1301/1301 1299/1299/1299
f 1305/1305/1305 1304/1304/1304 1303/1303/1303
f 1306/1306/1306 1305/1305/1305 1303/1303/1303
f 1309/1309/1309 1308/1308/1308 1307/1307/1307
f 1310/1310/1310 1309/1309/1309 1307/1307/1307
f 1313/1313/1313 1312/1312/1312 1311/1311/1311
f 1314/1314/1314 1313/1313/1313 1311/1311/1311
f 1317/1317/1317 1316/1316/1316 1315/1315/1315
f 1318/1318/1318 1317/1317/1317 1315/1315/1315
f 1321/1321/1321 1320/1320/1320 1319/1319/1319
f 1322/1322/1322 1321/1321/1321 1319/1319/1319
f 1325/1325/1325 1324/1324/1324 1323/1323/1323
f 1326/1326/1326 1325/1325/1325 1323/1323/1323
f 1329/1329/1329 1328/1328/1328 1327/1327/1327
f 1330/1330/1330 1329/1329/1329 1327/1327/1327
f 1333/1333/1333 1332/1332/1332 1331/1331/1331
f 1334/1334/1334 1333/1333/1333 1331/1331/1331
f 1337/1337/1337 1336/1336/1336 1335/1335/1335
f 1338/1338/1338 1337/1337/1337 1335/1335/1335
f 1341/1341/1341 1340/1340/1340 1339/1339/1339
f 1342/1342/1342 1341/1341/1341 1339/1339/1339
f 1345/1345/1345 1344/1344/1344 1343/1343/1343
f 1346/1346/1346 1345/1345/1345 1343/1343/1343
f 1349/1349/1349 1348/1348/1348 1347/1347/1347
f 1350/1350/1350 1349/1349/1349 1347/1347/1347
f 1353/1353/1353 1352/1352/1352 1351/1351/1351
f 1354/1354/1354 1353/1353/1353 1351/1351/1351
f 1357/1357/1357 1356/1356/1356 1355/1355/1355
f 1358/1358/1358 1357/1357/1357 1355/1355/1355
f 1361/1361/1361 1360/1360/1360 1359/1359/1359
f 1362/1362/1362 1361/1361/1361 1359/1359/1359
f 1365/1365/1365 1364/1364/1364 1363/1363/1363
f 1366/1366/1366 1365/1365/1365 1363/1363/1363
f 1369/1369/1369 1368/1368/1368 1367/1367/1367
f 1370/1370/1370 1369/1369/1369 1367/1367/1367
f 1373/1373/1373 1372/1372/1372 1371/1371/1371
f 1374/1374/1374 1373/1373/1373 1371/1371/1371
f 1377/1377/1377 1376/1376/1376 1375/1375/1375
f 1378/1378/1378 1377/1377/1377 1375/1375/1375
f 1381/1381/1381 1380/1380/1380 1379/1379/1379
f 1382/1382/1382 1381/1381/1381 1379/1379/1379
f 1385/1385/1385 1384/1384/1384 1383/1383/1383
f 1386/1386/1386 1385/1385/1385 1383/1383/1383
f 1389/1389/1389 1388/1388/1388 1387/1387/1387
f 1390/1390/1390 1389/1389/1389 1387/1387/1387
f 1393/1393/1393 1392/1392/1392 1391/1391/1391
f 1394/1394/1394 1393/1393/1393 1391/1391/1391
f 1397/1397/1397 1396/1396/1396 1395/1395/1395
f 1398/1398/1398 1397/1397/1397 1395/1395/1395
f 1401/1401/1401 1400/1400/1400 1399/1399/1399
f 1402/1402/1402 1401/1401/1401 1399/1399/1399
f 1405/1405/1405 1404/1404/1404 1403/1403/1403
f 1406/1406/1406 1405/1405/1405 1403/1403/1403
f 1409/1409/1409 1408/1408/1408 1407/1407/1407
f 1410/1410/1410 1409/1409/1409 1407/1407/1407
f 1413/1413/1413 1412/1412/1412 1411/1411/1411
f 1414/1414/1414 1413/1413/1413 1411/1411/1411
f 1417/1417/1417 1416/1416/1416 1415/1415/1415
f 1418/1418/1418 1417/1417/1417 1415/1415/1415
f 1421/1421/1421 1420/1420/1420 1419/1419/1419
f 1422/1422/1422 1421/1421/1421 1419/1419/1419
f 1425/1425/1425 1424/1424/1424 1423/1423/1423
f 1426/1426/1426 1425/1425/1425 1423/1423/1423
f 1429/1429/1429 1428/1428/1428 1427/1427/1427
f 1430/1430/1430 1429/1429/1429 1427/1427/1427
f 1433/1433/1433 1432/1432/1432 1431/1431/1431
f 1434/1434/1434 1433/1433/1433 1431/1431/1431
f 1437/1437/1437 1436/1436/1436 1435/1435/1435
f 1438/1438/1438 1437/1437/1437 1435/1435/1435
f 1441/1441/1441 1440/1440/1440 1439/1439/1439
f 1442/1442/1442 1441/1441/1441 1439/1439/1439
f 1445/1445/1445 1444/1444/1444 1443/1443/1443
f 1446/1446/1446 1445/1445/1445 1443/1443/1443
f 1449/1449/1449 1448/1448/1448 1447/1447/1447
f 1450/1450/1450 1449/1449/1449 1447/1447/1447
f 1453/1453/1453 1452/1452/1452 1451/1451/1451
f 1454/1454/1454 1453/1453/1453 1451/1451/1451
f 1457/1457/1457 1456/1456/1456 1455/1455/1455
f 1458/1458/1458 1457/1457/1457 1455/1455/1455
f 1461/1461/1461 1460/1460/1460 1459/1459/1459
f 1462/1462/1462 1461/1461/1461 1459/1459/1459
f 1465/1465/1465 1464/1464/1464 1463/1463/1463
f 1466/1466/1466 1465/1465/1465 1463/1463/1463
f 1469/1469/1469 1468/1468/1468 1467/1467/1467
f 1470/1470/1470 1469/1469/1469 1467/1467/1467
f 1473/1473/1473 1472/1472/1472 1471/1471/1471
f 1474/1474/1474 1473/1473/1473 1471/1471/1471
f 1477/1477/1477 1476/1476/1476 1475/1475/1475
f 1478/1478/1478 1477/1477/1477 1475/1475/1475
f 1481/1481/1481 1480/1480/1480 1479/1479/1479
f 1482/1482/1482 1481/1481/1481 1479/1479/1479
f 1485/1485/1485 1484/1484/1484 1483/1483/1483
f 1486/1486/1486 1485/1485/1485 1483/1483/1483
f 1489/1489/1489 1488/1488/1488 1487/1487/1487
f 1490/1490/1490 1489/1489/1489 1487/1487/1487
f 1493/1493/1493 1492/1492/1492 1491/1491/1491
f 1494/1494/1494 1493/1493/1493 1491/1491/1491
f 1497/1497/1497 1496/1496/1496 1495/1495/1495
f 1498/1498/1498 1497/1497/1497 1495/1495/1495
f 1501/1501/1501 1500/1500/1500 1499/1499/1499
f 1502/1502/1502 1501/1501/1501 1499/1499/1499
f 1505/1505/1505 1504/1504/1504 1503/1503/1503
f 1506/1506/1506 1505/1505/1505 1503/1503/1503
f 1509/1509/1509 1508/1508/1508 1507/1507/1507
f 1510/1510/1510 1509/1509/1509 1507/1507/1507
f 1513/1513/1513 1512/1512/1512 1511/1511/1511
f 1514/1514/1514 1513/1513/1513 1511/1511/1511
