g building_kolektivni-dum_LP
v -11.7110128 53.4203262 9.16340733
v -11.7110128 54.1648827 9.46435642
v -11.7110128 53.426506 9.46408367
v -11.7110128 54.6710625 9.16364861
v -11.7110128 53.4203262 3.99412465
v -11.7110128 54.6710625 3.99433494
v -11.7110128 54.1648827 9.46435642
v -11.7110128 54.6710625 9.46435642
v -11.7110128 55.8033218 6.88239384
v -11.7110128 56.2093849 3.99458265
v -11.7110128 54.6710625 9.16364861
v -11.7110128 55.8033218 6.88239384
v -11.7110128 54.6710625 3.99433494
v -11.7110128 55.8033218 1.10726905
v -11.7110128 54.6710625 -1.47561812
v -11.7110128 53.4203262 3.99412465
v -11.7110128 53.426506 -1.47564125
v -11.7110128 54.6710625 -1.47561812
v 10.7582006 54.6710625 3.99433494
v 10.7582006 54.1710663 9.46435642
v 10.7582006 54.6710625 9.46435642
v -26.511055 50.9649086 9.18405724
v -26.5106773 9.42456245 9.16488171
v -26.5106773 9.42456245 -8.34017086
v -26.511055 50.9649086 -8.32312679
v 25.5582008 50.9648857 9.17979527
v 25.5582008 50.9648857 -8.30608273
v 25.5582218 9.42454529 -8.32312679
v 25.5582218 9.42456245 9.16488171
v -11.251441 53.9648857 9.6436224
v 10.2986794 53.9648895 9.6436224
v 10.2986336 50.7648926 9.64149189
v -11.251441 50.7648926 9.6436224
v 25.0986328 9.42454529 9.64148998
v 25.0986729 50.9648895 9.64149189
v 10.9485617 50.9648857 9.64149189
v -26.051445 9.42454529 9.64148998
v -11.9013739 50.9648895 9.64149189
v -26.051445 50.9648895 9.64149189
v -11.901413 50.9648895 -8.78482151
v -26.0514889 50.9648895 -8.78482151
v -26.051445 9.42454529 -8.78482151
v -11.25144 50.7648926 -8.78342533
v 10.2986336 50.7648926 -8.78129482
v 25.0986328 9.42454529 -8.78482151
v 10.2986794 53.9648895 -8.78342533
v -11.25144 53.9648857 -8.78342533
v 10.9485149 50.9648895 -8.78482151
v 25.0986328 50.9648895 -8.78482151
v 10.7582006 54.6710663 -1.47561812
v 10.7582006 53.426506 -1.47564125
v 10.7582006 53.4203262 3.99418712
v 10.7582006 54.6710625 3.99433494
v -11.7110128 54.6710625 9.46435642
v 10.7582006 54.6710625 9.46435642
v 10.7582006 54.1710663 9.46435642
v -11.7110128 54.1648827 9.46435642
v 10.7582006 55.8033218 1.10726905
v -11.7110128 55.8033218 1.10726905
v -11.7110128 54.6710625 -1.47561812
v 10.7582006 54.6710663 -1.47561812
v 10.7582006 55.8033218 1.10726905
v 10.7582006 56.2093849 3.99458265
v -11.7110128 56.2093849 3.99458265
v -11.7110128 55.8033218 1.10726905
v -11.7110128 54.6710625 -1.47561812
v -11.7110128 53.426506 -1.47564125
v 10.7582006 53.426506 -1.47564125
v 10.7582006 54.6710663 -1.47561812
v 10.7582006 55.8033218 6.88239384
v 10.7582006 54.6710625 9.46435642
v -11.7110128 54.6710625 9.46435642
v -11.7110128 55.8033218 6.88239384
v 10.7582006 53.4203262 3.99418712
v 10.7582006 53.426506 9.46408367
v 10.7582006 54.1710663 9.46435642
v 10.7582006 54.6710625 3.99433494
v 10.7582006 55.8033218 1.10726905
v 10.7582006 54.6710663 -1.47561812
v 10.7582006 56.2093849 3.99458265
v 10.7582006 54.6710625 9.46435642
v 10.7582006 55.8033218 6.88239384
v -11.901412 53.9648857 -8.78129482
v -26.511013 53.9648857 -8.78129482
v -26.511013 53.4648895 -8.78129482
v -11.901412 53.4648895 -8.78129482
v -26.511013 53.9648857 -8.78129482
v -26.511013 53.9648857 9.64149189
v -26.511013 53.4648895 9.64149189
v -26.511013 53.4648895 -8.78129482
v -18.6514416 53.4648857 1.97228479
v -18.6514416 53.4648857 9.37228489
v -18.6514416 54.1648827 9.37228489
v -18.6514416 54.1648827 1.97228479
v -18.6514416 54.1648827 1.97228479
v -18.6514416 54.1648827 9.37228489
v -26.1693745 54.1648827 9.37228489
v -26.1693745 54.1648827 1.97228479
v -18.6514416 54.1648827 1.97228479
v -26.1693745 54.1648827 1.97228479
v -26.1693745 53.4648857 1.97228479
v -18.6514416 53.4648857 1.97228479
v -11.7110128 54.1648827 -1.38482332
v -11.7110128 54.1648827 -1.11561632
v -26.1693745 54.1648827 -1.11561632
v -26.1693745 54.1648827 -1.38482332
v -11.7110128 53.9648857 -1.38482332
v -11.7110128 54.1648827 -1.38482332
v -26.1693745 54.1648827 -1.38482332
v -26.1693745 53.9648857 -1.38482332
v -11.7110128 54.1648827 -1.11561632
v -11.7110128 53.9648857 -1.11561632
v -26.1693745 53.9648857 -1.11561632
v -26.1693745 54.1648827 -1.11561632
v 10.9485998 53.9648857 -8.78129482
v 10.9485998 53.4648895 -8.78129482
v 25.5582008 53.4648895 -8.78129482
v 25.5582008 53.9648857 -8.78129482
v 25.5582008 53.9648857 -8.78129482
v 25.5582008 53.4648895 -8.78129482
v 25.5582008 53.4648895 9.64149189
v 25.5582008 53.9648857 9.64149189
v 17.6986294 54.1648827 9.37228489
v 17.6986294 53.4648857 9.37228489
v 17.6986294 53.4648857 1.97228479
v 17.6986294 54.1648827 1.97228479
v 17.6986294 54.1648827 1.97228479
v 17.6986294 53.4648857 1.97228479
v 25.2165623 53.4648857 1.97228479
v 25.2165623 54.1648827 1.97228479
v 10.7582006 54.1197243 -1.38482332
v 25.2165623 54.1197243 -1.38482332
v 25.2165623 54.1197243 -1.11561632
v 10.7582006 54.1197243 -1.11561632
v 10.7582006 53.9197273 -1.11561632
v 10.7582006 54.1197243 -1.11561632
v 25.2165623 54.1197243 -1.11561632
v 25.2165623 53.9197273 -1.11561632
v 10.7582006 54.1197243 -1.38482332
v 10.7582006 53.9197273 -1.38482332
v 25.2165623 53.9197273 -1.38482332
v 25.2165623 54.1197243 -1.38482332
v 17.6986294 54.1197243 2.24149179
v 10.7582006 54.1197243 2.24149179
v 10.7582006 54.1197243 1.97228479
v 17.6986294 54.1197243 1.97228479
v 17.6986294 54.1197243 1.97228479
v 10.7582006 54.1197243 1.97228479
v 10.7582006 53.9197273 1.97228479
v 17.6986294 53.9197273 1.97228479
v 17.6986294 53.9197273 2.24149179
v 10.7582006 53.9197273 2.24149179
v 10.7582006 54.1197243 2.24149179
v 17.6986294 54.1197243 2.24149179
v 25.5582008 53.9648857 9.64149189
v 25.5582008 53.4648895 9.64149189
v 10.7582006 53.4648895 9.64149189
v 10.7581987 53.9648857 9.64149189
v -26.511013 53.9648857 9.64149189
v -11.7110128 53.9648857 9.64149189
v -11.7110128 53.4648895 9.64149189
v -26.511013 53.4648895 9.64149189
v -18.8418026 53.9337196 1.97228479
v -18.8418026 54.1337166 1.97228479
v -18.8418026 54.1337166 -8.51561642
v -18.8418026 53.9337196 -8.51561642
v -18.8418026 54.1337166 1.97228479
v -19.1110134 54.1337166 1.97228479
v -19.1110134 54.1337166 -8.51561642
v -18.8418026 54.1337166 -8.51561642
v -19.1110134 54.1337166 1.97228479
v -19.1110134 53.9337196 1.97228479
v -19.1110134 53.9337196 -8.51561642
v -19.1110134 54.1337166 -8.51561642
v 17.8889904 53.9337196 1.97228479
v 17.8889904 53.9337196 -8.51561642
v 17.8889904 54.1337166 -8.51561642
v 17.8889904 54.1337166 1.97228479
v 17.8889904 54.1337166 1.97228479
v 17.8889904 54.1337166 -8.51561642
v 18.1582012 54.1337166 -8.51561642
v 18.1582012 54.1337166 1.97228479
v 18.1582012 54.1337166 1.97228479
v 18.1582012 54.1337166 -8.51561642
v 18.1582012 53.9337196 -8.51561642
v 18.1582012 53.9337196 1.97228479
v -19.8918018 53.9337196 1.97228479
v -19.8918018 54.1337166 1.97228479
v -19.8918018 54.1337166 -8.51561642
v -19.8918018 53.9337196 -8.51561642
v -19.8918018 54.1337166 1.97228479
v -20.1610126 54.1337166 1.97228479
v -20.1610126 54.1337166 -8.51561642
v -19.8918018 54.1337166 -8.51561642
v -20.1610126 54.1337166 1.97228479
v -20.1610126 53.9337196 1.97228479
v -20.1610126 53.9337196 -8.51561642
v -20.1610126 54.1337166 -8.51561642
v 16.8389912 53.9337196 1.97228479
v 16.8389912 53.9337196 -8.51561642
v 16.8389912 54.1337166 -8.51561642
v 16.8389912 54.1337166 1.97228479
v 16.8389912 54.1337166 1.97228479
v 16.8389912 54.1337166 -8.51561642
v 17.108202 54.1337166 -8.51561642
v 17.108202 54.1337166 1.97228479
v 17.108202 54.1337166 1.97228479
v 17.108202 54.1337166 -8.51561642
v 17.108202 53.9337196 -8.51561642
v 17.108202 53.9337196 1.97228479
v -20.941803 53.9337196 1.97228479
v -20.941803 54.1337166 1.97228479
v -20.941803 54.1337166 -8.51561642
v -20.941803 53.9337196 -8.51561642
v -20.941803 54.1337166 1.97228479
v -21.2110138 54.1337166 1.97228479
v -21.2110138 54.1337166 -8.51561642
v -20.941803 54.1337166 -8.51561642
v -21.2110138 54.1337166 1.97228479
v -21.2110138 53.9337196 1.97228479
v -21.2110138 53.9337196 -8.51561642
v -21.2110138 54.1337166 -8.51561642
v 15.78899 53.9337196 1.97228479
v 15.78899 53.9337196 -8.51561642
v 15.78899 54.1337166 -8.51561642
v 15.78899 54.1337166 1.97228479
v 15.78899 54.1337166 1.97228479
v 15.78899 54.1337166 -8.51561642
v 16.0582008 54.1337166 -8.51561642
v 16.0582008 54.1337166 1.97228479
v 16.0582008 54.1337166 1.97228479
v 16.0582008 54.1337166 -8.51561642
v 16.0582008 53.9337196 -8.51561642
v 16.0582008 53.9337196 1.97228479
v -21.9918022 53.9337196 1.97228479
v -21.9918022 54.1337166 1.97228479
v -21.9918022 54.1337166 -8.51561642
v -21.9918022 53.9337196 -8.51561642
v -21.9918022 54.1337166 1.97228479
v -22.261013 54.1337166 1.97228479
v -22.261013 54.1337166 -8.51561642
v -21.9918022 54.1337166 -8.51561642
v -22.261013 54.1337166 1.97228479
v -22.261013 53.9337196 1.97228479
v -22.261013 53.9337196 -8.51561642
v -22.261013 54.1337166 -8.51561642
v 14.7389908 53.9337196 1.97228479
v 14.7389908 53.9337196 -8.51561642
v 14.7389908 54.1337166 -8.51561642
v 14.7389908 54.1337166 1.97228479
v 14.7389908 54.1337166 1.97228479
v 14.7389908 54.1337166 -8.51561642
v 15.0082016 54.1337166 -8.51561642
v 15.0082016 54.1337166 1.97228479
v 15.0082016 54.1337166 1.97228479
v 15.0082016 54.1337166 -8.51561642
v 15.0082016 53.9337196 -8.51561642
v 15.0082016 53.9337196 1.97228479
v -23.0418015 53.9337196 1.97228479
v -23.0418015 54.1337166 1.97228479
v -23.0418015 54.1337166 -8.51561642
v -23.0418015 53.9337196 -8.51561642
v -23.0418015 54.1337166 1.97228479
v -23.3110123 54.1337166 1.97228479
v -23.3110123 54.1337166 -8.51561642
v -23.0418015 54.1337166 -8.51561642
v -23.3110123 54.1337166 1.97228479
v -23.3110123 53.9337196 1.97228479
v -23.3110123 53.9337196 -8.51561642
v -23.3110123 54.1337166 -8.51561642
v 13.6889906 53.9337196 1.97228479
v 13.6889906 53.9337196 -8.51561642
v 13.6889906 54.1337166 -8.51561642
v 13.6889906 54.1337166 1.97228479
v 13.6889906 54.1337166 1.97228479
v 13.6889906 54.1337166 -8.51561642
v 13.9582014 54.1337166 -8.51561642
v 13.9582014 54.1337166 1.97228479
v 13.9582014 54.1337166 1.97228479
v 13.9582014 54.1337166 -8.51561642
v 13.9582014 53.9337196 -8.51561642
v 13.9582014 53.9337196 1.97228479
v -24.0918026 53.9337196 1.97228479
v -24.0918026 54.1337166 1.97228479
v -24.0918026 54.1337166 -8.51561642
v -24.0918026 53.9337196 -8.51561642
v -24.0918026 54.1337166 1.97228479
v -24.3610134 54.1337166 1.97228479
v -24.3610134 54.1337166 -8.51561642
v -24.0918026 54.1337166 -8.51561642
v -24.3610134 54.1337166 1.97228479
v -24.3610134 53.9337196 1.97228479
v -24.3610134 53.9337196 -8.51561642
v -24.3610134 54.1337166 -8.51561642
v 12.6389904 53.9337196 1.97228479
v 12.6389904 53.9337196 -8.51561642
v 12.6389904 54.1337166 -8.51561642
v 12.6389904 54.1337166 1.97228479
v 12.6389904 54.1337166 1.97228479
v 12.6389904 54.1337166 -8.51561642
v 12.9082012 54.1337166 -8.51561642
v 12.9082012 54.1337166 1.97228479
v 12.9082012 54.1337166 1.97228479
v 12.9082012 54.1337166 -8.51561642
v 12.9082012 53.9337196 -8.51561642
v 12.9082012 53.9337196 1.97228479
v -25.1418037 53.9337196 1.97228479
v -25.1418037 54.1337166 1.97228479
v -25.1418037 54.1337166 -8.51561642
v -25.1418037 53.9337196 -8.51561642
v -25.1418037 54.1337166 1.97228479
v -25.4110146 54.1337166 1.97228479
v -25.4110146 54.1337166 -8.51561642
v -25.1418037 54.1337166 -8.51561642
v -25.4110146 54.1337166 1.97228479
v -25.4110146 53.9337196 1.97228479
v -25.4110146 53.9337196 -8.51561642
v -25.4110146 54.1337166 -8.51561642
v 11.5889902 53.9337196 1.97228479
v 11.5889902 53.9337196 -8.51561642
v 11.5889902 54.1337166 -8.51561642
v 11.5889902 54.1337166 1.97228479
v 11.5889902 54.1337166 1.97228479
v 11.5889902 54.1337166 -8.51561642
v 11.858201 54.1337166 -8.51561642
v 11.858201 54.1337166 1.97228479
v 11.858201 54.1337166 1.97228479
v 11.858201 54.1337166 -8.51561642
v 11.858201 53.9337196 -8.51561642
v 11.858201 53.9337196 1.97228479
v -26.1693745 53.9648857 9.29985714
v 25.2165623 53.9648857 9.29985714
v 25.2165623 54.1648865 9.29985714
v -26.1693745 54.1648865 9.29985714
v -26.1693745 53.9648857 -8.44318867
v -26.1693745 53.9648857 9.29985714
v -26.1693745 54.1648865 9.29985714
v -26.1693745 54.1648865 -8.44318867
v 25.2165623 53.9648857 -8.44318867
v 25.2165623 54.1648865 -8.44318867
v 25.2165623 54.1648865 9.29985714
v 25.2165623 53.9648857 9.29985714
v -26.6220245 53.9648857 10.0998564
v -26.6220245 54.1648865 10.0998564
v 25.6692123 54.1648865 10.0998564
v 25.6692123 53.9648857 10.0998564
v -26.6220245 53.9648857 -9.2431879
v -26.6220245 54.1648865 -9.2431879
v -26.9693737 54.1648865 -8.89583111
v -26.9693737 53.9648857 -8.89583111
v -26.9693737 53.9648857 -8.89583111
v -26.9693737 54.1648865 -8.89583111
v -26.9693737 54.1648865 9.75249958
v -26.9693737 53.9648857 9.75249958
v -26.9693737 53.9648857 9.75249958
v -26.9693737 54.1648865 9.75249958
v -26.6220245 54.1648865 10.0998564
v -26.6220245 53.9648857 10.0998564
v 25.6692123 53.9648857 -9.2431879
v 26.0165615 53.9648857 -8.89583111
v 26.0165615 54.1648865 -8.89583111
v 25.6692123 54.1648865 -9.2431879
v 26.0165615 53.9648857 -8.89583111
v 26.0165615 53.9648857 9.75249958
v 26.0165615 54.1648865 9.75249958
v 26.0165615 54.1648865 -8.89583111
v 26.0165615 53.9648857 9.75249958
v 25.6692123 53.9648857 10.0998564
v 25.6692123 54.1648865 10.0998564
v 26.0165615 54.1648865 9.75249958
v -26.1693745 54.1648865 -8.44318867
v -26.9693737 54.1648865 -8.89583111
v -26.6220245 54.1648865 -9.2431879
v 25.2165623 54.1648865 -8.44318867
v 25.6692123 54.1648865 -9.2431879
v 26.0165615 54.1648865 -8.89583111
v -26.1693745 54.1648865 9.29985714
v -26.9693737 54.1648865 9.75249958
v -26.9693737 54.1648865 -8.89583111
v -26.1693745 54.1648865 -8.44318867
v -26.1693745 54.1648865 9.29985714
v -26.6220245 54.1648865 10.0998564
v -26.9693737 54.1648865 9.75249958
v 25.2165623 54.1648865 9.29985714
v 25.6692123 54.1648865 10.0998564
v 26.0165615 54.1648865 9.75249958
v 25.2165623 54.1648865 -8.44318867
v 26.0165615 54.1648865 -8.89583111
v 26.0165615 54.1648865 9.75249958
v 25.2165623 54.1648865 9.29985714
v 25.2165623 53.9648857 -8.44318867
v -26.1693745 53.9648857 -8.44318867
v -26.1693745 54.1648865 -8.44318867
v 25.2165623 54.1648865 -8.44318867
v -26.6220245 53.9648857 -9.2431879
v 25.6692123 53.9648857 -9.2431879
v 25.6692123 54.1648865 -9.2431879
v -26.6220245 54.1648865 -9.2431879
v 25.2165623 54.1648827 9.37228489
v 17.6986294 54.1648827 9.37228489
v 17.6986294 54.1648827 1.97228479
v 25.2165623 54.1648827 1.97228479
v -18.6514416 54.1197243 2.24149179
v -18.6514416 54.1197243 1.97228479
v -11.7110128 54.1197243 1.97228479
v -11.7110128 54.1197243 2.24149179
v -18.6514416 54.1197243 1.97228479
v -18.6514416 53.9197273 1.97228479
v -11.7110128 53.9197273 1.97228479
v -11.7110128 54.1197243 1.97228479
v -18.6514416 53.9197273 2.24149179
v -18.6514416 54.1197243 2.24149179
v -11.7110128 54.1197243 2.24149179
v -11.7110128 53.9197273 2.24149179
v 3.54859829 56.9820786 -8.67636013
v 3.54859829 56.9820786 -1.47636044
v 3.59414434 57.1768227 -1.47636616
v 3.59414434 57.1768227 -8.67635441
v -2.25616193 57.7325745 -8.67649078
v -4.54695654 57.1768227 -8.67635441
v -4.50141048 56.9820786 -8.67636013
v -2.30170774 57.9273186 -8.67648506
v -0.476406097 58.0017357 -8.67680073
v -0.476406097 58.1964798 -8.67679501
v 1.34889567 57.9273186 -8.67648506
v 1.30334973 57.7325745 -8.67649078
v 3.59414434 57.1768227 -8.67635441
v 3.54859829 56.9820786 -8.67636013
v -0.476406097 58.1964798 -1.47592556
v -2.30170774 57.9273186 -1.47623551
v -2.30170774 57.9273186 -8.67648506
v -0.476406097 58.1964798 -8.67679501
v -4.50141048 53.426506 -8.67636013
v -4.50141048 56.9820786 -8.67636013
v -4.50141048 56.9820786 -1.47636044
v -4.50141048 53.426506 -1.47636044
v -2.25616193 57.7325745 -1.47622979
v -4.50141048 56.9820786 -1.47636044
v -4.54695654 57.1768227 -1.47636616
v -2.30170774 57.9273186 -1.47623551
v -0.476406097 58.0017357 -1.47591984
v -0.476406097 58.1964798 -1.47592556
v 1.34889567 57.9273186 -1.47623551
v 1.30334973 57.7325745 -1.47622979
v 3.59414434 57.1768227 -1.47636616
v 3.54859829 56.9820786 -1.47636044
v -2.30170774 57.9273186 -1.47623551
v -4.54695654 57.1768227 -1.47636616
v -4.54695654 57.1768227 -8.67635441
v -2.30170774 57.9273186 -8.67648506
v -0.476406097 58.1964798 -1.47592556
v -0.476406097 58.1964798 -8.67679501
v 1.34889567 57.9273186 -8.67648506
v 1.34889567 57.9273186 -1.47623551
v 3.54859829 56.9820786 -1.47636044
v 3.54859829 56.9820786 -8.67636013
v 3.54859829 53.426506 -8.67636013
v 3.54859829 53.426506 -1.47636044
v -4.50141048 56.9820786 -8.67636013
v -4.54695654 57.1768227 -8.67635441
v -4.54695654 57.1768227 -1.47636616
v -4.50141048 56.9820786 -1.47636044
v 1.34889567 57.9273186 -1.47623551
v 1.34889567 57.9273186 -8.67648506
v 3.59414434 57.1768227 -8.67635441
v 3.59414434 57.1768227 -1.47636616
v -18.6514454 49.9648895 1.9722867
v -18.6514454 49.9648895 2.24148989
v -18.6514416 53.9648895 2.24149179
v -18.6514416 53.9648895 1.97228479
v -18.8418026 49.9648895 2.43185091
v -19.1110134 49.9648895 2.43185091
v -19.1110134 53.9648895 2.43185663
v -18.8418026 53.9648895 2.43185663
v -19.3013706 49.9648895 2.24148989
v -19.3013706 49.9648895 1.9722867
v -19.3013744 53.9648895 1.97228479
v -19.3013744 53.9648895 2.24149179
v -18.8418026 49.9648895 1.78192568
v -18.6514454 49.9648895 1.9722867
v -18.6514416 53.9648895 1.97228479
v -18.8418026 53.9648895 1.78191996
v -18.8418026 53.9648895 2.43185663
v -18.6514416 53.9648895 2.24149179
v -18.6514454 49.9648895 2.24148989
v -18.8418026 49.9648895 2.43185091
v -19.3013744 53.9648895 2.24149179
v -19.1110134 53.9648895 2.43185663
v -19.1110134 49.9648895 2.43185091
v -19.3013706 49.9648895 2.24148989
v -19.1110134 53.9648895 1.78191996
v -19.3013744 53.9648895 1.97228479
v -19.3013706 49.9648895 1.9722867
v -19.1110134 49.9648895 1.78192568
v -18.8418026 53.9648895 1.78191996
v -19.1110134 53.9648895 1.78191996
v -19.1110134 49.9648895 1.78192568
v -18.8418026 49.9648895 1.78192568
v -11.90137 49.9648895 2.24148989
v -11.90137 49.9648895 1.9722867
v -11.9013739 53.9648895 1.97228479
v -11.9013739 53.9648895 2.24149179
v -11.9013739 53.9648895 2.24149179
v -11.7110128 53.9648895 2.43185663
v -11.7110128 49.9648895 2.43185091
v -11.90137 49.9648895 2.24148989
v -11.7110128 53.9648895 1.78191996
v -11.9013739 53.9648895 1.97228479
v -11.90137 49.9648895 1.9722867
v -11.7110128 49.9648895 1.78192568
v 10.948555 49.9648895 1.9722867
v 10.948555 49.9648895 2.24148989
v 10.9485588 53.9648895 2.24149179
v 10.9485588 53.9648895 1.97228479
v 10.7581978 49.9648895 1.78192568
v 10.948555 49.9648895 1.9722867
v 10.9485588 53.9648895 1.97228479
v 10.7581978 53.9648895 1.78191996
v 10.7581978 53.9648895 2.43185663
v 10.9485588 53.9648895 2.24149179
v 10.948555 49.9648895 2.24148989
v 10.7581978 49.9648895 2.43185091
v 18.3485565 49.9648895 1.9722867
v 18.3485565 49.9648895 2.24148989
v 18.3485603 53.9648895 2.24149179
v 18.3485603 53.9648895 1.97228479
v 18.1581993 49.9648895 2.43185091
v 17.8889885 49.9648895 2.43185091
v 17.8889885 53.9648895 2.43185663
v 18.1581993 53.9648895 2.43185663
v 17.6986313 49.9648895 2.24148989
v 17.6986313 49.9648895 1.9722867
v 17.6986275 53.9648895 1.97228479
v 17.6986275 53.9648895 2.24149179
v 18.1581993 49.9648895 1.78192568
v 18.3485565 49.9648895 1.9722867
v 18.3485603 53.9648895 1.97228479
v 18.1581993 53.9648895 1.78191996
v 18.1581993 53.9648895 2.43185663
v 18.3485603 53.9648895 2.24149179
v 18.3485565 49.9648895 2.24148989
v 18.1581993 49.9648895 2.43185091
v 17.6986275 53.9648895 2.24149179
v 17.8889885 53.9648895 2.43185663
v 17.8889885 49.9648895 2.43185091
v 17.6986313 49.9648895 2.24148989
v 17.8889885 53.9648895 1.78191996
v 17.6986275 53.9648895 1.97228479
v 17.6986313 49.9648895 1.9722867
v 17.8889885 49.9648895 1.78192568
v 18.1581993 53.9648895 1.78191996
v 17.8889885 53.9648895 1.78191996
v 17.8889885 49.9648895 1.78192568
v 18.1581993 49.9648895 1.78192568
v -18.6514454 49.9648895 -1.11561823
v -18.6514416 53.9648895 -1.11561632
v -18.6514416 53.9648895 -1.38482332
v -18.6514454 49.9648895 -1.38482141
v -18.8418026 49.9648895 -1.57518244
v -18.8418026 53.9648895 -1.57518816
v -19.1110134 53.9648895 -1.57518816
v -19.1110134 49.9648895 -1.57518244
v -19.3013706 49.9648895 -1.38482141
v -19.3013744 53.9648895 -1.38482332
v -19.3013744 53.9648895 -1.11561632
v -19.3013706 49.9648895 -1.11561823
v -18.8418026 49.9648895 -0.925257206
v -18.8418026 53.9648895 -0.925251484
v -18.6514416 53.9648895 -1.11561632
v -18.6514454 49.9648895 -1.11561823
v -18.8418026 53.9648895 -1.57518816
v -18.8418026 49.9648895 -1.57518244
v -18.6514454 49.9648895 -1.38482141
v -18.6514416 53.9648895 -1.38482332
v -19.3013744 53.9648895 -1.38482332
v -19.3013706 49.9648895 -1.38482141
v -19.1110134 49.9648895 -1.57518244
v -19.1110134 53.9648895 -1.57518816
v -19.1110134 53.9648895 -0.925251484
v -19.1110134 49.9648895 -0.925257206
v -19.3013706 49.9648895 -1.11561823
v -19.3013744 53.9648895 -1.11561632
v -18.8418026 53.9648895 -0.925251484
v -18.8418026 49.9648895 -0.925257206
v -19.1110134 49.9648895 -0.925257206
v -19.1110134 53.9648895 -0.925251484
v 10.948555 49.9648895 -1.11561823
v 10.9485588 53.9648895 -1.11561632
v 10.9485588 53.9648895 -1.38482332
v 10.948555 49.9648895 -1.38482141
v 10.7581978 49.9648895 -0.925257206
v 10.7581978 53.9648895 -0.925251484
v 10.9485588 53.9648895 -1.11561632
v 10.948555 49.9648895 -1.11561823
v 10.7581978 53.9648895 -1.57518816
v 10.7581978 49.9648895 -1.57518244
v 10.948555 49.9648895 -1.38482141
v 10.9485588 53.9648895 -1.38482332
v 18.3485565 49.9648895 -1.11561823
v 18.3485603 53.9648895 -1.11561632
v 18.3485603 53.9648895 -1.38482332
v 18.3485565 49.9648895 -1.38482141
v 18.1581993 49.9648895 -1.57518244
v 18.1581993 53.9648895 -1.57518816
v 17.8889885 53.9648895 -1.57518816
v 17.8889885 49.9648895 -1.57518244
v 17.6986313 49.9648895 -1.38482141
v 17.6986275 53.9648895 -1.38482332
v 17.6986275 53.9648895 -1.11561632
v 17.6986313 49.9648895 -1.11561823
v 18.1581993 49.9648895 -0.925257206
v 18.1581993 53.9648895 -0.925251484
v 18.3485603 53.9648895 -1.11561632
v 18.3485565 49.9648895 -1.11561823
v 18.1581993 53.9648895 -1.57518816
v 18.1581993 49.9648895 -1.57518244
v 18.3485565 49.9648895 -1.38482141
v 18.3485603 53.9648895 -1.38482332
v 17.6986275 53.9648895 -1.38482332
v 17.6986313 49.9648895 -1.38482141
v 17.8889885 49.9648895 -1.57518244
v 17.8889885 53.9648895 -1.57518816
v 17.8889885 53.9648895 -0.925251484
v 17.8889885 49.9648895 -0.925257206
v 17.6986313 49.9648895 -1.11561823
v 17.6986275 53.9648895 -1.11561632
v 18.1581993 53.9648895 -0.925251484
v 18.1581993 49.9648895 -0.925257206
v 17.8889885 49.9648895 -0.925257206
v 17.8889885 53.9648895 -0.925251484
v -11.90137 49.9648895 -1.38482141
v -11.90137 53.9648895 -1.38482141
v -11.90137 53.9648895 -1.11561823
v -11.90137 49.9648895 -1.11561823
v -11.90137 49.9648895 -1.11561823
v -11.90137 53.9648895 -1.11561823
v -11.7110128 53.9648895 -0.925257206
v -11.7110128 49.9648895 -0.925257206
v -11.90137 49.9648895 -1.38482141
v -11.7110128 49.9648895 -1.57518244
v -11.7110128 53.9648895 -1.57518244
v -11.90137 53.9648895 -1.38482141
v 1.42123508 29.9648705 11.1397448
v -2.07879639 29.9648705 11.1393604
v -2.07879639 30.864872 11.1393604
v 1.42123508 30.864872 11.1397448
v -2.07879639 29.9648705 11.1393604
v -2.07847977 29.9648705 9.63935852
v -2.07847977 30.864872 9.63935852
v -2.07879639 30.864872 11.1393604
v 1.42123508 30.864872 11.1397448
v 1.42155075 30.864872 9.63974476
v 1.42155075 29.9648705 9.63974476
v 1.42123508 29.9648705 11.1397448
v 1.42123508 44.4648743 11.1397448
v 1.42155075 44.4648743 9.63974476
v 1.42155075 43.5648727 9.63974476
v 1.42123508 43.5648727 11.1397448
v 1.42155075 43.5648727 9.63974476
v 1.42123508 43.5648727 11.1397448
v -2.07879639 43.5648727 11.1393604
v -2.07847977 43.5648727 9.63935852
v 1.42123508 43.5648727 11.1397448
v -2.07879639 43.5648727 11.1393604
v -2.07879639 44.4648743 11.1393604
v 1.42123508 44.4648743 11.1397448
v -2.07879639 43.5648727 11.1393604
v -2.07847977 43.5648727 9.63935852
v -2.07847977 44.4648743 9.63935852
v -2.07879639 44.4648743 11.1393604
v 1.42155075 23.1648693 9.63974476
v 1.42123508 23.1648693 11.1397448
v -2.07879639 23.1648693 11.1393604
v -2.07847977 23.1648693 9.63935852
v 1.42123508 24.0648708 11.1397448
v 1.42155075 24.0648708 9.63974476
v 1.42155075 23.1648693 9.63974476
v 1.42123508 23.1648693 11.1397448
v -2.07879639 23.1648693 11.1393604
v -2.07847977 23.1648693 9.63935852
v -2.07847977 24.0648708 9.63935852
v -2.07879639 24.0648708 11.1393604
v 1.42123508 23.1648693 11.1397448
v -2.07879639 23.1648693 11.1393604
v -2.07879639 24.0648708 11.1393604
v 1.42123508 24.0648708 11.1397448
v 1.42155075 29.9648705 9.63974476
v 1.42123508 29.9648705 11.1397448
v -2.07879639 29.9648705 11.1393604
v -2.07847977 29.9648705 9.63935852
v 1.42123508 36.7648659 11.1397448
v -2.07879639 36.7648659 11.1393604
v -2.07879639 37.6648674 11.1393604
v 1.42123508 37.6648674 11.1397448
v -2.07879639 36.7648659 11.1393604
v -2.07847977 36.7648659 9.63935852
v -2.07847977 37.6648674 9.63935852
v -2.07879639 37.6648674 11.1393604
v 1.42123508 37.6648674 11.1397448
v 1.42155075 37.6648674 9.63974476
v 1.42155075 36.7648659 9.63974476
v 1.42123508 36.7648659 11.1397448
v 1.42155075 36.7648659 9.63974476
v 1.42123508 36.7648659 11.1397448
v -2.07879639 36.7648659 11.1393604
v -2.07847977 36.7648659 9.63935852
v -6.12642527 19.7648697 -8.78305817
v -9.62647533 19.7648697 -8.78270817
v -9.62677193 19.7648697 -10.282692
v -6.12674093 19.7648697 -10.2830763
v -9.62677193 19.7648697 -10.282692
v -9.62677193 20.6648712 -10.282692
v -9.62645531 20.6648712 -8.78269005
v -9.62647533 19.7648697 -8.78270817
v -6.12674093 19.7648697 -10.2830763
v -6.12674093 20.6648712 -10.2830763
v -9.62677193 20.6648712 -10.282692
v -9.62677193 19.7648697 -10.282692
v -6.12674093 20.6648712 -10.2830763
v -6.12674093 19.7648697 -10.2830763
v -6.12642527 19.7648697 -8.78305817
v -6.12642527 20.6648712 -8.78307629
v -20.9264259 19.7648697 -8.78305817
v -24.4264755 19.7648697 -8.78270817
v -24.4267731 19.7648697 -10.282692
v -20.9267406 19.7648697 -10.2830763
v -24.4267731 19.7648697 -10.282692
v -24.4267731 20.6648712 -10.282692
v -24.4264565 20.6648712 -8.78269005
v -24.4264755 19.7648697 -8.78270817
v -20.9267406 19.7648697 -10.2830763
v -20.9267406 20.6648712 -10.2830763
v -24.4267731 20.6648712 -10.282692
v -24.4267731 19.7648697 -10.282692
v -20.9267406 20.6648712 -10.2830763
v -20.9267406 19.7648697 -10.2830763
v -20.9264259 19.7648697 -8.78305817
v -20.9264259 20.6648712 -8.78307629
v 5.17361307 19.7648697 -8.78305817
v 5.17392874 19.7648697 -10.2830763
v 8.67395973 19.7648697 -10.282692
v 8.67366314 19.7648697 -8.78270817
v 8.67395973 19.7648697 -10.282692
v 8.67366314 19.7648697 -8.78270817
v 8.67364311 20.6648712 -8.78269005
v 8.67395973 20.6648712 -10.282692
v 5.17392874 19.7648697 -10.2830763
v 8.67395973 19.7648697 -10.282692
v 8.67395973 20.6648712 -10.282692
v 5.17392874 20.6648712 -10.2830763
v 5.17392874 20.6648712 -10.2830763
v 5.17361307 20.6648712 -8.78307629
v 5.17361307 19.7648697 -8.78305817
v 5.17392874 19.7648697 -10.2830763
v 19.9736137 19.7648697 -8.78305817
v 19.9739285 19.7648697 -10.2830763
v 23.4739609 19.7648697 -10.282692
v 23.4736633 19.7648697 -8.78270817
v 23.4739609 19.7648697 -10.282692
v 23.4736633 19.7648697 -8.78270817
v 23.4736443 20.6648712 -8.78269005
v 23.4739609 20.6648712 -10.282692
v 19.9739285 19.7648697 -10.2830763
v 23.4739609 19.7648697 -10.282692
v 23.4739609 20.6648712 -10.282692
v 19.9739285 20.6648712 -10.2830763
v 19.9739285 20.6648712 -10.2830763
v 19.9736137 20.6648712 -8.78307629
v 19.9736137 19.7648697 -8.78305817
v 19.9739285 19.7648697 -10.2830763
v -6.12642527 19.7648697 9.63972664
v -6.12674093 19.7648697 11.1397448
v -9.62677193 19.7648697 11.1393604
v -9.62647533 19.7648697 9.63937664
v -9.62677193 19.7648697 11.1393604
v -9.62647533 19.7648697 9.63937664
v -9.62645531 20.6648712 9.63935852
v -9.62677193 20.6648712 11.1393604
v -6.12674093 19.7648697 11.1397448
v -9.62677193 19.7648697 11.1393604
v -9.62677193 20.6648712 11.1393604
v -6.12674093 20.6648712 11.1397448
v -6.12674093 20.6648712 11.1397448
v -6.12642527 20.6648712 9.63974476
v -6.12642527 19.7648697 9.63972664
v -6.12674093 19.7648697 11.1397448
v -20.9264259 19.7648697 9.63972664
v -20.9267406 19.7648697 11.1397448
v -24.4267731 19.7648697 11.1393604
v -24.4264755 19.7648697 9.63937664
v -24.4267731 19.7648697 11.1393604
v -24.4264755 19.7648697 9.63937664
v -24.4264565 20.6648712 9.63935852
v -24.4267731 20.6648712 11.1393604
v -20.9267406 19.7648697 11.1397448
v -24.4267731 19.7648697 11.1393604
v -24.4267731 20.6648712 11.1393604
v -20.9267406 20.6648712 11.1397448
v -20.9267406 20.6648712 11.1397448
v -20.9264259 20.6648712 9.63974476
v -20.9264259 19.7648697 9.63972664
v -20.9267406 19.7648697 11.1397448
v 5.17361307 19.7648697 9.63972664
v 8.67366314 19.7648697 9.63937664
v 8.67395973 19.7648697 11.1393604
v 5.17392874 19.7648697 11.1397448
v 8.67395973 19.7648697 11.1393604
v 8.67395973 20.6648712 11.1393604
v 8.67364311 20.6648712 9.63935852
v 8.67366314 19.7648697 9.63937664
v 5.17392874 19.7648697 11.1397448
v 5.17392874 20.6648712 11.1397448
v 8.67395973 20.6648712 11.1393604
v 8.67395973 19.7648697 11.1393604
v 5.17392874 20.6648712 11.1397448
v 5.17392874 19.7648697 11.1397448
v 5.17361307 19.7648697 9.63972664
v 5.17361307 20.6648712 9.63974476
v 19.9736137 19.7648697 9.63972664
v 23.4736633 19.7648697 9.63937664
v 23.4739609 19.7648697 11.1393604
v 19.9739285 19.7648697 11.1397448
v 23.4739609 19.7648697 11.1393604
v 23.4739609 20.6648712 11.1393604
v 23.4736443 20.6648712 9.63935852
v 23.4736633 19.7648697 9.63937664
v 19.9739285 19.7648697 11.1397448
v 19.9739285 20.6648712 11.1397448
v 23.4739609 20.6648712 11.1393604
v 23.4739609 19.7648697 11.1393604
v 19.9739285 20.6648712 11.1397448
v 19.9739285 19.7648697 11.1397448
v 19.9736137 19.7648697 9.63972664
v 19.9736137 20.6648712 9.63974476
v -6.12642527 26.5648708 -8.78305817
v -9.62647533 26.5648708 -8.78270817
v -9.62677193 26.5648708 -10.282692
v -6.12674093 26.5648708 -10.2830763
v -9.62677193 26.5648708 -10.282692
v -9.62677193 27.4648724 -10.282692
v -9.62645531 27.4648724 -8.78269005
v -9.62647533 26.5648708 -8.78270817
v -6.12674093 26.5648708 -10.2830763
v -6.12674093 27.4648724 -10.2830763
v -9.62677193 27.4648724 -10.282692
v -9.62677193 26.5648708 -10.282692
v -6.12674093 27.4648724 -10.2830763
v -6.12674093 26.5648708 -10.2830763
v -6.12642527 26.5648708 -8.78305817
v -6.12642527 27.4648724 -8.78307629
v -20.9264259 26.5648708 -8.78305817
v -24.4264755 26.5648708 -8.78270817
v -24.4267731 26.5648708 -10.282692
v -20.9267406 26.5648708 -10.2830763
v -24.4267731 26.5648708 -10.282692
v -24.4267731 27.4648724 -10.282692
v -24.4264565 27.4648724 -8.78269005
v -24.4264755 26.5648708 -8.78270817
v -20.9267406 26.5648708 -10.2830763
v -20.9267406 27.4648724 -10.2830763
v -24.4267731 27.4648724 -10.282692
v -24.4267731 26.5648708 -10.282692
v -20.9267406 27.4648724 -10.2830763
v -20.9267406 26.5648708 -10.2830763
v -20.9264259 26.5648708 -8.78305817
v -20.9264259 27.4648724 -8.78307629
v 5.17361307 26.5648708 -8.78305817
v 5.17392874 26.5648708 -10.2830763
v 8.67395973 26.5648708 -10.282692
v 8.67366314 26.5648708 -8.78270817
v 8.67395973 26.5648708 -10.282692
v 8.67366314 26.5648708 -8.78270817
v 8.67364311 27.4648724 -8.78269005
v 8.67395973 27.4648724 -10.282692
v 5.17392874 26.5648708 -10.2830763
v 8.67395973 26.5648708 -10.282692
v 8.67395973 27.4648724 -10.282692
v 5.17392874 27.4648724 -10.2830763
v 5.17392874 27.4648724 -10.2830763
v 5.17361307 27.4648724 -8.78307629
v 5.17361307 26.5648708 -8.78305817
v 5.17392874 26.5648708 -10.2830763
v 19.9736137 26.5648708 -8.78305817
v 19.9739285 26.5648708 -10.2830763
v 23.4739609 26.5648708 -10.282692
v 23.4736633 26.5648708 -8.78270817
v 23.4739609 26.5648708 -10.282692
v 23.4736633 26.5648708 -8.78270817
v 23.4736443 27.4648724 -8.78269005
v 23.4739609 27.4648724 -10.282692
v 19.9739285 26.5648708 -10.2830763
v 23.4739609 26.5648708 -10.282692
v 23.4739609 27.4648724 -10.282692
v 19.9739285 27.4648724 -10.2830763
v 19.9739285 27.4648724 -10.2830763
v 19.9736137 27.4648724 -8.78307629
v 19.9736137 26.5648708 -8.78305817
v 19.9739285 26.5648708 -10.2830763
v -6.12642527 26.5648708 9.63972664
v -6.12674093 26.5648708 11.1397448
v -9.62677193 26.5648708 11.1393604
v -9.62647533 26.5648708 9.63937664
v -9.62677193 26.5648708 11.1393604
v -9.62647533 26.5648708 9.63937664
v -9.62645531 27.4648724 9.63935852
v -9.62677193 27.4648724 11.1393604
v -6.12674093 26.5648708 11.1397448
v -9.62677193 26.5648708 11.1393604
v -9.62677193 27.4648724 11.1393604
v -6.12674093 27.4648724 11.1397448
v -6.12674093 27.4648724 11.1397448
v -6.12642527 27.4648724 9.63974476
v -6.12642527 26.5648708 9.63972664
v -6.12674093 26.5648708 11.1397448
v -20.9264259 26.5648708 9.63972664
v -20.9267406 26.5648708 11.1397448
v -24.4267731 26.5648708 11.1393604
v -24.4264755 26.5648708 9.63937664
v -24.4267731 26.5648708 11.1393604
v -24.4264755 26.5648708 9.63937664
v -24.4264565 27.4648724 9.63935852
v -24.4267731 27.4648724 11.1393604
v -20.9267406 26.5648708 11.1397448
v -24.4267731 26.5648708 11.1393604
v -24.4267731 27.4648724 11.1393604
v -20.9267406 27.4648724 11.1397448
v -20.9267406 27.4648724 11.1397448
v -20.9264259 27.4648724 9.63974476
v -20.9264259 26.5648708 9.63972664
v -20.9267406 26.5648708 11.1397448
v 5.17361307 26.5648708 9.63972664
v 8.67366314 26.5648708 9.63937664
v 8.67395973 26.5648708 11.1393604
v 5.17392874 26.5648708 11.1397448
v 8.67395973 26.5648708 11.1393604
v 8.67395973 27.4648724 11.1393604
v 8.67364311 27.4648724 9.63935852
v 8.67366314 26.5648708 9.63937664
v 5.17392874 26.5648708 11.1397448
v 5.17392874 27.4648724 11.1397448
v 8.67395973 27.4648724 11.1393604
v 8.67395973 26.5648708 11.1393604
v 5.17392874 27.4648724 11.1397448
v 5.17392874 26.5648708 11.1397448
v 5.17361307 26.5648708 9.63972664
v 5.17361307 27.4648724 9.63974476
v 19.9736137 26.5648708 9.63972664
v 23.4736633 26.5648708 9.63937664
v 23.4739609 26.5648708 11.1393604
v 19.9739285 26.5648708 11.1397448
v 23.4739609 26.5648708 11.1393604
v 23.4739609 27.4648724 11.1393604
v 23.4736443 27.4648724 9.63935852
v 23.4736633 26.5648708 9.63937664
v 19.9739285 26.5648708 11.1397448
v 19.9739285 27.4648724 11.1397448
v 23.4739609 27.4648724 11.1393604
v 23.4739609 26.5648708 11.1393604
v 19.9739285 27.4648724 11.1397448
v 19.9739285 26.5648708 11.1397448
v 19.9736137 26.5648708 9.63972664
v 19.9736137 27.4648724 9.63974476
v -6.12642527 33.364872 -8.78305817
v -9.62647533 33.364872 -8.78270817
v -9.62677193 33.364872 -10.282692
v -6.12674093 33.364872 -10.2830763
v -9.62677193 33.364872 -10.282692
v -9.62677193 34.2648735 -10.282692
v -9.62645531 34.2648735 -8.78269005
v -9.62647533 33.364872 -8.78270817
v -6.12674093 33.364872 -10.2830763
v -6.12674093 34.2648735 -10.2830763
v -9.62677193 34.2648735 -10.282692
v -9.62677193 33.364872 -10.282692
v -6.12674093 34.2648735 -10.2830763
v -6.12674093 33.364872 -10.2830763
v -6.12642527 33.364872 -8.78305817
v -6.12642527 34.2648735 -8.78307629
v -20.9264259 33.364872 -8.78305817
v -24.4264755 33.364872 -8.78270817
v -24.4267731 33.364872 -10.282692
v -20.9267406 33.364872 -10.2830763
v -24.4267731 33.364872 -10.282692
v -24.4267731 34.2648735 -10.282692
v -24.4264565 34.2648735 -8.78269005
v -24.4264755 33.364872 -8.78270817
v -20.9267406 33.364872 -10.2830763
v -20.9267406 34.2648735 -10.2830763
v -24.4267731 34.2648735 -10.282692
v -24.4267731 33.364872 -10.282692
v -20.9267406 34.2648735 -10.2830763
v -20.9267406 33.364872 -10.2830763
v -20.9264259 33.364872 -8.78305817
v -20.9264259 34.2648735 -8.78307629
v 5.17361307 33.364872 -8.78305817
v 5.17392874 33.364872 -10.2830763
v 8.67395973 33.364872 -10.282692
v 8.67366314 33.364872 -8.78270817
v 8.67395973 33.364872 -10.282692
v 8.67366314 33.364872 -8.78270817
v 8.67364311 34.2648735 -8.78269005
v 8.67395973 34.2648735 -10.282692
v 5.17392874 33.364872 -10.2830763
v 8.67395973 33.364872 -10.282692
v 8.67395973 34.2648735 -10.282692
v 5.17392874 34.2648735 -10.2830763
v 5.17392874 34.2648735 -10.2830763
v 5.17361307 34.2648735 -8.78307629
v 5.17361307 33.364872 -8.78305817
v 5.17392874 33.364872 -10.2830763
v 19.9736137 33.364872 -8.78305817
v 19.9739285 33.364872 -10.2830763
v 23.4739609 33.364872 -10.282692
v 23.4736633 33.364872 -8.78270817
v 23.4739609 33.364872 -10.282692
v 23.4736633 33.364872 -8.78270817
v 23.4736443 34.2648735 -8.78269005
v 23.4739609 34.2648735 -10.282692
v 19.9739285 33.364872 -10.2830763
v 23.4739609 33.364872 -10.282692
v 23.4739609 34.2648735 -10.282692
v 19.9739285 34.2648735 -10.2830763
v 19.9739285 34.2648735 -10.2830763
v 19.9736137 34.2648735 -8.78307629
v 19.9736137 33.364872 -8.78305817
v 19.9739285 33.364872 -10.2830763
v -6.12642527 33.364872 9.63972664
v -6.12674093 33.364872 11.1397448
v -9.62677193 33.364872 11.1393604
v -9.62647533 33.364872 9.63937664
v -9.62677193 33.364872 11.1393604
v -9.62647533 33.364872 9.63937664
v -9.62645531 34.2648735 9.63935852
v -9.62677193 34.2648735 11.1393604
v -6.12674093 33.364872 11.1397448
v -9.62677193 33.364872 11.1393604
v -9.62677193 34.2648735 11.1393604
v -6.12674093 34.2648735 11.1397448
v -6.12674093 34.2648735 11.1397448
v -6.12642527 34.2648735 9.63974476
v -6.12642527 33.364872 9.63972664
v -6.12674093 33.364872 11.1397448
v -20.9264259 33.364872 9.63972664
v -20.9267406 33.364872 11.1397448
v -24.4267731 33.364872 11.1393604
v -24.4264755 33.364872 9.63937664
v -24.4267731 33.364872 11.1393604
v -24.4264755 33.364872 9.63937664
v -24.4264565 34.2648735 9.63935852
v -24.4267731 34.2648735 11.1393604
v -20.9267406 33.364872 11.1397448
v -24.4267731 33.364872 11.1393604
v -24.4267731 34.2648735 11.1393604
v -20.9267406 34.2648735 11.1397448
v -20.9267406 34.2648735 11.1397448
v -20.9264259 34.2648735 9.63974476
v -20.9264259 33.364872 9.63972664
v -20.9267406 33.364872 11.1397448
v 5.17361307 33.364872 9.63972664
v 8.67366314 33.364872 9.63937664
v 8.67395973 33.364872 11.1393604
v 5.17392874 33.364872 11.1397448
v 8.67395973 33.364872 11.1393604
v 8.67395973 34.2648735 11.1393604
v 8.67364311 34.2648735 9.63935852
v 8.67366314 33.364872 9.63937664
v 5.17392874 33.364872 11.1397448
v 5.17392874 34.2648735 11.1397448
v 8.67395973 34.2648735 11.1393604
v 8.67395973 33.364872 11.1393604
v 5.17392874 34.2648735 11.1397448
v 5.17392874 33.364872 11.1397448
v 5.17361307 33.364872 9.63972664
v 5.17361307 34.2648735 9.63974476
v 19.9736137 33.364872 9.63972664
v 23.4736633 33.364872 9.63937664
v 23.4739609 33.364872 11.1393604
v 19.9739285 33.364872 11.1397448
v 23.4739609 33.364872 11.1393604
v 23.4739609 34.2648735 11.1393604
v 23.4736443 34.2648735 9.63935852
v 23.4736633 33.364872 9.63937664
v 19.9739285 33.364872 11.1397448
v 19.9739285 34.2648735 11.1397448
v 23.4739609 34.2648735 11.1393604
v 23.4739609 33.364872 11.1393604
v 19.9739285 34.2648735 11.1397448
v 19.9739285 33.364872 11.1397448
v 19.9736137 33.364872 9.63972664
v 19.9736137 34.2648735 9.63974476
v -6.12642527 40.1648712 -8.78305817
v -9.62647533 40.1648712 -8.78270817
v -9.62677193 40.1648712 -10.282692
v -6.12674093 40.1648712 -10.2830763
v -9.62677193 40.1648712 -10.282692
v -9.62677193 41.0648727 -10.282692
v -9.62645531 41.0648727 -8.78269005
v -9.62647533 40.1648712 -8.78270817
v -6.12674093 40.1648712 -10.2830763
v -6.12674093 41.0648727 -10.2830763
v -9.62677193 41.0648727 -10.282692
v -9.62677193 40.1648712 -10.282692
v -6.12674093 41.0648727 -10.2830763
v -6.12674093 40.1648712 -10.2830763
v -6.12642527 40.1648712 -8.78305817
v -6.12642527 41.0648727 -8.78307629
v -20.9264259 40.1648712 -8.78305817
v -24.4264755 40.1648712 -8.78270817
v -24.4267731 40.1648712 -10.282692
v -20.9267406 40.1648712 -10.2830763
v -24.4267731 40.1648712 -10.282692
v -24.4267731 41.0648727 -10.282692
v -24.4264565 41.0648727 -8.78269005
v -24.4264755 40.1648712 -8.78270817
v -20.9267406 40.1648712 -10.2830763
v -20.9267406 41.0648727 -10.2830763
v -24.4267731 41.0648727 -10.282692
v -24.4267731 40.1648712 -10.282692
v -20.9267406 41.0648727 -10.2830763
v -20.9267406 40.1648712 -10.2830763
v -20.9264259 40.1648712 -8.78305817
v -20.9264259 41.0648727 -8.78307629
v 5.17361307 40.1648712 -8.78305817
v 5.17392874 40.1648712 -10.2830763
v 8.67395973 40.1648712 -10.282692
v 8.67366314 40.1648712 -8.78270817
v 8.67395973 40.1648712 -10.282692
v 8.67366314 40.1648712 -8.78270817
v 8.67364311 41.0648727 -8.78269005
v 8.67395973 41.0648727 -10.282692
v 5.17392874 40.1648712 -10.2830763
v 8.67395973 40.1648712 -10.282692
v 8.67395973 41.0648727 -10.282692
v 5.17392874 41.0648727 -10.2830763
v 5.17392874 41.0648727 -10.2830763
v 5.17361307 41.0648727 -8.78307629
v 5.17361307 40.1648712 -8.78305817
v 5.17392874 40.1648712 -10.2830763
v 19.9736137 40.1648712 -8.78305817
v 19.9739285 40.1648712 -10.2830763
v 23.4739609 40.1648712 -10.282692
v 23.4736633 40.1648712 -8.78270817
v 23.4739609 40.1648712 -10.282692
v 23.4736633 40.1648712 -8.78270817
v 23.4736443 41.0648727 -8.78269005
v 23.4739609 41.0648727 -10.282692
v 19.9739285 40.1648712 -10.2830763
v 23.4739609 40.1648712 -10.282692
v 23.4739609 41.0648727 -10.282692
v 19.9739285 41.0648727 -10.2830763
v 19.9739285 41.0648727 -10.2830763
v 19.9736137 41.0648727 -8.78307629
v 19.9736137 40.1648712 -8.78305817
v 19.9739285 40.1648712 -10.2830763
v -6.12642527 40.1648712 9.63972664
v -6.12674093 40.1648712 11.1397448
v -9.62677193 40.1648712 11.1393604
v -9.62647533 40.1648712 9.63937664
v -9.62677193 40.1648712 11.1393604
v -9.62647533 40.1648712 9.63937664
v -9.62645531 41.0648727 9.63935852
v -9.62677193 41.0648727 11.1393604
v -6.12674093 40.1648712 11.1397448
v -9.62677193 40.1648712 11.1393604
v -9.62677193 41.0648727 11.1393604
v -6.12674093 41.0648727 11.1397448
v -6.12674093 41.0648727 11.1397448
v -6.12642527 41.0648727 9.63974476
v -6.12642527 40.1648712 9.63972664
v -6.12674093 40.1648712 11.1397448
v -20.9264259 40.1648712 9.63972664
v -20.9267406 40.1648712 11.1397448
v -24.4267731 40.1648712 11.1393604
v -24.4264755 40.1648712 9.63937664
v -24.4267731 40.1648712 11.1393604
v -24.4264755 40.1648712 9.63937664
v -24.4264565 41.0648727 9.63935852
v -24.4267731 41.0648727 11.1393604
v -20.9267406 40.1648712 11.1397448
v -24.4267731 40.1648712 11.1393604
v -24.4267731 41.0648727 11.1393604
v -20.9267406 41.0648727 11.1397448
v -20.9267406 41.0648727 11.1397448
v -20.9264259 41.0648727 9.63974476
v -20.9264259 40.1648712 9.63972664
v -20.9267406 40.1648712 11.1397448
v 5.17361307 40.1648712 9.63972664
v 8.67366314 40.1648712 9.63937664
v 8.67395973 40.1648712 11.1393604
v 5.17392874 40.1648712 11.1397448
v 8.67395973 40.1648712 11.1393604
v 8.67395973 41.0648727 11.1393604
v 8.67364311 41.0648727 9.63935852
v 8.67366314 40.1648712 9.63937664
v 5.17392874 40.1648712 11.1397448
v 5.17392874 41.0648727 11.1397448
v 8.67395973 41.0648727 11.1393604
v 8.67395973 40.1648712 11.1393604
v 5.17392874 41.0648727 11.1397448
v 5.17392874 40.1648712 11.1397448
v 5.17361307 40.1648712 9.63972664
v 5.17361307 41.0648727 9.63974476
v 19.9736137 40.1648712 9.63972664
v 23.4736633 40.1648712 9.63937664
v 23.4739609 40.1648712 11.1393604
v 19.9739285 40.1648712 11.1397448
v 23.4739609 40.1648712 11.1393604
v 23.4739609 41.0648727 11.1393604
v 23.4736443 41.0648727 9.63935852
v 23.4736633 40.1648712 9.63937664
v 19.9739285 40.1648712 11.1397448
v 19.9739285 41.0648727 11.1397448
v 23.4739609 41.0648727 11.1393604
v 23.4739609 40.1648712 11.1393604
v 19.9739285 41.0648727 11.1397448
v 19.9739285 40.1648712 11.1397448
v 19.9736137 40.1648712 9.63972664
v 19.9736137 41.0648727 9.63974476
v -6.12642527 46.9648705 -8.78305817
v -9.62647533 46.9648705 -8.78270817
v -9.62677193 46.9648705 -10.282692
v -6.12674093 46.9648705 -10.2830763
v -9.62677193 46.9648705 -10.282692
v -9.62677193 47.864872 -10.282692
v -9.62645531 47.864872 -8.78269005
v -9.62647533 46.9648705 -8.78270817
v -6.12674093 46.9648705 -10.2830763
v -6.12674093 47.864872 -10.2830763
v -9.62677193 47.864872 -10.282692
v -9.62677193 46.9648705 -10.282692
v -6.12674093 47.864872 -10.2830763
v -6.12674093 46.9648705 -10.2830763
v -6.12642527 46.9648705 -8.78305817
v -6.12642527 47.864872 -8.78307629
v -20.9264259 46.9648705 -8.78305817
v -24.4264755 46.9648705 -8.78270817
v -24.4267731 46.9648705 -10.282692
v -20.9267406 46.9648705 -10.2830763
v -24.4267731 46.9648705 -10.282692
v -24.4267731 47.864872 -10.282692
v -24.4264565 47.864872 -8.78269005
v -24.4264755 46.9648705 -8.78270817
v -20.9267406 46.9648705 -10.2830763
v -20.9267406 47.864872 -10.2830763
v -24.4267731 47.864872 -10.282692
v -24.4267731 46.9648705 -10.282692
v -20.9267406 47.864872 -10.2830763
v -20.9267406 46.9648705 -10.2830763
v -20.9264259 46.9648705 -8.78305817
v -20.9264259 47.864872 -8.78307629
v 5.17361307 46.9648705 -8.78305817
v 5.17392874 46.9648705 -10.2830763
v 8.67395973 46.9648705 -10.282692
v 8.67366314 46.9648705 -8.78270817
v 8.67395973 46.9648705 -10.282692
v 8.67366314 46.9648705 -8.78270817
v 8.67364311 47.864872 -8.78269005
v 8.67395973 47.864872 -10.282692
v 5.17392874 46.9648705 -10.2830763
v 8.67395973 46.9648705 -10.282692
v 8.67395973 47.864872 -10.282692
v 5.17392874 47.864872 -10.2830763
v 5.17392874 47.864872 -10.2830763
v 5.17361307 47.864872 -8.78307629
v 5.17361307 46.9648705 -8.78305817
v 5.17392874 46.9648705 -10.2830763
v 19.9736137 46.9648705 -8.78305817
v 19.9739285 46.9648705 -10.2830763
v 23.4739609 46.9648705 -10.282692
v 23.4736633 46.9648705 -8.78270817
v 23.4739609 46.9648705 -10.282692
v 23.4736633 46.9648705 -8.78270817
v 23.4736443 47.864872 -8.78269005
v 23.4739609 47.864872 -10.282692
v 19.9739285 46.9648705 -10.2830763
v 23.4739609 46.9648705 -10.282692
v 23.4739609 47.864872 -10.282692
v 19.9739285 47.864872 -10.2830763
v 19.9739285 47.864872 -10.2830763
v 19.9736137 47.864872 -8.78307629
v 19.9736137 46.9648705 -8.78305817
v 19.9739285 46.9648705 -10.2830763
v -6.12642527 46.9648705 9.63972664
v -6.12674093 46.9648705 11.1397448
v -9.62677193 46.9648705 11.1393604
v -9.62647533 46.9648705 9.63937664
v -9.62677193 46.9648705 11.1393604
v -9.62647533 46.9648705 9.63937664
v -9.62645531 47.864872 9.63935852
v -9.62677193 47.864872 11.1393604
v -6.12674093 46.9648705 11.1397448
v -9.62677193 46.9648705 11.1393604
v -9.62677193 47.864872 11.1393604
v -6.12674093 47.864872 11.1397448
v -6.12674093 47.864872 11.1397448
v -6.12642527 47.864872 9.63974476
v -6.12642527 46.9648705 9.63972664
v -6.12674093 46.9648705 11.1397448
v -20.9264259 46.9648705 9.63972664
v -20.9267406 46.9648705 11.1397448
v -24.4267731 46.9648705 11.1393604
v -24.4264755 46.9648705 9.63937664
v -24.4267731 46.9648705 11.1393604
v -24.4264755 46.9648705 9.63937664
v -24.4264565 47.864872 9.63935852
v -24.4267731 47.864872 11.1393604
v -20.9267406 46.9648705 11.1397448
v -24.4267731 46.9648705 11.1393604
v -24.4267731 47.864872 11.1393604
v -20.9267406 47.864872 11.1397448
v -20.9267406 47.864872 11.1397448
v -20.9264259 47.864872 9.63974476
v -20.9264259 46.9648705 9.63972664
v -20.9267406 46.9648705 11.1397448
v 5.17361307 46.9648705 9.63972664
v 8.67366314 46.9648705 9.63937664
v 8.67395973 46.9648705 11.1393604
v 5.17392874 46.9648705 11.1397448
v 8.67395973 46.9648705 11.1393604
v 8.67395973 47.864872 11.1393604
v 8.67364311 47.864872 9.63935852
v 8.67366314 46.9648705 9.63937664
v 5.17392874 46.9648705 11.1397448
v 5.17392874 47.864872 11.1397448
v 8.67395973 47.864872 11.1393604
v 8.67395973 46.9648705 11.1393604
v 5.17392874 47.864872 11.1397448
v 5.17392874 46.9648705 11.1397448
v 5.17361307 46.9648705 9.63972664
v 5.17361307 47.864872 9.63974476
v 19.9736137 46.9648705 9.63972664
v 23.4736633 46.9648705 9.63937664
v 23.4739609 46.9648705 11.1393604
v 19.9739285 46.9648705 11.1397448
v 23.4739609 46.9648705 11.1393604
v 23.4739609 47.864872 11.1393604
v 23.4736443 47.864872 9.63935852
v 23.4736633 46.9648705 9.63937664
v 19.9739285 46.9648705 11.1397448
v 19.9739285 47.864872 11.1397448
v 23.4739609 47.864872 11.1393604
v 23.4739609 46.9648705 11.1393604
v 19.9739285 47.864872 11.1397448
v 19.9739285 46.9648705 11.1397448
v 19.9736137 46.9648705 9.63972664
v 19.9736137 47.864872 9.63974476
v -17.0267811 23.1648693 -10.282692
v -17.0267811 24.0648727 -10.282692
v -17.0264645 24.0648727 -8.78269005
v -17.0264854 23.1648693 -8.78270817
v -13.526454 23.1648693 -8.78305817
v -17.0264854 23.1648693 -8.78270817
v -17.0267811 23.1648693 -10.282692
v -13.5267496 23.1648693 -10.2830763
v -13.5267496 24.0648727 -10.2830763
v -13.5267496 23.1648693 -10.2830763
v -13.526454 23.1648693 -8.78305817
v -13.5264339 24.0648727 -8.78307629
v -13.5267496 23.1648693 -10.2830763
v -13.5267496 24.0648727 -10.2830763
v -17.0267811 24.0648727 -10.282692
v -17.0267811 23.1648693 -10.282692
v 16.0739689 23.1648693 -10.282692
v 16.0736732 23.1648693 -8.78270817
v 16.0736523 24.0648727 -8.78269005
v 16.0739689 24.0648727 -10.282692
v 12.5736418 23.1648693 -8.78305817
v 12.5739374 23.1648693 -10.2830763
v 16.0739689 23.1648693 -10.282692
v 16.0736732 23.1648693 -8.78270817
v 12.5739374 24.0648727 -10.2830763
v 12.5736217 24.0648727 -8.78307629
v 12.5736418 23.1648693 -8.78305817
v 12.5739374 23.1648693 -10.2830763
v 12.5739374 23.1648693 -10.2830763
v 16.0739689 23.1648693 -10.282692
v 16.0739689 24.0648727 -10.282692
v 12.5739374 24.0648727 -10.2830763
v -17.0267811 23.1648693 11.1393604
v -17.0264854 23.1648693 9.63937664
v -17.0264645 24.0648727 9.63935852
v -17.0267811 24.0648727 11.1393604
v -13.526454 23.1648693 9.63972664
v -13.5267496 23.1648693 11.1397448
v -17.0267811 23.1648693 11.1393604
v -17.0264854 23.1648693 9.63937664
v -13.5267496 24.0648727 11.1397448
v -13.5264339 24.0648727 9.63974476
v -13.526454 23.1648693 9.63972664
v -13.5267496 23.1648693 11.1397448
v -13.5267496 23.1648693 11.1397448
v -17.0267811 23.1648693 11.1393604
v -17.0267811 24.0648727 11.1393604
v -13.5267496 24.0648727 11.1397448
v 16.0739689 23.1648693 11.1393604
v 16.0739689 24.0648727 11.1393604
v 16.0736523 24.0648727 9.63935852
v 16.0736732 23.1648693 9.63937664
v 12.5736418 23.1648693 9.63972664
v 16.0736732 23.1648693 9.63937664
v 16.0739689 23.1648693 11.1393604
v 12.5739374 23.1648693 11.1397448
v 12.5739374 24.0648727 11.1397448
v 12.5739374 23.1648693 11.1397448
v 12.5736418 23.1648693 9.63972664
v 12.5736217 24.0648727 9.63974476
v 12.5739374 23.1648693 11.1397448
v 12.5739374 24.0648727 11.1397448
v 16.0739689 24.0648727 11.1393604
v 16.0739689 23.1648693 11.1393604
v -17.0267811 29.9648705 -10.282692
v -17.0267811 30.864872 -10.282692
v -17.0264645 30.864872 -8.78269005
v -17.0264854 29.9648705 -8.78270817
v -13.526454 29.9648705 -8.78305817
v -17.0264854 29.9648705 -8.78270817
v -17.0267811 29.9648705 -10.282692
v -13.5267496 29.9648705 -10.2830763
v -13.5267496 30.864872 -10.2830763
v -13.5267496 29.9648705 -10.2830763
v -13.526454 29.9648705 -8.78305817
v -13.5264339 30.864872 -8.78307629
v -13.5267496 29.9648705 -10.2830763
v -13.5267496 30.864872 -10.2830763
v -17.0267811 30.864872 -10.282692
v -17.0267811 29.9648705 -10.282692
v 16.0739689 29.9648705 -10.282692
v 16.0736732 29.9648705 -8.78270817
v 16.0736523 30.864872 -8.78269005
v 16.0739689 30.864872 -10.282692
v 12.5736418 29.9648705 -8.78305817
v 12.5739374 29.9648705 -10.2830763
v 16.0739689 29.9648705 -10.282692
v 16.0736732 29.9648705 -8.78270817
v 12.5739374 30.864872 -10.2830763
v 12.5736217 30.864872 -8.78307629
v 12.5736418 29.9648705 -8.78305817
v 12.5739374 29.9648705 -10.2830763
v 12.5739374 29.9648705 -10.2830763
v 16.0739689 29.9648705 -10.282692
v 16.0739689 30.864872 -10.282692
v 12.5739374 30.864872 -10.2830763
v -17.0267811 29.9648705 11.1393604
v -17.0264854 29.9648705 9.63937664
v -17.0264645 30.864872 9.63935852
v -17.0267811 30.864872 11.1393604
v -13.526454 29.9648705 9.63972664
v -13.5267496 29.9648705 11.1397448
v -17.0267811 29.9648705 11.1393604
v -17.0264854 29.9648705 9.63937664
v -13.5267496 30.864872 11.1397448
v -13.5264339 30.864872 9.63974476
v -13.526454 29.9648705 9.63972664
v -13.5267496 29.9648705 11.1397448
v -13.5267496 29.9648705 11.1397448
v -17.0267811 29.9648705 11.1393604
v -17.0267811 30.864872 11.1393604
v -13.5267496 30.864872 11.1397448
v 16.0739689 29.9648705 11.1393604
v 16.0739689 30.864872 11.1393604
v 16.0736523 30.864872 9.63935852
v 16.0736732 29.9648705 9.63937664
v 12.5736418 29.9648705 9.63972664
v 16.0736732 29.9648705 9.63937664
v 16.0739689 29.9648705 11.1393604
v 12.5739374 29.9648705 11.1397448
v 12.5739374 30.864872 11.1397448
v 12.5739374 29.9648705 11.1397448
v 12.5736418 29.9648705 9.63972664
v 12.5736217 30.864872 9.63974476
v 12.5739374 29.9648705 11.1397448
v 12.5739374 30.864872 11.1397448
v 16.0739689 30.864872 11.1393604
v 16.0739689 29.9648705 11.1393604
v -17.0267811 36.7648697 -10.282692
v -17.0267811 37.6648712 -10.282692
v -17.0264645 37.6648712 -8.78269005
v -17.0264854 36.7648697 -8.78270817
v -13.526454 36.7648697 -8.78305817
v -17.0264854 36.7648697 -8.78270817
v -17.0267811 36.7648697 -10.282692
v -13.5267496 36.7648697 -10.2830763
v -13.5267496 37.6648712 -10.2830763
v -13.5267496 36.7648697 -10.2830763
v -13.526454 36.7648697 -8.78305817
v -13.5264339 37.6648712 -8.78307629
v -13.5267496 36.7648697 -10.2830763
v -13.5267496 37.6648712 -10.2830763
v -17.0267811 37.6648712 -10.282692
v -17.0267811 36.7648697 -10.282692
v 16.0739689 36.7648697 -10.282692
v 16.0736732 36.7648697 -8.78270817
v 16.0736523 37.6648712 -8.78269005
v 16.0739689 37.6648712 -10.282692
v 12.5736418 36.7648697 -8.78305817
v 12.5739374 36.7648697 -10.2830763
v 16.0739689 36.7648697 -10.282692
v 16.0736732 36.7648697 -8.78270817
v 12.5739374 37.6648712 -10.2830763
v 12.5736217 37.6648712 -8.78307629
v 12.5736418 36.7648697 -8.78305817
v 12.5739374 36.7648697 -10.2830763
v 12.5739374 36.7648697 -10.2830763
v 16.0739689 36.7648697 -10.282692
v 16.0739689 37.6648712 -10.282692
v 12.5739374 37.6648712 -10.2830763
v -17.0267811 36.7648697 11.1393604
v -17.0264854 36.7648697 9.63937664
v -17.0264645 37.6648712 9.63935852
v -17.0267811 37.6648712 11.1393604
v -13.526454 36.7648697 9.63972664
v -13.5267496 36.7648697 11.1397448
v -17.0267811 36.7648697 11.1393604
v -17.0264854 36.7648697 9.63937664
v -13.5267496 37.6648712 11.1397448
v -13.5264339 37.6648712 9.63974476
v -13.526454 36.7648697 9.63972664
v -13.5267496 36.7648697 11.1397448
v -13.5267496 36.7648697 11.1397448
v -17.0267811 36.7648697 11.1393604
v -17.0267811 37.6648712 11.1393604
v -13.5267496 37.6648712 11.1397448
v 16.0739689 36.7648697 11.1393604
v 16.0739689 37.6648712 11.1393604
v 16.0736523 37.6648712 9.63935852
v 16.0736732 36.7648697 9.63937664
v 12.5736418 36.7648697 9.63972664
v 16.0736732 36.7648697 9.63937664
v 16.0739689 36.7648697 11.1393604
v 12.5739374 36.7648697 11.1397448
v 12.5739374 37.6648712 11.1397448
v 12.5739374 36.7648697 11.1397448
v 12.5736418 36.7648697 9.63972664
v 12.5736217 37.6648712 9.63974476
v 12.5739374 36.7648697 11.1397448
v 12.5739374 37.6648712 11.1397448
v 16.0739689 37.6648712 11.1393604
v 16.0739689 36.7648697 11.1393604
v -17.0267811 43.5648727 -10.282692
v -17.0267811 44.4648743 -10.282692
v -17.0264645 44.4648743 -8.78269005
v -17.0264854 43.5648727 -8.78270817
v -13.526454 43.5648727 -8.78305817
v -17.0264854 43.5648727 -8.78270817
v -17.0267811 43.5648727 -10.282692
v -13.5267496 43.5648727 -10.2830763
v -13.5267496 44.4648743 -10.2830763
v -13.5267496 43.5648727 -10.2830763
v -13.526454 43.5648727 -8.78305817
v -13.5264339 44.4648743 -8.78307629
v -13.5267496 43.5648727 -10.2830763
v -13.5267496 44.4648743 -10.2830763
v -17.0267811 44.4648743 -10.282692
v -17.0267811 43.5648727 -10.282692
v 16.0739689 43.5648727 -10.282692
v 16.0736732 43.5648727 -8.78270817
v 16.0736523 44.4648743 -8.78269005
v 16.0739689 44.4648743 -10.282692
v 12.5736418 43.5648727 -8.78305817
v 12.5739374 43.5648727 -10.2830763
v 16.0739689 43.5648727 -10.282692
v 16.0736732 43.5648727 -8.78270817
v 12.5739374 44.4648743 -10.2830763
v 12.5736217 44.4648743 -8.78307629
v 12.5736418 43.5648727 -8.78305817
v 12.5739374 43.5648727 -10.2830763
v 12.5739374 43.5648727 -10.2830763
v 16.0739689 43.5648727 -10.282692
v 16.0739689 44.4648743 -10.282692
v 12.5739374 44.4648743 -10.2830763
v -17.0267811 43.5648727 11.1393604
v -17.0264854 43.5648727 9.63937664
v -17.0264645 44.4648743 9.63935852
v -17.0267811 44.4648743 11.1393604
v -13.526454 43.5648727 9.63972664
v -13.5267496 43.5648727 11.1397448
v -17.0267811 43.5648727 11.1393604
v -17.0264854 43.5648727 9.63937664
v -13.5267496 44.4648743 11.1397448
v -13.5264339 44.4648743 9.63974476
v -13.526454 43.5648727 9.63972664
v -13.5267496 43.5648727 11.1397448
v -13.5267496 43.5648727 11.1397448
v -17.0267811 43.5648727 11.1393604
v -17.0267811 44.4648743 11.1393604
v -13.5267496 44.4648743 11.1397448
v 16.0739689 43.5648727 11.1393604
v 16.0739689 44.4648743 11.1393604
v 16.0736523 44.4648743 9.63935852
v 16.0736732 43.5648727 9.63937664
v 12.5736418 43.5648727 9.63972664
v 16.0736732 43.5648727 9.63937664
v 16.0739689 43.5648727 11.1393604
v 12.5739374 43.5648727 11.1397448
v 12.5739374 44.4648743 11.1397448
v 12.5739374 43.5648727 11.1397448
v 12.5736418 43.5648727 9.63972664
v 12.5736217 44.4648743 9.63974476
v 12.5739374 43.5648727 11.1397448
v 12.5739374 44.4648743 11.1397448
v 16.0739689 44.4648743 11.1393604
v 16.0739689 43.5648727 11.1393604
v -11.7110128 49.9648895 -1.57704592
v -11.7110128 49.9648895 -8.32738209
v -11.7110128 50.9648857 -8.32631683
v -11.7110128 50.9648857 -1.57611418
v -11.7110128 49.9648895 -0.926987648
v -11.7110128 53.2648811 -1.57529879
v -11.7110128 53.2648811 -8.32538509
v -11.7110128 53.4648895 -8.32525158
v -11.7110128 53.4648895 -1.57518244
v -11.7110128 50.9648857 -0.926122189
v -11.7110128 49.9648895 1.78032255
v -11.7110128 53.2648811 -0.925365448
v -11.7110128 53.4648895 -0.925257206
v -11.7110128 50.9648857 1.78112173
v -11.7110128 49.9648895 2.43079138
v -11.7110128 53.2648811 1.78181982
v -11.7110128 53.4648895 1.78191996
v -11.7110128 50.9648857 2.43132448
v -11.7110128 49.9648895 9.18192005
v -11.7110128 50.9648857 9.18192005
v -11.7110128 53.2648811 2.43178988
v -11.7110128 53.4648895 2.43185663
v -11.7110128 53.2648811 9.18192005
v -11.7110128 53.4648895 9.18192005
v -26.2418022 50.9648857 9.37228489
v -11.9013739 50.9648857 9.37228489
v -11.9013739 50.9648895 9.64149189
v -26.511013 50.9648857 9.64149189
v -26.2418022 50.9648857 9.37228489
v -26.2418022 49.9648857 9.37228489
v -11.7109747 49.9648857 9.37228489
v -11.9013739 50.9648857 9.37228489
v -11.901412 50.9648857 -8.51561642
v -11.7110128 49.9648857 -8.51561642
v -26.2441101 49.9648895 -8.51348591
v -26.2418022 50.9648857 -8.51561642
v -26.511013 50.9648857 -8.77989864
v -11.901412 50.9648857 -8.77989864
v -11.901412 50.9648857 -8.51561642
v -26.2418022 50.9648857 -8.51561642
v -26.2418022 50.9648857 9.37228489
v -26.511013 50.9648857 9.64149189
v 25.5582008 50.9648857 -8.77989864
v 25.28899 50.9648857 9.37228489
v 25.28899 50.9648857 -8.51561642
v 25.5582008 50.9648857 9.64149189
v 10.9485617 50.9648857 9.64149189
v 10.9485617 50.9648857 9.37228489
v 10.9485998 50.9648857 -8.51561642
v 25.28899 50.9648857 -8.51561642
v 25.2912979 49.9648895 -8.51348591
v 10.7581978 49.9648895 -8.51561642
v 25.28899 50.9648857 -8.51561642
v 25.28899 50.9648857 9.37228489
v 25.28899 49.9648895 9.37228489
v 25.2912979 49.9648895 -8.51348591
v 25.5582008 50.9648857 -8.77989864
v 25.28899 50.9648857 -8.51561642
v 10.9485998 50.9648857 -8.51561642
v 10.9485998 50.9648857 -8.77989864
v 25.28899 50.9648857 9.37228489
v 10.9485617 50.9648857 9.37228489
v 10.7581978 49.9648895 9.37228489
v 25.28899 49.9648895 9.37228489
v -26.2418022 50.9648857 -8.51561642
v -26.2441101 49.9648895 -8.51348591
v -26.2418022 49.9648857 9.37228489
v -26.2418022 50.9648857 9.37228489
v -26.2418022 49.9648857 9.37228489
v -26.2441101 49.9648895 -8.51348591
v -11.7110128 49.9648857 -8.51561642
v -11.7109747 49.9648857 9.37228489
v -11.7110128 53.426506 -1.47564125
v -11.7110128 53.426506 -8.51561642
v -4.5008831 53.426506 -8.51668167
v -4.50051117 53.426506 -1.47636044
v 25.28899 49.9648895 9.37228489
v 10.7581978 49.9648895 9.37228489
v 10.7581978 49.9648895 -8.51561642
v 25.2912979 49.9648895 -8.51348591
v 10.7582006 53.426506 -1.47564125
v 3.54769897 53.426506 -1.47636044
v 3.54807091 53.426506 -8.51668167
v 10.7582006 53.426506 -8.51561642
v 10.7582006 49.9648895 9.18192005
v 10.7582006 50.9648857 -8.32631683
v 10.7582006 49.9648895 -8.32738209
v 10.7582006 50.9648857 9.18192005
v 10.7582006 53.2648811 -8.32538509
v 10.7582006 53.2648811 9.18192005
v 10.7582006 53.4648895 -8.32525158
v 10.7582006 53.4648895 9.18192005
v 10.7582006 55.8033218 6.88239384
v -11.7110128 55.8033218 6.88239384
v -11.7110128 56.2093849 3.99458265
v 10.7582006 56.2093849 3.99458265
v -4.49808836 11.6600285 20.6174583
v -4.49808836 14.5727043 13.2544584
v 3.54531717 14.5727043 13.2544584
v 3.54531717 11.6600285 20.6174583
v -4.49808836 14.5727043 13.2544584
v -4.50136948 14.564867 9.46237946
v 3.54859829 14.564867 9.46237946
v 3.54531717 14.5727043 13.2544584
v 3.54531717 14.5727043 13.2544584
v 3.54859829 14.564867 9.46237946
v 3.54531717 11.417304 9.46237946
v 3.54531717 11.6600285 20.6174583
v 3.54531717 11.417304 20.6174583
v 3.54531717 11.6600285 20.6174583
v 3.54531717 11.417304 20.6174583
v -4.49808836 11.417304 20.6174583
v -4.49808836 11.6600285 20.6174583
v -4.49808836 14.5727043 13.2544584
v -4.49808836 11.417304 9.46237946
v -4.50136948 14.564867 9.46237946
v -4.49808836 11.6600285 20.6174583
v -4.49808836 11.417304 20.6174583
v 3.54952955 19.7942028 16.8309212
v -0.490911841 19.9282417 16.8314018
v 3.54952955 19.9282417 16.8309212
v -0.490911841 19.7942028 16.8314018
v -4.49901962 19.9282417 16.8309212
v -4.49901962 19.7942028 16.8309212
v 3.54918957 18.3048763 14.0536118
v 3.54859829 18.7591209 9.46207809
v 3.54859829 18.3048763 9.46207809
v 3.549088 18.7591209 14.0536118
v 3.54952955 19.9282417 16.8309212
v 3.54952955 19.7942028 16.8309212
v 3.549088 18.7591209 14.0536118
v 3.54952955 19.9282417 16.8309212
v -0.490911841 19.9282417 16.8314018
v -0.490911841 19.4330158 14.0536118
v -4.49857807 18.7591209 14.0536118
v -0.490911841 19.4330158 14.0536118
v -0.490911841 19.9282417 16.8314018
v -4.49901962 19.9282417 16.8309212
v -4.49867964 18.3048763 14.0536118
v -4.49808836 18.3048763 9.46207809
v -4.49808836 18.7591209 9.46207809
v -4.49857807 18.7591209 14.0536118
v -4.49901962 19.9282417 16.8309212
v -4.49901962 19.7942028 16.8309212
v -0.490911841 19.433012 9.46207809
v 3.54859829 18.7591209 9.46207809
v 3.549088 18.7591209 14.0536118
v -0.490911841 19.4330158 14.0536118
v -4.49857807 18.7591209 14.0536118
v -4.49808836 18.7591209 9.46207809
v -0.490911841 19.433012 9.46207809
v -0.490911841 19.4330158 14.0536118
v -26.5873795 53.9648895 8.99755383
v -26.8857403 53.9648895 9.71785831
v -26.8857365 9.42454529 9.71785641
v -26.5873795 9.42454529 8.99755955
v -26.1654358 53.9648895 10.016223
v -25.867075 53.9648895 9.29591846
v -25.8670788 9.42454529 9.29592037
v -26.1654358 9.42454529 10.0162172
v -25.8670788 9.42454529 1.89592028
v -25.867075 53.9648895 1.89591837
v -26.5873795 53.9648895 1.59755385
v -26.5873795 9.42454529 1.59755957
v -26.8857403 53.9648895 9.71785831
v -26.1654358 53.9648895 10.016223
v -26.1654358 9.42454529 10.0162172
v -26.8857365 9.42454529 9.71785641
v -19.1873798 53.9648895 8.99755383
v -19.4857407 53.9648895 9.71785831
v -19.4857368 9.42454529 9.71785641
v -19.1873798 9.42454529 8.99755955
v -18.7654362 53.9648895 10.016223
v -18.4670753 53.9648895 9.29591846
v -18.4670792 9.42454529 9.29592037
v -18.7654362 9.42454529 10.0162172
v -19.4857407 53.9648895 -8.43924999
v -18.7654362 53.9648895 -8.14088535
v -18.7654362 9.42454529 -8.14088821
v -19.4857388 9.42454529 -8.43925095
v -19.4857407 53.9648895 9.71785831
v -18.7654362 53.9648895 10.016223
v -18.7654362 9.42454529 10.0162172
v -19.4857368 9.42454529 9.71785641
v -11.7873793 53.9648895 8.99755383
v -12.0857401 53.9648895 9.71785831
v -12.0857363 9.42454529 9.71785641
v -11.7873793 9.42454529 8.99755955
v -11.3654356 53.9648895 10.016223
v -11.0670748 53.9648895 9.29591846
v -11.0670786 9.42454529 9.29592037
v -11.3654356 9.42454529 10.0162172
v -3.66707802 9.42454529 9.29592037
v -3.6670742 53.9648895 9.29591846
v -4.38737869 53.9648895 8.99755383
v -4.38737869 9.42454529 8.99755955
v -12.0857401 53.9648895 9.71785831
v -11.3654356 53.9648895 10.016223
v -11.3654356 9.42454529 10.0162172
v -12.0857363 9.42454529 9.71785641
v -4.38737869 53.9648895 8.99755383
v -4.68573952 53.9648895 9.71785831
v -4.6857357 9.42454529 9.71785641
v -4.38737869 9.42454529 8.99755955
v -3.96543503 53.9648895 10.016223
v -3.6670742 53.9648895 9.29591846
v -3.66707802 9.42454529 9.29592037
v -3.96543503 9.42454529 10.0162172
v 3.7329216 9.42454529 9.29592037
v 3.73292542 53.9648895 9.29591846
v 3.01262093 53.9648895 8.99755383
v 3.01262093 9.42454529 8.99755955
v -4.68573952 53.9648895 9.71785831
v -3.96543503 53.9648895 10.016223
v -3.96543503 9.42454529 10.0162172
v -4.6857357 9.42454529 9.71785641
v 3.01262093 53.9648895 8.99755383
v 2.7142601 53.9648895 9.71785831
v 2.71426392 9.42454529 9.71785641
v 3.01262093 9.42454529 8.99755955
v 3.43456459 53.9648895 10.016223
v 3.73292542 53.9648895 9.29591846
v 3.7329216 9.42454529 9.29592037
v 3.43456459 9.42454529 10.0162172
v 11.1329212 9.42454529 9.29592037
v 11.132925 53.9648895 9.29591846
v 10.4126205 53.9648895 8.99755383
v 10.4126205 9.42454529 8.99755955
v 2.7142601 53.9648895 9.71785831
v 3.43456459 53.9648895 10.016223
v 3.43456459 9.42454529 10.0162172
v 2.71426392 9.42454529 9.71785641
v 10.4126205 53.9648895 8.99755383
v 10.1142597 53.9648895 9.71785831
v 10.1142635 9.42454529 9.71785641
v 10.4126205 9.42454529 8.99755955
v 10.8345642 53.9648895 10.016223
v 11.132925 53.9648895 9.29591846
v 11.1329212 9.42454529 9.29592037
v 10.8345642 9.42454529 10.0162172
v 18.5329227 9.42454529 9.29592037
v 18.5329266 53.9648895 9.29591846
v 17.8126221 53.9648895 8.99755383
v 17.8126221 9.42454529 8.99755955
v 10.1142597 53.9648895 9.71785831
v 10.8345642 53.9648895 10.016223
v 10.8345642 9.42454529 10.0162172
v 10.1142635 9.42454529 9.71785641
v 17.8126221 53.9648895 8.99755383
v 17.5142612 53.9648895 9.71785831
v 17.5142651 9.42454529 9.71785641
v 17.8126221 9.42454529 8.99755955
v 18.2345657 53.9648895 10.016223
v 18.5329266 53.9648895 9.29591846
v 18.5329227 9.42454529 9.29592037
v 18.2345657 9.42454529 10.0162172
v 25.9329243 9.42454529 9.29592037
v 25.9329281 53.9648895 9.29591846
v 25.2126236 53.9648895 8.99755383
v 25.2126236 9.42454529 8.99755955
v 17.5142612 53.9648895 9.71785831
v 18.2345657 53.9648895 10.016223
v 18.2345657 9.42454529 10.0162172
v 17.5142651 9.42454529 9.71785641
v 25.2126236 53.9648895 8.99755383
v 24.9142628 53.9648895 9.71785831
v 24.9142666 9.42454529 9.71785641
v 25.2126236 9.42454529 8.99755955
v 25.6345673 53.9648895 10.016223
v 25.9329281 53.9648895 9.29591846
v 25.9329243 9.42454529 9.29592037
v 25.6345673 9.42454529 10.0162172
v 25.9329243 9.42454529 1.89592028
v 25.9329281 53.9648895 1.89591837
v 25.2126236 53.9648895 1.59755385
v 25.2126236 9.42454529 1.59755957
v 24.9142628 53.9648895 9.71785831
v 25.6345673 53.9648895 10.016223
v 25.6345673 9.42454529 10.0162172
v 24.9142666 9.42454529 9.71785641
v -26.5873795 53.9648895 1.59755385
v -26.8857403 53.9648895 2.31785822
v -26.8857365 9.42454529 2.31785631
v -26.5873795 9.42454529 1.59755957
v -26.1654358 53.9648895 2.61622286
v -25.867075 53.9648895 1.89591837
v -25.8670788 9.42454529 1.89592028
v -26.1654358 9.42454529 2.61621714
v -26.1654358 9.42454529 -0.740891099
v -26.1654358 53.9648895 -0.740885377
v -25.867075 53.9648895 -1.46118975
v -25.8670788 9.42454529 -1.46118784
v -26.8857403 53.9648895 2.31785822
v -26.1654358 53.9648895 2.61622286
v -26.1654358 9.42454529 2.61621714
v -26.8857365 9.42454529 2.31785631
v 25.2126236 53.9648895 1.59755385
v 24.9142628 53.9648895 2.31785822
v 24.9142666 9.42454529 2.31785631
v 25.2126236 9.42454529 1.59755957
v 25.6345673 53.9648895 2.61622286
v 25.9329281 53.9648895 1.89591837
v 25.9329243 9.42454529 1.89592028
v 25.6345673 9.42454529 2.61621714
v 3.43456459 9.42454529 -8.14089108
v 3.43456459 53.9648895 -8.14088535
v 3.73292542 53.9648895 -8.86118984
v 3.7329216 9.42454529 -8.86118793
v 24.9142628 53.9648895 2.31785822
v 25.6345673 53.9648895 2.61622286
v 25.6345673 9.42454529 2.61621714
v 24.9142666 9.42454529 2.31785631
v -26.5873795 53.9648895 -9.15955448
v -26.5873795 9.42454529 -9.15954876
v -25.8670788 9.42454529 -8.86118793
v -25.867075 53.9648895 -8.86118984
v -26.8857403 53.9648895 -8.43924999
v -26.8857365 9.42454529 -8.4392519
v -26.5873795 9.42454529 -9.15954876
v -26.5873795 53.9648895 -9.15955448
v -26.1654358 53.9648895 -8.14088535
v -26.1654358 9.42454529 -8.14089108
v -26.8857365 9.42454529 -8.4392519
v -26.8857403 53.9648895 -8.43924999
v -12.0857401 53.9648895 -8.43924999
v -11.3654356 53.9648895 -8.14088535
v -11.3654356 9.42454529 -8.14088821
v -12.0857382 9.42454529 -8.43925095
v -19.4857407 53.9648895 -8.43924999
v -19.4857388 9.42454529 -8.43925095
v -19.1873798 9.42454529 -9.15954876
v -19.1873798 53.9648895 -9.15955448
v -3.96543503 9.42454529 -8.14089108
v -3.96543503 53.9648895 -8.14088535
v -3.6670742 53.9648895 -8.86118984
v -3.66707802 9.42454529 -8.86118793
v -11.7873793 53.9648895 -9.15955448
v -11.7873793 9.42454529 -9.15954876
v -11.0670786 9.42454529 -8.86118793
v -11.0670748 53.9648895 -8.86118984
v -19.1873798 53.9648895 -9.15955448
v -19.1873798 9.42454529 -9.15954876
v -18.4670792 9.42454529 -8.86118793
v -18.4670753 53.9648895 -8.86118984
v -18.7654362 9.42454529 -8.14088821
v -18.7654362 53.9648895 -8.14088535
v -18.4670753 53.9648895 -8.86118984
v -18.4670792 9.42454529 -8.86118793
v -4.38737869 53.9648895 -9.15955448
v -4.38737869 9.42454529 -9.15954876
v -3.66707802 9.42454529 -8.86118793
v -3.6670742 53.9648895 -8.86118984
v -4.68573952 53.9648895 -8.43924999
v -4.6857357 9.42454529 -8.4392519
v -4.38737869 9.42454529 -9.15954876
v -4.38737869 53.9648895 -9.15955448
v -3.96543503 53.9648895 -8.14088535
v -3.96543503 9.42454529 -8.14089108
v -4.6857357 9.42454529 -8.4392519
v -4.68573952 53.9648895 -8.43924999
v 3.01262093 53.9648895 -9.15955448
v 3.01262093 9.42454529 -9.15954876
v 3.7329216 9.42454529 -8.86118793
v 3.73292542 53.9648895 -8.86118984
v 2.7142601 53.9648895 -8.43924999
v 2.71426392 9.42454529 -8.4392519
v 3.01262093 9.42454529 -9.15954876
v 3.01262093 53.9648895 -9.15955448
v 3.43456459 53.9648895 -8.14088535
v 3.43456459 9.42454529 -8.14089108
v 2.71426392 9.42454529 -8.4392519
v 2.7142601 53.9648895 -8.43924999
v 10.8345642 9.42454529 -8.14089108
v 10.8345642 53.9648895 -8.14088535
v 11.132925 53.9648895 -8.86118984
v 11.1329212 9.42454529 -8.86118793
v 10.4126205 53.9648895 -9.15955448
v 10.4126205 9.42454529 -9.15954876
v 11.1329212 9.42454529 -8.86118793
v 11.132925 53.9648895 -8.86118984
v 10.1142597 53.9648895 -8.43924999
v 10.1142635 9.42454529 -8.4392519
v 10.4126205 9.42454529 -9.15954876
v 10.4126205 53.9648895 -9.15955448
v 10.8345642 53.9648895 -8.14088535
v 10.8345642 9.42454529 -8.14089108
v 10.1142635 9.42454529 -8.4392519
v 10.1142597 53.9648895 -8.43924999
v 18.2345657 9.42454529 -8.14089108
v 18.2345657 53.9648895 -8.14088535
v 18.5329266 53.9648895 -8.86118984
v 18.5329227 9.42454529 -8.86118793
v 17.8126221 53.9648895 -9.15955448
v 17.8126221 9.42454529 -9.15954876
v 18.5329227 9.42454529 -8.86118793
v 18.5329266 53.9648895 -8.86118984
v 17.5142612 53.9648895 -8.43924999
v 17.5142651 9.42454529 -8.4392519
v 17.8126221 9.42454529 -9.15954876
v 17.8126221 53.9648895 -9.15955448
v 18.2345657 53.9648895 -8.14088535
v 18.2345657 9.42454529 -8.14089108
v 17.5142651 9.42454529 -8.4392519
v 17.5142612 53.9648895 -8.43924999
v 25.6345673 9.42454529 -8.14089108
v 25.6345673 53.9648895 -8.14088535
v 25.9329281 53.9648895 -8.86118984
v 25.9329243 9.42454529 -8.86118793
v 25.2126236 53.9648895 -9.15955448
v 25.2126236 9.42454529 -9.15954876
v 25.9329243 9.42454529 -8.86118793
v 25.9329281 53.9648895 -8.86118984
v 25.6345673 53.9648895 -8.14088535
v 25.6345673 9.42454529 -8.14089108
v 24.9142666 9.42454529 -8.4392519
v 24.9142628 53.9648895 -8.43924999
v 25.6345673 9.42454529 -0.740891099
v 25.6345673 53.9648895 -0.740885377
v 25.9329281 53.9648895 -1.46118975
v 25.9329243 9.42454529 -1.46118784
v -26.5873795 53.9648895 -1.75955427
v -26.5873795 9.42454529 -1.75954854
v -25.8670788 9.42454529 -1.46118784
v -25.867075 53.9648895 -1.46118975
v -26.8857403 53.9648895 -1.0392499
v -26.8857365 9.42454529 -1.0392518
v -26.5873795 9.42454529 -1.75954854
v -26.5873795 53.9648895 -1.75955427
v -26.1654358 53.9648895 -0.740885377
v -26.1654358 9.42454529 -0.740891099
v -26.8857365 9.42454529 -1.0392518
v -26.8857403 53.9648895 -1.0392499
v -26.1654358 9.42454529 -8.14089108
v -26.1654358 53.9648895 -8.14088535
v -25.867075 53.9648895 -8.86118984
v -25.8670788 9.42454529 -8.86118793
v 25.2126236 53.9648895 -1.75955427
v 25.2126236 9.42454529 -1.75954854
v 25.9329243 9.42454529 -1.46118784
v 25.9329281 53.9648895 -1.46118975
v 24.9142628 53.9648895 -1.0392499
v 24.9142666 9.42454529 -1.0392518
v 25.2126236 9.42454529 -1.75954854
v 25.2126236 53.9648895 -1.75955427
v 25.6345673 53.9648895 -0.740885377
v 25.6345673 9.42454529 -0.740891099
v 24.9142666 9.42454529 -1.0392518
v 24.9142628 53.9648895 -1.0392499
v 24.9142628 53.9648895 -8.43924999
v 24.9142666 9.42454529 -8.4392519
v 25.2126236 9.42454529 -9.15954876
v 25.2126236 53.9648895 -9.15955448
v -11.3654356 9.42454529 -8.14088821
v -11.3654356 53.9648895 -8.14088535
v -11.0670748 53.9648895 -8.86118984
v -11.0670786 9.42454529 -8.86118793
v -12.0857401 53.9648895 -8.43924999
v -12.0857382 9.42454529 -8.43925095
v -11.7873793 9.42454529 -9.15954876
v -11.7873793 53.9648895 -9.15955448
v -25.8670788 9.42454529 9.29592037
v -25.867075 53.9648895 9.29591846
v -26.5873795 53.9648895 8.99755383
v -26.5873795 9.42454529 8.99755955
v -18.4670792 9.42454529 9.29592037
v -18.4670753 53.9648895 9.29591846
v -19.1873798 53.9648895 8.99755383
v -19.1873798 9.42454529 8.99755955
v -11.0670786 9.42454529 9.29592037
v -11.0670748 53.9648895 9.29591846
v -11.7873793 53.9648895 8.99755383
v -11.7873793 9.42454529 8.99755955
v 3.54859829 53.426506 -1.47636044
v -0.476406097 56.8139954 -1.47594273
v 3.54859829 56.9820786 -1.47636044
v -0.476406097 53.426506 -1.47594273
v 1.30334973 57.7325745 -1.47622979
v -4.50141048 53.426506 -1.47636044
v -0.476406097 58.0017357 -1.47591984
v -4.50141048 56.9820786 -1.47636044
v -2.25616193 57.7325745 -1.47622979
v 3.54859829 53.426506 -8.67636013
v 3.54859829 56.9820786 -8.67636013
v -0.476406097 56.8139954 -8.67677784
v -0.476406097 53.426506 -8.67677784
v 1.30334973 57.7325745 -8.67649078
v -4.50141048 53.426506 -8.67636013
v -0.476406097 58.0017357 -8.67680073
v -4.50141048 56.9820786 -8.67636013
v -2.25616193 57.7325745 -8.67649078
vt 0.245840311 0.553647339
vt 0.241668522 0.554374278
vt 0.245479614 0.555189669
vt 0.240862876 0.551952779
vt 0.249612331 0.530823946
vt 0.244573653 0.531252265
vt 0.241668522 0.554374278
vt 0.240236014 0.552769959
vt 0.239299521 0.542209744
vt 0.238775671 0.531679332
vt 0.240862876 0.551952779
vt 0.239299521 0.542209744
vt 0.244573653 0.531252265
vt 0.237959951 0.521406472
vt 0.237877935 0.511320233
vt 0.249612331 0.530823946
vt 0.240556374 0.507665098
vt 0.237877935 0.511320233
vt 0.140667304 0.529906273
vt 0.142239571 0.5540452
vt 0.143915355 0.552265704
vt 0.404537231 0.72248137
vt 0.404446751 0.526375592
vt 0.32180804 0.526375592
vt 0.321888477 0.72248137
vt 0.409349829 0.722192943
vt 0.491897911 0.722192943
vt 0.491978437 0.526087046
vt 0.409420222 0.526087105
vt 0.321572989 0.956316531
vt 0.423307985 0.956316531
vt 0.423307747 0.941209733
vt 0.321572989 0.941209733
vt 0.493176371 0.746048093
vt 0.493176609 0.942153752
vt 0.426376104 0.942153752
vt 0.251704395 0.746048093
vt 0.31850484 0.942153752
vt 0.251704395 0.942153752
vt 0.181237191 0.941493809
vt 0.248037606 0.941493809
vt 0.248037398 0.74538815
vt 0.178168744 0.940549672
vt 0.0764341131 0.940549672
vt 0.00656550378 0.74538815
vt 0.0764338449 0.955656409
vt 0.178168744 0.955656409
vt 0.0733660683 0.941493809
vt 0.00656550378 0.941493809
vt 0.147988111 0.510085821
vt 0.145424664 0.506331801
vt 0.135534674 0.529185474
vt 0.140667289 0.529906213
vt 0.240236014 0.552769959
vt 0.143915355 0.552265763
vt 0.142239556 0.554045141
vt 0.241668522 0.554374278
vt 0.147605956 0.520231128
vt 0.237959981 0.521406531
vt 0.237877935 0.511320233
vt 0.147988111 0.510085821
vt 0.147605956 0.520231128
vt 0.146496028 0.530574024
vt 0.238775671 0.531679332
vt 0.237959981 0.521406531
vt 0.237877935 0.511320233
vt 0.240556389 0.507665157
vt 0.145424664 0.506331801
vt 0.147988111 0.510085821
vt 0.145648658 0.54141593
vt 0.143915355 0.552265763
vt 0.240236014 0.552769959
vt 0.239299506 0.542209685
vt 0.135534674 0.529185474
vt 0.137322515 0.554670215
vt 0.142239571 0.5540452
vt 0.140667304 0.529906273
vt 0.147605956 0.520231187
vt 0.147988111 0.510085821
vt 0.146496028 0.530574024
vt 0.143915355 0.552265704
vt 0.145648658 0.54141593
vt 0.156661183 0.96994406
vt 0.216133982 0.969943941
vt 0.216133982 0.967908561
vt 0.156661183 0.96790874
vt 0.216133982 0.969943941
vt 0.291129678 0.969943702
vt 0.291129678 0.967908263
vt 0.216133982 0.967908561
vt 0.108873896 0.547154367
vt 0.0784548447 0.545334876
vt 0.0784090534 0.548318386
vt 0.107476823 0.548550665
vt 0.107476823 0.548550665
vt 0.0784090534 0.548318386
vt 0.0784090534 0.578085124
vt 0.10770876 0.578085124
vt 0.107476823 0.548550665
vt 0.10770876 0.578085124
vt 0.110689245 0.578043759
vt 0.108873896 0.547154367
vt 0.338722616 0.518929005
vt 0.338722616 0.520065963
vt 0.399776787 0.520065963
vt 0.399776787 0.518929005
vt 0.338722616 0.518084586
vt 0.338722616 0.518929005
vt 0.399776787 0.518929005
vt 0.399776787 0.518084586
vt 0.338722616 0.520065963
vt 0.338722616 0.520910501
vt 0.399776787 0.520910501
vt 0.399776787 0.520065963
vt 0.351377726 0.973610938
vt 0.351377726 0.971575499
vt 0.291904837 0.971575499
vt 0.291904837 0.973610938
vt 0.291904837 0.973610938
vt 0.291904837 0.971575499
vt 0.216909111 0.971575499
vt 0.216909111 0.973610938
vt 0.0870844051 0.538988948
vt 0.085667558 0.540427208
vt 0.119275056 0.539959133
vt 0.117799498 0.538505137
vt 0.117799498 0.538505137
vt 0.119275056 0.539959133
vt 0.119549252 0.505565643
vt 0.117851637 0.507292867
vt 0.399776787 0.514410973
vt 0.338722616 0.514410973
vt 0.338722616 0.515547931
vt 0.399776787 0.515547931
vt 0.399776787 0.516392291
vt 0.399776787 0.515547931
vt 0.338722616 0.515547931
vt 0.338722616 0.516392291
vt 0.399776787 0.514410973
vt 0.399776787 0.513566494
vt 0.338722616 0.513566494
vt 0.338722616 0.514410973
vt 0.339253694 0.509736717
vt 0.368561655 0.509736717
vt 0.368561655 0.508599818
vt 0.339253694 0.508599818
vt 0.339253694 0.508599818
vt 0.368561655 0.508599818
vt 0.368561655 0.507755339
vt 0.339253694 0.507755339
vt 0.339253694 0.510581255
vt 0.368561655 0.510581255
vt 0.368561655 0.509736717
vt 0.339253694 0.509736717
vt 0.216909111 0.973610938
vt 0.216909111 0.971575499
vt 0.156661183 0.971575499
vt 0.156661183 0.973610938
vt 0.291129678 0.969943702
vt 0.351377696 0.969943583
vt 0.351377696 0.967908084
vt 0.291129678 0.967908263
vt 0.0565415695 0.958136261
vt 0.0565415695 0.957214177
vt 0.00818102807 0.957214236
vt 0.00818102807 0.958136261
vt 0.0565415695 0.957214177
vt 0.0565415695 0.955972791
vt 0.00818102807 0.955972791
vt 0.00818102807 0.957214236
vt 0.0565415695 0.955972791
vt 0.0565415695 0.955050349
vt 0.00818102807 0.955050349
vt 0.00818102807 0.955972791
vt 0.446787328 0.519617617
vt 0.402499437 0.519617617
vt 0.402499437 0.520462096
vt 0.446787328 0.520462096
vt 0.446787328 0.520462096
vt 0.402499437 0.520462096
vt 0.402499437 0.521598995
vt 0.446787328 0.521598995
vt 0.446787328 0.521598995
vt 0.402499437 0.521598995
vt 0.402499437 0.522443533
vt 0.446787328 0.522443533
vt 0.0565415695 0.953202724
vt 0.0565415695 0.952280462
vt 0.00818102807 0.952280462
vt 0.00818102807 0.953202724
vt 0.0565415695 0.952280462
vt 0.0565415695 0.951039016
vt 0.00818102807 0.951039016
vt 0.00818102807 0.952280462
vt 0.0565415695 0.951039016
vt 0.0565415695 0.950116813
vt 0.00818102807 0.950116813
vt 0.00818102807 0.951039016
vt 0.446787328 0.515099525
vt 0.402499437 0.515099525
vt 0.402499437 0.515944004
vt 0.446787328 0.515944004
vt 0.446787328 0.515944004
vt 0.402499437 0.515944004
vt 0.402499437 0.517080724
vt 0.446787328 0.517080724
vt 0.446787328 0.517080724
vt 0.402499437 0.517080724
vt 0.402499437 0.517925143
vt 0.446787328 0.517925143
vt 0.492767841 0.522443533
vt 0.492767841 0.521598995
vt 0.448479801 0.521598995
vt 0.448479801 0.522443533
vt 0.492767841 0.521598995
vt 0.492767841 0.520462096
vt 0.448479801 0.520462096
vt 0.448479801 0.521598995
vt 0.492767841 0.520462096
vt 0.492767841 0.519617617
vt 0.448479801 0.519617617
vt 0.448479801 0.520462096
vt 0.446787328 0.510581136
vt 0.402499437 0.510581136
vt 0.402499437 0.511425734
vt 0.446787328 0.511425734
vt 0.446787328 0.511425734
vt 0.402499437 0.511425734
vt 0.402499437 0.512562573
vt 0.446787328 0.512562573
vt 0.446787328 0.512562573
vt 0.402499437 0.512562573
vt 0.402499437 0.513406992
vt 0.446787328 0.513406992
vt 0.446787328 0.508888721
vt 0.446787328 0.508044422
vt 0.402499437 0.508044422
vt 0.402499437 0.508888721
vt 0.446787328 0.508044422
vt 0.446787328 0.506907344
vt 0.402499437 0.506907344
vt 0.402499437 0.508044422
vt 0.446787328 0.506907344
vt 0.446787328 0.506062806
vt 0.402499437 0.506062806
vt 0.402499437 0.506907344
vt 0.0565415695 0.974785507
vt 0.00818102807 0.974785507
vt 0.00818102807 0.97570765
vt 0.0565415695 0.97570765
vt 0.0565415695 0.97570765
vt 0.00818102807 0.97570765
vt 0.00818102807 0.976949036
vt 0.0565415695 0.976949036
vt 0.0565415695 0.976949036
vt 0.00818102807 0.976949036
vt 0.00818102807 0.977871299
vt 0.0565415695 0.977871299
vt 0.0565415695 0.972937465
vt 0.0565415695 0.972015202
vt 0.00818102807 0.972015202
vt 0.00818102807 0.972937465
vt 0.0565415695 0.972015202
vt 0.0565415695 0.970773876
vt 0.00818102807 0.970773876
vt 0.00818102807 0.972015202
vt 0.0565415695 0.970773876
vt 0.0565415695 0.969851673
vt 0.00818102807 0.969851673
vt 0.00818102807 0.970773876
vt 0.492767841 0.515099525
vt 0.448479801 0.515099525
vt 0.448479801 0.515944004
vt 0.492767841 0.515944004
vt 0.492767841 0.515944004
vt 0.448479801 0.515944004
vt 0.448479801 0.517080963
vt 0.492767841 0.517080963
vt 0.492767841 0.517080963
vt 0.448479801 0.517080963
vt 0.448479801 0.517925143
vt 0.492767841 0.517925143
vt 0.0565415695 0.968003929
vt 0.0565415695 0.967081666
vt 0.00818102807 0.967081666
vt 0.00818102807 0.968003929
vt 0.0565415695 0.967081666
vt 0.0565415695 0.96584028
vt 0.00818102807 0.96584028
vt 0.00818102807 0.967081666
vt 0.0565415695 0.96584028
vt 0.0565415695 0.964918137
vt 0.00818102807 0.964918137
vt 0.00818102807 0.96584028
vt 0.492767841 0.510581136
vt 0.448479801 0.510581136
vt 0.448479801 0.511425734
vt 0.492767841 0.511425734
vt 0.492767841 0.511425734
vt 0.448479801 0.511425734
vt 0.448479801 0.512562573
vt 0.492767841 0.512562573
vt 0.492767841 0.512562573
vt 0.448479801 0.512562573
vt 0.448479801 0.513406992
vt 0.492767841 0.513406992
vt 0.0565415695 0.963069975
vt 0.0565415695 0.962147892
vt 0.00818102807 0.962147892
vt 0.00818102807 0.963069975
vt 0.0565415695 0.962147892
vt 0.0565415695 0.960906565
vt 0.00818102807 0.960906565
vt 0.00818102807 0.962147892
vt 0.0565415695 0.960906565
vt 0.0565415695 0.959984243
vt 0.00818102807 0.959984243
vt 0.00818102807 0.960906565
vt 0.492767841 0.506062806
vt 0.448479801 0.506062806
vt 0.448479801 0.506907403
vt 0.492767841 0.506907403
vt 0.492767841 0.506907403
vt 0.448479801 0.506907403
vt 0.448479801 0.508044422
vt 0.492767841 0.508044422
vt 0.492767841 0.508044422
vt 0.448479801 0.508044422
vt 0.448479801 0.508888721
vt 0.492767841 0.508888721
vt 0.16044119 0.980041444
vt 0.369910836 0.980199158
vt 0.369935632 0.97932601
vt 0.160441875 0.979226112
vt 0.331875771 0.516197264
vt 0.256951034 0.516197145
vt 0.256951034 0.517041802
vt 0.331875771 0.517041802
vt 0.256951034 0.509437501
vt 0.256951034 0.51028204
vt 0.331875771 0.51028204
vt 0.331875771 0.509437501
vt 0.1584135 0.975242317
vt 0.158655465 0.975957751
vt 0.371748984 0.97599566
vt 0.372009128 0.975242317
vt 0.1584512 0.986787498
vt 0.158711106 0.986034155
vt 0.157205939 0.984720588
vt 0.156661183 0.985449314
vt 0.333787203 0.521264493
vt 0.333787203 0.520420015
vt 0.255039573 0.520420015
vt 0.255039573 0.521264493
vt 0.156661183 0.976532459
vt 0.157186329 0.977245748
vt 0.158655465 0.975957751
vt 0.1584135 0.975242317
vt 0.372046977 0.986787379
vt 0.373799324 0.985497355
vt 0.373274088 0.984784067
vt 0.371805131 0.986072063
vt 0.255039573 0.51450491
vt 0.333787203 0.51450491
vt 0.333787203 0.513660252
vt 0.255039573 0.513660252
vt 0.373799056 0.976580322
vt 0.372009128 0.975242317
vt 0.371748984 0.97599566
vt 0.373254269 0.977309287
vt 0.160524577 0.982703865
vt 0.157205939 0.984720588
vt 0.158711106 0.986034155
vt 0.370018661 0.982803524
vt 0.371805131 0.986072063
vt 0.373274088 0.984784067
vt 0.256951034 0.517041802
vt 0.255039573 0.520420015
vt 0.333787203 0.520420015
vt 0.331875771 0.517041802
vt 0.160441875 0.979226112
vt 0.158655465 0.975957751
vt 0.157186329 0.977245748
vt 0.369935632 0.97932601
vt 0.371748984 0.97599566
vt 0.373254269 0.977309287
vt 0.256951034 0.51028204
vt 0.255039573 0.513660252
vt 0.333787203 0.513660252
vt 0.331875771 0.51028204
vt 0.370019346 0.981988132
vt 0.160549492 0.981830657
vt 0.160524577 0.982703865
vt 0.370018661 0.982803524
vt 0.1584512 0.986787498
vt 0.372046977 0.986787379
vt 0.371805131 0.986072063
vt 0.158711106 0.986034155
vt 0.0871408358 0.507771492
vt 0.0870844051 0.538988948
vt 0.117799498 0.538505137
vt 0.117851637 0.507292867
vt 0.0401839092 0.947346568
vt 0.0401839092 0.946105242
vt 0.00818102807 0.946105242
vt 0.00818102807 0.947346568
vt 0.0401839092 0.946105242
vt 0.0401839092 0.945183098
vt 0.00818102807 0.945183098
vt 0.00818102807 0.946105242
vt 0.0401839092 0.948268831
vt 0.0401839092 0.947346568
vt 0.00818102807 0.947346568
vt 0.00818102807 0.948268831
vt 0.0764905438 0.627490222
vt 0.11110767 0.627825797
vt 0.110641621 0.627302766
vt 0.0769591704 0.626978397
vt 0.0760117993 0.598680675
vt 0.0769591704 0.587697685
vt 0.0764905438 0.587185919
vt 0.0769663528 0.598702848
vt 0.0760577694 0.607338071
vt 0.0769706741 0.607338071
vt 0.0769663528 0.615973413
vt 0.0760117993 0.615995467
vt 0.0769591704 0.626978397
vt 0.0764905438 0.627490222
vt 0.110831104 0.607338071
vt 0.110793494 0.598547816
vt 0.0769663528 0.598702848
vt 0.0769706741 0.607338071
vt 0.285276115 0.944151402
vt 0.285276115 0.960006177
vt 0.317381918 0.960006177
vt 0.317381918 0.944151402
vt 0.111763321 0.598516226
vt 0.11110767 0.586850405
vt 0.110641621 0.587373376
vt 0.110793494 0.598547816
vt 0.111760236 0.607338071
vt 0.110831104 0.607338071
vt 0.110793494 0.616128206
vt 0.111763321 0.616160095
vt 0.110641621 0.627302766
vt 0.11110767 0.627825797
vt 0.110793494 0.598547816
vt 0.110641621 0.587373376
vt 0.0769591704 0.587697685
vt 0.0769663528 0.598702848
vt 0.110831104 0.607338071
vt 0.0769706741 0.607338071
vt 0.0769663528 0.615973413
vt 0.110793494 0.616128206
vt 0.217274159 0.960006177
vt 0.249379992 0.960006237
vt 0.249379992 0.944151521
vt 0.217274159 0.944151521
vt 0.0764905438 0.587185919
vt 0.0769591704 0.587697685
vt 0.110641621 0.587373376
vt 0.11110767 0.586850405
vt 0.110793494 0.616128206
vt 0.0769663528 0.615973413
vt 0.0769591704 0.626978397
vt 0.110641621 0.627302766
vt 0.482025295 0.94601202
vt 0.480853528 0.94601202
vt 0.480853707 0.963421166
vt 0.482025385 0.963421166
vt 0.479681939 0.94601202
vt 0.478510112 0.94601202
vt 0.478510112 0.963421166
vt 0.479681939 0.963421166
vt 0.477338582 0.94601202
vt 0.476166874 0.94601202
vt 0.476166874 0.963421166
vt 0.477338582 0.963421166
vt 0.473823518 0.94601202
vt 0.472651988 0.94601202
vt 0.472651869 0.963421166
vt 0.473823518 0.963421166
vt 0.479681939 0.963421166
vt 0.480853707 0.963421166
vt 0.480853528 0.94601202
vt 0.479681939 0.94601202
vt 0.477338582 0.963421166
vt 0.478510112 0.963421166
vt 0.478510112 0.94601202
vt 0.477338582 0.94601202
vt 0.474995166 0.963421166
vt 0.476166874 0.963421166
vt 0.476166874 0.94601202
vt 0.474995226 0.94601202
vt 0.473823518 0.963421166
vt 0.474995166 0.963421166
vt 0.474995226 0.94601202
vt 0.473823518 0.94601202
vt 0.447123617 0.94601202
vt 0.445951968 0.94601202
vt 0.445951968 0.963421166
vt 0.447123617 0.963421166
vt 0.447123617 0.963421166
vt 0.448295236 0.963421166
vt 0.448295236 0.94601202
vt 0.447123617 0.94601202
vt 0.444780171 0.963421166
vt 0.445951968 0.963421166
vt 0.445951968 0.94601202
vt 0.444780171 0.94601202
vt 0.441738635 0.94601202
vt 0.440567046 0.94601202
vt 0.440567046 0.963421166
vt 0.441738635 0.963421166
vt 0.442910224 0.94601202
vt 0.441738635 0.94601202
vt 0.441738635 0.963421166
vt 0.442910433 0.963421166
vt 0.439395219 0.963421166
vt 0.440567046 0.963421166
vt 0.440567046 0.94601202
vt 0.439395279 0.94601202
vt 0.433536857 0.94601202
vt 0.432365268 0.94601202
vt 0.432365268 0.963421166
vt 0.433536857 0.963421166
vt 0.431193501 0.94601202
vt 0.430021852 0.94601202
vt 0.430021852 0.963421166
vt 0.431193501 0.963421166
vt 0.428850204 0.94601202
vt 0.427678615 0.94601202
vt 0.427678496 0.963421166
vt 0.428850085 0.963421166
vt 0.434708625 0.94601202
vt 0.433536857 0.94601202
vt 0.433536857 0.963421166
vt 0.434708625 0.963421166
vt 0.431193501 0.963421166
vt 0.432365268 0.963421166
vt 0.432365268 0.94601202
vt 0.431193501 0.94601202
vt 0.428850085 0.963421166
vt 0.430021852 0.963421166
vt 0.430021852 0.94601202
vt 0.428850204 0.94601202
vt 0.435880274 0.963421166
vt 0.437051922 0.963421166
vt 0.437051922 0.94601202
vt 0.435880274 0.94601202
vt 0.434708625 0.963421166
vt 0.435880274 0.963421166
vt 0.435880274 0.94601202
vt 0.434708625 0.94601202
vt 0.45836696 0.94601202
vt 0.458367079 0.963421166
vt 0.459538609 0.963421166
vt 0.459538549 0.94601202
vt 0.45133689 0.94601202
vt 0.45133689 0.963421166
vt 0.452508599 0.963421166
vt 0.452508599 0.94601202
vt 0.453680187 0.94601202
vt 0.453680187 0.963421166
vt 0.454851896 0.963421166
vt 0.454851896 0.94601202
vt 0.457195193 0.94601202
vt 0.457195193 0.963421166
vt 0.458367079 0.963421166
vt 0.45836696 0.94601202
vt 0.45133689 0.963421166
vt 0.45133689 0.94601202
vt 0.450165153 0.94601202
vt 0.450165153 0.963421166
vt 0.453680187 0.963421166
vt 0.453680187 0.94601202
vt 0.452508599 0.94601202
vt 0.452508599 0.963421166
vt 0.456023604 0.963421166
vt 0.456023604 0.94601202
vt 0.454851896 0.94601202
vt 0.454851896 0.963421166
vt 0.457195193 0.963421166
vt 0.457195193 0.94601202
vt 0.456023604 0.94601202
vt 0.456023604 0.963421166
vt 0.48506698 0.94601202
vt 0.48506698 0.963421166
vt 0.48623848 0.963421166
vt 0.48623848 0.94601202
vt 0.483895242 0.94601202
vt 0.483895242 0.963421166
vt 0.48506698 0.963421166
vt 0.48506698 0.94601202
vt 0.487410277 0.963421166
vt 0.487410277 0.94601202
vt 0.48623848 0.94601202
vt 0.48623848 0.963421166
vt 0.464923501 0.94601202
vt 0.464923501 0.963421166
vt 0.466095209 0.963421166
vt 0.466095209 0.94601202
vt 0.467266887 0.94601202
vt 0.467266977 0.963421166
vt 0.468438566 0.963421166
vt 0.468438566 0.94601202
vt 0.469610155 0.94601202
vt 0.469610274 0.963421166
vt 0.470782012 0.963421166
vt 0.470781893 0.94601202
vt 0.463751912 0.94601202
vt 0.463751912 0.963421166
vt 0.464923501 0.963421166
vt 0.464923501 0.94601202
vt 0.467266977 0.963421166
vt 0.467266887 0.94601202
vt 0.466095209 0.94601202
vt 0.466095209 0.963421166
vt 0.469610274 0.963421166
vt 0.469610155 0.94601202
vt 0.468438566 0.94601202
vt 0.468438566 0.963421166
vt 0.462580174 0.963421166
vt 0.462580174 0.94601202
vt 0.461408585 0.94601202
vt 0.461408466 0.963421166
vt 0.463751912 0.963421166
vt 0.463751912 0.94601202
vt 0.462580174 0.94601202
vt 0.462580174 0.963421166
vt 0.491623342 0.94601202
vt 0.491623342 0.963421166
vt 0.490451753 0.963421166
vt 0.490451753 0.94601202
vt 0.490451753 0.94601202
vt 0.490451753 0.963421166
vt 0.489280045 0.963421166
vt 0.489280045 0.94601202
vt 0.491623342 0.94601202
vt 0.492795199 0.94601202
vt 0.492795199 0.963421166
vt 0.491623342 0.963421166
vt 0.0292746201 0.700868368
vt 0.0292746201 0.711340368
vt 0.0319673941 0.711340368
vt 0.0319673941 0.700868368
vt 0.0292746201 0.711340368
vt 0.0292746201 0.715828359
vt 0.0319673941 0.715828359
vt 0.0319673941 0.711340368
vt 0.0319673941 0.700868368
vt 0.0319673941 0.696380496
vt 0.0292746201 0.696380496
vt 0.0292746201 0.700868368
vt 0.0357104912 0.700868368
vt 0.0357104912 0.696380496
vt 0.0330177173 0.696380496
vt 0.0330177173 0.700868368
vt 0.0992788002 0.716910064
vt 0.0992783085 0.712422073
vt 0.0888063088 0.712422073
vt 0.0888068005 0.716910064
vt 0.0330177173 0.700868368
vt 0.0330177173 0.711340368
vt 0.0357104912 0.711340368
vt 0.0357104912 0.700868368
vt 0.0330177173 0.711340368
vt 0.0330177173 0.715828359
vt 0.0357104912 0.715828359
vt 0.0357104912 0.711340368
vt 0.0992788002 0.722448409
vt 0.0992783085 0.717960417
vt 0.0888063088 0.717960417
vt 0.0888068005 0.722448409
vt 0.043196626 0.700868368
vt 0.043196626 0.696380496
vt 0.0405038819 0.696380496
vt 0.0405038819 0.700868368
vt 0.0405038819 0.711340368
vt 0.0405038819 0.715828359
vt 0.043196626 0.715828359
vt 0.043196626 0.711340368
vt 0.0405038819 0.700868368
vt 0.0405038819 0.711340368
vt 0.043196626 0.711340368
vt 0.043196626 0.700868368
vt 0.00307030231 0.738873959
vt 0.00755824894 0.738873541
vt 0.00755824894 0.728401601
vt 0.00307030231 0.728402019
vt 0.0367607698 0.700868368
vt 0.0367607698 0.711340368
vt 0.0394535437 0.711340368
vt 0.0394535437 0.700868368
vt 0.0367607698 0.711340368
vt 0.0367607698 0.715828359
vt 0.0394535437 0.715828359
vt 0.0394535437 0.711340368
vt 0.0394535437 0.700868368
vt 0.0394535437 0.696380496
vt 0.0367607698 0.696380496
vt 0.0367607698 0.700868368
vt 0.00860858709 0.738873959
vt 0.0130965337 0.738873541
vt 0.0130965337 0.728401601
vt 0.00860858709 0.728402019
vt 0.05740311 0.727351248
vt 0.05740311 0.716879189
vt 0.0529151931 0.716878772
vt 0.0529151335 0.727350831
vt 0.0405049101 0.680370152
vt 0.0431976244 0.680370212
vt 0.0431977734 0.67588228
vt 0.0405049995 0.67588228
vt 0.0405046865 0.690842152
vt 0.0431974307 0.690842211
vt 0.0431976244 0.680370212
vt 0.0405049101 0.680370152
vt 0.0431974307 0.690842211
vt 0.0405046865 0.690842152
vt 0.0405045673 0.695330083
vt 0.0431973711 0.695330083
vt 0.0787805244 0.707439303
vt 0.068308495 0.707439303
vt 0.0683080927 0.711927235
vt 0.0787800625 0.711927354
vt 0.0255310461 0.680370152
vt 0.0282237902 0.680370212
vt 0.0282239392 0.67588228
vt 0.0255311057 0.67588228
vt 0.0255308226 0.690842152
vt 0.0282235369 0.690842211
vt 0.0282237902 0.680370212
vt 0.0255310461 0.680370152
vt 0.0282235369 0.690842211
vt 0.0255308226 0.690842152
vt 0.025530763 0.695330083
vt 0.0282235071 0.695330083
vt 0.0888063088 0.657038987
vt 0.0888068005 0.661527038
vt 0.0992788002 0.661527038
vt 0.0992783681 0.657039106
vt 0.0319670662 0.680370092
vt 0.0319670066 0.67588228
vt 0.0292742178 0.67588228
vt 0.0292742923 0.680370212
vt 0.031967245 0.690842152
vt 0.0319670662 0.680370092
vt 0.0292742923 0.680370212
vt 0.0292744711 0.690842211
vt 0.0292744711 0.690842211
vt 0.0292746201 0.695330083
vt 0.0319673344 0.695330083
vt 0.031967245 0.690842152
vt 0.0186348334 0.728401601
vt 0.0141468272 0.728402019
vt 0.0141468272 0.738873959
vt 0.0186346993 0.738873601
vt 0.0244801417 0.680370152
vt 0.0244800821 0.67588228
vt 0.0217872486 0.67588228
vt 0.021787338 0.680370152
vt 0.0244803354 0.690842152
vt 0.0244801417 0.680370152
vt 0.021787338 0.680370152
vt 0.0217875317 0.690842211
vt 0.0217875317 0.690842211
vt 0.0217875913 0.695330083
vt 0.024480395 0.695330083
vt 0.0244803354 0.690842152
vt 0.0888063088 0.68473053
vt 0.0888068005 0.689218521
vt 0.0992788002 0.689218521
vt 0.0992783681 0.684730649
vt 0.0627698377 0.645065665
vt 0.0672578141 0.645065546
vt 0.0672578141 0.642372727
vt 0.0627697781 0.642372727
vt 0.052297838 0.645065844
vt 0.0627698377 0.645065665
vt 0.0627697781 0.642372727
vt 0.052297838 0.642373025
vt 0.052297838 0.642373025
vt 0.0478099212 0.642373145
vt 0.0478099212 0.645065904
vt 0.052297838 0.645065844
vt 0.024173148 0.728401601
vt 0.0196851417 0.728402019
vt 0.0196851417 0.738873959
vt 0.0241730884 0.738873601
vt 0.0113013312 0.634885728
vt 0.0068134442 0.634885728
vt 0.00681338459 0.637578547
vt 0.0113013312 0.637578547
vt 0.0217733309 0.634885728
vt 0.0113013312 0.634885728
vt 0.0113013312 0.637578547
vt 0.0217733309 0.637578547
vt 0.0217733309 0.637578547
vt 0.0262612775 0.637578547
vt 0.0262613371 0.634885728
vt 0.0217733309 0.634885728
vt 0.0584533885 0.716878772
vt 0.0584533885 0.727350831
vt 0.0629412755 0.727351248
vt 0.0629414245 0.716879249
vt 0.0627698377 0.634886086
vt 0.0627697781 0.637578905
vt 0.0672578141 0.637578964
vt 0.0672578141 0.634886205
vt 0.052297838 0.634885848
vt 0.052297838 0.637578666
vt 0.0627697781 0.637578905
vt 0.0627698377 0.634886086
vt 0.052297838 0.637578666
vt 0.052297838 0.634885848
vt 0.0478099212 0.634885728
vt 0.0478099212 0.637578547
vt 0.00307030231 0.716878772
vt 0.00307030231 0.727350831
vt 0.00755818933 0.727351248
vt 0.00755830854 0.716879249
vt 0.0627698377 0.676064372
vt 0.0627697781 0.678757131
vt 0.0672578141 0.67875725
vt 0.0672578141 0.676064432
vt 0.052297838 0.676064134
vt 0.052297838 0.678756893
vt 0.0627697781 0.678757131
vt 0.0627698377 0.676064372
vt 0.052297838 0.678756893
vt 0.052297838 0.676064134
vt 0.0478099212 0.676064014
vt 0.0478099212 0.678756773
vt 0.0684796944 0.727351248
vt 0.0684796944 0.716879189
vt 0.0639918372 0.716878772
vt 0.063991718 0.727350831
vt 0.0317996368 0.667523265
vt 0.0317996368 0.664830446
vt 0.0273116305 0.664830446
vt 0.02731172 0.667523265
vt 0.0422715768 0.667523265
vt 0.0422715768 0.664830446
vt 0.0317996368 0.664830446
vt 0.0317996368 0.667523265
vt 0.0422715768 0.664830446
vt 0.0422715768 0.667523265
vt 0.0467595831 0.667523265
vt 0.0467595235 0.664830446
vt 0.0130965933 0.727351248
vt 0.0130965933 0.716879189
vt 0.008608751 0.716878772
vt 0.00860858709 0.727350831
vt 0.0522978082 0.682500422
vt 0.052297838 0.679807603
vt 0.0478099212 0.679807484
vt 0.0478099212 0.682500303
vt 0.0627697781 0.682500601
vt 0.0627697781 0.679807842
vt 0.052297838 0.679807603
vt 0.0522978082 0.682500422
vt 0.0627697781 0.679807842
vt 0.0627697781 0.682500601
vt 0.0672577247 0.68250066
vt 0.0672577247 0.679808021
vt 0.0888063088 0.662577271
vt 0.0888068005 0.667065322
vt 0.0992788002 0.667065322
vt 0.0992783681 0.662577391
vt 0.0522978082 0.646116495
vt 0.0478099212 0.646116555
vt 0.0478099212 0.648809373
vt 0.052297838 0.648809314
vt 0.0627697781 0.646116316
vt 0.0522978082 0.646116495
vt 0.052297838 0.648809314
vt 0.0627697781 0.648809075
vt 0.0627697781 0.648809075
vt 0.0672578141 0.648808956
vt 0.0672578141 0.646116197
vt 0.0627697781 0.646116316
vt 0.0297114477 0.728401601
vt 0.0252234265 0.728402019
vt 0.0252234265 0.738873959
vt 0.0297113732 0.738873601
vt 0.00950629264 0.680370152
vt 0.00950618833 0.67588228
vt 0.00681338459 0.67588228
vt 0.0068134442 0.680370212
vt 0.00950647146 0.690842152
vt 0.00950629264 0.680370152
vt 0.0068134442 0.680370212
vt 0.00681366771 0.690842211
vt 0.00681366771 0.690842211
vt 0.00681381673 0.695330083
vt 0.00950653106 0.695330083
vt 0.00950647146 0.690842152
vt 0.0888063088 0.690268815
vt 0.0888068005 0.694756925
vt 0.0992788002 0.694756925
vt 0.0992783681 0.690268993
vt 0.0627698377 0.652552485
vt 0.0672578141 0.652552366
vt 0.0672578141 0.649859667
vt 0.0627697781 0.649859786
vt 0.052297838 0.652552724
vt 0.0627698377 0.652552485
vt 0.0627697781 0.649859786
vt 0.052297838 0.649859965
vt 0.052297838 0.649859965
vt 0.0478099212 0.649860024
vt 0.0478099212 0.652552843
vt 0.052297838 0.652552724
vt 0.0352497324 0.728401601
vt 0.0307618156 0.728402019
vt 0.0307618156 0.738873959
vt 0.0352496728 0.738873601
vt 0.0105571821 0.690842271
vt 0.0105572417 0.695330083
vt 0.0132500157 0.695330083
vt 0.0132499561 0.690842211
vt 0.0105570033 0.680370271
vt 0.0105571821 0.690842271
vt 0.0132499561 0.690842211
vt 0.0132497177 0.680370212
vt 0.0132497177 0.680370212
vt 0.0132496133 0.67588228
vt 0.0105569139 0.67588228
vt 0.0105570033 0.680370271
vt 0.0695300028 0.716878772
vt 0.0695300028 0.727350831
vt 0.0740179196 0.727351248
vt 0.074018009 0.716879249
vt 0.0317996368 0.660036981
vt 0.0317996368 0.657344222
vt 0.0273116305 0.657344222
vt 0.02731172 0.660036981
vt 0.0422715768 0.660036981
vt 0.0422715768 0.657344222
vt 0.0317996368 0.657344222
vt 0.0317996368 0.660036981
vt 0.0422715768 0.657344222
vt 0.0422715768 0.660036981
vt 0.0467595831 0.660036981
vt 0.0467595235 0.657344222
vt 0.0141468868 0.716878772
vt 0.0141468868 0.727350831
vt 0.0186348334 0.727351248
vt 0.018634893 0.716879249
vt 0.0627698377 0.683551311
vt 0.0627697781 0.68624413
vt 0.0672578141 0.68624419
vt 0.0672578141 0.683551431
vt 0.052297838 0.683551133
vt 0.052297838 0.686243832
vt 0.0627697781 0.68624413
vt 0.0627698377 0.683551311
vt 0.052297838 0.686243832
vt 0.052297838 0.683551133
vt 0.0478099212 0.683551013
vt 0.0478099212 0.686243773
vt 0.0795563087 0.727351248
vt 0.0795563087 0.716879189
vt 0.0750684217 0.716878772
vt 0.0750682577 0.727350831
vt 0.00576310605 0.690842271
vt 0.00307030231 0.690842271
vt 0.00307030231 0.695330143
vt 0.00576310605 0.695330083
vt 0.00576310605 0.680370212
vt 0.00307030231 0.680370212
vt 0.00307030231 0.690842271
vt 0.00576310605 0.690842271
vt 0.00307030231 0.680370212
vt 0.00576310605 0.680370212
vt 0.00576310605 0.67588228
vt 0.00307030231 0.675882399
vt 0.0241732076 0.727351248
vt 0.0241732076 0.716879189
vt 0.0196853206 0.716878772
vt 0.019685261 0.727350831
vt 0.0522978082 0.689987302
vt 0.052297838 0.687294543
vt 0.0478099212 0.687294424
vt 0.0478099212 0.689987242
vt 0.0627697781 0.68998754
vt 0.0627697781 0.687294841
vt 0.052297838 0.687294543
vt 0.0522978082 0.689987302
vt 0.0627697781 0.687294841
vt 0.0627697781 0.68998754
vt 0.0672577247 0.689987719
vt 0.0672577247 0.6872949
vt 0.0888063088 0.668115616
vt 0.0888068005 0.672603607
vt 0.0992788002 0.672603607
vt 0.0992783681 0.668115675
vt 0.0522978082 0.661090374
vt 0.0478099212 0.661090493
vt 0.0478099212 0.663783252
vt 0.052297838 0.663783133
vt 0.0627697781 0.661090136
vt 0.0522978082 0.661090374
vt 0.052297838 0.663783133
vt 0.0627697781 0.663782895
vt 0.0627697781 0.663782895
vt 0.0672578141 0.663782895
vt 0.0672578141 0.661090076
vt 0.0627697781 0.661090136
vt 0.0407880917 0.728401601
vt 0.0363001004 0.728402019
vt 0.0363001004 0.738873959
vt 0.0407879874 0.738873601
vt 0.0217733905 0.641321659
vt 0.0262612775 0.641321659
vt 0.0262613371 0.63862884
vt 0.0217733905 0.63862884
vt 0.0113014206 0.641321659
vt 0.0217733905 0.641321659
vt 0.0217733905 0.63862884
vt 0.0113014206 0.63862884
vt 0.0113014206 0.63862884
vt 0.0068134442 0.63862884
vt 0.00681338459 0.641321659
vt 0.0113014206 0.641321659
vt 0.0888063088 0.695807219
vt 0.0888068005 0.70029515
vt 0.0992788002 0.70029515
vt 0.0992783681 0.695807278
vt 0.0422716066 0.637578547
vt 0.0467595235 0.637578547
vt 0.0467595831 0.634885728
vt 0.0422716066 0.634885728
vt 0.0317996368 0.637578547
vt 0.0422716066 0.637578547
vt 0.0422716066 0.634885728
vt 0.0317996368 0.634885728
vt 0.0317996368 0.634885728
vt 0.02731172 0.634885728
vt 0.0273116305 0.637578547
vt 0.0317996368 0.637578547
vt 0.0463263765 0.728401601
vt 0.0418384001 0.728402019
vt 0.0418384001 0.738873959
vt 0.0463262573 0.738873601
vt 0.0113013312 0.642371953
vt 0.0068134442 0.642371953
vt 0.00681338459 0.645064712
vt 0.0113013312 0.645064712
vt 0.0217733309 0.642371953
vt 0.0113013312 0.642371953
vt 0.0113013312 0.645064712
vt 0.0217733309 0.645064712
vt 0.0217733309 0.645064712
vt 0.0262612775 0.645064712
vt 0.0262613371 0.642371953
vt 0.0217733309 0.642371953
vt 0.0806066468 0.716878772
vt 0.0806066468 0.727350831
vt 0.0850945339 0.727351248
vt 0.0850946829 0.716879249
vt 0.0627698377 0.664833844
vt 0.0627697781 0.667526543
vt 0.0672578141 0.667526722
vt 0.0672578141 0.664833963
vt 0.052297838 0.664833665
vt 0.052297838 0.667526424
vt 0.0627697781 0.667526543
vt 0.0627698377 0.664833844
vt 0.052297838 0.667526424
vt 0.052297838 0.664833665
vt 0.0478099212 0.664833546
vt 0.0478099212 0.667526305
vt 0.0252235606 0.716878772
vt 0.0252235606 0.727350831
vt 0.0297114477 0.727351248
vt 0.0297115669 0.716879249
vt 0.0317996368 0.641321659
vt 0.0317996368 0.63862884
vt 0.0273116305 0.63862884
vt 0.02731172 0.641321659
vt 0.0422715768 0.641321659
vt 0.0422715768 0.63862884
vt 0.0317996368 0.63862884
vt 0.0317996368 0.641321659
vt 0.0422715768 0.63862884
vt 0.0422715768 0.641321659
vt 0.0467595831 0.641321659
vt 0.0467595235 0.63862884
vt 0.0992788002 0.634885728
vt 0.0888068005 0.634885728
vt 0.0888063088 0.63937366
vt 0.0992783085 0.639373839
vt 0.0522978082 0.671269953
vt 0.052297838 0.668577135
vt 0.0478099212 0.668577135
vt 0.0478099212 0.671269834
vt 0.0627697781 0.671270132
vt 0.0627697781 0.668577373
vt 0.052297838 0.668577135
vt 0.0522978082 0.671269953
vt 0.0627697781 0.668577373
vt 0.0627697781 0.671270132
vt 0.0672577247 0.671270192
vt 0.0672577247 0.668577492
vt 0.0352498516 0.727351248
vt 0.0352498516 0.716879189
vt 0.0307619348 0.716878772
vt 0.0307618454 0.727350831
vt 0.0422716066 0.642371953
vt 0.0422716066 0.645064712
vt 0.0467595831 0.645064712
vt 0.0467595235 0.642371953
vt 0.0317996368 0.642371953
vt 0.0317996368 0.645064712
vt 0.0422716066 0.645064712
vt 0.0422716066 0.642371953
vt 0.0317996368 0.645064712
vt 0.0317996368 0.642371953
vt 0.0273116305 0.642371953
vt 0.02731172 0.645064712
vt 0.0888063088 0.673653901
vt 0.0888068005 0.678141952
vt 0.0992788002 0.678141952
vt 0.0992783681 0.67365402
vt 0.0522978082 0.653603435
vt 0.0478099212 0.653603494
vt 0.0478099212 0.656296313
vt 0.052297838 0.656296253
vt 0.0627697781 0.653603196
vt 0.0522978082 0.653603435
vt 0.052297838 0.656296253
vt 0.0627697781 0.656295955
vt 0.0627697781 0.656295955
vt 0.0672578141 0.656295836
vt 0.0672578141 0.653603077
vt 0.0627697781 0.653603196
vt 0.0518646613 0.728401601
vt 0.0473766848 0.728402019
vt 0.0473766848 0.738873959
vt 0.0518646315 0.738873601
vt 0.0169932023 0.680370152
vt 0.0169931427 0.67588228
vt 0.0143003091 0.67588228
vt 0.0143003985 0.680370212
vt 0.0169934109 0.690842152
vt 0.0169932023 0.680370152
vt 0.0143003985 0.680370212
vt 0.0143006667 0.690842211
vt 0.0143006667 0.690842211
vt 0.0143007413 0.695330083
vt 0.0169934854 0.695330083
vt 0.0169934109 0.690842152
vt 0.0888063088 0.701345503
vt 0.0888068005 0.705833495
vt 0.0992788002 0.705833495
vt 0.0992783681 0.701345563
vt 0.0627698377 0.660039425
vt 0.0672578141 0.660039365
vt 0.0672578141 0.657346547
vt 0.0627697781 0.657346666
vt 0.052297838 0.660039663
vt 0.0627698377 0.660039425
vt 0.0627697781 0.657346666
vt 0.052297838 0.657346964
vt 0.052297838 0.657346964
vt 0.0478099212 0.657347023
vt 0.0478099212 0.660039783
vt 0.052297838 0.660039663
vt 0.0574029908 0.728401601
vt 0.0529149845 0.728402019
vt 0.0529149845 0.738873959
vt 0.0574029312 0.738873601
vt 0.0180441067 0.690842271
vt 0.0180441663 0.695330083
vt 0.0207369998 0.695330083
vt 0.0207369104 0.690842211
vt 0.0180438831 0.680370271
vt 0.0180441067 0.690842271
vt 0.0207369104 0.690842211
vt 0.0207367167 0.680370212
vt 0.0207367167 0.680370212
vt 0.0207365975 0.67588228
vt 0.0180438235 0.67588228
vt 0.0180438831 0.680370271
vt 0.0888063088 0.644912124
vt 0.0992783681 0.644912124
vt 0.0992788002 0.640424192
vt 0.0888068601 0.640424013
vt 0.0627698377 0.672320843
vt 0.0627697781 0.675013661
vt 0.0672578141 0.675013661
vt 0.0672578141 0.672320962
vt 0.0522978976 0.672320664
vt 0.052297838 0.675013423
vt 0.0627697781 0.675013661
vt 0.0627698377 0.672320843
vt 0.052297838 0.675013423
vt 0.0522978976 0.672320664
vt 0.0478099212 0.672320604
vt 0.0478099212 0.675013304
vt 0.0363001302 0.716878772
vt 0.0363001302 0.727350831
vt 0.0407880917 0.727351248
vt 0.0407881811 0.716879249
vt 0.0317996368 0.648807704
vt 0.0317996368 0.646115005
vt 0.0273116305 0.646115005
vt 0.02731172 0.648807704
vt 0.0422715768 0.648807764
vt 0.0422715768 0.646115005
vt 0.0317996368 0.646115005
vt 0.0317996368 0.648807704
vt 0.0422715768 0.646115005
vt 0.0422715768 0.648807764
vt 0.0467595831 0.648807764
vt 0.0467595235 0.646115005
vt 0.0992788002 0.645962358
vt 0.0888068005 0.645962358
vt 0.0888063088 0.650450349
vt 0.0992783085 0.650450408
vt 0.0522978082 0.641322076
vt 0.052297838 0.638629317
vt 0.0478099212 0.638629198
vt 0.0478099212 0.641322076
vt 0.0627697781 0.641322315
vt 0.0627697781 0.638629615
vt 0.052297838 0.638629317
vt 0.0522978082 0.641322076
vt 0.0627697781 0.638629615
vt 0.0627697781 0.641322315
vt 0.0672577247 0.641322434
vt 0.0672578141 0.638629615
vt 0.0463264361 0.727351248
vt 0.0463264361 0.716879189
vt 0.0418385789 0.716878772
vt 0.0418384299 0.727350831
vt 0.0522978082 0.693730891
vt 0.052297838 0.691038013
vt 0.0478099212 0.691037953
vt 0.0478099212 0.693730831
vt 0.0627697781 0.69373107
vt 0.0627697781 0.691038191
vt 0.052297838 0.691038013
vt 0.0522978082 0.693730891
vt 0.0627697781 0.691038191
vt 0.0627697781 0.69373107
vt 0.0672577247 0.693731129
vt 0.0672577247 0.691038311
vt 0.0888063088 0.679192245
vt 0.0888068005 0.683680236
vt 0.0992788002 0.683680236
vt 0.0992783681 0.679192305
vt 0.0422716066 0.663780153
vt 0.0467595235 0.663780153
vt 0.0467595831 0.661087394
vt 0.0422716066 0.661087394
vt 0.0317996368 0.663780153
vt 0.0422716066 0.663780153
vt 0.0422716066 0.661087394
vt 0.0317996368 0.661087394
vt 0.0317996368 0.661087394
vt 0.02731172 0.661087394
vt 0.0273116305 0.663780153
vt 0.0317996368 0.663780153
vt 0.0629412755 0.728401601
vt 0.0584533289 0.728402019
vt 0.0584533289 0.738873959
vt 0.0629412457 0.738873601
vt 0.0217733905 0.648807764
vt 0.0262612775 0.648807764
vt 0.0262613371 0.646115005
vt 0.0217733905 0.646115005
vt 0.0113014206 0.648807764
vt 0.0217733905 0.648807764
vt 0.0217733905 0.646115005
vt 0.0113014206 0.646115005
vt 0.0113014206 0.646115005
vt 0.0068134442 0.646115005
vt 0.00681338459 0.648807764
vt 0.0113014206 0.648807764
vt 0.0888063088 0.706883788
vt 0.0888068005 0.711371779
vt 0.0992788002 0.711371779
vt 0.0992783681 0.706883848
vt 0.00307030231 0.649845779
vt 0.00307030231 0.654333651
vt 0.00576310605 0.65433377
vt 0.00576310605 0.649845779
vt 0.00307030231 0.639373839
vt 0.00307030231 0.649845779
vt 0.00576310605 0.649845779
vt 0.00576310605 0.639373839
vt 0.00576310605 0.639373839
vt 0.00576310605 0.634885848
vt 0.00307030231 0.634885728
vt 0.00307030231 0.639373839
vt 0.0684796348 0.728401601
vt 0.0639916286 0.728402019
vt 0.0639916286 0.738873959
vt 0.0684795007 0.738873601
vt 0.0113013312 0.649858117
vt 0.0068134442 0.649858117
vt 0.00681338459 0.652550817
vt 0.0113013312 0.652550817
vt 0.0217733309 0.649858117
vt 0.0113013312 0.649858117
vt 0.0113013312 0.652550817
vt 0.0217733309 0.652550817
vt 0.0217733309 0.652550817
vt 0.0262612775 0.652550817
vt 0.0262613371 0.649858117
vt 0.0217733309 0.649858117
vt 0.0888063088 0.655988693
vt 0.0992783681 0.655988693
vt 0.0992788002 0.651500821
vt 0.0888068601 0.651500642
vt 0.00307030231 0.659871936
vt 0.00576310605 0.659871936
vt 0.00576310605 0.655384064
vt 0.00307030231 0.655384064
vt 0.00307030231 0.670343935
vt 0.00576310605 0.670343935
vt 0.00576310605 0.659871936
vt 0.00307030231 0.659871936
vt 0.00576310605 0.670343935
vt 0.00307030231 0.670343935
vt 0.00307030231 0.674831986
vt 0.00576310605 0.674831927
vt 0.0473768041 0.716878772
vt 0.0473768041 0.727350831
vt 0.0518646613 0.727351248
vt 0.0518648252 0.716879249
vt 0.00576316565 0.711340547
vt 0.00307036191 0.711340368
vt 0.00307030231 0.715828359
vt 0.00576310605 0.715828359
vt 0.00576338917 0.700868428
vt 0.00307064503 0.700868368
vt 0.00307036191 0.711340368
vt 0.00576316565 0.711340547
vt 0.00307064503 0.700868368
vt 0.00576338917 0.700868428
vt 0.00576350838 0.696380496
vt 0.00307070464 0.696380496
vt 0.0317996368 0.652550817
vt 0.0317996368 0.649858117
vt 0.0273116305 0.649858117
vt 0.02731172 0.652550817
vt 0.0740179196 0.738873959
vt 0.0740179196 0.728401959
vt 0.0695300028 0.728401601
vt 0.0695299432 0.738873541
vt 0.0422715768 0.649858117
vt 0.0422715768 0.652550817
vt 0.0467595831 0.652550817
vt 0.0467595235 0.649858117
vt 0.0422715768 0.652550817
vt 0.0422715768 0.649858117
vt 0.0317996368 0.649858117
vt 0.0317996368 0.652550817
vt 0.0422716066 0.656293988
vt 0.0467595235 0.656293988
vt 0.0467595831 0.65360117
vt 0.0422716066 0.65360117
vt 0.100329079 0.651500642
vt 0.100329481 0.655988693
vt 0.110801481 0.655988693
vt 0.110801078 0.651500821
vt 0.0317996368 0.65360117
vt 0.02731172 0.65360117
vt 0.0273116305 0.656293988
vt 0.0317996368 0.656293988
vt 0.0317996368 0.656293988
vt 0.0422716066 0.656293988
vt 0.0422716066 0.65360117
vt 0.0317996368 0.65360117
vt 0.00950618833 0.659871936
vt 0.00950618833 0.655384064
vt 0.00681338459 0.655384064
vt 0.00681338459 0.659871936
vt 0.100329079 0.657038987
vt 0.100329481 0.661527038
vt 0.110801481 0.661527038
vt 0.110801078 0.657039106
vt 0.00681338459 0.670343935
vt 0.00681338459 0.674831927
vt 0.00950618833 0.674831986
vt 0.00950618833 0.670343935
vt 0.00950618833 0.670343935
vt 0.00950618833 0.659871936
vt 0.00681338459 0.659871936
vt 0.00681338459 0.670343935
vt 0.0317995772 0.671266317
vt 0.0317995772 0.668573439
vt 0.0273116305 0.668573439
vt 0.02731172 0.671266317
vt 0.0750682279 0.728401601
vt 0.0750682279 0.738873541
vt 0.079556115 0.738873959
vt 0.0795562491 0.728401959
vt 0.0422715768 0.668573439
vt 0.0422715768 0.671266317
vt 0.0467595831 0.671266317
vt 0.0467595235 0.668573439
vt 0.0422715768 0.671266317
vt 0.0422715768 0.668573439
vt 0.0317995772 0.668573439
vt 0.0317995772 0.671266317
vt 0.00681409985 0.700868309
vt 0.00950687379 0.700868368
vt 0.00950693339 0.696380496
vt 0.00681421906 0.696380496
vt 0.0850945339 0.738873959
vt 0.0850945339 0.728401959
vt 0.0806066468 0.728401601
vt 0.0806065276 0.738873541
vt 0.00950668007 0.711340368
vt 0.00681387633 0.711340308
vt 0.00681381673 0.715828359
vt 0.00950662047 0.715828359
vt 0.00681387633 0.711340308
vt 0.00950668007 0.711340368
vt 0.00950687379 0.700868368
vt 0.00681409985 0.700868309
vt 0.0105564818 0.670343995
vt 0.0105564818 0.674831927
vt 0.0132493153 0.674831986
vt 0.0132493153 0.670343995
vt 0.100329079 0.662577271
vt 0.100329481 0.667065322
vt 0.110801481 0.667065322
vt 0.110801078 0.662577391
vt 0.0132493153 0.659871995
vt 0.0132493153 0.655384064
vt 0.0105564818 0.655384064
vt 0.0105564818 0.659871995
vt 0.0105564818 0.659871995
vt 0.0105564818 0.670343995
vt 0.0132493153 0.670343995
vt 0.0132493153 0.659871995
vt 0.016992338 0.659871936
vt 0.0169923976 0.655384064
vt 0.0142995641 0.655384064
vt 0.0142995641 0.659871936
vt 0.100329079 0.668115616
vt 0.100329481 0.672603607
vt 0.110801481 0.672603607
vt 0.110801078 0.668115675
vt 0.0142995641 0.670343935
vt 0.0142995641 0.674831927
vt 0.016992338 0.674831986
vt 0.016992338 0.670343935
vt 0.016992338 0.670343935
vt 0.016992338 0.659871936
vt 0.0142995641 0.659871936
vt 0.0142995641 0.670343935
vt 0.01325012 0.711340547
vt 0.0105574057 0.711340368
vt 0.0105572417 0.715828359
vt 0.0132500157 0.715828359
vt 0.0861448124 0.728401601
vt 0.0861448124 0.738873541
vt 0.090632759 0.738873959
vt 0.0906328186 0.728401959
vt 0.0105575845 0.700868368
vt 0.0132503286 0.700868428
vt 0.0132504478 0.696380496
vt 0.0105576441 0.696380496
vt 0.0132503286 0.700868428
vt 0.0105575845 0.700868368
vt 0.0105574057 0.711340368
vt 0.01325012 0.711340547
vt 0.0143010393 0.700868309
vt 0.0169938132 0.700868368
vt 0.0169938728 0.696380496
vt 0.0143011287 0.696380496
vt 0.0961711779 0.738873959
vt 0.0961711779 0.728401959
vt 0.0916832611 0.728401601
vt 0.0916831419 0.738873541
vt 0.0169936046 0.711340368
vt 0.0143008307 0.711340308
vt 0.0143007413 0.715828359
vt 0.0169934854 0.715828359
vt 0.0143008307 0.711340308
vt 0.0169936046 0.711340368
vt 0.0169938132 0.700868368
vt 0.0143010393 0.700868309
vt 0.018042706 0.670343995
vt 0.018042706 0.674831927
vt 0.0207354203 0.674831986
vt 0.0207354203 0.670343995
vt 0.100329079 0.673653901
vt 0.100329481 0.678141952
vt 0.110801481 0.678141952
vt 0.110801078 0.67365402
vt 0.0207354203 0.659871995
vt 0.0207354203 0.655384064
vt 0.018042706 0.655384064
vt 0.018042706 0.659871995
vt 0.018042706 0.659871995
vt 0.018042706 0.670343995
vt 0.0207354203 0.670343995
vt 0.0207354203 0.659871995
vt 0.0244785175 0.659871936
vt 0.0244785175 0.655384064
vt 0.0217857435 0.655384064
vt 0.0217857435 0.659871936
vt 0.100329079 0.679192245
vt 0.100329481 0.683680236
vt 0.110801481 0.683680236
vt 0.110801078 0.679192305
vt 0.0217857435 0.670343935
vt 0.0217857435 0.674831927
vt 0.0244785175 0.674831986
vt 0.0244785175 0.670343935
vt 0.0244785175 0.670343935
vt 0.0244785175 0.659871936
vt 0.0217857435 0.659871936
vt 0.0217857435 0.670343935
vt 0.0207370594 0.711340547
vt 0.0180442855 0.711340368
vt 0.0180441663 0.715828359
vt 0.0207369998 0.715828359
vt 0.100329079 0.639373839
vt 0.110801078 0.639373839
vt 0.11080154 0.634885848
vt 0.10032957 0.634885728
vt 0.0180444941 0.700868368
vt 0.0207372382 0.700868428
vt 0.0207374021 0.696380496
vt 0.0180445686 0.696380496
vt 0.0207372382 0.700868428
vt 0.0180444941 0.700868368
vt 0.0180442855 0.711340368
vt 0.0207370594 0.711340547
vt 0.021787934 0.700868309
vt 0.0244807377 0.700868368
vt 0.0244808272 0.696380496
vt 0.0217880532 0.696380496
vt 0.11080154 0.640424073
vt 0.10032957 0.640424073
vt 0.100329168 0.644911945
vt 0.110801078 0.644912124
vt 0.024480544 0.711340368
vt 0.0217877403 0.711340308
vt 0.0217876509 0.715828359
vt 0.0244804844 0.715828359
vt 0.0217877403 0.711340308
vt 0.024480544 0.711340368
vt 0.0244807377 0.700868368
vt 0.021787934 0.700868309
vt 0.0357104912 0.680370152
vt 0.0357104316 0.67588228
vt 0.0330177173 0.67588228
vt 0.0330177769 0.680370152
vt 0.100329079 0.68473053
vt 0.100329481 0.689218521
vt 0.110801481 0.689218521
vt 0.110801078 0.684730649
vt 0.0330179557 0.690842211
vt 0.0330180153 0.695330083
vt 0.035710834 0.695330083
vt 0.0357107595 0.690842152
vt 0.0357107595 0.690842152
vt 0.0357104912 0.680370152
vt 0.0330177769 0.680370152
vt 0.0330179557 0.690842211
vt 0.0367614105 0.690842271
vt 0.036761485 0.695330083
vt 0.0394542888 0.695330083
vt 0.0394541845 0.690842211
vt 0.100329079 0.690268815
vt 0.100329481 0.694756925
vt 0.110801481 0.694756925
vt 0.110801078 0.690268993
vt 0.0394539759 0.680370212
vt 0.0394538864 0.67588228
vt 0.0367611423 0.67588228
vt 0.0367612019 0.680370212
vt 0.0367612019 0.680370212
vt 0.0367614105 0.690842271
vt 0.0394541845 0.690842211
vt 0.0394539759 0.680370212
vt 0.028223969 0.711340547
vt 0.0255312249 0.711340368
vt 0.0255311653 0.715828359
vt 0.0282239392 0.715828359
vt 0.100329168 0.650450408
vt 0.110801078 0.650450408
vt 0.11080154 0.645962477
vt 0.10032957 0.645962358
vt 0.0255314484 0.700868368
vt 0.0282242522 0.700868428
vt 0.0282243416 0.696380496
vt 0.025531508 0.696380496
vt 0.0282242522 0.700868428
vt 0.0255314484 0.700868368
vt 0.0255312249 0.711340368
vt 0.028223969 0.711340547
vt 0.353735715 0.724460542
vt 0.32186839 0.724460542
vt 0.321873397 0.729181349
vt 0.353740096 0.729181349
vt 0.35680455 0.724460542
vt 0.353744 0.740039349
vt 0.321877807 0.740039349
vt 0.321878403 0.740983605
vt 0.353744537 0.740983605
vt 0.356808633 0.729181349
vt 0.369585335 0.724460542
vt 0.356812209 0.740039349
vt 0.356812745 0.740983605
vt 0.369589061 0.729181349
vt 0.372656077 0.724460542
vt 0.369592428 0.740039349
vt 0.369592875 0.740983605
vt 0.37265864 0.729181349
vt 0.404527158 0.724460542
vt 0.404527158 0.729181349
vt 0.372660786 0.740039349
vt 0.372661114 0.740983605
vt 0.404527158 0.740039349
vt 0.404527158 0.740983605
vt 0.00376971811 0.628843725
vt 0.0020115003 0.576284826
vt 0.0010259226 0.576313674
vt 0.00267038494 0.629944265
vt 0.00376971811 0.628843725
vt 0.00560826808 0.626941442
vt 0.00567505509 0.576166153
vt 0.0020115003 0.576284826
vt 0.0731700435 0.576290905
vt 0.0692840591 0.576298952
vt 0.0687774643 0.627095819
vt 0.0705055669 0.628938019
vt 0.0714590028 0.629963338
vt 0.0743706301 0.576166153
vt 0.0731700435 0.576290905
vt 0.0705055669 0.628938019
vt 0.00376971811 0.628843725
vt 0.00267038494 0.629944265
vt 0.0727215186 0.522209167
vt 0.00490459055 0.523223341
vt 0.0716404691 0.523309588
vt 0.00393279642 0.522197723
vt 0.0010259226 0.575991094
vt 0.00224446505 0.575867176
vt 0.0734028742 0.575871885
vt 0.0716404691 0.523309588
vt 0.0697982535 0.525207758
vt 0.0697390214 0.575991094
vt 0.0716404691 0.523309588
vt 0.00490459055 0.523223341
vt 0.00662911683 0.525069594
vt 0.0697982535 0.525207758
vt 0.0727215186 0.522209167
vt 0.0716404691 0.523309588
vt 0.0734028742 0.575871885
vt 0.0743705109 0.575843513
vt 0.00490459055 0.523223341
vt 0.00224446505 0.575867176
vt 0.00613007694 0.575858772
vt 0.00662911683 0.525069594
vt 0.0705055669 0.628938019
vt 0.0687774643 0.627095819
vt 0.00560826808 0.626941442
vt 0.00376971811 0.628843725
vt 0.00560826808 0.626941442
vt 0.0687774643 0.627095819
vt 0.0692840591 0.576298952
vt 0.00567505509 0.576166153
vt 0.439068288 0.970289409
vt 0.439070672 0.994769812
vt 0.464142948 0.994771063
vt 0.464141756 0.970289409
vt 0.00662911683 0.525069594
vt 0.00613007694 0.575858772
vt 0.0697390214 0.575991094
vt 0.0697982535 0.525207758
vt 0.468277186 0.993606865
vt 0.493350595 0.993605614
vt 0.493350595 0.96912396
vt 0.468278557 0.969126284
vt 0.409339726 0.724119425
vt 0.491993576 0.728840351
vt 0.491998613 0.724119425
vt 0.409339726 0.728840351
vt 0.491989106 0.739698231
vt 0.409339726 0.739698231
vt 0.49198851 0.740642548
vt 0.409339726 0.740642548
vt 0.145648658 0.54141593
vt 0.239299506 0.542209685
vt 0.238775671 0.531679332
vt 0.146496028 0.530574024
vt 0.258200258 0.558030844
vt 0.300611079 0.558030784
vt 0.300110221 0.524833262
vt 0.258200258 0.524833262
vt 0.300611109 0.558030844
vt 0.316262215 0.558044314
vt 0.316262215 0.524819672
vt 0.300611109 0.524833262
vt 0.128106922 0.964775383
vt 0.14375791 0.964807749
vt 0.14375791 0.9777987
vt 0.0977175608 0.976796806
vt 0.0977175608 0.9777987
vt 0.258200258 0.524833262
vt 0.257198453 0.524833262
vt 0.257198453 0.558030844
vt 0.258200258 0.558030844
vt 0.0831191912 0.974935591
vt 0.0674680993 0.961912453
vt 0.0674680993 0.974903345
vt 0.113508411 0.962914169
vt 0.113508411 0.961912453
vt 0.419673324 0.960856974
vt 0.400492519 0.961381018
vt 0.419386685 0.961056769
vt 0.400492519 0.960751355
vt 0.381753117 0.961060822
vt 0.381466478 0.960860908
vt 0.422249705 0.975461662
vt 0.419814438 0.99677515
vt 0.421926171 0.996807277
vt 0.420139939 0.975116313
vt 0.419386685 0.961056769
vt 0.419673324 0.960856974
vt 0.420139939 0.975116313
vt 0.419386685 0.961056769
vt 0.400492519 0.961381018
vt 0.400492162 0.974776089
vt 0.380993575 0.975116313
vt 0.400492162 0.974776089
vt 0.400492519 0.961381018
vt 0.381753117 0.961060822
vt 0.378884137 0.975461185
vt 0.379207164 0.996804655
vt 0.381318629 0.996772766
vt 0.380993575 0.975116313
vt 0.381753117 0.961060822
vt 0.381466478 0.960860908
vt 0.400491983 0.996602356
vt 0.419814438 0.99677515
vt 0.420139939 0.975116313
vt 0.400492162 0.974776089
vt 0.380993575 0.975116313
vt 0.381318629 0.996772766
vt 0.400491983 0.996602356
vt 0.400492162 0.974776089
vt 0.22848919 0.740279436
vt 0.230634779 0.740279436
vt 0.230634868 0.562784731
vt 0.22848925 0.562784731
vt 0.232780486 0.740279436
vt 0.234926164 0.740279436
vt 0.234926164 0.562784731
vt 0.232780486 0.562784731
vt 0.135837793 0.562784731
vt 0.135837704 0.740279496
vt 0.137983292 0.740279496
vt 0.137983382 0.562784731
vt 0.230634779 0.740279436
vt 0.232780486 0.740279436
vt 0.232780486 0.562784731
vt 0.230634868 0.562784731
vt 0.115248583 0.740279496
vt 0.117394127 0.740279496
vt 0.117394127 0.562784731
vt 0.115248583 0.562784731
vt 0.11953973 0.740279496
vt 0.121685393 0.740279496
vt 0.121685393 0.562784731
vt 0.11953973 0.562784731
vt 0.285326242 0.740279436
vt 0.28747198 0.740279436
vt 0.287471861 0.562784731
vt 0.285326242 0.562784731
vt 0.117394127 0.740279496
vt 0.11953973 0.740279496
vt 0.11953973 0.562784731
vt 0.117394127 0.562784731
vt 0.207899988 0.740279436
vt 0.210045636 0.740279436
vt 0.210045695 0.562784731
vt 0.207900167 0.562784731
vt 0.212191343 0.740279436
vt 0.214336932 0.740279436
vt 0.214336932 0.562784731
vt 0.212191343 0.562784731
vt 0.245220691 0.562784731
vt 0.245220691 0.740279436
vt 0.238783807 0.740279436
vt 0.238783807 0.562784731
vt 0.210045636 0.740279436
vt 0.212191343 0.740279436
vt 0.212191343 0.562784731
vt 0.210045695 0.562784731
vt 0.238783807 0.740279436
vt 0.240929395 0.740279436
vt 0.240929544 0.562784731
vt 0.238783807 0.562784731
vt 0.243074954 0.740279436
vt 0.245220691 0.740279436
vt 0.245220691 0.562784731
vt 0.243075132 0.562784731
vt 0.27610448 0.562784731
vt 0.27610448 0.740279436
vt 0.269667596 0.740279436
vt 0.269667745 0.562784731
vt 0.240929395 0.740279436
vt 0.243074954 0.740279436
vt 0.243075132 0.562784731
vt 0.240929544 0.562784731
vt 0.269667596 0.740279436
vt 0.271813184 0.740279436
vt 0.271813273 0.562784731
vt 0.269667745 0.562784731
vt 0.273958892 0.740279436
vt 0.27610448 0.740279436
vt 0.27610448 0.562784731
vt 0.273958892 0.562784731
vt 0.162863702 0.562784731
vt 0.162863851 0.740279436
vt 0.156426936 0.740279436
vt 0.156426936 0.562784731
vt 0.271813184 0.740279436
vt 0.273958892 0.740279436
vt 0.273958892 0.562784731
vt 0.271813273 0.562784731
vt 0.156426936 0.740279436
vt 0.158572555 0.740279436
vt 0.158572555 0.562784731
vt 0.156426936 0.562784731
vt 0.160718083 0.740279436
vt 0.162863851 0.740279436
vt 0.162863702 0.562784731
vt 0.160718232 0.562784731
vt 0.173158377 0.562784731
vt 0.173158377 0.740279436
vt 0.166721553 0.740279436
vt 0.166721553 0.562784731
vt 0.158572555 0.740279436
vt 0.160718083 0.740279436
vt 0.160718232 0.562784731
vt 0.158572555 0.562784731
vt 0.166721553 0.740279436
vt 0.168867201 0.740279436
vt 0.168867201 0.562784731
vt 0.166721553 0.562784731
vt 0.171012759 0.740279436
vt 0.173158377 0.740279436
vt 0.173158377 0.562784731
vt 0.171012759 0.562784731
vt 0.129834384 0.562784731
vt 0.129834384 0.740279496
vt 0.131980032 0.740279496
vt 0.131979764 0.562784731
vt 0.168867201 0.740279436
vt 0.171012759 0.740279436
vt 0.171012759 0.562784731
vt 0.168867201 0.562784731
vt 0.131980032 0.740279496
vt 0.125543058 0.740279496
vt 0.125543058 0.562784731
vt 0.131979764 0.562784731
vt 0.127688587 0.740279496
vt 0.129834384 0.740279496
vt 0.129834384 0.562784731
vt 0.127688587 0.562784731
vt 0.181307435 0.562784731
vt 0.181307435 0.740279436
vt 0.183453053 0.740279436
vt 0.183453053 0.562784731
vt 0.125543058 0.740279496
vt 0.127688587 0.740279496
vt 0.127688587 0.562784731
vt 0.125543058 0.562784731
vt 0.137983292 0.740279496
vt 0.140129 0.740279496
vt 0.140129 0.562784731
vt 0.137983382 0.562784731
vt 0.142274529 0.740279496
vt 0.135837704 0.740279496
vt 0.135837793 0.562784731
vt 0.142274529 0.562784731
vt 0.204042226 0.562784731
vt 0.204042286 0.740279436
vt 0.197605282 0.740279436
vt 0.197605282 0.562784731
vt 0.140129 0.740279496
vt 0.142274529 0.740279496
vt 0.142274529 0.562784731
vt 0.140129 0.562784731
vt 0.183453053 0.740279436
vt 0.177016139 0.740279436
vt 0.177016199 0.562784731
vt 0.183453053 0.562784731
vt 0.179161698 0.740279436
vt 0.181307435 0.740279436
vt 0.181307435 0.562784731
vt 0.179161817 0.562784731
vt 0.186237901 0.562784731
vt 0.186237901 0.740279436
vt 0.188383639 0.740279436
vt 0.188383639 0.562784731
vt 0.177016139 0.740279436
vt 0.179161698 0.740279436
vt 0.179161817 0.562784731
vt 0.177016199 0.562784731
vt 0.221413046 0.740279436
vt 0.221413046 0.562784731
vt 0.219267398 0.562784731
vt 0.219267398 0.740279436
vt 0.223558724 0.740279436
vt 0.223558575 0.562784731
vt 0.221413046 0.562784731
vt 0.221413046 0.740279436
vt 0.225704342 0.740279436
vt 0.225704223 0.562784731
vt 0.223558575 0.562784731
vt 0.223558724 0.740279436
vt 0.295620859 0.740279436
vt 0.297766507 0.740279436
vt 0.297766477 0.562784731
vt 0.295620859 0.562784731
vt 0.285326242 0.740279436
vt 0.285326242 0.562784731
vt 0.283180684 0.562784731
vt 0.283180684 0.740279436
vt 0.248005569 0.562784731
vt 0.248005569 0.740279436
vt 0.250151157 0.740279436
vt 0.250151157 0.562784731
vt 0.29347527 0.740279436
vt 0.293475211 0.562784731
vt 0.291329592 0.562784731
vt 0.291329652 0.740279436
vt 0.283180684 0.740279436
vt 0.283180684 0.562784731
vt 0.281035036 0.562784731
vt 0.281035036 0.740279436
vt 0.278889447 0.562784731
vt 0.278889388 0.740279436
vt 0.281035036 0.740279436
vt 0.281035036 0.562784731
vt 0.252296865 0.740279436
vt 0.252296746 0.562784731
vt 0.250151157 0.562784731
vt 0.250151157 0.740279436
vt 0.254442483 0.740279436
vt 0.254442483 0.562784731
vt 0.252296746 0.562784731
vt 0.252296865 0.740279436
vt 0.256588101 0.740279436
vt 0.256588042 0.562784731
vt 0.254442483 0.562784731
vt 0.254442483 0.740279436
vt 0.190529227 0.740279436
vt 0.190529227 0.562784731
vt 0.188383639 0.562784731
vt 0.188383639 0.740279436
vt 0.192674786 0.740279436
vt 0.192674786 0.562784731
vt 0.190529227 0.562784731
vt 0.190529227 0.740279436
vt 0.194820523 0.740279436
vt 0.194820404 0.562784731
vt 0.192674786 0.562784731
vt 0.192674786 0.740279436
vt 0.258300245 0.562784731
vt 0.258300245 0.740279436
vt 0.260445803 0.740279436
vt 0.260445803 0.562784731
vt 0.262591392 0.740279436
vt 0.262591392 0.562784731
vt 0.260445803 0.562784731
vt 0.260445803 0.740279436
vt 0.264737099 0.740279436
vt 0.26473695 0.562784731
vt 0.262591392 0.562784731
vt 0.262591392 0.740279436
vt 0.266882688 0.740279436
vt 0.266882688 0.562784731
vt 0.26473695 0.562784731
vt 0.264737099 0.740279436
vt 0.29947862 0.562784731
vt 0.29947862 0.740279436
vt 0.301624238 0.740279436
vt 0.301624238 0.562784731
vt 0.303769857 0.740279436
vt 0.303769857 0.562784731
vt 0.301624238 0.562784731
vt 0.301624238 0.740279436
vt 0.305915564 0.740279436
vt 0.305915475 0.562784731
vt 0.303769857 0.562784731
vt 0.303769857 0.740279436
vt 0.308061153 0.740279436
vt 0.308061033 0.562784731
vt 0.305915475 0.562784731
vt 0.305915564 0.740279436
vt 0.311918855 0.562784731
vt 0.311918855 0.740279436
vt 0.314064533 0.740279436
vt 0.314064413 0.562784731
vt 0.316210151 0.740279436
vt 0.316210091 0.562784731
vt 0.314064413 0.562784731
vt 0.314064533 0.740279436
vt 0.311918855 0.740279436
vt 0.311918855 0.562784731
vt 0.309773266 0.562784731
vt 0.309773266 0.740279436
vt 0.148277938 0.562784731
vt 0.148277938 0.740279496
vt 0.150423497 0.740279496
vt 0.150423497 0.562784731
vt 0.19975099 0.740279436
vt 0.19975099 0.562784731
vt 0.197605282 0.562784731
vt 0.197605282 0.740279436
vt 0.201896727 0.740279436
vt 0.201896608 0.562784731
vt 0.19975099 0.562784731
vt 0.19975099 0.740279436
vt 0.204042286 0.740279436
vt 0.204042226 0.562784731
vt 0.201896608 0.562784731
vt 0.201896727 0.740279436
vt 0.21712184 0.562784731
vt 0.21712184 0.740279436
vt 0.219267398 0.740279436
vt 0.219267398 0.562784731
vt 0.152569205 0.740279496
vt 0.152569085 0.562784731
vt 0.150423497 0.562784731
vt 0.150423497 0.740279496
vt 0.14613232 0.740279496
vt 0.14613232 0.562784731
vt 0.152569085 0.562784731
vt 0.152569205 0.740279496
vt 0.148277938 0.740279496
vt 0.148277938 0.562784731
vt 0.14613232 0.562784731
vt 0.14613232 0.740279496
vt 0.318355739 0.740279436
vt 0.31835568 0.562784731
vt 0.316210091 0.562784731
vt 0.316210151 0.740279436
vt 0.289184004 0.562784731
vt 0.289184004 0.740279436
vt 0.291329652 0.740279436
vt 0.291329592 0.562784731
vt 0.295620859 0.740279436
vt 0.295620859 0.562784731
vt 0.293475211 0.562784731
vt 0.29347527 0.740279436
vt 0.234926164 0.562784731
vt 0.234926164 0.740279436
vt 0.22848919 0.740279436
vt 0.22848925 0.562784731
vt 0.121685393 0.562784731
vt 0.121685393 0.740279496
vt 0.115248583 0.740279496
vt 0.115248583 0.562784731
vt 0.214336932 0.562784731
vt 0.214336932 0.740279436
vt 0.207899988 0.740279436
vt 0.207900167 0.562784731
vt 0.217274159 0.944151521
vt 0.199326068 0.959256709
vt 0.217274174 0.960006177
vt 0.199326068 0.944151521
vt 0.207262307 0.963352799
vt 0.181378096 0.944151521
vt 0.199326068 0.964552939
vt 0.181378096 0.960006118
vt 0.191389993 0.963352919
vt 0.249379992 0.944151521
vt 0.249380022 0.960006237
vt 0.267328054 0.959256709
vt 0.267328054 0.944151521
vt 0.259391904 0.963352799
vt 0.285276115 0.944151402
vt 0.267328084 0.964553058
vt 0.285276145 0.960006237
vt 0.275264204 0.96335274
vn -1 0 0
vn -1 0 0
vn -1 0 0
vn -1 0 0
vn -1 0 0
vn -1 0 0
vn -1 0 0
vn -1 0 0
vn -1 0 0
vn -1 0 0
vn -1 0 0
vn -1 0 0
vn -1 0 0
vn -1 0 0
vn -1 0 0
vn -1 0 0
vn -1 0 0
vn -1 0 0
vn 1 0 0
vn 1 0 0
vn 1 0 0
vn -1 0 0
vn -1 0 0
vn -1 0 0
vn -1 0 0
vn 1 0 0
vn 1 0 0
vn 1 0 0
vn 1 0 0
vn 4.94314736E-05 -0.000332805328 1
vn 4.94314736E-05 -0.000332805328 1
vn -0 -0.00258504739 0.999996662
vn -0.00319457403 0 0.999994874
vn 2.930542E-05 -2.58116725E-05 1
vn -0 0 1
vn -0 0 1
vn 2.930542E-05 -2.58116725E-05 1
vn -0.000143294237 4.87686484E-05 1
vn -0.000143294237 4.87686484E-05 1
vn 0.00102341594 0.000467724021 -0.999999404
vn 9.39038946E-05 -3.2005566E-05 -1
vn 9.39038946E-05 -3.2005566E-05 -1
vn 9.39038946E-05 -3.2005566E-05 -1
vn -0.00285279239 0.00132076582 -0.999995112
vn -0.000237197863 -8.07870238E-05 -1
vn 4.94314736E-05 -0.000332712516 -1
vn 4.94314736E-05 -0.000332712516 -1
vn -0.000237197863 -8.07870238E-05 -1
vn -0.000237197863 -8.07870238E-05 -1
vn 1 0 0
vn 1 0 0
vn 1 0 0
vn 1 0 0
vn -0 0 1
vn -0 0 1
vn -0 0 1
vn -0 0 1
vn -0 0.915864885 -0.401486665
vn -0 0.915864885 -0.401486665
vn -0 0.915864885 -0.401486665
vn -0 0.915864885 -0.401486665
vn -0 0.990254939 -0.139266461
vn -0 0.990254939 -0.139266461
vn -0 0.990254939 -0.139266461
vn -0 0.990254939 -0.139266461
vn -0 1.85522185E-05 -1
vn -0 1.85522185E-05 -1
vn -0 1.85522185E-05 -1
vn -0 1.85522185E-05 -1
vn -0 0.915811718 0.401607871
vn -0 0.915811718 0.401607871
vn -0 0.915811718 0.401607871
vn -0 0.915811718 0.401607871
vn 1 0 0
vn 1 0 0
vn 1 0 0
vn 1 0 0
vn 1 0 0
vn 1 0 0
vn 1 0 0
vn 1 0 0
vn 1 0 0
vn -0 0 -1
vn -0 0 -1
vn -0 0 -1
vn -0 0 -1
vn -1 0 0
vn -1 0 0
vn -1 0 0
vn -1 0 0
vn 1 0 0
vn 1 0 0
vn 1 0 0
vn 1 0 0
vn -0 1 0
vn -0 1 0
vn -0 1 0
vn -0 1 0
vn -0 0 -1
vn -0 0 -1
vn -0 0 -1
vn -0 0 -1
vn -0 1 0
vn -0 1 0
vn -0 1 0
vn -0 1 0
vn -0 0 -1
vn -0 0 -1
vn -0 0 -1
vn -0 0 -1
vn -0 0 1
vn -0 0 1
vn -0 0 1
vn -0 0 1
vn -0 0 -1
vn -0 0 -1
vn -0 0 -1
vn -0 0 -1
vn 1 0 0
vn 1 0 0
vn 1 0 0
vn 1 0 0
vn -1 0 0
vn -1 0 0
vn -1 0 0
vn -1 0 0
vn -0 0 -1
vn -0 0 -1
vn -0 0 -1
vn -0 0 -1
vn -0 1 0
vn -0 1 0
vn -0 1 0
vn -0 1 0
vn -0 0 1
vn -0 0 1
vn -0 0 1
vn -0 0 1
vn -0 0 -1
vn -0 0 -1
vn -0 0 -1
vn -0 0 -1
vn -0 1 0
vn -0 1 0
vn -0 1 0
vn -0 1 0
vn -0 0 -1
vn -0 0 -1
vn -0 0 -1
vn -0 0 -1
vn -0 0 1
vn -0 0 1
vn -0 0 1
vn -0 0 1
vn -0 0 1
vn -0 0 1
vn -0 0 1
vn -0 0 1
vn -0 0 1
vn -0 0 1
vn -0 0 1
vn -0 0 1
vn 1 0 0
vn 1 0 0
vn 1 0 0
vn 1 0 0
vn -0 1 0
vn -0 1 0
vn -0 1 0
vn -0 1 0
vn -1 0 0
vn -1 0 0
vn -1 0 0
vn -1 0 0
vn -1 0 0
vn -1 0 0
vn -1 0 0
vn -1 0 0
vn -0 1 0
vn -0 1 0
vn -0 1 0
vn -0 1 0
vn 1 0 0
vn 1 0 0
vn 1 0 0
vn 1 0 0
vn 1 0 0
vn 1 0 0
vn 1 0 0
vn 1 0 0
vn -0 1 0
vn -0 1 0
vn -0 1 0
vn -0 1 0
vn -1 0 0
vn -1 0 0
vn -1 0 0
vn -1 0 0
vn -1 0 0
vn -1 0 0
vn -1 0 0
vn -1 0 0
vn -0 1 0
vn -0 1 0
vn -0 1 0
vn -0 1 0
vn 1 0 0
vn 1 0 0
vn 1 0 0
vn 1 0 0
vn 1 0 0
vn 1 0 0
vn 1 0 0
vn 1 0 0
vn -0 1 0
vn -0 1 0
vn -0 1 0
vn -0 1 0
vn -1 0 0
vn -1 0 0
vn -1 0 0
vn -1 0 0
vn -1 0 0
vn -1 0 0
vn -1 0 0
vn -1 0 0
vn -0 1 0
vn -0 1 0
vn -0 1 0
vn -0 1 0
vn 1 0 0
vn 1 0 0
vn 1 0 0
vn 1 0 0
vn 1 0 0
vn 1 0 0
vn 1 0 0
vn 1 0 0
vn -0 1 0
vn -0 1 0
vn -0 1 0
vn -0 1 0
vn -1 0 0
vn -1 0 0
vn -1 0 0
vn -1 0 0
vn -1 0 0
vn -1 0 0
vn -1 0 0
vn -1 0 0
vn -0 1 0
vn -0 1 0
vn -0 1 0
vn -0 1 0
vn 1 0 0
vn 1 0 0
vn 1 0 0
vn 1 0 0
vn 1 0 0
vn 1 0 0
vn 1 0 0
vn 1 0 0
vn -0 1 0
vn -0 1 0
vn -0 1 0
vn -0 1 0
vn -1 0 0
vn -1 0 0
vn -1 0 0
vn -1 0 0
vn -1 0 0
vn -1 0 0
vn -1 0 0
vn -1 0 0
vn -0 1 0
vn -0 1 0
vn -0 1 0
vn -0 1 0
vn 1 0 0
vn 1 0 0
vn 1 0 0
vn 1 0 0
vn 1 0 0
vn 1 0 0
vn 1 0 0
vn 1 0 0
vn -0 1 0
vn -0 1 0
vn -0 1 0
vn -0 1 0
vn -1 0 0
vn -1 0 0
vn -1 0 0
vn -1 0 0
vn -1 0 0
vn -1 0 0
vn -1 0 0
vn -1 0 0
vn -0 1 0
vn -0 1 0
vn -0 1 0
vn -0 1 0
vn 1 0 0
vn 1 0 0
vn 1 0 0
vn 1 0 0
vn 1 0 0
vn 1 0 0
vn 1 0 0
vn 1 0 0
vn -0 1 0
vn -0 1 0
vn -0 1 0
vn -0 1 0
vn -1 0 0
vn -1 0 0
vn -1 0 0
vn -1 0 0
vn -1 0 0
vn -1 0 0
vn -1 0 0
vn -1 0 0
vn -0 1 0
vn -0 1 0
vn -0 1 0
vn -0 1 0
vn 1 0 0
vn 1 0 0
vn 1 0 0
vn 1 0 0
vn -0 0 -1
vn -0 0 -1
vn -0 0 -1
vn -0 0 -1
vn 1 0 0
vn 1 0 0
vn 1 0 0
vn 1 0 0
vn -1 0 0
vn -1 0 0
vn -1 0 0
vn -1 0 0
vn -0 0 1
vn -0 0 1
vn -0 0 1
vn -0 0 1
vn -0.707114041 0 -0.707099497
vn -0.707114041 0 -0.707099497
vn -0.707114041 0 -0.707099497
vn -0.707114041 0 -0.707099497
vn -1 0 0
vn -1 0 0
vn -1 0 0
vn -1 0 0
vn -0.707114041 0 0.707099497
vn -0.707114041 0 0.707099497
vn -0.707114041 0 0.707099497
vn -0.707114041 0 0.707099497
vn 0.707114041 0 -0.707099497
vn 0.707114041 0 -0.707099497
vn 0.707114041 0 -0.707099497
vn 0.707114041 0 -0.707099497
vn 1 0 0
vn 1 0 0
vn 1 0 0
vn 1 0 0
vn 0.707114041 0 0.707099497
vn 0.707114041 0 0.707099497
vn 0.707114041 0 0.707099497
vn 0.707114041 0 0.707099497
vn -0 1 0
vn -0 1 0
vn -0 1 0
vn -0 1 0
vn -0 1 0
vn -0 1 0
vn -0 1 0
vn -0 1 0
vn -0 1 0
vn -0 1 0
vn -0 1 0
vn -0 1 0
vn -0 1 0
vn -0 1 0
vn -0 1 0
vn -0 1 0
vn -0 1 0
vn -0 1 0
vn -0 1 0
vn -0 1 0
vn -0 0 1
vn -0 0 1
vn -0 0 1
vn -0 0 1
vn -0 0 -1
vn -0 0 -1
vn -0 0 -1
vn -0 0 -1
vn -0 1 0
vn -0 1 0
vn -0 1 0
vn -0 1 0
vn -0 1 0
vn -0 1 0
vn -0 1 0
vn -0 1 0
vn -0 0 -1
vn -0 0 -1
vn -0 0 -1
vn -0 0 -1
vn -0 0 1
vn -0 0 1
vn -0 0 1
vn -0 0 1
vn 0.973723888 -0.227731824 0
vn 0.973723888 -0.227731824 0
vn 0.973723888 -0.227731824 0
vn 0.973723888 -0.227731824 0
vn -0.000173304157 1.06805965E-05 -1
vn -6.30814029E-05 1.21376106E-05 -1
vn -6.30814029E-05 1.21376106E-05 -1
vn -0.000173304157 1.06805965E-05 -1
vn -0.000173304157 1.06805965E-05 -1
vn -0.000173304157 1.06805965E-05 -1
vn 0.000173306267 1.0597154E-05 -1
vn 0.000173306267 1.0597154E-05 -1
vn 6.30810609E-05 1.17583058E-05 -1
vn 6.30810609E-05 1.17583058E-05 -1
vn -0.14588134 0.989302099 0
vn -0.14588134 0.989302099 0
vn -0.14588134 0.989302099 0
vn -0.14588134 0.989302099 0
vn -1 0 0
vn -1 0 0
vn -1 0 0
vn -1 0 0
vn -0.000173306267 0 1
vn -6.30810755E-05 1.43659972E-05 1
vn -6.30810755E-05 1.43659972E-05 1
vn -0.000173306267 0 1
vn -0.000173306267 0 1
vn -0.000173306267 0 1
vn 0.000173304157 0 1
vn 0.000173304157 0 1
vn 6.30813811E-05 1.46662751E-05 1
vn 6.30813811E-05 1.46662751E-05 1
vn -0.317019641 0.948418915 0
vn -0.317019641 0.948418915 0
vn -0.317019641 0.948418915 0
vn -0.317019641 0.948418915 0
vn 0.145882025 0.98930198 0
vn 0.145882025 0.98930198 0
vn 0.145882025 0.98930198 0
vn 0.145882025 0.98930198 0
vn 1 0 0
vn 1 0 0
vn 1 0 0
vn 1 0 0
vn -0.973724246 -0.227730438 0
vn -0.973724246 -0.227730438 0
vn -0.973724246 -0.227730438 0
vn -0.973724246 -0.227730438 0
vn 0.317019045 0.948419154 0
vn 0.317019045 0.948419154 0
vn 0.317019045 0.948419154 0
vn 0.317019045 0.948419154 0
vn 1 0 0
vn 1 0 0
vn 1 0 0
vn 1 0 0
vn -0 0 1
vn -0 0 1
vn -0 0 1
vn -0 0 1
vn -1 0 0
vn -1 0 0
vn -1 0 0
vn -1 0 0
vn 0.707113802 0 -0.707099736
vn 0.707113802 0 -0.707099736
vn 0.707113802 0 -0.707099736
vn 0.707113802 0 -0.707099736
vn 0.707113802 0 0.707099736
vn 0.707113802 0 0.707099736
vn 0.707113802 0 0.707099736
vn 0.707113802 0 0.707099736
vn -0.707113922 0 0.707099617
vn -0.707113922 0 0.707099617
vn -0.707113922 0 0.707099617
vn -0.707113922 0 0.707099617
vn -0.707113802 0 -0.707099736
vn -0.707113802 0 -0.707099736
vn -0.707113802 0 -0.707099736
vn -0.707113802 0 -0.707099736
vn -0 0 -1
vn -0 0 -1
vn -0 0 -1
vn -0 0 -1
vn -1 0 0
vn -1 0 0
vn -1 0 0
vn -1 0 0
vn -0.707113922 0 0.707099617
vn -0.707113922 0 0.707099617
vn -0.707113922 0 0.707099617
vn -0.707113922 0 0.707099617
vn -0.707113802 0 -0.707099736
vn -0.707113802 0 -0.707099736
vn -0.707113802 0 -0.707099736
vn -0.707113802 0 -0.707099736
vn 1 0 0
vn 1 0 0
vn 1 0 0
vn 1 0 0
vn 0.707113802 0 -0.707099736
vn 0.707113802 0 -0.707099736
vn 0.707113802 0 -0.707099736
vn 0.707113802 0 -0.707099736
vn 0.707113802 0 0.707099736
vn 0.707113802 0 0.707099736
vn 0.707113802 0 0.707099736
vn 0.707113802 0 0.707099736
vn 1 0 0
vn 1 0 0
vn 1 0 0
vn 1 0 0
vn -0 0 1
vn -0 0 1
vn -0 0 1
vn -0 0 1
vn -1 0 0
vn -1 0 0
vn -1 0 0
vn -1 0 0
vn 0.707113802 0 -0.707099736
vn 0.707113802 0 -0.707099736
vn 0.707113802 0 -0.707099736
vn 0.707113802 0 -0.707099736
vn 0.707113802 0 0.707099736
vn 0.707113802 0 0.707099736
vn 0.707113802 0 0.707099736
vn 0.707113802 0 0.707099736
vn -0.707113922 0 0.707099617
vn -0.707113922 0 0.707099617
vn -0.707113922 0 0.707099617
vn -0.707113922 0 0.707099617
vn -0.707113802 0 -0.707099736
vn -0.707113802 0 -0.707099736
vn -0.707113802 0 -0.707099736
vn -0.707113802 0 -0.707099736
vn -0 0 -1
vn -0 0 -1
vn -0 0 -1
vn -0 0 -1
vn 1 0 0
vn 1 0 0
vn 1 0 0
vn 1 0 0
vn -0 0 -1
vn -0 0 -1
vn -0 0 -1
vn -0 0 -1
vn -1 0 0
vn -1 0 0
vn -1 0 0
vn -1 0 0
vn 0.707113862 0 0.707099676
vn 0.707113862 0 0.707099676
vn 0.707113862 0 0.707099676
vn 0.707113862 0 0.707099676
vn 0.707113862 0 -0.707099676
vn 0.707113862 0 -0.707099676
vn 0.707113862 0 -0.707099676
vn 0.707113862 0 -0.707099676
vn -0.707113862 0 -0.707099676
vn -0.707113862 0 -0.707099676
vn -0.707113862 0 -0.707099676
vn -0.707113862 0 -0.707099676
vn -0.707113862 0 0.707099676
vn -0.707113862 0 0.707099676
vn -0.707113862 0 0.707099676
vn -0.707113862 0 0.707099676
vn -0 0 1
vn -0 0 1
vn -0 0 1
vn -0 0 1
vn 1 0 0
vn 1 0 0
vn 1 0 0
vn 1 0 0
vn 0.707113862 0 0.707099676
vn 0.707113862 0 0.707099676
vn 0.707113862 0 0.707099676
vn 0.707113862 0 0.707099676
vn 0.707113862 0 -0.707099676
vn 0.707113862 0 -0.707099676
vn 0.707113862 0 -0.707099676
vn 0.707113862 0 -0.707099676
vn 1 0 0
vn 1 0 0
vn 1 0 0
vn 1 0 0
vn -0 0 -1
vn -0 0 -1
vn -0 0 -1
vn -0 0 -1
vn -1 0 0
vn -1 0 0
vn -1 0 0
vn -1 0 0
vn 0.707113862 0 0.707099676
vn 0.707113862 0 0.707099676
vn 0.707113862 0 0.707099676
vn 0.707113862 0 0.707099676
vn 0.707113862 0 -0.707099676
vn 0.707113862 0 -0.707099676
vn 0.707113862 0 -0.707099676
vn 0.707113862 0 -0.707099676
vn -0.707113862 0 -0.707099676
vn -0.707113862 0 -0.707099676
vn -0.707113862 0 -0.707099676
vn -0.707113862 0 -0.707099676
vn -0.707113862 0 0.707099676
vn -0.707113862 0 0.707099676
vn -0.707113862 0 0.707099676
vn -0.707113862 0 0.707099676
vn -0 0 1
vn -0 0 1
vn -0 0 1
vn -0 0 1
vn -1 0 0
vn -1 0 0
vn -1 0 0
vn -1 0 0
vn -0.707113862 0 0.707099676
vn -0.707113862 0 0.707099676
vn -0.707113862 0 0.707099676
vn -0.707113862 0 0.707099676
vn -0.707113862 0 -0.707099676
vn -0.707113862 0 -0.707099676
vn -0.707113862 0 -0.707099676
vn -0.707113862 0 -0.707099676
vn -0.000109807675 0 1
vn -0.000109807675 0 1
vn -0.000109807675 0 1
vn -0.000109807675 0 1
vn -1 0 -0.000211131934
vn -1 0 -0.000211131934
vn -1 0 -0.000211131934
vn -1 0 -0.000211131934
vn 1 0 0.000210425511
vn 1 0 0.000210425511
vn 1 0 0.000210425511
vn 1 0 0.000210425511
vn 1 0 0.000210425511
vn 1 0 0.000210425511
vn 1 0 0.000210425511
vn 1 0 0.000210425511
vn -0 1 0
vn -0 1 0
vn -0 1 0
vn -0 1 0
vn -0.000109807377 0 1
vn -0.000109807377 0 1
vn -0.000109807377 0 1
vn -0.000109807377 0 1
vn -1 0 -0.000211131934
vn -1 0 -0.000211131934
vn -1 0 -0.000211131934
vn -1 0 -0.000211131934
vn -0 1 0
vn -0 1 0
vn -0 1 0
vn -0 1 0
vn 1 0 0.000210426108
vn 1 0 0.000210426108
vn 1 0 0.000210426108
vn 1 0 0.000210426108
vn -1 0 -0.00021113253
vn -1 0 -0.00021113253
vn -1 0 -0.00021113253
vn -1 0 -0.00021113253
vn -0.000109807675 0 1
vn -0.000109807675 0 1
vn -0.000109807675 0 1
vn -0.000109807675 0 1
vn -0 1 0
vn -0 1 0
vn -0 1 0
vn -0 1 0
vn -0.000109807675 0 1
vn -0.000109807675 0 1
vn -0.000109807675 0 1
vn -0.000109807675 0 1
vn -1 0 -0.00021113253
vn -1 0 -0.00021113253
vn -1 0 -0.00021113253
vn -1 0 -0.00021113253
vn 1 0 0.000210426719
vn 1 0 0.000210426719
vn 1 0 0.000210426719
vn 1 0 0.000210426719
vn -0 1 0
vn -0 1 0
vn -0 1 0
vn -0 1 0
vn -0 1 0
vn -0 1 0
vn -0 1 0
vn -0 1 0
vn -1 1.11241588E-05 0.000204863885
vn -1 1.11241588E-05 0.000204863885
vn -1 1.11241588E-05 0.000204863885
vn -1 1.11241588E-05 0.000204863885
vn -0.000109807843 0 -1
vn -0.000109807843 0 -1
vn -0.000109807843 0 -1
vn -0.000109807843 0 -1
vn 1 0 -0.00021051323
vn 1 0 -0.00021051323
vn 1 0 -0.00021051323
vn 1 0 -0.00021051323
vn -0 1 0
vn -0 1 0
vn -0 1 0
vn -0 1 0
vn -1 1.0594511E-05 0.000204863885
vn -1 1.0594511E-05 0.000204863885
vn -1 1.0594511E-05 0.000204863885
vn -1 1.0594511E-05 0.000204863885
vn -0.000109807814 0 -1
vn -0.000109807814 0 -1
vn -0.000109807814 0 -1
vn -0.000109807814 0 -1
vn 1 0 -0.00021051323
vn 1 0 -0.00021051323
vn 1 0 -0.00021051323
vn 1 0 -0.00021051323
vn -0 1 0
vn -0 1 0
vn -0 1 0
vn -0 1 0
vn 1 1.11242134E-05 0.0002048639
vn 1 1.11242134E-05 0.0002048639
vn 1 1.11242134E-05 0.0002048639
vn 1 1.11242134E-05 0.0002048639
vn 0.000109807828 0 -1
vn 0.000109807828 0 -1
vn 0.000109807828 0 -1
vn 0.000109807828 0 -1
vn -1 0 -0.000210513215
vn -1 0 -0.000210513215
vn -1 0 -0.000210513215
vn -1 0 -0.000210513215
vn -0 1 0
vn -0 1 0
vn -0 1 0
vn -0 1 0
vn 1 1.05945555E-05 0.0002048639
vn 1 1.05945555E-05 0.0002048639
vn 1 1.05945555E-05 0.0002048639
vn 1 1.05945555E-05 0.0002048639
vn 0.000109807814 0 -1
vn 0.000109807814 0 -1
vn 0.000109807814 0 -1
vn 0.000109807814 0 -1
vn -1 0 -0.000210513215
vn -1 0 -0.000210513215
vn -1 0 -0.000210513215
vn -1 0 -0.000210513215
vn -0 1 0
vn -0 1 0
vn -0 1 0
vn -0 1 0
vn -1 1.11241816E-05 -0.0002048639
vn -1 1.11241816E-05 -0.0002048639
vn -1 1.11241816E-05 -0.0002048639
vn -1 1.11241816E-05 -0.0002048639
vn -0.000109807843 0 1
vn -0.000109807843 0 1
vn -0.000109807843 0 1
vn -0.000109807843 0 1
vn 1 0 0.000210513215
vn 1 0 0.000210513215
vn 1 0 0.000210513215
vn 1 0 0.000210513215
vn -0 1 0
vn -0 1 0
vn -0 1 0
vn -0 1 0
vn -1 1.059434E-05 -0.0002048639
vn -1 1.059434E-05 -0.0002048639
vn -1 1.059434E-05 -0.0002048639
vn -1 1.059434E-05 -0.0002048639
vn -0.000109807814 0 1
vn -0.000109807814 0 1
vn -0.000109807814 0 1
vn -0.000109807814 0 1
vn 1 0 0.000210513215
vn 1 0 0.000210513215
vn 1 0 0.000210513215
vn 1 0 0.000210513215
vn -0 1 0
vn -0 1 0
vn -0 1 0
vn -0 1 0
vn 1 1.11241588E-05 -0.000204863885
vn 1 1.11241588E-05 -0.000204863885
vn 1 1.11241588E-05 -0.000204863885
vn 1 1.11241588E-05 -0.000204863885
vn 0.000109807828 0 1
vn 0.000109807828 0 1
vn 0.000109807828 0 1
vn 0.000109807828 0 1
vn -1 0 0.00021051323
vn -1 0 0.00021051323
vn -1 0 0.00021051323
vn -1 0 0.00021051323
vn -0 1 0
vn -0 1 0
vn -0 1 0
vn -0 1 0
vn 1 1.05943391E-05 -0.000204863885
vn 1 1.05943391E-05 -0.000204863885
vn 1 1.05943391E-05 -0.000204863885
vn 1 1.05943391E-05 -0.000204863885
vn 0.000109807814 0 1
vn 0.000109807814 0 1
vn 0.000109807814 0 1
vn 0.000109807814 0 1
vn -1 0 0.00021051323
vn -1 0 0.00021051323
vn -1 0 0.00021051323
vn -1 0 0.00021051323
vn -0 1 0
vn -0 1 0
vn -0 1 0
vn -0 1 0
vn -1 1.11241434E-05 0.000204863609
vn -1 1.11241434E-05 0.000204863609
vn -1 1.11241434E-05 0.000204863609
vn -1 1.11241434E-05 0.000204863609
vn -0.000109807988 0 -1
vn -0.000109807988 0 -1
vn -0.000109807988 0 -1
vn -0.000109807988 0 -1
vn 1 0 -0.00021051323
vn 1 0 -0.00021051323
vn 1 0 -0.00021051323
vn 1 0 -0.00021051323
vn -0 1 0
vn -0 1 0
vn -0 1 0
vn -0 1 0
vn -1 1.05944955E-05 0.000204863609
vn -1 1.05944955E-05 0.000204863609
vn -1 1.05944955E-05 0.000204863609
vn -1 1.05944955E-05 0.000204863609
vn -0.000109807959 0 -1
vn -0.000109807959 0 -1
vn -0.000109807959 0 -1
vn -0.000109807959 0 -1
vn 1 0 -0.00021051323
vn 1 0 -0.00021051323
vn 1 0 -0.00021051323
vn 1 0 -0.00021051323
vn -0 1 0
vn -0 1 0
vn -0 1 0
vn -0 1 0
vn 1 1.1124207E-05 0.000204863783
vn 1 1.1124207E-05 0.000204863783
vn 1 1.1124207E-05 0.000204863783
vn 1 1.1124207E-05 0.000204863783
vn 0.000109807974 0 -1
vn 0.000109807974 0 -1
vn 0.000109807974 0 -1
vn 0.000109807974 0 -1
vn -1 0 -0.000210513041
vn -1 0 -0.000210513041
vn -1 0 -0.000210513041
vn -1 0 -0.000210513041
vn -0 1 0
vn -0 1 0
vn -0 1 0
vn -0 1 0
vn 1 1.05945483E-05 0.000204863783
vn 1 1.05945483E-05 0.000204863783
vn 1 1.05945483E-05 0.000204863783
vn 1 1.05945483E-05 0.000204863783
vn 0.000109807959 0 -1
vn 0.000109807959 0 -1
vn 0.000109807959 0 -1
vn 0.000109807959 0 -1
vn -1 0 -0.000210513041
vn -1 0 -0.000210513041
vn -1 0 -0.000210513041
vn -1 0 -0.000210513041
vn -0 1 0
vn -0 1 0
vn -0 1 0
vn -0 1 0
vn -1 1.11241743E-05 -0.000204863783
vn -1 1.11241743E-05 -0.000204863783
vn -1 1.11241743E-05 -0.000204863783
vn -1 1.11241743E-05 -0.000204863783
vn -0.000109807988 0 1
vn -0.000109807988 0 1
vn -0.000109807988 0 1
vn -0.000109807988 0 1
vn 1 0 0.000210513041
vn 1 0 0.000210513041
vn 1 0 0.000210513041
vn 1 0 0.000210513041
vn -0 1 0
vn -0 1 0
vn -0 1 0
vn -0 1 0
vn -1 1.05943327E-05 -0.000204863783
vn -1 1.05943327E-05 -0.000204863783
vn -1 1.05943327E-05 -0.000204863783
vn -1 1.05943327E-05 -0.000204863783
vn -0.000109807959 0 1
vn -0.000109807959 0 1
vn -0.000109807959 0 1
vn -0.000109807959 0 1
vn 1 0 0.000210513041
vn 1 0 0.000210513041
vn 1 0 0.000210513041
vn 1 0 0.000210513041
vn -0 1 0
vn -0 1 0
vn -0 1 0
vn -0 1 0
vn 1 1.11241434E-05 -0.000204863609
vn 1 1.11241434E-05 -0.000204863609
vn 1 1.11241434E-05 -0.000204863609
vn 1 1.11241434E-05 -0.000204863609
vn 0.000109807974 0 1
vn 0.000109807974 0 1
vn 0.000109807974 0 1
vn 0.000109807974 0 1
vn -1 0 0.00021051323
vn -1 0 0.00021051323
vn -1 0 0.00021051323
vn -1 0 0.00021051323
vn -0 1 0
vn -0 1 0
vn -0 1 0
vn -0 1 0
vn 1 1.05943236E-05 -0.000204863609
vn 1 1.05943236E-05 -0.000204863609
vn 1 1.05943236E-05 -0.000204863609
vn 1 1.05943236E-05 -0.000204863609
vn 0.000109807959 0 1
vn 0.000109807959 0 1
vn 0.000109807959 0 1
vn 0.000109807959 0 1
vn -1 0 0.00021051323
vn -1 0 0.00021051323
vn -1 0 0.00021051323
vn -1 0 0.00021051323
vn -0 1 0
vn -0 1 0
vn -0 1 0
vn -0 1 0
vn -1 1.11241752E-05 0.000204864191
vn -1 1.11241752E-05 0.000204864191
vn -1 1.11241752E-05 0.000204864191
vn -1 1.11241752E-05 0.000204864191
vn -0.000109807988 0 -1
vn -0.000109807988 0 -1
vn -0.000109807988 0 -1
vn -0.000109807988 0 -1
vn 1 0 -0.00021051323
vn 1 0 -0.00021051323
vn 1 0 -0.00021051323
vn 1 0 -0.00021051323
vn -0 1 0
vn -0 1 0
vn -0 1 0
vn -0 1 0
vn -1 1.05945264E-05 0.000204864191
vn -1 1.05945264E-05 0.000204864191
vn -1 1.05945264E-05 0.000204864191
vn -1 1.05945264E-05 0.000204864191
vn -0.000109807959 0 -1
vn -0.000109807959 0 -1
vn -0.000109807959 0 -1
vn -0.000109807959 0 -1
vn 1 0 -0.00021051323
vn 1 0 -0.00021051323
vn 1 0 -0.00021051323
vn 1 0 -0.00021051323
vn -0 1 0
vn -0 1 0
vn -0 1 0
vn -0 1 0
vn 1 1.11242161E-05 0.000204863973
vn 1 1.11242161E-05 0.000204863973
vn 1 1.11242161E-05 0.000204863973
vn 1 1.11242161E-05 0.000204863973
vn 0.000109807974 0 -1
vn 0.000109807974 0 -1
vn 0.000109807974 0 -1
vn 0.000109807974 0 -1
vn -1 0 -0.000210513448
vn -1 0 -0.000210513448
vn -1 0 -0.000210513448
vn -1 0 -0.000210513448
vn -0 1 0
vn -0 1 0
vn -0 1 0
vn -0 1 0
vn 1 1.05945574E-05 0.000204863973
vn 1 1.05945574E-05 0.000204863973
vn 1 1.05945574E-05 0.000204863973
vn 1 1.05945574E-05 0.000204863973
vn 0.000109807959 0 -1
vn 0.000109807959 0 -1
vn 0.000109807959 0 -1
vn 0.000109807959 0 -1
vn -1 0 -0.000210513448
vn -1 0 -0.000210513448
vn -1 0 -0.000210513448
vn -1 0 -0.000210513448
vn -0 1 0
vn -0 1 0
vn -0 1 0
vn -0 1 0
vn -1 1.11241843E-05 -0.000204863973
vn -1 1.11241843E-05 -0.000204863973
vn -1 1.11241843E-05 -0.000204863973
vn -1 1.11241843E-05 -0.000204863973
vn -0.000109807988 0 1
vn -0.000109807988 0 1
vn -0.000109807988 0 1
vn -0.000109807988 0 1
vn 1 0 0.000210513448
vn 1 0 0.000210513448
vn 1 0 0.000210513448
vn 1 0 0.000210513448
vn -0 1 0
vn -0 1 0
vn -0 1 0
vn -0 1 0
vn -1 1.05943418E-05 -0.000204863973
vn -1 1.05943418E-05 -0.000204863973
vn -1 1.05943418E-05 -0.000204863973
vn -1 1.05943418E-05 -0.000204863973
vn -0.000109807959 0 1
vn -0.000109807959 0 1
vn -0.000109807959 0 1
vn -0.000109807959 0 1
vn 1 0 0.000210513448
vn 1 0 0.000210513448
vn 1 0 0.000210513448
vn 1 0 0.000210513448
vn -0 1 0
vn -0 1 0
vn -0 1 0
vn -0 1 0
vn 1 1.11241752E-05 -0.000204864191
vn 1 1.11241752E-05 -0.000204864191
vn 1 1.11241752E-05 -0.000204864191
vn 1 1.11241752E-05 -0.000204864191
vn 0.000109807974 0 1
vn 0.000109807974 0 1
vn 0.000109807974 0 1
vn 0.000109807974 0 1
vn -1 0 0.00021051323
vn -1 0 0.00021051323
vn -1 0 0.00021051323
vn -1 0 0.00021051323
vn -0 1 0
vn -0 1 0
vn -0 1 0
vn -0 1 0
vn 1 1.05943536E-05 -0.000204864191
vn 1 1.05943536E-05 -0.000204864191
vn 1 1.05943536E-05 -0.000204864191
vn 1 1.05943536E-05 -0.000204864191
vn 0.000109807959 0 1
vn 0.000109807959 0 1
vn 0.000109807959 0 1
vn 0.000109807959 0 1
vn -1 0 0.00021051323
vn -1 0 0.00021051323
vn -1 0 0.00021051323
vn -1 0 0.00021051323
vn -0 1 0
vn -0 1 0
vn -0 1 0
vn -0 1 0
vn -1 1.11241434E-05 0.000204863609
vn -1 1.11241434E-05 0.000204863609
vn -1 1.11241434E-05 0.000204863609
vn -1 1.11241434E-05 0.000204863609
vn -0.000109807988 0 -1
vn -0.000109807988 0 -1
vn -0.000109807988 0 -1
vn -0.000109807988 0 -1
vn 1 0 -0.00021051323
vn 1 0 -0.00021051323
vn 1 0 -0.00021051323
vn 1 0 -0.00021051323
vn -0 1 0
vn -0 1 0
vn -0 1 0
vn -0 1 0
vn -1 1.05944955E-05 0.000204863609
vn -1 1.05944955E-05 0.000204863609
vn -1 1.05944955E-05 0.000204863609
vn -1 1.05944955E-05 0.000204863609
vn -0.000109807959 0 -1
vn -0.000109807959 0 -1
vn -0.000109807959 0 -1
vn -0.000109807959 0 -1
vn 1 0 -0.00021051323
vn 1 0 -0.00021051323
vn 1 0 -0.00021051323
vn 1 0 -0.00021051323
vn -0 1 0
vn -0 1 0
vn -0 1 0
vn -0 1 0
vn 1 1.11241943E-05 0.000204863565
vn 1 1.11241943E-05 0.000204863565
vn 1 1.11241943E-05 0.000204863565
vn 1 1.11241943E-05 0.000204863565
vn 0.000109807974 0 -1
vn 0.000109807974 0 -1
vn 0.000109807974 0 -1
vn 0.000109807974 0 -1
vn -1 0 -0.000210513288
vn -1 0 -0.000210513288
vn -1 0 -0.000210513288
vn -1 0 -0.000210513288
vn -0 1 0
vn -0 1 0
vn -0 1 0
vn -0 1 0
vn 1 1.05945364E-05 0.000204863565
vn 1 1.05945364E-05 0.000204863565
vn 1 1.05945364E-05 0.000204863565
vn 1 1.05945364E-05 0.000204863565
vn 0.000109807959 0 -1
vn 0.000109807959 0 -1
vn 0.000109807959 0 -1
vn 0.000109807959 0 -1
vn -1 0 -0.000210513288
vn -1 0 -0.000210513288
vn -1 0 -0.000210513288
vn -1 0 -0.000210513288
vn -0 1 0
vn -0 1 0
vn -0 1 0
vn -0 1 0
vn -1 1.11241616E-05 -0.000204863565
vn -1 1.11241616E-05 -0.000204863565
vn -1 1.11241616E-05 -0.000204863565
vn -1 1.11241616E-05 -0.000204863565
vn -0.000109807988 0 1
vn -0.000109807988 0 1
vn -0.000109807988 0 1
vn -0.000109807988 0 1
vn 1 0 0.000210513288
vn 1 0 0.000210513288
vn 1 0 0.000210513288
vn 1 0 0.000210513288
vn -0 1 0
vn -0 1 0
vn -0 1 0
vn -0 1 0
vn -1 1.05943209E-05 -0.000204863565
vn -1 1.05943209E-05 -0.000204863565
vn -1 1.05943209E-05 -0.000204863565
vn -1 1.05943209E-05 -0.000204863565
vn -0.000109807959 0 1
vn -0.000109807959 0 1
vn -0.000109807959 0 1
vn -0.000109807959 0 1
vn 1 0 0.000210513288
vn 1 0 0.000210513288
vn 1 0 0.000210513288
vn 1 0 0.000210513288
vn -0 1 0
vn -0 1 0
vn -0 1 0
vn -0 1 0
vn 1 1.11241434E-05 -0.000204863609
vn 1 1.11241434E-05 -0.000204863609
vn 1 1.11241434E-05 -0.000204863609
vn 1 1.11241434E-05 -0.000204863609
vn 0.000109807974 0 1
vn 0.000109807974 0 1
vn 0.000109807974 0 1
vn 0.000109807974 0 1
vn -1 0 0.00021051323
vn -1 0 0.00021051323
vn -1 0 0.00021051323
vn -1 0 0.00021051323
vn -0 1 0
vn -0 1 0
vn -0 1 0
vn -0 1 0
vn 1 1.05943236E-05 -0.000204863609
vn 1 1.05943236E-05 -0.000204863609
vn 1 1.05943236E-05 -0.000204863609
vn 1 1.05943236E-05 -0.000204863609
vn 0.000109807959 0 1
vn 0.000109807959 0 1
vn 0.000109807959 0 1
vn 0.000109807959 0 1
vn -1 0 0.00021051323
vn -1 0 0.00021051323
vn -1 0 0.00021051323
vn -1 0 0.00021051323
vn -0 1 0
vn -0 1 0
vn -0 1 0
vn -0 1 0
vn -1 1.11241434E-05 0.000204863609
vn -1 1.11241434E-05 0.000204863609
vn -1 1.11241434E-05 0.000204863609
vn -1 1.11241434E-05 0.000204863609
vn -0.000109807399 0 -1
vn -0.000109807399 0 -1
vn -0.000109807399 0 -1
vn -0.000109807399 0 -1
vn 1 0 -0.000210512633
vn 1 0 -0.000210512633
vn 1 0 -0.000210512633
vn 1 0 -0.000210512633
vn -0 1 0
vn -0 1 0
vn -0 1 0
vn -0 1 0
vn -1 1.05944955E-05 0.000204863609
vn -1 1.05944955E-05 0.000204863609
vn -1 1.05944955E-05 0.000204863609
vn -1 1.05944955E-05 0.000204863609
vn -0.00010980737 0 -1
vn -0.00010980737 0 -1
vn -0.00010980737 0 -1
vn -0.00010980737 0 -1
vn 1 0 -0.000210512633
vn 1 0 -0.000210512633
vn 1 0 -0.000210512633
vn 1 0 -0.000210512633
vn -0 1 0
vn -0 1 0
vn -0 1 0
vn -0 1 0
vn 1 1.11241725E-05 0.000204863158
vn 1 1.11241725E-05 0.000204863158
vn 1 1.11241725E-05 0.000204863158
vn 1 1.11241725E-05 0.000204863158
vn 0.000109807384 0 -1
vn 0.000109807384 0 -1
vn 0.000109807384 0 -1
vn 0.000109807384 0 -1
vn -1 0 -0.000210513099
vn -1 0 -0.000210513099
vn -1 0 -0.000210513099
vn -1 0 -0.000210513099
vn -0 1 0
vn -0 1 0
vn -0 1 0
vn -0 1 0
vn 1 1.05945155E-05 0.000204863158
vn 1 1.05945155E-05 0.000204863158
vn 1 1.05945155E-05 0.000204863158
vn 1 1.05945155E-05 0.000204863158
vn 0.00010980737 0 -1
vn 0.00010980737 0 -1
vn 0.00010980737 0 -1
vn 0.00010980737 0 -1
vn -1 0 -0.000210513099
vn -1 0 -0.000210513099
vn -1 0 -0.000210513099
vn -1 0 -0.000210513099
vn -0 1 0
vn -0 1 0
vn -0 1 0
vn -0 1 0
vn -1 1.11241407E-05 -0.000204863158
vn -1 1.11241407E-05 -0.000204863158
vn -1 1.11241407E-05 -0.000204863158
vn -1 1.11241407E-05 -0.000204863158
vn -0.000109807399 0 1
vn -0.000109807399 0 1
vn -0.000109807399 0 1
vn -0.000109807399 0 1
vn 1 0 0.000210513099
vn 1 0 0.000210513099
vn 1 0 0.000210513099
vn 1 0 0.000210513099
vn -0 1 0
vn -0 1 0
vn -0 1 0
vn -0 1 0
vn -1 1.05943E-05 -0.000204863158
vn -1 1.05943E-05 -0.000204863158
vn -1 1.05943E-05 -0.000204863158
vn -1 1.05943E-05 -0.000204863158
vn -0.00010980737 0 1
vn -0.00010980737 0 1
vn -0.00010980737 0 1
vn -0.00010980737 0 1
vn 1 0 0.000210513099
vn 1 0 0.000210513099
vn 1 0 0.000210513099
vn 1 0 0.000210513099
vn -0 1 0
vn -0 1 0
vn -0 1 0
vn -0 1 0
vn 1 1.11241434E-05 -0.000204863609
vn 1 1.11241434E-05 -0.000204863609
vn 1 1.11241434E-05 -0.000204863609
vn 1 1.11241434E-05 -0.000204863609
vn 0.000109807384 0 1
vn 0.000109807384 0 1
vn 0.000109807384 0 1
vn 0.000109807384 0 1
vn -1 0 0.000210512633
vn -1 0 0.000210512633
vn -1 0 0.000210512633
vn -1 0 0.000210512633
vn -0 1 0
vn -0 1 0
vn -0 1 0
vn -0 1 0
vn 1 1.05943236E-05 -0.000204863609
vn 1 1.05943236E-05 -0.000204863609
vn 1 1.05943236E-05 -0.000204863609
vn 1 1.05943236E-05 -0.000204863609
vn 0.00010980737 0 1
vn 0.00010980737 0 1
vn 0.00010980737 0 1
vn 0.00010980737 0 1
vn -1 0 0.000210512633
vn -1 0 0.000210512633
vn -1 0 0.000210512633
vn -1 0 0.000210512633
vn -1 1.16539632E-05 0.000204863609
vn -1 1.16539632E-05 0.000204863609
vn -1 1.16539632E-05 0.000204863609
vn -1 1.16539632E-05 0.000204863609
vn -0 1 0
vn -0 1 0
vn -0 1 0
vn -0 1 0
vn 1 -1.1128157E-05 -0.000204154872
vn 1 -1.1128157E-05 -0.000204154872
vn 1 -1.1128157E-05 -0.000204154872
vn 1 -1.1128157E-05 -0.000204154872
vn -0.000109807719 0 -1
vn -0.000109807719 0 -1
vn -0.000109807719 0 -1
vn -0.000109807719 0 -1
vn 1 1.16540332E-05 0.000204863696
vn 1 1.16540332E-05 0.000204863696
vn 1 1.16540332E-05 0.000204863696
vn 1 1.16540332E-05 0.000204863696
vn -0 1 0
vn -0 1 0
vn -0 1 0
vn -0 1 0
vn -1 -1.1128087E-05 -0.000204154785
vn -1 -1.1128087E-05 -0.000204154785
vn -1 -1.1128087E-05 -0.000204154785
vn -1 -1.1128087E-05 -0.000204154785
vn 0.000109807719 0 -1
vn 0.000109807719 0 -1
vn 0.000109807719 0 -1
vn 0.000109807719 0 -1
vn -1 1.16540114E-05 -0.000204863696
vn -1 1.16540114E-05 -0.000204863696
vn -1 1.16540114E-05 -0.000204863696
vn -1 1.16540114E-05 -0.000204863696
vn -0 1 0
vn -0 1 0
vn -0 1 0
vn -0 1 0
vn 1 -1.1128227E-05 0.000204154785
vn 1 -1.1128227E-05 0.000204154785
vn 1 -1.1128227E-05 0.000204154785
vn 1 -1.1128227E-05 0.000204154785
vn -0.000109807719 0 1
vn -0.000109807719 0 1
vn -0.000109807719 0 1
vn -0.000109807719 0 1
vn 1 1.16539632E-05 -0.000204863609
vn 1 1.16539632E-05 -0.000204863609
vn 1 1.16539632E-05 -0.000204863609
vn 1 1.16539632E-05 -0.000204863609
vn -0 1 0
vn -0 1 0
vn -0 1 0
vn -0 1 0
vn -1 -1.1128157E-05 0.000204154872
vn -1 -1.1128157E-05 0.000204154872
vn -1 -1.1128157E-05 0.000204154872
vn -1 -1.1128157E-05 0.000204154872
vn 0.000109807719 0 1
vn 0.000109807719 0 1
vn 0.000109807719 0 1
vn 0.000109807719 0 1
vn -1 1.16539632E-05 0.000204863609
vn -1 1.16539632E-05 0.000204863609
vn -1 1.16539632E-05 0.000204863609
vn -1 1.16539632E-05 0.000204863609
vn -0 1 0
vn -0 1 0
vn -0 1 0
vn -0 1 0
vn 1 -1.11281879E-05 -0.00020415544
vn 1 -1.11281879E-05 -0.00020415544
vn 1 -1.11281879E-05 -0.00020415544
vn 1 -1.11281879E-05 -0.00020415544
vn -0.000109807661 0 -1
vn -0.000109807661 0 -1
vn -0.000109807661 0 -1
vn -0.000109807661 0 -1
vn 1 1.16540432E-05 0.000204863871
vn 1 1.16540432E-05 0.000204863871
vn 1 1.16540432E-05 0.000204863871
vn 1 1.16540432E-05 0.000204863871
vn -0 1 0
vn -0 1 0
vn -0 1 0
vn -0 1 0
vn -1 -1.11281088E-05 -0.000204155178
vn -1 -1.11281088E-05 -0.000204155178
vn -1 -1.11281088E-05 -0.000204155178
vn -1 -1.11281088E-05 -0.000204155178
vn 0.000109807661 0 -1
vn 0.000109807661 0 -1
vn 0.000109807661 0 -1
vn 0.000109807661 0 -1
vn -1 1.16540214E-05 -0.000204863871
vn -1 1.16540214E-05 -0.000204863871
vn -1 1.16540214E-05 -0.000204863871
vn -1 1.16540214E-05 -0.000204863871
vn -0 1 0
vn -0 1 0
vn -0 1 0
vn -0 1 0
vn 1 -1.11282488E-05 0.000204155178
vn 1 -1.11282488E-05 0.000204155178
vn 1 -1.11282488E-05 0.000204155178
vn 1 -1.11282488E-05 0.000204155178
vn -0.000109807661 0 1
vn -0.000109807661 0 1
vn -0.000109807661 0 1
vn -0.000109807661 0 1
vn 1 1.16539632E-05 -0.000204863609
vn 1 1.16539632E-05 -0.000204863609
vn 1 1.16539632E-05 -0.000204863609
vn 1 1.16539632E-05 -0.000204863609
vn -0 1 0
vn -0 1 0
vn -0 1 0
vn -0 1 0
vn -1 -1.11281879E-05 0.00020415544
vn -1 -1.11281879E-05 0.00020415544
vn -1 -1.11281879E-05 0.00020415544
vn -1 -1.11281879E-05 0.00020415544
vn 0.000109807661 0 1
vn 0.000109807661 0 1
vn 0.000109807661 0 1
vn 0.000109807661 0 1
vn -1 1.16539959E-05 0.000204864191
vn -1 1.16539959E-05 0.000204864191
vn -1 1.16539959E-05 0.000204864191
vn -1 1.16539959E-05 0.000204864191
vn -0 1 0
vn -0 1 0
vn -0 1 0
vn -0 1 0
vn 1 -1.11281879E-05 -0.00020415544
vn 1 -1.11281879E-05 -0.00020415544
vn 1 -1.11281879E-05 -0.00020415544
vn 1 -1.11281879E-05 -0.00020415544
vn -0.000109807959 0 -1
vn -0.000109807959 0 -1
vn -0.000109807959 0 -1
vn -0.000109807959 0 -1
vn 1 1.16540532E-05 0.00020486406
vn 1 1.16540532E-05 0.00020486406
vn 1 1.16540532E-05 0.00020486406
vn 1 1.16540532E-05 0.00020486406
vn -0 1 0
vn -0 1 0
vn -0 1 0
vn -0 1 0
vn -1 -1.11281306E-05 -0.000204155571
vn -1 -1.11281306E-05 -0.000204155571
vn -1 -1.11281306E-05 -0.000204155571
vn -1 -1.11281306E-05 -0.000204155571
vn 0.000109807959 0 -1
vn 0.000109807959 0 -1
vn 0.000109807959 0 -1
vn 0.000109807959 0 -1
vn -1 1.16540323E-05 -0.00020486406
vn -1 1.16540323E-05 -0.00020486406
vn -1 1.16540323E-05 -0.00020486406
vn -1 1.16540323E-05 -0.00020486406
vn -0 1 0
vn -0 1 0
vn -0 1 0
vn -0 1 0
vn 1 -1.11282707E-05 0.000204155571
vn 1 -1.11282707E-05 0.000204155571
vn 1 -1.11282707E-05 0.000204155571
vn 1 -1.11282707E-05 0.000204155571
vn -0.000109807959 0 1
vn -0.000109807959 0 1
vn -0.000109807959 0 1
vn -0.000109807959 0 1
vn 1 1.16539959E-05 -0.000204864191
vn 1 1.16539959E-05 -0.000204864191
vn 1 1.16539959E-05 -0.000204864191
vn 1 1.16539959E-05 -0.000204864191
vn -0 1 0
vn -0 1 0
vn -0 1 0
vn -0 1 0
vn -1 -1.11281879E-05 0.00020415544
vn -1 -1.11281879E-05 0.00020415544
vn -1 -1.11281879E-05 0.00020415544
vn -1 -1.11281879E-05 0.00020415544
vn 0.000109807959 0 1
vn 0.000109807959 0 1
vn 0.000109807959 0 1
vn 0.000109807959 0 1
vn -1 1.16540295E-05 0.000204864773
vn -1 1.16540295E-05 0.000204864773
vn -1 1.16540295E-05 0.000204864773
vn -1 1.16540295E-05 0.000204864773
vn -0 1 0
vn -0 1 0
vn -0 1 0
vn -0 1 0
vn 1 -1.1128157E-05 -0.000204154872
vn 1 -1.1128157E-05 -0.000204154872
vn 1 -1.1128157E-05 -0.000204154872
vn 1 -1.1128157E-05 -0.000204154872
vn -0.00010980737 0 -1
vn -0.00010980737 0 -1
vn -0.00010980737 0 -1
vn -0.00010980737 0 -1
vn 1 1.16540632E-05 0.00020486422
vn 1 1.16540632E-05 0.00020486422
vn 1 1.16540632E-05 0.00020486422
vn 1 1.16540632E-05 0.00020486422
vn -0 1 0
vn -0 1 0
vn -0 1 0
vn -0 1 0
vn -1 -1.11281215E-05 -0.000204155411
vn -1 -1.11281215E-05 -0.000204155411
vn -1 -1.11281215E-05 -0.000204155411
vn -1 -1.11281215E-05 -0.000204155411
vn 0.00010980737 0 -1
vn 0.00010980737 0 -1
vn 0.00010980737 0 -1
vn 0.00010980737 0 -1
vn -1 1.16540414E-05 -0.00020486422
vn -1 1.16540414E-05 -0.00020486422
vn -1 1.16540414E-05 -0.00020486422
vn -1 1.16540414E-05 -0.00020486422
vn -0 1 0
vn -0 1 0
vn -0 1 0
vn -0 1 0
vn 1 -1.11282616E-05 0.000204155411
vn 1 -1.11282616E-05 0.000204155411
vn 1 -1.11282616E-05 0.000204155411
vn 1 -1.11282616E-05 0.000204155411
vn -0.00010980737 0 1
vn -0.00010980737 0 1
vn -0.00010980737 0 1
vn -0.00010980737 0 1
vn 1 1.16540295E-05 -0.000204864773
vn 1 1.16540295E-05 -0.000204864773
vn 1 1.16540295E-05 -0.000204864773
vn 1 1.16540295E-05 -0.000204864773
vn -0 1 0
vn -0 1 0
vn -0 1 0
vn -0 1 0
vn -1 -1.1128157E-05 0.000204154872
vn -1 -1.1128157E-05 0.000204154872
vn -1 -1.1128157E-05 0.000204154872
vn -1 -1.1128157E-05 0.000204154872
vn 0.00010980737 0 1
vn 0.00010980737 0 1
vn 0.00010980737 0 1
vn 0.00010980737 0 1
vn -1 0 0
vn -1 0 0
vn -1 0 0
vn -1 0 0
vn -1 0 0
vn -1 0 0
vn -1 0 0
vn -1 0 0
vn -1 0 0
vn -1 0 0
vn -1 0 0
vn -1 0 0
vn -1 0 0
vn -1 0 0
vn -1 0 0
vn -1 0 0
vn -1 0 0
vn -1 0 0
vn -1 0 0
vn -1 0 0
vn -1 0 0
vn -1 0 0
vn -1 0 0
vn -1 0 0
vn -0 1 0
vn -0 1 0
vn -0 1 0
vn -0 1 0
vn -0 0 -1
vn -0 0 -1
vn -0 0 -1
vn -0 0 -1
vn 0.000178852904 0.000119462202 1
vn 6.44782704E-05 0.000114413946 1
vn -0 0.000116009964 1
vn -0 0.000116693591 1
vn -0 1 0
vn -0 1 0
vn -0 1 0
vn -0 1 0
vn -0 1 0
vn -0 1 0
vn -0 1 0
vn -0 1 0
vn -0 1 0
vn -0 1 0
vn -0 1 0
vn -0 1 0
vn -0.000195038665 -2.42012266E-05 1
vn -0 -2.74324557E-05 1
vn -0 -7.60579278E-05 1
vn -6.26073161E-05 -7.79732363E-05 1
vn -1 0 0
vn -1 0 0
vn -1 0 0
vn -1 0 0
vn -0 1 0
vn -0 1 0
vn -0 1 0
vn -0 1 0
vn -0 0 -1
vn -0 0 -1
vn -0 0 -1
vn -0 0 -1
vn 1 0 0
vn 1 0 0
vn 1 0 0
vn 1 0 0
vn -0 1 0
vn -0 1 0
vn -0 1 0
vn -0 1 0
vn -0 1 0
vn -0 1 0
vn -0 1 0
vn -0 1 0
vn -0 1 0
vn -0 1 0
vn -0 1 0
vn -0 1 0
vn -0 1 0
vn -0 1 0
vn -0 1 0
vn -0 1 0
vn 1 0 0
vn 1 0 0
vn 1 0 0
vn 1 0 0
vn 1 0 0
vn 1 0 0
vn 1 0 0
vn 1 0 0
vn -0 0.990258217 0.139242902
vn -0 0.990258217 0.139242902
vn -0 0.990258217 0.139242902
vn -0 0.990258217 0.139242902
vn -0 0.929886341 0.367846996
vn -0 0.929886341 0.367846996
vn -0 0.929886341 0.367846996
vn -0 0.929886341 0.367846996
vn -0 0.999997854 -0.00206674985
vn -0 0.999997854 -0.00206674985
vn -0 0.999997854 -0.00206674985
vn -0 0.999997854 -0.00206674985
vn 0.999999166 -0.00104243006 0.000867556548
vn 0.999999166 -0.00104243006 0.000867556548
vn 0.999999166 -0.00104243006 0.000867556548
vn 1 0 0
vn 1 0 0
vn -0 0 1
vn -0 0 1
vn -0 0 1
vn -0 0 1
vn -0.999999166 -0.00104243006 0.000867556548
vn -0.999999166 -0.00104243006 0.000867556548
vn -0.999999166 -0.00104243006 0.000867556548
vn -1 0 0
vn -1 0 0
vn 0.000118960328 0 1
vn 0.000118960328 0 1
vn 0.000118960328 0 1
vn 0.000118960328 0 1
vn -0.000119919983 0 1
vn -0.000119919983 0 1
vn 1 0.000111796951 -0.000117684474
vn 1 0.000111796951 -0.000117684474
vn 1 0.000111796951 -0.000117684474
vn 1 0.000111796951 -0.000117684474
vn 1 0.000172649306 -0.000223703144
vn 1 0.000172649306 -0.000223703144
vn 0.0796192139 0.954887033 -0.28609708
vn 0.0796192139 0.954887033 -0.28609708
vn 0.0796192139 0.954887033 -0.28609708
vn 0.0796192139 0.954887033 -0.28609708
vn -0.0802574158 0.954837978 -0.286082506
vn -0.0802574158 0.954837978 -0.286082506
vn -0.0802574158 0.954837978 -0.286082506
vn -0.0802574158 0.954837978 -0.286082506
vn -1 0.000111796951 -0.000117627322
vn -1 0.000111796951 -0.000117627322
vn -1 0.000111796951 -0.000117627322
vn -1 0.000111796951 -0.000117627322
vn -1 0.000172649306 -0.000223557217
vn -1 0.000172649306 -0.000223557217
vn 0.1645419 0.986370087 0
vn 0.1645419 0.986370087 0
vn 0.1645419 0.986370087 0
vn 0.1645419 0.986370087 0
vn -0.16583316 0.986153841 0
vn -0.16583316 0.986153841 0
vn -0.16583316 0.986153841 0
vn -0.16583316 0.986153841 0
vn -0.923879921 0 -0.382682472
vn -0.923879921 0 -0.382682472
vn -0.923879921 0 -0.382682472
vn -0.923879921 0 -0.382682472
vn 0.923879921 0 0.382682472
vn 0.923879921 0 0.382682472
vn 0.923879921 0 0.382682472
vn 0.923879921 0 0.382682472
vn 0.3826873 0 -0.923877895
vn 0.3826873 0 -0.923877895
vn 0.3826873 0 -0.923877895
vn 0.3826873 0 -0.923877895
vn -0.382687509 0 0.923877895
vn -0.382687509 0 0.923877895
vn -0.382687509 0 0.923877895
vn -0.382687509 0 0.923877895
vn -0.923879325 0 -0.382683992
vn -0.923879325 0 -0.382683992
vn -0.923879325 0 -0.382683992
vn -0.923879325 0 -0.382683992
vn 0.923879325 0 0.382683992
vn 0.923879325 0 0.382683992
vn 0.923879325 0 0.382683992
vn 0.923879325 0 0.382683992
vn -0.3826873 0 0.923878014
vn -0.3826873 0 0.923878014
vn -0.3826873 0 0.923878014
vn -0.3826873 0 0.923878014
vn -0.382687509 0 0.923877895
vn -0.382687509 0 0.923877895
vn -0.382687509 0 0.923877895
vn -0.382687509 0 0.923877895
vn -0.923879325 0 -0.382683992
vn -0.923879325 0 -0.382683992
vn -0.923879325 0 -0.382683992
vn -0.923879325 0 -0.382683992
vn 0.923879027 0 0.382684708
vn 0.923879027 0 0.382684708
vn 0.923879027 0 0.382684708
vn 0.923879027 0 0.382684708
vn 0.3826873 0 -0.923877895
vn 0.3826873 0 -0.923877895
vn 0.3826873 0 -0.923877895
vn 0.3826873 0 -0.923877895
vn -0.382687807 0 0.923877716
vn -0.382687807 0 0.923877716
vn -0.382687807 0 0.923877716
vn -0.382687807 0 0.923877716
vn -0.923879325 0 -0.382683992
vn -0.923879325 0 -0.382683992
vn -0.923879325 0 -0.382683992
vn -0.923879325 0 -0.382683992
vn 0.923879087 0 0.38268432
vn 0.923879087 0 0.38268432
vn 0.923879087 0 0.38268432
vn 0.923879087 0 0.38268432
vn 0.3826873 0 -0.923877895
vn 0.3826873 0 -0.923877895
vn 0.3826873 0 -0.923877895
vn 0.3826873 0 -0.923877895
vn -0.382687509 0 0.923877895
vn -0.382687509 0 0.923877895
vn -0.382687509 0 0.923877895
vn -0.382687509 0 0.923877895
vn -0.923879325 0 -0.382683992
vn -0.923879325 0 -0.382683992
vn -0.923879325 0 -0.382683992
vn -0.923879325 0 -0.382683992
vn 0.923879087 0 0.38268432
vn 0.923879087 0 0.38268432
vn 0.923879087 0 0.38268432
vn 0.923879087 0 0.38268432
vn 0.382687479 0 -0.923877895
vn 0.382687479 0 -0.923877895
vn 0.382687479 0 -0.923877895
vn 0.382687479 0 -0.923877895
vn -0.382687509 0 0.923877895
vn -0.382687509 0 0.923877895
vn -0.382687509 0 0.923877895
vn -0.382687509 0 0.923877895
vn -0.923879325 0 -0.382683992
vn -0.923879325 0 -0.382683992
vn -0.923879325 0 -0.382683992
vn -0.923879325 0 -0.382683992
vn 0.923879325 0 0.382683992
vn 0.923879325 0 0.382683992
vn 0.923879325 0 0.382683992
vn 0.923879325 0 0.382683992
vn 0.382687479 0 -0.923877895
vn 0.382687479 0 -0.923877895
vn 0.382687479 0 -0.923877895
vn 0.382687479 0 -0.923877895
vn -0.382687509 0 0.923877895
vn -0.382687509 0 0.923877895
vn -0.382687509 0 0.923877895
vn -0.382687509 0 0.923877895
vn -0.923879325 0 -0.382683992
vn -0.923879325 0 -0.382683992
vn -0.923879325 0 -0.382683992
vn -0.923879325 0 -0.382683992
vn 0.923879325 0 0.382683992
vn 0.923879325 0 0.382683992
vn 0.923879325 0 0.382683992
vn 0.923879325 0 0.382683992
vn 0.382687479 0 -0.923877895
vn 0.382687479 0 -0.923877895
vn 0.382687479 0 -0.923877895
vn 0.382687479 0 -0.923877895
vn -0.382687509 0 0.923877895
vn -0.382687509 0 0.923877895
vn -0.382687509 0 0.923877895
vn -0.382687509 0 0.923877895
vn -0.923879921 0 -0.382682472
vn -0.923879921 0 -0.382682472
vn -0.923879921 0 -0.382682472
vn -0.923879921 0 -0.382682472
vn 0.923879921 0 0.382682472
vn 0.923879921 0 0.382682472
vn 0.923879921 0 0.382682472
vn 0.923879921 0 0.382682472
vn 0.3826873 0 -0.923877895
vn 0.3826873 0 -0.923877895
vn 0.3826873 0 -0.923877895
vn 0.3826873 0 -0.923877895
vn -0.382687509 0 0.923877895
vn -0.382687509 0 0.923877895
vn -0.382687509 0 0.923877895
vn -0.382687509 0 0.923877895
vn -0.923879921 0 -0.382682472
vn -0.923879921 0 -0.382682472
vn -0.923879921 0 -0.382682472
vn -0.923879921 0 -0.382682472
vn 0.923879921 0 0.382682472
vn 0.923879921 0 0.382682472
vn 0.923879921 0 0.382682472
vn 0.923879921 0 0.382682472
vn 0.923879921 0 0.382682472
vn 0.923879921 0 0.382682472
vn 0.923879921 0 0.382682472
vn 0.923879921 0 0.382682472
vn -0.382687509 0 0.923877895
vn -0.382687509 0 0.923877895
vn -0.382687509 0 0.923877895
vn -0.382687509 0 0.923877895
vn -0.923879921 0 -0.382682472
vn -0.923879921 0 -0.382682472
vn -0.923879921 0 -0.382682472
vn -0.923879921 0 -0.382682472
vn 0.923879921 0 0.382682472
vn 0.923879921 0 0.382682472
vn 0.923879921 0 0.382682472
vn 0.923879921 0 0.382682472
vn 0.923879206 0 0.38268432
vn 0.923879206 0 0.38268432
vn 0.923879206 0 0.38268432
vn 0.923879206 0 0.38268432
vn -0.382687509 0 0.923877895
vn -0.382687509 0 0.923877895
vn -0.382687509 0 0.923877895
vn -0.382687509 0 0.923877895
vn 0.382687509 0 -0.923877895
vn 0.382687509 0 -0.923877895
vn 0.382687509 0 -0.923877895
vn 0.382687509 0 -0.923877895
vn -0.923879921 0 -0.382682472
vn -0.923879921 0 -0.382682472
vn -0.923879921 0 -0.382682472
vn -0.923879921 0 -0.382682472
vn -0.382687509 0 0.923877895
vn -0.382687509 0 0.923877895
vn -0.382687509 0 0.923877895
vn -0.382687509 0 0.923877895
vn -0.382688224 0 0.923877597
vn -0.382688224 0 0.923877597
vn -0.382688224 0 0.923877597
vn -0.382688224 0 0.923877597
vn -0.923878193 0 -0.382686764
vn -0.923878193 0 -0.382686764
vn -0.923878193 0 -0.382686764
vn -0.923878193 0 -0.382686764
vn 0.923879206 0 0.38268432
vn 0.923879206 0 0.38268432
vn 0.923879206 0 0.38268432
vn 0.923879206 0 0.38268432
vn 0.382687509 0 -0.923877895
vn 0.382687509 0 -0.923877895
vn 0.382687509 0 -0.923877895
vn 0.382687509 0 -0.923877895
vn 0.382687509 0 -0.923877895
vn 0.382687509 0 -0.923877895
vn 0.382687509 0 -0.923877895
vn 0.382687509 0 -0.923877895
vn 0.923879623 0 0.382683247
vn 0.923879623 0 0.382683247
vn 0.923879623 0 0.382683247
vn 0.923879623 0 0.382683247
vn 0.38268733 0 -0.923877895
vn 0.38268733 0 -0.923877895
vn 0.38268733 0 -0.923877895
vn 0.38268733 0 -0.923877895
vn -0.923879325 0 -0.382683992
vn -0.923879325 0 -0.382683992
vn -0.923879325 0 -0.382683992
vn -0.923879325 0 -0.382683992
vn -0.382687509 0 0.923877895
vn -0.382687509 0 0.923877895
vn -0.382687509 0 0.923877895
vn -0.382687509 0 0.923877895
vn 0.38268733 0 -0.923877895
vn 0.38268733 0 -0.923877895
vn 0.38268733 0 -0.923877895
vn 0.38268733 0 -0.923877895
vn -0.923879325 0 -0.382683992
vn -0.923879325 0 -0.382683992
vn -0.923879325 0 -0.382683992
vn -0.923879325 0 -0.382683992
vn -0.382687509 0 0.923877895
vn -0.382687509 0 0.923877895
vn -0.382687509 0 0.923877895
vn -0.382687509 0 0.923877895
vn 0.923879325 0 0.382683933
vn 0.923879325 0 0.382683933
vn 0.923879325 0 0.382683933
vn 0.923879325 0 0.382683933
vn 0.382687509 0 -0.923877895
vn 0.382687509 0 -0.923877895
vn 0.382687509 0 -0.923877895
vn 0.382687509 0 -0.923877895
vn -0.923879325 0 -0.382683992
vn -0.923879325 0 -0.382683992
vn -0.923879325 0 -0.382683992
vn -0.923879325 0 -0.382683992
vn -0.382687509 0 0.923877895
vn -0.382687509 0 0.923877895
vn -0.382687509 0 0.923877895
vn -0.382687509 0 0.923877895
vn 0.923879325 0 0.382683933
vn 0.923879325 0 0.382683933
vn 0.923879325 0 0.382683933
vn 0.923879325 0 0.382683933
vn 0.382687509 0 -0.923877895
vn 0.382687509 0 -0.923877895
vn 0.382687509 0 -0.923877895
vn 0.382687509 0 -0.923877895
vn -0.923879325 0 -0.382683992
vn -0.923879325 0 -0.382683992
vn -0.923879325 0 -0.382683992
vn -0.923879325 0 -0.382683992
vn -0.382687509 0 0.923877895
vn -0.382687509 0 0.923877895
vn -0.382687509 0 0.923877895
vn -0.382687509 0 0.923877895
vn 0.923879921 0 0.382682413
vn 0.923879921 0 0.382682413
vn 0.923879921 0 0.382682413
vn 0.923879921 0 0.382682413
vn 0.382687509 0 -0.923877895
vn 0.382687509 0 -0.923877895
vn 0.382687509 0 -0.923877895
vn 0.382687509 0 -0.923877895
vn -0.382687509 0 0.923877895
vn -0.382687509 0 0.923877895
vn -0.382687509 0 0.923877895
vn -0.382687509 0 0.923877895
vn 0.923879921 0 0.382682472
vn 0.923879921 0 0.382682472
vn 0.923879921 0 0.382682472
vn 0.923879921 0 0.382682472
vn 0.3826873 0 -0.923877895
vn 0.3826873 0 -0.923877895
vn 0.3826873 0 -0.923877895
vn 0.3826873 0 -0.923877895
vn -0.923879921 0 -0.382682472
vn -0.923879921 0 -0.382682472
vn -0.923879921 0 -0.382682472
vn -0.923879921 0 -0.382682472
vn -0.3826873 0 0.923877895
vn -0.3826873 0 0.923877895
vn -0.3826873 0 0.923877895
vn -0.3826873 0 0.923877895
vn 0.923879921 0 0.382682413
vn 0.923879921 0 0.382682413
vn 0.923879921 0 0.382682413
vn 0.923879921 0 0.382682413
vn 0.3826873 0 -0.923877895
vn 0.3826873 0 -0.923877895
vn 0.3826873 0 -0.923877895
vn 0.3826873 0 -0.923877895
vn -0.923879921 0 -0.382682472
vn -0.923879921 0 -0.382682472
vn -0.923879921 0 -0.382682472
vn -0.923879921 0 -0.382682472
vn -0.3826873 0 0.923877895
vn -0.3826873 0 0.923877895
vn -0.3826873 0 0.923877895
vn -0.3826873 0 0.923877895
vn -0.923879921 0 -0.382682472
vn -0.923879921 0 -0.382682472
vn -0.923879921 0 -0.382682472
vn -0.923879921 0 -0.382682472
vn 0.923879325 0 0.382684022
vn 0.923879325 0 0.382684022
vn 0.923879325 0 0.382684022
vn 0.923879325 0 0.382684022
vn -0.923878789 0 -0.382685244
vn -0.923878789 0 -0.382685244
vn -0.923878789 0 -0.382685244
vn -0.923878789 0 -0.382685244
vn 0.382687479 0 -0.923877895
vn 0.382687479 0 -0.923877895
vn 0.382687479 0 -0.923877895
vn 0.382687479 0 -0.923877895
vn 0.382687479 0 -0.923877895
vn 0.382687479 0 -0.923877895
vn 0.382687479 0 -0.923877895
vn 0.382687479 0 -0.923877895
vn 0.382687479 0 -0.923877895
vn 0.382687479 0 -0.923877895
vn 0.382687479 0 -0.923877895
vn 0.382687479 0 -0.923877895
vn 0.000103778526 0 1
vn -0.000103778526 0 1
vn 0.000103778526 0 1
vn -0.000103778526 0 1
vn 0.000126527491 6.74766416E-05 1
vn -0.000103778526 0 1
vn -0.000126527579 6.74766488E-05 1
vn -0.000103778526 0 1
vn -0.000126527579 6.74766488E-05 1
vn 0.000103778526 0 -1
vn 0.000103778526 0 -1
vn -0.000103778526 0 -1
vn -0.000103778526 0 -1
vn 0.000126527579 6.78226788E-05 -1
vn -0.000103778526 0 -1
vn -0.000126527491 6.78226788E-05 -1
vn -0.000103778526 0 -1
vn -0.000126527491 6.78226788E-05 -1
g building_kolektivni-dum_LP_0
f 3/3/3 2/2/2 1/1/1
f 5/5/5 1/1/1 4/4/4
f 6/6/6 5/5/5 4/4/4
f 1/1/1 7/7/7 4/4/4
f 4/4/4 7/7/7 8/8/8
f 4/4/4 8/8/8 9/9/9
f 6/6/6 11/11/11 10/10/10
f 11/11/11 12/12/12 10/10/10
f 10/10/10 14/14/14 13/13/13
f 14/14/14 15/15/15 13/13/13
f 17/17/17 16/16/16 13/13/13
f 18/18/18 17/17/17 13/13/13
f 21/21/21 20/20/20 19/19/19
f 24/24/24 23/23/23 22/22/22
f 25/25/25 24/24/24 22/22/22
f 28/28/28 27/27/27 26/26/26
f 29/29/29 28/28/28 26/26/26
f 32/32/32 31/31/31 30/30/30
f 33/33/33 32/32/32 30/30/30
f 34/34/34 32/32/32 33/33/33
f 34/34/34 35/35/35 32/32/32
f 35/35/35 36/36/36 32/32/32
f 37/37/37 34/34/34 33/33/33
f 33/33/33 38/38/38 37/37/37
f 38/38/38 39/39/39 37/37/37
f 42/42/42 41/41/41 40/40/40
f 43/43/43 42/42/42 40/40/40
f 43/43/43 44/44/44 42/42/42
f 44/44/44 45/45/45 42/42/42
f 46/46/46 44/44/44 43/43/43
f 47/47/47 46/46/46 43/43/43
f 44/44/44 48/48/48 45/45/45
f 48/48/48 49/49/49 45/45/45
f 52/52/52 51/51/51 50/50/50
f 53/53/53 52/52/52 50/50/50
f 56/56/56 55/55/55 54/54/54
f 57/57/57 56/56/56 54/54/54
f 60/60/60 59/59/59 58/58/58
f 61/61/61 60/60/60 58/58/58
f 64/64/64 63/63/63 62/62/62
f 65/65/65 64/64/64 62/62/62
f 68/68/68 67/67/67 66/66/66
f 69/69/69 68/68/68 66/66/66
f 72/72/72 71/71/71 70/70/70
f 73/73/73 72/72/72 70/70/70
f 76/76/76 75/75/75 74/74/74
f 77/77/77 76/76/76 74/74/74
f 79/79/79 78/78/78 77/77/77
f 78/78/78 80/80/80 77/77/77
f 81/81/81 77/77/77 80/80/80
f 82/82/82 81/81/81 80/80/80
f 85/85/85 84/84/84 83/83/83
f 86/86/86 85/85/85 83/83/83
f 89/89/89 88/88/88 87/87/87
f 90/90/90 89/89/89 87/87/87
f 93/93/93 92/92/92 91/91/91
f 94/94/94 93/93/93 91/91/91
f 97/97/97 96/96/96 95/95/95
f 98/98/98 97/97/97 95/95/95
f 101/101/101 100/100/100 99/99/99
f 102/102/102 101/101/101 99/99/99
f 105/105/105 104/104/104 103/103/103
f 106/106/106 105/105/105 103/103/103
f 109/109/109 108/108/108 107/107/107
f 110/110/110 109/109/109 107/107/107
f 113/113/113 112/112/112 111/111/111
f 114/114/114 113/113/113 111/111/111
f 117/117/117 116/116/116 115/115/115
f 118/118/118 117/117/117 115/115/115
f 121/121/121 120/120/120 119/119/119
f 122/122/122 121/121/121 119/119/119
f 125/125/125 124/124/124 123/123/123
f 126/126/126 125/125/125 123/123/123
f 129/129/129 128/128/128 127/127/127
f 130/130/130 129/129/129 127/127/127
f 133/133/133 132/132/132 131/131/131
f 134/134/134 133/133/133 131/131/131
f 137/137/137 136/136/136 135/135/135
f 138/138/138 137/137/137 135/135/135
f 141/141/141 140/140/140 139/139/139
f 142/142/142 141/141/141 139/139/139
f 145/145/145 144/144/144 143/143/143
f 146/146/146 145/145/145 143/143/143
f 149/149/149 148/148/148 147/147/147
f 150/150/150 149/149/149 147/147/147
f 153/153/153 152/152/152 151/151/151
f 154/154/154 153/153/153 151/151/151
f 157/157/157 156/156/156 155/155/155
f 158/158/158 157/157/157 155/155/155
f 161/161/161 160/160/160 159/159/159
f 162/162/162 161/161/161 159/159/159
f 165/165/165 164/164/164 163/163/163
f 166/166/166 165/165/165 163/163/163
f 169/169/169 168/168/168 167/167/167
f 170/170/170 169/169/169 167/167/167
f 173/173/173 172/172/172 171/171/171
f 174/174/174 173/173/173 171/171/171
f 177/177/177 176/176/176 175/175/175
f 178/178/178 177/177/177 175/175/175
f 181/181/181 180/180/180 179/179/179
f 182/182/182 181/181/181 179/179/179
f 185/185/185 184/184/184 183/183/183
f 186/186/186 185/185/185 183/183/183
f 189/189/189 188/188/188 187/187/187
f 190/190/190 189/189/189 187/187/187
f 193/193/193 192/192/192 191/191/191
f 194/194/194 193/193/193 191/191/191
f 197/197/197 196/196/196 195/195/195
f 198/198/198 197/197/197 195/195/195
f 201/201/201 200/200/200 199/199/199
f 202/202/202 201/201/201 199/199/199
f 205/205/205 204/204/204 203/203/203
f 206/206/206 205/205/205 203/203/203
f 209/209/209 208/208/208 207/207/207
f 210/210/210 209/209/209 207/207/207
f 213/213/213 212/212/212 211/211/211
f 214/214/214 213/213/213 211/211/211
f 217/217/217 216/216/216 215/215/215
f 218/218/218 217/217/217 215/215/215
f 221/221/221 220/220/220 219/219/219
f 222/222/222 221/221/221 219/219/219
f 225/225/225 224/224/224 223/223/223
f 226/226/226 225/225/225 223/223/223
f 229/229/229 228/228/228 227/227/227
f 230/230/230 229/229/229 227/227/227
f 233/233/233 232/232/232 231/231/231
f 234/234/234 233/233/233 231/231/231
f 237/237/237 236/236/236 235/235/235
f 238/238/238 237/237/237 235/235/235
f 241/241/241 240/240/240 239/239/239
f 242/242/242 241/241/241 239/239/239
f 245/245/245 244/244/244 243/243/243
f 246/246/246 245/245/245 243/243/243
f 249/249/249 248/248/248 247/247/247
f 250/250/250 249/249/249 247/247/247
f 253/253/253 252/252/252 251/251/251
f 254/254/254 253/253/253 251/251/251
f 257/257/257 256/256/256 255/255/255
f 258/258/258 257/257/257 255/255/255
f 261/261/261 260/260/260 259/259/259
f 262/262/262 261/261/261 259/259/259
f 265/265/265 264/264/264 263/263/263
f 266/266/266 265/265/265 263/263/263
f 269/269/269 268/268/268 267/267/267
f 270/270/270 269/269/269 267/267/267
f 273/273/273 272/272/272 271/271/271
f 274/274/274 273/273/273 271/271/271
f 277/277/277 276/276/276 275/275/275
f 278/278/278 277/277/277 275/275/275
f 281/281/281 280/280/280 279/279/279
f 282/282/282 281/281/281 279/279/279
f 285/285/285 284/284/284 283/283/283
f 286/286/286 285/285/285 283/283/283
f 289/289/289 288/288/288 287/287/287
f 290/290/290 289/289/289 287/287/287
f 293/293/293 292/292/292 291/291/291
f 294/294/294 293/293/293 291/291/291
f 297/297/297 296/296/296 295/295/295
f 298/298/298 297/297/297 295/295/295
f 301/301/301 300/300/300 299/299/299
f 302/302/302 301/301/301 299/299/299
f 305/305/305 304/304/304 303/303/303
f 306/306/306 305/305/305 303/303/303
f 309/309/309 308/308/308 307/307/307
f 310/310/310 309/309/309 307/307/307
f 313/313/313 312/312/312 311/311/311
f 314/314/314 313/313/313 311/311/311
f 317/317/317 316/316/316 315/315/315
f 318/318/318 317/317/317 315/315/315
f 321/321/321 320/320/320 319/319/319
f 322/322/322 321/321/321 319/319/319
f 325/325/325 324/324/324 323/323/323
f 326/326/326 325/325/325 323/323/323
f 329/329/329 328/328/328 327/327/327
f 330/330/330 329/329/329 327/327/327
f 333/333/333 332/332/332 331/331/331
f 334/334/334 333/333/333 331/331/331
f 337/337/337 336/336/336 335/335/335
f 338/338/338 337/337/337 335/335/335
f 341/341/341 340/340/340 339/339/339
f 342/342/342 341/341/341 339/339/339
f 345/345/345 344/344/344 343/343/343
f 346/346/346 345/345/345 343/343/343
f 349/349/349 348/348/348 347/347/347
f 350/350/350 349/349/349 347/347/347
f 353/353/353 352/352/352 351/351/351
f 354/354/354 353/353/353 351/351/351
f 357/357/357 356/356/356 355/355/355
f 358/358/358 357/357/357 355/355/355
f 361/361/361 360/360/360 359/359/359
f 362/362/362 361/361/361 359/359/359
f 365/365/365 364/364/364 363/363/363
f 366/366/366 365/365/365 363/363/363
f 369/369/369 368/368/368 367/367/367
f 370/370/370 369/369/369 367/367/367
f 373/373/373 372/372/372 371/371/371
f 373/373/373 371/371/371 374/374/374
f 375/375/375 373/373/373 374/374/374
f 376/376/376 375/375/375 374/374/374
f 379/379/379 378/378/378 377/377/377
f 380/380/380 379/379/379 377/377/377
f 383/383/383 382/382/382 381/381/381
f 381/381/381 382/382/382 384/384/384
f 382/382/382 385/385/385 384/384/384
f 385/385/385 386/386/386 384/384/384
f 389/389/389 388/388/388 387/387/387
f 390/390/390 389/389/389 387/387/387
f 393/393/393 392/392/392 391/391/391
f 394/394/394 393/393/393 391/391/391
f 397/397/397 396/396/396 395/395/395
f 398/398/398 397/397/397 395/395/395
f 401/401/401 400/400/400 399/399/399
f 402/402/402 401/401/401 399/399/399
f 405/405/405 404/404/404 403/403/403
f 406/406/406 405/405/405 403/403/403
f 409/409/409 408/408/408 407/407/407
f 410/410/410 409/409/409 407/407/407
f 413/413/413 412/412/412 411/411/411
f 414/414/414 413/413/413 411/411/411
f 417/417/417 416/416/416 415/415/415
f 418/418/418 417/417/417 415/415/415
f 421/421/421 420/420/420 419/419/419
f 420/420/420 422/422/422 419/419/419
f 419/419/419 422/422/422 423/423/423
f 422/422/422 424/424/424 423/423/423
f 424/424/424 425/425/425 423/423/423
f 425/425/425 426/426/426 423/423/423
f 425/425/425 427/427/427 426/426/426
f 427/427/427 428/428/428 426/426/426
f 431/431/431 430/430/430 429/429/429
f 432/432/432 431/431/431 429/429/429
f 435/435/435 434/434/434 433/433/433
f 436/436/436 435/435/435 433/433/433
f 439/439/439 438/438/438 437/437/437
f 440/440/440 439/439/439 437/437/437
f 440/440/440 437/437/437 441/441/441
f 442/442/442 440/440/440 441/441/441
f 443/443/443 442/442/442 441/441/441
f 444/444/444 443/443/443 441/441/441
f 445/445/445 443/443/443 444/444/444
f 446/446/446 445/445/445 444/444/444
f 449/449/449 448/448/448 447/447/447
f 450/450/450 449/449/449 447/447/447
f 453/453/453 452/452/452 451/451/451
f 454/454/454 453/453/453 451/451/451
f 457/457/457 456/456/456 455/455/455
f 458/458/458 457/457/457 455/455/455
f 461/461/461 460/460/460 459/459/459
f 462/462/462 461/461/461 459/459/459
f 465/465/465 464/464/464 463/463/463
f 466/466/466 465/465/465 463/463/463
f 469/469/469 468/468/468 467/467/467
f 470/470/470 469/469/469 467/467/467
f 473/473/473 472/472/472 471/471/471
f 474/474/474 473/473/473 471/471/471
f 477/477/477 476/476/476 475/475/475
f 478/478/478 477/477/477 475/475/475
f 481/481/481 480/480/480 479/479/479
f 482/482/482 481/481/481 479/479/479
f 485/485/485 484/484/484 483/483/483
f 486/486/486 485/485/485 483/483/483
f 489/489/489 488/488/488 487/487/487
f 490/490/490 489/489/489 487/487/487
f 493/493/493 492/492/492 491/491/491
f 494/494/494 493/493/493 491/491/491
f 497/497/497 496/496/496 495/495/495
f 498/498/498 497/497/497 495/495/495
f 501/501/501 500/500/500 499/499/499
f 502/502/502 501/501/501 499/499/499
f 505/505/505 504/504/504 503/503/503
f 506/506/506 505/505/505 503/503/503
f 509/509/509 508/508/508 507/507/507
f 510/510/510 509/509/509 507/507/507
f 513/513/513 512/512/512 511/511/511
f 514/514/514 513/513/513 511/511/511
f 517/517/517 516/516/516 515/515/515
f 518/518/518 517/517/517 515/515/515
f 521/521/521 520/520/520 519/519/519
f 522/522/522 521/521/521 519/519/519
f 525/525/525 524/524/524 523/523/523
f 526/526/526 525/525/525 523/523/523
f 529/529/529 528/528/528 527/527/527
f 530/530/530 529/529/529 527/527/527
f 533/533/533 532/532/532 531/531/531
f 534/534/534 533/533/533 531/531/531
f 537/537/537 536/536/536 535/535/535
f 538/538/538 537/537/537 535/535/535
f 541/541/541 540/540/540 539/539/539
f 542/542/542 541/541/541 539/539/539
f 545/545/545 544/544/544 543/543/543
f 546/546/546 545/545/545 543/543/543
f 549/549/549 548/548/548 547/547/547
f 550/550/550 549/549/549 547/547/547
f 553/553/553 552/552/552 551/551/551
f 554/554/554 553/553/553 551/551/551
f 557/557/557 556/556/556 555/555/555
f 558/558/558 557/557/557 555/555/555
f 561/561/561 560/560/560 559/559/559
f 562/562/562 561/561/561 559/559/559
f 565/565/565 564/564/564 563/563/563
f 566/566/566 565/565/565 563/563/563
f 569/569/569 568/568/568 567/567/567
f 570/570/570 569/569/569 567/567/567
f 573/573/573 572/572/572 571/571/571
f 574/574/574 573/573/573 571/571/571
f 577/577/577 576/576/576 575/575/575
f 578/578/578 577/577/577 575/575/575
f 581/581/581 580/580/580 579/579/579
f 582/582/582 581/581/581 579/579/579
f 585/585/585 584/584/584 583/583/583
f 586/586/586 585/585/585 583/583/583
f 589/589/589 588/588/588 587/587/587
f 590/590/590 589/589/589 587/587/587
f 593/593/593 592/592/592 591/591/591
f 594/594/594 593/593/593 591/591/591
f 597/597/597 596/596/596 595/595/595
f 598/598/598 597/597/597 595/595/595
f 601/601/601 600/600/600 599/599/599
f 602/602/602 601/601/601 599/599/599
f 605/605/605 604/604/604 603/603/603
f 606/606/606 605/605/605 603/603/603
f 609/609/609 608/608/608 607/607/607
f 610/610/610 609/609/609 607/607/607
f 613/613/613 612/612/612 611/611/611
f 614/614/614 613/613/613 611/611/611
f 617/617/617 616/616/616 615/615/615
f 618/618/618 617/617/617 615/615/615
f 621/621/621 620/620/620 619/619/619
f 622/622/622 621/621/621 619/619/619
f 625/625/625 624/624/624 623/623/623
f 626/626/626 625/625/625 623/623/623
f 629/629/629 628/628/628 627/627/627
f 630/630/630 629/629/629 627/627/627
f 633/633/633 632/632/632 631/631/631
f 634/634/634 633/633/633 631/631/631
f 637/637/637 636/636/636 635/635/635
f 638/638/638 637/637/637 635/635/635
f 641/641/641 640/640/640 639/639/639
f 642/642/642 641/641/641 639/639/639
f 645/645/645 644/644/644 643/643/643
f 646/646/646 645/645/645 643/643/643
f 649/649/649 648/648/648 647/647/647
f 650/650/650 649/649/649 647/647/647
f 653/653/653 652/652/652 651/651/651
f 654/654/654 653/653/653 651/651/651
f 657/657/657 656/656/656 655/655/655
f 658/658/658 657/657/657 655/655/655
f 661/661/661 660/660/660 659/659/659
f 662/662/662 661/661/661 659/659/659
f 665/665/665 664/664/664 663/663/663
f 666/666/666 665/665/665 663/663/663
f 669/669/669 668/668/668 667/667/667
f 670/670/670 669/669/669 667/667/667
f 673/673/673 672/672/672 671/671/671
f 674/674/674 673/673/673 671/671/671
f 677/677/677 676/676/676 675/675/675
f 678/678/678 677/677/677 675/675/675
f 681/681/681 680/680/680 679/679/679
f 682/682/682 681/681/681 679/679/679
f 685/685/685 684/684/684 683/683/683
f 686/686/686 685/685/685 683/683/683
f 689/689/689 688/688/688 687/687/687
f 690/690/690 689/689/689 687/687/687
f 693/693/693 692/692/692 691/691/691
f 694/694/694 693/693/693 691/691/691
f 697/697/697 696/696/696 695/695/695
f 698/698/698 697/697/697 695/695/695
f 701/701/701 700/700/700 699/699/699
f 702/702/702 701/701/701 699/699/699
f 705/705/705 704/704/704 703/703/703
f 706/706/706 705/705/705 703/703/703
f 709/709/709 708/708/708 707/707/707
f 710/710/710 709/709/709 707/707/707
f 713/713/713 712/712/712 711/711/711
f 714/714/714 713/713/713 711/711/711
f 717/717/717 716/716/716 715/715/715
f 718/718/718 717/717/717 715/715/715
f 721/721/721 720/720/720 719/719/719
f 722/722/722 721/721/721 719/719/719
f 725/725/725 724/724/724 723/723/723
f 726/726/726 725/725/725 723/723/723
f 729/729/729 728/728/728 727/727/727
f 730/730/730 729/729/729 727/727/727
f 733/733/733 732/732/732 731/731/731
f 734/734/734 733/733/733 731/731/731
f 737/737/737 736/736/736 735/735/735
f 738/738/738 737/737/737 735/735/735
f 741/741/741 740/740/740 739/739/739
f 742/742/742 741/741/741 739/739/739
f 745/745/745 744/744/744 743/743/743
f 746/746/746 745/745/745 743/743/743
f 749/749/749 748/748/748 747/747/747
f 750/750/750 749/749/749 747/747/747
f 753/753/753 752/752/752 751/751/751
f 754/754/754 753/753/753 751/751/751
f 757/757/757 756/756/756 755/755/755
f 758/758/758 757/757/757 755/755/755
f 761/761/761 760/760/760 759/759/759
f 762/762/762 761/761/761 759/759/759
f 765/765/765 764/764/764 763/763/763
f 766/766/766 765/765/765 763/763/763
f 769/769/769 768/768/768 767/767/767
f 770/770/770 769/769/769 767/767/767
f 773/773/773 772/772/772 771/771/771
f 774/774/774 773/773/773 771/771/771
f 777/777/777 776/776/776 775/775/775
f 778/778/778 777/777/777 775/775/775
f 781/781/781 780/780/780 779/779/779
f 782/782/782 781/781/781 779/779/779
f 785/785/785 784/784/784 783/783/783
f 786/786/786 785/785/785 783/783/783
f 789/789/789 788/788/788 787/787/787
f 790/790/790 789/789/789 787/787/787
f 793/793/793 792/792/792 791/791/791
f 794/794/794 793/793/793 791/791/791
f 797/797/797 796/796/796 795/795/795
f 798/798/798 797/797/797 795/795/795
f 801/801/801 800/800/800 799/799/799
f 802/802/802 801/801/801 799/799/799
f 805/805/805 804/804/804 803/803/803
f 806/806/806 805/805/805 803/803/803
f 809/809/809 808/808/808 807/807/807
f 810/810/810 809/809/809 807/807/807
f 813/813/813 812/812/812 811/811/811
f 814/814/814 813/813/813 811/811/811
f 817/817/817 816/816/816 815/815/815
f 818/818/818 817/817/817 815/815/815
f 821/821/821 820/820/820 819/819/819
f 822/822/822 821/821/821 819/819/819
f 825/825/825 824/824/824 823/823/823
f 826/826/826 825/825/825 823/823/823
f 829/829/829 828/828/828 827/827/827
f 830/830/830 829/829/829 827/827/827
f 833/833/833 832/832/832 831/831/831
f 834/834/834 833/833/833 831/831/831
f 837/837/837 836/836/836 835/835/835
f 838/838/838 837/837/837 835/835/835
f 841/841/841 840/840/840 839/839/839
f 842/842/842 841/841/841 839/839/839
f 845/845/845 844/844/844 843/843/843
f 846/846/846 845/845/845 843/843/843
f 849/849/849 848/848/848 847/847/847
f 850/850/850 849/849/849 847/847/847
f 853/853/853 852/852/852 851/851/851
f 854/854/854 853/853/853 851/851/851
f 857/857/857 856/856/856 855/855/855
f 858/858/858 857/857/857 855/855/855
f 861/861/861 860/860/860 859/859/859
f 862/862/862 861/861/861 859/859/859
f 865/865/865 864/864/864 863/863/863
f 866/866/866 865/865/865 863/863/863
f 869/869/869 868/868/868 867/867/867
f 870/870/870 869/869/869 867/867/867
f 873/873/873 872/872/872 871/871/871
f 874/874/874 873/873/873 871/871/871
f 877/877/877 876/876/876 875/875/875
f 878/878/878 877/877/877 875/875/875
f 881/881/881 880/880/880 879/879/879
f 882/882/882 881/881/881 879/879/879
f 885/885/885 884/884/884 883/883/883
f 886/886/886 885/885/885 883/883/883
f 889/889/889 888/888/888 887/887/887
f 890/890/890 889/889/889 887/887/887
f 893/893/893 892/892/892 891/891/891
f 894/894/894 893/893/893 891/891/891
f 897/897/897 896/896/896 895/895/895
f 898/898/898 897/897/897 895/895/895
f 901/901/901 900/900/900 899/899/899
f 902/902/902 901/901/901 899/899/899
f 905/905/905 904/904/904 903/903/903
f 906/906/906 905/905/905 903/903/903
f 909/909/909 908/908/908 907/907/907
f 910/910/910 909/909/909 907/907/907
f 913/913/913 912/912/912 911/911/911
f 914/914/914 913/913/913 911/911/911
f 917/917/917 916/916/916 915/915/915
f 918/918/918 917/917/917 915/915/915
f 921/921/921 920/920/920 919/919/919
f 922/922/922 921/921/921 919/919/919
f 925/925/925 924/924/924 923/923/923
f 926/926/926 925/925/925 923/923/923
f 929/929/929 928/928/928 927/927/927
f 930/930/930 929/929/929 927/927/927
f 933/933/933 932/932/932 931/931/931
f 934/934/934 933/933/933 931/931/931
f 937/937/937 936/936/936 935/935/935
f 938/938/938 937/937/937 935/935/935
f 941/941/941 940/940/940 939/939/939
f 942/942/942 941/941/941 939/939/939
f 945/945/945 944/944/944 943/943/943
f 946/946/946 945/945/945 943/943/943
f 949/949/949 948/948/948 947/947/947
f 950/950/950 949/949/949 947/947/947
f 953/953/953 952/952/952 951/951/951
f 954/954/954 953/953/953 951/951/951
f 957/957/957 956/956/956 955/955/955
f 958/958/958 957/957/957 955/955/955
f 961/961/961 960/960/960 959/959/959
f 962/962/962 961/961/961 959/959/959
f 965/965/965 964/964/964 963/963/963
f 966/966/966 965/965/965 963/963/963
f 969/969/969 968/968/968 967/967/967
f 970/970/970 969/969/969 967/967/967
f 973/973/973 972/972/972 971/971/971
f 974/974/974 973/973/973 971/971/971
f 977/977/977 976/976/976 975/975/975
f 978/978/978 977/977/977 975/975/975
f 981/981/981 980/980/980 979/979/979
f 982/982/982 981/981/981 979/979/979
f 985/985/985 984/984/984 983/983/983
f 986/986/986 985/985/985 983/983/983
f 989/989/989 988/988/988 987/987/987
f 990/990/990 989/989/989 987/987/987
f 993/993/993 992/992/992 991/991/991
f 994/994/994 993/993/993 991/991/991
f 997/997/997 996/996/996 995/995/995
f 998/998/998 997/997/997 995/995/995
f 1001/1001/1001 1000/1000/1000 999/999/999
f 1002/1002/1002 1001/1001/1001 999/999/999
f 1005/1005/1005 1004/1004/1004 1003/1003/1003
f 1006/1006/1006 1005/1005/1005 1003/1003/1003
f 1009/1009/1009 1008/1008/1008 1007/1007/1007
f 1010/1010/1010 1009/1009/1009 1007/1007/1007
f 1013/1013/1013 1012/1012/1012 1011/1011/1011
f 1014/1014/1014 1013/1013/1013 1011/1011/1011
f 1017/1017/1017 1016/1016/1016 1015/1015/1015
f 1018/1018/1018 1017/1017/1017 1015/1015/1015
f 1021/1021/1021 1020/1020/1020 1019/1019/1019
f 1022/1022/1022 1021/1021/1021 1019/1019/1019
f 1025/1025/1025 1024/1024/1024 1023/1023/1023
f 1026/1026/1026 1025/1025/1025 1023/1023/1023
f 1029/1029/1029 1028/1028/1028 1027/1027/1027
f 1030/1030/1030 1029/1029/1029 1027/1027/1027
f 1033/1033/1033 1032/1032/1032 1031/1031/1031
f 1034/1034/1034 1033/1033/1033 1031/1031/1031
f 1037/1037/1037 1036/1036/1036 1035/1035/1035
f 1038/1038/1038 1037/1037/1037 1035/1035/1035
f 1041/1041/1041 1040/1040/1040 1039/1039/1039
f 1042/1042/1042 1041/1041/1041 1039/1039/1039
f 1045/1045/1045 1044/1044/1044 1043/1043/1043
f 1046/1046/1046 1045/1045/1045 1043/1043/1043
f 1049/1049/1049 1048/1048/1048 1047/1047/1047
f 1050/1050/1050 1049/1049/1049 1047/1047/1047
f 1053/1053/1053 1052/1052/1052 1051/1051/1051
f 1054/1054/1054 1053/1053/1053 1051/1051/1051
f 1057/1057/1057 1056/1056/1056 1055/1055/1055
f 1058/1058/1058 1057/1057/1057 1055/1055/1055
f 1061/1061/1061 1060/1060/1060 1059/1059/1059
f 1062/1062/1062 1061/1061/1061 1059/1059/1059
f 1065/1065/1065 1064/1064/1064 1063/1063/1063
f 1066/1066/1066 1065/1065/1065 1063/1063/1063
f 1069/1069/1069 1068/1068/1068 1067/1067/1067
f 1070/1070/1070 1069/1069/1069 1067/1067/1067
f 1073/1073/1073 1072/1072/1072 1071/1071/1071
f 1074/1074/1074 1073/1073/1073 1071/1071/1071
f 1077/1077/1077 1076/1076/1076 1075/1075/1075
f 1078/1078/1078 1077/1077/1077 1075/1075/1075
f 1081/1081/1081 1080/1080/1080 1079/1079/1079
f 1082/1082/1082 1081/1081/1081 1079/1079/1079
f 1085/1085/1085 1084/1084/1084 1083/1083/1083
f 1086/1086/1086 1085/1085/1085 1083/1083/1083
f 1089/1089/1089 1088/1088/1088 1087/1087/1087
f 1090/1090/1090 1089/1089/1089 1087/1087/1087
f 1093/1093/1093 1092/1092/1092 1091/1091/1091
f 1094/1094/1094 1093/1093/1093 1091/1091/1091
f 1097/1097/1097 1096/1096/1096 1095/1095/1095
f 1098/1098/1098 1097/1097/1097 1095/1095/1095
f 1101/1101/1101 1100/1100/1100 1099/1099/1099
f 1102/1102/1102 1101/1101/1101 1099/1099/1099
f 1105/1105/1105 1104/1104/1104 1103/1103/1103
f 1106/1106/1106 1105/1105/1105 1103/1103/1103
f 1109/1109/1109 1108/1108/1108 1107/1107/1107
f 1110/1110/1110 1109/1109/1109 1107/1107/1107
f 1113/1113/1113 1112/1112/1112 1111/1111/1111
f 1114/1114/1114 1113/1113/1113 1111/1111/1111
f 1117/1117/1117 1116/1116/1116 1115/1115/1115
f 1118/1118/1118 1117/1117/1117 1115/1115/1115
f 1121/1121/1121 1120/1120/1120 1119/1119/1119
f 1122/1122/1122 1121/1121/1121 1119/1119/1119
f 1125/1125/1125 1124/1124/1124 1123/1123/1123
f 1126/1126/1126 1125/1125/1125 1123/1123/1123
f 1129/1129/1129 1128/1128/1128 1127/1127/1127
f 1130/1130/1130 1129/1129/1129 1127/1127/1127
f 1133/1133/1133 1132/1132/1132 1131/1131/1131
f 1134/1134/1134 1133/1133/1133 1131/1131/1131
f 1137/1137/1137 1136/1136/1136 1135/1135/1135
f 1138/1138/1138 1137/1137/1137 1135/1135/1135
f 1141/1141/1141 1140/1140/1140 1139/1139/1139
f 1142/1142/1142 1141/1141/1141 1139/1139/1139
f 1145/1145/1145 1144/1144/1144 1143/1143/1143
f 1146/1146/1146 1145/1145/1145 1143/1143/1143
f 1149/1149/1149 1148/1148/1148 1147/1147/1147
f 1150/1150/1150 1149/1149/1149 1147/1147/1147
f 1153/1153/1153 1152/1152/1152 1151/1151/1151
f 1154/1154/1154 1153/1153/1153 1151/1151/1151
f 1157/1157/1157 1156/1156/1156 1155/1155/1155
f 1158/1158/1158 1157/1157/1157 1155/1155/1155
f 1161/1161/1161 1160/1160/1160 1159/1159/1159
f 1162/1162/1162 1161/1161/1161 1159/1159/1159
f 1165/1165/1165 1164/1164/1164 1163/1163/1163
f 1166/1166/1166 1165/1165/1165 1163/1163/1163
f 1169/1169/1169 1168/1168/1168 1167/1167/1167
f 1170/1170/1170 1169/1169/1169 1167/1167/1167
f 1173/1173/1173 1172/1172/1172 1171/1171/1171
f 1174/1174/1174 1173/1173/1173 1171/1171/1171
f 1177/1177/1177 1176/1176/1176 1175/1175/1175
f 1178/1178/1178 1177/1177/1177 1175/1175/1175
f 1181/1181/1181 1180/1180/1180 1179/1179/1179
f 1182/1182/1182 1181/1181/1181 1179/1179/1179
f 1185/1185/1185 1184/1184/1184 1183/1183/1183
f 1186/1186/1186 1185/1185/1185 1183/1183/1183
f 1189/1189/1189 1188/1188/1188 1187/1187/1187
f 1190/1190/1190 1189/1189/1189 1187/1187/1187
f 1193/1193/1193 1192/1192/1192 1191/1191/1191
f 1194/1194/1194 1193/1193/1193 1191/1191/1191
f 1197/1197/1197 1196/1196/1196 1195/1195/1195
f 1198/1198/1198 1197/1197/1197 1195/1195/1195
f 1201/1201/1201 1200/1200/1200 1199/1199/1199
f 1202/1202/1202 1201/1201/1201 1199/1199/1199
f 1205/1205/1205 1204/1204/1204 1203/1203/1203
f 1206/1206/1206 1205/1205/1205 1203/1203/1203
f 1209/1209/1209 1208/1208/1208 1207/1207/1207
f 1210/1210/1210 1209/1209/1209 1207/1207/1207
f 1213/1213/1213 1212/1212/1212 1211/1211/1211
f 1214/1214/1214 1213/1213/1213 1211/1211/1211
f 1217/1217/1217 1216/1216/1216 1215/1215/1215
f 1218/1218/1218 1217/1217/1217 1215/1215/1215
f 1221/1221/1221 1220/1220/1220 1219/1219/1219
f 1222/1222/1222 1221/1221/1221 1219/1219/1219
f 1225/1225/1225 1224/1224/1224 1223/1223/1223
f 1226/1226/1226 1225/1225/1225 1223/1223/1223
f 1229/1229/1229 1228/1228/1228 1227/1227/1227
f 1230/1230/1230 1229/1229/1229 1227/1227/1227
f 1233/1233/1233 1232/1232/1232 1231/1231/1231
f 1234/1234/1234 1233/1233/1233 1231/1231/1231
f 1237/1237/1237 1236/1236/1236 1235/1235/1235
f 1238/1238/1238 1237/1237/1237 1235/1235/1235
f 1241/1241/1241 1240/1240/1240 1239/1239/1239
f 1242/1242/1242 1241/1241/1241 1239/1239/1239
f 1245/1245/1245 1244/1244/1244 1243/1243/1243
f 1246/1246/1246 1245/1245/1245 1243/1243/1243
f 1249/1249/1249 1248/1248/1248 1247/1247/1247
f 1250/1250/1250 1249/1249/1249 1247/1247/1247
f 1253/1253/1253 1252/1252/1252 1251/1251/1251
f 1254/1254/1254 1253/1253/1253 1251/1251/1251
f 1257/1257/1257 1256/1256/1256 1255/1255/1255
f 1258/1258/1258 1257/1257/1257 1255/1255/1255
f 1261/1261/1261 1260/1260/1260 1259/1259/1259
f 1262/1262/1262 1261/1261/1261 1259/1259/1259
f 1265/1265/1265 1264/1264/1264 1263/1263/1263
f 1266/1266/1266 1265/1265/1265 1263/1263/1263
f 1269/1269/1269 1268/1268/1268 1267/1267/1267
f 1270/1270/1270 1269/1269/1269 1267/1267/1267
f 1273/1273/1273 1272/1272/1272 1271/1271/1271
f 1274/1274/1274 1273/1273/1273 1271/1271/1271
f 1277/1277/1277 1276/1276/1276 1275/1275/1275
f 1278/1278/1278 1277/1277/1277 1275/1275/1275
f 1281/1281/1281 1280/1280/1280 1279/1279/1279
f 1282/1282/1282 1281/1281/1281 1279/1279/1279
f 1285/1285/1285 1284/1284/1284 1283/1283/1283
f 1286/1286/1286 1285/1285/1285 1283/1283/1283
f 1289/1289/1289 1288/1288/1288 1287/1287/1287
f 1290/1290/1290 1289/1289/1289 1287/1287/1287
f 1293/1293/1293 1292/1292/1292 1291/1291/1291
f 1294/1294/1294 1293/1293/1293 1291/1291/1291
f 1297/1297/1297 1296/1296/1296 1295/1295/1295
f 1298/1298/1298 1297/1297/1297 1295/1295/1295
f 1301/1301/1301 1300/1300/1300 1299/1299/1299
f 1302/1302/1302 1301/1301/1301 1299/1299/1299
f 1305/1305/1305 1304/1304/1304 1303/1303/1303
f 1306/1306/1306 1305/1305/1305 1303/1303/1303
f 1309/1309/1309 1308/1308/1308 1307/1307/1307
f 1310/1310/1310 1309/1309/1309 1307/1307/1307
f 1313/1313/1313 1312/1312/1312 1311/1311/1311
f 1314/1314/1314 1313/1313/1313 1311/1311/1311
f 1317/1317/1317 1316/1316/1316 1315/1315/1315
f 1318/1318/1318 1317/1317/1317 1315/1315/1315
f 1321/1321/1321 1320/1320/1320 1319/1319/1319
f 1322/1322/1322 1321/1321/1321 1319/1319/1319
f 1325/1325/1325 1324/1324/1324 1323/1323/1323
f 1326/1326/1326 1325/1325/1325 1323/1323/1323
f 1329/1329/1329 1328/1328/1328 1327/1327/1327
f 1330/1330/1330 1329/1329/1329 1327/1327/1327
f 1333/1333/1333 1332/1332/1332 1331/1331/1331
f 1334/1334/1334 1333/1333/1333 1331/1331/1331
f 1337/1337/1337 1336/1336/1336 1335/1335/1335
f 1338/1338/1338 1337/1337/1337 1335/1335/1335
f 1341/1341/1341 1340/1340/1340 1339/1339/1339
f 1342/1342/1342 1341/1341/1341 1339/1339/1339
f 1345/1345/1345 1344/1344/1344 1343/1343/1343
f 1346/1346/1346 1345/1345/1345 1343/1343/1343
f 1349/1349/1349 1348/1348/1348 1347/1347/1347
f 1350/1350/1350 1349/1349/1349 1347/1347/1347
f 1353/1353/1353 1352/1352/1352 1351/1351/1351
f 1354/1354/1354 1353/1353/1353 1351/1351/1351
f 1357/1357/1357 1356/1356/1356 1355/1355/1355
f 1358/1358/1358 1357/1357/1357 1355/1355/1355
f 1361/1361/1361 1360/1360/1360 1359/1359/1359
f 1362/1362/1362 1361/1361/1361 1359/1359/1359
f 1365/1365/1365 1364/1364/1364 1363/1363/1363
f 1366/1366/1366 1365/1365/1365 1363/1363/1363
f 1369/1369/1369 1368/1368/1368 1367/1367/1367
f 1370/1370/1370 1369/1369/1369 1367/1367/1367
f 1373/1373/1373 1372/1372/1372 1371/1371/1371
f 1374/1374/1374 1373/1373/1373 1371/1371/1371
f 1377/1377/1377 1376/1376/1376 1375/1375/1375
f 1378/1378/1378 1377/1377/1377 1375/1375/1375
f 1381/1381/1381 1380/1380/1380 1379/1379/1379
f 1382/1382/1382 1381/1381/1381 1379/1379/1379
f 1385/1385/1385 1384/1384/1384 1383/1383/1383
f 1386/1386/1386 1385/1385/1385 1383/1383/1383
f 1389/1389/1389 1388/1388/1388 1387/1387/1387
f 1390/1390/1390 1389/1389/1389 1387/1387/1387
f 1393/1393/1393 1392/1392/1392 1391/1391/1391
f 1394/1394/1394 1393/1393/1393 1391/1391/1391
f 1397/1397/1397 1396/1396/1396 1395/1395/1395
f 1398/1398/1398 1397/1397/1397 1395/1395/1395
f 1401/1401/1401 1400/1400/1400 1399/1399/1399
f 1402/1402/1402 1401/1401/1401 1399/1399/1399
f 1405/1405/1405 1404/1404/1404 1403/1403/1403
f 1406/1406/1406 1405/1405/1405 1403/1403/1403
f 1409/1409/1409 1408/1408/1408 1407/1407/1407
f 1410/1410/1410 1409/1409/1409 1407/1407/1407
f 1413/1413/1413 1412/1412/1412 1411/1411/1411
f 1414/1414/1414 1413/1413/1413 1411/1411/1411
f 1417/1417/1417 1416/1416/1416 1415/1415/1415
f 1418/1418/1418 1417/1417/1417 1415/1415/1415
f 1421/1421/1421 1420/1420/1420 1419/1419/1419
f 1422/1422/1422 1421/1421/1421 1419/1419/1419
f 1425/1425/1425 1424/1424/1424 1423/1423/1423
f 1426/1426/1426 1425/1425/1425 1423/1423/1423
f 1429/1429/1429 1428/1428/1428 1427/1427/1427
f 1430/1430/1430 1429/1429/1429 1427/1427/1427
f 1433/1433/1433 1432/1432/1432 1431/1431/1431
f 1434/1434/1434 1433/1433/1433 1431/1431/1431
f 1437/1437/1437 1436/1436/1436 1435/1435/1435
f 1438/1438/1438 1437/1437/1437 1435/1435/1435
f 1441/1441/1441 1440/1440/1440 1439/1439/1439
f 1442/1442/1442 1441/1441/1441 1439/1439/1439
f 1445/1445/1445 1444/1444/1444 1443/1443/1443
f 1446/1446/1446 1445/1445/1445 1443/1443/1443
f 1449/1449/1449 1448/1448/1448 1447/1447/1447
f 1450/1450/1450 1449/1449/1449 1447/1447/1447
f 1453/1453/1453 1452/1452/1452 1451/1451/1451
f 1454/1454/1454 1453/1453/1453 1451/1451/1451
f 1457/1457/1457 1456/1456/1456 1455/1455/1455
f 1458/1458/1458 1457/1457/1457 1455/1455/1455
f 1461/1461/1461 1460/1460/1460 1459/1459/1459
f 1462/1462/1462 1461/1461/1461 1459/1459/1459
f 1465/1465/1465 1464/1464/1464 1463/1463/1463
f 1466/1466/1466 1465/1465/1465 1463/1463/1463
f 1469/1469/1469 1468/1468/1468 1467/1467/1467
f 1470/1470/1470 1469/1469/1469 1467/1467/1467
f 1473/1473/1473 1472/1472/1472 1471/1471/1471
f 1474/1474/1474 1473/1473/1473 1471/1471/1471
f 1477/1477/1477 1476/1476/1476 1475/1475/1475
f 1478/1478/1478 1477/1477/1477 1475/1475/1475
f 1481/1481/1481 1480/1480/1480 1479/1479/1479
f 1482/1482/1482 1481/1481/1481 1479/1479/1479
f 1485/1485/1485 1484/1484/1484 1483/1483/1483
f 1486/1486/1486 1485/1485/1485 1483/1483/1483
f 1489/1489/1489 1488/1488/1488 1487/1487/1487
f 1490/1490/1490 1489/1489/1489 1487/1487/1487
f 1493/1493/1493 1492/1492/1492 1491/1491/1491
f 1494/1494/1494 1493/1493/1493 1491/1491/1491
f 1497/1497/1497 1496/1496/1496 1495/1495/1495
f 1498/1498/1498 1497/1497/1497 1495/1495/1495
f 1501/1501/1501 1500/1500/1500 1499/1499/1499
f 1502/1502/1502 1501/1501/1501 1499/1499/1499
f 1505/1505/1505 1504/1504/1504 1503/1503/1503
f 1506/1506/1506 1505/1505/1505 1503/1503/1503
f 1509/1509/1509 1508/1508/1508 1507/1507/1507
f 1510/1510/1510 1509/1509/1509 1507/1507/1507
f 1513/1513/1513 1512/1512/1512 1511/1511/1511
f 1514/1514/1514 1513/1513/1513 1511/1511/1511
f 1517/1517/1517 1516/1516/1516 1515/1515/1515
f 1518/1518/1518 1517/1517/1517 1515/1515/1515
f 1521/1521/1521 1520/1520/1520 1519/1519/1519
f 1522/1522/1522 1521/1521/1521 1519/1519/1519
f 1525/1525/1525 1524/1524/1524 1523/1523/1523
f 1526/1526/1526 1525/1525/1525 1523/1523/1523
f 1529/1529/1529 1528/1528/1528 1527/1527/1527
f 1530/1530/1530 1529/1529/1529 1527/1527/1527
f 1533/1533/1533 1532/1532/1532 1531/1531/1531
f 1534/1534/1534 1533/1533/1533 1531/1531/1531
f 1537/1537/1537 1536/1536/1536 1535/1535/1535
f 1538/1538/1538 1537/1537/1537 1535/1535/1535
f 1541/1541/1541 1540/1540/1540 1539/1539/1539
f 1542/1542/1542 1541/1541/1541 1539/1539/1539
f 1545/1545/1545 1544/1544/1544 1543/1543/1543
f 1546/1546/1546 1545/1545/1545 1543/1543/1543
f 1549/1549/1549 1548/1548/1548 1547/1547/1547
f 1550/1550/1550 1549/1549/1549 1547/1547/1547
f 1553/1553/1553 1552/1552/1552 1551/1551/1551
f 1554/1554/1554 1553/1553/1553 1551/1551/1551
f 1557/1557/1557 1556/1556/1556 1555/1555/1555
f 1558/1558/1558 1557/1557/1557 1555/1555/1555
f 1561/1561/1561 1560/1560/1560 1559/1559/1559
f 1562/1562/1562 1561/1561/1561 1559/1559/1559
f 1565/1565/1565 1564/1564/1564 1563/1563/1563
f 1566/1566/1566 1565/1565/1565 1563/1563/1563
f 1569/1569/1569 1568/1568/1568 1567/1567/1567
f 1570/1570/1570 1569/1569/1569 1567/1567/1567
f 1573/1573/1573 1572/1572/1572 1571/1571/1571
f 1574/1574/1574 1573/1573/1573 1571/1571/1571
f 1577/1577/1577 1576/1576/1576 1575/1575/1575
f 1578/1578/1578 1577/1577/1577 1575/1575/1575
f 1581/1581/1581 1580/1580/1580 1579/1579/1579
f 1582/1582/1582 1581/1581/1581 1579/1579/1579
f 1585/1585/1585 1584/1584/1584 1583/1583/1583
f 1586/1586/1586 1585/1585/1585 1583/1583/1583
f 1589/1589/1589 1588/1588/1588 1587/1587/1587
f 1590/1590/1590 1589/1589/1589 1587/1587/1587
f 1593/1593/1593 1592/1592/1592 1591/1591/1591
f 1594/1594/1594 1593/1593/1593 1591/1591/1591
f 1597/1597/1597 1596/1596/1596 1595/1595/1595
f 1598/1598/1598 1597/1597/1597 1595/1595/1595
f 1601/1601/1601 1600/1600/1600 1599/1599/1599
f 1602/1602/1602 1601/1601/1601 1599/1599/1599
f 1605/1605/1605 1604/1604/1604 1603/1603/1603
f 1606/1606/1606 1605/1605/1605 1603/1603/1603
f 1606/1606/1606 1603/1603/1603 1607/1607/1607
f 1606/1606/1606 1608/1608/1608 1605/1605/1605
f 1608/1608/1608 1609/1609/1609 1605/1605/1605
f 1610/1610/1610 1609/1609/1609 1608/1608/1608
f 1611/1611/1611 1610/1610/1610 1608/1608/1608
f 1612/1612/1612 1606/1606/1606 1607/1607/1607
f 1608/1608/1608 1606/1606/1606 1612/1612/1612
f 1612/1612/1612 1607/1607/1607 1613/1613/1613
f 1611/1611/1611 1608/1608/1608 1614/1614/1614
f 1614/1614/1614 1608/1608/1608 1612/1612/1612
f 1615/1615/1615 1611/1611/1611 1614/1614/1614
f 1616/1616/1616 1612/1612/1612 1613/1613/1613
f 1614/1614/1614 1612/1612/1612 1616/1616/1616
f 1613/1613/1613 1617/1617/1617 1616/1616/1616
f 1615/1615/1615 1614/1614/1614 1618/1618/1618
f 1618/1618/1618 1614/1614/1614 1616/1616/1616
f 1619/1619/1619 1615/1615/1615 1618/1618/1618
f 1617/1617/1617 1620/1620/1620 1616/1616/1616
f 1616/1616/1616 1620/1620/1620 1618/1618/1618
f 1620/1620/1620 1617/1617/1617 1621/1621/1621
f 1622/1622/1622 1620/1620/1620 1621/1621/1621
f 1618/1618/1618 1623/1623/1623 1619/1619/1619
f 1620/1620/1620 1623/1623/1623 1618/1618/1618
f 1623/1623/1623 1620/1620/1620 1622/1622/1622
f 1623/1623/1623 1624/1624/1624 1619/1619/1619
f 1625/1625/1625 1623/1623/1623 1622/1622/1622
f 1624/1624/1624 1623/1623/1623 1625/1625/1625
f 1626/1626/1626 1624/1624/1624 1625/1625/1625
f 1629/1629/1629 1628/1628/1628 1627/1627/1627
f 1630/1630/1630 1629/1629/1629 1627/1627/1627
f 1633/1633/1633 1632/1632/1632 1631/1631/1631
f 1634/1634/1634 1633/1633/1633 1631/1631/1631
f 1637/1637/1637 1636/1636/1636 1635/1635/1635
f 1638/1638/1638 1637/1637/1637 1635/1635/1635
f 1641/1641/1641 1640/1640/1640 1639/1639/1639
f 1642/1642/1642 1641/1641/1641 1639/1639/1639
f 1643/1643/1643 1642/1642/1642 1639/1639/1639
f 1644/1644/1644 1643/1643/1643 1639/1639/1639
f 1647/1647/1647 1646/1646/1646 1645/1645/1645
f 1646/1646/1646 1648/1648/1648 1645/1645/1645
f 1649/1649/1649 1648/1648/1648 1646/1646/1646
f 1650/1650/1650 1649/1649/1649 1646/1646/1646
f 1653/1653/1653 1652/1652/1652 1651/1651/1651
f 1654/1654/1654 1653/1653/1653 1651/1651/1651
f 1657/1657/1657 1656/1656/1656 1655/1655/1655
f 1658/1658/1658 1657/1657/1657 1655/1655/1655
f 1661/1661/1661 1660/1660/1660 1659/1659/1659
f 1662/1662/1662 1661/1661/1661 1659/1659/1659
f 1665/1665/1665 1664/1664/1664 1663/1663/1663
f 1666/1666/1666 1665/1665/1665 1663/1663/1663
f 1669/1669/1669 1668/1668/1668 1667/1667/1667
f 1670/1670/1670 1669/1669/1669 1667/1667/1667
f 1673/1673/1673 1672/1672/1672 1671/1671/1671
f 1674/1674/1674 1673/1673/1673 1671/1671/1671
f 1677/1677/1677 1676/1676/1676 1675/1675/1675
f 1678/1678/1678 1677/1677/1677 1675/1675/1675
f 1681/1681/1681 1680/1680/1680 1679/1679/1679
f 1682/1682/1682 1681/1681/1681 1679/1679/1679
f 1685/1685/1685 1684/1684/1684 1683/1683/1683
f 1686/1686/1686 1685/1685/1685 1683/1683/1683
f 1689/1689/1689 1688/1688/1688 1687/1687/1687
f 1688/1688/1688 1690/1690/1690 1687/1687/1687
f 1688/1688/1688 1691/1691/1691 1690/1690/1690
f 1691/1691/1691 1692/1692/1692 1690/1690/1690
f 1691/1691/1691 1693/1693/1693 1692/1692/1692
f 1693/1693/1693 1694/1694/1694 1692/1692/1692
f 1697/1697/1697 1696/1696/1696 1695/1695/1695
f 1698/1698/1698 1697/1697/1697 1695/1695/1695
f 1701/1701/1701 1700/1700/1700 1699/1699/1699
f 1702/1702/1702 1701/1701/1701 1699/1699/1699
f 1705/1705/1705 1704/1704/1704 1703/1703/1703
f 1706/1706/1706 1705/1705/1705 1703/1703/1703
f 1709/1709/1709 1708/1708/1708 1707/1707/1707
f 1710/1710/1710 1709/1709/1709 1707/1707/1707
f 1711/1711/1711 1709/1709/1709 1710/1710/1710
f 1714/1714/1714 1713/1713/1713 1712/1712/1712
f 1715/1715/1715 1714/1714/1714 1712/1712/1712
f 1718/1718/1718 1717/1717/1717 1716/1716/1716
f 1717/1717/1717 1719/1719/1719 1716/1716/1716
f 1717/1717/1717 1720/1720/1720 1719/1719/1719
f 1723/1723/1723 1722/1722/1722 1721/1721/1721
f 1722/1722/1722 1724/1724/1724 1721/1721/1721
f 1724/1724/1724 1722/1722/1722 1725/1725/1725
f 1726/1726/1726 1724/1724/1724 1725/1725/1725
f 1729/1729/1729 1728/1728/1728 1727/1727/1727
f 1728/1728/1728 1730/1730/1730 1727/1727/1727
f 1730/1730/1730 1731/1731/1731 1727/1727/1727
f 1731/1731/1731 1732/1732/1732 1727/1727/1727
f 1735/1735/1735 1734/1734/1734 1733/1733/1733
f 1736/1736/1736 1735/1735/1735 1733/1733/1733
f 1739/1739/1739 1738/1738/1738 1737/1737/1737
f 1740/1740/1740 1739/1739/1739 1737/1737/1737
f 1743/1743/1743 1742/1742/1742 1741/1741/1741
f 1744/1744/1744 1743/1743/1743 1741/1741/1741
f 1745/1745/1745 1744/1744/1744 1741/1741/1741
f 1746/1746/1746 1745/1745/1745 1741/1741/1741
f 1749/1749/1749 1748/1748/1748 1747/1747/1747
f 1750/1750/1750 1749/1749/1749 1747/1747/1747
f 1753/1753/1753 1752/1752/1752 1751/1751/1751
f 1754/1754/1754 1753/1753/1753 1751/1751/1751
f 1757/1757/1757 1756/1756/1756 1755/1755/1755
f 1758/1758/1758 1757/1757/1757 1755/1755/1755
f 1761/1761/1761 1760/1760/1760 1759/1759/1759
f 1762/1762/1762 1761/1761/1761 1759/1759/1759
f 1765/1765/1765 1764/1764/1764 1763/1763/1763
f 1766/1766/1766 1765/1765/1765 1763/1763/1763
f 1769/1769/1769 1768/1768/1768 1767/1767/1767
f 1770/1770/1770 1769/1769/1769 1767/1767/1767
f 1773/1773/1773 1772/1772/1772 1771/1771/1771
f 1774/1774/1774 1773/1773/1773 1771/1771/1771
f 1777/1777/1777 1776/1776/1776 1775/1775/1775
f 1778/1778/1778 1777/1777/1777 1775/1775/1775
f 1781/1781/1781 1780/1780/1780 1779/1779/1779
f 1782/1782/1782 1781/1781/1781 1779/1779/1779
f 1785/1785/1785 1784/1784/1784 1783/1783/1783
f 1786/1786/1786 1785/1785/1785 1783/1783/1783
f 1789/1789/1789 1788/1788/1788 1787/1787/1787
f 1790/1790/1790 1789/1789/1789 1787/1787/1787
f 1793/1793/1793 1792/1792/1792 1791/1791/1791
f 1794/1794/1794 1793/1793/1793 1791/1791/1791
f 1797/1797/1797 1796/1796/1796 1795/1795/1795
f 1798/1798/1798 1797/1797/1797 1795/1795/1795
f 1801/1801/1801 1800/1800/1800 1799/1799/1799
f 1802/1802/1802 1801/1801/1801 1799/1799/1799
f 1805/1805/1805 1804/1804/1804 1803/1803/1803
f 1806/1806/1806 1805/1805/1805 1803/1803/1803
f 1809/1809/1809 1808/1808/1808 1807/1807/1807
f 1810/1810/1810 1809/1809/1809 1807/1807/1807
f 1813/1813/1813 1812/1812/1812 1811/1811/1811
f 1814/1814/1814 1813/1813/1813 1811/1811/1811
f 1817/1817/1817 1816/1816/1816 1815/1815/1815
f 1818/1818/1818 1817/1817/1817 1815/1815/1815
f 1821/1821/1821 1820/1820/1820 1819/1819/1819
f 1822/1822/1822 1821/1821/1821 1819/1819/1819
f 1825/1825/1825 1824/1824/1824 1823/1823/1823
f 1826/1826/1826 1825/1825/1825 1823/1823/1823
f 1829/1829/1829 1828/1828/1828 1827/1827/1827
f 1830/1830/1830 1829/1829/1829 1827/1827/1827
f 1833/1833/1833 1832/1832/1832 1831/1831/1831
f 1834/1834/1834 1833/1833/1833 1831/1831/1831
f 1837/1837/1837 1836/1836/1836 1835/1835/1835
f 1838/1838/1838 1837/1837/1837 1835/1835/1835
f 1841/1841/1841 1840/1840/1840 1839/1839/1839
f 1842/1842/1842 1841/1841/1841 1839/1839/1839
f 1845/1845/1845 1844/1844/1844 1843/1843/1843
f 1846/1846/1846 1845/1845/1845 1843/1843/1843
f 1849/1849/1849 1848/1848/1848 1847/1847/1847
f 1850/1850/1850 1849/1849/1849 1847/1847/1847
f 1853/1853/1853 1852/1852/1852 1851/1851/1851
f 1854/1854/1854 1853/1853/1853 1851/1851/1851
f 1857/1857/1857 1856/1856/1856 1855/1855/1855
f 1858/1858/1858 1857/1857/1857 1855/1855/1855
f 1861/1861/1861 1860/1860/1860 1859/1859/1859
f 1862/1862/1862 1861/1861/1861 1859/1859/1859
f 1865/1865/1865 1864/1864/1864 1863/1863/1863
f 1866/1866/1866 1865/1865/1865 1863/1863/1863
f 1869/1869/1869 1868/1868/1868 1867/1867/1867
f 1870/1870/1870 1869/1869/1869 1867/1867/1867
f 1873/1873/1873 1872/1872/1872 1871/1871/1871
f 1874/1874/1874 1873/1873/1873 1871/1871/1871
f 1877/1877/1877 1876/1876/1876 1875/1875/1875
f 1878/1878/1878 1877/1877/1877 1875/1875/1875
f 1881/1881/1881 1880/1880/1880 1879/1879/1879
f 1882/1882/1882 1881/1881/1881 1879/1879/1879
f 1885/1885/1885 1884/1884/1884 1883/1883/1883
f 1886/1886/1886 1885/1885/1885 1883/1883/1883
f 1889/1889/1889 1888/1888/1888 1887/1887/1887
f 1890/1890/1890 1889/1889/1889 1887/1887/1887
f 1893/1893/1893 1892/1892/1892 1891/1891/1891
f 1894/1894/1894 1893/1893/1893 1891/1891/1891
f 1897/1897/1897 1896/1896/1896 1895/1895/1895
f 1898/1898/1898 1897/1897/1897 1895/1895/1895
f 1901/1901/1901 1900/1900/1900 1899/1899/1899
f 1902/1902/1902 1901/1901/1901 1899/1899/1899
f 1905/1905/1905 1904/1904/1904 1903/1903/1903
f 1906/1906/1906 1905/1905/1905 1903/1903/1903
f 1909/1909/1909 1908/1908/1908 1907/1907/1907
f 1910/1910/1910 1909/1909/1909 1907/1907/1907
f 1913/1913/1913 1912/1912/1912 1911/1911/1911
f 1914/1914/1914 1913/1913/1913 1911/1911/1911
f 1917/1917/1917 1916/1916/1916 1915/1915/1915
f 1918/1918/1918 1917/1917/1917 1915/1915/1915
f 1921/1921/1921 1920/1920/1920 1919/1919/1919
f 1922/1922/1922 1921/1921/1921 1919/1919/1919
f 1925/1925/1925 1924/1924/1924 1923/1923/1923
f 1926/1926/1926 1925/1925/1925 1923/1923/1923
f 1929/1929/1929 1928/1928/1928 1927/1927/1927
f 1930/1930/1930 1929/1929/1929 1927/1927/1927
f 1933/1933/1933 1932/1932/1932 1931/1931/1931
f 1934/1934/1934 1933/1933/1933 1931/1931/1931
f 1937/1937/1937 1936/1936/1936 1935/1935/1935
f 1938/1938/1938 1937/1937/1937 1935/1935/1935
f 1941/1941/1941 1940/1940/1940 1939/1939/1939
f 1942/1942/1942 1941/1941/1941 1939/1939/1939
f 1945/1945/1945 1944/1944/1944 1943/1943/1943
f 1946/1946/1946 1945/1945/1945 1943/1943/1943
f 1949/1949/1949 1948/1948/1948 1947/1947/1947
f 1950/1950/1950 1949/1949/1949 1947/1947/1947
f 1953/1953/1953 1952/1952/1952 1951/1951/1951
f 1954/1954/1954 1953/1953/1953 1951/1951/1951
f 1957/1957/1957 1956/1956/1956 1955/1955/1955
f 1958/1958/1958 1957/1957/1957 1955/1955/1955
f 1961/1961/1961 1960/1960/1960 1959/1959/1959
f 1962/1962/1962 1961/1961/1961 1959/1959/1959
f 1965/1965/1965 1964/1964/1964 1963/1963/1963
f 1966/1966/1966 1965/1965/1965 1963/1963/1963
f 1969/1969/1969 1968/1968/1968 1967/1967/1967
f 1970/1970/1970 1969/1969/1969 1967/1967/1967
f 1973/1973/1973 1972/1972/1972 1971/1971/1971
f 1974/1974/1974 1973/1973/1973 1971/1971/1971
f 1977/1977/1977 1976/1976/1976 1975/1975/1975
f 1978/1978/1978 1977/1977/1977 1975/1975/1975
f 1981/1981/1981 1980/1980/1980 1979/1979/1979
f 1982/1982/1982 1981/1981/1981 1979/1979/1979
f 1985/1985/1985 1984/1984/1984 1983/1983/1983
f 1986/1986/1986 1985/1985/1985 1983/1983/1983
f 1989/1989/1989 1988/1988/1988 1987/1987/1987
f 1990/1990/1990 1989/1989/1989 1987/1987/1987
f 1993/1993/1993 1992/1992/1992 1991/1991/1991
f 1994/1994/1994 1993/1993/1993 1991/1991/1991
f 1997/1997/1997 1996/1996/1996 1995/1995/1995
f 1998/1998/1998 1997/1997/1997 1995/1995/1995
f 2001/2001/2001 2000/2000/2000 1999/1999/1999
f 2002/2002/2002 2001/2001/2001 1999/1999/1999
f 2005/2005/2005 2004/2004/2004 2003/2003/2003
f 2006/2006/2006 2005/2005/2005 2003/2003/2003
f 2009/2009/2009 2008/2008/2008 2007/2007/2007
f 2010/2010/2010 2009/2009/2009 2007/2007/2007
f 2013/2013/2013 2012/2012/2012 2011/2011/2011
f 2014/2014/2014 2013/2013/2013 2011/2011/2011
f 2017/2017/2017 2016/2016/2016 2015/2015/2015
f 2018/2018/2018 2017/2017/2017 2015/2015/2015
f 2021/2021/2021 2020/2020/2020 2019/2019/2019
f 2022/2022/2022 2021/2021/2021 2019/2019/2019
f 2025/2025/2025 2024/2024/2024 2023/2023/2023
f 2026/2026/2026 2025/2025/2025 2023/2023/2023
f 2029/2029/2029 2028/2028/2028 2027/2027/2027
f 2030/2030/2030 2029/2029/2029 2027/2027/2027
f 2033/2033/2033 2032/2032/2032 2031/2031/2031
f 2034/2034/2034 2033/2033/2033 2031/2031/2031
f 2037/2037/2037 2036/2036/2036 2035/2035/2035
f 2038/2038/2038 2037/2037/2037 2035/2035/2035
f 2041/2041/2041 2040/2040/2040 2039/2039/2039
f 2042/2042/2042 2041/2041/2041 2039/2039/2039
f 2045/2045/2045 2044/2044/2044 2043/2043/2043
f 2046/2046/2046 2045/2045/2045 2043/2043/2043
f 2049/2049/2049 2048/2048/2048 2047/2047/2047
f 2050/2050/2050 2049/2049/2049 2047/2047/2047
f 2053/2053/2053 2052/2052/2052 2051/2051/2051
f 2054/2054/2054 2053/2053/2053 2051/2051/2051
f 2057/2057/2057 2056/2056/2056 2055/2055/2055
f 2058/2058/2058 2057/2057/2057 2055/2055/2055
f 2061/2061/2061 2060/2060/2060 2059/2059/2059
f 2062/2062/2062 2061/2061/2061 2059/2059/2059
f 2065/2065/2065 2064/2064/2064 2063/2063/2063
f 2066/2066/2066 2065/2065/2065 2063/2063/2063
f 2069/2069/2069 2068/2068/2068 2067/2067/2067
f 2070/2070/2070 2069/2069/2069 2067/2067/2067
f 2073/2073/2073 2072/2072/2072 2071/2071/2071
f 2074/2074/2074 2073/2073/2073 2071/2071/2071
f 2077/2077/2077 2076/2076/2076 2075/2075/2075
f 2076/2076/2076 2078/2078/2078 2075/2075/2075
f 2076/2076/2076 2077/2077/2077 2079/2079/2079
f 2078/2078/2078 2076/2076/2076 2080/2080/2080
f 2081/2081/2081 2076/2076/2076 2079/2079/2079
f 2076/2076/2076 2082/2082/2082 2080/2080/2080
f 2076/2076/2076 2081/2081/2081 2083/2083/2083
f 2082/2082/2082 2076/2076/2076 2083/2083/2083
f 2086/2086/2086 2085/2085/2085 2084/2084/2084
f 2087/2087/2087 2086/2086/2086 2084/2084/2084
f 2085/2085/2085 2086/2086/2086 2088/2088/2088
f 2086/2086/2086 2087/2087/2087 2089/2089/2089
f 2086/2086/2086 2090/2090/2090 2088/2088/2088
f 2091/2091/2091 2086/2086/2086 2089/2089/2089
f 2090/2090/2090 2086/2086/2086 2092/2092/2092
f 2086/2086/2086 2091/2091/2091 2092/2092/2092
