g man-saha_T
v -0 1.50193691 0.0618343018
v -0 1.45166028 0.0931169093
v -0.0321120843 1.4687897 0.0689725131
v -0.156450689 1.4866761 -0.0965048671
v -0 1.47571099 -0.0937131047
v -0.103580236 1.50336027 -0.0739349872
v -0.233262882 0.542511523 0.0865089372
v -0.234759107 0.468322426 0.0798183382
v -0.220575541 0.500930786 -0.0220398381
v -0.442996472 1.34269702 -0.0979042575
v -0.481918424 1.34409416 -0.0937917978
v -0.464794695 1.34477413 -0.0554555058
v -0.150484756 0.312370807 0.0740240589
v -0 0.310714185 0.0916543975
v -0.0499882363 0.330514193 0.0464990139
v -0.158135712 0.947849154 0.109629072
v -0 1.04376137 0.139964357
v -0 0.953550398 0.144247413
v -0.155840158 1.16257536 0.0982436314
v -0.0511549786 1.0977416 0.130058274
v -0.0416736715 1.33219409 0.0998458266
v -0 1.33115423 0.111272037
v -0 1.21244812 0.128311008
v -0.084539786 1.49675608 0.0295532383
v -0.0321120843 1.4687897 0.0689725131
v -0.0416736715 1.33219409 0.0998458266
v -0 1.12980914 0.140982345
v -0 1.0977416 0.151423514
v -0.028570408 1.09928691 0.144354507
v -0 1.0977416 0.151423514
v -0 1.07385552 0.145789132
v -0.028570408 1.09928691 0.144354507
v -0.0511549786 1.0977416 0.130058274
v -0 1.04376137 0.139964357
v -0.158135712 0.947849154 0.109629072
v -0 0.953550398 0.144247413
v -0.158508286 0.722691536 0.10710866
v -0 0.718112886 0.135086328
v -0.0824151337 1.64252973 0.0254268087
v -0.0881455988 1.6850642 0.00594659988
v -0.0823123828 1.71922708 0.00626761094
v -0 1.50193691 0.0618343018
v 0.0321120843 1.4687897 0.0689725131
v -0 1.45166028 0.0931169093
v 0.156450689 1.4866761 -0.0965048671
v 0.103580236 1.50336027 -0.0739349872
v -0 1.47571099 -0.0937131047
v 0.233262882 0.542511523 0.0865089372
v 0.220575541 0.500930786 -0.0220398381
v 0.234759107 0.468322426 0.0798183382
v 0.442996472 1.34269702 -0.0979042575
v 0.464794695 1.34477413 -0.0554555058
v 0.481918424 1.34409416 -0.0937917978
v 0.150484756 0.312370807 0.0740240589
v 0.0499882363 0.330514193 0.0464990139
v -0 0.310714185 0.0916543975
v 0.158135712 0.947849154 0.109629072
v -0 0.953550398 0.144247413
v -0 1.04376137 0.139964357
v 0.155840158 1.16257536 0.0982436314
v 0.0511549786 1.0977416 0.130058274
v 0.0416736715 1.33219409 0.0998458266
v -0 1.21244812 0.128311008
v -0 1.33115423 0.111272037
v 0.084539786 1.49675608 0.0295532383
v 0.0416736715 1.33219409 0.0998458266
v 0.0321120843 1.4687897 0.0689725131
v -0 1.12980914 0.140982345
v 0.028570408 1.09928691 0.144354507
v -0 1.0977416 0.151423514
v -0 1.0977416 0.151423514
v 0.028570408 1.09928691 0.144354507
v -0 1.07385552 0.145789132
v 0.0511549786 1.0977416 0.130058274
v 0.158135712 0.947849154 0.109629072
v -0 1.04376137 0.139964357
v -0 0.953550398 0.144247413
v 0.158508286 0.722691536 0.10710866
v -0 0.718112886 0.135086328
v 0.0824151337 1.64252973 0.0254268087
v 0.0823123828 1.71922708 0.00626761094
v 0.0881455988 1.6850642 0.00594659988
v -0.0637545958 0.0742609501 0.0324525461
v -0.0720114708 0.000691652298 -0.0775388926
v -0.0600712597 0.000691652298 0.161406249
v -0.0603878424 0.0353850126 0.158216044
v -0.153410062 0.0348385572 0.118769884
v -0.155542612 0.000691652298 0.11888659
v -0.147646725 0.000691652298 -0.0943963826
v -0.151964843 0.0758746862 0.0235901382
v -0.155542612 0.000691652298 0.11888659
v -0.0600712597 0.000691652298 0.161406249
v -0.0720114708 0.000691652298 -0.0775388926
v -0.147646725 0.000691652298 -0.0943963826
v -0.0637545958 0.0742609501 0.0324525461
v -0.0603878424 0.0353850126 0.158216044
v -0.153410062 0.0348385572 0.118769884
v -0.151964843 0.0758746862 0.0235901382
v -0.153410062 0.0348385572 0.118769884
v -0.0603878424 0.0353850126 0.158216044
v -0.0600712597 0.000691652298 0.161406249
v -0.155542612 0.000691652298 0.11888659
v -0.210962251 1.31671691 -0.1009451
v -0.213868946 1.32010126 0.0573492832
v -0.219724864 1.16515493 0.0815577433
v -0.21368812 1.16190493 -0.102258541
v -0.225415096 0.945258379 0.0938978791
v -0.21120891 0.929919004 -0.113352597
v -0.216006249 0.726228952 -0.117891759
v -0.228710279 0.724857092 0.0938761234
v -0.233262882 0.542511523 0.0865089372
v -0.214212552 0.500989318 -0.116615325
v -0.220575541 0.500930786 -0.0220398381
v -0.234759107 0.468322426 0.0798183382
v -0.208293751 0.324409574 -0.131906673
v -0.223558635 0.313175261 0.0654629394
v -0.150637776 1.3349129 0.0699697211
v -0.164318979 1.48756778 0.03025233
v -0.124621913 1.4921397 0.0299044717
v -0.0833909437 1.33323503 0.088407658
v -0.071407266 1.51351297 -0.0602006577
v -0.084539786 1.49675608 0.0295532383
v -0.124621913 1.4921397 0.0299044717
v -0.103580236 1.50336027 -0.0739349872
v -0.219724864 1.16515493 0.0815577433
v -0.155840158 1.16257536 0.0982436314
v -0.158135712 0.947849154 0.109629072
v -0.225415096 0.945258379 0.0938978791
v -0.071407266 1.51351297 -0.0602006577
v -0 1.51108146 -0.078862533
v -0 1.51732635 -0.05734317
v -0.0536656976 1.52240825 -0.0500559732
v -0 1.47571099 -0.0937131047
v -0.156450689 1.4866761 -0.0965048671
v -0.15106988 1.32588017 -0.106169537
v -0 1.32068264 -0.11454571
v -0.210962251 1.31671691 -0.1009451
v -0.14999257 1.15850163 -0.114092648
v -0.15106988 1.32588017 -0.106169537
v -0.21368812 1.16190493 -0.102258541
v -0.146970302 0.932228088 -0.12283399
v -0.21120891 0.929919004 -0.113352597
v -0.216006249 0.726228952 -0.117891759
v -0.147416934 0.724877179 -0.132637948
v -0.0686195642 1.57189894 0.0307114311
v -0.0585379414 1.57488501 -0.0305506922
v -0.0627604425 1.60810709 -0.0415181108
v -0.0824151337 1.64252973 0.0254268087
v -0.0745547339 1.74574912 0.0716121048
v -0 1.76016152 0.106451601
v -0 1.6648823 0.132341862
v -0.0816088915 1.65865052 0.0923305899
v -0 1.50193691 0.0618343018
v -0.0666455179 1.51028347 0.031693846
v -0.0686195642 1.57189894 0.0307114311
v -0 1.55397701 0.055872228
v -0.0686195642 1.57189894 0.0307114311
v -0.0725451633 1.57611573 0.0942777619
v -0 1.57014716 0.122790717
v -0 1.55397701 0.055872228
v -0 1.57310963 -0.0466490462
v -0 1.60479033 -0.0608786084
v -0.0627604425 1.60810709 -0.0415181108
v -0.0585379414 1.57488501 -0.0305506922
v -0.0686195642 1.57189894 0.0307114311
v -0.0666455179 1.51028347 0.031693846
v -0.0536656976 1.52240825 -0.0500559732
v -0.0585379414 1.57488501 -0.0305506922
v -0 1.57014716 0.122790717
v -0.0725451633 1.57611573 0.0942777619
v -0.0816088915 1.65865052 0.0923305899
v -0 1.6648823 0.132341862
v -0.0585379414 1.57488501 -0.0305506922
v -0.0536656976 1.52240825 -0.0500559732
v -0 1.51732635 -0.05734317
v -0 1.57310963 -0.0466490462
v -0.0816088915 1.65865052 0.0923305899
v -0.0725451633 1.57611573 0.0942777619
v -0.0686195642 1.57189894 0.0307114311
v -0.0824151337 1.64252973 0.0254268087
v -0.076554738 1.69209802 0.0332346819
v -0.0941142067 1.69439781 0.0104335323
v -0.0953383222 1.6915127 -0.000563278794
v -0.0717765763 1.69115841 -4.85498458E-05
v -0.0719751045 1.63288522 0.0427064337
v -0.0894007906 1.64063191 0.0198900942
v -0.0941142067 1.69439781 0.0104335323
v -0.076554738 1.69209802 0.0332346819
v -0.0941142067 1.69439781 0.0104335323
v -0.0894007906 1.64063191 0.0198900942
v -0.0902447328 1.63802934 0.0130662955
v -0.0953383222 1.6915127 -0.000563278794
v -0.0717765763 1.69115841 -4.85498458E-05
v -0.0953383222 1.6915127 -0.000563278794
v -0.0902447328 1.63802934 0.0130662955
v -0.0726242363 1.62875867 0.0128333112
v -0.0726242363 1.62875867 0.0128333112
v -0.0902447328 1.63802934 0.0130662955
v -0.0894007906 1.64063191 0.0198900942
v -0.0719751045 1.63288522 0.0427064337
v -0.0729705244 1.65348399 -0.0601874776
v -0.07097435 1.69137347 -0.0629262254
v -0.0823123828 1.71922708 0.00626761094
v -0.0881455988 1.6850642 0.00594659988
v -0.0729705244 1.65348399 -0.0601874776
v -0.0627604425 1.60810709 -0.0415181108
v -0 1.60479033 -0.0608786084
v -0 1.64503205 -0.0893244743
v -0.0536656976 1.52240825 -0.0500559732
v -0.0666455179 1.51028347 0.031693846
v -0.084539786 1.49675608 0.0295532383
v -0.071407266 1.51351297 -0.0602006577
v -0.213868946 1.32010126 0.0573492832
v -0.150637776 1.3349129 0.0699697211
v -0.155840158 1.16257536 0.0982436314
v -0.219724864 1.16515493 0.0815577433
v -0.214212552 0.500989318 -0.116615325
v -0.137838662 0.499454767 -0.134640098
v -0.147416934 0.724877179 -0.132637948
v -0.216006249 0.726228952 -0.117891759
v -0.147646725 0.000691652298 -0.0943963826
v -0.13569659 0.160106629 -0.0758891478
v -0.13598007 0.162690103 0.00502691744
v -0.151964843 0.0758746862 0.0235901382
v -0.158252195 0.330514193 0.0264555812
v -0.0499882363 0.330514193 0.0464990139
v -0.0720790848 0.161065638 0.0178857166
v -0.13598007 0.162690103 0.00502691744
v -0.156227157 0.330514193 -0.103180096
v -0.13569659 0.160106629 -0.0758891478
v -0.0833844617 0.156613767 -0.0674391836
v -0.0651281625 0.330514193 -0.0936891735
v -0.0651281625 0.330514193 -0.0936891735
v -0.0833844617 0.156613767 -0.0674391836
v -0.0720790848 0.161065638 0.0178857166
v -0.0499882363 0.330514193 0.0464990139
v -0.13598007 0.162690103 0.00502691744
v -0.0720790848 0.161065638 0.0178857166
v -0.0637545958 0.0742609501 0.0324525461
v -0.151964843 0.0758746862 0.0235901382
v -0.0833844617 0.156613767 -0.0674391836
v -0.0720114708 0.000691652298 -0.0775388926
v -0.0637545958 0.0742609501 0.0324525461
v -0.0720790848 0.161065638 0.0178857166
v -0.13569659 0.160106629 -0.0758891478
v -0.147646725 0.000691652298 -0.0943963826
v -0.0720114708 0.000691652298 -0.0775388926
v -0.0833844617 0.156613767 -0.0674391836
v -0.156227157 0.330514193 -0.103180096
v -0.208293751 0.324409574 -0.131906673
v -0.223558635 0.313175261 0.0654629394
v -0.158252195 0.330514193 0.0264555812
v -0.233262882 0.542511523 0.0865089372
v -0.228710279 0.724857092 0.0938761234
v -0.158508286 0.722691536 0.10710866
v -0.159033194 0.540604949 0.0970260724
v -0.234759107 0.468322426 0.0798183382
v -0.159457624 0.467252463 0.0927101076
v -0.150484756 0.312370807 0.0740240589
v -0.223558635 0.313175261 0.0654629394
v -0.0937606394 1.74076104 -0.104306974
v -0.0937368274 1.75631475 -0.095806621
v -0.0926279649 1.78982806 -0.0231354721
v -0.10598921 1.77506804 -0.0131786922
v -0.0926279649 1.78982806 -0.0231354721
v -0 1.82531559 -0.0610559061
v -0 1.83626902 0.0894313529
v -0.0557456426 1.81695211 0.0468371809
v -0.10598921 1.77506804 -0.0131786922
v -0.0926279649 1.78982806 -0.0231354721
v -0.0557456426 1.81695211 0.0468371809
v -0.0863578543 1.80365467 0.0744553134
v -0.0823123828 1.71922708 0.00626761094
v -0.0745547339 1.74574912 0.0716121048
v -0 1.68416715 -0.0899629667
v -0.07097435 1.69137347 -0.0629262254
v -0.0863578543 1.80365467 0.0744553134
v -0 1.83872151 0.126686886
v -0 1.76016152 0.106451601
v -0.0745547339 1.74574912 0.0716121048
v -0.0937368274 1.75631475 -0.095806621
v -0 1.75218153 -0.126225442
v -0 1.82531559 -0.0610559061
v -0.0926279649 1.78982806 -0.0231354721
v -0.688858271 1.40445614 -0.0511531271
v -0.688515961 1.40010011 0.00583780603
v -0.713487804 1.3305372 0.0466034189
v -0.719911754 1.33090782 -0.0804351196
v -0.817711473 1.42338383 0.0276589524
v -0.821691036 1.42625093 -0.0571217723
v -0.76657027 1.43447518 -0.0560028814
v -0.76455605 1.42982459 0.0213604718
v -0.910261512 1.36960316 0.00596339721
v -0.915140271 1.38380349 0.0145415589
v -0.817711473 1.42338383 0.0276589524
v -0.81662637 1.39041388 0.0188635122
v -0.821691036 1.42625093 -0.0571217723
v -0.903786182 1.38683999 -0.0627365112
v -0.898747265 1.37267137 -0.0642568618
v -0.790706217 1.40232897 -0.0584636219
v -0.76657027 1.43447518 -0.0560028814
v -0.756833375 1.40557384 -0.0576300956
v -0.898747265 1.37267137 -0.0642568618
v -0.910261512 1.36960316 0.00596339721
v -0.81662637 1.39041388 0.0188635122
v -0.790706217 1.40232897 -0.0584636219
v -0.81662637 1.39041388 0.0188635122
v -0.759392381 1.39292657 0.0199152622
v -0.756833375 1.40557384 -0.0576300956
v -0.790706217 1.40232897 -0.0584636219
v -0.691679895 1.43881655 0.0127785895
v -0.693079233 1.44057977 -0.0533101149
v -0.725512326 1.46042621 -0.0844483301
v -0.721959174 1.45745122 0.0434064567
v -0.837314487 1.35590899 0.042959366
v -0.807834625 1.37352252 0.0253557693
v -0.810581744 1.39516854 0.0376328714
v -0.842909336 1.37022257 0.0411064811
v -0.807834625 1.37352252 0.0253557693
v -0.81662637 1.39041388 0.0188635122
v -0.817711473 1.42338383 0.0276589524
v -0.810581744 1.39516854 0.0376328714
v -0.81662637 1.39041388 0.0188635122
v -0.807834625 1.37352252 0.0253557693
v -0.792644322 1.37394571 0.0470708869
v -0.759392381 1.39292657 0.0199152622
v -0.76455605 1.42982459 0.0213604718
v -0.795909226 1.39363885 0.0499055423
v -0.810581744 1.39516854 0.0376328714
v -0.817711473 1.42338383 0.0276589524
v -0.693079233 1.44057977 -0.0533101149
v -0.76657027 1.43447518 -0.0560028814
v -0.756833375 1.40557384 -0.0576300956
v -0.688858271 1.40445614 -0.0511531271
v -0.842909336 1.37022257 0.0411064811
v -0.836344659 1.37140179 0.0503714122
v -0.832122862 1.3577472 0.0519033261
v -0.837314487 1.35590899 0.042959366
v -0.910261512 1.36960316 0.00596339721
v -0.898747265 1.37267137 -0.0642568618
v -0.903786182 1.38683999 -0.0627365112
v -0.915140271 1.38380349 0.0145415589
v -0.915140271 1.38380349 0.0145415589
v -0.903786182 1.38683999 -0.0627365112
v -0.821691036 1.42625093 -0.0571217723
v -0.817711473 1.42338383 0.0276589524
v -0.213868946 1.32010126 0.0573492832
v -0.210962251 1.31671691 -0.1009451
v -0.442996472 1.34269702 -0.0979042575
v -0.464794695 1.34477413 -0.0554555058
v -0.459739983 1.34123468 0.0324484222
v -0.213868946 1.32010126 0.0573492832
v -0.233679637 1.48342872 0.0156627037
v -0.164318979 1.48756778 0.03025233
v -0.150637776 1.3349129 0.0699697211
v -0.442996472 1.34269702 -0.0979042575
v -0.210962251 1.31671691 -0.1009451
v -0.232611641 1.48051333 -0.0913676545
v -0.440131515 1.47338533 -0.0897703618
v -0.464794695 1.34477413 -0.0554555058
v -0.481918424 1.34409416 -0.0937917978
v -0.600827754 1.33902311 -0.0811723769
v -0.591775596 1.33679426 0.0389858186
v -0.459739983 1.34123468 0.0324484222
v -0.210962251 1.31671691 -0.1009451
v -0.156450689 1.4866761 -0.0965048671
v -0.232611641 1.48051333 -0.0913676545
v -0.15106988 1.32588017 -0.106169537
v -0.691679895 1.43881655 0.0127785895
v -0.721959174 1.45745122 0.0434064567
v -0.713487804 1.3305372 0.0466034189
v -0.688515961 1.40010011 0.00583780603
v -0.440131515 1.47338533 -0.0897703618
v -0.232611641 1.48051333 -0.0913676545
v -0.233679637 1.48342872 0.0156627037
v -0.462870181 1.47289908 -0.0433466583
v -0.459057301 1.47473776 0.0264425781
v -0.590394199 1.46614945 0.030260209
v -0.604251981 1.46503401 -0.078338623
v -0.482991666 1.46964169 -0.0841110945
v -0.440131515 1.47338533 -0.0897703618
v -0.832122862 1.3577472 0.0519033261
v -0.792644322 1.37394571 0.0470708869
v -0.807834625 1.37352252 0.0253557693
v -0.837314487 1.35590899 0.042959366
v -0.832122862 1.3577472 0.0519033261
v -0.836344659 1.37140179 0.0503714122
v -0.795909226 1.39363885 0.0499055423
v -0.792644322 1.37394571 0.0470708869
v -0.836344659 1.37140179 0.0503714122
v -0.842909336 1.37022257 0.0411064811
v -0.810581744 1.39516854 0.0376328714
v -0.795909226 1.39363885 0.0499055423
v -0.759392381 1.39292657 0.0199152622
v -0.792644322 1.37394571 0.0470708869
v -0.795909226 1.39363885 0.0499055423
v -0.76455605 1.42982459 0.0213604718
v -0.156450689 1.4866761 -0.0965048671
v -0.164318979 1.48756778 0.03025233
v -0.233679637 1.48342872 0.0156627037
v -0.232611641 1.48051333 -0.0913676545
v -0.440131515 1.47338533 -0.0897703618
v -0.481918424 1.34409416 -0.0937917978
v -0.442996472 1.34269702 -0.0979042575
v -0.482991666 1.46964169 -0.0841110945
v -0.600827754 1.33902311 -0.0811723769
v -0.604251981 1.46503401 -0.078338623
v -0.604251981 1.46503401 -0.078338623
v -0.725512326 1.46042621 -0.0844483301
v -0.719911754 1.33090782 -0.0804351196
v -0.600827754 1.33902311 -0.0811723769
v -0.590394199 1.46614945 0.030260209
v -0.459057301 1.47473776 0.0264425781
v -0.459739983 1.34123468 0.0324484222
v -0.591775596 1.33679426 0.0389858186
v -0.459739983 1.34123468 0.0324484222
v -0.459057301 1.47473776 0.0264425781
v -0.233679637 1.48342872 0.0156627037
v -0.213868946 1.32010126 0.0573492832
v -0.76455605 1.42982459 0.0213604718
v -0.691679895 1.43881655 0.0127785895
v -0.688515961 1.40010011 0.00583780603
v -0.759392381 1.39292657 0.0199152622
v -0.725512326 1.46042621 -0.0844483301
v -0.693079233 1.44057977 -0.0533101149
v -0.688858271 1.40445614 -0.0511531271
v -0.719911754 1.33090782 -0.0804351196
v -0.76455605 1.42982459 0.0213604718
v -0.76657027 1.43447518 -0.0560028814
v -0.693079233 1.44057977 -0.0533101149
v -0.691679895 1.43881655 0.0127785895
v -0.756833375 1.40557384 -0.0576300956
v -0.759392381 1.39292657 0.0199152622
v -0.688515961 1.40010011 0.00583780603
v -0.688858271 1.40445614 -0.0511531271
v -0.721959174 1.45745122 0.0434064567
v -0.590394199 1.46614945 0.030260209
v -0.591775596 1.33679426 0.0389858186
v -0.713487804 1.3305372 0.0466034189
v -0.713487804 1.3305372 0.0466034189
v -0.591775596 1.33679426 0.0389858186
v -0.600827754 1.33902311 -0.0811723769
v -0.719911754 1.33090782 -0.0804351196
v -0.721959174 1.45745122 0.0434064567
v -0.725512326 1.46042621 -0.0844483301
v -0.604251981 1.46503401 -0.078338623
v -0.590394199 1.46614945 0.030260209
v -0 0.496856451 -0.14726755
v -0.137838662 0.499454767 -0.134640098
v -0.135215759 0.323689431 -0.137847096
v -0 0.322356969 -0.148838639
v -0 0.465129912 0.118283935
v -0 0.310714185 0.0916543975
v -0.150484756 0.312370807 0.0740240589
v -0.159457624 0.467252463 0.0927101076
v -0.13569659 0.160106629 -0.0758891478
v -0.156227157 0.330514193 -0.103180096
v -0.158252195 0.330514193 0.0264555812
v -0.13598007 0.162690103 0.00502691744
v -0 0.322356969 -0.148838639
v -0.0651281625 0.330514193 -0.0936891735
v -0.0499882363 0.330514193 0.0464990139
v -0 0.310714185 0.0916543975
v -0.135215759 0.323689431 -0.137847096
v -0.0651281625 0.330514193 -0.0936891735
v -0 0.322356969 -0.148838639
v -0.208293751 0.324409574 -0.131906673
v -0.156227157 0.330514193 -0.103180096
v -0.0937606394 1.74076104 -0.104306974
v -0 1.73023045 -0.135700256
v -0 1.75218153 -0.126225442
v -0.0937368274 1.75631475 -0.095806621
v -0.158508286 0.722691536 0.10710866
v -0 0.718112886 0.135086328
v -0 0.536573768 0.119262949
v -0.159033194 0.540604949 0.0970260724
v -0 0.465129912 0.118283935
v -0.159457624 0.467252463 0.0927101076
v -0.158508286 0.722691536 0.10710866
v -0.228710279 0.724857092 0.0938761234
v -0.225415096 0.945258379 0.0938978791
v -0.158135712 0.947849154 0.109629072
v -0.150637776 1.3349129 0.0699697211
v -0.0833909437 1.33323503 0.088407658
v -0 1.16365588 0.132013515
v -0.155840158 1.16257536 0.0982436314
v -0.0511549786 1.0977416 0.130058274
v -0.14999257 1.15850163 -0.114092648
v -0 1.32068264 -0.11454571
v -0.15106988 1.32588017 -0.106169537
v -0 1.15095687 -0.123573989
v -0.146970302 0.932228088 -0.12283399
v -0 0.937194288 -0.128831416
v -0.147416934 0.724877179 -0.132637948
v -0 0.722170472 -0.130126685
v -0.137838662 0.499454767 -0.134640098
v -0 0.496856451 -0.14726755
v -0.137838662 0.499454767 -0.134640098
v -0.214212552 0.500989318 -0.116615325
v -0.208293751 0.324409574 -0.131906673
v -0.135215759 0.323689431 -0.137847096
v -0.223558635 0.313175261 0.0654629394
v -0.150484756 0.312370807 0.0740240589
v -0.0499882363 0.330514193 0.0464990139
v -0.158252195 0.330514193 0.0264555812
v -0.07097435 1.69137347 -0.0629262254
v -0 1.68416715 -0.0899629667
v -0 1.73023045 -0.135700256
v -0.0937606394 1.74076104 -0.104306974
v -0.0557456426 1.81695211 0.0468371809
v -0 1.83626902 0.0894313529
v -0 1.83872151 0.126686886
v -0.0863578543 1.80365467 0.0744553134
v -0.0823123828 1.71922708 0.00626761094
v -0.10598921 1.77506804 -0.0131786922
v -0.0863578543 1.80365467 0.0744553134
v -0.0745547339 1.74574912 0.0716121048
v -0.07097435 1.69137347 -0.0629262254
v -0.0937606394 1.74076104 -0.104306974
v -0.10598921 1.77506804 -0.0131786922
v -0.0823123828 1.71922708 0.00626761094
v -0 1.71048319 0.12486016
v -0.0174299106 1.66743767 0.12793833
v -0.0683463588 1.6654253 0.100849137
v -0.0782734826 1.70530593 0.090642035
v -0 1.72117388 0.121925592
v -0 1.71048319 0.12486016
v -0.0782734826 1.70530593 0.090642035
v -0.0791669041 1.71421146 0.0883360431
v -0.0791669041 1.71421146 0.0883360431
v -0.0782734826 1.70530593 0.090642035
v -0.0864391699 1.69104683 0.00101722777
v -0.0885987356 1.70001268 -0.00339899957
v -0 1.33115423 0.111272037
v -0.0416736715 1.33219409 0.0998458266
v -0.0321120843 1.4687897 0.0689725131
v -0 1.45166028 0.0931169093
v -0.0666455179 1.51028347 0.031693846
v -0 1.50193691 0.0618343018
v -0.0321120843 1.4687897 0.0689725131
v -0.084539786 1.49675608 0.0295532383
v -0.124621913 1.4921397 0.0299044717
v -0.084539786 1.49675608 0.0295532383
v -0.0416736715 1.33219409 0.0998458266
v -0.0833909437 1.33323503 0.088407658
v -0 1.47571099 -0.0937131047
v -0 1.51108146 -0.078862533
v -0.071407266 1.51351297 -0.0602006577
v -0.103580236 1.50336027 -0.0739349872
v -0.124621913 1.4921397 0.0299044717
v -0.164318979 1.48756778 0.03025233
v -0.156450689 1.4866761 -0.0965048671
v -0.103580236 1.50336027 -0.0739349872
v -0.0833909437 1.33323503 0.088407658
v -0.0416736715 1.33219409 0.0998458266
v -0 1.21244812 0.128311008
v -0 1.16365588 0.132013515
v -0 1.07385552 0.145789132
v -0 1.04376137 0.139964357
v -0.0511549786 1.0977416 0.130058274
v -0.028570408 1.09928691 0.144354507
v -0.028570408 1.09928691 0.144354507
v -0.0511549786 1.0977416 0.130058274
v -0 1.16365588 0.132013515
v -0 1.12980914 0.140982345
v -0.07097435 1.69137347 -0.0629262254
v -0.0729705244 1.65348399 -0.0601874776
v -0 1.64503205 -0.0893244743
v -0 1.68416715 -0.0899629667
v -0.0627604425 1.60810709 -0.0415181108
v -0.0729705244 1.65348399 -0.0601874776
v -0.0881455988 1.6850642 0.00594659988
v -0.0824151337 1.64252973 0.0254268087
v -0.0816088915 1.65865052 0.0923305899
v -0.0824151337 1.64252973 0.0254268087
v -0.0823123828 1.71922708 0.00626761094
v -0.0745547339 1.74574912 0.0716121048
v 0.0637545958 0.0742609501 0.0324525461
v 0.0603878424 0.0353850126 0.158216044
v 0.0600712597 0.000691652298 0.161406249
v 0.0720114708 0.000691652298 -0.0775388926
v 0.153410062 0.0348385572 0.118769884
v 0.151964843 0.0758746862 0.0235901382
v 0.147646725 0.000691652298 -0.0943963826
v 0.155542612 0.000691652298 0.11888659
v 0.155542612 0.000691652298 0.11888659
v 0.147646725 0.000691652298 -0.0943963826
v 0.0720114708 0.000691652298 -0.0775388926
v 0.0600712597 0.000691652298 0.161406249
v 0.0637545958 0.0742609501 0.0324525461
v 0.151964843 0.0758746862 0.0235901382
v 0.153410062 0.0348385572 0.118769884
v 0.0603878424 0.0353850126 0.158216044
v 0.153410062 0.0348385572 0.118769884
v 0.155542612 0.000691652298 0.11888659
v 0.0600712597 0.000691652298 0.161406249
v 0.0603878424 0.0353850126 0.158216044
v 0.210962251 1.31671691 -0.1009451
v 0.219724864 1.16515493 0.0815577433
v 0.213868946 1.32010126 0.0573492832
v 0.21368812 1.16190493 -0.102258541
v 0.225415096 0.945258379 0.0938978791
v 0.21120891 0.929919004 -0.113352597
v 0.216006249 0.726228952 -0.117891759
v 0.228710279 0.724857092 0.0938761234
v 0.233262882 0.542511523 0.0865089372
v 0.214212552 0.500989318 -0.116615325
v 0.220575541 0.500930786 -0.0220398381
v 0.234759107 0.468322426 0.0798183382
v 0.208293751 0.324409574 -0.131906673
v 0.223558635 0.313175261 0.0654629394
v 0.150637776 1.3349129 0.0699697211
v 0.0833909437 1.33323503 0.088407658
v 0.124621913 1.4921397 0.0299044717
v 0.164318979 1.48756778 0.03025233
v 0.071407266 1.51351297 -0.0602006577
v 0.103580236 1.50336027 -0.0739349872
v 0.124621913 1.4921397 0.0299044717
v 0.084539786 1.49675608 0.0295532383
v 0.219724864 1.16515493 0.0815577433
v 0.225415096 0.945258379 0.0938978791
v 0.158135712 0.947849154 0.109629072
v 0.155840158 1.16257536 0.0982436314
v 0.071407266 1.51351297 -0.0602006577
v 0.0536656976 1.52240825 -0.0500559732
v -0 1.51732635 -0.05734317
v -0 1.51108146 -0.078862533
v -0 1.47571099 -0.0937131047
v -0 1.32068264 -0.11454571
v 0.15106988 1.32588017 -0.106169537
v 0.156450689 1.4866761 -0.0965048671
v 0.210962251 1.31671691 -0.1009451
v 0.15106988 1.32588017 -0.106169537
v 0.14999257 1.15850163 -0.114092648
v 0.21368812 1.16190493 -0.102258541
v 0.146970302 0.932228088 -0.12283399
v 0.21120891 0.929919004 -0.113352597
v 0.216006249 0.726228952 -0.117891759
v 0.147416934 0.724877179 -0.132637948
v 0.0686195642 1.57189894 0.0307114311
v 0.0824151337 1.64252973 0.0254268087
v 0.0627604425 1.60810709 -0.0415181108
v 0.0585379414 1.57488501 -0.0305506922
v 0.0745547339 1.74574912 0.0716121048
v 0.0816088915 1.65865052 0.0923305899
v -0 1.6648823 0.132341862
v -0 1.76016152 0.106451601
v -0 1.50193691 0.0618343018
v -0 1.55397701 0.055872228
v 0.0686195642 1.57189894 0.0307114311
v 0.0666455179 1.51028347 0.031693846
v 0.0686195642 1.57189894 0.0307114311
v -0 1.55397701 0.055872228
v -0 1.57014716 0.122790717
v 0.0725451633 1.57611573 0.0942777619
v -0 1.57310963 -0.0466490462
v 0.0585379414 1.57488501 -0.0305506922
v 0.0627604425 1.60810709 -0.0415181108
v -0 1.60479033 -0.0608786084
v 0.0686195642 1.57189894 0.0307114311
v 0.0585379414 1.57488501 -0.0305506922
v 0.0536656976 1.52240825 -0.0500559732
v 0.0666455179 1.51028347 0.031693846
v -0 1.57014716 0.122790717
v -0 1.6648823 0.132341862
v 0.0816088915 1.65865052 0.0923305899
v 0.0725451633 1.57611573 0.0942777619
v 0.0585379414 1.57488501 -0.0305506922
v -0 1.57310963 -0.0466490462
v -0 1.51732635 -0.05734317
v 0.0536656976 1.52240825 -0.0500559732
v 0.0816088915 1.65865052 0.0923305899
v 0.0824151337 1.64252973 0.0254268087
v 0.0686195642 1.57189894 0.0307114311
v 0.0725451633 1.57611573 0.0942777619
v 0.076554738 1.69209802 0.0332346819
v 0.0717765763 1.69115841 -4.85498458E-05
v 0.0953383222 1.6915127 -0.000563278794
v 0.0941142067 1.69439781 0.0104335323
v 0.0719751045 1.63288522 0.0427064337
v 0.076554738 1.69209802 0.0332346819
v 0.0941142067 1.69439781 0.0104335323
v 0.0894007906 1.64063191 0.0198900942
v 0.0941142067 1.69439781 0.0104335323
v 0.0953383222 1.6915127 -0.000563278794
v 0.0902447328 1.63802934 0.0130662955
v 0.0894007906 1.64063191 0.0198900942
v 0.0717765763 1.69115841 -4.85498458E-05
v 0.0726242363 1.62875867 0.0128333112
v 0.0902447328 1.63802934 0.0130662955
v 0.0953383222 1.6915127 -0.000563278794
v 0.0726242363 1.62875867 0.0128333112
v 0.0719751045 1.63288522 0.0427064337
v 0.0894007906 1.64063191 0.0198900942
v 0.0902447328 1.63802934 0.0130662955
v 0.0729705244 1.65348399 -0.0601874776
v 0.0881455988 1.6850642 0.00594659988
v 0.0823123828 1.71922708 0.00626761094
v 0.07097435 1.69137347 -0.0629262254
v 0.0729705244 1.65348399 -0.0601874776
v -0 1.64503205 -0.0893244743
v -0 1.60479033 -0.0608786084
v 0.0627604425 1.60810709 -0.0415181108
v 0.0536656976 1.52240825 -0.0500559732
v 0.071407266 1.51351297 -0.0602006577
v 0.084539786 1.49675608 0.0295532383
v 0.0666455179 1.51028347 0.031693846
v 0.213868946 1.32010126 0.0573492832
v 0.219724864 1.16515493 0.0815577433
v 0.155840158 1.16257536 0.0982436314
v 0.150637776 1.3349129 0.0699697211
v 0.214212552 0.500989318 -0.116615325
v 0.216006249 0.726228952 -0.117891759
v 0.147416934 0.724877179 -0.132637948
v 0.137838662 0.499454767 -0.134640098
v 0.147646725 0.000691652298 -0.0943963826
v 0.151964843 0.0758746862 0.0235901382
v 0.13598007 0.162690103 0.00502691744
v 0.13569659 0.160106629 -0.0758891478
v 0.158252195 0.330514193 0.0264555812
v 0.13598007 0.162690103 0.00502691744
v 0.0720790848 0.161065638 0.0178857166
v 0.0499882363 0.330514193 0.0464990139
v 0.156227157 0.330514193 -0.103180096
v 0.0651281625 0.330514193 -0.0936891735
v 0.0833844617 0.156613767 -0.0674391836
v 0.13569659 0.160106629 -0.0758891478
v 0.0651281625 0.330514193 -0.0936891735
v 0.0499882363 0.330514193 0.0464990139
v 0.0720790848 0.161065638 0.0178857166
v 0.0833844617 0.156613767 -0.0674391836
v 0.13598007 0.162690103 0.00502691744
v 0.151964843 0.0758746862 0.0235901382
v 0.0637545958 0.0742609501 0.0324525461
v 0.0720790848 0.161065638 0.0178857166
v 0.0833844617 0.156613767 -0.0674391836
v 0.0720790848 0.161065638 0.0178857166
v 0.0637545958 0.0742609501 0.0324525461
v 0.0720114708 0.000691652298 -0.0775388926
v 0.13569659 0.160106629 -0.0758891478
v 0.0833844617 0.156613767 -0.0674391836
v 0.0720114708 0.000691652298 -0.0775388926
v 0.147646725 0.000691652298 -0.0943963826
v 0.156227157 0.330514193 -0.103180096
v 0.158252195 0.330514193 0.0264555812
v 0.223558635 0.313175261 0.0654629394
v 0.208293751 0.324409574 -0.131906673
v 0.233262882 0.542511523 0.0865089372
v 0.158508286 0.722691536 0.10710866
v 0.228710279 0.724857092 0.0938761234
v 0.159033194 0.540604949 0.0970260724
v 0.234759107 0.468322426 0.0798183382
v 0.159457624 0.467252463 0.0927101076
v 0.150484756 0.312370807 0.0740240589
v 0.223558635 0.313175261 0.0654629394
v 0.0937606394 1.74076104 -0.104306974
v 0.10598921 1.77506804 -0.0131786922
v 0.0926279649 1.78982806 -0.0231354721
v 0.0937368274 1.75631475 -0.095806621
v 0.0926279649 1.78982806 -0.0231354721
v 0.0557456426 1.81695211 0.0468371809
v -0 1.83626902 0.0894313529
v -0 1.82531559 -0.0610559061
v 0.10598921 1.77506804 -0.0131786922
v 0.0863578543 1.80365467 0.0744553134
v 0.0557456426 1.81695211 0.0468371809
v 0.0926279649 1.78982806 -0.0231354721
v 0.0823123828 1.71922708 0.00626761094
v 0.07097435 1.69137347 -0.0629262254
v -0 1.68416715 -0.0899629667
v 0.0745547339 1.74574912 0.0716121048
v 0.0863578543 1.80365467 0.0744553134
v 0.0745547339 1.74574912 0.0716121048
v -0 1.76016152 0.106451601
v -0 1.83872151 0.126686886
v 0.0937368274 1.75631475 -0.095806621
v 0.0926279649 1.78982806 -0.0231354721
v -0 1.82531559 -0.0610559061
v -0 1.75218153 -0.126225442
v 0.688858271 1.40445614 -0.0511531271
v 0.719911754 1.33090782 -0.0804351196
v 0.713487804 1.3305372 0.0466034189
v 0.688515961 1.40010011 0.00583780603
v 0.817711473 1.42338383 0.0276589524
v 0.76455605 1.42982459 0.0213604718
v 0.76657027 1.43447518 -0.0560028814
v 0.821691036 1.42625093 -0.0571217723
v 0.910261512 1.36960316 0.00596339721
v 0.81662637 1.39041388 0.0188635122
v 0.817711473 1.42338383 0.0276589524
v 0.915140271 1.38380349 0.0145415589
v 0.821691036 1.42625093 -0.0571217723
v 0.898747265 1.37267137 -0.0642568618
v 0.903786182 1.38683999 -0.0627365112
v 0.790706217 1.40232897 -0.0584636219
v 0.76657027 1.43447518 -0.0560028814
v 0.756833375 1.40557384 -0.0576300956
v 0.898747265 1.37267137 -0.0642568618
v 0.790706217 1.40232897 -0.0584636219
v 0.81662637 1.39041388 0.0188635122
v 0.910261512 1.36960316 0.00596339721
v 0.81662637 1.39041388 0.0188635122
v 0.790706217 1.40232897 -0.0584636219
v 0.756833375 1.40557384 -0.0576300956
v 0.759392381 1.39292657 0.0199152622
v 0.691679895 1.43881655 0.0127785895
v 0.721959174 1.45745122 0.0434064567
v 0.725512326 1.46042621 -0.0844483301
v 0.693079233 1.44057977 -0.0533101149
v 0.837314487 1.35590899 0.042959366
v 0.842909336 1.37022257 0.0411064811
v 0.810581744 1.39516854 0.0376328714
v 0.807834625 1.37352252 0.0253557693
v 0.807834625 1.37352252 0.0253557693
v 0.810581744 1.39516854 0.0376328714
v 0.817711473 1.42338383 0.0276589524
v 0.81662637 1.39041388 0.0188635122
v 0.81662637 1.39041388 0.0188635122
v 0.759392381 1.39292657 0.0199152622
v 0.792644322 1.37394571 0.0470708869
v 0.807834625 1.37352252 0.0253557693
v 0.76455605 1.42982459 0.0213604718
v 0.817711473 1.42338383 0.0276589524
v 0.810581744 1.39516854 0.0376328714
v 0.795909226 1.39363885 0.0499055423
v 0.693079233 1.44057977 -0.0533101149
v 0.688858271 1.40445614 -0.0511531271
v 0.756833375 1.40557384 -0.0576300956
v 0.76657027 1.43447518 -0.0560028814
v 0.842909336 1.37022257 0.0411064811
v 0.837314487 1.35590899 0.042959366
v 0.832122862 1.3577472 0.0519033261
v 0.836344659 1.37140179 0.0503714122
v 0.910261512 1.36960316 0.00596339721
v 0.915140271 1.38380349 0.0145415589
v 0.903786182 1.38683999 -0.0627365112
v 0.898747265 1.37267137 -0.0642568618
v 0.915140271 1.38380349 0.0145415589
v 0.817711473 1.42338383 0.0276589524
v 0.821691036 1.42625093 -0.0571217723
v 0.903786182 1.38683999 -0.0627365112
v 0.442996472 1.34269702 -0.0979042575
v 0.210962251 1.31671691 -0.1009451
v 0.213868946 1.32010126 0.0573492832
v 0.464794695 1.34477413 -0.0554555058
v 0.459739983 1.34123468 0.0324484222
v 0.213868946 1.32010126 0.0573492832
v 0.164318979 1.48756778 0.03025233
v 0.233679637 1.48342872 0.0156627037
v 0.150637776 1.3349129 0.0699697211
v 0.442996472 1.34269702 -0.0979042575
v 0.440131515 1.47338533 -0.0897703618
v 0.232611641 1.48051333 -0.0913676545
v 0.210962251 1.31671691 -0.1009451
v 0.600827754 1.33902311 -0.0811723769
v 0.481918424 1.34409416 -0.0937917978
v 0.464794695 1.34477413 -0.0554555058
v 0.591775596 1.33679426 0.0389858186
v 0.459739983 1.34123468 0.0324484222
v 0.210962251 1.31671691 -0.1009451
v 0.232611641 1.48051333 -0.0913676545
v 0.156450689 1.4866761 -0.0965048671
v 0.15106988 1.32588017 -0.106169537
v 0.691679895 1.43881655 0.0127785895
v 0.688515961 1.40010011 0.00583780603
v 0.713487804 1.3305372 0.0466034189
v 0.721959174 1.45745122 0.0434064567
v 0.233679637 1.48342872 0.0156627037
v 0.232611641 1.48051333 -0.0913676545
v 0.440131515 1.47338533 -0.0897703618
v 0.462870181 1.47289908 -0.0433466583
v 0.459057301 1.47473776 0.0264425781
v 0.590394199 1.46614945 0.030260209
v 0.604251981 1.46503401 -0.078338623
v 0.482991666 1.46964169 -0.0841110945
v 0.440131515 1.47338533 -0.0897703618
v 0.832122862 1.3577472 0.0519033261
v 0.837314487 1.35590899 0.042959366
v 0.807834625 1.37352252 0.0253557693
v 0.792644322 1.37394571 0.0470708869
v 0.832122862 1.3577472 0.0519033261
v 0.792644322 1.37394571 0.0470708869
v 0.795909226 1.39363885 0.0499055423
v 0.836344659 1.37140179 0.0503714122
v 0.836344659 1.37140179 0.0503714122
v 0.795909226 1.39363885 0.0499055423
v 0.810581744 1.39516854 0.0376328714
v 0.842909336 1.37022257 0.0411064811
v 0.759392381 1.39292657 0.0199152622
v 0.76455605 1.42982459 0.0213604718
v 0.795909226 1.39363885 0.0499055423
v 0.792644322 1.37394571 0.0470708869
v 0.156450689 1.4866761 -0.0965048671
v 0.232611641 1.48051333 -0.0913676545
v 0.233679637 1.48342872 0.0156627037
v 0.164318979 1.48756778 0.03025233
v 0.440131515 1.47338533 -0.0897703618
v 0.442996472 1.34269702 -0.0979042575
v 0.481918424 1.34409416 -0.0937917978
v 0.482991666 1.46964169 -0.0841110945
v 0.600827754 1.33902311 -0.0811723769
v 0.604251981 1.46503401 -0.078338623
v 0.604251981 1.46503401 -0.078338623
v 0.600827754 1.33902311 -0.0811723769
v 0.719911754 1.33090782 -0.0804351196
v 0.725512326 1.46042621 -0.0844483301
v 0.590394199 1.46614945 0.030260209
v 0.591775596 1.33679426 0.0389858186
v 0.459739983 1.34123468 0.0324484222
v 0.459057301 1.47473776 0.0264425781
v 0.459739983 1.34123468 0.0324484222
v 0.213868946 1.32010126 0.0573492832
v 0.233679637 1.48342872 0.0156627037
v 0.459057301 1.47473776 0.0264425781
v 0.76455605 1.42982459 0.0213604718
v 0.759392381 1.39292657 0.0199152622
v 0.688515961 1.40010011 0.00583780603
v 0.691679895 1.43881655 0.0127785895
v 0.725512326 1.46042621 -0.0844483301
v 0.719911754 1.33090782 -0.0804351196
v 0.688858271 1.40445614 -0.0511531271
v 0.693079233 1.44057977 -0.0533101149
v 0.76455605 1.42982459 0.0213604718
v 0.691679895 1.43881655 0.0127785895
v 0.693079233 1.44057977 -0.0533101149
v 0.76657027 1.43447518 -0.0560028814
v 0.756833375 1.40557384 -0.0576300956
v 0.688858271 1.40445614 -0.0511531271
v 0.688515961 1.40010011 0.00583780603
v 0.759392381 1.39292657 0.0199152622
v 0.721959174 1.45745122 0.0434064567
v 0.713487804 1.3305372 0.0466034189
v 0.591775596 1.33679426 0.0389858186
v 0.590394199 1.46614945 0.030260209
v 0.713487804 1.3305372 0.0466034189
v 0.719911754 1.33090782 -0.0804351196
v 0.600827754 1.33902311 -0.0811723769
v 0.591775596 1.33679426 0.0389858186
v 0.721959174 1.45745122 0.0434064567
v 0.590394199 1.46614945 0.030260209
v 0.604251981 1.46503401 -0.078338623
v 0.725512326 1.46042621 -0.0844483301
v -0 0.496856451 -0.14726755
v -0 0.322356969 -0.148838639
v 0.135215759 0.323689431 -0.137847096
v 0.137838662 0.499454767 -0.134640098
v -0 0.465129912 0.118283935
v 0.159457624 0.467252463 0.0927101076
v 0.150484756 0.312370807 0.0740240589
v -0 0.310714185 0.0916543975
v 0.13569659 0.160106629 -0.0758891478
v 0.13598007 0.162690103 0.00502691744
v 0.158252195 0.330514193 0.0264555812
v 0.156227157 0.330514193 -0.103180096
v -0 0.322356969 -0.148838639
v -0 0.310714185 0.0916543975
v 0.0499882363 0.330514193 0.0464990139
v 0.0651281625 0.330514193 -0.0936891735
v 0.135215759 0.323689431 -0.137847096
v -0 0.322356969 -0.148838639
v 0.0651281625 0.330514193 -0.0936891735
v 0.208293751 0.324409574 -0.131906673
v 0.156227157 0.330514193 -0.103180096
v 0.0937606394 1.74076104 -0.104306974
v 0.0937368274 1.75631475 -0.095806621
v -0 1.75218153 -0.126225442
v -0 1.73023045 -0.135700256
v 0.158508286 0.722691536 0.10710866
v -0 0.536573768 0.119262949
v -0 0.718112886 0.135086328
v 0.159033194 0.540604949 0.0970260724
v -0 0.465129912 0.118283935
v 0.159457624 0.467252463 0.0927101076
v 0.158508286 0.722691536 0.10710866
v 0.158135712 0.947849154 0.109629072
v 0.225415096 0.945258379 0.0938978791
v 0.228710279 0.724857092 0.0938761234
v 0.150637776 1.3349129 0.0699697211
v -0 1.16365588 0.132013515
v 0.0833909437 1.33323503 0.088407658
v 0.155840158 1.16257536 0.0982436314
v 0.0511549786 1.0977416 0.130058274
v 0.14999257 1.15850163 -0.114092648
v 0.15106988 1.32588017 -0.106169537
v -0 1.32068264 -0.11454571
v -0 1.15095687 -0.123573989
v 0.146970302 0.932228088 -0.12283399
v -0 0.937194288 -0.128831416
v 0.147416934 0.724877179 -0.132637948
v -0 0.722170472 -0.130126685
v 0.137838662 0.499454767 -0.134640098
v -0 0.496856451 -0.14726755
v 0.137838662 0.499454767 -0.134640098
v 0.135215759 0.323689431 -0.137847096
v 0.208293751 0.324409574 -0.131906673
v 0.214212552 0.500989318 -0.116615325
v 0.223558635 0.313175261 0.0654629394
v 0.158252195 0.330514193 0.0264555812
v 0.0499882363 0.330514193 0.0464990139
v 0.150484756 0.312370807 0.0740240589
v 0.07097435 1.69137347 -0.0629262254
v 0.0937606394 1.74076104 -0.104306974
v -0 1.73023045 -0.135700256
v -0 1.68416715 -0.0899629667
v 0.0557456426 1.81695211 0.0468371809
v 0.0863578543 1.80365467 0.0744553134
v -0 1.83872151 0.126686886
v -0 1.83626902 0.0894313529
v 0.0823123828 1.71922708 0.00626761094
v 0.0745547339 1.74574912 0.0716121048
v 0.0863578543 1.80365467 0.0744553134
v 0.10598921 1.77506804 -0.0131786922
v 0.07097435 1.69137347 -0.0629262254
v 0.0823123828 1.71922708 0.00626761094
v 0.10598921 1.77506804 -0.0131786922
v 0.0937606394 1.74076104 -0.104306974
v -0 1.71048319 0.12486016
v 0.0782734826 1.70530593 0.090642035
v 0.0683463588 1.6654253 0.100849137
v 0.0174299106 1.66743767 0.12793833
v -0 1.72117388 0.121925592
v 0.0791669041 1.71421146 0.0883360431
v 0.0782734826 1.70530593 0.090642035
v -0 1.71048319 0.12486016
v 0.0791669041 1.71421146 0.0883360431
v 0.0885987356 1.70001268 -0.00339899957
v 0.0864391699 1.69104683 0.00101722777
v 0.0782734826 1.70530593 0.090642035
v -0 1.33115423 0.111272037
v -0 1.45166028 0.0931169093
v 0.0321120843 1.4687897 0.0689725131
v 0.0416736715 1.33219409 0.0998458266
v 0.0666455179 1.51028347 0.031693846
v 0.084539786 1.49675608 0.0295532383
v 0.0321120843 1.4687897 0.0689725131
v -0 1.50193691 0.0618343018
v 0.124621913 1.4921397 0.0299044717
v 0.0833909437 1.33323503 0.088407658
v 0.0416736715 1.33219409 0.0998458266
v 0.084539786 1.49675608 0.0295532383
v -0 1.47571099 -0.0937131047
v 0.103580236 1.50336027 -0.0739349872
v 0.071407266 1.51351297 -0.0602006577
v -0 1.51108146 -0.078862533
v 0.124621913 1.4921397 0.0299044717
v 0.103580236 1.50336027 -0.0739349872
v 0.156450689 1.4866761 -0.0965048671
v 0.164318979 1.48756778 0.03025233
v 0.0833909437 1.33323503 0.088407658
v -0 1.16365588 0.132013515
v -0 1.21244812 0.128311008
v 0.0416736715 1.33219409 0.0998458266
v -0 1.07385552 0.145789132
v 0.028570408 1.09928691 0.144354507
v 0.0511549786 1.0977416 0.130058274
v -0 1.04376137 0.139964357
v 0.028570408 1.09928691 0.144354507
v -0 1.12980914 0.140982345
v -0 1.16365588 0.132013515
v 0.0511549786 1.0977416 0.130058274
v 0.07097435 1.69137347 -0.0629262254
v -0 1.68416715 -0.0899629667
v -0 1.64503205 -0.0893244743
v 0.0729705244 1.65348399 -0.0601874776
v 0.0627604425 1.60810709 -0.0415181108
v 0.0824151337 1.64252973 0.0254268087
v 0.0881455988 1.6850642 0.00594659988
v 0.0729705244 1.65348399 -0.0601874776
v 0.0816088915 1.65865052 0.0923305899
v 0.0745547339 1.74574912 0.0716121048
v 0.0823123828 1.71922708 0.00626761094
v 0.0824151337 1.64252973 0.0254268087
vt 0.0687934756 0.68839401
vt 0.0667058527 0.686439753
vt 0.0665431172 0.688542724
vt 0.235579878 0.601962924
vt 0.240708292 0.607538223
vt 0.238334745 0.602838814
vt 0.137620509 0.561892748
vt 0.137818575 0.565485358
vt 0.142835587 0.564067602
vt 0.208013102 0.581992269
vt 0.209860846 0.581733346
vt 0.208974063 0.57990694
vt 0.101576746 0.731829345
vt 0.108888522 0.732119799
vt 0.10631226 0.729915202
vt 0.164337069 0.506496131
vt 0.159708783 0.514293015
vt 0.164064407 0.514293015
vt 0.153933689 0.506496787
vt 0.157093465 0.511776268
vt 0.16639854 0.596804082
vt 0.166268602 0.59472096
vt 0.160478652 0.59472096
vt 0.17484121 0.599580348
vt 0.173173964 0.596566737
vt 0.16639854 0.596804082
vt 0.0768893659 0.729394555
vt 0.0782710612 0.728324413
vt 0.0774757862 0.727443337
vt 0.0782710612 0.728324413
vt 0.0790500343 0.727574825
vt 0.0774757862 0.727443337
vt 0.157093465 0.511776268
vt 0.159708783 0.514293015
vt 0.164337069 0.506496131
vt 0.164064407 0.514293015
vt 0.175221235 0.506532788
vt 0.175367415 0.514293015
vt 0.569042683 0.673083127
vt 0.571338058 0.67339623
vt 0.572898149 0.672774494
vt 0.0687934756 0.68839401
vt 0.0687934756 0.686138749
vt 0.0667058527 0.686439753
vt 0.175951228 0.605153263
vt 0.17870608 0.604277313
vt 0.181079641 0.599578023
vt 0.149075806 0.5355165
vt 0.154290855 0.533341587
vt 0.149273872 0.531923831
vt 0.172216609 0.569508076
vt 0.17317754 0.571593404
vt 0.174064323 0.569766939
vt 0.0159242749 0.715409696
vt 0.0206597745 0.717323899
vt 0.0232360512 0.715119243
vt 0.164337069 0.522090018
vt 0.164064407 0.514293015
vt 0.159708783 0.514293015
vt 0.153933689 0.522089362
vt 0.157093465 0.516809881
vt 0.16639851 0.592637718
vt 0.160478652 0.59472096
vt 0.166268602 0.59472096
vt 0.17484121 0.589861453
vt 0.16639851 0.592637718
vt 0.173173994 0.592875063
vt 0.0768893659 0.729394555
vt 0.0792073309 0.729330897
vt 0.0782710612 0.728324413
vt 0.0782710612 0.728324413
vt 0.0792073309 0.729330897
vt 0.0790500343 0.727574825
vt 0.157093465 0.516809881
vt 0.164337069 0.522090018
vt 0.159708783 0.514293015
vt 0.164064407 0.514293015
vt 0.175221235 0.522053361
vt 0.175367415 0.514293015
vt 0.584572911 0.68307513
vt 0.588428378 0.683383703
vt 0.586868346 0.682762027
vt 0.0509535968 0.682662904
vt 0.0506132245 0.6901021
vt 0.0589242429 0.680890799
vt 0.0577867031 0.679840982
vt 0.0552910715 0.676799893
vt 0.0558331013 0.675458252
vt 0.0491526723 0.672043324
vt 0.0501448661 0.677134752
vt 0.0558331013 0.675458252
vt 0.0589242429 0.672535002
vt 0.0497570932 0.669246972
vt 0.0491526723 0.672043324
vt 0.0509535968 0.682662904
vt 0.0577867031 0.679840982
vt 0.0552910715 0.676799893
vt 0.0501448661 0.677134752
vt 0.0552910715 0.676799893
vt 0.0577867031 0.679840982
vt 0.0588679016 0.679021657
vt 0.0562664866 0.675892651
vt 0.147899121 0.524805248
vt 0.140263736 0.52439785
vt 0.138850406 0.53184247
vt 0.14772135 0.532279611
vt 0.137910888 0.542438865
vt 0.147913337 0.543492854
vt 0.147808686 0.553332627
vt 0.137568086 0.553076565
vt 0.137620509 0.561892748
vt 0.147413641 0.564204872
vt 0.142835587 0.564067602
vt 0.137818575 0.565485358
vt 0.147913337 0.572755277
vt 0.138342276 0.573011398
vt 0.145481184 0.506438613
vt 0.13790676 0.505298316
vt 0.137568101 0.507201731
vt 0.145585522 0.509811342
vt 0.819463491 0.558361113
vt 0.8150087 0.558359981
vt 0.814656377 0.560276389
vt 0.819798172 0.560088038
vt 0.666075408 0.554175735
vt 0.66289413 0.554425895
vt 0.66327244 0.564804018
vt 0.666611552 0.564801991
vt 0.163904727 0.0666596591
vt 0.166958272 0.0685019791
vt 0.16727984 0.0674687326
vt 0.16492258 0.0663093626
vt 0.203831986 0.505826533
vt 0.196275175 0.505298316
vt 0.196527079 0.513077974
vt 0.203831986 0.513380647
vt 0.709634185 0.561299443
vt 0.7067976 0.553591788
vt 0.706722558 0.561683953
vt 0.709921777 0.553827167
vt 0.706823945 0.54265523
vt 0.709961534 0.542610407
vt 0.710374594 0.532777071
vt 0.70698899 0.532631695
vt 0.709403396 0.895867348
vt 0.710201979 0.892149568
vt 0.708580256 0.891266942
vt 0.705761552 0.893931031
vt 0.700046718 0.896081805
vt 0.69936347 0.900365591
vt 0.703713417 0.900365591
vt 0.704274058 0.896914363
vt 0.713098407 0.900365591
vt 0.712710977 0.896571636
vt 0.709403396 0.895867348
vt 0.710218251 0.900365591
vt 0.709403396 0.895867348
vt 0.707129776 0.897891283
vt 0.706989586 0.900365591
vt 0.710218251 0.900365591
vt 0.711553574 0.889106631
vt 0.710012138 0.888232946
vt 0.708580256 0.891266942
vt 0.710201979 0.892149568
vt 0.709403396 0.895867348
vt 0.712710977 0.896571636
vt 0.713353395 0.892358184
vt 0.710201979 0.892149568
vt 0.706989586 0.900365591
vt 0.707129776 0.897891283
vt 0.704274058 0.896914363
vt 0.703713417 0.900365591
vt 0.710201979 0.892149568
vt 0.713353395 0.892358184
vt 0.714324117 0.889800906
vt 0.711553574 0.889106631
vt 0.704274058 0.896914363
vt 0.707129776 0.897891283
vt 0.709403396 0.895867348
vt 0.705761552 0.893931031
vt 0.669713259 0.955130696
vt 0.668238759 0.954202056
vt 0.667932689 0.954004526
vt 0.666669846 0.955048203
vt 0.669713259 0.951262832
vt 0.668388069 0.952412844
vt 0.668238759 0.954202056
vt 0.669713259 0.955130696
vt 0.668238759 0.954202056
vt 0.668388069 0.952412844
vt 0.668053865 0.952453256
vt 0.667932689 0.954004526
vt 0.666669846 0.955048203
vt 0.667932689 0.954004526
vt 0.668053865 0.952453256
vt 0.667574286 0.951405525
vt 0.667574286 0.951405525
vt 0.668053865 0.952453256
vt 0.668388069 0.952412844
vt 0.669713259 0.951262832
vt 0.570904315 0.67676729
vt 0.57269907 0.676494837
vt 0.572898149 0.672774494
vt 0.571338058 0.67339623
vt 0.570904315 0.67676729
vt 0.568528473 0.676933587
vt 0.568485737 0.680186808
vt 0.570899189 0.680532455
vt 0.16492258 0.0663093626
vt 0.164673075 0.0622770488
vt 0.163586557 0.0622162521
vt 0.163904727 0.0666596591
vt 0.665794671 0.546601951
vt 0.662658572 0.54599148
vt 0.66289413 0.554425895
vt 0.666075408 0.554175735
vt 0.710560024 0.521900594
vt 0.706773162 0.521737218
vt 0.70698899 0.532631695
vt 0.710374594 0.532777071
vt 0.0491526723 0.672043324
vt 0.043581903 0.67385155
vt 0.0446422398 0.678313076
vt 0.0501448661 0.677134752
vt 0.0355580896 0.679571688
vt 0.0362041742 0.68395704
vt 0.0451706499 0.68230015
vt 0.0446422398 0.678313076
vt 0.0348973274 0.674073219
vt 0.043581903 0.67385155
vt 0.0433639437 0.671086788
vt 0.0351553261 0.670103848
vt 0.0375255793 0.689095378
vt 0.0448045284 0.686888874
vt 0.0451706499 0.68230015
vt 0.0362041742 0.68395704
vt 0.0446422398 0.678313076
vt 0.0451706499 0.68230015
vt 0.0509535968 0.682662904
vt 0.0501448661 0.677134752
vt 0.0448045284 0.686888874
vt 0.0506132245 0.6901021
vt 0.0509535968 0.682662904
vt 0.0451706499 0.68230015
vt 0.043581903 0.67385155
vt 0.0491526723 0.672043324
vt 0.0497570932 0.669246972
vt 0.0433639437 0.671086788
vt 0.100325763 0.723182678
vt 0.0976392478 0.722125947
vt 0.0980260074 0.731693625
vt 0.101019457 0.729405463
vt 0.667793989 0.58422637
vt 0.667175114 0.575432181
vt 0.663731635 0.575668573
vt 0.66418004 0.584464252
vt 0.668057442 0.587814808
vt 0.664372623 0.588007629
vt 0.664382458 0.595554113
vt 0.667930305 0.595357776
vt 0.229039937 0.591634572
vt 0.229534671 0.591063976
vt 0.229180396 0.587200344
vt 0.228132814 0.587265909
vt 0.70933938 0.576886892
vt 0.714156032 0.577810049
vt 0.714046061 0.570697129
vt 0.711122036 0.57303679
vt 0.228132814 0.587265909
vt 0.229180396 0.587200344
vt 0.22898981 0.583056629
vt 0.227043152 0.583277404
vt 0.193049818 0.548962831
vt 0.194743529 0.551941216
vt 0.194743529 0.542847514
vt 0.192124441 0.545438766
vt 0.227043152 0.583277404
vt 0.227140501 0.579336226
vt 0.223220572 0.579336226
vt 0.224234849 0.584344029
vt 0.709465086 0.580951929
vt 0.714226067 0.582336187
vt 0.714156032 0.577810049
vt 0.70933938 0.576886892
vt 0.112587184 0.70322144
vt 0.11029622 0.704761326
vt 0.11036998 0.708836913
vt 0.115739718 0.705853283
vt 0.663115203 0.975677729
vt 0.667127907 0.975656867
vt 0.667177498 0.973021865
vt 0.663354456 0.972991347
vt 0.66337198 0.981061697
vt 0.664178669 0.98078835
vt 0.663115203 0.975677729
vt 0.661705852 0.976595044
vt 0.667127907 0.975656867
vt 0.667929292 0.979842424
vt 0.668667793 0.979780674
vt 0.668537974 0.974470973
vt 0.667177498 0.973021865
vt 0.668667793 0.972796082
vt 0.685639977 0.986890793
vt 0.682225406 0.986476302
vt 0.681821346 0.991132736
vt 0.685624003 0.992308736
vt 0.681821346 0.991132736
vt 0.681843936 0.993899822
vt 0.685639977 0.993952394
vt 0.685624003 0.992308736
vt 0.108932555 0.703430176
vt 0.110382676 0.700584888
vt 0.109499454 0.698381901
vt 0.106715024 0.703897417
vt 0.702760935 0.939399481
vt 0.701246142 0.939810038
vt 0.701048374 0.941109657
vt 0.702800393 0.940027833
vt 0.701246142 0.939810038
vt 0.700519621 0.940147161
vt 0.699396729 0.941208005
vt 0.701048374 0.941109657
vt 0.703878462 0.943490863
vt 0.703535736 0.942570329
vt 0.702319682 0.942375898
vt 0.701204479 0.944360137
vt 0.69936347 0.943921089
vt 0.701394379 0.942034364
vt 0.701048374 0.941109657
vt 0.699396729 0.941208005
vt 0.213607222 0.0632018149
vt 0.210074499 0.0636709034
vt 0.210610017 0.0650452077
vt 0.213906243 0.064935714
vt 0.702800393 0.940027833
vt 0.702796578 0.940506339
vt 0.703387558 0.940726638
vt 0.703495204 0.940231681
vt 0.664774418 0.981402636
vt 0.668192446 0.980542541
vt 0.667929292 0.979842424
vt 0.664178669 0.98078835
vt 0.664178669 0.98078835
vt 0.667929292 0.979842424
vt 0.667127907 0.975656867
vt 0.663115203 0.975677729
vt 0.196275175 0.575558186
vt 0.196819499 0.583172023
vt 0.208013102 0.581992269
vt 0.208974063 0.57990694
vt 0.208538562 0.57551688
vt 0.665794671 0.546601951
vt 0.666900933 0.538480461
vt 0.663473368 0.538388729
vt 0.662658572 0.54599148
vt 0.148739904 0.575655818
vt 0.137568086 0.574121416
vt 0.138419792 0.582068384
vt 0.148447365 0.581974149
vt 0.208974063 0.57990694
vt 0.209860846 0.581733346
vt 0.215601698 0.581011891
vt 0.215109155 0.575229824
vt 0.208538562 0.57551688
vt 0.709634185 0.561299443
vt 0.706868649 0.569466293
vt 0.710560024 0.569238067
vt 0.706722558 0.561683953
vt 0.108932555 0.703430176
vt 0.106715024 0.703897417
vt 0.11036998 0.708836913
vt 0.11029622 0.704761326
vt 0.20786126 0.563260198
vt 0.198017642 0.562748909
vt 0.197838932 0.567828536
vt 0.208857179 0.565501213
vt 0.208562523 0.568817556
vt 0.214795783 0.569147944
vt 0.215601698 0.564041555
vt 0.209882513 0.563601136
vt 0.20786126 0.563260198
vt 0.703387558 0.940726638
vt 0.702319682 0.942375898
vt 0.703535736 0.942570329
vt 0.703878462 0.940786242
vt 0.703387558 0.940726638
vt 0.702796578 0.940506339
vt 0.701394379 0.942034364
vt 0.702319682 0.942375898
vt 0.702796578 0.940506339
vt 0.702800393 0.940027833
vt 0.701048374 0.941109657
vt 0.701394379 0.942034364
vt 0.701204479 0.944360137
vt 0.702319682 0.942375898
vt 0.701394379 0.942034364
vt 0.69936347 0.943921089
vt 0.664524674 0.53234607
vt 0.663473368 0.538388729
vt 0.666900933 0.538480461
vt 0.668057442 0.533440471
vt 0.148447365 0.581974149
vt 0.150627077 0.575781405
vt 0.148739904 0.575655818
vt 0.150540009 0.581862032
vt 0.156406552 0.575706303
vt 0.156406552 0.581795573
vt 0.704108 0.556532979
vt 0.698264837 0.557068646
vt 0.698869824 0.563303113
vt 0.704591572 0.562602997
vt 0.214795783 0.569147944
vt 0.208562523 0.568817556
vt 0.208538562 0.57551688
vt 0.215109155 0.575229824
vt 0.208538562 0.57551688
vt 0.208562523 0.568817556
vt 0.197838932 0.567828536
vt 0.196275175 0.575558186
vt 0.209793314 0.0599373877
vt 0.213362664 0.0600177348
vt 0.213377789 0.0581121147
vt 0.209871009 0.0581384003
vt 0.109499454 0.698381901
vt 0.110382676 0.700584888
vt 0.112119958 0.700863361
vt 0.115739718 0.698923707
vt 0.209793314 0.0599373877
vt 0.210074499 0.0636709034
vt 0.213607222 0.0632018149
vt 0.213362664 0.0600177348
vt 0.210750282 0.0544452369
vt 0.209871009 0.0581384003
vt 0.213377789 0.0581121147
vt 0.213906243 0.0554028451
vt 0.698176742 0.550890744
vt 0.704564929 0.551265359
vt 0.704412997 0.54500562
vt 0.698521197 0.544755697
vt 0.698521197 0.544755697
vt 0.704412997 0.54500562
vt 0.704591572 0.539188147
vt 0.698855042 0.538621783
vt 0.698176742 0.550890744
vt 0.698264837 0.557068646
vt 0.704108 0.556532979
vt 0.704564929 0.551265359
vt 0.203637913 0.553211749
vt 0.196954921 0.553020358
vt 0.197011471 0.561510861
vt 0.203562081 0.561638892
vt 0.187596008 0.514293015
vt 0.195141613 0.514293015
vt 0.195165142 0.506930649
vt 0.18758291 0.506514013
vt 0.043581903 0.67385155
vt 0.0348973274 0.674073219
vt 0.0355580896 0.679571688
vt 0.0446422398 0.678313076
vt 0.108888522 0.720492005
vt 0.105700195 0.723133206
vt 0.10631226 0.729915202
vt 0.108888522 0.732119799
vt 0.101094693 0.721352458
vt 0.104746073 0.723019958
vt 0.1074875 0.719917417
vt 0.0976392478 0.722125947
vt 0.100325763 0.723182678
vt 0.229039937 0.591634572
vt 0.230096534 0.595714748
vt 0.231186315 0.595094681
vt 0.229534671 0.591063976
vt 0.175221235 0.506532788
vt 0.175367415 0.514293015
vt 0.18415007 0.514293015
vt 0.184037924 0.506527603
vt 0.187596008 0.514293015
vt 0.18758291 0.506514013
vt 0.663731635 0.575668573
vt 0.667175114 0.575432181
vt 0.666611552 0.564801991
vt 0.66327244 0.564804018
vt 0.145481184 0.506438613
vt 0.145585522 0.509811342
vt 0.153872579 0.514211059
vt 0.153933689 0.506496787
vt 0.157093465 0.511776268
vt 0.19654271 0.521170437
vt 0.203831986 0.513380647
vt 0.196527079 0.513077974
vt 0.203797907 0.521588802
vt 0.196633309 0.532106698
vt 0.203738362 0.531915009
vt 0.19655101 0.542131245
vt 0.203670532 0.542299151
vt 0.196954921 0.553020358
vt 0.203637913 0.553211749
vt 0.706773162 0.521737218
vt 0.710560024 0.521900594
vt 0.710314274 0.513339818
vt 0.706774533 0.513246536
vt 0.0980260074 0.731693625
vt 0.101576746 0.731829345
vt 0.10631226 0.729915202
vt 0.101019457 0.729405463
vt 0.22587207 0.592179298
vt 0.22681734 0.595923543
vt 0.230096534 0.595714748
vt 0.229039937 0.591634572
vt 0.22898981 0.583056629
vt 0.228817374 0.579336226
vt 0.227140501 0.579336226
vt 0.227043152 0.583277404
vt 0.224991381 0.588111937
vt 0.228132814 0.587265909
vt 0.227043152 0.583277404
vt 0.224234849 0.584344029
vt 0.22587207 0.592179298
vt 0.229039937 0.591634572
vt 0.228132814 0.587265909
vt 0.224991381 0.588111937
vt 0.822493553 0.939154565
vt 0.820449293 0.938220203
vt 0.82068789 0.935443461
vt 0.822689891 0.935026109
vt 0.823028982 0.939154565
vt 0.822493553 0.939154565
vt 0.822689891 0.935026109
vt 0.82313472 0.934989154
vt 0.82313472 0.934989154
vt 0.822689891 0.935026109
vt 0.822780371 0.93062669
vt 0.823253393 0.930484772
vt 0.166268602 0.59472096
vt 0.16639854 0.596804082
vt 0.173173964 0.596566737
vt 0.172152787 0.59472096
vt 0.164673075 0.0622770488
vt 0.16727984 0.0598594248
vt 0.165141195 0.0591435134
vt 0.163586557 0.0622162521
vt 0.814656377 0.560276389
vt 0.8150087 0.558359981
vt 0.806554854 0.555621266
vt 0.806640863 0.557709157
vt 0.822787404 0.555754244
vt 0.82103312 0.555158794
vt 0.819463491 0.558361113
vt 0.819798172 0.560088038
vt 0.240708292 0.598273754
vt 0.239229679 0.59703356
vt 0.235579878 0.601962924
vt 0.238334745 0.602838814
vt 0.806640863 0.557709157
vt 0.806554854 0.555621266
vt 0.800678611 0.553418458
vt 0.798315525 0.553418458
vt 0.817359209 0.562512517
vt 0.81844759 0.561506331
vt 0.81494534 0.561386466
vt 0.815731287 0.562366247
vt 0.815731287 0.562366247
vt 0.81494534 0.561386466
vt 0.813695312 0.565584064
vt 0.815170646 0.564355493
vt 0.57269907 0.676494837
vt 0.570904315 0.67676729
vt 0.570899189 0.680532455
vt 0.572898149 0.680292726
vt 0.568528473 0.676933587
vt 0.570904315 0.67676729
vt 0.571338058 0.67339623
vt 0.569042683 0.673083127
vt 0.704274058 0.896914363
vt 0.705761552 0.893931031
vt 0.701663971 0.892471433
vt 0.700046718 0.896081805
vt 0.0509535968 0.654720902
vt 0.0577867031 0.657542825
vt 0.0589242429 0.656493008
vt 0.0506132245 0.647281706
vt 0.0552910417 0.660583973
vt 0.0501448661 0.660249114
vt 0.0491526723 0.665340543
vt 0.0558331013 0.661925614
vt 0.0558331013 0.661925614
vt 0.0491526723 0.665340543
vt 0.0497570932 0.668136895
vt 0.0589242429 0.664848804
vt 0.0509535968 0.654720902
vt 0.0501448661 0.660249114
vt 0.0552910417 0.660583973
vt 0.0577867031 0.657542825
vt 0.0552910417 0.660583973
vt 0.0562664866 0.661491096
vt 0.0588679016 0.65836215
vt 0.0577867031 0.657542825
vt 0.159354404 0.572604001
vt 0.150305703 0.565566778
vt 0.151719034 0.573011398
vt 0.159176648 0.565129578
vt 0.149366155 0.554970384
vt 0.159368619 0.553916395
vt 0.159263954 0.544076681
vt 0.149023384 0.544332683
vt 0.149075806 0.5355165
vt 0.158868909 0.533204377
vt 0.154290855 0.533341587
vt 0.149273872 0.531923831
vt 0.159368619 0.524653971
vt 0.149797559 0.52439785
vt 0.145481199 0.522147536
vt 0.145585507 0.518774748
vt 0.137568086 0.521384418
vt 0.13790676 0.523287773
vt 0.819463491 0.54847604
vt 0.819798172 0.546749055
vt 0.814656377 0.546560645
vt 0.8150087 0.548477173
vt 0.676907897 0.57374543
vt 0.677444041 0.563119113
vt 0.674104929 0.563117087
vt 0.673726559 0.57349515
vt 0.159101367 0.0609858334
vt 0.160119206 0.0613361299
vt 0.162476525 0.06017676
vt 0.162154913 0.0591435134
vt 0.212498844 0.561110735
vt 0.212498844 0.553556621
vt 0.205193922 0.553859293
vt 0.204942018 0.561638892
vt 0.714581668 0.521413445
vt 0.711670041 0.521028876
vt 0.711745083 0.529121041
vt 0.714869261 0.528885722
vt 0.711771429 0.540057659
vt 0.714909017 0.540102422
vt 0.715322018 0.549935818
vt 0.711936474 0.550081134
vt 0.709403396 0.904863715
vt 0.705761552 0.906800151
vt 0.708580256 0.909464121
vt 0.710201979 0.908581495
vt 0.700046718 0.904649377
vt 0.704274058 0.9038167
vt 0.703713417 0.900365591
vt 0.69936347 0.900365591
vt 0.713098407 0.900365591
vt 0.710218251 0.900365591
vt 0.709403396 0.904863715
vt 0.712710977 0.904159546
vt 0.709403396 0.904863715
vt 0.710218251 0.900365591
vt 0.706989586 0.900365591
vt 0.707129776 0.90283978
vt 0.711553574 0.911624551
vt 0.710201979 0.908581495
vt 0.708580256 0.909464121
vt 0.710012138 0.912498116
vt 0.709403396 0.904863715
vt 0.710201979 0.908581495
vt 0.713353395 0.908372879
vt 0.712710977 0.904159546
vt 0.706989586 0.900365591
vt 0.703713417 0.900365591
vt 0.704274058 0.9038167
vt 0.707129776 0.90283978
vt 0.710201979 0.908581495
vt 0.711553574 0.911624551
vt 0.714324117 0.910930276
vt 0.713353395 0.908372879
vt 0.704274058 0.9038167
vt 0.705761552 0.906800151
vt 0.709403396 0.904863715
vt 0.707129776 0.90283978
vt 0.685896158 0.970261216
vt 0.685896218 0.96721673
vt 0.684818685 0.968450785
vt 0.685007751 0.968762159
vt 0.682029784 0.970156431
vt 0.685896158 0.970261216
vt 0.685007751 0.968762159
vt 0.683215261 0.968862891
vt 0.685007751 0.968762159
vt 0.684818685 0.968450785
vt 0.683264732 0.96852994
vt 0.683215261 0.968862891
vt 0.685896218 0.96721673
vt 0.682230353 0.968022227
vt 0.683264732 0.96852994
vt 0.684818685 0.968450785
vt 0.682230353 0.968022227
vt 0.682029784 0.970156431
vt 0.683215261 0.968862891
vt 0.683264732 0.96852994
vt 0.586434543 0.679390967
vt 0.586868346 0.682762027
vt 0.588428378 0.683383703
vt 0.588229299 0.67966336
vt 0.586434543 0.679390967
vt 0.586429477 0.675625801
vt 0.584015965 0.675971389
vt 0.584058762 0.67922467
vt 0.160119206 0.0613361299
vt 0.159101367 0.0609858334
vt 0.158783197 0.0654292405
vt 0.159869745 0.0653684437
vt 0.676627159 0.581319094
vt 0.676907897 0.57374543
vt 0.673726559 0.57349515
vt 0.67349112 0.581929684
vt 0.715507507 0.560812294
vt 0.715322018 0.549935818
vt 0.711936474 0.550081134
vt 0.711720645 0.560975671
vt 0.0491526723 0.665340543
vt 0.0501448661 0.660249114
vt 0.0446422398 0.65907073
vt 0.0435818732 0.663532197
vt 0.0355580598 0.657812119
vt 0.0446422398 0.65907073
vt 0.0451706499 0.655083656
vt 0.0362041742 0.653426766
vt 0.0348973274 0.663310647
vt 0.0351553261 0.667279959
vt 0.0433639437 0.666296959
vt 0.0435818732 0.663532197
vt 0.0375255793 0.648288429
vt 0.0362041742 0.653426766
vt 0.0451706499 0.655083656
vt 0.0448044986 0.650494933
vt 0.0446422398 0.65907073
vt 0.0501448661 0.660249114
vt 0.0509535968 0.654720902
vt 0.0451706499 0.655083656
vt 0.0448044986 0.650494933
vt 0.0451706499 0.655083656
vt 0.0509535968 0.654720902
vt 0.0506132245 0.647281706
vt 0.0435818732 0.663532197
vt 0.0433639437 0.666296959
vt 0.0497570932 0.668136895
vt 0.0491526723 0.665340543
vt 0.0146732777 0.724056363
vt 0.0153669864 0.717833638
vt 0.0123735219 0.715545356
vt 0.0119867623 0.725113034
vt 0.678626478 0.543694794
vt 0.674564123 0.552252531
vt 0.678007603 0.552488983
vt 0.675012529 0.543456852
vt 0.678889871 0.540106297
vt 0.675205112 0.539913476
vt 0.675214887 0.532367051
vt 0.678762794 0.532563388
vt 0.229039937 0.56703788
vt 0.228132814 0.571406484
vt 0.229180396 0.571472168
vt 0.229534671 0.567608476
vt 0.718941927 0.576738477
vt 0.717041135 0.572945297
vt 0.714046061 0.570697129
vt 0.714156032 0.577810049
vt 0.228132814 0.571406484
vt 0.227043182 0.575395048
vt 0.22898981 0.575615764
vt 0.229180396 0.571472168
vt 0.193049818 0.556029558
vt 0.192124441 0.559553683
vt 0.194743529 0.562144876
vt 0.194743529 0.553051174
vt 0.227043182 0.575395048
vt 0.224234849 0.574328423
vt 0.223220572 0.579336226
vt 0.227140501 0.579336226
vt 0.718941927 0.58080554
vt 0.718941927 0.576738477
vt 0.714156032 0.577810049
vt 0.714226067 0.582336187
vt 0.030218184 0.720734715
vt 0.0333707482 0.718102932
vt 0.0280010104 0.715119243
vt 0.0279272944 0.719194829
vt 0.719460368 0.975722551
vt 0.719699502 0.978408933
vt 0.723522604 0.978378415
vt 0.723473072 0.975743413
vt 0.719717026 0.970338583
vt 0.718050957 0.974805236
vt 0.719460368 0.975722551
vt 0.720523775 0.97061193
vt 0.723473072 0.975743413
vt 0.725012898 0.971619606
vt 0.724274457 0.971557975
vt 0.72488308 0.976929307
vt 0.723522604 0.978378415
vt 0.725012898 0.978604198
vt 0.680711269 0.993537903
vt 0.680695295 0.98811996
vt 0.676892638 0.989295959
vt 0.677296758 0.993952394
vt 0.676892638 0.989295959
vt 0.680695295 0.98811996
vt 0.680711269 0.986476302
vt 0.676915228 0.986528993
vt 0.0265636295 0.72052598
vt 0.0243460536 0.72005868
vt 0.0271304846 0.725574315
vt 0.0280137211 0.723371327
vt 0.708385944 0.944360137
vt 0.708425403 0.943731666
vt 0.706673384 0.942649841
vt 0.706871152 0.943949461
vt 0.706871152 0.943949461
vt 0.706673384 0.942649841
vt 0.705021739 0.942551494
vt 0.706144631 0.943612337
vt 0.709503531 0.940268755
vt 0.706829548 0.939399481
vt 0.707944691 0.9413836
vt 0.709160805 0.94118917
vt 0.70498848 0.939838409
vt 0.705021739 0.942551494
vt 0.706673384 0.942649841
vt 0.707019448 0.941725135
vt 0.213607192 0.0445785224
vt 0.213906243 0.0428446829
vt 0.210610017 0.0427352488
vt 0.210074469 0.0441094935
vt 0.708425403 0.943731666
vt 0.709120214 0.943527818
vt 0.709012568 0.943032861
vt 0.708421588 0.94325316
vt 0.721119523 0.969997644
vt 0.720523775 0.97061193
vt 0.724274457 0.971557975
vt 0.724537492 0.970857739
vt 0.720523775 0.97061193
vt 0.719460368 0.975722551
vt 0.723473072 0.975743413
vt 0.724274457 0.971557975
vt 0.172216609 0.569508076
vt 0.161022976 0.568328261
vt 0.160478652 0.575942159
vt 0.17317754 0.571593404
vt 0.172742009 0.575983405
vt 0.676627159 0.581319094
vt 0.674305797 0.589532375
vt 0.677733421 0.589440644
vt 0.67349112 0.581929684
vt 0.148739904 0.589590967
vt 0.148447365 0.583272636
vt 0.138419762 0.583178401
vt 0.137568086 0.591125369
vt 0.179805174 0.570488453
vt 0.174064323 0.569766939
vt 0.17317754 0.571593404
vt 0.179312631 0.576270521
vt 0.172742009 0.575983405
vt 0.714581668 0.521413445
vt 0.715507507 0.513474762
vt 0.711816072 0.513246536
vt 0.711670041 0.521028876
vt 0.0265636295 0.72052598
vt 0.0279272944 0.719194829
vt 0.0280010104 0.715119243
vt 0.0243460536 0.72005868
vt 0.162042409 0.583671808
vt 0.162221119 0.588751376
vt 0.172064736 0.588240206
vt 0.173060656 0.585999072
vt 0.172765985 0.582682729
vt 0.17899926 0.582352459
vt 0.179805174 0.58745873
vt 0.17408599 0.587899148
vt 0.172064736 0.588240206
vt 0.709012568 0.943032861
vt 0.709503531 0.942973375
vt 0.709160805 0.94118917
vt 0.707944691 0.9413836
vt 0.709012568 0.943032861
vt 0.707944691 0.9413836
vt 0.707019448 0.941725135
vt 0.708421588 0.94325316
vt 0.708421588 0.94325316
vt 0.707019448 0.941725135
vt 0.706673384 0.942649841
vt 0.708425403 0.943731666
vt 0.706829548 0.939399481
vt 0.70498848 0.939838409
vt 0.707019448 0.941725135
vt 0.707944691 0.9413836
vt 0.675357103 0.595575094
vt 0.678889871 0.594480693
vt 0.677733421 0.589440644
vt 0.674305797 0.589532375
vt 0.148447365 0.583272636
vt 0.148739904 0.589590967
vt 0.150627077 0.58946538
vt 0.150539979 0.583384693
vt 0.156406537 0.589540482
vt 0.156406537 0.583451211
vt 0.696583152 0.545391917
vt 0.697066724 0.53932184
vt 0.691344976 0.538621783
vt 0.690739989 0.544856191
vt 0.17899926 0.582352459
vt 0.179312631 0.576270521
vt 0.172742009 0.575983405
vt 0.172765985 0.582682729
vt 0.172742009 0.575983405
vt 0.160478652 0.575942159
vt 0.162042409 0.583671808
vt 0.172765985 0.582682729
vt 0.209793314 0.0478430092
vt 0.209871009 0.0496419966
vt 0.213377789 0.0496683419
vt 0.213362664 0.0477627218
vt 0.0271304846 0.725574315
vt 0.0333707482 0.725032508
vt 0.0297510177 0.723092854
vt 0.0280137211 0.723371327
vt 0.209793314 0.0478430092
vt 0.213362664 0.0477627218
vt 0.213607192 0.0445785224
vt 0.210074469 0.0441094935
vt 0.210750282 0.0533352196
vt 0.213906243 0.0523776114
vt 0.213377789 0.0496683419
vt 0.209871009 0.0496419966
vt 0.690651894 0.551034153
vt 0.690996349 0.557169139
vt 0.696888208 0.556919217
vt 0.697040081 0.550659478
vt 0.690996349 0.557169139
vt 0.691330194 0.563303113
vt 0.697066724 0.56273669
vt 0.696888208 0.556919217
vt 0.690651894 0.551034153
vt 0.697040081 0.550659478
vt 0.696583152 0.545391917
vt 0.690739989 0.544856191
vt 0.212304756 0.513725519
vt 0.212228954 0.505298316
vt 0.205678314 0.505426407
vt 0.205621764 0.51391685
vt 0.187596008 0.514293015
vt 0.18758291 0.522072136
vt 0.195165142 0.521655381
vt 0.195141613 0.514293015
vt 0.0435818732 0.663532197
vt 0.0446422398 0.65907073
vt 0.0355580598 0.657812119
vt 0.0348973274 0.663310647
vt 0.0232360512 0.726747036
vt 0.0232360512 0.715119243
vt 0.0206597745 0.717323899
vt 0.0200477242 0.724105895
vt 0.0154422373 0.725886643
vt 0.0218349993 0.727321684
vt 0.0190935731 0.724219084
vt 0.0119867623 0.725113034
vt 0.0146732777 0.724056363
vt 0.229039937 0.56703788
vt 0.229534671 0.567608476
vt 0.231186315 0.563577712
vt 0.230096534 0.562957704
vt 0.175221235 0.522053361
vt 0.18415007 0.514293015
vt 0.175367415 0.514293015
vt 0.184037924 0.522058487
vt 0.187596008 0.514293015
vt 0.18758291 0.522072136
vt 0.674564123 0.552252531
vt 0.674104929 0.563117087
vt 0.677444041 0.563119113
vt 0.678007603 0.552488983
vt 0.145481199 0.522147536
vt 0.15387255 0.514375031
vt 0.145585507 0.518774748
vt 0.153933689 0.522089362
vt 0.157093465 0.516809881
vt 0.205209553 0.545766771
vt 0.205193922 0.553859293
vt 0.212498844 0.553556621
vt 0.21246472 0.545348465
vt 0.205300152 0.534830511
vt 0.212405175 0.535022259
vt 0.205217883 0.524806023
vt 0.21233736 0.524638057
vt 0.205621764 0.51391685
vt 0.212304756 0.513725519
vt 0.711720645 0.560975671
vt 0.711722016 0.569466293
vt 0.715261757 0.569373071
vt 0.715507507 0.560812294
vt 0.0123735219 0.715545356
vt 0.0153669864 0.717833638
vt 0.0206597745 0.717323899
vt 0.0159242749 0.715409696
vt 0.225872099 0.566493154
vt 0.229039937 0.56703788
vt 0.230096534 0.562957704
vt 0.22681734 0.562748909
vt 0.22898981 0.575615764
vt 0.227043182 0.575395048
vt 0.227140501 0.579336226
vt 0.228817374 0.579336226
vt 0.224991411 0.570560575
vt 0.224234849 0.574328423
vt 0.227043182 0.575395048
vt 0.228132814 0.571406484
vt 0.225872099 0.566493154
vt 0.224991411 0.570560575
vt 0.228132814 0.571406484
vt 0.229039937 0.56703788
vt 0.822493553 0.939154565
vt 0.822689891 0.943282962
vt 0.82068789 0.94286561
vt 0.820449293 0.940088868
vt 0.823028982 0.939154565
vt 0.82313472 0.943319917
vt 0.822689891 0.943282962
vt 0.822493553 0.939154565
vt 0.82313472 0.943319917
vt 0.823253393 0.947824419
vt 0.822780371 0.94768244
vt 0.822689891 0.943282962
vt 0.166268602 0.59472096
vt 0.172152787 0.59472096
vt 0.173173994 0.592875063
vt 0.16639851 0.592637718
vt 0.159869745 0.0653684437
vt 0.158783197 0.0654292405
vt 0.160337865 0.0685019791
vt 0.162476525 0.0677860677
vt 0.814656377 0.546560645
vt 0.806640923 0.549127877
vt 0.806554854 0.551215708
vt 0.8150087 0.548477173
vt 0.822787404 0.55108285
vt 0.819798172 0.546749055
vt 0.819463491 0.54847604
vt 0.82103312 0.55167824
vt 0.181079641 0.608842492
vt 0.17870608 0.604277313
vt 0.175951228 0.605153263
vt 0.179601014 0.610082626
vt 0.806640923 0.549127877
vt 0.798315525 0.553418458
vt 0.800678611 0.553418458
vt 0.806554854 0.551215708
vt 0.817359209 0.562512517
vt 0.817488551 0.564291835
vt 0.81844759 0.565283239
vt 0.81844759 0.561506331
vt 0.817488551 0.564291835
vt 0.815170646 0.564355493
vt 0.813695312 0.565584064
vt 0.81844759 0.565283239
vt 0.588229299 0.67966336
vt 0.588428378 0.675865471
vt 0.586429477 0.675625801
vt 0.586434543 0.679390967
vt 0.584058762 0.67922467
vt 0.584572911 0.68307513
vt 0.586868346 0.682762027
vt 0.586434543 0.679390967
vt 0.704274058 0.9038167
vt 0.700046718 0.904649377
vt 0.701663971 0.90825963
vt 0.705761552 0.906800151
vn -0.33586812 0.497605056 0.799738646
vn -0.33586812 0.497605056 0.799738646
vn -0.33586812 0.497605056 0.799738646
vn 0.0631121546 0.726154804 -0.684628367
vn 0.0631121546 0.726154804 -0.684628367
vn 0.0631121546 0.726154804 -0.684628367
vn -0.991280615 0.0315299146 -0.127940133
vn -0.991280615 0.0315299146 -0.127940133
vn -0.991280615 0.0315299146 -0.127940133
vn -0.0324567817 -0.998953819 0.0322149359
vn -0.0324567817 -0.998953819 0.0322149359
vn -0.0324567817 -0.998953819 0.0322149359
vn 0.0416140519 -0.897273362 -0.439509571
vn 0.0416140519 -0.897273362 -0.439509571
vn 0.0416140519 -0.897273362 -0.439509571
vn -0.215214372 0.0463131145 0.97546798
vn -0.215214372 0.0463131145 0.97546798
vn -0.215214372 0.0463131145 0.97546798
vn -0.259645313 0.0539004989 0.964198589
vn -0.259645313 0.0539004989 0.964198589
vn -0.258735567 0.137244731 0.956148386
vn -0.258735567 0.137244731 0.956148386
vn -0.258735567 0.137244731 0.956148386
vn -0.506710708 0.22365348 0.832600415
vn -0.506710708 0.22365348 0.832600415
vn -0.506710708 0.22365348 0.832600415
vn -0.213482842 0.302463919 0.928945959
vn -0.213482842 0.302463919 0.928945959
vn -0.213482842 0.302463919 0.928945959
vn -0.245485932 -0.222559109 0.9435063
vn -0.245485932 -0.222559109 0.9435063
vn -0.245485932 -0.222559109 0.9435063
vn -0.189024135 0.00107436883 0.98197192
vn -0.189024135 0.00107436883 0.98197192
vn -0.19378905 -0.024716286 0.980731785
vn -0.19378905 -0.024716286 0.980731785
vn -0.19378905 -0.024716286 0.980731785
vn -0.19378905 -0.024716286 0.980731785
vn -0.829235554 0.136497542 0.541974902
vn -0.829235554 0.136497542 0.541974902
vn -0.829235554 0.136497542 0.541974902
vn 0.33586812 0.497605056 0.799738646
vn 0.33586812 0.497605056 0.799738646
vn 0.33586812 0.497605056 0.799738646
vn -0.0631121546 0.726154804 -0.684628367
vn -0.0631121546 0.726154804 -0.684628367
vn -0.0631121546 0.726154804 -0.684628367
vn 0.991280615 0.0315299146 -0.127940133
vn 0.991280615 0.0315299146 -0.127940133
vn 0.991280615 0.0315299146 -0.127940133
vn 0.0324567817 -0.998953819 0.0322149359
vn 0.0324567817 -0.998953819 0.0322149359
vn 0.0324567817 -0.998953819 0.0322149359
vn -0.0416140519 -0.897273362 -0.439509571
vn -0.0416140519 -0.897273362 -0.439509571
vn -0.0416140519 -0.897273362 -0.439509571
vn 0.215214372 0.0463131145 0.97546798
vn 0.215214372 0.0463131145 0.97546798
vn 0.215214372 0.0463131145 0.97546798
vn 0.259645313 0.0539004989 0.964198589
vn 0.259645313 0.0539004989 0.964198589
vn 0.258735567 0.137244731 0.956148386
vn 0.258735567 0.137244731 0.956148386
vn 0.258735567 0.137244731 0.956148386
vn 0.506710708 0.22365348 0.832600415
vn 0.506710708 0.22365348 0.832600415
vn 0.506710708 0.22365348 0.832600415
vn 0.213482842 0.302463919 0.928945959
vn 0.213482842 0.302463919 0.928945959
vn 0.213482842 0.302463919 0.928945959
vn 0.245485932 -0.222559109 0.9435063
vn 0.245485932 -0.222559109 0.9435063
vn 0.245485932 -0.222559109 0.9435063
vn 0.189024135 0.00107436883 0.98197192
vn 0.193789065 -0.0247163046 0.980731785
vn 0.189024135 0.00107436883 0.98197192
vn 0.193789065 -0.0247163046 0.980731785
vn 0.193789065 -0.0247163046 0.980731785
vn 0.193789065 -0.0247163046 0.980731785
vn 0.829235554 0.136497542 0.541974902
vn 0.829235554 0.136497542 0.541974902
vn 0.829235554 0.136497542 0.541974902
vn 0.998570681 -0.0288587064 -0.0449865572
vn 0.998570681 -0.0288587064 -0.0449865572
vn 0.998570681 -0.0288587064 -0.0449865572
vn 0.998570681 -0.0288587064 -0.0449865572
vn -0.999523997 0.0110646375 -0.0287964512
vn -0.999523997 0.0110646375 -0.0287964512
vn -0.999523997 0.0110646375 -0.0287964512
vn -0.999523997 0.0110646375 -0.0287964512
vn -0 -1 0
vn -0 -1 0
vn -0 -1 0
vn -0 -1 0
vn -0.0849913955 0.936741769 0.339545518
vn -0.0849913955 0.936741769 0.339545518
vn -0.0849913955 0.936741769 0.339545518
vn -0.0849913955 0.936741769 0.339545518
vn -0.398315936 0.0544914231 0.915628254
vn -0.398315936 0.0544914231 0.915628254
vn -0.398315936 0.0544914231 0.915628254
vn -0.398315936 0.0544914231 0.915628254
vn -0.999314666 0.0257180408 -0.026622789
vn -0.999314666 0.0257180408 -0.026622789
vn -0.999314666 0.0257180408 -0.026622789
vn -0.999314666 0.0257180408 -0.026622789
vn -0.998621702 0.00695263268 -0.0520224273
vn -0.998621702 0.00695263268 -0.0520224273
vn -0.997057676 0.00180314307 -0.0766338781
vn -0.997057676 0.00180314307 -0.0766338781
vn -0.997057676 0.00180314307 -0.0766338781
vn -0.995091558 -0.0309376977 -0.093998313
vn -0.995091558 -0.0309376977 -0.093998313
vn -0.995091558 -0.0309376977 -0.093998313
vn -0.995091558 -0.0309376977 -0.093998313
vn -0.995091558 -0.0309376977 -0.093998313
vn -0.167702317 0.269402623 0.948313296
vn -0.167702317 0.269402623 0.948313296
vn -0.167702317 0.269402623 0.948313296
vn -0.167702317 0.269402623 0.948313296
vn -0.217307493 0.970766425 0.101931781
vn -0.217307493 0.970766425 0.101931781
vn -0.217307493 0.970766425 0.101931781
vn -0.217307493 0.970766425 0.101931781
vn -0.239540145 0.0573084988 0.969193578
vn -0.239540145 0.0573084988 0.969193578
vn -0.239540145 0.0573084988 0.969193578
vn -0.239540145 0.0573084988 0.969193578
vn -0.0318499431 0.908543348 -0.416574955
vn -0.0318499431 0.908543348 -0.416574955
vn -0.0318499431 0.908543348 -0.416574955
vn -0.0318499431 0.908543348 -0.416574955
vn -0.0130345542 0.0958887935 -0.995306671
vn -0.0130345542 0.0958887935 -0.995306671
vn -0.0130345542 0.0958887935 -0.995306671
vn -0.0130345542 0.0958887935 -0.995306671
vn -0.138003737 0.02908751 -0.99000448
vn -0.16387257 0.04069544 -0.985641778
vn -0.138003737 0.02908751 -0.99000448
vn -0.16387257 0.04069544 -0.985641778
vn -0.16387257 0.04069544 -0.985641778
vn -0.16387257 0.04069544 -0.985641778
vn -0.179572776 0.0365945809 -0.983063757
vn -0.179572776 0.0365945809 -0.983063757
vn -0.964894474 -0.194946989 -0.175995648
vn -0.964894474 -0.194946989 -0.175995648
vn -0.964894474 -0.194946989 -0.175995648
vn -0.964894474 -0.194946989 -0.175995648
vn -0.445210427 0.237836778 0.863261998
vn -0.445210427 0.237836778 0.863261998
vn -0.445210427 0.237836778 0.863261998
vn -0.445210427 0.237836778 0.863261998
vn -0.369571298 0.0502732731 0.927841425
vn -0.369571298 0.0502732731 0.927841425
vn -0.369571298 0.0502732731 0.927841425
vn -0.369571298 0.0502732731 0.927841425
vn -0.218187362 -0.965189099 0.144236907
vn -0.218187362 -0.965189099 0.144236907
vn -0.218187362 -0.965189099 0.144236907
vn -0.218187362 -0.965189099 0.144236907
vn -0.275422066 -0.363431513 -0.889977634
vn -0.275422066 -0.363431513 -0.889977634
vn -0.275422066 -0.363431513 -0.889977634
vn -0.275422066 -0.363431513 -0.889977634
vn -0.986165047 -0.0327962674 -0.162489891
vn -0.986165047 -0.0327962674 -0.162489891
vn -0.986165047 -0.0327962674 -0.162489891
vn -0.986165047 -0.0327962674 -0.162489891
vn -0.405381143 -0.0598550774 0.912186027
vn -0.405381143 -0.0598550774 0.912186027
vn -0.405381143 -0.0598550774 0.912186027
vn -0.405381143 -0.0598550774 0.912186027
vn -0.182151854 0.256584585 -0.949202359
vn -0.182151854 0.256584585 -0.949202359
vn -0.182151854 0.256584585 -0.949202359
vn -0.182151854 0.256584585 -0.949202359
vn -0.98904103 -0.147639319 -0.000632696494
vn -0.98904103 -0.147639319 -0.000632696494
vn -0.98904103 -0.147639319 -0.000632696494
vn -0.98904103 -0.147639319 -0.000632696494
vn 0.107615568 0.991207957 -0.0769780353
vn 0.107615568 0.991207957 -0.0769780353
vn 0.107615568 0.991207957 -0.0769780353
vn 0.107615568 0.991207957 -0.0769780353
vn -0.78889364 0.0378715731 0.613361835
vn -0.78889364 0.0378715731 0.613361835
vn -0.78889364 0.0378715731 0.613361835
vn -0.78889364 0.0378715731 0.613361835
vn -0.989093184 -0.0616498441 0.133768305
vn -0.989093184 -0.0616498441 0.133768305
vn -0.989093184 -0.0616498441 0.133768305
vn -0.989093184 -0.0616498441 0.133768305
vn -0.0457799584 -0.224375442 -0.973426819
vn -0.0457799584 -0.224375442 -0.973426819
vn -0.0457799584 -0.224375442 -0.973426819
vn -0.0457799584 -0.224375442 -0.973426819
vn -0.518849552 -0.836852849 0.174563587
vn -0.518849552 -0.836852849 0.174563587
vn -0.518849552 -0.836852849 0.174563587
vn -0.518849552 -0.836852849 0.174563587
vn -0.967745066 0.0973609909 -0.232358113
vn -0.967745066 0.0973609909 -0.232358113
vn -0.967745066 0.0973609909 -0.232358113
vn -0.967745066 0.0973609909 -0.232358113
vn -0.331250042 -0.484910369 -0.809404314
vn -0.331250042 -0.484910369 -0.809404314
vn -0.331250042 -0.484910369 -0.809404314
vn -0.331250042 -0.484910369 -0.809404314
vn -0.545841217 0.835902274 0.0576607995
vn -0.545841217 0.835902274 0.0576607995
vn -0.545841217 0.835902274 0.0576607995
vn -0.545841217 0.835902274 0.0576607995
vn -0.236443266 0.161628574 0.958107948
vn -0.236443266 0.161628574 0.958107948
vn -0.236443266 0.161628574 0.958107948
vn -0.236443266 0.161628574 0.958107948
vn -0.220573857 -0.00399527932 -0.975362062
vn -0.220573857 -0.00399527932 -0.975362062
vn -0.220573857 -0.00399527932 -0.975362062
vn -0.220573857 -0.00399527932 -0.975362062
vn -0.991401255 0.112459548 -0.0669052452
vn -0.991401255 0.112459548 -0.0669052452
vn -0.991401255 0.112459548 -0.0669052452
vn -0.991401255 0.112459548 -0.0669052452
vn -0.187060982 -0.14427346 0.971696138
vn -0.187060982 -0.14427346 0.971696138
vn -0.187060982 -0.14427346 0.971696138
vn -0.187060982 -0.14427346 0.971696138
vn 0.119054034 -0.151795611 -0.981215656
vn 0.119054034 -0.151795611 -0.981215656
vn 0.119054034 -0.151795611 -0.981215656
vn 0.119054034 -0.151795611 -0.981215656
vn 0.986844182 -0.115183771 -0.113450721
vn 0.986844182 -0.115183771 -0.113450721
vn 0.986844182 -0.115183771 -0.113450721
vn 0.986844182 -0.115183771 -0.113450721
vn -0.134753332 0.191461027 0.972205818
vn -0.134753332 0.191461027 0.972205818
vn -0.134753332 0.191461027 0.972205818
vn -0.134753332 0.191461027 0.972205818
vn 0.988444269 0.0778189972 -0.130084917
vn 0.988444269 0.0778189972 -0.130084917
vn 0.988444269 0.0778189972 -0.130084917
vn 0.988444269 0.0778189972 -0.130084917
vn 0.195597365 0.088247411 -0.97670573
vn 0.195597365 0.088247411 -0.97670573
vn 0.195597365 0.088247411 -0.97670573
vn 0.195597365 0.088247411 -0.97670573
vn 0.19383809 -0.980753362 -0.0234450605
vn 0.19383809 -0.980753362 -0.0234450605
vn 0.19383809 -0.980753362 -0.0234450605
vn 0.19383809 -0.980753362 -0.0234450605
vn -0.155657977 -0.0714709982 0.985222042
vn -0.163325444 -0.0449145697 0.98554939
vn -0.163325444 -0.0449145697 0.98554939
vn -0.155657977 -0.0714709982 0.985222042
vn -0.155657977 -0.0714709982 0.985222042
vn -0.155657977 -0.0714709982 0.985222042
vn -0.143574476 -0.114110023 0.983038783
vn -0.143574476 -0.114110023 0.983038783
vn -0.89618355 0.385127813 -0.22029902
vn -0.89618355 0.385127813 -0.22029902
vn -0.89618355 0.385127813 -0.22029902
vn -0.89618355 0.385127813 -0.22029902
vn -0.34171471 0.93401444 -0.104153626
vn -0.34171471 0.93401444 -0.104153626
vn -0.34171471 0.93401444 -0.104153626
vn -0.34171471 0.93401444 -0.104153626
vn -0.582349479 0.809260786 -0.0772400275
vn -0.582349479 0.809260786 -0.0772400275
vn -0.582349479 0.809260786 -0.0772400275
vn -0.582349479 0.809260786 -0.0772400275
vn 0.0445024036 -0.925808787 0.37536341
vn 0.0445024036 -0.925808787 0.37536341
vn 0.0445024036 -0.925808787 0.37536341
vn 0.0445024036 -0.925808787 0.37536341
vn -0.422562927 -0.186541885 0.886928797
vn -0.422562927 -0.186541885 0.886928797
vn -0.422562927 -0.186541885 0.886928797
vn -0.422562927 -0.186541885 0.886928797
vn -0.336243123 0.74616909 -0.57460624
vn -0.336243123 0.74616909 -0.57460624
vn -0.336243123 0.74616909 -0.57460624
vn -0.336243123 0.74616909 -0.57460624
vn -0.929109454 0.367226541 0.0435929224
vn -0.929109454 0.367226541 0.0435929224
vn -0.929109454 0.367226541 0.0435929224
vn -0.929109454 0.367226541 0.0435929224
vn -0.131658897 0.989994228 0.0507672392
vn -0.131658897 0.989994228 0.0507672392
vn -0.131658897 0.989994228 0.0507672392
vn -0.131658897 0.989994228 0.0507672392
vn -0.0178081393 -0.347545952 0.937493861
vn -0.0178081393 -0.347545952 0.937493861
vn -0.0178081393 -0.347545952 0.937493861
vn -0.0178081393 -0.347545952 0.937493861
vn 0.0242172703 0.0976636708 -0.994924784
vn 0.0242172703 0.0976636708 -0.994924784
vn 0.0242172703 0.0976636708 -0.994924784
vn 0.0242172703 0.0976636708 -0.994924784
vn 0.0133364443 0.0663597584 -0.997706652
vn 0.0133364443 0.0663597584 -0.997706652
vn 0.245739788 -0.968666375 -0.0360197909
vn 0.245739788 -0.968666375 -0.0360197909
vn 0.245739788 -0.968666375 -0.0360197909
vn 0.245739788 -0.968666375 -0.0360197909
vn 0.0653931201 -0.987332165 -0.144564152
vn 0.0653931201 -0.987332165 -0.144564152
vn 0.0653931201 -0.987332165 -0.144564152
vn 0.0653931201 -0.987332165 -0.144564152
vn -0.522941411 -0.852335989 -0.00746973325
vn -0.522941411 -0.852335989 -0.00746973325
vn -0.522941411 -0.852335989 -0.00746973325
vn -0.522941411 -0.852335989 -0.00746973325
vn -0.416888505 0.16253677 -0.894307435
vn -0.416888505 0.16253677 -0.894307435
vn -0.416888505 0.16253677 -0.894307435
vn -0.416888505 0.16253677 -0.894307435
vn -0.917358637 -0.197676077 0.345510274
vn -0.917358637 -0.197676077 0.345510274
vn -0.917358637 -0.197676077 0.345510274
vn -0.917358637 -0.197676077 0.345510274
vn 0.227575168 -0.744215071 -0.627975702
vn 0.227575168 -0.744215071 -0.627975702
vn 0.227575168 -0.744215071 -0.627975702
vn 0.227575168 -0.744215071 -0.627975702
vn -0.112575419 0.540887475 0.833527148
vn -0.112575419 0.540887475 0.833527148
vn -0.112575419 0.540887475 0.833527148
vn -0.112575419 0.540887475 0.833527148
vn 0.0644821003 0.00571116759 -0.997902513
vn 0.0644821003 0.00571116759 -0.997902513
vn 0.0644821003 0.00571116759 -0.997902513
vn 0.0644821003 0.00571116759 -0.997902513
vn -0.80384016 -0.215021282 0.554623187
vn -0.80384016 -0.215021282 0.554623187
vn -0.80384016 -0.215021282 0.554623187
vn -0.80384016 -0.215021282 0.554623187
vn -0.948269248 -0.275122046 -0.158408239
vn -0.948269248 -0.275122046 -0.158408239
vn -0.948269248 -0.275122046 -0.158408239
vn -0.948269248 -0.275122046 -0.158408239
vn -0.404001534 0.914636314 0.0149348341
vn -0.404001534 0.914636314 0.0149348341
vn -0.404001534 0.914636314 0.0149348341
vn -0.404001534 0.914636314 0.0149348341
vn -0.0998020917 -0.9950068 -0.000980471959
vn -0.0998020917 -0.9950068 -0.000980471959
vn -0.0998020917 -0.9950068 -0.000980471959
vn -0.0998020917 -0.9950068 -0.000980471959
vn -0.0998020917 -0.9950068 -0.000980471959
vn -0.21332173 0.217240855 0.952523112
vn -0.21332173 0.217240855 0.952523112
vn -0.21332173 0.217240855 0.952523112
vn -0.240969077 0.224091724 0.944307566
vn -0.00797985587 0.0595259592 -0.998194873
vn -0.00797985587 0.0595259592 -0.998194873
vn -0.00797985587 0.0595259592 -0.998194873
vn -0.00797985587 0.0595259592 -0.998194873
vn 0.0404895805 -0.998838127 -0.0261330903
vn 0.0404895805 -0.998838127 -0.0261330903
vn 0.0404895805 -0.998838127 -0.0261330903
vn 0.0404895805 -0.998838127 -0.0261330903
vn 0.0404895805 -0.998838127 -0.0261330903
vn -0.0711529478 0.0488488898 -0.996268511
vn -0.0711529478 0.0488488898 -0.996268511
vn -0.0711529478 0.0488488898 -0.996268511
vn -0.0953437984 0.0565442443 -0.993837178
vn -0.776079655 -0.0402930602 -0.629346311
vn -0.776079655 -0.0402930602 -0.629346311
vn -0.776079655 -0.0402930602 -0.629346311
vn -0.776079655 -0.0402930602 -0.629346311
vn -0.0382216014 0.999017477 -0.0224326402
vn -0.0382216014 0.999017477 -0.0224326402
vn -0.0382216014 0.999017477 -0.0224326402
vn -0.0558360331 0.998255432 -0.0191954281
vn -0.0558360331 0.998255432 -0.0191954281
vn -0.0558360331 0.998255432 -0.0191954281
vn -0.0558360331 0.998255432 -0.0191954281
vn -0.0558360331 0.998255432 -0.0191954281
vn -0.0914682299 0.995214462 -0.0343769118
vn 0.382556826 -0.904687405 -0.18759273
vn 0.382556826 -0.904687405 -0.18759273
vn 0.382556826 -0.904687405 -0.18759273
vn 0.382556826 -0.904687405 -0.18759273
vn 0.0765528902 -0.0217551365 0.996828139
vn 0.0765528902 -0.0217551365 0.996828139
vn 0.0765528902 -0.0217551365 0.996828139
vn 0.0765528902 -0.0217551365 0.996828139
vn -0.462681592 0.752634943 0.468472362
vn -0.462681592 0.752634943 0.468472362
vn -0.462681592 0.752634943 0.468472362
vn -0.462681592 0.752634943 0.468472362
vn 0.634673774 0.0361473151 0.77193433
vn 0.634673774 0.0361473151 0.77193433
vn 0.634673774 0.0361473151 0.77193433
vn 0.634673774 0.0361473151 0.77193433
vn -0.0693811625 0.997411311 -0.0188941956
vn -0.0693811625 0.997411311 -0.0188941956
vn -0.0693811625 0.997411311 -0.0188941956
vn -0.0693811625 0.997411311 -0.0188941956
vn -0.120323621 0.0696901903 -0.990285575
vn -0.120323621 0.0696901903 -0.990285575
vn -0.120323621 0.0696901903 -0.990285575
vn -0.120323621 0.0696901903 -0.990285575
vn -0.0781952217 0.0481395349 -0.995775163
vn -0.0781952217 0.0481395349 -0.995775163
vn 0.022549428 -0.00381815201 -0.999738395
vn 0.022549428 -0.00381815201 -0.999738395
vn 0.022549428 -0.00381815201 -0.999738395
vn 0.022549428 -0.00381815201 -0.999738395
vn 0.0364778973 0.0556327701 0.997784793
vn 0.0364778973 0.0556327701 0.997784793
vn 0.0364778973 0.0556327701 0.997784793
vn 0.0364778973 0.0556327701 0.997784793
vn -0.0254387613 0.156988069 0.987272918
vn -0.0254387613 0.156988069 0.987272918
vn -0.0254387613 0.156988069 0.987272918
vn -0.0254387613 0.156988069 0.987272918
vn 0.165012106 -0.0907471031 0.982107937
vn 0.165012106 -0.0907471031 0.982107937
vn 0.165012106 -0.0907471031 0.982107937
vn 0.165012106 -0.0907471031 0.982107937
vn -0.683395684 -0.0133311488 0.729926407
vn -0.683395684 -0.0133311488 0.729926407
vn -0.683395684 -0.0133311488 0.729926407
vn -0.683395684 -0.0133311488 0.729926407
vn -0.100621291 0.993822098 0.0468287282
vn -0.100621291 0.993822098 0.0468287282
vn -0.100621291 0.993822098 0.0468287282
vn -0.100621291 0.993822098 0.0468287282
vn 0.0364152342 -0.991524339 -0.124713562
vn 0.0364152342 -0.991524339 -0.124713562
vn 0.0364152342 -0.991524339 -0.124713562
vn 0.0364152342 -0.991524339 -0.124713562
vn 0.0787652209 0.0485032946 0.995712519
vn 0.0787652209 0.0485032946 0.995712519
vn 0.0787652209 0.0485032946 0.995712519
vn 0.0787652209 0.0485032946 0.995712519
vn 0.059084259 -0.998152077 -0.0141954292
vn 0.059084259 -0.998152077 -0.0141954292
vn 0.059084259 -0.998152077 -0.0141954292
vn 0.059084259 -0.998152077 -0.0141954292
vn -0.0522274375 0.998566687 0.0116987955
vn -0.0522274375 0.998566687 0.0116987955
vn -0.0522274375 0.998566687 0.0116987955
vn -0.0522274375 0.998566687 0.0116987955
vn -0.085985221 0.0129457796 -0.996212363
vn -0.085985221 0.0129457796 -0.996212363
vn -0.085985221 0.0129457796 -0.996212363
vn -0.085985221 0.0129457796 -0.996212363
vn -0.138313249 -0.147497535 0.979343653
vn -0.138313249 -0.147497535 0.979343653
vn -0.138313249 -0.147497535 0.979343653
vn -0.138313249 -0.147497535 0.979343653
vn -0.992024302 -0.125700936 -0.00933420099
vn -0.992024302 -0.125700936 -0.00933420099
vn -0.992024302 -0.125700936 -0.00933420099
vn -0.992024302 -0.125700936 -0.00933420099
vn -0.237612128 -0.971148968 -0.0202517211
vn -0.237612128 -0.971148968 -0.0202517211
vn -0.237612128 -0.971148968 -0.0202517211
vn -0.237612128 -0.971148968 -0.0202517211
vn 0.00237209024 -0.988825262 0.149060413
vn 0.00237209024 -0.988825262 0.149060413
vn 0.00237209024 -0.988825262 0.149060413
vn -0.00837907009 -0.982083321 0.18826054
vn -0.00837907009 -0.982083321 0.18826054
vn -0.254760087 0.41807124 -0.871959686
vn -0.254760087 0.41807124 -0.871959686
vn -0.254760087 0.41807124 -0.871959686
vn -0.254760087 0.41807124 -0.871959686
vn -0.157661989 -0.0699481145 0.98501277
vn -0.157661989 -0.0699481145 0.98501277
vn -0.157661989 -0.0699481145 0.98501277
vn -0.157661989 -0.0699481145 0.98501277
vn -0.149033025 -0.0356995687 0.988187611
vn -0.149033025 -0.0356995687 0.988187611
vn -0.206135675 -0.00388610805 0.978515625
vn -0.206135675 -0.00388610805 0.978515625
vn -0.206135675 -0.00388610805 0.978515625
vn -0.206135675 -0.00388610805 0.978515625
vn -0.224874005 0.15094538 0.962625146
vn -0.224874005 0.15094538 0.962625146
vn -0.224874005 0.15094538 0.962625146
vn -0.224874005 0.15094538 0.962625146
vn -0.21074003 0.13483125 0.968198895
vn -0.0517553613 0.0313989855 -0.998166144
vn -0.0570298396 0.0499582812 -0.997121751
vn -0.0570298396 0.0499582812 -0.997121751
vn -0.0517553613 0.0313989855 -0.998166144
vn -0.0120388754 0.0262798704 -0.999582112
vn -0.0120388754 0.0262798704 -0.999582112
vn -0.0120388754 0.0262798704 -0.999582112
vn -0.0120388754 0.0262798704 -0.999582112
vn -0.0346364975 0.041672077 -0.998530746
vn -0.0346364975 0.041672077 -0.998530746
vn -0.157443404 0.0479677878 -0.986362278
vn -0.157443404 0.0479677878 -0.986362278
vn -0.157443404 0.0479677878 -0.986362278
vn -0.157443404 0.0479677878 -0.986362278
vn 0.0532038212 -0.930096567 -0.363441467
vn 0.0532038212 -0.930096567 -0.363441467
vn 0.0532038212 -0.930096567 -0.363441467
vn 0.0532038212 -0.930096567 -0.363441467
vn -0.308975458 -0.680332303 -0.66459167
vn -0.308975458 -0.680332303 -0.66459167
vn -0.308975458 -0.680332303 -0.66459167
vn -0.308975458 -0.680332303 -0.66459167
vn -0.351841658 0.936010778 -0.00955207366
vn -0.351841658 0.936010778 -0.00955207366
vn -0.351841658 0.936010778 -0.00955207366
vn -0.351841658 0.936010778 -0.00955207366
vn -0.93235743 -0.253146321 0.258121341
vn -0.93235743 -0.253146321 0.258121341
vn -0.93235743 -0.253146321 0.258121341
vn -0.93235743 -0.253146321 0.258121341
vn -0.918478966 -0.395052642 0.0181590803
vn -0.918478966 -0.395052642 0.0181590803
vn -0.918478966 -0.395052642 0.0181590803
vn -0.918478966 -0.395052642 0.0181590803
vn -0.42986238 0.180617362 0.884644449
vn -0.42986238 0.180617362 0.884644449
vn -0.42986238 0.180617362 0.884644449
vn -0.42986238 0.180617362 0.884644449
vn -0.400133848 0.219695508 0.889734089
vn -0.400133848 0.219695508 0.889734089
vn -0.400133848 0.219695508 0.889734089
vn -0.400133848 0.219695508 0.889734089
vn -0.985441685 -0.125002071 0.115234517
vn -0.985441685 -0.125002071 0.115234517
vn -0.985441685 -0.125002071 0.115234517
vn -0.985441685 -0.125002071 0.115234517
vn -0.388989657 0.18650645 0.902165413
vn -0.388989657 0.18650645 0.902165413
vn -0.388989657 0.18650645 0.902165413
vn -0.388989657 0.18650645 0.902165413
vn -0.341934711 0.454414964 0.822549462
vn -0.341934711 0.454414964 0.822549462
vn -0.341934711 0.454414964 0.822549462
vn -0.341934711 0.454414964 0.822549462
vn -0.140916407 0.33439666 0.931837678
vn -0.140916407 0.33439666 0.931837678
vn -0.140916407 0.33439666 0.931837678
vn -0.140916407 0.33439666 0.931837678
vn -0.0814112872 0.570642948 -0.817152917
vn -0.0814112872 0.570642948 -0.817152917
vn -0.0814112872 0.570642948 -0.817152917
vn -0.0814112872 0.570642948 -0.817152917
vn -0.22722657 0.973724484 0.0151277054
vn -0.22722657 0.973724484 0.0151277054
vn -0.22722657 0.973724484 0.0151277054
vn -0.22722657 0.973724484 0.0151277054
vn -0.29854393 0.10718631 0.948357821
vn -0.29854393 0.10718631 0.948357821
vn -0.29854393 0.10718631 0.948357821
vn -0.29854393 0.10718631 0.948357821
vn -0.39714852 -0.273613185 0.876018822
vn -0.39714852 -0.273613185 0.876018822
vn -0.39714852 -0.273613185 0.876018822
vn -0.39714852 -0.273613185 0.876018822
vn -0.39484641 0.338972032 0.853928804
vn -0.39484641 0.338972032 0.853928804
vn -0.39484641 0.338972032 0.853928804
vn -0.39484641 0.338972032 0.853928804
vn -0.366316915 -0.0312820077 -0.929964185
vn -0.366316915 -0.0312820077 -0.929964185
vn -0.366316915 -0.0312820077 -0.929964185
vn -0.366316915 -0.0312820077 -0.929964185
vn -0.962752938 -0.233631596 -0.136099339
vn -0.962752938 -0.233631596 -0.136099339
vn -0.962752938 -0.233631596 -0.136099339
vn -0.962752938 -0.233631596 -0.136099339
vn -0.997386992 0.0549875237 0.046856381
vn -0.997386992 0.0549875237 0.046856381
vn -0.997386992 0.0549875237 0.046856381
vn -0.997386992 0.0549875237 0.046856381
vn -0.998570681 -0.0288587064 -0.0449865572
vn -0.998570681 -0.0288587064 -0.0449865572
vn -0.998570681 -0.0288587064 -0.0449865572
vn -0.998570681 -0.0288587064 -0.0449865572
vn 0.999523997 0.0110646375 -0.0287964512
vn 0.999523997 0.0110646375 -0.0287964512
vn 0.999523997 0.0110646375 -0.0287964512
vn 0.999523997 0.0110646375 -0.0287964512
vn -0 -1 0
vn -0 -1 0
vn -0 -1 0
vn -0 -1 0
vn 0.084991388 0.936741769 0.339545518
vn 0.084991388 0.936741769 0.339545518
vn 0.084991388 0.936741769 0.339545518
vn 0.084991388 0.936741769 0.339545518
vn 0.398315936 0.0544914976 0.915628254
vn 0.398315936 0.0544914976 0.915628254
vn 0.398315936 0.0544914976 0.915628254
vn 0.398315936 0.0544914976 0.915628254
vn 0.999314666 0.0257180445 -0.0266228225
vn 0.999314666 0.0257180445 -0.0266228225
vn 0.999314666 0.0257180445 -0.0266228225
vn 0.999314666 0.0257180445 -0.0266228225
vn 0.998621702 0.00695263268 -0.0520224646
vn 0.998621702 0.00695263268 -0.0520224646
vn 0.997057676 0.0018031433 -0.0766339228
vn 0.997057676 0.0018031433 -0.0766339228
vn 0.997057676 0.0018031433 -0.0766339228
vn 0.995091558 -0.0309376977 -0.0939982608
vn 0.995091558 -0.0309376977 -0.0939982608
vn 0.995091558 -0.0309376977 -0.0939982608
vn 0.995091558 -0.0309376977 -0.0939982608
vn 0.995091558 -0.0309376977 -0.0939982608
vn 0.16770266 0.269402653 0.948313236
vn 0.16770266 0.269402653 0.948313236
vn 0.16770266 0.269402653 0.948313236
vn 0.16770266 0.269402653 0.948313236
vn 0.217305765 0.970766723 0.101931795
vn 0.217305765 0.970766723 0.101931795
vn 0.217305765 0.970766723 0.101931795
vn 0.217305765 0.970766723 0.101931795
vn 0.23954016 0.0573084913 0.969193578
vn 0.23954016 0.0573084913 0.969193578
vn 0.23954016 0.0573084913 0.969193578
vn 0.23954016 0.0573084913 0.969193578
vn 0.0318507068 0.908543229 -0.416574895
vn 0.0318507068 0.908543229 -0.416574895
vn 0.0318507068 0.908543229 -0.416574895
vn 0.0318507068 0.908543229 -0.416574895
vn 0.0130345542 0.0958888084 -0.995306671
vn 0.0130345542 0.0958888084 -0.995306671
vn 0.0130345542 0.0958888084 -0.995306671
vn 0.0130345542 0.0958888084 -0.995306671
vn 0.138003707 0.0290875155 -0.99000448
vn 0.138003707 0.0290875155 -0.99000448
vn 0.16387257 0.0406954326 -0.985641778
vn 0.16387257 0.0406954326 -0.985641778
vn 0.16387257 0.0406954326 -0.985641778
vn 0.16387257 0.0406954326 -0.985641778
vn 0.179572761 0.0365946069 -0.983063757
vn 0.179572761 0.0365946069 -0.983063757
vn 0.964894474 -0.194946989 -0.175995648
vn 0.964894474 -0.194946989 -0.175995648
vn 0.964894474 -0.194946989 -0.175995648
vn 0.964894474 -0.194946989 -0.175995648
vn 0.445210427 0.237836778 0.863261998
vn 0.445210427 0.237836778 0.863261998
vn 0.445210427 0.237836778 0.863261998
vn 0.445210427 0.237836778 0.863261998
vn 0.369571209 0.0502732508 0.927841425
vn 0.369571209 0.0502732508 0.927841425
vn 0.369571209 0.0502732508 0.927841425
vn 0.369571209 0.0502732508 0.927841425
vn 0.218188092 -0.965188861 0.144236863
vn 0.218188092 -0.965188861 0.144236863
vn 0.218188092 -0.965188861 0.144236863
vn 0.218188092 -0.965188861 0.144236863
vn 0.275422066 -0.363431513 -0.889977634
vn 0.275422066 -0.363431513 -0.889977634
vn 0.275422066 -0.363431513 -0.889977634
vn 0.275422066 -0.363431513 -0.889977634
vn 0.986165047 -0.0327963009 -0.16249007
vn 0.986165047 -0.0327963009 -0.16249007
vn 0.986165047 -0.0327963009 -0.16249007
vn 0.986165047 -0.0327963009 -0.16249007
vn 0.40538162 -0.0598550662 0.912185967
vn 0.40538162 -0.0598550662 0.912185967
vn 0.40538162 -0.0598550662 0.912185967
vn 0.40538162 -0.0598550662 0.912185967
vn 0.182152122 0.256584525 -0.94920224
vn 0.182152122 0.256584525 -0.94920224
vn 0.182152122 0.256584525 -0.94920224
vn 0.182152122 0.256584525 -0.94920224
vn 0.98904103 -0.147639319 -0.000632725132
vn 0.98904103 -0.147639319 -0.000632725132
vn 0.98904103 -0.147639319 -0.000632725132
vn 0.98904103 -0.147639319 -0.000632725132
vn -0.107616521 0.991207838 -0.0769780129
vn -0.107616521 0.991207838 -0.0769780129
vn -0.107616521 0.991207838 -0.0769780129
vn -0.107616521 0.991207838 -0.0769780129
vn 0.788893104 0.0378716066 0.613362432
vn 0.788893104 0.0378716066 0.613362432
vn 0.788893104 0.0378716066 0.613362432
vn 0.788893104 0.0378716066 0.613362432
vn 0.989093304 -0.0616498441 0.133768037
vn 0.989093304 -0.0616498441 0.133768037
vn 0.989093304 -0.0616498441 0.133768037
vn 0.989093304 -0.0616498441 0.133768037
vn 0.0457799509 -0.224375412 -0.973426819
vn 0.0457799509 -0.224375412 -0.973426819
vn 0.0457799509 -0.224375412 -0.973426819
vn 0.0457799509 -0.224375412 -0.973426819
vn 0.518849611 -0.836852789 0.174563661
vn 0.518849611 -0.836852789 0.174563661
vn 0.518849611 -0.836852789 0.174563661
vn 0.518849611 -0.836852789 0.174563661
vn 0.967745066 0.0973608717 -0.232357815
vn 0.967745066 0.0973608717 -0.232357815
vn 0.967745066 0.0973608717 -0.232357815
vn 0.967745066 0.0973608717 -0.232357815
vn 0.331250489 -0.48491025 -0.809404135
vn 0.331250489 -0.48491025 -0.809404135
vn 0.331250489 -0.48491025 -0.809404135
vn 0.331250489 -0.48491025 -0.809404135
vn 0.545842528 0.83590138 0.0576607324
vn 0.545842528 0.83590138 0.0576607324
vn 0.545842528 0.83590138 0.0576607324
vn 0.545842528 0.83590138 0.0576607324
vn 0.236443132 0.161628619 0.958107948
vn 0.236443132 0.161628619 0.958107948
vn 0.236443132 0.161628619 0.958107948
vn 0.236443132 0.161628619 0.958107948
vn 0.220573828 -0.00399528584 -0.975362062
vn 0.220573828 -0.00399528584 -0.975362062
vn 0.220573828 -0.00399528584 -0.975362062
vn 0.220573828 -0.00399528584 -0.975362062
vn 0.991401255 0.112459555 -0.0669052824
vn 0.991401255 0.112459555 -0.0669052824
vn 0.991401255 0.112459555 -0.0669052824
vn 0.991401255 0.112459555 -0.0669052824
vn 0.187060952 -0.14427346 0.971696138
vn 0.187060952 -0.14427346 0.971696138
vn 0.187060952 -0.14427346 0.971696138
vn 0.187060952 -0.14427346 0.971696138
vn -0.119054012 -0.151795611 -0.981215656
vn -0.119054012 -0.151795611 -0.981215656
vn -0.119054012 -0.151795611 -0.981215656
vn -0.119054012 -0.151795611 -0.981215656
vn -0.986844182 -0.115183778 -0.113450728
vn -0.986844182 -0.115183778 -0.113450728
vn -0.986844182 -0.115183778 -0.113450728
vn -0.986844182 -0.115183778 -0.113450728
vn 0.134753317 0.191460997 0.972205818
vn 0.134753317 0.191460997 0.972205818
vn 0.134753317 0.191460997 0.972205818
vn 0.134753317 0.191460997 0.972205818
vn -0.988444269 0.0778189898 -0.130084902
vn -0.988444269 0.0778189898 -0.130084902
vn -0.988444269 0.0778189898 -0.130084902
vn -0.988444269 0.0778189898 -0.130084902
vn -0.195597365 0.0882473961 -0.97670573
vn -0.195597365 0.0882473961 -0.97670573
vn -0.195597365 0.0882473961 -0.97670573
vn -0.195597365 0.0882473961 -0.97670573
vn -0.193838269 -0.980753362 -0.0234450363
vn -0.193838269 -0.980753362 -0.0234450363
vn -0.193838269 -0.980753362 -0.0234450363
vn -0.193838269 -0.980753362 -0.0234450363
vn 0.155657977 -0.0714709833 0.985222042
vn 0.163325414 -0.0449145772 0.98554939
vn 0.163325414 -0.0449145772 0.98554939
vn 0.155657977 -0.0714709833 0.985222042
vn 0.155657977 -0.0714709833 0.985222042
vn 0.155657977 -0.0714709833 0.985222042
vn 0.143574491 -0.11411003 0.983038783
vn 0.143574491 -0.11411003 0.983038783
vn 0.896183014 0.385128707 -0.220299527
vn 0.896183014 0.385128707 -0.220299527
vn 0.896183014 0.385128707 -0.220299527
vn 0.896183014 0.385128707 -0.220299527
vn 0.341713995 0.934014797 -0.104153663
vn 0.341713995 0.934014797 -0.104153663
vn 0.341713995 0.934014797 -0.104153663
vn 0.341713995 0.934014797 -0.104153663
vn 0.582350433 0.80926019 -0.0772399753
vn 0.582350433 0.80926019 -0.0772399753
vn 0.582350433 0.80926019 -0.0772399753
vn 0.582350433 0.80926019 -0.0772399753
vn -0.0444998369 -0.925808907 0.375363469
vn -0.0444998369 -0.925808907 0.375363469
vn -0.0444998369 -0.925808907 0.375363469
vn -0.0444998369 -0.925808907 0.375363469
vn 0.422563434 -0.186541855 0.886928618
vn 0.422563434 -0.186541855 0.886928618
vn 0.422563434 -0.186541855 0.886928618
vn 0.422563434 -0.186541855 0.886928618
vn 0.336243123 0.74616909 -0.57460624
vn 0.336243123 0.74616909 -0.57460624
vn 0.336243123 0.74616909 -0.57460624
vn 0.336243123 0.74616909 -0.57460624
vn 0.929109454 0.367226392 0.0435929149
vn 0.929109454 0.367226392 0.0435929149
vn 0.929109454 0.367226392 0.0435929149
vn 0.929109454 0.367226392 0.0435929149
vn 0.131659284 0.989994228 0.0507672913
vn 0.131659284 0.989994228 0.0507672913
vn 0.131659284 0.989994228 0.0507672913
vn 0.131659284 0.989994228 0.0507672913
vn 0.017808523 -0.34754619 0.937493742
vn 0.017808523 -0.34754619 0.937493742
vn 0.017808523 -0.34754619 0.937493742
vn 0.017808523 -0.34754619 0.937493742
vn -0.0242174696 0.0976636857 -0.994924784
vn -0.0242174696 0.0976636857 -0.994924784
vn -0.0242174696 0.0976636857 -0.994924784
vn -0.0242174696 0.0976636857 -0.994924784
vn -0.0133363586 0.0663598701 -0.997706652
vn -0.0133363586 0.0663598701 -0.997706652
vn -0.245739818 -0.968666375 -0.0360197984
vn -0.245739818 -0.968666375 -0.0360197984
vn -0.245739818 -0.968666375 -0.0360197984
vn -0.245739818 -0.968666375 -0.0360197984
vn -0.0653924122 -0.987332284 -0.144564092
vn -0.0653924122 -0.987332284 -0.144564092
vn -0.0653924122 -0.987332284 -0.144564092
vn -0.0653924122 -0.987332284 -0.144564092
vn 0.522941411 -0.852335989 -0.00746979844
vn 0.522941411 -0.852335989 -0.00746979844
vn 0.522941411 -0.852335989 -0.00746979844
vn 0.522941411 -0.852335989 -0.00746979844
vn 0.416889042 0.162536666 -0.894307196
vn 0.416889042 0.162536666 -0.894307196
vn 0.416889042 0.162536666 -0.894307196
vn 0.416889042 0.162536666 -0.894307196
vn 0.917358637 -0.197676077 0.345510274
vn 0.917358637 -0.197676077 0.345510274
vn 0.917358637 -0.197676077 0.345510274
vn 0.917358637 -0.197676077 0.345510274
vn -0.227575213 -0.74421519 -0.627975643
vn -0.227575213 -0.74421519 -0.627975643
vn -0.227575213 -0.74421519 -0.627975643
vn -0.227575213 -0.74421519 -0.627975643
vn 0.112576105 0.540887237 0.833527207
vn 0.112576105 0.540887237 0.833527207
vn 0.112576105 0.540887237 0.833527207
vn 0.112576105 0.540887237 0.833527207
vn -0.0644820109 0.00571121834 -0.997902513
vn -0.0644820109 0.00571121834 -0.997902513
vn -0.0644820109 0.00571121834 -0.997902513
vn -0.0644820109 0.00571121834 -0.997902513
vn 0.803840578 -0.215021685 0.554622293
vn 0.803840578 -0.215021685 0.554622293
vn 0.803840578 -0.215021685 0.554622293
vn 0.803840578 -0.215021685 0.554622293
vn 0.948269248 -0.275122434 -0.158408031
vn 0.948269248 -0.275122434 -0.158408031
vn 0.948269248 -0.275122434 -0.158408031
vn 0.948269248 -0.275122434 -0.158408031
vn 0.404001474 0.914636433 0.0149346888
vn 0.404001474 0.914636433 0.0149346888
vn 0.404001474 0.914636433 0.0149346888
vn 0.404001474 0.914636433 0.0149346888
vn 0.0998020917 -0.9950068 -0.000980480108
vn 0.0998020917 -0.9950068 -0.000980480108
vn 0.0998020917 -0.9950068 -0.000980480108
vn 0.0998020917 -0.9950068 -0.000980480108
vn 0.0998020917 -0.9950068 -0.000980480108
vn 0.21332173 0.217240855 0.952523112
vn 0.21332173 0.217240855 0.952523112
vn 0.21332173 0.217240855 0.952523112
vn 0.240969077 0.224091724 0.944307566
vn 0.00797986239 0.0595259368 -0.998194873
vn 0.00797986239 0.0595259368 -0.998194873
vn 0.00797986239 0.0595259368 -0.998194873
vn 0.00797986239 0.0595259368 -0.998194873
vn -0.040490035 -0.998838127 -0.0261330903
vn -0.040490035 -0.998838127 -0.0261330903
vn -0.040490035 -0.998838127 -0.0261330903
vn -0.040490035 -0.998838127 -0.0261330903
vn -0.040490035 -0.998838127 -0.0261330903
vn 0.0711529478 0.0488488898 -0.996268511
vn 0.0711529478 0.0488488898 -0.996268511
vn 0.0711529478 0.0488488898 -0.996268511
vn 0.0953437984 0.0565442443 -0.993837178
vn 0.776079178 -0.0402930528 -0.629347026
vn 0.776079178 -0.0402930528 -0.629347026
vn 0.776079178 -0.0402930528 -0.629347026
vn 0.776079178 -0.0402930528 -0.629347026
vn 0.0382215381 0.999017477 -0.0224326495
vn 0.0382215381 0.999017477 -0.0224326495
vn 0.0382215381 0.999017477 -0.0224326495
vn 0.0558362231 0.998255432 -0.0191954356
vn 0.0558362231 0.998255432 -0.0191954356
vn 0.0558362231 0.998255432 -0.0191954356
vn 0.0558362231 0.998255432 -0.0191954356
vn 0.0558362231 0.998255432 -0.0191954356
vn 0.0914682299 0.995214462 -0.0343769118
vn -0.382554591 -0.904688299 -0.187593177
vn -0.382554591 -0.904688299 -0.187593177
vn -0.382554591 -0.904688299 -0.187593177
vn -0.382554591 -0.904688299 -0.187593177
vn -0.0765528083 -0.0217550006 0.996828139
vn -0.0765528083 -0.0217550006 0.996828139
vn -0.0765528083 -0.0217550006 0.996828139
vn -0.0765528083 -0.0217550006 0.996828139
vn 0.462680757 0.752634883 0.468473285
vn 0.462680757 0.752634883 0.468473285
vn 0.462680757 0.752634883 0.468473285
vn 0.462680757 0.752634883 0.468473285
vn -0.634673774 0.0361473039 0.77193433
vn -0.634673774 0.0361473039 0.77193433
vn -0.634673774 0.0361473039 0.77193433
vn -0.634673774 0.0361473039 0.77193433
vn 0.069381617 0.997411311 -0.0188941974
vn 0.069381617 0.997411311 -0.0188941974
vn 0.069381617 0.997411311 -0.0188941974
vn 0.069381617 0.997411311 -0.0188941974
vn 0.120323621 0.0696901903 -0.990285575
vn 0.120323621 0.0696901903 -0.990285575
vn 0.120323621 0.0696901903 -0.990285575
vn 0.120323621 0.0696901903 -0.990285575
vn 0.0781952515 0.0481395423 -0.995775163
vn 0.0781952515 0.0481395423 -0.995775163
vn -0.0225494448 -0.00381814665 -0.999738395
vn -0.0225494448 -0.00381814665 -0.999738395
vn -0.0225494448 -0.00381814665 -0.999738395
vn -0.0225494448 -0.00381814665 -0.999738395
vn -0.0364778973 0.0556327738 0.997784793
vn -0.0364778973 0.0556327738 0.997784793
vn -0.0364778973 0.0556327738 0.997784793
vn -0.0364778973 0.0556327738 0.997784793
vn 0.0254387613 0.156988084 0.987272918
vn 0.0254387613 0.156988084 0.987272918
vn 0.0254387613 0.156988084 0.987272918
vn 0.0254387613 0.156988084 0.987272918
vn -0.165011764 -0.0907470882 0.982108057
vn -0.165011764 -0.0907470882 0.982108057
vn -0.165011764 -0.0907470882 0.982108057
vn -0.165011764 -0.0907470882 0.982108057
vn 0.683395684 -0.0133311553 0.729926407
vn 0.683395684 -0.0133311553 0.729926407
vn 0.683395684 -0.0133311553 0.729926407
vn 0.683395684 -0.0133311553 0.729926407
vn 0.100621521 0.993822098 0.0468286835
vn 0.100621521 0.993822098 0.0468286835
vn 0.100621521 0.993822098 0.0468286835
vn 0.100621521 0.993822098 0.0468286835
vn -0.0364152342 -0.991524339 -0.124713518
vn -0.0364152342 -0.991524339 -0.124713518
vn -0.0364152342 -0.991524339 -0.124713518
vn -0.0364152342 -0.991524339 -0.124713518
vn -0.0787652284 0.0485032983 0.995712519
vn -0.0787652284 0.0485032983 0.995712519
vn -0.0787652284 0.0485032983 0.995712519
vn -0.0787652284 0.0485032983 0.995712519
vn -0.059083838 -0.998152077 -0.014195445
vn -0.059083838 -0.998152077 -0.014195445
vn -0.059083838 -0.998152077 -0.014195445
vn -0.059083838 -0.998152077 -0.014195445
vn 0.0522273704 0.998566687 0.0116987899
vn 0.0522273704 0.998566687 0.0116987899
vn 0.0522273704 0.998566687 0.0116987899
vn 0.0522273704 0.998566687 0.0116987899
vn 0.0859852284 0.0129457964 -0.996212363
vn 0.0859852284 0.0129457964 -0.996212363
vn 0.0859852284 0.0129457964 -0.996212363
vn 0.0859852284 0.0129457964 -0.996212363
vn 0.138313264 -0.14749755 0.979343653
vn 0.138313264 -0.14749755 0.979343653
vn 0.138313264 -0.14749755 0.979343653
vn 0.138313264 -0.14749755 0.979343653
vn 0.992024302 -0.125700921 -0.00933420099
vn 0.992024302 -0.125700921 -0.00933420099
vn 0.992024302 -0.125700921 -0.00933420099
vn 0.992024302 -0.125700921 -0.00933420099
vn 0.237612069 -0.971148968 -0.020251723
vn 0.237612069 -0.971148968 -0.020251723
vn 0.237612069 -0.971148968 -0.020251723
vn 0.237612069 -0.971148968 -0.020251723
vn -0.00237209024 -0.988825262 0.149060413
vn -0.00237209024 -0.988825262 0.149060413
vn -0.00237209024 -0.988825262 0.149060413
vn 0.00837907009 -0.982083321 0.18826054
vn 0.00837907009 -0.982083321 0.18826054
vn 0.254760981 0.418071181 -0.871959507
vn 0.254760981 0.418071181 -0.871959507
vn 0.254760981 0.418071181 -0.871959507
vn 0.254760981 0.418071181 -0.871959507
vn 0.157662004 -0.069948107 0.98501265
vn 0.157662004 -0.069948107 0.98501265
vn 0.157662004 -0.069948107 0.98501265
vn 0.157662004 -0.069948107 0.98501265
vn 0.14903298 -0.0356995687 0.988187611
vn 0.14903298 -0.0356995687 0.988187611
vn 0.206135675 -0.00388612272 0.978515625
vn 0.206135675 -0.00388612272 0.978515625
vn 0.206135675 -0.00388612272 0.978515625
vn 0.206135675 -0.00388612272 0.978515625
vn 0.224873856 0.150945395 0.962625265
vn 0.224873856 0.150945395 0.962625265
vn 0.224873856 0.150945395 0.962625265
vn 0.224873856 0.150945395 0.962625265
vn 0.21074003 0.13483125 0.968198895
vn 0.0517553613 0.0313989855 -0.998166144
vn 0.0570298396 0.0499582812 -0.997121751
vn 0.0570298396 0.0499582812 -0.997121751
vn 0.0517553613 0.0313989855 -0.998166144
vn 0.0120388744 0.0262798704 -0.999582112
vn 0.0120388744 0.0262798704 -0.999582112
vn 0.0120388744 0.0262798704 -0.999582112
vn 0.0120388744 0.0262798704 -0.999582112
vn 0.0346364863 0.041672077 -0.998530746
vn 0.0346364863 0.041672077 -0.998530746
vn 0.157443404 0.0479677618 -0.986362278
vn 0.157443404 0.0479677618 -0.986362278
vn 0.157443404 0.0479677618 -0.986362278
vn 0.157443404 0.0479677618 -0.986362278
vn -0.0532038175 -0.930096567 -0.363441437
vn -0.0532038175 -0.930096567 -0.363441437
vn -0.0532038175 -0.930096567 -0.363441437
vn -0.0532038175 -0.930096567 -0.363441437
vn 0.308974892 -0.680332482 -0.664591849
vn 0.308974892 -0.680332482 -0.664591849
vn 0.308974892 -0.680332482 -0.664591849
vn 0.308974892 -0.680332482 -0.664591849
vn 0.351843685 0.936010003 -0.00955206528
vn 0.351843685 0.936010003 -0.00955206528
vn 0.351843685 0.936010003 -0.00955206528
vn 0.351843685 0.936010003 -0.00955206528
vn 0.93235743 -0.25314641 0.258121431
vn 0.93235743 -0.25314641 0.258121431
vn 0.93235743 -0.25314641 0.258121431
vn 0.93235743 -0.25314641 0.258121431
vn 0.918479085 -0.395052433 0.0181590691
vn 0.918479085 -0.395052433 0.0181590691
vn 0.918479085 -0.395052433 0.0181590691
vn 0.918479085 -0.395052433 0.0181590691
vn 0.429861903 0.180617362 0.884644628
vn 0.429861903 0.180617362 0.884644628
vn 0.429861903 0.180617362 0.884644628
vn 0.429861903 0.180617362 0.884644628
vn 0.400134772 0.219695613 0.889733732
vn 0.400134772 0.219695613 0.889733732
vn 0.400134772 0.219695613 0.889733732
vn 0.400134772 0.219695613 0.889733732
vn 0.985441804 -0.12500155 0.115234032
vn 0.985441804 -0.12500155 0.115234032
vn 0.985441804 -0.12500155 0.115234032
vn 0.985441804 -0.12500155 0.115234032
vn 0.388989687 0.186506495 0.902165413
vn 0.388989687 0.186506495 0.902165413
vn 0.388989687 0.186506495 0.902165413
vn 0.388989687 0.186506495 0.902165413
vn 0.341934323 0.454414964 0.822549641
vn 0.341934323 0.454414964 0.822549641
vn 0.341934323 0.454414964 0.822549641
vn 0.341934323 0.454414964 0.822549641
vn 0.140916407 0.33439666 0.931837678
vn 0.140916407 0.33439666 0.931837678
vn 0.140916407 0.33439666 0.931837678
vn 0.140916407 0.33439666 0.931837678
vn 0.0814113021 0.570643008 -0.817152917
vn 0.0814113021 0.570643008 -0.817152917
vn 0.0814113021 0.570643008 -0.817152917
vn 0.0814113021 0.570643008 -0.817152917
vn 0.227226555 0.973724484 0.0151277222
vn 0.227226555 0.973724484 0.0151277222
vn 0.227226555 0.973724484 0.0151277222
vn 0.227226555 0.973724484 0.0151277222
vn 0.2985439 0.107186317 0.94835794
vn 0.2985439 0.107186317 0.94835794
vn 0.2985439 0.107186317 0.94835794
vn 0.2985439 0.107186317 0.94835794
vn 0.397147834 -0.273613423 0.876019001
vn 0.397147834 -0.273613423 0.876019001
vn 0.397147834 -0.273613423 0.876019001
vn 0.397147834 -0.273613423 0.876019001
vn 0.39484641 0.338972032 0.853928804
vn 0.39484641 0.338972032 0.853928804
vn 0.39484641 0.338972032 0.853928804
vn 0.39484641 0.338972032 0.853928804
vn 0.366316468 -0.0312820114 -0.929964304
vn 0.366316468 -0.0312820114 -0.929964304
vn 0.366316468 -0.0312820114 -0.929964304
vn 0.366316468 -0.0312820114 -0.929964304
vn 0.962752938 -0.233631596 -0.136099339
vn 0.962752938 -0.233631596 -0.136099339
vn 0.962752938 -0.233631596 -0.136099339
vn 0.962752938 -0.233631596 -0.136099339
vn 0.997386992 0.0549874939 0.0468563512
vn 0.997386992 0.0549874939 0.0468563512
vn 0.997386992 0.0549874939 0.0468563512
vn 0.997386992 0.0549874939 0.0468563512
g man-saha_T_0
f 3/3/3 2/2/2 1/1/1
f 6/6/6 5/5/5 4/4/4
f 9/9/9 8/8/8 7/7/7
f 12/12/12 11/11/11 10/10/10
f 15/15/15 14/14/14 13/13/13
f 18/18/18 17/17/17 16/16/16
f 16/16/16 20/20/20 19/19/19
f 23/23/23 22/22/22 21/21/21
f 26/26/26 25/25/25 24/24/24
f 29/29/29 28/28/28 27/27/27
f 32/32/32 31/31/31 30/30/30
f 35/35/35 34/34/34 33/33/33
f 35/35/35 37/37/37 36/36/36
f 37/37/37 38/38/38 36/36/36
f 41/41/41 40/40/40 39/39/39
f 44/44/44 43/43/43 42/42/42
f 47/47/47 46/46/46 45/45/45
f 50/50/50 49/49/49 48/48/48
f 53/53/53 52/52/52 51/51/51
f 56/56/56 55/55/55 54/54/54
f 59/59/59 58/58/58 57/57/57
f 61/61/61 57/57/57 60/60/60
f 64/64/64 63/63/63 62/62/62
f 67/67/67 66/66/66 65/65/65
f 70/70/70 69/69/69 68/68/68
f 73/73/73 72/72/72 71/71/71
f 76/76/76 75/75/75 74/74/74
f 78/78/78 75/75/75 77/77/77
f 79/79/79 78/78/78 77/77/77
f 82/82/82 81/81/81 80/80/80
f 85/85/85 84/84/84 83/83/83
f 86/86/86 85/85/85 83/83/83
f 89/89/89 88/88/88 87/87/87
f 90/90/90 89/89/89 87/87/87
f 93/93/93 92/92/92 91/91/91
f 94/94/94 93/93/93 91/91/91
f 97/97/97 96/96/96 95/95/95
f 98/98/98 97/97/97 95/95/95
f 101/101/101 100/100/100 99/99/99
f 102/102/102 101/101/101 99/99/99
f 105/105/105 104/104/104 103/103/103
f 106/106/106 105/105/105 103/103/103
f 107/107/107 105/105/105 106/106/106
f 108/108/108 107/107/107 106/106/106
f 108/108/108 109/109/109 107/107/107
f 109/109/109 110/110/110 107/107/107
f 111/111/111 110/110/110 109/109/109
f 111/111/111 109/109/109 112/112/112
f 112/112/112 113/113/113 111/111/111
f 114/114/114 113/113/113 112/112/112
f 114/114/114 112/112/112 115/115/115
f 115/115/115 116/116/116 114/114/114
f 119/119/119 118/118/118 117/117/117
f 120/120/120 119/119/119 117/117/117
f 123/123/123 122/122/122 121/121/121
f 124/124/124 123/123/123 121/121/121
f 127/127/127 126/126/126 125/125/125
f 128/128/128 127/127/127 125/125/125
f 131/131/131 130/130/130 129/129/129
f 132/132/132 131/131/131 129/129/129
f 135/135/135 134/134/134 133/133/133
f 136/136/136 135/135/135 133/133/133
f 139/139/139 138/138/138 137/137/137
f 138/138/138 140/140/140 137/137/137
f 138/138/138 141/141/141 140/140/140
f 141/141/141 142/142/142 140/140/140
f 143/143/143 142/142/142 141/141/141
f 144/144/144 143/143/143 141/141/141
f 147/147/147 146/146/146 145/145/145
f 148/148/148 147/147/147 145/145/145
f 151/151/151 150/150/150 149/149/149
f 152/152/152 151/151/151 149/149/149
f 155/155/155 154/154/154 153/153/153
f 156/156/156 155/155/155 153/153/153
f 159/159/159 158/158/158 157/157/157
f 160/160/160 159/159/159 157/157/157
f 163/163/163 162/162/162 161/161/161
f 164/164/164 163/163/163 161/161/161
f 167/167/167 166/166/166 165/165/165
f 168/168/168 167/167/167 165/165/165
f 171/171/171 170/170/170 169/169/169
f 172/172/172 171/171/171 169/169/169
f 175/175/175 174/174/174 173/173/173
f 176/176/176 175/175/175 173/173/173
f 179/179/179 178/178/178 177/177/177
f 180/180/180 179/179/179 177/177/177
f 183/183/183 182/182/182 181/181/181
f 184/184/184 183/183/183 181/181/181
f 187/187/187 186/186/186 185/185/185
f 188/188/188 187/187/187 185/185/185
f 191/191/191 190/190/190 189/189/189
f 192/192/192 191/191/191 189/189/189
f 195/195/195 194/194/194 193/193/193
f 196/196/196 195/195/195 193/193/193
f 199/199/199 198/198/198 197/197/197
f 200/200/200 199/199/199 197/197/197
f 203/203/203 202/202/202 201/201/201
f 204/204/204 203/203/203 201/201/201
f 207/207/207 206/206/206 205/205/205
f 208/208/208 207/207/207 205/205/205
f 211/211/211 210/210/210 209/209/209
f 212/212/212 211/211/211 209/209/209
f 215/215/215 214/214/214 213/213/213
f 216/216/216 215/215/215 213/213/213
f 219/219/219 218/218/218 217/217/217
f 220/220/220 219/219/219 217/217/217
f 223/223/223 222/222/222 221/221/221
f 224/224/224 223/223/223 221/221/221
f 227/227/227 226/226/226 225/225/225
f 228/228/228 227/227/227 225/225/225
f 231/231/231 230/230/230 229/229/229
f 232/232/232 231/231/231 229/229/229
f 235/235/235 234/234/234 233/233/233
f 236/236/236 235/235/235 233/233/233
f 239/239/239 238/238/238 237/237/237
f 240/240/240 239/239/239 237/237/237
f 243/243/243 242/242/242 241/241/241
f 244/244/244 243/243/243 241/241/241
f 247/247/247 246/246/246 245/245/245
f 248/248/248 247/247/247 245/245/245
f 251/251/251 250/250/250 249/249/249
f 252/252/252 251/251/251 249/249/249
f 255/255/255 254/254/254 253/253/253
f 256/256/256 255/255/255 253/253/253
f 256/256/256 253/253/253 257/257/257
f 258/258/258 256/256/256 257/257/257
f 258/258/258 257/257/257 259/259/259
f 257/257/257 260/260/260 259/259/259
f 263/263/263 262/262/262 261/261/261
f 264/264/264 263/263/263 261/261/261
f 267/267/267 266/266/266 265/265/265
f 268/268/268 267/267/267 265/265/265
f 271/271/271 270/270/270 269/269/269
f 272/272/272 271/271/271 269/269/269
f 275/275/275 274/274/274 273/273/273
f 276/276/276 275/275/275 273/273/273
f 279/279/279 278/278/278 277/277/277
f 280/280/280 279/279/279 277/277/277
f 283/283/283 282/282/282 281/281/281
f 284/284/284 283/283/283 281/281/281
f 287/287/287 286/286/286 285/285/285
f 288/288/288 287/287/287 285/285/285
f 291/291/291 290/290/290 289/289/289
f 292/292/292 291/291/291 289/289/289
f 295/295/295 294/294/294 293/293/293
f 296/296/296 295/295/295 293/293/293
f 299/299/299 298/298/298 297/297/297
f 300/300/300 299/299/299 297/297/297
f 297/297/297 301/301/301 300/300/300
f 301/301/301 302/302/302 300/300/300
f 305/305/305 304/304/304 303/303/303
f 306/306/306 305/305/305 303/303/303
f 309/309/309 308/308/308 307/307/307
f 310/310/310 309/309/309 307/307/307
f 313/313/313 312/312/312 311/311/311
f 314/314/314 313/313/313 311/311/311
f 317/317/317 316/316/316 315/315/315
f 318/318/318 317/317/317 315/315/315
f 321/321/321 320/320/320 319/319/319
f 322/322/322 321/321/321 319/319/319
f 325/325/325 324/324/324 323/323/323
f 326/326/326 325/325/325 323/323/323
f 329/329/329 328/328/328 327/327/327
f 330/330/330 329/329/329 327/327/327
f 333/333/333 332/332/332 331/331/331
f 334/334/334 333/333/333 331/331/331
f 337/337/337 336/336/336 335/335/335
f 338/338/338 337/337/337 335/335/335
f 341/341/341 340/340/340 339/339/339
f 342/342/342 341/341/341 339/339/339
f 345/345/345 344/344/344 343/343/343
f 346/346/346 345/345/345 343/343/343
f 349/349/349 348/348/348 347/347/347
f 347/347/347 350/350/350 349/349/349
f 347/347/347 351/351/351 350/350/350
f 354/354/354 353/353/353 352/352/352
f 355/355/355 354/354/354 352/352/352
f 358/358/358 357/357/357 356/356/356
f 359/359/359 358/358/358 356/356/356
f 362/362/362 361/361/361 360/360/360
f 360/360/360 363/363/363 362/362/362
f 360/360/360 364/364/364 363/363/363
f 367/367/367 366/366/366 365/365/365
f 368/368/368 365/365/365 366/366/366
f 371/371/371 370/370/370 369/369/369
f 372/372/372 371/371/371 369/369/369
f 375/375/375 374/374/374 373/373/373
f 373/373/373 376/376/376 375/375/375
f 376/376/376 377/377/377 375/375/375
f 378/378/378 377/377/377 376/376/376
f 379/379/379 378/378/378 376/376/376
f 376/376/376 380/380/380 379/379/379
f 381/381/381 380/380/380 376/376/376
f 384/384/384 383/383/383 382/382/382
f 385/385/385 384/384/384 382/382/382
f 388/388/388 387/387/387 386/386/386
f 389/389/389 388/388/388 386/386/386
f 392/392/392 391/391/391 390/390/390
f 393/393/393 392/392/392 390/390/390
f 396/396/396 395/395/395 394/394/394
f 397/397/397 396/396/396 394/394/394
f 400/400/400 399/399/399 398/398/398
f 401/401/401 400/400/400 398/398/398
f 404/404/404 403/403/403 402/402/402
f 403/403/403 405/405/405 402/402/402
f 403/403/403 406/406/406 405/405/405
f 406/406/406 407/407/407 405/405/405
f 410/410/410 409/409/409 408/408/408
f 411/411/411 410/410/410 408/408/408
f 414/414/414 413/413/413 412/412/412
f 415/415/415 414/414/414 412/412/412
f 418/418/418 417/417/417 416/416/416
f 419/419/419 418/418/418 416/416/416
f 422/422/422 421/421/421 420/420/420
f 423/423/423 422/422/422 420/420/420
f 426/426/426 425/425/425 424/424/424
f 427/427/427 426/426/426 424/424/424
f 430/430/430 429/429/429 428/428/428
f 431/431/431 430/430/430 428/428/428
f 434/434/434 433/433/433 432/432/432
f 435/435/435 434/434/434 432/432/432
f 438/438/438 437/437/437 436/436/436
f 439/439/439 438/438/438 436/436/436
f 442/442/442 441/441/441 440/440/440
f 443/443/443 442/442/442 440/440/440
f 446/446/446 445/445/445 444/444/444
f 447/447/447 446/446/446 444/444/444
f 450/450/450 449/449/449 448/448/448
f 451/451/451 450/450/450 448/448/448
f 454/454/454 453/453/453 452/452/452
f 455/455/455 454/454/454 452/452/452
f 458/458/458 457/457/457 456/456/456
f 459/459/459 458/458/458 456/456/456
f 462/462/462 461/461/461 460/460/460
f 463/463/463 462/462/462 460/460/460
f 466/466/466 465/465/465 464/464/464
f 464/464/464 465/465/465 467/467/467
f 465/465/465 468/468/468 467/467/467
f 471/471/471 470/470/470 469/469/469
f 472/472/472 471/471/471 469/469/469
f 475/475/475 474/474/474 473/473/473
f 476/476/476 475/475/475 473/473/473
f 477/477/477 475/475/475 476/476/476
f 478/478/478 477/477/477 476/476/476
f 481/481/481 480/480/480 479/479/479
f 482/482/482 481/481/481 479/479/479
f 485/485/485 484/484/484 483/483/483
f 486/486/486 485/485/485 483/483/483
f 486/486/486 487/487/487 485/485/485
f 490/490/490 489/489/489 488/488/488
f 489/489/489 491/491/491 488/488/488
f 488/488/488 491/491/491 492/492/492
f 491/491/491 493/493/493 492/492/492
f 494/494/494 492/492/492 493/493/493
f 495/495/495 494/494/494 493/493/493
f 494/494/494 495/495/495 496/496/496
f 495/495/495 497/497/497 496/496/496
f 500/500/500 499/499/499 498/498/498
f 501/501/501 500/500/500 498/498/498
f 504/504/504 503/503/503 502/502/502
f 505/505/505 504/504/504 502/502/502
f 508/508/508 507/507/507 506/506/506
f 509/509/509 508/508/508 506/506/506
f 512/512/512 511/511/511 510/510/510
f 513/513/513 512/512/512 510/510/510
f 516/516/516 515/515/515 514/514/514
f 517/517/517 516/516/516 514/514/514
f 520/520/520 519/519/519 518/518/518
f 521/521/521 520/520/520 518/518/518
f 524/524/524 523/523/523 522/522/522
f 525/525/525 524/524/524 522/522/522
f 528/528/528 527/527/527 526/526/526
f 529/529/529 528/528/528 526/526/526
f 532/532/532 531/531/531 530/530/530
f 533/533/533 532/532/532 530/530/530
f 536/536/536 535/535/535 534/534/534
f 537/537/537 536/536/536 534/534/534
f 540/540/540 539/539/539 538/538/538
f 541/541/541 540/540/540 538/538/538
f 544/544/544 543/543/543 542/542/542
f 545/545/545 544/544/544 542/542/542
f 548/548/548 547/547/547 546/546/546
f 549/549/549 548/548/548 546/546/546
f 552/552/552 551/551/551 550/550/550
f 553/553/553 552/552/552 550/550/550
f 556/556/556 555/555/555 554/554/554
f 557/557/557 556/556/556 554/554/554
f 560/560/560 559/559/559 558/558/558
f 561/561/561 560/560/560 558/558/558
f 564/564/564 563/563/563 562/562/562
f 565/565/565 564/564/564 562/562/562
f 568/568/568 567/567/567 566/566/566
f 569/569/569 568/568/568 566/566/566
f 572/572/572 571/571/571 570/570/570
f 573/573/573 572/572/572 570/570/570
f 576/576/576 575/575/575 574/574/574
f 577/577/577 576/576/576 574/574/574
f 580/580/580 579/579/579 578/578/578
f 581/581/581 580/580/580 578/578/578
f 584/584/584 583/583/583 582/582/582
f 585/585/585 584/584/584 582/582/582
f 588/588/588 587/587/587 586/586/586
f 589/589/589 588/588/588 586/586/586
f 592/592/592 591/591/591 590/590/590
f 593/593/593 592/592/592 590/590/590
f 596/596/596 595/595/595 594/594/594
f 597/597/597 596/596/596 594/594/594
f 600/600/600 599/599/599 598/598/598
f 599/599/599 601/601/601 598/598/598
f 599/599/599 602/602/602 601/601/601
f 602/602/602 603/603/603 601/601/601
f 604/604/604 603/603/603 602/602/602
f 605/605/605 604/604/604 602/602/602
f 604/604/604 605/605/605 606/606/606
f 607/607/607 604/604/604 606/606/606
f 606/606/606 608/608/608 607/607/607
f 607/607/607 608/608/608 609/609/609
f 610/610/610 607/607/607 609/609/609
f 609/609/609 611/611/611 610/610/610
f 614/614/614 613/613/613 612/612/612
f 615/615/615 614/614/614 612/612/612
f 618/618/618 617/617/617 616/616/616
f 619/619/619 618/618/618 616/616/616
f 622/622/622 621/621/621 620/620/620
f 623/623/623 622/622/622 620/620/620
f 626/626/626 625/625/625 624/624/624
f 627/627/627 626/626/626 624/624/624
f 630/630/630 629/629/629 628/628/628
f 631/631/631 630/630/630 628/628/628
f 634/634/634 633/633/633 632/632/632
f 635/635/635 634/634/634 632/632/632
f 636/636/636 634/634/634 635/635/635
f 637/637/637 636/636/636 635/635/635
f 637/637/637 638/638/638 636/636/636
f 638/638/638 639/639/639 636/636/636
f 642/642/642 641/641/641 640/640/640
f 643/643/643 642/642/642 640/640/640
f 646/646/646 645/645/645 644/644/644
f 647/647/647 646/646/646 644/644/644
f 650/650/650 649/649/649 648/648/648
f 651/651/651 650/650/650 648/648/648
f 654/654/654 653/653/653 652/652/652
f 655/655/655 654/654/654 652/652/652
f 658/658/658 657/657/657 656/656/656
f 659/659/659 658/658/658 656/656/656
f 662/662/662 661/661/661 660/660/660
f 663/663/663 662/662/662 660/660/660
f 666/666/666 665/665/665 664/664/664
f 667/667/667 666/666/666 664/664/664
f 670/670/670 669/669/669 668/668/668
f 671/671/671 670/670/670 668/668/668
f 674/674/674 673/673/673 672/672/672
f 675/675/675 674/674/674 672/672/672
f 678/678/678 677/677/677 676/676/676
f 679/679/679 678/678/678 676/676/676
f 682/682/682 681/681/681 680/680/680
f 683/683/683 682/682/682 680/680/680
f 686/686/686 685/685/685 684/684/684
f 687/687/687 686/686/686 684/684/684
f 690/690/690 689/689/689 688/688/688
f 691/691/691 690/690/690 688/688/688
f 694/694/694 693/693/693 692/692/692
f 695/695/695 694/694/694 692/692/692
f 698/698/698 697/697/697 696/696/696
f 699/699/699 698/698/698 696/696/696
f 702/702/702 701/701/701 700/700/700
f 703/703/703 702/702/702 700/700/700
f 706/706/706 705/705/705 704/704/704
f 707/707/707 706/706/706 704/704/704
f 710/710/710 709/709/709 708/708/708
f 711/711/711 710/710/710 708/708/708
f 714/714/714 713/713/713 712/712/712
f 715/715/715 714/714/714 712/712/712
f 718/718/718 717/717/717 716/716/716
f 719/719/719 718/718/718 716/716/716
f 722/722/722 721/721/721 720/720/720
f 723/723/723 722/722/722 720/720/720
f 726/726/726 725/725/725 724/724/724
f 727/727/727 726/726/726 724/724/724
f 730/730/730 729/729/729 728/728/728
f 731/731/731 730/730/730 728/728/728
f 734/734/734 733/733/733 732/732/732
f 735/735/735 734/734/734 732/732/732
f 738/738/738 737/737/737 736/736/736
f 739/739/739 738/738/738 736/736/736
f 742/742/742 741/741/741 740/740/740
f 743/743/743 742/742/742 740/740/740
f 746/746/746 745/745/745 744/744/744
f 747/747/747 746/746/746 744/744/744
f 750/750/750 749/749/749 748/748/748
f 749/749/749 751/751/751 748/748/748
f 748/748/748 751/751/751 752/752/752
f 751/751/751 753/753/753 752/752/752
f 752/752/752 753/753/753 754/754/754
f 755/755/755 752/752/752 754/754/754
f 758/758/758 757/757/757 756/756/756
f 759/759/759 758/758/758 756/756/756
f 762/762/762 761/761/761 760/760/760
f 763/763/763 762/762/762 760/760/760
f 766/766/766 765/765/765 764/764/764
f 767/767/767 766/766/766 764/764/764
f 770/770/770 769/769/769 768/768/768
f 771/771/771 770/770/770 768/768/768
f 774/774/774 773/773/773 772/772/772
f 775/775/775 774/774/774 772/772/772
f 778/778/778 777/777/777 776/776/776
f 779/779/779 778/778/778 776/776/776
f 782/782/782 781/781/781 780/780/780
f 783/783/783 782/782/782 780/780/780
f 786/786/786 785/785/785 784/784/784
f 787/787/787 786/786/786 784/784/784
f 790/790/790 789/789/789 788/788/788
f 791/791/791 790/790/790 788/788/788
f 794/794/794 793/793/793 792/792/792
f 793/793/793 795/795/795 792/792/792
f 796/796/796 792/792/792 795/795/795
f 797/797/797 796/796/796 795/795/795
f 800/800/800 799/799/799 798/798/798
f 801/801/801 800/800/800 798/798/798
f 804/804/804 803/803/803 802/802/802
f 805/805/805 804/804/804 802/802/802
f 808/808/808 807/807/807 806/806/806
f 809/809/809 808/808/808 806/806/806
f 812/812/812 811/811/811 810/810/810
f 813/813/813 812/812/812 810/810/810
f 816/816/816 815/815/815 814/814/814
f 817/817/817 816/816/816 814/814/814
f 820/820/820 819/819/819 818/818/818
f 821/821/821 820/820/820 818/818/818
f 824/824/824 823/823/823 822/822/822
f 825/825/825 824/824/824 822/822/822
f 828/828/828 827/827/827 826/826/826
f 829/829/829 828/828/828 826/826/826
f 832/832/832 831/831/831 830/830/830
f 833/833/833 832/832/832 830/830/830
f 836/836/836 835/835/835 834/834/834
f 837/837/837 836/836/836 834/834/834
f 840/840/840 839/839/839 838/838/838
f 841/841/841 840/840/840 838/838/838
f 844/844/844 843/843/843 842/842/842
f 842/842/842 845/845/845 844/844/844
f 845/845/845 846/846/846 844/844/844
f 849/849/849 848/848/848 847/847/847
f 848/848/848 850/850/850 847/847/847
f 853/853/853 852/852/852 851/851/851
f 854/854/854 853/853/853 851/851/851
f 857/857/857 856/856/856 855/855/855
f 855/855/855 858/858/858 857/857/857
f 858/858/858 859/859/859 857/857/857
f 862/862/862 861/861/861 860/860/860
f 860/860/860 863/863/863 862/862/862
f 866/866/866 865/865/865 864/864/864
f 867/867/867 866/866/866 864/864/864
f 870/870/870 869/869/869 868/868/868
f 868/868/868 871/871/871 870/870/870
f 868/868/868 872/872/872 871/871/871
f 871/871/871 872/872/872 873/873/873
f 871/871/871 873/873/873 874/874/874
f 874/874/874 875/875/875 871/871/871
f 875/875/875 876/876/876 871/871/871
f 879/879/879 878/878/878 877/877/877
f 880/880/880 879/879/879 877/877/877
f 883/883/883 882/882/882 881/881/881
f 884/884/884 883/883/883 881/881/881
f 887/887/887 886/886/886 885/885/885
f 888/888/888 887/887/887 885/885/885
f 891/891/891 890/890/890 889/889/889
f 892/892/892 891/891/891 889/889/889
f 895/895/895 894/894/894 893/893/893
f 896/896/896 895/895/895 893/893/893
f 899/899/899 898/898/898 897/897/897
f 900/900/900 899/899/899 897/897/897
f 901/901/901 899/899/899 900/900/900
f 902/902/902 901/901/901 900/900/900
f 905/905/905 904/904/904 903/903/903
f 906/906/906 905/905/905 903/903/903
f 909/909/909 908/908/908 907/907/907
f 910/910/910 909/909/909 907/907/907
f 913/913/913 912/912/912 911/911/911
f 914/914/914 913/913/913 911/911/911
f 917/917/917 916/916/916 915/915/915
f 918/918/918 917/917/917 915/915/915
f 921/921/921 920/920/920 919/919/919
f 922/922/922 921/921/921 919/919/919
f 925/925/925 924/924/924 923/923/923
f 926/926/926 925/925/925 923/923/923
f 929/929/929 928/928/928 927/927/927
f 930/930/930 929/929/929 927/927/927
f 933/933/933 932/932/932 931/931/931
f 934/934/934 933/933/933 931/931/931
f 937/937/937 936/936/936 935/935/935
f 938/938/938 937/937/937 935/935/935
f 941/941/941 940/940/940 939/939/939
f 942/942/942 941/941/941 939/939/939
f 945/945/945 944/944/944 943/943/943
f 946/946/946 945/945/945 943/943/943
f 949/949/949 948/948/948 947/947/947
f 950/950/950 949/949/949 947/947/947
f 953/953/953 952/952/952 951/951/951
f 954/954/954 953/953/953 951/951/951
f 957/957/957 956/956/956 955/955/955
f 958/958/958 957/957/957 955/955/955
f 961/961/961 960/960/960 959/959/959
f 961/961/961 959/959/959 962/962/962
f 963/963/963 961/961/961 962/962/962
f 966/966/966 965/965/965 964/964/964
f 967/967/967 966/966/966 964/964/964
f 970/970/970 969/969/969 968/968/968
f 969/969/969 971/971/971 968/968/968
f 969/969/969 972/972/972 971/971/971
f 972/972/972 973/973/973 971/971/971
f 976/976/976 975/975/975 974/974/974
f 977/977/977 976/976/976 974/974/974
f 980/980/980 979/979/979 978/978/978
f 979/979/979 981/981/981 978/978/978
f 982/982/982 981/981/981 979/979/979
f 985/985/985 984/984/984 983/983/983
f 986/986/986 985/985/985 983/983/983
f 986/986/986 983/983/983 987/987/987
f 988/988/988 986/986/986 987/987/987
f 987/987/987 989/989/989 988/988/988
f 989/989/989 990/990/990 988/988/988
f 990/990/990 989/989/989 991/991/991
f 992/992/992 990/990/990 991/991/991
f 995/995/995 994/994/994 993/993/993
f 996/996/996 995/995/995 993/993/993
f 999/999/999 998/998/998 997/997/997
f 1000/1000/1000 999/999/999 997/997/997
f 1003/1003/1003 1002/1002/1002 1001/1001/1001
f 1004/1004/1004 1003/1003/1003 1001/1001/1001
f 1007/1007/1007 1006/1006/1006 1005/1005/1005
f 1008/1008/1008 1007/1007/1007 1005/1005/1005
f 1011/1011/1011 1010/1010/1010 1009/1009/1009
f 1012/1012/1012 1011/1011/1011 1009/1009/1009
f 1015/1015/1015 1014/1014/1014 1013/1013/1013
f 1016/1016/1016 1015/1015/1015 1013/1013/1013
f 1019/1019/1019 1018/1018/1018 1017/1017/1017
f 1020/1020/1020 1019/1019/1019 1017/1017/1017
f 1023/1023/1023 1022/1022/1022 1021/1021/1021
f 1024/1024/1024 1023/1023/1023 1021/1021/1021
f 1027/1027/1027 1026/1026/1026 1025/1025/1025
f 1028/1028/1028 1027/1027/1027 1025/1025/1025
f 1031/1031/1031 1030/1030/1030 1029/1029/1029
f 1032/1032/1032 1031/1031/1031 1029/1029/1029
f 1035/1035/1035 1034/1034/1034 1033/1033/1033
f 1036/1036/1036 1035/1035/1035 1033/1033/1033
f 1039/1039/1039 1038/1038/1038 1037/1037/1037
f 1040/1040/1040 1039/1039/1039 1037/1037/1037
f 1043/1043/1043 1042/1042/1042 1041/1041/1041
f 1044/1044/1044 1043/1043/1043 1041/1041/1041
f 1047/1047/1047 1046/1046/1046 1045/1045/1045
f 1048/1048/1048 1047/1047/1047 1045/1045/1045
f 1051/1051/1051 1050/1050/1050 1049/1049/1049
f 1052/1052/1052 1051/1051/1051 1049/1049/1049
f 1055/1055/1055 1054/1054/1054 1053/1053/1053
f 1056/1056/1056 1055/1055/1055 1053/1053/1053
f 1059/1059/1059 1058/1058/1058 1057/1057/1057
f 1060/1060/1060 1059/1059/1059 1057/1057/1057
f 1063/1063/1063 1062/1062/1062 1061/1061/1061
f 1064/1064/1064 1063/1063/1063 1061/1061/1061
f 1067/1067/1067 1066/1066/1066 1065/1065/1065
f 1068/1068/1068 1067/1067/1067 1065/1065/1065
f 1071/1071/1071 1070/1070/1070 1069/1069/1069
f 1072/1072/1072 1071/1071/1071 1069/1069/1069
