g building_Fenix_LP
v -7.56136894 3.0999999 0.387916565
v -7.66136742 3.0999999 0.387916565
v -7.66137505 3.0999999 0.0879154205
v -7.66137505 3.4000001 -0.21208477
v -7.66137505 3.4000001 -0.512084961
v -7.56137276 3.4000001 -0.21208477
v -7.56137276 2.6500001 1.28791714
v -7.66137505 2.6500001 1.28791714
v -7.66137505 2.6500001 0.987916946
v -7.66137123 3.25 0.0879163742
v -7.66137505 3.25 -0.21208477
v -7.56136894 3.25 0.0879163742
v -7.66137123 3.1500001 0.0879163742
v -7.66137123 3.25 0.0879163742
v -7.56136894 3.25 0.0879163742
v -7.56137276 2.79999995 0.987916946
v -7.66137505 2.79999995 0.987916946
v -7.66137505 2.79999995 0.687916756
v -7.56136894 2.95000005 0.687916756
v -7.66136742 2.95000005 0.687916756
v -7.66137505 2.95000005 0.387916565
v -7.56137085 2.5 1.58791637
v -7.66137314 2.5 1.58791637
v -7.66137314 2.5 1.28791618
v -7.56137276 2.35000014 1.88791656
v -7.66137505 2.35000014 1.88791656
v -7.66137505 2.35000014 1.58791542
v -7.56137276 2.20000029 2.18791676
v -7.66137505 2.20000029 2.18791676
v -7.66137505 2.20000029 1.88791656
v 9.90975189 9.24927139 -9.07759476
v 9.90975189 9.24927139 -17.1339455
v 10.3097515 9.24927139 -14.779398
v -3.08671188 9.24927139 3.23501205
v -3.4867115 9.24927139 3.63501167
v -3.4867115 9.24927139 -2.71208429
v -3.4867115 9.24927139 -2.71208429
v -3.4867115 9.24927139 -2.86208439
v -3.08671379 9.24927139 -9.07759476
v -3.48671341 9.24927139 -9.07759476
v -3.48671532 9.24927139 -17.533947
v -3.0867157 9.24927139 -17.1339455
v 9.90975189 9.24927139 -17.1339455
v 10.3097515 9.24927139 -17.533947
v 10.3097515 9.24927139 -14.779398
v 9.90975189 9.24927139 3.23501205
v -0.469614029 9.24927139 3.63501167
v 10.3097515 9.24927139 3.63501167
v 9.90975189 9.24927139 -9.07759476
v 10.3097515 9.24927139 -9.07759476
v 10.3097515 9.24927139 -14.779398
v -3.08671188 9.24927139 3.23501205
v -0.469614029 9.24927139 3.63501167
v -3.4867115 9.24927139 3.63501167
v -5.65936661 3.54999995 -3.0620842
v -5.65936661 4.40212059 -3.0620842
v -5.65936661 5.65169382 -3.0620842
v 10.3097515 4.40212059 -12.1788158
v 10.2097511 3.54999995 -12.1788158
v 10.3097515 3.54999995 -12.1788158
v -3.08671188 8.84927082 3.23501205
v -3.08671379 9.24927139 -9.07759476
v -3.0867157 8.84927082 -17.1339455
v -3.0867157 9.24927139 -17.1339455
v -3.0867157 8.84927082 -17.1339455
v -3.08671379 9.24927139 -9.07759476
v -3.08671188 9.24927139 3.23501205
v -3.08671379 9.24927139 -9.07759476
v -3.08671188 8.84927082 3.23501205
v -7.66137505 3.54999995 -0.512084961
v -7.66137505 3.54999995 -2.86208439
v -3.38671494 3.54999995 -2.86208439
v -3.38671494 3.54999995 -0.512084961
v -7.66137505 3.54999995 -0.512084961
v -7.66137505 3.44999981 -0.512084961
v -7.66137314 3.44999981 -2.86208439
v -7.66137505 3.54999995 -2.86208439
v -7.66137505 3.29999995 -0.21208477
v -7.66137505 3.4000001 -0.21208477
v -7.56137276 3.4000001 -0.21208477
v -3.38671494 3.4000001 -0.21208477
v -3.38671494 3.29999995 -0.21208477
v -7.66137505 3.4000001 -0.21208477
v -7.66137505 3.29999995 -0.21208477
v -7.66137505 3.29999995 -0.512084961
v -7.66137505 3.4000001 -0.512084961
v -7.66136742 3.0999999 0.387916565
v -7.66137314 3 0.387916565
v -7.66137505 3 0.0879154205
v -7.66137505 3.0999999 0.0879154205
v -7.66136742 2.95000005 0.687916756
v -7.66137123 2.85000014 0.687916756
v -7.66137505 2.8499999 0.387916565
v -7.66137505 2.95000005 0.387916565
v -7.66137505 2.79999995 0.987916946
v -7.66137505 2.70000005 0.987916946
v -7.66137505 2.70000005 0.687916756
v -7.66137505 2.79999995 0.687916756
v -7.66137505 2.6500001 1.28791714
v -7.66137505 2.55000019 1.28791714
v -7.66137505 2.55000019 0.987916946
v -7.66137505 2.6500001 0.987916946
v -7.66137314 2.5 1.58791637
v -7.66137314 2.4000001 1.58791637
v -7.66137505 2.4000001 1.28791618
v -7.66137314 2.5 1.28791618
v -7.66137505 2.20000029 2.18791676
v -7.56137085 2.10000014 2.18791676
v -7.66137505 2.10000014 2.18791676
v -7.56137276 2.20000029 2.18791676
v -3.38671494 2.20000029 2.18791676
v -3.38671494 2.10000014 2.18791676
v -7.66137505 2.20000029 2.18791676
v -7.66137505 2.10000014 2.18791676
v -7.66137505 2.10000014 1.88791656
v -7.66137505 2.20000029 1.88791656
v -3.38671494 2.20000029 1.88791656
v -3.38671494 2.20000029 2.18791676
v -7.56137276 2.20000029 2.18791676
v -7.66137505 2.20000029 1.88791656
v -7.66137123 3.25 0.0879163742
v -7.66137123 3.1500001 0.0879163742
v -7.66137505 3.1500001 -0.21208477
v -7.66137505 3.25 -0.21208477
v -7.66137505 2.35000014 1.88791656
v -7.66137505 2.25000024 1.88791656
v -7.66137505 2.25 1.58791542
v -7.66137505 2.35000014 1.58791542
v -7.66137505 3.4000001 -0.512084961
v -3.38671494 3.4000001 -0.512084961
v -3.38671494 3.44999981 -0.512084961
v -7.66137505 3.44999981 -0.512084961
v -3.38671494 2.35000014 1.58791637
v -3.38671494 2.35000014 1.88791656
v -7.56137276 2.35000014 1.88791656
v -7.66137505 2.35000014 1.58791542
v -7.66137505 3.25 -0.21208477
v -3.38671494 3.25 -0.21208477
v -3.38671494 3.29999995 -0.21208477
v -7.66137505 3.29999995 -0.21208477
v -7.66137505 3.0999999 0.0879154205
v -3.38671494 3.0999999 0.0879163742
v -3.38671494 3.1500001 0.0879163742
v -7.66137123 3.1500001 0.0879163742
v -7.66137505 2.95000005 0.387916565
v -3.38671494 2.95000005 0.387916565
v -3.38671494 3 0.387916565
v -7.66137314 3 0.387916565
v -3.38671494 2.35000014 1.88791656
v -3.38671494 2.25000024 1.88791656
v -7.66137505 2.25000024 1.88791656
v -7.56137276 2.35000014 1.88791656
v -7.66137505 2.35000014 1.88791656
v -3.38671494 2.5 1.28791618
v -3.38671494 2.5 1.58791637
v -7.56137085 2.5 1.58791637
v -7.66137314 2.5 1.28791618
v -3.38671494 2.5 1.58791637
v -3.38671494 2.4000001 1.58791637
v -7.66137314 2.4000001 1.58791637
v -7.56137085 2.5 1.58791637
v -7.66137314 2.5 1.58791637
v -3.38671494 2.6500001 0.987916946
v -3.38671494 2.6500001 1.28791714
v -7.56137276 2.6500001 1.28791714
v -7.66137505 2.6500001 0.987916946
v -7.66137505 2.79999995 0.687916756
v -3.38671494 2.80000019 0.687916756
v -3.38671494 2.8499999 0.687916756
v -7.66137123 2.85000014 0.687916756
v -3.38671494 2.6500001 1.28791714
v -3.38671494 2.55000019 1.28791714
v -7.66137505 2.55000019 1.28791714
v -7.56137276 2.6500001 1.28791714
v -7.66137505 2.6500001 1.28791714
v -7.66137505 2.55000019 1.28791714
v -7.66137314 2.5 1.28791618
v -3.38671494 2.5 1.28791618
v -3.38671494 2.55000019 1.28791714
v -3.38671494 2.80000019 0.687916756
v -3.38671494 2.79999995 0.987916946
v -7.56137276 2.79999995 0.987916946
v -7.66137505 2.79999995 0.687916756
v -3.38671494 2.79999995 0.987916946
v -3.38671494 2.70000005 0.987916946
v -7.66137505 2.70000005 0.987916946
v -7.56137276 2.79999995 0.987916946
v -7.66137505 2.79999995 0.987916946
v -3.38671494 2.95000005 0.387916565
v -3.38671494 2.95000005 0.687916756
v -7.56136894 2.95000005 0.687916756
v -7.66137505 2.95000005 0.387916565
v -3.38671494 2.95000005 0.687916756
v -3.38671494 2.8499999 0.687916756
v -7.66137123 2.85000014 0.687916756
v -7.56136894 2.95000005 0.687916756
v -7.66136742 2.95000005 0.687916756
v -3.38671494 3.0999999 0.0879163742
v -3.38671494 3.0999999 0.387916565
v -7.56136894 3.0999999 0.387916565
v -7.66137505 3.0999999 0.0879154205
v -7.66137314 2.4000001 1.58791637
v -7.66137505 2.35000014 1.58791542
v -3.38671494 2.35000014 1.58791637
v -3.38671494 2.4000001 1.58791637
v -3.38671494 3.0999999 0.387916565
v -3.38671494 3 0.387916565
v -7.66137314 3 0.387916565
v -7.56136894 3.0999999 0.387916565
v -7.66136742 3.0999999 0.387916565
v -3.38671494 3.25 -0.21208477
v -3.38671494 3.25 0.0879163742
v -7.56136894 3.25 0.0879163742
v -7.66137505 3.25 -0.21208477
v -7.66137123 2.10000014 -2.86208487
v -7.66137505 2.10000014 1.88791656
v -7.66137505 2.20000029 1.88791656
v -7.66137505 2.25000024 1.88791656
v -7.66137505 2.25 1.58791542
v -7.66137505 2.35000014 1.58791542
v -7.66137314 2.4000001 1.58791637
v -7.66137505 2.4000001 1.28791618
v -7.66137314 2.5 1.28791618
v -7.66137505 2.55000019 1.28791714
v -7.66137505 2.55000019 0.987916946
v -7.66137505 2.6500001 0.987916946
v -7.66137505 2.70000005 0.987916946
v -7.66137505 2.70000005 0.687916756
v -7.66137505 2.79999995 0.687916756
v -7.66137123 2.85000014 0.687916756
v -7.66137505 2.8499999 0.387916565
v -7.66137505 2.95000005 0.387916565
v -7.66137314 3 0.387916565
v -7.66137505 3 0.0879154205
v -7.66137505 3.0999999 0.0879154205
v -7.66137123 3.1500001 0.0879163742
v -7.66137505 3.1500001 -0.21208477
v -7.66137505 3.25 -0.21208477
v -7.66137505 3.29999995 -0.21208477
v -7.66137505 3.29999995 -0.512084961
v -7.66137505 3.4000001 -0.512084961
v -7.66137314 3.44999981 -2.86208439
v -7.66137505 3.44999981 -0.512084961
v -7.66137505 2.25000024 1.88791656
v -7.66137505 2.20000029 1.88791656
v -3.38671494 2.20000029 1.88791656
v -3.38671494 2.25000024 1.88791656
v -3.38671494 3.25 0.0879163742
v -3.38671494 3.1500001 0.0879163742
v -7.66137123 3.1500001 0.0879163742
v -7.56136894 3.25 0.0879163742
v -3.38671494 3.4000001 -0.512084961
v -3.38671494 3.4000001 -0.21208477
v -7.56137276 3.4000001 -0.21208477
v -7.66137505 3.4000001 -0.512084961
v -3.38671494 3.54999995 -0.512084961
v -3.38671494 3.44999981 -0.512084961
v -7.66137505 3.44999981 -0.512084961
v -7.66137505 3.54999995 -0.512084961
v -3.38671494 2.70000005 0.987916946
v -7.66137505 2.70000005 0.987916946
v -7.66137505 2.6500001 0.987916946
v -3.38671494 2.6500001 0.987916946
v -7.66137505 4.55000019 -2.86208439
v -7.66137505 3.54999995 -2.86208439
v -7.66137505 3.54999995 -0.512084961
v -7.66137505 4.55000019 -0.512084961
v -7.66137505 3.20000029 2.1879158
v -7.66137505 2.20000029 2.18791676
v -7.76137543 4.55000019 -2.86208439
v -7.76137543 3.54999995 -0.512084961
v -7.76137543 3.54999995 -2.86208439
v -7.76137543 4.55000019 -0.512084961
v -7.76137543 3.20000029 2.1879158
v -7.76137543 2.20000029 2.1879158
v -7.66137505 4.55000019 -0.512084961
v -7.76137543 4.55000019 -0.512084961
v -7.76137543 4.55000019 -2.86208439
v -7.66137505 4.55000019 -2.86208439
v -7.66137505 2.20000029 2.18791676
v -7.76137543 2.20000029 2.1879158
v -7.76137543 3.20000029 2.1879158
v -7.66137505 3.20000029 2.1879158
v -7.66137505 3.20000029 2.1879158
v -7.76137543 3.20000029 2.1879158
v -7.76137543 4.55000019 -0.512084961
v -7.66137505 4.55000019 -0.512084961
v -3.03671074 1.50000012 10.9350109
v -3.03671074 1.5 14.5793972
v -2.83671379 1.5 14.5793972
v -2.83671379 1.50000012 10.9350109
v -3.33671379 1.50000012 10.9350109
v -3.33671379 2.38418579E-07 14.5793972
v -3.33671379 1.5 14.5793972
v -3.33671379 2.38418579E-07 3.63501167
v -3.33671379 1.80000019 10.9350109
v -3.33671379 1.80000019 7.28501129
v -3.33671379 2.10000014 7.28501129
v -3.33671379 2.10000014 3.63501263
v -3.03671074 1.5 14.5793972
v -2.83671379 2.38418579E-07 14.5793972
v -2.83671379 1.5 14.5793972
v -3.13671684 1.5 14.5793972
v -3.33671379 2.38418579E-07 14.5793972
v -3.33671379 1.5 14.5793972
v -3.03671265 2.10000038 3.63501263
v -3.03671265 2.10000038 7.28501129
v -2.83671379 2.10000014 7.28501129
v -2.83671379 2.10000014 3.63501263
v -2.83671379 1.80000019 7.28501129
v -2.83671379 2.10000014 3.63501263
v -2.83671379 2.10000014 7.28501129
v -2.83671379 2.38418579E-07 3.63501167
v -2.83671379 1.80000019 10.9350109
v -2.83671379 1.50000012 10.9350109
v -2.83671379 1.5 14.5793972
v -2.83671379 2.38418579E-07 14.5793972
v -3.03671265 1.80000019 7.28501129
v -3.03671265 1.79999995 10.9350109
v -2.83671379 1.80000019 10.9350109
v -2.83671379 1.80000019 7.28501129
v -3.03671265 2.10000038 7.28501129
v -3.03671265 1.80000019 7.28501129
v -2.83671379 1.80000019 7.28501129
v -2.83671379 2.10000014 7.28501129
v -3.03671265 1.79999995 10.9350109
v -3.03671074 1.50000012 10.9350109
v -2.83671379 1.50000012 10.9350109
v -2.83671379 1.80000019 10.9350109
v -3.33671379 1.50000012 10.9350109
v -3.33671379 1.5 14.5793972
v -3.13671684 1.5 14.5793972
v -3.13671684 1.50000012 10.9350109
v -3.33671379 2.10000014 3.63501263
v -3.33671379 2.10000014 7.28501129
v -3.13671684 2.10000014 7.28501129
v -3.13671684 2.10000014 3.63501263
v -3.33671379 1.80000019 7.28501129
v -3.33671379 1.80000019 10.9350109
v -3.13671303 1.79999995 10.9350109
v -3.13671684 1.80000019 7.28501129
v -3.33671379 2.10000014 7.28501129
v -3.33671379 1.80000019 7.28501129
v -3.13671684 1.80000019 7.28501129
v -3.13671684 2.10000014 7.28501129
v -3.33671379 1.80000019 10.9350109
v -3.33671379 1.50000012 10.9350109
v -3.13671684 1.50000012 10.9350109
v -3.13671303 1.79999995 10.9350109
v -3.13671684 2.10000014 3.63501263
v -3.13671303 3.10000014 3.63501263
v -3.13671303 3.10000014 7.28501129
v -3.13671303 2.80000019 7.28501129
v -3.13671684 2.10000014 7.28501129
v -3.13671303 2.80000019 10.9350109
v -3.13671303 2.5 10.9350109
v -3.13671684 1.80000019 7.28501129
v -3.13671303 1.79999995 10.9350109
v -3.13671303 2.5 14.5793972
v -3.13671684 1.50000012 10.9350109
v -3.13671684 1.5 14.5793972
v -3.03671265 2.10000038 3.63501263
v -3.03671265 3.10000014 7.28501129
v -3.03671265 3.10000014 3.63501263
v -3.03671265 2.80000019 7.28501129
v -3.03671265 2.10000038 7.28501129
v -3.03671265 2.80000019 10.9350109
v -3.03671265 2.5 10.9350109
v -3.03671265 1.80000019 7.28501129
v -3.03671265 1.79999995 10.9350109
v -3.03671265 2.5 14.5793972
v -3.03671074 1.50000012 10.9350109
v -3.03671074 1.5 14.5793972
v -3.13671303 2.80000019 10.9350109
v -3.13671303 2.80000019 7.28501129
v -3.03671265 2.80000019 7.28501129
v -3.03671265 2.80000019 10.9350109
v -3.13671684 1.5 14.5793972
v -3.13671303 2.5 14.5793972
v -3.03671265 2.5 14.5793972
v -3.03671074 1.5 14.5793972
v -3.13671303 2.80000019 7.28501129
v -3.13671303 3.10000014 7.28501129
v -3.03671265 3.10000014 7.28501129
v -3.03671265 2.80000019 7.28501129
v -3.13671303 2.5 14.5793972
v -3.13671303 2.5 10.9350109
v -3.03671265 2.5 10.9350109
v -3.03671265 2.5 14.5793972
v -3.13671303 3.10000014 7.28501129
v -3.13671303 3.10000014 3.63501263
v -3.03671265 3.10000014 3.63501263
v -3.03671265 3.10000014 7.28501129
v -3.13671303 2.5 10.9350109
v -3.13671303 2.80000019 10.9350109
v -3.03671265 2.80000019 10.9350109
v -3.03671265 2.5 10.9350109
v 9.95974922 2.4000001 10.9350109
v 9.95974922 2.4000001 14.5793972
v 10.1597462 2.4000001 14.5793972
v 10.1597462 2.4000001 10.9350109
v 9.65974617 2.4000001 10.9350109
v 9.65974617 2.38418579E-07 14.5793972
v 9.65974617 2.4000001 14.5793972
v 9.65974617 2.38418579E-07 3.63501167
v 9.65974617 2.70000029 10.9350109
v 9.65974617 2.70000029 7.28501129
v 9.65974617 3.00000024 7.28501129
v 9.65974617 3.00000024 3.63501263
v 9.95974922 2.4000001 14.5793972
v 10.1597462 2.38418579E-07 14.5793972
v 10.1597462 2.4000001 14.5793972
v 9.85974312 2.4000001 14.5793972
v 9.65974617 2.38418579E-07 14.5793972
v 9.65974617 2.4000001 14.5793972
v 9.95974731 3.00000024 3.63501263
v 9.95974731 3.00000024 7.28501129
v 10.1597462 3.00000024 7.28501129
v 10.1597462 3.00000024 3.63501263
v 10.1597462 2.70000029 7.28501129
v 10.1597462 3.00000024 3.63501263
v 10.1597462 3.00000024 7.28501129
v 10.1597462 2.38418579E-07 3.63501167
v 10.1597462 2.70000029 10.9350109
v 10.1597462 2.4000001 10.9350109
v 10.1597462 2.4000001 14.5793972
v 10.1597462 2.38418579E-07 14.5793972
v 9.95974731 2.70000029 7.28501129
v 9.95974731 2.70000005 10.9350109
v 10.1597462 2.70000029 10.9350109
v 10.1597462 2.70000029 7.28501129
v 9.95974731 3.00000024 7.28501129
v 9.95974731 2.70000029 7.28501129
v 10.1597462 2.70000029 7.28501129
v 10.1597462 3.00000024 7.28501129
v 9.95974731 2.70000005 10.9350109
v 9.95974922 2.4000001 10.9350109
v 10.1597462 2.4000001 10.9350109
v 10.1597462 2.70000029 10.9350109
v 9.65974617 2.4000001 10.9350109
v 9.65974617 2.4000001 14.5793972
v 9.85974312 2.4000001 14.5793972
v 9.85974312 2.4000001 10.9350109
v 9.65974617 3.00000024 3.63501263
v 9.65974617 3.00000024 7.28501129
v 9.85974312 3.00000024 7.28501129
v 9.85974312 3.00000024 3.63501263
v 9.65974617 2.70000029 7.28501129
v 9.65974617 2.70000029 10.9350109
v 9.85974693 2.70000005 10.9350109
v 9.85974312 2.70000029 7.28501129
v 9.65974617 3.00000024 7.28501129
v 9.65974617 2.70000029 7.28501129
v 9.85974312 2.70000029 7.28501129
v 9.85974312 3.00000024 7.28501129
v 9.65974617 2.70000029 10.9350109
v 9.65974617 2.4000001 10.9350109
v 9.85974312 2.4000001 10.9350109
v 9.85974693 2.70000005 10.9350109
v 9.85974312 3.00000024 3.63501263
v 9.85974693 4 3.63501263
v 9.85974693 4 7.28501129
v 9.85974693 3.70000029 7.28501129
v 9.85974312 3.00000024 7.28501129
v 9.85974693 3.70000029 10.9350109
v 9.85974693 3.4000001 10.9350109
v 9.85974312 2.70000029 7.28501129
v 9.85974693 2.70000005 10.9350109
v 9.85974693 3.4000001 14.5793972
v 9.85974312 2.4000001 10.9350109
v 9.85974312 2.4000001 14.5793972
v 9.95974731 3.00000024 3.63501263
v 9.95974731 4 7.28501129
v 9.95974731 4 3.63501263
v 9.95974731 3.70000029 7.28501129
v 9.95974731 3.00000024 7.28501129
v 9.95974731 3.70000029 10.9350109
v 9.95974731 3.4000001 10.9350109
v 9.95974731 2.70000029 7.28501129
v 9.95974731 2.70000005 10.9350109
v 9.95974731 3.4000001 14.5793972
v 9.95974922 2.4000001 10.9350109
v 9.95974922 2.4000001 14.5793972
v 9.85974693 3.70000029 10.9350109
v 9.85974693 3.70000029 7.28501129
v 9.95974731 3.70000029 7.28501129
v 9.95974731 3.70000029 10.9350109
v 9.85974312 2.4000001 14.5793972
v 9.85974693 3.4000001 14.5793972
v 9.95974731 3.4000001 14.5793972
v 9.95974922 2.4000001 14.5793972
v 9.85974693 3.70000029 7.28501129
v 9.85974693 4 7.28501129
v 9.95974731 4 7.28501129
v 9.95974731 3.70000029 7.28501129
v 9.85974693 3.4000001 14.5793972
v 9.85974693 3.4000001 10.9350109
v 9.95974731 3.4000001 10.9350109
v 9.95974731 3.4000001 14.5793972
v 9.85974693 4 7.28501129
v 9.85974693 4 3.63501263
v 9.95974731 4 3.63501263
v 9.95974731 4 7.28501129
v 9.85974693 3.4000001 10.9350109
v 9.85974693 3.70000029 10.9350109
v 9.95974731 3.70000029 10.9350109
v 9.95974731 3.4000001 10.9350109
v -8.9101944 5.60007524 -14.779398
v -10.161375 3.54999995 -14.779398
v -8.9101944 3.54999995 -14.779398
v -10.161375 5.60007524 -14.779398
v -8.9101944 6.14972687 -14.779398
v -10.161375 6.14972687 -14.779398
v -10.161375 7.45098114 -14.779398
v -7.5870266 7.45098114 -14.779398
v -7.5870266 6.14972687 -14.779398
v -4.4870491 6.14972687 -14.779398
v -4.4870491 7.45098114 -14.779398
v -3.48671532 7.45098114 -14.779398
v -4.4870491 5.60007524 -14.779398
v -10.0613708 3.54999995 -3.37578964
v -10.1613731 3.54999995 -3.37578964
v -10.1613712 3.54999995 -2.86208439
v -10.0613708 3.54999995 -2.96208429
v -3.85936737 3.54999995 -3.0620842
v -3.85936737 3.54999995 -2.96208477
v -5.65936661 3.54999995 -2.96208477
v -5.65936661 3.54999995 -3.0620842
v 9.90975189 9.24927139 -17.1339455
v 9.90975189 8.84927082 -17.1339455
v -3.0867157 8.84927082 -17.1339455
v -3.0867157 9.24927139 -17.1339455
v -3.48671532 3.54999995 -17.533947
v -3.48671532 7.45098114 -14.779398
v -3.48671532 3.54999995 -14.779398
v -3.48671532 9.24927139 -17.533947
v -3.48671341 9.24927139 -9.07759476
v -3.48671532 7.45098114 -3.37579012
v -3.4867115 7.85098124 -3.37578964
v -3.4867115 9.24927139 -2.86208439
v -3.4867115 7.85098124 -2.86208439
v 3.43198776 3.54999995 3.63501167
v 10.3097515 4.40212059 3.63501167
v 10.3097515 3.54999995 3.63501167
v -0.469614029 4.40212059 3.63501167
v 10.3097515 9.24927139 3.63501167
v -0.469614029 3.54999995 3.63501167
v -3.4867115 3.54999995 3.63501167
v -3.4867115 4.40212059 3.63501167
v -0.469614029 9.24927139 3.63501167
v -3.4867115 5.65169382 3.63501167
v -3.4867115 9.24927139 3.63501167
v -10.3113708 7.05098057 -2.71208429
v -10.3113708 7.05098057 -3.37578964
v -10.3113708 9.24927139 -3.37578964
v -10.3113708 9.24927139 -2.71208429
v -10.1613712 7.85098124 -2.86208439
v -10.1613712 7.85098124 -3.37578964
v -6.50936508 7.85098124 -3.37578964
v -6.50936508 7.85098124 -2.86208439
v -3.85936737 7.85098124 -3.37578964
v -3.85936737 7.85098124 -2.86208439
v -3.4867115 7.85098124 -3.37578964
v -3.4867115 7.85098124 -2.86208439
v -10.1613712 3.54999995 -2.86208439
v -10.1613731 3.54999995 -3.37578964
v -10.1613731 7.05098057 -3.37578964
v -10.1613712 7.05098057 -2.86208439
v -5.65936661 3.54999995 -2.96208477
v -10.0613708 2.10000014 -2.96208429
v -10.0613708 3.54999995 -2.96208429
v -5.65936661 2.10000014 -2.96208429
v -3.85936737 3.54999995 -2.96208477
v -3.85936737 2.10000014 -2.96208429
v -3.38671303 3.54999995 -2.96208477
v -3.38671303 2.10000014 -2.96208429
v -10.0613708 3.54999995 -2.96208429
v -10.0613708 2.10000014 -2.96208429
v -10.0613708 2.10000014 -3.37578964
v -10.0613708 3.54999995 -3.37578964
v 7.98198032 3.54999995 3.53501129
v 10.3097515 3.54999995 3.63501167
v 10.2097511 3.54999995 3.53501129
v 3.43198776 3.54999995 3.63501167
v 3.43198586 3.54999995 3.53501129
v -0.469614029 3.54999995 3.63501167
v -0.469615936 3.54999995 3.53501129
v -3.4867115 3.54999995 3.63501167
v -3.38671303 3.54999995 3.53501129
v -3.38671303 0 3.53501129
v -3.38671303 0 -2.96208477
v -3.38671303 2.10000014 -2.96208429
v -3.38671303 3.54999995 3.53501129
v -3.38671303 3.54999995 -2.96208477
v -3.38671303 3.54999995 3.53501129
v -3.38671303 3.54999995 -2.96208477
v -3.4867115 3.54999995 -2.86208439
v -3.4867115 3.54999995 3.63501167
v -3.85936737 9.24927139 -2.71208429
v -3.4867115 9.24927139 -2.86208439
v -3.4867115 9.24927139 -2.71208429
v -3.85936737 9.24927139 -2.86208439
v -6.50936508 9.24927139 -2.71208429
v -6.50936508 9.24927139 -2.86208439
v -10.3113708 9.24927139 -2.71208429
v -10.1613712 9.24927139 -2.86208439
v -10.3113708 9.24927139 -3.37578964
v -10.1613712 9.24927139 -3.37578964
v -10.1613712 9.24927139 -3.37578964
v -10.1613712 7.85098124 -3.37578964
v -10.1613712 7.85098124 -2.86208439
v -10.1613712 9.24927139 -2.86208439
v -3.85936737 9.24927139 -2.86208439
v -3.4867115 7.85098124 -2.86208439
v -3.4867115 9.24927139 -2.86208439
v -3.85936737 7.85098124 -2.86208439
v -6.50936508 9.24927139 -2.86208439
v -6.50936508 7.85098124 -2.86208439
v -10.1613712 9.24927139 -2.86208439
v -10.1613712 7.85098124 -2.86208439
v 10.3097515 4.40212059 3.63501167
v 10.3097515 3.54999995 -12.1788158
v 10.3097515 3.54999995 3.63501167
v 10.3097515 4.40212059 -12.1788158
v 10.3097515 7.3791461 -12.1788158
v 10.3097515 9.24927139 3.63501167
v 10.3097515 9.24927139 -9.07759476
v 10.3097515 7.3791461 -13.9146004
v 10.3097515 9.24927139 -14.779398
v 10.3097515 4.35148478 -13.9146004
v 10.3097515 4.35148478 -17.533947
v 10.3097515 9.24927139 -17.533947
v 10.3097515 3.54999995 -17.533947
v 10.3097515 3.54999995 -13.9146004
v 10.3097515 3.54999995 -17.533947
v 10.2097511 3.54999995 -17.4339466
v 10.2097511 3.54999995 -13.9146004
v 10.3097515 3.54999995 -13.9146004
v 9.90975189 9.24927139 3.23501205
v 9.90975189 8.84927082 3.23501205
v 9.90975189 9.24927139 -9.07759476
v 9.90975189 8.84927082 -17.1339455
v 9.90975189 9.24927139 -17.1339455
v -10.3113708 7.05098057 -3.37578964
v -10.3113708 7.05098057 -2.71208429
v -10.1613712 7.05098057 -2.86208439
v -10.1613731 7.05098057 -3.37578964
v 10.2097511 3.54999995 3.53501129
v 10.2097511 0 3.53501129
v 9.08197784 2.46687078 3.53501129
v 9.08197784 0 3.53501129
v 10.3097515 7.3791461 -13.9146004
v 10.1097517 7.3791461 -13.9146004
v 10.1097517 7.3791461 -12.1788158
v 10.3097515 7.3791461 -12.1788158
v -7.5870266 6.14972687 -14.779398
v -4.4870491 6.14972687 -14.5793991
v -4.4870491 6.14972687 -14.779398
v -7.5870266 6.14972687 -14.5793991
v -8.9101944 6.14972687 -14.779398
v -8.9101944 6.14972687 -14.5793991
v 10.1097517 3.54999995 -13.9146004
v 10.2097511 3.54999995 -13.9146004
v 10.2097511 3.54999995 -12.1788158
v 10.1097517 3.54999995 -12.1788158
v -9.20400429 4.40212059 -2.86208439
v -9.20400429 4.40212059 -3.0620842
v -8.00399971 4.40212059 -3.0620842
v -8.00399971 4.40212059 -2.86208439
v -5.65936661 3.54999995 -2.96208477
v -10.0613708 3.54999995 -2.96208429
v -10.1613712 3.54999995 -2.86208439
v -5.65936661 3.54999995 -2.86208439
v -6.50936317 4.40212059 -2.86208439
v -6.50936317 4.40212059 -3.0620842
v -6.50936317 5.65169382 -3.0620842
v -6.50936317 5.65169382 -2.86208439
v -3.85936737 3.54999995 -2.96208477
v -3.85936737 3.54999995 -3.0620842
v -3.85936737 4.40212059 -3.0620842
v -3.85936737 4.40212059 -2.86208439
v -3.85936737 3.54999995 -2.86208439
v -3.85936737 5.65169382 -3.0620842
v -3.85936737 5.65169382 -2.86208439
v -3.4867115 5.65169382 -2.86208439
v -3.85936737 7.05098057 -2.86208439
v -3.4867115 7.05098057 -2.86208439
v -3.85936737 5.65169382 -2.86208439
v -3.4867115 4.40212059 -2.86208439
v -3.85936737 4.40212059 -2.86208439
v -3.4867115 3.54999995 -2.86208439
v -3.85936737 3.54999995 -2.86208439
v -5.65936661 5.65169382 -2.86208439
v -6.50936508 7.05098057 -2.86208439
v -6.50936317 5.65169382 -2.86208439
v -5.65936661 4.40212059 -2.86208439
v -6.50936317 4.40212059 -2.86208439
v -5.65936661 3.54999995 -2.86208439
v -7.71425819 4.40212059 -2.86208439
v -7.71425819 5.65169382 -2.86208439
v -8.00399971 7.05098057 -2.86208439
v -8.00399971 5.65169382 -2.86208439
v -9.20400429 5.65169382 -2.86208439
v -10.1613712 7.05098057 -2.86208439
v -9.20400429 4.40212059 -2.86208439
v -10.1613712 3.54999995 -2.86208439
v -8.00399971 4.40212059 -2.86208439
v -5.65936661 3.54999995 -2.86208439
v -7.71425819 5.65169382 -2.86208439
v -7.71425819 5.65169382 -3.0620842
v -7.71425819 4.40212059 -3.0620842
v -7.71425819 4.40212059 -2.86208439
v -8.00399971 4.40212059 -2.86208439
v -8.00399971 4.40212059 -3.0620842
v -8.00399971 5.65169382 -3.0620842
v -8.00399971 5.65169382 -2.86208439
v -9.20400429 5.65169382 -2.86208439
v -9.20400429 5.65169382 -3.0620842
v -9.20400429 4.40212059 -3.0620842
v -9.20400429 4.40212059 -2.86208439
v -6.50936317 5.65169382 -2.86208439
v -6.50936317 5.65169382 -3.0620842
v -7.71425819 5.65169382 -3.0620842
v -7.71425819 5.65169382 -2.86208439
v -7.71425819 4.40212059 -2.86208439
v -7.71425819 4.40212059 -3.0620842
v -6.50936317 4.40212059 -3.0620842
v -6.50936317 4.40212059 -2.86208439
v -8.00399971 5.65169382 -2.86208439
v -8.00399971 5.65169382 -3.0620842
v -9.20400429 5.65169382 -3.0620842
v -9.20400429 5.65169382 -2.86208439
v -6.50936317 5.65169382 -3.0620842
v -6.50936317 4.40212059 -3.0620842
v -7.71425819 4.40212059 -3.0620842
v -7.71425819 5.65169382 -3.0620842
v -8.00399971 4.40212059 -3.0620842
v -9.20400429 4.40212059 -3.0620842
v -9.20400429 5.65169382 -3.0620842
v -8.00399971 5.65169382 -3.0620842
v -3.85936737 5.65169382 -2.86208439
v -3.85936737 5.65169382 -3.0620842
v -5.65936661 5.65169382 -3.0620842
v -5.65936661 5.65169382 -2.86208439
v -5.65936661 5.65169382 -2.86208439
v -5.65936661 5.65169382 -3.0620842
v -5.65936661 4.40212059 -3.0620842
v -5.65936661 4.40212059 -2.86208439
v -5.65936661 3.54999995 -3.0620842
v -5.65936661 3.54999995 -2.96208477
v -5.65936661 3.54999995 -2.86208439
v -5.65936661 5.65169382 -3.0620842
v -3.85936737 5.65169382 -3.0620842
v -3.85936737 4.40212059 -3.0620842
v -3.85936737 3.54999995 -3.0620842
v -5.65936661 3.54999995 -3.0620842
v 10.1097517 4.40212059 -12.1788158
v 10.1097517 3.54999995 -13.9146004
v 10.1097517 3.54999995 -12.1788158
v 10.1097517 4.40212059 -13.9146004
v 10.1097517 7.3791461 -13.9146004
v 10.1097517 7.3791461 -12.1788158
v 10.3097515 4.35148478 -13.9146004
v 10.1097517 7.3791461 -13.9146004
v 10.3097515 7.3791461 -13.9146004
v 10.1097517 4.40212059 -13.9146004
v 10.1097517 3.54999995 -13.9146004
v 10.2097511 3.54999995 -13.9146004
v 10.3097515 3.54999995 -13.9146004
v -3.48671532 7.45098114 -14.779398
v -4.4870491 5.60007524 -14.779398
v -4.4870491 3.54999995 -14.779398
v -3.48671532 3.54999995 -14.779398
v -4.4870491 5.60007524 -14.5793991
v -4.4870491 6.14972687 -14.5793991
v -7.5870266 6.14972687 -14.5793991
v -7.5870266 5.60007524 -14.5793991
v -8.9101944 6.14972687 -14.5793991
v -8.9101944 5.60007524 -14.5793991
v -4.4870491 3.54999995 -14.5793991
v -8.9101944 3.54999995 -14.5793991
v -7.58702469 3.54999995 -14.5793991
v -4.4870491 0 -14.5793991
v -3.38671303 3.54999995 -14.5793991
v -3.38671303 0 -14.5793991
v -7.58702469 0 -14.5793991
v -8.9101944 0 -14.5793991
v -10.15975 0 -14.5793991
v -10.15975 3.54999995 -14.5793991
v -8.9101944 5.60007524 -14.779398
v -8.9101944 6.14972687 -14.5793991
v -8.9101944 6.14972687 -14.779398
v -8.9101944 5.60007524 -14.5793991
v -8.9101944 3.54999995 -14.779398
v -8.9101944 3.54999995 -14.5793991
v -8.9101944 5.60007524 -14.779398
v -3.4867115 3.54999995 3.63501167
v -3.4867115 3.54999995 -2.86208439
v -3.4867115 4.40212059 -2.86208439
v -3.4867115 4.40212059 3.63501167
v -3.4867115 5.65169382 -2.86208439
v -3.4867115 5.65169382 3.63501167
v -3.4867115 7.05098057 -2.86208439
v -3.4867115 7.05098057 -2.71208429
v -3.4867115 9.24927139 3.63501167
v -3.4867115 9.24927139 -2.71208429
v 10.1097517 3.54999995 -12.1788158
v 10.2097511 3.54999995 -12.1788158
v 10.3097515 4.40212059 -12.1788158
v 10.1097517 4.40212059 -12.1788158
v 10.3097515 7.3791461 -12.1788158
v 10.1097517 7.3791461 -12.1788158
v 10.3097515 4.40212059 -12.1788158
v -4.4870491 5.60007524 -14.779398
v -4.4870491 3.54999995 -14.5793991
v -4.4870491 3.54999995 -14.779398
v -4.4870491 5.60007524 -14.5793991
v -4.4870491 6.14972687 -14.779398
v -4.4870491 6.14972687 -14.5793991
v -4.4870491 5.60007524 -14.779398
v -10.1613712 7.85098124 -3.37578964
v -10.1613712 7.45098066 -3.37578964
v -6.50936508 7.45098114 -3.37579012
v -6.50936508 7.85098124 -3.37578964
v -3.85936737 7.45098114 -3.37579012
v -3.85936737 7.85098124 -3.37578964
v -3.48671532 7.45098114 -3.37579012
v -3.4867115 7.85098124 -3.37578964
v -10.3113708 7.05098057 -2.71208429
v -8.00399971 7.05098057 -2.86208439
v -10.1613712 7.05098057 -2.86208439
v -6.50936508 7.05098057 -2.71208429
v -6.50936508 7.05098057 -2.86208439
v -3.85936737 7.05098057 -2.71208429
v -3.85936737 7.05098057 -2.86208439
v -3.4867115 7.05098057 -2.71208429
v -3.4867115 7.05098057 -2.86208439
v 10.2097511 3.54999995 3.53501129
v 10.2097511 3.54999995 -12.1788158
v 10.2097511 0 3.53501129
v 10.2097511 0 -13.9146004
v 10.2097511 3.54999995 -13.9146004
v 10.2097511 0 -17.4339466
v 10.2097511 3.54999995 -17.4339466
v -3.4867115 7.05098057 -2.71208429
v -3.85936737 9.24927139 -2.71208429
v -3.4867115 9.24927139 -2.71208429
v -3.85936737 7.05098057 -2.71208429
v -6.50936508 7.05098057 -2.71208429
v -6.50936508 9.24927139 -2.71208429
v -10.3113708 9.24927139 -2.71208429
v -10.3113708 7.05098057 -2.71208429
v -7.5870266 7.45098114 -14.779398
v -10.1613712 7.45098066 -3.37578964
v -10.161375 7.45098114 -14.779398
v -6.50936508 7.45098114 -3.37579012
v -4.4870491 7.45098114 -14.779398
v -3.85936737 7.45098114 -3.37579012
v -3.48671532 7.45098114 -14.779398
v -3.48671532 7.45098114 -3.37579012
v 10.2097511 0 -17.4339466
v 10.2097511 3.54999995 -17.4339466
v -3.38671303 3.54999995 -17.4339466
v -3.38671303 0 -17.4339466
v 7.53198338 2.90262365 3.53501129
v 7.53198338 0 3.53501129
v 7.53198338 0 3.33501053
v 7.53198338 2.90262365 3.33501053
v -8.9101944 3.54999995 -14.779398
v -10.161375 3.54999995 -14.779398
v -10.15975 3.54999995 -14.5793991
v -8.9101944 3.54999995 -14.5793991
v 10.3097515 3.54999995 -12.1788158
v 10.2097511 3.54999995 -12.1788158
v 10.2097511 3.54999995 3.53501129
v 10.3097515 3.54999995 3.63501167
v -0.835535049 2.46687078 3.53501129
v -1.93553543 2.46687078 3.53501129
v -3.38671303 3.54999995 3.53501129
v -0.469615936 3.54999995 3.53501129
v 3.43198586 3.54999995 3.53501129
v 1.03118515 2.46687078 3.53501129
v 2.53198624 2.46687078 3.53501129
v 1.03118515 2.46687078 3.53501129
v 3.43198586 1.30497706 3.53501129
v 2.53198624 1.30497706 3.53501129
v 4.33198547 2.90262365 3.53501129
v 4.33198547 0 3.53501129
v 3.43198586 0 3.53501129
v 2.53198624 0 3.53501129
v 7.53198338 2.90262365 3.53501129
v -0.469614029 1.30497706 3.53501129
v -0.469614029 0 3.53501129
v 7.98198032 3.54999995 3.53501129
v -0.835535049 2.09197855 3.53501129
v -0.835535049 0 3.53501129
v -0.835535049 2.46687078 3.53501129
v -0.469614029 2.46687078 3.53501129
v -0.469615936 3.54999995 3.53501129
v 1.03118515 2.46687078 3.53501129
v 7.98198032 2.46687078 3.53501129
v 7.98198032 0 3.53501129
v 7.53198338 0 3.53501129
v 9.08197784 2.46687078 3.53501129
v 7.98198032 2.46687078 3.53501129
v 10.2097511 3.54999995 3.53501129
v -1.93553543 2.09197855 3.53501129
v -1.93553543 2.09197855 3.33501148
v -1.93553543 0 3.33501148
v -1.93553543 0 3.53501129
v -1.93553543 2.09197855 3.53501129
v -3.38671303 3.54999995 3.53501129
v -1.93553543 2.46687078 3.53501129
v -3.38671303 0 3.53501129
v -1.93553543 0 3.53501129
v -1.93553543 2.46687078 3.53501129
v -1.93553543 2.46687078 3.33501148
v -1.93553543 2.09197855 3.33501148
v -1.93553543 2.09197855 3.53501129
v -0.835535049 0 3.33501148
v -1.93553543 0 3.33501148
v -1.93553543 2.09197855 3.33501148
v -0.835535049 2.09197855 3.33501148
v -1.93553543 2.46687078 3.33501148
v -0.835535049 2.46687078 3.33501148
v -0.835535049 2.46687078 3.53501129
v -0.835535049 2.46687078 3.33501148
v -1.93553543 2.46687078 3.33501148
v -1.93553543 2.46687078 3.53501129
v -0.835535049 2.09197855 3.53501129
v -0.835535049 2.46687078 3.33501148
v -0.835535049 2.46687078 3.53501129
v -0.835535049 2.09197855 3.33501148
v -0.835535049 0 3.53501129
v -0.835535049 0 3.33501148
v -0.835535049 2.09197855 3.53501129
v -0.469614029 2.46687078 3.53501129
v -0.469614029 2.46687078 3.33501053
v -0.469614029 1.30497706 3.33501053
v -0.469614029 1.30497706 3.53501129
v 2.53198624 1.30497706 3.53501129
v 2.53198624 1.30497706 3.33501053
v 2.53198624 2.46687078 3.33501053
v 2.53198624 2.46687078 3.53501129
v 2.53198624 2.46687078 3.53501129
v 2.53198624 2.46687078 3.33501053
v 1.03118515 2.46687078 3.53501129
v -0.469614029 2.46687078 3.33501053
v -0.469614029 2.46687078 3.53501129
v -0.469614029 1.30497706 3.53501129
v -0.469614029 1.30497706 3.33501053
v 2.53198624 1.30497706 3.33501053
v 2.53198624 1.30497706 3.53501129
v -0.469614029 2.46687078 3.33501053
v 2.53198624 2.46687078 3.33501053
v 2.53198624 1.30497706 3.33501053
v -0.469614029 1.30497706 3.33501053
v 7.53198338 2.90262365 3.53501129
v 7.53198338 2.90262365 3.33501053
v 4.33198547 2.90262365 3.33501053
v 4.33198547 2.90262365 3.53501129
v 7.53198338 2.90262365 3.33501053
v 7.53198338 0 3.33501053
v 4.33198547 0 3.33501053
v 4.33198547 2.90262365 3.33501053
v 9.08197784 0 3.33501053
v 7.98198032 0 3.33501053
v 7.98197746 2.46687078 3.33501148
v 9.08197784 2.46687078 3.33501148
v 4.33198547 0 3.53501129
v 4.33198547 2.90262365 3.53501129
v 4.33198547 2.90262365 3.33501053
v 4.33198547 0 3.33501053
v 9.08197784 2.46687078 3.53501129
v 9.08197784 0 3.53501129
v 9.08197784 0 3.33501053
v 9.08197784 2.46687078 3.33501148
v 10.2097511 3.54999995 -17.4339466
v 10.3097515 3.54999995 -17.533947
v -3.48671532 3.54999995 -17.533947
v -3.38671303 3.54999995 -17.4339466
v 9.08197784 2.46687078 3.53501129
v 9.08197784 2.46687078 3.33501148
v 7.98197746 2.46687078 3.33501148
v 7.98198032 2.46687078 3.53501129
v 7.98198032 0 3.53501129
v 7.98198032 2.46687078 3.53501129
v 7.98197746 2.46687078 3.33501148
v 7.98198032 0 3.33501053
v -3.48671532 9.24927139 -17.533947
v 10.3097515 4.35148478 -17.533947
v 10.3097515 9.24927139 -17.533947
v -3.48671532 3.54999995 -17.533947
v 10.3097515 3.54999995 -17.533947
v 9.90975189 8.84927082 -17.1339455
v 9.90975189 8.84927082 3.23501205
v -3.08671188 8.84927082 3.23501205
v -3.0867157 8.84927082 -17.1339455
v -10.0613708 2.10000014 -3.37578964
v -10.1613731 2.10000014 -3.37578964
v -10.1613731 3.54999995 -3.37578964
v -10.0613708 3.54999995 -3.37578964
v -3.48671532 3.54999995 -14.779398
v -4.4870491 3.54999995 -14.779398
v -4.4870491 3.54999995 -14.5793991
v -3.38671303 3.54999995 -14.5793991
v -3.48671532 3.54999995 -17.533947
v -3.48671532 3.54999995 -14.779398
v -3.38671303 3.54999995 -14.5793991
v -3.38671303 3.54999995 -17.4339466
v -3.38671303 3.54999995 -17.4339466
v -3.38671303 3.54999995 -14.5793991
v -3.38671303 0 -14.5793991
v -3.38671303 0 -17.4339466
v -3.75661278 5.99646616 -2.86208439
v -5.76344872 5.99646616 -2.86208439
v -5.76344872 5.84684801 -1.86208439
v -3.75661278 5.84684801 -1.86208439
v -3.75661278 6.04646587 -2.86208439
v -3.75661278 5.89684772 -1.86208439
v -5.76344872 5.89684772 -1.86208439
v -5.76344872 6.04646587 -2.86208439
v -5.76344872 5.99646616 -2.86208439
v -5.76344872 6.04646587 -2.86208439
v -5.76344872 5.89684772 -1.86208439
v -5.76344872 5.84684801 -1.86208439
v -5.76344872 5.84684801 -1.86208439
v -5.76344872 5.89684772 -1.86208439
v -3.75661278 5.89684772 -1.86208439
v -3.75661278 5.84684801 -1.86208439
v -3.75661278 5.84684801 -1.86208439
v -3.75661278 5.89684772 -1.86208439
v -3.75661278 6.04646587 -2.86208439
v -3.75661278 5.99646616 -2.86208439
v -5.64972687 5.92368031 -2.09159088
v -5.68380165 5.91233349 -2.1237216
v -5.68380165 6.85115194 -2.92886496
v -5.64972687 6.86835814 -2.89945221
v -5.68380165 5.91233349 -2.1237216
v -5.64972687 5.90098763 -2.15585232
v -5.64972687 6.8339467 -2.9582777
v -5.68380165 6.85115194 -2.92886496
v -5.64972687 5.90098763 -2.15585232
v -5.61565208 5.91233349 -2.1237216
v -5.61565208 6.85115194 -2.92886496
v -5.64972687 6.8339467 -2.9582777
v -5.61565208 5.91233349 -2.1237216
v -5.64972687 5.92368031 -2.09159088
v -5.64972687 6.86835814 -2.89945221
v -5.61565208 6.85115194 -2.92886496
v -4.7612915 5.92368031 -2.09159088
v -4.79536629 5.91233349 -2.1237216
v -4.79536629 6.85115194 -2.92886496
v -4.7612915 6.86835814 -2.89945221
v -4.79536629 5.91233349 -2.1237216
v -4.7612915 5.90098763 -2.15585232
v -4.7612915 6.8339467 -2.9582777
v -4.79536629 6.85115194 -2.92886496
v -4.7612915 5.90098763 -2.15585232
v -4.72721672 5.91233349 -2.1237216
v -4.72721672 6.85115194 -2.92886496
v -4.7612915 6.8339467 -2.9582777
v -4.72721672 5.91233349 -2.1237216
v -4.7612915 5.92368031 -2.09159088
v -4.7612915 6.86835814 -2.89945221
v -4.72721672 6.85115194 -2.92886496
v -3.88038635 5.92368031 -2.09159088
v -3.91446114 5.91233349 -2.1237216
v -3.91446114 6.85115194 -2.92886496
v -3.88038635 6.86835814 -2.89945221
v -3.91446114 5.91233349 -2.1237216
v -3.88038635 5.90098763 -2.15585232
v -3.88038635 6.8339467 -2.9582777
v -3.91446114 6.85115194 -2.92886496
v -3.88038635 5.90098763 -2.15585232
v -3.84631157 5.91233349 -2.1237216
v -3.84631157 6.85115194 -2.92886496
v -3.88038635 6.8339467 -2.9582777
v -3.84631157 5.91233349 -2.1237216
v -3.88038635 5.92368031 -2.09159088
v -3.88038635 6.86835814 -2.89945221
v -3.84631157 6.85115194 -2.92886496
v -3.4867115 3.54999995 -2.86208439
v -3.38671303 3.54999995 -2.96208477
v -3.85936737 3.54999995 -2.96208477
v -3.85936737 3.54999995 -2.86208439
v -5.63142204 8.13698387 -2.62151623
v -5.75536537 8.4020443 -2.62151623
v -5.64486313 8.4020443 -2.62151623
v -5.56273079 8.19970322 -2.62151623
v -5.49254608 8.13698387 -2.62151623
v -5.36636353 8.4020443 -2.62151623
v -5.47761345 8.4020443 -2.62151623
v -5.56198502 8.07127953 -2.62151623
v -5.76059341 7.86371231 -2.62151623
v -5.65008926 7.86371231 -2.62151623
v -5.36188316 7.86371231 -2.62151623
v -5.47313309 7.86371231 -2.62151623
v -5.90394783 7.86371231 -2.62151623
v -5.90394783 8.4020443 -2.62151623
v -5.80837822 8.4020443 -2.62151623
v -5.80837822 7.86371231 -2.62151623
v -6.3437233 7.86371231 -2.62151623
v -6.3437233 8.4020443 -2.62151623
v -6.24516487 8.4020443 -2.62151623
v -6.24815178 8.19895554 -2.62151623
v -6.24815178 7.86371231 -2.62151623
v -6.08314323 8.05784035 -2.62151623
v -6.08986282 7.86371231 -2.62151623
v -5.98757362 7.86371231 -2.62151623
v -5.98757362 8.4020443 -2.62151623
v -6.08314323 8.4020443 -2.62151623
v -6.61774063 8.316926 -2.62151623
v -6.41166687 8.4020443 -2.62151623
v -6.41166687 8.316926 -2.62151623
v -6.71331215 8.4020443 -2.62151623
v -6.71331215 7.86371231 -2.62151623
v -6.61774063 8.18626308 -2.62151623
v -6.61774063 8.10114574 -2.62151623
v -6.43406677 8.18626308 -2.62151623
v -6.43406677 8.10114574 -2.62151623
v -6.61774063 7.94882965 -2.62151623
v -6.41166687 7.94882965 -2.62151623
v -6.41166687 7.86371231 -2.62151623
v -6.59534264 8.42817688 -2.62151623
v -6.55875587 8.53046608 -2.62151623
v -6.4684124 8.53046608 -2.62151623
v -6.52441025 8.42817688 -2.62151623
v -6.98733139 8.316926 -2.62151623
v -6.78125572 8.4020443 -2.62151623
v -6.78125572 8.316926 -2.62151623
v -7.082901 8.4020443 -2.62151623
v -7.082901 7.86371231 -2.62151623
v -6.98733139 8.18626308 -2.62151623
v -6.98733139 8.10114574 -2.62151623
v -6.98733139 7.86371231 -2.62151623
v -6.81112289 8.18626308 -2.62151623
v -6.81112289 8.10114574 -2.62151623
v -7.39063644 8.15287781 -2.62151623
v -7.35523987 8.18271637 -2.62151623
v -7.37105179 8.16607666 -2.62151623
v -7.51072884 8.1840229 -2.62151623
v -7.41366577 8.14221096 -2.62151623
v -7.46803284 8.19149017 -2.62151623
v -7.34353638 8.20371246 -2.62151623
v -7.44192696 8.21388912 -2.62151623
v -7.33626938 8.22997665 -2.62151623
v -7.43307877 8.2512207 -2.62151623
v -7.33377457 8.26242065 -2.62151623
v -7.44153976 8.28916168 -2.62151623
v -7.33854866 8.30361366 -2.62151623
v -7.46593094 8.3103447 -2.62151623
v -7.35255051 8.33810806 -2.62151623
v -7.50475502 8.316926 -2.62151623
v -7.57718086 8.316926 -2.62151623
v -7.37530708 8.36555099 -2.62151623
v -7.40633774 8.3855896 -2.62151623
v -7.49131584 8.4020443 -2.62151623
v -7.67275047 8.4020443 -2.62151623
v -7.67275047 7.86371231 -2.62151623
v -7.57718086 8.1840229 -2.62151623
v -7.57718086 8.09890556 -2.62151623
v -7.39061928 8.13104248 -2.62151623
v -7.37041473 8.11607838 -2.62151623
v -7.51072884 8.09890556 -2.62151623
v -7.35365295 8.09713173 -2.62151623
v -7.46673203 8.08994579 -2.62151623
v -7.34093666 8.07401752 -2.62151623
v -7.43899536 8.06406212 -2.62151623
v -7.33286476 8.04654694 -2.62151623
v -7.42934418 8.02274704 -2.62151623
v -7.33003998 8.014534 -2.62151623
v -7.43849754 7.98267794 -2.62151623
v -7.57718086 7.94882965 -2.62151623
v -7.33545494 7.96888208 -2.62151623
v -7.46573639 7.95754051 -2.62151623
v -7.51072884 7.94882965 -2.62151623
v -7.35119629 7.9312973 -2.62151623
v -7.37652016 7.90188456 -2.62151623
v -7.41067886 7.88074684 -2.62151623
v -7.45292664 7.86798811 -2.62151623
v -7.50251579 7.86371231 -2.62151623
v -8.07668686 8.316926 -2.62151623
v -8.07668686 8.4020443 -2.62151623
v -7.73322868 8.4020443 -2.62151623
v -7.73322868 8.316926 -2.62151623
v -7.95274353 8.316926 -2.62151623
v -8.07668686 8.316926 -2.62151623
v -7.73322868 8.316926 -2.62151623
v -7.85717201 8.316926 -2.62151623
v -7.95274353 7.86371231 -2.62151623
v -7.95274353 8.316926 -2.62151623
v -7.85717201 8.316926 -2.62151623
v -7.85717201 7.86371231 -2.62151623
v -8.49331474 8.04216003 -2.62151623
v -8.49331474 8.4020443 -2.62151623
v -8.39774323 8.4020443 -2.62151623
v -8.39774323 8.04514694 -2.62151623
v -8.38966942 7.98834658 -2.62151623
v -8.48833656 7.98614836 -2.62151623
v -8.47340393 7.94050598 -2.62151623
v -8.36301041 7.95560503 -2.62151623
v -8.31411934 7.94509649 -2.62151623
v -8.15649414 7.94050598 -2.62151623
v -8.26613998 7.95510721 -2.62151623
v -8.18084335 7.90515089 -2.62151623
v -8.1419754 7.98614836 -2.62151623
v -8.44851494 7.90515137 -2.62151623
v -8.24039459 7.98735142 -2.62151623
v -8.21514702 7.88000011 -2.62151623
v -8.13716507 8.04216003 -2.62151623
v -8.41367149 7.88000011 -2.62151623
v -8.23273468 8.04514694 -2.62151623
v -8.13716507 8.4020443 -2.62151623
v -8.23273468 8.4020443 -2.62151623
v -8.25953102 7.86497068 -2.62151623
v -8.3688736 7.86497068 -2.62151623
v -8.31411934 7.85997915 -2.62151623
v -8.1419754 7.98614836 -2.62151623
v -8.1419754 7.98614836 -2.71208429
v -8.15649414 7.94050598 -2.71208429
v -8.15649414 7.94050598 -2.62151623
v -8.15649414 7.94050598 -2.62151623
v -8.15649414 7.94050598 -2.71208429
v -8.18084335 7.90515137 -2.71208429
v -8.18084335 7.90515089 -2.62151623
v -8.18084335 7.90515089 -2.62151623
v -8.18084335 7.90515137 -2.71208429
v -8.21514702 7.88000011 -2.71208429
v -8.21514702 7.88000011 -2.62151623
v -8.21514702 7.88000011 -2.62151623
v -8.21514702 7.88000011 -2.71208429
v -8.25953102 7.86497068 -2.71208429
v -8.25953102 7.86497068 -2.62151623
v -8.25953102 7.86497068 -2.62151623
v -8.25953102 7.86497068 -2.71208429
v -8.31411934 7.85997915 -2.71208429
v -8.31411934 7.85997915 -2.62151623
v -8.31411934 7.85997915 -2.62151623
v -8.31411934 7.85997915 -2.71208429
v -8.3688736 7.86497068 -2.71208429
v -8.3688736 7.86497068 -2.62151623
v -8.3688736 7.86497068 -2.62151623
v -8.3688736 7.86497068 -2.71208429
v -8.41367149 7.88000011 -2.71208429
v -8.41367149 7.88000011 -2.62151623
v -8.41367149 7.88000011 -2.62151623
v -8.41367149 7.88000011 -2.71208429
v -8.44851494 7.90515137 -2.71208429
v -8.44851494 7.90515137 -2.62151623
v -8.44851494 7.90515137 -2.62151623
v -8.44851494 7.90515137 -2.71208429
v -8.47340393 7.94050598 -2.71208429
v -8.47340393 7.94050598 -2.62151623
v -8.47340393 7.94050598 -2.62151623
v -8.47340393 7.94050598 -2.71208429
v -8.48833656 7.98614836 -2.71208429
v -8.48833656 7.98614836 -2.62151623
v -8.48833656 7.98614836 -2.62151623
v -8.48833656 7.98614836 -2.71208429
v -8.49331474 8.04216003 -2.71208429
v -8.49331474 8.04216003 -2.62151623
v -8.49331474 8.04216003 -2.62151623
v -8.49331474 8.04216003 -2.71208429
v -8.49331474 8.4020443 -2.71208429
v -8.49331474 8.4020443 -2.62151623
v -8.49331474 8.4020443 -2.62151623
v -8.49331474 8.4020443 -2.71208429
v -8.39774323 8.4020443 -2.71208429
v -8.39774323 8.4020443 -2.62151623
v -8.39774323 8.4020443 -2.62151623
v -8.39774323 8.4020443 -2.71208429
v -8.39774323 8.04514694 -2.71208429
v -8.39774323 8.04514694 -2.62151623
v -8.39774323 8.04514694 -2.62151623
v -8.39774323 8.04514694 -2.71208429
v -8.38966942 7.98834658 -2.71208429
v -8.38966942 7.98834658 -2.62151623
v -8.38966942 7.98834658 -2.62151623
v -8.38966942 7.98834658 -2.71208429
v -8.36301041 7.95560503 -2.71208429
v -8.36301041 7.95560503 -2.62151623
v -8.36301041 7.95560503 -2.62151623
v -8.36301041 7.95560503 -2.71208429
v -8.31411934 7.94509649 -2.71208429
v -8.31411934 7.94509649 -2.62151623
v -8.31411934 7.94509649 -2.62151623
v -8.31411934 7.94509649 -2.71208429
v -8.26613998 7.95510721 -2.71208429
v -8.26613998 7.95510721 -2.62151623
v -8.26613998 7.95510721 -2.62151623
v -8.26613998 7.95510721 -2.71208429
v -8.24039459 7.98735142 -2.71208429
v -8.24039459 7.98735142 -2.62151623
v -8.24039459 7.98735142 -2.62151623
v -8.24039459 7.98735142 -2.71208429
v -8.23273468 8.04514694 -2.71208429
v -8.23273468 8.04514694 -2.62151623
v -8.23273468 8.04514694 -2.62151623
v -8.23273468 8.04514694 -2.71208429
v -8.23273468 8.4020443 -2.71208429
v -8.23273468 8.4020443 -2.62151623
v -8.23273468 8.4020443 -2.62151623
v -8.23273468 8.4020443 -2.71208429
v -8.13716507 8.4020443 -2.71208429
v -8.13716507 8.4020443 -2.62151623
v -8.13716507 8.4020443 -2.62151623
v -8.13716507 8.4020443 -2.71208429
v -8.13716507 8.04216003 -2.71208429
v -8.13716507 8.04216003 -2.62151623
v -8.13716507 8.04216003 -2.62151623
v -8.13716507 8.04216003 -2.71208429
v -8.1419754 7.98614836 -2.71208429
v -8.1419754 7.98614836 -2.62151623
v -7.95274353 8.316926 -2.62151623
v -7.95274353 8.316926 -2.71208429
v -8.07668686 8.316926 -2.71208429
v -8.07668686 8.316926 -2.62151623
v -8.07668686 8.316926 -2.62151623
v -8.07668686 8.316926 -2.71208429
v -8.07668686 8.4020443 -2.71208429
v -8.07668686 8.4020443 -2.62151623
v -8.07668686 8.4020443 -2.62151623
v -8.07668686 8.4020443 -2.71208429
v -7.73322868 8.4020443 -2.71208429
v -7.73322868 8.4020443 -2.62151623
v -7.73322868 8.4020443 -2.62151623
v -7.73322868 8.4020443 -2.71208429
v -7.73322868 8.316926 -2.71208429
v -7.73322868 8.316926 -2.62151623
v -7.73322868 8.316926 -2.62151623
v -7.73322868 8.316926 -2.71208429
v -7.85717201 8.316926 -2.71208429
v -7.85717201 8.316926 -2.62151623
v -7.85717201 8.316926 -2.62151623
v -7.85717201 8.316926 -2.71208429
v -7.85717201 7.86371231 -2.71208429
v -7.85717201 7.86371231 -2.62151623
v -7.85717201 7.86371231 -2.62151623
v -7.85717201 7.86371231 -2.71208429
v -7.95274353 7.86371231 -2.71208429
v -7.95274353 7.86371231 -2.62151623
v -7.95274353 7.86371231 -2.62151623
v -7.95274353 7.86371231 -2.71208429
v -7.95274353 8.316926 -2.71208429
v -7.95274353 8.316926 -2.62151623
v -7.67275047 7.86371231 -2.62151623
v -7.67275047 7.86371231 -2.71208429
v -7.67275047 8.4020443 -2.71208429
v -7.67275047 8.4020443 -2.62151623
v -7.67275047 8.4020443 -2.62151623
v -7.67275047 8.4020443 -2.71208429
v -7.49131584 8.4020443 -2.71208429
v -7.49131584 8.4020443 -2.62151623
v -7.49131584 8.4020443 -2.62151623
v -7.49131584 8.4020443 -2.71208429
v -7.40633774 8.3855896 -2.71208429
v -7.40633774 8.3855896 -2.62151623
v -7.40633774 8.3855896 -2.62151623
v -7.40633774 8.3855896 -2.71208429
v -7.37530708 8.36555099 -2.71208429
v -7.37530708 8.36555099 -2.62151623
v -7.37530708 8.36555099 -2.62151623
v -7.37530708 8.36555099 -2.71208429
v -7.35255051 8.33810806 -2.71208429
v -7.35255051 8.33810806 -2.62151623
v -7.35255051 8.33810806 -2.62151623
v -7.35255051 8.33810806 -2.71208429
v -7.33854866 8.30361366 -2.71208429
v -7.33854866 8.30361366 -2.62151623
v -7.33854866 8.30361366 -2.62151623
v -7.33854866 8.30361366 -2.71208429
v -7.33377457 8.26242065 -2.71208429
v -7.33377457 8.26242065 -2.62151623
v -7.33377457 8.26242065 -2.62151623
v -7.33377457 8.26242065 -2.71208429
v -7.33626938 8.22997665 -2.71208429
v -7.33626938 8.22997665 -2.62151623
v -7.33626938 8.22997665 -2.62151623
v -7.33626938 8.22997665 -2.71208429
v -7.34353638 8.20371246 -2.71208429
v -7.34353638 8.20371246 -2.62151623
v -7.34353638 8.20371246 -2.62151623
v -7.34353638 8.20371246 -2.71208429
v -7.35523987 8.18271637 -2.71208429
v -7.35523987 8.18271637 -2.62151623
v -7.35523987 8.18271637 -2.62151623
v -7.35523987 8.18271637 -2.71208429
v -7.37105179 8.16607666 -2.71208429
v -7.37105179 8.16607666 -2.62151623
v -7.37105179 8.16607666 -2.62151623
v -7.37105179 8.16607666 -2.71208429
v -7.39063644 8.15287781 -2.71208429
v -7.39063644 8.15287781 -2.62151623
v -7.39063644 8.15287781 -2.62151623
v -7.39063644 8.15287781 -2.71208429
v -7.41366577 8.14221096 -2.71208429
v -7.41366577 8.14221096 -2.62151623
v -7.41366577 8.14221096 -2.62151623
v -7.41366577 8.14221096 -2.71208429
v -7.39061928 8.13104248 -2.71208429
v -7.39061928 8.13104248 -2.62151623
v -7.39061928 8.13104248 -2.62151623
v -7.39061928 8.13104248 -2.71208429
v -7.37041473 8.11607838 -2.71208429
v -7.37041473 8.11607838 -2.62151623
v -7.37041473 8.11607838 -2.62151623
v -7.37041473 8.11607838 -2.71208429
v -7.35365295 8.09713173 -2.71208429
v -7.35365295 8.09713173 -2.62151623
v -7.35365295 8.09713173 -2.62151623
v -7.35365295 8.09713173 -2.71208429
v -7.34093666 8.07401752 -2.71208429
v -7.34093666 8.07401752 -2.62151623
v -7.34093666 8.07401752 -2.62151623
v -7.34093666 8.07401752 -2.71208429
v -7.33286476 8.04654694 -2.71208429
v -7.33286476 8.04654694 -2.62151623
v -7.33286476 8.04654694 -2.62151623
v -7.33286476 8.04654694 -2.71208429
v -7.33003998 8.014534 -2.71208429
v -7.33003998 8.014534 -2.62151623
v -7.33003998 8.014534 -2.62151623
v -7.33003998 8.014534 -2.71208429
v -7.33545494 7.96888208 -2.71208429
v -7.33545494 7.96888208 -2.62151623
v -7.33545494 7.96888208 -2.62151623
v -7.33545494 7.96888208 -2.71208429
v -7.35119629 7.93129778 -2.71208429
v -7.35119629 7.9312973 -2.62151623
v -7.35119629 7.9312973 -2.62151623
v -7.35119629 7.93129778 -2.71208429
v -7.37652016 7.90188456 -2.71208429
v -7.37652016 7.90188456 -2.62151623
v -7.37652016 7.90188456 -2.62151623
v -7.37652016 7.90188456 -2.71208429
v -7.41067886 7.88074684 -2.71208429
v -7.41067886 7.88074684 -2.62151623
v -7.41067886 7.88074684 -2.62151623
v -7.41067886 7.88074684 -2.71208429
v -7.45292664 7.86798811 -2.71208429
v -7.45292664 7.86798811 -2.62151623
v -7.45292664 7.86798811 -2.62151623
v -7.45292664 7.86798811 -2.71208429
v -7.50251579 7.86371231 -2.71208429
v -7.50251579 7.86371231 -2.62151623
v -7.50251579 7.86371231 -2.62151623
v -7.50251579 7.86371231 -2.71208429
v -7.67275047 7.86371231 -2.71208429
v -7.67275047 7.86371231 -2.62151623
v -7.57718086 8.316926 -2.62151623
v -7.57718086 8.316926 -2.71208429
v -7.57718086 8.1840229 -2.71208429
v -7.57718086 8.1840229 -2.62151623
v -7.57718086 8.1840229 -2.62151623
v -7.57718086 8.1840229 -2.71208429
v -7.51072884 8.1840229 -2.71208429
v -7.51072884 8.1840229 -2.62151623
v -7.51072884 8.1840229 -2.62151623
v -7.51072884 8.1840229 -2.71208429
v -7.46803284 8.19149017 -2.71208429
v -7.46803284 8.19149017 -2.62151623
v -7.46803284 8.19149017 -2.62151623
v -7.46803284 8.19149017 -2.71208429
v -7.44192696 8.21388912 -2.71208429
v -7.44192696 8.21388912 -2.62151623
v -7.44192696 8.21388912 -2.62151623
v -7.44192696 8.21388912 -2.71208429
v -7.43307877 8.2512207 -2.71208429
v -7.43307877 8.2512207 -2.62151623
v -7.43307877 8.2512207 -2.62151623
v -7.43307877 8.2512207 -2.71208429
v -7.44153976 8.28916168 -2.71208429
v -7.44153976 8.28916168 -2.62151623
v -7.44153976 8.28916168 -2.62151623
v -7.44153976 8.28916168 -2.71208429
v -7.46593094 8.3103447 -2.71208429
v -7.46593094 8.3103447 -2.62151623
v -7.46593094 8.3103447 -2.62151623
v -7.46593094 8.3103447 -2.71208429
v -7.50475502 8.316926 -2.71208429
v -7.50475502 8.316926 -2.62151623
v -7.50475502 8.316926 -2.62151623
v -7.50475502 8.316926 -2.71208429
v -7.57718086 8.316926 -2.71208429
v -7.57718086 8.316926 -2.62151623
v -7.57718086 8.09890556 -2.62151623
v -7.57718086 8.09890556 -2.71208429
v -7.57718086 7.94882965 -2.71208429
v -7.57718086 7.94882965 -2.62151623
v -7.57718086 7.94882965 -2.62151623
v -7.57718086 7.94882965 -2.71208429
v -7.51072884 7.94882965 -2.71208429
v -7.51072884 7.94882965 -2.62151623
v -7.51072884 7.94882965 -2.62151623
v -7.51072884 7.94882965 -2.71208429
v -7.46573639 7.95754051 -2.71208429
v -7.46573639 7.95754051 -2.62151623
v -7.46573639 7.95754051 -2.62151623
v -7.46573639 7.95754051 -2.71208429
v -7.43849754 7.98267794 -2.71208429
v -7.43849754 7.98267794 -2.62151623
v -7.43849754 7.98267794 -2.62151623
v -7.43849754 7.98267794 -2.71208429
v -7.42934418 8.02274704 -2.71208429
v -7.42934418 8.02274704 -2.62151623
v -7.42934418 8.02274704 -2.62151623
v -7.42934418 8.02274704 -2.71208429
v -7.43899536 8.06406212 -2.71208429
v -7.43899536 8.06406212 -2.62151623
v -7.43899536 8.06406212 -2.62151623
v -7.43899536 8.06406212 -2.71208429
v -7.46673203 8.08994579 -2.71208429
v -7.46673203 8.08994579 -2.62151623
v -7.46673203 8.08994579 -2.62151623
v -7.46673203 8.08994579 -2.71208429
v -7.51072884 8.09890556 -2.71208429
v -7.51072884 8.09890556 -2.62151623
v -7.51072884 8.09890556 -2.62151623
v -7.51072884 8.09890556 -2.71208429
v -7.57718086 8.09890556 -2.71208429
v -7.57718086 8.09890556 -2.62151623
v -6.81112289 8.10114574 -2.62151623
v -6.81112289 8.10114574 -2.71208429
v -6.98733139 8.10114574 -2.71208429
v -6.98733139 8.10114574 -2.62151623
v -6.98733139 8.10114574 -2.62151623
v -6.98733139 8.10114574 -2.71208429
v -6.98733139 7.86371231 -2.71208429
v -6.98733139 7.86371231 -2.62151623
v -6.98733139 7.86371231 -2.62151623
v -6.98733139 7.86371231 -2.71208429
v -7.082901 7.86371231 -2.71208429
v -7.082901 7.86371231 -2.62151623
v -7.082901 7.86371231 -2.62151623
v -7.082901 7.86371231 -2.71208429
v -7.082901 8.4020443 -2.71208429
v -7.082901 8.4020443 -2.62151623
v -7.082901 8.4020443 -2.62151623
v -7.082901 8.4020443 -2.71208429
v -6.78125572 8.4020443 -2.71208429
v -6.78125572 8.4020443 -2.62151623
v -6.78125572 8.4020443 -2.62151623
v -6.78125572 8.4020443 -2.71208429
v -6.78125572 8.316926 -2.71208429
v -6.78125572 8.316926 -2.62151623
v -6.78125572 8.316926 -2.62151623
v -6.78125572 8.316926 -2.71208429
v -6.98733139 8.316926 -2.71208429
v -6.98733139 8.316926 -2.62151623
v -6.98733139 8.316926 -2.62151623
v -6.98733139 8.316926 -2.71208429
v -6.98733139 8.18626308 -2.71208429
v -6.98733139 8.18626308 -2.62151623
v -6.98733139 8.18626308 -2.62151623
v -6.98733139 8.18626308 -2.71208429
v -6.81112289 8.18626308 -2.71208429
v -6.81112289 8.18626308 -2.62151623
v -6.81112289 8.18626308 -2.62151623
v -6.81112289 8.18626308 -2.71208429
v -6.81112289 8.10114574 -2.71208429
v -6.81112289 8.10114574 -2.62151623
v -6.55875587 8.53046608 -2.62151623
v -6.55875587 8.53046608 -2.71208429
v -6.4684124 8.53046608 -2.71208429
v -6.4684124 8.53046608 -2.62151623
v -6.4684124 8.53046608 -2.62151623
v -6.4684124 8.53046608 -2.71208429
v -6.52441025 8.42817688 -2.71208429
v -6.52441025 8.42817688 -2.62151623
v -6.52441025 8.42817688 -2.62151623
v -6.52441025 8.42817688 -2.71208429
v -6.59534264 8.42817688 -2.71208429
v -6.59534264 8.42817688 -2.62151623
v -6.59534264 8.42817688 -2.62151623
v -6.59534264 8.42817688 -2.71208429
v -6.55875587 8.53046608 -2.71208429
v -6.55875587 8.53046608 -2.62151623
v -6.41166687 8.316926 -2.62151623
v -6.41166687 8.316926 -2.71208429
v -6.61774063 8.316926 -2.71208429
v -6.61774063 8.316926 -2.62151623
v -6.61774063 8.316926 -2.62151623
v -6.61774063 8.316926 -2.71208429
v -6.61774063 8.18626308 -2.71208429
v -6.61774063 8.18626308 -2.62151623
v -6.61774063 8.18626308 -2.62151623
v -6.61774063 8.18626308 -2.71208429
v -6.43406677 8.18626308 -2.71208429
v -6.43406677 8.18626308 -2.62151623
v -6.43406677 8.18626308 -2.62151623
v -6.43406677 8.18626308 -2.71208429
v -6.43406677 8.10114574 -2.71208429
v -6.43406677 8.10114574 -2.62151623
v -6.43406677 8.10114574 -2.62151623
v -6.43406677 8.10114574 -2.71208429
v -6.61774063 8.10114574 -2.71208429
v -6.61774063 8.10114574 -2.62151623
v -6.61774063 8.10114574 -2.62151623
v -6.61774063 8.10114574 -2.71208429
v -6.61774063 7.94882965 -2.71208429
v -6.61774063 7.94882965 -2.62151623
v -6.61774063 7.94882965 -2.62151623
v -6.61774063 7.94882965 -2.71208429
v -6.41166687 7.94882965 -2.71208429
v -6.41166687 7.94882965 -2.62151623
v -6.41166687 7.94882965 -2.62151623
v -6.41166687 7.94882965 -2.71208429
v -6.41166687 7.86371231 -2.71208429
v -6.41166687 7.86371231 -2.62151623
v -6.41166687 7.86371231 -2.62151623
v -6.41166687 7.86371231 -2.71208429
v -6.71331215 7.86371231 -2.71208429
v -6.71331215 7.86371231 -2.62151623
v -6.71331215 7.86371231 -2.62151623
v -6.71331215 7.86371231 -2.71208429
v -6.71331215 8.4020443 -2.71208429
v -6.71331215 8.4020443 -2.62151623
v -6.71331215 8.4020443 -2.62151623
v -6.71331215 8.4020443 -2.71208429
v -6.41166687 8.4020443 -2.71208429
v -6.41166687 8.4020443 -2.62151623
v -6.41166687 8.4020443 -2.62151623
v -6.41166687 8.4020443 -2.71208429
v -6.41166687 8.316926 -2.71208429
v -6.41166687 8.316926 -2.62151623
v -6.3437233 7.86371231 -2.62151623
v -6.3437233 7.86371231 -2.71208429
v -6.3437233 8.4020443 -2.71208429
v -6.3437233 8.4020443 -2.62151623
v -6.3437233 8.4020443 -2.62151623
v -6.3437233 8.4020443 -2.71208429
v -6.24516487 8.4020443 -2.71208429
v -6.24516487 8.4020443 -2.62151623
v -6.24516487 8.4020443 -2.62151623
v -6.24516487 8.4020443 -2.71208429
v -6.08314323 8.05784035 -2.71208429
v -6.08314323 8.05784035 -2.62151623
v -6.08314323 8.05784035 -2.62151623
v -6.08314323 8.05784035 -2.71208429
v -6.08314323 8.4020443 -2.71208429
v -6.08314323 8.4020443 -2.62151623
v -6.08314323 8.4020443 -2.62151623
v -6.08314323 8.4020443 -2.71208429
v -5.98757362 8.4020443 -2.71208429
v -5.98757362 8.4020443 -2.62151623
v -5.98757362 8.4020443 -2.62151623
v -5.98757362 8.4020443 -2.71208429
v -5.98757362 7.86371231 -2.71208429
v -5.98757362 7.86371231 -2.62151623
v -5.98757362 7.86371231 -2.62151623
v -5.98757362 7.86371231 -2.71208429
v -6.08986282 7.86371231 -2.71208429
v -6.08986282 7.86371231 -2.62151623
v -6.08986282 7.86371231 -2.62151623
v -6.08986282 7.86371231 -2.71208429
v -6.24815178 8.19895554 -2.71208429
v -6.24815178 8.19895554 -2.62151623
v -6.24815178 8.19895554 -2.62151623
v -6.24815178 8.19895554 -2.71208429
v -6.24815178 7.86371231 -2.71208429
v -6.24815178 7.86371231 -2.62151623
v -6.24815178 7.86371231 -2.62151623
v -6.24815178 7.86371231 -2.71208429
v -6.3437233 7.86371231 -2.71208429
v -6.3437233 7.86371231 -2.62151623
v -5.80837822 7.86371231 -2.62151623
v -5.80837822 7.86371231 -2.71208429
v -5.90394783 7.86371231 -2.71208429
v -5.90394783 7.86371231 -2.62151623
v -5.90394783 7.86371231 -2.62151623
v -5.90394783 7.86371231 -2.71208429
v -5.90394783 8.4020443 -2.71208429
v -5.90394783 8.4020443 -2.62151623
v -5.90394783 8.4020443 -2.62151623
v -5.90394783 8.4020443 -2.71208429
v -5.80837822 8.4020443 -2.71208429
v -5.80837822 8.4020443 -2.62151623
v -5.80837822 8.4020443 -2.62151623
v -5.80837822 8.4020443 -2.71208429
v -5.80837822 7.86371231 -2.71208429
v -5.80837822 7.86371231 -2.62151623
v -5.76059341 7.86371231 -2.62151623
v -5.76059341 7.86371231 -2.71208429
v -5.63142204 8.13698387 -2.71208429
v -5.63142204 8.13698387 -2.62151623
v -5.63142204 8.13698387 -2.62151623
v -5.63142204 8.13698387 -2.71208429
v -5.75536537 8.4020443 -2.71208429
v -5.75536537 8.4020443 -2.62151623
v -5.75536537 8.4020443 -2.62151623
v -5.75536537 8.4020443 -2.71208429
v -5.64486313 8.4020443 -2.71208429
v -5.64486313 8.4020443 -2.62151623
v -5.64486313 8.4020443 -2.62151623
v -5.64486313 8.4020443 -2.71208429
v -5.56273079 8.19970322 -2.71208429
v -5.56273079 8.19970322 -2.62151623
v -5.56273079 8.19970322 -2.62151623
v -5.56273079 8.19970322 -2.71208429
v -5.47761345 8.4020443 -2.71208429
v -5.47761345 8.4020443 -2.62151623
v -5.47761345 8.4020443 -2.62151623
v -5.47761345 8.4020443 -2.71208429
v -5.36636353 8.4020443 -2.71208429
v -5.36636353 8.4020443 -2.62151623
v -5.36636353 8.4020443 -2.62151623
v -5.36636353 8.4020443 -2.71208429
v -5.49254608 8.13698387 -2.71208429
v -5.49254608 8.13698387 -2.62151623
v -5.49254608 8.13698387 -2.62151623
v -5.49254608 8.13698387 -2.71208429
v -5.36188316 7.86371231 -2.71208429
v -5.36188316 7.86371231 -2.62151623
v -5.36188316 7.86371231 -2.62151623
v -5.36188316 7.86371231 -2.71208429
v -5.47313309 7.86371231 -2.71208429
v -5.47313309 7.86371231 -2.62151623
v -5.47313309 7.86371231 -2.62151623
v -5.47313309 7.86371231 -2.71208429
v -5.56198502 8.07127953 -2.71208429
v -5.56198502 8.07127953 -2.62151623
v -5.56198502 8.07127953 -2.62151623
v -5.56198502 8.07127953 -2.71208429
v -5.65008926 7.86371231 -2.71208429
v -5.65008926 7.86371231 -2.62151623
v -5.65008926 7.86371231 -2.62151623
v -5.65008926 7.86371231 -2.71208429
v -5.76059341 7.86371231 -2.71208429
v -5.76059341 7.86371231 -2.62151623
v 9.90975189 9.24927139 3.23501205
v -3.08671188 9.24927139 3.23501205
v -3.08671188 8.84927082 3.23501205
v 9.90975189 8.84927082 3.23501205
vt 0.745001197 0.804714203
vt 0.745737672 0.804903567
vt 0.745829225 0.807657838
vt 0.745443702 0.813987911
vt 0.745721579 0.816739738
vt 0.744701982 0.813851893
vt 0.746200919 0.789127409
vt 0.746944547 0.789344728
vt 0.746942282 0.792133391
vt 0.744831383 0.80948168
vt 0.74504602 0.811506271
vt 0.744611859 0.809316397
vt 0.745052814 0.808802903
vt 0.744831383 0.80948168
vt 0.744611859 0.809316397
vt 0.745729923 0.794353008
vt 0.746470153 0.794561267
vt 0.746496379 0.797334909
vt 0.745328486 0.799546421
vt 0.746066272 0.79974544
vt 0.746123731 0.802507877
vt 0.74673748 0.783863485
vt 0.747485876 0.784089446
vt 0.747457385 0.786896229
vt 0.74733597 0.77855438
vt 0.748090088 0.778788626
vt 0.748038054 0.781617582
vt 0.74795568 0.773189485
vt 0.748750687 0.773364961
vt 0.748704851 0.776270628
vt 0.0187816583 0.828626156
vt 0.0219194554 0.731226981
vt 0.0141276978 0.7603513
vt 0.179822981 0.975168169
vt 0.184899867 0.979855537
vt 0.185332775 0.904071391
vt 0.185332775 0.904071391
vt 0.185379773 0.902290761
vt 0.181432456 0.827922583
vt 0.186188728 0.827917993
vt 0.182485402 0.727319598
vt 0.17764473 0.732205868
vt 0.0219194554 0.731226981
vt 0.0168132149 0.725977361
vt 0.0141276978 0.7603513
vt 0.0225163363 0.97582227
vt 0.147628278 0.983260155
vt 0.0174699984 0.980583012
vt 0.0187816583 0.828626156
vt 0.0140039288 0.82867825
vt 0.0141276978 0.7603513
vt 0.179822981 0.975168169
vt 0.147628278 0.983260155
vt 0.184899867 0.979855537
vt 0.314660132 0.746186078
vt 0.315303564 0.755741537
vt 0.31558913 0.768914223
vt 0.645570397 0.926763713
vt 0.646882176 0.916572213
vt 0.646040618 0.917022645
vt 0.177404702 0.972821236
vt 0.181432456 0.827922583
vt 0.175284624 0.734576464
vt 0.17764473 0.732205868
vt 0.175284624 0.734576464
vt 0.181432456 0.827922583
vt 0.179822981 0.975168169
vt 0.181432456 0.827922583
vt 0.177404702 0.972821236
vt 0.7464481 0.819172084
vt 0.74753058 0.84839201
vt 0.69437933 0.85036099
vt 0.693471789 0.821056724
vt 0.7464481 0.819172084
vt 0.747691631 0.81912601
vt 0.748773932 0.848346055
vt 0.74753058 0.84839201
vt 0.744920969 0.812779963
vt 0.745443702 0.813987911
vt 0.744701982 0.813851893
vt 0.693823814 0.81529659
vt 0.693958998 0.81400305
vt 0.745443702 0.813987911
vt 0.746099651 0.813531041
vt 0.746558547 0.816848099
vt 0.745721579 0.816739738
vt 0.745737672 0.804903567
vt 0.746429801 0.804495394
vt 0.746653438 0.807823777
vt 0.745829225 0.807657838
vt 0.746066272 0.79974544
vt 0.746767163 0.79934448
vt 0.746948242 0.802684784
vt 0.746123731 0.802507877
vt 0.746470153 0.794561267
vt 0.747180104 0.794166327
vt 0.747321963 0.797522485
vt 0.746496379 0.797334909
vt 0.746944547 0.789344728
vt 0.747664034 0.788954735
vt 0.747770309 0.792330742
vt 0.746942282 0.792133391
vt 0.747485876 0.784089446
vt 0.748215318 0.783703268
vt 0.748289108 0.787103176
vt 0.747457385 0.786896229
vt 0.748750687 0.773364961
vt 0.748303473 0.772113264
vt 0.74951148 0.772903025
vt 0.74795568 0.773189485
vt 0.696550369 0.770645857
vt 0.69661516 0.769407868
vt 0.748750687 0.773364961
vt 0.74951148 0.772903025
vt 0.74957931 0.77649039
vt 0.748704851 0.776270628
vt 0.696364343 0.774347246
vt 0.696550369 0.770645857
vt 0.74795568 0.773189485
vt 0.747855484 0.776712179
vt 0.744831383 0.80948168
vt 0.745017946 0.809299588
vt 0.745401621 0.8112818
vt 0.74504602 0.811506271
vt 0.748090088 0.778788626
vt 0.748830259 0.77840519
vt 0.748874784 0.781833291
vt 0.748038054 0.781617582
vt 0.744981706 0.817249775
vt 0.693765402 0.819043458
vt 0.693606138 0.819738626
vt 0.745085418 0.817923248
vt 0.696060538 0.779886246
vt 0.696246147 0.776201606
vt 0.74733597 0.77855438
vt 0.747223735 0.782041848
vt 0.744838178 0.81210041
vt 0.694111228 0.81332618
vt 0.693958998 0.81400305
vt 0.744920969 0.812779963
vt 0.745059252 0.808113217
vt 0.694404483 0.807687104
vt 0.694301724 0.808350503
vt 0.745052814 0.808802903
vt 0.74534601 0.802954257
vt 0.694735646 0.802082777
vt 0.694641054 0.802735627
vt 0.745320678 0.803653061
vt 0.696246147 0.776201606
vt 0.696320176 0.774966121
vt 0.747742772 0.777464271
vt 0.74733597 0.77855438
vt 0.748090088 0.778788626
vt 0.695740402 0.785420239
vt 0.695922494 0.781746149
vt 0.74673748 0.783863485
vt 0.74665308 0.787324309
vt 0.695922494 0.781746149
vt 0.696004868 0.780509651
vt 0.747127533 0.782782078
vt 0.74673748 0.783863485
vt 0.747485876 0.784089446
vt 0.695409238 0.790958345
vt 0.695584357 0.787289083
vt 0.746200919 0.789127409
vt 0.746147454 0.792566121
vt 0.745710194 0.797773957
vt 0.695072591 0.796509445
vt 0.694986701 0.797153115
vt 0.745666385 0.798482478
vt 0.695584357 0.787289083
vt 0.695674062 0.786049008
vt 0.746574104 0.788053334
vt 0.746200919 0.789127409
vt 0.746944547 0.789344728
vt 0.746574104 0.788053334
vt 0.74665308 0.787324309
vt 0.695740402 0.785420239
vt 0.695674062 0.786049008
vt 0.695072591 0.796509445
vt 0.695237279 0.792839408
vt 0.745729923 0.794353008
vt 0.745710194 0.797773957
vt 0.695237279 0.792839408
vt 0.695332944 0.79159385
vt 0.746085703 0.793284655
vt 0.745729923 0.794353008
vt 0.746470153 0.794561267
vt 0.694735646 0.802082777
vt 0.694886267 0.798406184
vt 0.745328486 0.799546421
vt 0.74534601 0.802954257
vt 0.694886267 0.798406184
vt 0.694986701 0.797153115
vt 0.745666385 0.798482478
vt 0.745328486 0.799546421
vt 0.746066272 0.79974544
vt 0.694404483 0.807687104
vt 0.694537163 0.80399847
vt 0.745001197 0.804714203
vt 0.745059252 0.808113217
vt 0.747127533 0.782782078
vt 0.747223735 0.782041848
vt 0.696060538 0.779886246
vt 0.696004868 0.780509651
vt 0.694537163 0.80399847
vt 0.694641054 0.802735627
vt 0.745320678 0.803653061
vt 0.745001197 0.804714203
vt 0.745737672 0.804903567
vt 0.694111228 0.81332618
vt 0.694195688 0.809625328
vt 0.744611859 0.809316397
vt 0.744838178 0.81210041
vt 0.461784482 0.77916348
vt 0.461784482 0.731397688
vt 0.460778803 0.731397688
vt 0.460275978 0.731397688
vt 0.460275978 0.734414399
vt 0.459270418 0.734414399
vt 0.458767712 0.734414399
vt 0.458767623 0.737431169
vt 0.457762063 0.737431169
vt 0.457259238 0.737431169
vt 0.457259238 0.740447938
vt 0.456253618 0.740447938
vt 0.455750853 0.740447938
vt 0.455750853 0.743464828
vt 0.454745233 0.743464828
vt 0.454242408 0.743464828
vt 0.454242408 0.746481538
vt 0.453236848 0.746481538
vt 0.452734053 0.746481538
vt 0.452734053 0.749498427
vt 0.451728404 0.749498427
vt 0.451225668 0.749498427
vt 0.451225668 0.752515197
vt 0.450220108 0.752515197
vt 0.449717224 0.752515197
vt 0.449717224 0.755532026
vt 0.448711663 0.755532026
vt 0.448208898 0.77916348
vt 0.448208898 0.755532026
vt 0.747742772 0.777464271
vt 0.747855484 0.776712179
vt 0.696364343 0.774347246
vt 0.696320176 0.774966121
vt 0.694195688 0.809625328
vt 0.694301724 0.808350503
vt 0.745052814 0.808802903
vt 0.744611859 0.809316397
vt 0.693765402 0.819043458
vt 0.693823814 0.81529659
vt 0.744701982 0.813851893
vt 0.744981706 0.817249775
vt 0.693471789 0.821056724
vt 0.693606138 0.819738626
vt 0.745085418 0.817923248
vt 0.7464481 0.819172084
vt 0.695332944 0.79159385
vt 0.746085703 0.793284655
vt 0.746147454 0.792566121
vt 0.695409238 0.790958345
vt 0.487147748 0.746314585
vt 0.487907767 0.755262434
vt 0.508935392 0.75347662
vt 0.50680685 0.745530009
vt 0.532165647 0.74593091
vt 0.536069155 0.75399524
vt 0.48724702 0.744786918
vt 0.50892961 0.737232029
vt 0.487849325 0.735816658
vt 0.506813467 0.745256782
vt 0.532635152 0.745063901
vt 0.536919355 0.736738861
vt 0.50680685 0.745530009
vt 0.506813467 0.745256782
vt 0.48724702 0.744786918
vt 0.487147748 0.746314585
vt 0.536069155 0.75399524
vt 0.536919355 0.753566802
vt 0.532635152 0.745063901
vt 0.532165647 0.74593091
vt 0.532165647 0.74593091
vt 0.532635152 0.745063901
vt 0.506813467 0.745256782
vt 0.50680685 0.745530009
vt 0.626755238 0.846917629
vt 0.597720742 0.849446476
vt 0.598726511 0.850457668
vt 0.627453029 0.848166287
vt 0.559996784 0.847340763
vt 0.595148206 0.863458872
vt 0.595652819 0.849525094
vt 0.487151027 0.859355927
vt 0.559314013 0.845095336
vt 0.524000466 0.842971742
vt 0.52333194 0.840711057
vt 0.48807025 0.838613153
vt 0.597720742 0.849446476
vt 0.599728703 0.86277765
vt 0.598726511 0.850457668
vt 0.596680045 0.848883688
vt 0.595148206 0.863458872
vt 0.595652819 0.849525094
vt 0.683906734 0.836664736
vt 0.655831933 0.840423107
vt 0.65624249 0.841360271
vt 0.684112668 0.838203073
vt 0.655808389 0.843181074
vt 0.684112668 0.838203073
vt 0.65624249 0.841360271
vt 0.685720325 0.854611039
vt 0.627912521 0.846368611
vt 0.627453029 0.848166287
vt 0.598726511 0.850457668
vt 0.599728703 0.86277765
vt 0.655071616 0.841982305
vt 0.627528608 0.845437586
vt 0.627912521 0.846368611
vt 0.655808389 0.843181074
vt 0.655831933 0.840423107
vt 0.655071616 0.841982305
vt 0.655808389 0.843181074
vt 0.65624249 0.841360271
vt 0.627528608 0.845437586
vt 0.626755238 0.846917629
vt 0.627453029 0.848166287
vt 0.627912521 0.846368611
vt 0.559996784 0.847340763
vt 0.595652819 0.849525094
vt 0.596680045 0.848883688
vt 0.560851455 0.845752776
vt 0.48807025 0.838613153
vt 0.52333194 0.840711057
vt 0.523784935 0.839504659
vt 0.488225877 0.836664736
vt 0.524000466 0.842971742
vt 0.559314013 0.845095336
vt 0.559751213 0.84389472
vt 0.524846137 0.841413498
vt 0.52333194 0.840711057
vt 0.524000466 0.842971742
vt 0.524846137 0.841413498
vt 0.523784935 0.839504659
vt 0.559314013 0.845095336
vt 0.559996784 0.847340763
vt 0.560851455 0.845752776
vt 0.559751213 0.84389472
vt 0.487151027 0.784644306
vt 0.487414092 0.79364717
vt 0.520274937 0.79268682
vt 0.520195961 0.789985836
vt 0.520011842 0.783683836
vt 0.553056836 0.789025545
vt 0.55297792 0.786324561
vt 0.519932806 0.780983031
vt 0.552793682 0.780022502
vt 0.585788131 0.785365641
vt 0.552714765 0.777321637
vt 0.585525095 0.776362717
vt 0.680951118 0.784132719
vt 0.649398088 0.791861296
vt 0.680732012 0.792781174
vt 0.649198472 0.78950417
vt 0.649346948 0.783451736
vt 0.617944419 0.78841722
vt 0.617749274 0.786074936
vt 0.649416506 0.780863762
vt 0.617929935 0.780017257
vt 0.586228013 0.78494662
vt 0.618018508 0.777419269
vt 0.586458445 0.776342392
vt 0.617634058 0.788846016
vt 0.648752868 0.790058255
vt 0.649198472 0.78950417
vt 0.617944419 0.78841722
vt 0.585525095 0.776362717
vt 0.585788131 0.785365641
vt 0.586228013 0.78494662
vt 0.586458445 0.776342392
vt 0.648752868 0.790058255
vt 0.649082601 0.792297065
vt 0.649398088 0.791861296
vt 0.649198472 0.78950417
vt 0.585788131 0.785365641
vt 0.617306173 0.786634147
vt 0.617749274 0.786074936
vt 0.586228013 0.78494662
vt 0.649082601 0.792297065
vt 0.680695057 0.793647289
vt 0.680732012 0.792781174
vt 0.649398088 0.791861296
vt 0.617306173 0.786634147
vt 0.617634058 0.788846016
vt 0.617944419 0.78841722
vt 0.617749274 0.786074936
vt 0.553249002 0.817995906
vt 0.585751176 0.816333354
vt 0.584807515 0.815277696
vt 0.552520871 0.816566348
vt 0.620029807 0.81685859
vt 0.588591814 0.794097304
vt 0.587763309 0.815714478
vt 0.685266852 0.79845804
vt 0.620642543 0.818847835
vt 0.652055025 0.820847213
vt 0.652642071 0.82286191
vt 0.684028089 0.824854255
vt 0.585751176 0.816333354
vt 0.583882093 0.79364717
vt 0.584807515 0.815277696
vt 0.586825192 0.816773474
vt 0.588591814 0.794097304
vt 0.587763309 0.815714478
vt 0.488661557 0.826588452
vt 0.52032268 0.823790967
vt 0.519909978 0.822719812
vt 0.488508314 0.824853599
vt 0.520488441 0.820700824
vt 0.488508314 0.824853599
vt 0.519909978 0.822719812
vt 0.487151027 0.798442185
vt 0.551916659 0.818559885
vt 0.552520871 0.816566348
vt 0.584807515 0.815277696
vt 0.583882093 0.79364717
vt 0.521253109 0.822081864
vt 0.552302122 0.81962359
vt 0.551916659 0.818559885
vt 0.520488441 0.820700824
vt 0.52032268 0.823790967
vt 0.521253109 0.822081864
vt 0.520488441 0.820700824
vt 0.519909978 0.822719812
vt 0.552302122 0.81962359
vt 0.553249002 0.817995906
vt 0.552520871 0.816566348
vt 0.551916659 0.818559885
vt 0.620029807 0.81685859
vt 0.587763309 0.815714478
vt 0.586825192 0.816773474
vt 0.61930877 0.818290234
vt 0.684028089 0.824854255
vt 0.652642071 0.82286191
vt 0.652234495 0.823934078
vt 0.683882654 0.826588452
vt 0.652055025 0.820847213
vt 0.620642543 0.818847835
vt 0.620262086 0.819912255
vt 0.651297212 0.822230518
vt 0.652642071 0.82286191
vt 0.652055025 0.820847213
vt 0.651297212 0.822230518
vt 0.652234495 0.823934078
vt 0.620642543 0.818847835
vt 0.620029807 0.81685859
vt 0.61930877 0.818290234
vt 0.620262086 0.819912255
vt 0.487151027 0.767339408
vt 0.487414092 0.776342392
vt 0.520274937 0.775381982
vt 0.520196021 0.772681057
vt 0.520011842 0.766378999
vt 0.553056836 0.771720648
vt 0.55297792 0.769019783
vt 0.519932806 0.763678133
vt 0.552793741 0.762717724
vt 0.585788131 0.768060803
vt 0.552714765 0.760016799
vt 0.585525095 0.759057879
vt 0.680951118 0.766827822
vt 0.649398088 0.774556577
vt 0.680732012 0.775476336
vt 0.649198472 0.772199392
vt 0.649346948 0.766146958
vt 0.617944419 0.771112263
vt 0.617749333 0.768770158
vt 0.649416506 0.763558984
vt 0.617929935 0.762712479
vt 0.586228013 0.767641783
vt 0.618018568 0.760114431
vt 0.586458445 0.759037554
vt 0.617634058 0.771541238
vt 0.648752868 0.772753477
vt 0.649198472 0.772199392
vt 0.617944419 0.771112263
vt 0.585525095 0.759057879
vt 0.585788131 0.768060803
vt 0.586228013 0.767641783
vt 0.586458445 0.759037554
vt 0.648752868 0.772753477
vt 0.649082601 0.774992168
vt 0.649398088 0.774556577
vt 0.649198472 0.772199392
vt 0.585788131 0.768060803
vt 0.617306173 0.769329369
vt 0.617749333 0.768770158
vt 0.586228013 0.767641783
vt 0.649082601 0.774992168
vt 0.680695057 0.776342392
vt 0.680732012 0.775476336
vt 0.649398088 0.774556577
vt 0.617306173 0.769329369
vt 0.617634058 0.771541238
vt 0.617944419 0.771112263
vt 0.617749333 0.768770158
vt 0.422041684 0.796887577
vt 0.436311126 0.774569631
vt 0.422573745 0.774218023
vt 0.435931414 0.797134936
vt 0.421340555 0.803338647
vt 0.435933769 0.803236723
vt 0.436403811 0.818220556
vt 0.406591833 0.819683492
vt 0.405862123 0.804486573
vt 0.369889677 0.804484308
vt 0.37000674 0.819917321
vt 0.358394802 0.820150495
vt 0.368827164 0.798040211
vt 0.25419274 0.745019376
vt 0.253507942 0.745782793
vt 0.259570926 0.746203721
vt 0.259384543 0.744890213
vt 0.335055947 0.746402144
vt 0.335748017 0.745892346
vt 0.313959539 0.745602667
vt 0.314660132 0.746186078
vt 0.0219194554 0.731226981
vt 0.0244012438 0.733800352
vt 0.175284624 0.734576464
vt 0.17764473 0.732205868
vt 0.203846335 0.788815141
vt 0.236151427 0.83456558
vt 0.236151427 0.788815141
vt 0.203846335 0.85565567
vt 0.303021729 0.85565567
vt 0.369892061 0.83456558
vt 0.369892061 0.839256525
vt 0.375916779 0.85565567
vt 0.375916779 0.839256525
vt 0.28365466 0.91316694
vt 0.367048323 0.922298014
vt 0.366874874 0.912119448
vt 0.237464964 0.924019575
vt 0.368085742 0.980937779
vt 0.237517446 0.913850665
vt 0.201631695 0.913678885
vt 0.201437563 0.923855007
vt 0.237454504 0.982354343
vt 0.201249272 0.938872278
vt 0.201096028 0.982225835
vt 0.26020357 0.791337013
vt 0.253174961 0.791081846
vt 0.252586037 0.816571355
vt 0.260281831 0.816749275
vt 0.903527319 0.83973217
vt 0.903527319 0.845756888
vt 0.946357608 0.845757008
vt 0.946357608 0.839732289
vt 0.977436662 0.845757008
vt 0.977436662 0.839732289
vt 0.981807113 0.845757008
vt 0.981806993 0.839732289
vt 0.259570926 0.746203721
vt 0.253507942 0.745782793
vt 0.253545135 0.789288819
vt 0.260211974 0.789473295
vt 0.313959539 0.745602667
vt 0.259266108 0.726370871
vt 0.259384543 0.744890213
vt 0.314261317 0.727716625
vt 0.335748017 0.745892346
vt 0.336096227 0.72826618
vt 0.34141317 0.745749712
vt 0.341758549 0.728378952
vt 0.259384543 0.744890213
vt 0.259266108 0.726370871
vt 0.253912956 0.726476908
vt 0.25419274 0.745019376
vt 0.338794619 0.910839498
vt 0.366874874 0.912119448
vt 0.365564466 0.911057413
vt 0.28365466 0.91316694
vt 0.283519447 0.91183579
vt 0.237517446 0.913850665
vt 0.237612188 0.912625551
vt 0.201631695 0.913678885
vt 0.202977061 0.91250056
vt 0.453292489 0.872045159
vt 0.377095222 0.872045159
vt 0.377095222 0.896673799
vt 0.453292489 0.913679242
vt 0.377095222 0.913679242
vt 0.453292489 0.913679242
vt 0.377095222 0.913679242
vt 0.378267974 0.914852142
vt 0.454465479 0.914852142
vt 0.398223668 0.854974568
vt 0.393699199 0.853159666
vt 0.393701315 0.854979813
vt 0.398223072 0.853155077
vt 0.430271149 0.854918063
vt 0.430261284 0.853122413
vt 0.47285822 0.854592323
vt 0.472534835 0.852893591
vt 0.477855742 0.853731513
vt 0.477970749 0.852544665
vt 0.477970749 0.852544665
vt 0.478174776 0.837222278
vt 0.472545564 0.837147236
vt 0.472534835 0.852893591
vt 0.398223072 0.853155077
vt 0.393679827 0.83618331
vt 0.393699199 0.853159666
vt 0.398245722 0.836200178
vt 0.430261284 0.853122413
vt 0.430317521 0.836429954
vt 0.472534835 0.852893591
vt 0.472545564 0.837147236
vt 0.459824979 0.926991642
vt 0.646040618 0.917022645
vt 0.459796786 0.916932702
vt 0.645570397 0.926763713
vt 0.646327972 0.961144447
vt 0.460040778 0.984124184
vt 0.60976088 0.983481824
vt 0.6672858 0.961099803
vt 0.677191734 0.983326197
vt 0.668973804 0.926673114
vt 0.710520446 0.927231371
vt 0.709214985 0.984123945
vt 0.710681319 0.917870164
vt 0.66870445 0.917624474
vt 0.710681319 0.917870164
vt 0.70960021 0.916652918
vt 0.667976856 0.9169631
vt 0.66870445 0.917624474
vt 0.0225163363 0.97582227
vt 0.0248919688 0.973445058
vt 0.0187816583 0.828626156
vt 0.0244012438 0.733800352
vt 0.0219194554 0.731226981
vt 0.253174961 0.791081846
vt 0.26020357 0.791337013
vt 0.260211974 0.789473295
vt 0.253545135 0.789288819
vt 0.365564466 0.911057413
vt 0.367011935 0.871743977
vt 0.352365583 0.897872865
vt 0.354849577 0.871040881
vt 0.6672858 0.961099803
vt 0.666119576 0.959890723
vt 0.647562861 0.959908664
vt 0.646327972 0.961144447
vt 0.405862123 0.804486573
vt 0.371097744 0.803159118
vt 0.369889677 0.804484308
vt 0.405732453 0.802297115
vt 0.421340555 0.803338647
vt 0.420065612 0.80208087
vt 0.667256832 0.917595744
vt 0.667976856 0.9169631
vt 0.646882176 0.916572213
vt 0.647591949 0.917236209
vt 0.271472424 0.756729007
vt 0.272653878 0.757904351
vt 0.284545034 0.757838011
vt 0.285654008 0.756700158
vt 0.313959539 0.745602667
vt 0.259384543 0.744890213
vt 0.259570926 0.746203721
vt 0.313280404 0.74621743
vt 0.303349853 0.756349444
vt 0.302267551 0.757483959
vt 0.302920222 0.769566596
vt 0.304163724 0.770651281
vt 0.335748017 0.745892346
vt 0.335055947 0.746402144
vt 0.334374845 0.755453467
vt 0.336448431 0.755505025
vt 0.336369157 0.746572912
vt 0.334565163 0.768024921
vt 0.335754395 0.769094348
vt 0.340009034 0.769014537
vt 0.336925566 0.78575325
vt 0.341369659 0.785391152
vt 0.335754395 0.769094348
vt 0.340367168 0.755555332
vt 0.336448431 0.755505025
vt 0.340232134 0.746681511
vt 0.336369157 0.746572912
vt 0.314386368 0.770158172
vt 0.305009186 0.787615001
vt 0.304163724 0.770651281
vt 0.313163698 0.755882263
vt 0.303349853 0.756349444
vt 0.313280404 0.74621743
vt 0.289252728 0.756706119
vt 0.289768666 0.771100223
vt 0.286918312 0.788364649
vt 0.286201537 0.771194637
vt 0.271782905 0.771748424
vt 0.260211974 0.789473295
vt 0.271472424 0.756729007
vt 0.259570926 0.746203721
vt 0.285654008 0.756700158
vt 0.313280404 0.74621743
vt 0.289768666 0.771100223
vt 0.290894598 0.769951046
vt 0.290452331 0.757803917
vt 0.289252728 0.756706119
vt 0.285654008 0.756700158
vt 0.284545034 0.757838011
vt 0.284983754 0.770096004
vt 0.286201537 0.771194637
vt 0.271782905 0.771748424
vt 0.272925347 0.770532608
vt 0.272653878 0.757904351
vt 0.271472424 0.756729007
vt 0.304163724 0.770651281
vt 0.302920222 0.769566596
vt 0.290894598 0.769951046
vt 0.289768666 0.771100223
vt 0.289252728 0.756706119
vt 0.290452331 0.757803917
vt 0.302267551 0.757483959
vt 0.303349853 0.756349444
vt 0.286201537 0.771194637
vt 0.284983754 0.770096004
vt 0.272925347 0.770532608
vt 0.271782905 0.771748424
vt 0.302920222 0.769566596
vt 0.302267551 0.757483959
vt 0.290452331 0.757803917
vt 0.290894598 0.769951046
vt 0.284545034 0.757838011
vt 0.272653878 0.757904351
vt 0.272925347 0.770532608
vt 0.284983754 0.770096004
vt 0.335754395 0.769094348
vt 0.334565163 0.768024921
vt 0.31558913 0.768914223
vt 0.314386368 0.770158172
vt 0.314386368 0.770158172
vt 0.31558913 0.768914223
vt 0.315303564 0.755741537
vt 0.313163698 0.755882263
vt 0.314660132 0.746186078
vt 0.313959539 0.745602667
vt 0.313280404 0.74621743
vt 0.31558913 0.768914223
vt 0.334565163 0.768024921
vt 0.334374845 0.755453467
vt 0.335055947 0.746402144
vt 0.314660132 0.746186078
vt 0.647672653 0.926895261
vt 0.667256832 0.917595744
vt 0.647591949 0.917236209
vt 0.666878462 0.927213907
vt 0.666119576 0.959890723
vt 0.647562861 0.959908664
vt 0.668973804 0.926673114
vt 0.666119576 0.959890723
vt 0.6672858 0.961099803
vt 0.666878462 0.927213907
vt 0.667256832 0.917595744
vt 0.667976856 0.9169631
vt 0.66870445 0.917624474
vt 0.358394802 0.820150495
vt 0.368827164 0.798040211
vt 0.367063761 0.775199473
vt 0.355990767 0.776067555
vt 0.370787501 0.797727168
vt 0.371097744 0.803159118
vt 0.405732453 0.802297115
vt 0.405472934 0.796230018
vt 0.420065612 0.80208087
vt 0.420074314 0.796664655
vt 0.368222684 0.773819983
vt 0.421384811 0.772921145
vt 0.405548096 0.772728324
vt 0.36749801 0.729613602
vt 0.354654372 0.773882389
vt 0.353561401 0.729525626
vt 0.40551427 0.729971111
vt 0.421442658 0.730139196
vt 0.436403811 0.73025769
vt 0.436282694 0.772457778
vt 0.422041684 0.796887577
vt 0.420065612 0.80208087
vt 0.421340555 0.803338647
vt 0.420074314 0.796664655
vt 0.422573745 0.774218023
vt 0.421384811 0.772921145
vt 0.422041684 0.796887577
vt 0.454465479 0.914852142
vt 0.378267974 0.914852142
vt 0.378267974 0.924845695
vt 0.454465479 0.924845695
vt 0.378267974 0.93950057
vt 0.454465479 0.93950057
vt 0.378267974 0.955911338
vt 0.380027145 0.955911338
vt 0.454465479 0.981692672
vt 0.380027145 0.981692672
vt 0.647591949 0.917236209
vt 0.646882176 0.916572213
vt 0.645570397 0.926763713
vt 0.647672653 0.926895261
vt 0.646327972 0.961144447
vt 0.647562861 0.959908664
vt 0.645570397 0.926763713
vt 0.368827164 0.798040211
vt 0.368222684 0.773819983
vt 0.367063761 0.775199473
vt 0.370787501 0.797727168
vt 0.369889677 0.804484308
vt 0.371097744 0.803159118
vt 0.368827164 0.798040211
vt 0.903527319 0.845756888
vt 0.903527319 0.850448072
vt 0.946357608 0.850448072
vt 0.946357608 0.845757008
vt 0.977436662 0.850448072
vt 0.977436662 0.845757008
vt 0.981806993 0.850448072
vt 0.981807113 0.845757008
vt 0.26020357 0.791337013
vt 0.286918312 0.788364649
vt 0.260211974 0.789473295
vt 0.30512923 0.789483547
vt 0.305009186 0.787615001
vt 0.337131888 0.787551522
vt 0.336925566 0.78575325
vt 0.341600716 0.787190616
vt 0.341369659 0.785391152
vt 0.460943252 0.915730357
vt 0.646882176 0.916572213
vt 0.461029112 0.873643398
vt 0.668152809 0.874267459
vt 0.667976856 0.9169631
vt 0.709935844 0.874646664
vt 0.70960021 0.916652918
vt 0.341600716 0.787190616
vt 0.339077234 0.814360559
vt 0.34362489 0.814017475
vt 0.337131888 0.787551522
vt 0.30512923 0.789483547
vt 0.306586295 0.816811681
vt 0.260281831 0.816749275
vt 0.26020357 0.791337013
vt 0.93371886 0.984188735
vt 0.903527319 0.850448072
vt 0.903527319 0.984188735
vt 0.946357608 0.850448072
vt 0.97007525 0.984188735
vt 0.977436662 0.850448072
vt 0.981806993 0.984188735
vt 0.981806993 0.850448072
vt 0.88606596 0.984900534
vt 0.88606596 0.943266451
vt 0.72660768 0.943266451
vt 0.7266078 0.984900534
vt 0.333146006 0.902900636
vt 0.333962321 0.869818509
vt 0.331698149 0.869599164
vt 0.331808358 0.901828885
vt 0.422573745 0.774218023
vt 0.436311126 0.774569631
vt 0.436282694 0.772457778
vt 0.421384811 0.772921145
vt 0.646040618 0.917022645
vt 0.646882176 0.916572213
vt 0.460943252 0.915730357
vt 0.459796786 0.916932702
vt 0.233447552 0.899256527
vt 0.220030218 0.899495125
vt 0.202977061 0.91250056
vt 0.237612188 0.912625551
vt 0.283519447 0.91183579
vt 0.255159557 0.900369406
vt 0.272068024 0.898958564
vt 0.255159557 0.900369406
vt 0.282472432 0.88451457
vt 0.271543592 0.884826839
vt 0.294335395 0.903523684
vt 0.293107867 0.868819594
vt 0.282196879 0.868669748
vt 0.271288961 0.869182944
vt 0.333146006 0.902900636
vt 0.238627315 0.886032403
vt 0.237691432 0.871557295
vt 0.338794619 0.910839498
vt 0.234408885 0.894866586
vt 0.233910412 0.871800721
vt 0.233447552 0.899256527
vt 0.238192886 0.899476171
vt 0.237612188 0.912625551
vt 0.255159557 0.900369406
vt 0.339010477 0.897532523
vt 0.338904887 0.870119095
vt 0.333962321 0.869818509
vt 0.352365583 0.897872865
vt 0.339010477 0.897532523
vt 0.365564466 0.911057413
vt 0.218953878 0.895372331
vt 0.220817983 0.894994974
vt 0.220023662 0.87221837
vt 0.217910618 0.872136891
vt 0.218953878 0.895372331
vt 0.202977061 0.91250056
vt 0.220030218 0.899495125
vt 0.201750785 0.872608125
vt 0.217910618 0.872136891
vt 0.220030218 0.899495125
vt 0.221119285 0.8981902
vt 0.220817983 0.894994974
vt 0.218953878 0.895372331
vt 0.231842339 0.87190932
vt 0.220023662 0.87221837
vt 0.220817983 0.894994974
vt 0.232463956 0.894630134
vt 0.221119285 0.8981902
vt 0.232284218 0.897960305
vt 0.233447552 0.899256527
vt 0.232284218 0.897960305
vt 0.221119285 0.8981902
vt 0.220030218 0.899495125
vt 0.234408885 0.894866586
vt 0.232284218 0.897960305
vt 0.233447552 0.899256527
vt 0.232463956 0.894630134
vt 0.233910412 0.871800721
vt 0.231842339 0.87190932
vt 0.234408885 0.894866586
vt 0.238192886 0.899476171
vt 0.239458174 0.898296714
vt 0.239787012 0.887139976
vt 0.238627315 0.886032403
vt 0.271543592 0.884826839
vt 0.270367712 0.886076748
vt 0.270806223 0.89776808
vt 0.272068024 0.898958564
vt 0.272068024 0.898958564
vt 0.270806223 0.89776808
vt 0.255159557 0.900369406
vt 0.239458174 0.898296714
vt 0.238192886 0.899476171
vt 0.238627315 0.886032403
vt 0.239787012 0.887139976
vt 0.270367712 0.886076748
vt 0.271543592 0.884826839
vt 0.239458174 0.898296714
vt 0.270806223 0.89776808
vt 0.270367712 0.886076748
vt 0.239787012 0.887139976
vt 0.333146006 0.902900636
vt 0.331808358 0.901828885
vt 0.295593441 0.902244151
vt 0.294335395 0.903523684
vt 0.331808358 0.901828885
vt 0.331698149 0.869599164
vt 0.295511097 0.869107902
vt 0.295593441 0.902244151
vt 0.352742612 0.870968997
vt 0.341019213 0.870381117
vt 0.340209484 0.896276593
vt 0.351287663 0.896565199
vt 0.293107867 0.868819594
vt 0.294335395 0.903523684
vt 0.295593441 0.902244151
vt 0.295511097 0.869107902
vt 0.352365583 0.897872865
vt 0.354849577 0.871040881
vt 0.352742612 0.870968997
vt 0.351287663 0.896565199
vt 0.88606596 0.943266451
vt 0.88723886 0.942093611
vt 0.725434959 0.942093611
vt 0.72660768 0.943266451
vt 0.352365583 0.897872865
vt 0.351287663 0.896565199
vt 0.340209484 0.896276593
vt 0.339010477 0.897532523
vt 0.338904887 0.870119095
vt 0.339010477 0.897532523
vt 0.340209484 0.896276593
vt 0.341019213 0.870381117
vt 0.725434959 0.875253141
vt 0.88723886 0.932693899
vt 0.88723886 0.875253141
vt 0.725434959 0.942093611
vt 0.88723886 0.942093611
vt 0.0244012438 0.733800352
vt 0.0248919688 0.973445058
vt 0.177404702 0.972821236
vt 0.175284624 0.734576464
vt 0.253912956 0.726476908
vt 0.252585948 0.726540387
vt 0.253507942 0.745782793
vt 0.25419274 0.745019376
vt 0.355990767 0.776067555
vt 0.367063761 0.775199473
vt 0.368222684 0.773819983
vt 0.354654372 0.773882389
vt 0.203846335 0.788815141
vt 0.236151427 0.788815141
vt 0.238496989 0.7876423
vt 0.205019116 0.7876423
vt 0.205019116 0.7876423
vt 0.238496989 0.7876423
vt 0.238496989 0.746008277
vt 0.205019116 0.746008277
vt 0.468273044 0.800395548
vt 0.44427067 0.800395548
vt 0.444283187 0.812512934
vt 0.468273044 0.812489092
vt 0.468021959 0.824620843
vt 0.46798417 0.812830389
vt 0.444573492 0.812865019
vt 0.444582462 0.824679852
vt 0.44399035 0.824580967
vt 0.444582462 0.824679852
vt 0.444573492 0.812865019
vt 0.444283187 0.812512934
vt 0.444283187 0.812512934
vt 0.444573492 0.812865019
vt 0.46798417 0.812830389
vt 0.468273044 0.812489092
vt 0.468273044 0.812489092
vt 0.46798417 0.812830389
vt 0.468021959 0.824620843
vt 0.468612224 0.824520111
vt 0.44343102 0.796247721
vt 0.443574786 0.796794236
vt 0.458079636 0.796808481
vt 0.458008826 0.796247721
vt 0.443574786 0.796794236
vt 0.443718553 0.79734093
vt 0.458150625 0.797369242
vt 0.458079636 0.796808481
vt 0.443718702 0.795154631
vt 0.443574786 0.795701146
vt 0.458079636 0.795687079
vt 0.458150625 0.795126319
vt 0.443574786 0.795701146
vt 0.44343102 0.796247721
vt 0.458008826 0.796247721
vt 0.458079636 0.795687079
vt 0.44343102 0.792724073
vt 0.443574786 0.793270648
vt 0.458079636 0.793284714
vt 0.458008826 0.792724073
vt 0.443574786 0.793270648
vt 0.443718553 0.793817163
vt 0.458150625 0.793845475
vt 0.458079636 0.793284714
vt 0.443718702 0.791630864
vt 0.443574786 0.792177558
vt 0.458079636 0.792163312
vt 0.458150625 0.791602671
vt 0.443574786 0.792177558
vt 0.44343102 0.792724073
vt 0.458008826 0.792724073
vt 0.458079636 0.792163312
vt 0.44343102 0.789267898
vt 0.443574786 0.789814413
vt 0.458079636 0.789828658
vt 0.458008826 0.789267898
vt 0.443574786 0.789814413
vt 0.443718553 0.790360987
vt 0.458150625 0.790389299
vt 0.458079636 0.789828658
vt 0.443718702 0.788174689
vt 0.443574786 0.788721204
vt 0.458079636 0.788707137
vt 0.458150625 0.788146496
vt 0.443574786 0.788721204
vt 0.44343102 0.789267898
vt 0.458008826 0.789267898
vt 0.458079636 0.788707137
vt 0.340232134 0.746681511
vt 0.34141317 0.745749712
vt 0.335748017 0.745892346
vt 0.336369157 0.746572912
vt 0.627757668 0.832585156
vt 0.624540329 0.839465559
vt 0.627408862 0.839465559
vt 0.629540741 0.834213197
vt 0.631362677 0.832585156
vt 0.634638131 0.839465559
vt 0.631750345 0.839465559
vt 0.629560173 0.830879629
vt 0.624404728 0.825491548
vt 0.627273083 0.825491548
vt 0.63475436 0.825491548
vt 0.631866634 0.825491548
vt 0.620683491 0.825491548
vt 0.620683491 0.839465559
vt 0.623164356 0.839465559
vt 0.623164356 0.825491548
vt 0.609267712 0.825491548
vt 0.609267712 0.839465559
vt 0.611826062 0.839465559
vt 0.611748457 0.834193766
vt 0.611748457 0.825491548
vt 0.616031885 0.830530703
vt 0.615857422 0.825491548
vt 0.618512869 0.825491548
vt 0.618512869 0.839465559
vt 0.616031885 0.839465559
vt 0.602154791 0.837256074
vt 0.607504129 0.839465559
vt 0.607504129 0.837256074
vt 0.599673986 0.839465559
vt 0.599673986 0.825491548
vt 0.602154791 0.833864331
vt 0.602154791 0.831654847
vt 0.606922686 0.833864331
vt 0.606922686 0.831654847
vt 0.602154791 0.827701032
vt 0.607504129 0.827701032
vt 0.607504129 0.825491548
vt 0.602736294 0.840143919
vt 0.603685915 0.842799127
vt 0.60603106 0.842799127
vt 0.604577422 0.840143919
vt 0.592560828 0.837256074
vt 0.597910106 0.839465559
vt 0.597910106 0.837256074
vt 0.590080023 0.839465559
vt 0.590080023 0.825491548
vt 0.592560828 0.833864331
vt 0.592560828 0.831654847
vt 0.592560828 0.825491548
vt 0.597134829 0.833864331
vt 0.597134829 0.831654847
vt 0.582091928 0.83299768
vt 0.583010733 0.833772242
vt 0.582600176 0.833340228
vt 0.578974485 0.833806217
vt 0.581494153 0.832720816
vt 0.580082715 0.834000051
vt 0.583314359 0.834317207
vt 0.580760419 0.834581435
vt 0.583503187 0.834999025
vt 0.580990136 0.835550547
vt 0.583567917 0.835841238
vt 0.580770493 0.836535394
vt 0.583443999 0.836910486
vt 0.580137312 0.837085247
vt 0.583080411 0.837805927
vt 0.579129457 0.837256074
vt 0.577249527 0.837256074
vt 0.582489848 0.838518322
vt 0.581684232 0.839038372
vt 0.579478323 0.839465559
vt 0.574768662 0.839465559
vt 0.574768662 0.825491548
vt 0.577249527 0.833806217
vt 0.577249527 0.831596673
vt 0.582092285 0.832430899
vt 0.582616687 0.832042515
vt 0.578974485 0.831596673
vt 0.58305186 0.831550658
vt 0.580116451 0.831364095
vt 0.58338201 0.830950677
vt 0.580836475 0.830692232
vt 0.583591461 0.830237508
vt 0.581086993 0.829619765
vt 0.583664834 0.829406619
vt 0.580849409 0.828579664
vt 0.577249527 0.827701032
vt 0.583524287 0.82822144
vt 0.580142379 0.827927053
vt 0.578974485 0.827701032
vt 0.583115578 0.827245772
vt 0.582458377 0.826482296
vt 0.581571519 0.825933754
vt 0.580474854 0.825602472
vt 0.579187572 0.825491548
vt 0.564283252 0.837256074
vt 0.564283252 0.839465559
vt 0.573198736 0.839465559
vt 0.573198736 0.837256074
vt 0.567500591 0.837256074
vt 0.564283252 0.837256074
vt 0.573198736 0.837256074
vt 0.569981396 0.837256074
vt 0.567500591 0.825491548
vt 0.567500591 0.837256074
vt 0.569981396 0.837256074
vt 0.569981396 0.825491548
vt 0.553468406 0.830123723
vt 0.553468406 0.839465559
vt 0.555949211 0.839465559
vt 0.555949211 0.830201149
vt 0.5561589 0.828726828
vt 0.55359751 0.828669727
vt 0.553985178 0.827484965
vt 0.556850851 0.827876806
vt 0.558119953 0.827603996
vt 0.562211633 0.827484965
vt 0.559365392 0.827863932
vt 0.561579525 0.826567173
vt 0.562588453 0.828669727
vt 0.554631352 0.826567173
vt 0.560033679 0.8287009
vt 0.560689032 0.825914323
vt 0.562713385 0.830123723
vt 0.555535674 0.825914323
vt 0.56023252 0.830201149
vt 0.562713385 0.839465559
vt 0.56023252 0.839465559
vt 0.559536934 0.825524092
vt 0.55669862 0.825524092
vt 0.558119953 0.82539469
vt 0.562588453 0.828669727
vt 0.562588453 0.828669727
vt 0.562211633 0.827484965
vt 0.562211633 0.827484965
vt 0.562211633 0.827484965
vt 0.562211633 0.827484965
vt 0.561579525 0.826567173
vt 0.561579525 0.826567173
vt 0.561579525 0.826567173
vt 0.561579525 0.826567173
vt 0.560689032 0.825914323
vt 0.560689032 0.825914323
vt 0.560689032 0.825914323
vt 0.560689032 0.825914323
vt 0.559536934 0.825524092
vt 0.559536934 0.825524092
vt 0.559536934 0.825524092
vt 0.559536934 0.825524092
vt 0.558119953 0.82539469
vt 0.558119953 0.82539469
vt 0.558119953 0.82539469
vt 0.558119953 0.82539469
vt 0.55669862 0.825524092
vt 0.55669862 0.825524092
vt 0.55669862 0.825524092
vt 0.55669862 0.825524092
vt 0.555535674 0.825914323
vt 0.555535674 0.825914323
vt 0.555535674 0.825914323
vt 0.555535674 0.825914323
vt 0.554631352 0.826567173
vt 0.554631352 0.826567173
vt 0.554631352 0.826567173
vt 0.554631352 0.826567173
vt 0.553985178 0.827484965
vt 0.553985178 0.827484965
vt 0.553985178 0.827484965
vt 0.553985178 0.827484965
vt 0.55359751 0.828669727
vt 0.55359751 0.828669727
vt 0.55359751 0.828669727
vt 0.55359751 0.828669727
vt 0.553468406 0.830123723
vt 0.553468406 0.830123723
vt 0.553468406 0.830123723
vt 0.553468406 0.830123723
vt 0.553468406 0.839465559
vt 0.553468406 0.839465559
vt 0.553468406 0.839465559
vt 0.553468406 0.839465559
vt 0.555949211 0.839465559
vt 0.555949211 0.839465559
vt 0.555949211 0.839465559
vt 0.555949211 0.839465559
vt 0.555949211 0.830201149
vt 0.555949211 0.830201149
vt 0.555949211 0.830201149
vt 0.555949211 0.830201149
vt 0.5561589 0.828726828
vt 0.5561589 0.828726828
vt 0.5561589 0.828726828
vt 0.5561589 0.828726828
vt 0.556850851 0.827876806
vt 0.556850851 0.827876806
vt 0.556850851 0.827876806
vt 0.556850851 0.827876806
vt 0.558119953 0.827603996
vt 0.558119953 0.827603996
vt 0.558119953 0.827603996
vt 0.558119953 0.827603996
vt 0.559365392 0.827863932
vt 0.559365392 0.827863932
vt 0.559365392 0.827863932
vt 0.559365392 0.827863932
vt 0.560033679 0.8287009
vt 0.560033679 0.8287009
vt 0.560033679 0.8287009
vt 0.560033679 0.8287009
vt 0.56023252 0.830201149
vt 0.56023252 0.830201149
vt 0.56023252 0.830201149
vt 0.56023252 0.830201149
vt 0.56023252 0.839465559
vt 0.56023252 0.839465559
vt 0.56023252 0.839465559
vt 0.56023252 0.839465559
vt 0.562713385 0.839465559
vt 0.562713385 0.839465559
vt 0.562713385 0.839465559
vt 0.562713385 0.839465559
vt 0.562713385 0.830123723
vt 0.562713385 0.830123723
vt 0.562713385 0.830123723
vt 0.562713385 0.830123723
vt 0.562588453 0.828669727
vt 0.562588453 0.828669727
vt 0.567500591 0.837256074
vt 0.567500591 0.837256074
vt 0.564283252 0.837256074
vt 0.564283252 0.837256074
vt 0.564283252 0.837256074
vt 0.564283252 0.837256074
vt 0.564283252 0.839465559
vt 0.564283252 0.839465559
vt 0.564283252 0.839465559
vt 0.564283252 0.839465559
vt 0.573198736 0.839465559
vt 0.573198736 0.839465559
vt 0.573198736 0.839465559
vt 0.573198736 0.839465559
vt 0.573198736 0.837256074
vt 0.573198736 0.837256074
vt 0.573198736 0.837256074
vt 0.573198736 0.837256074
vt 0.569981396 0.837256074
vt 0.569981396 0.837256074
vt 0.569981396 0.837256074
vt 0.569981396 0.837256074
vt 0.569981396 0.825491548
vt 0.569981396 0.825491548
vt 0.569981396 0.825491548
vt 0.569981396 0.825491548
vt 0.567500591 0.825491548
vt 0.567500591 0.825491548
vt 0.567500591 0.825491548
vt 0.567500591 0.825491548
vt 0.567500591 0.837256074
vt 0.567500591 0.837256074
vt 0.574768662 0.825491548
vt 0.574768662 0.825491548
vt 0.574768662 0.839465559
vt 0.574768662 0.839465559
vt 0.574768662 0.839465559
vt 0.574768662 0.839465559
vt 0.579478323 0.839465559
vt 0.579478323 0.839465559
vt 0.579478323 0.839465559
vt 0.579478323 0.839465559
vt 0.581684232 0.839038372
vt 0.581684232 0.839038372
vt 0.581684232 0.839038372
vt 0.581684232 0.839038372
vt 0.582489848 0.838518322
vt 0.582489848 0.838518322
vt 0.582489848 0.838518322
vt 0.582489848 0.838518322
vt 0.583080411 0.837805927
vt 0.583080411 0.837805927
vt 0.583080411 0.837805927
vt 0.583080411 0.837805927
vt 0.583443999 0.836910486
vt 0.583443999 0.836910486
vt 0.583443999 0.836910486
vt 0.583443999 0.836910486
vt 0.583567917 0.835841238
vt 0.583567917 0.835841238
vt 0.583567917 0.835841238
vt 0.583567917 0.835841238
vt 0.583503187 0.834999025
vt 0.583503187 0.834999025
vt 0.583503187 0.834999025
vt 0.583503187 0.834999025
vt 0.583314359 0.834317207
vt 0.583314359 0.834317207
vt 0.583314359 0.834317207
vt 0.583314359 0.834317207
vt 0.583010733 0.833772242
vt 0.583010733 0.833772242
vt 0.583010733 0.833772242
vt 0.583010733 0.833772242
vt 0.582600176 0.833340228
vt 0.582600176 0.833340228
vt 0.582600176 0.833340228
vt 0.582600176 0.833340228
vt 0.582091928 0.83299768
vt 0.582091928 0.83299768
vt 0.582091928 0.83299768
vt 0.582091928 0.83299768
vt 0.581494153 0.832720816
vt 0.581494153 0.832720816
vt 0.581494153 0.832720816
vt 0.581494153 0.832720816
vt 0.582092285 0.832430899
vt 0.582092285 0.832430899
vt 0.582092285 0.832430899
vt 0.582092285 0.832430899
vt 0.582616687 0.832042515
vt 0.582616687 0.832042515
vt 0.582616687 0.832042515
vt 0.582616687 0.832042515
vt 0.58305186 0.831550658
vt 0.58305186 0.831550658
vt 0.58305186 0.831550658
vt 0.58305186 0.831550658
vt 0.58338201 0.830950677
vt 0.58338201 0.830950677
vt 0.58338201 0.830950677
vt 0.58338201 0.830950677
vt 0.583591461 0.830237508
vt 0.583591461 0.830237508
vt 0.583591461 0.830237508
vt 0.583591461 0.830237508
vt 0.583664834 0.829406619
vt 0.583664834 0.829406619
vt 0.583664834 0.829406619
vt 0.583664834 0.829406619
vt 0.583524287 0.82822144
vt 0.583524287 0.82822144
vt 0.583524287 0.82822144
vt 0.583524287 0.82822144
vt 0.583115578 0.827245772
vt 0.583115578 0.827245772
vt 0.583115578 0.827245772
vt 0.583115578 0.827245772
vt 0.582458377 0.826482296
vt 0.582458377 0.826482296
vt 0.582458377 0.826482296
vt 0.582458377 0.826482296
vt 0.581571519 0.825933754
vt 0.581571519 0.825933754
vt 0.581571519 0.825933754
vt 0.581571519 0.825933754
vt 0.580474854 0.825602472
vt 0.580474854 0.825602472
vt 0.580474854 0.825602472
vt 0.580474854 0.825602472
vt 0.579187572 0.825491548
vt 0.579187572 0.825491548
vt 0.579187572 0.825491548
vt 0.579187572 0.825491548
vt 0.574768662 0.825491548
vt 0.574768662 0.825491548
vt 0.577249527 0.837256074
vt 0.577249527 0.837256074
vt 0.577249527 0.833806217
vt 0.577249527 0.833806217
vt 0.577249527 0.833806217
vt 0.577249527 0.833806217
vt 0.578974485 0.833806217
vt 0.578974485 0.833806217
vt 0.578974485 0.833806217
vt 0.578974485 0.833806217
vt 0.580082715 0.834000051
vt 0.580082715 0.834000051
vt 0.580082715 0.834000051
vt 0.580082715 0.834000051
vt 0.580760419 0.834581435
vt 0.580760419 0.834581435
vt 0.580760419 0.834581435
vt 0.580760419 0.834581435
vt 0.580990136 0.835550547
vt 0.580990136 0.835550547
vt 0.580990136 0.835550547
vt 0.580990136 0.835550547
vt 0.580770493 0.836535394
vt 0.580770493 0.836535394
vt 0.580770493 0.836535394
vt 0.580770493 0.836535394
vt 0.580137312 0.837085247
vt 0.580137312 0.837085247
vt 0.580137312 0.837085247
vt 0.580137312 0.837085247
vt 0.579129457 0.837256074
vt 0.579129457 0.837256074
vt 0.579129457 0.837256074
vt 0.579129457 0.837256074
vt 0.577249527 0.837256074
vt 0.577249527 0.837256074
vt 0.577249527 0.831596673
vt 0.577249527 0.831596673
vt 0.577249527 0.827701032
vt 0.577249527 0.827701032
vt 0.577249527 0.827701032
vt 0.577249527 0.827701032
vt 0.578974485 0.827701032
vt 0.578974485 0.827701032
vt 0.578974485 0.827701032
vt 0.578974485 0.827701032
vt 0.580142379 0.827927053
vt 0.580142379 0.827927053
vt 0.580142379 0.827927053
vt 0.580142379 0.827927053
vt 0.580849409 0.828579664
vt 0.580849409 0.828579664
vt 0.580849409 0.828579664
vt 0.580849409 0.828579664
vt 0.581086993 0.829619765
vt 0.581086993 0.829619765
vt 0.581086993 0.829619765
vt 0.581086993 0.829619765
vt 0.580836475 0.830692232
vt 0.580836475 0.830692232
vt 0.580836475 0.830692232
vt 0.580836475 0.830692232
vt 0.580116451 0.831364095
vt 0.580116451 0.831364095
vt 0.580116451 0.831364095
vt 0.580116451 0.831364095
vt 0.578974485 0.831596673
vt 0.578974485 0.831596673
vt 0.578974485 0.831596673
vt 0.578974485 0.831596673
vt 0.577249527 0.831596673
vt 0.577249527 0.831596673
vt 0.597134829 0.831654847
vt 0.597134829 0.831654847
vt 0.592560828 0.831654847
vt 0.592560828 0.831654847
vt 0.592560828 0.831654847
vt 0.592560828 0.831654847
vt 0.592560828 0.825491548
vt 0.592560828 0.825491548
vt 0.592560828 0.825491548
vt 0.592560828 0.825491548
vt 0.590080023 0.825491548
vt 0.590080023 0.825491548
vt 0.590080023 0.825491548
vt 0.590080023 0.825491548
vt 0.590080023 0.839465559
vt 0.590080023 0.839465559
vt 0.590080023 0.839465559
vt 0.590080023 0.839465559
vt 0.597910106 0.839465559
vt 0.597910106 0.839465559
vt 0.597910106 0.839465559
vt 0.597910106 0.839465559
vt 0.597910106 0.837256074
vt 0.597910106 0.837256074
vt 0.597910106 0.837256074
vt 0.597910106 0.837256074
vt 0.592560828 0.837256074
vt 0.592560828 0.837256074
vt 0.592560828 0.837256074
vt 0.592560828 0.837256074
vt 0.592560828 0.833864331
vt 0.592560828 0.833864331
vt 0.592560828 0.833864331
vt 0.592560828 0.833864331
vt 0.597134829 0.833864331
vt 0.597134829 0.833864331
vt 0.597134829 0.833864331
vt 0.597134829 0.833864331
vt 0.597134829 0.831654847
vt 0.597134829 0.831654847
vt 0.603685915 0.842799127
vt 0.603685915 0.842799127
vt 0.60603106 0.842799127
vt 0.60603106 0.842799127
vt 0.60603106 0.842799127
vt 0.60603106 0.842799127
vt 0.604577422 0.840143919
vt 0.604577422 0.840143919
vt 0.604577422 0.840143919
vt 0.604577422 0.840143919
vt 0.602736294 0.840143919
vt 0.602736294 0.840143919
vt 0.602736294 0.840143919
vt 0.602736294 0.840143919
vt 0.603685915 0.842799127
vt 0.603685915 0.842799127
vt 0.607504129 0.837256074
vt 0.607504129 0.837256074
vt 0.602154791 0.837256074
vt 0.602154791 0.837256074
vt 0.602154791 0.837256074
vt 0.602154791 0.837256074
vt 0.602154791 0.833864331
vt 0.602154791 0.833864331
vt 0.602154791 0.833864331
vt 0.602154791 0.833864331
vt 0.606922686 0.833864331
vt 0.606922686 0.833864331
vt 0.606922686 0.833864331
vt 0.606922686 0.833864331
vt 0.606922686 0.831654847
vt 0.606922686 0.831654847
vt 0.606922686 0.831654847
vt 0.606922686 0.831654847
vt 0.602154791 0.831654847
vt 0.602154791 0.831654847
vt 0.602154791 0.831654847
vt 0.602154791 0.831654847
vt 0.602154791 0.827701032
vt 0.602154791 0.827701032
vt 0.602154791 0.827701032
vt 0.602154791 0.827701032
vt 0.607504129 0.827701032
vt 0.607504129 0.827701032
vt 0.607504129 0.827701032
vt 0.607504129 0.827701032
vt 0.607504129 0.825491548
vt 0.607504129 0.825491548
vt 0.607504129 0.825491548
vt 0.607504129 0.825491548
vt 0.599673986 0.825491548
vt 0.599673986 0.825491548
vt 0.599673986 0.825491548
vt 0.599673986 0.825491548
vt 0.599673986 0.839465559
vt 0.599673986 0.839465559
vt 0.599673986 0.839465559
vt 0.599673986 0.839465559
vt 0.607504129 0.839465559
vt 0.607504129 0.839465559
vt 0.607504129 0.839465559
vt 0.607504129 0.839465559
vt 0.607504129 0.837256074
vt 0.607504129 0.837256074
vt 0.609267712 0.825491548
vt 0.609267712 0.825491548
vt 0.609267712 0.839465559
vt 0.609267712 0.839465559
vt 0.609267712 0.839465559
vt 0.609267712 0.839465559
vt 0.611826062 0.839465559
vt 0.611826062 0.839465559
vt 0.611826062 0.839465559
vt 0.611826062 0.839465559
vt 0.616031885 0.830530703
vt 0.616031885 0.830530703
vt 0.616031885 0.830530703
vt 0.616031885 0.830530703
vt 0.616031885 0.839465559
vt 0.616031885 0.839465559
vt 0.616031885 0.839465559
vt 0.616031885 0.839465559
vt 0.618512869 0.839465559
vt 0.618512869 0.839465559
vt 0.618512869 0.839465559
vt 0.618512869 0.839465559
vt 0.618512869 0.825491548
vt 0.618512869 0.825491548
vt 0.618512869 0.825491548
vt 0.618512869 0.825491548
vt 0.615857422 0.825491548
vt 0.615857422 0.825491548
vt 0.615857422 0.825491548
vt 0.615857422 0.825491548
vt 0.611748457 0.834193766
vt 0.611748457 0.834193766
vt 0.611748457 0.834193766
vt 0.611748457 0.834193766
vt 0.611748457 0.825491548
vt 0.611748457 0.825491548
vt 0.611748457 0.825491548
vt 0.611748457 0.825491548
vt 0.609267712 0.825491548
vt 0.609267712 0.825491548
vt 0.623164356 0.825491548
vt 0.623164356 0.825491548
vt 0.620683491 0.825491548
vt 0.620683491 0.825491548
vt 0.620683491 0.825491548
vt 0.620683491 0.825491548
vt 0.620683491 0.839465559
vt 0.620683491 0.839465559
vt 0.620683491 0.839465559
vt 0.620683491 0.839465559
vt 0.623164356 0.839465559
vt 0.623164356 0.839465559
vt 0.623164356 0.839465559
vt 0.623164356 0.839465559
vt 0.623164356 0.825491548
vt 0.623164356 0.825491548
vt 0.624404728 0.825491548
vt 0.624404728 0.825491548
vt 0.627757668 0.832585156
vt 0.627757668 0.832585156
vt 0.627757668 0.832585156
vt 0.627757668 0.832585156
vt 0.624540329 0.839465559
vt 0.624540329 0.839465559
vt 0.624540329 0.839465559
vt 0.624540329 0.839465559
vt 0.627408862 0.839465559
vt 0.627408862 0.839465559
vt 0.627408862 0.839465559
vt 0.627408862 0.839465559
vt 0.629540741 0.834213197
vt 0.629540741 0.834213197
vt 0.629540741 0.834213197
vt 0.629540741 0.834213197
vt 0.631750345 0.839465559
vt 0.631750345 0.839465559
vt 0.631750345 0.839465559
vt 0.631750345 0.839465559
vt 0.634638131 0.839465559
vt 0.634638131 0.839465559
vt 0.634638131 0.839465559
vt 0.634638131 0.839465559
vt 0.631362677 0.832585156
vt 0.631362677 0.832585156
vt 0.631362677 0.832585156
vt 0.631362677 0.832585156
vt 0.63475436 0.825491548
vt 0.63475436 0.825491548
vt 0.63475436 0.825491548
vt 0.63475436 0.825491548
vt 0.631866634 0.825491548
vt 0.631866634 0.825491548
vt 0.631866634 0.825491548
vt 0.631866634 0.825491548
vt 0.629560173 0.830879629
vt 0.629560173 0.830879629
vt 0.629560173 0.830879629
vt 0.629560173 0.830879629
vt 0.627273083 0.825491548
vt 0.627273083 0.825491548
vt 0.627273083 0.825491548
vt 0.627273083 0.825491548
vt 0.624404728 0.825491548
vt 0.624404728 0.825491548
vt 0.0225163363 0.97582227
vt 0.179822981 0.975168169
vt 0.177404702 0.972821236
vt 0.0248919688 0.973445058
vn -0 1 0
vn -0 1 0
vn -0 1 0
vn -0 1 0
vn -0 1 0
vn -0 1 0
vn -0 1 0
vn -0 1 0
vn -0 1 0
vn -0 1 0
vn -0 1 0
vn -0 1 0
vn -0 0 1
vn -0 0 1
vn -0 0 1
vn -0 1 0
vn -0 1 0
vn -0 1 0
vn -0 1 0
vn -0 1 0
vn -0 1 0
vn -0 1 0
vn -0 1 0
vn -0 1 0
vn -0 1 0
vn -0 1 0
vn -0 1 0
vn -0 1 0
vn -0 1 0
vn -0 1 0
vn -0 1 0
vn -0 1 0
vn -0 1 0
vn -0 1 0
vn -0 1 0
vn -0 1 0
vn -0 1 0
vn -0 1 0
vn -0 1 0
vn -0 1 0
vn -0 1 0
vn -0 1 0
vn -0 1 0
vn -0 1 0
vn -0 1 0
vn -0 1 0
vn -0 1 0
vn -0 1 0
vn -0 1 0
vn -0 1 0
vn -0 1 0
vn -0 1 0
vn -0 1 0
vn -0 1 0
vn -0 0 1
vn -0 0 1
vn -0 0 1
vn -0 0 -1
vn -0 0 -1
vn -0 0 -1
vn 1 0 0
vn 1 0 0
vn 1 0 0
vn 1 0 0
vn 1 0 0
vn 1 0 0
vn 1 0 0
vn 1 0 0
vn 1 0 0
vn -0 1 0
vn -0 1 0
vn -0 1 0
vn -0 1 0
vn -1 0 0
vn -1 0 0
vn -1 0 0
vn -1 0 0
vn -0 0 1
vn -0 0 1
vn -0 0 1
vn -0 0 1
vn -0 0 1
vn -1 0 0
vn -1 0 0
vn -1 0 0
vn -1 0 0
vn -1 2.86102531E-05 1.5894524E-05
vn -1 2.86102531E-05 1.5894524E-05
vn -1 2.86102531E-05 1.5894524E-05
vn -1 2.86102531E-05 1.5894524E-05
vn -1 1.90734409E-05 1.85856807E-05
vn -1 1.90734409E-05 1.85856807E-05
vn -1 1.90734409E-05 1.85856807E-05
vn -1 1.90734409E-05 1.85856807E-05
vn -1 0 0
vn -1 0 0
vn -1 0 0
vn -1 0 0
vn -1 0 0
vn -1 0 0
vn -1 0 0
vn -1 0 0
vn -1 0 0
vn -1 0 0
vn -1 0 0
vn -1 0 0
vn -0 0 1
vn -0 0 1
vn -0 0 1
vn -0 0 1
vn -0 0 1
vn -0 0 1
vn -1 0 0
vn -1 0 0
vn -1 0 0
vn -1 0 0
vn -0 1 0
vn -0 1 0
vn -0 1 0
vn -0 1 0
vn -1 0 1.19208926E-05
vn -1 0 1.19208926E-05
vn -1 0 1.19208926E-05
vn -1 0 1.19208926E-05
vn -1 0 0
vn -1 0 0
vn -1 0 0
vn -1 0 0
vn -0 0 -1
vn -0 0 -1
vn -0 0 -1
vn -0 0 -1
vn -0 1 0
vn -0 1 0
vn -0 1 0
vn -0 1 0
vn -0 0 -1
vn -0 0 -1
vn -0 0 -1
vn -0 0 -1
vn -0 0 -1
vn -0 0 -1
vn -0 0 -1
vn -0 0 -1
vn -0 0 -1
vn -0 0 -1
vn -0 0 -1
vn -0 0 -1
vn -0 0 1
vn -0 0 1
vn -0 0 1
vn -0 0 1
vn -0 0 1
vn -0 1 0
vn -0 1 0
vn -0 1 0
vn -0 1 0
vn -0 0 1
vn -0 0 1
vn -0 0 1
vn -0 0 1
vn -0 0 1
vn -0 1 0
vn -0 1 0
vn -0 1 0
vn -0 1 0
vn -0 0 -1
vn -0 0 -1
vn -0 0 -1
vn -0 0 -1
vn -0 0 1
vn -0 0 1
vn -0 0 1
vn -0 0 1
vn -0 0 1
vn -0 1.78478913E-05 -1
vn -0 1.78478913E-05 -1
vn -0 1.78478913E-05 -1
vn -0 1.78478913E-05 -1
vn -0 1 0
vn -0 1 0
vn -0 1 0
vn -0 1 0
vn -0 0 1
vn -0 0 1
vn -0 0 1
vn -0 0 1
vn -0 0 1
vn -0 1 0
vn -0 1 0
vn -0 1 0
vn -0 1 0
vn -0 0 1
vn -0 0 1
vn -0 0 1
vn -0 0 1
vn -0 0 1
vn -0 1 0
vn -0 1 0
vn -0 1 0
vn -0 1 0
vn -0 0 -1
vn -0 0 -1
vn -0 0 -1
vn -0 0 -1
vn -0 0 1
vn -0 0 1
vn -0 0 1
vn -0 0 1
vn -0 0 1
vn -0 1 0
vn -0 1 0
vn -0 1 0
vn -0 1 0
vn 1 0 0
vn 1 0 0
vn 1 0 0
vn 1 0 0
vn 1 0 0
vn 1 0 0
vn 1 0 0
vn 1 -1.90734499E-05 0
vn 1 -1.90734499E-05 0
vn 1 2.64522805E-05 0
vn 1 2.64522805E-05 0
vn 1 0 0
vn 1 0 0
vn 1 0 0
vn 1 0 0
vn 1 0 0
vn 1 0 0
vn 1 0 0
vn 1 0 0
vn 1 0 0
vn 1 0 0
vn 1 0 0
vn 1 0 0
vn 1 0 0
vn 1 0 0
vn 1 0 0
vn 1 0 0
vn 1 0 0
vn 1 0 0
vn -0 0 -1
vn -0 0 -1
vn -0 0 -1
vn -0 0 -1
vn -0 0 1
vn -0 0 1
vn -0 0 1
vn -0 0 1
vn -0 1 0
vn -0 1 0
vn -0 1 0
vn -0 1 0
vn -0 0 1
vn -0 0 1
vn -0 0 1
vn -0 0 1
vn -0 0 -1
vn -0 0 -1
vn -0 0 -1
vn -0 0 -1
vn 1 0 0
vn 1 0 0
vn 1 0 0
vn 1 0 0
vn 1 0 0
vn 1 0 0
vn -1 0 0
vn -1 0 0
vn -1 0 0
vn -1 0 0
vn -1 0 0
vn -1 0 0
vn -0 1 0
vn -0 1 0
vn -0 1 0
vn -0 1 0
vn -0 0 1
vn -0 0 1
vn -0 0 1
vn -0 0 1
vn -0 0.894427657 0.447212756
vn -0 0.894427657 0.447212756
vn -0 0.894427657 0.447212756
vn -0 0.894427657 0.447212756
vn -0 -1 0
vn -0 -1 0
vn -0 -1 0
vn -0 -1 0
vn 1 0 0
vn 1 0 0
vn 1 0 0
vn 1 0 0
vn 1 0 0
vn 1 0 0
vn 1 0 0
vn 1 0 0
vn -0 0 -1
vn -0 0 -1
vn -0 0 -1
vn -0 0 -1
vn -0 0 -1
vn -0 0 -1
vn -0 -1 0
vn -0 -1 0
vn -0 -1 0
vn -0 -1 0
vn -1 0 0
vn -1 0 0
vn -1 0 0
vn -1 0 0
vn -1 0 0
vn -1 0 0
vn -1 0 0
vn -1 0 0
vn -0 -1 0
vn -0 -1 0
vn -0 -1 0
vn -0 -1 0
vn -0 0 -1
vn -0 0 -1
vn -0 0 -1
vn -0 0 -1
vn -0 0 -1
vn -0 0 -1
vn -0 0 -1
vn -0 0 -1
vn -0 -1 0
vn -0 -1 0
vn -0 -1 0
vn -0 -1 0
vn -0 -1 0
vn -0 -1 0
vn -0 -1 0
vn -0 -1 0
vn -0 -1 0
vn -0 -1 0
vn -0 -1 0
vn -0 -1 0
vn -0 0 -1
vn -0 0 -1
vn -0 0 -1
vn -0 0 -1
vn -0 0 -1
vn -0 0 -1
vn -0 0 -1
vn -0 0 -1
vn -1 0 0
vn -1 0 0
vn -1 0 0
vn -1 0 0
vn -1 0 0
vn -1 0 0
vn -1 0 0
vn -1 0 0
vn -1 0 0
vn -1 0 0
vn -1 0 0
vn -1 0 0
vn 1 0 0
vn 1 0 0
vn 1 0 0
vn 1 0 0
vn 1 0 0
vn 1 0 0
vn 1 0 0
vn 1 0 0
vn 1 0 0
vn 1 0 0
vn 1 0 0
vn 1 0 0
vn -0 1 0
vn -0 1 0
vn -0 1 0
vn -0 1 0
vn -0 0 1
vn -0 0 1
vn -0 0 1
vn -0 0 1
vn -0 0 1
vn -0 0 1
vn -0 0 1
vn -0 0 1
vn -0 1 0
vn -0 1 0
vn -0 1 0
vn -0 1 0
vn -0 1 0
vn -0 1 0
vn -0 1 0
vn -0 1 0
vn -0 0 1
vn -0 0 1
vn -0 0 1
vn -0 0 1
vn -0 -1 0
vn -0 -1 0
vn -0 -1 0
vn -0 -1 0
vn 1 0 0
vn 1 0 0
vn 1 0 0
vn 1 0 0
vn 1 0 0
vn 1 0 0
vn 1 0 0
vn 1 0 0
vn -0 0 -1
vn -0 0 -1
vn -0 0 -1
vn -0 0 -1
vn -0 0 -1
vn -0 0 -1
vn -0 -1 0
vn -0 -1 0
vn -0 -1 0
vn -0 -1 0
vn -1 0 0
vn -1 0 0
vn -1 0 0
vn -1 0 0
vn -1 0 0
vn -1 0 0
vn -1 0 0
vn -1 0 0
vn -0 -1 0
vn -0 -1 0
vn -0 -1 0
vn -0 -1 0
vn -0 0 -1
vn -0 0 -1
vn -0 0 -1
vn -0 0 -1
vn -0 0 -1
vn -0 0 -1
vn -0 0 -1
vn -0 0 -1
vn -0 -1 0
vn -0 -1 0
vn -0 -1 0
vn -0 -1 0
vn -0 -1 0
vn -0 -1 0
vn -0 -1 0
vn -0 -1 0
vn -0 -1 0
vn -0 -1 0
vn -0 -1 0
vn -0 -1 0
vn -0 0 -1
vn -0 0 -1
vn -0 0 -1
vn -0 0 -1
vn -0 0 -1
vn -0 0 -1
vn -0 0 -1
vn -0 0 -1
vn -1 0 0
vn -1 0 0
vn -1 0 0
vn -1 0 0
vn -1 0 0
vn -1 0 0
vn -1 0 0
vn -1 0 0
vn -1 0 0
vn -1 0 0
vn -1 0 0
vn -1 0 0
vn 1 0 0
vn 1 0 0
vn 1 0 0
vn 1 0 0
vn 1 0 0
vn 1 0 0
vn 1 0 0
vn 1 0 0
vn 1 0 0
vn 1 0 0
vn 1 0 0
vn 1 0 0
vn -0 1 0
vn -0 1 0
vn -0 1 0
vn -0 1 0
vn -0 0 1
vn -0 0 1
vn -0 0 1
vn -0 0 1
vn -0 0 1
vn -0 0 1
vn -0 0 1
vn -0 0 1
vn -0 1 0
vn -0 1 0
vn -0 1 0
vn -0 1 0
vn -0 1 0
vn -0 1 0
vn -0 1 0
vn -0 1 0
vn -0 0 1
vn -0 0 1
vn -0 0 1
vn -0 0 1
vn -0 0 -1
vn -0 0 -1
vn -0 0 -1
vn -0 0 -1
vn -0 0 -1
vn -0 0 -1
vn -0 0 -1
vn -0 0 -1
vn -0 0 -1
vn -0 0 -1
vn -0 0 -1
vn -0 0 -1
vn -0 0 -1
vn -0 -1 0
vn -0 -1 0
vn -0 -1 0
vn -0 -1 0
vn -0 1 0
vn -0 1 0
vn -0 1 0
vn -0 1 0
vn -0 0 1
vn -0 0 1
vn -0 0 1
vn -0 0 1
vn -1 0 0
vn -1 0 0
vn -1 0 0
vn -1 0 0
vn -1 0 0
vn -1 0 0
vn -1 0 0
vn -1 0 0
vn -1 0 0
vn -0 0 1
vn -0 0 1
vn -0 0 1
vn -0 0 1
vn -0 0 1
vn -0 0 1
vn -0 0 1
vn -0 0 1
vn -0 0 1
vn -0 0 1
vn -0 0 1
vn -1 0 0
vn -1 0 0
vn -1 0 0
vn -1 0 0
vn -0 1 0
vn -0 1 0
vn -0 1 0
vn -0 1 0
vn -0 1 0
vn -0 1 0
vn -0 1 0
vn -0 1 0
vn -1 0 0
vn -1 0 0
vn -1 0 0
vn -1 0 0
vn -0 0 1
vn -0 0 1
vn -0 0 1
vn -0 0 1
vn -0 0 1
vn -0 0 1
vn -0 0 1
vn -0 0 1
vn -1 0 0
vn -1 0 0
vn -1 0 0
vn -1 0 0
vn -0 -1 0
vn -0 -1 0
vn -0 -1 0
vn -0 -1 0
vn -0 -1 0
vn -0 -1 0
vn -0 -1 0
vn -0 -1 0
vn -0 -1 0
vn -1 0 0
vn -1 0 0
vn -1 0 0
vn -1 0 0
vn -1 0 0
vn -0 -1 0
vn -0 -1 0
vn -0 -1 0
vn -0 -1 0
vn -0 1 0
vn -0 1 0
vn -0 1 0
vn -0 1 0
vn -0 1 0
vn -0 1 0
vn -0 1 0
vn -0 1 0
vn -0 1 0
vn -0 1 0
vn 1 0 0
vn 1 0 0
vn 1 0 0
vn 1 0 0
vn -0 0 -1
vn -0 0 -1
vn -0 0 -1
vn -0 0 -1
vn -0 0 -1
vn -0 0 -1
vn -0 0 -1
vn -0 0 -1
vn 1 0 0
vn 1 0 0
vn 1 0 0
vn 1 0 0
vn 1 0 0
vn 1 0 0
vn 1 0 0
vn 1 0 0
vn 1 0 0
vn 1 0 0
vn 1 0 0
vn 1 0 0
vn 1 0 0
vn 1 0 0
vn -0 -1 0
vn -0 -1 0
vn -0 -1 0
vn -0 -1 0
vn -1 0 0
vn -1 0 0
vn -1 0 0
vn -1 0 0
vn -1 0 0
vn -0 -1 0
vn -0 -1 0
vn -0 -1 0
vn -0 -1 0
vn -0 0 1
vn -0 0 1
vn -0 0 1
vn -0 0 1
vn -0 -1 0
vn -0 -1 0
vn -0 -1 0
vn -0 -1 0
vn -0 -1 0
vn -0 -1 0
vn -0 -1 0
vn -0 -1 0
vn -0 -1 0
vn -0 -1 0
vn -0 1 0
vn -0 1 0
vn -0 1 0
vn -0 1 0
vn -0 1 0
vn -0 1 0
vn -0 1 0
vn -0 1 0
vn -0 -1 0
vn -0 -1 0
vn -0 -1 0
vn -0 -1 0
vn -1 0 0
vn -1 0 0
vn -1 0 0
vn -1 0 0
vn -1 0 0
vn -1 0 0
vn -1 0 0
vn -1 0 0
vn -1 0 0
vn -1 0 0
vn -1 0 0
vn -0 0 1
vn -0 0 1
vn -0 0 1
vn -0 0 1
vn -0 0 1
vn -0 0 1
vn -0 0 1
vn -0 0 1
vn -0 0 1
vn -0 0 1
vn -0 0 1
vn -0 0 1
vn -0 0 1
vn -0 0 1
vn -0 0 1
vn -0 0 1
vn -0 0 1
vn -0 0 1
vn -0 0 1
vn -0 0 1
vn -0 0 1
vn -0 0 1
vn -0 0 1
vn -0 0 1
vn 1 0 0
vn 1 0 0
vn 1 0 0
vn 1 0 0
vn -1 0 0
vn -1 0 0
vn -1 0 0
vn -1 0 0
vn 1 0 0
vn 1 0 0
vn 1 0 0
vn 1 0 0
vn -0 -1 0
vn -0 -1 0
vn -0 -1 0
vn -0 -1 0
vn -0 1 0
vn -0 1 0
vn -0 1 0
vn -0 1 0
vn -0 -1 0
vn -0 -1 0
vn -0 -1 0
vn -0 -1 0
vn -0 0 1
vn -0 0 1
vn -0 0 1
vn -0 0 1
vn -0 0 1
vn -0 0 1
vn -0 0 1
vn -0 0 1
vn -0 -1 0
vn -0 -1 0
vn -0 -1 0
vn -0 -1 0
vn 1 0 0
vn 1 0 0
vn 1 0 0
vn 1 0 0
vn 1 0 0
vn 1 0 0
vn 1 0 0
vn -0 0 1
vn -0 0 1
vn -0 0 1
vn -0 0 1
vn -0 0 1
vn 1 0 0
vn 1 0 0
vn 1 0 0
vn 1 0 0
vn 1 0 0
vn 1 0 0
vn -0 0 1
vn -0 0 1
vn -0 0 1
vn -0 0 1
vn -0 0 1
vn -0 0 1
vn -0 0 1
vn -0 0 -1
vn -0 0 -1
vn -0 0 -1
vn -0 0 -1
vn -0 0 -1
vn -0 0 -1
vn -0 0 -1
vn -0 0 -1
vn -0 0 -1
vn -0 0 -1
vn -0 0 -1
vn -0 0 -1
vn -0 0 -1
vn -0 0 -1
vn -0 0 -1
vn -0 0 -1
vn -0 0 -1
vn -0 0 -1
vn -0 0 -1
vn -0 0 -1
vn 1 0 0
vn 1 0 0
vn 1 0 0
vn 1 0 0
vn 1 0 0
vn 1 0 0
vn 1 0 0
vn -1 0 0
vn -1 0 0
vn -1 0 0
vn -1 0 0
vn -1 0 0
vn -1 0 0
vn -1 0 0
vn -1 0 0
vn -1 0 0
vn -1 0 0
vn -0 0 -1
vn -0 0 -1
vn -0 0 -1
vn -0 0 -1
vn -0 0 -1
vn -0 0 -1
vn -0 0 -1
vn -1 0 0
vn -1 0 0
vn -1 0 0
vn -1 0 0
vn -1 0 0
vn -1 0 0
vn -1 0 0
vn -0 0 -1
vn -0 0 -1
vn -0 0 -1
vn -0 0 -1
vn -0 0 -1
vn -0 0 -1
vn -0 0 -1
vn -0 0 -1
vn -0 -1 0
vn -0 -1 0
vn -0 -1 0
vn -0 -1 0
vn -0 -1 0
vn -0 -1 0
vn -0 -1 0
vn -0 -1 0
vn -0 -1 0
vn 1 0 0
vn 1 0 0
vn 1 0 0
vn 1 0 0
vn 1 0 0
vn 1 0 0
vn 1 0 0
vn -0 0 1
vn -0 0 1
vn -0 0 1
vn -0 0 1
vn -0 0 1
vn -0 0 1
vn -0 0 1
vn -0 0 1
vn -0 1 0
vn -0 1 0
vn -0 1 0
vn -0 1 0
vn -0 1 0
vn -0 1 0
vn -0 1 0
vn -0 1 0
vn -0 0 -1
vn -0 0 -1
vn -0 0 -1
vn -0 0 -1
vn -1 0 0
vn -1 0 0
vn -1 0 0
vn -1 0 0
vn -0 -1 0
vn -0 -1 0
vn -0 -1 0
vn -0 -1 0
vn -0 -1 0
vn -0 -1 0
vn -0 -1 0
vn -0 -1 0
vn -0 0 1
vn -0 0 1
vn -0 0 1
vn -0 0 1
vn -0 0 1
vn -0 0 1
vn -0 0 1
vn -0 0 1
vn -0 0 1
vn -0 0 1
vn -0 0 1
vn -0 0 1
vn -0 0 1
vn -0 0 1
vn -0 0 1
vn -0 0 1
vn -0 0 1
vn -0 0 1
vn -0 0 1
vn -0 0 1
vn -0 0 1
vn -0 0 1
vn -0 0 1
vn -0 0 1
vn -0 0 1
vn -0 0 1
vn -0 0 1
vn -0 0 1
vn -0 0 1
vn -0 0 1
vn 1 0 0
vn 1 0 0
vn 1 0 0
vn 1 0 0
vn -0 0 1
vn -0 0 1
vn -0 0 1
vn -0 0 1
vn -0 0 1
vn 1 0 0
vn 1 0 0
vn 1 0 0
vn 1 0 0
vn -0 0 1
vn -0 0 1
vn -0 0 1
vn -0 0 1
vn -0 0 1
vn -0 0 1
vn -0 -1 0
vn -0 -1 0
vn -0 -1 0
vn -0 -1 0
vn -1 0 0
vn -1 0 0
vn -1 0 0
vn -1 0 0
vn -1 0 0
vn -1 0 0
vn -1 0 0
vn 1 0 0
vn 1 0 0
vn 1 0 0
vn 1 0 0
vn -1 0 0
vn -1 0 0
vn -1 0 0
vn -1 0 0
vn -0 -1 0
vn -0 -1 0
vn -0 -1 0
vn -0 -1 0
vn -0 -1 0
vn -0 1 0
vn -0 1 0
vn -0 1 0
vn -0 1 0
vn -0 0 1
vn -0 0 1
vn -0 0 1
vn -0 0 1
vn -0 -1 0
vn -0 -1 0
vn -0 -1 0
vn -0 -1 0
vn -0 0 1
vn -0 0 1
vn -0 0 1
vn -0 0 1
vn -0 0 1
vn -0 0 1
vn -0 0 1
vn -0 0 1
vn 1 0 0
vn 1 0 0
vn 1 0 0
vn 1 0 0
vn -1 0 0
vn -1 0 0
vn -1 0 0
vn -1 0 0
vn -0 -1 0
vn -0 -1 0
vn -0 -1 0
vn -0 -1 0
vn -0 -1 0
vn -0 -1 0
vn -0 -1 0
vn -0 -1 0
vn 1 0 0
vn 1 0 0
vn 1 0 0
vn 1 0 0
vn -0 0 -1
vn -0 0 -1
vn -0 0 -1
vn -0 0 -1
vn -0 0 -1
vn -0 1 0
vn -0 1 0
vn -0 1 0
vn -0 1 0
vn -0 0 1
vn -0 0 1
vn -0 0 1
vn -0 0 1
vn -0 -1 0
vn -0 -1 0
vn -0 -1 0
vn -0 -1 0
vn -0 -1 0
vn -0 -1 0
vn -0 -1 0
vn -0 -1 0
vn -1 0 0
vn -1 0 0
vn -1 0 0
vn -1 0 0
vn -0 -0.988991737 -0.147971123
vn -0 -0.988991737 -0.147971123
vn -0 -0.988991737 -0.147971123
vn -0 -0.988991737 -0.147971123
vn -0 0.988991737 0.147971123
vn -0 0.988991737 0.147971123
vn -0 0.988991737 0.147971123
vn -0 0.988991737 0.147971123
vn -1 0 0
vn -1 0 0
vn -1 0 0
vn -1 0 0
vn -0 0 1
vn -0 0 1
vn -0 0 1
vn -0 0 1
vn 1 0 0
vn 1 0 0
vn 1 0 0
vn 1 0 0
vn -0.691945791 0.46959731 0.548351645
vn -0.691945791 0.46959731 0.548351645
vn -0.691945791 0.46959731 0.548351645
vn -0.691945791 0.46959731 0.548351645
vn -0.69179523 -0.470472515 -0.547791004
vn -0.69179523 -0.470472515 -0.547791004
vn -0.69179523 -0.470472515 -0.547791004
vn -0.69179523 -0.470472515 -0.547791004
vn 0.691796362 -0.470467716 -0.547793627
vn 0.691796362 -0.470467716 -0.547793627
vn 0.691796362 -0.470467716 -0.547793627
vn 0.691796362 -0.470467716 -0.547793627
vn 0.691951931 0.469601482 0.548340201
vn 0.691951931 0.469601482 0.548340201
vn 0.691951931 0.469601482 0.548340201
vn 0.691951931 0.469601482 0.548340201
vn -0.691948831 0.469599366 0.548345864
vn -0.691948831 0.469599366 0.548345864
vn -0.691948831 0.469599366 0.548345864
vn -0.691948831 0.469599366 0.548345864
vn -0.691792071 -0.470470369 -0.547796726
vn -0.691792071 -0.470470369 -0.547796726
vn -0.691792071 -0.470470369 -0.547796726
vn -0.691792071 -0.470470369 -0.547796726
vn 0.691799521 -0.470469832 -0.547787905
vn 0.691799521 -0.470469832 -0.547787905
vn 0.691799521 -0.470469832 -0.547787905
vn 0.691799521 -0.470469832 -0.547787905
vn 0.691948831 0.469599366 0.548345864
vn 0.691948831 0.469599366 0.548345864
vn 0.691948831 0.469599366 0.548345864
vn 0.691948831 0.469599366 0.548345864
vn -0.691948831 0.469599366 0.548345864
vn -0.691948831 0.469599366 0.548345864
vn -0.691948831 0.469599366 0.548345864
vn -0.691948831 0.469599366 0.548345864
vn -0.69179368 -0.470471442 -0.547793925
vn -0.69179368 -0.470471442 -0.547793925
vn -0.69179368 -0.470471442 -0.547793925
vn -0.69179368 -0.470471442 -0.547793925
vn 0.691797912 -0.47046876 -0.547790825
vn 0.691797912 -0.47046876 -0.547790825
vn 0.691797912 -0.47046876 -0.547790825
vn 0.691797912 -0.47046876 -0.547790825
vn 0.691947281 0.469598383 0.548348725
vn 0.691947281 0.469598383 0.548348725
vn 0.691947281 0.469598383 0.548348725
vn 0.691947281 0.469598383 0.548348725
vn -0 -1 0
vn -0 -1 0
vn -0 -1 0
vn -0 -1 0
vn -0 0 1
vn -0 0 1
vn -0 0 1
vn -0 0 1
vn -0 0 1
vn -0 0 1
vn -0 0 1
vn -0 0 1
vn -0 0 1
vn -0 0 1
vn -0 0 1
vn -0 0 1
vn -0 0 1
vn -0 0 1
vn -0 0 1
vn -0 0 1
vn -0 0 1
vn -0 0 1
vn -0 0 1
vn -0 0 1
vn -0 0 1
vn -0 0 1
vn -0 0 1
vn -0 0 1
vn -0 0 1
vn -0 0 1
vn -0 0 1
vn -0 0 1
vn -0 0 1
vn -0 0 1
vn -0 0 1
vn -0 0 1
vn -0 0 1
vn -0 0 1
vn -0 0 1
vn -0 0 1
vn -0 0 1
vn -0 0 1
vn -0 0 1
vn -0 0 1
vn -0 0 1
vn -0 0 1
vn -0 0 1
vn -0 0 1
vn -0 0 1
vn -0 0 1
vn -0 0 1
vn -0 0 1
vn -0 0 1
vn -0 0 1
vn -0 0 1
vn -0 0 1
vn -0 0 1
vn -0 0 1
vn -0 0 1
vn -0 0 1
vn -0 0 1
vn -0 0 1
vn -0 -1.12118933E-05 1
vn -0 0 1
vn -0 1.19554161E-05 1
vn -0 0 1
vn -0 0 1
vn -0 0 1
vn -0 -1.03968841E-05 1
vn -0 -1.03968841E-05 1
vn -0 0 1
vn -0 0 1
vn -0 0 1
vn -0 0 1
vn -0 0 1
vn -0 0 1
vn -0 0 1
vn -0 0 1
vn -0 0 1
vn -0 0 1
vn -0 0 1
vn -0 0 1
vn -0 0 1
vn -0 1.26438872E-05 1
vn -0 -4.48382743E-05 1
vn -0 1.10170986E-05 1
vn -0 0 1
vn -0 -1.20859877E-05 1
vn -0 0 1
vn -0 0 1
vn -0 0 1
vn -0 0 1
vn -0 0 1
vn -0 0 1
vn -0 9.54312272E-05 1
vn -0 0 1
vn -0 0 1
vn -0 1.20226268E-05 1
vn -0 -3.40723236E-05 1
vn -0 8.18866683E-05 1
vn -0 0 1
vn -0 0 1
vn -0 0 1
vn -0 0 1
vn -0 1 0
vn -0 1 0
vn -0 1 0
vn -0 1 0
vn -0 0 1
vn -0 0 1
vn -0 0 1
vn -0 0 1
vn -0 0 1
vn -0 0 1
vn -0 0 1
vn -0 0 1
vn -0 0 1
vn -0 0 1
vn -0 0 1
vn -0 1.11285872E-05 1
vn -0 3.31468837E-05 1
vn -0 0 1
vn -0 -1.86007583E-05 1
vn -0 0 1
vn -0 0 1
vn -0 0 1
vn -0 0 1
vn -0 0 1
vn -0 0 1
vn -0 0 1
vn -0 0 1
vn -0 0 1
vn -0 0 1
vn -0 0 1
vn -0 3.62699939E-05 1
vn -0 -5.46045267E-05 1
vn 0.952949524 -0.303128928 0
vn 0.952949524 -0.303128928 0
vn 0.952949524 -0.303128928 0
vn 0.952949524 -0.303128928 0
vn 0.823576868 -0.567204654 0
vn 0.823576868 -0.567204654 0
vn 0.823576868 -0.567204654 0
vn 0.823576868 -0.567204654 0
vn 0.591282308 -0.806464612 0
vn 0.591282308 -0.806464612 0
vn 0.591282308 -0.806464612 0
vn 0.591282308 -0.806464612 0
vn 0.320734024 -0.947169304 0
vn 0.320734024 -0.947169304 0
vn 0.320734024 -0.947169304 0
vn 0.320734024 -0.947169304 0
vn 0.0910653472 -0.995844901 0
vn 0.0910653472 -0.995844901 0
vn 0.0910653472 -0.995844901 0
vn 0.0910653472 -0.995844901 0
vn -0.0907915235 -0.995869935 0
vn -0.0907915235 -0.995869935 0
vn -0.0907915235 -0.995869935 0
vn -0.0907915235 -0.995869935 0
vn -0.318071932 -0.948066592 0
vn -0.318071932 -0.948066592 0
vn -0.318071932 -0.948066592 0
vn -0.318071932 -0.948066592 0
vn -0.585276723 -0.810833633 0
vn -0.585276723 -0.810833633 0
vn -0.585276723 -0.810833633 0
vn -0.585276723 -0.810833633 0
vn -0.817700982 -0.575643122 0
vn -0.817700982 -0.575643122 0
vn -0.817700982 -0.575643122 0
vn -0.817700982 -0.575643122 0
vn -0.950427413 -0.310946614 0
vn -0.950427413 -0.310946614 0
vn -0.950427413 -0.310946614 0
vn -0.950427413 -0.310946614 0
vn -0.996073604 -0.0885292813 0
vn -0.996073604 -0.0885292813 0
vn -0.996073604 -0.0885292813 0
vn -0.996073604 -0.0885292813 0
vn -1 0 0
vn -1 0 0
vn -1 0 0
vn -1 0 0
vn -0 1 0
vn -0 1 0
vn -0 1 0
vn -0 1 0
vn 1 0 0
vn 1 0 0
vn 1 0 0
vn 1 0 0
vn 0.990048051 0.140729144 0
vn 0.990048051 0.140729144 0
vn 0.990048051 0.140729144 0
vn 0.990048051 0.140729144 0
vn 0.775458515 0.631398559 0
vn 0.775458515 0.631398559 0
vn 0.775458515 0.631398559 0
vn 0.775458515 0.631398559 0
vn 0.210144684 0.977670252 0
vn 0.210144684 0.977670252 0
vn 0.210144684 0.977670252 0
vn 0.210144684 0.977670252 0
vn -0.204247311 0.978919387 0
vn -0.204247311 0.978919387 0
vn -0.204247311 0.978919387 0
vn -0.204247311 0.978919387 0
vn -0.781462669 0.623951972 0
vn -0.781462669 0.623951972 0
vn -0.781462669 0.623951972 0
vn -0.781462669 0.623951972 0
vn -0.991331339 0.131386131 0
vn -0.991331339 0.131386131 0
vn -0.991331339 0.131386131 0
vn -0.991331339 0.131386131 0
vn -1 0 0
vn -1 0 0
vn -1 0 0
vn -1 0 0
vn -0 1 0
vn -0 1 0
vn -0 1 0
vn -0 1 0
vn 1 0 0
vn 1 0 0
vn 1 0 0
vn 1 0 0
vn 0.996332467 -0.0855665281 0
vn 0.996332467 -0.0855665281 0
vn 0.996332467 -0.0855665281 0
vn 0.996332467 -0.0855665281 0
vn -0 -1 0
vn -0 -1 0
vn -0 -1 0
vn -0 -1 0
vn -1 0 0
vn -1 0 0
vn -1 0 0
vn -1 0 0
vn -0 1 0
vn -0 1 0
vn -0 1 0
vn -0 1 0
vn 1 0 0
vn 1 0 0
vn 1 0 0
vn 1 0 0
vn -0 -1 0
vn -0 -1 0
vn -0 -1 0
vn -0 -1 0
vn 1 0 0
vn 1 0 0
vn 1 0 0
vn 1 0 0
vn -0 -1 0
vn -0 -1 0
vn -0 -1 0
vn -0 -1 0
vn -1 0 0
vn -1 0 0
vn -1 0 0
vn -1 0 0
vn -1 0 0
vn -1 0 0
vn -1 0 0
vn -1 0 0
vn -0 1 0
vn -0 1 0
vn -0 1 0
vn -0 1 0
vn 0.19009918 0.981764793 0
vn 0.19009918 0.981764793 0
vn 0.19009918 0.981764793 0
vn 0.19009918 0.981764793 0
vn 0.542496741 0.840057909 0
vn 0.542496741 0.840057909 0
vn 0.542496741 0.840057909 0
vn 0.542496741 0.840057909 0
vn 0.769771874 0.638319075 0
vn 0.769771874 0.638319075 0
vn 0.769771874 0.638319075 0
vn 0.769771874 0.638319075 0
vn 0.926573098 0.376114815 0
vn 0.926573098 0.376114815 0
vn 0.926573098 0.376114815 0
vn 0.926573098 0.376114815 0
vn 0.993351042 0.115125068 0
vn 0.993351042 0.115125068 0
vn 0.993351042 0.115125068 0
vn 0.993351042 0.115125068 0
vn 0.997056603 -0.076669693 0
vn 0.997056603 -0.076669693 0
vn 0.997056603 -0.076669693 0
vn 0.997056603 -0.076669693 0
vn 0.963788271 -0.266668618 0
vn 0.963788271 -0.266668618 0
vn 0.963788271 -0.266668618 0
vn 0.963788271 -0.266668618 0
vn 0.87346679 -0.4868837 0
vn 0.87346679 -0.4868837 0
vn 0.87346679 -0.4868837 0
vn 0.87346679 -0.4868837 0
vn 0.724911571 -0.688841939 0
vn 0.724911571 -0.688841939 0
vn 0.724911571 -0.688841939 0
vn 0.724911571 -0.688841939 0
vn 0.558860362 -0.82926178 0
vn 0.558860362 -0.82926178 0
vn 0.558860362 -0.82926178 0
vn 0.558860362 -0.82926178 0
vn 0.420288831 -0.907390356 0
vn 0.420288831 -0.907390356 0
vn 0.420288831 -0.907390356 0
vn 0.420288831 -0.907390356 0
vn 0.436112702 0.899892032 0
vn 0.436112702 0.899892032 0
vn 0.436112702 0.899892032 0
vn 0.436112702 0.899892032 0
vn 0.595158815 0.80360806 0
vn 0.595158815 0.80360806 0
vn 0.595158815 0.80360806 0
vn 0.595158815 0.80360806 0
vn 0.748970807 0.662602961 0
vn 0.748970807 0.662602961 0
vn 0.748970807 0.662602961 0
vn 0.748970807 0.662602961 0
vn 0.876162291 0.482016176 0
vn 0.876162291 0.482016176 0
vn 0.876162291 0.482016176 0
vn 0.876162291 0.482016176 0
vn 0.959438086 0.28191939 0
vn 0.959438086 0.28191939 0
vn 0.959438086 0.28191939 0
vn 0.959438086 0.28191939 0
vn 0.996129513 0.087897338 0
vn 0.996129513 0.087897338 0
vn 0.996129513 0.087897338 0
vn 0.996129513 0.087897338 0
vn 0.993038714 -0.117788866 0
vn 0.993038714 -0.117788866 0
vn 0.993038714 -0.117788866 0
vn 0.993038714 -0.117788866 0
vn 0.922368526 -0.386311173 0
vn 0.922368526 -0.386311173 0
vn 0.922368526 -0.386311173 0
vn 0.922368526 -0.386311173 0
vn 0.757816195 -0.652468085 0
vn 0.757816195 -0.652468085 0
vn 0.757816195 -0.652468085 0
vn 0.757816195 -0.652468085 0
vn 0.526215553 -0.850351155 0
vn 0.526215553 -0.850351155 0
vn 0.526215553 -0.850351155 0
vn 0.526215553 -0.850351155 0
vn 0.289093286 -0.957300961 0
vn 0.289093286 -0.957300961 0
vn 0.289093286 -0.957300961 0
vn 0.289093286 -0.957300961 0
vn 0.0859058127 -0.996303201 0
vn 0.0859058127 -0.996303201 0
vn 0.0859058127 -0.996303201 0
vn 0.0859058127 -0.996303201 0
vn -0 -1 0
vn -0 -1 0
vn -0 -1 0
vn -0 -1 0
vn 1 0 0
vn 1 0 0
vn 1 0 0
vn 1 0 0
vn -0 1 0
vn -0 1 0
vn -0 1 0
vn -0 1 0
vn -0.172273427 0.985049188 0
vn -0.172273427 0.985049188 0
vn -0.172273427 0.985049188 0
vn -0.172273427 0.985049188 0
vn -0.651170611 0.758931339 0
vn -0.651170611 0.758931339 0
vn -0.651170611 0.758931339 0
vn -0.651170611 0.758931339 0
vn -0.973042607 0.230625361 0
vn -0.973042607 0.230625361 0
vn -0.973042607 0.230625361 0
vn -0.973042607 0.230625361 0
vn -0.976024687 -0.217659637 0
vn -0.976024687 -0.217659637 0
vn -0.976024687 -0.217659637 0
vn -0.976024687 -0.217659637 0
vn -0.655717909 -0.755006075 0
vn -0.655717909 -0.755006075 0
vn -0.655717909 -0.755006075 0
vn -0.655717909 -0.755006075 0
vn -0.167128891 -0.985935092 0
vn -0.167128891 -0.985935092 0
vn -0.167128891 -0.985935092 0
vn -0.167128891 -0.985935092 0
vn -0 -1 0
vn -0 -1 0
vn -0 -1 0
vn -0 -1 0
vn 1 0 0
vn 1 0 0
vn 1 0 0
vn 1 0 0
vn -0 1 0
vn -0 1 0
vn -0 1 0
vn -0 1 0
vn -0.190077841 0.981769085 0
vn -0.190077841 0.981769085 0
vn -0.190077841 0.981769085 0
vn -0.190077841 0.981769085 0
vn -0.678183079 0.734892905 0
vn -0.678183079 0.734892905 0
vn -0.678183079 0.734892905 0
vn -0.678183079 0.734892905 0
vn -0.974886954 0.222700074 0
vn -0.974886954 0.222700074 0
vn -0.974886954 0.222700074 0
vn -0.974886954 0.222700074 0
vn -0.973783493 -0.227476954 0
vn -0.973783493 -0.227476954 0
vn -0.973783493 -0.227476954 0
vn -0.973783493 -0.227476954 0
vn -0.682266653 -0.73110348 0
vn -0.682266653 -0.73110348 0
vn -0.682266653 -0.73110348 0
vn -0.682266653 -0.73110348 0
vn -0.19954747 -0.979888141 0
vn -0.19954747 -0.979888141 0
vn -0.19954747 -0.979888141 0
vn -0.19954747 -0.979888141 0
vn -0 -1 0
vn -0 -1 0
vn -0 -1 0
vn -0 -1 0
vn -0 -1 0
vn -0 -1 0
vn -0 -1 0
vn -0 -1 0
vn 1 0 0
vn 1 0 0
vn 1 0 0
vn 1 0 0
vn -0 -1 0
vn -0 -1 0
vn -0 -1 0
vn -0 -1 0
vn -1 0 0
vn -1 0 0
vn -1 0 0
vn -1 0 0
vn -0 1 0
vn -0 1 0
vn -0 1 0
vn -0 1 0
vn 1 0 0
vn 1 0 0
vn 1 0 0
vn 1 0 0
vn -0 -1 0
vn -0 -1 0
vn -0 -1 0
vn -0 -1 0
vn 1 0 0
vn 1 0 0
vn 1 0 0
vn 1 0 0
vn -0 1 0
vn -0 1 0
vn -0 1 0
vn -0 1 0
vn 1 0 0
vn 1 0 0
vn 1 0 0
vn 1 0 0
vn -0 1 0
vn -0 1 0
vn -0 1 0
vn -0 1 0
vn 0.877160549 -0.480197251 0
vn 0.877160549 -0.480197251 0
vn 0.877160549 -0.480197251 0
vn 0.877160549 -0.480197251 0
vn -0 -1 0
vn -0 -1 0
vn -0 -1 0
vn -0 -1 0
vn -0.941582322 0.336782843 0
vn -0.941582322 0.336782843 0
vn -0.941582322 0.336782843 0
vn -0.941582322 0.336782843 0
vn -0 -1 0
vn -0 -1 0
vn -0 -1 0
vn -0 -1 0
vn 1 0 0
vn 1 0 0
vn 1 0 0
vn 1 0 0
vn -0 1 0
vn -0 1 0
vn -0 1 0
vn -0 1 0
vn 1 0 0
vn 1 0 0
vn 1 0 0
vn 1 0 0
vn -0 -1 0
vn -0 -1 0
vn -0 -1 0
vn -0 -1 0
vn 1 0 0
vn 1 0 0
vn 1 0 0
vn 1 0 0
vn -0 1 0
vn -0 1 0
vn -0 1 0
vn -0 1 0
vn 1 0 0
vn 1 0 0
vn 1 0 0
vn 1 0 0
vn -0 -1 0
vn -0 -1 0
vn -0 -1 0
vn -0 -1 0
vn -1 0 0
vn -1 0 0
vn -1 0 0
vn -1 0 0
vn -0 1 0
vn -0 1 0
vn -0 1 0
vn -0 1 0
vn 1 0 0
vn 1 0 0
vn 1 0 0
vn 1 0 0
vn -1 0 0
vn -1 0 0
vn -1 0 0
vn -1 0 0
vn -0 1 0
vn -0 1 0
vn -0 1 0
vn -0 1 0
vn 0.904774606 0.425890774 0
vn 0.904774606 0.425890774 0
vn 0.904774606 0.425890774 0
vn 0.904774606 0.425890774 0
vn -1 0 0
vn -1 0 0
vn -1 0 0
vn -1 0 0
vn -0 1 0
vn -0 1 0
vn -0 1 0
vn -0 1 0
vn 1 0 0
vn 1 0 0
vn 1 0 0
vn 1 0 0
vn -0 -1 0
vn -0 -1 0
vn -0 -1 0
vn -0 -1 0
vn -0.904269993 -0.426961094 0
vn -0.904269993 -0.426961094 0
vn -0.904269993 -0.426961094 0
vn -0.904269993 -0.426961094 0
vn 1 0 0
vn 1 0 0
vn 1 0 0
vn 1 0 0
vn -0 -1 0
vn -0 -1 0
vn -0 -1 0
vn -0 -1 0
vn -0 -1 0
vn -0 -1 0
vn -0 -1 0
vn -0 -1 0
vn -1 0 0
vn -1 0 0
vn -1 0 0
vn -1 0 0
vn -0 1 0
vn -0 1 0
vn -0 1 0
vn -0 1 0
vn 1 0 0
vn 1 0 0
vn 1 0 0
vn 1 0 0
vn -0.90408659 0.427349269 0
vn -0.90408659 0.427349269 0
vn -0.90408659 0.427349269 0
vn -0.90408659 0.427349269 0
vn -0.905857861 -0.423581898 0
vn -0.905857861 -0.423581898 0
vn -0.905857861 -0.423581898 0
vn -0.905857861 -0.423581898 0
vn -0 1 0
vn -0 1 0
vn -0 1 0
vn -0 1 0
vn 0.926576138 0.376107275 0
vn 0.926576138 0.376107275 0
vn 0.926576138 0.376107275 0
vn 0.926576138 0.376107275 0
vn -0.921763659 0.387752295 0
vn -0.921763659 0.387752295 0
vn -0.921763659 0.387752295 0
vn -0.921763659 0.387752295 0
vn -0 1 0
vn -0 1 0
vn -0 1 0
vn -0 1 0
vn 0.902908921 -0.429831952 0
vn 0.902908921 -0.429831952 0
vn 0.902908921 -0.429831952 0
vn 0.902908921 -0.429831952 0
vn 0.902175486 0.431369305 0
vn 0.902175486 0.431369305 0
vn 0.902175486 0.431369305 0
vn 0.902175486 0.431369305 0
vn -0 -1 0
vn -0 -1 0
vn -0 -1 0
vn -0 -1 0
vn -0.919313908 -0.393524975 0
vn -0.919313908 -0.393524975 0
vn -0.919313908 -0.393524975 0
vn -0.919313908 -0.393524975 0
vn 0.92050916 -0.390721083 0
vn 0.92050916 -0.390721083 0
vn 0.92050916 -0.390721083 0
vn 0.92050916 -0.390721083 0
vn -0 -1 0
vn -0 -1 0
vn -0 -1 0
vn -0 -1 0
vn -0 0 -1
vn -0 0 -1
vn -0 0 -1
vn -0 0 -1
g building_Fenix_LP_0
f 3/3/3 2/2/2 1/1/1
f 6/6/6 5/5/5 4/4/4
f 9/9/9 8/8/8 7/7/7
f 12/12/12 11/11/11 10/10/10
f 15/15/15 14/14/14 13/13/13
f 18/18/18 17/17/17 16/16/16
f 21/21/21 20/20/20 19/19/19
f 24/24/24 23/23/23 22/22/22
f 27/27/27 26/26/26 25/25/25
f 30/30/30 29/29/29 28/28/28
f 33/33/33 32/32/32 31/31/31
f 36/36/36 35/35/35 34/34/34
f 38/38/38 37/37/37 34/34/34
f 39/39/39 38/38/38 34/34/34
f 40/40/40 38/38/38 39/39/39
f 41/41/41 40/40/40 39/39/39
f 42/42/42 41/41/41 39/39/39
f 41/41/41 42/42/42 43/43/43
f 44/44/44 41/41/41 43/43/43
f 43/43/43 45/45/45 44/44/44
f 34/34/34 47/47/47 46/46/46
f 46/46/46 47/47/47 48/48/48
f 46/46/46 48/48/48 49/49/49
f 48/48/48 50/50/50 49/49/49
f 50/50/50 51/51/51 49/49/49
f 54/54/54 53/53/53 52/52/52
f 57/57/57 56/56/56 55/55/55
f 60/60/60 59/59/59 58/58/58
f 63/63/63 62/62/62 61/61/61
f 66/66/66 65/65/65 64/64/64
f 69/69/69 68/68/68 67/67/67
f 72/72/72 71/71/71 70/70/70
f 73/73/73 72/72/72 70/70/70
f 76/76/76 75/75/75 74/74/74
f 77/77/77 76/76/76 74/74/74
f 80/80/80 79/79/79 78/78/78
f 80/80/80 78/78/78 81/81/81
f 78/78/78 82/82/82 81/81/81
f 85/85/85 84/84/84 83/83/83
f 86/86/86 85/85/85 83/83/83
f 89/89/89 88/88/88 87/87/87
f 90/90/90 89/89/89 87/87/87
f 93/93/93 92/92/92 91/91/91
f 94/94/94 93/93/93 91/91/91
f 97/97/97 96/96/96 95/95/95
f 98/98/98 97/97/97 95/95/95
f 101/101/101 100/100/100 99/99/99
f 102/102/102 101/101/101 99/99/99
f 105/105/105 104/104/104 103/103/103
f 106/106/106 105/105/105 103/103/103
f 109/109/109 108/108/108 107/107/107
f 110/110/110 107/107/107 108/108/108
f 110/110/110 108/108/108 111/111/111
f 108/108/108 112/112/112 111/111/111
f 115/115/115 114/114/114 113/113/113
f 116/116/116 115/115/115 113/113/113
f 119/119/119 118/118/118 117/117/117
f 120/120/120 119/119/119 117/117/117
f 123/123/123 122/122/122 121/121/121
f 124/124/124 123/123/123 121/121/121
f 127/127/127 126/126/126 125/125/125
f 128/128/128 127/127/127 125/125/125
f 131/131/131 130/130/130 129/129/129
f 132/132/132 131/131/131 129/129/129
f 135/135/135 134/134/134 133/133/133
f 136/136/136 135/135/135 133/133/133
f 139/139/139 138/138/138 137/137/137
f 140/140/140 139/139/139 137/137/137
f 143/143/143 142/142/142 141/141/141
f 144/144/144 143/143/143 141/141/141
f 147/147/147 146/146/146 145/145/145
f 148/148/148 147/147/147 145/145/145
f 151/151/151 150/150/150 149/149/149
f 152/152/152 151/151/151 149/149/149
f 152/152/152 153/153/153 151/151/151
f 156/156/156 155/155/155 154/154/154
f 157/157/157 156/156/156 154/154/154
f 160/160/160 159/159/159 158/158/158
f 161/161/161 160/160/160 158/158/158
f 161/161/161 162/162/162 160/160/160
f 165/165/165 164/164/164 163/163/163
f 166/166/166 165/165/165 163/163/163
f 169/169/169 168/168/168 167/167/167
f 170/170/170 169/169/169 167/167/167
f 173/173/173 172/172/172 171/171/171
f 174/174/174 173/173/173 171/171/171
f 174/174/174 175/175/175 173/173/173
f 178/178/178 177/177/177 176/176/176
f 179/179/179 178/178/178 176/176/176
f 182/182/182 181/181/181 180/180/180
f 183/183/183 182/182/182 180/180/180
f 186/186/186 185/185/185 184/184/184
f 187/187/187 186/186/186 184/184/184
f 187/187/187 188/188/188 186/186/186
f 191/191/191 190/190/190 189/189/189
f 192/192/192 191/191/191 189/189/189
f 195/195/195 194/194/194 193/193/193
f 196/196/196 195/195/195 193/193/193
f 196/196/196 197/197/197 195/195/195
f 200/200/200 199/199/199 198/198/198
f 201/201/201 200/200/200 198/198/198
f 204/204/204 203/203/203 202/202/202
f 205/205/205 204/204/204 202/202/202
f 208/208/208 207/207/207 206/206/206
f 209/209/209 208/208/208 206/206/206
f 209/209/209 210/210/210 208/208/208
f 213/213/213 212/212/212 211/211/211
f 214/214/214 213/213/213 211/211/211
f 217/217/217 216/216/216 215/215/215
f 218/218/218 217/217/217 215/215/215
f 219/219/219 218/218/218 215/215/215
f 220/220/220 219/219/219 215/215/215
f 221/221/221 220/220/220 215/215/215
f 222/222/222 221/221/221 215/215/215
f 223/223/223 222/222/222 215/215/215
f 224/224/224 223/223/223 215/215/215
f 225/225/225 224/224/224 215/215/215
f 226/226/226 225/225/225 215/215/215
f 227/227/227 226/226/226 215/215/215
f 228/228/228 227/227/227 215/215/215
f 229/229/229 228/228/228 215/215/215
f 230/230/230 229/229/229 215/215/215
f 231/231/231 230/230/230 215/215/215
f 232/232/232 231/231/231 215/215/215
f 233/233/233 232/232/232 215/215/215
f 234/234/234 233/233/233 215/215/215
f 235/235/235 234/234/234 215/215/215
f 236/236/236 235/235/235 215/215/215
f 237/237/237 236/236/236 215/215/215
f 238/238/238 237/237/237 215/215/215
f 239/239/239 238/238/238 215/215/215
f 240/240/240 239/239/239 215/215/215
f 241/241/241 240/240/240 215/215/215
f 241/241/241 215/215/215 242/242/242
f 243/243/243 241/241/241 242/242/242
f 246/246/246 245/245/245 244/244/244
f 247/247/247 246/246/246 244/244/244
f 250/250/250 249/249/249 248/248/248
f 251/251/251 250/250/250 248/248/248
f 254/254/254 253/253/253 252/252/252
f 255/255/255 254/254/254 252/252/252
f 258/258/258 257/257/257 256/256/256
f 259/259/259 258/258/258 256/256/256
f 262/262/262 261/261/261 260/260/260
f 263/263/263 262/262/262 260/260/260
f 266/266/266 265/265/265 264/264/264
f 267/267/267 266/266/266 264/264/264
f 267/267/267 268/268/268 266/266/266
f 268/268/268 269/269/269 266/266/266
f 272/272/272 271/271/271 270/270/270
f 271/271/271 273/273/273 270/270/270
f 274/274/274 273/273/273 271/271/271
f 275/275/275 274/274/274 271/271/271
f 278/278/278 277/277/277 276/276/276
f 279/279/279 278/278/278 276/276/276
f 282/282/282 281/281/281 280/280/280
f 283/283/283 282/282/282 280/280/280
f 286/286/286 285/285/285 284/284/284
f 287/287/287 286/286/286 284/284/284
f 290/290/290 289/289/289 288/288/288
f 291/291/291 290/290/290 288/288/288
f 294/294/294 293/293/293 292/292/292
f 293/293/293 295/295/295 292/292/292
f 292/292/292 295/295/295 296/296/296
f 295/295/295 297/297/297 296/296/296
f 297/297/297 295/295/295 298/298/298
f 295/295/295 299/299/299 298/298/298
f 302/302/302 301/301/301 300/300/300
f 300/300/300 301/301/301 303/303/303
f 301/301/301 304/304/304 303/303/303
f 303/303/303 304/304/304 305/305/305
f 308/308/308 307/307/307 306/306/306
f 309/309/309 308/308/308 306/306/306
f 312/312/312 311/311/311 310/310/310
f 311/311/311 313/313/313 310/310/310
f 310/310/310 313/313/313 314/314/314
f 313/313/313 315/315/315 314/314/314
f 315/315/315 313/313/313 316/316/316
f 313/313/313 317/317/317 316/316/316
f 320/320/320 319/319/319 318/318/318
f 321/321/321 320/320/320 318/318/318
f 324/324/324 323/323/323 322/322/322
f 325/325/325 324/324/324 322/322/322
f 328/328/328 327/327/327 326/326/326
f 329/329/329 328/328/328 326/326/326
f 332/332/332 331/331/331 330/330/330
f 333/333/333 332/332/332 330/330/330
f 336/336/336 335/335/335 334/334/334
f 337/337/337 336/336/336 334/334/334
f 340/340/340 339/339/339 338/338/338
f 341/341/341 340/340/340 338/338/338
f 344/344/344 343/343/343 342/342/342
f 345/345/345 344/344/344 342/342/342
f 348/348/348 347/347/347 346/346/346
f 349/349/349 348/348/348 346/346/346
f 352/352/352 351/351/351 350/350/350
f 353/353/353 352/352/352 350/350/350
f 350/350/350 354/354/354 353/353/353
f 355/355/355 353/353/353 354/354/354
f 356/356/356 355/355/355 354/354/354
f 354/354/354 357/357/357 356/356/356
f 357/357/357 358/358/358 356/356/356
f 359/359/359 356/356/356 358/358/358
f 358/358/358 360/360/360 359/359/359
f 360/360/360 361/361/361 359/359/359
f 364/364/364 363/363/363 362/362/362
f 363/363/363 365/365/365 362/362/362
f 366/366/366 362/362/362 365/365/365
f 365/365/365 367/367/367 366/366/366
f 367/367/367 368/368/368 366/366/366
f 369/369/369 366/366/366 368/368/368
f 370/370/370 369/369/369 368/368/368
f 368/368/368 371/371/371 370/370/370
f 372/372/372 370/370/370 371/371/371
f 373/373/373 372/372/372 371/371/371
f 376/376/376 375/375/375 374/374/374
f 377/377/377 376/376/376 374/374/374
f 380/380/380 379/379/379 378/378/378
f 381/381/381 380/380/380 378/378/378
f 384/384/384 383/383/383 382/382/382
f 385/385/385 384/384/384 382/382/382
f 388/388/388 387/387/387 386/386/386
f 389/389/389 388/388/388 386/386/386
f 392/392/392 391/391/391 390/390/390
f 393/393/393 392/392/392 390/390/390
f 396/396/396 395/395/395 394/394/394
f 397/397/397 396/396/396 394/394/394
f 400/400/400 399/399/399 398/398/398
f 401/401/401 400/400/400 398/398/398
f 404/404/404 403/403/403 402/402/402
f 403/403/403 405/405/405 402/402/402
f 402/402/402 405/405/405 406/406/406
f 405/405/405 407/407/407 406/406/406
f 407/407/407 405/405/405 408/408/408
f 405/405/405 409/409/409 408/408/408
f 412/412/412 411/411/411 410/410/410
f 410/410/410 411/411/411 413/413/413
f 411/411/411 414/414/414 413/413/413
f 413/413/413 414/414/414 415/415/415
f 418/418/418 417/417/417 416/416/416
f 419/419/419 418/418/418 416/416/416
f 422/422/422 421/421/421 420/420/420
f 421/421/421 423/423/423 420/420/420
f 420/420/420 423/423/423 424/424/424
f 423/423/423 425/425/425 424/424/424
f 425/425/425 423/423/423 426/426/426
f 423/423/423 427/427/427 426/426/426
f 430/430/430 429/429/429 428/428/428
f 431/431/431 430/430/430 428/428/428
f 434/434/434 433/433/433 432/432/432
f 435/435/435 434/434/434 432/432/432
f 438/438/438 437/437/437 436/436/436
f 439/439/439 438/438/438 436/436/436
f 442/442/442 441/441/441 440/440/440
f 443/443/443 442/442/442 440/440/440
f 446/446/446 445/445/445 444/444/444
f 447/447/447 446/446/446 444/444/444
f 450/450/450 449/449/449 448/448/448
f 451/451/451 450/450/450 448/448/448
f 454/454/454 453/453/453 452/452/452
f 455/455/455 454/454/454 452/452/452
f 458/458/458 457/457/457 456/456/456
f 459/459/459 458/458/458 456/456/456
f 462/462/462 461/461/461 460/460/460
f 463/463/463 462/462/462 460/460/460
f 460/460/460 464/464/464 463/463/463
f 465/465/465 463/463/463 464/464/464
f 466/466/466 465/465/465 464/464/464
f 464/464/464 467/467/467 466/466/466
f 467/467/467 468/468/468 466/466/466
f 469/469/469 466/466/466 468/468/468
f 468/468/468 470/470/470 469/469/469
f 470/470/470 471/471/471 469/469/469
f 474/474/474 473/473/473 472/472/472
f 473/473/473 475/475/475 472/472/472
f 476/476/476 472/472/472 475/475/475
f 475/475/475 477/477/477 476/476/476
f 477/477/477 478/478/478 476/476/476
f 479/479/479 476/476/476 478/478/478
f 480/480/480 479/479/479 478/478/478
f 478/478/478 481/481/481 480/480/480
f 482/482/482 480/480/480 481/481/481
f 483/483/483 482/482/482 481/481/481
f 486/486/486 485/485/485 484/484/484
f 487/487/487 486/486/486 484/484/484
f 490/490/490 489/489/489 488/488/488
f 491/491/491 490/490/490 488/488/488
f 494/494/494 493/493/493 492/492/492
f 495/495/495 494/494/494 492/492/492
f 498/498/498 497/497/497 496/496/496
f 499/499/499 498/498/498 496/496/496
f 502/502/502 501/501/501 500/500/500
f 503/503/503 502/502/502 500/500/500
f 506/506/506 505/505/505 504/504/504
f 507/507/507 506/506/506 504/504/504
f 510/510/510 509/509/509 508/508/508
f 509/509/509 511/511/511 508/508/508
f 508/508/508 511/511/511 512/512/512
f 511/511/511 513/513/513 512/512/512
f 513/513/513 514/514/514 512/512/512
f 515/515/515 512/512/512 514/514/514
f 516/516/516 512/512/512 515/515/515
f 516/516/516 515/515/515 517/517/517
f 515/515/515 518/518/518 517/517/517
f 519/519/519 517/517/517 518/518/518
f 520/520/520 517/517/517 519/519/519
f 523/523/523 522/522/522 521/521/521
f 524/524/524 523/523/523 521/521/521
f 527/527/527 526/526/526 525/525/525
f 528/528/528 527/527/527 525/525/525
f 531/531/531 530/530/530 529/529/529
f 532/532/532 531/531/531 529/529/529
f 535/535/535 534/534/534 533/533/533
f 533/533/533 534/534/534 536/536/536
f 536/536/536 534/534/534 537/537/537
f 538/538/538 537/537/537 534/534/534
f 539/539/539 537/537/537 538/538/538
f 537/537/537 539/539/539 540/540/540
f 539/539/539 541/541/541 540/540/540
f 544/544/544 543/543/543 542/542/542
f 542/542/542 543/543/543 545/545/545
f 545/545/545 543/543/543 546/546/546
f 542/542/542 545/545/545 547/547/547
f 547/547/547 545/545/545 548/548/548
f 545/545/545 549/549/549 548/548/548
f 550/550/550 545/545/545 546/546/546
f 545/545/545 551/551/551 549/549/549
f 551/551/551 545/545/545 550/550/550
f 551/551/551 550/550/550 552/552/552
f 555/555/555 554/554/554 553/553/553
f 556/556/556 555/555/555 553/553/553
f 559/559/559 558/558/558 557/557/557
f 560/560/560 559/559/559 557/557/557
f 561/561/561 559/559/559 560/560/560
f 562/562/562 561/561/561 560/560/560
f 563/563/563 561/561/561 562/562/562
f 564/564/564 563/563/563 562/562/562
f 567/567/567 566/566/566 565/565/565
f 568/568/568 567/567/567 565/565/565
f 571/571/571 570/570/570 569/569/569
f 570/570/570 572/572/572 569/569/569
f 569/569/569 572/572/572 573/573/573
f 572/572/572 574/574/574 573/573/573
f 573/573/573 574/574/574 575/575/575
f 574/574/574 576/576/576 575/575/575
f 579/579/579 578/578/578 577/577/577
f 580/580/580 579/579/579 577/577/577
f 583/583/583 582/582/582 581/581/581
f 584/584/584 581/581/581 582/582/582
f 585/585/585 581/581/581 584/584/584
f 585/585/585 584/584/584 586/586/586
f 587/587/587 585/585/585 586/586/586
f 587/587/587 586/586/586 588/588/588
f 589/589/589 587/587/587 588/588/588
f 592/592/592 591/591/591 590/590/590
f 593/593/593 592/592/592 590/590/590
f 593/593/593 594/594/594 592/592/592
f 597/597/597 596/596/596 595/595/595
f 598/598/598 597/597/597 595/595/595
f 601/601/601 600/600/600 599/599/599
f 600/600/600 602/602/602 599/599/599
f 599/599/599 602/602/602 603/603/603
f 602/602/602 604/604/604 603/603/603
f 603/603/603 604/604/604 605/605/605
f 604/604/604 606/606/606 605/605/605
f 605/605/605 606/606/606 607/607/607
f 606/606/606 608/608/608 607/607/607
f 611/611/611 610/610/610 609/609/609
f 612/612/612 611/611/611 609/609/609
f 615/615/615 614/614/614 613/613/613
f 614/614/614 616/616/616 613/613/613
f 613/613/613 616/616/616 617/617/617
f 616/616/616 618/618/618 617/617/617
f 617/617/617 618/618/618 619/619/619
f 618/618/618 620/620/620 619/619/619
f 623/623/623 622/622/622 621/621/621
f 622/622/622 624/624/624 621/621/621
f 624/624/624 625/625/625 621/621/621
f 625/625/625 626/626/626 621/621/621
f 625/625/625 627/627/627 626/626/626
f 625/625/625 628/628/628 627/627/627
f 628/628/628 629/629/629 627/627/627
f 630/630/630 629/629/629 628/628/628
f 631/631/631 629/629/629 630/630/630
f 632/632/632 629/629/629 631/631/631
f 633/633/633 631/631/631 630/630/630
f 634/634/634 633/633/633 630/630/630
f 637/637/637 636/636/636 635/635/635
f 638/638/638 637/637/637 635/635/635
f 641/641/641 640/640/640 639/639/639
f 642/642/642 640/640/640 641/641/641
f 643/643/643 642/642/642 641/641/641
f 646/646/646 645/645/645 644/644/644
f 647/647/647 646/646/646 644/644/644
f 650/650/650 649/649/649 648/648/648
f 649/649/649 650/650/650 651/651/651
f 654/654/654 653/653/653 652/652/652
f 655/655/655 654/654/654 652/652/652
f 658/658/658 657/657/657 656/656/656
f 657/657/657 659/659/659 656/656/656
f 656/656/656 659/659/659 660/660/660
f 659/659/659 661/661/661 660/660/660
f 664/664/664 663/663/663 662/662/662
f 665/665/665 664/664/664 662/662/662
f 668/668/668 667/667/667 666/666/666
f 669/669/669 668/668/668 666/666/666
f 672/672/672 671/671/671 670/670/670
f 673/673/673 672/672/672 670/670/670
f 676/676/676 675/675/675 674/674/674
f 677/677/677 676/676/676 674/674/674
f 680/680/680 679/679/679 678/678/678
f 681/681/681 680/680/680 678/678/678
f 682/682/682 681/681/681 678/678/678
f 683/683/683 680/680/680 681/681/681
f 684/684/684 683/683/683 681/681/681
f 687/687/687 686/686/686 685/685/685
f 686/686/686 688/688/688 685/685/685
f 685/685/685 688/688/688 689/689/689
f 688/688/688 690/690/690 689/689/689
f 689/689/689 690/690/690 691/691/691
f 690/690/690 692/692/692 691/691/691
f 686/686/686 693/693/693 688/688/688
f 694/694/694 693/693/693 686/686/686
f 693/693/693 694/694/694 695/695/695
f 693/693/693 695/695/695 696/696/696
f 695/695/695 697/697/697 696/696/696
f 696/696/696 697/697/697 698/698/698
f 697/697/697 699/699/699 698/698/698
f 694/694/694 700/700/700 695/695/695
f 700/700/700 694/694/694 701/701/701
f 700/700/700 702/702/702 699/699/699
f 700/700/700 701/701/701 702/702/702
f 701/701/701 703/703/703 702/702/702
f 704/704/704 703/703/703 701/701/701
f 703/703/703 704/704/704 705/705/705
f 704/704/704 706/706/706 705/705/705
f 702/702/702 707/707/707 699/699/699
f 707/707/707 705/705/705 706/706/706
f 699/699/699 707/707/707 708/708/708
f 707/707/707 706/706/706 708/708/708
f 711/711/711 710/710/710 709/709/709
f 712/712/712 711/711/711 709/709/709
f 715/715/715 714/714/714 713/713/713
f 716/716/716 715/715/715 713/713/713
f 719/719/719 718/718/718 717/717/717
f 720/720/720 719/719/719 717/717/717
f 723/723/723 722/722/722 721/721/721
f 724/724/724 723/723/723 721/721/721
f 727/727/727 726/726/726 725/725/725
f 728/728/728 727/727/727 725/725/725
f 731/731/731 730/730/730 729/729/729
f 732/732/732 731/731/731 729/729/729
f 735/735/735 734/734/734 733/733/733
f 736/736/736 735/735/735 733/733/733
f 739/739/739 738/738/738 737/737/737
f 740/740/740 739/739/739 737/737/737
f 743/743/743 742/742/742 741/741/741
f 744/744/744 743/743/743 741/741/741
f 747/747/747 746/746/746 745/745/745
f 748/748/748 747/747/747 745/745/745
f 749/749/749 747/747/747 748/748/748
f 750/750/750 749/749/749 748/748/748
f 750/750/750 748/748/748 751/751/751
f 754/754/754 753/753/753 752/752/752
f 752/752/752 755/755/755 754/754/754
f 752/752/752 756/756/756 755/755/755
f 759/759/759 758/758/758 757/757/757
f 758/758/758 760/760/760 757/757/757
f 760/760/760 761/761/761 757/757/757
f 761/761/761 762/762/762 757/757/757
f 765/765/765 764/764/764 763/763/763
f 764/764/764 766/766/766 763/763/763
f 763/763/763 766/766/766 767/767/767
f 768/768/768 763/763/763 767/767/767
f 768/768/768 769/769/769 763/763/763
f 772/772/772 771/771/771 770/770/770
f 773/773/773 772/772/772 770/770/770
f 776/776/776 775/775/775 774/774/774
f 777/777/777 776/776/776 774/774/774
f 776/776/776 777/777/777 778/778/778
f 777/777/777 779/779/779 778/778/778
f 777/777/777 774/774/774 780/780/780
f 779/779/779 777/777/777 781/781/781
f 782/782/782 777/777/777 780/780/780
f 777/777/777 782/782/782 781/781/781
f 782/782/782 780/780/780 783/783/783
f 783/783/783 780/780/780 784/784/784
f 785/785/785 783/783/783 784/784/784
f 786/786/786 782/782/782 783/783/783
f 786/786/786 787/787/787 782/782/782
f 787/787/787 781/781/781 782/782/782
f 787/787/787 788/788/788 781/781/781
f 788/788/788 789/789/789 781/781/781
f 792/792/792 791/791/791 790/790/790
f 791/791/791 793/793/793 790/790/790
f 793/793/793 795/795/795 794/794/794
f 796/796/796 793/793/793 794/794/794
f 799/799/799 798/798/798 797/797/797
f 800/800/800 799/799/799 797/797/797
f 801/801/801 799/799/799 800/800/800
f 802/802/802 801/801/801 800/800/800
f 803/803/803 801/801/801 802/802/802
f 804/804/804 803/803/803 802/802/802
f 804/804/804 802/802/802 805/805/805
f 806/806/806 804/804/804 805/805/805
f 809/809/809 808/808/808 807/807/807
f 810/810/810 809/809/809 807/807/807
f 810/810/810 812/812/812 811/811/811
f 813/813/813 810/810/810 811/811/811
f 816/816/816 815/815/815 814/814/814
f 815/815/815 817/817/817 814/814/814
f 817/817/817 819/819/819 818/818/818
f 820/820/820 817/817/817 818/818/818
f 823/823/823 822/822/822 821/821/821
f 824/824/824 823/823/823 821/821/821
f 825/825/825 823/823/823 824/824/824
f 826/826/826 825/825/825 824/824/824
f 827/827/827 825/825/825 826/826/826
f 828/828/828 827/827/827 826/826/826
f 831/831/831 830/830/830 829/829/829
f 830/830/830 832/832/832 829/829/829
f 832/832/832 830/830/830 833/833/833
f 832/832/832 833/833/833 834/834/834
f 833/833/833 835/835/835 834/834/834
f 834/834/834 835/835/835 836/836/836
f 835/835/835 837/837/837 836/836/836
f 840/840/840 839/839/839 838/838/838
f 839/839/839 840/840/840 841/841/841
f 839/839/839 841/841/841 842/842/842
f 842/842/842 841/841/841 843/843/843
f 844/844/844 842/842/842 843/843/843
f 847/847/847 846/846/846 845/845/845
f 846/846/846 848/848/848 845/845/845
f 849/849/849 848/848/848 846/846/846
f 850/850/850 849/849/849 846/846/846
f 850/850/850 851/851/851 849/849/849
f 851/851/851 852/852/852 849/849/849
f 855/855/855 854/854/854 853/853/853
f 854/854/854 856/856/856 853/853/853
f 856/856/856 857/857/857 853/853/853
f 858/858/858 857/857/857 856/856/856
f 859/859/859 857/857/857 858/858/858
f 860/860/860 859/859/859 858/858/858
f 863/863/863 862/862/862 861/861/861
f 864/864/864 863/863/863 861/861/861
f 867/867/867 866/866/866 865/865/865
f 868/868/868 867/867/867 865/865/865
f 871/871/871 870/870/870 869/869/869
f 872/872/872 871/871/871 869/869/869
f 875/875/875 874/874/874 873/873/873
f 876/876/876 875/875/875 873/873/873
f 879/879/879 878/878/878 877/877/877
f 880/880/880 879/879/879 877/877/877
f 880/880/880 882/882/882 881/881/881
f 881/881/881 884/884/884 883/883/883
f 881/881/881 883/883/883 885/885/885
f 883/883/883 886/886/886 885/885/885
f 881/881/881 885/885/885 887/887/887
f 887/887/887 885/885/885 888/888/888
f 888/888/888 885/885/885 889/889/889
f 885/885/885 886/886/886 889/889/889
f 886/886/886 890/890/890 889/889/889
f 881/881/881 887/887/887 891/891/891
f 890/890/890 886/886/886 892/892/892
f 893/893/893 890/890/890 892/892/892
f 894/894/894 881/881/881 891/891/891
f 892/892/892 895/895/895 893/893/893
f 895/895/895 896/896/896 893/893/893
f 897/897/897 895/895/895 892/892/892
f 898/898/898 897/897/897 892/892/892
f 899/899/899 897/897/897 898/898/898
f 899/899/899 898/898/898 900/900/900
f 894/894/894 891/891/891 901/901/901
f 901/901/901 891/891/891 902/902/902
f 891/891/891 903/903/903 902/902/902
f 894/894/894 905/905/905 904/904/904
f 906/906/906 894/894/894 904/904/904
f 909/909/909 908/908/908 907/907/907
f 910/910/910 909/909/909 907/907/907
f 913/913/913 912/912/912 911/911/911
f 912/912/912 914/914/914 911/911/911
f 911/911/911 914/914/914 915/915/915
f 918/918/918 917/917/917 916/916/916
f 919/919/919 918/918/918 916/916/916
f 922/922/922 921/921/921 920/920/920
f 923/923/923 922/922/922 920/920/920
f 924/924/924 922/922/922 923/923/923
f 925/925/925 924/924/924 923/923/923
f 928/928/928 927/927/927 926/926/926
f 929/929/929 928/928/928 926/926/926
f 932/932/932 931/931/931 930/930/930
f 931/931/931 933/933/933 930/930/930
f 933/933/933 935/935/935 934/934/934
f 936/936/936 933/933/933 934/934/934
f 939/939/939 938/938/938 937/937/937
f 940/940/940 939/939/939 937/937/937
f 943/943/943 942/942/942 941/941/941
f 944/944/944 943/943/943 941/941/941
f 947/947/947 946/946/946 945/945/945
f 948/948/948 946/946/946 947/947/947
f 949/949/949 948/948/948 947/947/947
f 952/952/952 951/951/951 950/950/950
f 953/953/953 952/952/952 950/950/950
f 956/956/956 955/955/955 954/954/954
f 957/957/957 956/956/956 954/954/954
f 960/960/960 959/959/959 958/958/958
f 961/961/961 960/960/960 958/958/958
f 964/964/964 963/963/963 962/962/962
f 965/965/965 964/964/964 962/962/962
f 968/968/968 967/967/967 966/966/966
f 969/969/969 968/968/968 966/966/966
f 972/972/972 971/971/971 970/970/970
f 973/973/973 972/972/972 970/970/970
f 976/976/976 975/975/975 974/974/974
f 977/977/977 976/976/976 974/974/974
f 980/980/980 979/979/979 978/978/978
f 981/981/981 980/980/980 978/978/978
f 984/984/984 983/983/983 982/982/982
f 985/985/985 984/984/984 982/982/982
f 988/988/988 987/987/987 986/986/986
f 989/989/989 988/988/988 986/986/986
f 992/992/992 991/991/991 990/990/990
f 991/991/991 993/993/993 990/990/990
f 994/994/994 993/993/993 991/991/991
f 997/997/997 996/996/996 995/995/995
f 998/998/998 997/997/997 995/995/995
f 1001/1001/1001 1000/1000/1000 999/999/999
f 1002/1002/1002 1001/1001/1001 999/999/999
f 1005/1005/1005 1004/1004/1004 1003/1003/1003
f 1006/1006/1006 1005/1005/1005 1003/1003/1003
f 1009/1009/1009 1008/1008/1008 1007/1007/1007
f 1010/1010/1010 1009/1009/1009 1007/1007/1007
f 1013/1013/1013 1012/1012/1012 1011/1011/1011
f 1014/1014/1014 1013/1013/1013 1011/1011/1011
f 1017/1017/1017 1016/1016/1016 1015/1015/1015
f 1018/1018/1018 1017/1017/1017 1015/1015/1015
f 1021/1021/1021 1020/1020/1020 1019/1019/1019
f 1022/1022/1022 1021/1021/1021 1019/1019/1019
f 1025/1025/1025 1024/1024/1024 1023/1023/1023
f 1026/1026/1026 1025/1025/1025 1023/1023/1023
f 1029/1029/1029 1028/1028/1028 1027/1027/1027
f 1030/1030/1030 1029/1029/1029 1027/1027/1027
f 1033/1033/1033 1032/1032/1032 1031/1031/1031
f 1034/1034/1034 1033/1033/1033 1031/1031/1031
f 1037/1037/1037 1036/1036/1036 1035/1035/1035
f 1038/1038/1038 1037/1037/1037 1035/1035/1035
f 1041/1041/1041 1040/1040/1040 1039/1039/1039
f 1042/1042/1042 1041/1041/1041 1039/1039/1039
f 1045/1045/1045 1044/1044/1044 1043/1043/1043
f 1046/1046/1046 1045/1045/1045 1043/1043/1043
f 1049/1049/1049 1048/1048/1048 1047/1047/1047
f 1050/1050/1050 1049/1049/1049 1047/1047/1047
f 1053/1053/1053 1052/1052/1052 1051/1051/1051
f 1054/1054/1054 1053/1053/1053 1051/1051/1051
f 1057/1057/1057 1056/1056/1056 1055/1055/1055
f 1058/1058/1058 1057/1057/1057 1055/1055/1055
f 1061/1061/1061 1060/1060/1060 1059/1059/1059
f 1062/1062/1062 1061/1061/1061 1059/1059/1059
f 1065/1065/1065 1064/1064/1064 1063/1063/1063
f 1066/1066/1066 1065/1065/1065 1063/1063/1063
f 1069/1069/1069 1068/1068/1068 1067/1067/1067
f 1070/1070/1070 1069/1069/1069 1067/1067/1067
f 1073/1073/1073 1072/1072/1072 1071/1071/1071
f 1074/1074/1074 1073/1073/1073 1071/1071/1071
f 1077/1077/1077 1076/1076/1076 1075/1075/1075
f 1078/1078/1078 1077/1077/1077 1075/1075/1075
f 1081/1081/1081 1080/1080/1080 1079/1079/1079
f 1082/1082/1082 1081/1081/1081 1079/1079/1079
f 1085/1085/1085 1084/1084/1084 1083/1083/1083
f 1086/1086/1086 1085/1085/1085 1083/1083/1083
f 1089/1089/1089 1088/1088/1088 1087/1087/1087
f 1090/1090/1090 1089/1089/1089 1087/1087/1087
f 1091/1091/1091 1090/1090/1090 1087/1087/1087
f 1091/1091/1091 1092/1092/1092 1090/1090/1090
f 1092/1092/1092 1093/1093/1093 1090/1090/1090
f 1091/1091/1091 1087/1087/1087 1094/1094/1094
f 1094/1094/1094 1087/1087/1087 1095/1095/1095
f 1096/1096/1096 1094/1094/1094 1095/1095/1095
f 1097/1097/1097 1091/1091/1091 1094/1094/1094
f 1097/1097/1097 1094/1094/1094 1098/1098/1098
f 1101/1101/1101 1100/1100/1100 1099/1099/1099
f 1102/1102/1102 1101/1101/1101 1099/1099/1099
f 1105/1105/1105 1104/1104/1104 1103/1103/1103
f 1106/1106/1106 1105/1105/1105 1103/1103/1103
f 1107/1107/1107 1106/1106/1106 1103/1103/1103
f 1108/1108/1108 1105/1105/1105 1106/1106/1106
f 1108/1108/1108 1106/1106/1106 1109/1109/1109
f 1110/1110/1110 1108/1108/1108 1109/1109/1109
f 1110/1110/1110 1111/1111/1111 1108/1108/1108
f 1111/1111/1111 1112/1112/1112 1108/1108/1108
f 1115/1115/1115 1114/1114/1114 1113/1113/1113
f 1114/1114/1114 1116/1116/1116 1113/1113/1113
f 1113/1113/1113 1116/1116/1116 1117/1117/1117
f 1118/1118/1118 1113/1113/1113 1117/1117/1117
f 1119/1119/1119 1118/1118/1118 1117/1117/1117
f 1120/1120/1120 1118/1118/1118 1119/1119/1119
f 1121/1121/1121 1120/1120/1120 1119/1119/1119
f 1122/1122/1122 1119/1119/1119 1117/1117/1117
f 1123/1123/1123 1122/1122/1122 1117/1117/1117
f 1124/1124/1124 1123/1123/1123 1117/1117/1117
f 1127/1127/1127 1126/1126/1126 1125/1125/1125
f 1128/1128/1128 1127/1127/1127 1125/1125/1125
f 1131/1131/1131 1130/1130/1130 1129/1129/1129
f 1130/1130/1130 1132/1132/1132 1129/1129/1129
f 1129/1129/1129 1132/1132/1132 1133/1133/1133
f 1134/1134/1134 1129/1129/1129 1133/1133/1133
f 1135/1135/1135 1134/1134/1134 1133/1133/1133
f 1136/1136/1136 1135/1135/1135 1133/1133/1133
f 1137/1137/1137 1134/1134/1134 1135/1135/1135
f 1138/1138/1138 1137/1137/1137 1135/1135/1135
f 1141/1141/1141 1140/1140/1140 1139/1139/1139
f 1140/1140/1140 1142/1142/1142 1139/1139/1139
f 1139/1139/1139 1142/1142/1142 1143/1143/1143
f 1140/1140/1140 1144/1144/1144 1142/1142/1142
f 1140/1140/1140 1145/1145/1145 1144/1144/1144
f 1145/1145/1145 1146/1146/1146 1144/1144/1144
f 1145/1145/1145 1147/1147/1147 1146/1146/1146
f 1147/1147/1147 1148/1148/1148 1146/1146/1146
f 1147/1147/1147 1149/1149/1149 1148/1148/1148
f 1149/1149/1149 1150/1150/1150 1148/1148/1148
f 1149/1149/1149 1151/1151/1151 1150/1150/1150
f 1151/1151/1151 1152/1152/1152 1150/1150/1150
f 1151/1151/1151 1153/1153/1153 1152/1152/1152
f 1152/1152/1152 1153/1153/1153 1154/1154/1154
f 1154/1154/1154 1153/1153/1153 1155/1155/1155
f 1153/1153/1153 1156/1156/1156 1155/1155/1155
f 1156/1156/1156 1157/1157/1157 1155/1155/1155
f 1157/1157/1157 1158/1158/1158 1155/1155/1155
f 1158/1158/1158 1159/1159/1159 1155/1155/1155
f 1155/1155/1155 1159/1159/1159 1160/1160/1160
f 1161/1161/1161 1155/1155/1155 1160/1160/1160
f 1162/1162/1162 1161/1161/1161 1160/1160/1160
f 1142/1142/1142 1161/1161/1161 1162/1162/1162
f 1143/1143/1143 1142/1142/1142 1162/1162/1162
f 1163/1163/1163 1143/1143/1143 1162/1162/1162
f 1164/1164/1164 1163/1163/1163 1162/1162/1162
f 1165/1165/1165 1164/1164/1164 1162/1162/1162
f 1166/1166/1166 1164/1164/1164 1165/1165/1165
f 1166/1166/1166 1165/1165/1165 1167/1167/1167
f 1168/1168/1168 1166/1166/1166 1167/1167/1167
f 1168/1168/1168 1167/1167/1167 1169/1169/1169
f 1170/1170/1170 1168/1168/1168 1169/1169/1169
f 1170/1170/1170 1169/1169/1169 1171/1171/1171
f 1172/1172/1172 1170/1170/1170 1171/1171/1171
f 1172/1172/1172 1171/1171/1171 1173/1173/1173
f 1174/1174/1174 1162/1162/1162 1160/1160/1160
f 1175/1175/1175 1172/1172/1172 1173/1173/1173
f 1175/1175/1175 1173/1173/1173 1176/1176/1176
f 1175/1175/1175 1176/1176/1176 1177/1177/1177
f 1177/1177/1177 1174/1174/1174 1160/1160/1160
f 1178/1178/1178 1175/1175/1175 1177/1177/1177
f 1178/1178/1178 1177/1177/1177 1160/1160/1160
f 1179/1179/1179 1178/1178/1178 1160/1160/1160
f 1180/1180/1180 1179/1179/1179 1160/1160/1160
f 1181/1181/1181 1180/1180/1180 1160/1160/1160
f 1182/1182/1182 1181/1181/1181 1160/1160/1160
f 1185/1185/1185 1184/1184/1184 1183/1183/1183
f 1186/1186/1186 1185/1185/1185 1183/1183/1183
f 1189/1189/1189 1188/1188/1188 1187/1187/1187
f 1189/1189/1189 1187/1187/1187 1190/1190/1190
f 1193/1193/1193 1192/1192/1192 1191/1191/1191
f 1194/1194/1194 1193/1193/1193 1191/1191/1191
f 1197/1197/1197 1196/1196/1196 1195/1195/1195
f 1198/1198/1198 1197/1197/1197 1195/1195/1195
f 1199/1199/1199 1198/1198/1198 1195/1195/1195
f 1199/1199/1199 1195/1195/1195 1200/1200/1200
f 1199/1199/1199 1200/1200/1200 1201/1201/1201
f 1202/1202/1202 1199/1199/1199 1201/1201/1201
f 1203/1203/1203 1202/1202/1202 1201/1201/1201
f 1204/1204/1204 1203/1203/1203 1201/1201/1201
f 1204/1204/1204 1205/1205/1205 1203/1203/1203
f 1206/1206/1206 1204/1204/1204 1201/1201/1201
f 1204/1204/1204 1207/1207/1207 1205/1205/1205
f 1206/1206/1206 1201/1201/1201 1208/1208/1208
f 1207/1207/1207 1209/1209/1209 1205/1205/1205
f 1210/1210/1210 1206/1206/1206 1208/1208/1208
f 1207/1207/1207 1211/1211/1211 1209/1209/1209
f 1210/1210/1210 1208/1208/1208 1212/1212/1212
f 1211/1211/1211 1213/1213/1213 1209/1209/1209
f 1211/1211/1211 1214/1214/1214 1213/1213/1213
f 1214/1214/1214 1215/1215/1215 1213/1213/1213
f 1216/1216/1216 1210/1210/1210 1212/1212/1212
f 1216/1216/1216 1212/1212/1212 1217/1217/1217
f 1218/1218/1218 1216/1216/1216 1217/1217/1217
f 1221/1221/1221 1220/1220/1220 1219/1219/1219
f 1222/1222/1222 1221/1221/1221 1219/1219/1219
f 1225/1225/1225 1224/1224/1224 1223/1223/1223
f 1226/1226/1226 1225/1225/1225 1223/1223/1223
f 1229/1229/1229 1228/1228/1228 1227/1227/1227
f 1230/1230/1230 1229/1229/1229 1227/1227/1227
f 1233/1233/1233 1232/1232/1232 1231/1231/1231
f 1234/1234/1234 1233/1233/1233 1231/1231/1231
f 1237/1237/1237 1236/1236/1236 1235/1235/1235
f 1238/1238/1238 1237/1237/1237 1235/1235/1235
f 1241/1241/1241 1240/1240/1240 1239/1239/1239
f 1242/1242/1242 1241/1241/1241 1239/1239/1239
f 1245/1245/1245 1244/1244/1244 1243/1243/1243
f 1246/1246/1246 1245/1245/1245 1243/1243/1243
f 1249/1249/1249 1248/1248/1248 1247/1247/1247
f 1250/1250/1250 1249/1249/1249 1247/1247/1247
f 1253/1253/1253 1252/1252/1252 1251/1251/1251
f 1254/1254/1254 1253/1253/1253 1251/1251/1251
f 1257/1257/1257 1256/1256/1256 1255/1255/1255
f 1258/1258/1258 1257/1257/1257 1255/1255/1255
f 1261/1261/1261 1260/1260/1260 1259/1259/1259
f 1262/1262/1262 1261/1261/1261 1259/1259/1259
f 1265/1265/1265 1264/1264/1264 1263/1263/1263
f 1266/1266/1266 1265/1265/1265 1263/1263/1263
f 1269/1269/1269 1268/1268/1268 1267/1267/1267
f 1270/1270/1270 1269/1269/1269 1267/1267/1267
f 1273/1273/1273 1272/1272/1272 1271/1271/1271
f 1274/1274/1274 1273/1273/1273 1271/1271/1271
f 1277/1277/1277 1276/1276/1276 1275/1275/1275
f 1278/1278/1278 1277/1277/1277 1275/1275/1275
f 1281/1281/1281 1280/1280/1280 1279/1279/1279
f 1282/1282/1282 1281/1281/1281 1279/1279/1279
f 1285/1285/1285 1284/1284/1284 1283/1283/1283
f 1286/1286/1286 1285/1285/1285 1283/1283/1283
f 1289/1289/1289 1288/1288/1288 1287/1287/1287
f 1290/1290/1290 1289/1289/1289 1287/1287/1287
f 1293/1293/1293 1292/1292/1292 1291/1291/1291
f 1294/1294/1294 1293/1293/1293 1291/1291/1291
f 1297/1297/1297 1296/1296/1296 1295/1295/1295
f 1298/1298/1298 1297/1297/1297 1295/1295/1295
f 1301/1301/1301 1300/1300/1300 1299/1299/1299
f 1302/1302/1302 1301/1301/1301 1299/1299/1299
f 1305/1305/1305 1304/1304/1304 1303/1303/1303
f 1306/1306/1306 1305/1305/1305 1303/1303/1303
f 1309/1309/1309 1308/1308/1308 1307/1307/1307
f 1310/1310/1310 1309/1309/1309 1307/1307/1307
f 1313/1313/1313 1312/1312/1312 1311/1311/1311
f 1314/1314/1314 1313/1313/1313 1311/1311/1311
f 1317/1317/1317 1316/1316/1316 1315/1315/1315
f 1318/1318/1318 1317/1317/1317 1315/1315/1315
f 1321/1321/1321 1320/1320/1320 1319/1319/1319
f 1322/1322/1322 1321/1321/1321 1319/1319/1319
f 1325/1325/1325 1324/1324/1324 1323/1323/1323
f 1326/1326/1326 1325/1325/1325 1323/1323/1323
f 1329/1329/1329 1328/1328/1328 1327/1327/1327
f 1330/1330/1330 1329/1329/1329 1327/1327/1327
f 1333/1333/1333 1332/1332/1332 1331/1331/1331
f 1334/1334/1334 1333/1333/1333 1331/1331/1331
f 1337/1337/1337 1336/1336/1336 1335/1335/1335
f 1338/1338/1338 1337/1337/1337 1335/1335/1335
f 1341/1341/1341 1340/1340/1340 1339/1339/1339
f 1342/1342/1342 1341/1341/1341 1339/1339/1339
f 1345/1345/1345 1344/1344/1344 1343/1343/1343
f 1346/1346/1346 1345/1345/1345 1343/1343/1343
f 1349/1349/1349 1348/1348/1348 1347/1347/1347
f 1350/1350/1350 1349/1349/1349 1347/1347/1347
f 1353/1353/1353 1352/1352/1352 1351/1351/1351
f 1354/1354/1354 1353/1353/1353 1351/1351/1351
f 1357/1357/1357 1356/1356/1356 1355/1355/1355
f 1358/1358/1358 1357/1357/1357 1355/1355/1355
f 1361/1361/1361 1360/1360/1360 1359/1359/1359
f 1362/1362/1362 1361/1361/1361 1359/1359/1359
f 1365/1365/1365 1364/1364/1364 1363/1363/1363
f 1366/1366/1366 1365/1365/1365 1363/1363/1363
f 1369/1369/1369 1368/1368/1368 1367/1367/1367
f 1370/1370/1370 1369/1369/1369 1367/1367/1367
f 1373/1373/1373 1372/1372/1372 1371/1371/1371
f 1374/1374/1374 1373/1373/1373 1371/1371/1371
f 1377/1377/1377 1376/1376/1376 1375/1375/1375
f 1378/1378/1378 1377/1377/1377 1375/1375/1375
f 1381/1381/1381 1380/1380/1380 1379/1379/1379
f 1382/1382/1382 1381/1381/1381 1379/1379/1379
f 1385/1385/1385 1384/1384/1384 1383/1383/1383
f 1386/1386/1386 1385/1385/1385 1383/1383/1383
f 1389/1389/1389 1388/1388/1388 1387/1387/1387
f 1390/1390/1390 1389/1389/1389 1387/1387/1387
f 1393/1393/1393 1392/1392/1392 1391/1391/1391
f 1394/1394/1394 1393/1393/1393 1391/1391/1391
f 1397/1397/1397 1396/1396/1396 1395/1395/1395
f 1398/1398/1398 1397/1397/1397 1395/1395/1395
f 1401/1401/1401 1400/1400/1400 1399/1399/1399
f 1402/1402/1402 1401/1401/1401 1399/1399/1399
f 1405/1405/1405 1404/1404/1404 1403/1403/1403
f 1406/1406/1406 1405/1405/1405 1403/1403/1403
f 1409/1409/1409 1408/1408/1408 1407/1407/1407
f 1410/1410/1410 1409/1409/1409 1407/1407/1407
f 1413/1413/1413 1412/1412/1412 1411/1411/1411
f 1414/1414/1414 1413/1413/1413 1411/1411/1411
f 1417/1417/1417 1416/1416/1416 1415/1415/1415
f 1418/1418/1418 1417/1417/1417 1415/1415/1415
f 1421/1421/1421 1420/1420/1420 1419/1419/1419
f 1422/1422/1422 1421/1421/1421 1419/1419/1419
f 1425/1425/1425 1424/1424/1424 1423/1423/1423
f 1426/1426/1426 1425/1425/1425 1423/1423/1423
f 1429/1429/1429 1428/1428/1428 1427/1427/1427
f 1430/1430/1430 1429/1429/1429 1427/1427/1427
f 1433/1433/1433 1432/1432/1432 1431/1431/1431
f 1434/1434/1434 1433/1433/1433 1431/1431/1431
f 1437/1437/1437 1436/1436/1436 1435/1435/1435
f 1438/1438/1438 1437/1437/1437 1435/1435/1435
f 1441/1441/1441 1440/1440/1440 1439/1439/1439
f 1442/1442/1442 1441/1441/1441 1439/1439/1439
f 1445/1445/1445 1444/1444/1444 1443/1443/1443
f 1446/1446/1446 1445/1445/1445 1443/1443/1443
f 1449/1449/1449 1448/1448/1448 1447/1447/1447
f 1450/1450/1450 1449/1449/1449 1447/1447/1447
f 1453/1453/1453 1452/1452/1452 1451/1451/1451
f 1454/1454/1454 1453/1453/1453 1451/1451/1451
f 1457/1457/1457 1456/1456/1456 1455/1455/1455
f 1458/1458/1458 1457/1457/1457 1455/1455/1455
f 1461/1461/1461 1460/1460/1460 1459/1459/1459
f 1462/1462/1462 1461/1461/1461 1459/1459/1459
f 1465/1465/1465 1464/1464/1464 1463/1463/1463
f 1466/1466/1466 1465/1465/1465 1463/1463/1463
f 1469/1469/1469 1468/1468/1468 1467/1467/1467
f 1470/1470/1470 1469/1469/1469 1467/1467/1467
f 1473/1473/1473 1472/1472/1472 1471/1471/1471
f 1474/1474/1474 1473/1473/1473 1471/1471/1471
f 1477/1477/1477 1476/1476/1476 1475/1475/1475
f 1478/1478/1478 1477/1477/1477 1475/1475/1475
f 1481/1481/1481 1480/1480/1480 1479/1479/1479
f 1482/1482/1482 1481/1481/1481 1479/1479/1479
f 1485/1485/1485 1484/1484/1484 1483/1483/1483
f 1486/1486/1486 1485/1485/1485 1483/1483/1483
f 1489/1489/1489 1488/1488/1488 1487/1487/1487
f 1490/1490/1490 1489/1489/1489 1487/1487/1487
f 1493/1493/1493 1492/1492/1492 1491/1491/1491
f 1494/1494/1494 1493/1493/1493 1491/1491/1491
f 1497/1497/1497 1496/1496/1496 1495/1495/1495
f 1498/1498/1498 1497/1497/1497 1495/1495/1495
f 1501/1501/1501 1500/1500/1500 1499/1499/1499
f 1502/1502/1502 1501/1501/1501 1499/1499/1499
f 1505/1505/1505 1504/1504/1504 1503/1503/1503
f 1506/1506/1506 1505/1505/1505 1503/1503/1503
f 1509/1509/1509 1508/1508/1508 1507/1507/1507
f 1510/1510/1510 1509/1509/1509 1507/1507/1507
f 1513/1513/1513 1512/1512/1512 1511/1511/1511
f 1514/1514/1514 1513/1513/1513 1511/1511/1511
f 1517/1517/1517 1516/1516/1516 1515/1515/1515
f 1518/1518/1518 1517/1517/1517 1515/1515/1515
f 1521/1521/1521 1520/1520/1520 1519/1519/1519
f 1522/1522/1522 1521/1521/1521 1519/1519/1519
f 1525/1525/1525 1524/1524/1524 1523/1523/1523
f 1526/1526/1526 1525/1525/1525 1523/1523/1523
f 1529/1529/1529 1528/1528/1528 1527/1527/1527
f 1530/1530/1530 1529/1529/1529 1527/1527/1527
f 1533/1533/1533 1532/1532/1532 1531/1531/1531
f 1534/1534/1534 1533/1533/1533 1531/1531/1531
f 1537/1537/1537 1536/1536/1536 1535/1535/1535
f 1538/1538/1538 1537/1537/1537 1535/1535/1535
f 1541/1541/1541 1540/1540/1540 1539/1539/1539
f 1542/1542/1542 1541/1541/1541 1539/1539/1539
f 1545/1545/1545 1544/1544/1544 1543/1543/1543
f 1546/1546/1546 1545/1545/1545 1543/1543/1543
f 1549/1549/1549 1548/1548/1548 1547/1547/1547
f 1550/1550/1550 1549/1549/1549 1547/1547/1547
f 1553/1553/1553 1552/1552/1552 1551/1551/1551
f 1554/1554/1554 1553/1553/1553 1551/1551/1551
f 1557/1557/1557 1556/1556/1556 1555/1555/1555
f 1558/1558/1558 1557/1557/1557 1555/1555/1555
f 1561/1561/1561 1560/1560/1560 1559/1559/1559
f 1562/1562/1562 1561/1561/1561 1559/1559/1559
f 1565/1565/1565 1564/1564/1564 1563/1563/1563
f 1566/1566/1566 1565/1565/1565 1563/1563/1563
f 1569/1569/1569 1568/1568/1568 1567/1567/1567
f 1570/1570/1570 1569/1569/1569 1567/1567/1567
f 1573/1573/1573 1572/1572/1572 1571/1571/1571
f 1574/1574/1574 1573/1573/1573 1571/1571/1571
f 1577/1577/1577 1576/1576/1576 1575/1575/1575
f 1578/1578/1578 1577/1577/1577 1575/1575/1575
f 1581/1581/1581 1580/1580/1580 1579/1579/1579
f 1582/1582/1582 1581/1581/1581 1579/1579/1579
f 1585/1585/1585 1584/1584/1584 1583/1583/1583
f 1586/1586/1586 1585/1585/1585 1583/1583/1583
f 1589/1589/1589 1588/1588/1588 1587/1587/1587
f 1590/1590/1590 1589/1589/1589 1587/1587/1587
f 1593/1593/1593 1592/1592/1592 1591/1591/1591
f 1594/1594/1594 1593/1593/1593 1591/1591/1591
f 1597/1597/1597 1596/1596/1596 1595/1595/1595
f 1598/1598/1598 1597/1597/1597 1595/1595/1595
f 1601/1601/1601 1600/1600/1600 1599/1599/1599
f 1602/1602/1602 1601/1601/1601 1599/1599/1599
f 1605/1605/1605 1604/1604/1604 1603/1603/1603
f 1606/1606/1606 1605/1605/1605 1603/1603/1603
f 1609/1609/1609 1608/1608/1608 1607/1607/1607
f 1610/1610/1610 1609/1609/1609 1607/1607/1607
f 1613/1613/1613 1612/1612/1612 1611/1611/1611
f 1614/1614/1614 1613/1613/1613 1611/1611/1611
f 1617/1617/1617 1616/1616/1616 1615/1615/1615
f 1618/1618/1618 1617/1617/1617 1615/1615/1615
f 1621/1621/1621 1620/1620/1620 1619/1619/1619
f 1622/1622/1622 1621/1621/1621 1619/1619/1619
f 1625/1625/1625 1624/1624/1624 1623/1623/1623
f 1626/1626/1626 1625/1625/1625 1623/1623/1623
f 1629/1629/1629 1628/1628/1628 1627/1627/1627
f 1630/1630/1630 1629/1629/1629 1627/1627/1627
f 1633/1633/1633 1632/1632/1632 1631/1631/1631
f 1634/1634/1634 1633/1633/1633 1631/1631/1631
f 1637/1637/1637 1636/1636/1636 1635/1635/1635
f 1638/1638/1638 1637/1637/1637 1635/1635/1635
f 1641/1641/1641 1640/1640/1640 1639/1639/1639
f 1642/1642/1642 1641/1641/1641 1639/1639/1639
f 1645/1645/1645 1644/1644/1644 1643/1643/1643
f 1646/1646/1646 1645/1645/1645 1643/1643/1643
f 1649/1649/1649 1648/1648/1648 1647/1647/1647
f 1650/1650/1650 1649/1649/1649 1647/1647/1647
f 1653/1653/1653 1652/1652/1652 1651/1651/1651
f 1654/1654/1654 1653/1653/1653 1651/1651/1651
f 1657/1657/1657 1656/1656/1656 1655/1655/1655
f 1658/1658/1658 1657/1657/1657 1655/1655/1655
f 1661/1661/1661 1660/1660/1660 1659/1659/1659
f 1662/1662/1662 1661/1661/1661 1659/1659/1659
f 1665/1665/1665 1664/1664/1664 1663/1663/1663
f 1666/1666/1666 1665/1665/1665 1663/1663/1663
f 1669/1669/1669 1668/1668/1668 1667/1667/1667
f 1670/1670/1670 1669/1669/1669 1667/1667/1667
f 1673/1673/1673 1672/1672/1672 1671/1671/1671
f 1674/1674/1674 1673/1673/1673 1671/1671/1671
f 1677/1677/1677 1676/1676/1676 1675/1675/1675
f 1678/1678/1678 1677/1677/1677 1675/1675/1675
f 1681/1681/1681 1680/1680/1680 1679/1679/1679
f 1682/1682/1682 1681/1681/1681 1679/1679/1679
f 1685/1685/1685 1684/1684/1684 1683/1683/1683
f 1686/1686/1686 1685/1685/1685 1683/1683/1683
f 1689/1689/1689 1688/1688/1688 1687/1687/1687
f 1690/1690/1690 1689/1689/1689 1687/1687/1687
f 1693/1693/1693 1692/1692/1692 1691/1691/1691
f 1694/1694/1694 1693/1693/1693 1691/1691/1691
f 1697/1697/1697 1696/1696/1696 1695/1695/1695
f 1698/1698/1698 1697/1697/1697 1695/1695/1695
f 1701/1701/1701 1700/1700/1700 1699/1699/1699
f 1702/1702/1702 1701/1701/1701 1699/1699/1699
f 1705/1705/1705 1704/1704/1704 1703/1703/1703
f 1706/1706/1706 1705/1705/1705 1703/1703/1703
f 1709/1709/1709 1708/1708/1708 1707/1707/1707
f 1710/1710/1710 1709/1709/1709 1707/1707/1707
f 1713/1713/1713 1712/1712/1712 1711/1711/1711
f 1714/1714/1714 1713/1713/1713 1711/1711/1711
f 1717/1717/1717 1716/1716/1716 1715/1715/1715
f 1718/1718/1718 1717/1717/1717 1715/1715/1715
f 1721/1721/1721 1720/1720/1720 1719/1719/1719
f 1722/1722/1722 1721/1721/1721 1719/1719/1719
f 1725/1725/1725 1724/1724/1724 1723/1723/1723
f 1726/1726/1726 1725/1725/1725 1723/1723/1723
f 1729/1729/1729 1728/1728/1728 1727/1727/1727
f 1730/1730/1730 1729/1729/1729 1727/1727/1727
f 1733/1733/1733 1732/1732/1732 1731/1731/1731
f 1734/1734/1734 1733/1733/1733 1731/1731/1731
