g people_U2
v -372.786285 47.393116 377.599243
v -372.907379 47.270977 377.52121
v -372.755676 47.2934647 377.725311
v -372.904053 47.4233589 377.513489
v -372.809296 48.1196136 377.453156
v -372.892914 47.8244095 377.634766
v -372.880676 47.4047356 377.644623
v -372.907379 47.270977 377.52121
v -372.904053 47.4233589 377.513489
v -372.904053 47.4233589 377.513489
v -372.907379 47.270977 377.52121
v -372.786285 47.393116 377.599243
v -372.76889 48.9761696 377.491638
v -372.819031 48.9400826 377.481293
v -372.688049 48.9364395 377.376434
v -372.830414 48.5378456 377.340393
v -372.688049 48.9364395 377.376434
v -372.925415 48.8879128 377.499359
v -372.925415 48.8879128 377.499359
v -372.999756 48.1785927 377.497559
v -372.830414 48.5378456 377.340393
v -372.731689 49.1911545 377.536133
v -372.651123 49.212944 377.530121
v -372.663666 49.0000992 377.611694
v -372.608063 48.9796791 377.502136
v -372.656982 48.8794022 377.543335
v -372.76889 48.9761696 377.491638
v -372.608063 48.9796791 377.502136
v -372.76889 48.9761696 377.491638
v -372.663666 49.0000992 377.611694
v -372.731689 49.1911545 377.536133
v -372.663666 49.0000992 377.611694
v -372.777557 49.192009 377.470245
v -372.777557 49.192009 377.470245
v -372.761353 49.0381508 377.433197
v -372.723114 49.1824646 377.333008
v -372.723114 49.1824646 377.333008
v -372.761353 49.0381508 377.433197
v -372.722168 49.0279884 377.389801
v -372.819031 48.9400826 377.481293
v -372.925415 48.8879128 377.499359
v -372.688049 48.9364395 377.376434
v -372.950287 48.2333488 377.5979
v -372.93335 48.13414 377.64093
v -373.026245 48.225193 377.550232
v -372.986389 48.2218742 377.525238
v -372.93335 48.13414 377.64093
v -372.950287 48.2333488 377.5979
v -372.925415 48.8879128 377.499359
v -372.939728 48.4986343 377.457062
v -372.941437 48.614296 377.59726
v -373.041809 48.5538521 377.499969
v -372.939728 48.4986343 377.457062
v -372.925415 48.8879128 377.499359
v -372.950287 48.2333488 377.5979
v -372.941437 48.614296 377.59726
v -372.939728 48.4986343 377.457062
v -372.809296 48.1196136 377.453156
v -372.729126 47.8236542 377.647675
v -372.709503 48.2588692 377.629059
v -372.999756 48.1785927 377.497559
v -372.892914 47.8244095 377.634766
v -372.809296 48.1196136 377.453156
v -372.892914 47.8244095 377.634766
v -372.999756 48.1785927 377.497559
v -372.948151 48.2131615 377.638458
v -372.690704 48.6315689 377.602692
v -372.941437 48.614296 377.59726
v -372.80365 48.90485 377.609192
v -372.711426 49.223877 377.309814
v -372.80307 49.1986504 377.39032
v -372.768829 49.0438194 377.382935
v -372.761353 49.0381508 377.433197
v -372.768829 49.0438194 377.382935
v -372.765533 49.0582886 377.484314
v -372.70575 47.3914795 377.466156
v -372.642426 47.395256 377.384125
v -372.57608 47.2885857 377.502228
v -372.589722 47.8564072 377.393677
v -372.73996 47.8174706 377.440826
v -372.763611 47.4294395 377.332062
v -372.763611 47.4294395 377.332062
v -372.76416 47.2738037 377.329071
v -372.642426 47.395256 377.384125
v -372.688049 48.9364395 377.376434
v -372.60788 48.8627853 377.262756
v -372.545258 48.8907089 377.443726
v -372.688049 48.9364395 377.376434
v -372.830414 48.5378456 377.340393
v -372.60788 48.8627853 377.262756
v -372.659729 48.1720924 377.249115
v -372.60788 48.8627853 377.262756
v -372.830414 48.5378456 377.340393
v -372.608063 48.9796791 377.502136
v -372.600769 49.1743431 377.403137
v -372.662811 49.0290413 377.394257
v -372.610626 48.8975868 377.442993
v -372.656982 48.8794022 377.543335
v -372.608063 48.9796791 377.502136
v -372.610626 48.8975868 377.442993
v -372.608063 48.9796791 377.502136
v -372.688049 48.9364395 377.376434
v -372.600769 49.1743431 377.403137
v -372.608063 48.9796791 377.502136
v -372.590118 49.1777573 377.484955
v -372.723114 49.1824646 377.333008
v -372.662811 49.0290413 377.394257
v -372.600769 49.1743431 377.403137
v -372.690704 48.6315689 377.602692
v -372.610626 48.8975868 377.442993
v -372.545258 48.8907089 377.443726
v -372.510864 48.5760651 377.347229
v -372.5495 48.1964226 377.354614
v -372.545258 48.8907089 377.443726
v -372.541565 48.1915016 377.273621
v -372.596893 48.2032623 377.311157
v -372.582001 47.9983597 377.345581
v -372.582001 47.9983597 377.345581
v -372.596893 48.2032623 377.311157
v -372.530792 48.1039047 377.401947
v -372.582001 47.9983597 377.345581
v -372.530792 48.1039047 377.401947
v -372.541565 48.1915016 377.273621
v -372.596893 48.2032623 377.311157
v -372.60788 48.8627853 377.262756
v -372.510864 48.5760651 377.347229
v -372.514771 48.6862793 377.223602
v -372.510864 48.5760651 377.347229
v -372.545258 48.8907089 377.443726
v -372.545258 48.8907089 377.443726
v -372.60788 48.8627853 377.262756
v -372.514771 48.6862793 377.223602
v -372.530792 48.1039047 377.401947
v -372.533752 48.2035713 377.365356
v -372.541565 48.1915016 377.273621
v -372.659729 48.1720924 377.249115
v -372.589722 47.8564072 377.393677
v -372.5495 48.1964226 377.354614
v -372.709503 48.2588692 377.629059
v -372.595459 48.2050705 377.505768
v -372.631592 47.8247833 377.551788
v -372.711426 49.223877 377.309814
v -372.768829 49.0438194 377.382935
v -372.621826 49.0946121 377.34317
v -372.611176 49.117527 377.424164
v -372.612976 49.1178131 377.469116
v -372.556549 49.1683578 377.435699
v -372.620941 49.0447388 377.429199
v -372.621826 49.0946121 377.34317
v -372.662811 49.0290413 377.394257
v -372.556549 49.1683578 377.435699
v -372.612976 49.1178131 377.469116
v -372.590118 49.1777573 377.484955
v -372.819031 48.9400826 377.481293
v -372.76889 48.9761696 377.491638
v -372.656982 48.8794022 377.543335
v -372.690704 48.6315689 377.602692
v -372.656982 48.8794022 377.543335
v -372.610626 48.8975868 377.442993
v -375.203217 47.4133339 378.249146
v -375.283813 47.2856369 378.121948
v -375.229553 47.3091545 378.382202
v -375.305786 47.4316711 378.258636
v -375.277222 47.4449348 378.116058
v -375.301147 47.8505707 378.155914
v -375.277222 47.4449348 378.116058
v -375.181122 47.8521843 378.157562
v -375.301147 47.8505707 378.155914
v -375.170227 47.8634796 378.320221
v -375.203217 47.4133339 378.249146
v -375.305786 47.4316711 378.258636
v -375.305786 47.4316711 378.258636
v -375.283813 47.2856369 378.121948
v -375.277222 47.4449348 378.116058
v -375.277222 47.4449348 378.116058
v -375.283813 47.2856369 378.121948
v -375.203217 47.4133339 378.249146
v -375.13327 49.095459 378.160858
v -375.178589 49.0298615 378.119354
v -375.017792 49.0270271 378.082001
v -375.131287 48.610157 377.984192
v -375.017792 49.0270271 378.082001
v -375.29126 48.9760704 378.093292
v -375.29126 48.9760704 378.093292
v -375.361023 48.2345085 378.058899
v -375.131287 48.610157 377.984192
v -375.123657 49.2930984 378.213257
v -375.044586 49.3158798 378.24295
v -375.092316 49.0933456 378.31485
v -375.050415 49.0537376 378.232941
v -375.13327 49.095459 378.160858
v -375.092316 49.0933456 378.31485
v -375.123657 49.2930984 378.213257
v -375.092316 49.0933456 378.31485
v -375.138245 49.2939911 378.130585
v -375.131256 49.2207069 378.136749
v -375.131989 49.2348633 378.1539
v -375.13205 49.1691589 378.177734
v -375.138245 49.2939911 378.130585
v -375.106567 49.1331406 378.10257
v -375.026276 49.2840157 378.024353
v -375.026276 49.2840157 378.024353
v -375.106567 49.1331406 378.10257
v -375.050354 49.1225128 378.078644
v -375.178589 49.0298615 378.119354
v -375.29126 48.9760704 378.093292
v -375.017792 49.0270271 378.082001
v -375.358185 48.2917519 378.175812
v -375.360992 48.1880188 378.224091
v -375.409271 48.2832336 378.097229
v -375.360474 48.2797623 378.091034
v -375.360992 48.1880188 378.224091
v -375.358185 48.2917519 378.175812
v -375.401978 48.6267319 378.042725
v -375.292175 48.5796928 378.009033
v -375.29126 48.9760704 378.093292
v -375.358185 48.2917519 378.175812
v -375.349457 48.6900444 378.179138
v -375.268982 48.5775909 378.120697
v -375.178589 49.0298615 378.119354
v -375.050415 49.0537376 378.232941
v -375.187347 48.9795837 378.252258
v -375.050415 49.0537376 378.232941
v -375.046356 48.7166023 378.279449
v -375.187347 48.9795837 378.252258
v -375.187347 48.9795837 378.252258
v -375.349457 48.6900444 378.179138
v -375.298981 48.9437485 378.216461
v -375.005005 49.327301 378.007477
v -375.12735 49.3009377 378.04361
v -375.091553 49.13908 378.051605
v -375.106567 49.1331406 378.10257
v -375.091553 49.13908 378.051605
v -375.133026 49.1541634 378.149292
v -375.068268 47.4115906 378.158325
v -374.972198 47.415554 378.108276
v -374.961121 47.3040428 378.249481
v -374.926361 47.897686 378.140503
v -375.08963 47.8569641 378.119232
v -375.06424 47.4513016 378.005676
v -375.06424 47.4513016 378.005676
v -375.063477 47.2885895 378.002533
v -374.972198 47.415554 378.108276
v -374.98111 49.087307 378.219025
v -374.949768 48.9791031 378.211456
v -375.050415 49.0537376 378.232941
v -375.017792 49.0270271 378.082001
v -374.886047 48.9498291 378.008362
v -374.949768 48.9791031 378.211456
v -375.017792 49.0270271 378.082001
v -375.131287 48.610157 377.984192
v -374.886047 48.9498291 378.008362
v -374.929321 48.2277184 377.972595
v -374.886047 48.9498291 378.008362
v -375.131287 48.610157 377.984192
v -374.98111 49.087307 378.219025
v -374.94101 49.2755089 378.144592
v -374.995972 49.1236153 378.108948
v -374.94101 49.2755089 378.144592
v -374.98111 49.087307 378.219025
v -374.966858 49.2790909 378.226929
v -375.026276 49.2840157 378.024353
v -374.995972 49.1236153 378.108948
v -374.94101 49.2755089 378.144592
v -374.831177 48.650135 378.131012
v -374.871094 48.2531509 378.121124
v -375.046356 48.7166023 378.279449
v -374.827972 48.2480087 378.047791
v -374.878448 48.2511215 378.043945
v -374.89798 48.046093 378.098236
v -374.89798 48.046093 378.098236
v -374.878448 48.2511215 378.043945
v -374.874115 48.1564331 378.174255
v -374.89798 48.046093 378.098236
v -374.874115 48.1564331 378.174255
v -374.827972 48.2480087 378.047791
v -374.922089 48.5418549 378.086639
v -374.886047 48.9498291 378.008362
v -374.831177 48.650135 378.131012
v -374.780609 48.7652397 378.012085
v -374.831177 48.650135 378.131012
v -374.842377 48.9287186 378.161407
v -374.842377 48.9287186 378.161407
v -374.886047 48.9498291 378.008362
v -374.780609 48.7652397 378.012085
v -374.874115 48.1564331 378.174255
v -374.86087 48.2606277 378.138214
v -374.827972 48.2480087 378.047791
v -374.929321 48.2277184 377.972595
v -374.926361 47.897686 378.140503
v -374.871094 48.2531509 378.121124
v -374.949768 48.9791031 378.211456
v -375.046356 48.7166023 378.279449
v -375.050415 49.0537376 378.232941
v -374.842377 48.9287186 378.161407
v -374.949768 48.9791031 378.211456
v -374.886047 48.9498291 378.008362
v -375.005005 49.327301 378.007477
v -375.091553 49.13908 378.051605
v -374.934662 49.1921768 378.078461
v -374.960175 49.2161179 378.159973
v -374.981598 49.2164345 378.201843
v -374.913422 49.2692719 378.194916
v -374.971619 49.1399803 378.160461
v -374.934662 49.1921768 378.078461
v -374.995972 49.1236153 378.108948
v -374.913422 49.2692719 378.194916
v -374.981598 49.2164345 378.201843
v -374.966858 49.2790909 378.226929
v -377.261871 47.3635178 379.869415
v -377.40451 47.2435188 379.842407
v -377.187073 47.2676086 379.977814
v -377.404938 47.4001236 379.840393
v -377.324951 48.1050377 379.792877
v -377.313232 47.8220901 379.978546
v -377.330322 47.3717194 379.948822
v -377.40451 47.2435188 379.842407
v -377.404938 47.4001236 379.840393
v -377.404938 47.4001236 379.840393
v -377.40451 47.2435188 379.842407
v -377.261871 47.3635178 379.869415
v -377.247864 48.9716187 379.934174
v -377.356232 48.9120369 379.872803
v -377.350098 49.0007706 379.879761
v -377.356232 48.9120369 379.872803
v -377.247864 48.9716187 379.934174
v -377.294678 48.8733749 379.913971
v -377.323883 49.0741615 379.932281
v -377.308167 49.0872459 379.939331
v -377.281891 49.02668 379.92572
v -377.247864 48.9716187 379.934174
v -377.350098 49.0007706 379.879761
v -377.41803 49.1645737 379.854828
v -377.41803 49.1645737 379.854828
v -377.350098 49.0007706 379.879761
v -377.362671 49.0054512 379.821686
v -377.215515 49.1854286 379.893646
v -377.252777 49.1431656 379.955505
v -377.41803 49.1645737 379.854828
v -377.319702 48.1621284 380.082764
v -377.277802 48.0653915 380.074463
v -377.411011 48.1540489 380.058228
v -377.393921 48.152626 380.014374
v -377.277802 48.0653915 380.074463
v -377.30777 48.1552391 380.014893
v -377.271606 48.8691826 379.976379
v -377.458771 48.674221 379.913452
v -377.30777 48.1552391 380.014893
v -377.319702 48.1621284 380.082764
v -377.347168 48.6496048 380.06665
v -377.30777 48.1552391 380.014893
v -377.271606 48.8691826 379.976379
v -377.30777 48.1552391 380.014893
v -377.347168 48.6496048 380.06665
v -377.324951 48.1050377 379.792877
v -377.172852 47.78228 379.901978
v -377.14682 48.2252083 379.885101
v -377.449921 48.149292 379.954926
v -377.313232 47.8220901 379.978546
v -377.324951 48.1050377 379.792877
v -377.313232 47.8220901 379.978546
v -377.449921 48.149292 379.954926
v -377.323944 48.1749153 380.032532
v -377.433746 49.2040291 379.826874
v -377.4151 49.1488495 379.936127
v -377.395599 49.0097198 379.859802
v -377.350098 49.0007706 379.879761
v -377.395599 49.0097198 379.859802
v -377.310272 49.0130768 379.917847
v -377.227509 47.3657227 379.71817
v -377.19809 47.3804474 379.619812
v -377.102051 47.2610397 379.700836
v -377.344086 47.4005737 379.629456
v -377.341431 47.2492561 379.613922
v -377.19809 47.3804474 379.619812
v -377.325409 48.9177361 379.739075
v -377.283875 48.8418427 379.509277
v -377.178284 48.8774071 379.742828
v -377.219025 49.1722832 379.811096
v -377.239105 49.1719551 379.77655
v -377.134766 48.9698982 379.862701
v -377.41803 49.1645737 379.854828
v -377.325104 49.0206223 379.778107
v -377.239105 49.1719551 379.77655
v -377.244507 48.214817 379.470612
v -377.152527 48.1237297 379.567261
v -377.186005 48.2268829 379.517975
v -377.244507 48.214817 379.470612
v -377.266296 48.2167091 379.535034
v -377.219238 48.0162315 379.546021
v -377.219238 48.0162315 379.546021
v -377.266296 48.2167091 379.535034
v -377.152527 48.1237297 379.567261
v -377.219238 48.0162315 379.546021
v -377.152527 48.1237297 379.567261
v -377.244507 48.214817 379.470612
v -377.266296 48.2167091 379.535034
v -377.340057 48.5264816 379.553223
v -377.173431 48.8606339 379.652649
v -377.283875 48.8418427 379.509277
v -377.186005 48.2268829 379.517975
v -377.173431 48.8606339 379.652649
v -377.186005 48.2268829 379.517975
v -377.266296 48.2167091 379.535034
v -377.173431 48.8606339 379.652649
v -377.341309 48.1561928 379.564453
v -377.340057 48.5264816 379.553223
v -377.458771 48.674221 379.913452
v -377.173431 48.8606339 379.652649
v -377.178284 48.8774071 379.742828
v -377.283875 48.8418427 379.509277
v -377.433746 49.2040291 379.826874
v -377.395599 49.0097198 379.859802
v -377.350189 49.0998611 379.736938
v -377.277832 49.1156273 379.779022
v -377.241669 49.1106148 379.804443
v -377.241913 49.1773758 379.755432
v -377.274445 49.0425186 379.769348
v -377.350189 49.0998611 379.736938
v -377.325104 49.0206223 379.778107
v -377.241913 49.1773758 379.755432
v -377.241669 49.1106148 379.804443
v -377.219025 49.1722832 379.811096
v -377.196075 48.8612442 379.849823
v -377.223846 48.9506226 379.783844
v -377.178284 48.8774071 379.742828
v -377.165131 48.5956154 379.878143
v -377.196075 48.8612442 379.849823
v -377.178284 48.8774071 379.742828
v -374.297119 47.3495979 378.048859
v -374.322632 47.2682915 377.935425
v -374.347778 47.2846222 378.152344
v -374.176544 48.79739 378.061096
v -374.120514 48.6157761 378.134674
v -374.290222 48.6294136 378.077789
v -374.348633 48.7136078 377.896393
v -374.152588 48.7929306 377.967438
v -374.176544 48.79739 378.061096
v -374.152588 48.7929306 377.967438
v -374.348633 48.7136078 377.896393
v -373.994232 48.668129 377.928711
v -373.994232 48.668129 377.928711
v -374.348633 48.7136078 377.896393
v -374.294189 48.493824 377.868744
v -374.154633 47.3467941 378.011688
v -374.074402 47.3586044 378.011444
v -374.099396 47.2803154 378.116089
v -374.120514 48.6157761 378.134674
v -373.994232 48.668129 377.928711
v -374.036652 48.2002258 377.925812
v -374.118317 47.648304 377.971313
v -374.036652 48.2002258 377.925812
v -374.210236 48.0194397 377.919891
v -374.117218 48.807251 378.078583
v -373.972778 48.6842041 378.078613
v -374.176544 48.79739 378.061096
v -373.994232 48.668129 377.928711
v -373.933716 48.6960373 377.976807
v -374.152588 48.7929306 377.967438
v -374.120514 48.6157761 378.134674
v -374.026978 48.1872368 378.070282
v -374.230011 48.1459236 378.122284
v -374.176544 48.79739 378.061096
v -374.210785 48.8898506 377.992706
v -374.199402 48.8263474 378.143372
v -374.210785 48.8898506 377.992706
v -374.176544 48.79739 378.061096
v -374.152588 48.7929306 377.967438
v -374.234802 48.9183731 378.058838
v -374.199402 48.8263474 378.143372
v -374.210785 48.8898506 377.992706
v -373.980011 48.9438515 378.018311
v -374.056732 48.9996071 377.843506
v -374.115784 48.8153038 377.951874
v -374.217834 49.0115128 378.03653
v -374.234802 48.9183731 378.058838
v -374.246521 48.9612923 377.904663
v -374.246521 48.9612923 377.904663
v -374.234802 48.9183731 378.058838
v -374.115784 48.8153038 377.951874
v -374.167023 49.0358772 378.105591
v -374.114868 49.0011177 377.977386
v -374.217834 49.0115128 378.03653
v -374.077087 48.8760529 378.044617
v -374.086914 48.9988136 378.093231
v -373.980011 48.9438515 378.018311
v -374.115784 48.8153038 377.951874
v -374.077087 48.8760529 378.044617
v -373.980011 48.9438515 378.018311
v -374.167023 49.0358772 378.105591
v -374.086914 48.9988136 378.093231
v -374.114868 49.0011177 377.977386
v -374.115784 48.8153038 377.951874
v -374.056732 48.9996071 377.843506
v -374.246521 48.9612923 377.904663
v -374.152588 48.7929306 377.967438
v -374.077087 48.8760529 378.044617
v -374.210785 48.8898506 377.992706
v -374.322632 47.2682915 377.935425
v -374.210236 48.0194397 377.919891
v -374.337524 48.0999641 377.906158
v -374.444519 47.9733582 377.887726
v -374.453552 48.0101738 377.975433
v -374.414886 48.0513229 377.990356
v -374.290222 48.6294136 378.077789
v -374.376801 48.669735 378.003845
v -374.176544 48.79739 378.061096
v -374.444519 47.9733582 377.887726
v -374.294189 48.493824 377.868744
v -374.40271 48.3191528 377.859131
v -374.40271 48.3191528 377.859131
v -374.348633 48.7136078 377.896393
v -374.376801 48.669735 378.003845
v -373.916809 48.2497444 377.993103
v -373.994232 48.668129 377.928711
v -373.979126 47.9396133 377.993469
v -373.972778 48.6842041 378.078613
v -373.998993 48.3646889 378.000244
v -374.120514 48.6157761 378.134674
v -373.476379 47.7313919 377.698883
v -373.51004 47.3700333 377.687622
v -373.515656 48.0513191 377.609589
v -373.390778 48.8621864 377.65036
v -373.342529 48.8724022 377.583252
v -373.394836 48.7530937 377.614319
v -373.342529 48.8724022 377.583252
v -373.353333 48.9676704 377.56662
v -373.469788 48.86446 377.61853
v -373.350891 48.9548874 377.468658
v -373.469788 48.86446 377.61853
v -373.353333 48.9676704 377.56662
v -373.390778 48.8621864 377.65036
v -373.488983 48.7726059 377.639252
v -373.492706 48.8431091 377.54425
v -373.332489 48.6052322 377.636444
v -373.237823 48.6224785 377.68988
v -373.394836 48.7530937 377.614319
v -373.371002 48.6333961 377.795441
v -373.394836 48.7530937 377.614319
v -373.237823 48.6224785 377.68988
v -373.237823 48.6224785 377.68988
v -373.105957 48.4749374 377.665466
v -373.371002 48.6333961 377.795441
v -373.394836 48.7530937 377.614319
v -373.400452 48.6722298 377.493958
v -373.332489 48.6052322 377.636444
v -373.51004 47.3700333 377.687622
v -373.376892 47.2704124 377.747498
v -373.493988 47.3139954 377.800354
v -373.353333 48.9676704 377.56662
v -373.383789 49.0056267 377.69632
v -373.363281 48.970295 377.462555
v -373.383789 49.0056267 377.69632
v -373.353333 48.9676704 377.56662
v -373.430054 48.8699341 377.631897
v -373.383789 49.0056267 377.69632
v -373.608734 48.8603134 377.746368
v -373.542236 49.0899391 377.618225
v -373.608734 48.8603134 377.746368
v -373.383789 49.0056267 377.69632
v -373.41745 48.8318901 377.765106
v -373.2901 48.0165749 377.467224
v -373.435577 48.0680618 377.345428
v -373.428864 47.3404961 377.560333
v -373.488983 48.7726059 377.639252
v -373.625977 48.6782646 377.479004
v -373.420471 48.7530403 377.55899
v -373.625977 48.6782646 377.479004
v -373.488983 48.7726059 377.639252
v -373.614929 48.4944191 377.53064
v -373.571899 48.0575447 377.45285
v -373.614929 48.4944191 377.53064
v -373.515656 48.0513191 377.609589
v -373.452698 48.9399796 377.467255
v -373.439209 48.8473015 377.484222
v -373.350891 48.9548874 377.468658
v -373.350891 48.9548874 377.468658
v -373.452698 48.9399796 377.467255
v -373.469788 48.86446 377.61853
v -373.605652 48.1029625 377.363617
v -373.48114 48.0461273 377.334961
v -373.542725 48.1165237 377.361847
v -373.605652 48.1029625 377.363617
v -373.590149 48.1023483 377.402496
v -373.517731 47.939045 377.328003
v -373.517731 47.939045 377.328003
v -373.590149 48.1023483 377.402496
v -373.48114 48.0461273 377.334961
v -373.542725 48.1165237 377.361847
v -373.48114 48.0461273 377.334961
v -373.590149 48.1023483 377.402496
v -373.517731 47.939045 377.328003
v -373.48114 48.0461273 377.334961
v -373.605652 48.1029625 377.363617
v -373.400452 48.6722298 377.493958
v -373.420471 48.7530403 377.55899
v -373.528198 48.6710472 377.420288
v -373.528198 48.6710472 377.420288
v -373.578827 48.3255348 377.456421
v -373.400452 48.6722298 377.493958
v -373.430054 48.8699341 377.631897
v -373.494751 48.8400536 377.530518
v -373.491455 48.765831 377.65448
v -373.589569 48.9605446 377.491058
v -373.363281 48.970295 377.462555
v -373.542236 49.0899391 377.618225
v -373.618774 48.7802544 377.562988
v -373.589569 48.9605446 377.491058
v -373.608734 48.8603134 377.746368
v -373.491455 48.765831 377.65448
v -373.618774 48.7802544 377.562988
v -373.608734 48.8603134 377.746368
v -373.491455 48.765831 377.65448
v -373.494751 48.8400536 377.530518
v -373.618774 48.7802544 377.562988
v -377.468323 47.3288651 380.380096
v -377.540253 47.2149506 380.410706
v -377.338501 47.237793 380.370972
v -377.413788 47.9664688 380.232269
v -377.395599 47.7269287 380.335144
v -377.40683 48.032238 380.473022
v -377.706207 48.5145264 380.180206
v -377.626434 48.4339256 380.460938
v -377.586914 48.0665855 380.496704
v -377.541138 47.3427925 380.44812
v -377.531433 47.2114639 380.486847
v -377.540253 47.2149506 380.410706
v -377.475525 48.8718224 380.316467
v -377.49173 48.7436676 380.27301
v -377.542786 48.8438454 380.328125
v -377.475525 48.8718224 380.316467
v -377.50415 48.965332 380.312622
v -377.594818 48.8380356 380.264069
v -377.441406 48.9793243 380.235138
v -377.594818 48.8380356 380.264069
v -377.50415 48.965332 380.312622
v -377.596802 48.7512627 380.277832
v -377.563293 48.8295555 380.17981
v -377.542786 48.8438454 380.328125
v -377.500854 48.09198 380.519745
v -377.45282 48.0052223 380.51181
v -377.54715 48.0907211 380.564636
v -377.56073 48.0880394 380.528625
v -377.45282 48.0052223 380.51181
v -377.500854 48.09198 380.519745
v -377.446472 48.5875206 380.356689
v -377.460114 48.6248665 380.466827
v -377.49173 48.7436676 380.27301
v -377.500854 48.09198 380.519745
v -377.580139 48.3495789 380.561768
v -377.561798 48.3443527 380.457825
v -377.561798 48.3443527 380.457825
v -377.446472 48.5875206 380.356689
v -377.626434 48.4339256 380.460938
v -377.460114 48.6248665 380.466827
v -377.580139 48.3495789 380.561768
v -377.567993 48.6640511 380.493988
v -377.567993 48.6640511 380.493988
v -377.596802 48.7512627 380.277832
v -377.49173 48.7436676 380.27301
v -377.49173 48.7436676 380.27301
v -377.432953 48.6035881 380.235168
v -377.446472 48.5875206 380.356689
v -377.540253 47.2149506 380.410706
v -377.468323 47.3288651 380.380096
v -377.541138 47.3427925 380.44812
v -377.50415 48.965332 380.312622
v -377.613068 48.9618988 380.397369
v -377.452332 48.9953651 380.226929
v -377.613068 48.9618988 380.397369
v -377.50415 48.965332 380.312622
v -377.575409 48.8437576 380.297485
v -377.613068 48.9618988 380.397369
v -377.772552 48.7817078 380.278015
v -377.713135 49.0404854 380.249542
v -377.772552 48.7817078 380.278015
v -377.613068 48.9618988 380.397369
v -377.640045 48.736599 380.37381
v -377.60733 47.6279182 380.256958
v -377.698883 48.0370865 380.200043
v -377.634827 48.0331993 380.356415
v -377.514862 48.9526329 380.17038
v -377.488495 48.8596306 380.177002
v -377.441406 48.9793243 380.235138
v -377.563293 48.8295555 380.17981
v -377.49173 48.7436676 380.27301
v -377.441406 48.9793243 380.235138
v -377.441406 48.9793243 380.235138
v -377.514862 48.9526329 380.17038
v -377.594818 48.8380356 380.264069
v -377.565002 47.9743843 380.102234
v -377.608582 48.0619698 380.091949
v -377.67099 48.0594559 380.078369
v -377.67099 48.0594559 380.078369
v -377.665588 48.0627823 380.118927
v -377.625336 47.8825073 380.131012
v -377.625336 47.8825073 380.131012
v -377.665588 48.0627823 380.118927
v -377.565002 47.9743843 380.102234
v -377.608582 48.0619698 380.091949
v -377.565002 47.9743843 380.102234
v -377.665588 48.0627823 380.118927
v -377.625336 47.8825073 380.131012
v -377.565002 47.9743843 380.102234
v -377.67099 48.0594559 380.078369
v -377.579742 48.6393814 380.074646
v -377.636658 48.2985725 380.141296
v -377.520294 48.6788864 380.172394
v -377.596802 48.7512627 380.277832
v -377.689209 48.6549377 380.098267
v -377.520294 48.6788864 380.172394
v -377.470734 47.2381744 380.180511
v -377.695923 47.214344 380.259735
v -377.64679 47.2164001 380.31189
v -377.695923 47.214344 380.259735
v -377.671478 47.3515625 380.276825
v -377.64679 47.2164001 380.31189
v -377.610352 47.3313599 380.20752
v -377.671478 47.3515625 380.276825
v -377.695923 47.214344 380.259735
v -377.575409 48.8437576 380.297485
v -377.555115 48.8336067 380.178802
v -377.561615 48.7753754 380.281189
v -377.63974 48.9454002 380.105194
v -377.452332 48.9953651 380.226929
v -377.713135 49.0404854 380.249542
v -377.653503 48.7505951 380.119659
v -377.63974 48.9454002 380.105194
v -377.772552 48.7817078 380.278015
v -377.640045 48.736599 380.37381
v -377.653503 48.7505951 380.119659
v -377.772552 48.7817078 380.278015
v -376.935089 47.3642235 379.342285
v -376.992828 47.2512131 379.293488
v -376.874329 47.2694359 379.458801
v -376.909363 48.6242867 379.363342
v -376.784393 48.6300507 379.321259
v -376.829071 48.2774048 379.298309
v -376.874847 48.779232 379.278442
v -376.914368 48.8298264 379.287292
v -376.793457 48.7999458 379.312012
v -376.876038 48.8953171 379.338715
v -376.885803 48.9913902 379.333008
v -376.925598 48.8843727 379.211487
v -376.803986 49.0152245 379.306915
v -376.925598 48.8843727 379.211487
v -376.885803 48.9913902 379.333008
v -376.956848 48.8696594 379.253723
v -376.936249 48.7908325 379.201752
v -376.905914 48.8689346 379.16922
v -377.056915 48.1100044 379.406555
v -377.021484 48.0253487 379.440857
v -377.120209 48.1114655 379.392578
v -377.097748 48.1101952 379.360901
v -377.021484 48.0253487 379.440857
v -377.056915 48.1100044 379.406555
v -377.052673 48.6171188 379.252289
v -377.07074 48.3399162 379.316315
v -376.909363 48.6242867 379.363342
v -376.909363 48.6242867 379.363342
v -377.026245 48.6292534 379.410858
v -376.874847 48.779232 379.278442
v -377.109589 48.6688881 379.347015
v -377.07074 48.3399162 379.316315
v -377.052673 48.6171188 379.252289
v -377.056915 48.1100044 379.406555
v -377.026245 48.6292534 379.410858
v -377.07074 48.3399162 379.316315
v -377.096436 48.0519142 379.300934
v -377.079041 48.0992355 379.315674
v -377.000671 48.0789299 379.184021
v -376.829071 48.2774048 379.298309
v -376.819031 48.0666122 379.354919
v -376.967041 48.0628357 379.434753
v -376.992828 47.2512131 379.293488
v -376.935089 47.3642235 379.342285
v -377.022797 47.3774147 379.304596
v -377.023407 48.9987564 379.320435
v -376.885803 48.9913902 379.333008
v -376.934998 48.8807564 379.295746
v -376.925598 48.8843727 379.211487
v -376.94162 48.7812462 379.19458
v -376.934998 48.8807564 379.295746
v -377.023407 48.9987564 379.320435
v -377.067261 48.8569908 379.09436
v -376.988098 49.1052132 379.160156
v -377.067261 48.8569908 379.09436
v -377.023407 48.9987564 379.320435
v -377.053772 48.8180008 379.284546
v -376.94162 48.7812462 379.19458
v -376.914368 48.8298264 379.287292
v -376.934998 48.8807564 379.295746
v -376.753601 48.1030922 379.121277
v -376.899536 48.0039864 379.039429
v -376.898285 48.0942802 379.049988
v -376.899536 48.0039864 379.039429
v -376.9104 48.5578499 379.043274
v -377.096436 48.0519142 379.300934
v -376.84552 48.8302078 379.201172
v -376.843781 48.8817139 379.179901
v -376.905914 48.8689346 379.16922
v -376.793457 48.7999458 379.312012
v -376.84552 48.8302078 379.201172
v -376.874847 48.779232 379.278442
v -376.803986 49.0152245 379.306915
v -376.796356 48.9920692 379.221191
v -376.925598 48.8843727 379.211487
v -376.88681 47.7465668 379.107056
v -376.884247 47.3774681 379.212585
v -376.929962 47.3812599 379.122314
v -376.760986 48.0292435 379.102966
v -376.775635 48.116066 379.059753
v -376.798584 48.1148987 378.999817
v -376.798584 48.1148987 378.999817
v -376.82959 48.1169319 379.026978
v -376.818604 47.9373322 379.069366
v -376.818604 47.9373322 379.069366
v -376.82959 48.1169319 379.026978
v -376.760986 48.0292435 379.102966
v -376.775635 48.116066 379.059753
v -376.760986 48.0292435 379.102966
v -376.82959 48.1169319 379.026978
v -376.818604 47.9373322 379.069366
v -376.760986 48.0292435 379.102966
v -376.798584 48.1148987 378.999817
v -376.752228 48.6934738 379.093781
v -376.835571 48.3493423 379.071716
v -376.790131 48.7165642 379.201477
v -376.936249 48.7908325 379.201752
v -376.833954 48.708046 379.016754
v -376.790131 48.7165642 379.201477
v -376.817291 48.0990829 379.325623
v -376.829071 48.2774048 379.298309
v -376.753601 48.1030922 379.121277
v -376.884247 47.3774681 379.212585
v -376.839203 47.3792992 379.151245
v -376.754242 47.2766838 379.246765
v -376.754242 47.2766838 379.246765
v -376.923035 47.2478065 379.103485
v -376.949799 47.2512817 379.170837
v -376.923035 47.2478065 379.103485
v -376.754242 47.2766838 379.246765
v -376.929962 47.3812599 379.122314
v -376.925598 48.8843727 379.211487
v -376.843781 48.8817139 379.179901
v -376.94162 48.7812462 379.19458
v -376.841675 49.0114365 379.089508
v -376.799225 49.0951157 379.311218
v -376.988098 49.1052132 379.160156
v -376.873596 48.8192482 379.056488
v -376.841675 49.0114365 379.089508
v -377.067261 48.8569908 379.09436
v -376.94162 48.7812462 379.19458
v -376.873596 48.8192482 379.056488
v -377.067261 48.8569908 379.09436
v -376.94162 48.7812462 379.19458
v -376.84552 48.8302078 379.201172
v -376.873596 48.8192482 379.056488
v -376.94162 48.7812462 379.19458
v -376.843781 48.8817139 379.179901
v -376.84552 48.8302078 379.201172
v -376.967041 48.0628357 379.434753
v -376.909363 48.6242867 379.363342
v -376.829071 48.2774048 379.298309
v -376.784393 48.6300507 379.321259
v -376.909363 48.6242867 379.363342
v -376.874847 48.779232 379.278442
v -377.000671 48.0789299 379.184021
v -377.079041 48.0992355 379.315674
v -377.029266 48.1917953 379.238678
v -376.790131 48.7165642 379.201477
v -376.829071 48.2774048 379.298309
v -376.784393 48.6300507 379.321259
v -376.744476 48.0141602 378.61734
v -376.706482 48.6661263 378.559601
v -376.722992 48.1395454 378.761658
v -376.587952 47.7846184 378.765808
v -376.701447 47.4129143 378.668671
v -376.722992 48.1395454 378.761658
v -376.66861 47.415329 378.571259
v -376.602631 48.0169754 378.552979
v -376.744476 48.0141602 378.61734
v -376.785248 48.1281242 378.725037
v -376.775787 48.0437088 378.776184
v -376.8284 48.1278763 378.675629
v -376.791168 48.1274757 378.6633
v -376.775787 48.0437088 378.776184
v -376.785248 48.1281242 378.725037
v -376.706482 48.6661263 378.559601
v -376.748901 48.3662415 378.638611
v -376.645538 48.7727089 378.72049
v -376.814789 48.7120667 378.608978
v -376.748901 48.3662415 378.638611
v -376.706482 48.6661263 378.559601
v -376.785248 48.1281242 378.725037
v -376.782318 48.6703148 378.714355
v -376.748901 48.3662415 378.638611
v -376.645538 48.7727089 378.72049
v -376.748901 48.3662415 378.638611
v -376.782318 48.6703148 378.714355
v -376.617828 48.8465538 378.711182
v -376.543427 48.6670723 378.747772
v -376.645538 48.7727089 378.72049
v -376.66861 47.415329 378.571259
v -376.62851 47.3501358 378.574524
v -376.615875 47.4052124 378.667236
v -376.487793 48.7826576 378.672424
v -376.348083 48.135376 378.629578
v -376.51944 48.1646729 378.762665
v -376.545441 48.869854 378.766846
v -376.540283 48.9420738 378.61908
v -376.617828 48.8465538 378.711182
v -376.67392 48.9143982 378.668274
v -376.604462 48.8389664 378.591614
v -376.540283 48.9420738 378.61908
v -376.433777 48.0086746 378.494507
v -376.482361 47.409626 378.606201
v -376.469818 47.4196548 378.502533
v -376.346069 47.9991798 378.540833
v -376.325012 48.1753159 378.492554
v -376.334015 48.0871391 378.60257
v -376.339264 48.1838112 378.549072
v -376.334015 48.0871391 378.60257
v -376.325012 48.1753159 378.492554
v -376.346069 47.9991798 378.540833
v -376.297577 48.1568832 378.567383
v -376.325012 48.1753159 378.492554
v -376.309052 48.4166412 378.479492
v -376.466827 48.6241379 378.480042
v -376.325012 48.1753159 378.492554
v -376.383209 48.7591896 378.612823
v -376.400116 48.409565 378.530396
v -376.487793 48.7826576 378.672424
v -376.604462 48.8389664 378.591614
v -376.407318 48.7745781 378.501709
v -376.487793 48.7826576 378.672424
v -376.617828 48.8465538 378.711182
v -376.487793 48.7826576 378.672424
v -376.543427 48.6670723 378.747772
v -376.482361 47.409626 378.606201
v -376.399323 47.4197617 378.598663
v -376.421051 47.3470039 378.657104
v -376.469818 47.4196548 378.502533
v -376.439026 47.3574333 378.489014
v -376.399323 47.4197617 378.598663
v -376.660339 47.349865 378.569946
v -376.698975 47.2780876 378.56839
v -376.622864 47.2821655 378.582611
v -376.604126 49.1151772 378.746307
v -376.646729 49.0458069 378.609009
v -376.696655 48.9340324 378.729584
v -376.622864 47.2821655 378.582611
v -376.613983 47.3478851 378.741425
v -376.660339 47.349865 378.569946
v -376.696655 48.9340324 378.729584
v -376.804321 48.9344254 378.631866
v -376.604126 49.1151772 378.746307
v -376.804321 48.9344254 378.631866
v -376.696655 48.9340324 378.729584
v -376.675995 48.9162483 378.674438
v -376.804321 48.9344254 378.631866
v -376.700562 48.979557 378.444092
v -376.704559 49.1326408 378.514465
v -376.804321 48.9344254 378.631866
v -376.676361 48.9160233 378.674377
v -376.668732 48.9030495 378.620514
v -376.497223 48.9732857 378.647156
v -376.622955 48.9263649 378.599152
v -376.646729 49.0458069 378.609009
v -376.604126 49.1151772 378.746307
v -376.497223 48.9732857 378.647156
v -376.646729 49.0458069 378.609009
v -376.464966 47.3544159 378.50293
v -376.457916 47.3407516 378.678314
v -376.495758 47.2843361 378.523376
v -376.42981 47.2856445 378.485016
v -376.384613 47.3452988 378.634796
v -376.464966 47.3544159 378.50293
v -376.526306 49.0896835 378.556335
v -376.604126 49.1151772 378.746307
v -376.704559 49.1326408 378.514465
v -367.79361 48.2197456 384.075928
v -367.815247 47.3226509 383.92746
v -367.953461 48.0286369 383.931793
v -367.872833 48.1661148 383.77771
v -367.785919 47.3536339 383.841309
v -367.695343 48.1516609 383.819763
v -367.785919 47.3536339 383.841309
v -367.872833 48.1661148 383.77771
v -367.853912 47.3494034 383.796539
v -367.872833 48.1661148 383.77771
v -367.893219 48.6719894 383.779572
v -367.956207 48.6523361 383.939911
v -367.956207 48.6523361 383.939911
v -367.749481 48.9001427 384.014099
v -367.79361 48.2197456 384.075928
v -367.785645 48.8595848 383.862793
v -367.826538 48.8478012 383.963959
v -367.862518 48.853138 383.837097
v -367.709106 48.8232651 383.842285
v -367.893219 48.6719894 383.779572
v -367.872833 48.1661148 383.77771
v -367.956207 48.6523361 383.939911
v -367.862518 48.853138 383.837097
v -367.826538 48.8478012 383.963959
v -367.7948 49.1221352 384.068878
v -367.749481 48.9001427 384.014099
v -367.834778 48.9359131 383.960144
v -367.953461 48.0286369 383.931793
v -367.956207 48.6523361 383.939911
v -367.79361 48.2197456 384.075928
v -367.872833 48.1661148 383.77771
v -367.956207 48.6523361 383.939911
v -367.953461 48.0286369 383.931793
v -367.771851 48.9131012 383.847961
v -367.795349 48.8931923 383.834747
v -367.647003 48.8839111 383.874573
v -367.771851 48.9131012 383.847961
v -367.710693 48.8510933 383.852448
v -367.785645 48.8595848 383.862793
v -367.815247 47.3226509 383.92746
v -367.821686 47.2013206 383.80368
v -367.908356 47.2178154 384.041718
v -367.785919 47.3536339 383.841309
v -367.821686 47.2013206 383.80368
v -367.815247 47.3226509 383.92746
v -367.821686 47.2013206 383.80368
v -367.853912 47.3494034 383.796539
v -367.895416 47.3307381 383.889313
v -367.856934 49.1258392 384.114014
v -367.706055 49.1047821 383.840057
v -367.839783 49.08992 383.885132
v -367.730286 49.1917915 384.036896
v -367.839783 49.08992 383.885132
v -367.808319 49.2357941 383.917603
v -367.856934 49.1258392 384.114014
v -367.839783 49.08992 383.885132
v -367.730286 49.1917915 384.036896
v -368.074432 48.9142342 384.18927
v -367.985992 48.946022 384.166016
v -368.099701 48.9396667 384.251099
v -368.089142 48.8980408 384.253998
v -367.985992 48.946022 384.166016
v -368.074432 48.9142342 384.18927
v -367.893219 48.6719894 383.779572
v -367.862518 48.853138 383.837097
v -368.094147 48.7899475 383.899719
v -368.129242 48.6747322 383.939117
v -367.893219 48.6719894 383.779572
v -368.094147 48.7899475 383.899719
v -368.129242 48.6747322 383.939117
v -368.094147 48.7899475 383.899719
v -368.191315 48.7285843 384.020691
v -368.074432 48.9142342 384.18927
v -368.132874 48.7024536 384.073273
v -368.129242 48.6747322 383.939117
v -368.129242 48.6747322 383.939117
v -368.132874 48.7024536 384.073273
v -367.956207 48.6523361 383.939911
v -367.582977 48.0950546 384.072632
v -367.676422 47.3168831 383.980408
v -367.79361 48.2197456 384.075928
v -367.676422 47.3168831 383.980408
v -367.582977 48.0950546 384.072632
v -367.595367 47.3195915 384.001221
v -367.574036 48.5944824 384.048279
v -367.533478 48.8249626 383.906982
v -367.538086 48.0775452 383.89856
v -367.538086 48.0775452 383.89856
v -367.533478 48.8249626 383.906982
v -367.709106 48.8232651 383.842285
v -367.574036 48.5944824 384.048279
v -367.749481 48.9001427 384.014099
v -367.696289 48.8478012 384.012573
v -367.7948 49.1221352 384.068878
v -367.731201 49.1509628 383.857483
v -367.649292 49.1269455 383.992188
v -367.79361 48.2197456 384.075928
v -367.574036 48.5944824 384.048279
v -367.582977 48.0950546 384.072632
v -367.647003 48.8839111 383.874573
v -367.710693 48.8510933 383.852448
v -367.660858 48.8595848 383.909393
v -367.660889 48.8804207 383.94397
v -367.771851 48.9131012 383.847961
v -367.647003 48.8839111 383.874573
v -367.696289 48.8478012 384.012573
v -367.660858 48.8595848 383.909393
v -367.660889 48.8804207 383.94397
v -367.676422 47.3168831 383.980408
v -367.595367 47.3195915 384.001221
v -367.684143 47.2171135 384.123962
v -367.611572 47.2020416 383.88562
v -367.646423 47.3518677 383.900421
v -367.676422 47.3168831 383.980408
v -367.611572 47.2020416 383.88562
v -367.595367 47.3195915 384.001221
v -367.564331 47.351223 383.904755
v -367.856934 49.1258392 384.114014
v -367.63446 49.0896912 383.961426
v -367.706055 49.1047821 383.840057
v -367.710815 49.1053696 384.134796
v -367.63446 49.0896912 383.961426
v -367.856934 49.1258392 384.114014
v -367.706055 49.1047821 383.840057
v -367.63446 49.0896912 383.961426
v -367.677612 49.2130394 383.871918
v -367.730286 49.1917915 384.036896
v -367.808319 49.2357941 383.917603
v -367.677612 49.2130394 383.871918
v -367.508057 47.9653511 384.039276
v -367.475891 48.0906487 384.07724
v -367.456482 47.988327 383.97345
v -367.574036 48.5944824 384.048279
v -367.518463 48.5834198 383.920319
v -367.533478 48.8249626 383.906982
v -367.533478 48.8249626 383.906982
v -367.518463 48.5834198 383.920319
v -367.432465 48.6099586 383.957489
v -367.456482 47.988327 383.97345
v -367.432465 48.6099586 383.957489
v -367.518463 48.5834198 383.920319
v -370.818878 47.3142662 388.435303
v -370.716766 47.1896362 388.464142
v -370.893097 47.202301 388.323486
v -370.769318 47.2817574 388.372284
v -370.791046 48.0659904 388.305847
v -370.818878 47.3142662 388.435303
v -370.689941 48.1474304 388.41571
v -370.659302 48.6268654 388.423584
v -370.826324 48.6026726 388.368591
v -370.973846 47.9262543 388.420654
v -370.818878 47.3142662 388.435303
v -370.791046 48.0659904 388.305847
v -370.77243 48.0124664 388.5495
v -370.716766 47.1896362 388.464142
v -370.818878 47.3142662 388.435303
v -370.892853 47.1942902 388.613007
v -370.904541 47.9975357 388.673187
v -370.935333 47.3006897 388.528229
v -370.848267 48.7929802 388.522064
v -370.678589 48.7289619 388.373322
v -370.933472 48.7357101 388.697418
v -370.933472 48.7357101 388.697418
v -370.678589 48.7289619 388.373322
v -370.659302 48.6268654 388.423584
v -370.689941 48.1474304 388.41571
v -370.77243 48.0124664 388.5495
v -370.659302 48.6268654 388.423584
v -370.935333 47.3006897 388.528229
v -371.00061 47.2918434 388.571716
v -371.063385 47.2001648 388.4664
v -370.904541 47.9975357 388.673187
v -370.866577 48.6611938 388.644073
v -370.77243 48.0124664 388.5495
v -370.947449 48.8056068 388.499054
v -371.02597 48.7079811 388.644806
v -370.903137 48.7863121 388.419647
v -370.866577 48.6611938 388.644073
v -370.904541 47.9975357 388.673187
v -371.002197 48.5643158 388.54657
v -370.933472 48.7357101 388.697418
v -370.659302 48.6268654 388.423584
v -370.866577 48.6611938 388.644073
v -370.903137 48.7863121 388.419647
v -370.857208 48.8870544 388.39563
v -371.001373 48.799469 388.402405
v -370.929779 48.9020805 388.365692
v -371.001373 48.799469 388.402405
v -370.857208 48.8870544 388.39563
v -370.919678 49.003067 388.369568
v -370.76178 48.9424667 388.328339
v -371.003143 49.1109695 388.413452
v -370.919678 49.003067 388.369568
v -370.929779 48.9020805 388.365692
v -370.76178 48.9424667 388.328339
v -370.76178 48.9424667 388.328339
v -370.929779 48.9020805 388.365692
v -370.812347 48.8237839 388.507294
v -370.996582 49.0273666 388.416504
v -370.861511 49.0154686 388.479279
v -370.919678 49.003067 388.369568
v -370.925385 48.8876495 388.534729
v -370.98288 49.003067 388.505554
v -370.918579 48.9660873 388.639221
v -370.925385 48.8876495 388.534729
v -370.918579 48.9660873 388.639221
v -370.812347 48.8237839 388.507294
v -370.918579 48.9660873 388.639221
v -371.003143 49.1109695 388.413452
v -370.77356 49.1230354 388.520172
v -370.996582 49.0273666 388.416504
v -370.98288 49.003067 388.505554
v -370.861511 49.0154686 388.479279
v -370.812347 48.8237839 388.507294
v -370.717529 48.9498825 388.557556
v -370.76178 48.9424667 388.328339
v -370.77243 48.0124664 388.5495
v -370.689941 48.1474304 388.41571
v -370.716766 47.1896362 388.464142
v -370.659302 48.6268654 388.423584
v -370.876068 48.4250793 388.268982
v -370.826324 48.6026726 388.368591
v -370.806366 48.4398308 388.204773
v -370.678589 48.7289619 388.373322
v -370.786865 48.7245941 388.331726
v -370.826324 48.6026726 388.368591
v -370.876068 48.4250793 388.268982
v -370.786865 48.7245941 388.331726
v -370.806366 48.4398308 388.204773
v -370.844757 48.3738136 388.232208
v -370.659302 48.6268654 388.423584
v -370.91153 48.3938675 388.811249
v -370.841949 48.4210358 388.763672
v -370.932526 47.9549675 388.714935
v -371.02597 48.7079811 388.644806
v -370.909729 48.36763 388.721527
v -371.002197 48.5643158 388.54657
v -366.368073 47.2705307 384.679993
v -366.244995 47.2455139 384.58667
v -366.502533 47.2115097 384.653015
v -366.288361 47.4622192 384.591217
v -366.730682 47.4031219 384.715149
v -366.332825 47.440136 384.788513
v -366.312836 47.3819427 384.650574
v -366.332825 47.440136 384.788513
v -366.730682 47.4031219 384.715149
v -366.244995 47.2455139 384.58667
v -366.312836 47.3819427 384.650574
v -366.378998 47.3074875 384.592499
v -366.368073 47.2705307 384.679993
v -366.312836 47.3819427 384.650574
v -366.244995 47.2455139 384.58667
v -366.765411 48.1521416 384.795685
v -366.713318 48.2250481 384.825165
v -366.845062 48.1267776 384.788422
v -366.362732 48.0457458 384.623138
v -366.535156 48.0833168 384.633911
v -366.27182 47.6351547 384.574463
v -366.473206 48.2796021 384.785004
v -366.42099 48.1008644 384.579559
v -366.358734 48.2199783 384.890411
v -366.765411 48.1521416 384.795685
v -366.740906 47.9248657 384.666168
v -366.704132 47.8413811 384.748474
v -366.358734 48.2199783 384.890411
v -366.42099 48.1008644 384.579559
v -366.362732 48.0457458 384.623138
v -366.833038 48.1077919 384.830658
v -366.713318 48.2250481 384.825165
v -366.765411 48.1521416 384.795685
v -366.535156 48.0833168 384.633911
v -366.704132 47.8413811 384.748474
v -366.740906 47.9248657 384.666168
v -366.27182 47.6351547 384.574463
v -366.567627 48.1932793 384.816315
v -366.384338 47.645092 384.804932
v -366.5914 48.368824 384.773956
v -366.579041 48.3042145 384.780792
v -366.569855 48.3693771 384.742035
v -366.699371 48.4772301 384.92334
v -366.686798 48.4453659 384.773132
v -366.51297 48.5341682 384.761292
v -366.5914 48.368824 384.773956
v -366.579041 48.3042145 384.780792
v -366.61853 48.3298798 384.79007
v -366.195526 47.3658867 384.93219
v -366.556396 47.4234581 385.133179
v -366.544342 47.3620567 385.106384
v -366.265717 47.25383 384.929443
v -366.217804 47.286644 385.002777
v -366.341675 47.1721764 385.033325
v -366.544342 47.3620567 385.106384
v -366.636139 47.4088898 385.03067
v -366.195526 47.3658867 384.93219
v -366.107483 47.222908 384.917816
v -366.195526 47.3658867 384.93219
v -366.265717 47.25383 384.929443
v -366.674713 48.1201363 385.166351
v -366.697571 48.098011 385.128937
v -366.789856 48.2539253 385.017456
v -366.789856 48.2539253 385.017456
v -366.697571 48.098011 385.128937
v -366.671875 48.2103081 385.026031
v -366.643036 48.1378975 385.086212
v -366.671875 48.2103081 385.026031
v -366.697571 48.098011 385.128937
v -366.789856 48.2539253 385.017456
v -366.671875 48.2103081 385.026031
v -366.674713 48.1201363 385.166351
v -366.674713 48.1201363 385.166351
v -366.537231 47.9295731 385.163422
v -366.502167 47.8780098 385.181671
v -366.222687 48.041481 384.930176
v -366.356842 48.0990486 385.09021
v -366.358734 48.2199783 384.890411
v -366.38623 48.0005608 384.99707
v -366.213409 47.6303024 384.943665
v -366.567627 48.1932793 384.816315
v -366.502167 47.8780098 385.181671
v -366.537231 47.9295731 385.163422
v -366.356842 48.0990486 385.09021
v -366.358734 48.2199783 384.890411
v -366.362732 48.0457458 384.623138
v -366.222687 48.041481 384.930176
v -366.222687 48.041481 384.930176
v -366.141907 47.4811211 384.904724
v -366.213409 47.6303024 384.943665
v -366.674713 48.1201363 385.166351
v -366.671875 48.2103081 385.026031
v -366.643036 48.1378975 385.086212
v -366.520447 48.2134399 384.90448
v -366.356842 48.0990486 385.09021
v -366.567627 48.1932793 384.816315
v -366.520447 48.2134399 384.90448
v -366.493378 48.3222961 384.917419
v -366.442078 48.3311539 384.863281
v -366.520447 48.2134399 384.90448
v -366.442078 48.3311539 384.863281
v -366.358734 48.2199783 384.890411
v -366.358734 48.2199783 384.890411
v -366.442078 48.3311539 384.863281
v -366.473206 48.2796021 384.785004
v -366.497253 48.3869896 384.939178
v -366.524139 48.3179626 384.92688
v -366.532959 48.3834724 384.929413
v -366.493378 48.3222961 384.917419
v -366.524139 48.3179626 384.92688
v -366.497253 48.3869896 384.939178
v -366.585144 48.4172897 384.968567
v -366.492859 48.5196037 384.908478
v -366.497253 48.3869896 384.939178
v -366.585144 48.4172897 384.968567
v -366.699371 48.4772301 384.92334
v -366.492859 48.5196037 384.908478
v -366.699371 48.4772301 384.92334
v -366.51297 48.5341682 384.761292
v -366.492859 48.5196037 384.908478
v -366.532837 48.319046 384.950989
v -366.548645 48.306572 384.936707
v -366.585144 48.4172897 384.968567
v -366.524139 48.3179626 384.92688
v -366.548645 48.306572 384.936707
v -366.532837 48.319046 384.950989
v -367.777985 48.7970619 383.724426
v -368.008362 48.8492508 384.038483
v -367.876801 48.8306465 384.091431
v -367.777985 48.7970619 383.724426
v -367.877472 48.8890457 383.704437
v -368.008362 48.8492508 384.038483
v -368.120392 49.0551147 384.264435
v -368.030945 49.068264 384.074432
v -368.060303 49.0423927 384.059357
v -367.952301 49.0084229 384.066772
v -367.944672 49.1040344 384.046295
v -367.923035 49.0090103 384.080383
v -367.900696 49.0090446 384.002167
v -367.819153 49.0520859 383.802216
v -367.865814 49.0369797 383.850464
v -367.865814 49.0369797 383.850464
v -367.848175 49.0526619 383.787781
v -367.944672 49.1040344 384.046295
v -367.975433 48.85355 384.273132
v -367.944977 48.9552422 384.286469
v -367.890656 48.8974838 384.094391
v -367.781006 49.0651321 384.060028
v -367.805878 49.0247421 384.050934
v -367.803314 49.0306473 384.12027
v -367.800873 49.0678635 384.137329
v -367.796051 49.0130768 384.131866
v -368.022125 49.0404701 384.066437
v -367.796051 49.0130768 384.131866
v -367.800873 49.0678635 384.137329
v -368.022125 49.0404701 384.066437
v -368.075806 48.9673271 384.286621
v -367.965454 48.872982 384.325897
v -368.076996 48.8690567 384.282379
v -368.075806 48.9673271 384.286621
v -367.967621 48.9647751 384.32666
v -367.965454 48.872982 384.325897
v -371.114075 48.6595612 388.130432
v -371.159729 48.6595612 388.028656
v -371.2229 48.6595612 388.105927
v -371.114075 48.6595612 388.130432
v -371.2229 48.6595612 388.105927
v -371.159729 48.6595612 388.028656
v -371.175751 48.7973747 388.037415
v -371.193939 48.708992 388.125427
v -371.120087 48.7265968 388.060242
v -366.869781 48.342392 384.960205
v -366.749573 48.3268127 384.886597
v -366.880432 48.2647171 384.932861
v -366.740204 48.2377853 384.909882
v -366.711548 48.2895966 384.981873
v -366.85318 48.236763 385.001678
v -366.740204 48.2377853 384.909882
v -366.880432 48.2647171 384.932861
v -366.749573 48.3268127 384.886597
v -366.740204 48.2377853 384.909882
v -366.85318 48.236763 385.001678
v -366.880432 48.2647171 384.932861
v -372.904053 47.4233589 377.513489
v -372.892914 47.8244095 377.634766
v -372.880676 47.4047356 377.644623
v -372.880676 47.4047356 377.644623
v -372.755676 47.2934647 377.725311
v -372.907379 47.270977 377.52121
v -372.786285 47.393116 377.599243
v -372.755676 47.2934647 377.725311
v -372.880676 47.4047356 377.644623
v -372.777557 49.192009 377.470245
v -372.76889 48.9761696 377.491638
v -372.761353 49.0381508 377.433197
v -372.663666 49.0000992 377.611694
v -372.76889 48.9761696 377.491638
v -372.777557 49.192009 377.470245
v -372.690704 48.6315689 377.602692
v -372.80365 48.90485 377.609192
v -372.819031 48.9400826 377.481293
v -373.026245 48.225193 377.550232
v -372.997742 48.0297089 377.606598
v -372.986389 48.2218742 377.525238
v -372.997742 48.0297089 377.606598
v -372.93335 48.13414 377.64093
v -372.986389 48.2218742 377.525238
v -372.997742 48.0297089 377.606598
v -373.026245 48.225193 377.550232
v -372.93335 48.13414 377.64093
v -372.950287 48.2333488 377.5979
v -372.939728 48.4986343 377.457062
v -372.986389 48.2218742 377.525238
v -372.819031 48.9400826 377.481293
v -372.80365 48.90485 377.609192
v -372.925415 48.8879128 377.499359
v -372.737 49.1241455 377.516937
v -372.764496 49.1305084 377.480988
v -372.700623 49.2644539 377.52417
v -372.700623 49.2644539 377.52417
v -372.764496 49.1305084 377.480988
v -372.80307 49.1986504 377.39032
v -372.700623 49.2644539 377.52417
v -372.80307 49.1986504 377.39032
v -372.711426 49.223877 377.309814
v -372.700623 49.2644539 377.52417
v -372.651123 49.212944 377.530121
v -372.731689 49.1911545 377.536133
v -372.731689 49.1911545 377.536133
v -372.737 49.1241455 377.516937
v -372.700623 49.2644539 377.52417
v -372.722168 49.0279884 377.389801
v -372.768829 49.0438194 377.382935
v -372.761353 49.0381508 377.433197
v -372.70575 47.3914795 377.466156
v -372.57608 47.2885857 377.502228
v -372.76416 47.2738037 377.329071
v -372.589722 47.8564072 377.393677
v -372.763611 47.4294395 377.332062
v -372.642426 47.395256 377.384125
v -372.57608 47.2885857 377.502228
v -372.642426 47.395256 377.384125
v -372.76416 47.2738037 377.329071
v -372.763611 47.4294395 377.332062
v -372.70575 47.3914795 377.466156
v -372.76416 47.2738037 377.329071
v -372.659729 48.1720924 377.249115
v -372.830414 48.5378456 377.340393
v -372.999756 48.1785927 377.497559
v -372.5495 48.1964226 377.354614
v -372.595459 48.2050705 377.505768
v -372.545258 48.8907089 377.443726
v -372.608063 48.9796791 377.502136
v -372.662811 49.0290413 377.394257
v -372.688049 48.9364395 377.376434
v -372.722168 49.0279884 377.389801
v -372.688049 48.9364395 377.376434
v -372.662811 49.0290413 377.394257
v -372.723114 49.1824646 377.333008
v -372.722168 49.0279884 377.389801
v -372.662811 49.0290413 377.394257
v -372.610626 48.8975868 377.442993
v -372.688049 48.9364395 377.376434
v -372.545258 48.8907089 377.443726
v -372.659729 48.1720924 377.249115
v -372.999756 48.1785927 377.497559
v -372.809296 48.1196136 377.453156
v -372.533752 48.2035713 377.365356
v -372.596893 48.2032623 377.311157
v -372.510864 48.5760651 377.347229
v -372.596893 48.2032623 377.311157
v -372.533752 48.2035713 377.365356
v -372.530792 48.1039047 377.401947
v -372.656982 48.8794022 377.543335
v -372.690704 48.6315689 377.602692
v -372.819031 48.9400826 377.481293
v -372.556549 49.1683578 377.435699
v -372.711426 49.223877 377.309814
v -372.621826 49.0946121 377.34317
v -372.700623 49.2644539 377.52417
v -372.711426 49.223877 377.309814
v -372.556549 49.1683578 377.435699
v -372.620941 49.0447388 377.429199
v -372.611176 49.117527 377.424164
v -372.621826 49.0946121 377.34317
v -372.621826 49.0946121 377.34317
v -372.611176 49.117527 377.424164
v -372.556549 49.1683578 377.435699
v -375.305786 47.4316711 378.258636
v -375.229553 47.3091545 378.382202
v -375.283813 47.2856369 378.121948
v -375.203217 47.4133339 378.249146
v -375.229553 47.3091545 378.382202
v -375.305786 47.4316711 378.258636
v -375.13327 49.095459 378.160858
v -375.050415 49.0537376 378.232941
v -375.178589 49.0298615 378.119354
v -375.138245 49.2939911 378.130585
v -375.13327 49.095459 378.160858
v -375.106567 49.1331406 378.10257
v -375.092316 49.0933456 378.31485
v -375.13327 49.095459 378.160858
v -375.138245 49.2939911 378.130585
v -375.409271 48.2832336 378.097229
v -375.406982 48.0788651 378.163269
v -375.360474 48.2797623 378.091034
v -375.406982 48.0788651 378.163269
v -375.360992 48.1880188 378.224091
v -375.360474 48.2797623 378.091034
v -375.406982 48.0788651 378.163269
v -375.409271 48.2832336 378.097229
v -375.360992 48.1880188 378.224091
v -375.046356 48.7166023 378.279449
v -375.143433 48.3183784 378.311157
v -375.187347 48.9795837 378.252258
v -375.1203 49.2230148 378.192719
v -375.131256 49.2207069 378.136749
v -375.088928 49.3697243 378.215607
v -375.088928 49.3697243 378.215607
v -375.131256 49.2207069 378.136749
v -375.12735 49.3009377 378.04361
v -375.088928 49.3697243 378.215607
v -375.12735 49.3009377 378.04361
v -375.005005 49.327301 378.007477
v -375.088928 49.3697243 378.215607
v -375.044586 49.3158798 378.24295
v -375.123657 49.2930984 378.213257
v -375.123657 49.2930984 378.213257
v -375.1203 49.2230148 378.192719
v -375.088928 49.3697243 378.215607
v -375.050354 49.1225128 378.078644
v -375.091553 49.13908 378.051605
v -375.106567 49.1331406 378.10257
v -375.068268 47.4115906 378.158325
v -374.961121 47.3040428 378.249481
v -375.063477 47.2885895 378.002533
v -374.926361 47.897686 378.140503
v -375.06424 47.4513016 378.005676
v -374.972198 47.415554 378.108276
v -374.961121 47.3040428 378.249481
v -374.972198 47.415554 378.108276
v -375.063477 47.2885895 378.002533
v -375.06424 47.4513016 378.005676
v -375.068268 47.4115906 378.158325
v -375.063477 47.2885895 378.002533
v -374.929321 48.2277184 377.972595
v -375.131287 48.610157 377.984192
v -375.361023 48.2345085 378.058899
v -374.871094 48.2531509 378.121124
v -374.981018 48.2621269 378.244263
v -375.046356 48.7166023 378.279449
v -374.98111 49.087307 378.219025
v -374.995972 49.1236153 378.108948
v -375.017792 49.0270271 378.082001
v -374.98111 49.087307 378.219025
v -375.050415 49.0537376 378.232941
v -375.092316 49.0933456 378.31485
v -375.050354 49.1225128 378.078644
v -375.017792 49.0270271 378.082001
v -374.995972 49.1236153 378.108948
v -375.026276 49.2840157 378.024353
v -375.050354 49.1225128 378.078644
v -374.995972 49.1236153 378.108948
v -375.017792 49.0270271 378.082001
v -374.949768 48.9791031 378.211456
v -374.98111 49.087307 378.219025
v -374.929321 48.2277184 377.972595
v -375.361023 48.2345085 378.058899
v -375.148804 48.2197075 378.05423
v -374.86087 48.2606277 378.138214
v -374.922089 48.5418549 378.086639
v -374.831177 48.650135 378.131012
v -374.878448 48.2511215 378.043945
v -374.86087 48.2606277 378.138214
v -374.874115 48.1564331 378.174255
v -374.913422 49.2692719 378.194916
v -375.005005 49.327301 378.007477
v -374.934662 49.1921768 378.078461
v -375.088928 49.3697243 378.215607
v -375.005005 49.327301 378.007477
v -374.913422 49.2692719 378.194916
v -374.971619 49.1399803 378.160461
v -374.960175 49.2161179 378.159973
v -374.934662 49.1921768 378.078461
v -374.934662 49.1921768 378.078461
v -374.960175 49.2161179 378.159973
v -374.913422 49.2692719 378.194916
v -377.404938 47.4001236 379.840393
v -377.313232 47.8220901 379.978546
v -377.330322 47.3717194 379.948822
v -377.330322 47.3717194 379.948822
v -377.187073 47.2676086 379.977814
v -377.40451 47.2435188 379.842407
v -377.261871 47.3635178 379.869415
v -377.187073 47.2676086 379.977814
v -377.330322 47.3717194 379.948822
v -377.223846 48.9506226 379.783844
v -377.247864 48.9716187 379.934174
v -377.134766 48.9698982 379.862701
v -377.356232 48.9120369 379.872803
v -377.362671 49.0054512 379.821686
v -377.350098 49.0007706 379.879761
v -377.252777 49.1431656 379.955505
v -377.247864 48.9716187 379.934174
v -377.41803 49.1645737 379.854828
v -377.165131 48.5956154 379.878143
v -377.271606 48.8691826 379.976379
v -377.294678 48.8733749 379.913971
v -377.356232 48.9120369 379.872803
v -377.46637 48.8126335 380.013672
v -377.325409 48.9177361 379.739075
v -377.356232 48.9120369 379.872803
v -377.294678 48.8733749 379.913971
v -377.271606 48.8691826 379.976379
v -377.411011 48.1540489 380.058228
v -377.344269 47.9573555 380.082947
v -377.393921 48.152626 380.014374
v -377.344269 47.9573555 380.082947
v -377.277802 48.0653915 380.074463
v -377.393921 48.152626 380.014374
v -377.344269 47.9573555 380.082947
v -377.411011 48.1540489 380.058228
v -377.277802 48.0653915 380.074463
v -377.30777 48.1552391 380.014893
v -377.458771 48.674221 379.913452
v -377.393921 48.152626 380.014374
v -377.30777 48.1552391 380.014893
v -377.277802 48.0653915 380.074463
v -377.319702 48.1621284 380.082764
v -377.46637 48.8126335 380.013672
v -377.271606 48.8691826 379.976379
v -377.347168 48.6496048 380.06665
v -377.356232 48.9120369 379.872803
v -377.271606 48.8691826 379.976379
v -377.46637 48.8126335 380.013672
v -377.268646 49.0795708 379.931091
v -377.323883 49.0741615 379.932281
v -377.250061 49.2227783 379.944702
v -377.250061 49.2227783 379.944702
v -377.323883 49.0741615 379.932281
v -377.4151 49.1488495 379.936127
v -377.250061 49.2227783 379.944702
v -377.4151 49.1488495 379.936127
v -377.433746 49.2040291 379.826874
v -377.250061 49.2227783 379.944702
v -377.215515 49.1854286 379.893646
v -377.252777 49.1431656 379.955505
v -377.252777 49.1431656 379.955505
v -377.268646 49.0795708 379.931091
v -377.250061 49.2227783 379.944702
v -377.362671 49.0054512 379.821686
v -377.395599 49.0097198 379.859802
v -377.350098 49.0007706 379.879761
v -377.227509 47.3657227 379.71817
v -377.102051 47.2610397 379.700836
v -377.341431 47.2492561 379.613922
v -377.344086 47.4005737 379.629456
v -377.19809 47.3804474 379.619812
v -377.296997 47.7695961 379.672363
v -377.102051 47.2610397 379.700836
v -377.19809 47.3804474 379.619812
v -377.341431 47.2492561 379.613922
v -377.138367 47.8000984 379.759033
v -377.19809 47.3804474 379.619812
v -377.227509 47.3657227 379.71817
v -377.344086 47.4005737 379.629456
v -377.227509 47.3657227 379.71817
v -377.341431 47.2492561 379.613922
v -377.341309 48.1561928 379.564453
v -377.458771 48.674221 379.913452
v -377.449921 48.149292 379.954926
v -377.173431 48.8606339 379.652649
v -377.150452 48.1855621 379.594055
v -377.178284 48.8774071 379.742828
v -377.219025 49.1722832 379.811096
v -377.134766 48.9698982 379.862701
v -377.215515 49.1854286 379.893646
v -377.239105 49.1719551 379.77655
v -377.223846 48.9506226 379.783844
v -377.134766 48.9698982 379.862701
v -377.41803 49.1645737 379.854828
v -377.362671 49.0054512 379.821686
v -377.325104 49.0206223 379.778107
v -377.223846 48.9506226 379.783844
v -377.325409 48.9177361 379.739075
v -377.178284 48.8774071 379.742828
v -377.46637 48.8126335 380.013672
v -377.283875 48.8418427 379.509277
v -377.325409 48.9177361 379.739075
v -377.341309 48.1561928 379.564453
v -377.449921 48.149292 379.954926
v -377.324951 48.1050377 379.792877
v -377.186005 48.2268829 379.517975
v -377.283875 48.8418427 379.509277
v -377.244507 48.214817 379.470612
v -377.266296 48.2167091 379.535034
v -377.186005 48.2268829 379.517975
v -377.152527 48.1237297 379.567261
v -377.296997 47.7695961 379.672363
v -377.341309 48.1561928 379.564453
v -377.324951 48.1050377 379.792877
v -377.150452 48.1855621 379.594055
v -377.19809 47.3804474 379.619812
v -377.138367 47.8000984 379.759033
v -377.196075 48.8612442 379.849823
v -377.165131 48.5956154 379.878143
v -377.294678 48.8733749 379.913971
v -377.241913 49.1773758 379.755432
v -377.433746 49.2040291 379.826874
v -377.350189 49.0998611 379.736938
v -377.250061 49.2227783 379.944702
v -377.433746 49.2040291 379.826874
v -377.241913 49.1773758 379.755432
v -377.274445 49.0425186 379.769348
v -377.277832 49.1156273 379.779022
v -377.350189 49.0998611 379.736938
v -377.350189 49.0998611 379.736938
v -377.277832 49.1156273 379.779022
v -377.241913 49.1773758 379.755432
v -374.369324 47.3741989 378.031586
v -374.289154 47.7732468 378.124084
v -374.297119 47.3495979 378.048859
v -374.369324 47.3741989 378.031586
v -374.347778 47.2846222 378.152344
v -374.322632 47.2682915 377.935425
v -374.297119 47.3495979 378.048859
v -374.347778 47.2846222 378.152344
v -374.369324 47.3741989 378.031586
v -374.210236 48.0194397 377.919891
v -374.289154 47.7732468 378.124084
v -374.230011 48.1459236 378.122284
v -374.337524 48.0999641 377.906158
v -374.369324 47.3741989 378.031586
v -374.322632 47.2682915 377.935425
v -374.162933 47.7650032 378.122345
v -374.074402 47.3586044 378.011444
v -374.154633 47.3467941 378.011688
v -374.381927 48.1971397 378.018555
v -374.369324 47.3741989 378.031586
v -374.337524 48.0999641 377.906158
v -374.154633 47.3467941 378.011688
v -374.099396 47.2803154 378.116089
v -374.110779 47.2714615 377.894104
v -374.099396 47.2803154 378.116089
v -374.074402 47.3586044 378.011444
v -374.110779 47.2714615 377.894104
v -374.036652 48.2002258 377.925812
v -373.994232 48.668129 377.928711
v -374.210236 48.0194397 377.919891
v -374.110779 47.2714615 377.894104
v -374.074402 47.3586044 378.011444
v -374.118317 47.648304 377.971313
v -374.120514 48.6157761 378.134674
v -374.176544 48.79739 378.061096
v -373.972778 48.6842041 378.078613
v -374.036652 48.2002258 377.925812
v -374.026978 48.1872368 378.070282
v -374.120514 48.6157761 378.134674
v -374.117218 48.807251 378.078583
v -374.176544 48.79739 378.061096
v -374.199402 48.8263474 378.143372
v -374.117218 48.807251 378.078583
v -374.077087 48.8760529 378.044617
v -374.152588 48.7929306 377.967438
v -374.140808 49.1101532 378.061676
v -374.246521 48.9612923 377.904663
v -374.056732 48.9996071 377.843506
v -373.980011 48.9438515 378.018311
v -374.140808 49.1101532 378.061676
v -374.056732 48.9996071 377.843506
v -374.444519 47.9733582 377.887726
v -374.40271 48.3191528 377.859131
v -374.453552 48.0101738 377.975433
v -374.348633 48.7136078 377.896393
v -374.176544 48.79739 378.061096
v -374.376801 48.669735 378.003845
v -374.40271 48.3191528 377.859131
v -374.294189 48.493824 377.868744
v -374.348633 48.7136078 377.896393
v -374.294189 48.493824 377.868744
v -374.329987 48.3946533 377.917664
v -374.290222 48.6294136 378.077789
v -373.998993 48.3646889 378.000244
v -373.994232 48.668129 377.928711
v -374.120514 48.6157761 378.134674
v -373.999359 48.0240173 378.079376
v -373.916809 48.2497444 377.993103
v -373.979126 47.9396133 377.993469
v -373.999359 48.0240173 378.079376
v -373.998993 48.3646889 378.000244
v -373.916809 48.2497444 377.993103
v -373.916809 48.2497444 377.993103
v -373.998993 48.3646889 378.000244
v -373.972778 48.6842041 378.078613
v -373.994232 48.668129 377.928711
v -373.916809 48.2497444 377.993103
v -373.933716 48.6960373 377.976807
v -373.933716 48.6960373 377.976807
v -373.916809 48.2497444 377.993103
v -373.972778 48.6842041 378.078613
v -373.51004 47.3700333 377.687622
v -373.608002 47.2656631 377.711578
v -373.376892 47.2704124 377.747498
v -373.349579 47.7062988 377.578461
v -373.281921 48.0538292 377.687561
v -373.2901 48.0165749 377.467224
v -373.476379 47.7313919 377.698883
v -373.515656 48.0513191 377.609589
v -373.438049 48.0757942 377.738098
v -373.438049 48.0757942 377.738098
v -373.281921 48.0538292 377.687561
v -373.476379 47.7313919 377.698883
v -373.394836 48.7530937 377.614319
v -373.420471 48.7530403 377.55899
v -373.400452 48.6722298 377.493958
v -373.353333 48.9676704 377.56662
v -373.350891 48.9548874 377.468658
v -373.342529 48.8724022 377.583252
v -373.390778 48.8621864 377.65036
v -373.394836 48.7530937 377.614319
v -373.488983 48.7726059 377.639252
v -373.295532 48.6755142 377.636841
v -373.153687 48.4373322 377.599915
v -373.270477 48.680603 377.583862
v -373.348785 48.7649765 377.64505
v -373.245392 48.699295 377.607239
v -373.295532 48.6755142 377.636841
v -373.245392 48.699295 377.607239
v -373.315979 48.857933 377.579895
v -373.270477 48.680603 377.583862
v -373.315979 48.857933 377.579895
v -373.348785 48.7649765 377.64505
v -373.270477 48.680603 377.583862
v -373.315979 48.857933 377.579895
v -373.245392 48.699295 377.607239
v -373.348785 48.7649765 377.64505
v -373.295532 48.6755142 377.636841
v -373.237823 48.6224785 377.68988
v -373.153687 48.4373322 377.599915
v -373.153687 48.4373322 377.599915
v -373.237823 48.6224785 377.68988
v -373.332489 48.6052322 377.636444
v -373.460785 48.5586624 377.73999
v -373.153687 48.4373322 377.599915
v -373.332489 48.6052322 377.636444
v -373.270477 48.680603 377.583862
v -373.348785 48.7649765 377.64505
v -373.295532 48.6755142 377.636841
v -373.488983 48.7726059 377.639252
v -373.394836 48.7530937 377.614319
v -373.371002 48.6333961 377.795441
v -373.383789 49.0056267 377.69632
v -373.542236 49.0899391 377.618225
v -373.363281 48.970295 377.462555
v -373.430054 48.8699341 377.631897
v -373.41745 48.8318901 377.765106
v -373.383789 49.0056267 377.69632
v -373.41745 48.8318901 377.765106
v -373.491455 48.765831 377.65448
v -373.608734 48.8603134 377.746368
v -373.491455 48.765831 377.65448
v -373.41745 48.8318901 377.765106
v -373.430054 48.8699341 377.631897
v -373.496307 47.2481804 377.622009
v -373.428864 47.3404961 377.560333
v -373.283234 47.2737312 377.58194
v -373.515656 48.0513191 377.609589
v -373.2901 48.0165749 377.467224
v -373.435181 47.7322617 377.565216
v -373.571899 48.0575447 377.45285
v -373.515656 48.0513191 377.609589
v -373.435181 47.7322617 377.565216
v -373.400452 48.6722298 377.493958
v -373.614929 48.4944191 377.53064
v -373.435577 48.0680618 377.345428
v -373.400452 48.6722298 377.493958
v -373.435577 48.0680618 377.345428
v -373.2901 48.0165749 377.467224
v -373.420471 48.7530403 377.55899
v -373.492706 48.8431091 377.54425
v -373.488983 48.7726059 377.639252
v -373.420471 48.7530403 377.55899
v -373.350891 48.9548874 377.468658
v -373.439209 48.8473015 377.484222
v -373.439209 48.8473015 377.484222
v -373.492706 48.8431091 377.54425
v -373.420471 48.7530403 377.55899
v -373.439209 48.8473015 377.484222
v -373.469788 48.86446 377.61853
v -373.452698 48.9399796 377.467255
v -373.578827 48.3255348 377.456421
v -373.614929 48.4944191 377.53064
v -373.400452 48.6722298 377.493958
v -373.542725 48.1165237 377.361847
v -373.661163 48.3399887 377.400543
v -373.605652 48.1029625 377.363617
v -373.542725 48.1165237 377.361847
v -373.578827 48.3255348 377.456421
v -373.661163 48.3399887 377.400543
v -373.625977 48.6782646 377.479004
v -373.528198 48.6710472 377.420288
v -373.420471 48.7530403 377.55899
v -373.661163 48.3399887 377.400543
v -373.578827 48.3255348 377.456421
v -373.528198 48.6710472 377.420288
v -373.614929 48.4944191 377.53064
v -373.661163 48.3399887 377.400543
v -373.625977 48.6782646 377.479004
v -373.661163 48.3399887 377.400543
v -373.528198 48.6710472 377.420288
v -373.625977 48.6782646 377.479004
v -373.435577 48.0680618 377.345428
v -373.614929 48.4944191 377.53064
v -373.571899 48.0575447 377.45285
v -373.428864 47.3404961 377.560333
v -373.329712 47.2707901 377.505554
v -373.283234 47.2737312 377.58194
v -373.428864 47.3404961 377.560333
v -373.531494 47.2466812 377.562408
v -373.329712 47.2707901 377.505554
v -373.452698 48.9399796 377.467255
v -373.363281 48.970295 377.462555
v -373.589569 48.9605446 377.491058
v -373.589569 48.9605446 377.491058
v -373.542236 49.0899391 377.618225
v -373.608734 48.8603134 377.746368
v -377.468323 47.3288651 380.380096
v -377.338501 47.237793 380.370972
v -377.450928 47.3335724 380.456848
v -377.626434 48.4339256 380.460938
v -377.446472 48.5875206 380.356689
v -377.40683 48.032238 380.473022
v -377.531738 47.6632042 380.417633
v -377.634827 48.0331993 380.356415
v -377.586914 48.0665855 380.496704
v -377.626434 48.4339256 380.460938
v -377.40683 48.032238 380.473022
v -377.586914 48.0665855 380.496704
v -377.586914 48.0665855 380.496704
v -377.40683 48.032238 380.473022
v -377.531738 47.6632042 380.417633
v -377.40683 48.032238 380.473022
v -377.432953 48.6035881 380.235168
v -377.413788 47.9664688 380.232269
v -377.446472 48.5875206 380.356689
v -377.432953 48.6035881 380.235168
v -377.40683 48.032238 380.473022
v -377.50415 48.965332 380.312622
v -377.441406 48.9793243 380.235138
v -377.475525 48.8718224 380.316467
v -377.542786 48.8438454 380.328125
v -377.49173 48.7436676 380.27301
v -377.596802 48.7512627 380.277832
v -377.441406 48.9793243 380.235138
v -377.49173 48.7436676 380.27301
v -377.475525 48.8718224 380.316467
v -377.54715 48.0907211 380.564636
v -377.49823 47.9109993 380.559113
v -377.56073 48.0880394 380.528625
v -377.49823 47.9109993 380.559113
v -377.45282 48.0052223 380.51181
v -377.56073 48.0880394 380.528625
v -377.49823 47.9109993 380.559113
v -377.54715 48.0907211 380.564636
v -377.45282 48.0052223 380.51181
v -377.54715 48.0907211 380.564636
v -377.580139 48.3495789 380.561768
v -377.500854 48.09198 380.519745
v -377.567993 48.6640511 380.493988
v -377.49173 48.7436676 380.27301
v -377.460114 48.6248665 380.466827
v -377.580139 48.3495789 380.561768
v -377.626434 48.4339256 380.460938
v -377.567993 48.6640511 380.493988
v -377.338501 47.237793 380.370972
v -377.540253 47.2149506 380.410706
v -377.531433 47.2114639 380.486847
v -377.450928 47.3335724 380.456848
v -377.338501 47.237793 380.370972
v -377.531433 47.2114639 380.486847
v -377.531433 47.2114639 380.486847
v -377.541138 47.3427925 380.44812
v -377.450928 47.3335724 380.456848
v -377.613068 48.9618988 380.397369
v -377.713135 49.0404854 380.249542
v -377.452332 48.9953651 380.226929
v -377.64679 47.2164001 380.31189
v -377.556519 47.3361206 380.273834
v -377.470734 47.2381744 380.180511
v -377.634827 48.0331993 380.356415
v -377.413788 47.9664688 380.232269
v -377.60733 47.6279182 380.256958
v -377.698883 48.0370865 380.200043
v -377.706207 48.5145264 380.180206
v -377.586914 48.0665855 380.496704
v -377.689209 48.6549377 380.098267
v -377.596802 48.7512627 380.277832
v -377.706207 48.5145264 380.180206
v -377.60733 47.6279182 380.256958
v -377.54541 48.0068054 380.109924
v -377.698883 48.0370865 380.200043
v -377.49173 48.7436676 380.27301
v -377.520294 48.6788864 380.172394
v -377.432953 48.6035881 380.235168
v -377.698883 48.0370865 380.200043
v -377.586914 48.0665855 380.496704
v -377.634827 48.0331993 380.356415
v -377.520294 48.6788864 380.172394
v -377.49173 48.7436676 380.27301
v -377.563293 48.8295555 380.17981
v -377.520294 48.6788864 380.172394
v -377.563293 48.8295555 380.17981
v -377.596802 48.7512627 380.277832
v -377.563293 48.8295555 380.17981
v -377.441406 48.9793243 380.235138
v -377.488495 48.8596306 380.177002
v -377.488495 48.8596306 380.177002
v -377.594818 48.8380356 380.264069
v -377.514862 48.9526329 380.17038
v -377.636658 48.2985725 380.141296
v -377.706207 48.5145264 380.180206
v -377.520294 48.6788864 380.172394
v -377.608582 48.0619698 380.091949
v -377.687897 48.2828026 380.052032
v -377.67099 48.0594559 380.078369
v -377.608582 48.0619698 380.091949
v -377.636658 48.2985725 380.141296
v -377.687897 48.2828026 380.052032
v -377.689209 48.6549377 380.098267
v -377.579742 48.6393814 380.074646
v -377.520294 48.6788864 380.172394
v -377.687897 48.2828026 380.052032
v -377.636658 48.2985725 380.141296
v -377.579742 48.6393814 380.074646
v -377.706207 48.5145264 380.180206
v -377.687897 48.2828026 380.052032
v -377.689209 48.6549377 380.098267
v -377.687897 48.2828026 380.052032
v -377.579742 48.6393814 380.074646
v -377.689209 48.6549377 380.098267
v -377.556519 47.3361206 380.273834
v -377.610352 47.3313599 380.20752
v -377.470734 47.2381744 380.180511
v -377.470734 47.2381744 380.180511
v -377.610352 47.3313599 380.20752
v -377.695923 47.214344 380.259735
v -377.671478 47.3515625 380.276825
v -377.556519 47.3361206 380.273834
v -377.64679 47.2164001 380.31189
v -377.514862 48.9526329 380.17038
v -377.452332 48.9953651 380.226929
v -377.63974 48.9454002 380.105194
v -377.63974 48.9454002 380.105194
v -377.713135 49.0404854 380.249542
v -377.772552 48.7817078 380.278015
v -376.989716 47.3703499 379.395477
v -376.855743 47.7661362 379.376312
v -376.935089 47.3642235 379.342285
v -376.935089 47.3642235 379.342285
v -376.874329 47.2694359 379.458801
v -376.989716 47.3703499 379.395477
v -376.998535 47.6855125 379.30191
v -377.000671 48.0789299 379.184021
v -377.079041 48.0992355 379.315674
v -376.998535 47.6855125 379.30191
v -376.989716 47.3703499 379.395477
v -377.022797 47.3774147 379.304596
v -377.052673 48.6171188 379.252289
v -376.936249 48.7908325 379.201752
v -377.109589 48.6688881 379.347015
v -377.022797 47.3774147 379.304596
v -377.062317 47.2477875 379.329651
v -376.992828 47.2512131 379.293488
v -376.784393 48.6300507 379.321259
v -376.874847 48.779232 379.278442
v -376.790131 48.7165642 379.201477
v -376.914368 48.8298264 379.287292
v -376.956848 48.8696594 379.253723
v -376.934998 48.8807564 379.295746
v -377.056915 48.1100044 379.406555
v -377.07074 48.3399162 379.316315
v -377.097748 48.1101952 379.360901
v -377.120209 48.1114655 379.392578
v -377.083649 47.9298477 379.429657
v -377.097748 48.1101952 379.360901
v -377.083649 47.9298477 379.429657
v -377.021484 48.0253487 379.440857
v -377.097748 48.1101952 379.360901
v -377.083649 47.9298477 379.429657
v -377.120209 48.1114655 379.392578
v -377.021484 48.0253487 379.440857
v -377.109589 48.6688881 379.347015
v -376.874847 48.779232 379.278442
v -377.026245 48.6292534 379.410858
v -377.07074 48.3399162 379.316315
v -377.026245 48.6292534 379.410858
v -376.909363 48.6242867 379.363342
v -376.936249 48.7908325 379.201752
v -376.874847 48.779232 379.278442
v -377.109589 48.6688881 379.347015
v -376.874329 47.2694359 379.458801
v -376.992828 47.2512131 379.293488
v -377.062317 47.2477875 379.329651
v -376.989716 47.3703499 379.395477
v -376.874329 47.2694359 379.458801
v -377.062317 47.2477875 379.329651
v -376.989716 47.3703499 379.395477
v -377.062317 47.2477875 379.329651
v -377.022797 47.3774147 379.304596
v -377.023407 48.9987564 379.320435
v -376.988098 49.1052132 379.160156
v -376.799225 49.0951157 379.311218
v -377.053772 48.8180008 379.284546
v -376.94162 48.7812462 379.19458
v -377.067261 48.8569908 379.09436
v -376.94162 48.7812462 379.19458
v -377.053772 48.8180008 379.284546
v -376.914368 48.8298264 379.287292
v -376.949799 47.2512817 379.170837
v -376.884247 47.3774681 379.212585
v -376.754242 47.2766838 379.246765
v -376.803162 47.7647667 379.265259
v -376.817291 48.0990829 379.325623
v -376.753601 48.1030922 379.121277
v -376.929962 47.3812599 379.122314
v -376.949799 47.2512817 379.170837
v -376.923035 47.2478065 379.103485
v -376.88681 47.7465668 379.107056
v -376.753601 48.1030922 379.121277
v -376.898285 48.0942802 379.049988
v -376.790131 48.7165642 379.201477
v -376.874847 48.779232 379.278442
v -376.84552 48.8302078 379.201172
v -376.788239 48.8961906 379.228516
v -376.925598 48.8843727 379.211487
v -376.796356 48.9920692 379.221191
v -376.835571 48.3493423 379.071716
v -376.9104 48.5578499 379.043274
v -376.790131 48.7165642 379.201477
v -376.775635 48.116066 379.059753
v -376.789825 48.340477 378.978058
v -376.798584 48.1148987 378.999817
v -376.775635 48.116066 379.059753
v -376.835571 48.3493423 379.071716
v -376.789825 48.340477 378.978058
v -376.833954 48.708046 379.016754
v -376.752228 48.6934738 379.093781
v -376.790131 48.7165642 379.201477
v -376.789825 48.340477 378.978058
v -376.835571 48.3493423 379.071716
v -376.752228 48.6934738 379.093781
v -376.9104 48.5578499 379.043274
v -376.789825 48.340477 378.978058
v -376.833954 48.708046 379.016754
v -376.789825 48.340477 378.978058
v -376.752228 48.6934738 379.093781
v -376.833954 48.708046 379.016754
v -376.753601 48.1030922 379.121277
v -376.9104 48.5578499 379.043274
v -376.899536 48.0039864 379.039429
v -376.929962 47.3812599 379.122314
v -376.884247 47.3774681 379.212585
v -376.949799 47.2512817 379.170837
v -376.839203 47.3792992 379.151245
v -376.929962 47.3812599 379.122314
v -376.754242 47.2766838 379.246765
v -376.841675 49.0114365 379.089508
v -376.988098 49.1052132 379.160156
v -377.067261 48.8569908 379.09436
v -376.843781 48.8817139 379.179901
v -376.873596 48.8192482 379.056488
v -376.84552 48.8302078 379.201172
v -376.790131 48.7165642 379.201477
v -376.753601 48.1030922 379.121277
v -376.829071 48.2774048 379.298309
v -376.9104 48.5578499 379.043274
v -376.753601 48.1030922 379.121277
v -376.790131 48.7165642 379.201477
v -376.9104 48.5578499 379.043274
v -377.052673 48.6171188 379.252289
v -377.096436 48.0519142 379.300934
v -376.829071 48.2774048 379.298309
v -376.817291 48.0990829 379.325623
v -376.819031 48.0666122 379.354919
v -376.701447 47.4129143 378.668671
v -376.587952 47.7846184 378.765808
v -376.615875 47.4052124 378.667236
v -376.615875 47.4052124 378.667236
v -376.62851 47.3501358 378.574524
v -376.636169 47.3490944 378.735718
v -376.706482 48.6661263 378.559601
v -376.645538 48.7727089 378.72049
v -376.722992 48.1395454 378.761658
v -376.587952 47.7846184 378.765808
v -376.722992 48.1395454 378.761658
v -376.51944 48.1646729 378.762665
v -376.602631 48.0169754 378.552979
v -376.587952 47.7846184 378.765808
v -376.51944 48.1646729 378.762665
v -376.604462 48.8389664 378.591614
v -376.645538 48.7727089 378.72049
v -376.814789 48.7120667 378.608978
v -376.631561 49.0565224 378.71344
v -376.545441 48.869854 378.766846
v -376.617828 48.8465538 378.711182
v -376.617828 48.8465538 378.711182
v -376.645538 48.7727089 378.72049
v -376.67392 48.9143982 378.668274
v -376.67392 48.9143982 378.668274
v -376.645538 48.7727089 378.72049
v -376.604462 48.8389664 378.591614
v -376.785248 48.1281242 378.725037
v -376.748901 48.3662415 378.638611
v -376.791168 48.1274757 378.6633
v -376.8284 48.1278763 378.675629
v -376.816681 47.9451065 378.73114
v -376.791168 48.1274757 378.6633
v -376.816681 47.9451065 378.73114
v -376.775787 48.0437088 378.776184
v -376.791168 48.1274757 378.6633
v -376.816681 47.9451065 378.73114
v -376.8284 48.1278763 378.675629
v -376.775787 48.0437088 378.776184
v -376.814789 48.7120667 378.608978
v -376.645538 48.7727089 378.72049
v -376.782318 48.6703148 378.714355
v -376.615875 47.4052124 378.667236
v -376.636169 47.3490944 378.735718
v -376.701447 47.4129143 378.668671
v -376.695862 47.3511696 378.565979
v -376.62851 47.3501358 378.574524
v -376.66861 47.415329 378.571259
v -376.459106 47.8065033 378.715302
v -376.399323 47.4197617 378.598663
v -376.482361 47.409626 378.606201
v -376.498352 47.3522949 378.521057
v -376.482361 47.409626 378.606201
v -376.421051 47.3470039 378.657104
v -376.433777 48.0086746 378.494507
v -376.602631 48.0169754 378.552979
v -376.482361 47.409626 378.606201
v -376.433777 48.0086746 378.494507
v -376.466827 48.6241379 378.480042
v -376.602631 48.0169754 378.552979
v -376.469818 47.4196548 378.502533
v -376.399323 47.4197617 378.598663
v -376.433777 48.0086746 378.494507
v -376.407318 48.7745781 378.501709
v -376.604462 48.8389664 378.591614
v -376.466827 48.6241379 378.480042
v -376.433777 48.0086746 378.494507
v -376.399323 47.4197617 378.598663
v -376.348083 48.135376 378.629578
v -376.487793 48.7826576 378.672424
v -376.51944 48.1646729 378.762665
v -376.543427 48.6670723 378.747772
v -376.53064 49.0449486 378.641846
v -376.545441 48.869854 378.766846
v -376.631561 49.0565224 378.71344
v -376.487793 48.7826576 378.672424
v -376.617828 48.8465538 378.711182
v -376.540283 48.9420738 378.61908
v -376.487793 48.7826576 378.672424
v -376.540283 48.9420738 378.61908
v -376.604462 48.8389664 378.591614
v -376.53064 49.0449486 378.641846
v -376.540283 48.9420738 378.61908
v -376.545441 48.869854 378.766846
v -376.346069 47.9991798 378.540833
v -376.334015 48.0871391 378.60257
v -376.297577 48.1568832 378.567383
v -376.400116 48.409565 378.530396
v -376.466827 48.6241379 378.480042
v -376.487793 48.7826576 378.672424
v -376.297577 48.1568832 378.567383
v -376.309052 48.4166412 378.479492
v -376.325012 48.1753159 378.492554
v -376.339264 48.1838112 378.549072
v -376.297577 48.1568832 378.567383
v -376.334015 48.0871391 378.60257
v -376.407318 48.7745781 378.501709
v -376.383209 48.7591896 378.612823
v -376.487793 48.7826576 378.672424
v -376.309052 48.4166412 378.479492
v -376.400116 48.409565 378.530396
v -376.383209 48.7591896 378.612823
v -376.466827 48.6241379 378.480042
v -376.309052 48.4166412 378.479492
v -376.407318 48.7745781 378.501709
v -376.309052 48.4166412 378.479492
v -376.383209 48.7591896 378.612823
v -376.407318 48.7745781 378.501709
v -376.469818 47.4196548 378.502533
v -376.498352 47.3522949 378.521057
v -376.439026 47.3574333 378.489014
v -376.469818 47.4196548 378.502533
v -376.482361 47.409626 378.606201
v -376.498352 47.3522949 378.521057
v -376.399323 47.4197617 378.598663
v -376.439026 47.3574333 378.489014
v -376.421051 47.3470039 378.657104
v -376.696655 48.9340324 378.729584
v -376.646729 49.0458069 378.609009
v -376.622955 48.9263649 378.599152
v -376.698975 47.2780876 378.56839
v -376.660339 47.349865 378.569946
v -376.698517 47.3450851 378.722534
v -376.804321 48.9344254 378.631866
v -376.704559 49.1326408 378.514465
v -376.604126 49.1151772 378.746307
v -376.591461 48.9248505 378.582184
v -376.596558 48.9981232 378.468475
v -376.700562 48.979557 378.444092
v -376.464966 47.3544159 378.50293
v -376.495758 47.2843361 378.523376
v -376.42981 47.2856445 378.485016
v -376.497223 48.9732857 378.647156
v -376.604126 49.1151772 378.746307
v -376.526306 49.0896835 378.556335
v -367.815247 47.3226509 383.92746
v -367.895416 47.3307381 383.889313
v -367.953461 48.0286369 383.931793
v -367.709106 48.8232651 383.842285
v -367.862518 48.853138 383.837097
v -367.893219 48.6719894 383.779572
v -367.956207 48.6523361 383.939911
v -367.826538 48.8478012 383.963959
v -367.749481 48.9001427 384.014099
v -367.840515 49.1305504 383.939606
v -367.7948 49.1221352 384.068878
v -367.834778 48.9359131 383.960144
v -367.749481 48.9001427 384.014099
v -367.826538 48.8478012 383.963959
v -367.834778 48.9359131 383.960144
v -367.746002 48.9305649 383.873749
v -367.785645 48.8595848 383.862793
v -367.710693 48.8510933 383.852448
v -367.7948 49.1221352 384.068878
v -367.840515 49.1305504 383.939606
v -367.731201 49.1509628 383.857483
v -367.709106 48.8232651 383.842285
v -367.872833 48.1661148 383.77771
v -367.695343 48.1516609 383.819763
v -367.771851 48.9131012 383.847961
v -367.861603 48.8849678 383.994415
v -367.795349 48.8931923 383.834747
v -367.895416 47.3307381 383.889313
v -367.908356 47.2178154 384.041718
v -367.821686 47.2013206 383.80368
v -367.815247 47.3226509 383.92746
v -367.908356 47.2178154 384.041718
v -367.895416 47.3307381 383.889313
v -367.853912 47.3494034 383.796539
v -367.821686 47.2013206 383.80368
v -367.785919 47.3536339 383.841309
v -368.099701 48.9396667 384.251099
v -367.926575 49.0066071 384.25885
v -368.089142 48.8980408 384.253998
v -367.926575 49.0066071 384.25885
v -367.985992 48.946022 384.166016
v -368.089142 48.8980408 384.253998
v -367.926575 49.0066071 384.25885
v -368.099701 48.9396667 384.251099
v -367.985992 48.946022 384.166016
v -368.129242 48.6747322 383.939117
v -367.956207 48.6523361 383.939911
v -367.893219 48.6719894 383.779572
v -367.956207 48.6523361 383.939911
v -368.030273 48.7612724 384.007538
v -367.862518 48.853138 383.837097
v -368.094147 48.7899475 383.899719
v -367.862518 48.853138 383.837097
v -368.030273 48.7612724 384.007538
v -367.956207 48.6523361 383.939911
v -368.132874 48.7024536 384.073273
v -368.030273 48.7612724 384.007538
v -368.074432 48.9142342 384.18927
v -368.129242 48.6747322 383.939117
v -368.089142 48.8980408 384.253998
v -367.538086 48.0775452 383.89856
v -367.695343 48.1516609 383.819763
v -367.646423 47.3518677 383.900421
v -367.646423 47.3518677 383.900421
v -367.564331 47.351223 383.904755
v -367.538086 48.0775452 383.89856
v -367.574036 48.5944824 384.048279
v -367.79361 48.2197456 384.075928
v -367.749481 48.9001427 384.014099
v -367.574036 48.5944824 384.048279
v -367.696289 48.8478012 384.012573
v -367.529297 48.8072433 384.039551
v -367.696289 48.8478012 384.012573
v -367.749481 48.9001427 384.014099
v -367.671692 48.9346123 383.954529
v -367.671692 48.9346123 383.954529
v -367.660858 48.8595848 383.909393
v -367.696289 48.8478012 384.012573
v -367.749481 48.9001427 384.014099
v -367.7948 49.1221352 384.068878
v -367.649292 49.1269455 383.992188
v -367.649292 49.1269455 383.992188
v -367.671692 48.9346123 383.954529
v -367.749481 48.9001427 384.014099
v -367.538086 48.0775452 383.89856
v -367.582977 48.0950546 384.072632
v -367.574036 48.5944824 384.048279
v -367.538086 48.0775452 383.89856
v -367.709106 48.8232651 383.842285
v -367.695343 48.1516609 383.819763
v -367.676422 47.3168831 383.980408
v -367.684143 47.2171135 384.123962
v -367.611572 47.2020416 383.88562
v -367.684143 47.2171135 384.123962
v -367.595367 47.3195915 384.001221
v -367.611572 47.2020416 383.88562
v -367.564331 47.351223 383.904755
v -367.646423 47.3518677 383.900421
v -367.611572 47.2020416 383.88562
v -367.63446 49.0896912 383.961426
v -367.730286 49.1917915 384.036896
v -367.677612 49.2130394 383.871918
v -367.508057 47.9653511 384.039276
v -367.5224 48.0688171 384.067169
v -367.475891 48.0906487 384.07724
v -367.456482 47.988327 383.97345
v -367.5224 48.0688171 384.067169
v -367.508057 47.9653511 384.039276
v -367.462372 48.6044846 384.057068
v -367.574036 48.5944824 384.048279
v -367.529297 48.8072433 384.039551
v -370.769318 47.2817574 388.372284
v -370.893097 47.202301 388.323486
v -370.716766 47.1896362 388.464142
v -370.818878 47.3142662 388.435303
v -370.893097 47.202301 388.323486
v -370.769318 47.2817574 388.372284
v -370.77243 48.0124664 388.5495
v -370.818878 47.3142662 388.435303
v -370.973846 47.9262543 388.420654
v -370.973846 47.9262543 388.420654
v -371.00061 47.2918434 388.571716
v -370.935333 47.3006897 388.528229
v -370.689941 48.1474304 388.41571
v -370.826324 48.6026726 388.368591
v -370.791046 48.0659904 388.305847
v -370.935333 47.3006897 388.528229
v -371.063385 47.2001648 388.4664
v -370.892853 47.1942902 388.613007
v -371.063385 47.2001648 388.4664
v -371.00061 47.2918434 388.571716
v -370.892853 47.1942902 388.613007
v -371.00061 47.2918434 388.571716
v -370.973846 47.9262543 388.420654
v -371.002197 48.5643158 388.54657
v -370.77243 48.0124664 388.5495
v -370.973846 47.9262543 388.420654
v -370.935333 47.3006897 388.528229
v -370.904541 47.9975357 388.673187
v -370.77243 48.0124664 388.5495
v -370.935333 47.3006897 388.528229
v -370.892853 47.1942902 388.613007
v -371.00061 47.2918434 388.571716
v -370.904541 47.9975357 388.673187
v -370.904541 47.9975357 388.673187
v -371.00061 47.2918434 388.571716
v -371.002197 48.5643158 388.54657
v -370.968842 48.5626144 388.415619
v -371.002197 48.5643158 388.54657
v -370.973846 47.9262543 388.420654
v -370.866577 48.6611938 388.644073
v -370.659302 48.6268654 388.423584
v -370.77243 48.0124664 388.5495
v -370.947449 48.8056068 388.499054
v -370.903137 48.7863121 388.419647
v -371.001373 48.799469 388.402405
v -370.919678 49.003067 388.369568
v -371.003143 49.1109695 388.413452
v -370.996582 49.0273666 388.416504
v -370.717529 48.9498825 388.557556
v -370.812347 48.8237839 388.507294
v -370.918579 48.9660873 388.639221
v -370.76178 48.9424667 388.328339
v -370.717529 48.9498825 388.557556
v -370.77356 49.1230354 388.520172
v -370.76178 48.9424667 388.328339
v -370.77356 49.1230354 388.520172
v -371.003143 49.1109695 388.413452
v -370.717529 48.9498825 388.557556
v -370.918579 48.9660873 388.639221
v -370.77356 49.1230354 388.520172
v -371.120422 48.6470261 388.095398
v -371.225739 48.5946579 388.059631
v -371.080963 48.6170273 388.078552
v -371.225739 48.5946579 388.059631
v -371.120422 48.6470261 388.095398
v -371.058411 48.5333595 388.112854
v -371.225739 48.5946579 388.059631
v -371.058411 48.5333595 388.112854
v -371.080963 48.6170273 388.078552
v -370.659302 48.6268654 388.423584
v -370.678589 48.7289619 388.373322
v -370.806366 48.4398308 388.204773
v -370.844757 48.3738136 388.232208
v -370.876068 48.4250793 388.268982
v -370.659302 48.6268654 388.423584
v -370.876068 48.4250793 388.268982
v -370.806366 48.4398308 388.204773
v -370.786865 48.7245941 388.331726
v -370.909729 48.36763 388.721527
v -370.866577 48.6611938 388.644073
v -371.002197 48.5643158 388.54657
v -370.91153 48.3938675 388.811249
v -370.932526 47.9549675 388.714935
v -370.988068 48.0617065 388.663849
v -370.988068 48.0617065 388.663849
v -370.909729 48.36763 388.721527
v -370.91153 48.3938675 388.811249
v -370.91153 48.3938675 388.811249
v -370.909729 48.36763 388.721527
v -371.02597 48.7079811 388.644806
v -370.866577 48.6611938 388.644073
v -370.909729 48.36763 388.721527
v -370.841949 48.4210358 388.763672
v -370.91153 48.3938675 388.811249
v -371.02597 48.7079811 388.644806
v -370.933472 48.7357101 388.697418
v -366.312836 47.3819427 384.650574
v -366.730682 47.4031219 384.715149
v -366.378998 47.3074875 384.592499
v -366.378998 47.3074875 384.592499
v -366.502533 47.2115097 384.653015
v -366.244995 47.2455139 384.58667
v -366.368073 47.2705307 384.679993
v -366.502533 47.2115097 384.653015
v -366.378998 47.3074875 384.592499
v -366.384338 47.645092 384.804932
v -366.332825 47.440136 384.788513
v -366.719604 47.3875427 384.835083
v -366.27182 47.6351547 384.574463
v -366.730682 47.4031219 384.715149
v -366.288361 47.4622192 384.591217
v -366.288361 47.4622192 384.591217
v -366.332825 47.440136 384.788513
v -366.27182 47.6351547 384.574463
v -366.845062 48.1267776 384.788422
v -366.772919 48.3369064 384.843842
v -366.833038 48.1077919 384.830658
v -366.772919 48.3369064 384.843842
v -366.713318 48.2250481 384.825165
v -366.833038 48.1077919 384.830658
v -366.772919 48.3369064 384.843842
v -366.845062 48.1267776 384.788422
v -366.713318 48.2250481 384.825165
v -366.704132 47.8413811 384.748474
v -366.535156 48.0833168 384.633911
v -366.362732 48.0457458 384.623138
v -366.704132 47.8413811 384.748474
v -366.833038 48.1077919 384.830658
v -366.765411 48.1521416 384.795685
v -366.535156 48.0833168 384.633911
v -366.567627 48.1932793 384.816315
v -366.27182 47.6351547 384.574463
v -366.567627 48.1932793 384.816315
v -366.473206 48.2796021 384.785004
v -366.549805 48.3076439 384.766541
v -366.520447 48.2134399 384.90448
v -366.567627 48.1932793 384.816315
v -366.618896 48.1990623 384.891296
v -366.549805 48.3076439 384.766541
v -366.569855 48.3693771 384.742035
v -366.579041 48.3042145 384.780792
v -366.51297 48.5341682 384.761292
v -366.473206 48.2796021 384.785004
v -366.442078 48.3311539 384.863281
v -366.601746 48.3019409 384.768402
v -366.569855 48.3693771 384.742035
v -366.686798 48.4453659 384.773132
v -366.686798 48.4453659 384.773132
v -366.569855 48.3693771 384.742035
v -366.51297 48.5341682 384.761292
v -366.579041 48.3042145 384.780792
v -366.601746 48.3019409 384.768402
v -366.61853 48.3298798 384.79007
v -366.265717 47.25383 384.929443
v -366.341675 47.1721764 385.033325
v -366.107483 47.222908 384.917816
v -366.556396 47.4234581 385.133179
v -366.195526 47.3658867 384.93219
v -366.217804 47.286644 385.002777
v -366.341675 47.1721764 385.033325
v -366.217804 47.286644 385.002777
v -366.107483 47.222908 384.917816
v -366.636139 47.4088898 385.03067
v -366.332825 47.440136 384.788513
v -366.384338 47.645092 384.804932
v -366.636139 47.4088898 385.03067
v -366.265717 47.25383 384.929443
v -366.195526 47.3658867 384.93219
v -366.107483 47.222908 384.917816
v -366.217804 47.286644 385.002777
v -366.195526 47.3658867 384.93219
v -366.332825 47.440136 384.788513
v -366.141907 47.4811211 384.904724
v -366.27182 47.6351547 384.574463
v -366.222687 48.041481 384.930176
v -366.38623 48.0005608 384.99707
v -366.536499 47.8330917 385.099731
v -366.697571 48.098011 385.128937
v -366.536499 47.8330917 385.099731
v -366.643036 48.1378975 385.086212
v -366.537231 47.9295731 385.163422
v -366.674713 48.1201363 385.166351
v -366.643036 48.1378975 385.086212
v -366.222687 48.041481 384.930176
v -366.213409 47.6303024 384.943665
v -366.38623 48.0005608 384.99707
v -366.358734 48.2199783 384.890411
v -366.356842 48.0990486 385.09021
v -366.520447 48.2134399 384.90448
v -366.222687 48.041481 384.930176
v -366.27182 47.6351547 384.574463
v -366.141907 47.4811211 384.904724
v -366.537231 47.9295731 385.163422
v -366.643036 48.1378975 385.086212
v -366.536499 47.8330917 385.099731
v -366.222687 48.041481 384.930176
v -366.362732 48.0457458 384.623138
v -366.27182 47.6351547 384.574463
v -366.38623 48.0005608 384.99707
v -366.567627 48.1932793 384.816315
v -366.356842 48.0990486 385.09021
v -366.213409 47.6303024 384.943665
v -366.384338 47.645092 384.804932
v -366.567627 48.1932793 384.816315
v -366.51297 48.5341682 384.761292
v -366.442078 48.3311539 384.863281
v -366.492859 48.5196037 384.908478
v -366.497253 48.3869896 384.939178
v -366.532837 48.319046 384.950989
v -366.585144 48.4172897 384.968567
v -368.070831 48.8805656 384.23938
v -368.076996 48.8690567 384.282379
v -367.975433 48.85355 384.273132
v -367.900696 49.0090446 384.002167
v -367.865814 49.0369797 383.850464
v -367.944672 49.1040344 384.046295
v -367.944672 49.1040344 384.046295
v -367.952301 49.0084229 384.066772
v -367.900696 49.0090446 384.002167
v -367.965454 48.872982 384.325897
v -367.975433 48.85355 384.273132
v -368.076996 48.8690567 384.282379
v -368.030945 49.068264 384.074432
v -368.120392 49.0551147 384.264435
v -368.060303 49.0423927 384.059357
v -367.923035 49.0090103 384.080383
v -367.819153 49.0520859 383.802216
v -367.900696 49.0090446 384.002167
v -367.781006 49.0651321 384.060028
v -367.8302 49.0657883 384.109924
v -367.805878 49.0247421 384.050934
v -367.8302 49.0657883 384.109924
v -367.781006 49.0651321 384.060028
v -367.803314 49.0306473 384.12027
v -367.805878 49.0247421 384.050934
v -367.843811 49.0269012 384.104401
v -367.803314 49.0306473 384.12027
v -367.843811 49.0269012 384.104401
v -367.805878 49.0247421 384.050934
v -367.8302 49.0657883 384.109924
v -371.164581 48.4935417 388.089142
v -371.178741 48.7302742 388.111725
v -371.139374 48.7302971 388.093231
v -371.164581 48.4935417 388.089142
v -371.1745 48.7302361 388.062988
v -371.178741 48.7302742 388.111725
v -371.1745 48.7302361 388.062988
v -371.164581 48.4935417 388.089142
v -371.139374 48.7302971 388.093231
v -371.120087 48.7265968 388.060242
v -371.193939 48.708992 388.125427
v -371.143555 48.8114853 388.127319
v -371.193939 48.708992 388.125427
v -371.175751 48.7973747 388.037415
v -371.143555 48.8114853 388.127319
v -371.120087 48.7265968 388.060242
v -371.143555 48.8114853 388.127319
v -371.175751 48.7973747 388.037415
v -366.743835 48.239254 384.809662
v -366.694702 48.3518486 384.833618
v -366.756226 48.3488007 384.866058
v -366.653259 48.239254 385.023071
v -366.702393 48.3518448 384.999146
v -366.640839 48.3487968 384.966675
v -366.711548 48.2895966 384.981873
v -366.841309 48.3117371 385.030853
v -366.85318 48.236763 385.001678
v -374.188019 48.8507156 386.531464
v -374.163269 48.7954102 386.507568
v -374.157867 48.8142548 386.551453
v -374.184784 48.8292465 386.785736
v -374.311188 48.8218651 386.650238
v -374.211121 48.8532677 386.722656
v -373.990356 47.7953453 386.697327
v -373.994537 47.7137375 386.703613
v -374.085999 47.7496071 386.770172
v -374.048126 48.6564903 386.683655
v -374.034607 48.7395477 386.763702
v -374.078278 48.8282089 386.695312
v -374.017517 48.4865341 386.874969
v -374.047943 48.45681 386.90799
v -374.060394 48.5124931 386.904053
v -374.242889 47.5546417 386.791016
v -374.261444 47.562149 386.701782
v -374.354828 47.5531769 386.692352
v -374.449371 47.5546417 386.576874
v -374.360901 47.562149 386.598663
v -374.063477 47.5421906 386.641327
v -374.164429 47.5403709 386.508698
v -374.161987 47.562149 386.582764
v -374.029419 48.2412186 386.620178
v -374.12616 48.3467216 386.471802
v -374.122772 48.2474899 386.468536
v -374.126373 48.67556 386.535187
v -374.148865 48.6632729 386.493744
v -374.135376 48.5322762 386.480713
v -374.149017 48.8450165 386.623047
v -374.157867 48.8142548 386.551453
v -374.126373 48.67556 386.535187
v -374.048462 48.4863586 386.6185
v -374.09494 48.4061012 386.519867
v -374.029419 48.2412186 386.620178
v -374.125366 48.4413757 386.471039
v -374.117096 48.4061012 386.463074
v -374.100861 48.4077988 386.491089
v -374.117096 48.4061012 386.463074
v -374.121552 48.3798256 386.467377
v -374.100861 48.4077988 386.491089
v -374.09494 48.4061012 386.519867
v -374.12616 48.3467216 386.471802
v -374.029419 48.2412186 386.620178
v -374.122772 48.2474899 386.468536
v -374.031128 47.9935455 386.622406
v -374.130035 47.9885101 386.475525
v -374.153931 49.0053673 386.624512
v -374.164978 49.0521545 386.643951
v -374.169159 49.0897331 386.639069
v -374.188019 48.8507156 386.531464
v -374.206879 48.8142548 386.50061
v -374.163269 48.7954102 386.507568
v -374.441711 48.8307648 386.519348
v -374.379425 48.8536568 386.548157
v -374.311188 48.8218651 386.650238
v -374.346619 47.7953453 386.327942
v -374.422852 47.7496071 386.420868
v -374.353058 47.7137375 386.331848
v -374.337677 48.6554604 386.383392
v -374.347626 48.8298798 386.416016
v -374.417633 48.7493172 386.366547
v -374.542053 48.5060272 386.331055
v -374.571716 48.5301018 386.37384
v -374.577423 48.4699059 386.358948
v -374.496094 48.4790077 386.465149
v -374.463715 48.4509964 386.431458
v -374.493896 48.4481163 386.460907
v -374.293274 47.5421906 386.403015
v -374.238342 47.562149 386.503601
v -374.164429 47.5403709 386.508698
v -374.270935 48.2412186 386.369751
v -374.122772 48.2474899 386.468536
v -374.12616 48.3467216 386.471802
v -374.189301 48.6745415 386.46991
v -374.135376 48.5322762 386.480713
v -374.148865 48.6632729 386.493744
v -374.278137 48.8450165 386.489197
v -374.189301 48.6745415 386.46991
v -374.206879 48.8142548 386.50061
v -374.271149 48.4846115 386.387573
v -374.270935 48.2412186 386.369751
v -374.173065 48.4061012 386.438873
v -374.125366 48.4413757 386.471039
v -374.144501 48.4077988 386.445831
v -374.117096 48.4061012 386.463074
v -374.117096 48.4061012 386.463074
v -374.144501 48.4077988 386.445831
v -374.121552 48.3798256 386.467377
v -374.173065 48.4061012 386.438873
v -374.270935 48.2412186 386.369751
v -374.12616 48.3467216 386.471802
v -374.122772 48.2474899 386.468536
v -374.273224 47.9935455 386.371399
v -374.130035 47.9885101 386.475525
v -374.279785 49.0053673 386.494019
v -374.294861 49.0897331 386.508728
v -374.299591 49.0521545 386.504364
v -374.968719 47.7975197 385.149292
v -374.971863 47.7209892 385.14328
v -375.011871 47.7580566 385.13678
v -374.917908 47.7945595 385.006134
v -374.966461 47.7518578 384.999512
v -374.934875 47.712925 385.005127
v -374.996277 48.6650848 385.152557
v -374.989044 48.7157516 385.161682
v -375.006195 48.8260651 385.146027
v -375.145325 48.659771 385.171234
v -375.133453 48.8331757 385.160492
v -375.05954 48.7346115 385.249298
v -374.983063 48.4650841 385.255066
v -375.000549 48.437561 385.293793
v -375.010986 48.4948349 385.294495
v -374.897949 48.1202278 384.967163
v -374.919708 48.1322327 385.06543
v -374.901459 48.2486877 384.959351
v -374.897949 48.1202278 384.967163
v -374.917908 47.7945595 385.006134
v -374.919708 48.1322327 385.06543
v -374.947235 48.7188683 385.039185
v -374.908234 48.5959282 384.952759
v -374.960327 48.6906891 385.085938
v -374.936798 48.6234894 384.95636
v -374.908234 48.5959282 384.952759
v -374.96106 48.6764145 384.995728
v -375.032593 48.852562 385.059387
v -374.988037 48.8493423 384.993927
v -374.980713 48.7329521 385.032379
v -375.063568 49.1923866 385.011292
v -375.065338 49.1512489 385.073456
v -375.093811 49.1788559 385.039215
v -375.041046 49.1341553 385.044739
v -375.065338 49.1512489 385.073456
v -375.063568 49.1923866 385.011292
v -375.014069 47.7975006 384.791931
v -375.053467 47.7578926 384.812744
v -375.015503 47.7194443 384.799225
v -374.935608 47.794899 384.921844
v -374.951752 47.7147675 384.927673
v -374.982086 47.753479 384.938568
v -375.033325 48.6480179 384.78952
v -375.042694 48.8072395 384.773773
v -375.033936 48.696846 384.755432
v -375.185944 48.6437683 384.796661
v -375.133118 48.7055168 384.695709
v -375.174408 48.8149223 384.783112
v -374.936798 48.6234894 384.95636
v -374.969574 48.6744156 384.921234
v -374.908234 48.5959282 384.952759
v -375.055389 48.8435478 384.864777
v -374.99588 48.7282867 384.886261
v -374.99939 48.8459549 384.914185
v -375.075653 49.1954422 384.939514
v -375.113556 49.1838455 384.921997
v -375.098206 49.159565 384.878174
v -375.066132 49.1404953 384.895844
v -375.075653 49.1954422 384.939514
v -375.098206 49.159565 384.878174
v -375.143433 48.3183784 378.311157
v -374.981018 48.2621269 378.244263
v -375.035553 47.8645897 378.272095
v -375.046356 48.7166023 378.279449
v -377.14682 48.2252083 379.885101
v -377.150452 48.1855621 379.594055
v -377.138367 47.8000984 379.759033
v -377.178284 48.8774071 379.742828
v -377.165131 48.5956154 379.878143
v -372.880676 47.4047356 377.644623
v -372.892914 47.8244095 377.634766
v -372.729126 47.8236542 377.647675
v -372.786285 47.393116 377.599243
v -372.948151 48.2131615 377.638458
v -372.999756 48.1785927 377.497559
v -372.925415 48.8879128 377.499359
v -372.941437 48.614296 377.59726
v -372.761353 49.0381508 377.433197
v -372.76889 48.9761696 377.491638
v -372.688049 48.9364395 377.376434
v -372.722168 49.0279884 377.389801
v -372.777557 49.192009 377.470245
v -372.723114 49.1824646 377.333008
v -372.651123 49.212944 377.530121
v -372.731689 49.1911545 377.536133
v -372.709503 48.2588692 377.629059
v -372.948151 48.2131615 377.638458
v -372.941437 48.614296 377.59726
v -372.690704 48.6315689 377.602692
v -372.950287 48.2333488 377.5979
v -373.026245 48.225193 377.550232
v -373.041809 48.5538521 377.499969
v -372.941437 48.614296 377.59726
v -372.80365 48.90485 377.609192
v -372.941437 48.614296 377.59726
v -373.041809 48.5538521 377.499969
v -372.925415 48.8879128 377.499359
v -373.026245 48.225193 377.550232
v -372.986389 48.2218742 377.525238
v -372.939728 48.4986343 377.457062
v -373.041809 48.5538521 377.499969
v -372.892914 47.8244095 377.634766
v -372.948151 48.2131615 377.638458
v -372.709503 48.2588692 377.629059
v -372.729126 47.8236542 377.647675
v -372.809296 48.1196136 377.453156
v -372.904053 47.4233589 377.513489
v -372.786285 47.393116 377.599243
v -372.729126 47.8236542 377.647675
v -372.768829 49.0438194 377.382935
v -372.80307 49.1986504 377.39032
v -372.764496 49.1305084 377.480988
v -372.765533 49.0582886 377.484314
v -372.631592 47.8247833 377.551788
v -372.70575 47.3914795 377.466156
v -372.763611 47.4294395 377.332062
v -372.73996 47.8174706 377.440826
v -372.642426 47.395256 377.384125
v -372.70575 47.3914795 377.466156
v -372.631592 47.8247833 377.551788
v -372.589722 47.8564072 377.393677
v -372.5495 48.1964226 377.354614
v -372.510864 48.5760651 377.347229
v -372.60788 48.8627853 377.262756
v -372.659729 48.1720924 377.249115
v -372.663666 49.0000992 377.611694
v -372.651123 49.212944 377.530121
v -372.590118 49.1777573 377.484955
v -372.608063 48.9796791 377.502136
v -372.600769 49.1743431 377.403137
v -372.590118 49.1777573 377.484955
v -372.651123 49.212944 377.530121
v -372.723114 49.1824646 377.333008
v -372.533752 48.2035713 377.365356
v -372.510864 48.5760651 377.347229
v -372.514771 48.6862793 377.223602
v -372.541565 48.1915016 377.273621
v -372.596893 48.2032623 377.311157
v -372.541565 48.1915016 377.273621
v -372.514771 48.6862793 377.223602
v -372.60788 48.8627853 377.262756
v -372.809296 48.1196136 377.453156
v -372.709503 48.2588692 377.629059
v -372.631592 47.8247833 377.551788
v -372.73996 47.8174706 377.440826
v -372.659729 48.1720924 377.249115
v -372.809296 48.1196136 377.453156
v -372.73996 47.8174706 377.440826
v -372.589722 47.8564072 377.393677
v -372.589722 47.8564072 377.393677
v -372.631592 47.8247833 377.551788
v -372.595459 48.2050705 377.505768
v -372.5495 48.1964226 377.354614
v -372.709503 48.2588692 377.629059
v -372.690704 48.6315689 377.602692
v -372.545258 48.8907089 377.443726
v -372.595459 48.2050705 377.505768
v -372.556549 49.1683578 377.435699
v -372.590118 49.1777573 377.484955
v -372.651123 49.212944 377.530121
v -372.700623 49.2644539 377.52417
v -372.621826 49.0946121 377.34317
v -372.768829 49.0438194 377.382935
v -372.722168 49.0279884 377.389801
v -372.662811 49.0290413 377.394257
v -375.181122 47.8521843 378.157562
v -375.277222 47.4449348 378.116058
v -375.203217 47.4133339 378.249146
v -375.170227 47.8634796 378.320221
v -375.373962 48.270649 378.215271
v -375.361023 48.2345085 378.058899
v -375.29126 48.9760704 378.093292
v -375.349457 48.6900444 378.179138
v -375.106567 49.1331406 378.10257
v -375.13327 49.095459 378.160858
v -375.017792 49.0270271 378.082001
v -375.050354 49.1225128 378.078644
v -375.138245 49.2939911 378.130585
v -375.026276 49.2840157 378.024353
v -375.044586 49.3158798 378.24295
v -375.123657 49.2930984 378.213257
v -375.143433 48.3183784 378.311157
v -375.373962 48.270649 378.215271
v -375.349457 48.6900444 378.179138
v -375.187347 48.9795837 378.252258
v -375.29126 48.9760704 378.093292
v -375.292175 48.5796928 378.009033
v -375.268982 48.5775909 378.120697
v -375.349457 48.6900444 378.179138
v -375.358185 48.2917519 378.175812
v -375.268982 48.5775909 378.120697
v -375.292175 48.5796928 378.009033
v -375.360474 48.2797623 378.091034
v -375.358185 48.2917519 378.175812
v -375.409271 48.2832336 378.097229
v -375.401978 48.6267319 378.042725
v -375.349457 48.6900444 378.179138
v -375.298981 48.9437485 378.216461
v -375.349457 48.6900444 378.179138
v -375.401978 48.6267319 378.042725
v -375.29126 48.9760704 378.093292
v -375.409271 48.2832336 378.097229
v -375.360474 48.2797623 378.091034
v -375.292175 48.5796928 378.009033
v -375.401978 48.6267319 378.042725
v -375.148804 48.2197075 378.05423
v -375.181122 47.8521843 378.157562
v -375.170227 47.8634796 378.320221
v -375.143433 48.3183784 378.311157
v -375.181122 47.8521843 378.157562
v -375.148804 48.2197075 378.05423
v -375.361023 48.2345085 378.058899
v -375.301147 47.8505707 378.155914
v -375.305786 47.4316711 378.258636
v -375.373962 48.270649 378.215271
v -375.143433 48.3183784 378.311157
v -375.170227 47.8634796 378.320221
v -375.305786 47.4316711 378.258636
v -375.301147 47.8505707 378.155914
v -375.361023 48.2345085 378.058899
v -375.373962 48.270649 378.215271
v -375.298981 48.9437485 378.216461
v -375.29126 48.9760704 378.093292
v -375.178589 49.0298615 378.119354
v -375.187347 48.9795837 378.252258
v -375.091553 49.13908 378.051605
v -375.12735 49.3009377 378.04361
v -375.131256 49.2207069 378.136749
v -375.133026 49.1541634 378.149292
v -375.035553 47.8645897 378.272095
v -375.068268 47.4115906 378.158325
v -375.06424 47.4513016 378.005676
v -375.08963 47.8569641 378.119232
v -374.972198 47.415554 378.108276
v -375.068268 47.4115906 378.158325
v -375.035553 47.8645897 378.272095
v -374.926361 47.897686 378.140503
v -374.871094 48.2531509 378.121124
v -374.831177 48.650135 378.131012
v -374.886047 48.9498291 378.008362
v -374.929321 48.2277184 377.972595
v -375.092316 49.0933456 378.31485
v -375.044586 49.3158798 378.24295
v -374.966858 49.2790909 378.226929
v -374.98111 49.087307 378.219025
v -374.94101 49.2755089 378.144592
v -374.966858 49.2790909 378.226929
v -375.044586 49.3158798 378.24295
v -375.026276 49.2840157 378.024353
v -374.922089 48.5418549 378.086639
v -374.86087 48.2606277 378.138214
v -374.878448 48.2511215 378.043945
v -374.886047 48.9498291 378.008362
v -374.86087 48.2606277 378.138214
v -374.831177 48.650135 378.131012
v -374.780609 48.7652397 378.012085
v -374.827972 48.2480087 378.047791
v -374.878448 48.2511215 378.043945
v -374.827972 48.2480087 378.047791
v -374.780609 48.7652397 378.012085
v -374.886047 48.9498291 378.008362
v -375.148804 48.2197075 378.05423
v -375.143433 48.3183784 378.311157
v -375.035553 47.8645897 378.272095
v -375.08963 47.8569641 378.119232
v -374.929321 48.2277184 377.972595
v -375.148804 48.2197075 378.05423
v -375.08963 47.8569641 378.119232
v -374.926361 47.897686 378.140503
v -374.926361 47.897686 378.140503
v -375.035553 47.8645897 378.272095
v -374.981018 48.2621269 378.244263
v -374.871094 48.2531509 378.121124
v -374.842377 48.9287186 378.161407
v -374.831177 48.650135 378.131012
v -375.046356 48.7166023 378.279449
v -374.949768 48.9791031 378.211456
v -374.913422 49.2692719 378.194916
v -374.966858 49.2790909 378.226929
v -375.044586 49.3158798 378.24295
v -375.088928 49.3697243 378.215607
v -374.934662 49.1921768 378.078461
v -375.091553 49.13908 378.051605
v -375.050354 49.1225128 378.078644
v -374.995972 49.1236153 378.108948
v -377.324951 48.1050377 379.792877
v -377.404938 47.4001236 379.840393
v -377.261871 47.3635178 379.869415
v -377.172852 47.78228 379.901978
v -377.330322 47.3717194 379.948822
v -377.313232 47.8220901 379.978546
v -377.172852 47.78228 379.901978
v -377.261871 47.3635178 379.869415
v -377.323944 48.1749153 380.032532
v -377.449921 48.149292 379.954926
v -377.458771 48.674221 379.913452
v -377.271606 48.8691826 379.976379
v -377.134766 48.9698982 379.862701
v -377.247864 48.9716187 379.934174
v -377.252777 49.1431656 379.955505
v -377.215515 49.1854286 379.893646
v -377.294678 48.8733749 379.913971
v -377.247864 48.9716187 379.934174
v -377.223846 48.9506226 379.783844
v -377.196075 48.8612442 379.849823
v -377.14682 48.2252083 379.885101
v -377.323944 48.1749153 380.032532
v -377.271606 48.8691826 379.976379
v -377.165131 48.5956154 379.878143
v -377.319702 48.1621284 380.082764
v -377.411011 48.1540489 380.058228
v -377.46637 48.8126335 380.013672
v -377.347168 48.6496048 380.06665
v -377.411011 48.1540489 380.058228
v -377.393921 48.152626 380.014374
v -377.458771 48.674221 379.913452
v -377.46637 48.8126335 380.013672
v -377.313232 47.8220901 379.978546
v -377.323944 48.1749153 380.032532
v -377.14682 48.2252083 379.885101
v -377.172852 47.78228 379.901978
v -377.395599 49.0097198 379.859802
v -377.4151 49.1488495 379.936127
v -377.323883 49.0741615 379.932281
v -377.310272 49.0130768 379.917847
v -377.138367 47.8000984 379.759033
v -377.227509 47.3657227 379.71817
v -377.344086 47.4005737 379.629456
v -377.296997 47.7695961 379.672363
v -377.340057 48.5264816 379.553223
v -377.283875 48.8418427 379.509277
v -377.46637 48.8126335 380.013672
v -377.458771 48.674221 379.913452
v -377.325104 49.0206223 379.778107
v -377.325409 48.9177361 379.739075
v -377.223846 48.9506226 379.783844
v -377.239105 49.1719551 379.77655
v -377.325104 49.0206223 379.778107
v -377.362671 49.0054512 379.821686
v -377.356232 48.9120369 379.872803
v -377.325409 48.9177361 379.739075
v -377.239105 49.1719551 379.77655
v -377.219025 49.1722832 379.811096
v -377.215515 49.1854286 379.893646
v -377.41803 49.1645737 379.854828
v -377.266296 48.2167091 379.535034
v -377.244507 48.214817 379.470612
v -377.283875 48.8418427 379.509277
v -377.340057 48.5264816 379.553223
v -377.324951 48.1050377 379.792877
v -377.14682 48.2252083 379.885101
v -377.138367 47.8000984 379.759033
v -377.296997 47.7695961 379.672363
v -377.150452 48.1855621 379.594055
v -377.173431 48.8606339 379.652649
v -377.340057 48.5264816 379.553223
v -377.341309 48.1561928 379.564453
v -377.341309 48.1561928 379.564453
v -377.296997 47.7695961 379.672363
v -377.19809 47.3804474 379.619812
v -377.150452 48.1855621 379.594055
v -377.241913 49.1773758 379.755432
v -377.219025 49.1722832 379.811096
v -377.215515 49.1854286 379.893646
v -377.250061 49.2227783 379.944702
v -377.350189 49.0998611 379.736938
v -377.395599 49.0097198 379.859802
v -377.362671 49.0054512 379.821686
v -377.325104 49.0206223 379.778107
v -374.369324 47.3741989 378.031586
v -374.381927 48.1971397 378.018555
v -374.230011 48.1459236 378.122284
v -374.289154 47.7732468 378.124084
v -374.337524 48.0999641 377.906158
v -374.210236 48.0194397 377.919891
v -373.994232 48.668129 377.928711
v -374.294189 48.493824 377.868744
v -374.297119 47.3495979 378.048859
v -374.289154 47.7732468 378.124084
v -374.210236 48.0194397 377.919891
v -374.322632 47.2682915 377.935425
v -374.381927 48.1971397 378.018555
v -374.337524 48.0999641 377.906158
v -374.294189 48.493824 377.868744
v -374.290222 48.6294136 378.077789
v -374.120514 48.6157761 378.134674
v -374.230011 48.1459236 378.122284
v -374.381927 48.1971397 378.018555
v -374.290222 48.6294136 378.077789
v -374.026978 48.1872368 378.070282
v -374.074402 47.3586044 378.011444
v -374.162933 47.7650032 378.122345
v -374.230011 48.1459236 378.122284
v -374.210236 48.0194397 377.919891
v -374.230011 48.1459236 378.122284
v -374.162933 47.7650032 378.122345
v -374.118317 47.648304 377.971313
v -374.162933 47.7650032 378.122345
v -374.154633 47.3467941 378.011688
v -374.110779 47.2714615 377.894104
v -374.118317 47.648304 377.971313
v -373.972778 48.6842041 378.078613
v -374.117218 48.807251 378.078583
v -374.152588 48.7929306 377.967438
v -373.933716 48.6960373 377.976807
v -374.036652 48.2002258 377.925812
v -374.118317 47.648304 377.971313
v -374.074402 47.3586044 378.011444
v -374.026978 48.1872368 378.070282
v -374.199402 48.8263474 378.143372
v -374.234802 48.9183731 378.058838
v -374.217834 49.0115128 378.03653
v -374.167023 49.0358772 378.105591
v -374.212097 48.9602127 378.001343
v -374.217834 49.0115128 378.03653
v -374.234802 48.9183731 378.058838
v -374.210785 48.8898506 377.992706
v -374.199402 48.8263474 378.143372
v -374.167023 49.0358772 378.105591
v -374.086914 48.9988136 378.093231
v -374.117218 48.807251 378.078583
v -374.074982 48.9439926 378.058289
v -374.077087 48.8760529 378.044617
v -374.117218 48.807251 378.078583
v -374.086914 48.9988136 378.093231
v -374.140808 49.1101532 378.061676
v -374.167023 49.0358772 378.105591
v -374.217834 49.0115128 378.03653
v -374.246521 48.9612923 377.904663
v -374.114868 49.0011177 377.977386
v -374.115784 48.8153038 377.951874
v -374.234802 48.9183731 378.058838
v -374.217834 49.0115128 378.03653
v -374.140808 49.1101532 378.061676
v -373.980011 48.9438515 378.018311
v -374.086914 48.9988136 378.093231
v -374.167023 49.0358772 378.105591
v -374.114868 49.0011177 377.977386
v -374.086914 48.9988136 378.093231
v -374.077087 48.8760529 378.044617
v -374.115784 48.8153038 377.951874
v -374.294189 48.493824 377.868744
v -374.444519 47.9733582 377.887726
v -374.414886 48.0513229 377.990356
v -374.329987 48.3946533 377.917664
v -374.329987 48.3946533 377.917664
v -374.414886 48.0513229 377.990356
v -374.453552 48.0101738 377.975433
v -374.40271 48.3191528 377.859131
v -374.376801 48.669735 378.003845
v -374.290222 48.6294136 378.077789
v -374.329987 48.3946533 377.917664
v -374.40271 48.3191528 377.859131
v -373.979126 47.9396133 377.993469
v -373.994232 48.668129 377.928711
v -373.998993 48.3646889 378.000244
v -373.999359 48.0240173 378.079376
v -373.51004 47.3700333 377.687622
v -373.493988 47.3139954 377.800354
v -373.281921 48.0538292 377.687561
v -373.349579 47.7062988 377.578461
v -373.349579 47.7062988 377.578461
v -373.2901 48.0165749 377.467224
v -373.515656 48.0513191 377.609589
v -373.51004 47.3700333 377.687622
v -373.438049 48.0757942 377.738098
v -373.515656 48.0513191 377.609589
v -373.614929 48.4944191 377.53064
v -373.460785 48.5586624 377.73999
v -373.493988 47.3139954 377.800354
v -373.629059 47.2731018 377.778503
v -373.476379 47.7313919 377.698883
v -373.281921 48.0538292 377.687561
v -373.460785 48.5586624 377.73999
v -373.614929 48.4944191 377.53064
v -373.488983 48.7726059 377.639252
v -373.371002 48.6333961 377.795441
v -373.281921 48.0538292 377.687561
v -373.438049 48.0757942 377.738098
v -373.460785 48.5586624 377.73999
v -373.332489 48.6052322 377.636444
v -373.2901 48.0165749 377.467224
v -373.281921 48.0538292 377.687561
v -373.332489 48.6052322 377.636444
v -373.400452 48.6722298 377.493958
v -373.394836 48.7530937 377.614319
v -373.342529 48.8724022 377.583252
v -373.350891 48.9548874 377.468658
v -373.420471 48.7530403 377.55899
v -373.379791 48.9295959 377.611572
v -373.353333 48.9676704 377.56662
v -373.342529 48.8724022 377.583252
v -373.390778 48.8621864 377.65036
v -373.476379 47.7313919 377.698883
v -373.629059 47.2731018 377.778503
v -373.608002 47.2656631 377.711578
v -373.51004 47.3700333 377.687622
v -373.237823 48.6224785 377.68988
v -373.295532 48.6755142 377.636841
v -373.245392 48.699295 377.607239
v -373.105957 48.4749374 377.665466
v -373.245392 48.699295 377.607239
v -373.270477 48.680603 377.583862
v -373.153687 48.4373322 377.599915
v -373.105957 48.4749374 377.665466
v -373.460785 48.5586624 377.73999
v -373.371002 48.6333961 377.795441
v -373.105957 48.4749374 377.665466
v -373.153687 48.4373322 377.599915
v -373.608002 47.2656631 377.711578
v -373.629059 47.2731018 377.778503
v -373.493988 47.3139954 377.800354
v -373.376892 47.2704124 377.747498
v -373.531494 47.2466812 377.562408
v -373.428864 47.3404961 377.560333
v -373.435577 48.0680618 377.345428
v -373.571899 48.0575447 377.45285
v -373.435181 47.7322617 377.565216
v -373.2901 48.0165749 377.467224
v -373.428864 47.3404961 377.560333
v -373.496307 47.2481804 377.622009
v -373.484131 48.9018669 377.505432
v -373.492706 48.8431091 377.54425
v -373.439209 48.8473015 377.484222
v -373.452698 48.9399796 377.467255
v -373.531494 47.2466812 377.562408
v -373.571899 48.0575447 377.45285
v -373.435181 47.7322617 377.565216
v -373.496307 47.2481804 377.622009
v -373.590149 48.1023483 377.402496
v -373.614929 48.4944191 377.53064
v -373.578827 48.3255348 377.456421
v -373.542725 48.1165237 377.361847
v -373.590149 48.1023483 377.402496
v -373.605652 48.1029625 377.363617
v -373.661163 48.3399887 377.400543
v -373.614929 48.4944191 377.53064
v -373.496307 47.2481804 377.622009
v -373.283234 47.2737312 377.58194
v -373.329712 47.2707901 377.505554
v -373.531494 47.2466812 377.562408
v -373.589569 48.9605446 377.491058
v -373.618774 48.7802544 377.562988
v -373.494751 48.8400536 377.530518
v -373.452698 48.9399796 377.467255
v -377.395599 47.7269287 380.335144
v -377.468323 47.3288651 380.380096
v -377.450928 47.3335724 380.456848
v -377.40683 48.032238 380.473022
v -377.395599 47.7269287 380.335144
v -377.413788 47.9664688 380.232269
v -377.634827 48.0331993 380.356415
v -377.531738 47.6632042 380.417633
v -377.541138 47.3427925 380.44812
v -377.531738 47.6632042 380.417633
v -377.40683 48.032238 380.473022
v -377.450928 47.3335724 380.456848
v -377.531738 47.6632042 380.417633
v -377.541138 47.3427925 380.44812
v -377.468323 47.3288651 380.380096
v -377.395599 47.7269287 380.335144
v -377.706207 48.5145264 380.180206
v -377.596802 48.7512627 380.277832
v -377.567993 48.6640511 380.493988
v -377.626434 48.4339256 380.460938
v -377.536804 48.913929 380.323822
v -377.50415 48.965332 380.312622
v -377.475525 48.8718224 380.316467
v -377.542786 48.8438454 380.328125
v -377.626434 48.4339256 380.460938
v -377.56073 48.0880394 380.528625
v -377.500854 48.09198 380.519745
v -377.561798 48.3443527 380.457825
v -377.580139 48.3495789 380.561768
v -377.54715 48.0907211 380.564636
v -377.56073 48.0880394 380.528625
v -377.626434 48.4339256 380.460938
v -377.460114 48.6248665 380.466827
v -377.446472 48.5875206 380.356689
v -377.561798 48.3443527 380.457825
v -377.580139 48.3495789 380.561768
v -377.640045 48.736599 380.37381
v -377.613068 48.9618988 380.397369
v -377.575409 48.8437576 380.297485
v -377.561615 48.7753754 380.281189
v -377.610352 47.3313599 380.20752
v -377.556519 47.3361206 380.273834
v -377.413788 47.9664688 380.232269
v -377.54541 48.0068054 380.109924
v -377.671478 47.3515625 380.276825
v -377.610352 47.3313599 380.20752
v -377.54541 48.0068054 380.109924
v -377.60733 47.6279182 380.256958
v -377.60733 47.6279182 380.256958
v -377.413788 47.9664688 380.232269
v -377.556519 47.3361206 380.273834
v -377.671478 47.3515625 380.276825
v -377.54541 48.0068054 380.109924
v -377.520294 48.6788864 380.172394
v -377.706207 48.5145264 380.180206
v -377.698883 48.0370865 380.200043
v -377.54541 48.0068054 380.109924
v -377.413788 47.9664688 380.232269
v -377.432953 48.6035881 380.235168
v -377.520294 48.6788864 380.172394
v -377.549957 48.9007072 380.173615
v -377.563293 48.8295555 380.17981
v -377.488495 48.8596306 380.177002
v -377.514862 48.9526329 380.17038
v -377.665588 48.0627823 380.118927
v -377.706207 48.5145264 380.180206
v -377.636658 48.2985725 380.141296
v -377.608582 48.0619698 380.091949
v -377.665588 48.0627823 380.118927
v -377.67099 48.0594559 380.078369
v -377.687897 48.2828026 380.052032
v -377.706207 48.5145264 380.180206
v -377.63974 48.9454002 380.105194
v -377.653503 48.7505951 380.119659
v -377.555115 48.8336067 380.178802
v -377.514862 48.9526329 380.17038
v -377.653503 48.7505951 380.119659
v -377.640045 48.736599 380.37381
v -377.561615 48.7753754 380.281189
v -377.555115 48.8336067 380.178802
v -376.817291 48.0990829 379.325623
v -376.855743 47.7661362 379.376312
v -376.989716 47.3703499 379.395477
v -376.982025 48.1209869 379.418732
v -376.855743 47.7661362 379.376312
v -376.817291 48.0990829 379.325623
v -377.000671 48.0789299 379.184021
v -376.998535 47.6855125 379.30191
v -376.998535 47.6855125 379.30191
v -377.022797 47.3774147 379.304596
v -376.935089 47.3642235 379.342285
v -376.855743 47.7661362 379.376312
v -377.079041 48.0992355 379.315674
v -377.096436 48.0519142 379.300934
v -376.967041 48.0628357 379.434753
v -376.982025 48.1209869 379.418732
v -377.079041 48.0992355 379.315674
v -376.982025 48.1209869 379.418732
v -376.989716 47.3703499 379.395477
v -376.998535 47.6855125 379.30191
v -376.793457 48.7999458 379.312012
v -376.876038 48.8953171 379.338715
v -376.885803 48.9913902 379.333008
v -376.803986 49.0152245 379.306915
v -376.874847 48.779232 379.278442
v -376.936249 48.7908325 379.201752
v -376.956848 48.8696594 379.253723
v -376.914368 48.8298264 379.287292
v -376.914368 48.8298264 379.287292
v -376.934998 48.8807564 379.295746
v -376.876038 48.8953171 379.338715
v -376.793457 48.7999458 379.312012
v -376.921875 48.9457474 379.309357
v -376.885803 48.9913902 379.333008
v -376.876038 48.8953171 379.338715
v -376.934998 48.8807564 379.295746
v -377.056915 48.1100044 379.406555
v -377.120209 48.1114655 379.392578
v -377.109589 48.6688881 379.347015
v -377.026245 48.6292534 379.410858
v -377.109589 48.6688881 379.347015
v -377.120209 48.1114655 379.392578
v -377.097748 48.1101952 379.360901
v -377.07074 48.3399162 379.316315
v -376.799225 49.0951157 379.311218
v -376.803986 49.0152245 379.306915
v -376.885803 48.9913902 379.333008
v -377.023407 48.9987564 379.320435
v -377.053772 48.8180008 379.284546
v -377.023407 48.9987564 379.320435
v -376.934998 48.8807564 379.295746
v -376.914368 48.8298264 379.287292
v -376.839203 47.3792992 379.151245
v -376.884247 47.3774681 379.212585
v -376.803162 47.7647667 379.265259
v -376.753601 48.1030922 379.121277
v -377.000671 48.0789299 379.184021
v -376.817291 48.0990829 379.325623
v -376.803162 47.7647667 379.265259
v -376.884247 47.3774681 379.212585
v -377.000671 48.0789299 379.184021
v -376.884247 47.3774681 379.212585
v -376.88681 47.7465668 379.107056
v -376.898285 48.0942802 379.049988
v -376.929962 47.3812599 379.122314
v -376.839203 47.3792992 379.151245
v -376.753601 48.1030922 379.121277
v -376.88681 47.7465668 379.107056
v -376.833954 48.708046 379.016754
v -376.936249 48.7908325 379.201752
v -377.052673 48.6171188 379.252289
v -376.9104 48.5578499 379.043274
v -376.793457 48.7999458 379.312012
v -376.803986 49.0152245 379.306915
v -376.796356 48.9920692 379.221191
v -376.788239 48.8961906 379.228516
v -376.905914 48.8689346 379.16922
v -376.936249 48.7908325 379.201752
v -376.790131 48.7165642 379.201477
v -376.84552 48.8302078 379.201172
v -376.84552 48.8302078 379.201172
v -376.793457 48.7999458 379.312012
v -376.788239 48.8961906 379.228516
v -376.843781 48.8817139 379.179901
v -376.827362 48.9466248 379.190918
v -376.843781 48.8817139 379.179901
v -376.788239 48.8961906 379.228516
v -376.796356 48.9920692 379.221191
v -376.82959 48.1169319 379.026978
v -376.9104 48.5578499 379.043274
v -376.835571 48.3493423 379.071716
v -376.775635 48.116066 379.059753
v -376.82959 48.1169319 379.026978
v -376.798584 48.1148987 378.999817
v -376.789825 48.340477 378.978058
v -376.9104 48.5578499 379.043274
v -376.899536 48.0039864 379.039429
v -377.096436 48.0519142 379.300934
v -377.000671 48.0789299 379.184021
v -376.898285 48.0942802 379.049988
v -377.029266 48.1917953 379.238678
v -376.905487 48.2029343 379.068726
v -377.000671 48.0789299 379.184021
v -376.799225 49.0951157 379.311218
v -376.841675 49.0114365 379.089508
v -376.796356 48.9920692 379.221191
v -376.803986 49.0152245 379.306915
v -376.841675 49.0114365 379.089508
v -376.873596 48.8192482 379.056488
v -376.843781 48.8817139 379.179901
v -376.796356 48.9920692 379.221191
v -376.967041 48.0628357 379.434753
v -377.096436 48.0519142 379.300934
v -377.052673 48.6171188 379.252289
v -376.909363 48.6242867 379.363342
v -377.029266 48.1917953 379.238678
v -376.978882 48.2244186 379.382202
v -376.982025 48.1209869 379.418732
v -377.079041 48.0992355 379.315674
v -376.744476 48.0141602 378.61734
v -376.602631 48.0169754 378.552979
v -376.466827 48.6241379 378.480042
v -376.706482 48.6661263 378.559601
v -376.701447 47.4129143 378.668671
v -376.66861 47.415329 378.571259
v -376.744476 48.0141602 378.61734
v -376.722992 48.1395454 378.761658
v -376.602631 48.0169754 378.552979
v -376.66861 47.415329 378.571259
v -376.615875 47.4052124 378.667236
v -376.587952 47.7846184 378.765808
v -376.706482 48.6661263 378.559601
v -376.466827 48.6241379 378.480042
v -376.604462 48.8389664 378.591614
v -376.814789 48.7120667 378.608978
v -376.51944 48.1646729 378.762665
v -376.722992 48.1395454 378.761658
v -376.645538 48.7727089 378.72049
v -376.543427 48.6670723 378.747772
v -376.68634 48.9825783 378.688812
v -376.631561 49.0565224 378.71344
v -376.617828 48.8465538 378.711182
v -376.67392 48.9143982 378.668274
v -376.785248 48.1281242 378.725037
v -376.8284 48.1278763 378.675629
v -376.814789 48.7120667 378.608978
v -376.782318 48.6703148 378.714355
v -376.814789 48.7120667 378.608978
v -376.8284 48.1278763 378.675629
v -376.791168 48.1274757 378.6633
v -376.748901 48.3662415 378.638611
v -376.695862 47.3511696 378.565979
v -376.66861 47.415329 378.571259
v -376.701447 47.4129143 378.668671
v -376.636169 47.3490944 378.735718
v -376.51944 48.1646729 378.762665
v -376.348083 48.135376 378.629578
v -376.399323 47.4197617 378.598663
v -376.459106 47.8065033 378.715302
v -376.602631 48.0169754 378.552979
v -376.51944 48.1646729 378.762665
v -376.459106 47.8065033 378.715302
v -376.482361 47.409626 378.606201
v -376.348083 48.135376 378.629578
v -376.487793 48.7826576 378.672424
v -376.466827 48.6241379 378.480042
v -376.433777 48.0086746 378.494507
v -376.325012 48.1753159 378.492554
v -376.466827 48.6241379 378.480042
v -376.400116 48.409565 378.530396
v -376.339264 48.1838112 378.549072
v -376.400116 48.409565 378.530396
v -376.309052 48.4166412 378.479492
v -376.297577 48.1568832 378.567383
v -376.339264 48.1838112 378.549072
v -376.622864 47.2821655 378.582611
v -376.698975 47.2780876 378.56839
v -376.698517 47.3450851 378.722534
v -376.613983 47.3478851 378.741425
v -376.591461 48.9248505 378.582184
v -376.539093 48.9443436 378.620544
v -376.540924 48.9931412 378.506439
v -376.596558 48.9981232 378.468475
v -376.804321 48.9344254 378.631866
v -376.668732 48.9030495 378.620514
v -376.591461 48.9248505 378.582184
v -376.700562 48.979557 378.444092
v -376.495758 47.2843361 378.523376
v -376.457916 47.3407516 378.678314
v -376.384613 47.3452988 378.634796
v -376.42981 47.2856445 378.485016
v -376.526306 49.0896835 378.556335
v -376.540924 48.9931412 378.506439
v -376.539093 48.9443436 378.620544
v -376.497223 48.9732857 378.647156
v -376.704559 49.1326408 378.514465
v -376.700562 48.979557 378.444092
v -376.540924 48.9931412 378.506439
v -376.526306 49.0896835 378.556335
v -367.872833 48.1661148 383.77771
v -367.953461 48.0286369 383.931793
v -367.895416 47.3307381 383.889313
v -367.853912 47.3494034 383.796539
v -367.709106 48.8232651 383.842285
v -367.710693 48.8510933 383.852448
v -367.785645 48.8595848 383.862793
v -367.862518 48.853138 383.837097
v -367.785645 48.8595848 383.862793
v -367.746002 48.9305649 383.873749
v -367.834778 48.9359131 383.960144
v -367.826538 48.8478012 383.963959
v -367.731201 49.1509628 383.857483
v -367.840515 49.1305504 383.939606
v -367.834778 48.9359131 383.960144
v -367.746002 48.9305649 383.873749
v -367.795349 48.8931923 383.834747
v -367.861603 48.8849678 383.994415
v -367.826538 48.8478012 383.963959
v -367.785645 48.8595848 383.862793
v -367.647003 48.8839111 383.874573
v -367.795349 48.8931923 383.834747
v -367.785645 48.8595848 383.862793
v -367.710693 48.8510933 383.852448
v -367.826538 48.8478012 383.963959
v -367.861603 48.8849678 383.994415
v -367.771851 48.9131012 383.847961
v -367.785645 48.8595848 383.862793
v -367.706055 49.1047821 383.840057
v -367.677612 49.2130394 383.871918
v -367.808319 49.2357941 383.917603
v -367.839783 49.08992 383.885132
v -367.785919 47.3536339 383.841309
v -367.815247 47.3226509 383.92746
v -367.79361 48.2197456 384.075928
v -367.695343 48.1516609 383.819763
v -368.030273 48.7612724 384.007538
v -368.132874 48.7024536 384.073273
v -368.191315 48.7285843 384.020691
v -368.094147 48.7899475 383.899719
v -368.089142 48.8980408 384.253998
v -368.129242 48.6747322 383.939117
v -368.191315 48.7285843 384.020691
v -368.099701 48.9396667 384.251099
v -368.191315 48.7285843 384.020691
v -368.132874 48.7024536 384.073273
v -368.074432 48.9142342 384.18927
v -368.099701 48.9396667 384.251099
v -367.538086 48.0775452 383.89856
v -367.564331 47.351223 383.904755
v -367.595367 47.3195915 384.001221
v -367.582977 48.0950546 384.072632
v -367.529297 48.8072433 384.039551
v -367.696289 48.8478012 384.012573
v -367.660858 48.8595848 383.909393
v -367.533478 48.8249626 383.906982
v -367.660858 48.8595848 383.909393
v -367.710693 48.8510933 383.852448
v -367.709106 48.8232651 383.842285
v -367.533478 48.8249626 383.906982
v -367.746002 48.9305649 383.873749
v -367.710693 48.8510933 383.852448
v -367.660858 48.8595848 383.909393
v -367.671692 48.9346123 383.954529
v -367.746002 48.9305649 383.873749
v -367.671692 48.9346123 383.954529
v -367.649292 49.1269455 383.992188
v -367.731201 49.1509628 383.857483
v -367.696289 48.8478012 384.012573
v -367.660889 48.8804207 383.94397
v -367.647003 48.8839111 383.874573
v -367.660858 48.8595848 383.909393
v -367.771851 48.9131012 383.847961
v -367.660889 48.8804207 383.94397
v -367.660858 48.8595848 383.909393
v -367.710693 48.8510933 383.852448
v -367.710815 49.1053696 384.134796
v -367.856934 49.1258392 384.114014
v -367.730286 49.1917915 384.036896
v -367.63446 49.0896912 383.961426
v -367.646423 47.3518677 383.900421
v -367.695343 48.1516609 383.819763
v -367.79361 48.2197456 384.075928
v -367.676422 47.3168831 383.980408
v -367.432465 48.6099586 383.957489
v -367.462372 48.6044846 384.057068
v -367.529297 48.8072433 384.039551
v -367.533478 48.8249626 383.906982
v -367.574036 48.5944824 384.048279
v -367.462372 48.6044846 384.057068
v -367.475891 48.0906487 384.07724
v -367.5224 48.0688171 384.067169
v -367.462372 48.6044846 384.057068
v -367.432465 48.6099586 383.957489
v -367.456482 47.988327 383.97345
v -367.475891 48.0906487 384.07724
v -367.456482 47.988327 383.97345
v -367.518463 48.5834198 383.920319
v -367.574036 48.5944824 384.048279
v -367.5224 48.0688171 384.067169
v -370.716766 47.1896362 388.464142
v -370.689941 48.1474304 388.41571
v -370.791046 48.0659904 388.305847
v -370.769318 47.2817574 388.372284
v -370.826324 48.6026726 388.368591
v -370.786865 48.7245941 388.331726
v -370.903137 48.7863121 388.419647
v -370.968842 48.5626144 388.415619
v -370.786865 48.7245941 388.331726
v -370.678589 48.7289619 388.373322
v -370.848267 48.7929802 388.522064
v -370.903137 48.7863121 388.419647
v -370.968842 48.5626144 388.415619
v -370.973846 47.9262543 388.420654
v -370.791046 48.0659904 388.305847
v -370.826324 48.6026726 388.368591
v -370.903137 48.7863121 388.419647
v -371.02597 48.7079811 388.644806
v -371.002197 48.5643158 388.54657
v -370.968842 48.5626144 388.415619
v -371.02597 48.7079811 388.644806
v -370.947449 48.8056068 388.499054
v -370.848267 48.7929802 388.522064
v -370.933472 48.7357101 388.697418
v -371.001373 48.799469 388.402405
v -370.929779 48.9020805 388.365692
v -370.919678 49.003067 388.369568
v -370.996582 49.0273666 388.416504
v -370.903137 48.7863121 388.419647
v -370.848267 48.7929802 388.522064
v -370.817444 48.8754921 388.466583
v -370.857208 48.8870544 388.39563
v -370.876923 48.9555931 388.384613
v -370.919678 49.003067 388.369568
v -370.929779 48.9020805 388.365692
v -370.857208 48.8870544 388.39563
v -370.925385 48.8876495 388.534729
v -370.817444 48.8754921 388.466583
v -370.848267 48.7929802 388.522064
v -370.947449 48.8056068 388.499054
v -371.001373 48.799469 388.402405
v -370.996582 49.0273666 388.416504
v -370.98288 49.003067 388.505554
v -370.947449 48.8056068 388.499054
v -370.940643 48.9529839 388.527435
v -370.925385 48.8876495 388.534729
v -370.947449 48.8056068 388.499054
v -370.98288 49.003067 388.505554
v -370.861511 49.0154686 388.479279
v -370.812347 48.8237839 388.507294
v -370.929779 48.9020805 388.365692
v -370.919678 49.003067 388.369568
v -371.003143 49.1109695 388.413452
v -370.918579 48.9660873 388.639221
v -370.98288 49.003067 388.505554
v -370.996582 49.0273666 388.416504
v -370.861511 49.0154686 388.479279
v -370.98288 49.003067 388.505554
v -370.925385 48.8876495 388.534729
v -370.812347 48.8237839 388.507294
v -371.058411 48.5333595 388.112854
v -371.120422 48.6470261 388.095398
v -370.876068 48.4250793 388.268982
v -370.844757 48.3738136 388.232208
v -370.876068 48.4250793 388.268982
v -371.120422 48.6470261 388.095398
v -371.080963 48.6170273 388.078552
v -370.806366 48.4398308 388.204773
v -371.080963 48.6170273 388.078552
v -371.058411 48.5333595 388.112854
v -370.844757 48.3738136 388.232208
v -370.806366 48.4398308 388.204773
v -370.932526 47.9549675 388.714935
v -370.841949 48.4210358 388.763672
v -370.909729 48.36763 388.721527
v -370.988068 48.0617065 388.663849
v -370.91153 48.3938675 388.811249
v -370.933472 48.7357101 388.697418
v -370.866577 48.6611938 388.644073
v -370.841949 48.4210358 388.763672
v -366.730682 47.4031219 384.715149
v -366.27182 47.6351547 384.574463
v -366.384338 47.645092 384.804932
v -366.719604 47.3875427 384.835083
v -366.332825 47.440136 384.788513
v -366.312836 47.3819427 384.650574
v -366.368073 47.2705307 384.679993
v -366.719604 47.3875427 384.835083
v -366.378998 47.3074875 384.592499
v -366.730682 47.4031219 384.715149
v -366.719604 47.3875427 384.835083
v -366.368073 47.2705307 384.679993
v -366.42099 48.1008644 384.579559
v -366.73468 47.8704643 384.658447
v -366.704132 47.8413811 384.748474
v -366.362732 48.0457458 384.623138
v -366.740906 47.9248657 384.666168
v -366.765411 48.1521416 384.795685
v -366.845062 48.1267776 384.788422
v -366.73468 47.8704643 384.658447
v -366.535156 48.0833168 384.633911
v -366.740906 47.9248657 384.666168
v -366.73468 47.8704643 384.658447
v -366.42099 48.1008644 384.579559
v -366.535156 48.0833168 384.633911
v -366.42099 48.1008644 384.579559
v -366.473206 48.2796021 384.785004
v -366.567627 48.1932793 384.816315
v -366.833038 48.1077919 384.830658
v -366.704132 47.8413811 384.748474
v -366.73468 47.8704643 384.658447
v -366.845062 48.1267776 384.788422
v -366.618896 48.1990623 384.891296
v -366.567627 48.1932793 384.816315
v -366.61853 48.3298798 384.79007
v -366.699371 48.4772301 384.92334
v -366.5914 48.368824 384.773956
v -366.61853 48.3298798 384.79007
v -366.567627 48.1932793 384.816315
v -366.549805 48.3076439 384.766541
v -366.473206 48.2796021 384.785004
v -366.51297 48.5341682 384.761292
v -366.569855 48.3693771 384.742035
v -366.549805 48.3076439 384.766541
v -366.601746 48.3019409 384.768402
v -366.579041 48.3042145 384.780792
v -366.5914 48.368824 384.773956
v -366.569855 48.3693771 384.742035
v -366.213409 47.6303024 384.943665
v -366.556396 47.4234581 385.133179
v -366.636139 47.4088898 385.03067
v -366.384338 47.645092 384.804932
v -366.686798 48.4453659 384.773132
v -366.699371 48.4772301 384.92334
v -366.61853 48.3298798 384.79007
v -366.601746 48.3019409 384.768402
v -366.332825 47.440136 384.788513
v -366.636139 47.4088898 385.03067
v -366.544342 47.3620567 385.106384
v -366.141907 47.4811211 384.904724
v -366.556396 47.4234581 385.133179
v -366.217804 47.286644 385.002777
v -366.265717 47.25383 384.929443
v -366.636139 47.4088898 385.03067
v -366.141907 47.4811211 384.904724
v -366.544342 47.3620567 385.106384
v -366.556396 47.4234581 385.133179
v -366.213409 47.6303024 384.943665
v -366.536499 47.8330917 385.099731
v -366.502167 47.8780098 385.181671
v -366.356842 48.0990486 385.09021
v -366.222687 48.041481 384.930176
v -366.697571 48.098011 385.128937
v -366.674713 48.1201363 385.166351
v -366.502167 47.8780098 385.181671
v -366.536499 47.8330917 385.099731
v -366.38623 48.0005608 384.99707
v -366.356842 48.0990486 385.09021
v -366.537231 47.9295731 385.163422
v -366.536499 47.8330917 385.099731
v -366.618896 48.1990623 384.891296
v -366.699371 48.4772301 384.92334
v -366.585144 48.4172897 384.968567
v -366.520447 48.2134399 384.90448
v -366.532959 48.3834724 384.929413
v -366.493378 48.3222961 384.917419
v -366.520447 48.2134399 384.90448
v -366.585144 48.4172897 384.968567
v -366.497253 48.3869896 384.939178
v -366.492859 48.5196037 384.908478
v -366.442078 48.3311539 384.863281
v -366.493378 48.3222961 384.917419
v -366.532837 48.319046 384.950989
v -366.497253 48.3869896 384.939178
v -366.532959 48.3834724 384.929413
v -366.524139 48.3179626 384.92688
v -366.532959 48.3834724 384.929413
v -366.585144 48.4172897 384.968567
v -366.548645 48.306572 384.936707
v -366.524139 48.3179626 384.92688
v -368.076996 48.8690567 384.282379
v -368.070831 48.8805656 384.23938
v -368.045288 48.9828262 384.247467
v -368.075806 48.9673271 384.286621
v -367.958038 48.9683304 384.069336
v -368.045288 48.9828262 384.247467
v -368.070831 48.8805656 384.23938
v -367.982147 48.894783 384.060333
v -367.982147 48.894783 384.060333
v -368.070831 48.8805656 384.23938
v -367.975433 48.85355 384.273132
v -367.890656 48.8974838 384.094391
v -368.004944 48.9865532 384.027313
v -367.89325 49.0416756 383.726196
v -367.757935 49.0672226 383.758392
v -367.883789 49.0057716 384.09549
v -367.777985 48.7970619 383.724426
v -367.757935 49.0672226 383.758392
v -367.89325 49.0416756 383.726196
v -367.877472 48.8890457 383.704437
v -367.861664 48.9230804 383.680145
v -367.859039 49.0708466 383.691071
v -367.748108 49.0700989 383.737854
v -367.731812 48.9272614 383.712067
v -367.819153 49.0520859 383.802216
v -367.923035 49.0090103 384.080383
v -367.944672 49.1040344 384.046295
v -367.848175 49.0526619 383.787781
v -368.008362 48.8492508 384.038483
v -367.877472 48.8890457 383.704437
v -367.89325 49.0416756 383.726196
v -368.004944 48.9865532 384.027313
v -367.944977 48.9552422 384.286469
v -367.975433 48.85355 384.273132
v -367.965454 48.872982 384.325897
v -367.967621 48.9647751 384.32666
v -367.958038 48.9683304 384.069336
v -367.890656 48.8974838 384.094391
v -367.944977 48.9552422 384.286469
v -368.045288 48.9828262 384.247467
v -367.944977 48.9552422 384.286469
v -367.967621 48.9647751 384.32666
v -368.075806 48.9673271 384.286621
v -368.045288 48.9828262 384.247467
v -367.876801 48.8306465 384.091431
v -367.883789 49.0057716 384.09549
v -367.757935 49.0672226 383.758392
v -367.777985 48.7970619 383.724426
v -367.883789 49.0057716 384.09549
v -367.876801 48.8306465 384.091431
v -368.008362 48.8492508 384.038483
v -368.004944 48.9865532 384.027313
v -367.731812 48.9272614 383.712067
v -367.748108 49.0700989 383.737854
v -367.859039 49.0708466 383.691071
v -367.861664 48.9230804 383.680145
v -366.841309 48.3117371 385.030853
v -366.869781 48.342392 384.960205
v -366.880432 48.2647171 384.932861
v -366.85318 48.236763 385.001678
v -366.702393 48.3518448 384.999146
v -366.756226 48.3488007 384.866058
v -366.694702 48.3518486 384.833618
v -366.640839 48.3487968 384.966675
v -366.653259 48.239254 385.023071
v -366.640839 48.3487968 384.966675
v -366.694702 48.3518486 384.833618
v -366.743835 48.239254 384.809662
v -366.743835 48.239254 384.809662
v -366.756226 48.3488007 384.866058
v -366.702393 48.3518448 384.999146
v -366.653259 48.239254 385.023071
v -366.841309 48.3117371 385.030853
v -366.711548 48.2895966 384.981873
v -366.749573 48.3268127 384.886597
v -366.869781 48.342392 384.960205
v -374.162598 47.2802696 386.604401
v -374.243378 47.1993446 386.694916
v -374.063324 47.1993446 386.502991
v -374.065613 47.2375069 386.505676
v -374.025787 47.236908 386.609467
v -374.024078 47.1993446 386.611053
v -374.198975 47.1993446 386.76767
v -374.102264 47.2820473 386.681
v -374.024078 47.1993446 386.611053
v -374.063324 47.1993446 386.502991
v -374.243378 47.1993446 386.694916
v -374.198975 47.1993446 386.76767
v -374.162598 47.2802696 386.604401
v -374.065613 47.2375069 386.505676
v -374.025787 47.236908 386.609467
v -374.102264 47.2820473 386.681
v -374.025787 47.236908 386.609467
v -374.065613 47.2375069 386.505676
v -374.063324 47.1993446 386.502991
v -374.024078 47.1993446 386.611053
v -374.174866 48.6535225 386.80307
v -374.048126 48.6564903 386.683655
v -374.015656 48.4869843 386.678955
v -374.16571 48.4838104 386.814636
v -373.990509 48.238369 386.685486
v -374.165466 48.2214966 386.832489
v -374.081757 48.6902962 386.628784
v -374.078278 48.8282089 386.695312
v -374.113373 48.8401031 386.659485
v -374.106049 48.6832123 386.574371
v -374.230133 48.8634491 386.681183
v -374.149017 48.8450165 386.623047
v -374.113373 48.8401031 386.659485
v -374.211121 48.8532677 386.722656
v -374.015656 48.4869843 386.678955
v -374.048462 48.4863586 386.6185
v -374.029419 48.2412186 386.620178
v -373.990509 48.238369 386.685486
v -374.230133 48.8634491 386.681183
v -374.299438 48.860775 386.638916
v -374.282379 48.8676414 386.622467
v -374.235626 48.8732338 386.659393
v -374.311188 48.8218651 386.650238
v -374.184784 48.8292465 386.785736
v -374.225372 48.6857719 386.758972
v -374.327667 48.6535149 386.666168
v -374.417664 48.6841278 386.55957
v -374.441711 48.8307648 386.519348
v -374.160278 48.9276733 386.609558
v -374.216461 48.9309578 386.648376
v -374.221924 48.9675026 386.660095
v -374.153931 49.0053673 386.624512
v -374.123352 49.1189079 386.583038
v -374.15271 49.1347618 386.497406
v -374.132202 49.029953 386.477631
v -374.101562 49.023098 386.572815
v -374.188019 48.8507156 386.531464
v -374.161011 48.8598976 386.607269
v -374.160278 48.9276733 386.609558
v -374.192749 48.907959 386.536011
v -374.160278 48.9276733 386.609558
v -374.106934 48.932312 386.564148
v -374.139771 48.9257469 386.484924
v -374.192749 48.907959 386.536011
v -374.273926 48.9290047 386.614319
v -374.285187 48.9638519 386.625183
v -374.221924 48.9675026 386.660095
v -374.216461 48.9309578 386.648376
v -374.160278 48.9276733 386.609558
v -374.161011 48.8598976 386.607269
v -374.235626 48.8732338 386.659393
v -374.216461 48.9309578 386.648376
v -374.139771 48.9257469 386.484924
v -374.106934 48.932312 386.564148
v -374.101562 49.023098 386.572815
v -374.132202 49.029953 386.477631
v -374.216461 48.9309578 386.648376
v -374.235626 48.8732338 386.659393
v -374.282379 48.8676414 386.622467
v -374.273926 48.9290047 386.614319
v -374.101562 49.023098 386.572815
v -374.106934 48.932312 386.564148
v -374.160278 48.9276733 386.609558
v -374.153931 49.0053673 386.624512
v -374.152222 49.0598907 386.613922
v -374.15686 49.0624237 386.645233
v -374.164642 49.0592499 386.654602
v -374.18222 49.058857 386.635559
v -374.148224 48.9947586 386.603058
v -374.152985 49.0032806 386.634277
v -374.15686 49.0624237 386.645233
v -374.152222 49.0598907 386.613922
v -374.15686 49.0624237 386.645233
v -374.152985 49.0032806 386.634277
v -374.157715 49.0004158 386.640167
v -374.164642 49.0592499 386.654602
v -374.18222 49.058857 386.635559
v -374.164642 49.0592499 386.654602
v -374.157715 49.0004158 386.640167
v -374.171356 48.9902191 386.626404
v -374.171356 48.9902191 386.626404
v -374.157715 49.0004158 386.640167
v -374.152985 49.0032806 386.634277
v -374.148224 48.9947586 386.603058
v -374.228912 49.0174179 386.682434
v -374.232605 49.0590935 386.682922
v -374.169159 49.0897331 386.639069
v -374.164978 49.0521545 386.643951
v -374.228912 49.0174179 386.682434
v -374.221924 48.9675026 386.660095
v -374.285187 48.9638519 386.625183
v -374.307709 49.0081177 386.646881
v -374.235626 48.8732338 386.659393
v -374.161011 48.8598976 386.607269
v -374.149017 48.8450165 386.623047
v -374.230133 48.8634491 386.681183
v -374.048126 48.6564903 386.683655
v -374.048462 48.4863586 386.6185
v -374.015656 48.4869843 386.678955
v -374.081757 48.6902962 386.628784
v -374.078278 48.8282089 386.695312
v -374.085999 47.7496071 386.770172
v -373.994537 47.7137375 386.703613
v -374.014435 47.5430756 386.705719
v -374.182373 47.5554352 386.84433
v -374.165741 47.7496719 386.837341
v -374.165405 47.9974365 386.839752
v -373.990356 47.7953453 386.697327
v -373.988007 47.9959259 386.68811
v -373.990509 48.238369 386.685486
v -374.165466 48.2214966 386.832489
v -374.165741 47.7496719 386.837341
v -374.238342 47.7479858 386.790649
v -374.229431 47.9959488 386.796692
v -374.165405 47.9974365 386.839752
v -374.198975 47.1993446 386.76767
v -374.193451 47.3747025 386.74408
v -374.129181 47.3775444 386.682526
v -374.102264 47.2820473 386.681
v -374.095184 47.562149 386.683777
v -374.161987 47.562149 386.582764
v -374.167786 47.3757553 386.622101
v -374.129181 47.3775444 386.682526
v -374.199402 47.562149 386.781189
v -374.193451 47.3747025 386.74408
v -374.226715 47.3708572 386.696198
v -374.261444 47.562149 386.701782
v -374.261444 47.562149 386.701782
v -374.226715 47.3708572 386.696198
v -374.167786 47.3757553 386.622101
v -374.161987 47.562149 386.582764
v -374.129181 47.3775444 386.682526
v -374.167786 47.3757553 386.622101
v -374.162598 47.2802696 386.604401
v -374.102264 47.2820473 386.681
v -374.226715 47.3708572 386.696198
v -374.243378 47.1993446 386.694916
v -374.162598 47.2802696 386.604401
v -374.167786 47.3757553 386.622101
v -374.193451 47.3747025 386.74408
v -374.198975 47.1993446 386.76767
v -374.243378 47.1993446 386.694916
v -374.226715 47.3708572 386.696198
v -374.199402 47.562149 386.781189
v -374.182373 47.5554352 386.84433
v -374.014435 47.5430756 386.705719
v -374.095184 47.562149 386.683777
v -373.990356 47.7953453 386.697327
v -373.988007 47.9959259 386.68811
v -374.031128 47.9935455 386.622406
v -374.038727 47.793251 386.630524
v -373.994537 47.7137375 386.703613
v -374.041809 47.7125626 386.634155
v -374.063477 47.5421906 386.641327
v -374.014435 47.5430756 386.705719
v -374.247986 49.1134224 386.732574
v -374.241272 49.1305313 386.726074
v -374.18457 49.1673965 386.669708
v -374.166473 49.1511574 386.672668
v -374.18457 49.1673965 386.669708
v -374.285339 49.2064323 386.625305
v -374.166168 49.2184792 386.510406
v -374.157318 49.1972313 386.587067
v -374.166473 49.1511574 386.672668
v -374.18457 49.1673965 386.669708
v -374.157318 49.1972313 386.587067
v -374.112091 49.1826057 386.59021
v -374.169159 49.0897331 386.639069
v -374.123352 49.1189079 386.583038
v -374.308228 49.0511665 386.647369
v -374.232605 49.0590935 386.682922
v -374.112091 49.1826057 386.59021
v -374.136688 49.2211761 386.481964
v -374.15271 49.1347618 386.497406
v -374.123352 49.1189079 386.583038
v -374.241272 49.1305313 386.726074
v -374.336914 49.1259842 386.675079
v -374.285339 49.2064323 386.625305
v -374.18457 49.1673965 386.669708
v -374.056549 48.2188301 386.846832
v -374.014771 48.2187386 386.799866
v -374.031525 48.1837616 386.717865
v -374.13327 48.1769867 386.81369
v -373.970245 48.0797729 386.811462
v -374.034912 48.0757217 386.878754
v -374.03183 48.1369438 386.880157
v -373.974274 48.1386528 386.817261
v -374.021454 47.9727173 386.792725
v -374.00351 47.9688873 386.79776
v -373.970245 48.0797729 386.811462
v -374.00235 48.0774498 386.792114
v -374.034912 48.0757217 386.878754
v -374.063232 47.9816437 386.858276
v -374.075562 47.9856491 386.8479
v -374.056427 48.1070938 386.858551
v -374.075562 47.9856491 386.8479
v -374.021454 47.9727173 386.792725
v -374.00235 48.0774498 386.792114
v -374.056427 48.1070938 386.858551
v -374.056427 48.1070938 386.858551
v -374.055817 48.1445274 386.85788
v -374.03183 48.1369438 386.880157
v -374.034912 48.0757217 386.878754
v -374.00235 48.0774498 386.792114
v -374.003845 48.140377 386.788879
v -374.055817 48.1445274 386.85788
v -374.056427 48.1070938 386.858551
v -373.979614 48.2193985 386.825317
v -374.030487 48.2180557 386.877289
v -374.037659 48.1846581 386.919189
v -373.938965 48.1882324 386.818939
v -374.007965 48.0511246 386.748108
v -374.010681 48.0852737 386.773163
v -373.984314 48.0845718 386.781067
v -373.998138 48.046524 386.76123
v -374.010681 48.0852737 386.773163
v -374.00235 48.0774498 386.792114
v -373.970245 48.0797729 386.811462
v -373.984314 48.0845718 386.781067
v -374.00235 48.0774498 386.792114
v -374.010681 48.0852737 386.773163
v -373.994293 48.1019516 386.755737
v -374.003845 48.140377 386.788879
v -373.974274 48.1386528 386.817261
v -373.976837 48.1004753 386.769348
v -373.984314 48.0845718 386.781067
v -373.970245 48.0797729 386.811462
v -374.030487 48.2180557 386.877289
v -374.03183 48.1369438 386.880157
v -374.055817 48.1445274 386.85788
v -374.056549 48.2188301 386.846832
v -373.998138 48.046524 386.76123
v -373.990387 48.0538368 386.754578
v -373.999878 48.057003 386.74231
v -374.007965 48.0511246 386.748108
v -374.021454 47.9727173 386.792725
v -374.075562 47.9856491 386.8479
v -374.063232 47.9816437 386.858276
v -374.00351 47.9688873 386.79776
v -374.00351 47.9688873 386.79776
v -374.063232 47.9816437 386.858276
v -374.034912 48.0757217 386.878754
v -373.970245 48.0797729 386.811462
v -374.052338 48.4413147 386.71875
v -374.048126 48.6564903 386.683655
v -374.174866 48.6535225 386.80307
v -374.119446 48.4449272 386.788422
v -374.152222 48.4703979 386.821716
v -374.152222 48.4703979 386.821716
v -374.174866 48.6535225 386.80307
v -374.121918 48.74226 386.842773
v -374.060394 48.5124931 386.904053
v -374.135071 48.3076668 386.812988
v -374.040436 48.3163986 386.720703
v -374.052338 48.4413147 386.71875
v -374.119446 48.4449272 386.788422
v -374.148682 48.4315109 386.818878
v -374.152222 48.4703979 386.821716
v -373.962708 48.4948616 386.821198
v -373.950775 48.3349876 386.827515
v -374.0383 48.3179092 386.908844
v -374.017517 48.4865341 386.874969
v -374.047943 48.45681 386.90799
v -374.174866 48.6535225 386.80307
v -374.184784 48.8292465 386.785736
v -374.121918 48.74226 386.842773
v -374.225372 48.6857719 386.758972
v -374.222076 48.483448 386.774933
v -374.16571 48.4838104 386.814636
v -374.222015 48.2240334 386.788849
v -374.165466 48.2214966 386.832489
v -374.165405 47.9974365 386.839752
v -374.229431 47.9959488 386.796692
v -373.979614 48.2193985 386.825317
v -373.938965 48.1882324 386.818939
v -374.031525 48.1837616 386.717865
v -374.014771 48.2187386 386.799866
v -374.034607 48.7395477 386.763702
v -373.962708 48.4948616 386.821198
v -374.017517 48.4865341 386.874969
v -374.060394 48.5124931 386.904053
v -374.121918 48.74226 386.842773
v -373.999878 48.057003 386.74231
v -373.994293 48.1019516 386.755737
v -374.010681 48.0852737 386.773163
v -374.007965 48.0511246 386.748108
v -373.999878 48.057003 386.74231
v -373.990387 48.0538368 386.754578
v -373.976837 48.1004753 386.769348
v -373.994293 48.1019516 386.755737
v -373.990387 48.0538368 386.754578
v -373.998138 48.046524 386.76123
v -373.984314 48.0845718 386.781067
v -373.976837 48.1004753 386.769348
v -374.003845 48.140377 386.788879
v -373.994293 48.1019516 386.755737
v -373.976837 48.1004753 386.769348
v -373.974274 48.1386528 386.817261
v -374.184784 48.8292465 386.785736
v -374.078278 48.8282089 386.695312
v -374.034607 48.7395477 386.763702
v -374.121918 48.74226 386.842773
v -374.060394 48.5124931 386.904053
v -374.047943 48.45681 386.90799
v -374.148682 48.4315109 386.818878
v -374.152222 48.4703979 386.821716
v -374.0383 48.3179092 386.908844
v -374.037659 48.1846581 386.919189
v -374.13327 48.1769867 386.81369
v -374.135071 48.3076668 386.812988
v -373.950775 48.3349876 386.827515
v -373.962708 48.4948616 386.821198
v -374.052338 48.4413147 386.71875
v -374.040436 48.3163986 386.720703
v -374.052338 48.4413147 386.71875
v -373.962708 48.4948616 386.821198
v -374.034607 48.7395477 386.763702
v -374.048126 48.6564903 386.683655
v -373.974274 48.1386528 386.817261
v -373.979614 48.2193985 386.825317
v -374.014771 48.2187386 386.799866
v -374.003845 48.140377 386.788879
v -374.037659 48.1846581 386.919189
v -374.030487 48.2180557 386.877289
v -374.056549 48.2188301 386.846832
v -374.13327 48.1769867 386.81369
v -373.974274 48.1386528 386.817261
v -374.03183 48.1369438 386.880157
v -374.030487 48.2180557 386.877289
v -373.979614 48.2193985 386.825317
v -374.055817 48.1445274 386.85788
v -374.003845 48.140377 386.788879
v -374.014771 48.2187386 386.799866
v -374.056549 48.2188301 386.846832
v -374.047943 48.45681 386.90799
v -374.0383 48.3179092 386.908844
v -374.135071 48.3076668 386.812988
v -374.148682 48.4315109 386.818878
v -373.938965 48.1882324 386.818939
v -373.950775 48.3349876 386.827515
v -374.040436 48.3163986 386.720703
v -374.031525 48.1837616 386.717865
v -374.031525 48.1837616 386.717865
v -374.040436 48.3163986 386.720703
v -374.135071 48.3076668 386.812988
v -374.13327 48.1769867 386.81369
v -373.938965 48.1882324 386.818939
v -374.037659 48.1846581 386.919189
v -374.0383 48.3179092 386.908844
v -373.950775 48.3349876 386.827515
v -374.353577 47.7451248 386.691132
v -374.238342 47.7479858 386.790649
v -374.242889 47.5546417 386.791016
v -374.354828 47.5531769 386.692352
v -374.143341 47.710228 386.488373
v -374.164429 47.5403709 386.508698
v -374.063477 47.5421906 386.641327
v -374.041809 47.7125626 386.634155
v -374.193451 47.3747025 386.74408
v -374.199402 47.562149 386.781189
v -374.095184 47.562149 386.683777
v -374.129181 47.3775444 386.682526
v -374.354828 47.5531769 386.692352
v -374.261444 47.562149 386.701782
v -374.161987 47.562149 386.582764
v -374.164429 47.5403709 386.508698
v -374.247986 49.1134224 386.732574
v -374.344421 49.1018372 386.682312
v -374.336914 49.1259842 386.675079
v -374.241272 49.1305313 386.726074
v -374.031128 47.9935455 386.622406
v -374.130035 47.9885101 386.475525
v -374.142548 47.7888145 386.48761
v -374.038727 47.793251 386.630524
v -374.143341 47.710228 386.488373
v -374.041809 47.7125626 386.634155
v -374.031128 47.9935455 386.622406
v -373.988007 47.9959259 386.68811
v -373.990509 48.238369 386.685486
v -374.029419 48.2412186 386.620178
v -374.081757 48.6902962 386.628784
v -374.106049 48.6832123 386.574371
v -374.132446 48.4786072 386.477875
v -374.048462 48.4863586 386.6185
v -374.09494 48.4061012 386.519867
v -374.222076 48.483448 386.774933
v -374.327667 48.6535149 386.666168
v -374.225372 48.6857719 386.758972
v -374.334839 48.4646378 386.673035
v -374.222015 48.2240334 386.788849
v -374.338989 48.229496 386.677063
v -374.229431 47.9959488 386.796692
v -374.340027 47.9929733 386.67804
v -374.238342 47.7479858 386.790649
v -374.353577 47.7451248 386.691132
v -374.454559 47.9959488 386.563232
v -374.446472 48.2240334 386.556122
v -374.448853 47.7479858 386.572357
v -374.340027 47.9929733 386.67804
v -374.353577 47.7451248 386.691132
v -374.334839 48.4646378 386.673035
v -374.338989 48.229496 386.677063
v -374.433044 48.4823418 386.556183
v -374.327667 48.6535149 386.666168
v -374.417664 48.6841278 386.55957
v -374.238342 47.7479858 386.790649
v -374.165741 47.7496719 386.837341
v -374.182373 47.5554352 386.84433
v -374.242889 47.5546417 386.791016
v -374.014435 47.5430756 386.705719
v -374.063477 47.5421906 386.641327
v -374.161987 47.562149 386.582764
v -374.095184 47.562149 386.683777
v -374.182373 47.5554352 386.84433
v -374.199402 47.562149 386.781189
v -374.261444 47.562149 386.701782
v -374.242889 47.5546417 386.791016
v -374.232605 49.0590935 386.682922
v -374.308228 49.0511665 386.647369
v -374.344421 49.1018372 386.682312
v -374.247986 49.1134224 386.732574
v -374.157318 49.1972313 386.587067
v -374.166168 49.2184792 386.510406
v -374.136688 49.2211761 386.481964
v -374.112091 49.1826057 386.59021
v -374.169159 49.0897331 386.639069
v -374.166473 49.1511574 386.672668
v -374.112091 49.1826057 386.59021
v -374.123352 49.1189079 386.583038
v -374.232605 49.0590935 386.682922
v -374.247986 49.1134224 386.732574
v -374.166473 49.1511574 386.672668
v -374.169159 49.0897331 386.639069
v -374.138123 49.0801163 386.483337
v -374.122375 49.0327644 386.494812
v -374.10495 49.0305519 386.555786
v -374.105438 49.0744209 386.571442
v -374.140442 49.091877 386.485596
v -374.138123 49.0801163 386.483337
v -374.105438 49.0744209 386.571442
v -374.106598 49.0842171 386.573914
v -374.106598 49.0842171 386.573914
v -374.105438 49.0744209 386.571442
v -374.170166 49.0587349 386.646362
v -374.172028 49.0685997 386.651428
v -374.148865 48.6632729 386.493744
v -374.126373 48.67556 386.535187
v -374.157867 48.8142548 386.551453
v -374.163269 48.7954102 386.507568
v -374.161011 48.8598976 386.607269
v -374.188019 48.8507156 386.531464
v -374.157867 48.8142548 386.551453
v -374.149017 48.8450165 386.623047
v -374.113373 48.8401031 386.659485
v -374.149017 48.8450165 386.623047
v -374.126373 48.67556 386.535187
v -374.106049 48.6832123 386.574371
v -374.311188 48.8218651 386.650238
v -374.299438 48.860775 386.638916
v -374.230133 48.8634491 386.681183
v -374.211121 48.8532677 386.722656
v -374.113373 48.8401031 386.659485
v -374.078278 48.8282089 386.695312
v -374.184784 48.8292465 386.785736
v -374.211121 48.8532677 386.722656
v -374.106049 48.6832123 386.574371
v -374.126373 48.67556 386.535187
v -374.135376 48.5322762 386.480713
v -374.132446 48.4786072 386.477875
v -374.121552 48.3798256 386.467377
v -374.12616 48.3467216 386.471802
v -374.09494 48.4061012 386.519867
v -374.100861 48.4077988 386.491089
v -374.100861 48.4077988 386.491089
v -374.09494 48.4061012 386.519867
v -374.132446 48.4786072 386.477875
v -374.125366 48.4413757 386.471039
v -374.232605 49.0590935 386.682922
v -374.228912 49.0174179 386.682434
v -374.307709 49.0081177 386.646881
v -374.308228 49.0511665 386.647369
v -374.221924 48.9675026 386.660095
v -374.228912 49.0174179 386.682434
v -374.164978 49.0521545 386.643951
v -374.153931 49.0053673 386.624512
v -374.101562 49.023098 386.572815
v -374.153931 49.0053673 386.624512
v -374.169159 49.0897331 386.639069
v -374.123352 49.1189079 386.583038
v -374.259979 47.2802696 386.503418
v -374.157837 47.2375069 386.410065
v -374.15506 47.1993446 386.407867
v -374.353363 47.1993446 386.580872
v -374.260071 47.236908 386.366516
v -374.334351 47.2820473 386.440338
v -374.424469 47.1993446 386.533875
v -374.261627 47.1993446 386.364746
v -374.261627 47.1993446 386.364746
v -374.424469 47.1993446 386.533875
v -374.353363 47.1993446 386.580872
v -374.15506 47.1993446 386.407867
v -374.259979 47.2802696 386.503418
v -374.334351 47.2820473 386.440338
v -374.260071 47.236908 386.366516
v -374.157837 47.2375069 386.410065
v -374.260071 47.236908 386.366516
v -374.261627 47.1993446 386.364746
v -374.15506 47.1993446 386.407867
v -374.157837 47.2375069 386.410065
v -374.459595 48.6530266 386.507812
v -374.33078 48.485569 386.352203
v -374.337677 48.6554604 386.383392
v -374.470764 48.4829445 386.498291
v -374.334747 48.238369 386.328491
v -374.488007 48.2214966 386.498016
v -374.49527 47.9974365 386.497681
v -374.33728 47.9959259 386.325928
v -374.346619 47.7953453 386.327942
v -374.492889 47.7496719 386.498108
v -374.422852 47.7496071 386.420868
v -374.353058 47.7137375 386.331848
v -374.500488 47.5554352 386.514496
v -374.355865 47.5430756 386.351685
v -374.282593 48.6884079 386.420502
v -374.227905 48.6817017 386.448029
v -374.313019 48.8406105 386.452454
v -374.347626 48.8298798 386.416016
v -374.339172 48.8634491 386.568115
v -374.379425 48.8536568 386.548157
v -374.313019 48.8406105 386.452454
v -374.278137 48.8450165 386.489197
v -374.33078 48.485569 386.352203
v -374.334747 48.238369 386.328491
v -374.270935 48.2412186 386.369751
v -374.271149 48.4846115 386.387573
v -374.339172 48.8634491 386.568115
v -374.317596 48.8732338 386.574402
v -374.282379 48.8676414 386.622467
v -374.299438 48.860775 386.638916
v -374.265076 48.9276733 386.500916
v -374.279785 49.0053673 386.494019
v -374.31778 48.9675026 386.560699
v -374.305878 48.9309578 386.555664
v -374.237213 49.1189079 386.464966
v -374.226196 49.023098 386.443573
v -374.132202 49.029953 386.477631
v -374.15271 49.1347618 386.497406
v -374.188019 48.8507156 386.531464
v -374.192749 48.907959 386.536011
v -374.265076 48.9276733 386.500916
v -374.262787 48.8598976 386.501709
v -374.265076 48.9276733 386.500916
v -374.192749 48.907959 386.536011
v -374.139771 48.9257469 386.484924
v -374.217743 48.932312 386.449249
v -374.273926 48.9290047 386.614319
v -374.305878 48.9309578 386.555664
v -374.31778 48.9675026 386.560699
v -374.285187 48.9638519 386.625183
v -374.265076 48.9276733 386.500916
v -374.305878 48.9309578 386.555664
v -374.317596 48.8732338 386.574402
v -374.262787 48.8598976 386.501709
v -374.139771 48.9257469 386.484924
v -374.132202 49.029953 386.477631
v -374.226196 49.023098 386.443573
v -374.217743 48.932312 386.449249
v -374.305878 48.9309578 386.555664
v -374.273926 48.9290047 386.614319
v -374.282379 48.8676414 386.622467
v -374.317596 48.8732338 386.574402
v -374.226196 49.023098 386.443573
v -374.279785 49.0053673 386.494019
v -374.265076 48.9276733 386.500916
v -374.217743 48.932312 386.449249
v -374.269135 49.0598907 386.492706
v -374.29184 49.058857 386.521881
v -374.310242 49.0592499 386.503632
v -374.300598 49.0624237 386.496216
v -374.258118 48.9947586 386.489075
v -374.269135 49.0598907 386.492706
v -374.300598 49.0624237 386.496216
v -374.28949 49.0032806 386.492706
v -374.300598 49.0624237 386.496216
v -374.310242 49.0592499 386.503632
v -374.295563 49.0004158 386.497253
v -374.28949 49.0032806 386.492706
v -374.29184 49.058857 386.521881
v -374.282288 48.9902191 386.511383
v -374.295563 49.0004158 386.497253
v -374.310242 49.0592499 386.503632
v -374.282288 48.9902191 386.511383
v -374.258118 48.9947586 386.489075
v -374.28949 49.0032806 386.492706
v -374.295563 49.0004158 386.497253
v -374.340363 49.0174179 386.566864
v -374.299591 49.0521545 386.504364
v -374.294861 49.0897331 386.508728
v -374.341003 49.0590935 386.570526
v -374.340363 49.0174179 386.566864
v -374.307709 49.0081177 386.646881
v -374.285187 48.9638519 386.625183
v -374.31778 48.9675026 386.560699
v -374.317596 48.8732338 386.574402
v -374.339172 48.8634491 386.568115
v -374.278137 48.8450165 386.489197
v -374.262787 48.8598976 386.501709
v -374.337677 48.6554604 386.383392
v -374.33078 48.485569 386.352203
v -374.271149 48.4846115 386.387573
v -374.282593 48.6884079 386.420502
v -374.347626 48.8298798 386.416016
v -374.492889 47.7496719 386.498108
v -374.49527 47.9974365 386.497681
v -374.454559 47.9959488 386.563232
v -374.448853 47.7479858 386.572357
v -374.424469 47.1993446 386.533875
v -374.334351 47.2820473 386.440338
v -374.336823 47.3775444 386.467194
v -374.400696 47.3747025 386.529205
v -374.336884 47.562149 386.433197
v -374.336823 47.3775444 386.467194
v -374.277863 47.3757553 386.507965
v -374.238342 47.562149 386.503601
v -374.437988 47.562149 386.533783
v -374.360901 47.562149 386.598663
v -374.354065 47.3708611 386.564148
v -374.400696 47.3747025 386.529205
v -374.360901 47.562149 386.598663
v -374.238342 47.562149 386.503601
v -374.277863 47.3757553 386.507965
v -374.354065 47.3708611 386.564148
v -374.336823 47.3775444 386.467194
v -374.334351 47.2820473 386.440338
v -374.259979 47.2802696 386.503418
v -374.277863 47.3757553 386.507965
v -374.354065 47.3708611 386.564148
v -374.277863 47.3757553 386.507965
v -374.259979 47.2802696 386.503418
v -374.353363 47.1993446 386.580872
v -374.400696 47.3747025 386.529205
v -374.354065 47.3708611 386.564148
v -374.353363 47.1993446 386.580872
v -374.424469 47.1993446 386.533875
v -374.437988 47.562149 386.533783
v -374.336884 47.562149 386.433197
v -374.355865 47.5430756 386.351685
v -374.500488 47.5554352 386.514496
v -374.346619 47.7953453 386.327942
v -374.273224 47.9935455 386.371399
v -374.33728 47.9959259 386.325928
v -374.281586 47.793251 386.378693
v -374.353058 47.7137375 386.331848
v -374.285339 47.7125626 386.381653
v -374.293274 47.5421906 386.403015
v -374.355865 47.5430756 386.351685
v -374.391174 49.1134224 386.584106
v -374.328339 49.1511574 386.504822
v -374.326019 49.1673965 386.52301
v -374.38443 49.1305313 386.577637
v -374.326019 49.1673965 386.52301
v -374.242462 49.1972313 386.498779
v -374.166168 49.2184792 386.510406
v -374.285339 49.2064323 386.625305
v -374.328339 49.1511574 386.504822
v -374.243988 49.1826057 386.453461
v -374.242462 49.1972313 386.498779
v -374.326019 49.1673965 386.52301
v -374.294861 49.0897331 386.508728
v -374.341003 49.0590935 386.570526
v -374.308228 49.0511665 386.647369
v -374.237213 49.1189079 386.464966
v -374.243988 49.1826057 386.453461
v -374.237213 49.1189079 386.464966
v -374.15271 49.1347618 386.497406
v -374.136688 49.2211761 386.481964
v -374.38443 49.1305313 386.577637
v -374.326019 49.1673965 386.52301
v -374.285339 49.2064323 386.625305
v -374.336914 49.1259842 386.675079
v -374.496063 48.2344666 386.391083
v -374.463409 48.2027817 386.471344
v -374.36554 48.209404 386.371552
v -374.447632 48.2349968 386.351013
v -374.444946 48.0921288 386.319214
v -374.456146 48.150341 386.317566
v -374.520905 48.1479607 386.373016
v -374.51416 48.0876503 386.381805
v -374.418793 47.9922867 386.380707
v -374.426758 48.0944939 386.35202
v -374.444946 48.0921288 386.319214
v -374.422699 47.9864197 386.363068
v -374.51416 48.0876503 386.381805
v -374.47702 48.004837 386.43161
v -374.486511 47.9987946 386.419373
v -374.497711 48.1225662 386.40097
v -374.520905 48.1479607 386.373016
v -374.500366 48.1596909 386.396881
v -374.47702 48.004837 386.43161
v -374.497711 48.1225662 386.40097
v -374.426758 48.0944939 386.35202
v -374.418793 47.9922867 386.380707
v -374.426758 48.0944939 386.35202
v -374.497711 48.1225662 386.40097
v -374.500366 48.1596909 386.396881
v -374.42926 48.1573257 386.347748
v -374.471588 48.2301445 386.315155
v -374.460907 48.1962509 386.27771
v -374.56424 48.1921806 386.373169
v -374.525238 48.2285423 386.364258
v -374.380829 48.0729713 386.36145
v -374.393097 48.0663109 386.351685
v -374.41568 48.1009674 386.333771
v -374.408936 48.1047592 386.360199
v -374.408936 48.1047592 386.360199
v -374.41568 48.1009674 386.333771
v -374.444946 48.0921288 386.319214
v -374.426758 48.0944939 386.35202
v -374.426758 48.0944939 386.35202
v -374.42926 48.1573257 386.347748
v -374.392456 48.1214447 386.342896
v -374.408936 48.1047592 386.360199
v -374.456146 48.150341 386.317566
v -374.444946 48.0921288 386.319214
v -374.41568 48.1009674 386.333771
v -374.405151 48.1171532 386.325226
v -374.525238 48.2285423 386.364258
v -374.496063 48.2344666 386.391083
v -374.500366 48.1596909 386.396881
v -374.520905 48.1479607 386.373016
v -374.393097 48.0663109 386.351685
v -374.380829 48.0729713 386.36145
v -374.375305 48.0786133 386.353027
v -374.38681 48.0734863 386.343506
v -374.418793 47.9922867 386.380707
v -374.422699 47.9864197 386.363068
v -374.486511 47.9987946 386.419373
v -374.47702 48.004837 386.43161
v -374.422699 47.9864197 386.363068
v -374.444946 48.0921288 386.319214
v -374.51416 48.0876503 386.381805
v -374.486511 47.9987946 386.419373
v -374.337677 48.6554604 386.383392
v -374.390717 48.4496193 386.367859
v -374.463715 48.4509964 386.431458
v -374.496094 48.4790077 386.465149
v -374.459595 48.6530266 386.507812
v -374.496094 48.4790077 386.465149
v -374.571716 48.5301018 386.37384
v -374.499695 48.7514648 386.45105
v -374.459595 48.6530266 386.507812
v -374.390717 48.4496193 386.367859
v -374.381195 48.3406563 386.367371
v -374.475281 48.3321457 386.460205
v -374.463715 48.4509964 386.431458
v -374.493896 48.4481163 386.460907
v -374.577423 48.4699059 386.358948
v -374.566376 48.3257751 386.361267
v -374.484039 48.3434906 386.274567
v -374.486176 48.5134583 386.278412
v -374.542053 48.5060272 386.331055
v -374.459595 48.6530266 386.507812
v -374.499695 48.7514648 386.45105
v -374.441711 48.8307648 386.519348
v -374.417664 48.6841278 386.55957
v -374.459595 48.6530266 386.507812
v -374.433044 48.4823418 386.556183
v -374.470764 48.4829445 386.498291
v -374.446472 48.2240334 386.556122
v -374.488007 48.2214966 386.498016
v -374.49527 47.9974365 386.497681
v -374.454559 47.9959488 386.563232
v -374.471588 48.2301445 386.315155
v -374.447632 48.2349968 386.351013
v -374.36554 48.209404 386.371552
v -374.460907 48.1962509 386.27771
v -374.571716 48.5301018 386.37384
v -374.542053 48.5060272 386.331055
v -374.486176 48.5134583 386.278412
v -374.417633 48.7493172 386.366547
v -374.499695 48.7514648 386.45105
v -374.375305 48.0786133 386.353027
v -374.380829 48.0729713 386.36145
v -374.408936 48.1047592 386.360199
v -374.392456 48.1214447 386.342896
v -374.375305 48.0786133 386.353027
v -374.392456 48.1214447 386.342896
v -374.405151 48.1171532 386.325226
v -374.38681 48.0734863 386.343506
v -374.38681 48.0734863 386.343506
v -374.405151 48.1171532 386.325226
v -374.41568 48.1009674 386.333771
v -374.393097 48.0663109 386.351685
v -374.42926 48.1573257 386.347748
v -374.456146 48.150341 386.317566
v -374.405151 48.1171532 386.325226
v -374.392456 48.1214447 386.342896
v -374.441711 48.8307648 386.519348
v -374.499695 48.7514648 386.45105
v -374.417633 48.7493172 386.366547
v -374.347626 48.8298798 386.416016
v -374.571716 48.5301018 386.37384
v -374.496094 48.4790077 386.465149
v -374.493896 48.4481163 386.460907
v -374.577423 48.4699059 386.358948
v -374.566376 48.3257751 386.361267
v -374.475281 48.3321457 386.460205
v -374.463409 48.2027817 386.471344
v -374.56424 48.1921806 386.373169
v -374.484039 48.3434906 386.274567
v -374.381195 48.3406563 386.367371
v -374.390717 48.4496193 386.367859
v -374.486176 48.5134583 386.278412
v -374.390717 48.4496193 386.367859
v -374.337677 48.6554604 386.383392
v -374.417633 48.7493172 386.366547
v -374.486176 48.5134583 386.278412
v -374.456146 48.150341 386.317566
v -374.42926 48.1573257 386.347748
v -374.447632 48.2349968 386.351013
v -374.471588 48.2301445 386.315155
v -374.56424 48.1921806 386.373169
v -374.463409 48.2027817 386.471344
v -374.496063 48.2344666 386.391083
v -374.525238 48.2285423 386.364258
v -374.456146 48.150341 386.317566
v -374.471588 48.2301445 386.315155
v -374.525238 48.2285423 386.364258
v -374.520905 48.1479607 386.373016
v -374.500366 48.1596909 386.396881
v -374.496063 48.2344666 386.391083
v -374.447632 48.2349968 386.351013
v -374.42926 48.1573257 386.347748
v -374.577423 48.4699059 386.358948
v -374.493896 48.4481163 386.460907
v -374.475281 48.3321457 386.460205
v -374.566376 48.3257751 386.361267
v -374.460907 48.1962509 386.27771
v -374.36554 48.209404 386.371552
v -374.381195 48.3406563 386.367371
v -374.484039 48.3434906 386.274567
v -374.36554 48.209404 386.371552
v -374.463409 48.2027817 386.471344
v -374.475281 48.3321457 386.460205
v -374.381195 48.3406563 386.367371
v -374.460907 48.1962509 386.27771
v -374.484039 48.3434906 386.274567
v -374.566376 48.3257751 386.361267
v -374.56424 48.1921806 386.373169
v -374.353577 47.7451248 386.691132
v -374.354828 47.5531769 386.692352
v -374.449371 47.5546417 386.576874
v -374.448853 47.7479858 386.572357
v -374.143341 47.710228 386.488373
v -374.285339 47.7125626 386.381653
v -374.293274 47.5421906 386.403015
v -374.164429 47.5403709 386.508698
v -374.400696 47.3747025 386.529205
v -374.336823 47.3775444 386.467194
v -374.336884 47.562149 386.433197
v -374.437988 47.562149 386.533783
v -374.354828 47.5531769 386.692352
v -374.164429 47.5403709 386.508698
v -374.238342 47.562149 386.503601
v -374.360901 47.562149 386.598663
v -374.391174 49.1134224 386.584106
v -374.38443 49.1305313 386.577637
v -374.336914 49.1259842 386.675079
v -374.344421 49.1018372 386.682312
v -374.273224 47.9935455 386.371399
v -374.142548 47.7888145 386.48761
v -374.130035 47.9885101 386.475525
v -374.281586 47.793251 386.378693
v -374.143341 47.710228 386.488373
v -374.285339 47.7125626 386.381653
v -374.273224 47.9935455 386.371399
v -374.270935 48.2412186 386.369751
v -374.334747 48.238369 386.328491
v -374.33728 47.9959259 386.325928
v -374.282593 48.6884079 386.420502
v -374.132446 48.4786072 386.477875
v -374.227905 48.6817017 386.448029
v -374.271149 48.4846115 386.387573
v -374.173065 48.4061012 386.438873
v -374.448853 47.7479858 386.572357
v -374.449371 47.5546417 386.576874
v -374.500488 47.5554352 386.514496
v -374.492889 47.7496719 386.498108
v -374.355865 47.5430756 386.351685
v -374.336884 47.562149 386.433197
v -374.238342 47.562149 386.503601
v -374.293274 47.5421906 386.403015
v -374.500488 47.5554352 386.514496
v -374.449371 47.5546417 386.576874
v -374.360901 47.562149 386.598663
v -374.437988 47.562149 386.533783
v -374.341003 49.0590935 386.570526
v -374.391174 49.1134224 386.584106
v -374.344421 49.1018372 386.682312
v -374.308228 49.0511665 386.647369
v -374.242462 49.1972313 386.498779
v -374.243988 49.1826057 386.453461
v -374.136688 49.2211761 386.481964
v -374.166168 49.2184792 386.510406
v -374.294861 49.0897331 386.508728
v -374.237213 49.1189079 386.464966
v -374.243988 49.1826057 386.453461
v -374.328339 49.1511574 386.504822
v -374.341003 49.0590935 386.570526
v -374.294861 49.0897331 386.508728
v -374.328339 49.1511574 386.504822
v -374.391174 49.1134224 386.584106
v -374.138123 49.0801163 386.483337
v -374.224976 49.0744209 386.44751
v -374.20932 49.0305519 386.447571
v -374.148987 49.0327644 386.467194
v -374.140442 49.091877 386.485596
v -374.227478 49.0842171 386.448547
v -374.224976 49.0744209 386.44751
v -374.138123 49.0801163 386.483337
v -374.227478 49.0842171 386.448547
v -374.307343 49.0685997 386.511139
v -374.302185 49.0587349 386.50946
v -374.224976 49.0744209 386.44751
v -374.148865 48.6632729 386.493744
v -374.163269 48.7954102 386.507568
v -374.206879 48.8142548 386.50061
v -374.189301 48.6745415 386.46991
v -374.262787 48.8598976 386.501709
v -374.278137 48.8450165 386.489197
v -374.206879 48.8142548 386.50061
v -374.188019 48.8507156 386.531464
v -374.313019 48.8406105 386.452454
v -374.227905 48.6817017 386.448029
v -374.189301 48.6745415 386.46991
v -374.278137 48.8450165 386.489197
v -374.311188 48.8218651 386.650238
v -374.379425 48.8536568 386.548157
v -374.339172 48.8634491 386.568115
v -374.299438 48.860775 386.638916
v -374.313019 48.8406105 386.452454
v -374.379425 48.8536568 386.548157
v -374.441711 48.8307648 386.519348
v -374.347626 48.8298798 386.416016
v -374.227905 48.6817017 386.448029
v -374.132446 48.4786072 386.477875
v -374.135376 48.5322762 386.480713
v -374.189301 48.6745415 386.46991
v -374.121552 48.3798256 386.467377
v -374.144501 48.4077988 386.445831
v -374.173065 48.4061012 386.438873
v -374.12616 48.3467216 386.471802
v -374.144501 48.4077988 386.445831
v -374.125366 48.4413757 386.471039
v -374.132446 48.4786072 386.477875
v -374.173065 48.4061012 386.438873
v -374.341003 49.0590935 386.570526
v -374.308228 49.0511665 386.647369
v -374.307709 49.0081177 386.646881
v -374.340363 49.0174179 386.566864
v -374.31778 48.9675026 386.560699
v -374.279785 49.0053673 386.494019
v -374.299591 49.0521545 386.504364
v -374.340363 49.0174179 386.566864
v -374.226196 49.023098 386.443573
v -374.237213 49.1189079 386.464966
v -374.294861 49.0897331 386.508728
v -374.279785 49.0053673 386.494019
v -374.977478 47.2914238 385.026245
v -375.0979 47.2106934 385.043213
v -374.836273 47.210907 385.010773
v -374.839539 47.2489777 385.016449
v -375.011871 47.7580566 385.13678
v -374.971863 47.7209892 385.14328
v -374.974762 47.3478813 385.145355
v -375.126678 47.3487015 385.140808
v -375.082153 47.755825 385.127594
v -374.875793 47.2469444 385.115082
v -374.875275 47.2093315 385.118896
v -375.110352 47.2097893 385.127594
v -374.980133 47.2919273 385.123749
v -374.875275 47.2093315 385.118896
v -374.836273 47.210907 385.010773
v -375.0979 47.2106934 385.043213
v -375.110352 47.2097893 385.127594
v -374.977478 47.2914238 385.026245
v -374.839539 47.2489777 385.016449
v -374.875793 47.2469444 385.115082
v -374.980133 47.2919273 385.123749
v -374.875793 47.2469444 385.115082
v -374.839539 47.2489777 385.016449
v -374.836273 47.210907 385.010773
v -374.875275 47.2093315 385.118896
v -374.961792 47.3434563 385.002411
v -374.934875 47.712925 385.005127
v -374.966461 47.7518578 384.999512
v -375.125458 47.3474045 385.019409
v -375.079651 47.7555161 385.008911
v -375.079651 47.7555161 385.008911
v -375.082153 47.755825 385.127594
v -375.126678 47.3487015 385.140808
v -375.125458 47.3474045 385.019409
v -374.934875 47.712925 385.005127
v -374.961792 47.3434563 385.002411
v -374.974762 47.3478813 385.145355
v -374.971863 47.7209892 385.14328
v -375.110352 47.2097893 385.127594
v -375.094727 47.3571434 385.120178
v -374.995636 47.3588371 385.114716
v -374.980133 47.2919273 385.123749
v -374.974762 47.3478813 385.145355
v -374.961792 47.3434563 385.002411
v -374.987671 47.3563347 385.032043
v -374.995636 47.3588371 385.114716
v -375.126678 47.3487015 385.140808
v -375.094727 47.3571434 385.120178
v -375.090942 47.3540268 385.051025
v -375.125458 47.3474045 385.019409
v -375.125458 47.3474045 385.019409
v -375.090942 47.3540268 385.051025
v -374.987671 47.3563347 385.032043
v -374.961792 47.3434563 385.002411
v -374.995636 47.3588371 385.114716
v -374.987671 47.3563347 385.032043
v -374.977478 47.2914238 385.026245
v -374.980133 47.2919273 385.123749
v -375.090942 47.3540268 385.051025
v -375.0979 47.2106934 385.043213
v -374.977478 47.2914238 385.026245
v -374.987671 47.3563347 385.032043
v -375.094727 47.3571434 385.120178
v -375.110352 47.2097893 385.127594
v -375.0979 47.2106934 385.043213
v -375.090942 47.3540268 385.051025
v -375.094727 47.3571434 385.120178
v -375.126678 47.3487015 385.140808
v -374.974762 47.3478813 385.145355
v -374.995636 47.3588371 385.114716
v -374.971863 47.7209892 385.14328
v -374.968719 47.7975197 385.149292
v -374.917908 47.7945595 385.006134
v -374.934875 47.712925 385.005127
v -374.96051 48.7964439 384.952087
v -374.965729 48.7836723 384.970459
v -374.988037 48.8493423 384.993927
v -374.977448 48.8707123 384.951324
v -375.145325 48.659771 385.171234
v -374.996277 48.6650848 385.152557
v -374.972626 48.4927673 385.184479
v -375.122009 48.4824829 385.19165
v -375.134766 48.3194275 385.204102
v -375.139557 48.1214867 385.20578
v -375.185852 48.1356201 384.998901
v -375.189209 48.3094482 384.997742
v -375.009552 48.9029274 385.031982
v -374.977448 48.8707123 384.951324
v -374.988037 48.8493423 384.993927
v -375.032593 48.852562 385.059387
v -375.115021 48.8820953 385.076111
v -374.966949 48.86129 385.073425
v -374.988922 48.8463402 385.112061
v -375.127991 48.8531265 385.109009
v -375.105011 48.8739891 385.051361
v -375.127411 48.8761215 384.969757
v -375.113464 48.9015083 384.968506
v -375.093414 48.904808 385.026031
v -375.134766 48.3194275 385.204102
v -374.976715 48.3327751 385.207855
v -374.974487 48.1459351 385.217194
v -375.139557 48.1214867 385.20578
v -375.161133 48.8337822 384.976654
v -375.133453 48.8331757 385.160492
v -375.145325 48.659771 385.171234
v -375.195557 48.6571808 384.990631
v -375.145325 48.659771 385.171234
v -375.122009 48.4824829 385.19165
v -375.188995 48.4698143 384.996674
v -375.195557 48.6571808 384.990631
v -374.972626 48.4927673 385.184479
v -374.911346 48.4903641 385.06781
v -374.906982 48.3326111 385.075226
v -374.976715 48.3327751 385.207855
v -374.907349 48.1531372 385.079529
v -374.974487 48.1459351 385.217194
v -375.01123 48.9364624 385.025909
v -375.079712 48.9344025 385.019348
v -375.099976 48.9608727 385.024139
v -375.059113 49.0112495 385.059845
v -375.041046 49.1341553 385.044739
v -375.041779 49.1712341 384.969757
v -374.945892 49.0799255 384.949921
v -374.978546 49.0522194 385.034882
v -374.977448 48.8707123 384.951324
v -375.009552 48.9029274 385.031982
v -375.01123 48.9364624 385.025909
v -374.994171 48.9152946 384.953156
v -375.01123 48.9364624 385.025909
v -374.94873 48.9566116 385.009125
v -374.914764 48.9379845 384.941711
v -374.994171 48.9152946 384.953156
v -375.104401 48.9328766 384.96814
v -375.131622 48.9507751 384.974792
v -375.099976 48.9608727 385.024139
v -375.079712 48.9344025 385.019348
v -375.01123 48.9364624 385.025909
v -375.009552 48.9029274 385.031982
v -375.093414 48.904808 385.026031
v -375.079712 48.9344025 385.019348
v -374.914764 48.9379845 384.941711
v -374.94873 48.9566116 385.009125
v -374.978546 49.0522194 385.034882
v -374.945892 49.0799255 384.949921
v -375.079712 48.9344025 385.019348
v -375.093414 48.904808 385.026031
v -375.113464 48.9015083 384.968506
v -375.104401 48.9328766 384.96814
v -374.978546 49.0522194 385.034882
v -374.94873 48.9566116 385.009125
v -375.01123 48.9364624 385.025909
v -375.059113 49.0112495 385.059845
v -374.978546 49.0522194 385.034882
v -375.059113 49.0112495 385.059845
v -375.11908 49.1166725 385.067352
v -375.041046 49.1341553 385.044739
v -375.073181 49.0617638 385.054871
v -375.090302 49.048996 385.076721
v -375.098602 49.0401611 385.079102
v -375.101746 49.0414162 385.053314
v -375.031281 49.0102005 385.040619
v -375.053406 49.0036926 385.063477
v -375.090302 49.048996 385.076721
v -375.073181 49.0617638 385.054871
v -375.090302 49.048996 385.076721
v -375.053406 49.0036926 385.063477
v -375.058167 48.9973412 385.064941
v -375.098602 49.0401611 385.079102
v -375.101746 49.0414162 385.053314
v -375.098602 49.0401611 385.079102
v -375.058167 48.9973412 385.064941
v -375.05658 48.9892426 385.044678
v -375.05658 48.9892426 385.044678
v -375.058167 48.9973412 385.064941
v -375.053406 49.0036926 385.063477
v -375.031281 49.0102005 385.040619
v -375.099976 48.9608727 385.024139
v -375.17514 49.0551071 385.041351
v -375.11908 49.1166725 385.067352
v -375.059113 49.0112495 385.059845
v -375.17514 49.0551071 385.041351
v -375.099976 48.9608727 385.024139
v -375.131622 48.9507751 384.974792
v -375.227081 49.0714798 384.996704
v -375.041779 49.1712341 384.969757
v -375.041046 49.1341553 385.044739
v -375.11908 49.1166725 385.067352
v -375.180176 49.1299706 384.991302
v -375.17514 49.0551071 385.041351
v -375.227081 49.0714798 384.996704
v -375.180176 49.1299706 384.991302
v -375.11908 49.1166725 385.067352
v -375.115021 48.8820953 385.076111
v -375.127411 48.8761215 384.969757
v -375.105011 48.8739891 385.051361
v -375.134369 48.8861046 384.970123
v -375.139984 48.8727341 384.859558
v -375.125427 48.8674316 384.883087
v -375.093414 48.904808 385.026031
v -375.009552 48.9029274 385.031982
v -375.032593 48.852562 385.059387
v -375.105011 48.8739891 385.051361
v -374.947235 48.7188683 385.039185
v -374.960327 48.6906891 385.085938
v -374.988922 48.8463402 385.112061
v -374.966949 48.86129 385.073425
v -374.96106 48.6764145 384.995728
v -374.908234 48.5959282 384.952759
v -374.947235 48.7188683 385.039185
v -374.980713 48.7329521 385.032379
v -374.980713 48.7329521 385.032379
v -374.947235 48.7188683 385.039185
v -374.966949 48.86129 385.073425
v -375.032593 48.852562 385.059387
v -375.133453 48.8331757 385.160492
v -375.161133 48.8337822 384.976654
v -375.145905 48.8589706 384.972839
v -375.127991 48.8531265 385.109009
v -375.105011 48.8739891 385.051361
v -375.032593 48.852562 385.059387
v -374.966949 48.86129 385.073425
v -375.115021 48.8820953 385.076111
v -374.996277 48.6650848 385.152557
v -374.960327 48.6906891 385.085938
v -374.911346 48.4903641 385.06781
v -374.972626 48.4927673 385.184479
v -375.107788 48.1139412 385.163177
v -375.144165 48.1203766 384.99469
v -375.185852 48.1356201 384.998901
v -375.139557 48.1214867 385.20578
v -374.980011 48.1259346 385.171021
v -375.107788 48.1139412 385.163177
v -375.139557 48.1214867 385.20578
v -374.974487 48.1459351 385.217194
v -374.919708 48.1322327 385.06543
v -374.980011 48.1259346 385.171021
v -374.974487 48.1459351 385.217194
v -374.907349 48.1531372 385.079529
v -374.98642 48.1641426 385.221069
v -374.957764 48.174942 385.168579
v -374.968567 48.1719208 385.127563
v -375.030212 48.1491127 385.234283
v -374.877563 48.0924683 385.183655
v -374.94931 48.0655518 385.237061
v -374.962311 48.1251984 385.240936
v -374.900696 48.1467972 385.187683
v -374.892151 47.9773445 385.152557
v -374.875031 47.9781761 385.160828
v -374.877563 48.0924683 385.183655
v -374.903687 48.0830154 385.158417
v -374.94931 48.0655518 385.237061
v -374.945709 47.9692612 385.209015
v -374.956635 47.9705582 385.196533
v -374.974854 48.0913925 385.214111
v -374.962311 48.1251984 385.240936
v -374.983673 48.1280212 385.217163
v -374.956635 47.9705582 385.196533
v -374.892151 47.9773445 385.152557
v -374.903687 48.0830154 385.158417
v -374.974854 48.0913925 385.214111
v -374.903687 48.0830154 385.158417
v -374.926788 48.1425514 385.155548
v -374.983673 48.1280212 385.217163
v -374.974854 48.0913925 385.214111
v -374.918091 48.1828461 385.190796
v -374.960754 48.1669388 385.244263
v -374.969971 48.156208 385.282715
v -374.887573 48.1876984 385.173615
v -374.89505 48.0595779 385.113251
v -374.911102 48.0896568 385.138306
v -374.887329 48.0955429 385.15097
v -374.886658 48.0568047 385.127777
v -374.911102 48.0896568 385.138306
v -374.903687 48.0830154 385.158417
v -374.877563 48.0924683 385.183655
v -374.887329 48.0955429 385.15097
v -374.903687 48.0830154 385.158417
v -374.911102 48.0896568 385.138306
v -374.899139 48.1112251 385.124298
v -374.926788 48.1425514 385.155548
v -374.900696 48.1467972 385.187683
v -374.884003 48.1135216 385.140686
v -374.887329 48.0955429 385.15097
v -374.877563 48.0924683 385.183655
v -374.960754 48.1669388 385.244263
v -374.962311 48.1251984 385.240936
v -374.983673 48.1280212 385.217163
v -374.98642 48.1641426 385.221069
v -374.886658 48.0568047 385.127777
v -374.88031 48.0664406 385.122894
v -374.888184 48.0678596 385.109222
v -374.89505 48.0595779 385.113251
v -374.892151 47.9773445 385.152557
v -374.956635 47.9705582 385.196533
v -374.945709 47.9692612 385.209015
v -374.875031 47.9781761 385.160828
v -374.875031 47.9781761 385.160828
v -374.945709 47.9692612 385.209015
v -374.94931 48.0655518 385.237061
v -374.877563 48.0924683 385.183655
v -375.056396 48.4435005 385.155365
v -374.996277 48.6650848 385.152557
v -375.145325 48.659771 385.171234
v -375.087921 48.4367294 385.21579
v -375.116333 48.4661407 385.253723
v -375.116333 48.4661407 385.253723
v -375.145325 48.659771 385.171234
v -375.05954 48.7346115 385.249298
v -375.010986 48.4948349 385.294495
v -375.102631 48.4140892 385.253052
v -375.030212 48.1491127 385.234283
v -374.968567 48.1719208 385.127563
v -375.056396 48.4435005 385.155365
v -375.087921 48.4367294 385.21579
v -375.116333 48.4661407 385.253723
v -374.887573 48.1876984 385.173615
v -374.969971 48.156208 385.282715
v -375.000549 48.437561 385.293793
v -374.956604 48.4651451 385.20871
v -374.983063 48.4650841 385.255066
v -374.918091 48.1828461 385.190796
v -374.887573 48.1876984 385.173615
v -374.968567 48.1719208 385.127563
v -374.957764 48.174942 385.168579
v -374.956604 48.4651451 385.20871
v -374.983063 48.4650841 385.255066
v -375.010986 48.4948349 385.294495
v -374.989044 48.7157516 385.161682
v -375.05954 48.7346115 385.249298
v -374.888184 48.0678596 385.109222
v -374.899139 48.1112251 385.124298
v -374.911102 48.0896568 385.138306
v -374.89505 48.0595779 385.113251
v -374.888184 48.0678596 385.109222
v -374.88031 48.0664406 385.122894
v -374.884003 48.1135216 385.140686
v -374.899139 48.1112251 385.124298
v -374.88031 48.0664406 385.122894
v -374.886658 48.0568047 385.127777
v -374.887329 48.0955429 385.15097
v -374.884003 48.1135216 385.140686
v -374.926788 48.1425514 385.155548
v -374.899139 48.1112251 385.124298
v -374.884003 48.1135216 385.140686
v -374.900696 48.1467972 385.187683
v -375.133453 48.8331757 385.160492
v -375.006195 48.8260651 385.146027
v -374.989044 48.7157516 385.161682
v -375.05954 48.7346115 385.249298
v -375.010986 48.4948349 385.294495
v -375.000549 48.437561 385.293793
v -375.102631 48.4140892 385.253052
v -375.116333 48.4661407 385.253723
v -375.000549 48.437561 385.293793
v -374.969971 48.156208 385.282715
v -375.030212 48.1491127 385.234283
v -375.102631 48.4140892 385.253052
v -374.887573 48.1876984 385.173615
v -374.956604 48.4651451 385.20871
v -375.056396 48.4435005 385.155365
v -374.968567 48.1719208 385.127563
v -375.056396 48.4435005 385.155365
v -374.956604 48.4651451 385.20871
v -374.989044 48.7157516 385.161682
v -374.996277 48.6650848 385.152557
v -374.900696 48.1467972 385.187683
v -374.918091 48.1828461 385.190796
v -374.957764 48.174942 385.168579
v -374.926788 48.1425514 385.155548
v -374.969971 48.156208 385.282715
v -374.960754 48.1669388 385.244263
v -374.98642 48.1641426 385.221069
v -375.030212 48.1491127 385.234283
v -374.900696 48.1467972 385.187683
v -374.962311 48.1251984 385.240936
v -374.960754 48.1669388 385.244263
v -374.918091 48.1828461 385.190796
v -374.983673 48.1280212 385.217163
v -374.926788 48.1425514 385.155548
v -374.957764 48.174942 385.168579
v -374.98642 48.1641426 385.221069
v -374.917908 47.7945595 385.006134
v -374.897949 48.1202278 384.967163
v -375.144165 48.1203766 384.99469
v -374.966461 47.7518578 384.999512
v -375.079651 47.7555161 385.008911
v -375.122009 48.4824829 385.19165
v -375.134766 48.3194275 385.204102
v -375.189209 48.3094482 384.997742
v -375.188995 48.4698143 384.996674
v -375.122009 48.4824829 385.19165
v -374.972626 48.4927673 385.184479
v -374.976715 48.3327751 385.207855
v -375.134766 48.3194275 385.204102
v -375.082153 47.755825 385.127594
v -375.079651 47.7555161 385.008911
v -375.144165 48.1203766 384.99469
v -375.107788 48.1139412 385.163177
v -374.919708 48.1322327 385.06543
v -374.917908 47.7945595 385.006134
v -374.968719 47.7975197 385.149292
v -374.980011 48.1259346 385.171021
v -374.980011 48.1259346 385.171021
v -374.968719 47.7975197 385.149292
v -375.011871 47.7580566 385.13678
v -375.107788 48.1139412 385.163177
v -375.082153 47.755825 385.127594
v -374.906982 48.3326111 385.075226
v -374.88678 48.3353653 384.954895
v -374.883209 48.2860107 384.955322
v -374.907349 48.1531372 385.079529
v -374.919708 48.1322327 385.06543
v -374.907349 48.1531372 385.079529
v -374.883209 48.2860107 384.955322
v -374.901459 48.2486877 384.959351
v -374.911346 48.4903641 385.06781
v -374.897034 48.4907761 384.953705
v -374.88678 48.3353653 384.954895
v -374.906982 48.3326111 385.075226
v -374.965729 48.7836723 384.970459
v -374.96051 48.7964439 384.952087
v -374.936798 48.6234894 384.95636
v -374.96106 48.6764145 384.995728
v -374.96106 48.6764145 384.995728
v -374.980713 48.7329521 385.032379
v -374.988037 48.8493423 384.993927
v -374.965729 48.7836723 384.970459
v -374.908234 48.5959282 384.952759
v -374.897034 48.4907761 384.953705
v -374.911346 48.4903641 385.06781
v -374.960327 48.6906891 385.085938
v -374.960327 48.6906891 385.085938
v -374.996277 48.6650848 385.152557
v -375.006195 48.8260651 385.146027
v -374.988922 48.8463402 385.112061
v -374.988922 48.8463402 385.112061
v -375.006195 48.8260651 385.146027
v -375.133453 48.8331757 385.160492
v -375.127991 48.8531265 385.109009
v -375.145905 48.8589706 384.972839
v -375.134369 48.8861046 384.970123
v -375.115021 48.8820953 385.076111
v -375.127991 48.8531265 385.109009
v -375.236053 49.0375404 384.996063
v -375.181274 49.0548897 385.087036
v -375.127655 48.9687691 385.047058
v -375.171753 48.9568443 384.98172
v -375.113831 49.2120247 384.983612
v -375.037842 49.207756 384.970642
v -375.063568 49.1923866 385.011292
v -375.093811 49.1788559 385.039215
v -375.181274 49.0548897 385.087036
v -375.236053 49.0375404 384.996063
v -375.244415 49.1362877 385.00238
v -375.204834 49.1232758 385.057983
v -375.059357 49.0449829 385.069885
v -375.07135 49.0724182 385.086151
v -375.065338 49.1512489 385.073456
v -375.043488 49.0655975 385.065552
v -375.065338 49.1512489 385.073456
v -375.07135 49.0724182 385.086151
v -375.111267 49.0468521 385.08197
v -375.181274 49.0548897 385.087036
v -375.093811 49.1788559 385.039215
v -375.065338 49.1512489 385.073456
v -375.181274 49.0548897 385.087036
v -375.204834 49.1232758 385.057983
v -375.113831 49.2120247 384.983612
v -375.093811 49.1788559 385.039215
v -375.204834 49.1232758 385.057983
v -375.244415 49.1362877 385.00238
v -375.066711 48.9927711 385.057648
v -375.127655 48.9687691 385.047058
v -375.181274 49.0548897 385.087036
v -375.111267 49.0468521 385.08197
v -375.053864 48.9916039 385.044708
v -375.066711 48.9927711 385.057648
v -375.111267 49.0468521 385.08197
v -375.101746 49.0414162 385.053314
v -375.101746 49.0414162 385.053314
v -375.111267 49.0468521 385.08197
v -375.07135 49.0724182 385.086151
v -375.080109 49.0536804 385.055664
v -375.080109 49.0536804 385.055664
v -375.07135 49.0724182 385.086151
v -375.059357 49.0449829 385.069885
v -375.058655 49.0311661 385.046082
v -375.127655 48.9687691 385.047058
v -375.066711 48.9927711 385.057648
v -375.053864 48.9916039 385.044708
v -375.099976 48.9608727 385.024139
v -375.037842 49.207756 384.970642
v -375.041779 49.1712341 384.969757
v -375.041046 49.1341553 385.044739
v -375.063568 49.1923866 385.011292
v -375.027313 49.0617867 385.041718
v -375.043488 49.0655975 385.065552
v -375.065338 49.1512489 385.073456
v -375.041046 49.1341553 385.044739
v -375.058655 49.0311661 385.046082
v -375.059357 49.0449829 385.069885
v -375.043488 49.0655975 385.065552
v -375.027313 49.0617867 385.041718
v -375.131622 48.9507751 384.974792
v -375.171753 48.9568443 384.98172
v -375.127655 48.9687691 385.047058
v -375.099976 48.9608727 385.024139
v -374.993225 47.2902794 384.92514
v -374.85614 47.2480431 384.90741
v -374.851715 47.209938 384.911896
v -375.114532 47.2096291 384.931427
v -375.163086 47.3465309 384.841583
v -375.013885 47.3462524 384.807831
v -375.015503 47.7194443 384.799225
v -375.053467 47.7578926 384.812744
v -375.12085 47.7553444 384.835968
v -374.910858 47.2469215 384.817657
v -375.01474 47.2916451 384.830048
v -375.143097 47.2092056 384.851196
v -374.91095 47.209362 384.813354
v -374.91095 47.209362 384.813354
v -375.143097 47.2092056 384.851196
v -375.114532 47.2096291 384.931427
v -374.851715 47.209938 384.911896
v -374.993225 47.2902794 384.92514
v -375.01474 47.2916451 384.830048
v -374.910858 47.2469215 384.817657
v -374.85614 47.2480431 384.90741
v -374.910858 47.2469215 384.817657
v -374.91095 47.209362 384.813354
v -374.851715 47.209938 384.911896
v -374.85614 47.2480431 384.90741
v -374.982086 47.753479 384.938568
v -374.951752 47.7147675 384.927673
v -374.973175 47.3446999 384.945557
v -375.137054 47.3475647 384.960785
v -375.094879 47.7561531 384.951599
v -375.094879 47.7561531 384.951599
v -375.137054 47.3475647 384.960785
v -375.163086 47.3465309 384.841583
v -375.12085 47.7553444 384.835968
v -374.951752 47.7147675 384.927673
v -375.015503 47.7194443 384.799225
v -375.013885 47.3462524 384.807831
v -374.973175 47.3446999 384.945557
v -375.143097 47.2092056 384.851196
v -375.01474 47.2916451 384.830048
v -375.028473 47.3577347 384.841736
v -375.126709 47.3553085 384.855774
v -375.013885 47.3462524 384.807831
v -375.028473 47.3577347 384.841736
v -375.004456 47.3567734 384.921387
v -374.973175 47.3446999 384.945557
v -375.163086 47.3465309 384.841583
v -375.137054 47.3475647 384.960785
v -375.109436 47.3537178 384.922913
v -375.126709 47.3553085 384.855774
v -375.137054 47.3475647 384.960785
v -374.973175 47.3446999 384.945557
v -375.004456 47.3567734 384.921387
v -375.109436 47.3537178 384.922913
v -375.028473 47.3577347 384.841736
v -375.01474 47.2916451 384.830048
v -374.993225 47.2902794 384.92514
v -375.004456 47.3567734 384.921387
v -375.109436 47.3537178 384.922913
v -375.004456 47.3567734 384.921387
v -374.993225 47.2902794 384.92514
v -375.114532 47.2096291 384.931427
v -375.126709 47.3553085 384.855774
v -375.109436 47.3537178 384.922913
v -375.114532 47.2096291 384.931427
v -375.143097 47.2092056 384.851196
v -375.126709 47.3553085 384.855774
v -375.028473 47.3577347 384.841736
v -375.013885 47.3462524 384.807831
v -375.163086 47.3465309 384.841583
v -375.015503 47.7194443 384.799225
v -374.951752 47.7147675 384.927673
v -374.935608 47.794899 384.921844
v -375.014069 47.7975006 384.791931
v -374.96051 48.7964439 384.952087
v -374.977448 48.8707123 384.951324
v -374.99939 48.8459549 384.914185
v -374.970581 48.7822151 384.937042
v -375.185944 48.6437683 384.796661
v -375.178192 48.4760551 384.78833
v -375.032623 48.4840202 384.756439
v -375.033325 48.6480179 384.78952
v -375.189758 48.3186188 384.777222
v -375.189209 48.3094482 384.997742
v -375.185852 48.1356201 384.998901
v -375.194366 48.1210899 384.774628
v -375.029755 48.9019203 384.880981
v -375.055389 48.8435478 384.864777
v -374.99939 48.8459549 384.914185
v -374.977448 48.8707123 384.951324
v -375.139984 48.8727341 384.859558
v -375.160004 48.8400803 384.831909
v -375.019623 48.8304977 384.804718
v -374.992188 48.8491554 384.838074
v -375.125427 48.8674316 384.883087
v -375.1091 48.9036942 384.906921
v -375.113464 48.9015083 384.968506
v -375.127411 48.8761215 384.969757
v -375.189758 48.3186188 384.777222
v -375.194366 48.1210899 384.774628
v -375.032867 48.1463623 384.728088
v -375.03714 48.3312302 384.737671
v -375.161133 48.8337822 384.976654
v -375.195557 48.6571808 384.990631
v -375.185944 48.6437683 384.796661
v -375.174408 48.8149223 384.783112
v -375.185944 48.6437683 384.796661
v -375.195557 48.6571808 384.990631
v -375.188995 48.4698143 384.996674
v -375.178192 48.4760551 384.78833
v -375.032623 48.4840202 384.756439
v -375.03714 48.3312302 384.737671
v -374.940002 48.331955 384.845612
v -374.943146 48.4870262 384.84964
v -375.031311 48.939106 384.888153
v -375.089478 49.0183907 384.87674
v -375.117157 48.964695 384.919006
v -375.094574 48.9354706 384.912079
v -375.066132 49.1404953 384.895844
v -375.004456 49.0583153 384.877838
v -374.945892 49.0799255 384.949921
v -375.041779 49.1712341 384.969757
v -374.977448 48.8707123 384.951324
v -374.994171 48.9152946 384.953156
v -375.031311 48.939106 384.888153
v -375.029755 48.9019203 384.880981
v -375.031311 48.939106 384.888153
v -374.994171 48.9152946 384.953156
v -374.914764 48.9379845 384.941711
v -374.967072 48.9595413 384.887299
v -375.104401 48.9328766 384.96814
v -375.094574 48.9354706 384.912079
v -375.117157 48.964695 384.919006
v -375.131622 48.9507751 384.974792
v -375.031311 48.939106 384.888153
v -375.094574 48.9354706 384.912079
v -375.1091 48.9036942 384.906921
v -375.029755 48.9019203 384.880981
v -374.914764 48.9379845 384.941711
v -374.945892 49.0799255 384.949921
v -375.004456 49.0583153 384.877838
v -374.967072 48.9595413 384.887299
v -375.094574 48.9354706 384.912079
v -375.104401 48.9328766 384.96814
v -375.113464 48.9015083 384.968506
v -375.1091 48.9036942 384.906921
v -375.004456 49.0583153 384.877838
v -375.089478 49.0183907 384.87674
v -375.031311 48.939106 384.888153
v -374.967072 48.9595413 384.887299
v -375.004456 49.0583153 384.877838
v -375.066132 49.1404953 384.895844
v -375.147491 49.1238594 384.89859
v -375.089478 49.0183907 384.87674
v -375.100952 49.0685768 384.890656
v -375.127625 49.0476112 384.899414
v -375.133087 49.0485191 384.874146
v -375.124359 49.0572929 384.874451
v -375.057404 49.0167847 384.886292
v -375.100952 49.0685768 384.890656
v -375.124359 49.0572929 384.874451
v -375.085815 49.0117607 384.871399
v -375.124359 49.0572929 384.874451
v -375.133087 49.0485191 384.874146
v -375.090851 49.0054665 384.871033
v -375.085815 49.0117607 384.871399
v -375.127625 49.0476112 384.899414
v -375.082855 48.9958038 384.888977
v -375.090851 49.0054665 384.871033
v -375.133087 49.0485191 384.874146
v -375.082855 48.9958038 384.888977
v -375.057404 49.0167847 384.886292
v -375.085815 49.0117607 384.871399
v -375.090851 49.0054665 384.871033
v -375.117157 48.964695 384.919006
v -375.089478 49.0183907 384.87674
v -375.147491 49.1238594 384.89859
v -375.19281 49.0595779 384.93634
v -375.19281 49.0595779 384.93634
v -375.227081 49.0714798 384.996704
v -375.131622 48.9507751 384.974792
v -375.117157 48.964695 384.919006
v -375.041779 49.1712341 384.969757
v -375.180176 49.1299706 384.991302
v -375.147491 49.1238594 384.89859
v -375.066132 49.1404953 384.895844
v -375.19281 49.0595779 384.93634
v -375.147491 49.1238594 384.89859
v -375.180176 49.1299706 384.991302
v -375.227081 49.0714798 384.996704
v -375.1091 48.9036942 384.906921
v -375.125427 48.8674316 384.883087
v -375.055389 48.8435478 384.864777
v -375.029755 48.9019203 384.880981
v -374.966736 48.7134514 384.874023
v -374.992188 48.8491554 384.838074
v -375.019623 48.8304977 384.804718
v -374.991699 48.6821709 384.837524
v -374.908234 48.5959282 384.952759
v -375.042694 48.8072395 384.773773
v -375.033325 48.6480179 384.78952
v -374.969574 48.6744156 384.921234
v -374.99588 48.7282867 384.886261
v -374.966736 48.7134514 384.874023
v -374.908234 48.5959282 384.952759
v -374.99588 48.7282867 384.886261
v -375.055389 48.8435478 384.864777
v -374.992188 48.8491554 384.838074
v -374.966736 48.7134514 384.874023
v -375.174408 48.8149223 384.783112
v -375.145905 48.8589706 384.972839
v -375.161133 48.8337822 384.976654
v -375.160004 48.8400803 384.831909
v -375.139984 48.8727341 384.859558
v -375.134369 48.8861046 384.970123
v -375.03714 48.3312302 384.737671
v -375.032867 48.1463623 384.728088
v -374.93692 48.1534805 384.849915
v -374.940002 48.331955 384.845612
v -375.125427 48.8674316 384.883087
v -375.139984 48.8727341 384.859558
v -374.992188 48.8491554 384.838074
v -375.055389 48.8435478 384.864777
v -375.033325 48.6480179 384.78952
v -375.032623 48.4840202 384.756439
v -374.943146 48.4870262 384.84964
v -374.991699 48.6821709 384.837524
v -375.154663 48.1131783 384.809906
v -375.194366 48.1210899 384.774628
v -375.185852 48.1356201 384.998901
v -375.144165 48.1203766 384.99469
v -375.028107 48.1263428 384.774475
v -375.032867 48.1463623 384.728088
v -375.194366 48.1210899 384.774628
v -375.154663 48.1131783 384.809906
v -374.945038 48.1326599 384.866913
v -374.93692 48.1534805 384.849915
v -375.032867 48.1463623 384.728088
v -375.028107 48.1263428 384.774475
v -375.069824 48.1381416 384.753265
v -375.118622 48.12714 384.753448
v -375.023621 48.14394 384.832458
v -375.023804 48.1468849 384.791962
v -374.965546 48.0530624 384.755493
v -374.980255 48.1107407 384.760071
v -375.055939 48.1003113 384.723694
v -375.051453 48.039978 384.721191
v -374.988647 47.9387817 384.784485
v -374.985718 48.0451889 384.786194
v -374.965546 48.0530624 384.755493
v -374.974182 47.9380074 384.772125
v -375.051453 48.039978 384.721191
v -375.062286 47.9439125 384.75827
v -375.055115 47.9421654 384.743378
v -375.066376 48.067028 384.751099
v -375.055939 48.1003113 384.723694
v -375.07019 48.1039162 384.753052
v -375.062286 47.9439125 384.75827
v -375.066376 48.067028 384.751099
v -374.985718 48.0451889 384.786194
v -374.988647 47.9387817 384.784485
v -374.985718 48.0451889 384.786194
v -375.066376 48.067028 384.751099
v -375.07019 48.1039162 384.753052
v -374.99704 48.1078186 384.797546
v -374.994385 48.1498184 384.759491
v -374.957855 48.1518707 384.768311
v -375.072052 48.1287651 384.684204
v -375.049408 48.1387253 384.719696
v -374.969421 48.017746 384.827087
v -374.965393 48.0149918 384.810791
v -374.966309 48.0550423 384.79007
v -374.986786 48.0513611 384.808044
v -374.986786 48.0513611 384.808044
v -374.966309 48.0550423 384.79007
v -374.965546 48.0530624 384.755493
v -374.985718 48.0451889 384.786194
v -374.985718 48.0451889 384.786194
v -374.99704 48.1078186 384.797546
v -374.968018 48.0704269 384.819427
v -374.986786 48.0513611 384.808044
v -374.980255 48.1107407 384.760071
v -374.965546 48.0530624 384.755493
v -374.966309 48.0550423 384.79007
v -374.95755 48.0719147 384.799866
v -375.049408 48.1387253 384.719696
v -375.069824 48.1381416 384.753265
v -375.07019 48.1039162 384.753052
v -375.055939 48.1003113 384.723694
v -374.965393 48.0149918 384.810791
v -374.969421 48.017746 384.827087
v -374.960632 48.0247612 384.82959
v -374.956696 48.0233459 384.814301
v -374.988647 47.9387817 384.784485
v -374.974182 47.9380074 384.772125
v -375.055115 47.9421654 384.743378
v -375.062286 47.9439125 384.75827
v -374.974182 47.9380074 384.772125
v -374.965546 48.0530624 384.755493
v -375.051453 48.039978 384.721191
v -375.055115 47.9421654 384.743378
v -375.185944 48.6437683 384.796661
v -375.033325 48.6480179 384.78952
v -375.087952 48.4145317 384.823395
v -375.14267 48.4176254 384.781769
v -375.182587 48.444046 384.753967
v -375.182587 48.444046 384.753967
v -375.102295 48.4619331 384.672974
v -375.133118 48.7055168 384.695709
v -375.185944 48.6437683 384.796661
v -375.087952 48.4145317 384.823395
v -375.023621 48.14394 384.832458
v -375.118622 48.12714 384.753448
v -375.14267 48.4176254 384.781769
v -375.172485 48.3940506 384.754822
v -375.182587 48.444046 384.753967
v -375.072052 48.1287651 384.684204
v -374.957855 48.1518707 384.768311
v -375.018311 48.4393425 384.734558
v -375.061035 48.4359169 384.702087
v -375.09436 48.407959 384.675201
v -375.102295 48.4619331 384.672974
v -374.994385 48.1498184 384.759491
v -375.023804 48.1468849 384.791962
v -375.023621 48.14394 384.832458
v -374.957855 48.1518707 384.768311
v -375.061035 48.4359169 384.702087
v -375.018311 48.4393425 384.734558
v -375.033936 48.696846 384.755432
v -375.133118 48.7055168 384.695709
v -375.102295 48.4619331 384.672974
v -374.960632 48.0247612 384.82959
v -374.969421 48.017746 384.827087
v -374.986786 48.0513611 384.808044
v -374.968018 48.0704269 384.819427
v -374.960632 48.0247612 384.82959
v -374.968018 48.0704269 384.819427
v -374.95755 48.0719147 384.799866
v -374.956696 48.0233459 384.814301
v -374.956696 48.0233459 384.814301
v -374.95755 48.0719147 384.799866
v -374.966309 48.0550423 384.79007
v -374.965393 48.0149918 384.810791
v -374.99704 48.1078186 384.797546
v -374.980255 48.1107407 384.760071
v -374.95755 48.0719147 384.799866
v -374.968018 48.0704269 384.819427
v -375.174408 48.8149223 384.783112
v -375.133118 48.7055168 384.695709
v -375.033936 48.696846 384.755432
v -375.042694 48.8072395 384.773773
v -375.102295 48.4619331 384.672974
v -375.182587 48.444046 384.753967
v -375.172485 48.3940506 384.754822
v -375.09436 48.407959 384.675201
v -375.09436 48.407959 384.675201
v -375.172485 48.3940506 384.754822
v -375.118622 48.12714 384.753448
v -375.072052 48.1287651 384.684204
v -374.957855 48.1518707 384.768311
v -375.023621 48.14394 384.832458
v -375.087952 48.4145317 384.823395
v -375.018311 48.4393425 384.734558
v -375.087952 48.4145317 384.823395
v -375.033325 48.6480179 384.78952
v -375.033936 48.696846 384.755432
v -375.018311 48.4393425 384.734558
v -374.980255 48.1107407 384.760071
v -374.99704 48.1078186 384.797546
v -375.023804 48.1468849 384.791962
v -374.994385 48.1498184 384.759491
v -375.072052 48.1287651 384.684204
v -375.118622 48.12714 384.753448
v -375.069824 48.1381416 384.753265
v -375.049408 48.1387253 384.719696
v -374.980255 48.1107407 384.760071
v -374.994385 48.1498184 384.759491
v -375.049408 48.1387253 384.719696
v -375.055939 48.1003113 384.723694
v -375.07019 48.1039162 384.753052
v -375.069824 48.1381416 384.753265
v -375.023804 48.1468849 384.791962
v -374.99704 48.1078186 384.797546
v -375.144165 48.1203766 384.99469
v -374.897949 48.1202278 384.967163
v -374.935608 47.794899 384.921844
v -374.982086 47.753479 384.938568
v -375.094879 47.7561531 384.951599
v -375.178192 48.4760551 384.78833
v -375.188995 48.4698143 384.996674
v -375.189209 48.3094482 384.997742
v -375.189758 48.3186188 384.777222
v -375.178192 48.4760551 384.78833
v -375.189758 48.3186188 384.777222
v -375.03714 48.3312302 384.737671
v -375.032623 48.4840202 384.756439
v -374.897949 48.1202278 384.967163
v -374.901459 48.2486877 384.959351
v -374.945038 48.1326599 384.866913
v -374.935608 47.794899 384.921844
v -375.12085 47.7553444 384.835968
v -375.154663 48.1131783 384.809906
v -375.144165 48.1203766 384.99469
v -375.094879 47.7561531 384.951599
v -374.945038 48.1326599 384.866913
v -375.028107 48.1263428 384.774475
v -375.014069 47.7975006 384.791931
v -374.935608 47.794899 384.921844
v -375.053467 47.7578926 384.812744
v -375.014069 47.7975006 384.791931
v -375.028107 48.1263428 384.774475
v -375.154663 48.1131783 384.809906
v -375.12085 47.7553444 384.835968
v -374.940002 48.331955 384.845612
v -374.93692 48.1534805 384.849915
v -374.883209 48.2860107 384.955322
v -374.88678 48.3353653 384.954895
v -374.943146 48.4870262 384.84964
v -374.897034 48.4907761 384.953705
v -374.945038 48.1326599 384.866913
v -374.901459 48.2486877 384.959351
v -374.883209 48.2860107 384.955322
v -374.93692 48.1534805 384.849915
v -374.970581 48.7822151 384.937042
v -374.969574 48.6744156 384.921234
v -374.936798 48.6234894 384.95636
v -374.96051 48.7964439 384.952087
v -374.969574 48.6744156 384.921234
v -374.970581 48.7822151 384.937042
v -374.99939 48.8459549 384.914185
v -374.99588 48.7282867 384.886261
v -374.908234 48.5959282 384.952759
v -374.991699 48.6821709 384.837524
v -374.943146 48.4870262 384.84964
v -374.897034 48.4907761 384.953705
v -375.019623 48.8304977 384.804718
v -375.160004 48.8400803 384.831909
v -375.174408 48.8149223 384.783112
v -375.042694 48.8072395 384.773773
v -375.236053 49.0375404 384.996063
v -375.171753 48.9568443 384.98172
v -375.150696 48.9740715 384.907013
v -375.213501 49.0626564 384.894379
v -375.113831 49.2120247 384.983612
v -375.113556 49.1838455 384.921997
v -375.075653 49.1954422 384.939514
v -375.037842 49.207756 384.970642
v -375.213501 49.0626564 384.894379
v -375.225372 49.1284676 384.936005
v -375.244415 49.1362877 385.00238
v -375.236053 49.0375404 384.996063
v -375.092957 49.0533371 384.870667
v -375.076324 49.0738525 384.871368
v -375.098206 49.159565 384.878174
v -375.109222 49.08181 384.861511
v -375.098206 49.159565 384.878174
v -375.213501 49.0626564 384.894379
v -375.145813 49.055172 384.875885
v -375.109222 49.08181 384.861511
v -375.113556 49.1838455 384.921997
v -375.225372 49.1284676 384.936005
v -375.213501 49.0626564 384.894379
v -375.098206 49.159565 384.878174
v -375.113831 49.2120247 384.983612
v -375.244415 49.1362877 385.00238
v -375.225372 49.1284676 384.936005
v -375.113556 49.1838455 384.921997
v -375.096191 48.9997559 384.879822
v -375.145813 49.055172 384.875885
v -375.213501 49.0626564 384.894379
v -375.150696 48.9740715 384.907013
v -375.079865 48.9977722 384.887817
v -375.127625 49.0476112 384.899414
v -375.145813 49.055172 384.875885
v -375.096191 48.9997559 384.879822
v -375.127625 49.0476112 384.899414
v -375.107788 49.0604515 384.891418
v -375.109222 49.08181 384.861511
v -375.145813 49.055172 384.875885
v -375.107788 49.0604515 384.891418
v -375.084747 49.0376778 384.891785
v -375.092957 49.0533371 384.870667
v -375.109222 49.08181 384.861511
v -375.150696 48.9740715 384.907013
v -375.117157 48.964695 384.919006
v -375.079865 48.9977722 384.887817
v -375.096191 48.9997559 384.879822
v -375.037842 49.207756 384.970642
v -375.075653 49.1954422 384.939514
v -375.066132 49.1404953 384.895844
v -375.041779 49.1712341 384.969757
v -375.053162 49.0683212 384.888214
v -375.066132 49.1404953 384.895844
v -375.098206 49.159565 384.878174
v -375.076324 49.0738525 384.871368
v -375.084747 49.0376778 384.891785
v -375.053162 49.0683212 384.888214
v -375.076324 49.0738525 384.871368
v -375.092957 49.0533371 384.870667
v -375.131622 48.9507751 384.974792
v -375.117157 48.964695 384.919006
v -375.150696 48.9740715 384.907013
v -375.171753 48.9568443 384.98172
vt 0.100891948 0.678745151
vt 0.102946162 0.680429757
vt 0.102723867 0.676824093
vt 0.601634741 0.648505211
vt 0.603027821 0.636959374
vt 0.60138607 0.641918302
vt 0.0637803003 0.742098689
vt 0.0615000725 0.74380666
vt 0.0639701486 0.74362272
vt 0.100579798 0.680174172
vt 0.102946162 0.680429757
vt 0.100891948 0.678745151
vt 0.730404258 0.317762345
vt 0.730198622 0.317974299
vt 0.731348455 0.31780377
vt 0.507546484 0.689406037
vt 0.509948611 0.682916999
vt 0.505324423 0.683911562
vt 0.505324423 0.683911562
vt 0.504759133 0.695484042
vt 0.507546484 0.689406037
vt 0.739035606 0.934167683
vt 0.737829328 0.933515668
vt 0.737167478 0.93683815
vt 0.744872093 0.941651285
vt 0.746028125 0.942224264
vt 0.745359302 0.940349817
vt 0.632580101 0.99320364
vt 0.633145332 0.99124074
vt 0.631568313 0.992061734
vt 0.702924967 0.980116189
vt 0.703537524 0.982964039
vt 0.704054117 0.979604483
vt 0.704054117 0.979604483
vt 0.705582798 0.981632054
vt 0.705722868 0.978954315
vt 0.737609386 0.937978089
vt 0.737138748 0.940346181
vt 0.737870932 0.940374434
vt 0.507038414 0.682778358
vt 0.505324423 0.683911562
vt 0.509948611 0.682916999
vt 0.657395244 0.989645839
vt 0.656998634 0.991119325
vt 0.658438861 0.989705205
vt 0.743153989 0.907531321
vt 0.744511485 0.909170568
vt 0.744009495 0.907585323
vt 0.594053209 0.719097197
vt 0.593907118 0.722821057
vt 0.596268117 0.719093442
vt 0.503823102 0.689254403
vt 0.505254984 0.690149546
vt 0.505324423 0.683911562
vt 0.555967331 0.638235152
vt 0.555417061 0.632197261
vt 0.555036902 0.633836865
vt 0.560589612 0.702844977
vt 0.563862503 0.707887948
vt 0.563997567 0.701909542
vt 0.600733161 0.636137247
vt 0.60138607 0.641918302
vt 0.603027821 0.636959374
vt 0.596992731 0.713268757
vt 0.598885238 0.707462788
vt 0.596909583 0.707063556
vt 0.551475286 0.631925225
vt 0.555417061 0.632197261
vt 0.552871227 0.627737164
vt 0.132343754 0.863812387
vt 0.130946696 0.864405155
vt 0.13187556 0.866562545
vt 0.138959438 0.868528664
vt 0.139661804 0.868781507
vt 0.138136208 0.868121803
vt 0.121915042 0.728805721
vt 0.120349765 0.728676736
vt 0.121123701 0.730833948
vt 0.588862658 0.683818579
vt 0.586508095 0.683686852
vt 0.586072206 0.690215588
vt 0.0680261254 0.737981141
vt 0.0655555129 0.737620771
vt 0.0677128583 0.73922044
vt 0.57080102 0.729542613
vt 0.571229279 0.727776289
vt 0.568600893 0.728839397
vt 0.509948611 0.682916999
vt 0.507546484 0.689406037
vt 0.511412084 0.683932245
vt 0.510614455 0.695332348
vt 0.511412084 0.683932245
vt 0.507546484 0.689406037
vt 0.687911153 0.975328445
vt 0.686736882 0.972148657
vt 0.686234236 0.974519372
vt 0.686900318 0.976417303
vt 0.688341439 0.977030694
vt 0.687911153 0.975328445
vt 0.686900318 0.976417303
vt 0.687911153 0.975328445
vt 0.68598479 0.975890756
vt 0.686736882 0.972148657
vt 0.687911153 0.975328445
vt 0.688051462 0.972218931
vt 0.685730338 0.972563088
vt 0.686234236 0.974519372
vt 0.686736882 0.972148657
vt 0.607207 0.718060136
vt 0.606775284 0.71318084
vt 0.605962038 0.712831318
vt 0.579145074 0.653902709
vt 0.578101933 0.662026763
vt 0.580030084 0.650964141
vt 0.667615831 0.926145375
vt 0.667006016 0.926181853
vt 0.667247057 0.929340363
vt 0.704463601 0.99176538
vt 0.704936445 0.98852092
vt 0.703352571 0.990255952
vt 0.727147102 0.991289616
vt 0.727837563 0.989376307
vt 0.726670027 0.988039732
vt 0.605368078 0.635718882
vt 0.605863988 0.62759167
vt 0.603443205 0.627509058
vt 0.576454043 0.654056907
vt 0.577778101 0.657284439
vt 0.580030084 0.650964141
vt 0.580030084 0.650964141
vt 0.577094913 0.650891542
vt 0.576454043 0.654056907
vt 0.727837563 0.989376307
vt 0.727757394 0.987965703
vt 0.726670027 0.988039732
vt 0.587886214 0.678061426
vt 0.588862658 0.683818579
vt 0.589371443 0.677738547
vt 0.585803568 0.693310738
vt 0.584518969 0.69496268
vt 0.585203767 0.701094568
vt 0.132343754 0.863812387
vt 0.13187556 0.866562545
vt 0.133780792 0.865154386
vt 0.182805985 0.847594559
vt 0.183178872 0.84787488
vt 0.183046132 0.847244442
vt 0.138136178 0.870746791
vt 0.139406115 0.87058872
vt 0.13898167 0.870269597
vt 0.2311804 0.76127708
vt 0.231563717 0.762324095
vt 0.231722742 0.761126697
vt 0.683422446 0.337473005
vt 0.682983041 0.337471813
vt 0.683202386 0.339288414
vt 0.726601481 0.341523856
vt 0.726330578 0.33794421
vt 0.725321829 0.339903206
vt 0.236006156 0.863397002
vt 0.238156289 0.865406454
vt 0.237922877 0.860943556
vt 0.0192640312 0.291749805
vt 0.0218349248 0.291762918
vt 0.0208412558 0.28491047
vt 0.091527693 0.285324425
vt 0.0927636772 0.278367192
vt 0.0908082873 0.278452247
vt 0.0273024514 0.269974113
vt 0.0270385891 0.277023584
vt 0.0295096505 0.27691257
vt 0.142400816 0.864345431
vt 0.14001742 0.866349041
vt 0.142598122 0.866084099
vt 0.235679299 0.86518997
vt 0.238156289 0.865406454
vt 0.236006156 0.863397002
vt 0.669532657 0.360475272
vt 0.669053733 0.361022443
vt 0.671614528 0.361002058
vt 0.0156781971 0.306346834
vt 0.0184899047 0.297533244
vt 0.0123721305 0.300739467
vt 0.0123721305 0.300739467
vt 0.0123464558 0.312839687
vt 0.0156781971 0.306346834
vt 0.645614505 0.980562508
vt 0.644304395 0.980238557
vt 0.644968092 0.983754635
vt 0.725100577 0.940983772
vt 0.724636793 0.942194641
vt 0.726284444 0.941342413
vt 0.736318231 0.917256176
vt 0.736165345 0.920312226
vt 0.737673342 0.917004406
vt 0.70596832 0.984286964
vt 0.705536544 0.984321773
vt 0.705965042 0.985389292
vt 0.737673342 0.917004406
vt 0.738560796 0.919477582
vt 0.738839746 0.91738379
vt 0.677553892 0.980914593
vt 0.676348865 0.98335892
vt 0.677318692 0.983453989
vt 0.0140597317 0.299501389
vt 0.0123721305 0.300739467
vt 0.0184899047 0.297533244
vt 0.743282735 0.975326359
vt 0.742955565 0.976843059
vt 0.744544744 0.975399971
vt 0.693885922 0.988036454
vt 0.695559502 0.989880204
vt 0.694971859 0.988051891
vt 0.0112023065 0.306360215
vt 0.0130625051 0.307214797
vt 0.0123721305 0.300739467
vt 0.0304558706 0.262903094
vt 0.0306643583 0.256565332
vt 0.0295035392 0.258172423
vt 0.723156691 0.354930371
vt 0.721387684 0.354588866
vt 0.72284925 0.357035607
vt 0.721387684 0.354588866
vt 0.720697999 0.357912093
vt 0.72284925 0.357035607
vt 0.028313566 0.251476437
vt 0.0306643583 0.256565332
vt 0.0301026143 0.252312779
vt 0.0441206917 0.737983108
vt 0.0423850045 0.738341093
vt 0.0428718105 0.740732551
vt 0.119579732 0.703975737
vt 0.118845642 0.703703582
vt 0.120440461 0.704392076
vt 0.135491282 0.868950486
vt 0.133827657 0.868815362
vt 0.134634256 0.8710711
vt 0.0216794163 0.332414955
vt 0.019707337 0.332266659
vt 0.0203379877 0.339081168
vt 0.175606519 0.863641679
vt 0.173024446 0.863226414
vt 0.175277725 0.865290046
vt 0.720287621 0.353984684
vt 0.719987452 0.354954332
vt 0.721387684 0.354588866
vt 0.0184899047 0.297533244
vt 0.0195129085 0.300495833
vt 0.0215098243 0.297086716
vt 0.0184899047 0.297533244
vt 0.0156781971 0.306346834
vt 0.0195129085 0.300495833
vt 0.019439349 0.31240949
vt 0.0195129085 0.300495833
vt 0.0156781971 0.306346834
vt 0.733605027 0.960612178
vt 0.733299851 0.957265735
vt 0.732051373 0.959541917
vt 0.733299851 0.957265735
vt 0.733605027 0.960612178
vt 0.734591782 0.957545817
vt 0.731622159 0.956840277
vt 0.732051373 0.959541917
vt 0.733299851 0.957265735
vt 0.0224527381 0.256621689
vt 0.0229124427 0.259551942
vt 0.0262629613 0.255490541
vt 0.671828568 0.933701396
vt 0.671175063 0.933733165
vt 0.671337485 0.937046826
vt 0.739766598 0.99090457
vt 0.740353882 0.98756212
vt 0.73863399 0.98924154
vt 0.692736864 0.99221468
vt 0.693573654 0.990138292
vt 0.692137659 0.988904059
vt 0.00624777377 0.345261782
vt 0.0077848779 0.341450214
vt 0.00507940352 0.341279835
vt 0.0986286104 0.334115744
vt 0.100114062 0.337464958
vt 0.100888215 0.331484079
vt 0.100888215 0.331484079
vt 0.0986244231 0.330795854
vt 0.0986286104 0.334115744
vt 0.693573654 0.990138292
vt 0.693260431 0.988685429
vt 0.692137659 0.988904059
vt 0.0187148601 0.313405126
vt 0.0211251155 0.319269568
vt 0.0208029896 0.312909275
vt 0.691289604 0.32841143
vt 0.691289604 0.330733031
vt 0.692052245 0.328802317
vt 0.0212481171 0.298563272
vt 0.0215098243 0.297086716
vt 0.0195129085 0.300495833
vt 0.0441206917 0.737983108
vt 0.0428718105 0.740732551
vt 0.0451622009 0.739629686
vt 0.0695263147 0.729789197
vt 0.0696025491 0.730299175
vt 0.0698489547 0.729651809
vt 0.120440051 0.701654196
vt 0.119113386 0.701818526
vt 0.1195575 0.702158391
vt 0.0186063573 0.734522223
vt 0.0189358573 0.735583484
vt 0.0188242774 0.734331071
vt 0.230075806 0.863282144
vt 0.232121974 0.865385115
vt 0.231816739 0.861303329
vt 0.353248388 0.69004643
vt 0.353875399 0.678346217
vt 0.351575911 0.683526099
vt 0.226165533 0.864214003
vt 0.223958284 0.865939736
vt 0.229656279 0.865175605
vt 0.229656279 0.865175605
vt 0.232121974 0.865385115
vt 0.230075806 0.863282144
vt 0.732779026 0.930560589
vt 0.734369516 0.931546867
vt 0.73450619 0.930271804
vt 0.734369516 0.931546867
vt 0.732779026 0.930560589
vt 0.733290434 0.93196249
vt 0.718587756 0.974073529
vt 0.718196809 0.974152505
vt 0.718584895 0.975098729
vt 0.736806333 0.977352858
vt 0.737538755 0.978237033
vt 0.738895833 0.976050198
vt 0.738895833 0.976050198
vt 0.737538755 0.978237033
vt 0.73846823 0.978531897
vt 0.726492524 0.940554619
vt 0.726621985 0.941875994
vt 0.72868526 0.941111445
vt 0.730092049 0.988246739
vt 0.729500532 0.989956677
vt 0.731262028 0.988259971
vt 0.742625177 0.885328531
vt 0.744138062 0.886982322
vt 0.743635237 0.885331511
vt 0.284690559 0.666853786
vt 0.282370448 0.668801665
vt 0.284307748 0.675210536
vt 0.358479381 0.703817666
vt 0.358563423 0.695916533
vt 0.356995314 0.703846514
vt 0.358196616 0.692750812
vt 0.356995314 0.703846514
vt 0.358563423 0.695916533
vt 0.30084759 0.704579711
vt 0.304128021 0.70945847
vt 0.3042261 0.70335114
vt 0.351567626 0.67770505
vt 0.351575911 0.683526099
vt 0.353875399 0.678346217
vt 0.334392786 0.668612897
vt 0.336246908 0.663021088
vt 0.3345716 0.662621856
vt 0.115989648 0.707422733
vt 0.115014352 0.708775997
vt 0.116879717 0.710128546
vt 0.044634521 0.745275915
vt 0.0452293828 0.745671451
vt 0.0440351814 0.744500637
vt 0.200372845 0.85482657
vt 0.198833138 0.854621232
vt 0.19960618 0.856781363
vt 0.171892673 0.864827871
vt 0.169470161 0.864730299
vt 0.17168057 0.866420031
vt 0.359818727 0.721351981
vt 0.360364735 0.719610155
vt 0.357768744 0.721029699
vt 0.736731529 0.954712689
vt 0.737134993 0.956167996
vt 0.73870331 0.957369089
vt 0.708240509 0.977787197
vt 0.708584726 0.980333209
vt 0.710225046 0.97872436
vt 0.74401772 0.917060971
vt 0.745352864 0.918403745
vt 0.744862318 0.916877866
vt 0.671879292 0.950122535
vt 0.671381116 0.950169742
vt 0.67146349 0.953351378
vt 0.745046735 0.901038051
vt 0.745586395 0.897857845
vt 0.744317353 0.898887038
vt 0.744509459 0.920251727
vt 0.745352864 0.918403745
vt 0.74401772 0.917060971
vt 0.353289545 0.635515928
vt 0.353442758 0.630970836
vt 0.35070473 0.627642453
vt 0.289132386 0.711693525
vt 0.291012734 0.721551359
vt 0.290953368 0.711420894
vt 0.275219858 0.659394801
vt 0.276505053 0.659926355
vt 0.277160496 0.653828025
vt 0.314170063 0.690374732
vt 0.314215332 0.683892012
vt 0.308131099 0.684219658
vt 0.358099878 0.719752431
vt 0.357768744 0.721029699
vt 0.360364735 0.719610155
vt 0.00621145777 0.740645111
vt 0.00789230876 0.740185082
vt 0.00669198111 0.738973558
vt 0.00671058707 0.737970054
vt 0.00721823983 0.737797916
vt 0.00586467469 0.737398446
vt 0.00782224815 0.737980604
vt 0.00669198111 0.738973558
vt 0.00810634904 0.738921583
vt 0.112214915 0.708462119
vt 0.112642564 0.709399402
vt 0.1125018 0.708141387
vt 0.148365453 0.0955691636
vt 0.148328707 0.0938370079
vt 0.147825226 0.0939520448
vt 0.181161046 0.111071765
vt 0.1823176 0.107464932
vt 0.180627346 0.106901519
vt 0.0902256966 0.642569959
vt 0.0884793997 0.643817484
vt 0.0921166837 0.64361608
vt 0.174040496 0.0302696526
vt 0.172708869 0.031817995
vt 0.175301731 0.0317896381
vt 0.720658243 0.940825582
vt 0.720658243 0.942308605
vt 0.722255647 0.942159176
vt 0.662759662 0.87820363
vt 0.66090709 0.87904942
vt 0.663156211 0.879059792
vt 0.166761503 0.00692238472
vt 0.161670551 0.00617977884
vt 0.162971094 0.0092486497
vt 0.0300553422 0.745766819
vt 0.0286129098 0.745683372
vt 0.0293233879 0.74750936
vt 0.140318885 0.0361138992
vt 0.137306377 0.0357359499
vt 0.137384117 0.0425988175
vt 0.0371019281 0.269458234
vt 0.0376516879 0.262604147
vt 0.0351988897 0.265261948
vt 0.67083621 0.902341604
vt 0.669420063 0.903615892
vt 0.671931684 0.902364552
vt 0.663156211 0.879059792
vt 0.665082097 0.878786325
vt 0.662759662 0.87820363
vt 0.172708869 0.031817995
vt 0.170760542 0.0384743772
vt 0.173879594 0.0387478918
vt 0.715217292 0.941391706
vt 0.714754641 0.942312837
vt 0.716331184 0.941525638
vt 0.661193967 0.979627311
vt 0.66113323 0.981882989
vt 0.662344038 0.981080353
vt 0.660074532 0.979629576
vt 0.659509003 0.981394529
vt 0.661193967 0.979627311
vt 0.0640543699 0.736540616
vt 0.0615003109 0.737366617
vt 0.063097626 0.738442063
vt 0.0355429649 0.731516302
vt 0.0358448029 0.733058274
vt 0.0373941213 0.731482983
vt 0.0623019114 0.74001354
vt 0.0647910237 0.740331113
vt 0.063097626 0.738442063
vt 0.0778298378 0.65154916
vt 0.0765023232 0.653423846
vt 0.0783743858 0.652868211
vt 0.0102847796 0.737770259
vt 0.0104141217 0.735807359
vt 0.00922019035 0.736569822
vt 0.063097626 0.738442063
vt 0.0647331476 0.737744868
vt 0.0640543699 0.736540616
vt 0.0778298378 0.65154916
vt 0.0765023232 0.651472628
vt 0.0765023232 0.653423846
vt 0.063097626 0.738442063
vt 0.0615003109 0.737366617
vt 0.0623019114 0.74001354
vt 0.662759662 0.87820363
vt 0.66352433 0.876744986
vt 0.662148118 0.876794696
vt 0.0345806554 0.27554968
vt 0.0351988897 0.265261948
vt 0.0331259444 0.264289349
vt 0.713389039 0.967191696
vt 0.714492381 0.967153132
vt 0.714322209 0.965571582
vt 0.175301731 0.0317896381
vt 0.176751718 0.0308993906
vt 0.174040496 0.0302696526
vt 0.660000801 0.891972184
vt 0.661073506 0.885121644
vt 0.659883976 0.884751201
vt 0.199271381 0.0844731927
vt 0.199326023 0.079797633
vt 0.197749063 0.080187887
vt 0.667609215 0.884394646
vt 0.666759253 0.884586096
vt 0.667667687 0.889498293
vt 0.170255408 0.0304344241
vt 0.170445979 0.0351838283
vt 0.172708869 0.031817995
vt 0.0296922475 0.282781988
vt 0.0314160734 0.282850236
vt 0.0311725885 0.277289122
vt 0.631379902 0.989736259
vt 0.630593956 0.989317358
vt 0.630635023 0.990557373
vt 0.240021437 0.868676066
vt 0.238450319 0.868720889
vt 0.239963517 0.871013403
vt 0.187731653 0.871719539
vt 0.189119011 0.869796753
vt 0.187241584 0.870345891
vt 0.724159479 0.992171168
vt 0.725678861 0.993338883
vt 0.725718915 0.992441952
vt 0.0481677838 0.318060815
vt 0.0499785095 0.316955358
vt 0.0487515405 0.316339552
vt 0.091811277 0.367253244
vt 0.0903228968 0.365705252
vt 0.0902577192 0.367292851
vt 0.0565137006 0.26633811
vt 0.0537325963 0.26765582
vt 0.0586098507 0.266757429
vt 0.0487515405 0.316339552
vt 0.0459769703 0.318405807
vt 0.0481677838 0.318060815
vt 0.651494086 0.992255032
vt 0.651494086 0.993560016
vt 0.652776718 0.992734671
vt 0.233441859 0.7569139
vt 0.234820828 0.757701337
vt 0.232439801 0.755817413
vt 0.234820828 0.757701337
vt 0.233441859 0.7569139
vt 0.233123004 0.758857131
vt 0.178824857 0.859729588
vt 0.182097107 0.86089617
vt 0.181543618 0.858697414
vt 0.19143036 0.778175473
vt 0.188829198 0.775878787
vt 0.188549638 0.777579904
vt 0.0300451666 0.340374976
vt 0.0287532359 0.340166539
vt 0.0293327514 0.345681965
vt 0.243561074 0.0179934949
vt 0.243738517 0.017441377
vt 0.24209249 0.0179758556
vt 0.0668694451 0.317320198
vt 0.0633755699 0.316344351
vt 0.0660417527 0.320177853
vt 0.0672918707 0.327546984
vt 0.0660417527 0.320177853
vt 0.0644473508 0.327634037
vt 0.715866566 0.987599313
vt 0.716202617 0.989096403
vt 0.717231035 0.987252951
vt 0.187731653 0.871719539
vt 0.189119011 0.871721447
vt 0.189119011 0.869796753
vt 0.743435502 0.957772374
vt 0.744879663 0.958974123
vt 0.744429529 0.957756698
vt 0.650127649 0.935466766
vt 0.64962709 0.93532604
vt 0.649695158 0.938200593
vt 0.709238231 0.992965698
vt 0.709584355 0.990072608
vt 0.708121181 0.991686344
vt 0.708729923 0.990104079
vt 0.708121181 0.991686344
vt 0.709584355 0.990072608
vt 0.74391377 0.960695267
vt 0.744879663 0.958974123
vt 0.743435502 0.957772374
vt 0.0383470803 0.3527641
vt 0.0383470803 0.351069838
vt 0.0376021415 0.351320535
vt 0.0961057469 0.262998104
vt 0.0969450623 0.265178055
vt 0.0978011042 0.263925165
vt 0.236955315 0.845581234
vt 0.236949965 0.847106934
vt 0.237972409 0.845799327
vt 0.136254296 0.856370211
vt 0.139250472 0.855947793
vt 0.135849088 0.854782462
vt 0.190433681 0.862037122
vt 0.19018732 0.858612418
vt 0.187437534 0.861903071
vt 0.233763754 0.863112807
vt 0.235678881 0.864739239
vt 0.235658169 0.861907125
vt 0.233763754 0.863112807
vt 0.233194977 0.864739239
vt 0.235678881 0.864739239
vt 0.109082341 0.742313564
vt 0.110032126 0.744749427
vt 0.109760851 0.741382122
vt 0.708725691 0.332252115
vt 0.709213853 0.337872982
vt 0.711910188 0.333328485
vt 0.0364615135 0.305981338
vt 0.0318856016 0.307433248
vt 0.0314432457 0.314327985
vt 0.0214112662 0.746941507
vt 0.0207979605 0.748016834
vt 0.0220137611 0.748016536
vt 0.740879536 0.949583352
vt 0.740741551 0.950900614
vt 0.742002308 0.95001334
vt 0.104856312 0.707693279
vt 0.103253007 0.707693279
vt 0.10483072 0.709732056
vt 0.112398744 0.677234232
vt 0.113752544 0.675429046
vt 0.111884594 0.675944626
vt 0.662809789 0.92767489
vt 0.663593173 0.926283121
vt 0.662084043 0.926246464
vt 0.714238524 0.975349486
vt 0.7138623 0.976689935
vt 0.715171635 0.975364983
vt 0.744870782 0.907520533
vt 0.746043921 0.909021437
vt 0.745696187 0.907560945
vt 0.0719734877 0.254631579
vt 0.0737463385 0.253634155
vt 0.0718132854 0.252690881
vt 0.0754259825 0.262207985
vt 0.0752746612 0.257959157
vt 0.0739112645 0.258318812
vt 0.0398418456 0.349333495
vt 0.0413926356 0.345198393
vt 0.0386477672 0.348041594
vt 0.103680328 0.273068011
vt 0.105302498 0.277338803
vt 0.105385073 0.272467792
vt 0.116846599 0.30990839
vt 0.116842464 0.307667881
vt 0.115153953 0.308040857
vt 0.0718132854 0.252690881
vt 0.0700333491 0.254493564
vt 0.0719734877 0.254631579
vt 0.110032126 0.744749427
vt 0.109082341 0.742313564
vt 0.108999729 0.744828165
vt 0.0677214265 0.742960632
vt 0.0677908063 0.742114484
vt 0.0665561706 0.743559182
vt 0.0888062418 0.737420321
vt 0.0872761011 0.737123668
vt 0.0876841545 0.739141643
vt 0.0272645932 0.735430717
vt 0.0285672974 0.738617241
vt 0.028964458 0.734267175
vt 0.0285672974 0.738617241
vt 0.0272645932 0.735430717
vt 0.027336238 0.738435686
vt 0.719216406 0.293248683
vt 0.720666289 0.287625432
vt 0.71795702 0.287741303
vt 0.669602931 0.98652935
vt 0.669602931 0.988055766
vt 0.670789242 0.986309409
vt 0.66987288 0.989312291
vt 0.670733809 0.989570081
vt 0.670789242 0.986309409
vt 0.112398744 0.677234232
vt 0.113752544 0.677371323
vt 0.113752544 0.675429046
vt 0.646574497 0.990644693
vt 0.646229863 0.989305139
vt 0.645236671 0.989353836
vt 0.698338509 0.959828973
vt 0.697815895 0.959880888
vt 0.697962761 0.962750435
vt 0.744458675 0.914840937
vt 0.744907439 0.911937535
vt 0.743340731 0.913571
vt 0.744025469 0.911923885
vt 0.743340731 0.913571
vt 0.744907439 0.911937535
vt 0.645581722 0.992260098
vt 0.646574497 0.990644693
vt 0.645236671 0.989353836
vt 0.05138335 0.327622086
vt 0.0525922924 0.333128363
vt 0.0523237325 0.327533066
vt 0.0732093602 0.367573231
vt 0.0745385438 0.367939562
vt 0.073468715 0.366032302
vt 0.0331777595 0.729326248
vt 0.0340786204 0.725577235
vt 0.0328847393 0.72583282
vt 0.721561491 0.925671697
vt 0.72127068 0.924574912
vt 0.720642626 0.925643742
vt 0.730832994 0.939696789
vt 0.731125176 0.938446403
vt 0.729998887 0.938289046
vt 0.0803903937 0.745918155
vt 0.0803434849 0.747755706
vt 0.0814279914 0.746541202
vt 0.0671236217 0.729345918
vt 0.0695081949 0.727724016
vt 0.0655551553 0.728144944
vt 0.0666128322 0.732890725
vt 0.0671236217 0.729345918
vt 0.0655551553 0.732547581
vt 0.08664608 0.73699367
vt 0.0841492414 0.740173757
vt 0.087007232 0.739457071
vt 0.356190145 0.852135539
vt 0.35710153 0.854004383
vt 0.356887519 0.851381958
vt 0.578045666 0.664596498
vt 0.576550186 0.664188564
vt 0.576947093 0.66992116
vt 0.744586647 0.961661816
vt 0.745026171 0.960724831
vt 0.743517399 0.961571157
vt 0.23234418 0.763265073
vt 0.233901471 0.763008237
vt 0.231954604 0.761039317
vt 0.24131152 0.833822012
vt 0.24271819 0.835689425
vt 0.24271819 0.83375597
vt 0.733002722 0.991624832
vt 0.733407259 0.993038118
vt 0.733751774 0.991609633
vt 0.706424475 0.990048349
vt 0.705917239 0.991606951
vt 0.70726645 0.990063548
vt 0.713728547 0.990155578
vt 0.714820027 0.991611838
vt 0.714437664 0.99011755
vt 0.571760535 0.690674305
vt 0.572127581 0.695120931
vt 0.57408905 0.690542936
vt 0.578045666 0.664596498
vt 0.580044746 0.664533138
vt 0.578766584 0.662769616
vt 0.541975617 0.702668428
vt 0.543319702 0.707596779
vt 0.543335438 0.703176737
vt 0.507362247 0.7134161
vt 0.508010805 0.709123969
vt 0.506876767 0.709228933
vt 0.580854118 0.725174904
vt 0.579357386 0.725208044
vt 0.579662681 0.727243364
vt 0.576947093 0.66992116
vt 0.57615608 0.673529923
vt 0.578712106 0.67369014
vt 0.35710153 0.854004383
vt 0.356190145 0.852135539
vt 0.356078684 0.854048371
vt 0.147820383 0.854608119
vt 0.146164805 0.854520023
vt 0.14686802 0.856386662
vt 0.239113837 0.8517434
vt 0.238080412 0.851960838
vt 0.239113837 0.853209496
vt 0.160234228 0.858057499
vt 0.162816972 0.861461878
vt 0.163109213 0.857107699
vt 0.162816972 0.861461878
vt 0.160234228 0.858057499
vt 0.159860432 0.861116052
vt 0.238080412 0.851960838
vt 0.23828128 0.853126705
vt 0.239113837 0.853209496
vt 0.620100021 0.639306009
vt 0.619345546 0.642074943
vt 0.620723128 0.641519666
vt 0.557854652 0.712292492
vt 0.558642387 0.70218569
vt 0.555863559 0.711481035
vt 0.728223085 0.992291868
vt 0.728340268 0.991451383
vt 0.727325857 0.991587043
vt 0.743517399 0.961571157
vt 0.745026171 0.96253407
vt 0.744586647 0.961661816
vt 0.24131152 0.833822012
vt 0.240846425 0.835175931
vt 0.24271819 0.835689425
vt 0.605963826 0.654329598
vt 0.604538023 0.654452085
vt 0.606315613 0.660171151
vt 0.716620684 0.91115576
vt 0.716290295 0.909816563
vt 0.715398967 0.90984416
vt 0.720722795 0.990249097
vt 0.720270097 0.990264773
vt 0.72076273 0.993139863
vt 0.743039846 0.975191832
vt 0.743737578 0.973453522
vt 0.742645741 0.973531723
vt 0.745629787 0.969595611
vt 0.745945156 0.971317351
vt 0.74632293 0.969164729
vt 0.72076273 0.993139863
vt 0.721562445 0.991482139
vt 0.720722795 0.990249097
vt 0.526634753 0.693922102
vt 0.527415693 0.696070373
vt 0.528120756 0.694079459
vt 0.589803278 0.677048922
vt 0.589841485 0.675452709
vt 0.588179827 0.676864147
vt 0.530182064 0.70407939
vt 0.529951096 0.700431466
vt 0.527745008 0.704298317
vt 0.746870816 0.983066618
vt 0.745546401 0.982870758
vt 0.746206999 0.984137058
vt 0.261910975 0.8513484
vt 0.26130724 0.854877889
vt 0.262497544 0.85466671
vt 0.353709549 0.760086656
vt 0.354113102 0.762665629
vt 0.354774296 0.760037303
vt 0.192131609 0.803842425
vt 0.192131609 0.805243433
vt 0.193167418 0.804083526
vt 0.213274181 0.804477632
vt 0.215825528 0.804541111
vt 0.212788373 0.802176237
vt 0.199529737 0.861138105
vt 0.198739454 0.85780406
vt 0.196585789 0.861583114
vt 0.137297198 0.861660123
vt 0.136300117 0.86391896
vt 0.139117539 0.863077819
vt 0.137297198 0.861660123
vt 0.135658294 0.861511767
vt 0.136300117 0.86391896
vt 0.193167418 0.804083526
vt 0.192131609 0.805243433
vt 0.19297263 0.805229425
vt 0.578712106 0.67369014
vt 0.578045666 0.664596498
vt 0.576947093 0.66992116
vt 0.576550186 0.664188564
vt 0.578045666 0.664596498
vt 0.578766584 0.662769616
vt 0.579662681 0.727243364
vt 0.579357386 0.725208044
vt 0.577718735 0.726388931
vt 0.528120756 0.694079459
vt 0.529951096 0.700431466
vt 0.530027628 0.694699407
vt 0.0215097759 0.349410415
vt 0.021700006 0.339112669
vt 0.0187143274 0.348998129
vt 0.709402323 0.279595584
vt 0.710528135 0.285518974
vt 0.712212563 0.273955107
vt 0.666881263 0.353078544
vt 0.667865992 0.343239903
vt 0.665675521 0.343129635
vt 0.744679809 0.876798749
vt 0.744335651 0.878132403
vt 0.745672762 0.876765549
vt 0.73696804 0.989927411
vt 0.738153934 0.991500497
vt 0.737807631 0.990032852
vt 0.0302160531 0.342567414
vt 0.0314776935 0.347090483
vt 0.0331457593 0.342643768
vt 0.0542462207 0.254887462
vt 0.0549897216 0.260272115
vt 0.0555826984 0.25562346
vt 0.0181857049 0.323166698
vt 0.0170187689 0.314458638
vt 0.0167572051 0.319165915
vt 0.0149256056 0.313340724
vt 0.0167572051 0.319165915
vt 0.0170187689 0.314458638
vt 0.708769619 0.987790763
vt 0.709464192 0.988788962
vt 0.709872127 0.987788618
vt 0.669580638 0.987484455
vt 0.668484449 0.98739934
vt 0.669341564 0.988955498
vt 0.0117429504 0.315095961
vt 0.0111653348 0.325505108
vt 0.0138656022 0.32334891
vt 0.743234456 0.916137397
vt 0.744825423 0.916810513
vt 0.74412334 0.915555358
vt 0.684568107 0.877040148
vt 0.685515523 0.878324091
vt 0.685977936 0.876735806
vt 0.646110535 0.340410143
vt 0.644009471 0.344219655
vt 0.644366622 0.350077033
vt 0.744308472 0.968575358
vt 0.744779587 0.96560967
vt 0.743191659 0.967258871
vt 0.743901491 0.96563524
vt 0.743191659 0.967258871
vt 0.744779587 0.96560967
vt 0.743302941 0.905656695
vt 0.74407953 0.903169513
vt 0.742915928 0.902626276
vt 0.0622474924 0.258512288
vt 0.0597392432 0.256281257
vt 0.0622235164 0.263199449
vt 0.106797367 0.332639962
vt 0.107931249 0.33821106
vt 0.10769289 0.33251977
vt 0.0591146499 0.366840929
vt 0.0591742061 0.364970356
vt 0.0574662238 0.366672665
vt 0.708769619 0.987790763
vt 0.708654523 0.98886317
vt 0.709464192 0.988788962
vt 0.732557833 0.968943775
vt 0.732557833 0.967552006
vt 0.731382132 0.968348145
vt 0.747071147 0.980068147
vt 0.745957017 0.979944587
vt 0.746999979 0.981447279
vt 0.0139301494 0.697525144
vt 0.015028513 0.698131263
vt 0.0150261782 0.696947575
vt 0.104727626 0.663476765
vt 0.103267491 0.665282905
vt 0.105142295 0.664720714
vt 0.0501794815 0.719370484
vt 0.0512044951 0.721982002
vt 0.0512366295 0.719238222
vt 0.115820289 0.731130898
vt 0.116534285 0.733376443
vt 0.115330189 0.729456067
vt 0.116534285 0.733376443
vt 0.115820289 0.731130898
vt 0.114970684 0.732883155
vt 0.112722352 0.743279696
vt 0.113190591 0.740193546
vt 0.110435843 0.740193546
vt 0.0807461143 0.680180967
vt 0.0808067918 0.678465784
vt 0.0799167752 0.678624213
vt 0.0513455421 0.746931434
vt 0.0531075001 0.747402728
vt 0.0531075001 0.745400488
vt 0.104727626 0.663476765
vt 0.103267491 0.663335979
vt 0.103267491 0.665282905
vt 0.0501528382 0.723025262
vt 0.0502108932 0.725681961
vt 0.0512093268 0.723119676
vt 0.0331017338 0.739690602
vt 0.0341010839 0.74215728
vt 0.034175396 0.739681423
vt 0.0946266428 0.737220883
vt 0.094530046 0.739842594
vt 0.0973700285 0.737635672
vt 0.143360376 0.766858697
vt 0.145953596 0.780113935
vt 0.146201804 0.768943012
vt 0.12864846 0.771841466
vt 0.12796706 0.78417027
vt 0.131504804 0.77150023
vt 0.12796706 0.78417027
vt 0.12864846 0.771841466
vt 0.126961783 0.784110487
vt 0.198606193 0.0333815925
vt 0.198679373 0.0280576199
vt 0.196389928 0.0281148981
vt 0.14902547 0.00701046502
vt 0.145895705 0.00621281657
vt 0.147149801 0.0124595594
vt 0.239149854 0.0747429579
vt 0.237872764 0.0759714097
vt 0.239956111 0.075955458
vt 0.137312993 0.00903008319
vt 0.134016082 0.0110229114
vt 0.133511022 0.0163412057
vt 0.14902547 0.00701046502
vt 0.147882894 0.00448743068
vt 0.146417186 0.00442467723
vt 0.72968787 0.984797359
vt 0.729609311 0.988170326
vt 0.731312871 0.987555146
vt 0.149795279 0.013125048
vt 0.14902547 0.00701046502
vt 0.147149801 0.0124595594
vt 0.198606193 0.0333815925
vt 0.196389928 0.0281148981
vt 0.196213529 0.0343434066
vt 0.13644734 0.00738317659
vt 0.136069164 0.00767068658
vt 0.138266757 0.00807159021
vt 0.248776585 0.0380347744
vt 0.247735187 0.0370184034
vt 0.24788408 0.0382500142
vt 0.0805672407 0.694372714
vt 0.0786960125 0.695664942
vt 0.0826480091 0.695507526
vt 0.0787369013 0.694194019
vt 0.0786960125 0.695664942
vt 0.0805672407 0.694372714
vt 0.0728668571 0.679218113
vt 0.0726751685 0.677712858
vt 0.0710010529 0.677903712
vt 0.109679505 0.630467415
vt 0.108970523 0.633788645
vt 0.11062476 0.633951247
vt 0.11889828 0.695743203
vt 0.118191957 0.698669016
vt 0.120089881 0.697694659
vt 0.119569711 0.63598001
vt 0.117622495 0.635260284
vt 0.118309438 0.636685789
vt 0.744468987 0.969565034
vt 0.744088948 0.970683694
vt 0.745574474 0.969622135
vt 0.744737625 0.98949492
vt 0.743076682 0.988046765
vt 0.743727863 0.989489257
vt 0.134016082 0.0110229114
vt 0.135049686 0.00852523837
vt 0.131031454 0.00850296486
vt 0.130804047 0.0103252986
vt 0.134016082 0.0110229114
vt 0.131031454 0.00850296486
vt 0.672696173 0.994441509
vt 0.673226953 0.992873967
vt 0.672095895 0.993206918
vt 0.638625145 0.920255482
vt 0.638625145 0.92468971
vt 0.63940233 0.924737155
vt 0.737854362 0.925313354
vt 0.736406684 0.924380839
vt 0.736508727 0.92634517
vt 0.140257508 0.768775165
vt 0.143801853 0.780564129
vt 0.143360376 0.766858697
vt 0.143801853 0.780564129
vt 0.140257508 0.768775165
vt 0.142353579 0.780766904
vt 0.171845064 0.0526656322
vt 0.169467732 0.0528415889
vt 0.169429243 0.0583008192
vt 0.138594285 0.0171882771
vt 0.139779299 0.0095312614
vt 0.137312993 0.00903008319
vt 0.142965242 0.00895650871
vt 0.145895705 0.00621281657
vt 0.144310102 0.00475333724
vt 0.74493432 0.991256356
vt 0.742793322 0.990948498
vt 0.743682444 0.992512822
vt 0.147149801 0.0124595594
vt 0.142965242 0.00895650871
vt 0.144078717 0.0140161971
vt 0.217556685 0.108094685
vt 0.216943428 0.108739063
vt 0.217952535 0.108605132
vt 0.138231382 0.00764332805
vt 0.13644734 0.00738317659
vt 0.138266757 0.00807159021
vt 0.226116285 0.0375392884
vt 0.226089939 0.0359169692
vt 0.225189433 0.0364492908
vt 0.121814609 0.695878327
vt 0.120248914 0.69574517
vt 0.121012509 0.697917581
vt 0.710454822 0.940514088
vt 0.710337341 0.939647257
vt 0.708886266 0.940230966
vt 0.0434129238 0.704108298
vt 0.0453618169 0.702757895
vt 0.0435122848 0.702603281
vt 0.109679505 0.630467415
vt 0.107406735 0.632678628
vt 0.108970523 0.633788645
vt 0.107397452 0.630815446
vt 0.107406735 0.632678628
vt 0.109679505 0.630467415
vt 0.0111172777 0.745365083
vt 0.0111532789 0.743184924
vt 0.00929180626 0.744224131
vt 0.0356467627 0.745459259
vt 0.0361170359 0.743860483
vt 0.0344283693 0.743706346
vt 0.69776839 0.978488445
vt 0.698327363 0.976479113
vt 0.696566403 0.978124142
vt 0.15663217 0.0933874473
vt 0.158575356 0.0936324522
vt 0.158694133 0.0921952575
vt 0.139779299 0.0095312614
vt 0.139613792 0.0131669501
vt 0.141119763 0.0130187133
vt 0.7351982 0.895347238
vt 0.736261785 0.885367453
vt 0.735083938 0.885788739
vt 0.204378992 0.76690495
vt 0.202375472 0.768960714
vt 0.205945373 0.768725157
vt 0.189710617 0.804844439
vt 0.18850024 0.792066872
vt 0.188461185 0.804500163
vt 0.425893158 0.532135427
vt 0.426368803 0.529310107
vt 0.423897356 0.529817104
vt 0.1856969 0.792271376
vt 0.188461185 0.804500163
vt 0.18850024 0.792066872
vt 0.203037187 0.755846381
vt 0.202375472 0.768960714
vt 0.204378992 0.76690495
vt 0.219685182 0.775726318
vt 0.220153719 0.767346203
vt 0.217818215 0.773822129
vt 0.734698772 0.951682508
vt 0.7336514 0.94934088
vt 0.734229386 0.953502297
vt 0.421078116 0.526460409
vt 0.4183155 0.526351333
vt 0.419235855 0.528249025
vt 0.41896078 0.53389436
vt 0.420919389 0.534641683
vt 0.419235855 0.528249025
vt 0.129285246 0.856948733
vt 0.13074705 0.856802881
vt 0.130043894 0.855419695
vt 0.433279663 0.533485711
vt 0.433251679 0.525975227
vt 0.431447148 0.532917798
vt 0.679219723 0.902309179
vt 0.678085208 0.903388202
vt 0.680322647 0.903032303
vt 0.433251679 0.525975227
vt 0.433279663 0.533485711
vt 0.435507238 0.527450562
vt 0.433555394 0.524495363
vt 0.431699544 0.527287245
vt 0.433251679 0.525975227
vt 0.703055859 0.899086595
vt 0.702604353 0.899916708
vt 0.70425266 0.899255395
vt 0.723228872 0.978661656
vt 0.721833229 0.979769409
vt 0.724211454 0.979259789
vt 0.0996925831 0.730575621
vt 0.10150376 0.732115507
vt 0.0989146829 0.728430331
vt 0.0996925831 0.730575621
vt 0.0989991426 0.732090294
vt 0.10150376 0.732115507
vt 0.112191975 0.715963662
vt 0.114968836 0.7156443
vt 0.1131607 0.713449478
vt 0.0841608047 0.680325806
vt 0.0826773047 0.678391874
vt 0.0826773047 0.680438697
vt 0.106780827 0.678665698
vt 0.106476724 0.676722705
vt 0.105105177 0.677885771
vt 0.114968836 0.712884605
vt 0.114581585 0.711152136
vt 0.1131607 0.713449478
vt 0.050945472 0.737434626
vt 0.0477842689 0.736432493
vt 0.0500095487 0.739759624
vt 0.0841608047 0.680325806
vt 0.0846378207 0.678952277
vt 0.0826773047 0.678391874
vt 0.0641309023 0.736461103
vt 0.0648642182 0.73389405
vt 0.0616269 0.734203994
vt 0.203037187 0.755846381
vt 0.2018843 0.760369658
vt 0.202375472 0.768960714
vt 0.39648211 0.608241558
vt 0.398737103 0.609373629
vt 0.399030417 0.60862416
vt 0.476209313 0.550219059
vt 0.475945085 0.548453629
vt 0.474577516 0.549256742
vt 0.473430067 0.568163514
vt 0.473070532 0.568883777
vt 0.474713296 0.567088008
vt 0.681238234 0.906372011
vt 0.681442857 0.907469511
vt 0.683947504 0.904537201
vt 0.679569602 0.975537181
vt 0.678358734 0.975440562
vt 0.680275202 0.980164349
vt 0.411296576 0.52827549
vt 0.411766022 0.53064549
vt 0.412908614 0.530394375
vt 0.206184641 0.112069845
vt 0.204617068 0.11070846
vt 0.206007019 0.114794672
vt 0.529162765 0.731567502
vt 0.52883184 0.725608289
vt 0.526195288 0.731174111
vt 0.576769233 0.721204817
vt 0.576045394 0.727376163
vt 0.577584743 0.727160573
vt 0.159736499 0.0667813867
vt 0.158441827 0.0642903298
vt 0.15769951 0.0656708106
vt 0.206184641 0.112069845
vt 0.207228228 0.11070846
vt 0.204617068 0.11070846
vt 0.744523525 0.940345109
vt 0.74487257 0.939056158
vt 0.743461609 0.94086051
vt 0.15412119 0.805449605
vt 0.151817471 0.806052744
vt 0.155211046 0.809930384
vt 0.229685694 0.812392533
vt 0.228660613 0.81092304
vt 0.2293019 0.81501621
vt 0.19921121 0.865277886
vt 0.198749512 0.869357109
vt 0.200350255 0.869005442
vt 0.193422437 0.805243134
vt 0.187889129 0.805877268
vt 0.188168496 0.808105886
vt 0.742542505 0.990560949
vt 0.741312265 0.988888264
vt 0.741607785 0.990235627
vt 0.2402201 0.785623312
vt 0.23855719 0.789316833
vt 0.240141422 0.788949013
vt 0.181169122 0.829153121
vt 0.185329542 0.821502924
vt 0.178577572 0.826734662
vt 0.71836853 0.923485994
vt 0.718382239 0.924551189
vt 0.718754292 0.923469007
vt 0.509930968 0.860878468
vt 0.511867404 0.860103965
vt 0.510647058 0.858377337
vt 0.560390532 0.844976902
vt 0.560662985 0.846020222
vt 0.561102092 0.845363736
vt 0.605950117 0.728561819
vt 0.604725838 0.734695137
vt 0.604856491 0.734385788
vt 0.248376116 0.086370334
vt 0.247007057 0.0864623636
vt 0.24761492 0.0884435326
vt 0.604856491 0.734385788
vt 0.606716812 0.734945536
vt 0.605950117 0.728561819
vt 0.165845022 0.0864536613
vt 0.165814623 0.083734259
vt 0.164481193 0.0846814811
vt 0.734901071 0.978746593
vt 0.735479116 0.978941917
vt 0.736320257 0.976350784
vt 0.74440217 0.936526179
vt 0.74487263 0.940108478
vt 0.746096075 0.938992202
vt 0.745664716 0.940253079
vt 0.746096075 0.938992202
vt 0.74487263 0.940108478
vt 0.706692278 0.978769422
vt 0.706066787 0.980849862
vt 0.70749563 0.982027531
vt 0.205079243 0.860248089
vt 0.204154223 0.862743139
vt 0.204118639 0.863527656
vt 0.193658844 0.80792135
vt 0.195503443 0.807139099
vt 0.193422437 0.805243134
vt 0.181099623 0.820368767
vt 0.179192632 0.822648644
vt 0.185329542 0.821502924
vt 0.23987712 0.85111165
vt 0.241280526 0.851427555
vt 0.240779161 0.847340345
vt 0.193422437 0.805243134
vt 0.188168496 0.808105886
vt 0.193658844 0.80792135
vt 0.156974435 0.819126785
vt 0.155935317 0.827743828
vt 0.156625673 0.82552588
vt 0.70749563 0.982027531
vt 0.706066787 0.980849862
vt 0.7063151 0.982063591
vt 0.18428874 0.820488095
vt 0.181925535 0.818204105
vt 0.185329542 0.821502924
vt 0.668149948 0.982689977
vt 0.666980207 0.981742144
vt 0.66636312 0.982102096
vt 0.668149948 0.982689977
vt 0.66636312 0.982102096
vt 0.666489542 0.983860373
vt 0.736651838 0.938274801
vt 0.736222029 0.936719775
vt 0.734777272 0.937638879
vt 0.735303402 0.974372983
vt 0.735936165 0.975377977
vt 0.735936165 0.974291861
vt 0.660173655 0.99528867
vt 0.660173655 0.994779527
vt 0.659871101 0.995256126
vt 0.524539888 0.859157026
vt 0.522336066 0.858924627
vt 0.523405075 0.860248923
vt 0.524539888 0.859157026
vt 0.524637938 0.857826233
vt 0.522336066 0.858924627
vt 0.509930968 0.860878468
vt 0.510647058 0.858377337
vt 0.509011984 0.859150887
vt 0.551601529 0.84366715
vt 0.551895738 0.843888402
vt 0.551461339 0.842204273
vt 0.529453814 0.867580771
vt 0.529453814 0.867149234
vt 0.529105663 0.867283583
vt 0.116058163 0.644500315
vt 0.116167903 0.639002919
vt 0.115122482 0.639055252
vt 0.0182068329 0.725139439
vt 0.0169183277 0.724782467
vt 0.0169310365 0.729415238
vt 0.396749496 0.719716668
vt 0.396467924 0.722165465
vt 0.39689821 0.722113132
vt 0.0121133905 0.745237887
vt 0.0121133905 0.743577182
vt 0.0116199832 0.745215714
vt 0.0418494344 0.712734163
vt 0.0418494344 0.715792954
vt 0.0423774719 0.715791166
vt 0.119274154 0.671180487
vt 0.119133055 0.670242786
vt 0.118113175 0.674198568
vt 0.0164356213 0.748087108
vt 0.0173144098 0.748131871
vt 0.0168627035 0.746406972
vt 0.102269113 0.732404292
vt 0.101658762 0.732259929
vt 0.101893477 0.733391047
vt 0.0568514317 0.719233572
vt 0.0559517518 0.719238102
vt 0.0564010143 0.722823918
vt 0.0216886383 0.736552
vt 0.0225883108 0.736551225
vt 0.0221387427 0.733074605
vt 0.972961605 0.0582104214
vt 0.97242099 0.0595906377
vt 0.973292112 0.0590921305
vt 0.972961605 0.0582104214
vt 0.972023845 0.058603093
vt 0.97242099 0.0595906377
vt 0.475345284 0.591684699
vt 0.475345284 0.593514264
vt 0.476811141 0.592783272
vt 0.466088623 0.544530988
vt 0.467653006 0.545433581
vt 0.467653006 0.543830037
vt 0.470337212 0.645350337
vt 0.470559895 0.64601326
vt 0.470559895 0.645375252
vt 0.283580303 0.743874967
vt 0.284210742 0.744799316
vt 0.284562945 0.74383527
vt 0.122322574 0.632727087
vt 0.121518433 0.632721603
vt 0.121760465 0.635020494
vt 0.0355096459 0.748036206
vt 0.0355362371 0.745885611
vt 0.034580946 0.747994065
vt 0.122322574 0.632727087
vt 0.121760465 0.635020494
vt 0.122707531 0.635013998
vt 0.598885238 0.719817281
vt 0.596992731 0.713268757
vt 0.596550822 0.719911039
vt 0.0637803003 0.742098689
vt 0.0617722683 0.740350723
vt 0.0615000725 0.74380666
vt 0.113993168 0.744613349
vt 0.114808246 0.74661839
vt 0.115580618 0.744428694
vt 0.704054117 0.979604483
vt 0.705163538 0.982923627
vt 0.705582798 0.981632054
vt 0.703537524 0.982964039
vt 0.705163538 0.982923627
vt 0.704054117 0.979604483
vt 0.513909161 0.691241086
vt 0.513936877 0.688711345
vt 0.512816012 0.688532352
vt 0.667035401 0.932784319
vt 0.667520106 0.935890257
vt 0.667606831 0.932714939
vt 0.743733406 0.910816371
vt 0.744511485 0.909170568
vt 0.743153989 0.907531321
vt 0.657851219 0.992936909
vt 0.658438861 0.989705205
vt 0.656998634 0.991119325
vt 0.596268117 0.727199137
vt 0.593907118 0.722821057
vt 0.594592094 0.727592468
vt 0.570691168 0.732595086
vt 0.568672419 0.733274579
vt 0.571208954 0.73425889
vt 0.17329511 0.869007349
vt 0.173837841 0.868807256
vt 0.173040301 0.867550254
vt 0.173040301 0.867550254
vt 0.173837841 0.868807256
vt 0.175366014 0.867686272
vt 0.221211821 0.86501956
vt 0.221012086 0.862708569
vt 0.219626278 0.862782001
vt 0.236004397 0.811278999
vt 0.235285729 0.81148994
vt 0.236492008 0.812141955
vt 0.236492008 0.812141955
vt 0.236394808 0.813347578
vt 0.236004397 0.811278999
vt 0.139401466 0.869387269
vt 0.139661804 0.868781507
vt 0.138959438 0.868528664
vt 0.114244163 0.725129068
vt 0.115894198 0.727059364
vt 0.116394281 0.723080218
vt 0.588862658 0.683818579
vt 0.586072206 0.690215588
vt 0.588490129 0.69055742
vt 0.0658644661 0.740395188
vt 0.0677128583 0.73922044
vt 0.0655555129 0.737620771
vt 0.113917276 0.723195076
vt 0.114244163 0.725129068
vt 0.116394281 0.723080218
vt 0.510614455 0.695332348
vt 0.507546484 0.689406037
vt 0.504759133 0.695484042
vt 0.578101933 0.662026763
vt 0.580502808 0.661877096
vt 0.580030084 0.650964141
vt 0.687911153 0.975328445
vt 0.686234236 0.974519372
vt 0.68598479 0.975890756
vt 0.737870932 0.940374434
vt 0.738760471 0.941586614
vt 0.738812566 0.940175653
vt 0.737609386 0.937978089
vt 0.737870932 0.940374434
vt 0.738812566 0.940175653
vt 0.56951052 0.72949326
vt 0.57080102 0.729542613
vt 0.568600893 0.728839397
vt 0.559900224 0.71983695
vt 0.559707642 0.713210404
vt 0.559277833 0.71634829
vt 0.609949589 0.683662355
vt 0.611074269 0.679229677
vt 0.609499693 0.677570343
vt 0.704936445 0.98852092
vt 0.70395571 0.988473237
vt 0.703352571 0.990255952
vt 0.726330578 0.33794421
vt 0.726601481 0.341523856
vt 0.72822088 0.337844461
vt 0.2311804 0.76127708
vt 0.229254097 0.760402322
vt 0.229536831 0.762292504
vt 0.221211821 0.86501956
vt 0.219626278 0.862782001
vt 0.219571814 0.865070879
vt 0.230741829 0.763259828
vt 0.230284184 0.762234151
vt 0.229536831 0.762292504
vt 0.234073609 0.775753617
vt 0.234547049 0.775385559
vt 0.234073609 0.774954557
vt 0.142400816 0.864345431
vt 0.14030163 0.862288356
vt 0.14001742 0.866349041
vt 0.171302885 0.868498027
vt 0.172141626 0.870604217
vt 0.172970682 0.868328094
vt 0.722820282 0.353978246
vt 0.721387684 0.354588866
vt 0.723156691 0.354930371
vt 0.737673342 0.917004406
vt 0.737842202 0.920469284
vt 0.738560796 0.919477582
vt 0.736165345 0.920312226
vt 0.737842202 0.920469284
vt 0.737673342 0.917004406
vt 0.671219349 0.930354059
vt 0.671775818 0.933599591
vt 0.671882391 0.930231869
vt 0.694437683 0.991402745
vt 0.695559502 0.989880204
vt 0.693885922 0.988036454
vt 0.743889928 0.978756666
vt 0.744544744 0.975399971
vt 0.742955565 0.976843059
vt 0.0262629613 0.255490541
vt 0.0273147225 0.262069345
vt 0.028313566 0.251476437
vt 0.115471214 0.735688925
vt 0.11631114 0.735158801
vt 0.115333542 0.733873606
vt 0.115333542 0.733873606
vt 0.11631114 0.735158801
vt 0.11768128 0.734004021
vt 0.0766247362 0.740302622
vt 0.0776087046 0.738089263
vt 0.0763604194 0.737366796
vt 0.0207042359 0.733255684
vt 0.0200746637 0.733667195
vt 0.0213847738 0.733991206
vt 0.114971101 0.734438717
vt 0.115471214 0.735688925
vt 0.115333542 0.733873606
vt 0.119118571 0.703082025
vt 0.118845642 0.703703582
vt 0.119579732 0.703975737
vt 0.193413377 0.863998055
vt 0.191559225 0.861546874
vt 0.191268951 0.865960062
vt 0.0211251155 0.319269568
vt 0.0187148601 0.326159865
vt 0.0211793333 0.326329738
vt 0.173345119 0.867057204
vt 0.175277725 0.865290046
vt 0.173024446 0.863226414
vt 0.193848759 0.865825057
vt 0.193413377 0.863998055
vt 0.191268951 0.865960062
vt 0.019439349 0.31240949
vt 0.0156781971 0.306346834
vt 0.0123464558 0.312839687
vt 0.0229124427 0.259551942
vt 0.0244720895 0.263041586
vt 0.0262629613 0.255490541
vt 0.733605027 0.960612178
vt 0.732051373 0.959541917
vt 0.731931567 0.960346818
vt 0.725108325 0.93989563
vt 0.725100577 0.940983772
vt 0.726284444 0.941342413
vt 0.677318692 0.983453989
vt 0.677299142 0.984598756
vt 0.678150833 0.98336798
vt 0.677553892 0.980914593
vt 0.677318692 0.983453989
vt 0.678150833 0.98336798
vt 0.724868774 0.336934149
vt 0.725822449 0.337844461
vt 0.726446271 0.336993188
vt 0.00520398328 0.333496898
vt 0.0054019196 0.340424955
vt 0.00585253537 0.337146848
vt 0.022711806 0.263018668
vt 0.0237781554 0.258440286
vt 0.0224527381 0.256621689
vt 0.740353882 0.98756212
vt 0.739387274 0.98743248
vt 0.73863399 0.98924154
vt 0.0965126157 0.741752505
vt 0.0944994092 0.740568697
vt 0.0947079584 0.742589474
vt 0.0766247362 0.740302622
vt 0.0763604194 0.737366796
vt 0.0751343817 0.739400089
vt 0.0696667805 0.721648633
vt 0.0699192882 0.720621049
vt 0.0695086122 0.720332444
vt 0.108811915 0.649463832
vt 0.109311081 0.649082184
vt 0.108811915 0.648627579
vt 0.336246908 0.675378025
vt 0.334392786 0.668612897
vt 0.334339678 0.675470591
vt 0.226165533 0.864214003
vt 0.22422944 0.862720728
vt 0.223958284 0.865939736
vt 0.241968244 0.822946846
vt 0.242751062 0.824972868
vt 0.243531138 0.822801054
vt 0.644247591 0.993297815
vt 0.643801212 0.991357327
vt 0.642743468 0.99272275
vt 0.737231255 0.979481816
vt 0.73846823 0.978531897
vt 0.737538755 0.978237033
vt 0.733188987 0.927753389
vt 0.732779026 0.930560589
vt 0.734547317 0.927772999
vt 0.296517909 0.700954139
vt 0.296991587 0.698432386
vt 0.29624939 0.698045492
vt 0.308264047 0.67832309
vt 0.307347238 0.680235863
vt 0.31080687 0.677958906
vt 0.359862924 0.724353611
vt 0.358545542 0.724320292
vt 0.357765377 0.725220799
vt 0.667050481 0.929518282
vt 0.667508066 0.932661772
vt 0.667604506 0.929381609
vt 0.743016601 0.888530254
vt 0.744138062 0.886982322
vt 0.742625177 0.885328531
vt 0.730791569 0.991476417
vt 0.731262028 0.988259971
vt 0.729500532 0.989956677
vt 0.284307748 0.675210536
vt 0.282370448 0.668801665
vt 0.282278597 0.675369561
vt 0.718644261 0.889144838
vt 0.719347179 0.889140368
vt 0.718715012 0.888451576
vt 0.33875826 0.718834221
vt 0.336599052 0.718160272
vt 0.337116241 0.721059859
vt 0.359862924 0.724353611
vt 0.357765377 0.725220799
vt 0.360328913 0.726059914
vt 0.0304238629 0.741838753
vt 0.0315331221 0.741799414
vt 0.0309229884 0.740276098
vt 0.0309229884 0.740276098
vt 0.0315331221 0.741799414
vt 0.0330566168 0.74092406
vt 0.0976874381 0.678994298
vt 0.0997266769 0.680429399
vt 0.100579441 0.679339409
vt 0.113806397 0.706864476
vt 0.11367321 0.707426012
vt 0.114825904 0.707715452
vt 0.0304480176 0.740645945
vt 0.0304238629 0.741838753
vt 0.0309229884 0.740276098
vt 0.0447188616 0.746242225
vt 0.0452293828 0.745671451
vt 0.044634521 0.745275915
vt 0.23678118 0.791624784
vt 0.238578707 0.793809414
vt 0.238852829 0.789828837
vt 0.346414149 0.690330803
vt 0.348849922 0.69037807
vt 0.347198486 0.683813572
vt 0.169742584 0.868290663
vt 0.17168057 0.866420031
vt 0.169470161 0.864730299
vt 0.279186577 0.671226501
vt 0.276494354 0.677832007
vt 0.278811753 0.678091466
vt 0.236452669 0.790020108
vt 0.23678118 0.791624784
vt 0.238852829 0.789828837
vt 0.314170063 0.690374732
vt 0.308131099 0.684219658
vt 0.307886034 0.690698624
vt 0.277160496 0.653828025
vt 0.276591182 0.66473794
vt 0.278910428 0.653221548
vt 0.736731529 0.954712689
vt 0.73870331 0.957369089
vt 0.737902939 0.953997374
vt 0.710225046 0.97872436
vt 0.709507227 0.981976986
vt 0.710602343 0.981726706
vt 0.708240509 0.977787197
vt 0.70785284 0.980317712
vt 0.708584726 0.980333209
vt 0.211034581 0.10894607
vt 0.209957242 0.108608685
vt 0.210871801 0.109408423
vt 0.307347238 0.680235863
vt 0.313763291 0.679455578
vt 0.31080687 0.677958906
vt 0.295685291 0.720550239
vt 0.295753121 0.71404779
vt 0.295090675 0.717170596
vt 0.291012734 0.721551359
vt 0.289132386 0.711693525
vt 0.289315283 0.721760988
vt 0.745586395 0.897857845
vt 0.744838178 0.897741795
vt 0.744317353 0.898887038
vt 0.304658264 0.696670115
vt 0.306132376 0.690887094
vt 0.30331701 0.690832198
vt 0.276591182 0.66473794
vt 0.276494354 0.677832007
vt 0.279186577 0.671226501
vt 0.197797224 0.118581519
vt 0.198504791 0.120466746
vt 0.199371979 0.118449725
vt 0.00586467469 0.737398446
vt 0.00488298945 0.739412725
vt 0.00669198111 0.738973558
vt 0.0976874381 0.678994298
vt 0.100579441 0.679339409
vt 0.0987662524 0.677738309
vt 0.0697106272 0.724253595
vt 0.0699192882 0.723283231
vt 0.069527328 0.722970665
vt 0.0509189367 0.733193338
vt 0.0513130501 0.732783198
vt 0.0509189367 0.732421339
vt 0.0458666869 0.299583405
vt 0.0448306277 0.293930322
vt 0.0447328836 0.299853712
vt 0.0766097307 0.702215016
vt 0.0751894563 0.703227878
vt 0.0783802867 0.703514397
vt 0.121096015 0.679988205
vt 0.121777043 0.681720853
vt 0.122523546 0.679881632
vt 0.0846856833 0.252855659
vt 0.0874567032 0.256692559
vt 0.0881087929 0.251201123
vt 0.0744355023 0.310910851
vt 0.0727364793 0.322038531
vt 0.0740806013 0.322238535
vt 0.042689234 0.293818802
vt 0.0411585718 0.29963547
vt 0.0423374921 0.299800187
vt 0.0726441666 0.309347212
vt 0.0727364793 0.322038531
vt 0.0744355023 0.310910851
vt 0.089238584 0.708182991
vt 0.0872972906 0.709183216
vt 0.0910091996 0.709390819
vt 0.014388687 0.684924603
vt 0.0129283648 0.683944762
vt 0.0110596996 0.685246527
vt 0.167477652 0.0136236753
vt 0.166761503 0.00692238472
vt 0.165193409 0.0145372152
vt 0.00736673176 0.303964585
vt 0.00878715795 0.304018438
vt 0.00823225081 0.298288554
vt 0.172708869 0.031817995
vt 0.174040496 0.0302696526
vt 0.170255408 0.0304344241
vt 0.137384117 0.0425988175
vt 0.139693379 0.0428678989
vt 0.140318885 0.0361138992
vt 0.715030849 0.940548599
vt 0.715217292 0.941391706
vt 0.716331184 0.941525638
vt 0.632871807 0.990315914
vt 0.632141113 0.989309311
vt 0.631379545 0.991241038
vt 0.112339199 0.693849742
vt 0.111796468 0.692025363
vt 0.109476507 0.693002522
vt 0.110581115 0.695278943
vt 0.112339199 0.693849742
vt 0.109476507 0.693002522
vt 0.695740521 0.965501666
vt 0.697533548 0.958412886
vt 0.694715619 0.964588106
vt 0.222509205 0.0663153753
vt 0.224148914 0.0672380179
vt 0.22434108 0.0662552565
vt 0.161567971 0.0107621411
vt 0.162971094 0.0092486497
vt 0.161670551 0.00617977884
vt 0.213315904 0.084722355
vt 0.214503989 0.0862765759
vt 0.216755912 0.082454659
vt 0.224599347 0.0280298814
vt 0.226183131 0.024627164
vt 0.223240599 0.0244899243
vt 0.639058471 0.955693722
vt 0.637545764 0.950315058
vt 0.638128996 0.957188904
vt 0.668290496 0.913863301
vt 0.668697953 0.909362316
vt 0.667666852 0.908837438
vt 0.169332609 0.0349417776
vt 0.170445979 0.0351838283
vt 0.170255408 0.0304344241
vt 0.166761503 0.00692238472
vt 0.169250771 0.0103078345
vt 0.167875811 0.00580842141
vt 0.139360175 0.0716063827
vt 0.139242783 0.0761935562
vt 0.140927941 0.0715993494
vt 0.640976906 0.963042676
vt 0.639444113 0.963281751
vt 0.642140448 0.963560104
vt 0.0272726305 0.334308296
vt 0.0297091734 0.328311265
vt 0.0263930708 0.327918679
vt 0.0296922475 0.282781988
vt 0.0311725885 0.277289122
vt 0.0289405733 0.277023643
vt 0.0891228467 0.317156345
vt 0.0869802758 0.317138731
vt 0.0889240056 0.322961956
vt 0.177975804 0.0678731203
vt 0.177006289 0.0682380646
vt 0.176441416 0.0696408004
vt 0.630859911 0.98775202
vt 0.629442871 0.987490058
vt 0.630593956 0.989317358
vt 0.724159479 0.992171168
vt 0.724141717 0.994029164
vt 0.725371122 0.994059145
vt 0.00365139544 0.353817493
vt 0.00306830928 0.358074069
vt 0.00441451371 0.354039162
vt 0.745964229 0.904247999
vt 0.745029569 0.905273736
vt 0.745774269 0.90511626
vt 0.745029569 0.905273736
vt 0.745153248 0.902595222
vt 0.744644642 0.905399621
vt 0.745159507 0.879881978
vt 0.744611144 0.881506503
vt 0.745604992 0.881668985
vt 0.745153248 0.902595222
vt 0.745029569 0.905273736
vt 0.745964229 0.904247999
vt 0.0603220053 0.361394942
vt 0.0599368364 0.365482837
vt 0.0615161806 0.365482837
vt 0.00306830928 0.358074069
vt 0.00410477305 0.355772555
vt 0.00289211166 0.353926808
vt 0.000799152709 0.35340932
vt 0.00306830928 0.358074069
vt 0.00289211166 0.353926808
vt 0.746434748 0.974636137
vt 0.746180415 0.973028898
vt 0.745753348 0.974531651
vt 0.0918590575 0.365406066
vt 0.0903228968 0.365705252
vt 0.091811277 0.367253244
vt 0.178824857 0.859729588
vt 0.181543618 0.858697414
vt 0.178787321 0.856150508
vt 0.233123004 0.758857131
vt 0.234328479 0.760887504
vt 0.234820828 0.757701337
vt 0.188549638 0.777579904
vt 0.189543277 0.779366434
vt 0.19143036 0.778175473
vt 0.233763754 0.863112807
vt 0.232779533 0.860920072
vt 0.232120961 0.863321245
vt 0.718080401 0.938850105
vt 0.716784477 0.938941181
vt 0.715686321 0.939536929
vt 0.0900417119 0.301496059
vt 0.0868816003 0.302102566
vt 0.0889080316 0.306974441
vt 0.0929446295 0.316886634
vt 0.0902677923 0.316939861
vt 0.0908892304 0.322363943
vt 0.0741948336 0.327445507
vt 0.0703103542 0.327951998
vt 0.0728404522 0.336629122
vt 0.0459769703 0.318405807
vt 0.0437448956 0.326990902
vt 0.0463255085 0.327240169
vt 0.701456785 0.950854659
vt 0.700736761 0.950088203
vt 0.699873209 0.950899005
vt 0.717436731 0.990270317
vt 0.717231035 0.987252951
vt 0.716202617 0.989096403
vt 0.716202617 0.989096403
vt 0.715252578 0.989273012
vt 0.717436731 0.990270317
vt 0.235412329 0.847107708
vt 0.235817701 0.844944894
vt 0.233877927 0.84691
vt 0.0489211716 0.350991726
vt 0.0499917828 0.348202735
vt 0.0473052412 0.346225411
vt 0.097682789 0.271719128
vt 0.0950936079 0.26820311
vt 0.0967113525 0.272254556
vt 0.109530538 0.258360893
vt 0.11068859 0.254796594
vt 0.109275356 0.254351467
vt 0.11397554 0.264146328
vt 0.112273052 0.264246076
vt 0.112204231 0.26533401
vt 0.109275356 0.254351467
vt 0.11068859 0.254796594
vt 0.10911043 0.251201123
vt 0.0660417527 0.320177853
vt 0.068059586 0.32228905
vt 0.0668694451 0.317320198
vt 0.0950936079 0.26820311
vt 0.0961057469 0.262998104
vt 0.0945610553 0.263317674
vt 0.0728404522 0.336629122
vt 0.0703103542 0.327951998
vt 0.0703070313 0.336839467
vt 0.731606007 0.991799355
vt 0.730954587 0.992557347
vt 0.732158244 0.993201911
vt 0.709069371 0.910162449
vt 0.707627177 0.910078168
vt 0.710051298 0.910844982
vt 0.138069004 0.856803358
vt 0.139250472 0.855947793
vt 0.136254296 0.856370211
vt 0.19018732 0.858612418
vt 0.187843531 0.857575774
vt 0.187437534 0.861903071
vt 0.0930940509 0.664352953
vt 0.093717739 0.665116608
vt 0.0944523811 0.664181173
vt 0.0175560508 0.338273436
vt 0.0147873312 0.3387945
vt 0.014828301 0.347217113
vt 0.688835621 0.347122401
vt 0.690026939 0.341810793
vt 0.687635303 0.341364235
vt 0.0175560508 0.338273436
vt 0.014828301 0.347217113
vt 0.0176214837 0.34787792
vt 0.72429353 0.261460245
vt 0.721988559 0.262366891
vt 0.7237041 0.267239392
vt 0.0748293996 0.262854457
vt 0.0700333491 0.254493564
vt 0.0715155751 0.264738202
vt 0.0719734877 0.254631579
vt 0.0700333491 0.254493564
vt 0.0748293996 0.262854457
vt 0.671954513 0.986549437
vt 0.670789242 0.986309409
vt 0.671911895 0.98807925
vt 0.742002308 0.95001334
vt 0.741170585 0.952089965
vt 0.742726922 0.951803327
vt 0.670789242 0.986309409
vt 0.670733809 0.989570081
vt 0.671911895 0.98807925
vt 0.689550161 0.956554294
vt 0.689977765 0.959405065
vt 0.6900599 0.956485331
vt 0.745315194 0.910468578
vt 0.746043921 0.909021437
vt 0.744870782 0.907520533
vt 0.714650393 0.978318572
vt 0.715171635 0.975364983
vt 0.7138623 0.976689935
vt 0.104679838 0.281824797
vt 0.105302498 0.277338803
vt 0.103675678 0.281638473
vt 0.116846599 0.30990839
vt 0.115153953 0.308040857
vt 0.115135625 0.310134739
vt 0.0302386731 0.308358312
vt 0.0318856016 0.307433248
vt 0.0311026257 0.303532809
vt 0.0379250273 0.729247689
vt 0.0384980328 0.725995779
vt 0.0373108238 0.725664139
vt 0.0601963997 0.742425144
vt 0.0595190413 0.741723478
vt 0.059233211 0.744784355
vt 0.059233211 0.744784355
vt 0.0603045225 0.744838536
vt 0.0601963997 0.742425144
vt 0.108743042 0.649141729
vt 0.106577337 0.647305667
vt 0.106577337 0.65122062
vt 0.741500854 0.929260969
vt 0.740713418 0.930644512
vt 0.741623461 0.931665063
vt 0.704650044 0.333505243
vt 0.70135802 0.334100008
vt 0.703315258 0.338903397
vt 0.0367571115 0.314434797
vt 0.0364615135 0.305981338
vt 0.0314432457 0.314327985
vt 0.0375049748 0.303484082
vt 0.0347143263 0.302466631
vt 0.0364615135 0.305981338
vt 0.721709609 0.324181885
vt 0.722917676 0.318777949
vt 0.720694005 0.318507046
vt 0.200292826 0.00479532732
vt 0.199150532 0.00474968646
vt 0.200040206 0.00666944776
vt 0.0367571115 0.314434797
vt 0.0314432457 0.314327985
vt 0.0339647681 0.315245122
vt 0.697492123 0.878302455
vt 0.698526382 0.877675354
vt 0.697268009 0.877083421
vt 0.742247581 0.986919463
vt 0.741378307 0.984996676
vt 0.740699351 0.98677659
vt 0.66987288 0.989312291
vt 0.670789242 0.986309409
vt 0.669602931 0.988055766
vt 0.0745986104 0.653405368
vt 0.0764946118 0.653366327
vt 0.0747159719 0.651824296
vt 0.100007556 0.348160654
vt 0.101354897 0.344750613
vt 0.0984484106 0.343597144
vt 0.106799498 0.269403368
vt 0.105479434 0.265098572
vt 0.105715349 0.26959148
vt 0.0520368814 0.336947292
vt 0.0525922924 0.333128363
vt 0.0511545092 0.332751483
vt 0.0745385438 0.367939562
vt 0.0745191127 0.366238862
vt 0.073468715 0.366032302
vt 0.0511545092 0.332751483
vt 0.0525922924 0.333128363
vt 0.05138335 0.327622086
vt 0.0364615135 0.305981338
vt 0.038705945 0.308416009
vt 0.0375049748 0.303484082
vt 0.105479434 0.265098572
vt 0.106785312 0.260099411
vt 0.105104864 0.260051727
vt 0.745620847 0.899737239
vt 0.746911705 0.900014818
vt 0.745620847 0.898593962
vt 0.105100982 0.694649518
vt 0.105738759 0.693897307
vt 0.104689367 0.691673756
vt 0.740477324 0.929270506
vt 0.740713418 0.930644512
vt 0.741500854 0.929260969
vt 0.0663567781 0.744875848
vt 0.0665561706 0.743559182
vt 0.0655559301 0.745251358
vt 0.0303510316 0.735633552
vt 0.028964458 0.734267175
vt 0.0285672974 0.738617241
vt 0.597627342 0.674347639
vt 0.596330166 0.668305576
vt 0.596271157 0.674338996
vt 0.356589913 0.754432082
vt 0.357205778 0.755205274
vt 0.35801816 0.754175663
vt 0.605625808 0.698885679
vt 0.605781794 0.693396449
vt 0.604281604 0.693045378
vt 0.603593469 0.670407355
vt 0.602388382 0.676154256
vt 0.60396862 0.676128209
vt 0.590382278 0.743500829
vt 0.591003358 0.741060138
vt 0.589907825 0.741691232
vt 0.346130192 0.768204212
vt 0.345077395 0.769267797
vt 0.346167207 0.769259512
vt 0.153207928 0.822031498
vt 0.152295321 0.820548296
vt 0.151213363 0.820092678
vt 0.732294858 0.992286503
vt 0.733002722 0.991624832
vt 0.732160628 0.99146384
vt 0.573119164 0.699080169
vt 0.572127581 0.695120931
vt 0.572329462 0.699238241
vt 0.658040106 0.956991374
vt 0.658362389 0.959906101
vt 0.658398569 0.956928074
vt 0.713916242 0.993058264
vt 0.714820027 0.991611838
vt 0.713728547 0.990155578
vt 0.707082331 0.992981791
vt 0.70726645 0.990063548
vt 0.705917239 0.991606951
vt 0.532613516 0.736831069
vt 0.531219482 0.73502326
vt 0.530760825 0.736868024
vt 0.579825759 0.668839812
vt 0.580044746 0.664533138
vt 0.578045666 0.664596498
vt 0.532949269 0.734864354
vt 0.531219482 0.73502326
vt 0.532613516 0.736831069
vt 0.318291605 0.84393394
vt 0.317743659 0.847145677
vt 0.318942815 0.847549438
vt 0.346833169 0.861897111
vt 0.346148849 0.861354113
vt 0.345889091 0.863947928
vt 0.736542463 0.991231322
vt 0.735764861 0.992505372
vt 0.73687166 0.992421508
vt 0.21559006 0.801745534
vt 0.212788373 0.802176237
vt 0.215825528 0.804541111
vt 0.139248788 0.860113502
vt 0.137297198 0.861660123
vt 0.139117539 0.863077819
vt 0.137297198 0.861660123
vt 0.139248788 0.860113502
vt 0.136759371 0.86007607
vt 0.652654588 0.992175162
vt 0.653435767 0.990915418
vt 0.652470171 0.989985347
vt 0.595417559 0.71291244
vt 0.59619087 0.707630217
vt 0.593282461 0.707054138
vt 0.354989648 0.865037799
vt 0.353990078 0.866092503
vt 0.35508886 0.866117716
vt 0.604412675 0.713243544
vt 0.605959713 0.70705384
vt 0.603868246 0.707557738
vt 0.653838694 0.942088008
vt 0.654485226 0.941428304
vt 0.653463423 0.940864623
vt 0.227094382 0.83194834
vt 0.227103725 0.834257364
vt 0.228672534 0.83194834
vt 0.606660366 0.640744805
vt 0.607862115 0.637447715
vt 0.605475783 0.636078954
vt 0.5266155 0.703231394
vt 0.525260806 0.698955178
vt 0.525606513 0.703440368
vt 0.507028639 0.727979898
vt 0.508010983 0.724266469
vt 0.506729782 0.723762631
vt 0.589841485 0.675452709
vt 0.588153601 0.675383925
vt 0.588179827 0.676864147
vt 0.506729782 0.723762631
vt 0.508010983 0.724266469
vt 0.506497324 0.720561028
vt 0.527595401 0.716184318
vt 0.52901262 0.719076097
vt 0.528792739 0.714106143
vt 0.525260806 0.698955178
vt 0.526634753 0.693922102
vt 0.525376618 0.693944037
vt 0.5603984 0.711644769
vt 0.558642387 0.70218569
vt 0.557854652 0.712292492
vt 0.653667867 0.992060363
vt 0.653435767 0.990915418
vt 0.652654588 0.992175162
vt 0.744555831 0.889888287
vt 0.744674802 0.888711095
vt 0.743472695 0.890709698
vt 0.198739454 0.85780406
vt 0.196248859 0.85728544
vt 0.196585789 0.861583114
vt 0.142058879 0.856379032
vt 0.140047133 0.857495606
vt 0.142450184 0.857205391
vt 0.528120756 0.694079459
vt 0.527745008 0.704298317
vt 0.529951096 0.700431466
vt 0.558642387 0.70218569
vt 0.5603984 0.711644769
vt 0.560398221 0.705169797
vt 0.558642387 0.70218569
vt 0.557022452 0.702890754
vt 0.555863559 0.711481035
vt 0.541829169 0.662900805
vt 0.541802824 0.664868414
vt 0.542171896 0.665425241
vt 0.710528135 0.285518974
vt 0.709402323 0.279595584
vt 0.70886445 0.285398364
vt 0.669341564 0.988955498
vt 0.668484449 0.98739934
vt 0.668484032 0.990132987
vt 0.021700006 0.339112669
vt 0.0187137276 0.339293152
vt 0.0187143274 0.348998129
vt 0.709402323 0.279595584
vt 0.712212563 0.273955107
vt 0.70886445 0.27363044
vt 0.710137367 0.254099607
vt 0.713110507 0.258260459
vt 0.713312268 0.252511084
vt 0.714720905 0.33198747
vt 0.71631968 0.331769198
vt 0.714706242 0.33140561
vt 0.744333386 0.891719818
vt 0.743983626 0.89504087
vt 0.745016336 0.894475222
vt 0.708769619 0.987790763
vt 0.709872127 0.987788618
vt 0.709265888 0.986744702
vt 0.722867131 0.989893377
vt 0.722020864 0.991631269
vt 0.723629534 0.991636395
vt 0.0326869041 0.351178735
vt 0.0314776935 0.347090483
vt 0.0317773968 0.351256937
vt 0.689548969 0.953531206
vt 0.689980268 0.956453443
vt 0.690064609 0.953448713
vt 0.737404048 0.992989779
vt 0.738153934 0.991500497
vt 0.73696804 0.989927411
vt 0.745151162 0.879798532
vt 0.745672762 0.876765549
vt 0.744335651 0.878132403
vt 0.0931093097 0.328480721
vt 0.0946130529 0.330012709
vt 0.0949720293 0.328188092
vt 0.706404567 0.965727389
vt 0.707641423 0.96544224
vt 0.706404567 0.964335382
vt 0.712438643 0.911726654
vt 0.713528633 0.911706805
vt 0.712835491 0.910592616
vt 0.735447526 0.267540514
vt 0.734069347 0.272702754
vt 0.735520422 0.272958875
vt 0.746706605 0.928586006
vt 0.745758474 0.930105865
vt 0.746707022 0.93123579
vt 0.646110535 0.340410143
vt 0.643631101 0.33858487
vt 0.644009471 0.344219655
vt 0.0605444498 0.265203983
vt 0.0597392432 0.256281257
vt 0.0576727241 0.26562348
vt 0.683834791 0.341001242
vt 0.685751379 0.340974987
vt 0.684099197 0.331242859
vt 0.0604594611 0.253722459
vt 0.0584225282 0.252971858
vt 0.0597392432 0.256281257
vt 0.684099197 0.331242859
vt 0.685751379 0.340974987
vt 0.686037302 0.328956932
vt 0.0117429504 0.315095961
vt 0.0138656022 0.32334891
vt 0.0125566274 0.314760774
vt 0.73748821 0.963238299
vt 0.739253759 0.965807319
vt 0.738768637 0.962535262
vt 0.708654523 0.98886317
vt 0.708769619 0.987790763
vt 0.70785284 0.987833858
vt 0.738001168 0.96696949
vt 0.737009287 0.964855492
vt 0.736448407 0.966815889
vt 0.73748821 0.963238299
vt 0.737009287 0.964855492
vt 0.739253759 0.965807319
vt 0.729458213 0.911660314
vt 0.729857922 0.910092533
vt 0.729373395 0.909907043
vt 0.0545993038 0.348845512
vt 0.0558519587 0.345517099
vt 0.0528586656 0.344360918
vt 0.0393298417 0.324678868
vt 0.0378702693 0.320366383
vt 0.0382363349 0.324857265
vt 0.636866748 0.974994242
vt 0.636383772 0.975026846
vt 0.636646986 0.975676477
vt 0.0591742061 0.364970356
vt 0.057499066 0.364903599
vt 0.0574662238 0.366672665
vt 0.106471255 0.337782234
vt 0.107931249 0.33821106
vt 0.106797367 0.332639962
vt 0.0597392432 0.256281257
vt 0.0622474924 0.258512288
vt 0.0604594611 0.253722459
vt 0.0378702693 0.320366383
vt 0.0393143855 0.315443397
vt 0.0376163833 0.315479875
vt 0.730162382 0.925851166
vt 0.729527712 0.926949859
vt 0.730562687 0.926951408
vt 0.74560678 0.928647876
vt 0.745758474 0.930105865
vt 0.746706605 0.928586006
vt 0.746999979 0.981447279
vt 0.745957017 0.979944587
vt 0.745956421 0.982407928
vt 0.114367515 0.733959734
vt 0.112555683 0.735910237
vt 0.114486337 0.736235082
vt 0.0513037592 0.740314782
vt 0.0502064824 0.740268171
vt 0.0502611995 0.742815197
vt 0.0966268778 0.740345359
vt 0.0973700285 0.737635672
vt 0.094530046 0.739842594
vt 0.0789800435 0.677559853
vt 0.077257216 0.678221047
vt 0.0773887038 0.679977238
vt 0.0893048644 0.664502859
vt 0.09038914 0.66514641
vt 0.0903873816 0.664029956
vt 0.113110185 0.66669184
vt 0.112568229 0.665457785
vt 0.112106778 0.668105304
vt 0.145953596 0.780113935
vt 0.147252873 0.779983997
vt 0.146201804 0.768943012
vt 0.137312993 0.00903008319
vt 0.135049686 0.00852523837
vt 0.134016082 0.0110229114
vt 0.14902547 0.00701046502
vt 0.146417186 0.00442467723
vt 0.145895705 0.00621281657
vt 0.731503248 0.984414279
vt 0.72968787 0.984797359
vt 0.731312871 0.987555146
vt 0.643570244 0.877246022
vt 0.64472574 0.878002644
vt 0.644396544 0.876740336
vt 0.635171533 0.880719125
vt 0.634400368 0.88181144
vt 0.635605276 0.882143021
vt 0.74493432 0.991256356
vt 0.744126439 0.989963055
vt 0.742793322 0.990948498
vt 0.137312993 0.00903008319
vt 0.133511022 0.0163412057
vt 0.13608031 0.0175493211
vt 0.247404143 0.0435459465
vt 0.247637153 0.0457056388
vt 0.247818753 0.043237254
vt 0.0710010529 0.677903712
vt 0.0695036948 0.679021418
vt 0.0728668571 0.679218113
vt 0.120334089 0.638852656
vt 0.121099219 0.64088881
vt 0.121889293 0.638701022
vt 0.00512111001 0.660506427
vt 0.00540896505 0.66207844
vt 0.00610071234 0.660696805
vt 0.639338136 0.931302428
vt 0.638728142 0.928655624
vt 0.638747633 0.931540012
vt 0.744266987 0.986959577
vt 0.743076682 0.988046765
vt 0.744737625 0.98949492
vt 0.744989514 0.972066522
vt 0.745574474 0.969622135
vt 0.744088948 0.970683694
vt 0.240135327 0.052868031
vt 0.23812148 0.054125879
vt 0.23972021 0.0564436167
vt 0.14902547 0.00701046502
vt 0.149961978 0.00526366848
vt 0.147882894 0.00448743068
vt 0.239840463 0.0796240121
vt 0.239956111 0.075955458
vt 0.237872764 0.0793291777
vt 0.648526728 0.880552948
vt 0.650034547 0.879523218
vt 0.648385346 0.878920078
vt 0.638625145 0.920255482
vt 0.63940233 0.924737155
vt 0.639031827 0.920774758
vt 0.13354373 0.77395618
vt 0.131504804 0.77150023
vt 0.130324587 0.784598887
vt 0.130324587 0.784598887
vt 0.131484091 0.784815609
vt 0.13354373 0.77395618
vt 0.142965242 0.00895650871
vt 0.147149801 0.0124595594
vt 0.145895705 0.00621281657
vt 0.142965242 0.00895650871
vt 0.144310102 0.00475333724
vt 0.141956747 0.00601359271
vt 0.642618656 0.878331304
vt 0.643570244 0.877246022
vt 0.642297864 0.877067566
vt 0.717015028 0.980885327
vt 0.716261089 0.982183099
vt 0.71789062 0.982421041
vt 0.743937314 0.932426691
vt 0.744025171 0.929144442
vt 0.742667675 0.929395914
vt 0.717470407 0.978037238
vt 0.717015028 0.980885327
vt 0.718333542 0.981052816
vt 0.169429243 0.0583008192
vt 0.172077343 0.0591710657
vt 0.171845064 0.0526656322
vt 0.138594285 0.0171882771
vt 0.137312993 0.00903008319
vt 0.13608031 0.0175493211
vt 0.0846347809 0.694236457
vt 0.0826977491 0.69546473
vt 0.0864221156 0.695405662
vt 0.0469301268 0.703841567
vt 0.0453618169 0.702757895
vt 0.0434129238 0.704108298
vt 0.633976817 0.906889498
vt 0.632904947 0.906792819
vt 0.632748365 0.907651961
vt 0.0111532789 0.743184924
vt 0.00926703587 0.742491901
vt 0.00929180626 0.744224131
vt 0.729167581 0.956122398
vt 0.729577601 0.95441103
vt 0.729099274 0.954264879
vt 0.656132877 0.977029681
vt 0.654687762 0.975599766
vt 0.655053437 0.97739172
vt 0.141209304 0.00924399681
vt 0.142965242 0.00895650871
vt 0.141956747 0.00601359271
vt 0.180610448 0.803580999
vt 0.179420471 0.804898262
vt 0.181911424 0.805131018
vt 0.148362249 0.8719998
vt 0.147670805 0.870664179
vt 0.146897584 0.872305453
vt 0.203037187 0.755846381
vt 0.204378992 0.76690495
vt 0.205983669 0.754714668
vt 0.178451821 0.794492126
vt 0.1766074 0.804918349
vt 0.177745 0.805181921
vt 0.41896078 0.53389436
vt 0.417670995 0.531037092
vt 0.417071074 0.535003245
vt 0.217818215 0.773822129
vt 0.216276765 0.77551651
vt 0.219685182 0.775726318
vt 0.198939294 0.803531528
vt 0.197827414 0.801950037
vt 0.196214437 0.803482473
vt 0.1766074 0.804918349
vt 0.178451821 0.794492126
vt 0.175785363 0.7903018
vt 0.219056875 0.854838192
vt 0.216440007 0.857332468
vt 0.218188018 0.860708952
vt 0.196804881 0.790312231
vt 0.194597557 0.788957298
vt 0.195909828 0.795214534
vt 0.196214437 0.803482473
vt 0.197827414 0.801950037
vt 0.196804881 0.790312231
vt 0.196804881 0.790312231
vt 0.197827414 0.801950037
vt 0.198551953 0.787316322
vt 0.415117413 0.530510902
vt 0.412908614 0.530394375
vt 0.415055782 0.536550462
vt 0.433251679 0.525975227
vt 0.431699544 0.527287245
vt 0.431447148 0.532917798
vt 0.702879369 0.898087919
vt 0.703055859 0.899086595
vt 0.70425266 0.899255395
vt 0.0996925831 0.730575621
vt 0.0989146829 0.728430331
vt 0.0985610485 0.729761064
vt 0.111513548 0.654047728
vt 0.11359489 0.655999243
vt 0.114199758 0.65286994
vt 0.0616269 0.734203994
vt 0.0648642182 0.73389405
vt 0.0642538667 0.731288493
vt 0.0481123812 0.73959446
vt 0.0500095487 0.739759624
vt 0.0477842689 0.736432493
vt 0.111513548 0.654047728
vt 0.114199758 0.65286994
vt 0.111429214 0.651279509
vt 0.662809312 0.978427231
vt 0.662442505 0.976812124
vt 0.662344396 0.978627622
vt 0.650886774 0.989279509
vt 0.649874568 0.990689397
vt 0.651270866 0.992187321
vt 0.743517458 0.962549627
vt 0.743031085 0.964820087
vt 0.744295776 0.964569092
vt 0.419235855 0.528249025
vt 0.4183155 0.526351333
vt 0.416549355 0.528040648
vt 0.664121389 0.988080144
vt 0.664928794 0.988027751
vt 0.662628353 0.984717906
vt 0.740723431 0.929260075
vt 0.741788268 0.928802371
vt 0.740477562 0.926258624
vt 0.44367817 0.504175246
vt 0.444769621 0.502655149
vt 0.442626804 0.503192365
vt 0.679569602 0.975537181
vt 0.680275202 0.980164349
vt 0.680976748 0.979897797
vt 0.68959713 0.949730814
vt 0.690227866 0.945354104
vt 0.689245045 0.945114374
vt 0.675060511 0.908831298
vt 0.675719261 0.909284413
vt 0.676271081 0.9057284
vt 0.710877001 0.878876865
vt 0.711124063 0.883017421
vt 0.711860776 0.882343709
vt 0.679569602 0.975537181
vt 0.680976748 0.972521961
vt 0.679744422 0.971764684
vt 0.531190872 0.688307762
vt 0.524959028 0.688041866
vt 0.530561924 0.689893067
vt 0.15769951 0.0656708106
vt 0.155721903 0.0670109987
vt 0.159736499 0.0667813867
vt 0.182812497 0.117691912
vt 0.18358992 0.119583592
vt 0.184382305 0.117403664
vt 0.585206866 0.641800344
vt 0.581331432 0.642151594
vt 0.583184838 0.648015082
vt 0.531662285 0.684591711
vt 0.524959028 0.688041866
vt 0.532017171 0.687193394
vt 0.565263391 0.689797997
vt 0.568381786 0.690627813
vt 0.567589521 0.688007951
vt 0.637549937 0.970292032
vt 0.637697101 0.966823816
vt 0.636944175 0.970225811
vt 0.742209196 0.987028241
vt 0.741312265 0.988888264
vt 0.742542505 0.990560949
vt 0.743975878 0.937371254
vt 0.743461609 0.94086051
vt 0.74487257 0.939056158
vt 0.13613379 0.848810077
vt 0.136756569 0.844879448
vt 0.136548251 0.842593908
vt 0.13613379 0.848810077
vt 0.140506893 0.849093199
vt 0.140506893 0.847698808
vt 0.186270475 0.824322641
vt 0.185329542 0.821502924
vt 0.181169122 0.829153121
vt 0.740109205 0.936272383
vt 0.741630435 0.936152339
vt 0.740786552 0.935057104
vt 0.745332479 0.905980229
vt 0.744843602 0.907469571
vt 0.746192276 0.906426072
vt 0.658643425 0.995288074
vt 0.658956647 0.995256543
vt 0.658643425 0.99477917
vt 0.605587006 0.805930674
vt 0.605468929 0.809274256
vt 0.607030034 0.808900833
vt 0.609225869 0.783210397
vt 0.608277738 0.781991005
vt 0.606369138 0.783127189
vt 0.606369138 0.783127189
vt 0.608277738 0.781991005
vt 0.606739044 0.780571163
vt 0.528473735 0.867582321
vt 0.528831661 0.867292404
vt 0.528473735 0.867149711
vt 0.164481193 0.0846814811
vt 0.161830336 0.0850276202
vt 0.165845022 0.0864536613
vt 0.604725838 0.734695137
vt 0.605950117 0.728561819
vt 0.604340434 0.729101181
vt 0.161658704 0.111561276
vt 0.162258819 0.109529473
vt 0.160171434 0.108305439
vt 0.5334782 0.703785956
vt 0.538370073 0.706312656
vt 0.538822114 0.702288687
vt 0.5334782 0.703785956
vt 0.537335694 0.708954155
vt 0.538632274 0.707705498
vt 0.160171434 0.108305439
vt 0.162258819 0.109529473
vt 0.163139746 0.108305439
vt 0.540534616 0.727868974
vt 0.537634671 0.729343653
vt 0.540403903 0.729862154
vt 0.187327832 0.849698722
vt 0.186195463 0.847517014
vt 0.183380365 0.845161796
vt 0.186762899 0.841947258
vt 0.183380365 0.845161796
vt 0.187327832 0.842797697
vt 0.204154223 0.862743139
vt 0.205079243 0.860248089
vt 0.203741997 0.860060096
vt 0.156974435 0.819126785
vt 0.156625673 0.82552588
vt 0.159423023 0.819360971
vt 0.2293019 0.81501621
vt 0.230074242 0.818120241
vt 0.231161863 0.814838827
vt 0.193658844 0.80792135
vt 0.188931137 0.813257217
vt 0.193057269 0.816376984
vt 0.241713375 0.779371738
vt 0.241077304 0.775943875
vt 0.240112752 0.779624939
vt 0.193658844 0.80792135
vt 0.188168496 0.808105886
vt 0.188931137 0.813257217
vt 0.181099623 0.820368767
vt 0.185329542 0.821502924
vt 0.181925535 0.818204105
vt 0.156625673 0.82552588
vt 0.159638792 0.82557112
vt 0.160450548 0.82184279
vt 0.605587006 0.805930674
vt 0.607030034 0.808900833
vt 0.607317328 0.805977345
vt 0.523405075 0.860248923
vt 0.5248546 0.860839128
vt 0.524539888 0.859157026
vt 0.0469523594 0.698096871
vt 0.0477409661 0.698108315
vt 0.0469493903 0.696328044
vt 0.0418494344 0.712734163
vt 0.0423774719 0.715791166
vt 0.0423772335 0.712732017
vt 0.118113175 0.674198568
vt 0.119608045 0.674574077
vt 0.119666994 0.67344588
vt 0.0477418602 0.695761323
vt 0.0469493903 0.696328044
vt 0.0477409661 0.698108315
vt 0.47765702 0.702459455
vt 0.477564871 0.704782367
vt 0.478096306 0.702547312
vt 0.117945559 0.681834042
vt 0.118428364 0.677442431
vt 0.117908895 0.680697978
vt 0.108755782 0.694416642
vt 0.109247334 0.695649147
vt 0.109472752 0.694149554
vt 0.109247334 0.695649147
vt 0.108755782 0.694416642
vt 0.10871923 0.695692122
vt 0.0301578268 0.742481947
vt 0.0303815585 0.740781605
vt 0.0300030094 0.740781605
vt 0.107763588 0.743140757
vt 0.107421502 0.741683722
vt 0.107317984 0.743140757
vt 0.0147363637 0.682043314
vt 0.0149184726 0.678168058
vt 0.01439601 0.678165853
vt 0.0339739472 0.684774637
vt 0.0342498422 0.680905044
vt 0.0338403583 0.680903971
vt 0.0471503548 0.67975527
vt 0.0473020859 0.683629751
vt 0.0476580262 0.67975539
vt 0.485721916 0.739191055
vt 0.485974669 0.738361657
vt 0.485381246 0.738201201
vt 0.471156001 0.646162987
vt 0.470337212 0.645350337
vt 0.470560074 0.646106422
vt 0.471156061 0.645316005
vt 0.471458673 0.646089494
vt 0.470337212 0.645350337
vt 0.114158876 0.677144885
vt 0.114606321 0.675428331
vt 0.113778353 0.675428331
vt 0.0223068073 0.726419926
vt 0.0227400642 0.724701107
vt 0.0219382029 0.724705756
vt 0.0684500858 0.7457726
vt 0.0681083649 0.747956514
vt 0.0690774992 0.747992635
vt 0.0524550006 0.0947538614
vt 0.0520771667 0.095643878
vt 0.0528108999 0.0953537226
vt 0.164787218 0.58496052
vt 0.16482453 0.582111895
vt 0.164339885 0.583858311
vt 0.189445004 0.520818532
vt 0.189359114 0.52215606
vt 0.190929577 0.521730006
vt 0.644354999 0.553736866
vt 0.645720303 0.552407324
vt 0.644575775 0.550931633
vt 0.191231176 0.509556353
vt 0.191675827 0.510091603
vt 0.191984221 0.509208024
vt 0.201207325 0.591816962
vt 0.200318024 0.593008816
vt 0.201213643 0.594265997
vt 0.200825259 0.596681893
vt 0.200134203 0.595352113
vt 0.197408661 0.591247499
vt 0.196877763 0.593929946
vt 0.197773322 0.593079388
vt 0.130047485 0.548116863
vt 0.127522334 0.54634136
vt 0.127430007 0.547967613
vt 0.12870346 0.540973604
vt 0.127986476 0.541161835
vt 0.127736375 0.543302238
vt 0.130180165 0.538239181
vt 0.128982767 0.538713038
vt 0.12870346 0.540973604
vt 0.130099401 0.544097483
vt 0.128381416 0.54538089
vt 0.130047485 0.548116863
vt 0.0357561633 0.0858027935
vt 0.0356224701 0.0863758326
vt 0.0361057445 0.0863567591
vt 0.0356224701 0.0863758326
vt 0.0356749818 0.0868103504
vt 0.0361057445 0.0863567591
vt 0.128381416 0.54538089
vt 0.127522334 0.54634136
vt 0.130047485 0.548116863
vt 0.127430007 0.547967613
vt 0.129971787 0.552183449
vt 0.127419338 0.552223623
vt 0.629766822 0.991680145
vt 0.629946828 0.990878701
vt 0.629766822 0.990283251
vt 0.0881605074 0.0889270306
vt 0.0878800675 0.0895140171
vt 0.0885665938 0.0898528099
vt 0.164914295 0.579182565
vt 0.164424941 0.580077231
vt 0.16482453 0.582111895
vt 0.161364958 0.549505174
vt 0.159930333 0.550198138
vt 0.161196575 0.550839603
vt 0.675123215 0.547797143
vt 0.675025046 0.544926703
vt 0.673912048 0.546203196
vt 0.158659682 0.53771013
vt 0.158119008 0.537292421
vt 0.158009872 0.538276851
vt 0.232725456 0.542454541
vt 0.232161239 0.542888343
vt 0.232657269 0.54295963
vt 0.19698368 0.59666127
vt 0.197632357 0.594878137
vt 0.196877763 0.593929946
vt 0.162835166 0.54223901
vt 0.165089116 0.542232335
vt 0.165096447 0.540601671
vt 0.164295182 0.535179436
vt 0.165058479 0.537550271
vt 0.164906844 0.535390913
vt 0.162929937 0.532320321
vt 0.164295182 0.535179436
vt 0.164051935 0.532873333
vt 0.162969276 0.538244307
vt 0.162835166 0.54223901
vt 0.164428279 0.539596975
vt 0.0733792111 0.0800648928
vt 0.0730867907 0.0806040764
vt 0.0735031888 0.0806497335
vt 0.0735031888 0.0806497335
vt 0.0730867907 0.0806040764
vt 0.0734054372 0.0810775757
vt 0.164428279 0.539596975
vt 0.162835166 0.54223901
vt 0.165096447 0.540601671
vt 0.165089116 0.542232335
vt 0.162625 0.546301186
vt 0.164780065 0.546476185
vt 0.632419169 0.974680066
vt 0.632183731 0.973288298
vt 0.632098258 0.973903298
vt 0.598885536 0.712458611
vt 0.598919332 0.713717282
vt 0.599583924 0.713119209
vt 0.589519978 0.667932332
vt 0.588738501 0.668633819
vt 0.589245141 0.669273078
vt 0.549730301 0.630760968
vt 0.549932301 0.629936218
vt 0.549742639 0.62811774
vt 0.548029423 0.681622565
vt 0.548398495 0.678790569
vt 0.546682358 0.680258155
vt 0.545641899 0.725945652
vt 0.546229362 0.726427972
vt 0.546263039 0.725491285
vt 0.54639703 0.639514208
vt 0.547979236 0.639406621
vt 0.5463714 0.637401879
vt 0.54639703 0.639514208
vt 0.546732426 0.644892633
vt 0.547979236 0.639406621
vt 0.547997653 0.629770517
vt 0.546542585 0.631703496
vt 0.548718214 0.630275667
vt 0.548985839 0.733292997
vt 0.549050987 0.733732224
vt 0.549424648 0.732335687
vt 0.176839218 0.105038092
vt 0.175859734 0.105258927
vt 0.176839218 0.107018992
vt 0.599946976 0.704322934
vt 0.598889172 0.704873204
vt 0.599721491 0.7049914
vt 0.609423757 0.659537733
vt 0.609877765 0.659301937
vt 0.608923793 0.658542931
vt 0.601161599 0.683138549
vt 0.600484669 0.683791459
vt 0.601129711 0.684420526
vt 0.586600363 0.653933823
vt 0.586863101 0.655248761
vt 0.587364197 0.654611528
vt 0.543730795 0.630737841
vt 0.543592572 0.628115475
vt 0.543213904 0.629907966
vt 0.554177582 0.682357371
vt 0.555789351 0.681440473
vt 0.554590225 0.679565907
vt 0.582423747 0.721532166
vt 0.582518578 0.72051698
vt 0.58203423 0.721874833
vt 0.173704669 0.105775043
vt 0.174481675 0.107537374
vt 0.174571499 0.10555701
vt 0.601019621 0.703952849
vt 0.60147357 0.704386473
vt 0.601808071 0.703865111
vt 0.606968224 0.659233451
vt 0.607739627 0.658396125
vt 0.606657207 0.658902764
vt 0.0273147225 0.262069345
vt 0.0244720895 0.263041586
vt 0.0249977782 0.269761205
vt 0.0262629613 0.255490541
vt 0.281365812 0.663807631
vt 0.276591182 0.66473794
vt 0.279186577 0.671226501
vt 0.278910428 0.653221548
vt 0.281163573 0.657972336
vt 0.556540072 0.651772559
vt 0.555739284 0.645039558
vt 0.553369164 0.645419776
vt 0.554383874 0.652101696
vt 0.603974462 0.671033442
vt 0.606543124 0.671686292
vt 0.606212854 0.662583232
vt 0.603967845 0.662826478
vt 0.737138748 0.940346181
vt 0.737201929 0.941112638
vt 0.738760471 0.941586614
vt 0.737870932 0.940374434
vt 0.74385339 0.923913836
vt 0.744437993 0.922406137
vt 0.742184997 0.922634482
vt 0.742528915 0.923895359
vt 0.552479506 0.637919426
vt 0.55603826 0.638561726
vt 0.555417061 0.632197261
vt 0.551475286 0.631925225
vt 0.60357368 0.688622057
vt 0.605581164 0.688919961
vt 0.605860353 0.683419049
vt 0.604423344 0.68404144
vt 0.60359776 0.67863816
vt 0.604423344 0.68404144
vt 0.605860353 0.683419049
vt 0.605505228 0.678166628
vt 0.503781497 0.694752157
vt 0.5049842 0.694886863
vt 0.505254984 0.690149546
vt 0.503823102 0.689254403
vt 0.555739284 0.645039558
vt 0.55603826 0.638561726
vt 0.552479506 0.637919426
vt 0.553369164 0.645419776
vt 0.560589612 0.702844977
vt 0.56039834 0.714424133
vt 0.562741518 0.714701414
vt 0.563862503 0.707887948
vt 0.175244838 0.869939089
vt 0.175366014 0.867686272
vt 0.173837841 0.868807256
vt 0.174149066 0.869946063
vt 0.546788335 0.709439337
vt 0.546682119 0.716517746
vt 0.548901379 0.716517448
vt 0.548663259 0.709841251
vt 0.58252126 0.707949817
vt 0.584269106 0.708012402
vt 0.585203767 0.701094568
vt 0.583111525 0.701007724
vt 0.578101933 0.662026763
vt 0.579145074 0.653902709
vt 0.576770663 0.653684676
vt 0.576157749 0.662519991
vt 0.689386129 0.975274444
vt 0.688748658 0.97172457
vt 0.688051462 0.972218931
vt 0.687911153 0.975328445
vt 0.743463397 0.921145916
vt 0.742184997 0.921453297
vt 0.742184997 0.922634482
vt 0.744437993 0.922406137
vt 0.578552723 0.662023365
vt 0.577778101 0.657284439
vt 0.576454043 0.654056907
vt 0.576301217 0.662245452
vt 0.511397183 0.694951296
vt 0.512729108 0.695014596
vt 0.512608409 0.686834991
vt 0.511412084 0.683932245
vt 0.550236285 0.704351008
vt 0.546682119 0.703463316
vt 0.546788335 0.709439337
vt 0.548663259 0.709841251
vt 0.587886214 0.678061426
vt 0.585319996 0.677983761
vt 0.586508095 0.683686852
vt 0.588862658 0.683818579
vt 0.583111525 0.701007724
vt 0.585203767 0.701094568
vt 0.584518969 0.69496268
vt 0.58252126 0.69511354
vt 0.582058787 0.6598441
vt 0.581914723 0.656066477
vt 0.580030084 0.650964141
vt 0.580502808 0.661877096
vt 0.234904915 0.810951233
vt 0.234169394 0.811830699
vt 0.235285729 0.81148994
vt 0.236004397 0.811278999
vt 0.139406115 0.87058872
vt 0.139661804 0.868781507
vt 0.139401466 0.869387269
vt 0.13898167 0.870269597
vt 0.00644160807 0.325497121
vt 0.00507928431 0.332406729
vt 0.00787569582 0.332659155
vt 0.00894139893 0.325513601
vt 0.0596797727 0.274586797
vt 0.0623000562 0.275485039
vt 0.0623560697 0.265955418
vt 0.0596671253 0.266003698
vt 0.676348865 0.98335892
vt 0.676178873 0.984147668
vt 0.677299142 0.984598756
vt 0.677318692 0.983453989
vt 0.647987425 0.988823473
vt 0.646977484 0.990163982
vt 0.649344862 0.990453303
vt 0.649331033 0.989166498
vt 0.0273147225 0.262069345
vt 0.0306779556 0.26326403
vt 0.0306643583 0.256565332
vt 0.028313566 0.251476437
vt 0.0627954751 0.339867741
vt 0.0622313991 0.343854934
vt 0.063994363 0.343554229
vt 0.0654748827 0.339755088
vt 0.0654748827 0.348252207
vt 0.063994363 0.343554229
vt 0.0622313991 0.343854934
vt 0.0633580834 0.348756164
vt 0.091574505 0.262424141
vt 0.0939761549 0.262896031
vt 0.0945751816 0.25717777
vt 0.0928548723 0.257712632
vt 0.0916875005 0.251990438
vt 0.0928548723 0.257712632
vt 0.0945751816 0.25717777
vt 0.093912974 0.251646459
vt 0.0111655742 0.312118143
vt 0.0125977546 0.312205106
vt 0.0130625051 0.307214797
vt 0.0112023065 0.306360215
vt 0.00507928431 0.31938073
vt 0.00644160807 0.325497121
vt 0.00894139893 0.325513601
vt 0.00934632123 0.31928274
vt 0.0927636772 0.278367192
vt 0.0932862312 0.272311538
vt 0.0905121714 0.272400409
vt 0.0908082873 0.278452247
vt 0.0295096505 0.27691257
vt 0.0306779556 0.26326403
vt 0.0273147225 0.262069345
vt 0.0273024514 0.269974113
vt 0.0192640312 0.291749805
vt 0.0208412558 0.28491047
vt 0.0218349248 0.278847009
vt 0.0197724253 0.278425962
vt 0.0212518126 0.291858584
vt 0.0189621001 0.291899651
vt 0.0194582995 0.293520778
vt 0.0217798203 0.29325822
vt 0.117570996 0.736361682
vt 0.11768128 0.734004021
vt 0.11631114 0.735158801
vt 0.116547585 0.736361682
vt 0.000997086405 0.325455964
vt 0.00187702477 0.332856268
vt 0.00465203822 0.332674891
vt 0.00345404446 0.32572636
vt 0.0232135803 0.276853412
vt 0.0253760368 0.277014226
vt 0.0249977782 0.269761205
vt 0.0230248366 0.269580066
vt 0.0245679785 0.336634398
vt 0.0254377276 0.3281326
vt 0.0227397829 0.327918619
vt 0.0218835138 0.337156594
vt 0.644968092 0.983754635
vt 0.644304395 0.980238557
vt 0.643054008 0.980902433
vt 0.643575013 0.983832836
vt 0.647593498 0.991735578
vt 0.648983419 0.991735578
vt 0.649344862 0.990453303
vt 0.646977484 0.990163982
vt 0.00624777377 0.345261782
vt 0.00507940352 0.349805206
vt 0.00702913105 0.350154847
vt 0.0077848779 0.341450214
vt 0.100936845 0.342403919
vt 0.100114062 0.337464958
vt 0.0986286104 0.334115744
vt 0.0986082703 0.342678338
vt 0.0199732333 0.312003583
vt 0.0213595182 0.312024325
vt 0.020932246 0.303482711
vt 0.0195129085 0.300495833
vt 0.00507934391 0.319895655
vt 0.000849619508 0.31928286
vt 0.000997086405 0.325455964
vt 0.00345404446 0.32572636
vt 0.0218395144 0.326329798
vt 0.0187138468 0.326329798
vt 0.019707337 0.332266659
vt 0.0216794163 0.332414955
vt 0.0230248366 0.269580066
vt 0.0249977782 0.269761205
vt 0.0244720895 0.263041586
vt 0.0232110173 0.263421208
vt 0.0230423138 0.252103806
vt 0.0224527381 0.256621689
vt 0.0262629613 0.255490541
vt 0.024469275 0.251264662
vt 0.0186063573 0.734522223
vt 0.0188242774 0.734331071
vt 0.0200746637 0.733667195
vt 0.0207042359 0.733255684
vt 0.119113386 0.701818526
vt 0.118845642 0.703703582
vt 0.119118571 0.703082025
vt 0.1195575 0.702158391
vt 0.30084759 0.704579711
vt 0.301909685 0.716232777
vt 0.304063737 0.716248989
vt 0.304128021 0.70945847
vt 0.334339678 0.675470591
vt 0.334392786 0.668612897
vt 0.332106888 0.668803573
vt 0.332743704 0.675496697
vt 0.330472618 0.70433569
vt 0.332658023 0.704965174
vt 0.332897365 0.696410835
vt 0.330386817 0.693182588
vt 0.731209517 0.930446744
vt 0.732779026 0.930560589
vt 0.733188987 0.927753389
vt 0.732648075 0.92701
vt 0.733290434 0.93196249
vt 0.732779026 0.930560589
vt 0.732430518 0.930963874
vt 0.731860995 0.93216002
vt 0.32842347 0.704097748
vt 0.330472618 0.70433569
vt 0.330386817 0.693182588
vt 0.329215676 0.695139408
vt 0.336580992 0.728943229
vt 0.338937104 0.729224861
vt 0.33875826 0.718834221
vt 0.337116241 0.721059859
vt 0.306195199 0.690708756
vt 0.307411849 0.69078356
vt 0.308131099 0.684219658
vt 0.307347238 0.680235863
vt 0.334392786 0.668612897
vt 0.3345716 0.662621856
vt 0.332848191 0.662470937
vt 0.332106888 0.668803573
vt 0.0322799087 0.742998302
vt 0.0330566168 0.74092406
vt 0.0315331221 0.741799414
vt 0.0310953818 0.742855549
vt 0.268377513 0.707276404
vt 0.269400239 0.71425271
vt 0.271971822 0.71402353
vt 0.270806789 0.707394302
vt 0.314215332 0.683892012
vt 0.313763291 0.679455578
vt 0.307347238 0.680235863
vt 0.308131099 0.684219658
vt 0.708584726 0.980333209
vt 0.708418131 0.981571913
vt 0.709507227 0.981976986
vt 0.710225046 0.97872436
vt 0.708584726 0.980333209
vt 0.70785284 0.980317712
vt 0.707983375 0.981085837
vt 0.708418131 0.981571913
vt 0.728265285 0.939430833
vt 0.7269032 0.939430833
vt 0.726492524 0.940554619
vt 0.72868526 0.941111445
vt 0.288435578 0.721750259
vt 0.289315283 0.721760988
vt 0.289132386 0.711693525
vt 0.28793925 0.717807591
vt 0.271971822 0.70158428
vt 0.268222809 0.701457441
vt 0.268377513 0.707276404
vt 0.270806789 0.707394302
vt 0.256903529 0.729110539
vt 0.256886303 0.720059395
vt 0.254599482 0.721031189
vt 0.254187763 0.729632199
vt 0.346414149 0.6779809
vt 0.347198486 0.683813572
vt 0.348849922 0.69037807
vt 0.348539829 0.677626252
vt 0.112214915 0.708462119
vt 0.1125018 0.708141387
vt 0.11367321 0.707426012
vt 0.113806397 0.706864476
vt 0.0443490744 0.747208893
vt 0.0452293828 0.745671451
vt 0.0447188616 0.746242225
vt 0.0440165997 0.746859848
vt 0.0458666869 0.299583405
vt 0.0465739444 0.286904812
vt 0.0440622941 0.287562102
vt 0.0448306277 0.293930322
vt 0.162955076 0.0146517064
vt 0.165193409 0.0145372152
vt 0.166761503 0.00692238472
vt 0.162971094 0.0092486497
vt 0.0861025602 0.262710363
vt 0.0874567032 0.256692559
vt 0.0846856833 0.252855659
vt 0.0846449286 0.262636572
vt 0.202613473 0.061020501
vt 0.204567075 0.0612661391
vt 0.204307616 0.0536706448
vt 0.201111913 0.0542975925
vt 0.172708869 0.031817995
vt 0.173879594 0.0387478918
vt 0.176524401 0.0385786146
vt 0.175301731 0.0317896381
vt 0.0408085808 0.286831319
vt 0.0411585718 0.29963547
vt 0.042689234 0.293818802
vt 0.0440622941 0.287562102
vt 0.0869246274 0.31702444
vt 0.0832418948 0.316777557
vt 0.0835232511 0.322299004
vt 0.0857219845 0.322500437
vt 0.0835232511 0.322299004
vt 0.0853359848 0.328305632
vt 0.0867759734 0.328107983
vt 0.0857219845 0.322500437
vt 0.630864739 0.992244661
vt 0.632871807 0.990315914
vt 0.62926203 0.990662515
vt 0.629112363 0.992206275
vt 0.00744482875 0.291587532
vt 0.00823225081 0.298288554
vt 0.00878715795 0.304018438
vt 0.00978028402 0.291224748
vt 0.659509003 0.981394529
vt 0.660074532 0.979629576
vt 0.659772694 0.978087604
vt 0.658479452 0.978188336
vt 0.660618782 0.978638113
vt 0.659772694 0.978087604
vt 0.660074532 0.979629576
vt 0.661193967 0.979627311
vt 0.636370778 0.985142708
vt 0.635949671 0.981743693
vt 0.634643853 0.982378721
vt 0.63530606 0.984847784
vt 0.632149875 0.988159418
vt 0.632141113 0.989309311
vt 0.632871807 0.990315914
vt 0.632445753 0.987216413
vt 0.0343742967 0.730224907
vt 0.034249723 0.731617033
vt 0.0355429649 0.731516302
vt 0.0373941213 0.731482983
vt 0.0727741122 0.651472986
vt 0.072735846 0.653454959
vt 0.0745982528 0.653018415
vt 0.0744831562 0.651472986
vt 0.011262415 0.733971536
vt 0.00922019035 0.736569822
vt 0.0104141217 0.735807359
vt 0.0117199402 0.735172331
vt 0.0865823627 0.678433359
vt 0.0846379995 0.678392231
vt 0.0852557421 0.680360734
vt 0.0865823627 0.680411756
vt 0.711643457 0.960550368
vt 0.713389039 0.967191696
vt 0.714322209 0.965571582
vt 0.712774038 0.960134208
vt 0.684150338 0.972739458
vt 0.684370756 0.977469862
vt 0.684916377 0.97737366
vt 0.685365677 0.97265625
vt 0.187406942 0.0963220447
vt 0.185829386 0.0963508338
vt 0.185913131 0.09889929
vt 0.187078401 0.0989458412
vt 0.722330391 0.908755243
vt 0.724051774 0.902189612
vt 0.723020732 0.902217031
vt 0.721563578 0.907651246
vt 0.0283063203 0.339655787
vt 0.029447332 0.33943364
vt 0.0297091734 0.328311265
vt 0.0272726305 0.334308296
vt 0.0144812409 0.331411302
vt 0.01478751 0.325301975
vt 0.011473611 0.325742036
vt 0.0126839448 0.336676896
vt 0.0620882548 0.327249259
vt 0.0644473508 0.327634037
vt 0.0660417527 0.320177853
vt 0.062520422 0.319249183
vt 0.0885178 0.328563899
vt 0.0899139792 0.328421503
vt 0.0889240056 0.322961956
vt 0.0869802758 0.317138731
vt 0.062520422 0.319249183
vt 0.0660417527 0.320177853
vt 0.0633755699 0.316344351
vt 0.0620855838 0.316994756
vt 0.053593602 0.274977118
vt 0.0560092442 0.275958329
vt 0.0593626276 0.268709302
vt 0.0580293052 0.26719141
vt 0.0463255085 0.327240169
vt 0.0499847308 0.326915324
vt 0.0481677838 0.318060815
vt 0.0459769703 0.318405807
vt 0.630635023 0.990557373
vt 0.630593956 0.989317358
vt 0.629442871 0.987490058
vt 0.62911284 0.990662098
vt 0.631295145 0.988586903
vt 0.630859911 0.98775202
vt 0.630593956 0.989317358
vt 0.631379902 0.989736259
vt 0.0296922475 0.282781988
vt 0.02903153 0.288084537
vt 0.0299673229 0.288347751
vt 0.0314160734 0.282850236
vt 0.036816135 0.361886889
vt 0.0378054008 0.358693242
vt 0.0368012488 0.358854145
vt 0.0366437733 0.361941606
vt 0.00988657773 0.361002952
vt 0.0090020448 0.361216396
vt 0.00837896764 0.365034163
vt 0.0096787056 0.364749193
vt 0.034056738 0.36419484
vt 0.0324623138 0.364484936
vt 0.0324623138 0.367465705
vt 0.0338657647 0.367423147
vt 0.0823059678 0.717462301
vt 0.0835209787 0.71766001
vt 0.083523035 0.714403808
vt 0.0822491646 0.713792145
vt 0.0794742852 0.283894986
vt 0.0807099491 0.284116417
vt 0.0812759399 0.27252844
vt 0.0791429952 0.272703916
vt 0.0889080316 0.306974441
vt 0.0868816003 0.302102566
vt 0.088341251 0.312756866
vt 0.0896650106 0.312585026
vt 0.715350568 0.988277972
vt 0.715252578 0.989273012
vt 0.716202617 0.989096403
vt 0.715866566 0.987599313
vt 0.0911727101 0.32807216
vt 0.0929446295 0.316886634
vt 0.0908892304 0.322363943
vt 0.090348199 0.328016549
vt 0.0481493622 0.354652375
vt 0.0499917828 0.348202735
vt 0.0489211716 0.350991726
vt 0.0473052412 0.354215473
vt 0.0677898079 0.326678485
vt 0.0688287169 0.326581031
vt 0.068059586 0.32228905
vt 0.0660417527 0.320177853
vt 0.0909350216 0.728332102
vt 0.0909363627 0.724778354
vt 0.0896324515 0.725321352
vt 0.0898173451 0.728619933
vt 0.136254296 0.856370211
vt 0.135812372 0.859955668
vt 0.137643874 0.858561516
vt 0.138069004 0.856803358
vt 0.709213853 0.337872982
vt 0.708725691 0.343759626
vt 0.710382819 0.343874782
vt 0.711910188 0.333328485
vt 0.711982012 0.293129236
vt 0.71219337 0.287754655
vt 0.708727002 0.287625194
vt 0.709830523 0.293138742
vt 0.724246502 0.272927523
vt 0.7237041 0.267239392
vt 0.721988559 0.262366891
vt 0.722337365 0.273010671
vt 0.709830523 0.293138742
vt 0.708727002 0.298839688
vt 0.710710943 0.299061298
vt 0.711982012 0.293129236
vt 0.0364615135 0.305981338
vt 0.0347143263 0.302466631
vt 0.0311026257 0.303532809
vt 0.0318856016 0.307433248
vt 0.741882503 0.948883951
vt 0.741339445 0.948045909
vt 0.740879536 0.949583352
vt 0.742002308 0.95001334
vt 0.0386477672 0.348041594
vt 0.04030855 0.353523165
vt 0.0411620885 0.35326913
vt 0.0398418456 0.349333495
vt 0.0302386731 0.308358312
vt 0.0302161723 0.312941521
vt 0.0312606245 0.313003331
vt 0.0318856016 0.307433248
vt 0.0737463385 0.253634155
vt 0.0719734877 0.254631579
vt 0.0739112645 0.258318812
vt 0.0752746612 0.257959157
vt 0.0889984369 0.740566909
vt 0.0888062418 0.737420321
vt 0.0876841545 0.739141643
vt 0.0872761011 0.739923298
vt 0.649591982 0.328633159
vt 0.651011944 0.328744978
vt 0.651624918 0.31826219
vt 0.649258912 0.317326814
vt 0.720694005 0.329833835
vt 0.722510636 0.330035537
vt 0.722917676 0.318777949
vt 0.721709609 0.324181885
vt 0.703315258 0.338903397
vt 0.70135802 0.334100008
vt 0.702135742 0.34467122
vt 0.704093754 0.344586819
vt 0.0990298763 0.281679928
vt 0.0992367864 0.272550166
vt 0.0963049531 0.272920191
vt 0.0964111313 0.282213032
vt 0.0687057376 0.26432991
vt 0.0715155751 0.264738202
vt 0.0700333491 0.254493564
vt 0.0687021241 0.255145788
vt 0.741492391 0.983858049
vt 0.741378307 0.984996676
vt 0.74255985 0.984416962
vt 0.741972387 0.982945979
vt 0.0999065191 0.352059394
vt 0.101354897 0.344750613
vt 0.100007556 0.348160654
vt 0.098987177 0.351824373
vt 0.0376647264 0.313037485
vt 0.0387297422 0.3130171
vt 0.038705945 0.308416009
vt 0.0364615135 0.305981338
vt 0.0671236217 0.729345918
vt 0.0666128322 0.732890725
vt 0.0681673512 0.731571436
vt 0.0689098239 0.729630768
vt 0.0841492414 0.740173757
vt 0.08664608 0.73699367
vt 0.0847498029 0.737207413
vt 0.083622396 0.737810075
vt 0.596353292 0.662615955
vt 0.596330166 0.668305576
vt 0.597627342 0.674347639
vt 0.599139333 0.662583172
vt 0.600079358 0.633039534
vt 0.599754035 0.627576292
vt 0.597493887 0.627468944
vt 0.598286748 0.633129239
vt 0.598286748 0.633129239
vt 0.597493887 0.638877094
vt 0.598925471 0.639057159
vt 0.600079358 0.633039534
vt 0.579357386 0.725208044
vt 0.580854118 0.725174904
vt 0.579923093 0.72297138
vt 0.578974009 0.723376632
vt 0.603740871 0.664621413
vt 0.601849496 0.664305568
vt 0.602388382 0.676154256
vt 0.603593469 0.670407355
vt 0.647176564 0.979423583
vt 0.648463726 0.978111029
vt 0.648708403 0.976545751
vt 0.647383988 0.976088583
vt 0.732160628 0.993504226
vt 0.733407259 0.993038118
vt 0.733002722 0.991624832
vt 0.732294858 0.992286503
vt 0.64902705 0.979231119
vt 0.649411619 0.97841239
vt 0.648463726 0.978111029
vt 0.647176564 0.979423583
vt 0.649255693 0.977331817
vt 0.648708403 0.976545751
vt 0.648463726 0.978111029
vt 0.649411619 0.97841239
vt 0.580291152 0.672886014
vt 0.581231117 0.673030078
vt 0.5811885 0.664081275
vt 0.580044746 0.664533138
vt 0.541975617 0.702668428
vt 0.542282462 0.711690664
vt 0.543061018 0.711655319
vt 0.543319702 0.707596779
vt 0.144833714 0.852747619
vt 0.144840389 0.854062855
vt 0.146164805 0.854520023
vt 0.147820383 0.854608119
vt 0.148951083 0.857618093
vt 0.147820383 0.854608119
vt 0.14686802 0.856386662
vt 0.146483451 0.857205391
vt 0.59328264 0.719017148
vt 0.594777226 0.719093323
vt 0.595417559 0.71291244
vt 0.593282461 0.707054138
vt 0.506875932 0.709123969
vt 0.503781378 0.709123969
vt 0.503921866 0.714424431
vt 0.505173028 0.720489144
vt 0.604652166 0.64898169
vt 0.604538023 0.654452085
vt 0.605963826 0.654329598
vt 0.606607378 0.64857924
vt 0.604229093 0.719105959
vt 0.605863929 0.719035327
vt 0.605959713 0.70705384
vt 0.604412675 0.713243544
vt 0.574875474 0.741463125
vt 0.574075818 0.740905225
vt 0.573238432 0.743864834
vt 0.575022697 0.74310559
vt 0.647176564 0.979423583
vt 0.646613419 0.976088643
vt 0.645245612 0.976540864
vt 0.645465076 0.978103101
vt 0.727325857 0.991587043
vt 0.726909876 0.99274379
vt 0.728340268 0.993550837
vt 0.728223085 0.992291868
vt 0.644993782 0.979231119
vt 0.647176564 0.979423583
vt 0.645465076 0.978103101
vt 0.644602478 0.97840476
vt 0.644747138 0.977324605
vt 0.644602478 0.97840476
vt 0.645465076 0.978103101
vt 0.645245612 0.976540864
vt 0.606390476 0.644605339
vt 0.607862115 0.637447715
vt 0.606660366 0.640744805
vt 0.605517924 0.644313753
vt 0.527843237 0.72358942
vt 0.528798759 0.723695099
vt 0.52901262 0.719076097
vt 0.527595401 0.716184318
vt 0.580857813 0.729456246
vt 0.580854118 0.725174904
vt 0.579662681 0.727243364
vt 0.579375148 0.729281545
vt 0.577718735 0.726388931
vt 0.577593923 0.728985369
vt 0.579662681 0.727243364
vt 0.144074351 0.852747619
vt 0.141400963 0.853956401
vt 0.142702013 0.854515135
vt 0.144069821 0.854062915
vt 0.141400963 0.853956401
vt 0.140047133 0.857495606
vt 0.142058879 0.856379032
vt 0.142702013 0.854515135
vt 0.541350543 0.712598741
vt 0.543764055 0.712416828
vt 0.543335438 0.703176737
vt 0.541345417 0.706050873
vt 0.60396862 0.662846565
vt 0.602372646 0.662583232
vt 0.601849496 0.664305568
vt 0.603740871 0.664621413
vt 0.0551110841 0.265890747
vt 0.0576727241 0.26562348
vt 0.0597392432 0.256281257
vt 0.0555826984 0.25562346
vt 0.721384346 0.285665333
vt 0.723355889 0.285633624
vt 0.723163486 0.275680214
vt 0.721021414 0.273920953
vt 0.710137367 0.254099607
vt 0.709858179 0.263976753
vt 0.711945534 0.264175177
vt 0.713110507 0.258260459
vt 0.0555826984 0.25562346
vt 0.0597392432 0.256281257
vt 0.0584225282 0.252971858
vt 0.0542462207 0.254887462
vt 0.0138656022 0.32334891
vt 0.0175485872 0.324394733
vt 0.0149256056 0.313340724
vt 0.013713792 0.314617962
vt 0.722747386 0.988754272
vt 0.722288668 0.987823606
vt 0.721647739 0.990173459
vt 0.722867131 0.989893377
vt 0.106673196 0.296185523
vt 0.107769564 0.296185523
vt 0.107847027 0.286860377
vt 0.106194958 0.287446856
vt 0.0542462207 0.254887462
vt 0.0536070615 0.264287263
vt 0.0546677262 0.264324099
vt 0.0549897216 0.260272115
vt 0.747080684 0.921146393
vt 0.74592644 0.921281636
vt 0.746088743 0.922694385
vt 0.747080684 0.923684716
vt 0.732456207 0.318102568
vt 0.729868531 0.318087667
vt 0.731157362 0.323377103
vt 0.732456207 0.323199838
vt 0.699890196 0.330475181
vt 0.696411729 0.330147237
vt 0.696831226 0.335474432
vt 0.69781065 0.341790348
vt 0.0986156911 0.327227414
vt 0.0989485234 0.317047447
vt 0.0959889144 0.317308962
vt 0.0959874615 0.327113241
vt 0.0544186383 0.352637202
vt 0.0558519587 0.345517099
vt 0.0545993038 0.348845512
vt 0.0535139591 0.352444381
vt 0.107931249 0.33821106
vt 0.106471255 0.337782234
vt 0.106824115 0.342013091
vt 0.107963935 0.34197852
vt 0.089682579 0.724342406
vt 0.0908947587 0.724653304
vt 0.0909406543 0.721308053
vt 0.0896320343 0.720728338
vt 0.0789800435 0.677559853
vt 0.07929492 0.67658025
vt 0.0777463317 0.676428974
vt 0.077257216 0.678221047
vt 0.0807461143 0.680180967
vt 0.0799167752 0.678624213
vt 0.0789800435 0.677559853
vt 0.0773887038 0.679977238
vt 0.0384892896 0.725096643
vt 0.0385324359 0.721535027
vt 0.0372185707 0.72209686
vt 0.0372957252 0.725409746
vt 0.112106778 0.668105304
vt 0.113537043 0.669599652
vt 0.114766717 0.667975843
vt 0.113110185 0.66669184
vt 0.0477840304 0.743782938
vt 0.0477840304 0.746302664
vt 0.0494593382 0.746121228
vt 0.0496177077 0.744485915
vt 0.194455385 0.78892988
vt 0.192254633 0.79020071
vt 0.192844927 0.801234543
vt 0.194292426 0.801304996
vt 0.137312993 0.00903008319
vt 0.137296721 0.00856505428
vt 0.136091813 0.00823347364
vt 0.135049686 0.00852523837
vt 0.746607423 0.917361736
vt 0.745378494 0.917617083
vt 0.745352268 0.918474376
vt 0.746607423 0.918940842
vt 0.636021733 0.877389908
vt 0.634450018 0.877227008
vt 0.633913875 0.880482674
vt 0.635171533 0.880719125
vt 0.247818753 0.043237254
vt 0.247637153 0.0457056388
vt 0.248298869 0.0453628749
vt 0.248298869 0.043783769
vt 0.138266757 0.00807159021
vt 0.136069164 0.00767068658
vt 0.136091813 0.00823347364
vt 0.137296721 0.00856505428
vt 0.238156781 0.0111706117
vt 0.239064321 0.0117202858
vt 0.239064321 0.00933496747
vt 0.238167211 0.0095637897
vt 0.120198011 0.701272786
vt 0.11990083 0.69936949
vt 0.120089881 0.697694659
vt 0.118191957 0.698669016
vt 0.200450078 0.817652643
vt 0.20214428 0.817610204
vt 0.204333574 0.805508792
vt 0.200558096 0.805243134
vt 0.74519062 0.935026705
vt 0.745240271 0.937042594
vt 0.746690631 0.937132955
vt 0.746744335 0.934846103
vt 0.738963008 0.891882062
vt 0.73900938 0.897159934
vt 0.739987373 0.896283329
vt 0.739341319 0.891581774
vt 0.670338809 0.985174179
vt 0.67136395 0.985150456
vt 0.670342684 0.981800735
vt 0.669603527 0.982329726
vt 0.165234104 0.81513083
vt 0.165219337 0.826183319
vt 0.16678679 0.826113999
vt 0.167791307 0.813952029
vt 0.198441595 0.0269886851
vt 0.198592409 0.0243205875
vt 0.196825787 0.0243846029
vt 0.196269333 0.0262283739
vt 0.138026223 0.00854007993
vt 0.137296721 0.00856505428
vt 0.137312993 0.00903008319
vt 0.139779299 0.0095312614
vt 0.715846777 0.981001139
vt 0.715251982 0.98231703
vt 0.716261089 0.982183099
vt 0.717015028 0.980885327
vt 0.715846777 0.981001139
vt 0.717015028 0.980885327
vt 0.717470407 0.978037238
vt 0.715627313 0.977520466
vt 0.219582066 0.108843073
vt 0.220368192 0.108336255
vt 0.217556685 0.108094685
vt 0.217952535 0.108605132
vt 0.248776585 0.0380347744
vt 0.248799607 0.0361498445
vt 0.24788408 0.0362066478
vt 0.247735187 0.0370184034
vt 0.119333744 0.638436496
vt 0.119569711 0.63598001
vt 0.118309438 0.636685789
vt 0.117622495 0.638593495
vt 0.207898006 0.81745404
vt 0.208108217 0.804984331
vt 0.204422683 0.805503845
vt 0.206344932 0.817581773
vt 0.198516503 0.0942472816
vt 0.200116098 0.0943667889
vt 0.199996576 0.0921038836
vt 0.198232934 0.0920154303
vt 0.641088665 0.883501709
vt 0.639570057 0.882970989
vt 0.640609205 0.890323758
vt 0.641208053 0.89017266
vt 0.698316634 0.968095243
vt 0.696863532 0.967922091
vt 0.696566403 0.978124142
vt 0.698327363 0.976479113
vt 0.656132877 0.977029681
vt 0.656731129 0.967430592
vt 0.65512532 0.967853487
vt 0.654687762 0.975599766
vt 0.181911424 0.805131018
vt 0.182045221 0.789818048
vt 0.180061504 0.790713489
vt 0.180610448 0.803580999
vt 0.423897356 0.529817104
vt 0.424097329 0.527592182
vt 0.42167756 0.528521478
vt 0.421365321 0.530689716
vt 0.735242665 0.949076295
vt 0.7336514 0.94934088
vt 0.734698772 0.951682508
vt 0.735979199 0.950468719
vt 0.421365321 0.530689716
vt 0.422243387 0.536682546
vt 0.424779624 0.536350012
vt 0.423897356 0.529817104
vt 0.414659411 0.528379738
vt 0.411296576 0.52827549
vt 0.412908614 0.530394375
vt 0.415117413 0.530510902
vt 0.735967517 0.953801095
vt 0.736181319 0.952144444
vt 0.734698772 0.951682508
vt 0.734229386 0.953502297
vt 0.721833229 0.979769409
vt 0.723228872 0.978661656
vt 0.723922312 0.977146924
vt 0.722790778 0.976332366
vt 0.68791312 0.993171275
vt 0.689615309 0.992740035
vt 0.68894434 0.991258025
vt 0.687913954 0.991027236
vt 0.724301875 0.978104353
vt 0.723922312 0.977146924
vt 0.723228872 0.978661656
vt 0.724211454 0.979259789
vt 0.648392379 0.986759305
vt 0.64735049 0.987134397
vt 0.647645712 0.988411903
vt 0.649012029 0.988011956
vt 0.733675778 0.925429642
vt 0.731853187 0.922278702
vt 0.730706453 0.923294067
vt 0.732227981 0.925429106
vt 0.648491263 0.985608578
vt 0.648392379 0.986759305
vt 0.649012029 0.988011956
vt 0.648978651 0.984733164
vt 0.10769254 0.66294986
vt 0.105640113 0.66294986
vt 0.106009662 0.665111125
vt 0.107655525 0.66486913
vt 0.107069612 0.674452484
vt 0.105105177 0.677885771
vt 0.106476724 0.676722705
vt 0.107623458 0.6757074
vt 0.111883998 0.675229728
vt 0.109847426 0.675153434
vt 0.110468328 0.677153528
vt 0.111883998 0.677299559
vt 0.67166847 0.962837636
vt 0.670798481 0.962561607
vt 0.670798481 0.966593266
vt 0.671911061 0.966098666
vt 0.740974545 0.967378736
vt 0.740299761 0.96313262
vt 0.740076721 0.963273704
vt 0.739550173 0.967421412
vt 0.632428825 0.96274662
vt 0.632208049 0.962687969
vt 0.632208049 0.966530144
vt 0.633288324 0.966335654
vt 0.709554374 0.8892349
vt 0.711860776 0.882343709
vt 0.711124063 0.883017421
vt 0.708983958 0.887999713
vt 0.71264869 0.881964624
vt 0.712080121 0.878725827
vt 0.710877001 0.878876865
vt 0.711860776 0.882343709
vt 0.57876575 0.647823811
vt 0.578571081 0.641172171
vt 0.575942159 0.64354682
vt 0.577065408 0.648674309
vt 0.581331432 0.642151594
vt 0.580543458 0.642389953
vt 0.579096675 0.643736959
vt 0.583184838 0.648015082
vt 0.615013838 0.680733204
vt 0.615145862 0.674916446
vt 0.613311708 0.674732387
vt 0.613630891 0.680575728
vt 0.136574119 0.840942919
vt 0.136751801 0.836690068
vt 0.135246158 0.836533487
vt 0.135223061 0.842484593
vt 0.211686403 0.774995506
vt 0.20806089 0.77390188
vt 0.20799455 0.775512934
vt 0.212437287 0.775165081
vt 0.210438251 0.771028697
vt 0.211686403 0.774995506
vt 0.212437287 0.775165081
vt 0.210963696 0.769392312
vt 0.230624586 0.811219394
vt 0.228660613 0.81092304
vt 0.229685694 0.812392533
vt 0.231161863 0.812688887
vt 0.134101287 0.848529696
vt 0.133840352 0.852660537
vt 0.135431856 0.852645755
vt 0.135035768 0.848442674
vt 0.647033811 0.984476984
vt 0.648315132 0.984246612
vt 0.64928329 0.981800556
vt 0.647966444 0.981255174
vt 0.74065882 0.933881938
vt 0.739962637 0.93294853
vt 0.740109205 0.936272383
vt 0.740786552 0.935057104
vt 0.609521389 0.781121731
vt 0.606739044 0.780571163
vt 0.608277738 0.781991005
vt 0.60942179 0.782273293
vt 0.58198154 0.852047682
vt 0.582291722 0.852128625
vt 0.582291722 0.851063251
vt 0.581868351 0.850970864
vt 0.572741866 0.641641378
vt 0.571634769 0.648262858
vt 0.573835254 0.648773074
vt 0.575942159 0.64354682
vt 0.520537674 0.853431821
vt 0.518935502 0.852515042
vt 0.519832969 0.855272651
vt 0.520086825 0.855785012
vt 0.540534616 0.727868974
vt 0.539493322 0.721873522
vt 0.537517011 0.722141147
vt 0.537634671 0.729343653
vt 0.61128509 0.636398375
vt 0.61148262 0.642258167
vt 0.612901986 0.642096639
vt 0.613356709 0.636079073
vt 0.533573508 0.700768113
vt 0.540197611 0.702288747
vt 0.5402565 0.701049209
vt 0.534026802 0.698341966
vt 0.195510477 0.810968935
vt 0.19687441 0.81020081
vt 0.195503443 0.807139099
vt 0.193658844 0.80792135
vt 0.232970715 0.856982827
vt 0.232192159 0.856941462
vt 0.232849091 0.860636413
vt 0.234241337 0.86092031
vt 0.181099623 0.820368767
vt 0.181925535 0.818204105
vt 0.178577572 0.819412172
vt 0.179022521 0.820980787
vt 0.669603169 0.98251462
vt 0.668839872 0.979061961
vt 0.667756736 0.979628026
vt 0.668149948 0.982689977
vt 0.667039812 0.980576456
vt 0.666980207 0.981742144
vt 0.668149948 0.982689977
vt 0.667756736 0.979628026
vt 0.523405075 0.860248923
vt 0.522336066 0.858924627
vt 0.52323544 0.861510873
vt 0.524030447 0.861254692
vt 0.615018249 0.779230118
vt 0.615151465 0.7781322
vt 0.614619792 0.778278947
vt 0.614619792 0.779352307
vt 0.517739177 0.836911917
vt 0.516944885 0.836006403
vt 0.516944885 0.837929726
vt 0.517401695 0.837944031
vt 0.0175775271 0.739098728
vt 0.0182766896 0.739090502
vt 0.0182766896 0.737575591
vt 0.0175775271 0.737583935
vt 0.0496177077 0.746507108
vt 0.0496441722 0.748204172
vt 0.0504701585 0.748148084
vt 0.0505550876 0.746467829
vt 0.0654368997 0.737054765
vt 0.0654368997 0.735147417
vt 0.0648779869 0.735155642
vt 0.0648653507 0.737062395
vt 0.0139555912 0.739873946
vt 0.0139589291 0.734026492
vt 0.0121925455 0.733971655
vt 0.0121912593 0.739893556
vt 0.116058163 0.644500315
vt 0.117837906 0.638701022
vt 0.116220117 0.638701022
vt 0.116168022 0.641797483
vt 0.467508078 0.741107106
vt 0.467401415 0.738758326
vt 0.465615511 0.738795877
vt 0.465472937 0.741188884
vt 0.0428729653 0.675518453
vt 0.0428729653 0.679468691
vt 0.0433888435 0.679496825
vt 0.043389082 0.675546944
vt 0.116394684 0.655878305
vt 0.116742253 0.651279628
vt 0.114492714 0.651279628
vt 0.114645757 0.655606329
vt 0.0417348742 0.723030746
vt 0.0417348742 0.724545896
vt 0.0424466133 0.724552214
vt 0.0424466133 0.723037183
vt 0.0881515816 0.746178746
vt 0.0872769952 0.746165216
vt 0.0873028636 0.747995913
vt 0.0881571472 0.748008668
vt 0.0469965972 0.692949891
vt 0.047750257 0.692901254
vt 0.0477359667 0.690648258
vt 0.0469822958 0.690998256
vt 0.0983829945 0.727054417
vt 0.101320729 0.728010893
vt 0.101702392 0.722611606
vt 0.0975864977 0.722626328
vt 0.038363874 0.741584599
vt 0.0383779109 0.744526327
vt 0.0400855243 0.74441427
vt 0.0400518775 0.741584599
vt 0.477466166 0.660329998
vt 0.477330655 0.658036172
vt 0.475690395 0.657896757
vt 0.475517571 0.660206616
vt 0.898984134 0.105938964
vt 0.898156762 0.105902314
vt 0.898168743 0.106840841
vt 0.898996115 0.106876165
vt 0.0304132681 0.743974268
vt 0.0304132681 0.742569506
vt 0.0294378977 0.74258393
vt 0.0294376593 0.743989646
vt 0.0590174124 0.740971386
vt 0.0572218448 0.741588354
vt 0.0571746677 0.743836224
vt 0.0590450093 0.744317949
vt 0.042130474 0.744307995
vt 0.043922063 0.743667841
vt 0.043970827 0.741396546
vt 0.0421031713 0.740929842
vt 0.121390872 0.65350312
vt 0.121428668 0.655796945
vt 0.122257911 0.655795276
vt 0.122359082 0.653502345
vt 0.0844712853 0.644067943
vt 0.0829313993 0.645320594
vt 0.0861958265 0.645486057
vt 0.0861859918 0.644857943
vt 0.100963563 0.696362555
vt 0.100936502 0.696978986
vt 0.103829592 0.696936667
vt 0.102227896 0.695602
vt 0.109164566 0.685041845
vt 0.110846609 0.685892045
vt 0.110846609 0.681572616
vt 0.10949859 0.681202829
vt 0.00728833675 0.742767036
vt 0.00728833675 0.740640223
vt 0.0056489706 0.741125882
vt 0.00578641891 0.742715776
vt 0.00926446915 0.727379858
vt 0.00925517082 0.72913748
vt 0.00988084078 0.729180634
vt 0.00988084078 0.727354348
vt 0.194103882 0.507148921
vt 0.192022964 0.506886303
vt 0.191170201 0.509590209
vt 0.193633601 0.509896815
vt 0.19028829 0.51359576
vt 0.19313316 0.514170587
vt 0.130306825 0.540763557
vt 0.131460831 0.538530052
vt 0.130827591 0.538327515
vt 0.129377708 0.540860951
vt 0.81618911 0.579452455
vt 0.814639986 0.579828203
vt 0.814630628 0.580648363
vt 0.816447377 0.580167115
vt 0.644252419 0.556508362
vt 0.643214345 0.556499064
vt 0.643162429 0.560518444
vt 0.644287229 0.56058532
vt 0.804312646 0.713360131
vt 0.804680824 0.712137878
vt 0.80427748 0.712116301
vt 0.804111123 0.71301204
vt 0.140203938 0.531676471
vt 0.13773559 0.531530559
vt 0.138269886 0.533896506
vt 0.139995441 0.534448683
vt 0.141913399 0.53396219
vt 0.142603323 0.531557381
vt 0.653200626 0.976818442
vt 0.654080927 0.97651875
vt 0.654014587 0.975912571
vt 0.652773023 0.97560811
vt 0.720906615 0.976530552
vt 0.71945858 0.976765871
vt 0.719745696 0.978480935
vt 0.721294165 0.978054047
vt 0.627470255 0.906051636
vt 0.62875402 0.905929208
vt 0.628822505 0.9048177
vt 0.627562582 0.905115485
vt 0.742902577 0.967848659
vt 0.741757691 0.967772245
vt 0.74123913 0.96908617
vt 0.742438376 0.969102025
vt 0.654998958 0.97631669
vt 0.655031443 0.975713134
vt 0.654014587 0.975912571
vt 0.654080927 0.97651875
vt 0.653200626 0.976818442
vt 0.653497875 0.977891564
vt 0.65462935 0.97735095
vt 0.654080927 0.97651875
vt 0.720410764 0.980063796
vt 0.72164315 0.979512453
vt 0.721294165 0.978054047
vt 0.719745696 0.978480935
vt 0.654080927 0.97651875
vt 0.65462935 0.97735095
vt 0.655392945 0.977252364
vt 0.654998958 0.97631669
vt 0.651863575 0.975561857
vt 0.652331471 0.976982117
vt 0.653200626 0.976818442
vt 0.652773023 0.97560811
vt 0.63126719 0.979766488
vt 0.630994439 0.980157733
vt 0.6309641 0.980362535
vt 0.631365955 0.980362535
vt 0.735842586 0.908914328
vt 0.736318111 0.908698797
vt 0.736335158 0.907714009
vt 0.735842586 0.907832861
vt 0.736335158 0.907714009
vt 0.736318111 0.908698797
vt 0.736413956 0.908732653
vt 0.736483932 0.9077456
vt 0.682053804 0.949207902
vt 0.681711018 0.949157238
vt 0.681822479 0.950138569
vt 0.682053804 0.95033741
vt 0.651382923 0.979771495
vt 0.651057303 0.97976625
vt 0.65106827 0.979887247
vt 0.651382923 0.980308533
vt 0.653915882 0.975085139
vt 0.653799117 0.974407792
vt 0.652659774 0.974201202
vt 0.652752221 0.974813938
vt 0.653915882 0.975085139
vt 0.654014587 0.975912571
vt 0.655031443 0.975713134
vt 0.655203581 0.974909782
vt 0.804111123 0.71301204
vt 0.802691042 0.713353693
vt 0.802763522 0.713735878
vt 0.804312646 0.713360131
vt 0.644354999 0.553736866
vt 0.643214345 0.556499064
vt 0.644252419 0.556508362
vt 0.643421769 0.553165138
vt 0.644575775 0.550931633
vt 0.190929577 0.521730006
vt 0.189359114 0.52215606
vt 0.189359114 0.524976909
vt 0.192144319 0.525063574
vt 0.192241296 0.521865427
vt 0.192707166 0.51782316
vt 0.189445004 0.520818532
vt 0.189786956 0.517544687
vt 0.19028829 0.51359576
vt 0.19313316 0.514170587
vt 0.70535624 0.534267008
vt 0.706529498 0.534443438
vt 0.706856966 0.530380785
vt 0.70582211 0.530224741
vt 0.103829592 0.696936667
vt 0.103731602 0.694063008
vt 0.102668136 0.694032967
vt 0.102227896 0.695602
vt 0.109823912 0.717795432
vt 0.108071655 0.717795432
vt 0.10867545 0.720864952
vt 0.10972175 0.720835865
vt 0.0738520622 0.703035533
vt 0.0744063258 0.706116378
vt 0.0752533078 0.706200182
vt 0.075273037 0.703072608
vt 0.0829313993 0.639354765
vt 0.0833460093 0.642521679
vt 0.0844373107 0.642496288
vt 0.0847563148 0.639447033
vt 0.10972175 0.720835865
vt 0.10867545 0.720864952
vt 0.108378142 0.722427785
vt 0.10972175 0.722395718
vt 0.0833460093 0.642521679
vt 0.0829313993 0.645320594
vt 0.0844712853 0.644067943
vt 0.0844373107 0.642496288
vt 0.0744063258 0.706116378
vt 0.0739967823 0.708993614
vt 0.075273037 0.709022582
vt 0.0752533078 0.706200182
vt 0.200617418 0.591383874
vt 0.201203987 0.590493381
vt 0.197666273 0.589943707
vt 0.198286816 0.591160595
vt 0.64428556 0.567862451
vt 0.644226849 0.564565241
vt 0.643086731 0.56458503
vt 0.643119514 0.567878306
vt 0.64434576 0.56920594
vt 0.643139005 0.569205344
vt 0.643148303 0.572010815
vt 0.644275308 0.572013319
vt 0.15497373 0.605528891
vt 0.15479444 0.605287492
vt 0.153735206 0.604957044
vt 0.153516874 0.605290234
vt 0.639522731 0.597688913
vt 0.64126575 0.598467946
vt 0.641507447 0.595767617
vt 0.640393674 0.596455097
vt 0.209813103 0.608594596
vt 0.210116133 0.608762443
vt 0.210987076 0.607528627
vt 0.210420176 0.607007325
vt 0.162854418 0.618119299
vt 0.162845895 0.619290054
vt 0.16454576 0.616571367
vt 0.163213775 0.616916239
vt 0.221844718 0.607557356
vt 0.219931647 0.607557356
vt 0.220615193 0.608827412
vt 0.222063228 0.608592093
vt 0.639219701 0.599062443
vt 0.640755117 0.599812031
vt 0.64126575 0.598467946
vt 0.639522731 0.597688913
vt 0.21070753 0.568451107
vt 0.209681436 0.568556011
vt 0.208959088 0.569760978
vt 0.211249813 0.56973511
vt 0.694241166 0.946258068
vt 0.695290923 0.946473241
vt 0.695396543 0.945471883
vt 0.694456756 0.945311785
vt 0.738971889 0.91942656
vt 0.739262879 0.919409037
vt 0.739262879 0.917515635
vt 0.738800943 0.917686701
vt 0.695290923 0.946473241
vt 0.695507646 0.94807601
vt 0.695716023 0.948044658
vt 0.695716023 0.946023464
vt 0.737973511 0.91949141
vt 0.738971889 0.91942656
vt 0.738800943 0.917686701
vt 0.737708509 0.917493224
vt 0.667151749 0.986962438
vt 0.667166829 0.986347675
vt 0.666753471 0.986460924
vt 0.666774213 0.987467527
vt 0.668119669 0.98743403
vt 0.668183744 0.986401916
vt 0.667166829 0.986347675
vt 0.667151749 0.986962438
vt 0.216006204 0.615202248
vt 0.215998039 0.616122186
vt 0.216540441 0.616329491
vt 0.216540441 0.614545405
vt 0.642824411 0.970181227
vt 0.643059731 0.969663262
vt 0.642649531 0.969527483
vt 0.642649531 0.97019577
vt 0.735521019 0.880802989
vt 0.735710442 0.880530477
vt 0.735710442 0.879913688
vt 0.735407174 0.880366802
vt 0.668119669 0.98743403
vt 0.668446481 0.98731041
vt 0.668699324 0.987031817
vt 0.668183744 0.986401916
vt 0.699799538 0.980678082
vt 0.699231267 0.981508732
vt 0.699481905 0.981707454
vt 0.699998796 0.981626868
vt 0.791808426 0.727316618
vt 0.791753471 0.728648424
vt 0.792166829 0.728535175
vt 0.792358279 0.727316618
vt 0.660666525 0.990283132
vt 0.660502315 0.990285039
vt 0.660502315 0.99053669
vt 0.660663545 0.990548372
vt 0.708579838 0.956760645
vt 0.708574653 0.955485225
vt 0.708313882 0.955507159
vt 0.708313882 0.956909537
vt 0.694496572 0.948144555
vt 0.695507646 0.94807601
vt 0.695290923 0.946473241
vt 0.694241166 0.946258068
vt 0.232747391 0.606550157
vt 0.232972816 0.603020728
vt 0.230697945 0.603008926
vt 0.231534079 0.606458485
vt 0.230953291 0.606024683
vt 0.193389282 0.510088265
vt 0.194103882 0.507148921
vt 0.19341521 0.505591691
vt 0.191984221 0.509208024
vt 0.231175259 0.608704031
vt 0.232882097 0.60860604
vt 0.232747391 0.606550157
vt 0.231534079 0.606458485
vt 0.230998948 0.606664717
vt 0.230953291 0.606024683
vt 0.190344498 0.509328425
vt 0.189846918 0.511911929
vt 0.191254899 0.512338459
vt 0.191231176 0.509556353
vt 0.191675827 0.510091603
vt 0.707218826 0.519550502
vt 0.707711875 0.516707242
vt 0.706530154 0.517993271
vt 0.708096862 0.519130647
vt 0.707660675 0.522420585
vt 0.706748545 0.522298396
vt 0.707168639 0.526648462
vt 0.706248105 0.526572168
vt 0.70582211 0.530224741
vt 0.706856966 0.530380785
vt 0.209537193 0.56785816
vt 0.208959088 0.567509472
vt 0.208959088 0.569760978
vt 0.209681436 0.568556011
vt 0.191973194 0.505487621
vt 0.190344498 0.509328425
vt 0.191231176 0.509556353
vt 0.191984221 0.509208024
vt 0.19341521 0.505591691
vt 0.668923318 0.98777318
vt 0.668699324 0.987031817
vt 0.668446481 0.98731041
vt 0.668844819 0.987872243
vt 0.69898808 0.982337356
vt 0.699208081 0.982321143
vt 0.699231267 0.981508732
vt 0.69898808 0.981563568
vt 0.699208081 0.982321143
vt 0.699336708 0.982409954
vt 0.699481905 0.981707454
vt 0.699231267 0.981508732
vt 0.699307024 0.980808973
vt 0.69898808 0.981563568
vt 0.699231267 0.981508732
vt 0.699799538 0.980678082
vt 0.677902162 0.597362101
vt 0.675648153 0.59758383
vt 0.676132858 0.599269927
vt 0.678029239 0.599132121
vt 0.191984221 0.509208024
vt 0.191675827 0.510091603
vt 0.193256959 0.510716498
vt 0.193389282 0.510088265
vt 0.650112927 0.615349829
vt 0.650042832 0.61754328
vt 0.651962399 0.617612302
vt 0.651880264 0.615468919
vt 0.133596286 0.546653807
vt 0.133545503 0.544029891
vt 0.131712183 0.544884622
vt 0.131707236 0.546932638
vt 0.131712183 0.544884622
vt 0.133545503 0.544029891
vt 0.132605359 0.540005744
vt 0.131240055 0.541335285
vt 0.824799538 0.722865582
vt 0.824527681 0.721563935
vt 0.824085534 0.721722126
vt 0.824307024 0.722996473
vt 0.211263344 0.56739372
vt 0.210728452 0.567794621
vt 0.21070753 0.568451107
vt 0.211249813 0.56973511
vt 0.819456756 0.687499285
vt 0.820396543 0.687659383
vt 0.820580244 0.68634069
vt 0.819749892 0.686201215
vt 0.801519394 0.70324409
vt 0.802486479 0.703306079
vt 0.802282214 0.702020526
vt 0.801519394 0.702023745
vt 0.147748336 0.612298548
vt 0.147818431 0.61457473
vt 0.149585769 0.61469382
vt 0.149425849 0.612670958
vt 0.635703385 0.549830496
vt 0.635890782 0.547428906
vt 0.634001732 0.547707736
vt 0.633910179 0.54988116
vt 0.735267282 0.611562669
vt 0.735176563 0.609381139
vt 0.733469725 0.609479129
vt 0.733439088 0.611625254
vt 0.691668391 0.515060008
vt 0.693286777 0.515283287
vt 0.693549395 0.513113558
vt 0.692141414 0.512687027
vt 0.195273027 0.522330701
vt 0.193414554 0.522041857
vt 0.193120942 0.525203884
vt 0.194928333 0.525463402
vt 0.12748687 0.556800663
vt 0.127712294 0.559603751
vt 0.130033359 0.559609234
vt 0.130024061 0.556803763
vt 0.103731602 0.694063008
vt 0.103829592 0.690975845
vt 0.10210523 0.691002071
vt 0.102668136 0.694032967
vt 0.201213643 0.594265997
vt 0.200318024 0.593008816
vt 0.197773322 0.593079388
vt 0.196877763 0.593929946
vt 0.15497373 0.605528891
vt 0.156549558 0.605319798
vt 0.156328484 0.604970038
vt 0.15479444 0.605287492
vt 0.129971787 0.552183449
vt 0.127419338 0.552223623
vt 0.127509996 0.555510223
vt 0.13000457 0.555476725
vt 0.12748687 0.556800663
vt 0.130024061 0.556803763
vt 0.643086731 0.56458503
vt 0.644226849 0.564565241
vt 0.644287229 0.56058532
vt 0.643162429 0.560518444
vt 0.130306825 0.540763557
vt 0.129377708 0.540860951
vt 0.127670154 0.544181168
vt 0.130099401 0.544097483
vt 0.128381416 0.54538089
vt 0.138024732 0.537219346
vt 0.139995441 0.534448683
vt 0.138269886 0.533896506
vt 0.139917836 0.537553251
vt 0.137824222 0.541480482
vt 0.139885172 0.541415751
vt 0.13773559 0.545229018
vt 0.139896199 0.54529947
vt 0.137878224 0.549302161
vt 0.139736041 0.549375355
vt 0.142001018 0.545274317
vt 0.142076477 0.541525662
vt 0.141866907 0.549344599
vt 0.139896199 0.54529947
vt 0.139736041 0.549375355
vt 0.139917836 0.537553251
vt 0.139885172 0.541415751
vt 0.142021045 0.537280142
vt 0.139995441 0.534448683
vt 0.141913399 0.53396219
vt 0.706529498 0.534443438
vt 0.70535624 0.534267008
vt 0.705259264 0.537465155
vt 0.706235886 0.537605464
vt 0.710781217 0.602345288
vt 0.710523605 0.60364908
vt 0.710888267 0.605480969
vt 0.711401761 0.603562176
vt 0.714318931 0.602894962
vt 0.713732362 0.603785455
vt 0.713432968 0.605410397
vt 0.714322269 0.604218543
vt 0.163213775 0.616916239
vt 0.16454576 0.616571367
vt 0.164597318 0.615720689
vt 0.162845895 0.616098225
vt 0.210987076 0.607528627
vt 0.212100849 0.606841147
vt 0.212159082 0.606173575
vt 0.210420176 0.607007325
vt 0.223025665 0.608780682
vt 0.223216698 0.607646406
vt 0.221844718 0.607557356
vt 0.222063228 0.608592093
vt 0.15495573 0.606469333
vt 0.15497373 0.605528891
vt 0.153516874 0.605290234
vt 0.153816387 0.606262743
vt 0.836480558 0.807962179
vt 0.83572644 0.808234334
vt 0.835774362 0.809256554
vt 0.83651191 0.809454322
vt 0.836674869 0.807980537
vt 0.836480558 0.807962179
vt 0.83651191 0.809454322
vt 0.836674869 0.809480667
vt 0.836674869 0.809480667
vt 0.83651191 0.809454322
vt 0.836322129 0.810601473
vt 0.836489141 0.81066823
vt 0.127986476 0.541161835
vt 0.12870346 0.540973604
vt 0.128982767 0.538713038
vt 0.128249034 0.539003193
vt 0.770141661 0.668207228
vt 0.768857896 0.668329656
vt 0.769213796 0.668929517
vt 0.770411193 0.66845566
vt 0.782935083 0.534636319
vt 0.782287657 0.534547985
vt 0.780810952 0.537282407
vt 0.7814852 0.537169755
vt 0.816932023 0.578420699
vt 0.816557288 0.578230202
vt 0.81618911 0.579452455
vt 0.816447377 0.580167115
vt 0.162523136 0.584339559
vt 0.162533209 0.58518225
vt 0.164787218 0.58496052
vt 0.164339885 0.583858311
vt 0.7814852 0.537169755
vt 0.780810952 0.537282407
vt 0.779843867 0.539611042
vt 0.779777646 0.540489972
vt 0.779579341 0.542103469
vt 0.779629827 0.542650163
vt 0.780488908 0.541689694
vt 0.780010104 0.541649878
vt 0.780010104 0.541649878
vt 0.780488908 0.541689694
vt 0.779777646 0.540489972
vt 0.779660523 0.541095912
vt 0.653799117 0.974407792
vt 0.653915882 0.975085139
vt 0.655203581 0.974909782
vt 0.655030251 0.974224448
vt 0.654014587 0.975912571
vt 0.653915882 0.975085139
vt 0.652752221 0.974813938
vt 0.652773023 0.97560811
vt 0.651863575 0.975561857
vt 0.652773023 0.97560811
vt 0.652659774 0.974201202
vt 0.651805937 0.973946691
vt 0.0720579028 0.719486296
vt 0.0703961253 0.720273674
vt 0.0703734159 0.720902264
vt 0.073649168 0.720737994
vt 0.0460082889 0.719745457
vt 0.0446974635 0.718955934
vt 0.0430163741 0.720254004
vt 0.0459628701 0.720360935
vt 0.110770553 0.689755142
vt 0.110436171 0.685916126
vt 0.109088629 0.686290324
vt 0.109088629 0.690610349
vt 0.112276763 0.71637255
vt 0.113752216 0.716809452
vt 0.113748759 0.715223849
vt 0.112276763 0.714227021
vt 0.0460082889 0.719745457
vt 0.0459628701 0.720360935
vt 0.0476285815 0.720423639
vt 0.0476027131 0.719795525
vt 0.159804866 0.535344899
vt 0.162057087 0.538189709
vt 0.162008271 0.535395563
vt 0.159521446 0.538128436
vt 0.161862835 0.542244375
vt 0.159060523 0.54240638
vt 0.15878807 0.546077669
vt 0.161658272 0.546220601
vt 0.161364958 0.549505174
vt 0.158655986 0.550144732
vt 0.159930333 0.550198138
vt 0.161196575 0.550839603
vt 0.158370003 0.553325593
vt 0.160999879 0.553636849
vt 0.162866697 0.534890711
vt 0.163707301 0.535036743
vt 0.162420198 0.532370746
vt 0.161910102 0.532525122
vt 0.816244841 0.577003539
vt 0.816532433 0.576386034
vt 0.814731061 0.576162159
vt 0.814706922 0.576928914
vt 0.675172031 0.55059129
vt 0.674977779 0.554645956
vt 0.67595011 0.554640591
vt 0.67608422 0.550645888
vt 0.804368377 0.710911214
vt 0.804153144 0.711171567
vt 0.80427748 0.712116301
vt 0.804680824 0.712137878
vt 0.735103071 0.968557954
vt 0.735287607 0.967292786
vt 0.734258473 0.967898369
vt 0.734296262 0.968495369
vt 0.63321209 0.972834826
vt 0.633388102 0.974413037
vt 0.634867489 0.974339128
vt 0.634542406 0.972609282
vt 0.663175762 0.900224805
vt 0.663130581 0.899282098
vt 0.662023008 0.89891088
vt 0.662012935 0.900024414
vt 0.742902577 0.97032547
vt 0.742438376 0.969102025
vt 0.74123913 0.96908617
vt 0.741756976 0.970390558
vt 0.733275235 0.968485236
vt 0.734296262 0.968495369
vt 0.734258473 0.967898369
vt 0.733139813 0.967912912
vt 0.735103071 0.968557954
vt 0.734296262 0.968495369
vt 0.733984292 0.969438553
vt 0.735049903 0.969668627
vt 0.634687185 0.976046443
vt 0.634867489 0.974339128
vt 0.633388102 0.974413037
vt 0.633477569 0.975906849
vt 0.734296262 0.968495369
vt 0.733275235 0.968485236
vt 0.733126581 0.969491839
vt 0.733984292 0.969438553
vt 0.633388102 0.974413037
vt 0.632419169 0.974680066
vt 0.632614374 0.975961566
vt 0.633477569 0.975906849
vt 0.630598605 0.979766846
vt 0.630557239 0.980362415
vt 0.630964041 0.980362415
vt 0.630943835 0.980157733
vt 0.729769826 0.911964297
vt 0.729769826 0.910878658
vt 0.729264855 0.91074872
vt 0.729283094 0.9117378
vt 0.729264855 0.91074872
vt 0.729088068 0.910771012
vt 0.729169965 0.911765814
vt 0.729283094 0.9117378
vt 0.662684739 0.935383677
vt 0.662684739 0.936516643
vt 0.662961304 0.936389327
vt 0.663016558 0.935427785
vt 0.65255928 0.979776978
vt 0.65255928 0.980314612
vt 0.652854562 0.97988832
vt 0.652868927 0.97976625
vt 0.73423022 0.967086196
vt 0.735184014 0.966528654
vt 0.735122979 0.965907812
vt 0.734194338 0.966400862
vt 0.73423022 0.967086196
vt 0.732856095 0.967185974
vt 0.733139813 0.967912912
vt 0.734258473 0.967898369
vt 0.804153144 0.711171567
vt 0.804368377 0.710911214
vt 0.802830458 0.710836589
vt 0.802742422 0.711067855
vt 0.675123215 0.547797143
vt 0.675172031 0.55059129
vt 0.67608422 0.550645888
vt 0.675981641 0.547292292
vt 0.675025046 0.544926703
vt 0.65628171 0.561723053
vt 0.656268001 0.557656109
vt 0.655115962 0.557675898
vt 0.654981852 0.56174618
vt 0.0430163741 0.720254004
vt 0.0446974635 0.718955934
vt 0.0446689129 0.717386067
vt 0.0435193181 0.717390835
vt 0.0448384285 0.714358032
vt 0.0446689129 0.717386067
vt 0.0455607772 0.717449248
vt 0.0463268757 0.714414537
vt 0.0748105049 0.714744866
vt 0.0735533834 0.714775622
vt 0.0735539794 0.717927396
vt 0.0743126869 0.717844665
vt 0.0735533834 0.714775622
vt 0.0715304017 0.714874089
vt 0.0722934008 0.717907488
vt 0.0735539794 0.717927396
vt 0.0446689129 0.717386067
vt 0.0446974635 0.718955934
vt 0.0458027124 0.71902734
vt 0.0455607772 0.717449248
vt 0.0735539794 0.717927396
vt 0.0722934008 0.717907488
vt 0.0720579028 0.719486296
vt 0.073649168 0.720737994
vt 0.0743126869 0.717844665
vt 0.0735539794 0.717927396
vt 0.073649168 0.720737994
vt 0.0748105049 0.720706403
vt 0.200176403 0.597004116
vt 0.197840735 0.59685415
vt 0.197034881 0.597987473
vt 0.200616106 0.597987473
vt 0.674479902 0.561906755
vt 0.675739944 0.558702767
vt 0.674773216 0.558622181
vt 0.675452828 0.561983049
vt 0.674311519 0.563241184
vt 0.675331175 0.563304245
vt 0.675047517 0.566093028
vt 0.674114823 0.56603843
vt 0.235261038 0.597586215
vt 0.23644419 0.59697789
vt 0.236152247 0.596701682
vt 0.235361412 0.597305596
vt 0.642675936 0.598080993
vt 0.642291844 0.596691132
vt 0.641507447 0.595767617
vt 0.64126575 0.598467946
vt 0.21342127 0.609044254
vt 0.213359877 0.607373774
vt 0.212885246 0.607764661
vt 0.213269338 0.609154522
vt 0.209461614 0.616470873
vt 0.209802076 0.615271866
vt 0.208836779 0.614309967
vt 0.208836779 0.617467582
vt 0.134304389 0.603848159
vt 0.134368703 0.604896367
vt 0.135699019 0.604670823
vt 0.136024103 0.603259385
vt 0.642410815 0.599460125
vt 0.642675936 0.598080993
vt 0.64126575 0.598467946
vt 0.640755117 0.599812031
vt 0.211229607 0.553458512
vt 0.2117735 0.552177131
vt 0.209482655 0.552177131
vt 0.210203394 0.553353131
vt 0.6949054 0.98303175
vt 0.694976747 0.982061625
vt 0.693852901 0.981804609
vt 0.693690836 0.982786417
vt 0.651577353 0.982857466
vt 0.651803374 0.981127977
vt 0.651269317 0.980943561
vt 0.651269317 0.98282969
vt 0.664769113 0.912542224
vt 0.664142609 0.914029837
vt 0.66437602 0.914090395
vt 0.664323449 0.912036538
vt 0.664743423 0.911541939
vt 0.664283276 0.911424994
vt 0.704048038 0.922261477
vt 0.704048038 0.920306921
vt 0.702974975 0.920973897
vt 0.703136623 0.922642231
vt 0.702974975 0.920973897
vt 0.704048038 0.920306921
vt 0.703985989 0.919699907
vt 0.702837884 0.919951558
vt 0.236521438 0.614495933
vt 0.23595126 0.614330113
vt 0.23595126 0.616040051
vt 0.236529663 0.615383565
vt 0.658796549 0.972241998
vt 0.659012735 0.972244263
vt 0.659012735 0.971588731
vt 0.658599138 0.97176373
vt 0.73626107 0.911368251
vt 0.736146629 0.911804318
vt 0.736449063 0.912253618
vt 0.736449063 0.911636829
vt 0.702974975 0.920973897
vt 0.702837884 0.919951558
vt 0.702342927 0.920637131
vt 0.702658296 0.92085588
vt 0.694976747 0.982061625
vt 0.6949054 0.98303175
vt 0.695380986 0.983008146
vt 0.695629418 0.982798934
vt 0.78965044 0.652402282
vt 0.789142609 0.652388096
vt 0.789283276 0.653612494
vt 0.789743423 0.653729439
vt 0.660830557 0.990545154
vt 0.660831034 0.990283251
vt 0.660669327 0.990296483
vt 0.660665452 0.990545154
vt 0.708314121 0.959596634
vt 0.708577335 0.959744096
vt 0.708577335 0.958341479
vt 0.708318949 0.958320737
vt 0.694738984 0.984784484
vt 0.6949054 0.98303175
vt 0.693690836 0.982786417
vt 0.693690836 0.984296918
vt 0.230296686 0.539420068
vt 0.230953768 0.542851508
vt 0.232161239 0.542888343
vt 0.232725456 0.542454541
vt 0.232310846 0.539555252
vt 0.143634245 0.537343562
vt 0.145271942 0.536518037
vt 0.143843457 0.532869637
vt 0.142846271 0.534480035
vt 0.230953768 0.542851508
vt 0.230686501 0.544627726
vt 0.23223348 0.544841349
vt 0.232161239 0.542888343
vt 0.232657269 0.54295963
vt 0.158009872 0.538276851
vt 0.158086941 0.540649235
vt 0.159590289 0.540419877
vt 0.159666345 0.537629426
vt 0.158659682 0.53771013
vt 0.655961215 0.546881616
vt 0.656958401 0.545271218
vt 0.655718267 0.543958962
vt 0.655028343 0.546363771
vt 0.655961215 0.546881616
vt 0.655135989 0.549681723
vt 0.656157374 0.549676597
vt 0.655191422 0.553927243
vt 0.656224132 0.553975046
vt 0.656268001 0.557656109
vt 0.655115962 0.557675898
vt 0.210058793 0.554049671
vt 0.210203394 0.553353131
vt 0.209482655 0.552177131
vt 0.209479913 0.554381669
vt 0.158119008 0.537292421
vt 0.158659682 0.53771013
vt 0.159666345 0.537629426
vt 0.160797104 0.533801615
vt 0.159314916 0.533705294
vt 0.70218724 0.921375513
vt 0.702293217 0.921449184
vt 0.702658296 0.92085588
vt 0.702342927 0.920637131
vt 0.695590198 0.953016043
vt 0.695437908 0.952308059
vt 0.695126057 0.952364683
vt 0.695412695 0.953093648
vt 0.695704997 0.983561277
vt 0.695629418 0.982798934
vt 0.695380986 0.983008146
vt 0.695561826 0.98364532
vt 0.695494115 0.951732516
vt 0.694954336 0.951824784
vt 0.695126057 0.952364683
vt 0.695437908 0.952308059
vt 0.673314095 0.544841707
vt 0.67242986 0.546106875
vt 0.673912048 0.546203196
vt 0.675025046 0.544926703
vt 0.145271942 0.536518037
vt 0.143634245 0.537343562
vt 0.143702075 0.537849367
vt 0.145532772 0.537506163
vt 0.647782087 0.540643871
vt 0.645982087 0.540521681
vt 0.645789981 0.542643011
vt 0.647597492 0.542838275
vt 0.182238564 0.613429129
vt 0.183909461 0.613488734
vt 0.183947787 0.611702979
vt 0.182368204 0.61064142
vt 0.161027834 0.538737476
vt 0.162008271 0.535395563
vt 0.160797104 0.533801615
vt 0.159666345 0.537629426
vt 0.819954336 0.694012284
vt 0.820494115 0.693920016
vt 0.820590198 0.692653775
vt 0.819963992 0.692704916
vt 0.211784467 0.554493845
vt 0.2117735 0.552177131
vt 0.211229607 0.553458512
vt 0.211249754 0.554112613
vt 0.819976747 0.724249125
vt 0.820073068 0.72291863
vt 0.819138587 0.722698689
vt 0.818852901 0.723992109
vt 0.828985989 0.661887407
vt 0.828704655 0.6606915
vt 0.827915847 0.660830021
vt 0.827837884 0.662139058
vt 0.145532772 0.537506163
vt 0.143702075 0.537849367
vt 0.143687591 0.539746583
vt 0.145487592 0.539868772
vt 0.684558749 0.616616309
vt 0.686242282 0.616416037
vt 0.686203957 0.614263833
vt 0.68453306 0.614204228
vt 0.732591152 0.54753679
vt 0.734202981 0.547721684
vt 0.734527946 0.545616448
vt 0.732980967 0.545402825
vt 0.662155986 0.543626726
vt 0.661884785 0.541194975
vt 0.660381436 0.541424334
vt 0.660304368 0.543617189
vt 0.139736041 0.549375355
vt 0.139738962 0.552527368
vt 0.141814336 0.552519858
vt 0.141866907 0.549344599
vt 0.164349601 0.551032364
vt 0.162216231 0.550902665
vt 0.161932573 0.553691447
vt 0.163854048 0.553803861
vt 0.0435193181 0.717390835
vt 0.0446689129 0.717386067
vt 0.0448384285 0.714358032
vt 0.0430163741 0.714291871
vt 0.201213643 0.594265997
vt 0.196877763 0.593929946
vt 0.197632357 0.594878137
vt 0.200134203 0.595352113
vt 0.235261038 0.597586215
vt 0.235361412 0.597305596
vt 0.233675316 0.59731251
vt 0.233560279 0.597708404
vt 0.162625 0.546301186
vt 0.164417788 0.549743593
vt 0.164780065 0.546476185
vt 0.162337884 0.549581468
vt 0.164349601 0.551032364
vt 0.162216231 0.550902665
vt 0.675739944 0.558702767
vt 0.67595011 0.554640591
vt 0.674977779 0.554645956
vt 0.674773216 0.558622181
vt 0.162866697 0.534890711
vt 0.165074572 0.538433015
vt 0.163707301 0.535036743
vt 0.162969276 0.538244307
vt 0.164428279 0.539596975
vt 0.654981852 0.56174618
vt 0.65492928 0.564921439
vt 0.656050384 0.564917147
vt 0.65628171 0.561723053
vt 0.710149825 0.610389054
vt 0.710955679 0.609255731
vt 0.710747302 0.607279718
vt 0.710098624 0.60906285
vt 0.71373105 0.610389054
vt 0.713940203 0.609083474
vt 0.713249147 0.607753694
vt 0.713291347 0.609405696
vt 0.235350922 0.598462403
vt 0.235261038 0.597586215
vt 0.233560279 0.597708404
vt 0.234028533 0.598541081
vt 0.212885246 0.607764661
vt 0.213359877 0.607373774
vt 0.212159082 0.606173575
vt 0.212100849 0.606841147
vt 0.133340344 0.605349839
vt 0.134368703 0.604896367
vt 0.134304389 0.603848159
vt 0.132826135 0.6043275
vt 0.132468209 0.605831683
vt 0.133340344 0.605349839
vt 0.132826135 0.6043275
vt 0.131648883 0.604918182
vt 0.783052862 0.807427049
vt 0.783020794 0.808787584
vt 0.78376168 0.808598638
vt 0.783813298 0.807647705
vt 0.782856762 0.807451367
vt 0.782856762 0.808814764
vt 0.783020794 0.808787584
vt 0.783052862 0.807427049
vt 0.782856762 0.808814764
vt 0.782983482 0.810244203
vt 0.783152759 0.8101722
vt 0.783020794 0.808787584
vt 0.164906844 0.535390913
vt 0.164738461 0.533212125
vt 0.164051935 0.532873333
vt 0.164295182 0.535179436
vt 0.803400576 0.662302434
vt 0.803160965 0.6625368
vt 0.804282963 0.663089812
vt 0.804563403 0.662502825
vt 0.81452769 0.52867955
vt 0.815814793 0.531345546
vt 0.816402674 0.53148824
vt 0.815037429 0.528629124
vt 0.886997521 0.521404445
vt 0.886997521 0.519533217
vt 0.886720121 0.519878447
vt 0.886420429 0.521077335
vt 0.162623569 0.579853356
vt 0.164424941 0.580077231
vt 0.164914295 0.579182565
vt 0.162665352 0.579125226
vt 0.815814793 0.531345546
vt 0.817182064 0.534741819
vt 0.817165971 0.533859074
vt 0.816402674 0.53148824
vt 0.817309797 0.536370695
vt 0.81699115 0.535897195
vt 0.816535771 0.535905778
vt 0.817203939 0.536910474
vt 0.81699115 0.535897195
vt 0.817283571 0.535358012
vt 0.817182064 0.534741819
vt 0.816535771 0.535905778
vt 0.734194338 0.966400862
vt 0.73287195 0.96647954
vt 0.732856095 0.967185974
vt 0.73423022 0.967086196
vt 0.734258473 0.967898369
vt 0.735287607 0.967292786
vt 0.735184014 0.966528654
vt 0.73423022 0.967086196
vt 0.633388102 0.974413037
vt 0.63321209 0.972834826
vt 0.632183731 0.973288298
vt 0.632419169 0.974680066
vt 0.237232953 0.787808537
vt 0.23855707 0.78980583
vt 0.23855707 0.785476625
vt 0.237931937 0.785538793
vt 0.599583924 0.713119209
vt 0.598919332 0.713717282
vt 0.598885536 0.719843566
vt 0.601379752 0.719864845
vt 0.600736022 0.713173628
vt 0.238480777 0.819081903
vt 0.239097446 0.81909138
vt 0.239097446 0.81523037
vt 0.237744242 0.817366183
vt 0.240532011 0.790683508
vt 0.23885271 0.789828718
vt 0.23885271 0.794158041
vt 0.240199834 0.794531763
vt 0.162053674 0.869698167
vt 0.16199556 0.872020543
vt 0.163564771 0.871477544
vt 0.16355589 0.869698167
vt 0.139880031 0.862044394
vt 0.139890105 0.86048454
vt 0.139264256 0.860411763
vt 0.139264256 0.862121701
vt 0.588814139 0.675340772
vt 0.589245141 0.669273078
vt 0.588738501 0.668633819
vt 0.586111724 0.675277472
vt 0.586873591 0.66857481
vt 0.595715165 0.668535709
vt 0.593788087 0.668475211
vt 0.593448877 0.675169051
vt 0.595422983 0.67524755
vt 0.546622097 0.646234334
vt 0.546228766 0.652296841
vt 0.548547506 0.65234977
vt 0.5488289 0.646229029
vt 0.239097446 0.81523037
vt 0.236678988 0.815482259
vt 0.23664847 0.817110002
vt 0.237744242 0.817366183
vt 0.515222788 0.740176439
vt 0.512869537 0.740032196
vt 0.513379633 0.740440011
vt 0.514740288 0.740531683
vt 0.515222788 0.742672086
vt 0.514876962 0.742155671
vt 0.513738275 0.742126942
vt 0.513230681 0.742710114
vt 0.513230681 0.742710114
vt 0.513738275 0.742126942
vt 0.513379633 0.740440011
vt 0.512869537 0.740032196
vt 0.23094514 0.832878172
vt 0.230977327 0.834218442
vt 0.232039779 0.834301293
vt 0.232039779 0.832710564
vt 0.236203462 0.789703131
vt 0.23855707 0.78980583
vt 0.237232953 0.787808537
vt 0.236166865 0.787983537
vt 0.243034035 0.773211122
vt 0.242903203 0.775634646
vt 0.244252533 0.775634646
vt 0.244151682 0.773277164
vt 0.514876962 0.742155671
vt 0.515222788 0.742672086
vt 0.515222788 0.740176439
vt 0.514740288 0.740531683
vt 0.5488289 0.646229029
vt 0.548995316 0.644978464
vt 0.546732426 0.644892633
vt 0.546622097 0.646234334
vt 0.148303211 0.567689896
vt 0.148629785 0.567844391
vt 0.148777723 0.566727579
vt 0.148043036 0.566503227
vt 0.576044977 0.72120893
vt 0.573594034 0.721151054
vt 0.573238432 0.723976493
vt 0.575694263 0.724118888
vt 0.547044635 0.687148571
vt 0.546777308 0.690389216
vt 0.550250411 0.690431654
vt 0.550494552 0.687589288
vt 0.176279649 0.104293212
vt 0.175125048 0.105034575
vt 0.175859734 0.105258927
vt 0.176839218 0.105038092
vt 0.555514634 0.736931443
vt 0.553064644 0.736786902
vt 0.553360701 0.737496555
vt 0.555641532 0.737617314
vt 0.182847127 0.113615021
vt 0.184222683 0.113652393
vt 0.184235558 0.113230512
vt 0.18326132 0.113123402
vt 0.575932562 0.726790845
vt 0.57333535 0.726597071
vt 0.573331654 0.729662955
vt 0.576044977 0.730039835
vt 0.551442683 0.679016888
vt 0.548398495 0.678790569
vt 0.548029423 0.681622565
vt 0.551061511 0.681908965
vt 0.548029423 0.681622565
vt 0.547427058 0.68448776
vt 0.550713837 0.684965372
vt 0.551061511 0.681908965
vt 0.5501436 0.633608639
vt 0.548328817 0.633533955
vt 0.548325062 0.63612628
vt 0.550386071 0.636253238
vt 0.548245609 0.639073133
vt 0.550386071 0.639324605
vt 0.716425776 0.985831141
vt 0.717486501 0.985458791
vt 0.71764046 0.984931886
vt 0.716717005 0.984392822
vt 0.726541162 0.910502255
vt 0.725294352 0.909943581
vt 0.724821925 0.911601126
vt 0.726382017 0.911679566
vt 0.673433602 0.978612542
vt 0.674588203 0.97787118
vt 0.674387217 0.977348924
vt 0.673305213 0.977897048
vt 0.714723408 0.939828455
vt 0.713667154 0.939934015
vt 0.71295625 0.940964878
vt 0.714274764 0.940987825
vt 0.732337594 0.954886913
vt 0.732796013 0.954835296
vt 0.732415676 0.953943372
vt 0.732074976 0.953990817
vt 0.716425776 0.985831141
vt 0.716599226 0.986352921
vt 0.717872083 0.985828817
vt 0.717486501 0.985458791
vt 0.733002901 0.911854684
vt 0.734074533 0.91164881
vt 0.734578907 0.910125256
vt 0.733281374 0.909548938
vt 0.681674719 0.986214757
vt 0.681569874 0.986701369
vt 0.682544112 0.986808479
vt 0.682557166 0.986290157
vt 0.715239167 0.98424989
vt 0.715348661 0.985897541
vt 0.716425776 0.985831141
vt 0.716717005 0.984392822
vt 0.715239167 0.98424989
vt 0.716717005 0.984392822
vt 0.717010856 0.982420981
vt 0.715711296 0.982621908
vt 0.649406135 0.994779408
vt 0.649406135 0.995271504
vt 0.649460614 0.995412648
vt 0.649718523 0.995099127
vt 0.65006721 0.984697521
vt 0.650415421 0.984545231
vt 0.650416553 0.98358202
vt 0.65006721 0.983602524
vt 0.650416553 0.98358202
vt 0.650415421 0.984545231
vt 0.650541663 0.984576702
vt 0.650613427 0.983608305
vt 0.737945437 0.896983683
vt 0.737517893 0.896980166
vt 0.737626612 0.897674918
vt 0.737945437 0.897824645
vt 0.659869254 0.995039165
vt 0.659648418 0.994779766
vt 0.659604251 0.994848549
vt 0.659604251 0.995367348
vt 0.71764046 0.984931886
vt 0.718233407 0.983038723
vt 0.717010856 0.982420981
vt 0.716717005 0.984392822
vt 0.681607485 0.98426348
vt 0.681659281 0.985786557
vt 0.682518065 0.986004412
vt 0.682452857 0.984053254
vt 0.725294352 0.909943581
vt 0.726541162 0.910502255
vt 0.727447331 0.9095155
vt 0.726683557 0.908127666
vt 0.681607485 0.98426348
vt 0.682452857 0.984053254
vt 0.682493031 0.983076215
vt 0.681120694 0.983207881
vt 0.580374062 0.740748405
vt 0.581342578 0.739462435
vt 0.580392659 0.740364254
vt 0.581478834 0.739486873
vt 0.582355082 0.738116443
vt 0.581948519 0.738324881
vt 0.219563529 0.11225085
vt 0.218290672 0.112774953
vt 0.218942925 0.113402173
vt 0.219924852 0.112647042
vt 0.547997653 0.629770517
vt 0.548718214 0.630275667
vt 0.549230814 0.627752244
vt 0.548645616 0.627468884
vt 0.613565207 0.671836972
vt 0.613507509 0.673455417
vt 0.614108682 0.671375692
vt 0.613823831 0.670866787
vt 0.613823831 0.670866787
vt 0.614108682 0.671375692
vt 0.615225971 0.669286549
vt 0.614305973 0.668763697
vt 0.548398495 0.678790569
vt 0.551442683 0.679016888
vt 0.551505387 0.678601086
vt 0.54924947 0.678523302
vt 0.613591015 0.667774439
vt 0.614305973 0.668763697
vt 0.615225971 0.669286549
vt 0.613507509 0.66754359
vt 0.549730301 0.630760968
vt 0.548718214 0.630275667
vt 0.548328817 0.633533955
vt 0.5501436 0.633608639
vt 0.536589921 0.711947203
vt 0.536828995 0.714757383
vt 0.537516236 0.714761496
vt 0.537195981 0.711314201
vt 0.534524739 0.711541176
vt 0.536589921 0.711947203
vt 0.537195981 0.711314201
vt 0.534530103 0.710759997
vt 0.533320844 0.713126481
vt 0.534524739 0.711541176
vt 0.534530103 0.710759997
vt 0.533147573 0.712852061
vt 0.620717645 0.709082901
vt 0.620863795 0.710045218
vt 0.621417046 0.710471094
vt 0.62116462 0.708480716
vt 0.744218707 0.930134475
vt 0.745442688 0.930434167
vt 0.745550334 0.929436564
vt 0.744501233 0.929205775
vt 0.744521201 0.955746531
vt 0.744784832 0.95578146
vt 0.745045662 0.953921258
vt 0.744640589 0.954004109
vt 0.649623156 0.926622629
vt 0.649902463 0.928239703
vt 0.650128603 0.928245902
vt 0.65009141 0.926254392
vt 0.64969027 0.925650001
vt 0.650123537 0.925656438
vt 0.743390918 0.955652237
vt 0.744521201 0.955746531
vt 0.744640589 0.954004109
vt 0.743428767 0.953641534
vt 0.744640589 0.954004109
vt 0.744451642 0.952974975
vt 0.743390918 0.953022957
vt 0.743428767 0.953641534
vt 0.620120108 0.710150301
vt 0.62014991 0.709037781
vt 0.619892418 0.708452404
vt 0.619892418 0.710676551
vt 0.633064449 0.995330274
vt 0.633198798 0.994779527
vt 0.632797301 0.994779527
vt 0.632943332 0.99540478
vt 0.633732855 0.99569577
vt 0.633879602 0.995382845
vt 0.633879602 0.994779766
vt 0.633610964 0.995267332
vt 0.721050441 0.911846101
vt 0.721381307 0.91170615
vt 0.721549571 0.911328971
vt 0.721050441 0.9108724
vt 0.665927589 0.974824011
vt 0.665986061 0.975741267
vt 0.666324019 0.975761771
vt 0.666658401 0.975323915
vt 0.649705827 0.924961925
vt 0.64969027 0.925650001
vt 0.650123537 0.925656438
vt 0.650128603 0.925061762
vt 0.666658401 0.976421177
vt 0.666485429 0.976394773
vt 0.666341484 0.976582408
vt 0.666487932 0.97660929
vt 0.711433053 0.959824681
vt 0.711433053 0.958545923
vt 0.711163938 0.958580613
vt 0.71116364 0.959981859
vt 0.744375944 0.93201077
vt 0.745550334 0.932019711
vt 0.745442688 0.930434167
vt 0.744218707 0.930134475
vt 0.590965867 0.723023534
vt 0.592610359 0.719630778
vt 0.590170741 0.719259143
vt 0.590337813 0.723019123
vt 0.589907765 0.722446918
vt 0.610327959 0.652747214
vt 0.610217512 0.649555802
vt 0.608617604 0.64857924
vt 0.608545005 0.652583659
vt 0.615227163 0.668392181
vt 0.615227163 0.67271781
vt 0.616853416 0.672374606
vt 0.616741478 0.667942464
vt 0.615817308 0.668034494
vt 0.615275025 0.667543888
vt 0.544271886 0.73041743
vt 0.545909524 0.731028914
vt 0.546229362 0.726427972
vt 0.5449242 0.725906432
vt 0.545641899 0.725945652
vt 0.620120108 0.710150301
vt 0.619892418 0.710676551
vt 0.621417046 0.710471094
vt 0.620863795 0.710045218
vt 0.5449242 0.725906432
vt 0.545641899 0.725945652
vt 0.546263039 0.725491285
vt 0.544271886 0.721770585
vt 0.545609355 0.721538424
vt 0.630518019 0.995520175
vt 0.630518019 0.994779408
vt 0.630209267 0.995059431
vt 0.630366325 0.995618165
vt 0.666341484 0.976582408
vt 0.666485429 0.976394773
vt 0.665986061 0.975741267
vt 0.665866315 0.976008832
vt 0.666485429 0.976394773
vt 0.666658401 0.976421177
vt 0.666324019 0.975761771
vt 0.665986061 0.975741267
vt 0.671808124 0.961912513
vt 0.671220183 0.962017596
vt 0.671197832 0.962352455
vt 0.671808124 0.962532222
vt 0.555646539 0.738528371
vt 0.553573132 0.738156915
vt 0.553064644 0.73898387
vt 0.554174066 0.74033165
vt 0.608545005 0.652583659
vt 0.608545005 0.653539836
vt 0.610259771 0.653628647
vt 0.610327959 0.652747214
vt 0.608545005 0.653539836
vt 0.60888052 0.658177733
vt 0.609870911 0.658127308
vt 0.610259771 0.653628647
vt 0.592865646 0.727657795
vt 0.59254396 0.722960711
vt 0.590965867 0.723023534
vt 0.591594934 0.727680624
vt 0.590965867 0.723023534
vt 0.59254396 0.722960711
vt 0.592865646 0.718832314
vt 0.592610359 0.719630778
vt 0.74482888 0.952974141
vt 0.744651794 0.95233953
vt 0.744028568 0.952356219
vt 0.744451642 0.952974975
vt 0.619892418 0.708452404
vt 0.62014991 0.709037781
vt 0.620717645 0.709082901
vt 0.62116462 0.708480716
vt 0.744501233 0.929205775
vt 0.745550334 0.929436564
vt 0.745451927 0.928756952
vt 0.744722307 0.928585887
vt 0.743390918 0.953022957
vt 0.744451642 0.952974975
vt 0.744028568 0.952356219
vt 0.743447661 0.952430248
vt 0.589519978 0.667932332
vt 0.589909792 0.662583292
vt 0.585841238 0.662583292
vt 0.588738501 0.668633819
vt 0.586873591 0.66857481
vt 0.547427058 0.68448776
vt 0.547044635 0.687148571
vt 0.550494552 0.687589288
vt 0.550713837 0.684965372
vt 0.575694263 0.724118888
vt 0.573238432 0.723976493
vt 0.57333535 0.726597071
vt 0.575932562 0.726790845
vt 0.593788087 0.668475211
vt 0.595715165 0.668535709
vt 0.59627068 0.662583292
vt 0.593448877 0.662592888
vt 0.547979236 0.639406621
vt 0.546732426 0.644892633
vt 0.548995316 0.644978464
vt 0.549607158 0.639614165
vt 0.599146187 0.707063615
vt 0.598885536 0.712458611
vt 0.599583924 0.713119209
vt 0.601240695 0.707290769
vt 0.600736022 0.713173628
vt 0.548325062 0.63612628
vt 0.546393335 0.635973275
vt 0.546364307 0.63678211
vt 0.548245609 0.639073133
vt 0.547979236 0.639406621
vt 0.548245609 0.639073133
vt 0.546364307 0.63678211
vt 0.5463714 0.637401879
vt 0.548328817 0.633533955
vt 0.546487689 0.63342607
vt 0.546393335 0.635973275
vt 0.548325062 0.63612628
vt 0.148629785 0.567844391
vt 0.148303211 0.567689896
vt 0.148926735 0.570455194
vt 0.149365544 0.569497883
vt 0.176447555 0.108029231
vt 0.176839218 0.107018992
vt 0.175859734 0.105258927
vt 0.175711796 0.106375739
vt 0.546542585 0.631703496
vt 0.546487689 0.63342607
vt 0.548328817 0.633533955
vt 0.548718214 0.630275667
vt 0.548718214 0.630275667
vt 0.549730301 0.630760968
vt 0.549742639 0.62811774
vt 0.549230814 0.627752244
vt 0.553360701 0.737496555
vt 0.553573132 0.738156915
vt 0.555646539 0.738528371
vt 0.555641532 0.737617314
vt 0.551505387 0.678601086
vt 0.551560402 0.678154171
vt 0.549794137 0.67808187
vt 0.54924947 0.678523302
vt 0.614874303 0.634383619
vt 0.614886224 0.632760823
vt 0.613612711 0.633541882
vt 0.613612711 0.634715378
vt 0.600808561 0.70481807
vt 0.600387752 0.703622401
vt 0.599946976 0.704322934
vt 0.599721491 0.7049914
vt 0.614886224 0.632760823
vt 0.614874303 0.634383619
vt 0.616450965 0.63401103
vt 0.616076648 0.633075476
vt 0.517918468 0.741314173
vt 0.517894149 0.74081856
vt 0.517229199 0.739707053
vt 0.517534375 0.741128266
vt 0.517229199 0.739707053
vt 0.517894149 0.74081856
vt 0.518668175 0.740903735
vt 0.519638598 0.740272224
vt 0.517445683 0.739102483
vt 0.517229199 0.739707053
vt 0.519638598 0.740272224
vt 0.519484878 0.739102483
vt 0.600808561 0.70481807
vt 0.599721491 0.7049914
vt 0.599985123 0.706819475
vt 0.60110414 0.706957281
vt 0.518408477 0.742031276
vt 0.51947999 0.741941452
vt 0.519638598 0.740272224
vt 0.518668175 0.740903735
vt 0.546483576 0.725454748
vt 0.546657801 0.725221455
vt 0.546657801 0.72439903
vt 0.546263456 0.724610209
vt 0.522807062 0.675560534
vt 0.523297846 0.675648868
vt 0.523297846 0.674982727
vt 0.522806525 0.675200105
vt 0.522806525 0.675200105
vt 0.523297846 0.674982727
vt 0.522982538 0.67483294
vt 0.522582054 0.674878955
vt 0.607593596 0.704367161
vt 0.6066342 0.704010308
vt 0.606391191 0.704186618
vt 0.607084215 0.70467186
vt 0.608321548 0.658230782
vt 0.608251512 0.658827901
vt 0.609423757 0.659537733
vt 0.608923793 0.658542931
vt 0.609297633 0.660715342
vt 0.609666944 0.660688698
vt 0.609877765 0.659301937
vt 0.609423757 0.659537733
vt 0.609279275 0.661228001
vt 0.609685004 0.661034822
vt 0.609666944 0.660688698
vt 0.609297633 0.660715342
vt 0.607464552 0.705563784
vt 0.608133078 0.70555377
vt 0.607593596 0.704367161
vt 0.607084215 0.70467186
vt 0.237402886 0.782869518
vt 0.236704797 0.780616939
vt 0.23608014 0.780544817
vt 0.23608014 0.784862936
vt 0.598667264 0.690553308
vt 0.601161599 0.690549374
vt 0.601129711 0.684420526
vt 0.600484669 0.683791459
vt 0.599344075 0.683837414
vt 0.238476008 0.835703075
vt 0.237740427 0.837420046
vt 0.239092797 0.839553952
vt 0.239092797 0.835697532
vt 0.238727957 0.854072213
vt 0.239064902 0.857919574
vt 0.240411907 0.857549965
vt 0.240411907 0.853222251
vt 0.24361828 0.826302886
vt 0.242141396 0.826020598
vt 0.242230624 0.827789783
vt 0.24361828 0.828614891
vt 0.186507672 0.863229334
vt 0.18712315 0.863309443
vt 0.18712315 0.861608326
vt 0.186497599 0.861679912
vt 0.587364197 0.654611528
vt 0.586863101 0.655248761
vt 0.587204456 0.661321938
vt 0.589897811 0.661277175
vt 0.58921814 0.654568732
vt 0.593796909 0.683671653
vt 0.593985379 0.690393507
vt 0.595979929 0.690339923
vt 0.595733702 0.683616698
vt 0.54533267 0.646141469
vt 0.543142974 0.645969212
vt 0.542974651 0.652095854
vt 0.545284212 0.652230203
vt 0.239092797 0.839553952
vt 0.237740427 0.837420046
vt 0.236655027 0.837663889
vt 0.23669377 0.839292169
vt 0.619108796 0.733199894
vt 0.61860925 0.732843459
vt 0.617248833 0.732939422
vt 0.61676079 0.733353078
vt 0.619108796 0.730688214
vt 0.61710763 0.730672956
vt 0.617607117 0.731252551
vt 0.61874187 0.731219113
vt 0.61710763 0.730672956
vt 0.61676079 0.733353078
vt 0.617248833 0.732939422
vt 0.617607117 0.731252551
vt 0.241260797 0.783894122
vt 0.240178257 0.783736289
vt 0.240178257 0.78532356
vt 0.241265744 0.785232246
vt 0.23844412 0.78477782
vt 0.23849383 0.783053279
vt 0.237402886 0.782869518
vt 0.23608014 0.784862936
vt 0.133613378 0.869909883
vt 0.132484049 0.869943976
vt 0.132379502 0.872313201
vt 0.13374576 0.872313201
vt 0.61874187 0.731219113
vt 0.61860925 0.732843459
vt 0.619108796 0.733199894
vt 0.619108796 0.730688214
vt 0.543142974 0.645969212
vt 0.54533267 0.646141469
vt 0.545329094 0.644818783
vt 0.54309094 0.644682586
vt 0.148303211 0.567689896
vt 0.148043036 0.566503227
vt 0.147489488 0.567025661
vt 0.148089886 0.567970097
vt 0.604507387 0.719914556
vt 0.604626298 0.72266978
vt 0.607059419 0.722557962
vt 0.607012749 0.719864845
vt 0.554091156 0.687705398
vt 0.550494552 0.687589288
vt 0.550250411 0.690431654
vt 0.553893387 0.690944314
vt 0.173826024 0.104769871
vt 0.173704669 0.105775043
vt 0.174571499 0.10555701
vt 0.175125048 0.105034575
vt 0.541201591 0.715765059
vt 0.540648222 0.715521395
vt 0.540648222 0.7178666
vt 0.540979624 0.718236685
vt 0.185622439 0.113859698
vt 0.185230598 0.113239273
vt 0.184235558 0.113230512
vt 0.184222683 0.113652393
vt 0.604435861 0.725253582
vt 0.604339361 0.72849679
vt 0.607059419 0.728102863
vt 0.606997967 0.725066483
vt 0.551442683 0.679016888
vt 0.551061511 0.681908965
vt 0.554177582 0.682357371
vt 0.554590225 0.679565907
vt 0.554177582 0.682357371
vt 0.551061511 0.681908965
vt 0.550713837 0.684965372
vt 0.554085672 0.685108781
vt 0.543055058 0.633398592
vt 0.54261446 0.635888994
vt 0.544524908 0.635947526
vt 0.544715106 0.633408785
vt 0.737505615 0.906085968
vt 0.737095058 0.90453887
vt 0.736292899 0.905179203
vt 0.736479223 0.905762434
vt 0.732299685 0.908504963
vt 0.731988668 0.909813821
vt 0.733281374 0.909548938
vt 0.733582973 0.908099413
vt 0.673433602 0.978612542
vt 0.673305213 0.977897048
vt 0.672135592 0.977727175
vt 0.672134578 0.978347838
vt 0.714723408 0.942108154
vt 0.714274764 0.940987825
vt 0.71295625 0.940964878
vt 0.713676155 0.941951454
vt 0.682557166 0.986290157
vt 0.683450997 0.986285448
vt 0.683408201 0.985811591
vt 0.682518065 0.986004412
vt 0.737505615 0.906085968
vt 0.736479223 0.905762434
vt 0.736081183 0.906169891
vt 0.737324715 0.906670213
vt 0.733002901 0.911854684
vt 0.733281374 0.909548938
vt 0.731988668 0.909813821
vt 0.732065499 0.911436319
vt 0.683450997 0.986285448
vt 0.682557166 0.986290157
vt 0.682544112 0.986808479
vt 0.683539152 0.986817241
vt 0.738623977 0.904415488
vt 0.737095058 0.90453887
vt 0.737505615 0.906085968
vt 0.73860693 0.906143188
vt 0.738623977 0.904415488
vt 0.738129616 0.902786434
vt 0.736785054 0.902570665
vt 0.737095058 0.90453887
vt 0.653003037 0.994779527
vt 0.653003037 0.995262563
vt 0.653379202 0.995119989
vt 0.653348982 0.994986117
vt 0.696508288 0.989187181
vt 0.696508288 0.988073647
vt 0.696118295 0.987986326
vt 0.696120262 0.988967061
vt 0.696118295 0.987986326
vt 0.69591701 0.988004804
vt 0.695991218 0.988993168
vt 0.696120262 0.988967061
vt 0.737831891 0.884409666
vt 0.737882376 0.885245383
vt 0.738196135 0.885099173
vt 0.738255024 0.884409666
vt 0.695965171 0.989179373
vt 0.696508288 0.989187181
vt 0.696120262 0.988967061
vt 0.695991218 0.988993168
vt 0.736292899 0.905179203
vt 0.737095058 0.90453887
vt 0.736785054 0.902570665
vt 0.73565942 0.903274536
vt 0.683356464 0.984278142
vt 0.682452857 0.984053254
vt 0.682518065 0.986004412
vt 0.683408201 0.985811591
vt 0.725294352 0.909943581
vt 0.726683557 0.908127666
vt 0.725168586 0.908127666
vt 0.724530876 0.909276843
vt 0.683356464 0.984278142
vt 0.683930993 0.983231306
vt 0.682493031 0.983076215
vt 0.682452857 0.984053254
vt 0.237772629 0.0325919241
vt 0.237350866 0.0330687612
vt 0.238311812 0.0338507146
vt 0.23901616 0.0330922455
vt 0.545266271 0.629722059
vt 0.54475379 0.627471745
vt 0.544151783 0.627755284
vt 0.544606626 0.630209506
vt 0.546542585 0.631703496
vt 0.543592572 0.628115475
vt 0.543730795 0.630737841
vt 0.582518578 0.72051698
vt 0.582518578 0.719540119
vt 0.582030237 0.71970284
vt 0.58203423 0.721874833
vt 0.552433014 0.744733632
vt 0.55304563 0.742699921
vt 0.552006066 0.742806256
vt 0.552006066 0.745063841
vt 0.554590225 0.679565907
vt 0.551505387 0.678601086
vt 0.551442683 0.679016888
vt 0.553800166 0.679087758
vt 0.5533517 0.678509295
vt 0.551560402 0.678154171
vt 0.54261446 0.635888994
vt 0.542310297 0.638911307
vt 0.544451237 0.638877213
vt 0.544524908 0.635947526
vt 0.581948519 0.738324881
vt 0.582355082 0.738116443
vt 0.580374062 0.736640692
vt 0.581018925 0.737569451
vt 0.543730795 0.630737841
vt 0.543055058 0.633398592
vt 0.544715106 0.633408785
vt 0.544606626 0.630209506
vt 0.53661263 0.717790782
vt 0.537185013 0.718439877
vt 0.537516236 0.714761496
vt 0.536828995 0.714757383
vt 0.534476101 0.718090296
vt 0.534455955 0.718835711
vt 0.537185013 0.718439877
vt 0.53661263 0.717790782
vt 0.533317268 0.716407239
vt 0.533147573 0.716647327
vt 0.534455955 0.718835711
vt 0.534476101 0.718090296
vt 0.620706379 0.643940389
vt 0.621180952 0.644588351
vt 0.621298015 0.642552495
vt 0.620769322 0.642949224
vt 0.745393753 0.883259296
vt 0.745138347 0.882314086
vt 0.743965447 0.882493675
vt 0.744050741 0.883483827
vt 0.690077603 0.969929695
vt 0.690347016 0.968202293
vt 0.689897776 0.968003213
vt 0.689897776 0.969913185
vt 0.671913922 0.954989493
vt 0.671380639 0.956589401
vt 0.671609342 0.956607759
vt 0.671444237 0.954566419
vt 0.671852231 0.954002082
vt 0.671402276 0.95396328
vt 0.745546937 0.986177325
vt 0.745513737 0.984156728
vt 0.744212449 0.984571099
vt 0.74434644 0.986314237
vt 0.744212449 0.984571099
vt 0.745513737 0.984156728
vt 0.745546937 0.983548224
vt 0.744348943 0.983531892
vt 0.620055199 0.642877996
vt 0.6198138 0.642309308
vt 0.6198138 0.644652426
vt 0.620064855 0.643999994
vt 0.647845685 0.995618403
vt 0.648085475 0.995517433
vt 0.648020685 0.994779527
vt 0.647845685 0.994971812
vt 0.729010582 0.968218446
vt 0.72889322 0.968648136
vt 0.729199588 0.969127834
vt 0.729199588 0.968529999
vt 0.743966699 0.979873598
vt 0.743966699 0.97883755
vt 0.743461728 0.979369521
vt 0.74363327 0.979719937
vt 0.702896357 0.979178786
vt 0.702091813 0.979672372
vt 0.70243901 0.980118394
vt 0.702767491 0.980101705
vt 0.671885014 0.953367591
vt 0.671380639 0.953401685
vt 0.671402276 0.95396328
vt 0.671852231 0.954002082
vt 0.663352549 0.995067179
vt 0.663350463 0.994789541
vt 0.663197398 0.994779527
vt 0.663197398 0.995038688
vt 0.690336704 0.955033958
vt 0.69006598 0.954877496
vt 0.69006598 0.956285596
vt 0.690337181 0.956314623
vt 0.745238423 0.885150194
vt 0.745393753 0.883259296
vt 0.744050741 0.883483827
vt 0.743965447 0.885091245
vt 0.585010946 0.719628751
vt 0.582521915 0.719938815
vt 0.583989322 0.723585188
vt 0.584866226 0.723410666
vt 0.585446417 0.722890437
vt 0.554612517 0.685676455
vt 0.555789351 0.68543905
vt 0.555789351 0.681440473
vt 0.554177582 0.682357371
vt 0.583989322 0.723585188
vt 0.583615243 0.728134274
vt 0.585191727 0.728193045
vt 0.584866226 0.723410666
vt 0.585406125 0.72372669
vt 0.585446417 0.722890437
vt 0.59713304 0.704455256
vt 0.598888755 0.704301715
vt 0.598573148 0.699499726
vt 0.597929358 0.699472487
vt 0.59737581 0.699863255
vt 0.597365022 0.698967993
vt 0.620055199 0.642877996
vt 0.620769322 0.642949224
vt 0.621298015 0.642552495
vt 0.6198138 0.642309308
vt 0.597929358 0.699472487
vt 0.598573148 0.699499726
vt 0.598828316 0.695268989
vt 0.597341776 0.694931686
vt 0.597365022 0.698967993
vt 0.671611428 0.979957163
vt 0.671771705 0.980048835
vt 0.671964228 0.979463696
vt 0.671611428 0.979200363
vt 0.702404022 0.980939567
vt 0.702917576 0.980367839
vt 0.702767491 0.980101705
vt 0.702247202 0.980751336
vt 0.702247202 0.980751336
vt 0.702767491 0.980101705
vt 0.70243901 0.980118394
vt 0.702091813 0.980772376
vt 0.721615732 0.989377081
vt 0.721094668 0.988969982
vt 0.721094668 0.989897668
vt 0.721391559 0.990097642
vt 0.596755445 0.693045199
vt 0.597341776 0.694931686
vt 0.598828316 0.695268989
vt 0.598888814 0.693448961
vt 0.597365022 0.698967993
vt 0.595889211 0.69907409
vt 0.595946193 0.699909389
vt 0.59737581 0.699863255
vt 0.59737581 0.699863255
vt 0.595946193 0.699909389
vt 0.596257687 0.704369783
vt 0.59713304 0.704455256
vt 0.582521915 0.728184879
vt 0.583615243 0.728134274
vt 0.583989322 0.723585188
vt 0.582789242 0.723377824
vt 0.544007361 0.63460815
vt 0.543730795 0.630737841
vt 0.543213904 0.629907966
vt 0.54268229 0.634109199
vt 0.664153159 0.959941208
vt 0.664737821 0.960023463
vt 0.66463697 0.959384441
vt 0.664153159 0.959303141
vt 0.6198138 0.644652426
vt 0.621180952 0.644588351
vt 0.620706379 0.643940389
vt 0.620064855 0.643999994
vt 0.745138347 0.882314086
vt 0.744903326 0.881673992
vt 0.744074345 0.881861925
vt 0.743965447 0.882493675
vt 0.745546937 0.983548224
vt 0.74551326 0.982987106
vt 0.744755983 0.982870996
vt 0.744348943 0.983531892
vt 0.590046406 0.64857924
vt 0.585999489 0.64857924
vt 0.586600363 0.653933823
vt 0.587364197 0.654611528
vt 0.58921814 0.654568732
vt 0.554085672 0.685108781
vt 0.550713837 0.684965372
vt 0.550494552 0.687589288
vt 0.554091156 0.687705398
vt 0.604626298 0.72266978
vt 0.604435861 0.725253582
vt 0.606997967 0.725066483
vt 0.607059419 0.722557962
vt 0.54639703 0.639514208
vt 0.5463714 0.637401879
vt 0.544699013 0.639235079
vt 0.545329094 0.644818783
vt 0.595733702 0.683616698
vt 0.596007705 0.677738607
vt 0.592973471 0.677738607
vt 0.593796909 0.683671653
vt 0.544699013 0.639235079
vt 0.543058455 0.639278293
vt 0.54309094 0.644682586
vt 0.545329094 0.644818783
vt 0.600484669 0.683791459
vt 0.601161599 0.683138549
vt 0.600943625 0.677738547
vt 0.598816931 0.677962184
vt 0.599344075 0.683837414
vt 0.544524908 0.635947526
vt 0.544451237 0.638877213
vt 0.546364307 0.63678211
vt 0.546393335 0.635973275
vt 0.544715106 0.633408785
vt 0.546487689 0.63342607
vt 0.544699013 0.639235079
vt 0.5463714 0.637401879
vt 0.546364307 0.63678211
vt 0.544451237 0.638877213
vt 0.148089886 0.567970097
vt 0.14816165 0.569756448
vt 0.148926735 0.570455194
vt 0.148303211 0.567689896
vt 0.175243661 0.108287796
vt 0.175171897 0.106501445
vt 0.174571499 0.10555701
vt 0.174481675 0.107537374
vt 0.546542585 0.631703496
vt 0.544606626 0.630209506
vt 0.544715106 0.633408785
vt 0.546487689 0.63342607
vt 0.541276217 0.715521276
vt 0.541276217 0.713169098
vt 0.54064858 0.713092864
vt 0.540885568 0.715251744
vt 0.614874303 0.634383619
vt 0.613612711 0.634715378
vt 0.614111245 0.635818422
vt 0.615579784 0.635892868
vt 0.600808561 0.70481807
vt 0.60147357 0.704386473
vt 0.601019621 0.703952849
vt 0.600387752 0.703622401
vt 0.615579784 0.635892868
vt 0.616520286 0.635057926
vt 0.616450965 0.63401103
vt 0.614874303 0.634383619
vt 0.57497412 0.740141809
vt 0.575365543 0.739958882
vt 0.575654864 0.738532782
vt 0.57495594 0.739611745
vt 0.575654864 0.738532782
vt 0.573238313 0.739118338
vt 0.574204683 0.73973006
vt 0.57495594 0.739611745
vt 0.575538635 0.738031924
vt 0.573476851 0.738031924
vt 0.573238313 0.739118338
vt 0.575654864 0.738532782
vt 0.600808561 0.70481807
vt 0.60110414 0.706957281
vt 0.601808071 0.70618993
vt 0.60147357 0.704386473
vt 0.574524164 0.740901291
vt 0.574204683 0.73973006
vt 0.573238313 0.739118338
vt 0.573497772 0.740867257
vt 0.612185538 0.648578823
vt 0.612185538 0.647766709
vt 0.611760676 0.647708535
vt 0.612027764 0.648573875
vt 0.564247549 0.724536002
vt 0.564252317 0.724884689
vt 0.564703405 0.725021422
vt 0.564703405 0.724379718
vt 0.51057595 0.746110857
vt 0.510841846 0.746366918
vt 0.510845304 0.745924652
vt 0.51057595 0.745507658
vt 0.607590795 0.706689954
vt 0.607080281 0.70641464
vt 0.606391191 0.706788063
vt 0.606634259 0.706959724
vt 0.608321548 0.658230782
vt 0.607739627 0.658396125
vt 0.606968224 0.659233451
vt 0.608251512 0.658827901
vt 0.575638831 0.740194738
vt 0.575960159 0.73903203
vt 0.575654864 0.738532782
vt 0.575365543 0.739958882
vt 0.574948609 0.740416288
vt 0.575638831 0.740194738
vt 0.575365543 0.739958882
vt 0.57497412 0.740141809
vt 0.607464552 0.705563784
vt 0.607080281 0.70641464
vt 0.607590795 0.706689954
vt 0.608133078 0.70555377
vn 0.750890613 -0.417250723 -0.511923134
vn 0.750890613 -0.417250723 -0.511923134
vn 0.750890613 -0.417250723 -0.511923134
vn -0.957880437 0.107230939 -0.266395569
vn -0.957880437 0.107230939 -0.266395569
vn -0.957880437 0.107230939 -0.266395569
vn -0.983390927 0.0306812916 0.178887531
vn -0.983390927 0.0306812916 0.178887531
vn -0.983390927 0.0306812916 0.178887531
vn 0.578919113 -0.0540330261 -0.813592732
vn 0.578919113 -0.0540330261 -0.813592732
vn 0.578919113 -0.0540330261 -0.813592732
vn -0.413933784 0.730917692 -0.542603135
vn -0.413933784 0.730917692 -0.542603135
vn -0.413933784 0.730917692 -0.542603135
vn -0.484939754 0.249054372 -0.838334858
vn -0.484939754 0.249054372 -0.838334858
vn -0.484939754 0.249054372 -0.838334858
vn -0.765829682 0.0818628892 -0.637811422
vn -0.765829682 0.0818628892 -0.637811422
vn -0.765829682 0.0818628892 -0.637811422
vn -0.0274979342 0.358737409 0.933033347
vn -0.0274979342 0.358737409 0.933033347
vn -0.0274979342 0.358737409 0.933033347
vn -0.0683556795 0.407248497 0.910755754
vn -0.0683556795 0.407248497 0.910755754
vn -0.0683556795 0.407248497 0.910755754
vn 0.0091627771 -0.982167363 0.187785462
vn 0.0091627771 -0.982167363 0.187785462
vn 0.0091627771 -0.982167363 0.187785462
vn -0.820027173 -0.0664363727 0.568455577
vn -0.820027173 -0.0664363727 0.568455577
vn -0.820027173 -0.0664363727 0.568455577
vn -0.929662526 -0.0093098646 -0.368294775
vn -0.929662526 -0.0093098646 -0.368294775
vn -0.929662526 -0.0093098646 -0.368294775
vn -0.748350263 -0.23288542 -0.621076822
vn -0.748350263 -0.23288542 -0.621076822
vn -0.748350263 -0.23288542 -0.621076822
vn -0.437669218 0.694722593 -0.570794225
vn -0.437669218 0.694722593 -0.570794225
vn -0.437669218 0.694722593 -0.570794225
vn -0.533240259 0.258613497 0.805464983
vn -0.533240259 0.258613497 0.805464983
vn -0.533240259 0.258613497 0.805464983
vn 0.897264838 -0.0373258628 -0.439911962
vn 0.897264838 -0.0373258628 -0.439911962
vn 0.897264838 -0.0373258628 -0.439911962
vn 0.998041093 -0.0417550653 0.0465898104
vn 0.998041093 -0.0417550653 0.0465898104
vn 0.998041093 -0.0417550653 0.0465898104
vn -0.331960887 0.114006542 -0.936378419
vn -0.331960887 0.114006542 -0.936378419
vn -0.331960887 0.114006542 -0.936378419
vn 0.999239326 -0.0231787134 0.0313593037
vn 0.999239326 -0.0231787134 0.0313593037
vn 0.999239326 -0.0231787134 0.0313593037
vn 0.88754338 -0.059566848 -0.456857413
vn 0.88754338 -0.059566848 -0.456857413
vn 0.88850832 -0.0591218211 -0.455035657
vn -0.328370631 -0.425819516 -0.843119502
vn -0.328370631 -0.425819516 -0.843119502
vn -0.328370631 -0.425819516 -0.843119502
vn -0.919522941 -0.134152591 0.369433105
vn -0.919522941 -0.134152591 0.369433105
vn -0.919522941 -0.134152591 0.369433105
vn -0.0194602553 -0.0317017399 0.99930799
vn -0.0194602553 -0.0317017399 0.99930799
vn -0.0194602553 -0.0317017399 0.99930799
vn -0.639650404 -0.10501872 -0.761458039
vn -0.639650404 -0.10501872 -0.761458039
vn -0.639650404 -0.10501872 -0.761458039
vn -0.906788707 -0.412237048 0.0882890895
vn -0.906788707 -0.412237048 0.0882890895
vn -0.906788707 -0.412237048 0.0882890895
vn 0.491917968 0.765469313 0.414817482
vn 0.491917968 0.765469313 0.414817482
vn 0.491917968 0.765469313 0.414817482
vn -0.351533353 0.272369891 -0.895677924
vn -0.351533353 0.272369891 -0.895677924
vn -0.351533353 0.272369891 -0.895677924
vn 0.398606151 0.0163084045 -0.916977167
vn 0.398606151 0.0163084045 -0.916977167
vn 0.398606151 0.0163084045 -0.916977167
vn 0.408483535 0.870214164 -0.275442511
vn 0.408483535 0.870214164 -0.275442511
vn 0.408483535 0.870214164 -0.275442511
vn -0.675918102 0.302228153 -0.67215538
vn -0.675918102 0.302228153 -0.67215538
vn -0.675918102 0.302228153 -0.67215538
vn -0.39008522 0.0474694632 -0.919554234
vn -0.39008522 0.0474694632 -0.919554234
vn -0.39008522 0.0474694632 -0.919554234
vn 0.786975741 -0.303296745 -0.537289739
vn 0.786975741 -0.303296745 -0.537289739
vn 0.786975741 -0.303296745 -0.537289739
vn 0.888479888 -0.286060482 0.358849436
vn 0.888479888 -0.286060482 0.358849436
vn 0.888479888 -0.286060482 0.358849436
vn 0.70451045 0.399560153 -0.586529374
vn 0.70451045 0.399560153 -0.586529374
vn 0.70451045 0.399560153 -0.586529374
vn 0.987197161 -0.100198671 -0.124105111
vn 0.987197161 -0.100198671 -0.124105111
vn 0.987197161 -0.100198671 -0.124105111
vn 0.48356843 -0.15368408 -0.861709297
vn 0.48356843 -0.15368408 -0.861709297
vn 0.48356843 -0.15368408 -0.861709297
vn 0.04347701 0.504351795 0.862403035
vn 0.04347701 0.504351795 0.862403035
vn 0.04347701 0.504351795 0.862403035
vn 0.837833524 -0.0746750832 0.540794432
vn 0.837833524 -0.0746750832 0.540794432
vn 0.837833524 -0.0746750832 0.540794432
vn -0.577234864 -0.175570786 -0.797480285
vn -0.577234864 -0.175570786 -0.797480285
vn -0.577234864 -0.175570786 -0.797480285
vn -0.781898797 0.0475425906 0.621589899
vn -0.781898797 0.0475425906 0.621589899
vn -0.781898797 0.0475425906 0.621589899
vn 0.914309859 -0.295098454 -0.277406722
vn 0.914309859 -0.295098454 -0.277406722
vn 0.914309859 -0.295098454 -0.277406722
vn -0.565978885 0.050886102 0.822847843
vn -0.565978885 0.050886102 0.822847843
vn -0.565978885 0.050886102 0.822847843
vn 0.994345963 0.0928873047 0.051459413
vn 0.994345963 0.0928873047 0.051459413
vn 0.994345963 0.0928873047 0.051459413
vn 0.793611526 0.496747822 -0.351315141
vn 0.793611526 0.496747822 -0.351315141
vn 0.793611526 0.496747822 -0.351315141
vn 0.996383548 -0.00143742526 -0.0849567875
vn 0.996383548 -0.00143742526 -0.0849567875
vn 0.996383548 -0.00143742526 -0.0849567875
vn 0.700744271 -0.16269134 -0.694614291
vn 0.700744271 -0.16269134 -0.694614291
vn 0.700744271 -0.16269134 -0.694614291
vn 0.735359251 0.0117676361 0.67757529
vn 0.736067414 0.0125885243 0.676791191
vn 0.736815274 0.0119004184 0.67598933
vn -0.136401787 -0.335200757 -0.932220459
vn -0.136401787 -0.335200757 -0.932220459
vn -0.136401787 -0.335200757 -0.932220459
vn 0.677331924 -0.734944105 0.0328403376
vn 0.677331924 -0.734944105 0.0328403376
vn 0.677331924 -0.734944105 0.0328403376
vn 0.59814465 -0.690705895 -0.406384349
vn 0.59814465 -0.690705895 -0.406384349
vn 0.59814465 -0.690705895 -0.406384349
vn 0.710338473 -0.420458019 0.564476967
vn 0.710338473 -0.420458019 0.564476967
vn 0.710338473 -0.420458019 0.564476967
vn -0.302646041 0.145231143 0.94197315
vn -0.305133939 0.146328181 0.941000283
vn -0.310026079 0.154975042 0.938012064
vn 0.926269412 0.0421453677 0.374497861
vn 0.928212583 0.0382690802 0.370076716
vn 0.929114699 0.0367618725 0.367959768
vn 0.896438479 -0.417237371 -0.149368718
vn 0.896438479 -0.417237371 -0.149368718
vn 0.896438479 -0.417237371 -0.149368718
vn -0.979121983 -0.0381098986 -0.199668989
vn -0.979121983 -0.0381098986 -0.199668989
vn -0.979121983 -0.0381098986 -0.199668989
vn 0.0123346029 0.0984625965 -0.995064318
vn 0.0123346029 0.0984625965 -0.995064318
vn 0.0123346029 0.0984625965 -0.995064318
vn 0.0625109971 -0.159999222 0.985135853
vn 0.0625109971 -0.159999222 0.985135853
vn 0.0625109971 -0.159999222 0.985135853
vn -0.980563283 0.0333204009 -0.19335334
vn -0.980563283 0.0333204009 -0.19335334
vn -0.980563283 0.0333204009 -0.19335334
vn 0.867237866 -0.0539981984 -0.494957238
vn 0.867237866 -0.0539981984 -0.494957238
vn 0.867237866 -0.0539981984 -0.494957238
vn -0.169515818 0.607651234 -0.775902212
vn -0.169515818 0.607651234 -0.775902212
vn -0.169515818 0.607651234 -0.775902212
vn -0.0863582566 0.249898404 -0.964413345
vn -0.0863582566 0.249898404 -0.964413345
vn -0.0863582566 0.249898404 -0.964413345
vn -0.426734149 0.081869863 -0.900663793
vn -0.426734149 0.081869863 -0.900663793
vn -0.426734149 0.081869863 -0.900663793
vn -0.417298079 0.359262943 0.834740937
vn -0.417298079 0.359262943 0.834740937
vn -0.417298079 0.359262943 0.834740937
vn -0.53419733 -0.835160553 0.130920187
vn -0.53419733 -0.835160553 0.130920187
vn -0.53419733 -0.835160553 0.130920187
vn -0.98259753 -0.0664194822 0.173466682
vn -0.98259753 -0.0664194822 0.173466682
vn -0.98259753 -0.0664194822 0.173466682
vn -0.999365032 -0.0111590745 -0.033838179
vn -0.999365032 -0.0111590745 -0.033838179
vn -0.999365032 -0.0111590745 -0.033838179
vn -0.688542545 -0.00968925282 -0.725131154
vn -0.688542545 -0.00968925282 -0.725131154
vn -0.688542545 -0.00968925282 -0.725131154
vn -0.418421984 -0.232848436 -0.877897859
vn -0.418421984 -0.232848436 -0.877897859
vn -0.418421984 -0.232848436 -0.877897859
vn -0.155664623 0.675093353 -0.721122444
vn -0.155664623 0.675093353 -0.721122444
vn -0.155664623 0.675093353 -0.721122444
vn -0.822462201 0.257603437 0.507145345
vn -0.822462201 0.257603437 0.507145345
vn -0.822462201 0.257603437 0.507145345
vn 0.999085903 -0.0371537805 -0.0211435985
vn 0.999085903 -0.0371537805 -0.0211435985
vn 0.999085903 -0.0371537805 -0.0211435985
vn -0.206369609 0.203829795 -0.957008362
vn -0.206369609 0.203829795 -0.957008362
vn -0.206369609 0.203829795 -0.957008362
vn 0.569826543 -0.0192666892 0.821539164
vn 0.569826543 -0.0192666892 0.821539164
vn 0.569826543 -0.0192666892 0.821539164
vn -0.422205329 0.856737852 0.296214461
vn -0.422205329 0.856737852 0.296214461
vn -0.422205329 0.856737852 0.296214461
vn 0.0651943684 0.137187213 0.9883973
vn 0.0651943684 0.137187213 0.9883973
vn 0.0651943684 0.137187213 0.9883973
vn -0.279280066 -0.0854323059 0.956401587
vn -0.279280066 -0.0854323059 0.956401587
vn -0.279280066 -0.0854323059 0.956401587
vn -0.26096496 -0.105160788 -0.95960325
vn -0.26096496 -0.105160788 -0.95960325
vn -0.26096496 -0.105160788 -0.95960325
vn -0.860582709 -0.410207033 -0.301873446
vn -0.860582709 -0.410207033 -0.301873446
vn -0.860582709 -0.410207033 -0.301873446
vn 0.272165775 0.765537322 0.582990885
vn 0.272165775 0.765537322 0.582990885
vn 0.272165775 0.765537322 0.582990885
vn 0.0571715236 0.272408694 -0.960481584
vn 0.0571715236 0.272408694 -0.960481584
vn 0.0571715236 0.272408694 -0.960481584
vn 0.747141838 0.0162809249 -0.664465249
vn 0.747141838 0.0162809249 -0.664465249
vn 0.747141838 0.0162809249 -0.664465249
vn 0.201612532 -0.010488987 0.979409158
vn 0.201612532 -0.010488987 0.979409158
vn 0.201612532 -0.010488987 0.979409158
vn 0.522051692 0.851923585 0.0410867222
vn 0.522051692 0.851923585 0.0410867222
vn 0.522051692 0.851923585 0.0410867222
vn -0.325992584 0.299146384 -0.896794438
vn -0.325992584 0.299146384 -0.896794438
vn -0.325992584 0.299146384 -0.896794438
vn 0.0326035954 0.0474596545 -0.998340964
vn 0.0326035954 0.0474596545 -0.998340964
vn 0.0326035954 0.0474596545 -0.998340964
vn 0.932531655 -0.285736591 -0.220769539
vn 0.932531655 -0.285736591 -0.220769539
vn 0.932531655 -0.285736591 -0.220769539
vn 0.949558198 -0.0829583704 0.302418917
vn 0.949558198 -0.0829583704 0.302418917
vn 0.949558198 -0.0829583704 0.302418917
vn 0.800949216 -0.154025137 -0.578581572
vn 0.800949216 -0.154025137 -0.578581572
vn 0.800949216 -0.154025137 -0.578581572
vn 0.550046325 -0.0759081915 0.831677258
vn 0.550046325 -0.0759081915 0.831677258
vn 0.550046325 -0.0759081915 0.831677258
vn 0.0573669448 -0.26038143 -0.963800013
vn 0.0573669448 -0.26038143 -0.963800013
vn 0.0573669448 -0.26038143 -0.963800013
vn -0.98407805 0.126772255 0.12457566
vn -0.98407805 0.126772255 0.12457566
vn -0.98407805 0.126772255 0.12457566
vn 0.946261168 -0.295458525 0.131506652
vn 0.946261168 -0.295458525 0.131506652
vn 0.946261168 -0.295458525 0.131506652
vn -0.612534404 0.200881392 0.764492154
vn -0.612534404 0.200881392 0.764492154
vn -0.612534404 0.200881392 0.764492154
vn 0.922000945 -0.00523308385 0.387152195
vn 0.922000945 -0.00523308385 0.387152195
vn 0.922000945 -0.00523308385 0.387152195
vn 0.856205881 0.485312968 -0.177151978
vn 0.856205881 0.485312968 -0.177151978
vn 0.856205881 0.485312968 -0.177151978
vn 0.939593792 -0.00127008907 0.342289031
vn 0.939593792 -0.00127008907 0.342289031
vn 0.939593792 -0.00127008907 0.342289031
vn 0.927803397 -0.162524119 -0.33580792
vn 0.927803397 -0.162524119 -0.33580792
vn 0.927803397 -0.162524119 -0.33580792
vn 0.300557286 0.133898348 0.944318116
vn 0.300557286 0.133898348 0.944318116
vn 0.300557286 0.133898348 0.944318116
vn 0.426102906 0.904669225 0.00315151154
vn 0.426102906 0.904669225 0.00315151154
vn 0.426102906 0.904669225 0.00315151154
vn 0.267968088 -0.335206211 -0.903232932
vn 0.267968088 -0.335206211 -0.903232932
vn 0.267968088 -0.335206211 -0.903232932
vn 0.60164988 -0.734871268 0.313019902
vn 0.60164988 -0.734871268 0.313019902
vn 0.60164988 -0.734871268 0.313019902
vn 0.713668048 -0.690322399 -0.118881352
vn 0.713668048 -0.690322399 -0.118881352
vn 0.713668048 -0.690322399 -0.118881352
vn 0.407834977 -0.421539992 0.809922695
vn 0.407834977 -0.421539992 0.809922695
vn 0.407834977 -0.421539992 0.809922695
vn 0.509541333 -0.439108312 -0.739967287
vn 0.509541333 -0.439108312 -0.739967287
vn 0.509541333 -0.439108312 -0.739967287
vn -0.959422171 0.12588422 0.252313852
vn -0.959422171 0.12588422 0.252313852
vn -0.959422171 0.12588422 0.252313852
vn -0.823165834 0.00528376596 0.567776561
vn -0.823165834 0.00528376596 0.567776561
vn -0.823165834 0.00528376596 0.567776561
vn 0.195801541 -0.0116933845 -0.980573833
vn 0.195801541 -0.0116933845 -0.980573833
vn 0.195801541 -0.0116933845 -0.980573833
vn -0.477617741 -0.0355358534 0.877848804
vn -0.477617741 -0.0355358534 0.877848804
vn -0.477617741 -0.0355358534 0.877848804
vn -0.521864176 0.0730251446 0.849897146
vn -0.521864176 0.0730251446 0.849897146
vn -0.521864176 0.0730251446 0.849897146
vn -0.180986002 -0.289716244 0.939844966
vn -0.180986002 -0.289716244 0.939844966
vn -0.180986002 -0.289716244 0.939844966
vn -0.483830661 -0.0676390603 0.872543871
vn -0.483830661 -0.0676390603 0.872543871
vn -0.483830661 -0.0676390603 0.872543871
vn -0.919088423 -0.355321765 0.170361355
vn -0.919088423 -0.355321765 0.170361355
vn -0.919088423 -0.355321765 0.170361355
vn -0.180398121 0.85915041 0.47887072
vn -0.180398121 0.85915041 0.47887072
vn -0.180398121 0.85915041 0.47887072
vn -0.239520103 -0.184613824 0.95317781
vn -0.239520103 -0.184613824 0.95317781
vn -0.239520103 -0.184613824 0.95317781
vn 0.0215748772 -0.54758358 -0.83647275
vn 0.0215748772 -0.54758358 -0.83647275
vn 0.0215748772 -0.54758358 -0.83647275
vn 0.381697565 -0.069033511 -0.921705663
vn 0.381697565 -0.069033511 -0.921705663
vn 0.381697565 -0.069033511 -0.921705663
vn 0.984008193 0.0610040426 0.167351201
vn 0.984008193 0.0610040426 0.167351201
vn 0.984008193 0.0610040426 0.167351201
vn 0.772531927 -0.00486849761 0.634957373
vn 0.772531927 -0.00486849761 0.634957373
vn 0.772531927 -0.00486849761 0.634957373
vn 0.491675586 -0.0618973933 -0.868575752
vn 0.491675586 -0.0618973933 -0.868575752
vn 0.493497312 -0.0615644902 -0.867565691
vn -0.783024073 -0.363517284 -0.504706383
vn -0.783024073 -0.363517284 -0.504706383
vn -0.783024073 -0.363517284 -0.504706383
vn -0.497302949 -0.145940974 0.855214059
vn -0.497302949 -0.145940974 0.855214059
vn -0.497302949 -0.145940974 0.855214059
vn -0.980689943 -0.179568708 0.0774742365
vn -0.980689943 -0.179568708 0.0774742365
vn -0.980689943 -0.179568708 0.0774742365
vn -0.408232868 -0.653172612 0.63773942
vn -0.408232868 -0.653172612 0.63773942
vn -0.408232868 -0.653172612 0.63773942
vn 0.6360479 0.712359846 0.296624988
vn 0.6360479 0.712359846 0.296624988
vn 0.6360479 0.712359846 0.296624988
vn -0.051686462 0.100766703 -0.993566573
vn -0.051686462 0.100766703 -0.993566573
vn -0.051686462 0.100766703 -0.993566573
vn 0.261425644 0.929629326 -0.259703308
vn 0.261425644 0.929629326 -0.259703308
vn 0.261425644 0.929629326 -0.259703308
vn 0.840749621 0.225145638 -0.492391646
vn 0.840749621 0.225145638 -0.492391646
vn 0.840749621 0.225145638 -0.492391646
vn -0.398660392 0.217164278 -0.891016066
vn -0.398660392 0.217164278 -0.891016066
vn -0.398660392 0.217164278 -0.891016066
vn 0.640676856 -0.151180327 -0.752779961
vn 0.640676856 -0.151180327 -0.752779961
vn 0.640676856 -0.151180327 -0.752779961
vn -0.922972262 -0.233524323 -0.305922329
vn -0.922972262 -0.233524323 -0.305922329
vn -0.922972262 -0.233524323 -0.305922329
vn -0.282985836 -0.0138931377 0.959023476
vn -0.282985836 -0.0138931377 0.959023476
vn -0.282985836 -0.0138931377 0.959023476
vn 0.596489668 -0.21786204 -0.772487104
vn 0.596489668 -0.21786204 -0.772487104
vn 0.596489668 -0.21786204 -0.772487104
vn -0.305761039 -0.128145501 0.943445325
vn -0.305761039 -0.128145501 0.943445325
vn -0.305761039 -0.128145501 0.943445325
vn 0.779649436 0.115404479 -0.615490496
vn 0.779649436 0.115404479 -0.615490496
vn 0.779649436 0.115404479 -0.615490496
vn 0.22847864 -0.206780955 0.95133549
vn 0.22847864 -0.206780955 0.95133549
vn 0.22847864 -0.206780955 0.95133549
vn -0.95055145 -0.00622942671 -0.310504705
vn -0.95055145 -0.00622942671 -0.310504705
vn -0.95055145 -0.00622942671 -0.310504705
vn 0.0655261502 0.981662571 -0.179011121
vn 0.0655261502 0.981662571 -0.179011121
vn 0.0655261502 0.981662571 -0.179011121
vn -0.835591853 -0.247018039 -0.490681499
vn -0.835591853 -0.247018039 -0.490681499
vn -0.835591853 -0.247018039 -0.490681499
vn 0.435969174 -0.531261384 -0.726424336
vn 0.435969174 -0.531261384 -0.726424336
vn 0.435969174 -0.531261384 -0.726424336
vn 0.0405153856 -0.450419337 -0.89189738
vn 0.0405153856 -0.450419337 -0.89189738
vn 0.0405153856 -0.450419337 -0.89189738
vn 0.878285885 -0.281283468 -0.386643946
vn 0.878285885 -0.281283468 -0.386643946
vn 0.878285885 -0.281283468 -0.386643946
vn 0.879817247 0.429461956 0.203676343
vn 0.881502688 0.422522932 0.210777968
vn 0.880885005 0.422008395 0.214360699
vn 0.967743874 0.20441179 0.147267386
vn 0.971663058 0.195370987 0.133045346
vn 0.971482456 0.196006954 0.133428738
vn 0.874756813 -0.46491608 0.136578351
vn 0.874756813 -0.46491608 0.136578351
vn 0.874756813 -0.46491608 0.136578351
vn -0.284271687 0.283210814 0.915959179
vn -0.284271687 0.283210814 0.915959179
vn -0.284271687 0.283210814 0.915959179
vn -0.331066012 0.934727609 -0.129149929
vn -0.331066012 0.934727609 -0.129149929
vn -0.331066012 0.934727609 -0.129149929
vn 0.138160631 0.448953837 -0.882809162
vn 0.138160631 0.448953837 -0.882809162
vn 0.138160631 0.448953837 -0.882809162
vn 0.108930774 0.150509879 -0.982588887
vn 0.108930774 0.150509879 -0.982588887
vn 0.108930774 0.150509879 -0.982588887
vn -0.117148221 0.808552444 0.576644897
vn -0.117148221 0.808552444 0.576644897
vn -0.117148221 0.808552444 0.576644897
vn 0.858807743 -0.0809832513 0.505856812
vn 0.858807743 -0.0809832513 0.505856812
vn 0.858807743 -0.0809832513 0.505856812
vn 0.139695391 -0.101814248 -0.984946251
vn 0.139695391 -0.101814248 -0.984946251
vn 0.139695391 -0.101814248 -0.984946251
vn -0.230416819 -0.27121076 0.934533477
vn -0.230416819 -0.27121076 0.934533477
vn -0.230416819 -0.27121076 0.934533477
vn 0.301219493 0.60980767 -0.733076572
vn 0.301219493 0.60980767 -0.733076572
vn 0.301219493 0.60980767 -0.733076572
vn 0.263678282 -0.0867754668 0.960699618
vn 0.263678282 -0.0867754668 0.960699618
vn 0.263678282 -0.0867754668 0.960699618
vn -0.904476404 -0.413194746 -0.10579513
vn -0.904476404 -0.413194746 -0.10579513
vn -0.904476404 -0.413194746 -0.10579513
vn -0.862184703 -0.466130108 -0.198394209
vn -0.862184703 -0.466130108 -0.198394209
vn -0.862184703 -0.466130108 -0.198394209
vn -0.882353246 -0.453852445 -0.12438111
vn -0.882353246 -0.453852445 -0.12438111
vn -0.882353246 -0.453852445 -0.12438111
vn 0.716204882 -0.510001719 -0.476391315
vn 0.716204882 -0.510001719 -0.476391315
vn 0.716204882 -0.510001719 -0.476391315
vn -0.969240725 0.208152592 0.131319612
vn -0.969240725 0.208152592 0.131319612
vn -0.969240725 0.208152592 0.131319612
vn -0.715652943 -0.68509686 -0.135953069
vn -0.715652943 -0.68509686 -0.135953069
vn -0.715652943 -0.68509686 -0.135953069
vn 0.0682301596 -0.955492496 0.287017077
vn 0.0682301596 -0.955492496 0.287017077
vn 0.0682301596 -0.955492496 0.287017077
vn 0.439102054 -0.300306529 0.846761703
vn 0.439102054 -0.300306529 0.846761703
vn 0.439102054 -0.300306529 0.846761703
vn 0.599223673 -0.761162817 0.248117059
vn 0.599223673 -0.761162817 0.248117059
vn 0.599223673 -0.761162817 0.248117059
vn -0.408186376 -0.909343064 0.080493167
vn -0.408186376 -0.909343064 0.080493167
vn -0.408186376 -0.909343064 0.080493167
vn -0.189645588 -0.451592773 -0.871836245
vn -0.189645588 -0.451592773 -0.871836245
vn -0.189645588 -0.451592773 -0.871836245
vn 0.364671379 0.433907866 -0.823856056
vn 0.364671379 0.433907866 -0.823856056
vn 0.364671379 0.433907866 -0.823856056
vn 0.0861954764 -0.0335169397 -0.995714247
vn 0.0861954764 -0.0335169397 -0.995714247
vn 0.0861954764 -0.0335169397 -0.995714247
vn 0.611370325 -0.705189109 0.359074682
vn 0.611370325 -0.705189109 0.359074682
vn 0.611370325 -0.705189109 0.359074682
vn -0.479198873 0.402078152 0.780193388
vn -0.479198873 0.402078152 0.780193388
vn -0.479198873 0.402078152 0.780193388
vn 0.263703257 -0.110768817 -0.958222806
vn 0.263703257 -0.110768817 -0.958222806
vn 0.263703257 -0.110768817 -0.958222806
vn -0.968729436 0.157198191 -0.191968516
vn -0.969579518 0.155716553 -0.188859731
vn -0.96966064 0.155408606 -0.188696489
vn 0.36672461 -0.0748115033 -0.927316725
vn 0.36672461 -0.0748115033 -0.927316725
vn 0.36672461 -0.0748115033 -0.927316725
vn 0.441997319 -0.247902453 0.862080395
vn 0.441997319 -0.247902453 0.862080395
vn 0.441997319 -0.247902453 0.862080395
vn -0.819712102 0.0585812218 0.569772124
vn -0.819712102 0.0585812218 0.569772124
vn -0.819712102 0.0585812218 0.569772124
vn 0.808294117 -0.211735472 0.549389362
vn 0.808294117 -0.211735472 0.549389362
vn 0.808294117 -0.211735472 0.549389362
vn -0.250850022 -0.193833604 -0.948421299
vn -0.250850022 -0.193833604 -0.948421299
vn -0.250850022 -0.193833604 -0.948421299
vn 0.686089337 -0.719035029 0.110770255
vn 0.686089337 -0.719035029 0.110770255
vn 0.686089337 -0.719035029 0.110770255
vn -0.619158804 0.618856966 0.483382255
vn -0.619158804 0.618856966 0.483382255
vn -0.619158804 0.618856966 0.483382255
vn 0.480673343 0.0717232898 -0.873961627
vn 0.480673343 0.0717232898 -0.873961627
vn 0.480673343 0.0717232898 -0.873961627
vn 0.42736423 0.77917099 0.458532751
vn 0.42736423 0.77917099 0.458532751
vn 0.42736423 0.77917099 0.458532751
vn 0.58712852 0.409098834 0.698511422
vn 0.58712852 0.409098834 0.698511422
vn 0.58712852 0.409098834 0.698511422
vn 0.900937557 0.339387089 -0.270421654
vn 0.900937557 0.339387089 -0.270421654
vn 0.900937557 0.339387089 -0.270421654
vn 0.459658921 0.819793701 0.341543585
vn 0.459658921 0.819793701 0.341543585
vn 0.459658921 0.819793701 0.341543585
vn 0.692302883 0.72000736 -0.0480210111
vn 0.692302883 0.72000736 -0.0480210111
vn 0.692302883 0.72000736 -0.0480210111
vn 0.837022126 -0.439950228 0.325327158
vn 0.837022126 -0.439950228 0.325327158
vn 0.837022126 -0.439950228 0.325327158
vn -0.143596381 0.513519406 0.845977485
vn -0.143596381 0.513519406 0.845977485
vn -0.143596381 0.513519406 0.845977485
vn -0.035244666 0.373823494 0.926829934
vn -0.035244666 0.373823494 0.926829934
vn -0.035244666 0.373823494 0.926829934
vn 0.576982558 -0.226601779 -0.784692824
vn 0.576982558 -0.226601779 -0.784692824
vn 0.576982558 -0.226601779 -0.784692824
vn -0.183178201 0.907663107 -0.377615571
vn -0.183178201 0.907663107 -0.377615571
vn -0.183178201 0.907663107 -0.377615571
vn -0.788702726 0.121814139 0.602585614
vn -0.788702726 0.121814139 0.602585614
vn -0.788702726 0.121814139 0.602585614
vn -0.932474136 -0.150312111 0.328478932
vn -0.932474136 -0.150312111 0.328478932
vn -0.932474136 -0.150312111 0.328478932
vn 0.0391383842 -0.174630523 -0.983855844
vn 0.0391383842 -0.174630523 -0.983855844
vn 0.0391383842 -0.174630523 -0.983855844
vn 0.136675596 -0.892365873 -0.430119693
vn 0.136675596 -0.892365873 -0.430119693
vn 0.136675596 -0.892365873 -0.430119693
vn -0.0886219144 0.286217272 -0.954057515
vn -0.0886219144 0.286217272 -0.954057515
vn -0.0886219144 0.286217272 -0.954057515
vn -0.806782544 -0.500035524 0.314748049
vn -0.806782544 -0.500035524 0.314748049
vn -0.806782544 -0.500035524 0.314748049
vn 0.436415106 -0.205887169 0.875872254
vn 0.436415106 -0.205887169 0.875872254
vn 0.436415106 -0.205887169 0.875872254
vn 0.594313204 0.22370854 0.772493541
vn 0.594313204 0.22370854 0.772493541
vn 0.594313204 0.22370854 0.772493541
vn -0.169554278 0.121464498 -0.978007019
vn -0.169554278 0.121464498 -0.978007019
vn -0.169554278 0.121464498 -0.978007019
vn 0.381422609 0.634940743 -0.671838641
vn 0.381422609 0.634940743 -0.671838641
vn 0.381422609 0.634940743 -0.671838641
vn 0.494200498 -0.161782056 -0.854161918
vn 0.494200498 -0.161782056 -0.854161918
vn 0.494200498 -0.161782056 -0.854161918
vn 0.776383877 -0.531386137 -0.338905573
vn 0.776383877 -0.531386137 -0.338905573
vn 0.776383877 -0.531386137 -0.338905573
vn -0.117348567 0.717672646 -0.68642211
vn -0.117348567 0.717672646 -0.68642211
vn -0.117348567 0.717672646 -0.68642211
vn -0.987887502 0.154609203 -0.0132016018
vn -0.987887502 0.154609203 -0.0132016018
vn -0.987887502 0.154609203 -0.0132016018
vn -0.374250293 -0.842188537 0.388143271
vn -0.374250293 -0.842188537 0.388143271
vn -0.374250293 -0.842188537 0.388143271
vn 0.266238749 -0.823826373 -0.500426829
vn 0.266238749 -0.823826373 -0.500426829
vn 0.266238749 -0.823826373 -0.500426829
vn -0.174503952 -0.150978744 -0.973012805
vn -0.174503952 -0.150978744 -0.973012805
vn -0.174503952 -0.150978744 -0.973012805
vn 0.997412741 0.0567174777 -0.0441693626
vn 0.997412741 0.0567174777 -0.0441693626
vn 0.997412741 0.0567174777 -0.0441693626
vn -0.964705348 -0.0792974532 0.251108587
vn -0.964705348 -0.0792974532 0.251108587
vn -0.964705348 -0.0792974532 0.251108587
vn -0.992742419 -0.0399246737 0.113439821
vn -0.992742419 -0.0399246737 0.113439821
vn -0.992742419 -0.0399246737 0.113439821
vn 0.296334147 -0.339918822 0.892547607
vn 0.296334147 -0.339918822 0.892547607
vn 0.296334147 -0.339918822 0.892547607
vn 0.38186425 0.0781900436 -0.920904934
vn 0.38186425 0.0781900436 -0.920904934
vn 0.38186425 0.0781900436 -0.920904934
vn 0.656882286 -0.626994312 0.418788433
vn 0.656882286 -0.626994312 0.418788433
vn 0.656882286 -0.626994312 0.418788433
vn -0.878734231 0.471212804 0.0760560781
vn -0.878734231 0.471212804 0.0760560781
vn -0.878734231 0.471212804 0.0760560781
vn 0.658836246 0.302543283 0.688768744
vn 0.658836246 0.302543283 0.688768744
vn 0.658836246 0.302543283 0.688768744
vn -0.14742212 0.00982010551 -0.989024818
vn -0.14742212 0.00982010551 -0.989024818
vn -0.14742212 0.00982010551 -0.989024818
vn 0.957234085 0.288562745 0.0208426379
vn 0.957234085 0.288562745 0.0208426379
vn 0.957234085 0.288562745 0.0208426379
vn 0.951015711 0.267722905 0.154575065
vn 0.951015711 0.267722905 0.154575065
vn 0.951015711 0.267722905 0.154575065
vn -0.344440579 -0.216843963 -0.91342175
vn -0.344440579 -0.216843963 -0.91342175
vn -0.344440579 -0.216843963 -0.91342175
vn 0.303955495 0.189355716 0.933678448
vn 0.303955495 0.189355716 0.933678448
vn 0.303955495 0.189355716 0.933678448
vn 0.0838170722 0.92786926 0.363363832
vn 0.0838170722 0.92786926 0.363363832
vn 0.0838170722 0.92786926 0.363363832
vn 0.925526321 0.348142475 0.148989365
vn 0.925526321 0.348142475 0.148989365
vn 0.925526321 0.348142475 0.148989365
vn -0.645340502 0.210772589 -0.734241366
vn -0.645340502 0.210772589 -0.734241366
vn -0.645340502 0.210772589 -0.734241366
vn 0.360300362 0.790769279 0.49484098
vn 0.360300362 0.790769279 0.49484098
vn 0.360300362 0.790769279 0.49484098
vn 0.565576017 -0.419420779 0.710077465
vn 0.565576017 -0.419420779 0.710077465
vn 0.565576017 -0.419420779 0.710077465
vn -0.740338922 0.239162073 0.628251314
vn -0.740338922 0.239162073 0.628251314
vn -0.740338922 0.239162073 0.628251314
vn -0.588793933 -0.0140842898 0.808160484
vn -0.588793933 -0.0140842898 0.808160484
vn -0.588793933 -0.0140842898 0.808160484
vn -0.915881693 -0.153318182 0.371017814
vn -0.915881693 -0.153318182 0.371017814
vn -0.915881693 -0.153318182 0.371017814
vn 0.630260527 0.124491118 -0.766337872
vn 0.630260527 0.124491118 -0.766337872
vn 0.630260527 0.124491118 -0.766337872
vn 0.640220463 -0.253353626 -0.72521013
vn 0.640220463 -0.253353626 -0.72521013
vn 0.640220463 -0.253353626 -0.72521013
vn 0.589555025 -0.716418386 -0.373054326
vn 0.589555025 -0.716418386 -0.373054326
vn 0.589555025 -0.716418386 -0.373054326
vn 0.212980255 -0.00869221892 -0.977017879
vn 0.212980255 -0.00869221892 -0.977017879
vn 0.212980255 -0.00869221892 -0.977017879
vn -0.967442513 -0.206320807 0.14658314
vn -0.967442513 -0.206320807 0.14658314
vn -0.967442513 -0.206320807 0.14658314
vn 0.267416656 0.12358062 0.955623448
vn 0.267416656 0.12358062 0.955623448
vn 0.267416656 0.12358062 0.955623448
vn 0.411243469 0.305656999 0.858750641
vn 0.411243469 0.305656999 0.858750641
vn 0.411243469 0.305656999 0.858750641
vn -0.0164434258 -0.289109796 -0.957154691
vn -0.0164434258 -0.289109796 -0.957154691
vn -0.0164434258 -0.289109796 -0.957154691
vn 0.869999945 -0.230633542 -0.435784698
vn 0.869999945 -0.230633542 -0.435784698
vn 0.869999945 -0.230633542 -0.435784698
vn 0.103250772 0.853313267 -0.511073112
vn 0.103250772 0.853313267 -0.511073112
vn 0.103250772 0.853313267 -0.511073112
vn 0.0893619359 -0.994985223 -0.0449310504
vn 0.0893619359 -0.994985223 -0.0449310504
vn 0.0893619359 -0.994985223 -0.0449310504
vn -0.7276752 0.0444366932 0.684480965
vn -0.7276752 0.0444366932 0.684480965
vn -0.7276752 0.0444366932 0.684480965
vn -0.701881647 0.209896252 -0.680665672
vn -0.701881647 0.209896252 -0.680665672
vn -0.701881647 0.209896252 -0.680665672
vn 0.975097179 0.16011852 0.153451785
vn 0.975097179 0.16011852 0.153451785
vn 0.975097179 0.16011852 0.153451785
vn 0.103581667 0.853829861 -0.510142505
vn 0.103581667 0.853829861 -0.510142505
vn 0.103581667 0.853829861 -0.510142505
vn -0.798253059 0.0112854792 -0.602216482
vn -0.798253059 0.0112854792 -0.602216482
vn -0.798253059 0.0112854792 -0.602216482
vn -0.298200905 -0.953793406 -0.0368010513
vn -0.298200905 -0.953793406 -0.0368010513
vn -0.298200905 -0.953793406 -0.0368010513
vn 0.809779286 -0.171183437 -0.561207414
vn 0.809779286 -0.171183437 -0.561207414
vn 0.809779286 -0.171183437 -0.561207414
vn 0.321626991 -0.101937316 0.941363335
vn 0.321626991 -0.101937316 0.941363335
vn 0.321626991 -0.101937316 0.941363335
vn -0.272905588 -0.368283004 0.888757586
vn -0.272905588 -0.368283004 0.888757586
vn -0.272905588 -0.368283004 0.888757586
vn 0.927039623 0.0725396648 -0.367879719
vn 0.927039623 0.0725396648 -0.367879719
vn 0.927039623 0.0725396648 -0.367879719
vn 0.389195591 -0.750596166 0.533977687
vn 0.389195591 -0.750596166 0.533977687
vn 0.389195591 -0.750596166 0.533977687
vn -0.850270748 0.116797455 -0.513223171
vn -0.850270748 0.116797455 -0.513223171
vn -0.850270748 0.116797455 -0.513223171
vn -0.199107245 0.294973701 0.934530258
vn -0.199107245 0.294973701 0.934530258
vn -0.199107245 0.294973701 0.934530258
vn 0.744229555 0.0419387892 -0.666606009
vn 0.744229555 0.0419387892 -0.666606009
vn 0.744229555 0.0419387892 -0.666606009
vn 0.604600608 -0.216579959 -0.766518891
vn 0.604600608 -0.216579959 -0.766518891
vn 0.604600608 -0.216579959 -0.766518891
vn 0.361494511 0.384483784 0.849407971
vn 0.361494511 0.384483784 0.849407971
vn 0.361494511 0.384483784 0.849407971
vn -0.86944139 -0.056802962 -0.490759641
vn -0.86944139 -0.056802962 -0.490759641
vn -0.86944139 -0.056802962 -0.490759641
vn 0.956981421 -0.0541712828 -0.28504774
vn 0.956981421 -0.0541712828 -0.28504774
vn 0.956981421 -0.0541712828 -0.28504774
vn 0.744111717 -0.431702107 0.509834349
vn 0.744111717 -0.431702107 0.509834349
vn 0.744111717 -0.431702107 0.509834349
vn 0.4695113 0.240707099 0.849481761
vn 0.469046921 0.240704894 0.849738836
vn 0.470428616 0.243057311 0.848304212
vn 0.410957038 0.175853238 -0.894533455
vn 0.410957038 0.175853238 -0.894533455
vn 0.410957038 0.175853238 -0.894533455
vn -0.102133237 -0.275786072 0.955777645
vn -0.102133237 -0.275786072 0.955777645
vn -0.102133237 -0.275786072 0.955777645
vn 0.980350792 -0.169018641 0.10171032
vn 0.980350792 -0.169018641 0.10171032
vn 0.980350792 -0.169018641 0.10171032
vn -0.952198923 0.305402339 -0.00683157239
vn -0.952198923 0.305402339 -0.00683157239
vn -0.952198923 0.305402339 -0.00683157239
vn -0.984284043 0.145612895 0.0999087989
vn -0.984284043 0.145612895 0.0999087989
vn -0.984284043 0.145612895 0.0999087989
vn 0.802454233 0.398886085 -0.443798482
vn 0.802454233 0.398886085 -0.443798482
vn 0.802454233 0.398886085 -0.443798482
vn -0.434754908 -0.0986441672 0.8951298
vn -0.434754908 -0.0986441672 0.8951298
vn -0.434754908 -0.0986441672 0.8951298
vn -0.799870074 -0.0114747779 -0.600063443
vn -0.799870074 -0.0114747779 -0.600063443
vn -0.799870074 -0.0114747779 -0.600063443
vn 0.231698111 -0.378458172 -0.896150231
vn 0.231698111 -0.378458172 -0.896150231
vn 0.231698111 -0.378458172 -0.896150231
vn 0.378943145 -0.832081914 -0.405020714
vn 0.378943145 -0.832081914 -0.405020714
vn 0.378943145 -0.832081914 -0.405020714
vn 0.607089579 -0.751720786 0.257600605
vn 0.607089579 -0.751720786 0.257600605
vn 0.607089579 -0.751720786 0.257600605
vn -0.883303523 0.123133831 0.452341497
vn -0.883303523 0.123133831 0.452341497
vn -0.883303523 0.123133831 0.452341497
vn 0.934084773 -0.0200039931 -0.356490672
vn 0.934084773 -0.0200039931 -0.356490672
vn 0.934084773 -0.0200039931 -0.356490672
vn -0.651320338 -0.21158056 -0.728708029
vn -0.651320338 -0.21158056 -0.728708029
vn -0.651320338 -0.21158056 -0.728708029
vn -0.651787639 0.135953397 0.746116221
vn -0.651787639 0.135953397 0.746116221
vn -0.651787639 0.135953397 0.746116221
vn -0.48801598 0.321532011 0.811453998
vn -0.48801598 0.321532011 0.811453998
vn -0.48801598 0.321532011 0.811453998
vn 0.789420426 -0.299002618 -0.536108971
vn 0.789420426 -0.299002618 -0.536108971
vn 0.789420426 -0.299002618 -0.536108971
vn 0.897739112 -0.240977377 0.368774116
vn 0.897739112 -0.240977377 0.368774116
vn 0.897739112 -0.240977377 0.368774116
vn 0.448080689 0.881831825 -0.146956399
vn 0.448080689 0.881831825 -0.146956399
vn 0.448080689 0.881831825 -0.146956399
vn 0.948293924 0.110272117 0.297621608
vn 0.948608875 0.109914303 0.296749264
vn 0.94890064 0.109120943 0.296108276
vn 0.49838841 0.774804831 0.388955742
vn 0.49838841 0.774804831 0.388955742
vn 0.49838841 0.774804831 0.388955742
vn 0.0942796171 -0.991598964 0.0885600448
vn 0.0942796171 -0.991598964 0.0885600448
vn 0.0942796171 -0.991598964 0.0885600448
vn 0.62659198 0.140500709 -0.766578078
vn 0.62659198 0.140500709 -0.766578078
vn 0.62659198 0.140500709 -0.766578078
vn 0.346954376 -0.203542441 0.915528953
vn 0.346954376 -0.203542441 0.915528953
vn 0.346954376 -0.203542441 0.915528953
vn 0.356345296 0.849583149 -0.388878405
vn 0.356345296 0.849583149 -0.388878405
vn 0.356345296 0.849583149 -0.388878405
vn -0.152172446 0.191685095 -0.969587803
vn -0.152172446 0.191685095 -0.969587803
vn -0.152172446 0.191685095 -0.969587803
vn -0.246782959 -0.896292329 -0.368453741
vn -0.246782959 -0.896292329 -0.368453741
vn -0.246782959 -0.896292329 -0.368453741
vn 0.455120593 -0.890186906 -0.0207970235
vn 0.455120593 -0.890186906 -0.0207970235
vn 0.455120593 -0.890186906 -0.0207970235
vn -0.25336346 0.37630704 0.891178966
vn -0.253086388 0.375980973 0.89139539
vn -0.253086388 0.375980973 0.89139539
vn 0.689026952 0.0274968464 0.724213958
vn 0.687123656 0.0152822016 0.726379812
vn 0.688571513 0.0160975829 0.724989712
vn 0.273296148 0.41463241 0.867979944
vn 0.273296148 0.41463241 0.867979944
vn 0.273296148 0.41463241 0.867979944
vn 0.856473148 -0.0323175006 0.515178919
vn 0.856473148 -0.0323175006 0.515178919
vn 0.856473148 -0.0323175006 0.515178919
vn 0.984448433 -0.116162114 -0.131786257
vn 0.984448433 -0.116162114 -0.131786257
vn 0.984448433 -0.116162114 -0.131786257
vn -0.993695319 0.0659321174 0.0906777158
vn -0.993695319 0.0659321174 0.0906777158
vn -0.993695319 0.0659321174 0.0906777158
vn -0.366870552 -0.128820926 0.921309531
vn -0.366870552 -0.128820926 0.921309531
vn -0.366870552 -0.128820926 0.921309531
vn -0.413436204 0.0176181961 -0.910362601
vn -0.413436204 0.0176181961 -0.910362601
vn -0.413436204 0.0176181961 -0.910362601
vn -0.719239235 0.299109042 0.627079487
vn -0.719239235 0.299109042 0.627079487
vn -0.719239235 0.299109042 0.627079487
vn 0.993941665 0.0532307364 -0.0961587504
vn 0.993941665 0.0532307364 -0.0961587504
vn 0.993941665 0.0532307364 -0.0961587504
vn 0.952832401 -0.195753753 -0.231928438
vn 0.952832401 -0.195753753 -0.231928438
vn 0.952832401 -0.195753753 -0.231928438
vn -0.465642482 -0.163206697 -0.869793415
vn -0.465642482 -0.163206697 -0.869793415
vn -0.465642482 -0.163206697 -0.869793415
vn 0.919104636 0.00280866097 0.394003719
vn 0.919104636 0.00280866097 0.394003719
vn 0.919104636 0.00280866097 0.394003719
vn 0.126303181 -0.226247594 0.965846539
vn 0.126303181 -0.226247594 0.965846539
vn 0.126303181 -0.226247594 0.965846539
vn -0.0968001336 0.159677699 0.982411683
vn -0.0968001336 0.159677699 0.982411683
vn -0.0968001336 0.159677699 0.982411683
vn 0.793714166 0.469101369 -0.387248844
vn 0.793714166 0.469101369 -0.387248844
vn 0.793714166 0.469101369 -0.387248844
vn 0.620095015 0.0822585598 0.780202389
vn 0.620095015 0.0822585598 0.780202389
vn 0.620095015 0.0822585598 0.780202389
vn 0.524597704 -0.772046864 -0.358804703
vn 0.524597704 -0.772046864 -0.358804703
vn 0.524597704 -0.772046864 -0.358804703
vn -0.389161199 0.455355048 -0.800752938
vn -0.389161199 0.455355048 -0.800752938
vn -0.389161199 0.455355048 -0.800752938
vn -0.991698027 0.0591197424 -0.114191674
vn -0.991698027 0.0591197424 -0.114191674
vn -0.991698027 0.0591197424 -0.114191674
vn -0.992188931 0.123507306 0.0175232049
vn -0.992188931 0.123507306 0.0175232049
vn -0.992188931 0.123507306 0.0175232049
vn -0.961227119 -0.171924293 -0.215602338
vn -0.961227119 -0.171924293 -0.215602338
vn -0.961227119 -0.171924293 -0.215602338
vn 0.899654508 -0.21251297 -0.38139236
vn 0.899654508 -0.21251297 -0.38139236
vn 0.899654508 -0.21251297 -0.38139236
vn -0.0684511587 -0.0494173355 -0.996429861
vn -0.0684511587 -0.0494173355 -0.996429861
vn -0.0684511587 -0.0494173355 -0.996429861
vn 0.443339884 -0.225975171 0.867401242
vn 0.443339884 -0.225975171 0.867401242
vn 0.443339884 -0.225975171 0.867401242
vn 0.359291553 0.924731791 0.125621855
vn 0.359291553 0.924731791 0.125621855
vn 0.359291553 0.924731791 0.125621855
vn 0.419884682 0.34536922 0.839295447
vn 0.419884682 0.34536922 0.839295447
vn 0.419884682 0.34536922 0.839295447
vn -0.00586587237 0.627138257 0.778885841
vn -0.00586587237 0.627138257 0.778885841
vn -0.00586587237 0.627138257 0.778885841
vn 0.713128328 0.466700464 -0.523104787
vn 0.713128328 0.466700464 -0.523104787
vn 0.713128328 0.466700464 -0.523104787
vn 0.187196463 -0.0795419961 -0.97909683
vn 0.187196463 -0.0795419961 -0.97909683
vn 0.187196463 -0.0795419961 -0.97909683
vn 0.89131242 -0.450729251 -0.0490453057
vn 0.89131242 -0.450729251 -0.0490453057
vn 0.89131242 -0.450729251 -0.0490453057
vn 0.869020879 0.438087285 -0.229961842
vn 0.869020879 0.438087285 -0.229961842
vn 0.869020879 0.438087285 -0.229961842
vn -0.647506416 0.264456302 0.714701474
vn -0.647506416 0.264456302 0.714701474
vn -0.647506416 0.264456302 0.714701474
vn -0.210149527 -0.950771332 0.227752179
vn -0.210149527 -0.950771332 0.227752179
vn -0.210149527 -0.950771332 0.227752179
vn -0.878564894 0.180436343 -0.442228794
vn -0.878564894 0.180436343 -0.442228794
vn -0.878564894 0.180436343 -0.442228794
vn -0.204540819 -0.957959175 0.201189756
vn -0.204540819 -0.957959175 0.201189756
vn -0.204540819 -0.957959175 0.201189756
vn -0.307500035 -0.138649538 0.941392601
vn -0.307500035 -0.138649538 0.941392601
vn -0.307500035 -0.138649538 0.941392601
vn -0.477179468 -0.715796232 0.5098387
vn -0.477179468 -0.715796232 0.5098387
vn -0.477179468 -0.715796232 0.5098387
vn -0.905827224 0.418029845 0.0687605888
vn -0.905827224 0.418029845 0.0687605888
vn -0.905827224 0.418029845 0.0687605888
vn 0.755826592 0.497170091 -0.426084459
vn 0.755826592 0.497170091 -0.426084459
vn 0.755826592 0.497170091 -0.426084459
vn 0.241149396 0.969981968 -0.031333968
vn 0.241149396 0.969981968 -0.031333968
vn 0.241149396 0.969981968 -0.031333968
vn -0.582775533 -0.11898654 0.803874969
vn -0.582775533 -0.11898654 0.803874969
vn -0.582775533 -0.11898654 0.803874969
vn 0.226338431 -0.0519363098 -0.972663164
vn 0.226338431 -0.0519363098 -0.972663164
vn 0.226338431 -0.0519363098 -0.972663164
vn 0.549836099 -0.00641089398 -0.835247934
vn 0.549836099 -0.00641089398 -0.835247934
vn 0.549836099 -0.00641089398 -0.835247934
vn -0.928664804 -0.0360595658 -0.369163096
vn -0.928664804 -0.0360595658 -0.369163096
vn -0.928664804 -0.0360595658 -0.369163096
vn -0.44960776 0.10971304 0.886462629
vn -0.451517045 0.113419473 0.885024488
vn -0.44960776 0.10971304 0.886462629
vn -0.107109629 0.991620898 0.0722186714
vn -0.104361616 0.991889954 0.0725464746
vn -0.107109629 0.991620898 0.0722186714
vn 0.310488999 0.0159712955 -0.950442791
vn 0.310488999 0.0159712955 -0.950442791
vn 0.310488999 0.0159712955 -0.950442791
vn -0.820056677 0.512880564 0.253890961
vn -0.820056677 0.512880564 0.253890961
vn -0.819101512 0.515089452 0.252498746
vn -0.597246885 -0.305050194 0.74178201
vn -0.597246885 -0.305050194 0.74178201
vn -0.597246885 -0.305050194 0.74178201
vn -0.661211967 -0.0127337351 0.750091136
vn -0.661211967 -0.0127337351 0.750091136
vn -0.661211967 -0.0127337351 0.750091136
vn -0.886819541 0.00213569752 -0.462110966
vn -0.886819541 0.00213569752 -0.462110966
vn -0.886819541 0.00213569752 -0.462110966
vn 0.264870346 0.295771897 -0.917803288
vn 0.264870346 0.295771897 -0.917803288
vn 0.264870346 0.295771897 -0.917803288
vn 0.158352077 0.224836633 0.961443186
vn 0.158352077 0.224836633 0.961443186
vn 0.158352077 0.224836633 0.961443186
vn 0.85591203 -0.390759379 0.338705838
vn 0.855895281 -0.390967518 0.33850804
vn 0.855895281 -0.390967518 0.33850804
vn 0.936071455 -0.274192333 0.220428526
vn 0.936071455 -0.274192333 0.220428526
vn 0.935973883 -0.274346679 0.220650822
vn -0.87572819 -0.211535081 -0.433996797
vn -0.87572819 -0.211535081 -0.433996797
vn -0.87572819 -0.211535081 -0.433996797
vn 0.163724959 -0.972617388 0.164953172
vn 0.163724959 -0.972617388 0.164953172
vn 0.163724959 -0.972617388 0.164953172
vn -0.826566875 0.0535834655 0.560282111
vn -0.826566875 0.0535834655 0.560282111
vn -0.826566875 0.0535834655 0.560282111
vn -0.534573436 0.827829659 -0.170086354
vn -0.534573436 0.827829659 -0.170086354
vn -0.534573436 0.827829659 -0.170086354
vn -0.405545622 0.775405645 -0.48402369
vn -0.405545622 0.775405645 -0.48402369
vn -0.405545622 0.775405645 -0.48402369
vn 0.293718457 -0.940965235 -0.168267503
vn 0.293718457 -0.940965235 -0.168267503
vn 0.293718457 -0.940965235 -0.168267503
vn -0.330133498 0.335966259 -0.882121623
vn -0.330133498 0.335966259 -0.882121623
vn -0.330133498 0.335966259 -0.882121623
vn -0.557391882 -0.11177738 -0.822690725
vn -0.557391882 -0.11177738 -0.822690725
vn -0.557391882 -0.11177738 -0.822690725
vn -0.78649497 0.0281263124 -0.616955876
vn -0.78649497 0.0281263124 -0.616955876
vn -0.785079539 0.0289222002 -0.618719339
vn -0.946391702 0.31038031 -0.0894809365
vn -0.946391702 0.31038031 -0.0894809365
vn -0.946391702 0.31038031 -0.0894809365
vn -0.126667783 -0.972144306 0.197207332
vn -0.126667783 -0.972144306 0.197207332
vn -0.126667783 -0.972144306 0.197207332
vn -0.050517451 -0.111592397 0.992469251
vn -0.050517451 -0.111592397 0.992469251
vn -0.050517451 -0.111592397 0.992469251
vn -0.245201916 -0.0850676522 0.965732694
vn -0.245201916 -0.0850676522 0.965732694
vn -0.245201916 -0.0850676522 0.965732694
vn 0.964804769 -0.00891024619 0.262815952
vn 0.964804769 -0.00891024619 0.262815952
vn 0.964804769 -0.00891024619 0.262815952
vn 0.345529318 0.00850709807 -0.938369453
vn 0.345529318 0.00850709807 -0.938369453
vn 0.345529318 0.00850709807 -0.938369453
vn 0.292821646 0.270387977 0.917140067
vn 0.288632751 0.270242155 0.918509841
vn 0.292172343 0.273029655 0.916564405
vn 0.0455847792 0.987864435 0.148478225
vn 0.0455847792 0.987864435 0.148478225
vn 0.0455847792 0.987864435 0.148478225
vn 0.0439473502 0.0479527339 0.997882307
vn 0.0439473502 0.0479527339 0.997882307
vn 0.0439473502 0.0479527339 0.997882307
vn 0.52179724 -0.782547891 -0.339626968
vn 0.52179724 -0.782547891 -0.339626968
vn 0.52179724 -0.782547891 -0.339626968
vn 0.208370566 0.973818183 0.0908842087
vn 0.208370566 0.973818183 0.0908842087
vn 0.208370566 0.973818183 0.0908842087
vn -0.873524547 0.416630596 -0.251741797
vn -0.873524547 0.416630596 -0.251741797
vn -0.873524547 0.416630596 -0.251741797
vn -0.170119479 0.813317835 0.556393325
vn -0.170024008 0.813484251 0.556179106
vn -0.170024008 0.813484251 0.556179106
vn -0.89676404 -0.168017119 -0.409370691
vn -0.89676404 -0.168017119 -0.409370691
vn -0.89676404 -0.168017119 -0.409370691
vn 0.927860737 -0.318767726 0.193550199
vn 0.927860737 -0.318767726 0.193550199
vn 0.927860737 -0.318767726 0.193550199
vn -0.173722371 -0.984591901 -0.0199820362
vn -0.173722371 -0.984591901 -0.0199820362
vn -0.173722371 -0.984591901 -0.0199820362
vn -0.14243558 -0.989441633 0.0267833564
vn -0.14243558 -0.989441633 0.0267833564
vn -0.14243558 -0.989441633 0.0267833564
vn 0.854993045 -0.07351432 -0.513402939
vn 0.854993045 -0.07351432 -0.513402939
vn 0.854993045 -0.07351432 -0.513402939
vn 0.234819055 0.951789796 0.197373152
vn 0.234819055 0.951789796 0.197373152
vn 0.234819055 0.951789796 0.197373152
vn 0.792488992 -0.354104936 0.496559024
vn 0.792488992 -0.354104936 0.496559024
vn 0.792488992 -0.354104936 0.496559024
vn -0.916671336 -0.0786197856 -0.391832232
vn -0.916671336 -0.0786197856 -0.391832232
vn -0.916671336 -0.0786197856 -0.391832232
vn 0.403425753 -0.0253957659 -0.914659858
vn 0.403425753 -0.0253957659 -0.914659858
vn 0.403425753 -0.0253957659 -0.914659858
vn 0.406440049 -0.0391400158 -0.912838697
vn 0.406440049 -0.0391400158 -0.912838697
vn 0.406440049 -0.0391400158 -0.912838697
vn -0.60364598 -0.326791853 0.727199078
vn -0.60364598 -0.326791853 0.727199078
vn -0.60364598 -0.326791853 0.727199078
vn -0.80190289 -0.0725282729 -0.593035758
vn -0.80190289 -0.0725282729 -0.593035758
vn -0.80190289 -0.0725282729 -0.593035758
vn 0.313305467 -0.00438349089 -0.949642241
vn 0.313305467 -0.00438349089 -0.949642241
vn 0.313305467 -0.00438349089 -0.949642241
vn -0.450707734 -0.135285407 -0.882360756
vn -0.450707734 -0.135285407 -0.882360756
vn -0.450707734 -0.135285407 -0.882360756
vn -0.404053658 -0.121447064 0.906637311
vn -0.404053658 -0.121447064 0.906637311
vn -0.404053658 -0.121447064 0.906637311
vn 0.913913786 0.0435202606 -0.403568536
vn 0.913913786 0.0435202606 -0.403568536
vn 0.913913786 0.0435202606 -0.403568536
vn 0.653726161 0.565931082 0.502358556
vn 0.653726161 0.565931082 0.502358556
vn 0.653726161 0.565931082 0.502358556
vn 0.720830679 0.410875022 0.558197796
vn 0.720830679 0.410875022 0.558197796
vn 0.720830679 0.410875022 0.558197796
vn 0.876695275 -0.0639060661 0.476782322
vn 0.876695275 -0.0639060661 0.476782322
vn 0.876695275 -0.0639060661 0.476782322
vn -0.407146931 0.795033693 -0.449613988
vn -0.407146931 0.795033693 -0.449613988
vn -0.407146931 0.795033693 -0.449613988
vn 0.68391937 -0.0071571935 0.729522526
vn 0.68391937 -0.0071571935 0.729522526
vn 0.68391937 -0.0071571935 0.729522526
vn -0.875152886 -0.0189598016 -0.48347494
vn -0.875152886 -0.0189598016 -0.48347494
vn -0.875152886 -0.0189598016 -0.48347494
vn -0.614610136 0.0695765391 0.785756588
vn -0.614610136 0.0695765391 0.785756588
vn -0.614610136 0.0695765391 0.785756588
vn 0.730247021 0.184684291 0.657746971
vn 0.730247021 0.184684291 0.657746971
vn 0.730247021 0.184684291 0.657746971
vn 0.128607735 -0.284454852 -0.950023949
vn 0.128607735 -0.284454852 -0.950023949
vn 0.128607735 -0.284454852 -0.950023949
vn 0.24945724 -0.475729764 -0.843476415
vn 0.24945724 -0.475729764 -0.843476415
vn 0.24945724 -0.475729764 -0.843476415
vn -0.141724214 0.278009117 -0.950065911
vn -0.141724214 0.278009117 -0.950065911
vn -0.141724214 0.278009117 -0.950065911
vn -0.230397478 0.059948083 -0.971248388
vn -0.230397478 0.059948083 -0.971248388
vn -0.230397478 0.059948083 -0.971248388
vn 0.0834529325 -0.841191888 -0.534258187
vn 0.0834529325 -0.841191888 -0.534258187
vn 0.0834529325 -0.841191888 -0.534258187
vn -0.179715455 -0.962320805 0.204061359
vn -0.179715455 -0.962320805 0.204061359
vn -0.179715455 -0.962320805 0.204061359
vn -0.877090633 -0.355126679 0.323414773
vn -0.877090633 -0.355126679 0.323414773
vn -0.877090633 -0.355126679 0.323414773
vn -0.285433322 -0.757783294 0.586764216
vn -0.285433322 -0.757783294 0.586764216
vn -0.285433322 -0.757783294 0.586764216
vn -0.314725757 0.740911722 0.593293786
vn -0.314725757 0.740911722 0.593293786
vn -0.314725757 0.740911722 0.593293786
vn 0.0400929153 -0.962394178 -0.268682063
vn 0.0400929153 -0.962394178 -0.268682063
vn 0.0400929153 -0.962394178 -0.268682063
vn 0.817333996 -0.558986962 -0.139637455
vn 0.817333996 -0.558986962 -0.139637455
vn 0.817333996 -0.558986962 -0.139637455
vn 0.849954069 0.00286620832 0.526849091
vn 0.849954069 0.00286620832 0.526849091
vn 0.849954069 0.00286620832 0.526849091
vn -0.226401269 -0.427506626 0.875203073
vn -0.226401269 -0.427506626 0.875203073
vn -0.226401269 -0.427506626 0.875203073
vn 0.320564389 0.367163926 -0.873171806
vn 0.320564389 0.367163926 -0.873171806
vn 0.320564389 0.367163926 -0.873171806
vn -0.954424858 0.294515759 -0.0483068153
vn -0.954424858 0.294515759 -0.0483068153
vn -0.954424858 0.294515759 -0.0483068153
vn 0.839337945 -0.532518387 -0.109251305
vn 0.839337945 -0.532518387 -0.109251305
vn 0.839337945 -0.532518387 -0.109251305
vn 0.605160534 -0.198441461 0.770974576
vn 0.605160534 -0.198441461 0.770974576
vn 0.605160534 -0.198441461 0.770974576
vn -0.942275763 -0.280576378 0.182738513
vn -0.942275763 -0.280576378 0.182738513
vn -0.942275763 -0.280576378 0.182738513
vn 0.245172843 -0.805761397 0.539109349
vn 0.245172843 -0.805761397 0.539109349
vn 0.245172843 -0.805761397 0.539109349
vn 0.108130291 -0.990363181 -0.0865365937
vn 0.108130291 -0.990363181 -0.0865365937
vn 0.108130291 -0.990363181 -0.0865365937
vn -0.0136602465 0.920610249 -0.390243798
vn -0.0136602465 0.920610249 -0.390243798
vn -0.0136602465 0.920610249 -0.390243798
vn 0.190977842 0.492549062 -0.849071741
vn 0.190977842 0.492549062 -0.849071741
vn 0.190977842 0.492549062 -0.849071741
vn 0.591884792 -0.0815273896 0.801888824
vn 0.591884792 -0.0815273896 0.801888824
vn 0.591884792 -0.0815273896 0.801888824
vn -0.04459868 0.401972353 -0.914565027
vn -0.04459868 0.401972353 -0.914565027
vn -0.04459868 0.401972353 -0.914565027
vn -0.0382202826 0.109265029 -0.993277609
vn -0.0382202826 0.109265029 -0.993277609
vn -0.0382202826 0.109265029 -0.993277609
vn 0.676867545 0.631892562 -0.377574116
vn 0.676867545 0.631892562 -0.377574116
vn 0.676867545 0.631892562 -0.377574116
vn 0.954063177 0.219151273 -0.204294592
vn 0.954063177 0.219151273 -0.204294592
vn 0.954063177 0.219151273 -0.204294592
vn 0.768879056 0.530222893 -0.357335567
vn 0.768879056 0.530222893 -0.357335567
vn 0.768879056 0.530222893 -0.357335567
vn 0.640415967 -0.633330584 0.434464782
vn 0.640415967 -0.633330584 0.434464782
vn 0.640415967 -0.633330584 0.434464782
vn -0.333016217 0.583564878 0.740643084
vn -0.333016217 0.583564878 0.740643084
vn -0.333016217 0.583564878 0.740643084
vn -0.867096245 -0.281329662 -0.411093473
vn -0.867096245 -0.281329662 -0.411093473
vn -0.867096245 -0.281329662 -0.411093473
vn -0.809342682 -0.212950379 -0.54737246
vn -0.809342682 -0.212950379 -0.54737246
vn -0.809342682 -0.212950379 -0.54737246
vn -0.455686599 0.862265527 -0.221015751
vn -0.455686599 0.862265527 -0.221015751
vn -0.455686599 0.862265527 -0.221015751
vn 0.322793543 0.159720585 0.932895362
vn 0.322793543 0.159720585 0.932895362
vn 0.322793543 0.159720585 0.932895362
vn -0.43030709 0.288689286 -0.855274379
vn -0.43030709 0.288689286 -0.855274379
vn -0.43030709 0.288689286 -0.855274379
vn -0.661734998 0.743047893 0.0999326855
vn -0.661734998 0.743047893 0.0999326855
vn -0.661734998 0.743047893 0.0999326855
vn 0.170209363 0.91691494 0.360965133
vn 0.170209363 0.91691494 0.360965133
vn 0.170209363 0.91691494 0.360965133
vn -0.0609543175 0.0622385256 -0.996198237
vn -0.0609543175 0.0622385256 -0.996198237
vn -0.0609543175 0.0622385256 -0.996198237
vn -0.825572968 -0.090307422 0.557022214
vn -0.825572968 -0.090307422 0.557022214
vn -0.825572968 -0.090307422 0.557022214
vn -0.182904735 -0.641180813 -0.745273709
vn -0.182904735 -0.641180813 -0.745273709
vn -0.182904735 -0.641180813 -0.745273709
vn -0.101223268 -0.659134746 -0.745181441
vn -0.101223268 -0.659134746 -0.745181441
vn -0.101223268 -0.659134746 -0.745181441
vn 0.2610825 0.809672356 0.525610685
vn 0.2610825 0.809672356 0.525610685
vn 0.2610825 0.809672356 0.525610685
vn 0.809142232 0.580115616 0.0935670361
vn 0.809142232 0.580115616 0.0935670361
vn 0.809142232 0.580115616 0.0935670361
vn 0.699305236 0.61439389 0.365366131
vn 0.700616658 0.613468647 0.364406973
vn 0.699305236 0.61439389 0.365366131
vn -0.823958278 -0.436671138 0.361124754
vn -0.823958278 -0.436671138 0.361124754
vn -0.823958278 -0.436671138 0.361124754
vn 0.0417787991 0.357820362 0.932855427
vn 0.0417787991 0.357820362 0.932855427
vn 0.0406005196 0.356483549 0.933419049
vn 0.781213045 0.517517805 -0.349115223
vn 0.781213045 0.517517805 -0.349115223
vn 0.781213045 0.517517805 -0.349115223
vn 0.540836275 0.0397201329 0.840189576
vn 0.540836275 0.0397201329 0.840189576
vn 0.540836275 0.0397201329 0.840189576
vn 0.682933509 0.608641803 0.40392682
vn 0.682933509 0.608641803 0.40392682
vn 0.682933509 0.608641803 0.40392682
vn -0.799849212 -0.328233749 0.502497613
vn -0.799849212 -0.328233749 0.502497613
vn -0.799849212 -0.328233749 0.502497613
vn 0.722480893 -0.255984962 0.6422562
vn 0.722480893 -0.255984962 0.6422562
vn 0.722480893 -0.255984962 0.6422562
vn 0.071495831 0.286720783 0.955342591
vn 0.071495831 0.286720783 0.955342591
vn 0.071495831 0.286720783 0.955342591
vn 0.724317133 0.40717411 -0.556393743
vn 0.724317133 0.40717411 -0.556393743
vn 0.724317133 0.40717411 -0.556393743
vn -0.256246805 -0.0714837089 0.963964522
vn -0.256246805 -0.0714837089 0.963964522
vn -0.256246805 -0.0714837089 0.963964522
vn 0.318284452 -0.285306603 0.904043794
vn 0.318284452 -0.285306603 0.904043794
vn 0.318284452 -0.285306603 0.904043794
vn 0.371336251 0.19733198 0.907286942
vn 0.371336251 0.19733198 0.907286942
vn 0.371336251 0.19733198 0.907286942
vn -0.0500492118 0.539877594 0.840254307
vn -0.0500492118 0.539877594 0.840254307
vn -0.0500492118 0.539877594 0.840254307
vn -0.191065952 0.973912776 0.12242385
vn -0.191065952 0.973912776 0.12242385
vn -0.191065952 0.973912776 0.12242385
vn -0.436646521 -0.378514946 0.81612885
vn -0.436646521 -0.378514946 0.81612885
vn -0.436646521 -0.378514946 0.81612885
vn 0.480185747 -0.851165414 0.211988375
vn 0.480185747 -0.851165414 0.211988375
vn 0.480185747 -0.851165414 0.211988375
vn -0.158623204 -0.986191988 0.0475834459
vn -0.158623204 -0.986191988 0.0475834459
vn -0.158623204 -0.986191988 0.0475834459
vn -0.606210351 -0.726278007 -0.324082255
vn -0.606210351 -0.726278007 -0.324082255
vn -0.606210351 -0.726278007 -0.324082255
vn 0.579549789 -0.785159886 0.218280062
vn 0.579549789 -0.785159886 0.218280062
vn 0.579549789 -0.785159886 0.218280062
vn -0.414099455 0.221895382 0.882770717
vn -0.414099455 0.221895382 0.882770717
vn -0.414099455 0.221895382 0.882770717
vn 0.170544058 -0.975325763 -0.140194461
vn 0.170544058 -0.975325763 -0.140194461
vn 0.170544058 -0.975325763 -0.140194461
vn -0.931551695 -0.189584091 -0.310272902
vn -0.931551695 -0.189584091 -0.310272902
vn -0.931551695 -0.189584091 -0.310272902
vn 0.886185229 -0.310439587 0.343951941
vn 0.886185229 -0.310439587 0.343951941
vn 0.886185229 -0.310439587 0.343951941
vn 0.850002706 -0.526603281 0.0135764331
vn 0.850002706 -0.526603281 0.0135764331
vn 0.850002706 -0.526603281 0.0135764331
vn -0.289458334 -0.119434364 0.949710131
vn -0.289458334 -0.119434364 0.949710131
vn -0.289458334 -0.119434364 0.949710131
vn 0.289458334 0.119434364 -0.949710131
vn 0.289458334 0.119434364 -0.949710131
vn 0.289458334 0.119434364 -0.949710131
vn -0.361915112 -0.036296837 0.931504071
vn -0.361915112 -0.036296837 0.931504071
vn -0.361915112 -0.036296837 0.931504071
vn -0.347585976 -0.0153812207 0.937521935
vn -0.347585976 -0.0153812207 0.937521935
vn -0.347585976 -0.0153812207 0.937521935
vn 4.79110786E-05 -1 0
vn 4.79110786E-05 -1 0
vn 4.79110786E-05 -1 0
vn -4.79110786E-05 1 0
vn -4.79110786E-05 1 0
vn -4.79110786E-05 1 0
vn -0.458021313 -0.577985406 -0.675388217
vn -0.458021313 -0.577985406 -0.675388217
vn -0.458021313 -0.577985406 -0.675388217
vn 0.455596 -0.350780606 0.81815964
vn 0.455596 -0.350780606 0.81815964
vn 0.455596 -0.350780606 0.81815964
vn -0.367093891 0.818216681 -0.442451656
vn -0.367093891 0.818216681 -0.442451656
vn -0.367093891 0.818216681 -0.442451656
vn 0.205647185 0.268229067 0.941149533
vn 0.205647185 0.268229067 0.941149533
vn 0.205647185 0.268229067 0.941149533
vn 0.226065442 0.930349588 0.288693428
vn 0.226065442 0.930349588 0.288693428
vn 0.226065442 0.930349588 0.288693428
vn -0.984779298 -0.0247241948 0.172042042
vn -0.984779298 -0.0247241948 0.172042042
vn -0.984779298 -0.0247241948 0.172042042
vn -0.71832037 -0.388794631 0.57693547
vn -0.71832037 -0.388794631 0.57693547
vn -0.71832037 -0.388794631 0.57693547
vn 0.349000692 0.774840474 0.527087212
vn 0.349000692 0.774840474 0.527087212
vn 0.349000692 0.774840474 0.527087212
vn -0.980539322 -0.0580296367 -0.18755047
vn -0.980539322 -0.0580296367 -0.18755047
vn -0.980539322 -0.0580296367 -0.18755047
vn -0.754979551 0.0346055292 0.654834628
vn -0.754979551 0.0346055292 0.654834628
vn -0.754979551 0.0346055292 0.654834628
vn 0.924125493 0.382040024 -0.00611223932
vn 0.924125493 0.382040024 -0.00611223932
vn 0.924125493 0.382040024 -0.00611223932
vn -0.524160445 -0.306010753 -0.794740975
vn -0.524160445 -0.306010753 -0.794740975
vn -0.524160445 -0.306010753 -0.794740975
vn 0.769414961 -0.287211955 -0.570534766
vn 0.769414961 -0.287211955 -0.570534766
vn 0.769414961 -0.287211955 -0.570534766
vn -0.623698294 0.131444067 0.770534158
vn -0.623698294 0.131444067 0.770534158
vn -0.623698294 0.131444067 0.770534158
vn 0.88241446 -0.247319326 -0.400222301
vn 0.88241446 -0.247319326 -0.400222301
vn 0.88241446 -0.247319326 -0.400222301
vn -0.38177678 0.878285646 0.287855715
vn -0.38177678 0.878285646 0.287855715
vn -0.38177678 0.878285646 0.287855715
vn -0.768999517 0.16829519 0.616698146
vn -0.768999517 0.16829519 0.616698146
vn -0.768999517 0.16829519 0.616698146
vn -0.824036777 0.22522977 0.519841194
vn -0.824036777 0.22522977 0.519841194
vn -0.824036777 0.22522977 0.519841194
vn -0.384789646 0.910275936 -0.152756423
vn -0.384789646 0.910275936 -0.152756423
vn -0.384789646 0.910275936 -0.152756423
vn 0.0340471826 0.147143334 0.988529027
vn 0.0340471826 0.147143334 0.988529027
vn 0.0340471826 0.147143334 0.988529027
vn -0.773471892 0.23043853 -0.590456903
vn -0.773471892 0.23043853 -0.590456903
vn -0.773471892 0.23043853 -0.590456903
vn -0.312574893 -0.947966635 -0.0604666024
vn -0.312574893 -0.947966635 -0.0604666024
vn -0.312574893 -0.947966635 -0.0604666024
vn -0.570482135 -0.487222582 0.661184072
vn -0.570482135 -0.487222582 0.661184072
vn -0.570482135 -0.487222582 0.661184072
vn 0.38862735 -0.0255861264 -0.921039641
vn 0.38862735 -0.0255861264 -0.921039641
vn 0.38862735 -0.0255861264 -0.921039641
vn 0.650257051 -0.345045 -0.676837921
vn 0.650257051 -0.345045 -0.676837921
vn 0.650257051 -0.345045 -0.676837921
vn -0.91862011 -0.00417497708 0.395119816
vn -0.91862011 -0.00417497708 0.395119816
vn -0.91862011 -0.00417497708 0.395119816
vn -0.589237571 -0.0743479803 -0.804531813
vn -0.589237571 -0.0743479803 -0.804531813
vn -0.589237571 -0.0743479803 -0.804531813
vn 0.955061197 -0.0434015431 0.293213934
vn 0.955061197 -0.0434015431 0.293213934
vn 0.955061197 -0.0434015431 0.293213934
vn 0.856383502 -0.137357995 -0.497734904
vn 0.856383502 -0.137357995 -0.497734904
vn 0.856383502 -0.137357995 -0.497734904
vn 0.0707703158 0.169985846 -0.98290205
vn 0.0707703158 0.169985846 -0.98290205
vn 0.0707703158 0.169985846 -0.98290205
vn 0.0763247833 -0.343215287 -0.936150551
vn 0.0763247833 -0.343215287 -0.936150551
vn 0.0763247833 -0.343215287 -0.936150551
vn 0.0902216434 0.902016163 0.422169209
vn 0.0902216434 0.902016163 0.422169209
vn 0.0902216434 0.902016163 0.422169209
vn -0.359470993 -0.80563885 -0.47087872
vn -0.359470993 -0.80563885 -0.47087872
vn -0.359470993 -0.80563885 -0.47087872
vn -0.648884118 0.0767304599 0.757008493
vn -0.648884118 0.0767304599 0.757008493
vn -0.648884118 0.0767304599 0.757008493
vn -0.631251276 0.250682324 0.733948469
vn -0.631251276 0.250682324 0.733948469
vn -0.631251276 0.250682324 0.733948469
vn -0.505783141 0.298555195 0.809350491
vn -0.118543565 0.363911241 0.923859298
vn -0.576835811 0.247413024 0.778490365
vn 0.664013326 0.28138724 -0.692753613
vn 0.664013326 0.28138724 -0.692753613
vn 0.664013326 0.28138724 -0.692753613
vn 0.462768614 0.866478026 -0.187245607
vn 0.462768614 0.866478026 -0.187245607
vn 0.462768614 0.866478026 -0.187245607
vn 0.986178398 -0.138625115 -0.0907478109
vn 0.986178398 -0.138625115 -0.0907478109
vn 0.986178398 -0.138625115 -0.0907478109
vn 0.662252367 -0.739174545 0.1226492
vn 0.662252367 -0.739174545 0.1226492
vn 0.662252367 -0.739174545 0.1226492
vn -0.912346005 -0.344411731 0.22137183
vn -0.912346005 -0.344411731 0.22137183
vn -0.912346005 -0.344411731 0.22137183
vn 0.192867145 0.753657103 0.628333747
vn 0.192867145 0.753657103 0.628333747
vn 0.192867145 0.753657103 0.628333747
vn -0.661388338 -0.0171839893 0.749846816
vn -0.661388338 -0.0171839893 0.749846816
vn -0.661388338 -0.0171839893 0.749846816
vn -0.881456494 -0.0928357914 -0.463050753
vn -0.881456494 -0.0928357914 -0.463050753
vn -0.881456494 -0.0928357914 -0.463050753
vn -0.966387093 0.0149911176 0.256653965
vn -0.966387093 0.0149911176 0.256653965
vn -0.966387093 0.0149911176 0.256653965
vn -0.141118407 -0.305276543 -0.941749394
vn -0.141118407 -0.305276543 -0.941749394
vn -0.141118407 -0.305276543 -0.941749394
vn 0.937985599 -0.287066221 -0.194360584
vn 0.937985599 -0.287066221 -0.194360584
vn 0.937985599 -0.287066221 -0.194360584
vn -0.889564633 0.131326571 0.437524796
vn -0.889564633 0.131326571 0.437524796
vn -0.889564633 0.131326571 0.437524796
vn -0.0303454418 0.0864853784 0.995790839
vn -0.0303454418 0.0864853784 0.995790839
vn -0.0303454418 0.0864853784 0.995790839
vn -0.966905236 0.178133458 0.182654604
vn -0.966905236 0.178133458 0.182654604
vn -0.966905236 0.178133458 0.182654604
vn -0.969634891 0.203978911 0.134910494
vn -0.969634891 0.203978911 0.134910494
vn -0.969634891 0.203978911 0.134910494
vn -0.284745753 0.910319686 -0.300396204
vn -0.284745753 0.910319686 -0.300396204
vn -0.284745753 0.910319686 -0.300396204
vn -0.384524882 0.14656426 0.911405265
vn -0.384524882 0.14656426 0.911405265
vn -0.384524882 0.14656426 0.911405265
vn -0.451126635 0.230219632 -0.862254977
vn -0.451126635 0.230219632 -0.862254977
vn -0.451126635 0.230219632 -0.862254977
vn -0.258674175 -0.94775039 -0.186699972
vn -0.258674175 -0.94775039 -0.186699972
vn -0.258674175 -0.94775039 -0.186699972
vn -0.795537055 -0.487457752 0.359869033
vn -0.795537055 -0.487457752 0.359869033
vn -0.795537055 -0.487457752 0.359869033
vn 0.739694238 -0.0253077503 -0.672467053
vn 0.739694238 -0.0253077503 -0.672467053
vn 0.739694238 -0.0253077503 -0.672467053
vn 0.874651432 -0.344898164 -0.340631843
vn 0.874651432 -0.344898164 -0.340631843
vn 0.874651432 -0.344898164 -0.340631843
vn -0.999613345 -0.00416250993 -0.0274954773
vn -0.999613345 -0.00416250993 -0.0274954773
vn -0.999613345 -0.00416250993 -0.0274954773
vn -0.196614921 -0.0742587745 -0.977664649
vn -0.196614921 -0.0742587745 -0.977664649
vn -0.196614921 -0.0742587745 -0.977664649
vn 0.747024655 0.0560219698 0.662431657
vn 0.747024655 0.0560219698 0.662431657
vn 0.747024655 0.0560219698 0.662431657
vn 0.968195796 -0.166860372 -0.186425507
vn 0.968195796 -0.166860372 -0.186425507
vn 0.968195796 -0.166860372 -0.186425507
vn 0.448812157 -0.692793787 0.564450681
vn 0.448812157 -0.692793787 0.564450681
vn 0.448812157 -0.692793787 0.564450681
vn 0.481024176 0.133952111 -0.866413593
vn 0.481024176 0.133952111 -0.866413593
vn 0.481024176 0.133952111 -0.866413593
vn 0.462010771 -0.34330073 -0.817735076
vn 0.462010771 -0.34330073 -0.817735076
vn 0.462010771 -0.34330073 -0.817735076
vn 0.888387918 0.282647431 -0.361769855
vn 0.888387918 0.282647431 -0.361769855
vn 0.888387918 0.282647431 -0.361769855
vn -0.0729721859 -0.954305112 -0.289787531
vn -0.0729721859 -0.954305112 -0.289787531
vn -0.0729721859 -0.954305112 -0.289787531
vn -0.488234639 0.0532057211 0.871088982
vn -0.488234639 0.0532057211 0.871088982
vn -0.488234639 0.0532057211 0.871088982
vn -0.970226467 0.179690123 0.162394717
vn -0.970226467 0.179690123 0.162394717
vn -0.970226467 0.179690123 0.162394717
vn 0.893591762 0.281763881 -0.34943223
vn 0.893591762 0.281763881 -0.34943223
vn 0.893591762 0.281763881 -0.34943223
vn 0.498785347 0.866378963 0.0245094039
vn 0.498785347 0.866378963 0.0245094039
vn 0.498785347 0.866378963 0.0245094039
vn 0.932909787 -0.138219446 0.332527965
vn 0.932909787 -0.138219446 0.332527965
vn 0.932909787 -0.138219446 0.332527965
vn 0.549457133 -0.739355505 0.389166057
vn 0.549457133 -0.739355505 0.389166057
vn 0.549457133 -0.739355505 0.389166057
vn -0.824533761 -0.00617317064 0.565778971
vn -0.824533761 -0.00617317064 0.565778971
vn -0.824533761 -0.00617317064 0.565778971
vn -0.452070683 -0.400001734 0.797264457
vn -0.452070683 -0.400001734 0.797264457
vn -0.452070683 -0.400001734 0.797264457
vn 0.502639592 0.789930701 0.351230621
vn 0.502639592 0.789930701 0.351230621
vn 0.502639592 0.789930701 0.351230621
vn 0.0799964517 -0.985403836 0.150266096
vn 0.0799964517 -0.985403836 0.150266096
vn 0.0799964517 -0.985403836 0.150266096
vn -0.975328922 0.0507619455 0.214841425
vn -0.975328922 0.0507619455 0.214841425
vn -0.975328922 0.0507619455 0.214841425
vn -0.527602494 -0.119436815 0.841053188
vn -0.527602494 -0.119436815 0.841053188
vn -0.527602494 -0.119436815 0.841053188
vn 0.853799284 0.434967965 -0.286058962
vn 0.853799284 0.434967965 -0.286058962
vn 0.853799284 0.434967965 -0.286058962
vn -0.760409772 0.632203877 -0.148644552
vn -0.760409772 0.632203877 -0.148644552
vn -0.760409772 0.632203877 -0.148644552
vn 0.603559852 0.778886318 -0.170445606
vn 0.603559852 0.778886318 -0.170445606
vn 0.603559852 0.778886318 -0.170445606
vn -0.879858851 -0.34027797 -0.331751645
vn -0.879858851 -0.34027797 -0.331751645
vn -0.879858851 -0.34027797 -0.331751645
vn 0.28981182 -0.250263631 -0.923784196
vn 0.28981182 -0.250263631 -0.923784196
vn 0.28981182 -0.250263631 -0.923784196
vn -0.0490599908 0.107961155 0.992943823
vn -0.0490599908 0.107961155 0.992943823
vn -0.0490599908 0.107961155 0.992943823
vn 0.0116475858 -0.188686728 -0.981968224
vn 0.0116475858 -0.188686728 -0.981968224
vn 0.0116475858 -0.188686728 -0.981968224
vn 0.914642811 0.385684073 0.121146075
vn 0.914642811 0.385684073 0.121146075
vn 0.914642811 0.385684073 0.121146075
vn 0.0745933056 0.357051432 0.931101561
vn 0.0745933056 0.357051432 0.931101561
vn 0.0745933056 0.357051432 0.931101561
vn -0.157095 0.860588253 0.484467864
vn -0.157095 0.860588253 0.484467864
vn -0.157095 0.860588253 0.484467864
vn 0.0310540628 -0.0980143771 0.994700432
vn 0.0310540628 -0.0980143771 0.994700432
vn 0.0310540628 -0.0980143771 0.994700432
vn -0.0186318271 -0.0746083483 0.997038841
vn -0.0186318271 -0.0746083483 0.997038841
vn -0.0186318271 -0.0746083483 0.997038841
vn -0.381490767 0.797194421 0.467916608
vn -0.381490767 0.797194421 0.467916608
vn -0.381490767 0.797194421 0.467916608
vn 0.842158973 0.0435010605 0.537471831
vn 0.842158973 0.0435010605 0.537471831
vn 0.842158973 0.0435010605 0.537471831
vn -0.920494795 0.0834234878 0.381745875
vn -0.920494795 0.0834234878 0.381745875
vn -0.920494795 0.0834234878 0.381745875
vn -0.175219268 -0.983659506 -0.041378025
vn -0.175219268 -0.983659506 -0.041378025
vn -0.175219268 -0.983659506 -0.041378025
vn -0.279832274 -0.47341916 0.835205495
vn -0.279832274 -0.47341916 0.835205495
vn -0.279832274 -0.47341916 0.835205495
vn -0.0487300567 0.121510506 -0.991393328
vn -0.0487300567 0.121510506 -0.991393328
vn -0.0487300567 0.121510506 -0.991393328
vn 0.336607575 -0.327925026 -0.882700741
vn 0.336607575 -0.327925026 -0.882700741
vn 0.336607575 -0.327925026 -0.882700741
vn 0.943530619 -0.216993362 0.250327438
vn 0.943530619 -0.216993362 0.250327438
vn 0.943530619 -0.216993362 0.250327438
vn -0.620150387 -0.0907950252 0.779211044
vn -0.620150387 -0.0907950252 0.779211044
vn -0.620150387 -0.0907950252 0.779211044
vn -0.962549567 -0.0374339037 -0.268508762
vn -0.962549567 -0.0374339037 -0.268508762
vn -0.962549567 -0.0374339037 -0.268508762
vn 0.998361647 0.0298217703 0.0488339439
vn 0.998361647 0.0298217703 0.0488339439
vn 0.998361647 0.0298217703 0.0488339439
vn 0.927584946 0.361051142 -0.0960632116
vn 0.927584946 0.361051142 -0.0960632116
vn 0.927584946 0.361051142 -0.0960632116
vn 0.660160124 0.0208972581 -0.750834227
vn 0.660160124 0.0208972581 -0.750834227
vn 0.660160124 0.0208972581 -0.750834227
vn -0.73231262 -0.115314476 -0.671133995
vn -0.73231262 -0.115314476 -0.671133995
vn -0.73231262 -0.115314476 -0.671133995
vn 0.17455247 0.561933279 -0.808555722
vn 0.17455247 0.561933279 -0.808555722
vn 0.17455247 0.561933279 -0.808555722
vn -0.867151618 0.404663414 -0.290337175
vn -0.867151618 0.404663414 -0.290337175
vn -0.867151618 0.404663414 -0.290337175
vn -0.501841962 -0.851024151 -0.154637069
vn -0.501841962 -0.851024151 -0.154637069
vn -0.501841962 -0.851024151 -0.154637069
vn 0.615824103 0.0868748724 -0.783079386
vn 0.615824103 0.0868748724 -0.783079386
vn 0.615824103 0.0868748724 -0.783079386
vn 0.128109664 0.461155921 0.878022254
vn 0.128109664 0.461155921 0.878022254
vn 0.128109664 0.461155921 0.878022254
vn -0.993772209 -0.100281589 0.0485839099
vn -0.993772209 -0.100281589 0.0485839099
vn -0.993772209 -0.100281589 0.0485839099
vn 0.972968996 -0.0655819103 -0.221427768
vn 0.972844541 -0.0646509603 -0.222247139
vn 0.972844541 -0.0646509603 -0.222247139
vn 0.303768337 0.134600326 0.943190098
vn 0.635639668 0.272320539 0.722359836
vn 0.232127175 0.123012505 0.964875579
vn -0.233363762 0.521252632 -0.820875823
vn -0.233363762 0.521252632 -0.820875823
vn -0.233363762 0.521252632 -0.820875823
vn 0.0489397272 0.971743882 -0.230908409
vn 0.0489397272 0.971743882 -0.230908409
vn 0.0489397272 0.971743882 -0.230908409
vn 0.475503623 0.137098894 -0.86896497
vn 0.475503623 0.137098894 -0.86896497
vn 0.475503623 0.137098894 -0.86896497
vn 0.506722748 -0.548573434 -0.665055811
vn 0.506722748 -0.548573434 -0.665055811
vn 0.506722748 -0.548573434 -0.665055811
vn -0.28180635 -0.162625656 0.945588768
vn -0.28180635 -0.162625656 0.945588768
vn -0.28180635 -0.162625656 0.945588768
vn -0.937585115 -0.337650955 -0.0832220614
vn -0.937585115 -0.337650955 -0.0832220614
vn -0.937585115 -0.337650955 -0.0832220614
vn 0.137754306 0.807518899 0.573530316
vn 0.137754306 0.807518899 0.573530316
vn 0.137754306 0.807518899 0.573530316
vn 0.969766021 -0.153002426 0.190116152
vn 0.969766021 -0.153002426 0.190116152
vn 0.969766021 -0.153002426 0.190116152
vn -0.912144482 -0.0307852682 -0.408711076
vn -0.912144482 -0.0307852682 -0.408711076
vn -0.912144482 -0.0307852682 -0.408711076
vn 0.04046477 -0.254716247 0.966168821
vn 0.04046477 -0.254716247 0.966168821
vn 0.04046477 -0.254716247 0.966168821
vn -0.935554981 -0.0199451074 -0.352617323
vn -0.935554981 -0.0199451074 -0.352617323
vn -0.935554981 -0.0199451074 -0.352617323
vn -0.815107048 -0.575690389 0.064662315
vn -0.815107048 -0.575690389 0.064662315
vn -0.815107048 -0.575690389 0.064662315
vn 0.937811255 -0.345437407 -0.0343971625
vn 0.937811255 -0.345437407 -0.0343971625
vn 0.937811255 -0.345437407 -0.0343971625
vn 0.030536687 0.00352676772 -0.999527454
vn 0.030536687 0.00352676772 -0.999527454
vn 0.030536687 0.00352676772 -0.999527454
vn 0.92979604 0.0916734487 -0.356476337
vn 0.92979604 0.0916734487 -0.356476337
vn 0.92979604 0.0916734487 -0.356476337
vn 0.150857985 0.410599828 0.899249434
vn 0.150857985 0.410599828 0.899249434
vn 0.150857985 0.410599828 0.899249434
vn 0.97451359 0.219566986 -0.045975171
vn 0.97451359 0.219566986 -0.045975171
vn 0.97451359 0.219566986 -0.045975171
vn 0.0541648678 -0.93705225 0.344962507
vn 0.0541648678 -0.93705225 0.344962507
vn 0.0541648678 -0.93705225 0.344962507
vn 0.806865156 -0.561248124 -0.184307382
vn 0.806865156 -0.561248124 -0.184307382
vn 0.806865156 -0.561248124 -0.184307382
vn -0.32768929 0.785784602 -0.52455914
vn -0.32768929 0.785784602 -0.52455914
vn -0.32768929 0.785784602 -0.52455914
vn 0.705203056 0.703921497 -0.084754236
vn 0.705203056 0.703921497 -0.084754236
vn 0.705203056 0.703921497 -0.084754236
vn -0.983446538 0.106874265 -0.1463245
vn -0.983446538 0.106874265 -0.1463245
vn -0.983446538 0.106874265 -0.1463245
vn -0.565129578 0.804979622 0.180655494
vn -0.565129578 0.804979622 0.180655494
vn -0.565129578 0.804979622 0.180655494
vn -0.0807645097 0.104567148 -0.991233051
vn -0.0807645097 0.104567148 -0.991233051
vn -0.0807645097 0.104567148 -0.991233051
vn 0.94960779 -0.272570401 0.154759675
vn 0.951996207 -0.266844839 0.14998956
vn 0.950395405 -0.271448493 0.151869744
vn -0.833648682 -0.11420957 -0.540357411
vn -0.833648682 -0.11420957 -0.540357411
vn -0.833648682 -0.11420957 -0.540357411
vn 0.902881205 -0.18091014 0.389970452
vn 0.902881205 -0.18091014 0.389970452
vn 0.902881205 -0.18091014 0.389970452
vn 0.371675193 0.209559456 0.9044016
vn 0.371675193 0.209559456 0.9044016
vn 0.371675193 0.209559456 0.9044016
vn -0.218639657 -0.215369448 0.951741993
vn -0.218639657 -0.215369448 0.951741993
vn -0.218639657 -0.215369448 0.951741993
vn 0.624185979 -0.00491546514 -0.781260252
vn 0.624185979 -0.00491546514 -0.781260252
vn 0.624185979 -0.00491546514 -0.781260252
vn 0.929103196 0.0538190976 0.36588341
vn 0.928587198 0.0523584671 0.367402375
vn 0.929010391 0.0535002165 0.366165757
vn 0.150761247 -0.353764534 -0.923104405
vn 0.150761247 -0.353764534 -0.923104405
vn 0.150761247 -0.353764534 -0.923104405
vn 0.981816649 -0.189783871 -0.004261469
vn 0.981816649 -0.189783871 -0.004261469
vn 0.981816649 -0.189783871 -0.004261469
vn -0.858335555 0.0373567492 0.511726975
vn -0.858335555 0.0373567492 0.511726975
vn -0.858335555 0.0373567492 0.511726975
vn 0.287074387 -0.139804393 0.947651386
vn 0.287074387 -0.139804393 0.947651386
vn 0.287074387 -0.139804393 0.947651386
vn 0.790583074 0.491055906 -0.365845054
vn 0.790583074 0.491055906 -0.365845054
vn 0.790583074 0.491055906 -0.365845054
vn 0.993386447 0.114423037 0.0095269829
vn 0.993386447 0.114423037 0.0095269829
vn 0.993386447 0.114423037 0.0095269829
vn 0.181592479 -0.31462577 0.931683779
vn 0.181592479 -0.31462577 0.931683779
vn 0.181592479 -0.31462577 0.931683779
vn -0.806528509 -0.415145159 -0.420911074
vn -0.806528509 -0.415145159 -0.420911074
vn -0.806528509 -0.415145159 -0.420911074
vn 0.436252892 0.178495347 0.88194263
vn 0.436252892 0.178495347 0.88194263
vn 0.436252892 0.178495347 0.88194263
vn 0.616982818 0.141122267 -0.774220169
vn 0.616982818 0.141122267 -0.774220169
vn 0.616982818 0.141122267 -0.774220169
vn -0.728315294 -0.201205805 -0.655036628
vn -0.728315294 -0.201205805 -0.655036628
vn -0.728315294 -0.201205805 -0.655036628
vn 0.514582694 0.362668186 0.776966214
vn 0.514582694 0.362668186 0.776966214
vn 0.514582694 0.362668186 0.776966214
vn -0.785681129 -0.51991868 0.335245878
vn -0.785681129 -0.51991868 0.335245878
vn -0.785681129 -0.51991868 0.335245878
vn 0.340654135 0.531866789 -0.775288582
vn 0.340654135 0.531866789 -0.775288582
vn 0.340654135 0.531866789 -0.775288582
vn -0.501659274 -0.363758445 -0.784868002
vn -0.501659274 -0.363758445 -0.784868002
vn -0.501659274 -0.363758445 -0.784868002
vn -0.796570122 -0.436594278 -0.418164551
vn -0.796570122 -0.436594278 -0.418164551
vn -0.796570122 -0.436594278 -0.418164551
vn 0.30053696 0.813419342 0.498022616
vn 0.30053696 0.813419342 0.498022616
vn 0.30053696 0.813419342 0.498022616
vn 0.500851989 0.861227393 -0.0862247795
vn 0.500851989 0.861227393 -0.0862247795
vn 0.500851989 0.861227393 -0.0862247795
vn 0.954933465 -0.248810247 -0.161850885
vn 0.954933465 -0.248810247 -0.161850885
vn 0.954933465 -0.248810247 -0.161850885
vn -0.174930736 -0.789415359 0.588406861
vn -0.174930736 -0.789415359 0.588406861
vn -0.174930736 -0.789415359 0.588406861
vn 0.816136777 -0.530689359 -0.228669077
vn 0.816136777 -0.530689359 -0.228669077
vn 0.816136777 -0.530689359 -0.228669077
vn 0.101728491 0.500086069 0.859979868
vn 0.101728491 0.500086069 0.859979868
vn 0.101728491 0.500086069 0.859979868
vn 0.535603642 0.0177871026 0.844282091
vn 0.535603642 0.0177871026 0.844282091
vn 0.535603642 0.0177871026 0.844282091
vn -0.908865929 -0.27310881 0.315236926
vn -0.908865929 -0.27310881 0.315236926
vn -0.908865929 -0.27310881 0.315236926
vn -0.355521977 0.24258028 -0.902639985
vn -0.355521977 0.24258028 -0.902639985
vn -0.355521977 0.24258028 -0.902639985
vn 0.664303422 0.141817063 -0.733886123
vn 0.664303422 0.141817063 -0.733886123
vn 0.664303422 0.141817063 -0.733886123
vn -0.671408296 -0.607465625 -0.424495578
vn -0.671408296 -0.607465625 -0.424495578
vn -0.671408296 -0.607465625 -0.424495578
vn 0.467698365 -0.489917248 -0.73568964
vn 0.467698365 -0.489917248 -0.73568964
vn 0.467698365 -0.489917248 -0.73568964
vn -0.593222558 -0.569459796 -0.569036424
vn -0.593222558 -0.569459796 -0.569036424
vn -0.593222558 -0.569459796 -0.569036424
vn 0.96434927 0.176438808 0.197230294
vn 0.96434927 0.176438808 0.197230294
vn 0.96434927 0.176438808 0.197230294
vn 0.395272881 -0.297650158 0.869001627
vn 0.395272881 -0.297650158 0.869001627
vn 0.395272881 -0.297650158 0.869001627
vn -0.0580060333 0.140139922 -0.988431215
vn -0.0580060333 0.140139922 -0.988431215
vn -0.0580060333 0.140139922 -0.988431215
vn 0.559390306 0.420360535 -0.714408457
vn 0.559390306 0.420360535 -0.714408457
vn 0.559390306 0.420360535 -0.714408457
vn -0.172746688 0.900806189 -0.398380309
vn -0.172746688 0.900806189 -0.398380309
vn -0.172746688 0.900806189 -0.398380309
vn 0.533922434 -0.165030301 -0.829271853
vn 0.533922434 -0.165030301 -0.829271853
vn 0.533922434 -0.165030301 -0.829271853
vn -0.95214653 0.0284159109 0.304317892
vn -0.95214653 0.0284159109 0.304317892
vn -0.95214653 0.0284159109 0.304317892
vn -0.485794336 0.245088041 -0.839008808
vn -0.485794336 0.245088041 -0.839008808
vn -0.485794336 0.245088041 -0.839008808
vn -0.620822132 0.0778685734 -0.780074537
vn -0.620822132 0.0778685734 -0.780074537
vn -0.620822132 0.0778685734 -0.780074537
vn 0.434069276 0.850578547 -0.296816468
vn 0.434069276 0.850578547 -0.296816468
vn 0.434069276 0.850578547 -0.296816468
vn -0.291690648 0.299061894 -0.908558488
vn -0.291690648 0.299061894 -0.908558488
vn -0.291690648 0.299061894 -0.908558488
vn -0.131415129 0.240161911 -0.961796343
vn -0.131415129 0.240161911 -0.961796343
vn -0.131415129 0.240161911 -0.961796343
vn -0.952141106 0.302029043 0.0469664261
vn -0.952141106 0.302029043 0.0469664261
vn -0.952141106 0.302029043 0.0469664261
vn 0.557245612 0.811429203 -0.176238015
vn 0.557245612 0.811429203 -0.176238015
vn 0.557245612 0.811429203 -0.176238015
vn 0.344803125 0.216058657 0.913471103
vn 0.344803125 0.216058657 0.913471103
vn 0.344803125 0.216058657 0.913471103
vn -0.913021445 -0.195157513 0.3581976
vn -0.913021445 -0.195157513 0.3581976
vn -0.913021445 -0.195157513 0.3581976
vn 0.150481865 0.11171218 0.982280791
vn 0.150481865 0.11171218 0.982280791
vn 0.150481865 0.11171218 0.982280791
vn 0.0946817547 -0.179299667 0.979227722
vn 0.0946817547 -0.179299667 0.979227722
vn 0.0946817547 -0.179299667 0.979227722
vn 0.998850703 0.030212814 -0.0372079611
vn 0.998850703 0.030212814 -0.0372079611
vn 0.998850703 0.030212814 -0.0372079611
vn 0.987770915 0.0962271169 0.122674495
vn 0.987770915 0.0962271169 0.122674495
vn 0.987770915 0.0962271169 0.122674495
vn 0.730135858 0.249994785 0.635927916
vn 0.730135858 0.249994785 0.635927916
vn 0.730135858 0.249994785 0.635927916
vn 0.00558129884 -0.480012357 0.877243996
vn 0.00558129884 -0.480012357 0.877243996
vn 0.00558129884 -0.480012357 0.877243996
vn 0.969005406 -0.179750428 0.169464976
vn 0.969005406 -0.179750428 0.169464976
vn 0.969005406 -0.179750428 0.169464976
vn -0.898614824 -0.255362928 0.356764883
vn -0.898614824 -0.255362928 0.356764883
vn -0.898614824 -0.255362928 0.356764883
vn -0.352600247 -0.278700352 -0.893307984
vn -0.352600247 -0.278700352 -0.893307984
vn -0.352600247 -0.278700352 -0.893307984
vn 0.571758509 0.131033018 0.809890449
vn 0.571758509 0.131033018 0.809890449
vn 0.571758509 0.131033018 0.809890449
vn 0.691190064 0.0957787558 0.716297984
vn 0.691190064 0.0957787558 0.716297984
vn 0.691190064 0.0957787558 0.716297984
vn 0.401862711 0.808542371 0.429843634
vn 0.401862711 0.808542371 0.429843634
vn 0.401862711 0.808542371 0.429843634
vn -0.848953426 0.142546177 0.5088799
vn -0.848953426 0.142546177 0.5088799
vn -0.848953426 0.142546177 0.5088799
vn 0.101209 -0.993222594 -0.0571448095
vn 0.101209 -0.993222594 -0.0571448095
vn 0.101209 -0.993222594 -0.0571448095
vn 0.523641348 -0.138760477 0.840562522
vn 0.523641348 -0.138760477 0.840562522
vn 0.523641348 -0.138760477 0.840562522
vn -0.0643157959 0.278000504 0.958425403
vn -0.0643157959 0.278000504 0.958425403
vn -0.0643157959 0.278000504 0.958425403
vn 0.189222947 0.914388835 0.357893497
vn 0.189222947 0.914388835 0.357893497
vn 0.189222947 0.914388835 0.357893497
vn 0.601425469 -0.207865953 0.771413624
vn 0.601425469 -0.207865953 0.771413624
vn 0.601425469 -0.207865953 0.771413624
vn 0.437728584 -0.186111718 0.879634023
vn 0.437728584 -0.186111718 0.879634023
vn 0.437728584 -0.186111718 0.879634023
vn -0.935512543 0.000351286115 0.353293449
vn -0.935512543 0.000351286115 0.353293449
vn -0.935512543 0.000351286115 0.353293449
vn -0.905239105 0.290594399 0.309995174
vn -0.905239105 0.290594399 0.309995174
vn -0.905239105 0.290594399 0.309995174
vn -0.526150405 -0.231614336 -0.818242371
vn -0.526150405 -0.231614336 -0.818242371
vn -0.526150405 -0.231614336 -0.818242371
vn 0.743202806 0.446585238 -0.498207957
vn 0.743202806 0.446585238 -0.498207957
vn 0.743202806 0.446585238 -0.498207957
vn -0.901691675 -0.233887926 0.363659918
vn -0.901691675 -0.233887926 0.363659918
vn -0.901691675 -0.233887926 0.363659918
vn 0.867410779 0.268005282 -0.419251353
vn 0.867410779 0.268005282 -0.419251353
vn 0.867410779 0.268005282 -0.419251353
vn -0.855401635 -0.220865384 -0.468515188
vn -0.855401635 -0.220865384 -0.468515188
vn -0.855401635 -0.220865384 -0.468515188
vn 0.231271863 -0.497245073 0.836218119
vn 0.231271863 -0.497245073 0.836218119
vn 0.231271863 -0.497245073 0.836218119
vn 0.590234995 0.221913069 0.776129663
vn 0.590234995 0.221913069 0.776129663
vn 0.590234995 0.221913069 0.776129663
vn 0.153594419 -0.127004847 0.979937971
vn 0.153594419 -0.127004847 0.979937971
vn 0.153594419 -0.127004847 0.979937971
vn 0.215434238 -0.0980466977 -0.971583724
vn 0.215434238 -0.0980466977 -0.971583724
vn 0.215434238 -0.0980466977 -0.971583724
vn 0.832391441 0.20604907 -0.514459193
vn 0.832391441 0.20604907 -0.514459193
vn 0.832391441 0.20604907 -0.514459193
vn 0.0444955193 0.916492164 -0.397570372
vn 0.0444955193 0.916492164 -0.397570372
vn 0.0444955193 0.916492164 -0.397570372
vn 0.860964417 -0.232394129 -0.452474564
vn 0.860964417 -0.232394129 -0.452474564
vn 0.860964417 -0.232394129 -0.452474564
vn -0.98460418 0.0180453416 -0.173864946
vn -0.98460418 0.0180453416 -0.173864946
vn -0.98460418 0.0180453416 -0.173864946
vn -0.193092331 0.120293386 -0.973778605
vn -0.193092331 0.120293386 -0.973778605
vn -0.193092331 0.120293386 -0.973778605
vn 0.446713537 0.790183604 -0.419591457
vn 0.446713537 0.790183604 -0.419591457
vn 0.446713537 0.790183604 -0.419591457
vn -0.307719797 -0.190423563 -0.932227194
vn -0.307719797 -0.190423563 -0.932227194
vn -0.307719797 -0.190423563 -0.932227194
vn 0.0601255894 0.260999024 0.963464856
vn 0.0601255894 0.260999024 0.963464856
vn 0.0601255894 0.260999024 0.963464856
vn 0.383158267 0.482176691 -0.787842274
vn 0.383158267 0.482176691 -0.787842274
vn 0.383158267 0.482176691 -0.787842274
vn -0.84374398 0.136823624 -0.519013882
vn -0.84374398 0.136823624 -0.519013882
vn -0.84374398 0.136823624 -0.519013882
vn 0.673418939 -0.193423837 0.713508308
vn 0.673418939 -0.193423837 0.713508308
vn 0.673418939 -0.193423837 0.713508308
vn 0.472806603 0.788389623 0.393568099
vn 0.472806603 0.788389623 0.393568099
vn 0.472806603 0.788389623 0.393568099
vn -0.859629869 -0.150984764 -0.488098383
vn -0.859629869 -0.150984764 -0.488098383
vn -0.859629869 -0.150984764 -0.488098383
vn -0.935060501 0.0766124278 0.346110374
vn -0.935060501 0.0766124278 0.346110374
vn -0.935060501 0.0766124278 0.346110374
vn -0.729521573 0.311698347 -0.608804107
vn -0.729521573 0.311698347 -0.608804107
vn -0.729521573 0.311698347 -0.608804107
vn -0.4601143 -0.031274993 -0.887308717
vn -0.4601143 -0.031274993 -0.887308717
vn -0.4601143 -0.031274993 -0.887308717
vn 0.804616868 0.450278044 0.387093604
vn 0.711582959 0.577970445 0.399499565
vn 0.711836874 0.589215755 0.382247448
vn -0.768704832 -0.394115776 0.503751576
vn -0.768704832 -0.394115776 0.503751576
vn -0.768704832 -0.394115776 0.503751576
vn 0.72851795 -0.212163925 -0.651343286
vn 0.72851795 -0.212163925 -0.651343286
vn 0.72851795 -0.212163925 -0.651343286
vn -0.7905159 -0.271498203 -0.548974752
vn -0.7905159 -0.271498203 -0.548974752
vn -0.7905159 -0.271498203 -0.548974752
vn 0.545179605 -0.261100084 -0.796621621
vn 0.545179605 -0.261100084 -0.796621621
vn 0.545179605 -0.261100084 -0.796621621
vn -0.350625992 0.118994519 0.928924978
vn -0.350625992 0.118994519 0.928924978
vn -0.350625992 0.118994519 0.928924978
vn -0.154025897 0.736554146 0.658607543
vn -0.154025897 0.736554146 0.658607543
vn -0.154025897 0.736554146 0.658607543
vn 0.341920823 -0.338691562 0.876571894
vn 0.341920823 -0.338691562 0.876571894
vn 0.341920823 -0.338691562 0.876571894
vn -0.302312791 0.876556695 0.374506891
vn -0.302312791 0.876556695 0.374506891
vn -0.302312791 0.876556695 0.374506891
vn 0.0773015618 -0.995528638 0.0542887002
vn 0.0773015618 -0.995528638 0.0542887002
vn 0.0773015618 -0.995528638 0.0542887002
vn -0.553466618 -0.114922285 0.824904561
vn -0.553466618 -0.114922285 0.824904561
vn -0.553466618 -0.114922285 0.824904561
vn -0.877052486 0.333874971 0.345407784
vn -0.877052486 0.333874971 0.345407784
vn -0.877052486 0.333874971 0.345407784
vn -0.3322528 0.81777215 0.469953924
vn -0.3322528 0.81777215 0.469953924
vn -0.3322528 0.81777215 0.469953924
vn -0.41707328 -0.89575839 -0.153840065
vn -0.41707328 -0.89575839 -0.153840065
vn -0.41707328 -0.89575839 -0.153840065
vn 0.0668366998 -0.891817629 0.447430462
vn 0.0668366998 -0.891817629 0.447430462
vn 0.0668366998 -0.891817629 0.447430462
vn -0.344353348 -0.128583252 0.929993033
vn -0.344353348 -0.128583252 0.929993033
vn -0.344353348 -0.128583252 0.929993033
vn 0.954657078 -0.0133325318 0.297409058
vn 0.954657078 -0.0133325318 0.297409058
vn 0.954657078 -0.0133325318 0.297409058
vn -0.929224312 0.0039725299 -0.369494915
vn -0.929224312 0.0039725299 -0.369494915
vn -0.929224312 0.0039725299 -0.369494915
vn 0.444553971 -0.130753636 -0.886157572
vn 0.444553971 -0.130753636 -0.886157572
vn 0.444553971 -0.130753636 -0.886157572
vn 0.759531379 0.371688217 0.533816338
vn 0.759531379 0.371688217 0.533816338
vn 0.759531379 0.371688217 0.533816338
vn -0.128309488 0.0649109706 0.989607632
vn -0.128309488 0.0649109706 0.989607632
vn -0.128309488 0.0649109706 0.989607632
vn -0.703541636 -0.157873288 0.692896307
vn -0.703541636 -0.157873288 0.692896307
vn -0.703541636 -0.157873288 0.692896307
vn 0.93188417 -0.070460856 -0.355847001
vn 0.93188417 -0.070460856 -0.355847001
vn 0.93188417 -0.070460856 -0.355847001
vn 0.886700034 0.206603676 0.413615733
vn 0.886700034 0.206603676 0.413615733
vn 0.886700034 0.206603676 0.413615733
vn 0.27294448 0.955850065 -0.108866751
vn 0.27294448 0.955850065 -0.108866751
vn 0.27294448 0.955850065 -0.108866751
vn 0.864070475 -0.237782389 0.443668455
vn 0.864070475 -0.237782389 0.443668455
vn 0.864070475 -0.237782389 0.443668455
vn -0.408420712 0.0468611792 -0.911590099
vn -0.408420712 0.0468611792 -0.911590099
vn -0.408420712 0.0468611792 -0.911590099
vn 0.691931129 0.157220721 -0.704636753
vn 0.691931129 0.157220721 -0.704636753
vn 0.691931129 0.157220721 -0.704636753
vn 0.48091501 0.0155287525 -0.87662971
vn 0.48091501 0.0155287525 -0.87662971
vn 0.48091501 0.0155287525 -0.87662971
vn -0.847527504 0.29421404 0.44174093
vn -0.847527504 0.29421404 0.44174093
vn -0.847527504 0.29421404 0.44174093
vn 0.244051129 -0.545014083 -0.802121401
vn 0.244051129 -0.545014083 -0.802121401
vn 0.244051129 -0.545014083 -0.802121401
vn -0.238239661 0.319185376 -0.917258143
vn -0.238239661 0.319185376 -0.917258143
vn -0.238239661 0.319185376 -0.917258143
vn 0.977341175 -0.108189173 -0.181932464
vn 0.977341175 -0.108189173 -0.181932464
vn 0.977341175 -0.108189173 -0.181932464
vn 0.918877363 0.00792641193 0.394463748
vn 0.919137657 0.00881144032 0.393838018
vn 0.918641508 0.00647729263 0.395038992
vn 0.717226863 0.129078165 -0.684780598
vn 0.718711078 0.137667865 -0.681543767
vn 0.71780616 0.128114864 -0.684354305
vn -0.82885772 0.00291893538 -0.559451818
vn -0.83243078 0.0171730276 -0.55386287
vn -0.831947923 0.0111525496 -0.554741561
vn 0.987074375 0.0789387077 0.13947387
vn 0.986914694 0.0840903595 0.13757965
vn 0.984557271 0.071095638 0.159975886
vn -0.00636069803 -0.251035571 0.967956901
vn -0.00636069803 -0.251035571 0.967956901
vn -0.00636069803 -0.251035571 0.967956901
vn 0.955301642 -0.292377114 0.0437550507
vn 0.955301642 -0.292377114 0.0437550507
vn 0.955301642 -0.292377114 0.0437550507
vn -0.952949882 0.134247616 0.271779567
vn -0.952949882 0.134247616 0.271779567
vn -0.952949882 0.134247616 0.271779567
vn -0.00610529492 0.00948285125 0.999936461
vn -0.00610529492 0.00948285125 0.999936461
vn -0.00610529492 0.00948285125 0.999936461
vn 0.95124656 -0.173565328 -0.254960835
vn 0.95124656 -0.173565328 -0.254960835
vn 0.95124656 -0.173565328 -0.254960835
vn -0.480049193 0.832920313 0.275311708
vn -0.480049193 0.832920313 0.275311708
vn -0.480049193 0.832920313 0.275311708
vn -0.599289894 -0.0475502126 0.799118698
vn -0.599289894 -0.0475502126 0.799118698
vn -0.599289894 -0.0475502126 0.799118698
vn -0.375760108 0.253096074 0.891485751
vn -0.375760108 0.253096074 0.891485751
vn -0.375760108 0.253096074 0.891485751
vn -0.837903321 -0.328595877 -0.435824186
vn -0.837903321 -0.328595877 -0.435824186
vn -0.837903321 -0.328595877 -0.435824186
vn 0.978893459 -0.182946503 -0.0910936892
vn 0.978893459 -0.182946503 -0.0910936892
vn 0.978893459 -0.182946503 -0.0910936892
vn -0.303551465 -0.294962168 -0.906009793
vn -0.303551465 -0.294962168 -0.906009793
vn -0.303551465 -0.294962168 -0.906009793
vn 0.920769334 -0.242388353 -0.305666208
vn 0.920769334 -0.242388353 -0.305666208
vn 0.920769334 -0.242388353 -0.305666208
vn -0.841295838 0.107005902 0.529878259
vn -0.841295838 0.107005902 0.529878259
vn -0.841295838 0.107005902 0.529878259
vn -0.548319578 0.705621421 0.44882527
vn -0.548319578 0.705621421 0.44882527
vn -0.548319578 0.705621421 0.44882527
vn 0.0792539939 0.759248316 0.645957291
vn 0.0792539939 0.759248316 0.645957291
vn 0.0792539939 0.759248316 0.645957291
vn 0.126128763 0.0269422308 -0.991647959
vn 0.126128763 0.0269422308 -0.991647959
vn 0.126128763 0.0269422308 -0.991647959
vn 0.119552925 -0.269463599 0.955560744
vn 0.119552925 -0.269463599 0.955560744
vn 0.119552925 -0.269463599 0.955560744
vn -0.794328511 -0.424572289 0.434488773
vn -0.794328511 -0.424572289 0.434488773
vn -0.794328511 -0.424572289 0.434488773
vn -0.330174506 -0.147061467 -0.932393491
vn -0.330174506 -0.147061467 -0.932393491
vn -0.330174506 -0.147061467 -0.932393491
vn -0.328830928 -0.0398124978 -0.943549275
vn -0.328830928 -0.0398124978 -0.943549275
vn -0.328830928 -0.0398124978 -0.943549275
vn 0.805214882 -0.0573119186 -0.590206981
vn 0.805214882 -0.0573119186 -0.590206981
vn 0.805214882 -0.0573119186 -0.590206981
vn -0.328760058 0.260733604 -0.907708585
vn -0.328760058 0.260733604 -0.907708585
vn -0.328760058 0.260733604 -0.907708585
vn 0.859972775 -0.039582178 -0.508802533
vn 0.859972775 -0.039582178 -0.508802533
vn 0.859972775 -0.039582178 -0.508802533
vn 0.760269463 0.0554214716 0.647239327
vn 0.760269463 0.0554214716 0.647239327
vn 0.760269463 0.0554214716 0.647239327
vn 0.549656093 0.454075933 0.701208413
vn 0.549656093 0.454075933 0.701208413
vn 0.549656093 0.454075933 0.701208413
vn 0.440294445 0.411870003 0.797811925
vn 0.440294445 0.411870003 0.797811925
vn 0.440294445 0.411870003 0.797811925
vn 0.530760705 -0.106585145 -0.840792835
vn 0.530760705 -0.106585145 -0.840792835
vn 0.530760705 -0.106585145 -0.840792835
vn 0.995788991 -0.0911848247 -0.00947081856
vn 0.995788991 -0.0911848247 -0.00947081856
vn 0.995788991 -0.0911848247 -0.00947081856
vn 0.901182652 -0.325158536 0.286604017
vn 0.901182652 -0.325158536 0.286604017
vn 0.901182652 -0.325158536 0.286604017
vn -0.955839396 -0.269491345 0.117240943
vn -0.955839396 -0.269491345 0.117240943
vn -0.955839396 -0.269491345 0.117240943
vn 0.929239869 -0.0809721425 -0.36049515
vn 0.929239869 -0.0809721425 -0.36049515
vn 0.929239869 -0.0809721425 -0.36049515
vn -0.0741655454 0.479636043 0.87432766
vn -0.0741655454 0.479636043 0.87432766
vn -0.0741655454 0.479636043 0.87432766
vn 0.259803951 0.962606549 0.0767498761
vn 0.259803951 0.962606549 0.0767498761
vn 0.259803951 0.962606549 0.0767498761
vn 0.488583237 -0.222336814 0.843713701
vn 0.488583237 -0.222336814 0.843713701
vn 0.488583237 -0.222336814 0.843713701
vn 0.120794632 0.0943907872 -0.988179684
vn 0.120794632 0.0943907872 -0.988179684
vn 0.120794632 0.0943907872 -0.988179684
vn 0.947881579 0.270552903 -0.16828993
vn 0.947881579 0.270552903 -0.16828993
vn 0.947881579 0.270552903 -0.16828993
vn -0.472246289 -0.0427826531 -0.880427718
vn -0.472246289 -0.0427826531 -0.880427718
vn -0.472246289 -0.0427826531 -0.880427718
vn -0.925391793 0.371247113 -0.0763263255
vn -0.925391793 0.371247113 -0.0763263255
vn -0.925391793 0.371247113 -0.0763263255
vn 0.920072258 -0.37240839 -0.121568829
vn 0.920072258 -0.37240839 -0.121568829
vn 0.920072258 -0.37240839 -0.121568829
vn 0.866256952 0.132570937 0.481688648
vn 0.866256952 0.132570937 0.481688648
vn 0.866256952 0.132570937 0.481688648
vn -0.860807538 0.467706412 -0.200651601
vn -0.860807538 0.467706412 -0.200651601
vn -0.860807538 0.467706412 -0.200651601
vn -0.730079532 0.58079046 0.360091984
vn -0.730079532 0.58079046 0.360091984
vn -0.730079532 0.58079046 0.360091984
vn 0.268149972 -0.804072678 -0.530624986
vn 0.268149972 -0.804072678 -0.530624986
vn 0.268149972 -0.804072678 -0.530624986
vn -0.502192736 -0.0323908217 -0.864148915
vn -0.502192736 -0.0323908217 -0.864148915
vn -0.502192736 -0.0323908217 -0.864148915
vn 0.850851953 0.438579351 0.28930828
vn 0.850851953 0.438579351 0.28930828
vn 0.850851953 0.438579351 0.28930828
vn -0.434956431 -0.0906338766 0.895878553
vn -0.434956431 -0.0906338766 0.895878553
vn -0.434956431 -0.0906338766 0.895878553
vn 0.0882736072 0.287922353 -0.953576624
vn 0.0882736072 0.287922353 -0.953576624
vn 0.0882736072 0.287922353 -0.953576624
vn -0.668630004 0.364286542 0.648250878
vn -0.670682073 0.363649249 0.646486402
vn -0.667975962 0.368338466 0.646633506
vn -0.942599952 0.0074107172 0.333842009
vn -0.942599952 0.0074107172 0.333842009
vn -0.942599952 0.0074107172 0.333842009
vn -0.538526952 -0.0142342234 0.84248805
vn -0.536669493 -0.0159521531 0.843641818
vn -0.538526952 -0.0142342234 0.84248805
vn -0.110111535 0.212160647 -0.97101146
vn -0.110111535 0.212160647 -0.97101146
vn -0.110111535 0.212160647 -0.97101146
vn -0.107692488 0.988894343 0.102421194
vn -0.107692488 0.988894343 0.102421194
vn -0.107692488 0.988894343 0.102421194
vn 0.233269364 0.03737792 -0.971693516
vn 0.233269364 0.03737792 -0.971693516
vn 0.233269364 0.03737792 -0.971693516
vn -0.568003297 0.799753964 -0.194334269
vn -0.568003297 0.799753964 -0.194334269
vn -0.568003297 0.799753964 -0.194334269
vn -0.89996469 -0.310207784 -0.306324363
vn -0.89996469 -0.310207784 -0.306324363
vn -0.89996469 -0.310207784 -0.306324363
vn -0.192442566 0.796260476 0.573528707
vn -0.192573696 0.796090662 0.573720336
vn -0.192573696 0.796090662 0.573720336
vn 0.544719815 0.0780065581 -0.834982216
vn 0.544719815 0.0780065581 -0.834982216
vn 0.544719815 0.0780065581 -0.834982216
vn -0.0650871769 0.0518925637 0.9965294
vn -0.0650871769 0.0518925637 0.9965294
vn -0.0650871769 0.0518925637 0.9965294
vn 0.541810155 -0.819157839 0.188207746
vn 0.541810155 -0.819157839 0.188207746
vn 0.541810155 -0.819157839 0.188207746
vn -0.321637839 0.873932302 -0.364405423
vn -0.321637839 0.873932302 -0.364405423
vn -0.321637839 0.873932302 -0.364405423
vn -0.125811934 -0.977508426 -0.169258982
vn -0.125811934 -0.977508426 -0.169258982
vn -0.125811934 -0.977508426 -0.169258982
vn 0.702302337 0.0363259837 0.710951388
vn 0.702302337 0.0363259837 0.710951388
vn 0.702302337 0.0363259837 0.710951388
vn -0.160404712 0.926213682 0.341172427
vn -0.160404712 0.926213682 0.341172427
vn -0.160404712 0.926213682 0.341172427
vn 0.579258621 -0.107524514 0.808021009
vn 0.579258621 -0.107524514 0.808021009
vn 0.579258621 -0.107524514 0.808021009
vn 0.930586398 -0.343841344 0.125627354
vn 0.930586398 -0.343841344 0.125627354
vn 0.930586398 -0.343841344 0.125627354
vn 0.422100782 -0.0653191209 -0.904192686
vn 0.422100782 -0.0653191209 -0.904192686
vn 0.422100782 -0.0653191209 -0.904192686
vn 0.0526393987 -0.0104761776 -0.998558581
vn 0.0526393987 -0.0104761776 -0.998558581
vn 0.0526393987 -0.0104761776 -0.998558581
vn -0.032634858 0.0925404429 0.995173991
vn -0.032634858 0.0925404429 0.995173991
vn -0.03670533 0.0942116231 0.994875371
vn -0.142390311 0.0705963373 0.987289846
vn -0.143622279 0.0681035742 0.987286508
vn -0.142390311 0.0705963373 0.987289846
vn 0.432732075 0.414863825 0.800394177
vn 0.430472493 0.414289355 0.801908791
vn 0.430472493 0.414289355 0.801908791
vn 0.946218491 -0.0549733862 0.318823844
vn 0.946218491 -0.0549733862 0.318823844
vn 0.946719408 -0.0569908358 0.316977024
vn 0.466055304 -0.120932452 0.87645179
vn 0.466055304 -0.120932452 0.87645179
vn 0.466055304 -0.120932452 0.87645179
vn 0.652138591 -0.218240917 0.726006985
vn 0.652138591 -0.218240917 0.726006985
vn 0.652138591 -0.218240917 0.726006985
vn 0.96816349 -0.0051310854 0.250265956
vn 0.96816349 -0.0051310854 0.250265956
vn 0.96816349 -0.0051310854 0.250265956
vn 0.462373555 0.0391359366 -0.885821104
vn 0.462373555 0.0391359366 -0.885821104
vn 0.462373555 0.0391359366 -0.885821104
vn -0.916580617 -0.303303599 -0.260551155
vn -0.916691601 -0.303159982 -0.260328025
vn -0.916691601 -0.303159982 -0.260328025
vn 0.867284477 -0.404539675 0.290112644
vn 0.867284477 -0.404539675 0.290112644
vn 0.867284477 -0.404539675 0.290112644
vn 0.0532256849 0.110342637 -0.992467344
vn 0.0532256849 0.110342637 -0.992467344
vn 0.0532256849 0.110342637 -0.992467344
vn 0.797316253 0.511429965 0.320509255
vn 0.797316253 0.511429965 0.320509255
vn 0.797316253 0.511429965 0.320509255
vn -0.0809725225 -0.269670606 0.959542215
vn -0.0809725225 -0.269670606 0.959542215
vn -0.0809725225 -0.269670606 0.959542215
vn -0.794798732 0.0527882501 -0.604572892
vn -0.794798732 0.0527882501 -0.604572892
vn -0.794798732 0.0527882501 -0.604572892
vn -0.0835629925 0.0584689043 0.994785726
vn -0.0835629925 0.0584689043 0.994785726
vn -0.0835629925 0.0584689043 0.994785726
vn 0.550522804 -0.410287768 -0.727040946
vn 0.550522804 -0.410287768 -0.727040946
vn 0.550522804 -0.410287768 -0.727040946
vn -0.255257338 0.762497663 -0.594509006
vn -0.255257338 0.762497663 -0.594509006
vn -0.255257338 0.762497663 -0.594509006
vn -0.503012538 -0.106823295 0.857652128
vn -0.503012538 -0.106823295 0.857652128
vn -0.503012538 -0.106823295 0.857652128
vn -0.528968513 -0.175326809 -0.830333054
vn -0.528968513 -0.175326809 -0.830333054
vn -0.528968513 -0.175326809 -0.830333054
vn 0.680184901 0.129081786 -0.721585989
vn 0.680184901 0.129081786 -0.721585989
vn 0.680184901 0.129081786 -0.721585989
vn 0.60852021 -0.33141005 -0.72102052
vn 0.60852021 -0.33141005 -0.72102052
vn 0.60852021 -0.33141005 -0.72102052
vn -0.610265076 -0.380528212 0.694820046
vn -0.610265076 -0.380528212 0.694820046
vn -0.610265076 -0.380528212 0.694820046
vn -0.980802417 -0.00507296948 -0.19493787
vn -0.980802417 -0.00507296948 -0.19493787
vn -0.980802417 -0.00507296948 -0.19493787
vn 0.567648947 -0.105517484 -0.816480637
vn 0.567648947 -0.105517484 -0.816480637
vn 0.567648947 -0.105517484 -0.816480637
vn 0.683397114 -0.177562177 0.70812434
vn 0.683397114 -0.177562177 0.70812434
vn 0.683397114 -0.177562177 0.70812434
vn -0.414403856 -0.0739435554 0.907084227
vn -0.414403856 -0.0739435554 0.907084227
vn -0.414403856 -0.0739435554 0.907084227
vn -0.765532374 0.0117558446 0.643289983
vn -0.765532374 0.0117558446 0.643289983
vn -0.765532374 0.0117558446 0.643289983
vn -0.968923688 0.00565461442 -0.247295141
vn -0.968923688 0.00565461442 -0.247295141
vn -0.968923688 0.00565461442 -0.247295141
vn 0.729073882 0.00604825979 0.684408247
vn 0.729073882 0.00604825979 0.684408247
vn 0.729073882 0.00604825979 0.684408247
vn -0.156720936 -0.976262271 0.149501026
vn -0.156720936 -0.976262271 0.149501026
vn -0.156720936 -0.976262271 0.149501026
vn -0.536356807 -0.0729269311 -0.840834737
vn -0.536356807 -0.0729269311 -0.840834737
vn -0.536356807 -0.0729269311 -0.840834737
vn 0.28187266 -0.530637205 0.799357295
vn 0.28187266 -0.530637205 0.799357295
vn 0.28187266 -0.530637205 0.799357295
vn 0.945244133 0.264704883 -0.190905094
vn 0.945244133 0.264704883 -0.190905094
vn 0.945244133 0.264704883 -0.190905094
vn 0.265853018 0.710057795 -0.652027667
vn 0.265853018 0.710057795 -0.652027667
vn 0.265853018 0.710057795 -0.652027667
vn 0.37915197 0.310912967 0.871537089
vn 0.37915197 0.310912967 0.871537089
vn 0.37915197 0.310912967 0.871537089
vn 0.0311112124 0.520504832 -0.85329169
vn 0.0311112124 0.520504832 -0.85329169
vn 0.0311112124 0.520504832 -0.85329169
vn -0.310847014 -0.0240515564 0.950155556
vn -0.310847014 -0.0240515564 0.950155556
vn -0.310847014 -0.0240515564 0.950155556
vn 0.172757789 -0.333214521 -0.926888704
vn 0.172757789 -0.333214521 -0.926888704
vn 0.172757789 -0.333214521 -0.926888704
vn 0.859409094 -0.0859305859 -0.504015923
vn 0.859409094 -0.0859305859 -0.504015923
vn 0.859409094 -0.0859305859 -0.504015923
vn -0.0232793521 -0.592149258 0.805491984
vn -0.0232793521 -0.592149258 0.805491984
vn -0.0232793521 -0.592149258 0.805491984
vn -0.675539076 0.338456661 -0.655052662
vn -0.675539076 0.338456661 -0.655052662
vn -0.675539076 0.338456661 -0.655052662
vn 0.683697402 -0.27838093 -0.674582839
vn 0.683697402 -0.27838093 -0.674582839
vn 0.683697402 -0.27838093 -0.674582839
vn -0.7715137 -0.10088411 0.628163338
vn -0.7715137 -0.10088411 0.628163338
vn -0.7715137 -0.10088411 0.628163338
vn -0.959795654 0.263927042 -0.0955772102
vn -0.959795654 0.263927042 -0.0955772102
vn -0.959795654 0.263927042 -0.0955772102
vn -0.948692203 -0.308193296 0.0707110092
vn -0.948692203 -0.308193296 0.0707110092
vn -0.948692203 -0.308193296 0.0707110092
vn 0.65663451 -0.281309098 -0.699782968
vn 0.65663451 -0.281309098 -0.699782968
vn 0.65663451 -0.281309098 -0.699782968
vn -0.53282702 0.2363206 0.812556386
vn -0.53282702 0.2363206 0.812556386
vn -0.53282702 0.2363206 0.812556386
vn -0.0824302733 0.657333076 -0.749078512
vn -0.0824302733 0.657333076 -0.749078512
vn -0.0824302733 0.657333076 -0.749078512
vn -0.193906099 -0.332251102 -0.923043668
vn -0.193906099 -0.332251102 -0.923043668
vn -0.193906099 -0.332251102 -0.923043668
vn -0.434407741 0.80903852 0.395912468
vn -0.434407741 0.80903852 0.395912468
vn -0.434407741 0.80903852 0.395912468
vn 0.125804275 -0.0479539894 0.990895391
vn 0.125804275 -0.0479539894 0.990895391
vn 0.125804275 -0.0479539894 0.990895391
vn -0.260668486 -0.0684900805 -0.962995887
vn -0.260668486 -0.0684900805 -0.962995887
vn -0.260668486 -0.0684900805 -0.962995887
vn 0.9747473 -0.0728278384 0.211101592
vn 0.9747473 -0.0728278384 0.211101592
vn 0.9747473 -0.0728278384 0.211101592
vn -0.908663094 0.217890576 0.356167287
vn -0.908663094 0.217890576 0.356167287
vn -0.908663094 0.217890576 0.356167287
vn 0.135693997 -0.09266036 0.986408234
vn 0.135693997 -0.09266036 0.986408234
vn 0.135693997 -0.09266036 0.986408234
vn 0.107093997 0.219104379 -0.969806254
vn 0.107093997 0.219104379 -0.969806254
vn 0.107093997 0.219104379 -0.969806254
vn 0.133541197 0.346188366 0.928611994
vn 0.133541197 0.346188366 0.928611994
vn 0.133541197 0.346188366 0.928611994
vn 0.479050249 -0.0391931757 0.876912117
vn 0.479050249 -0.0391931757 0.876912117
vn 0.479050249 -0.0391931757 0.876912117
vn -0.841450691 -0.515740871 0.161158353
vn -0.841450691 -0.515740871 0.161158353
vn -0.841450691 -0.515740871 0.161158353
vn 0.0704142153 -0.407738984 -0.910379469
vn 0.0704142153 -0.407738984 -0.910379469
vn 0.0704142153 -0.407738984 -0.910379469
vn 0.121888183 -0.979744434 0.15888375
vn 0.121888183 -0.979744434 0.15888375
vn 0.121888183 -0.979744434 0.15888375
vn -0.350176036 -0.441576481 -0.82606709
vn -0.350176036 -0.441576481 -0.82606709
vn -0.350176036 -0.441576481 -0.82606709
vn 0.899820805 0.100951649 -0.424418896
vn 0.899820805 0.100951649 -0.424418896
vn 0.899820805 0.100951649 -0.424418896
vn -0.363119036 -0.185781822 -0.913033247
vn -0.363119036 -0.185781822 -0.913033247
vn -0.363119036 -0.185781822 -0.913033247
vn -0.151145756 0.166135326 -0.974450648
vn -0.151145756 0.166135326 -0.974450648
vn -0.151145756 0.166135326 -0.974450648
vn -0.292677701 -0.688708663 0.663340151
vn -0.292677701 -0.688708663 0.663340151
vn -0.292677701 -0.688708663 0.663340151
vn -0.187467262 -0.701069236 -0.688010097
vn -0.187467262 -0.701069236 -0.688010097
vn -0.187467262 -0.701069236 -0.688010097
vn 0.480120033 0.504615605 0.717528939
vn 0.480120033 0.504615605 0.717528939
vn 0.480120033 0.504615605 0.717528939
vn 0.473184049 -0.289786547 0.831937909
vn 0.473184049 -0.289786547 0.831937909
vn 0.473184049 -0.289786547 0.831937909
vn -0.615420759 -0.0920452252 -0.7828058
vn -0.615420759 -0.0920452252 -0.7828058
vn -0.615420759 -0.0920452252 -0.7828058
vn -0.201700747 0.15067941 -0.967787385
vn -0.201700747 0.15067941 -0.967787385
vn -0.201700747 0.15067941 -0.967787385
vn 0.690869093 0.362784714 0.625369549
vn 0.690869093 0.362784714 0.625369549
vn 0.690869093 0.362784714 0.625369549
vn 0.468904108 -0.715376854 -0.518039405
vn 0.468904108 -0.715376854 -0.518039405
vn 0.468904108 -0.715376854 -0.518039405
vn -0.299736977 -0.288426906 -0.909377694
vn -0.299736977 -0.288426906 -0.909377694
vn -0.299736977 -0.288426906 -0.909377694
vn -0.501791418 -0.212531567 -0.838472247
vn -0.501791418 -0.212531567 -0.838472247
vn -0.501791418 -0.212531567 -0.838472247
vn 0.742517292 0.529484868 0.410260677
vn 0.742517292 0.529484868 0.410260677
vn 0.742517292 0.529484868 0.410260677
vn 0.370103627 0.0389706828 0.928172708
vn 0.370103627 0.0389706828 0.928172708
vn 0.370103627 0.0389706828 0.928172708
vn 0.010446013 0.855462849 0.517758906
vn 0.010446013 0.855462849 0.517758906
vn 0.010446013 0.855462849 0.517758906
vn 0.941955924 0.149445876 -0.300641
vn 0.941955924 0.149445876 -0.300641
vn 0.941955924 0.149445876 -0.300641
vn 0.862594843 0.283034742 -0.419310719
vn 0.862594843 0.283034742 -0.419310719
vn 0.862594843 0.283034742 -0.419310719
vn 0.883845448 0.243084684 -0.399658591
vn 0.883845448 0.243084684 -0.399658591
vn 0.883845448 0.243084684 -0.399658591
vn -0.806326985 -0.261204541 0.530668437
vn -0.806326985 -0.261204541 0.530668437
vn -0.806326985 -0.261204541 0.530668437
vn -0.625666499 -0.22470893 0.747025669
vn -0.625666499 -0.22470893 0.747025669
vn -0.625666499 -0.22470893 0.747025669
vn 0.954042971 0.281582862 -0.102533586
vn 0.954042971 0.281582862 -0.102533586
vn 0.954042971 0.281582862 -0.102533586
vn 0.316776097 -0.00102651492 0.948499799
vn 0.316776097 -0.00102651492 0.948499799
vn 0.316776097 -0.00102651492 0.948499799
vn -0.168350011 -0.945664525 -0.27816695
vn -0.168521404 -0.946109056 -0.276546627
vn -0.168176696 -0.945934534 -0.277352571
vn -0.915933192 -0.300880849 -0.265588254
vn -0.915933192 -0.300880849 -0.265588254
vn -0.915933192 -0.300880849 -0.265588254
vn -0.778586149 -0.0713116676 -0.623472691
vn -0.778586149 -0.0713116676 -0.623472691
vn -0.778586149 -0.0713116676 -0.623472691
vn -0.109290205 -0.926490784 0.360097647
vn -0.107451886 -0.926665604 0.36020118
vn -0.107627012 -0.926693141 0.360078126
vn -0.579688251 0.785021484 -0.218409747
vn -0.579688251 0.785021484 -0.218409747
vn -0.579688251 0.785021484 -0.218409747
vn 0.843684673 -0.47977984 0.240847558
vn 0.843684673 -0.47977984 0.240847558
vn 0.843684673 -0.47977984 0.240847558
vn -0.60883224 0.510297894 -0.607387424
vn -0.60883224 0.510297894 -0.607387424
vn -0.60883224 0.510297894 -0.607387424
vn 0.572274804 0.60265559 0.55615437
vn 0.572274804 0.60265559 0.55615437
vn 0.572274804 0.60265559 0.55615437
vn 0.0596042871 -0.994804561 0.0825290158
vn 0.0596042871 -0.994804561 0.0825290158
vn 0.0596042871 -0.994804561 0.0825290158
vn -0.759238005 0.344678283 -0.552045703
vn -0.759238005 0.344678283 -0.552045703
vn -0.759238005 0.344678283 -0.552045703
vn 0.424598336 -0.0608534291 0.903334498
vn 0.424598336 -0.0608534291 0.903334498
vn 0.424598336 -0.0608534291 0.903334498
vn -0.995002687 -0.0512430109 -0.0856958479
vn -0.995002687 -0.0512430109 -0.0856958479
vn -0.995002687 -0.0512430109 -0.0856958479
vn 0.651437402 -0.0560530201 -0.75662899
vn 0.651437402 -0.0560530201 -0.75662899
vn 0.651437402 -0.0560530201 -0.75662899
vn 0.666611612 -0.339702457 0.663499117
vn 0.666611612 -0.339702457 0.663499117
vn 0.666611612 -0.339702457 0.663499117
vn -0.87173599 0.42383346 0.24584876
vn -0.87173599 0.42383346 0.24584876
vn -0.87173599 0.42383346 0.24584876
vn 0.786080897 0.502221465 -0.360347837
vn 0.786080897 0.502221465 -0.360347837
vn 0.786080897 0.502221465 -0.360347837
vn -0.447679937 0.368549496 -0.814710975
vn -0.447679937 0.368549496 -0.814710975
vn -0.447679937 0.368549496 -0.814710975
vn 0.447737336 0.368290365 0.814796627
vn 0.447737336 0.368290365 0.814796627
vn 0.447737336 0.368290365 0.814796627
vn -0.267424017 0.3860614 -0.882859528
vn -0.267424017 0.3860614 -0.882859528
vn -0.267424017 0.3860614 -0.882859528
vn 0.809473217 0.496620119 -0.313243687
vn 0.809473217 0.496620119 -0.313243687
vn 0.809473217 0.496620119 -0.313243687
vn -0.563137054 0.666181624 0.488956511
vn -0.563137054 0.666181624 0.488956511
vn -0.563137054 0.666181624 0.488956511
vn 0.595983803 0.0305452365 0.802415311
vn 0.595983803 0.0305452365 0.802415311
vn 0.595983803 0.0305452365 0.802415311
vn 0.919317245 0.184714288 -0.347471446
vn 0.919317245 0.184714288 -0.347471446
vn 0.919317245 0.184714288 -0.347471446
vn 0.628561974 0.192891479 0.753460526
vn 0.628561974 0.192891479 0.753460526
vn 0.628561974 0.192891479 0.753460526
vn 0.105716214 -0.988814056 -0.105217583
vn 0.105716214 -0.988814056 -0.105217583
vn 0.105716214 -0.988814056 -0.105217583
vn 0.108980887 -0.988810658 -0.101865895
vn 0.108980887 -0.988810658 -0.101865895
vn -0.345149279 -0.897364199 0.274971694
vn -0.345149279 -0.897364199 0.274971694
vn -0.345149279 -0.897364199 0.274971694
vn 0.851581275 0.0459248908 -0.522207022
vn 0.851581275 0.0459248908 -0.522207022
vn 0.851581275 0.0459248908 -0.522207022
vn 0.852740765 0.137840062 -0.503818572
vn 0.852740765 0.137840062 -0.503818572
vn 0.852740765 0.137840062 -0.503818572
vn 0.945511997 0.240412369 -0.219565153
vn 0.945511997 0.240412369 -0.219565153
vn 0.945511997 0.240412369 -0.219565153
vn 0.881000459 0.0652439296 -0.468595207
vn 0.881000459 0.0652439296 -0.468595207
vn 0.881000459 0.0652439296 -0.468595207
vn 0.816009581 0.30348292 -0.491961747
vn 0.816009581 0.30348292 -0.491961747
vn 0.816009581 0.30348292 -0.491961747
vn 0.848942161 -0.223190933 -0.479043931
vn 0.848942161 -0.223190933 -0.479043931
vn 0.848942161 -0.223190933 -0.479043931
vn 0.83839196 0.000921499741 -0.545067072
vn 0.83839196 0.000921499741 -0.545067072
vn 0.840461791 -0.0245910231 -0.541312516
vn 0.840461791 -0.0245910231 -0.541312516
vn 0.840461791 -0.0245910231 -0.541312516
vn 0.840461791 -0.0245910231 -0.541312516
vn 0.966432154 0.137203574 0.217218965
vn 0.966432154 0.137203574 0.217218965
vn 0.966432154 0.137203574 0.217218965
vn 0.341965467 0.498327404 -0.796698987
vn 0.341965467 0.498327404 -0.796698987
vn 0.341965467 0.498327404 -0.796698987
vn -0.499152809 0.674515009 0.543944836
vn -0.499152809 0.674515009 0.543944836
vn -0.499152809 0.674515009 0.543944836
vn -0.780533493 0.0317682363 -0.624306142
vn -0.780533493 0.0317682363 -0.624306142
vn -0.780533493 0.0317682363 -0.624306142
vn 0.411189526 0.190317705 -0.891460717
vn 0.411189526 0.190317705 -0.891460717
vn 0.411189526 0.190317705 -0.891460717
vn -0.735553205 0.228137389 -0.637898684
vn -0.735553205 0.228137389 -0.637898684
vn -0.735553205 0.228137389 -0.637898684
vn 0.700068891 -0.0492292531 0.712376237
vn 0.700068891 -0.0492292531 0.712376237
vn 0.700068891 -0.0492292531 0.712376237
vn -0.287578732 -0.897129476 0.335346431
vn -0.287578732 -0.897129476 0.335346431
vn -0.287578732 -0.897129476 0.335346431
vn 0.552764297 0.0463446416 -0.832047999
vn 0.552764297 0.0463446416 -0.832047999
vn 0.552764297 0.0463446416 -0.832047999
vn 0.530278265 0.137524664 -0.836595476
vn 0.530278265 0.137524664 -0.836595476
vn 0.530278265 0.137524664 -0.836595476
vn 0.253076226 0.238127887 -0.937681973
vn 0.253076226 0.238127887 -0.937681973
vn 0.253076226 0.238127887 -0.937681973
vn 0.501896024 0.0634264201 -0.862599254
vn 0.501896024 0.0634264201 -0.862599254
vn 0.501896024 0.0634264201 -0.862599254
vn 0.521061718 0.300489604 -0.798874736
vn 0.521061718 0.300489604 -0.798874736
vn 0.521061718 0.300489604 -0.798874736
vn 0.509836674 -0.222474188 -0.831006527
vn 0.509836674 -0.222474188 -0.831006527
vn 0.509836674 -0.222474188 -0.831006527
vn 0.575701118 0.00138195907 -0.81765908
vn 0.571362913 -0.0248162504 -0.820322156
vn 0.575701118 0.00138195907 -0.81765908
vn 0.571362913 -0.0248162504 -0.820322156
vn 0.571362913 -0.0248162504 -0.820322156
vn 0.571362913 -0.0248162504 -0.820322156
vn -0.186162189 0.135346979 -0.973151982
vn -0.186162189 0.135346979 -0.973151982
vn -0.186162189 0.135346979 -0.973151982
vn -0.220299825 -0.0676723719 0.973082006
vn -0.220299825 -0.0676723719 0.973082006
vn -0.220299825 -0.0676723719 0.973082006
vn 0.151736096 -0.0203575045 -0.988211334
vn 0.151736096 -0.0203575045 -0.988211334
vn 0.151736096 -0.0203575045 -0.988211334
vn 0.732762992 0.0178604312 -0.680249453
vn 0.732762992 0.0178604312 -0.680249453
vn 0.732762992 0.0178604312 -0.680249453
vn -0.71253252 0.0917379111 0.695616007
vn -0.71253252 0.0917379111 0.695616007
vn -0.71253252 0.0917379111 0.695616007
vn 0.857294977 0.149475634 0.492648333
vn 0.857294977 0.149475634 0.492648333
vn 0.857294977 0.149475634 0.492648333
vn 0.977149785 0.0393899046 0.208870023
vn 0.976645589 0.0383968018 0.211397707
vn 0.976701856 0.0395485163 0.210925415
vn 0.974969208 -0.0313504748 0.220118731
vn 0.974846303 -0.0334426053 0.220354736
vn 0.974570096 -0.0334624127 0.221570149
vn 0.94631356 0.0798520967 0.313231975
vn 0.94631356 0.0798520967 0.313231975
vn 0.94631356 0.0798520967 0.313231975
vn 0.556797862 0.645838022 -0.522369027
vn 0.556797862 0.645838022 -0.522369027
vn 0.556797862 0.645838022 -0.522369027
vn 0.809740245 0.229195774 0.540175915
vn 0.809740245 0.229195774 0.540175915
vn 0.809740245 0.229195774 0.540175915
vn 0.138518468 0.824029207 0.549352765
vn 0.138518468 0.824029207 0.549352765
vn 0.138518468 0.824029207 0.549352765
vn 0.782656908 0.508386135 0.359154224
vn 0.782656908 0.508386135 0.359154224
vn 0.782656908 0.508386135 0.359154224
vn -0.403106749 -0.0777142644 -0.911847353
vn -0.403106749 -0.0777142644 -0.911847353
vn -0.403106749 -0.0777142644 -0.911847353
vn 0.337971389 0 0.941156387
vn 0.337971389 0 0.941156387
vn 0.337971389 0 0.941156387
vn 0.994739354 0.0661785081 0.0781924576
vn 0.994739354 0.0661785081 0.0781924576
vn 0.994739354 0.0661785081 0.0781924576
vn -0.891914368 0.0244190004 -0.451544583
vn -0.891914368 0.0244190004 -0.451544583
vn -0.891914368 0.0244190004 -0.451544583
vn 0.677975178 0.660152197 0.32333985
vn 0.677975178 0.660152197 0.32333985
vn 0.677975178 0.660152197 0.32333985
vn 0.644097269 0.19471775 -0.739745736
vn 0.644097269 0.19471775 -0.739745736
vn 0.644097269 0.19471775 -0.739745736
vn -0.0375452228 0.868474722 -0.494309694
vn -0.0375452228 0.868474722 -0.494309694
vn -0.0375452228 0.868474722 -0.494309694
vn 0.629801691 0.547248423 -0.551242948
vn 0.629801691 0.547248423 -0.551242948
vn 0.629801691 0.547248423 -0.551242948
vn 0.382420808 0.0117421048 0.923913598
vn 0.383386642 0.0125345429 0.923502862
vn 0.384364545 0.0118720634 0.923105001
vn 0.375427693 -0.0176357664 0.926683962
vn 0.999610722 0.0242530275 -0.013795861
vn 0.999576628 0.0250836145 -0.0147419199
vn 0.999571264 0.0245685652 -0.0159294233
vn 0.998880923 0.0452095903 -0.0138889868
vn 0.998880923 0.0452095903 -0.0138889868
vn 0.122181423 -0.0514710322 0.991172254
vn 0.122181423 -0.0514710322 0.991172254
vn 0.122181423 -0.0514710322 0.991172254
vn 0.122181423 -0.0514710322 0.991172254
vn -0.971410871 0.0788189098 0.22393842
vn -0.971410871 0.0788189098 0.22393842
vn -0.971410871 0.0788189098 0.22393842
vn -0.971410871 0.0788189098 0.22393842
vn -0.804646134 -0.291297585 -0.517387927
vn -0.804646134 -0.291297585 -0.517387927
vn -0.804646134 -0.291297585 -0.517387927
vn -0.804646134 -0.291297585 -0.517387927
vn -0.140924469 0.988847613 -0.0481749959
vn -0.140924469 0.988847613 -0.0481749959
vn -0.140924469 0.988847613 -0.0481749959
vn -0.140924469 0.988847613 -0.0481749959
vn -0.00313301338 0.0870970115 0.996194959
vn -0.00313301338 0.0870970115 0.996194959
vn -0.00313301338 0.0870970115 0.996194959
vn -0.00313301338 0.0870970115 0.996194959
vn -0.645424426 0.0485568717 0.762279212
vn -0.645424426 0.0485568717 0.762279212
vn -0.645424426 0.0485568717 0.762279212
vn -0.645424426 0.0485568717 0.762279212
vn -0.70526582 0.27512151 0.653382182
vn -0.70526582 0.27512151 0.653382182
vn -0.70526582 0.27512151 0.653382182
vn -0.70526582 0.27512151 0.653382182
vn -0.47518602 -0.145337477 -0.867799103
vn -0.47518602 -0.145337477 -0.867799103
vn -0.47518602 -0.145337477 -0.867799103
vn -0.47518602 -0.145337477 -0.867799103
vn -0.0106878141 0.0176710356 0.999786794
vn -0.0106878141 0.0176710356 0.999786794
vn -0.0107536595 0.0188871473 0.999763787
vn -0.0106878141 0.0176710356 0.999786794
vn 0.748532295 -0.107798249 -0.654277503
vn 0.748532295 -0.107798249 -0.654277503
vn 0.748532295 -0.107798249 -0.654277503
vn 0.748532295 -0.107798249 -0.654277503
vn -0.974333465 -0.145624191 0.171661824
vn -0.974333465 -0.145624191 0.171661824
vn -0.974333465 -0.145624191 0.171661824
vn -0.974333465 -0.145624191 0.171661824
vn -0.828966558 -0.0333878621 0.558300555
vn -0.828966558 -0.0333878621 0.558300555
vn -0.828966558 -0.0333878621 0.558300555
vn -0.828966558 -0.0333878621 0.558300555
vn 0.911702633 -0.169107482 0.374434054
vn 0.911702633 -0.169107482 0.374434054
vn 0.911702633 -0.169107482 0.374434054
vn 0.911702633 -0.169107482 0.374434054
vn 0.640049994 -0.04960021 -0.766730607
vn 0.640049994 -0.04960021 -0.766730607
vn 0.640049994 -0.04960021 -0.766730607
vn 0.640049994 -0.04960021 -0.766730607
vn 0.80960983 0.0795905069 0.58154726
vn 0.80960983 0.0795905069 0.58154726
vn 0.80960983 0.0795905069 0.58154726
vn 0.80960983 0.0795905069 0.58154726
vn 0.250051022 0.949503958 -0.189517036
vn 0.250051022 0.949503958 -0.189517036
vn 0.250051022 0.949503958 -0.189517036
vn 0.250051022 0.949503958 -0.189517036
vn 0.994503736 -0.0634928569 -0.0832527429
vn 0.994503736 -0.0634928569 -0.0832527429
vn 0.994503736 -0.0634928569 -0.0832527429
vn 0.994503736 -0.0634928569 -0.0832527429
vn -0.522075295 -0.0653902143 -0.850389004
vn -0.522075295 -0.0653902143 -0.850389004
vn -0.522075295 -0.0653902143 -0.850389004
vn -0.522075295 -0.0653902143 -0.850389004
vn -0.730495393 -0.224574089 0.644936502
vn -0.731400192 -0.22265929 0.644574702
vn -0.730495393 -0.224574089 0.644936502
vn -0.730495393 -0.224574089 0.644936502
vn -0.560315549 -0.292189687 -0.775030077
vn -0.560315549 -0.292189687 -0.775030077
vn -0.560315549 -0.292189687 -0.775030077
vn -0.560315549 -0.292189687 -0.775030077
vn 0.960925639 -0.0702558607 0.267742544
vn 0.960925639 -0.0702558607 0.267742544
vn 0.960720718 -0.0713892579 0.268177509
vn 0.960925639 -0.0702558607 0.267742544
vn 0.732959449 0.00908862147 0.680211544
vn 0.732959449 0.00908862147 0.680211544
vn 0.732959449 0.00908862147 0.680211544
vn 0.732959449 0.00908862147 0.680211544
vn 0.652184188 0.681699336 0.331574857
vn 0.652184188 0.681699336 0.331574857
vn 0.652184188 0.681699336 0.331574857
vn 0.652184188 0.681699336 0.331574857
vn 0.00623326376 -0.58039242 -0.814313114
vn 0.00623326376 -0.58039242 -0.814313114
vn 0.00623326376 -0.58039242 -0.814313114
vn 0.00623326376 -0.58039242 -0.814313114
vn 0.953669012 -0.106697068 -0.281302601
vn 0.953669012 -0.106697068 -0.281302601
vn 0.953669012 -0.106697068 -0.281302601
vn 0.953669012 -0.106697068 -0.281302601
vn -0.975604236 0.078894414 -0.204870969
vn -0.975604236 0.078894414 -0.204870969
vn -0.975604236 0.078894414 -0.204870969
vn -0.975604236 0.078894414 -0.204870969
vn -0.595337331 -0.358737916 -0.718944073
vn -0.595337331 -0.358737916 -0.718944073
vn -0.595337331 -0.358737916 -0.718944073
vn -0.595337331 -0.358737916 -0.718944073
vn -0.1074844 0.988863111 -0.10294003
vn -0.1074844 0.988863111 -0.10294003
vn -0.1074844 0.988863111 -0.10294003
vn -0.1074844 0.988863111 -0.10294003
vn -0.444916636 0.0705594122 0.892788053
vn -0.444916636 0.0705594122 0.892788053
vn -0.444916636 0.0705594122 0.892788053
vn -0.444916636 0.0705594122 0.892788053
vn 0.958481193 0.0724989623 0.275785893
vn 0.958481193 0.0724989623 0.275785893
vn 0.958481193 0.0724989623 0.275785893
vn 0.958481193 0.0724989623 0.275785893
vn 0.953204453 -0.281901151 -0.109238259
vn 0.953204453 -0.281901151 -0.109238259
vn 0.953204453 -0.281901151 -0.109238259
vn 0.953204453 -0.281901151 -0.109238259
vn -0.905953765 0.0485641584 0.420582235
vn -0.905953765 0.0485641584 0.420582235
vn -0.905953765 0.0485641584 0.420582235
vn -0.905953765 0.0485641584 0.420582235
vn -0.961703539 0.23712258 0.137474805
vn -0.961703539 0.23712258 0.137474805
vn -0.961703539 0.23712258 0.137474805
vn -0.961703539 0.23712258 0.137474805
vn -0.289818555 -0.165838599 -0.942604303
vn -0.289818555 -0.165838599 -0.942604303
vn -0.289818555 -0.165838599 -0.942604303
vn -0.289818555 -0.165838599 -0.942604303
vn 0.997051477 -0.0742742196 -0.0192761794
vn 0.997051477 -0.0742742196 -0.0192761794
vn 0.997051477 -0.0742742196 -0.0192761794
vn 0.997110069 -0.0739958435 -0.0172134433
vn -0.0190313403 -0.258280218 -0.96588254
vn -0.0190313403 -0.258280218 -0.96588254
vn -0.0190313403 -0.258280218 -0.96588254
vn -0.0190313403 -0.258280218 -0.96588254
vn -0.42060867 0.0233289842 0.906942248
vn -0.42060867 0.0233289842 0.906942248
vn -0.420656264 0.0245516673 0.906887829
vn -0.42060867 0.0233289842 0.906942248
vn -0.95776993 -0.129721671 -0.256610602
vn -0.95776993 -0.129721671 -0.256610602
vn -0.95776993 -0.129721671 -0.256610602
vn -0.95776993 -0.129721671 -0.256610602
vn -0.418364525 0.871976018 0.254222065
vn -0.418364525 0.871976018 0.254222065
vn -0.418364525 0.871976018 0.254222065
vn -0.418364525 0.871976018 0.254222065
vn -0.944989741 -0.166148648 -0.281760454
vn -0.944989741 -0.166148648 -0.281760454
vn -0.944989741 -0.166148648 -0.281760454
vn -0.944989741 -0.166148648 -0.281760454
vn -0.986813009 -0.0334711932 0.158366457
vn -0.986813009 -0.0334711932 0.158366457
vn -0.986813009 -0.0334711932 0.158366457
vn -0.986813009 -0.0334711932 0.158366457
vn 0.670120537 -0.169116288 0.722729683
vn 0.670120537 -0.169116288 0.722729683
vn 0.670120537 -0.169116288 0.722729683
vn 0.670120537 -0.169116288 0.722729683
vn 0.903018057 -0.0497310162 -0.426714361
vn 0.903018057 -0.0497310162 -0.426714361
vn 0.903018057 -0.0497310162 -0.426714361
vn 0.903018057 -0.0497310162 -0.426714361
vn 0.517719507 0.0544824935 0.853813887
vn 0.517719507 0.0544824935 0.853813887
vn 0.517719507 0.0544824935 0.853813887
vn 0.517719507 0.0544824935 0.853813887
vn 0.306550652 0.949505448 -0.0668285489
vn 0.306550652 0.949505448 -0.0668285489
vn 0.306550652 0.949505448 -0.0668285489
vn 0.306550652 0.949505448 -0.0668285489
vn -0.94287014 -0.0946069136 -0.31944561
vn -0.94287014 -0.0946069136 -0.31944561
vn -0.94287014 -0.0946069136 -0.31944561
vn -0.94287014 -0.0946069136 -0.31944561
vn 0.937455297 -0.0634111613 0.342281431
vn 0.937455297 -0.0634111613 0.342281431
vn 0.937455297 -0.0634111613 0.342281431
vn 0.937455297 -0.0634111613 0.342281431
vn -0.0211593304 -0.0577643439 -0.998106003
vn -0.0211593304 -0.0577643439 -0.998106003
vn -0.0211593304 -0.0577643439 -0.998106003
vn -0.0211593304 -0.0577643439 -0.998106003
vn -0.963201463 -0.191034362 0.18907392
vn -0.963704586 -0.188937411 0.188616171
vn -0.963201463 -0.191034362 0.18907392
vn -0.963201463 -0.191034362 0.18907392
vn -0.106756397 -0.325522125 -0.939488351
vn -0.106756397 -0.325522125 -0.939488351
vn -0.106756397 -0.325522125 -0.939488351
vn -0.106756397 -0.325522125 -0.939488351
vn 0.759504139 -0.0702013522 0.646703303
vn 0.759504139 -0.0702013522 0.646703303
vn 0.759135485 -0.0713347495 0.647012234
vn 0.759504139 -0.0702013522 0.646703303
vn 0.518148005 -0.0223482922 0.854999006
vn 0.518148005 -0.0223482922 0.854999006
vn 0.518148005 -0.0223482922 0.854999006
vn 0.518148005 -0.0223482922 0.854999006
vn 0.452704847 0.68141222 0.575096369
vn 0.452704847 0.68141222 0.575096369
vn 0.452704847 0.68141222 0.575096369
vn 0.452704847 0.68141222 0.575096369
vn 0.348108083 -0.58002764 -0.736470401
vn 0.348108083 -0.58002764 -0.736470401
vn 0.348108083 -0.58002764 -0.736470401
vn 0.348108083 -0.58002764 -0.736470401
vn 0.355950415 -0.0659385994 -0.932175696
vn 0.355950415 -0.0659385994 -0.932175696
vn 0.355950415 -0.0659385994 -0.932175696
vn 0.355950415 -0.0659385994 -0.932175696
vn 0.574324489 -0.128043577 0.808551908
vn 0.574324489 -0.128043577 0.808551908
vn 0.574324489 -0.128043577 0.808551908
vn 0.574324489 -0.128043577 0.808551908
vn -0.458410889 0.0870890394 0.884463072
vn -0.458410889 0.0870890394 0.884463072
vn -0.458410889 0.0870890394 0.884463072
vn -0.458410889 0.0870890394 0.884463072
vn 0.656234205 0.043598298 0.753296614
vn 0.656234205 0.043598298 0.753296614
vn 0.656234205 0.043598298 0.753296614
vn 0.656234205 0.043598298 0.753296614
vn 0.869819403 0.0318638459 0.492340118
vn 0.869819403 0.0318638459 0.492340118
vn 0.869819403 0.0318638459 0.492340118
vn 0.869819403 0.0318638459 0.492340118
vn 0.664822757 0.0230382644 0.746645868
vn 0.664822757 0.0230382644 0.746645868
vn 0.664822757 0.0230382644 0.746645868
vn 0.664822757 0.0230382644 0.746645868
vn -0.328386068 0.0262096971 0.944179893
vn -0.328386068 0.0262096971 0.944179893
vn -0.328386068 0.0262096971 0.944179893
vn -0.328386068 0.0262096971 0.944179893
vn -0.991976202 -0.108885616 -0.0642421171
vn -0.991976202 -0.108885616 -0.0642421171
vn -0.991976202 -0.108885616 -0.0642421171
vn -0.991976202 -0.108885616 -0.0642421171
vn 0.576857865 -0.0491755344 0.81536293
vn 0.576857865 -0.0491755344 0.81536293
vn 0.576833367 -0.047985509 0.815451145
vn 0.576857865 -0.0491755344 0.81536293
vn -0.419629037 -0.432034403 0.798284233
vn -0.419629037 -0.432034403 0.798284233
vn -0.419629037 -0.432034403 0.798284233
vn -0.419629037 -0.432034403 0.798284233
vn -0.537332356 0.00313410629 0.843364775
vn -0.537332356 0.00313410629 0.843364775
vn -0.537332356 0.00313410629 0.843364775
vn -0.537332356 0.00313410629 0.843364775
vn -0.928542793 0.141948462 -0.343014538
vn -0.928542793 0.141948462 -0.343014538
vn -0.928542793 0.141948462 -0.343014538
vn -0.928542793 0.141948462 -0.343014538
vn 0.126765594 0.102372222 -0.986635983
vn 0.126765594 0.102372222 -0.986635983
vn 0.126765594 0.102372222 -0.986635983
vn 0.126765594 0.102372222 -0.986635983
vn -0.929601729 -0.0514692105 -0.364954174
vn -0.929601729 -0.0514692105 -0.364954174
vn -0.929601729 -0.0514692105 -0.364954174
vn -0.929601729 -0.0514692105 -0.364954174
vn -0.0608171858 0.992935836 -0.101880454
vn -0.0608171858 0.992935836 -0.101880454
vn -0.0608171858 0.992935836 -0.101880454
vn -0.0608171858 0.992935836 -0.101880454
vn -0.73916322 -0.0485777855 -0.671772182
vn -0.73916322 -0.0485777855 -0.671772182
vn -0.73916322 -0.0485777855 -0.671772182
vn -0.73916322 -0.0485777855 -0.671772182
vn -0.336738914 -0.304938525 0.890853226
vn -0.337580264 -0.303099483 0.891162336
vn -0.336738914 -0.304938525 0.890853226
vn -0.336738914 -0.304938525 0.890853226
vn 0.294195533 0.0492916927 -0.954473376
vn 0.294195533 0.0492916927 -0.954473376
vn 0.294195533 0.0492916927 -0.954473376
vn 0.294195533 0.0492916927 -0.954473376
vn -0.211413175 -0.108357802 -0.97137171
vn -0.211413175 -0.108357802 -0.97137171
vn -0.211413175 -0.108357802 -0.97137171
vn -0.211413175 -0.108357802 -0.97137171
vn 0.594868064 0.787911892 -0.159144044
vn 0.594868064 0.787911892 -0.159144044
vn 0.594868064 0.787911892 -0.159144044
vn 0.594868064 0.787911892 -0.159144044
vn -0.638255179 -0.466190487 -0.612614691
vn -0.638255179 -0.466190487 -0.612614691
vn -0.638255179 -0.466190487 -0.612614691
vn -0.638255179 -0.466190487 -0.612614691
vn -0.675604165 0.0353847221 0.736414969
vn -0.675604165 0.0353847221 0.736414969
vn -0.675604165 0.0353847221 0.736414969
vn -0.675604165 0.0353847221 0.736414969
vn 0.185043603 -0.0728627592 -0.980025411
vn 0.185043603 -0.0728627592 -0.980025411
vn 0.185043603 -0.0728627592 -0.980025411
vn 0.185043603 -0.0728627592 -0.980025411
vn 0.988070607 -0.106818974 0.1109327
vn 0.988070607 -0.106818974 0.1109327
vn 0.988070607 -0.106818974 0.1109327
vn 0.988070607 -0.106818974 0.1109327
vn -0.957505941 0.162832335 -0.238050461
vn -0.957505941 0.162832335 -0.238050461
vn -0.957505941 0.162832335 -0.238050461
vn -0.957505941 0.162832335 -0.238050461
vn -0.442210108 0.0274794996 0.896490455
vn -0.442210108 0.0274794996 0.896490455
vn -0.442210108 0.0274794996 0.896490455
vn -0.442210108 0.0274794996 0.896490455
vn 0.45279026 -0.0359269083 0.890892982
vn 0.45279026 -0.0359269083 0.890892982
vn 0.45279026 -0.0359269083 0.890892982
vn 0.45279026 -0.0359269083 0.890892982
vn -0.977318823 -0.208943278 -0.0345068537
vn -0.977318823 -0.208943278 -0.0345068537
vn -0.977318823 -0.208943278 -0.0345068537
vn -0.977318823 -0.208943278 -0.0345068537
vn -0.933166325 0.0650229976 -0.35351491
vn -0.933166325 0.0650229976 -0.35351491
vn -0.933166325 0.0650229976 -0.35351491
vn -0.933166325 0.0650229976 -0.35351491
vn 0.517845392 0.855473578 -0.00107498036
vn 0.517845392 0.855473578 -0.00107498036
vn 0.517845392 0.855473578 -0.00107498036
vn 0.517845392 0.855473578 -0.00107498036
vn 0.913399696 -0.0815600008 -0.398809582
vn 0.913399696 -0.0815600008 -0.398809582
vn 0.913399696 -0.0815600008 -0.398809582
vn 0.913399696 -0.0815600008 -0.398809582
vn -0.797727525 0.240014061 0.553194404
vn -0.797727525 0.240014061 0.553194404
vn -0.797727525 0.240014061 0.553194404
vn -0.797727525 0.240014061 0.553194404
vn -0.942756832 0.0628334805 -0.327508092
vn -0.942756832 0.0628334805 -0.327508092
vn -0.942756832 0.0628334805 -0.327508092
vn -0.942756832 0.0628334805 -0.327508092
vn 0.425119191 -0.0143846059 0.905023158
vn 0.425119191 -0.0143846059 0.905023158
vn 0.425119191 -0.0143846059 0.905023158
vn 0.425119191 -0.0143846059 0.905023158
vn 0.803501964 -0.16316548 0.57250464
vn 0.803501964 -0.16316548 0.57250464
vn 0.803501964 -0.16316548 0.57250464
vn 0.803501964 -0.16316548 0.57250464
vn -0.796108067 0.597990811 0.0928383693
vn -0.796108067 0.597990811 0.0928383693
vn -0.796108067 0.597990811 0.0928383693
vn -0.796108067 0.597990811 0.0928383693
vn 0.583173454 -0.0464545079 0.811018288
vn 0.583173454 -0.0464545079 0.811018288
vn 0.583173454 -0.0464545079 0.811018288
vn 0.583173454 -0.0464545079 0.811018288
vn 0.551689148 0.463878244 0.693149507
vn 0.551689148 0.463878244 0.693149507
vn 0.551689148 0.463878244 0.693149507
vn 0.551689148 0.463878244 0.693149507
vn -0.938067973 -0.106279604 0.329746932
vn -0.938067973 -0.106279604 0.329746932
vn -0.938067973 -0.106279604 0.329746932
vn -0.938067973 -0.106279604 0.329746932
vn 0.964927852 -0.262503058 0.00251171808
vn 0.964927852 -0.262503058 0.00251171808
vn 0.964927852 -0.262503058 0.00251171808
vn 0.964927852 -0.262503058 0.00251171808
vn -0.733947098 0.325404972 0.596182227
vn -0.733947098 0.325404972 0.596182227
vn -0.733947098 0.325404972 0.596182227
vn -0.733947098 0.325404972 0.596182227
vn -0.558189929 -0.3330594 0.759931147
vn -0.558189929 -0.3330594 0.759931147
vn -0.558189929 -0.3330594 0.759931147
vn -0.558189929 -0.3330594 0.759931147
vn -0.975969613 -0.0422227159 -0.213776961
vn -0.975969613 -0.0422227159 -0.213776961
vn -0.975969613 -0.0422227159 -0.213776961
vn -0.975969613 -0.0422227159 -0.213776961
vn 0.947027862 -0.315955758 0.0575330965
vn 0.947027862 -0.315955758 0.0575330965
vn 0.947027862 -0.315955758 0.0575330965
vn 0.947027862 -0.315955758 0.0575330965
vn -0.459908962 -0.142296299 -0.876490474
vn -0.459908962 -0.142296299 -0.876490474
vn -0.459908962 -0.142296299 -0.876490474
vn -0.459908962 -0.142296299 -0.876490474
vn -0.815751553 -0.0596114434 0.575322449
vn -0.815751553 -0.0596114434 0.575322449
vn -0.815751553 -0.0596114434 0.575322449
vn -0.815751553 -0.0596114434 0.575322449
vn -0.291379482 0.23748368 0.926660419
vn -0.291379482 0.23748368 0.926660419
vn -0.291379482 0.23748368 0.926660419
vn -0.291379482 0.23748368 0.926660419
vn -0.769487441 0.186215058 0.610911727
vn -0.769487441 0.186215058 0.610911727
vn -0.769487441 0.186215058 0.610911727
vn -0.769487441 0.186215058 0.610911727
vn 0.469896525 0.0751555711 0.879516244
vn 0.469896525 0.0751555711 0.879516244
vn 0.469896525 0.0751555711 0.879516244
vn 0.469896525 0.0751555711 0.879516244
vn 0.972942948 0.125769123 -0.193814844
vn 0.972942948 0.125769123 -0.193814844
vn 0.972942948 0.125769123 -0.193814844
vn 0.972942948 0.125769123 -0.193814844
vn 0.807976067 -0.450431794 -0.379849732
vn 0.807976067 -0.450431794 -0.379849732
vn 0.807976067 -0.450431794 -0.379849732
vn 0.807976067 -0.450431794 -0.379849732
vn 0.771522105 0.204361051 0.60248667
vn 0.771522105 0.204361051 0.60248667
vn 0.771522105 0.204361051 0.60248667
vn 0.771522105 0.204361051 0.60248667
vn -0.683103442 0.173900768 -0.70931536
vn -0.683103442 0.173900768 -0.70931536
vn -0.683103442 0.173900768 -0.70931536
vn -0.683103442 0.173900768 -0.70931536
vn 0.579344034 0.62287581 0.525724411
vn 0.579344034 0.62287581 0.525724411
vn 0.579344034 0.62287581 0.525724411
vn 0.579344034 0.62287581 0.525724411
vn 0.664180636 0.252221107 -0.703738987
vn 0.664180636 0.252221107 -0.703738987
vn 0.664180636 0.252221107 -0.703738987
vn 0.664180636 0.252221107 -0.703738987
vn -0.0237877518 -0.719125032 0.694473445
vn -0.0237877518 -0.719125032 0.694473445
vn -0.0237877518 -0.719125032 0.694473445
vn -0.0237877518 -0.719125032 0.694473445
vn 0.0437532328 -0.899839401 0.434021473
vn 0.0437532328 -0.899839401 0.434021473
vn 0.0437532328 -0.899839401 0.434021473
vn 0.0437532328 -0.899839401 0.434021473
vn -0.332623988 -0.204332545 -0.920657158
vn -0.332623988 -0.204332545 -0.920657158
vn -0.332623988 -0.204332545 -0.920657158
vn -0.332623988 -0.204332545 -0.920657158
vn 0.601133287 -0.0002849015 0.799148679
vn 0.601133287 -0.0002849015 0.799148679
vn 0.601133287 -0.0002849015 0.799148679
vn 0.601133287 -0.0002849015 0.799148679
vn -0.664195597 -0.277444303 -0.694167733
vn -0.664195597 -0.277444303 -0.694167733
vn -0.664195597 -0.277444303 -0.694167733
vn -0.664195597 -0.277444303 -0.694167733
vn -0.589139283 0.112244904 0.800197482
vn -0.589139283 0.112244904 0.800197482
vn -0.589139283 0.112244904 0.800197482
vn -0.589139283 0.112244904 0.800197482
vn 0.63191998 -0.212080359 0.745452285
vn 0.63191998 -0.212080359 0.745452285
vn 0.63191998 -0.212080359 0.745452285
vn 0.63191998 -0.212080359 0.745452285
vn -0.820258617 -0.240845352 0.518815219
vn -0.820258617 -0.240845352 0.518815219
vn -0.820258617 -0.240845352 0.518815219
vn -0.820258617 -0.240845352 0.518815219
vn 0.110973172 -0.993235648 -0.034175612
vn 0.110973172 -0.993235648 -0.034175612
vn 0.110973172 -0.993235648 -0.034175612
vn 0.110973172 -0.993235648 -0.034175612
vn -0.134710148 -0.402454764 -0.905474067
vn -0.134710148 -0.402454764 -0.905474067
vn -0.134710148 -0.402454764 -0.905474067
vn -0.134710148 -0.402454764 -0.905474067
vn 0.987576723 -0.102056764 0.119485132
vn 0.987576723 -0.102056764 0.119485132
vn 0.987576723 -0.102056764 0.119485132
vn 0.987576723 -0.102056764 0.119485132
vn -0.477136642 -0.315768719 -0.82014066
vn -0.477136642 -0.315768719 -0.82014066
vn -0.477136642 -0.315768719 -0.82014066
vn -0.477136642 -0.315768719 -0.82014066
vn -0.332326978 0.0307171475 0.942663908
vn -0.332326978 0.0307171475 0.942663908
vn -0.332326978 0.0307171475 0.942663908
vn -0.332326978 0.0307171475 0.942663908
vn -0.581270456 -0.0189060401 -0.813490808
vn -0.581270456 -0.0189060401 -0.813490808
vn -0.581270456 -0.0189060401 -0.813490808
vn -0.581270456 -0.0189060401 -0.813490808
vn -0.92421031 0.251939952 0.286987156
vn -0.92421031 0.251939952 0.286987156
vn -0.92421031 0.251939952 0.286987156
vn -0.92421031 0.251939952 0.286987156
vn 0.167439222 0.0720907226 0.983243167
vn 0.167439222 0.0720907226 0.983243167
vn 0.167439222 0.0720907226 0.983243167
vn 0.167439222 0.0720907226 0.983243167
vn -0.266685337 -0.257635683 -0.928710282
vn -0.266685337 -0.257635683 -0.928710282
vn -0.266685337 -0.257635683 -0.928710282
vn -0.266685337 -0.257635683 -0.928710282
vn -0.933301926 -0.112552285 0.340997845
vn -0.933301926 -0.112552285 0.340997845
vn -0.933301926 -0.112552285 0.340997845
vn -0.933301926 -0.112552285 0.340997845
vn 0.918139398 -0.339269012 0.204735339
vn 0.918139398 -0.339269012 0.204735339
vn 0.918139398 -0.339269012 0.204735339
vn 0.918139398 -0.339269012 0.204735339
vn 0.830014527 -0.111412138 0.546500862
vn 0.830014527 -0.111412138 0.546500862
vn 0.830014527 -0.111412138 0.546500862
vn 0.830014527 -0.111412138 0.546500862
vn 0.68345654 -0.183993191 -0.706423283
vn 0.68345654 -0.183993191 -0.706423283
vn 0.68345654 -0.183993191 -0.706423283
vn 0.68345654 -0.183993191 -0.706423283
vn -0.915298402 0.0752977654 -0.395675659
vn -0.915298402 0.0752977654 -0.395675659
vn -0.915298402 0.0752977654 -0.395675659
vn -0.915298402 0.0752977654 -0.395675659
vn 0.0246108454 0.0618960746 0.997779071
vn 0.0246108454 0.0618960746 0.997779071
vn 0.0246108454 0.0618960746 0.997779071
vn 0.0246108454 0.0618960746 0.997779071
vn -0.291541487 0.0399393551 -0.955723941
vn -0.291541487 0.0399393551 -0.955723941
vn -0.291541487 0.0399393551 -0.955723941
vn -0.291541487 0.0399393551 -0.955723941
vn 0.655931056 0.0346865617 -0.754023433
vn 0.655931056 0.0346865617 -0.754023433
vn 0.655931056 0.0346865617 -0.754023433
vn 0.655931056 0.0346865617 -0.754023433
vn 0.00308022951 -0.0771829113 -0.997012138
vn 0.00308022951 -0.0771829113 -0.997012138
vn 0.00308022951 -0.0771829113 -0.997012138
vn 0.00308022951 -0.0771829113 -0.997012138
vn 0.281622946 -0.124950737 0.951354682
vn 0.281622946 -0.124950737 0.951354682
vn 0.281622946 -0.124950737 0.951354682
vn 0.281622946 -0.124950737 0.951354682
vn -0.995174825 -0.0871330723 0.0451109409
vn -0.995174825 -0.0871330723 0.0451109409
vn -0.995174825 -0.0871330723 0.0451109409
vn -0.995174825 -0.0871330723 0.0451109409
vn 0.527000964 -0.151494429 -0.836253166
vn 0.527000964 -0.151494429 -0.836253166
vn 0.527000964 -0.151494429 -0.836253166
vn 0.527000964 -0.151494429 -0.836253166
vn 0.535067976 -0.82586199 -0.177916259
vn 0.535067976 -0.82586199 -0.177916259
vn 0.535067976 -0.82586199 -0.177916259
vn 0.535067976 -0.82586199 -0.177916259
vn 0.341686487 0.0091730468 0.939769268
vn 0.341686487 0.0091730468 0.939769268
vn 0.341686487 0.0091730468 0.939769268
vn 0.341686487 0.0091730468 0.939769268
vn 0.584216952 -0.211111963 -0.783659577
vn 0.584216952 -0.211111963 -0.783659577
vn 0.584216952 -0.211111963 -0.783659577
vn 0.584216952 -0.211111963 -0.783659577
vn 0.443068713 -0.0249579307 -0.896140218
vn 0.443068713 -0.0249579307 -0.896140218
vn 0.443068713 -0.0249579307 -0.896140218
vn 0.443068713 -0.0249579307 -0.896140218
vn 0.72442919 -0.0256181061 -0.688873053
vn 0.72442919 -0.0256181061 -0.688873053
vn 0.72442919 -0.0256181061 -0.688873053
vn 0.72442919 -0.0256181061 -0.688873053
vn -0.918069541 -0.0697833747 0.390228987
vn -0.918069541 -0.0697833747 0.390228987
vn -0.918069541 -0.0697833747 0.390228987
vn -0.918069541 -0.0697833747 0.390228987
vn 0.326395839 0.0543672778 0.943668365
vn 0.326395839 0.0543672778 0.943668365
vn 0.326395839 0.0543672778 0.943668365
vn 0.326395839 0.0543672778 0.943668365
vn -0.724149704 -0.538706422 0.430584103
vn -0.724149704 -0.538706422 0.430584103
vn -0.724149704 -0.538706422 0.430584103
vn -0.724149704 -0.538706422 0.430584103
vn -0.348485231 -0.444574088 0.825173795
vn -0.348485231 -0.444574088 0.825173795
vn -0.348485231 -0.444574088 0.825173795
vn -0.348485231 -0.444574088 0.825173795
vn -0.561390102 -0.0291343033 0.827038288
vn -0.561390102 -0.0291343033 0.827038288
vn -0.561390102 -0.0291343033 0.827038288
vn -0.561390102 -0.0291343033 0.827038288
vn -0.456777632 0.051578518 0.888084412
vn -0.456777632 0.051578518 0.888084412
vn -0.456777632 0.051578518 0.888084412
vn -0.456777632 0.051578518 0.888084412
vn -0.791832983 -0.031978745 -0.609899998
vn -0.791832983 -0.031978745 -0.609899998
vn -0.791832983 -0.031978745 -0.609899998
vn -0.791832983 -0.031978745 -0.609899998
vn 0.0481638238 0.16659224 0.984848917
vn 0.0481638238 0.16659224 0.984848917
vn 0.0481638238 0.16659224 0.984848917
vn 0.0481638238 0.16659224 0.984848917
vn 0.00685652159 -0.188502148 0.98204881
vn 0.00685652159 -0.188502148 0.98204881
vn 0.00685652159 -0.188502148 0.98204881
vn 0.00685652159 -0.188502148 0.98204881
vn 0.968597889 -0.149359703 0.1987703
vn 0.968597889 -0.149359703 0.1987703
vn 0.968597889 -0.149359703 0.1987703
vn 0.968597889 -0.149359703 0.1987703
vn -0.496869951 -0.0891483575 0.863233924
vn -0.496869951 -0.0891483575 0.863233924
vn -0.496869951 -0.0891483575 0.863233924
vn -0.496869951 -0.0891483575 0.863233924
vn -0.808651745 -0.145090342 -0.570115149
vn -0.808651745 -0.145090342 -0.570115149
vn -0.808651745 -0.145090342 -0.570115149
vn -0.808651745 -0.145090342 -0.570115149
vn 0.302151889 -0.0751922429 -0.950289547
vn 0.302151889 -0.0751922429 -0.950289547
vn 0.302151889 -0.0751922429 -0.950289547
vn 0.302151889 -0.0751922429 -0.950289547
vn -0.753362775 0.310760826 -0.579544902
vn -0.753362775 0.310760826 -0.579544902
vn -0.753362775 0.310760826 -0.579544902
vn -0.753362775 0.310760826 -0.579544902
vn 0.99270457 0.0635739267 0.102450065
vn 0.99270457 0.0635739267 0.102450065
vn 0.99270457 0.0635739267 0.102450065
vn 0.99270457 0.0635739267 0.102450065
vn 0.0633075386 -0.160223663 -0.985048473
vn 0.0633075386 -0.160223663 -0.985048473
vn 0.0633075386 -0.160223663 -0.985048473
vn 0.0633075386 -0.160223663 -0.985048473
vn 0.734548628 -0.415102452 -0.536775708
vn 0.734548628 -0.415102452 -0.536775708
vn 0.734548628 -0.415102452 -0.536775708
vn 0.734548628 -0.415102452 -0.536775708
vn 0.680500567 -0.0183285791 -0.732518315
vn 0.680500567 -0.0183285791 -0.732518315
vn 0.680500567 -0.0183285791 -0.732518315
vn 0.680500567 -0.0183285791 -0.732518315
vn -0.626768112 -0.16274032 0.762021959
vn -0.626768112 -0.16274032 0.762021959
vn -0.626768112 -0.16274032 0.762021959
vn -0.626768112 -0.16274032 0.762021959
vn -0.591776133 -0.0704368055 -0.803019106
vn -0.591776133 -0.0704368055 -0.803019106
vn -0.591776133 -0.0704368055 -0.803019106
vn -0.591776133 -0.0704368055 -0.803019106
vn 0.789166689 -0.103837729 0.605337679
vn 0.789166689 -0.103837729 0.605337679
vn 0.789166689 -0.103837729 0.605337679
vn 0.789166689 -0.103837729 0.605337679
vn 0.80334121 -0.0661827773 0.591829956
vn 0.80334121 -0.0661827773 0.591829956
vn 0.80334121 -0.0661827773 0.591829956
vn 0.969297826 0.17665498 -0.171040237
vn 0.969297826 0.17665498 -0.171040237
vn 0.969297826 0.17665498 -0.171040237
vn 0.969297826 0.17665498 -0.171040237
vn 0.950297236 -0.188417837 -0.247858882
vn 0.950297236 -0.188417837 -0.247858882
vn 0.950297236 -0.188417837 -0.247858882
vn 0.950297236 -0.188417837 -0.247858882
vn -0.671524107 0.137649313 0.728085101
vn -0.671161056 0.137924001 0.728367984
vn -0.671503842 0.138027355 0.728032351
vn -0.671152294 0.138009578 0.728359818
vn -0.809378982 0.442311823 0.386349231
vn -0.809378982 0.442311823 0.386349231
vn -0.809378982 0.442311823 0.386349231
vn -0.809378982 0.442311823 0.386349231
vn -0.356830448 -0.0475420877 -0.932958663
vn -0.356830448 -0.0475420877 -0.932958663
vn -0.356830448 -0.0475420877 -0.932958663
vn -0.356830448 -0.0475420877 -0.932958663
vn -0.997335613 -0.0722274333 -0.0102357734
vn -0.997335613 -0.0722274333 -0.0102357734
vn -0.997335613 -0.0722274333 -0.0102357734
vn -0.997335613 -0.0722274333 -0.0102357734
vn 0.961626887 -0.0703340843 -0.265192032
vn 0.961626887 -0.0703340843 -0.265192032
vn 0.961626887 -0.0703340843 -0.265192032
vn 0.961626887 -0.0703340843 -0.265192032
vn -0.256886125 0.320403039 -0.911784708
vn -0.256886125 0.320403039 -0.911784708
vn -0.256886125 0.320403039 -0.911784708
vn -0.256886125 0.320403039 -0.911784708
vn -0.0782152638 0.0528197847 0.995536208
vn -0.0782152638 0.0528197847 0.995536208
vn -0.0782152638 0.0528197847 0.995536208
vn -0.0782152638 0.0528197847 0.995536208
vn -0.511754334 -0.117841244 0.851011693
vn -0.511754334 -0.117841244 0.851011693
vn -0.511754334 -0.117841244 0.851011693
vn -0.511754334 -0.117841244 0.851011693
vn -0.892925978 0.0438272767 0.448065192
vn -0.892925978 0.0438272767 0.448065192
vn -0.892925978 0.0438272767 0.448065192
vn -0.892925978 0.0438272767 0.448065192
vn -0.163765833 -0.0978183895 -0.981637657
vn -0.163765833 -0.0978183895 -0.981637657
vn -0.163765833 -0.0978183895 -0.981637657
vn -0.163765833 -0.0978183895 -0.981637657
vn -0.965808511 -0.24194102 0.0931586921
vn -0.965808511 -0.24194102 0.0931586921
vn -0.965808511 -0.24194102 0.0931586921
vn -0.965808511 -0.24194102 0.0931586921
vn 0.693452001 -0.0465766303 0.718995869
vn 0.693452001 -0.0465766303 0.718995869
vn 0.693452001 -0.0465766303 0.718995869
vn 0.693452001 -0.0465766303 0.718995869
vn -0.83002609 -0.152029634 0.536603928
vn -0.83002609 -0.152029634 0.536603928
vn -0.83002609 -0.152029634 0.536603928
vn -0.83002609 -0.152029634 0.536603928
vn 0.942647398 0.135792956 -0.304919899
vn 0.942647398 0.135792956 -0.304919899
vn 0.942647398 0.135792956 -0.304919899
vn 0.942647398 0.135792956 -0.304919899
vn -0.952440262 -0.290483564 -0.0920694545
vn -0.952440262 -0.290483564 -0.0920694545
vn -0.952440262 -0.290483564 -0.0920694545
vn -0.952440262 -0.290483564 -0.0920694545
vn 0.265484482 0.244285241 0.932653546
vn 0.265484482 0.244285241 0.932653546
vn 0.265484482 0.244285241 0.932653546
vn 0.265484482 0.244285241 0.932653546
vn -0.0412049629 -0.919412076 0.391131282
vn -0.0412049629 -0.919412076 0.391131282
vn -0.0412049629 -0.919412076 0.391131282
vn -0.0412049629 -0.919412076 0.391131282
vn 0.417216808 -0.795867205 -0.438777417
vn 0.417216808 -0.795867205 -0.438777417
vn 0.417216808 -0.795867205 -0.438777417
vn 0.417216808 -0.795867205 -0.438777417
vn -0.128789976 -0.918066859 -0.374922037
vn -0.128789976 -0.918066859 -0.374922037
vn -0.128789976 -0.918066859 -0.374922037
vn -0.128789976 -0.918066859 -0.374922037
vn 0.213449329 -0.930851221 0.296572626
vn 0.213449329 -0.930851221 0.296572626
vn 0.213449329 -0.930851221 0.296572626
vn 0.213449329 -0.930851221 0.296572626
vn 0.921982527 -0.221451417 -0.317659378
vn 0.921982527 -0.221451417 -0.317659378
vn 0.921982527 -0.221451417 -0.317659378
vn 0.921982527 -0.221451417 -0.317659378
vn 0.301511854 0.40328747 -0.86397332
vn 0.301511854 0.40328747 -0.86397332
vn 0.301511854 0.40328747 -0.86397332
vn 0.301511854 0.40328747 -0.86397332
vn -0.885929883 -0.0378069319 -0.462275654
vn -0.885929883 -0.0378069319 -0.462275654
vn -0.885929883 -0.0378069319 -0.462275654
vn -0.885929883 -0.0378069319 -0.462275654
vn 0.0870096684 0.622427166 -0.77782625
vn 0.0870096684 0.622427166 -0.77782625
vn 0.0870096684 0.622427166 -0.77782625
vn 0.0870096684 0.622427166 -0.77782625
vn -0.811251342 0.184730664 -0.554748595
vn -0.811251342 0.184730664 -0.554748595
vn -0.811251342 0.184730664 -0.554748595
vn -0.812271893 0.185730591 -0.552918255
vn -0.644598246 -0.0535304658 -0.762645185
vn -0.644598246 -0.0535304658 -0.762645185
vn -0.644598246 -0.0535304658 -0.762645185
vn -0.644598246 -0.0535304658 -0.762645185
vn -0.792952716 -0.489127427 -0.363291115
vn -0.792952716 -0.489127427 -0.363291115
vn -0.792952716 -0.489127427 -0.363291115
vn -0.792952716 -0.489127427 -0.363291115
vn 0.114627071 -0.178682506 -0.977206826
vn 0.114627071 -0.178682506 -0.977206826
vn 0.114627071 -0.178682506 -0.977206826
vn 0.114627071 -0.178682506 -0.977206826
vn 0.869694948 0.121336073 0.478443623
vn 0.869694948 0.121336073 0.478443623
vn 0.869694948 0.121336073 0.478443623
vn 0.869694948 0.121336073 0.478443623
vn -0.301698923 0.300206572 -0.904905438
vn -0.301698923 0.300206572 -0.904905438
vn -0.301698923 0.300206572 -0.904905438
vn -0.301698923 0.300206572 -0.904905438
vn 0.930260599 -0.0882606655 0.356125474
vn 0.930260599 -0.0882606655 0.356125474
vn 0.930260599 -0.0882606655 0.356125474
vn 0.930260599 -0.0882606655 0.356125474
vn -0.147692323 0.896086216 0.418588728
vn -0.147692323 0.896086216 0.418588728
vn -0.145802617 0.895633399 0.420217127
vn -0.147692323 0.896086216 0.418588728
vn -0.259183854 -0.723907828 0.639359832
vn -0.259183854 -0.723907828 0.639359832
vn -0.259183854 -0.723907828 0.639359832
vn -0.259183854 -0.723907828 0.639359832
vn 0.255598068 0.556550384 -0.790519595
vn 0.255598068 0.556550384 -0.790519595
vn 0.255598068 0.556550384 -0.790519595
vn 0.255598068 0.556550384 -0.790519595
vn 0.962665439 -0.0364061184 0.26823473
vn 0.962665439 -0.0364061184 0.26823473
vn 0.962665439 -0.0364061184 0.26823473
vn 0.962665439 -0.0364061184 0.26823473
vn 0.232870162 0.960690677 0.151144832
vn 0.234277457 0.959994793 0.153375864
vn 0.232870162 0.960690677 0.151144832
vn 0.232870162 0.960690677 0.151144832
vn 0.29600811 0.735031426 -0.610006571
vn 0.29600811 0.735031426 -0.610006571
vn 0.29600811 0.735031426 -0.610006571
vn 0.29600811 0.735031426 -0.610006571
vn 0.639704525 0.456667542 -0.618249774
vn 0.639704525 0.456667542 -0.618249774
vn 0.639704525 0.456667542 -0.618249774
vn 0.639704525 0.456667542 -0.618249774
vn 0.807188749 -0.042174194 -0.588784814
vn 0.807188749 -0.042174194 -0.588784814
vn 0.807188749 -0.042174194 -0.588784814
vn 0.807188749 -0.042174194 -0.588784814
vn 0.901039064 -0.371083498 0.22455655
vn 0.901039064 -0.371083498 0.22455655
vn 0.901039064 -0.371083498 0.22455655
vn 0.901039064 -0.371083498 0.22455655
vn -0.586818576 -0.621827483 0.518627584
vn -0.586818576 -0.621827483 0.518627584
vn -0.586818576 -0.621827483 0.518627584
vn -0.586818576 -0.621827483 0.518627584
vn 0.475866109 0.704186916 0.526946247
vn 0.475866109 0.704186916 0.526946247
vn 0.475866109 0.704186916 0.526946247
vn 0.475866109 0.704186916 0.526946247
vn -0.933587253 -0.0880346745 -0.34736824
vn -0.933587253 -0.0880346745 -0.34736824
vn -0.933587253 -0.0880346745 -0.34736824
vn -0.933587253 -0.0880346745 -0.34736824
vn 0.910668671 0.388754904 0.139829412
vn 0.910668671 0.388754904 0.139829412
vn 0.910668671 0.388754904 0.139829412
vn 0.910668671 0.388754904 0.139829412
vn -0.124804504 0.0327015407 0.991642237
vn -0.124804504 0.0327015407 0.991642237
vn -0.124804504 0.0327015407 0.991642237
vn -0.124804504 0.0327015407 0.991642237
vn 0.968791842 -0.0241837073 0.246692732
vn 0.968791842 -0.0241837073 0.246692732
vn 0.968791842 -0.0241837073 0.246692732
vn 0.968791842 -0.0241837073 0.246692732
vn -0.890612304 -0.118503198 -0.439051956
vn -0.890612304 -0.118503198 -0.439051956
vn -0.890612304 -0.118503198 -0.439051956
vn -0.890612304 -0.118503198 -0.439051956
vn 0.793829501 -0.0423387252 -0.606664836
vn 0.793829501 -0.0423387252 -0.606664836
vn 0.793829501 -0.0423387252 -0.606664836
vn 0.793829501 -0.0423387252 -0.606664836
vn -0.458066612 0.0552056432 -0.887201965
vn -0.458066612 0.0552056432 -0.887201965
vn -0.458066612 0.0552056432 -0.887201965
vn -0.458066612 0.0552056432 -0.887201965
vn 0.183032662 0.942533672 -0.27951619
vn 0.183032662 0.942533672 -0.27951619
vn 0.183032662 0.942533672 -0.27951619
vn 0.183032662 0.942533672 -0.27951619
vn -0.459225625 0.031849049 -0.88774848
vn -0.459225625 0.031849049 -0.88774848
vn -0.459225625 0.031849049 -0.88774848
vn -0.459225625 0.031849049 -0.88774848
vn -0.911931872 0.203267589 -0.356458396
vn -0.911931872 0.203267589 -0.356458396
vn -0.911931872 0.203267589 -0.356458396
vn -0.911931872 0.203267589 -0.356458396
vn -0.205691755 0.918424368 0.337916672
vn -0.205691755 0.918424368 0.337916672
vn -0.205691755 0.918424368 0.337916672
vn -0.205691755 0.918424368 0.337916672
vn -0.517515242 0.0701954141 -0.852789819
vn -0.517515242 0.0701954141 -0.852789819
vn -0.517515242 0.0701954141 -0.852789819
vn -0.517515242 0.0701954141 -0.852789819
vn 0.753824174 -0.500502944 -0.425729901
vn 0.753824174 -0.500502944 -0.425729901
vn 0.753824174 -0.500502944 -0.425729901
vn 0.753824174 -0.500502944 -0.425729901
vn 0.353924304 -0.0192300025 -0.935076416
vn 0.353924304 -0.0192300025 -0.935076416
vn 0.353924304 -0.0192300025 -0.935076416
vn 0.353924304 -0.0192300025 -0.935076416
vn 0.218087643 0.047173962 0.974788427
vn 0.218087643 0.047173962 0.974788427
vn 0.218087643 0.047173962 0.974788427
vn 0.218087643 0.047173962 0.974788427
vn -0.939014494 -0.0838591158 0.333495706
vn -0.939014494 -0.0838591158 0.333495706
vn -0.939014494 -0.0838591158 0.333495706
vn -0.939014494 -0.0838591158 0.333495706
vn -0.628327608 -0.118803859 0.768823862
vn -0.628327608 -0.118803859 0.768823862
vn -0.628327608 -0.118803859 0.768823862
vn -0.628327608 -0.118803859 0.768823862
vn -0.825678766 -0.064075999 0.560489893
vn -0.825678766 -0.064075999 0.560489893
vn -0.825678766 -0.064075999 0.560489893
vn -0.825678766 -0.064075999 0.560489893
vn -0.923140883 0.134059146 0.360331833
vn -0.923140883 0.134059146 0.360331833
vn -0.923140883 0.134059146 0.360331833
vn -0.923140883 0.134059146 0.360331833
vn -0.270455241 -0.266122907 -0.925220311
vn -0.270455241 -0.266122907 -0.925220311
vn -0.270455241 -0.266122907 -0.925220311
vn -0.270455241 -0.266122907 -0.925220311
vn -0.718468726 -0.466608435 0.515828729
vn -0.718468726 -0.466608435 0.515828729
vn -0.718468726 -0.466608435 0.515828729
vn -0.718468726 -0.466608435 0.515828729
vn 0.407133579 0.824477971 0.3930372
vn 0.407133579 0.824477971 0.3930372
vn 0.407133579 0.824477971 0.3930372
vn 0.407133579 0.824477971 0.3930372
vn 0.183548868 -0.391477376 -0.901695848
vn 0.183548868 -0.391477376 -0.901695848
vn 0.183548868 -0.391477376 -0.901695848
vn 0.183548868 -0.391477376 -0.901695848
vn 0.597339213 -0.0201900918 -0.801734507
vn 0.597339213 -0.0201900918 -0.801734507
vn 0.597339213 -0.0201900918 -0.801734507
vn 0.597339213 -0.0201900918 -0.801734507
vn 0.632591844 0.33139798 0.700002134
vn 0.632591844 0.33139798 0.700002134
vn 0.632591844 0.33139798 0.700002134
vn 0.632591844 0.33139798 0.700002134
vn -0.541575432 0.828337491 -0.143362835
vn -0.541575432 0.828337491 -0.143362835
vn -0.541575432 0.828337491 -0.143362835
vn -0.541575432 0.828337491 -0.143362835
vn 0.336948395 -0.556123257 0.759732068
vn 0.336948395 -0.556123257 0.759732068
vn 0.336948395 -0.556123257 0.759732068
vn 0.336948395 -0.556123257 0.759732068
vn -0.353468359 -0.915066719 -0.194197997
vn -0.353468359 -0.915066719 -0.194197997
vn -0.353468359 -0.915066719 -0.194197997
vn -0.353468359 -0.915066719 -0.194197997
vn 0.278845906 -0.717178643 -0.638670206
vn 0.278124392 -0.718305349 -0.637718141
vn 0.278124392 -0.718305349 -0.637718141
vn 0.278124392 -0.718305349 -0.637718141
vn -0.2559838 0.400791824 -0.879680693
vn -0.2559838 0.400791824 -0.879680693
vn -0.2559838 0.400791824 -0.879680693
vn -0.2559838 0.400791824 -0.879680693
vn -0.378920138 0.25379917 -0.889946938
vn -0.38054359 0.254021376 -0.889190495
vn -0.38054359 0.254021376 -0.889190495
vn -0.378769517 0.254038095 -0.889942825
vn -0.541505277 0.613343775 -0.574962139
vn -0.541505277 0.613343775 -0.574962139
vn -0.541505277 0.613343775 -0.574962139
vn -0.541505277 0.613343775 -0.574962139
vn -0.883523703 -0.452817827 0.119757339
vn -0.883523703 -0.452817827 0.119757339
vn -0.883523703 -0.452817827 0.119757339
vn -0.883523703 -0.452817827 0.119757339
vn -0.890483379 -0.27703619 -0.360957652
vn -0.890483379 -0.27703619 -0.360957652
vn -0.890483379 -0.27703619 -0.360957652
vn -0.890483379 -0.27703619 -0.360957652
vn -0.38790828 -0.265169114 -0.882730186
vn -0.38790828 -0.265169114 -0.882730186
vn -0.38790828 -0.265169114 -0.882730186
vn -0.38790828 -0.265169114 -0.882730186
vn 0.344038844 -0.0775069296 -0.935750961
vn 0.344038844 -0.0775069296 -0.935750961
vn 0.344038844 -0.0775069296 -0.935750961
vn 0.344038844 -0.0775069296 -0.935750961
vn 0.98826468 -0.151203364 -0.0216916203
vn 0.98826468 -0.151203364 -0.0216916203
vn 0.98826468 -0.151203364 -0.0216916203
vn 0.98826468 -0.151203364 -0.0216916203
vn -0.366111487 0.848858654 0.38131547
vn -0.366111487 0.848858654 0.38131547
vn -0.366111487 0.848858654 0.38131547
vn -0.366111487 0.848858654 0.38131547
vn -0.862709284 -0.504515827 0.0345911719
vn -0.862709284 -0.504515827 0.0345911719
vn -0.862709284 -0.504515827 0.0345911719
vn -0.859414756 -0.511236429 -0.00661081681
vn 0.0985760689 -0.979608476 -0.175071269
vn 0.0985760689 -0.979608476 -0.175071269
vn 0.0985760689 -0.979608476 -0.175071269
vn 0.0985760689 -0.979608476 -0.175071269
vn -0.231188551 -0.884167373 0.405955523
vn -0.231188551 -0.884167373 0.405955523
vn -0.231188551 -0.884167373 0.405955523
vn -0.231188551 -0.884167373 0.405955523
vn 0.489486277 -0.0772481263 0.868582726
vn 0.489486277 -0.0772481263 0.868582726
vn 0.489486277 -0.0772481263 0.868582726
vn 0.489486277 -0.0772481263 0.868582726
vn 0.725956857 -0.472377956 0.499845743
vn 0.725956857 -0.472377956 0.499845743
vn 0.724824786 -0.473301947 0.500613987
vn 0.725956857 -0.472377956 0.499845743
vn -0.673032463 -0.458788574 0.5801211
vn -0.673032463 -0.458788574 0.5801211
vn -0.673032463 -0.458788574 0.5801211
vn -0.673032463 -0.458788574 0.5801211
vn -0.740861416 0.483674318 -0.466029525
vn -0.741560638 0.482138962 -0.46650821
vn -0.740861416 0.483674318 -0.466029525
vn -0.740861416 0.483674318 -0.466029525
vn -0.309030354 -0.274798304 0.910486817
vn -0.309030354 -0.274798304 0.910486817
vn -0.309030354 -0.274798304 0.910486817
vn -0.309030354 -0.274798304 0.910486817
vn 0.399882466 -0.10388945 0.910659671
vn 0.399882466 -0.10388945 0.910659671
vn 0.399882466 -0.10388945 0.910659671
vn 0.399882466 -0.10388945 0.910659671
vn 0.817052841 0.0241701826 0.576056004
vn 0.817052841 0.0241701826 0.576056004
vn 0.817052841 0.0241701826 0.576056004
vn 0.817052841 0.0241701826 0.576056004
vn 0.779077888 -0.197323531 -0.595063984
vn 0.779077888 -0.197323531 -0.595063984
vn 0.779077888 -0.197323531 -0.595063984
vn 0.779077888 -0.197323531 -0.595063984
vn -0.532197356 0.0284114089 -0.846143484
vn -0.532197356 0.0284114089 -0.846143484
vn -0.532197356 0.0284114089 -0.846143484
vn -0.532197356 0.0284114089 -0.846143484
vn -0.919963419 0.145118639 -0.364153802
vn -0.919963419 0.145118639 -0.364153802
vn -0.919963419 0.145118639 -0.364153802
vn -0.919963419 0.145118639 -0.364153802
vn -0.860134065 0.284007162 -0.423685372
vn -0.860134065 0.284007162 -0.423685372
vn -0.860134065 0.284007162 -0.423685372
vn -0.860134065 0.284007162 -0.423685372
vn -0.0592685416 -0.980360091 -0.188098982
vn -0.0592685416 -0.980360091 -0.188098982
vn -0.0592685416 -0.980360091 -0.188098982
vn -0.0592685416 -0.980360091 -0.188098982
vn -0.208950117 0.972808123 0.0999208242
vn -0.208950117 0.972808123 0.0999208242
vn -0.208950117 0.972808123 0.0999208242
vn -0.208950117 0.972808123 0.0999208242
vn 0.248558491 0.124090634 -0.960635245
vn 0.248558491 0.124090634 -0.960635245
vn 0.248558491 0.124090634 -0.960635245
vn 0.248558491 0.124090634 -0.960635245
vn -0.306132376 -0.133697048 0.942553997
vn -0.306132376 -0.133697048 0.942553997
vn -0.306132376 -0.133697048 0.942553997
vn -0.306132376 -0.133697048 0.942553997
vn 0.780722201 0.557157815 0.282927662
vn 0.780722201 0.557157815 0.282927662
vn 0.780722201 0.557157815 0.282927662
vn 0.780722201 0.557157815 0.282927662
vn -0.932581186 -0.0266197883 -0.359977186
vn -0.932581186 -0.0266197883 -0.359977186
vn -0.932581186 -0.0266197883 -0.359977186
vn -0.932581186 -0.0266197883 -0.359977186
vn 0.971176147 -0.155284911 0.180840775
vn 0.971176147 -0.155284911 0.180840775
vn 0.971176147 -0.155284911 0.180840775
vn 0.971176147 -0.155284911 0.180840775
vn 0.499786973 0.865864098 0.0221921206
vn 0.499786973 0.865864098 0.0221921206
vn 0.499786973 0.865864098 0.0221921206
vn 0.499786973 0.865864098 0.0221921206
vn 0.0912686288 0.986589909 0.135316074
vn 0.0912686288 0.986589909 0.135316074
vn 0.0912686288 0.986589909 0.135316074
vn 0.0912686288 0.986589909 0.135316074
vn 0.951890051 -0.0536958873 0.301698864
vn 0.951890051 -0.0536958873 0.301698864
vn 0.951890051 -0.0536958873 0.301698864
vn 0.951890051 -0.0536958873 0.301698864
vn -0.432299882 0.0156863257 0.901593387
vn -0.432299882 0.0156863257 0.901593387
vn -0.432299882 0.0156863257 0.901593387
vn -0.432299882 0.0156863257 0.901593387
vn 0.306143999 0.133696526 -0.942550302
vn 0.306143999 0.133696526 -0.942550302
vn 0.306143999 0.133696526 -0.942550302
vn 0.306143999 0.133696526 -0.942550302
vn 0.928456783 0.000359922764 -0.371440321
vn 0.928456783 0.000359922764 -0.371440321
vn 0.928456783 0.000359922764 -0.371440321
vn 0.928456783 0.000359922764 -0.371440321
vn 2.39969286E-05 1 2.39969286E-05
vn 2.39969286E-05 1 2.39969286E-05
vn 2.39969286E-05 1 2.39969286E-05
vn 2.39969286E-05 1 2.39969286E-05
vn 0.880123019 -0.297887802 -0.369657099
vn 0.880123019 -0.297887802 -0.369657099
vn 0.880123019 -0.297887802 -0.369657099
vn 0.880123019 -0.297887802 -0.369657099
vn -0.880232871 -0.297720671 0.369530052
vn -0.880232871 -0.297720671 0.369530052
vn -0.880232871 -0.297720671 0.369530052
vn -0.880232871 -0.297720671 0.369530052
vn -0.271458775 -0.924039483 -0.26918596
vn -0.271458775 -0.924039483 -0.26918596
vn -0.271458775 -0.924039483 -0.26918596
vn -0.271458775 -0.924039483 -0.26918596
vn -0.725530922 -0.0288567543 -0.687584281
vn -0.725530922 -0.0288567543 -0.687584281
vn -0.725530922 -0.0288567543 -0.687584281
vn -0.725530922 -0.0288567543 -0.687584281
vn 0.672984958 0.0111115649 0.739572644
vn 0.672984958 0.0111115649 0.739572644
vn 0.672984958 0.0111115649 0.739572644
vn 0.672984958 0.0111115649 0.739572644
vn -0 -1 0
vn -0 -1 0
vn -0 -1 0
vn -0 -1 0
vn 0.303455859 0.936724544 -0.174532637
vn 0.303455859 0.936724544 -0.174532637
vn 0.303455859 0.936724544 -0.174532637
vn 0.303455859 0.936724544 -0.174532637
vn 0.935593903 0.0546427593 -0.348823816
vn 0.935593903 0.0546427593 -0.348823816
vn 0.935593903 0.0546427593 -0.348823816
vn 0.935593903 0.0546427593 -0.348823816
vn 0.67330718 0.0974932462 0.732906938
vn 0.67330718 0.0974932462 0.732906938
vn 0.67330718 0.0974932462 0.732906938
vn 0.67330718 0.0974932462 0.732906938
vn 0.652252316 0.0684345588 0.754906356
vn 0.652252316 0.0684345588 0.754906356
vn 0.809354961 0.276971877 -0.517910361
vn 0.809354961 0.276971877 -0.517910361
vn 0.809354961 0.276971877 -0.517910361
vn 0.809354961 0.276971877 -0.517910361
vn 0.204025492 0.977871597 0.046268452
vn 0.204025492 0.977871597 0.046268452
vn 0.204025492 0.977871597 0.046268452
vn 0.204025492 0.977871597 0.046268452
vn 0.866949022 0.06944336 -0.49353531
vn 0.866949022 0.06944336 -0.49353531
vn 0.866949022 0.06944336 -0.49353531
vn 0.866949022 0.06944336 -0.49353531
vn -0.277196705 0.908836305 0.311735034
vn -0.277196705 0.908836305 0.311735034
vn -0.277196705 0.908836305 0.311735034
vn -0.277196705 0.908836305 0.311735034
vn -0.711657524 0.106313892 0.694435716
vn -0.711657524 0.106313892 0.694435716
vn -0.711657524 0.106313892 0.694435716
vn -0.711657524 0.106313892 0.694435716
vn -0.720055759 0.104895003 0.685942173
vn -0.720055759 0.104895003 0.685942173
vn 0.543535233 -0.195078522 0.816403031
vn 0.543535233 -0.195078522 0.816403031
vn 0.543535233 -0.195078522 0.816403031
vn 0.543535233 -0.195078522 0.816403031
vn 0.930366874 0.2380099 -0.278870583
vn 0.930366874 0.2380099 -0.278870583
vn 0.930366874 0.2380099 -0.278870583
vn 0.930366874 0.2380099 -0.278870583
vn 0.924453139 0.050346572 -0.377957225
vn 0.924453139 0.050346572 -0.377957225
vn 0.924453139 0.050346572 -0.377957225
vn 0.924453139 0.050346572 -0.377957225
vn 0.255301923 -0.965181768 0.0569651648
vn 0.255301923 -0.965181768 0.0569651648
vn 0.255301923 -0.965181768 0.0569651648
vn 0.255301923 -0.965181768 0.0569651648
vn -0.449372023 -0.363749683 0.815935612
vn -0.449372023 -0.363749683 0.815935612
vn -0.449372023 -0.363749683 0.815935612
vn -0.449372023 -0.363749683 0.815935612
vn 0.56761837 -0.0325985961 0.822646201
vn 0.56761837 -0.0325985961 0.822646201
vn 0.56761837 -0.0325985961 0.822646201
vn 0.56761837 -0.0325985961 0.822646201
vn 0.937895715 -0.0599394813 -0.341699749
vn 0.937895715 -0.0599394813 -0.341699749
vn 0.937895715 -0.0599394813 -0.341699749
vn 0.937895715 -0.0599394813 -0.341699749
vn -0.556968272 0.256012052 0.790091217
vn -0.556968272 0.256012052 0.790091217
vn -0.556968272 0.256012052 0.790091217
vn -0.556968272 0.256012052 0.790091217
vn 0.685844839 -0.147780001 0.71258539
vn 0.685844839 -0.147780001 0.71258539
vn 0.685844839 -0.147780001 0.71258539
vn 0.685844839 -0.147780001 0.71258539
vn -0.13046667 0.991156459 -0.0242346581
vn -0.13046667 0.991156459 -0.0242346581
vn -0.13046667 0.991156459 -0.0242346581
vn -0.13046667 0.991156459 -0.0242346581
vn 0.989104033 0.0377063975 0.142307207
vn 0.989104033 0.0377063975 0.142307207
vn 0.989104033 0.0377063975 0.142307207
vn 0.989104033 0.0377063975 0.142307207
vn 0.78262198 -0.0607490763 0.619525969
vn 0.78262198 -0.0607490763 0.619525969
vn 0.78262198 -0.0607490763 0.619525969
vn 0.78262198 -0.0607490763 0.619525969
vn -0.668912053 -0.224674001 0.708574712
vn -0.668912053 -0.224674001 0.708574712
vn -0.668912053 -0.224674001 0.708574712
vn -0.668912053 -0.224674001 0.708574712
vn 0.486914843 -0.836029828 0.25291881
vn 0.486914843 -0.836029828 0.25291881
vn 0.486914843 -0.836029828 0.25291881
vn 0.486914843 -0.836029828 0.25291881
vn 0.504429936 0.0980943069 0.857862473
vn 0.504429936 0.0980943069 0.857862473
vn 0.504429936 0.0980943069 0.857862473
vn 0.504429936 0.0980943069 0.857862473
vn -0.352766275 -0.484921902 0.800254226
vn -0.352766275 -0.484921902 0.800254226
vn -0.352766275 -0.484921902 0.800254226
vn -0.352766275 -0.484921902 0.800254226
vn 0.421070099 0.835368633 0.353354156
vn 0.421070099 0.835368633 0.353354156
vn 0.421070099 0.835368633 0.353354156
vn 0.421070099 0.835368633 0.353354156
vn 0.874065459 0.172053963 -0.454320431
vn 0.874065459 0.172053963 -0.454320431
vn 0.874065459 0.172053963 -0.454320431
vn 0.874065459 0.172053963 -0.454320431
vn 0.884604752 0.184444845 -0.428315938
vn 0.623023033 -0.030802289 0.78159672
vn 0.623023033 -0.030802289 0.78159672
vn 0.623023033 -0.030802289 0.78159672
vn 0.623023033 -0.030802289 0.78159672
vn 0.623023033 -0.030802289 0.78159672
vn 0.636955976 0.00182969111 0.770898044
vn 0.636955976 0.00182969111 0.770898044
vn 0.636955976 0.00182969111 0.770898044
vn 0.645893812 0.0198292583 0.763169706
vn 0.645893812 0.0198292583 0.763169706
vn -0.549048007 -0.00405078707 0.835781038
vn -0.549048007 -0.00405078707 0.835781038
vn -0.549048007 -0.00405078707 0.835781038
vn -0.549048007 -0.00405078707 0.835781038
vn 0.640118182 0.112198994 0.760039628
vn 0.640118182 0.112198994 0.760039628
vn 0.640118182 0.112198994 0.760039628
vn 0.640118182 0.112198994 0.760039628
vn 0.829295278 -0.144413933 -0.539827704
vn 0.829295278 -0.144413933 -0.539827704
vn 0.829295278 -0.144413933 -0.539827704
vn 0.829295278 -0.144413933 -0.539827704
vn -0.788955748 -0.15178068 0.595408738
vn -0.788955748 -0.15178068 0.595408738
vn -0.788955748 -0.15178068 0.595408738
vn -0.788955748 -0.15178068 0.595408738
vn -0.766533256 -0.115164824 -0.631794214
vn -0.766533256 -0.115164824 -0.631794214
vn -0.766533256 -0.115164824 -0.631794214
vn -0.766533256 -0.115164824 -0.631794214
vn 0.793314278 0.191549122 -0.577893972
vn 0.793314278 0.191549122 -0.577893972
vn 0.793314278 0.191549122 -0.577893972
vn 0.793314278 0.191549122 -0.577893972
vn -0.7796731 0.077781342 -0.621337175
vn -0.7796731 0.077781342 -0.621337175
vn -0.7796731 0.077781342 -0.621337175
vn -0.7796731 0.077781342 -0.621337175
vn -0.838827252 0.0880626515 0.537227988
vn -0.838827252 0.0880626515 0.537227988
vn -0.838827252 0.0880626515 0.537227988
vn -0.838827252 0.0880626515 0.537227988
vn -0.151402682 -0.980759203 -0.123242259
vn -0.151402682 -0.980759203 -0.123242259
vn -0.151402682 -0.980759203 -0.123242259
vn -0.151402682 -0.980759203 -0.123242259
vn 0.81701833 -0.0712102801 -0.572197795
vn 0.822866678 -0.0449624918 -0.56645292
vn 0.822866678 -0.0449624918 -0.56645292
vn 0.81701833 -0.0712102801 -0.572197795
vn 0.81701833 -0.0712102801 -0.572197795
vn 0.81701833 -0.0712102801 -0.572197795
vn 0.807235181 -0.114093289 -0.579097629
vn 0.807235181 -0.114093289 -0.579097629
vn 0.463410169 0.385780245 0.797762334
vn 0.463410169 0.385780245 0.797762334
vn 0.463410169 0.385780245 0.797762334
vn 0.463410169 0.385780245 0.797762334
vn 0.162171796 0.934037209 0.318236709
vn 0.162171796 0.934037209 0.318236709
vn 0.162171796 0.934037209 0.318236709
vn 0.162171796 0.934037209 0.318236709
vn 0.348733008 0.809297204 0.472676933
vn 0.348733008 0.809297204 0.472676933
vn 0.348733008 0.809297204 0.472676933
vn 0.348733008 0.809297204 0.472676933
vn 0.239269733 -0.925801814 -0.292644769
vn 0.239269733 -0.925801814 -0.292644769
vn 0.239269733 -0.925801814 -0.292644769
vn 0.239269733 -0.925801814 -0.292644769
vn 0.931712985 -0.18657054 -0.311612487
vn 0.931712985 -0.18657054 -0.311612487
vn 0.931712985 -0.18657054 -0.311612487
vn 0.931712985 -0.18657054 -0.311612487
vn -0.180330023 0.745802581 0.641295195
vn -0.180330023 0.745802581 0.641295195
vn -0.180330023 0.745802581 0.641295195
vn -0.180330023 0.745802581 0.641295195
vn 0.347826928 -0.885393083 0.308375657
vn 0.347826928 -0.885393083 0.308375657
vn 0.347826928 -0.885393083 0.308375657
vn 0.347826928 -0.885393083 0.308375657
vn 0.729162693 -0.035196349 0.683434606
vn 0.729162693 -0.035196349 0.683434606
vn 0.729162693 -0.035196349 0.683434606
vn 0.729162693 -0.035196349 0.683434606
vn 0.435863525 -0.0513545088 -0.898546398
vn 0.435863525 -0.0513545088 -0.898546398
vn 0.435863525 -0.0513545088 -0.898546398
vn 0.435863525 -0.0513545088 -0.898546398
vn -0.650559127 0.0337167159 0.758706748
vn -0.650559127 0.0337167159 0.758706748
vn -0.650559127 0.0337167159 0.758706748
vn -0.650559127 0.0337167159 0.758706748
vn -0.711687446 0.15053983 -0.686176896
vn -0.711687446 0.15053983 -0.686176896
vn -0.711687446 0.15053983 -0.686176896
vn -0.711687446 0.15053983 -0.686176896
vn -0.674132049 0.0195025206 0.738353252
vn -0.674132049 0.0195025206 0.738353252
vn -0.674132049 0.0195025206 0.738353252
vn -0.674132049 0.0195025206 0.738353252
vn -0.790809691 -0.030333329 -0.611310005
vn -0.790809691 -0.030333329 -0.611310005
vn -0.790809691 -0.030333329 -0.611310005
vn -0.790809691 -0.030333329 -0.611310005
vn -0.559160054 -0.603137076 -0.568828344
vn -0.559160054 -0.603137076 -0.568828344
vn -0.559160054 -0.603137076 -0.568828344
vn -0.559160054 -0.603137076 -0.568828344
vn -0.503008485 -0.398774087 0.766786635
vn -0.503008485 -0.398774087 0.766786635
vn -0.503008485 -0.398774087 0.766786635
vn -0.503008485 -0.398774087 0.766786635
vn 0.173565865 -0.932452857 -0.316869974
vn 0.173565865 -0.932452857 -0.316869974
vn 0.173565865 -0.932452857 -0.316869974
vn 0.173565865 -0.932452857 -0.316869974
vn -0.981524706 0.15395698 -0.11360693
vn -0.981524706 0.15395698 -0.11360693
vn -0.981524706 0.15395698 -0.11360693
vn -0.981524706 0.15395698 -0.11360693
vn 0.98135376 -0.0596680418 -0.18271406
vn 0.98135376 -0.0596680418 -0.18271406
vn 0.98135376 -0.0596680418 -0.18271406
vn 0.98135376 -0.0596680418 -0.18271406
vn -0.718609452 0.0651469082 0.692355573
vn -0.718609452 0.0651469082 0.692355573
vn -0.718609452 0.0651469082 0.692355573
vn -0.718609452 0.0651469082 0.692355573
vn 0.304636598 -0.820902586 -0.483027369
vn 0.304636598 -0.820902586 -0.483027369
vn 0.304636598 -0.820902586 -0.483027369
vn 0.304636598 -0.820902586 -0.483027369
vn -0.240614817 -0.970390201 -0.0211490765
vn -0.240614817 -0.970390201 -0.0211490765
vn -0.240614817 -0.970390201 -0.0211490765
vn -0.240614817 -0.970390201 -0.0211490765
vn 0.669681728 -0.313687891 0.673146605
vn 0.669681728 -0.313687891 0.673146605
vn 0.669681728 -0.313687891 0.673146605
vn 0.669681728 -0.313687891 0.673146605
vn -0.703097582 -0.123456627 -0.700294375
vn -0.703097582 -0.123456627 -0.700294375
vn -0.703097582 -0.123456627 -0.700294375
vn -0.703097582 -0.123456627 -0.700294375
vn -0.703097582 -0.123456627 -0.700294375
vn -0.65179491 0.0137302792 0.758270979
vn -0.65179491 0.0137302792 0.758270979
vn -0.65179491 0.0137302792 0.758270979
vn -0.65179491 0.0137302792 0.758270979
vn -0.706134617 -0.058906246 -0.70562309
vn -0.706134617 -0.058906246 -0.70562309
vn -0.706134617 -0.058906246 -0.70562309
vn -0.706134617 -0.058906246 -0.70562309
vn -0.706134617 -0.058906246 -0.70562309
vn -0.718202174 -0.0156831052 -0.69565773
vn 0.685124934 0.067923896 0.725251853
vn 0.685124934 0.067923896 0.725251853
vn 0.685124934 0.067923896 0.725251853
vn 0.685124934 0.067923896 0.725251853
vn 0.685124934 0.067923896 0.725251853
vn -0.609537125 0.0383700579 0.791828513
vn -0.641452789 0.0396574922 0.766136825
vn -0.641452789 0.0396574922 0.766136825
vn -0.609537125 0.0383700579 0.791828513
vn -0.592538297 0.0486297421 0.804073155
vn -0.592538297 0.0486297421 0.804073155
vn -0.592538297 0.0486297421 0.804073155
vn -0.592538297 0.0486297421 0.804073155
vn -0.583123565 0.0366997942 0.811554134
vn -0.583123565 0.0366997942 0.811554134
vn -0.429005921 -0.77489835 0.464205056
vn -0.429005921 -0.77489835 0.464205056
vn -0.429005921 -0.77489835 0.464205056
vn -0.429005921 -0.77489835 0.464205056
vn 0.638846517 0.34853825 0.685854316
vn 0.638846517 0.34853825 0.685854316
vn 0.638846517 0.34853825 0.685854316
vn 0.638846517 0.34853825 0.685854316
vn 0.638846517 0.34853825 0.685854316
vn -0.785526156 0.29302305 -0.545056105
vn -0.785526156 0.29302305 -0.545056105
vn -0.785526156 0.29302305 -0.545056105
vn -0.785526156 0.29302305 -0.545056105
vn 0.697476685 0.0734115988 -0.712837219
vn 0.697476685 0.0734115988 -0.712837219
vn 0.697476685 0.0734115988 -0.712837219
vn 0.697476685 0.0734115988 -0.712837219
vn 0.888156772 -0.388433963 0.245553449
vn 0.888156772 -0.388433963 0.245553449
vn 0.888156772 -0.388433963 0.245553449
vn 0.888156772 -0.388433963 0.245553449
vn 0.537590086 0.635253251 -0.554481983
vn 0.537590086 0.635253251 -0.554481983
vn 0.537590086 0.635253251 -0.554481983
vn 0.537590086 0.635253251 -0.554481983
vn 0.487962633 0.683486223 0.542898834
vn 0.487962633 0.683486223 0.542898834
vn 0.487962633 0.683486223 0.542898834
vn 0.487962633 0.683486223 0.542898834
vn -0.641847968 -0.0992199704 0.760385811
vn -0.641847968 -0.0992199704 0.760385811
vn -0.641847968 -0.0992199704 0.760385811
vn -0.641847968 -0.0992199704 0.760385811
vn -0.723760188 0.022360323 0.689689159
vn -0.723760188 0.022360323 0.689689159
vn -0.723760188 0.022360323 0.689689159
vn -0.723760188 0.022360323 0.689689159
vn 0.751015723 0.0435992256 -0.658843338
vn 0.751015723 0.0435992256 -0.658843338
vn 0.751015723 0.0435992256 -0.658843338
vn 0.751015723 0.0435992256 -0.658843338
vn 0.862076342 0.0250627343 -0.506158233
vn 0.862076342 0.0250627343 -0.506158233
vn 0.862076342 0.0250627343 -0.506158233
vn 0.862076342 0.0250627343 -0.506158233
vn 0.633096218 0.154995173 -0.758396864
vn 0.633096218 0.154995173 -0.758396864
vn 0.633096218 0.154995173 -0.758396864
vn 0.633096218 0.154995173 -0.758396864
vn 0.561779022 -0.681935132 -0.468368262
vn 0.561779022 -0.681935132 -0.468368262
vn 0.561779022 -0.681935132 -0.468368262
vn 0.561779022 -0.681935132 -0.468368262
vn 0.72709161 -0.00435972679 0.686526597
vn 0.72709161 -0.00435972679 0.686526597
vn 0.72709161 -0.00435972679 0.686526597
vn 0.72709161 -0.00435972679 0.686526597
vn -0.777271926 -0.0592039712 -0.626372993
vn -0.777271926 -0.0592039712 -0.626372993
vn -0.777271926 -0.0592039712 -0.626372993
vn -0.777271926 -0.0592039712 -0.626372993
vn -0.674552143 -0.0739759356 0.734511435
vn -0.674552143 -0.0739759356 0.734511435
vn -0.674552143 -0.0739759356 0.734511435
vn -0.674552143 -0.0739759356 0.734511435
vn 0.745013714 0.0823833272 -0.661942184
vn 0.745013714 0.0823833272 -0.661942184
vn 0.745013714 0.0823833272 -0.661942184
vn 0.745013714 0.0823833272 -0.661942184
vn -0.69064182 -0.0223242044 -0.722852409
vn -0.69064182 -0.0223242044 -0.722852409
vn -0.69064182 -0.0223242044 -0.722852409
vn -0.69064182 -0.0223242044 -0.722852409
vn 0.695869207 0.0356448852 0.717283428
vn 0.695869207 0.0356448852 0.717283428
vn 0.695869207 0.0356448852 0.717283428
vn 0.695869207 0.0356448852 0.717283428
vn -0.657381117 0.0129630016 0.753446698
vn -0.657381117 0.0129630016 0.753446698
vn -0.657381117 0.0129630016 0.753446698
vn -0.657381117 0.0129630016 0.753446698
vn 0.8009516 -0.147557706 -0.580261409
vn 0.8009516 -0.147557706 -0.580261409
vn 0.8009516 -0.147557706 -0.580261409
vn 0.8009516 -0.147557706 -0.580261409
vn 0.681851566 -0.125549361 0.720635772
vn 0.681851566 -0.125549361 0.720635772
vn 0.681851566 -0.125549361 0.720635772
vn 0.681851566 -0.125549361 0.720635772
vn 0.150323167 -0.971147478 0.185136303
vn 0.150323167 -0.971147478 0.185136303
vn 0.150323167 -0.971147478 0.185136303
vn 0.150323167 -0.971147478 0.185136303
vn -0.450340867 0.420628875 0.787568748
vn -0.450340867 0.420628875 0.787568748
vn -0.450340867 0.420628875 0.787568748
vn -0.450340867 0.420628875 0.787568748
vn 0.818552136 -0.0700842962 -0.570140898
vn 0.818552136 -0.0700842962 -0.570140898
vn 0.818552136 -0.0700842962 -0.570140898
vn 0.818552136 -0.0700842962 -0.570140898
vn 0.814719379 -0.0358003117 -0.57874918
vn 0.814719379 -0.0358003117 -0.57874918
vn 0.847628236 -0.0038178016 -0.530576766
vn 0.847628236 -0.0038178016 -0.530576766
vn 0.847628236 -0.0038178016 -0.530576766
vn 0.847628236 -0.0038178016 -0.530576766
vn 0.860909641 0.14225845 -0.488464087
vn 0.860909641 0.14225845 -0.488464087
vn 0.860909641 0.14225845 -0.488464087
vn 0.860909641 0.14225845 -0.488464087
vn 0.846525729 0.140563324 -0.513455093
vn -0.681735635 0.0321704447 0.73089093
vn -0.676819205 0.049427703 0.73448801
vn -0.676819205 0.049427703 0.73448801
vn -0.681735635 0.0321704447 0.73089093
vn -0.711159229 0.0262755472 0.702539861
vn -0.711159229 0.0262755472 0.702539861
vn -0.711159229 0.0262755472 0.702539861
vn -0.711159229 0.0262755472 0.702539861
vn -0.694826484 0.0416765735 0.717968702
vn -0.694826484 0.0416765735 0.717968702
vn -0.727921426 0.0261578746 0.685161412
vn -0.727921426 0.0261578746 0.685161412
vn -0.74280107 0.0416402631 0.66821599
vn -0.74280107 0.0416402631 0.66821599
vn -0.74280107 0.0416402631 0.66821599
vn -0.75508827 0.0320242979 0.654840469
vn -0.75508827 0.0320242979 0.654840469
vn -0.75508827 0.0320242979 0.654840469
vn -0.758513153 0.049814783 0.649750888
vn -0.758513153 0.049814783 0.649750888
vn -0.600738108 0.0481020398 0.797997475
vn -0.600738108 0.0481020398 0.797997475
vn -0.600738108 0.0481020398 0.797997475
vn -0.600738108 0.0481020398 0.797997475
vn -0.298693806 -0.929987192 0.214256629
vn -0.298693806 -0.929987192 0.214256629
vn -0.298693806 -0.929987192 0.214256629
vn -0.298693806 -0.929987192 0.214256629
vn 0.141277611 -0.982100785 -0.124573842
vn 0.141277611 -0.982100785 -0.124573842
vn 0.141277611 -0.982100785 -0.124573842
vn 0.141277611 -0.982100785 -0.124573842
vn -0.263812035 -0.680756688 0.683354497
vn -0.263812035 -0.680756688 0.683354497
vn -0.263812035 -0.680756688 0.683354497
vn -0.263812035 -0.680756688 0.683354497
vn 0.23760432 0.935922921 0.259985358
vn 0.23760432 0.935922921 0.259985358
vn 0.23760432 0.935922921 0.259985358
vn 0.23760432 0.935922921 0.259985358
vn 0.83311677 -0.253306001 0.491683364
vn 0.83311677 -0.253306001 0.491683364
vn 0.83311677 -0.253306001 0.491683364
vn 0.83311677 -0.253306001 0.491683364
vn 0.650549948 -0.39477399 0.648797572
vn 0.650549948 -0.39477399 0.648797572
vn 0.650549948 -0.39477399 0.648797572
vn 0.650549948 -0.39477399 0.648797572
vn 0.935036898 0.180388346 -0.305231065
vn 0.935036898 0.180388346 -0.305231065
vn 0.935036898 0.180388346 -0.305231065
vn 0.935036898 0.180388346 -0.305231065
vn 0.918195844 0.220149577 -0.329318404
vn 0.918195844 0.220149577 -0.329318404
vn 0.918195844 0.220149577 -0.329318404
vn 0.918195844 0.220149577 -0.329318404
vn 0.767188191 -0.124922678 0.629139602
vn 0.767188191 -0.124922678 0.629139602
vn 0.767188191 -0.124922678 0.629139602
vn 0.767188191 -0.124922678 0.629139602
vn 0.90896678 0.19501178 -0.368442446
vn 0.90896678 0.19501178 -0.368442446
vn 0.90896678 0.19501178 -0.368442446
vn 0.90896678 0.19501178 -0.368442446
vn 0.82944566 0.454351068 -0.324938357
vn 0.82944566 0.454351068 -0.324938357
vn 0.82944566 0.454351068 -0.324938357
vn 0.82944566 0.454351068 -0.324938357
vn 0.741516709 0.36599642 -0.562316358
vn 0.741516709 0.36599642 -0.562316358
vn 0.741516709 0.36599642 -0.562316358
vn 0.741516709 0.36599642 -0.562316358
vn -0.532858372 0.582717657 0.613597572
vn -0.532858372 0.582717657 0.613597572
vn -0.532858372 0.582717657 0.613597572
vn -0.532858372 0.582717657 0.613597572
vn 0.222391695 0.952564418 0.207756817
vn 0.222391695 0.952564418 0.207756817
vn 0.222391695 0.952564418 0.207756817
vn 0.222391695 0.952564418 0.207756817
vn 0.891213417 0.101168752 -0.442157775
vn 0.891213417 0.101168752 -0.442157775
vn 0.891213417 0.101168752 -0.442157775
vn 0.891213417 0.101168752 -0.442157775
vn 0.90612644 -0.273438871 -0.322747499
vn 0.90612644 -0.273438871 -0.322747499
vn 0.90612644 -0.273438871 -0.322747499
vn 0.90612644 -0.273438871 -0.322747499
vn 0.889191747 0.339009672 -0.307262927
vn 0.889191747 0.339009672 -0.307262927
vn 0.889191747 0.339009672 -0.307262927
vn 0.889191747 0.339009672 -0.307262927
vn -0.415186167 -0.031110948 0.909204304
vn -0.415186167 -0.031110948 0.909204304
vn -0.415186167 -0.031110948 0.909204304
vn -0.415186167 -0.031110948 0.909204304
vn 0.570378006 -0.234318614 0.787250698
vn 0.570378006 -0.234318614 0.787250698
vn 0.570378006 -0.234318614 0.787250698
vn 0.570378006 -0.234318614 0.787250698
vn 0.725860476 0.0547825545 0.685656905
vn 0.725860476 0.0547825545 0.685656905
vn 0.725860476 0.0547825545 0.685656905
vn 0.725860476 0.0547825545 0.685656905
vn 0.660833836 -0.0282044504 0.750002086
vn 0.660833836 -0.0282044504 0.750002086
vn 0.660833836 -0.0282044504 0.750002086
vn 0.660833836 -0.0282044504 0.750002086
vn -0.714680254 0.0114407688 -0.699357808
vn -0.714680254 0.0114407688 -0.699357808
vn -0.714680254 0.0114407688 -0.699357808
vn -0.714680254 0.0114407688 -0.699357808
vn 1.02165923E-05 -1 0
vn 1.02165923E-05 -1 0
vn 1.02165923E-05 -1 0
vn 1.02165923E-05 -1 0
vn 0.185613662 0.93666929 -0.296981871
vn 0.185613662 0.93666929 -0.296981871
vn 0.185613662 0.93666929 -0.296981871
vn 0.185613662 0.93666929 -0.296981871
vn 0.382541269 0.0560548939 -0.922236443
vn 0.382541269 0.0560548939 -0.922236443
vn 0.382541269 0.0560548939 -0.922236443
vn 0.382541269 0.0560548939 -0.922236443
vn -0.716278374 0.0920194536 -0.691720843
vn -0.716278374 0.0920194536 -0.691720843
vn -0.716278374 0.0920194536 -0.691720843
vn -0.716278374 0.0920194536 -0.691720843
vn -0.733138025 0.0624642111 -0.677205145
vn -0.733138025 0.0624642111 -0.677205145
vn -0.747238994 0.00184977753 -0.664552808
vn -0.747238994 0.00184977753 -0.664552808
vn -0.747238994 0.00184977753 -0.664552808
vn -0.758378685 -0.0311201941 -0.651070833
vn -0.758378685 -0.0311201941 -0.651070833
vn -0.758378685 -0.0311201941 -0.651070833
vn -0.758378685 -0.0311201941 -0.651070833
vn -0.758378685 -0.0311201941 -0.651070833
vn 0.551201403 0.275771737 -0.787481427
vn 0.551201403 0.275771737 -0.787481427
vn 0.551201403 0.275771737 -0.787481427
vn 0.551201403 0.275771737 -0.787481427
vn -0.0334050655 0.979025424 -0.200981036
vn -0.0334050655 0.979025424 -0.200981036
vn -0.0334050655 0.979025424 -0.200981036
vn -0.0334050655 0.979025424 -0.200981036
vn 0.525512636 0.0677563697 -0.848083436
vn 0.525512636 0.0677563697 -0.848083436
vn 0.525512636 0.0677563697 -0.848083436
vn 0.525512636 0.0677563697 -0.848083436
vn -0.321776927 0.908622861 0.266203165
vn -0.321776927 0.908622861 0.266203165
vn -0.321776927 0.908622861 0.266203165
vn -0.321776927 0.908622861 0.266203165
vn -0.796486199 -0.19496803 -0.572360992
vn -0.796486199 -0.19496803 -0.572360992
vn -0.796486199 -0.19496803 -0.572360992
vn -0.796486199 -0.19496803 -0.572360992
vn 0.312408537 0.238254279 -0.919584632
vn 0.312408537 0.238254279 -0.919584632
vn 0.312408537 0.238254279 -0.919584632
vn 0.312408537 0.238254279 -0.919584632
vn 0.411144465 0.0500150211 -0.91019702
vn 0.411144465 0.0500150211 -0.91019702
vn 0.411144465 0.0500150211 -0.91019702
vn 0.411144465 0.0500150211 -0.91019702
vn -0.0476635173 -0.965196431 -0.25714609
vn -0.0476635173 -0.965196431 -0.25714609
vn -0.0476635173 -0.965196431 -0.25714609
vn -0.0476635173 -0.965196431 -0.25714609
vn -0.83168602 -0.363375574 0.41982916
vn -0.83168602 -0.363375574 0.41982916
vn -0.83168602 -0.363375574 0.41982916
vn -0.83168602 -0.363375574 0.41982916
vn -0.80156374 -0.0327924155 -0.597009361
vn -0.80156374 -0.0327924155 -0.597009361
vn -0.80156374 -0.0327924155 -0.597009361
vn -0.80156374 -0.0327924155 -0.597009361
vn 0.375128567 -0.0597617403 -0.925044417
vn 0.375128567 -0.0597617403 -0.925044417
vn 0.375128567 -0.0597617403 -0.925044417
vn 0.375128567 -0.0597617403 -0.925044417
vn -0.809658349 0.256228328 0.528015554
vn -0.809658349 0.256228328 0.528015554
vn -0.809658349 0.256228328 0.528015554
vn -0.809658349 0.256228328 0.528015554
vn -0.687182069 -0.147625342 -0.71132803
vn -0.687182069 -0.147625342 -0.71132803
vn -0.687182069 -0.147625342 -0.71132803
vn -0.687182069 -0.147625342 -0.71132803
vn 0.019400388 0.991164863 0.131209239
vn 0.019400388 0.991164863 0.131209239
vn 0.019400388 0.991164863 0.131209239
vn 0.019400388 0.991164863 0.131209239
vn -0.106181517 0.0375725217 -0.993636727
vn -0.106181517 0.0375725217 -0.993636727
vn -0.106181517 0.0375725217 -0.993636727
vn -0.106181517 0.0375725217 -0.993636727
vn -0.588722646 -0.0603035204 -0.806082487
vn -0.588722646 -0.0603035204 -0.806082487
vn -0.588722646 -0.0603035204 -0.806082487
vn -0.588722646 -0.0603035204 -0.806082487
vn -0.731714189 -0.223646864 0.643876076
vn -0.731714189 -0.223646864 0.643876076
vn -0.731714189 -0.223646864 0.643876076
vn -0.731714189 -0.223646864 0.643876076
vn -0.234799266 -0.836480618 -0.495145977
vn -0.234799266 -0.836480618 -0.495145977
vn -0.234799266 -0.836480618 -0.495145977
vn -0.234799266 -0.836480618 -0.495145977
vn -0.838843942 0.0967253745 -0.535709798
vn -0.838843942 0.0967253745 -0.535709798
vn -0.838843942 0.0967253745 -0.535709798
vn -0.838843942 0.0967253745 -0.535709798
vn -0.812598526 -0.484802276 0.323497355
vn -0.812598526 -0.484802276 0.323497355
vn -0.812598526 -0.484802276 0.323497355
vn -0.812598526 -0.484802276 0.323497355
vn -0.33775565 0.835624933 -0.433188289
vn -0.33775565 0.835624933 -0.433188289
vn -0.33775565 0.835624933 -0.433188289
vn -0.33775565 0.835624933 -0.433188289
vn 0.491645843 0.170515388 -0.853937209
vn 0.491645843 0.170515388 -0.853937209
vn 0.491645843 0.170515388 -0.853937209
vn 0.491645843 0.170515388 -0.853937209
vn 0.468639761 0.188125581 -0.863125384
vn -0.855248928 -0.00405024365 0.51820159
vn -0.855248928 -0.00405024365 0.51820159
vn -0.855248928 -0.00405024365 0.51820159
vn -0.855248928 -0.00405024365 0.51820159
vn -0.736402988 0.112558737 -0.667114019
vn -0.736402988 0.112558737 -0.667114019
vn -0.736402988 0.112558737 -0.667114019
vn -0.736402988 0.112558737 -0.667114019
vn 0.569530845 -0.144358009 -0.809194267
vn 0.569530845 -0.144358009 -0.809194267
vn 0.569530845 -0.144358009 -0.809194267
vn 0.569530845 -0.144358009 -0.809194267
vn -0.623491764 -0.151611894 0.766988873
vn -0.623491764 -0.151611894 0.766988873
vn -0.623491764 -0.151611894 0.766988873
vn -0.623491764 -0.151611894 0.766988873
vn 0.603409529 -0.115192927 0.789067566
vn 0.603409529 -0.115192927 0.789067566
vn 0.603409529 -0.115192927 0.789067566
vn 0.603409529 -0.115192927 0.789067566
vn 0.606187344 0.191531315 -0.771914959
vn 0.606187344 0.191531315 -0.771914959
vn 0.606187344 0.191531315 -0.771914959
vn 0.606187344 0.191531315 -0.771914959
vn 0.592335999 0.0778629482 0.801919878
vn 0.592335999 0.0778629482 0.801919878
vn 0.592335999 0.0778629482 0.801919878
vn 0.592335999 0.0778629482 0.801919878
vn -0.567111313 0.0879862979 0.818928063
vn -0.567111313 0.0879862979 0.818928063
vn -0.567111313 0.0879862979 0.818928063
vn -0.567111313 0.0879862979 0.818928063
vn 0.117691599 -0.980749786 0.155815899
vn 0.117691599 -0.980749786 0.155815899
vn 0.117691599 -0.980749786 0.155815899
vn 0.117691599 -0.980749786 0.155815899
vn 0.60092783 -0.0712256357 -0.796123624
vn 0.596103191 -0.0448804945 -0.801652431
vn 0.596103191 -0.0448804945 -0.801652431
vn 0.60092783 -0.0712256357 -0.796123624
vn 0.60092783 -0.0712256357 -0.796123624
vn 0.60092783 -0.0712256357 -0.796123624
vn 0.608008742 -0.114064842 -0.785693645
vn 0.608008742 -0.114064842 -0.785693645
vn -0.780357599 0.384674489 -0.493018776
vn -0.780357599 0.384674489 -0.493018776
vn -0.780357599 0.384674489 -0.493018776
vn -0.780357599 0.384674489 -0.493018776
vn -0.312158138 0.934025466 -0.173648015
vn -0.312158138 0.934025466 -0.173648015
vn -0.312158138 0.934025466 -0.173648015
vn -0.312158138 0.934025466 -0.173648015
vn -0.459481478 0.809776306 -0.36488238
vn -0.459481478 0.809776306 -0.36488238
vn -0.459481478 0.809776306 -0.36488238
vn -0.459481478 0.809776306 -0.36488238
vn 0.301107496 -0.925731242 -0.228814483
vn 0.301107496 -0.925731242 -0.228814483
vn 0.301107496 -0.925731242 -0.228814483
vn 0.301107496 -0.925731242 -0.228814483
vn 0.345144063 -0.18704541 -0.919722617
vn 0.345144063 -0.18704541 -0.919722617
vn 0.345144063 -0.18704541 -0.919722617
vn 0.345144063 -0.18704541 -0.919722617
vn -0.6469751 0.74622184 0.156767756
vn -0.6469751 0.74622184 0.156767756
vn -0.6469751 0.74622184 0.156767756
vn -0.6469751 0.74622184 0.156767756
vn -0.221175417 -0.93445605 -0.279058218
vn -0.221175417 -0.93445605 -0.279058218
vn -0.221175417 -0.93445605 -0.279058218
vn -0.221175417 -0.93445605 -0.279058218
vn -0.647570312 -0.163634062 -0.74422884
vn -0.647570312 -0.163634062 -0.74422884
vn -0.647570312 -0.163634062 -0.74422884
vn -0.647570312 -0.163634062 -0.74422884
vn 0.916413903 -0.00646500103 -0.400179625
vn 0.916413903 -0.00646500103 -0.400179625
vn 0.916413903 -0.00646500103 -0.400179625
vn 0.916413903 -0.00646500103 -0.400179625
vn -0.784222424 0.0209502 0.620125949
vn -0.784222424 0.0209502 0.620125949
vn -0.784222424 0.0209502 0.620125949
vn -0.784222424 0.0209502 0.620125949
vn -0.764278829 0.0112533718 0.644787788
vn -0.764278829 0.0112533718 0.644787788
vn 0.640700877 0.276588231 0.716241181
vn 0.640700877 0.276588231 0.716241181
vn 0.640700877 0.276588231 0.716241181
vn 0.640700877 0.276588231 0.716241181
vn 0.579564631 0.0977239609 0.809045613
vn 0.579564631 0.0977239609 0.809045613
vn 0.579564631 0.0977239609 0.809045613
vn 0.579564631 0.0977239609 0.809045613
vn 0.597588122 -0.496627748 0.629483402
vn 0.597588122 -0.496627748 0.629483402
vn 0.597588122 -0.496627748 0.629483402
vn 0.597588122 -0.496627748 0.629483402
vn -0.747255385 -0.423485726 0.512122273
vn -0.747255385 -0.423485726 0.512122273
vn -0.747255385 -0.423485726 0.512122273
vn -0.747255385 -0.423485726 0.512122273
vn 0.406130403 -0.910669327 -0.0757589415
vn 0.406130403 -0.910669327 -0.0757589415
vn 0.406130403 -0.910669327 -0.0757589415
vn 0.406130403 -0.910669327 -0.0757589415
vn 0.0591985658 0.251691937 0.965995133
vn 0.0591985658 0.251691937 0.965995133
vn 0.0591985658 0.251691937 0.965995133
vn 0.0591985658 0.251691937 0.965995133
vn 0.227574483 -0.129181638 -0.965153754
vn 0.227574483 -0.129181638 -0.965153754
vn 0.227574483 -0.129181638 -0.965153754
vn 0.227574483 -0.129181638 -0.965153754
vn -0.723383248 0.0641734824 0.687457979
vn -0.723383248 0.0641734824 0.687457979
vn -0.723383248 0.0641734824 0.687457979
vn -0.723383248 0.0641734824 0.687457979
vn 0.565584004 -0.796966195 -0.212036878
vn 0.565584004 -0.796966195 -0.212036878
vn 0.565584004 -0.796966195 -0.212036878
vn 0.565584004 -0.796966195 -0.212036878
vn 0.0984598026 -0.938720703 0.330316752
vn 0.0984598026 -0.938720703 0.330316752
vn 0.0984598026 -0.938720703 0.330316752
vn 0.0984598026 -0.938720703 0.330316752
vn -0.614850104 -0.433263272 -0.658970594
vn -0.614850104 -0.433263272 -0.658970594
vn -0.614850104 -0.433263272 -0.658970594
vn -0.614850104 -0.433263272 -0.658970594
vn 0.657286525 -0.25865227 0.707865477
vn 0.657286525 -0.25865227 0.707865477
vn 0.657286525 -0.25865227 0.707865477
vn 0.657286525 -0.25865227 0.707865477
vn 0.657286525 -0.25865227 0.707865477
vn -0.776678324 0.0223161727 0.629501998
vn -0.776678324 0.0223161727 0.629501998
vn -0.776678324 0.0223161727 0.629501998
vn -0.776678324 0.0223161727 0.629501998
vn 0.680669606 0.0878720209 0.727301478
vn 0.680669606 0.0878720209 0.727301478
vn 0.680669606 0.0878720209 0.727301478
vn 0.680669606 0.0878720209 0.727301478
vn 0.680669606 0.0878720209 0.727301478
vn -0.689425588 -0.0163402688 -0.724172115
vn -0.689425588 -0.0163402688 -0.724172115
vn -0.689425588 -0.0163402688 -0.724172115
vn -0.689425588 -0.0163402688 -0.724172115
vn -0.689425588 -0.0163402688 -0.724172115
vn -0.783639789 0.0386177078 0.620013952
vn -0.783639789 0.0386177078 0.620013952
vn -0.783639789 0.0386177078 0.620013952
vn -0.813490152 0.0378087163 0.580348432
vn -0.813490152 0.0378087163 0.580348432
vn -0.825261533 0.0482740477 0.562683761
vn -0.825261533 0.0482740477 0.562683761
vn -0.825261533 0.0482740477 0.562683761
vn -0.825261533 0.0482740477 0.562683761
vn -0.832312882 0.0365670882 0.5530985
vn -0.832312882 0.0365670882 0.5530985
vn -0.408550233 -0.774305463 0.483257502
vn -0.408550233 -0.774305463 0.483257502
vn -0.408550233 -0.774305463 0.483257502
vn -0.408550233 -0.774305463 0.483257502
vn -0.639779508 0.424731165 -0.640535414
vn -0.639779508 0.424731165 -0.640535414
vn -0.639779508 0.424731165 -0.640535414
vn -0.639779508 0.424731165 -0.640535414
vn -0.639779508 0.424731165 -0.640535414
vn 0.483671069 0.412112266 0.772156596
vn 0.483671069 0.412112266 0.772156596
vn 0.483671069 0.412112266 0.772156596
vn 0.483671069 0.412112266 0.772156596
vn 0.730059981 0.0776108205 -0.678961754
vn 0.730059981 0.0776108205 -0.678961754
vn 0.730059981 0.0776108205 -0.678961754
vn 0.730059981 0.0776108205 -0.678961754
vn -0.175127044 -0.48715356 -0.855576992
vn -0.175127044 -0.48715356 -0.855576992
vn -0.175127044 -0.48715356 -0.855576992
vn -0.175127044 -0.48715356 -0.855576992
vn 0.516955674 0.632434011 -0.576874375
vn 0.516955674 0.632434011 -0.576874375
vn 0.516955674 0.632434011 -0.576874375
vn 0.516955674 0.632434011 -0.576874375
vn -0.487773716 0.736113191 -0.469269812
vn -0.487773716 0.736113191 -0.469269812
vn -0.487773716 0.736113191 -0.469269812
vn -0.487773716 0.736113191 -0.469269812
vn -0.785943091 -0.0982808098 0.61043781
vn -0.785943091 -0.0982808098 0.61043781
vn -0.785943091 -0.0982808098 0.61043781
vn -0.785943091 -0.0982808098 0.61043781
vn -0.717269957 0.0229484476 0.696417272
vn -0.717269957 0.0229484476 0.696417272
vn -0.717269957 0.0229484476 0.696417272
vn -0.717269957 0.0229484476 0.696417272
vn 0.683393955 0.0396839157 -0.728970408
vn 0.683393955 0.0396839157 -0.728970408
vn 0.683393955 0.0396839157 -0.728970408
vn 0.683393955 0.0396839157 -0.728970408
vn 0.54730612 0.0456500724 -0.835686624
vn 0.54730612 0.0456500724 -0.835686624
vn 0.54730612 0.0456500724 -0.835686624
vn 0.54730612 0.0456500724 -0.835686624
vn 0.76629895 0.167977139 -0.620136678
vn 0.76629895 0.167977139 -0.620136678
vn 0.76629895 0.167977139 -0.620136678
vn 0.76629895 0.167977139 -0.620136678
vn 0.550046802 -0.682236731 -0.481665462
vn 0.550046802 -0.682236731 -0.481665462
vn 0.550046802 -0.682236731 -0.481665462
vn 0.550046802 -0.682236731 -0.481665462
vn -0.653541327 -0.132370338 -0.745226026
vn -0.653541327 -0.132370338 -0.745226026
vn -0.653541327 -0.132370338 -0.745226026
vn -0.653541327 -0.132370338 -0.745226026
vn 0.597187996 0.0686567351 0.79915756
vn 0.597187996 0.0686567351 0.79915756
vn 0.597187996 0.0686567351 0.79915756
vn 0.597187996 0.0686567351 0.79915756
vn -0.755385756 -0.0820108205 0.650128186
vn -0.755385756 -0.0820108205 0.650128186
vn -0.755385756 -0.0820108205 0.650128186
vn -0.755385756 -0.0820108205 0.650128186
vn 0.681354046 0.0759460405 -0.728003442
vn 0.681354046 0.0759460405 -0.728003442
vn 0.681354046 0.0759460405 -0.728003442
vn 0.681354046 0.0759460405 -0.728003442
vn 0.699068546 0.115372993 0.705685675
vn 0.699068546 0.115372993 0.705685675
vn 0.699068546 0.115372993 0.705685675
vn 0.699068546 0.115372993 0.705685675
vn -0.690758586 -0.100572005 -0.716057062
vn -0.690758586 -0.100572005 -0.716057062
vn -0.690758586 -0.100572005 -0.716057062
vn -0.690758586 -0.100572005 -0.716057062
vn -0.776704311 0.0130033568 0.629731059
vn -0.776704311 0.0130033568 0.629731059
vn -0.776704311 0.0130033568 0.629731059
vn -0.776704311 0.0130033568 0.629731059
vn 0.608858764 -0.147678047 -0.779411435
vn 0.608858764 -0.147678047 -0.779411435
vn 0.608858764 -0.147678047 -0.779411435
vn 0.608858764 -0.147678047 -0.779411435
vn -0.695229471 -0.125871807 -0.707680821
vn -0.695229471 -0.125871807 -0.707680821
vn -0.695229471 -0.125871807 -0.707680821
vn -0.695229471 -0.125871807 -0.707680821
vn -0.179478675 -0.971166372 -0.156918213
vn -0.179478675 -0.971166372 -0.156918213
vn -0.179478675 -0.971166372 -0.156918213
vn -0.179478675 -0.971166372 -0.156918213
vn -0.804351211 0.418098509 0.422152519
vn -0.804351211 0.418098509 0.422152519
vn -0.804351211 0.418098509 0.422152519
vn -0.804351211 0.418098509 0.422152519
vn 0.599445522 -0.0699187294 -0.79735589
vn 0.599445522 -0.0699187294 -0.79735589
vn 0.599445522 -0.0699187294 -0.79735589
vn 0.599445522 -0.0699187294 -0.79735589
vn 0.607842445 -0.0356739648 -0.793255866
vn 0.607842445 -0.0356739648 -0.793255866
vn 0.561599612 -0.00403194549 -0.827399313
vn 0.561599612 -0.00403194549 -0.827399313
vn 0.561599612 -0.00403194549 -0.827399313
vn 0.561599612 -0.00403194549 -0.827399313
vn 0.521819115 0.143372163 -0.84092176
vn 0.521819115 0.143372163 -0.84092176
vn 0.521819115 0.143372163 -0.84092176
vn 0.521819115 0.143372163 -0.84092176
vn 0.544461727 0.14027901 -0.826972306
vn -0.818967998 0.0479522645 0.57183218
vn -0.818967998 0.0479522645 0.57183218
vn -0.818967998 0.0479522645 0.57183218
vn -0.818967998 0.0479522645 0.57183218
vn -0.224637285 -0.930123091 0.290532619
vn -0.224637285 -0.930123091 0.290532619
vn -0.224637285 -0.930123091 0.290532619
vn -0.224637285 -0.930123091 0.290532619
vn 0.129676327 -0.982074916 -0.136794761
vn 0.129676327 -0.982074916 -0.136794761
vn 0.129676327 -0.982074916 -0.136794761
vn 0.129676327 -0.982074916 -0.136794761
vn -0.692864895 -0.680282235 0.239069834
vn -0.692864895 -0.680282235 0.239069834
vn -0.692864895 -0.680282235 0.239069834
vn -0.692864895 -0.680282235 0.239069834
vn -0.251265198 0.93596065 -0.246664628
vn -0.251265198 0.93596065 -0.246664628
vn -0.251265198 0.93596065 -0.246664628
vn -0.251265198 0.93596065 -0.246664628
vn -0.46155411 -0.253281862 -0.850185871
vn -0.46155411 -0.253281862 -0.850185871
vn -0.46155411 -0.253281862 -0.850185871
vn -0.46155411 -0.253281862 -0.850185871
vn -0.624424875 -0.394750804 -0.673992157
vn -0.624424875 -0.394750804 -0.673992157
vn -0.624424875 -0.394750804 -0.673992157
vn -0.624424875 -0.394750804 -0.673992157
vn 0.338206351 0.180784389 -0.92354399
vn 0.338206351 0.180784389 -0.92354399
vn 0.338206351 0.180784389 -0.92354399
vn 0.338206351 0.180784389 -0.92354399
vn 0.362569839 0.221341074 -0.905290663
vn 0.362569839 0.221341074 -0.905290663
vn 0.362569839 0.221341074 -0.905290663
vn 0.362569839 0.221341074 -0.905290663
vn -0.60119766 -0.12292064 -0.789589703
vn -0.60119766 -0.12292064 -0.789589703
vn -0.60119766 -0.12292064 -0.789589703
vn -0.60119766 -0.12292064 -0.789589703
vn 0.398071706 0.193568289 -0.896699607
vn 0.398071706 0.193568289 -0.896699607
vn 0.398071706 0.193568289 -0.896699607
vn 0.398071706 0.193568289 -0.896699607
vn 0.354747832 0.453908324 -0.817386806
vn 0.354747832 0.453908324 -0.817386806
vn 0.354747832 0.453908324 -0.817386806
vn 0.354747832 0.453908324 -0.817386806
vn 0.589428365 0.363019735 -0.721658409
vn 0.589428365 0.363019735 -0.721658409
vn 0.589428365 0.363019735 -0.721658409
vn 0.589428365 0.363019735 -0.721658409
vn -0.631409526 0.583328485 0.510930538
vn -0.631409526 0.583328485 0.510930538
vn -0.631409526 0.583328485 0.510930538
vn -0.631409526 0.583328485 0.510930538
vn -0.186234489 0.958198607 -0.217191681
vn -0.186234489 0.958198607 -0.217191681
vn -0.186234489 0.958198607 -0.217191681
vn -0.186234489 0.958198607 -0.217191681
vn 0.473992437 0.102042004 -0.874596179
vn 0.473992437 0.102042004 -0.874596179
vn 0.473992437 0.102042004 -0.874596179
vn 0.473992437 0.102042004 -0.874596179
vn 0.355297774 -0.272715062 -0.894086063
vn 0.355297774 -0.272715062 -0.894086063
vn 0.355297774 -0.272715062 -0.894086063
vn 0.355297774 -0.272715062 -0.894086063
vn 0.340768725 0.338413745 -0.877127588
vn 0.340768725 0.338413745 -0.877127588
vn 0.340768725 0.338413745 -0.877127588
vn 0.340768725 0.338413745 -0.877127588
vn -0.923510015 -0.0313822627 0.382288545
vn -0.923510015 -0.0313822627 0.382288545
vn -0.923510015 -0.0313822627 0.382288545
vn -0.923510015 -0.0313822627 0.382288545
vn -0.766238987 -0.233458444 -0.598644257
vn -0.766238987 -0.233458444 -0.598644257
vn -0.766238987 -0.233458444 -0.598644257
vn -0.766238987 -0.233458444 -0.598644257
vn -0.658558846 0.0546387881 -0.750543118
vn -0.658558846 0.0546387881 -0.750543118
vn -0.658558846 0.0546387881 -0.750543118
vn -0.658558846 0.0546387881 -0.750543118
vn -0.104252785 0.00868546963 -0.994512916
vn -0.104252785 0.00868546963 -0.994512916
vn -0.104252785 0.00868546963 -0.994512916
vn -0.104252785 0.00868546963 -0.994512916
vn -0.075125888 0.0241459254 0.996881723
vn -0.075125888 0.0241459254 0.996881723
vn -0.075125888 0.0241459254 0.996881723
vn -0.075125888 0.0241459254 0.996881723
vn -0.075125888 0.0241459254 0.996881723
vn 0.0520933494 0.00720399152 0.998616219
vn 0.0520933494 0.00720399152 0.998616219
vn 0.0520933494 0.00720399152 0.998616219
vn 0.0520933494 0.00720399152 0.998616219
vn -0.00160621188 -0.999910235 -0.0133051071
vn -0.00160621188 -0.999910235 -0.0133051071
vn -0.00160621188 -0.999910235 -0.0133051071
vn -0.00160621188 -0.999910235 -0.0133051071
vn 0.343556851 0.936092317 0.0754976198
vn 0.343556851 0.936092317 0.0754976198
vn 0.343556851 0.936092317 0.0754976198
vn 0.343556851 0.936092317 0.0754976198
vn 0.938684881 0.0385102965 0.342618704
vn 0.938684881 0.0385102965 0.342618704
vn 0.938684881 0.0385102965 0.342618704
vn 0.938684881 0.0385102965 0.342618704
vn -0.0685079023 -0.0109400339 -0.997590542
vn -0.0685079023 -0.0109400339 -0.997590542
vn -0.0685079023 -0.0109400339 -0.997590542
vn -0.0685079023 -0.0109400339 -0.997590542
vn -0.0685079023 -0.0109400339 -0.997590542
vn -0.993830025 0.109691516 -0.0164227411
vn -0.993830025 0.109691516 -0.0164227411
vn -0.993830025 0.109691516 -0.0164227411
vn -0.993830025 0.109691516 -0.0164227411
vn 0.983448923 -0.0396309197 0.176797941
vn 0.983448923 -0.0396309197 0.176797941
vn 0.983448923 -0.0396309197 0.176797941
vn 0.983448923 -0.0396309197 0.176797941
vn 0.012488055 0.0767959729 0.996968687
vn 0.012488055 0.0767959729 0.996968687
vn 0.012488055 0.0767959729 0.996968687
vn 0.012488055 0.0767959729 0.996968687
vn -0.453839988 -0.890960395 -0.0147903925
vn -0.453839988 -0.890960395 -0.0147903925
vn -0.453839988 -0.890960395 -0.0147903925
vn -0.453839988 -0.890960395 -0.0147903925
vn 0.216479436 -0.975877285 0.0282857679
vn 0.216479436 -0.975877285 0.0282857679
vn 0.216479436 -0.975877285 0.0282857679
vn 0.216479436 -0.975877285 0.0282857679
vn 0.0344722047 -0.953640044 0.298968524
vn 0.0344722047 -0.953640044 0.298968524
vn 0.0344722047 -0.953640044 0.298968524
vn 0.0344722047 -0.953640044 0.298968524
vn 0.979823709 0.19230929 0.0544286445
vn 0.979823709 0.19230929 0.0544286445
vn 0.979823709 0.19230929 0.0544286445
vn 0.979823709 0.19230929 0.0544286445
vn -0.180499792 0.0613736287 -0.98165834
vn -0.180499792 0.0613736287 -0.98165834
vn -0.180499792 0.0613736287 -0.98165834
vn -0.180499792 0.0613736287 -0.98165834
vn -0.99137938 0.0771986097 -0.105864748
vn -0.99137938 0.0771986097 -0.105864748
vn -0.99137938 0.0771986097 -0.105864748
vn -0.99137938 0.0771986097 -0.105864748
vn 0.00197230233 -0.935469568 -0.353401929
vn 0.00197230233 -0.935469568 -0.353401929
vn 0.00197230233 -0.935469568 -0.353401929
vn 0.00197230233 -0.935469568 -0.353401929
vn 0.944612563 -0.133379981 0.29986155
vn 0.944612563 -0.133379981 0.29986155
vn 0.944612563 -0.133379981 0.29986155
vn 0.944612563 -0.133379981 0.29986155
vn 0.915795922 0.200038612 0.34828487
vn 0.915795922 0.200038612 0.34828487
vn 0.915795922 0.200038612 0.34828487
vn 0.915795922 0.200038612 0.34828487
vn 0.076999329 0.157545134 0.984505236
vn 0.076999329 0.157545134 0.984505236
vn 0.076999329 0.157545134 0.984505236
vn 0.076999329 0.157545134 0.984505236
vn -0.97149539 0.00554878265 0.236993343
vn -0.97149539 0.00554878265 0.236993343
vn -0.97149539 0.00554878265 0.236993343
vn -0.97149539 0.00554878265 0.236993343
vn 0.888177276 0.0308431163 0.458464682
vn 0.888177276 0.0308431163 0.458464682
vn 0.888177276 0.0308431163 0.458464682
vn 0.888177276 0.0308431163 0.458464682
vn 0.0792233422 0.831825733 0.549353778
vn 0.0792233422 0.831825733 0.549353778
vn 0.0792233422 0.831825733 0.549353778
vn 0.0792233422 0.831825733 0.549353778
vn -0.831752062 0.495809406 0.249723062
vn -0.831752062 0.495809406 0.249723062
vn -0.831752062 0.495809406 0.249723062
vn -0.831752062 0.495809406 0.249723062
vn -0.0502429232 0.028800834 0.998321593
vn -0.0502429232 0.028800834 0.998321593
vn -0.0502429232 0.028800834 0.998321593
vn -0.0502429232 0.028800834 0.998321593
vn -0.968049645 0.142572552 0.206283808
vn -0.968049645 0.142572552 0.206283808
vn -0.968049645 0.142572552 0.206283808
vn -0.968049645 0.142572552 0.206283808
vn -0.952507496 -0.0562367998 0.299277097
vn -0.952507496 -0.0562367998 0.299277097
vn -0.952507496 -0.0562367998 0.299277097
vn -0.952507496 -0.0562367998 0.299277097
vn 0.884481072 0.0457276739 0.464329779
vn 0.884481072 0.0457276739 0.464329779
vn 0.884481072 0.0457276739 0.464329779
vn 0.884481072 0.0457276739 0.464329779
vn 0.891640484 0.0213781558 0.452239037
vn 0.891640484 0.0213781558 0.452239037
vn -0.136799216 -0.432305783 0.891289949
vn -0.136799216 -0.432305783 0.891289949
vn -0.136799216 -0.432305783 0.891289949
vn -0.136799216 -0.432305783 0.891289949
vn 0.714145422 0.587252498 0.380960315
vn 0.714145422 0.587252498 0.380960315
vn 0.714145422 0.587252498 0.380960315
vn 0.714145422 0.587252498 0.380960315
vn 0.946459115 0.234889284 0.221454889
vn 0.946459115 0.234889284 0.221454889
vn 0.946459115 0.234889284 0.221454889
vn 0.946459115 0.234889284 0.221454889
vn 0.335072607 -0.867341638 0.368028343
vn 0.335072607 -0.867341638 0.368028343
vn 0.335072607 -0.867341638 0.368028343
vn 0.335072607 -0.867341638 0.368028343
vn -0.571384668 -0.715017617 0.402826786
vn -0.571384668 -0.715017617 0.402826786
vn -0.571384668 -0.715017617 0.402826786
vn -0.571384668 -0.715017617 0.402826786
vn -0.0802344829 0.211768821 0.97402066
vn -0.0802344829 0.211768821 0.97402066
vn -0.0802344829 0.211768821 0.97402066
vn -0.0802344829 0.211768821 0.97402066
vn 0.898685217 0.172895417 0.403078288
vn 0.898685217 0.172895417 0.403078288
vn 0.898685217 0.172895417 0.403078288
vn 0.898685217 0.172895417 0.403078288
vn -0.867059231 0.363157064 0.341064811
vn -0.867059231 0.363157064 0.341064811
vn -0.867059231 0.363157064 0.341064811
vn -0.867059231 0.363157064 0.341064811
vn 0.341683537 -0.168097898 0.92465961
vn 0.341683537 -0.168097898 0.92465961
vn 0.341683537 -0.168097898 0.92465961
vn 0.341683537 -0.168097898 0.92465961
vn 0.259110749 0.0806376785 0.962475479
vn 0.259110749 0.0806376785 0.962475479
vn 0.259110749 0.0806376785 0.962475479
vn 0.259110749 0.0806376785 0.962475479
vn -0.619242132 0.783654332 0.0492460355
vn -0.619242132 0.783654332 0.0492460355
vn -0.619242132 0.783654332 0.0492460355
vn -0.619242132 0.783654332 0.0492460355
vn 0.638879478 0.321398348 0.698953629
vn 0.638879478 0.321398348 0.698953629
vn 0.638879478 0.321398348 0.698953629
vn 0.638879478 0.321398348 0.698953629
vn 0.308717906 -0.0241806675 0.950846255
vn 0.308717906 -0.0241806675 0.950846255
vn 0.308717906 -0.0241806675 0.950846255
vn 0.308717906 -0.0241806675 0.950846255
vn -0.72237283 -0.680033982 0.125424147
vn -0.72237283 -0.680033982 0.125424147
vn -0.72237283 -0.680033982 0.125424147
vn -0.72237283 -0.680033982 0.125424147
vn 0.658108056 -0.64637208 0.386130631
vn 0.658108056 -0.64637208 0.386130631
vn 0.658108056 -0.64637208 0.386130631
vn 0.658108056 -0.64637208 0.386130631
vn -0.255836517 -0.287685186 0.922921896
vn -0.255836517 -0.287685186 0.922921896
vn -0.255836517 -0.287685186 0.922921896
vn -0.255836517 -0.287685186 0.922921896
vn -0.623196304 -0.588521004 0.51504308
vn -0.623196304 -0.588521004 0.51504308
vn -0.623196304 -0.588521004 0.51504308
vn -0.623196304 -0.588521004 0.51504308
vn -0.171109751 0.91147244 0.374084741
vn -0.171109751 0.91147244 0.374084741
vn -0.171109751 0.91147244 0.374084741
vn -0.171109751 0.91147244 0.374084741
vn -0.613219917 0.410181582 0.675064743
vn -0.613219917 0.410181582 0.675064743
vn -0.613219917 0.410181582 0.675064743
vn -0.613219917 0.410181582 0.675064743
vn 0.638192534 0.760914564 -0.117129743
vn 0.638192534 0.760914564 -0.117129743
vn 0.638192534 0.760914564 -0.117129743
vn 0.638192534 0.760914564 -0.117129743
vn 0.643445492 0.759347498 -0.0967953727
vn 0.643445492 0.759347498 -0.0967953727
vn 0.00584673695 0.543241978 0.8395558
vn 0.00584673695 0.543241978 0.8395558
vn 0.00584673695 0.543241978 0.8395558
vn 0.00584673695 0.543241978 0.8395558
vn 0.911152184 0.0651707947 0.406883836
vn 0.911152184 0.0651707947 0.406883836
vn 0.911152184 0.0651707947 0.406883836
vn 0.911152184 0.0651707947 0.406883836
vn 0.366172343 0.604272544 -0.707652807
vn 0.366172343 0.604272544 -0.707652807
vn 0.366172343 0.604272544 -0.707652807
vn 0.366172343 0.604272544 -0.707652807
vn 0.212068319 0.276913077 -0.937201202
vn 0.212068319 0.276913077 -0.937201202
vn 0.212068319 0.276913077 -0.937201202
vn 0.212068319 0.276913077 -0.937201202
vn -0.831821263 0.539833665 0.129046604
vn -0.831821263 0.539833665 0.129046604
vn -0.831821263 0.539833665 0.129046604
vn -0.831821263 0.539833665 0.129046604
vn 0.166331649 0.795197904 -0.583090067
vn 0.166331649 0.795197904 -0.583090067
vn 0.166331649 0.795197904 -0.583090067
vn 0.166331649 0.795197904 -0.583090067
vn 0.858511269 0.184986085 0.47826615
vn 0.858511269 0.184986085 0.47826615
vn 0.858511269 0.184986085 0.47826615
vn 0.858511269 0.184986085 0.47826615
vn -0.289781749 -0.957025826 0.0113185365
vn -0.289781749 -0.957025826 0.0113185365
vn -0.289781749 -0.957025826 0.0113185365
vn -0.289781749 -0.957025826 0.0113185365
vn 0.0961790532 -0.942181587 0.321003973
vn 0.0961790532 -0.942181587 0.321003973
vn 0.0961790532 -0.942181587 0.321003973
vn 0.0961790532 -0.942181587 0.321003973
vn 0.637931228 -0.712081909 0.293228835
vn 0.637261868 -0.712227225 0.294329315
vn 0.637261868 -0.712227225 0.294329315
vn 0.637261868 -0.712227225 0.294329315
vn 0.321809053 -0.946648896 -0.0171663724
vn 0.321809053 -0.946648896 -0.0171663724
vn 0.321809053 -0.946648896 -0.0171663724
vn 0.321809053 -0.946648896 -0.0171663724
vn 0.589502513 0.131632596 0.796968997
vn 0.589502513 0.131632596 0.796968997
vn 0.589502513 0.131632596 0.796968997
vn 0.589502513 0.131632596 0.796968997
vn 0.584996462 0.141458899 -0.798604131
vn 0.584996462 0.141458899 -0.798604131
vn 0.584996462 0.141458899 -0.798604131
vn 0.584996462 0.141458899 -0.798604131
vn -0.756358147 -0.206272155 0.620785117
vn -0.756358147 -0.206272155 0.620785117
vn -0.756358147 -0.206272155 0.620785117
vn -0.756358147 -0.206272155 0.620785117
vn -0.751967371 -0.215589404 0.6229496
vn -0.751967371 -0.215589404 0.6229496
vn -0.59195751 0.00551060075 -0.805950403
vn -0.59195751 0.00551060075 -0.805950403
vn -0.59195751 0.00551060075 -0.805950403
vn -0.59195751 0.00551060075 -0.805950403
vn -0.65398097 -0.215819225 -0.72507304
vn -0.65398097 -0.215819225 -0.72507304
vn -0.65398097 -0.215819225 -0.72507304
vn -0.65398097 -0.215819225 -0.72507304
vn 0.00794468354 -0.961606622 -0.27431646
vn 0.00794468354 -0.961606622 -0.27431646
vn 0.00794468354 -0.961606622 -0.27431646
vn 0.00794468354 -0.961606622 -0.27431646
vn -0.494273901 -0.576310515 0.650814533
vn -0.494273901 -0.576310515 0.650814533
vn -0.494273901 -0.576310515 0.650814533
vn -0.494273901 -0.576310515 0.650814533
vn 0.485668212 -0.817967534 -0.308310837
vn 0.485668212 -0.817967534 -0.308310837
vn 0.485668212 -0.817967534 -0.308310837
vn 0.485668212 -0.817967534 -0.308310837
vn -0.94159323 -0.187338829 -0.279832482
vn -0.94159323 -0.187338829 -0.279832482
vn -0.94159323 -0.187338829 -0.279832482
vn -0.94159323 -0.187338829 -0.279832482
vn 0.964621842 0.263184071 -0.0154586844
vn 0.964621842 0.263184071 -0.0154586844
vn 0.964621842 0.263184071 -0.0154586844
vn 0.964621842 0.263184071 -0.0154586844
vn -0.704579055 -0.07642892 0.705497682
vn -0.704579055 -0.07642892 0.705497682
vn -0.704579055 -0.07642892 0.705497682
vn -0.704579055 -0.07642892 0.705497682
vn 0.600362301 -0.66428268 -0.445301831
vn 0.600362301 -0.66428268 -0.445301831
vn 0.600362301 -0.66428268 -0.445301831
vn 0.600362301 -0.66428268 -0.445301831
vn 0.052030582 -0.994342685 -0.0926038772
vn 0.052030582 -0.994342685 -0.0926038772
vn 0.052030582 -0.994342685 -0.0926038772
vn 0.052030582 -0.994342685 -0.0926038772
vn 0.600323498 -0.171223313 0.781213343
vn 0.600323498 -0.171223313 0.781213343
vn 0.600323498 -0.171223313 0.781213343
vn 0.600323498 -0.171223313 0.781213343
vn -0.51186198 -0.143827334 -0.846942127
vn -0.51186198 -0.143827334 -0.846942127
vn -0.51186198 -0.143827334 -0.846942127
vn -0.51186198 -0.143827334 -0.846942127
vn -0.51186198 -0.143827334 -0.846942127
vn -0.574946105 0.135004371 0.806976378
vn -0.574946105 0.135004371 0.806976378
vn -0.574946105 0.135004371 0.806976378
vn -0.574946105 0.135004371 0.806976378
vn -0.842416286 -0.208487362 -0.496857882
vn -0.842416286 -0.208487362 -0.496857882
vn -0.842416286 -0.208487362 -0.496857882
vn -0.842416286 -0.208487362 -0.496857882
vn -0.842416286 -0.208487362 -0.496857882
vn -0.854351461 -0.219657615 -0.470992655
vn 0.820831895 0.100524418 0.56225431
vn 0.820831895 0.100524418 0.56225431
vn 0.820831895 0.100524418 0.56225431
vn 0.820831895 0.100524418 0.56225431
vn 0.820831895 0.100524418 0.56225431
vn 0.17678903 -0.983830273 0.028698789
vn 0.17678903 -0.983830273 0.028698789
vn 0.17678903 -0.983830273 0.028698789
vn 0.17678903 -0.983830273 0.028698789
vn 0.819980025 0.231727958 0.523387909
vn 0.819980025 0.231727958 0.523387909
vn 0.819980025 0.231727958 0.523387909
vn 0.819980025 0.231727958 0.523387909
vn 0.819980025 0.231727958 0.523387909
vn -0.753390849 0.0797389671 -0.652720392
vn -0.753390849 0.0797389671 -0.652720392
vn -0.753390849 0.0797389671 -0.652720392
vn -0.753390849 0.0797389671 -0.652720392
vn 0.744165957 0.330593854 -0.580452085
vn 0.744165957 0.330593854 -0.580452085
vn 0.744165957 0.330593854 -0.580452085
vn 0.744165957 0.330593854 -0.580452085
vn 0.923254907 -0.125174835 0.363224119
vn 0.923254907 -0.125174835 0.363224119
vn 0.923254907 -0.125174835 0.363224119
vn 0.923254907 -0.125174835 0.363224119
vn 0.393037289 0.805790722 -0.442970544
vn 0.393037289 0.805790722 -0.442970544
vn 0.393037289 0.805790722 -0.442970544
vn 0.393037289 0.805790722 -0.442970544
vn 0.439455897 0.547623992 0.712029755
vn 0.439455897 0.547623992 0.712029755
vn 0.439455897 0.547623992 0.712029755
vn 0.439455897 0.547623992 0.712029755
vn -0.345020354 -0.0881441534 0.934447169
vn -0.345020354 -0.0881441534 0.934447169
vn -0.345020354 -0.0881441534 0.934447169
vn -0.345020354 -0.0881441534 0.934447169
vn -0.457711339 -0.134479195 0.878871858
vn -0.457711339 -0.134479195 0.878871858
vn -0.457711339 -0.134479195 0.878871858
vn -0.457711339 -0.134479195 0.878871858
vn 0.433483899 0.22395429 -0.872889638
vn 0.433483899 0.22395429 -0.872889638
vn 0.433483899 0.22395429 -0.872889638
vn 0.433483899 0.22395429 -0.872889638
vn 0.559509158 -0.11935249 -0.820185661
vn 0.559509158 -0.11935249 -0.820185661
vn 0.559509158 -0.11935249 -0.820185661
vn 0.559509158 -0.11935249 -0.820185661
vn 0.489030868 0.512065828 -0.706142545
vn 0.489030868 0.512065828 -0.706142545
vn 0.489030868 0.512065828 -0.706142545
vn 0.489030868 0.512065828 -0.706142545
vn 0.270010054 -0.943232179 -0.19341068
vn 0.270010054 -0.943232179 -0.19341068
vn 0.270010054 -0.943232179 -0.19341068
vn 0.270010054 -0.943232179 -0.19341068
vn 0.697904468 0.0829043016 0.71137619
vn 0.697904468 0.0829043016 0.71137619
vn 0.697904468 0.0829043016 0.71137619
vn 0.697904468 0.0829043016 0.71137619
vn -0.756429732 -0.219390661 -0.616183341
vn -0.756429732 -0.219390661 -0.616183341
vn -0.756429732 -0.219390661 -0.616183341
vn -0.756429732 -0.219390661 -0.616183341
vn -0.066523388 -0.0699847788 -0.995327473
vn -0.0643606782 -0.070081912 -0.995462835
vn -0.066523388 -0.0699847788 -0.995327473
vn -0.066523388 -0.0699847788 -0.995327473
vn -0.066523388 -0.0699847788 -0.995327473
vn -0.956731558 0.0503218137 0.286587477
vn -0.956731558 0.0503218137 0.286587477
vn -0.956731558 0.0503218137 0.286587477
vn -0.956731558 0.0503218137 0.286587477
vn 0.0025870786 0.110271826 0.993898094
vn 0.0025870786 0.110271826 0.993898094
vn 0.0025870786 0.110271826 0.993898094
vn 0.0025870786 0.110271826 0.993898094
vn -0.985458136 -0.126196533 0.113783181
vn -0.985458136 -0.126196533 0.113783181
vn -0.985458136 -0.126196533 0.113783181
vn -0.985458136 -0.126196533 0.113783181
vn 0.912806332 -0.0303425044 0.407263905
vn 0.912789047 -0.0316397175 0.407204002
vn 0.912789047 -0.0316397175 0.407204002
vn 0.912789047 -0.0316397175 0.407204002
vn -0.102407195 -0.0911002606 0.99056226
vn -0.102407195 -0.0911002606 0.99056226
vn -0.102407195 -0.0911002606 0.99056226
vn -0.102407195 -0.0911002606 0.99056226
vn -0.102407195 -0.0911002606 0.99056226
vn 0.982037187 0.0176164228 0.18786335
vn 0.982037187 0.0176164228 0.18786335
vn 0.982037187 0.0176164228 0.18786335
vn 0.982037187 0.0176164228 0.18786335
vn 0.867927492 -0.4087767 -0.282140851
vn 0.868556738 -0.407949001 -0.281401575
vn 0.868556738 -0.407949001 -0.281401575
vn 0.868556738 -0.407949001 -0.281401575
vn 0.987971723 0.0501997583 0.14625974
vn 0.987971723 0.0501997583 0.14625974
vn 0.987971723 0.0501997583 0.14625974
vn 0.987971723 0.0501997583 0.14625974
vn 0.917249918 0.132587448 0.375597239
vn 0.917249918 0.132587448 0.375597239
vn 0.917249918 0.132587448 0.375597239
vn 0.917249918 0.132587448 0.375597239
vn 0.926398635 0.148127258 0.346185029
vn 0.926398635 0.148127258 0.346185029
vn 0.926398635 0.148127258 0.346185029
vn 0.926398635 0.148127258 0.346185029
vn 0.965082943 0.179345295 0.190919355
vn 0.965082943 0.179345295 0.190919355
vn 0.965082943 0.179345295 0.190919355
vn 0.965082943 0.179345295 0.190919355
vn 0.866899431 0.0751054063 0.492792487
vn 0.866899431 0.0751054063 0.492792487
vn 0.866899431 0.0751054063 0.492792487
vn 0.866899431 0.0751054063 0.492792487
vn 0.0655957386 0.895908475 0.439368963
vn 0.0655957386 0.895908475 0.439368963
vn 0.0655957386 0.895908475 0.439368963
vn 0.0655957386 0.895908475 0.439368963
vn -0.866512895 0.475277096 0.152535737
vn -0.866512895 0.475277096 0.152535737
vn -0.866512895 0.475277096 0.152535737
vn -0.866512895 0.475277096 0.152535737
vn -0.619143546 -0.601936698 0.504314899
vn -0.619143546 -0.601936698 0.504314899
vn -0.619143546 -0.601936698 0.504314899
vn -0.619143546 -0.601936698 0.504314899
vn 0.0969336331 0.886395276 0.452666938
vn 0.0969336331 0.886395276 0.452666938
vn 0.0969336331 0.886395276 0.452666938
vn 0.0969336331 0.886395276 0.452666938
vn -0.836471736 -0.0860086009 0.541218519
vn -0.836471736 -0.0860086009 0.541218519
vn -0.836471736 -0.0860086009 0.541218519
vn -0.836471736 -0.0860086009 0.541218519
vn 0.595257282 0.00629381603 0.803510427
vn 0.595257282 0.00629381603 0.803510427
vn 0.595257282 0.00629381603 0.803510427
vn 0.595257282 0.00629381603 0.803510427
vn -0.00531062903 0.0837670416 0.996471286
vn -0.00531062903 0.0837670416 0.996471286
vn -0.00531062903 0.0837670416 0.996471286
vn -0.00531062903 0.0837670416 0.996471286
vn -0.189386636 0.467291951 0.863580346
vn -0.189386636 0.467291951 0.863580346
vn -0.189386636 0.467291951 0.863580346
vn -0.189386636 0.467291951 0.863580346
vn -0.347320169 0.785314977 0.512493193
vn -0.347320169 0.785314977 0.512493193
vn -0.347320169 0.785314977 0.512493193
vn -0.347320169 0.785314977 0.512493193
vn 0.0115573844 -0.409960032 0.91203028
vn 0.0115573844 -0.409960032 0.91203028
vn 0.0115573844 -0.409960032 0.91203028
vn 0.0115573844 -0.409960032 0.91203028
vn 0.755886793 0.573304236 0.316160381
vn 0.755886793 0.573304236 0.316160381
vn 0.755886793 0.573304236 0.316160381
vn 0.755886793 0.573304236 0.316160381
vn 0.466016382 -0.81669116 0.340359241
vn 0.466016382 -0.81669116 0.340359241
vn 0.466016382 -0.81669116 0.340359241
vn 0.466016382 -0.81669116 0.340359241
vn -0.597162068 -0.646272063 0.475110471
vn -0.597162068 -0.646272063 0.475110471
vn -0.597162068 -0.646272063 0.475110471
vn -0.597162068 -0.646272063 0.475110471
vn 0.268765181 -0.816899657 0.510333419
vn 0.268765181 -0.816899657 0.510333419
vn 0.268765181 -0.816899657 0.510333419
vn 0.268765181 -0.816899657 0.510333419
vn 0.900219858 0.288663477 0.326002479
vn 0.900219858 0.288663477 0.326002479
vn 0.900219858 0.288663477 0.326002479
vn 0.900219858 0.288663477 0.326002479
vn 0.810373902 0.143545449 0.568057179
vn 0.810373902 0.143545449 0.568057179
vn 0.810373902 0.143545449 0.568057179
vn 0.810373902 0.143545449 0.568057179
vn 0.692167222 -0.561889827 0.4529728
vn 0.692167222 -0.561889827 0.4529728
vn 0.692167222 -0.561889827 0.4529728
vn 0.692167222 -0.561889827 0.4529728
vn -0.0907341391 -0.965139687 0.245505124
vn -0.0907341391 -0.965139687 0.245505124
vn -0.0907341391 -0.965139687 0.245505124
vn -0.0907341391 -0.965139687 0.245505124
vn 0.092680417 -0.000933351228 0.995695472
vn 0.092680417 -0.000933351228 0.995695472
vn 0.092680417 -0.000933351228 0.995695472
vn 0.092680417 -0.000933351228 0.995695472
vn -0.268960357 -0.0032833498 -0.963145673
vn -0.268960357 -0.0032833498 -0.963145673
vn -0.268960357 -0.0032833498 -0.963145673
vn -0.268960357 -0.0032833498 -0.963145673
vn -0.268960357 -0.0032833498 -0.963145673
vn -0.145618886 0.0173714291 -0.989188254
vn -0.145618886 0.0173714291 -0.989188254
vn -0.145618886 0.0173714291 -0.989188254
vn -0.145618886 0.0173714291 -0.989188254
vn 0.00148856151 -0.999987125 0.00485184416
vn 0.00148856151 -0.999987125 0.00485184416
vn 0.00148856151 -0.999987125 0.00485184416
vn 0.00148856151 -0.999987125 0.00485184416
vn 0.3219679 0.937550366 -0.131666407
vn 0.3219679 0.937550366 -0.131666407
vn 0.3219679 0.937550366 -0.131666407
vn 0.3219679 0.937550366 -0.131666407
vn 0.854510725 0.0480447784 -0.517207026
vn 0.854510725 0.0480447784 -0.517207026
vn 0.854510725 0.0480447784 -0.517207026
vn 0.854510725 0.0480447784 -0.517207026
vn 0.129192963 0.0164900683 0.991482377
vn 0.129192963 0.0164900683 0.991482377
vn 0.129192963 0.0164900683 0.991482377
vn 0.129192963 0.0164900683 0.991482377
vn 0.129192963 0.0164900683 0.991482377
vn -0.971165061 0.104147471 0.214456812
vn -0.971165061 0.104147471 0.214456812
vn -0.971165061 0.104147471 0.214456812
vn -0.971165061 0.104147471 0.214456812
vn 0.929824531 -0.0378222726 -0.366054535
vn 0.929824531 -0.0378222726 -0.366054535
vn 0.929824531 -0.0378222726 -0.366054535
vn 0.929824531 -0.0378222726 -0.366054535
vn -0.181278065 0.0772697404 -0.980391622
vn -0.181278065 0.0772697404 -0.980391622
vn -0.181278065 0.0772697404 -0.980391622
vn -0.181278065 0.0772697404 -0.980391622
vn -0.433540344 -0.893277943 0.118731402
vn -0.433540344 -0.893277943 0.118731402
vn -0.433540344 -0.893277943 0.118731402
vn -0.433540344 -0.893277943 0.118731402
vn 0.208921582 -0.976574361 -0.0515198372
vn 0.208921582 -0.976574361 -0.0515198372
vn 0.208921582 -0.976574361 -0.0515198372
vn 0.208921582 -0.976574361 -0.0515198372
vn -0.0168043543 -0.959624231 -0.280782998
vn -0.0168043543 -0.959624231 -0.280782998
vn -0.0168043543 -0.959624231 -0.280782998
vn -0.0168043543 -0.959624231 -0.280782998
vn 0.950007915 0.193502769 -0.24503383
vn 0.950007915 0.193502769 -0.24503383
vn 0.950007915 0.193502769 -0.24503383
vn 0.950007915 0.193502769 -0.24503383
vn 0.0128165483 0.0581494495 0.998225629
vn 0.0128165483 0.0581494495 0.998225629
vn 0.0128165483 0.0581494495 0.998225629
vn 0.0128165483 0.0581494495 0.998225629
vn -0.952092171 0.0744798705 0.296602935
vn -0.952092171 0.0744798705 0.296602935
vn -0.952092171 0.0744798705 0.296602935
vn -0.952092171 0.0744798705 0.296602935
vn 0.0771538392 -0.930786073 0.357329637
vn 0.0771538392 -0.930786073 0.357329637
vn 0.0771538392 -0.930786073 0.357329637
vn 0.0771538392 -0.930786073 0.357329637
vn 0.866274297 -0.136321202 -0.480609208
vn 0.866274297 -0.136321202 -0.480609208
vn 0.866274297 -0.136321202 -0.480609208
vn 0.866274297 -0.136321202 -0.480609208
vn 0.785366595 0.157847792 -0.598567724
vn 0.785366595 0.157847792 -0.598567724
vn 0.785366595 0.157847792 -0.598567724
vn 0.785366595 0.157847792 -0.598567724
vn -0.133647174 0.119302794 -0.98382169
vn -0.133647174 0.119302794 -0.98382169
vn -0.133647174 0.119302794 -0.98382169
vn -0.133647174 0.119302794 -0.98382169
vn -0.99979192 0.00329330098 0.0201350283
vn -0.99979192 0.00329330098 0.0201350283
vn -0.99979192 0.00329330098 0.0201350283
vn -0.99979192 0.00329330098 0.0201350283
vn 0.742205679 0.00542070717 -0.67015034
vn 0.742205679 0.00542070717 -0.67015034
vn 0.742205679 0.00542070717 -0.67015034
vn 0.742205679 0.00542070717 -0.67015034
vn -0.0184257235 0.772548437 -0.634688497
vn -0.0184257235 0.772548437 -0.634688497
vn -0.0184257235 0.772548437 -0.634688497
vn -0.0184257235 0.772548437 -0.634688497
vn -0.887551725 0.456998289 -0.0583482236
vn -0.887551725 0.456998289 -0.0583482236
vn -0.887551725 0.456998289 -0.0583482236
vn -0.887551725 0.456998289 -0.0583482236
vn -0.267623663 0.0309499409 -0.963026285
vn -0.267623663 0.0309499409 -0.963026285
vn -0.267623663 0.0309499409 -0.963026285
vn -0.267623663 0.0309499409 -0.963026285
vn -0.991392732 0.130911574 -0.00163099286
vn -0.991392732 0.130911574 -0.00163099286
vn -0.991392732 0.130911574 -0.00163099286
vn -0.991392732 0.130911574 -0.00163099286
vn -0.997956514 -0.0399186946 -0.0498933718
vn -0.997956514 -0.0399186946 -0.0498933718
vn -0.997956514 -0.0399186946 -0.0498933718
vn -0.997956514 -0.0399186946 -0.0498933718
vn 0.731976926 0.0471412912 -0.6796965
vn 0.731976926 0.0471412912 -0.6796965
vn 0.731976926 0.0471412912 -0.6796965
vn 0.731976926 0.0471412912 -0.6796965
vn -0.405748188 -0.336978257 -0.849596381
vn -0.405748188 -0.336978257 -0.849596381
vn -0.405748188 -0.336978257 -0.849596381
vn -0.405748188 -0.336978257 -0.849596381
vn 0.559511065 0.626564682 -0.542553425
vn 0.559511065 0.626564682 -0.542553425
vn 0.559511065 0.626564682 -0.542553425
vn 0.559511065 0.626564682 -0.542553425
vn 0.851915658 0.241698131 -0.46456632
vn 0.851915658 0.241698131 -0.46456632
vn 0.851915658 0.241698131 -0.46456632
vn 0.851915658 0.241698131 -0.46456632
vn 0.21360971 -0.849336684 -0.482698709
vn 0.21360971 -0.849336684 -0.482698709
vn 0.21360971 -0.849336684 -0.482698709
vn 0.21360971 -0.849336684 -0.482698709
vn -0.700370669 -0.668212354 -0.250944376
vn -0.700370669 -0.668212354 -0.250944376
vn -0.700370669 -0.668212354 -0.250944376
vn -0.700370669 -0.668212354 -0.250944376
vn -0.324128211 0.225573674 -0.918726027
vn -0.324128211 0.225573674 -0.918726027
vn -0.324128211 0.225573674 -0.918726027
vn -0.324128211 0.225573674 -0.918726027
vn 0.735853314 0.206121892 -0.645006657
vn 0.735853314 0.206121892 -0.645006657
vn 0.735853314 0.206121892 -0.645006657
vn 0.735853314 0.206121892 -0.645006657
vn -0.929714978 0.354854643 -0.0985310599
vn -0.929714978 0.354854643 -0.0985310599
vn -0.929714978 0.354854643 -0.0985310599
vn -0.929714978 0.354854643 -0.0985310599
vn 0.0400963575 -0.0952866077 -0.994642019
vn 0.0400963575 -0.0952866077 -0.994642019
vn 0.0400963575 -0.0952866077 -0.994642019
vn 0.0400963575 -0.0952866077 -0.994642019
vn -0.0663795173 0.166742921 -0.983763456
vn -0.0663795173 0.166742921 -0.983763456
vn -0.0663795173 0.166742921 -0.983763456
vn -0.0663795173 0.166742921 -0.983763456
vn -0.596272528 0.771494865 0.221933946
vn -0.596272528 0.771494865 0.221933946
vn -0.596272528 0.771494865 0.221933946
vn -0.596272528 0.771494865 0.221933946
vn 0.382082999 0.386786133 -0.839290798
vn 0.382082999 0.386786133 -0.839290798
vn 0.382082999 0.386786133 -0.839290798
vn 0.382082999 0.386786133 -0.839290798
vn -0.0137161147 0.0563314185 -0.998317957
vn -0.0137161147 0.0563314185 -0.998317957
vn -0.0137161147 0.0563314185 -0.998317957
vn -0.0137161147 0.0563314185 -0.998317957
vn -0.73096323 -0.679614246 0.0617831126
vn -0.73096323 -0.679614246 0.0617831126
vn -0.73096323 -0.679614246 0.0617831126
vn -0.73096323 -0.679614246 0.0617831126
vn 0.4915483 -0.601722896 -0.629531384
vn 0.4915483 -0.601722896 -0.629531384
vn 0.4915483 -0.601722896 -0.629531384
vn 0.4915483 -0.601722896 -0.629531384
vn -0.549514055 -0.208265767 -0.809110463
vn -0.549514055 -0.208265767 -0.809110463
vn -0.549514055 -0.208265767 -0.809110463
vn -0.549514055 -0.208265767 -0.809110463
vn -0.76750344 -0.548701644 -0.331458688
vn -0.76750344 -0.548701644 -0.331458688
vn -0.76750344 -0.548701644 -0.331458688
vn -0.76750344 -0.548701644 -0.331458688
vn -0.271284401 0.936860859 -0.220673084
vn -0.271284401 0.936860859 -0.220673084
vn -0.271284401 0.936860859 -0.220673084
vn -0.271284401 0.936860859 -0.220673084
vn -0.794635892 0.455870062 -0.400919348
vn -0.794635892 0.455870062 -0.400919348
vn -0.794635892 0.455870062 -0.400919348
vn -0.794635892 0.455870062 -0.400919348
vn -0.181640849 0.450354218 -0.87417829
vn -0.181640849 0.450354218 -0.87417829
vn -0.181640849 0.450354218 -0.87417829
vn -0.181640849 0.450354218 -0.87417829
vn 0.797981083 0.00431597373 -0.602666914
vn 0.797981083 0.00431597373 -0.602666914
vn 0.797981083 0.00431597373 -0.602666914
vn 0.797981083 0.00431597373 -0.602666914
vn 0.817144632 0.0203103311 -0.576074839
vn 0.775324523 -0.00590015855 -0.63153547
vn 0.775324523 -0.00590015855 -0.63153547
vn 0.535903931 0.63443017 0.557050407
vn 0.535903931 0.63443017 0.557050407
vn 0.535903931 0.63443017 0.557050407
vn 0.535903931 0.63443017 0.557050407
vn 0.394531637 0.329546303 0.857755244
vn 0.394531637 0.329546303 0.857755244
vn 0.394531637 0.329546303 0.857755244
vn 0.394531637 0.329546303 0.857755244
vn -0.867465913 0.497271359 0.0149694951
vn -0.867465913 0.497271359 0.0149694951
vn -0.867465913 0.497271359 0.0149694951
vn -0.867465913 0.497271359 0.0149694951
vn -0.886036217 0.46350345 0.0102129895
vn -0.886036217 0.46350345 0.0102129895
vn 0.765011907 0.0247612894 -0.643539965
vn 0.765011907 0.0247612894 -0.643539965
vn 0.765011907 0.0247612894 -0.643539965
vn 0.765011907 0.0247612894 -0.643539965
vn 0.267851949 0.854370117 0.445316851
vn 0.267851949 0.854370117 0.445316851
vn 0.267851949 0.854370117 0.445316851
vn 0.267851949 0.854370117 0.445316851
vn 0.707588136 0.137517512 -0.693114758
vn 0.707588136 0.137517512 -0.693114758
vn 0.707588136 0.137517512 -0.693114758
vn 0.707588136 0.137517512 -0.693114758
vn -0.295818686 -0.953073084 0.0643664077
vn -0.295818686 -0.953073084 0.0643664077
vn -0.295818686 -0.953073084 0.0643664077
vn -0.295818686 -0.953073084 0.0643664077
vn 0.0293981712 -0.940741479 -0.337847739
vn 0.0293981712 -0.940741479 -0.337847739
vn 0.0293981712 -0.940741479 -0.337847739
vn 0.0293981712 -0.940741479 -0.337847739
vn 0.562083781 -0.708286226 -0.427074075
vn 0.563077629 -0.707958519 -0.426307827
vn 0.563077629 -0.707958519 -0.426307827
vn 0.563077629 -0.707958519 -0.426307827
vn 0.227355003 -0.971859694 -0.0616309159
vn 0.227355003 -0.971859694 -0.0616309159
vn 0.227355003 -0.971859694 -0.0616309159
vn 0.227355003 -0.971859694 -0.0616309159
vn 0.383520603 0.117765412 -0.915992975
vn 0.383520603 0.117765412 -0.915992975
vn 0.383520603 0.117765412 -0.915992975
vn 0.383520603 0.117765412 -0.915992975
vn 0.779435456 0.00157644821 0.62648052
vn 0.779435456 0.00157644821 0.62648052
vn 0.779435456 0.00157644821 0.62648052
vn 0.779435456 0.00157644821 0.62648052
vn -0.909398258 -0.0566330403 -0.41205281
vn -0.909398258 -0.0566330403 -0.41205281
vn -0.909398258 -0.0566330403 -0.41205281
vn -0.909398258 -0.0566330403 -0.41205281
vn -0.907485008 -0.0582347438 -0.41602841
vn -0.907485008 -0.0582347438 -0.41602841
vn -0.366143525 0.0200612843 0.930342078
vn -0.366143525 0.0200612843 0.930342078
vn -0.366143525 0.0200612843 0.930342078
vn -0.366143525 0.0200612843 0.930342078
vn -0.468431294 -0.186547086 0.863581061
vn -0.468431294 -0.186547086 0.863581061
vn -0.468431294 -0.186547086 0.863581061
vn -0.468431294 -0.186547086 0.863581061
vn -0.010270373 -0.960133195 0.279354125
vn -0.010270373 -0.960133195 0.279354125
vn -0.010270373 -0.960133195 0.279354125
vn -0.010270373 -0.960133195 0.279354125
vn -0.716029644 -0.460206717 -0.524891675
vn -0.716029644 -0.460206717 -0.524891675
vn -0.716029644 -0.460206717 -0.524891675
vn -0.716029644 -0.460206717 -0.524891675
vn 0.425091118 -0.893842101 0.142631799
vn 0.425091118 -0.893842101 0.142631799
vn 0.425091118 -0.893842101 0.142631799
vn 0.425091118 -0.893842101 0.142631799
vn -0.860394835 -0.0620794855 0.505832851
vn -0.860394835 -0.0620794855 0.505832851
vn -0.860394835 -0.0620794855 0.505832851
vn -0.860394835 -0.0620794855 0.505832851
vn 0.966608465 0.120332815 -0.226247698
vn 0.966608465 0.120332815 -0.226247698
vn 0.966608465 0.120332815 -0.226247698
vn 0.966608465 0.120332815 -0.226247698
vn -0.873746455 0.0579778329 -0.482913822
vn -0.873746455 0.0579778329 -0.482913822
vn -0.873746455 0.0579778329 -0.482913822
vn -0.873746455 0.0579778329 -0.482913822
vn 0.59051615 -0.767544985 0.249329895
vn 0.59051615 -0.767544985 0.249329895
vn 0.59051615 -0.767544985 0.249329895
vn 0.59051615 -0.767544985 0.249329895
vn -0.0723291039 -0.996768951 0.0349326693
vn -0.0723291039 -0.996768951 0.0349326693
vn -0.0723291039 -0.996768951 0.0349326693
vn -0.0723291039 -0.996768951 0.0349326693
vn 0.355989575 -0.187809408 -0.915422916
vn 0.355989575 -0.187809408 -0.915422916
vn 0.355989575 -0.187809408 -0.915422916
vn 0.355989575 -0.187809408 -0.915422916
vn -0.254558116 0.00637770724 0.967036426
vn -0.254558116 0.00637770724 0.967036426
vn -0.254558116 0.00637770724 0.967036426
vn -0.254558116 0.00637770724 0.967036426
vn -0.254558116 0.00637770724 0.967036426
vn -0.811705828 0.0235470422 -0.58359158
vn -0.811705828 0.0235470422 -0.58359158
vn -0.811705828 0.0235470422 -0.58359158
vn -0.811705828 0.0235470422 -0.58359158
vn -0.614376128 -0.124204822 0.779175937
vn -0.614376128 -0.124204822 0.779175937
vn -0.614376128 -0.124204822 0.779175937
vn -0.614376128 -0.124204822 0.779175937
vn -0.614376128 -0.124204822 0.779175937
vn -0.616198897 -0.111743137 0.77962321
vn 0.59719336 0.0271483436 -0.801637709
vn 0.59719336 0.0271483436 -0.801637709
vn 0.59719336 0.0271483436 -0.801637709
vn 0.59719336 0.0271483436 -0.801637709
vn 0.59719336 0.0271483436 -0.801637709
vn 0.599103808 0.0541744083 -0.798836529
vn 0.0543333478 -0.996794641 -0.0587215908
vn 0.0543333478 -0.996794641 -0.0587215908
vn 0.0543333478 -0.996794641 -0.0587215908
vn 0.0543333478 -0.996794641 -0.0587215908
vn 0.563476205 0.121708415 -0.81711787
vn 0.563476205 0.121708415 -0.81711787
vn 0.563476205 0.121708415 -0.81711787
vn 0.563476205 0.121708415 -0.81711787
vn 0.563476205 0.121708415 -0.81711787
vn -0.544658363 0.134979337 0.827724516
vn -0.544658363 0.134979337 0.827724516
vn -0.544658363 0.134979337 0.827724516
vn -0.544658363 0.134979337 0.827724516
vn 0.909277499 0.178077295 0.376168489
vn 0.909277499 0.178077295 0.376168489
vn 0.909277499 0.178077295 0.376168489
vn 0.909277499 0.178077295 0.376168489
vn 0.77335006 -0.221352413 -0.594081342
vn 0.77335006 -0.221352413 -0.594081342
vn 0.77335006 -0.221352413 -0.594081342
vn 0.77335006 -0.221352413 -0.594081342
vn 0.61897099 0.702842772 0.350552261
vn 0.61897099 0.702842772 0.350552261
vn 0.61897099 0.702842772 0.350552261
vn 0.61897099 0.702842772 0.350552261
vn 0.220228508 0.46322462 -0.85844177
vn 0.220228508 0.46322462 -0.85844177
vn 0.220228508 0.46322462 -0.85844177
vn 0.220228508 0.46322462 -0.85844177
vn -0.690563381 -0.141311213 -0.709333122
vn -0.690563381 -0.141311213 -0.709333122
vn -0.690563381 -0.141311213 -0.709333122
vn -0.690563381 -0.141311213 -0.709333122
vn -0.755546212 -0.1142551 -0.645054936
vn -0.755546212 -0.1142551 -0.645054936
vn -0.755546212 -0.1142551 -0.645054936
vn -0.755546212 -0.1142551 -0.645054936
vn 0.70932436 0.210219413 0.67280525
vn 0.70932436 0.210219413 0.67280525
vn 0.70932436 0.210219413 0.67280525
vn 0.70932436 0.210219413 0.67280525
vn 0.884952009 -0.0579496324 0.462062478
vn 0.884952009 -0.0579496324 0.462062478
vn 0.884952009 -0.0579496324 0.462062478
vn 0.884952009 -0.0579496324 0.462062478
vn 0.737282872 0.426817298 0.523680031
vn 0.737282872 0.426817298 0.523680031
vn 0.737282872 0.426817298 0.523680031
vn 0.737282872 0.426817298 0.523680031
vn 0.222281039 -0.967039108 0.124203369
vn 0.222281039 -0.967039108 0.124203369
vn 0.222281039 -0.967039108 0.124203369
vn 0.222281039 -0.967039108 0.124203369
vn 0.503591478 -0.00192057749 -0.863939762
vn 0.503591478 -0.00192057749 -0.863939762
vn 0.503591478 -0.00192057749 -0.863939762
vn 0.503591478 -0.00192057749 -0.863939762
vn -0.556894839 -0.141280472 0.818479061
vn -0.556894839 -0.141280472 0.818479061
vn -0.556894839 -0.141280472 0.818479061
vn -0.556894839 -0.141280472 0.818479061
vn 0.149519235 -0.11060451 0.982553124
vn 0.149615094 -0.108453818 0.982778251
vn 0.149519235 -0.11060451 0.982553124
vn 0.149519235 -0.11060451 0.982553124
vn 0.149519235 -0.11060451 0.982553124
vn -0.999032378 0.0377499424 -0.0225679185
vn -0.999032378 0.0377499424 -0.0225679185
vn -0.999032378 0.0377499424 -0.0225679185
vn -0.999032378 0.0377499424 -0.0225679185
vn -0.238595277 0.105331957 -0.965389788
vn -0.238595277 0.105331957 -0.965389788
vn -0.238595277 0.105331957 -0.965389788
vn -0.238595277 0.105331957 -0.965389788
vn 0.905048549 -0.00318695256 -0.425296307
vn 0.90509963 -0.00108055468 -0.425198257
vn 0.905320585 5.26465556E-05 -0.424728811
vn 0.902342319 -0.0446392111 -0.428702414
vn -0.985584438 -0.116314821 0.12285769
vn -0.985584438 -0.116314821 0.12285769
vn -0.985584438 -0.116314821 0.12285769
vn -0.985584438 -0.116314821 0.12285769
vn 0.809024632 -0.0364565626 -0.5866431
vn 0.808761239 -0.0352588408 -0.587079346
vn 0.808761239 -0.0352588408 -0.587079346
vn 0.808761239 -0.0352588408 -0.587079346
vn -0.304367602 -0.0843850598 -0.948809505
vn -0.304367602 -0.0843850598 -0.948809505
vn -0.304367602 -0.0843850598 -0.948809505
vn -0.304367602 -0.0843850598 -0.948809505
vn -0.304367602 -0.0843850598 -0.948809505
vn 0.890640974 0.0165911112 -0.454404473
vn 0.890640974 0.0165911112 -0.454404473
vn 0.890640974 0.0165911112 -0.454404473
vn 0.890640974 0.0165911112 -0.454404473
vn 0.905088186 0.0428598374 -0.423058391
vn 0.905088186 0.0428598374 -0.423058391
vn 0.916468143 -0.397132933 0.0486988574
vn 0.916116357 -0.397818178 0.0497142188
vn 0.916116357 -0.397818178 0.0497142188
vn 0.916116357 -0.397818178 0.0497142188
vn 0.79003036 0.0947195217 -0.605706394
vn 0.79003036 0.0947195217 -0.605706394
vn 0.79003036 0.0947195217 -0.605706394
vn 0.79003036 0.0947195217 -0.605706394
vn 0.83077246 0.12183471 -0.543114424
vn 0.83077246 0.12183471 -0.543114424
vn 0.83077246 0.12183471 -0.543114424
vn 0.83077246 0.12183471 -0.543114424
vn 0.875033796 0.154279038 -0.458817869
vn 0.875033796 0.154279038 -0.458817869
vn 0.875033796 0.154279038 -0.458817869
vn 0.875033796 0.154279038 -0.458817869
vn -0.0146143073 0.857632816 -0.514054656
vn -0.0146143073 0.857632816 -0.514054656
vn -0.0146143073 0.857632816 -0.514054656
vn -0.0146143073 0.857632816 -0.514054656
vn -0.758160114 -0.566198528 -0.323438495
vn -0.758160114 -0.566198528 -0.323438495
vn -0.758160114 -0.566198528 -0.323438495
vn -0.758160114 -0.566198528 -0.323438495
vn -0.0439730845 0.921953499 -0.384796232
vn -0.0439730845 0.921953499 -0.384796232
vn -0.0439730845 0.921953499 -0.384796232
vn -0.0439730845 0.921953499 -0.384796232
vn -0.968450308 -0.0478567295 -0.244568646
vn -0.968450308 -0.0478567295 -0.244568646
vn -0.968450308 -0.0478567295 -0.244568646
vn -0.968450308 -0.0478567295 -0.244568646
vn 0.30460152 0.0818787739 -0.948953986
vn 0.30460152 0.0818787739 -0.948953986
vn 0.30460152 0.0818787739 -0.948953986
vn 0.30460152 0.0818787739 -0.948953986
vn -0.324261695 0.167998105 -0.930930138
vn -0.324261695 0.167998105 -0.930930138
vn -0.324261695 0.167998105 -0.930930138
vn -0.324261695 0.167998105 -0.930930138
vn -0.454561979 0.536823928 -0.710769653
vn -0.454561979 0.536823928 -0.710769653
vn -0.454561979 0.536823928 -0.710769653
vn -0.454561979 0.536823928 -0.710769653
vn -0.484699905 0.820186138 -0.303908944
vn -0.484699905 0.820186138 -0.303908944
vn -0.484699905 0.820186138 -0.303908944
vn -0.484699905 0.820186138 -0.303908944
vn -0.287538022 -0.327816039 -0.899921477
vn -0.287538022 -0.327816039 -0.899921477
vn -0.287538022 -0.327816039 -0.899921477
vn -0.287538022 -0.327816039 -0.899921477
vn 0.620124459 0.608351648 -0.495332152
vn 0.620124459 0.608351648 -0.495332152
vn 0.620124459 0.608351648 -0.495332152
vn 0.620124459 0.608351648 -0.495332152
vn 0.328527629 -0.775113225 -0.539693415
vn 0.328527629 -0.775113225 -0.539693415
vn 0.328527629 -0.775113225 -0.539693415
vn 0.328527629 -0.775113225 -0.539693415
vn -0.726554096 -0.6144467 -0.307529658
vn -0.726554096 -0.6144467 -0.307529658
vn -0.726554096 -0.6144467 -0.307529658
vn -0.726554096 -0.6144467 -0.307529658
vn 0.0824109539 -0.763741434 -0.640240192
vn 0.0824109539 -0.763741434 -0.640240192
vn 0.0824109539 -0.763741434 -0.640240192
vn 0.0824109539 -0.763741434 -0.640240192
vn 0.748457611 0.326788753 -0.577079237
vn 0.748457611 0.326788753 -0.577079237
vn 0.748457611 0.326788753 -0.577079237
vn 0.748457611 0.326788753 -0.577079237
vn 0.581030786 0.200852498 -0.788708806
vn 0.581030786 0.200852498 -0.788708806
vn 0.581030786 0.200852498 -0.788708806
vn 0.581030786 0.200852498 -0.788708806
vn 0.500685036 -0.510646701 -0.698966682
vn 0.500685036 -0.510646701 -0.698966682
vn 0.500685036 -0.510646701 -0.698966682
vn 0.500685036 -0.510646701 -0.698966682
vn -0.179255441 -0.94474262 -0.27446118
vn -0.179255441 -0.94474262 -0.27446118
vn -0.179255441 -0.94474262 -0.27446118
vn -0.179255441 -0.94474262 -0.27446118
g people_U2_0
f 3/3/3 2/2/2 1/1/1
f 6/6/6 5/5/5 4/4/4
f 9/9/9 8/8/8 7/7/7
f 12/12/12 11/11/11 10/10/10
f 15/15/15 14/14/14 13/13/13
f 18/18/18 17/17/17 16/16/16
f 21/21/21 20/20/20 19/19/19
f 24/24/24 23/23/23 22/22/22
f 27/27/27 26/26/26 25/25/25
f 30/30/30 29/29/29 28/28/28
f 33/33/33 32/32/32 31/31/31
f 36/36/36 35/35/35 34/34/34
f 39/39/39 38/38/38 37/37/37
f 42/42/42 41/41/41 40/40/40
f 45/45/45 44/44/44 43/43/43
f 48/48/48 47/47/47 46/46/46
f 51/51/51 50/50/50 49/49/49
f 54/54/54 53/53/53 52/52/52
f 57/57/57 56/56/56 55/55/55
f 60/60/60 59/59/59 58/58/58
f 63/63/63 62/62/62 61/61/61
f 66/66/66 65/65/65 64/64/64
f 69/69/69 68/68/68 67/67/67
f 72/72/72 71/71/71 70/70/70
f 75/75/75 74/74/74 73/73/73
f 78/78/78 77/77/77 76/76/76
f 81/81/81 80/80/80 79/79/79
f 84/84/84 83/83/83 82/82/82
f 87/87/87 86/86/86 85/85/85
f 90/90/90 89/89/89 88/88/88
f 93/93/93 92/92/92 91/91/91
f 96/96/96 95/95/95 94/94/94
f 99/99/99 98/98/98 97/97/97
f 102/102/102 101/101/101 100/100/100
f 105/105/105 104/104/104 103/103/103
f 108/108/108 107/107/107 106/106/106
f 111/111/111 110/110/110 109/109/109
f 114/114/114 113/113/113 112/112/112
f 117/117/117 116/116/116 115/115/115
f 120/120/120 119/119/119 118/118/118
f 123/123/123 122/122/122 121/121/121
f 126/126/126 125/125/125 124/124/124
f 129/129/129 128/128/128 127/127/127
f 132/132/132 131/131/131 130/130/130
f 135/135/135 134/134/134 133/133/133
f 138/138/138 137/137/137 136/136/136
f 141/141/141 140/140/140 139/139/139
f 144/144/144 143/143/143 142/142/142
f 147/147/147 146/146/146 145/145/145
f 150/150/150 149/149/149 148/148/148
f 153/153/153 152/152/152 151/151/151
f 156/156/156 155/155/155 154/154/154
f 159/159/159 158/158/158 157/157/157
f 162/162/162 161/161/161 160/160/160
f 165/165/165 164/164/164 163/163/163
f 168/168/168 167/167/167 166/166/166
f 171/171/171 170/170/170 169/169/169
f 174/174/174 173/173/173 172/172/172
f 177/177/177 176/176/176 175/175/175
f 180/180/180 179/179/179 178/178/178
f 183/183/183 182/182/182 181/181/181
f 186/186/186 185/185/185 184/184/184
f 189/189/189 188/188/188 187/187/187
f 192/192/192 191/191/191 190/190/190
f 195/195/195 194/194/194 193/193/193
f 198/198/198 197/197/197 196/196/196
f 201/201/201 200/200/200 199/199/199
f 204/204/204 203/203/203 202/202/202
f 207/207/207 206/206/206 205/205/205
f 210/210/210 209/209/209 208/208/208
f 213/213/213 212/212/212 211/211/211
f 216/216/216 215/215/215 214/214/214
f 219/219/219 218/218/218 217/217/217
f 222/222/222 221/221/221 220/220/220
f 225/225/225 224/224/224 223/223/223
f 228/228/228 227/227/227 226/226/226
f 231/231/231 230/230/230 229/229/229
f 234/234/234 233/233/233 232/232/232
f 237/237/237 236/236/236 235/235/235
f 240/240/240 239/239/239 238/238/238
f 243/243/243 242/242/242 241/241/241
f 246/246/246 245/245/245 244/244/244
f 249/249/249 248/248/248 247/247/247
f 252/252/252 251/251/251 250/250/250
f 255/255/255 254/254/254 253/253/253
f 258/258/258 257/257/257 256/256/256
f 261/261/261 260/260/260 259/259/259
f 264/264/264 263/263/263 262/262/262
f 267/267/267 266/266/266 265/265/265
f 270/270/270 269/269/269 268/268/268
f 273/273/273 272/272/272 271/271/271
f 276/276/276 275/275/275 274/274/274
f 279/279/279 278/278/278 277/277/277
f 282/282/282 281/281/281 280/280/280
f 285/285/285 284/284/284 283/283/283
f 288/288/288 287/287/287 286/286/286
f 291/291/291 290/290/290 289/289/289
f 294/294/294 293/293/293 292/292/292
f 297/297/297 296/296/296 295/295/295
f 300/300/300 299/299/299 298/298/298
f 303/303/303 302/302/302 301/301/301
f 306/306/306 305/305/305 304/304/304
f 309/309/309 308/308/308 307/307/307
f 312/312/312 311/311/311 310/310/310
f 315/315/315 314/314/314 313/313/313
f 318/318/318 317/317/317 316/316/316
f 321/321/321 320/320/320 319/319/319
f 324/324/324 323/323/323 322/322/322
f 327/327/327 326/326/326 325/325/325
f 330/330/330 329/329/329 328/328/328
f 333/333/333 332/332/332 331/331/331
f 336/336/336 335/335/335 334/334/334
f 339/339/339 338/338/338 337/337/337
f 342/342/342 341/341/341 340/340/340
f 345/345/345 344/344/344 343/343/343
f 348/348/348 347/347/347 346/346/346
f 351/351/351 350/350/350 349/349/349
f 354/354/354 353/353/353 352/352/352
f 357/357/357 356/356/356 355/355/355
f 360/360/360 359/359/359 358/358/358
f 363/363/363 362/362/362 361/361/361
f 366/366/366 365/365/365 364/364/364
f 369/369/369 368/368/368 367/367/367
f 372/372/372 371/371/371 370/370/370
f 375/375/375 374/374/374 373/373/373
f 378/378/378 377/377/377 376/376/376
f 381/381/381 380/380/380 379/379/379
f 384/384/384 383/383/383 382/382/382
f 387/387/387 386/386/386 385/385/385
f 390/390/390 389/389/389 388/388/388
f 393/393/393 392/392/392 391/391/391
f 396/396/396 395/395/395 394/394/394
f 399/399/399 398/398/398 397/397/397
f 402/402/402 401/401/401 400/400/400
f 405/405/405 404/404/404 403/403/403
f 408/408/408 407/407/407 406/406/406
f 411/411/411 410/410/410 409/409/409
f 414/414/414 413/413/413 412/412/412
f 417/417/417 416/416/416 415/415/415
f 420/420/420 419/419/419 418/418/418
f 423/423/423 422/422/422 421/421/421
f 426/426/426 425/425/425 424/424/424
f 429/429/429 428/428/428 427/427/427
f 432/432/432 431/431/431 430/430/430
f 435/435/435 434/434/434 433/433/433
f 438/438/438 437/437/437 436/436/436
f 441/441/441 440/440/440 439/439/439
f 444/444/444 443/443/443 442/442/442
f 447/447/447 446/446/446 445/445/445
f 450/450/450 449/449/449 448/448/448
f 453/453/453 452/452/452 451/451/451
f 456/456/456 455/455/455 454/454/454
f 459/459/459 458/458/458 457/457/457
f 462/462/462 461/461/461 460/460/460
f 465/465/465 464/464/464 463/463/463
f 468/468/468 467/467/467 466/466/466
f 471/471/471 470/470/470 469/469/469
f 474/474/474 473/473/473 472/472/472
f 477/477/477 476/476/476 475/475/475
f 480/480/480 479/479/479 478/478/478
f 483/483/483 482/482/482 481/481/481
f 486/486/486 485/485/485 484/484/484
f 489/489/489 488/488/488 487/487/487
f 492/492/492 491/491/491 490/490/490
f 495/495/495 494/494/494 493/493/493
f 498/498/498 497/497/497 496/496/496
f 501/501/501 500/500/500 499/499/499
f 504/504/504 503/503/503 502/502/502
f 507/507/507 506/506/506 505/505/505
f 510/510/510 509/509/509 508/508/508
f 513/513/513 512/512/512 511/511/511
f 516/516/516 515/515/515 514/514/514
f 519/519/519 518/518/518 517/517/517
f 522/522/522 521/521/521 520/520/520
f 525/525/525 524/524/524 523/523/523
f 528/528/528 527/527/527 526/526/526
f 531/531/531 530/530/530 529/529/529
f 534/534/534 533/533/533 532/532/532
f 537/537/537 536/536/536 535/535/535
f 540/540/540 539/539/539 538/538/538
f 543/543/543 542/542/542 541/541/541
f 546/546/546 545/545/545 544/544/544
f 549/549/549 548/548/548 547/547/547
f 552/552/552 551/551/551 550/550/550
f 555/555/555 554/554/554 553/553/553
f 558/558/558 557/557/557 556/556/556
f 561/561/561 560/560/560 559/559/559
f 564/564/564 563/563/563 562/562/562
f 567/567/567 566/566/566 565/565/565
f 570/570/570 569/569/569 568/568/568
f 573/573/573 572/572/572 571/571/571
f 576/576/576 575/575/575 574/574/574
f 579/579/579 578/578/578 577/577/577
f 582/582/582 581/581/581 580/580/580
f 585/585/585 584/584/584 583/583/583
f 588/588/588 587/587/587 586/586/586
f 591/591/591 590/590/590 589/589/589
f 594/594/594 593/593/593 592/592/592
f 597/597/597 596/596/596 595/595/595
f 600/600/600 599/599/599 598/598/598
f 603/603/603 602/602/602 601/601/601
f 606/606/606 605/605/605 604/604/604
f 609/609/609 608/608/608 607/607/607
f 612/612/612 611/611/611 610/610/610
f 615/615/615 614/614/614 613/613/613
f 618/618/618 617/617/617 616/616/616
f 621/621/621 620/620/620 619/619/619
f 624/624/624 623/623/623 622/622/622
f 627/627/627 626/626/626 625/625/625
f 630/630/630 629/629/629 628/628/628
f 633/633/633 632/632/632 631/631/631
f 636/636/636 635/635/635 634/634/634
f 639/639/639 638/638/638 637/637/637
f 642/642/642 641/641/641 640/640/640
f 645/645/645 644/644/644 643/643/643
f 648/648/648 647/647/647 646/646/646
f 651/651/651 650/650/650 649/649/649
f 654/654/654 653/653/653 652/652/652
f 657/657/657 656/656/656 655/655/655
f 660/660/660 659/659/659 658/658/658
f 663/663/663 662/662/662 661/661/661
f 666/666/666 665/665/665 664/664/664
f 669/669/669 668/668/668 667/667/667
f 672/672/672 671/671/671 670/670/670
f 675/675/675 674/674/674 673/673/673
f 678/678/678 677/677/677 676/676/676
f 681/681/681 680/680/680 679/679/679
f 684/684/684 683/683/683 682/682/682
f 687/687/687 686/686/686 685/685/685
f 690/690/690 689/689/689 688/688/688
f 693/693/693 692/692/692 691/691/691
f 696/696/696 695/695/695 694/694/694
f 699/699/699 698/698/698 697/697/697
f 702/702/702 701/701/701 700/700/700
f 705/705/705 704/704/704 703/703/703
f 708/708/708 707/707/707 706/706/706
f 711/711/711 710/710/710 709/709/709
f 714/714/714 713/713/713 712/712/712
f 717/717/717 716/716/716 715/715/715
f 720/720/720 719/719/719 718/718/718
f 723/723/723 722/722/722 721/721/721
f 726/726/726 725/725/725 724/724/724
f 729/729/729 728/728/728 727/727/727
f 732/732/732 731/731/731 730/730/730
f 735/735/735 734/734/734 733/733/733
f 738/738/738 737/737/737 736/736/736
f 741/741/741 740/740/740 739/739/739
f 744/744/744 743/743/743 742/742/742
f 747/747/747 746/746/746 745/745/745
f 750/750/750 749/749/749 748/748/748
f 753/753/753 752/752/752 751/751/751
f 756/756/756 755/755/755 754/754/754
f 759/759/759 758/758/758 757/757/757
f 762/762/762 761/761/761 760/760/760
f 765/765/765 764/764/764 763/763/763
f 768/768/768 767/767/767 766/766/766
f 771/771/771 770/770/770 769/769/769
f 774/774/774 773/773/773 772/772/772
f 777/777/777 776/776/776 775/775/775
f 780/780/780 779/779/779 778/778/778
f 783/783/783 782/782/782 781/781/781
f 786/786/786 785/785/785 784/784/784
f 789/789/789 788/788/788 787/787/787
f 792/792/792 791/791/791 790/790/790
f 795/795/795 794/794/794 793/793/793
f 798/798/798 797/797/797 796/796/796
f 801/801/801 800/800/800 799/799/799
f 804/804/804 803/803/803 802/802/802
f 807/807/807 806/806/806 805/805/805
f 810/810/810 809/809/809 808/808/808
f 813/813/813 812/812/812 811/811/811
f 816/816/816 815/815/815 814/814/814
f 819/819/819 818/818/818 817/817/817
f 822/822/822 821/821/821 820/820/820
f 825/825/825 824/824/824 823/823/823
f 828/828/828 827/827/827 826/826/826
f 831/831/831 830/830/830 829/829/829
f 834/834/834 833/833/833 832/832/832
f 837/837/837 836/836/836 835/835/835
f 840/840/840 839/839/839 838/838/838
f 843/843/843 842/842/842 841/841/841
f 846/846/846 845/845/845 844/844/844
f 849/849/849 848/848/848 847/847/847
f 852/852/852 851/851/851 850/850/850
f 855/855/855 854/854/854 853/853/853
f 858/858/858 857/857/857 856/856/856
f 861/861/861 860/860/860 859/859/859
f 864/864/864 863/863/863 862/862/862
f 867/867/867 866/866/866 865/865/865
f 870/870/870 869/869/869 868/868/868
f 873/873/873 872/872/872 871/871/871
f 876/876/876 875/875/875 874/874/874
f 879/879/879 878/878/878 877/877/877
f 882/882/882 881/881/881 880/880/880
f 885/885/885 884/884/884 883/883/883
f 888/888/888 887/887/887 886/886/886
f 891/891/891 890/890/890 889/889/889
f 894/894/894 893/893/893 892/892/892
f 897/897/897 896/896/896 895/895/895
f 900/900/900 899/899/899 898/898/898
f 903/903/903 902/902/902 901/901/901
f 906/906/906 905/905/905 904/904/904
f 909/909/909 908/908/908 907/907/907
f 912/912/912 911/911/911 910/910/910
f 915/915/915 914/914/914 913/913/913
f 918/918/918 917/917/917 916/916/916
f 921/921/921 920/920/920 919/919/919
f 924/924/924 923/923/923 922/922/922
f 927/927/927 926/926/926 925/925/925
f 930/930/930 929/929/929 928/928/928
f 933/933/933 932/932/932 931/931/931
f 936/936/936 935/935/935 934/934/934
f 939/939/939 938/938/938 937/937/937
f 942/942/942 941/941/941 940/940/940
f 945/945/945 944/944/944 943/943/943
f 948/948/948 947/947/947 946/946/946
f 951/951/951 950/950/950 949/949/949
f 954/954/954 953/953/953 952/952/952
f 957/957/957 956/956/956 955/955/955
f 960/960/960 959/959/959 958/958/958
f 963/963/963 962/962/962 961/961/961
f 966/966/966 965/965/965 964/964/964
f 969/969/969 968/968/968 967/967/967
f 972/972/972 971/971/971 970/970/970
f 975/975/975 974/974/974 973/973/973
f 978/978/978 977/977/977 976/976/976
f 981/981/981 980/980/980 979/979/979
f 984/984/984 983/983/983 982/982/982
f 987/987/987 986/986/986 985/985/985
f 990/990/990 989/989/989 988/988/988
f 993/993/993 992/992/992 991/991/991
f 996/996/996 995/995/995 994/994/994
f 999/999/999 998/998/998 997/997/997
f 1002/1002/1002 1001/1001/1001 1000/1000/1000
f 1005/1005/1005 1004/1004/1004 1003/1003/1003
f 1008/1008/1008 1007/1007/1007 1006/1006/1006
f 1011/1011/1011 1010/1010/1010 1009/1009/1009
f 1014/1014/1014 1013/1013/1013 1012/1012/1012
f 1017/1017/1017 1016/1016/1016 1015/1015/1015
f 1020/1020/1020 1019/1019/1019 1018/1018/1018
f 1023/1023/1023 1022/1022/1022 1021/1021/1021
f 1026/1026/1026 1025/1025/1025 1024/1024/1024
f 1029/1029/1029 1028/1028/1028 1027/1027/1027
f 1032/1032/1032 1031/1031/1031 1030/1030/1030
f 1035/1035/1035 1034/1034/1034 1033/1033/1033
f 1038/1038/1038 1037/1037/1037 1036/1036/1036
f 1041/1041/1041 1040/1040/1040 1039/1039/1039
f 1044/1044/1044 1043/1043/1043 1042/1042/1042
f 1047/1047/1047 1046/1046/1046 1045/1045/1045
f 1050/1050/1050 1049/1049/1049 1048/1048/1048
f 1053/1053/1053 1052/1052/1052 1051/1051/1051
f 1056/1056/1056 1055/1055/1055 1054/1054/1054
f 1059/1059/1059 1058/1058/1058 1057/1057/1057
f 1062/1062/1062 1061/1061/1061 1060/1060/1060
f 1065/1065/1065 1064/1064/1064 1063/1063/1063
f 1068/1068/1068 1067/1067/1067 1066/1066/1066
f 1071/1071/1071 1070/1070/1070 1069/1069/1069
f 1074/1074/1074 1073/1073/1073 1072/1072/1072
f 1077/1077/1077 1076/1076/1076 1075/1075/1075
f 1080/1080/1080 1079/1079/1079 1078/1078/1078
f 1083/1083/1083 1082/1082/1082 1081/1081/1081
f 1086/1086/1086 1085/1085/1085 1084/1084/1084
f 1089/1089/1089 1088/1088/1088 1087/1087/1087
f 1092/1092/1092 1091/1091/1091 1090/1090/1090
f 1095/1095/1095 1094/1094/1094 1093/1093/1093
f 1098/1098/1098 1097/1097/1097 1096/1096/1096
f 1101/1101/1101 1100/1100/1100 1099/1099/1099
f 1104/1104/1104 1103/1103/1103 1102/1102/1102
f 1107/1107/1107 1106/1106/1106 1105/1105/1105
f 1110/1110/1110 1109/1109/1109 1108/1108/1108
f 1113/1113/1113 1112/1112/1112 1111/1111/1111
f 1116/1116/1116 1115/1115/1115 1114/1114/1114
f 1119/1119/1119 1118/1118/1118 1117/1117/1117
f 1122/1122/1122 1121/1121/1121 1120/1120/1120
f 1125/1125/1125 1124/1124/1124 1123/1123/1123
f 1128/1128/1128 1127/1127/1127 1126/1126/1126
f 1131/1131/1131 1130/1130/1130 1129/1129/1129
f 1134/1134/1134 1133/1133/1133 1132/1132/1132
f 1137/1137/1137 1136/1136/1136 1135/1135/1135
f 1140/1140/1140 1139/1139/1139 1138/1138/1138
f 1143/1143/1143 1142/1142/1142 1141/1141/1141
f 1146/1146/1146 1145/1145/1145 1144/1144/1144
f 1149/1149/1149 1148/1148/1148 1147/1147/1147
f 1152/1152/1152 1151/1151/1151 1150/1150/1150
f 1155/1155/1155 1154/1154/1154 1153/1153/1153
f 1158/1158/1158 1157/1157/1157 1156/1156/1156
f 1161/1161/1161 1160/1160/1160 1159/1159/1159
f 1164/1164/1164 1163/1163/1163 1162/1162/1162
f 1167/1167/1167 1166/1166/1166 1165/1165/1165
f 1170/1170/1170 1169/1169/1169 1168/1168/1168
f 1173/1173/1173 1172/1172/1172 1171/1171/1171
f 1176/1176/1176 1175/1175/1175 1174/1174/1174
f 1179/1179/1179 1178/1178/1178 1177/1177/1177
f 1182/1182/1182 1181/1181/1181 1180/1180/1180
f 1185/1185/1185 1184/1184/1184 1183/1183/1183
f 1188/1188/1188 1187/1187/1187 1186/1186/1186
f 1191/1191/1191 1190/1190/1190 1189/1189/1189
f 1194/1194/1194 1193/1193/1193 1192/1192/1192
f 1197/1197/1197 1196/1196/1196 1195/1195/1195
f 1200/1200/1200 1199/1199/1199 1198/1198/1198
f 1203/1203/1203 1202/1202/1202 1201/1201/1201
f 1206/1206/1206 1205/1205/1205 1204/1204/1204
f 1209/1209/1209 1208/1208/1208 1207/1207/1207
f 1212/1212/1212 1211/1211/1211 1210/1210/1210
f 1215/1215/1215 1214/1214/1214 1213/1213/1213
f 1218/1218/1218 1217/1217/1217 1216/1216/1216
f 1221/1221/1221 1220/1220/1220 1219/1219/1219
f 1224/1224/1224 1223/1223/1223 1222/1222/1222
f 1227/1227/1227 1226/1226/1226 1225/1225/1225
f 1230/1230/1230 1229/1229/1229 1228/1228/1228
f 1233/1233/1233 1232/1232/1232 1231/1231/1231
f 1236/1236/1236 1235/1235/1235 1234/1234/1234
f 1239/1239/1239 1238/1238/1238 1237/1237/1237
f 1242/1242/1242 1241/1241/1241 1240/1240/1240
f 1245/1245/1245 1244/1244/1244 1243/1243/1243
f 1248/1248/1248 1247/1247/1247 1246/1246/1246
f 1251/1251/1251 1250/1250/1250 1249/1249/1249
f 1254/1254/1254 1253/1253/1253 1252/1252/1252
f 1257/1257/1257 1256/1256/1256 1255/1255/1255
f 1260/1260/1260 1259/1259/1259 1258/1258/1258
f 1263/1263/1263 1262/1262/1262 1261/1261/1261
f 1266/1266/1266 1265/1265/1265 1264/1264/1264
f 1269/1269/1269 1268/1268/1268 1267/1267/1267
f 1272/1272/1272 1271/1271/1271 1270/1270/1270
f 1275/1275/1275 1274/1274/1274 1273/1273/1273
f 1278/1278/1278 1277/1277/1277 1276/1276/1276
f 1281/1281/1281 1280/1280/1280 1279/1279/1279
f 1284/1284/1284 1283/1283/1283 1282/1282/1282
f 1287/1287/1287 1286/1286/1286 1285/1285/1285
f 1290/1290/1290 1289/1289/1289 1288/1288/1288
f 1293/1293/1293 1292/1292/1292 1291/1291/1291
f 1296/1296/1296 1295/1295/1295 1294/1294/1294
f 1299/1299/1299 1298/1298/1298 1297/1297/1297
f 1302/1302/1302 1301/1301/1301 1300/1300/1300
f 1305/1305/1305 1304/1304/1304 1303/1303/1303
f 1308/1308/1308 1307/1307/1307 1306/1306/1306
f 1311/1311/1311 1310/1310/1310 1309/1309/1309
f 1314/1314/1314 1313/1313/1313 1312/1312/1312
f 1317/1317/1317 1316/1316/1316 1315/1315/1315
f 1320/1320/1320 1319/1319/1319 1318/1318/1318
f 1323/1323/1323 1322/1322/1322 1321/1321/1321
f 1326/1326/1326 1325/1325/1325 1324/1324/1324
f 1329/1329/1329 1328/1328/1328 1327/1327/1327
f 1332/1332/1332 1331/1331/1331 1330/1330/1330
f 1335/1335/1335 1334/1334/1334 1333/1333/1333
f 1338/1338/1338 1337/1337/1337 1336/1336/1336
f 1341/1341/1341 1340/1340/1340 1339/1339/1339
f 1344/1344/1344 1343/1343/1343 1342/1342/1342
f 1347/1347/1347 1346/1346/1346 1345/1345/1345
f 1350/1350/1350 1349/1349/1349 1348/1348/1348
f 1353/1353/1353 1352/1352/1352 1351/1351/1351
f 1356/1356/1356 1355/1355/1355 1354/1354/1354
f 1359/1359/1359 1358/1358/1358 1357/1357/1357
f 1362/1362/1362 1361/1361/1361 1360/1360/1360
f 1365/1365/1365 1364/1364/1364 1363/1363/1363
f 1368/1368/1368 1367/1367/1367 1366/1366/1366
f 1371/1371/1371 1370/1370/1370 1369/1369/1369
f 1374/1374/1374 1373/1373/1373 1372/1372/1372
f 1377/1377/1377 1376/1376/1376 1375/1375/1375
f 1380/1380/1380 1379/1379/1379 1378/1378/1378
f 1383/1383/1383 1382/1382/1382 1381/1381/1381
f 1386/1386/1386 1385/1385/1385 1384/1384/1384
f 1389/1389/1389 1388/1388/1388 1387/1387/1387
f 1392/1392/1392 1391/1391/1391 1390/1390/1390
f 1395/1395/1395 1394/1394/1394 1393/1393/1393
f 1398/1398/1398 1397/1397/1397 1396/1396/1396
f 1401/1401/1401 1400/1400/1400 1399/1399/1399
f 1404/1404/1404 1403/1403/1403 1402/1402/1402
f 1407/1407/1407 1406/1406/1406 1405/1405/1405
f 1410/1410/1410 1409/1409/1409 1408/1408/1408
f 1413/1413/1413 1412/1412/1412 1411/1411/1411
f 1416/1416/1416 1415/1415/1415 1414/1414/1414
f 1419/1419/1419 1418/1418/1418 1417/1417/1417
f 1422/1422/1422 1421/1421/1421 1420/1420/1420
f 1425/1425/1425 1424/1424/1424 1423/1423/1423
f 1428/1428/1428 1427/1427/1427 1426/1426/1426
f 1431/1431/1431 1430/1430/1430 1429/1429/1429
f 1434/1434/1434 1433/1433/1433 1432/1432/1432
f 1437/1437/1437 1436/1436/1436 1435/1435/1435
f 1440/1440/1440 1439/1439/1439 1438/1438/1438
f 1443/1443/1443 1442/1442/1442 1441/1441/1441
f 1446/1446/1446 1445/1445/1445 1444/1444/1444
f 1449/1449/1449 1448/1448/1448 1447/1447/1447
f 1452/1452/1452 1451/1451/1451 1450/1450/1450
f 1455/1455/1455 1454/1454/1454 1453/1453/1453
f 1458/1458/1458 1457/1457/1457 1456/1456/1456
f 1461/1461/1461 1460/1460/1460 1459/1459/1459
f 1464/1464/1464 1463/1463/1463 1462/1462/1462
f 1467/1467/1467 1466/1466/1466 1465/1465/1465
f 1470/1470/1470 1469/1469/1469 1468/1468/1468
f 1473/1473/1473 1472/1472/1472 1471/1471/1471
f 1476/1476/1476 1475/1475/1475 1474/1474/1474
f 1479/1479/1479 1478/1478/1478 1477/1477/1477
f 1482/1482/1482 1481/1481/1481 1480/1480/1480
f 1485/1485/1485 1484/1484/1484 1483/1483/1483
f 1488/1488/1488 1487/1487/1487 1486/1486/1486
f 1491/1491/1491 1490/1490/1490 1489/1489/1489
f 1494/1494/1494 1493/1493/1493 1492/1492/1492
f 1497/1497/1497 1496/1496/1496 1495/1495/1495
f 1500/1500/1500 1499/1499/1499 1498/1498/1498
f 1503/1503/1503 1502/1502/1502 1501/1501/1501
f 1506/1506/1506 1505/1505/1505 1504/1504/1504
f 1509/1509/1509 1508/1508/1508 1507/1507/1507
f 1512/1512/1512 1511/1511/1511 1510/1510/1510
f 1515/1515/1515 1514/1514/1514 1513/1513/1513
f 1518/1518/1518 1517/1517/1517 1516/1516/1516
f 1521/1521/1521 1520/1520/1520 1519/1519/1519
f 1524/1524/1524 1523/1523/1523 1522/1522/1522
f 1527/1527/1527 1526/1526/1526 1525/1525/1525
f 1530/1530/1530 1529/1529/1529 1528/1528/1528
f 1533/1533/1533 1532/1532/1532 1531/1531/1531
f 1536/1536/1536 1535/1535/1535 1534/1534/1534
f 1539/1539/1539 1538/1538/1538 1537/1537/1537
f 1542/1542/1542 1541/1541/1541 1540/1540/1540
f 1545/1545/1545 1544/1544/1544 1543/1543/1543
f 1548/1548/1548 1547/1547/1547 1546/1546/1546
f 1551/1551/1551 1550/1550/1550 1549/1549/1549
f 1554/1554/1554 1553/1553/1553 1552/1552/1552
f 1557/1557/1557 1556/1556/1556 1555/1555/1555
f 1560/1560/1560 1559/1559/1559 1558/1558/1558
f 1563/1563/1563 1562/1562/1562 1561/1561/1561
f 1566/1566/1566 1565/1565/1565 1564/1564/1564
f 1569/1569/1569 1568/1568/1568 1567/1567/1567
f 1572/1572/1572 1571/1571/1571 1570/1570/1570
f 1575/1575/1575 1574/1574/1574 1573/1573/1573
f 1578/1578/1578 1577/1577/1577 1576/1576/1576
f 1581/1581/1581 1580/1580/1580 1579/1579/1579
f 1584/1584/1584 1583/1583/1583 1582/1582/1582
f 1587/1587/1587 1586/1586/1586 1585/1585/1585
f 1590/1590/1590 1589/1589/1589 1588/1588/1588
f 1593/1593/1593 1592/1592/1592 1591/1591/1591
f 1596/1596/1596 1595/1595/1595 1594/1594/1594
f 1599/1599/1599 1598/1598/1598 1597/1597/1597
f 1602/1602/1602 1601/1601/1601 1600/1600/1600
f 1605/1605/1605 1604/1604/1604 1603/1603/1603
f 1608/1608/1608 1607/1607/1607 1606/1606/1606
f 1611/1611/1611 1610/1610/1610 1609/1609/1609
f 1614/1614/1614 1613/1613/1613 1612/1612/1612
f 1617/1617/1617 1616/1616/1616 1615/1615/1615
f 1620/1620/1620 1619/1619/1619 1618/1618/1618
f 1623/1623/1623 1622/1622/1622 1621/1621/1621
f 1626/1626/1626 1625/1625/1625 1624/1624/1624
f 1629/1629/1629 1628/1628/1628 1627/1627/1627
f 1632/1632/1632 1631/1631/1631 1630/1630/1630
f 1635/1635/1635 1634/1634/1634 1633/1633/1633
f 1638/1638/1638 1637/1637/1637 1636/1636/1636
f 1641/1641/1641 1640/1640/1640 1639/1639/1639
f 1644/1644/1644 1643/1643/1643 1642/1642/1642
f 1647/1647/1647 1646/1646/1646 1645/1645/1645
f 1650/1650/1650 1649/1649/1649 1648/1648/1648
f 1653/1653/1653 1652/1652/1652 1651/1651/1651
f 1656/1656/1656 1655/1655/1655 1654/1654/1654
f 1659/1659/1659 1658/1658/1658 1657/1657/1657
f 1662/1662/1662 1661/1661/1661 1660/1660/1660
f 1665/1665/1665 1664/1664/1664 1663/1663/1663
f 1668/1668/1668 1667/1667/1667 1666/1666/1666
f 1671/1671/1671 1670/1670/1670 1669/1669/1669
f 1674/1674/1674 1673/1673/1673 1672/1672/1672
f 1677/1677/1677 1676/1676/1676 1675/1675/1675
f 1680/1680/1680 1679/1679/1679 1678/1678/1678
f 1683/1683/1683 1682/1682/1682 1681/1681/1681
f 1686/1686/1686 1685/1685/1685 1684/1684/1684
f 1689/1689/1689 1688/1688/1688 1687/1687/1687
f 1692/1692/1692 1691/1691/1691 1690/1690/1690
f 1695/1695/1695 1694/1694/1694 1693/1693/1693
f 1698/1698/1698 1697/1697/1697 1696/1696/1696
f 1701/1701/1701 1700/1700/1700 1699/1699/1699
f 1704/1704/1704 1703/1703/1703 1702/1702/1702
f 1707/1707/1707 1706/1706/1706 1705/1705/1705
f 1710/1710/1710 1709/1709/1709 1708/1708/1708
f 1713/1713/1713 1712/1712/1712 1711/1711/1711
f 1716/1716/1716 1715/1715/1715 1714/1714/1714
f 1719/1719/1719 1718/1718/1718 1717/1717/1717
f 1722/1722/1722 1721/1721/1721 1720/1720/1720
f 1725/1725/1725 1724/1724/1724 1723/1723/1723
f 1728/1728/1728 1727/1727/1727 1726/1726/1726
f 1731/1731/1731 1730/1730/1730 1729/1729/1729
f 1734/1734/1734 1733/1733/1733 1732/1732/1732
f 1737/1737/1737 1736/1736/1736 1735/1735/1735
f 1740/1740/1740 1739/1739/1739 1738/1738/1738
f 1743/1743/1743 1742/1742/1742 1741/1741/1741
f 1746/1746/1746 1745/1745/1745 1744/1744/1744
f 1749/1749/1749 1748/1748/1748 1747/1747/1747
f 1752/1752/1752 1751/1751/1751 1750/1750/1750
f 1755/1755/1755 1754/1754/1754 1753/1753/1753
f 1758/1758/1758 1757/1757/1757 1756/1756/1756
f 1761/1761/1761 1760/1760/1760 1759/1759/1759
f 1764/1764/1764 1763/1763/1763 1762/1762/1762
f 1767/1767/1767 1766/1766/1766 1765/1765/1765
f 1770/1770/1770 1769/1769/1769 1768/1768/1768
f 1773/1773/1773 1772/1772/1772 1771/1771/1771
f 1776/1776/1776 1775/1775/1775 1774/1774/1774
f 1779/1779/1779 1778/1778/1778 1777/1777/1777
f 1782/1782/1782 1781/1781/1781 1780/1780/1780
f 1785/1785/1785 1784/1784/1784 1783/1783/1783
f 1788/1788/1788 1787/1787/1787 1786/1786/1786
f 1791/1791/1791 1790/1790/1790 1789/1789/1789
f 1794/1794/1794 1793/1793/1793 1792/1792/1792
f 1797/1797/1797 1796/1796/1796 1795/1795/1795
f 1800/1800/1800 1799/1799/1799 1798/1798/1798
f 1803/1803/1803 1802/1802/1802 1801/1801/1801
f 1806/1806/1806 1805/1805/1805 1804/1804/1804
f 1809/1809/1809 1808/1808/1808 1807/1807/1807
f 1812/1812/1812 1811/1811/1811 1810/1810/1810
f 1815/1815/1815 1814/1814/1814 1813/1813/1813
f 1818/1818/1818 1817/1817/1817 1816/1816/1816
f 1821/1821/1821 1820/1820/1820 1819/1819/1819
f 1824/1824/1824 1823/1823/1823 1822/1822/1822
f 1827/1827/1827 1826/1826/1826 1825/1825/1825
f 1830/1830/1830 1829/1829/1829 1828/1828/1828
f 1833/1833/1833 1832/1832/1832 1831/1831/1831
f 1836/1836/1836 1835/1835/1835 1834/1834/1834
f 1839/1839/1839 1838/1838/1838 1837/1837/1837
f 1842/1842/1842 1841/1841/1841 1840/1840/1840
f 1845/1845/1845 1844/1844/1844 1843/1843/1843
f 1848/1848/1848 1847/1847/1847 1846/1846/1846
f 1851/1851/1851 1850/1850/1850 1849/1849/1849
f 1854/1854/1854 1853/1853/1853 1852/1852/1852
f 1857/1857/1857 1856/1856/1856 1855/1855/1855
f 1860/1860/1860 1859/1859/1859 1858/1858/1858
f 1863/1863/1863 1862/1862/1862 1861/1861/1861
f 1866/1866/1866 1865/1865/1865 1864/1864/1864
f 1869/1869/1869 1868/1868/1868 1867/1867/1867
f 1872/1872/1872 1871/1871/1871 1870/1870/1870
f 1875/1875/1875 1874/1874/1874 1873/1873/1873
f 1878/1878/1878 1877/1877/1877 1876/1876/1876
f 1881/1881/1881 1880/1880/1880 1879/1879/1879
f 1884/1884/1884 1883/1883/1883 1882/1882/1882
f 1887/1887/1887 1886/1886/1886 1885/1885/1885
f 1890/1890/1890 1889/1889/1889 1888/1888/1888
f 1893/1893/1893 1892/1892/1892 1891/1891/1891
f 1896/1896/1896 1895/1895/1895 1894/1894/1894
f 1899/1899/1899 1898/1898/1898 1897/1897/1897
f 1902/1902/1902 1901/1901/1901 1900/1900/1900
f 1905/1905/1905 1904/1904/1904 1903/1903/1903
f 1908/1908/1908 1907/1907/1907 1906/1906/1906
f 1911/1911/1911 1910/1910/1910 1909/1909/1909
f 1914/1914/1914 1913/1913/1913 1912/1912/1912
f 1917/1917/1917 1916/1916/1916 1915/1915/1915
f 1920/1920/1920 1919/1919/1919 1918/1918/1918
f 1923/1923/1923 1922/1922/1922 1921/1921/1921
f 1926/1926/1926 1925/1925/1925 1924/1924/1924
f 1929/1929/1929 1928/1928/1928 1927/1927/1927
f 1932/1932/1932 1931/1931/1931 1930/1930/1930
f 1935/1935/1935 1934/1934/1934 1933/1933/1933
f 1938/1938/1938 1937/1937/1937 1936/1936/1936
f 1941/1941/1941 1940/1940/1940 1939/1939/1939
f 1944/1944/1944 1943/1943/1943 1942/1942/1942
f 1947/1947/1947 1946/1946/1946 1945/1945/1945
f 1950/1950/1950 1949/1949/1949 1948/1948/1948
f 1953/1953/1953 1952/1952/1952 1951/1951/1951
f 1956/1956/1956 1955/1955/1955 1954/1954/1954
f 1959/1959/1959 1958/1958/1958 1957/1957/1957
f 1962/1962/1962 1961/1961/1961 1960/1960/1960
f 1965/1965/1965 1964/1964/1964 1963/1963/1963
f 1968/1968/1968 1967/1967/1967 1966/1966/1966
f 1971/1971/1971 1970/1970/1970 1969/1969/1969
f 1974/1974/1974 1973/1973/1973 1972/1972/1972
f 1977/1977/1977 1976/1976/1976 1975/1975/1975
f 1980/1980/1980 1979/1979/1979 1978/1978/1978
f 1983/1983/1983 1982/1982/1982 1981/1981/1981
f 1986/1986/1986 1985/1985/1985 1984/1984/1984
f 1989/1989/1989 1988/1988/1988 1987/1987/1987
f 1992/1992/1992 1991/1991/1991 1990/1990/1990
f 1995/1995/1995 1994/1994/1994 1993/1993/1993
f 1998/1998/1998 1997/1997/1997 1996/1996/1996
f 2001/2001/2001 2000/2000/2000 1999/1999/1999
f 2004/2004/2004 2003/2003/2003 2002/2002/2002
f 2007/2007/2007 2006/2006/2006 2005/2005/2005
f 2010/2010/2010 2009/2009/2009 2008/2008/2008
f 2013/2013/2013 2012/2012/2012 2011/2011/2011
f 2016/2016/2016 2015/2015/2015 2014/2014/2014
f 2019/2019/2019 2018/2018/2018 2017/2017/2017
f 2022/2022/2022 2021/2021/2021 2020/2020/2020
f 2025/2025/2025 2024/2024/2024 2023/2023/2023
f 2028/2028/2028 2027/2027/2027 2026/2026/2026
f 2031/2031/2031 2030/2030/2030 2029/2029/2029
f 2034/2034/2034 2033/2033/2033 2032/2032/2032
f 2037/2037/2037 2036/2036/2036 2035/2035/2035
f 2040/2040/2040 2039/2039/2039 2038/2038/2038
f 2043/2043/2043 2042/2042/2042 2041/2041/2041
f 2046/2046/2046 2045/2045/2045 2044/2044/2044
f 2049/2049/2049 2048/2048/2048 2047/2047/2047
f 2052/2052/2052 2051/2051/2051 2050/2050/2050
f 2055/2055/2055 2054/2054/2054 2053/2053/2053
f 2058/2058/2058 2057/2057/2057 2056/2056/2056
f 2061/2061/2061 2060/2060/2060 2059/2059/2059
f 2064/2064/2064 2063/2063/2063 2062/2062/2062
f 2067/2067/2067 2066/2066/2066 2065/2065/2065
f 2070/2070/2070 2069/2069/2069 2068/2068/2068
f 2073/2073/2073 2072/2072/2072 2071/2071/2071
f 2076/2076/2076 2075/2075/2075 2074/2074/2074
f 2079/2079/2079 2078/2078/2078 2077/2077/2077
f 2082/2082/2082 2081/2081/2081 2080/2080/2080
f 2085/2085/2085 2084/2084/2084 2083/2083/2083
f 2088/2088/2088 2087/2087/2087 2086/2086/2086
f 2091/2091/2091 2090/2090/2090 2089/2089/2089
f 2094/2094/2094 2093/2093/2093 2092/2092/2092
f 2097/2097/2097 2096/2096/2096 2095/2095/2095
f 2100/2100/2100 2099/2099/2099 2098/2098/2098
f 2103/2103/2103 2102/2102/2102 2101/2101/2101
f 2106/2106/2106 2105/2105/2105 2104/2104/2104
f 2109/2109/2109 2108/2108/2108 2107/2107/2107
f 2112/2112/2112 2111/2111/2111 2110/2110/2110
f 2115/2115/2115 2114/2114/2114 2113/2113/2113
f 2118/2118/2118 2117/2117/2117 2116/2116/2116
f 2121/2121/2121 2120/2120/2120 2119/2119/2119
f 2124/2124/2124 2123/2123/2123 2122/2122/2122
f 2127/2127/2127 2126/2126/2126 2125/2125/2125
f 2130/2130/2130 2129/2129/2129 2128/2128/2128
f 2133/2133/2133 2132/2132/2132 2131/2131/2131
f 2136/2136/2136 2135/2135/2135 2134/2134/2134
f 2139/2139/2139 2138/2138/2138 2137/2137/2137
f 2142/2142/2142 2141/2141/2141 2140/2140/2140
f 2145/2145/2145 2144/2144/2144 2143/2143/2143
f 2148/2148/2148 2147/2147/2147 2146/2146/2146
f 2151/2151/2151 2150/2150/2150 2149/2149/2149
f 2154/2154/2154 2153/2153/2153 2152/2152/2152
f 2157/2157/2157 2156/2156/2156 2155/2155/2155
f 2160/2160/2160 2159/2159/2159 2158/2158/2158
f 2163/2163/2163 2162/2162/2162 2161/2161/2161
f 2166/2166/2166 2165/2165/2165 2164/2164/2164
f 2169/2169/2169 2168/2168/2168 2167/2167/2167
f 2172/2172/2172 2171/2171/2171 2170/2170/2170
f 2175/2175/2175 2174/2174/2174 2173/2173/2173
f 2178/2178/2178 2177/2177/2177 2176/2176/2176
f 2181/2181/2181 2180/2180/2180 2179/2179/2179
f 2184/2184/2184 2183/2183/2183 2182/2182/2182
f 2187/2187/2187 2186/2186/2186 2185/2185/2185
f 2190/2190/2190 2189/2189/2189 2188/2188/2188
f 2193/2193/2193 2192/2192/2192 2191/2191/2191
f 2196/2196/2196 2195/2195/2195 2194/2194/2194
f 2199/2199/2199 2198/2198/2198 2197/2197/2197
f 2202/2202/2202 2201/2201/2201 2200/2200/2200
f 2205/2205/2205 2204/2204/2204 2203/2203/2203
f 2208/2208/2208 2207/2207/2207 2206/2206/2206
f 2211/2211/2211 2210/2210/2210 2209/2209/2209
f 2214/2214/2214 2213/2213/2213 2212/2212/2212
f 2217/2217/2217 2216/2216/2216 2215/2215/2215
f 2220/2220/2220 2219/2219/2219 2218/2218/2218
f 2223/2223/2223 2222/2222/2222 2221/2221/2221
f 2226/2226/2226 2225/2225/2225 2224/2224/2224
f 2229/2229/2229 2228/2228/2228 2227/2227/2227
f 2232/2232/2232 2231/2231/2231 2230/2230/2230
f 2235/2235/2235 2234/2234/2234 2233/2233/2233
f 2238/2238/2238 2237/2237/2237 2236/2236/2236
f 2241/2241/2241 2240/2240/2240 2239/2239/2239
f 2244/2244/2244 2243/2243/2243 2242/2242/2242
f 2247/2247/2247 2246/2246/2246 2245/2245/2245
f 2250/2250/2250 2249/2249/2249 2248/2248/2248
f 2253/2253/2253 2252/2252/2252 2251/2251/2251
f 2256/2256/2256 2255/2255/2255 2254/2254/2254
f 2259/2259/2259 2258/2258/2258 2257/2257/2257
f 2262/2262/2262 2261/2261/2261 2260/2260/2260
f 2265/2265/2265 2264/2264/2264 2263/2263/2263
f 2268/2268/2268 2267/2267/2267 2266/2266/2266
f 2271/2271/2271 2270/2270/2270 2269/2269/2269
f 2274/2274/2274 2273/2273/2273 2272/2272/2272
f 2277/2277/2277 2276/2276/2276 2275/2275/2275
f 2280/2280/2280 2279/2279/2279 2278/2278/2278
f 2283/2283/2283 2282/2282/2282 2281/2281/2281
f 2286/2286/2286 2285/2285/2285 2284/2284/2284
f 2289/2289/2289 2288/2288/2288 2287/2287/2287
f 2292/2292/2292 2291/2291/2291 2290/2290/2290
f 2295/2295/2295 2294/2294/2294 2293/2293/2293
f 2298/2298/2298 2297/2297/2297 2296/2296/2296
f 2301/2301/2301 2300/2300/2300 2299/2299/2299
f 2304/2304/2304 2303/2303/2303 2302/2302/2302
f 2307/2307/2307 2306/2306/2306 2305/2305/2305
f 2310/2310/2310 2309/2309/2309 2308/2308/2308
f 2313/2313/2313 2312/2312/2312 2311/2311/2311
f 2316/2316/2316 2315/2315/2315 2314/2314/2314
f 2319/2319/2319 2318/2318/2318 2317/2317/2317
f 2322/2322/2322 2321/2321/2321 2320/2320/2320
f 2325/2325/2325 2324/2324/2324 2323/2323/2323
f 2328/2328/2328 2327/2327/2327 2326/2326/2326
f 2331/2331/2331 2330/2330/2330 2329/2329/2329
f 2334/2334/2334 2333/2333/2333 2332/2332/2332
f 2337/2337/2337 2336/2336/2336 2335/2335/2335
f 2340/2340/2340 2339/2339/2339 2338/2338/2338
f 2343/2343/2343 2342/2342/2342 2341/2341/2341
f 2346/2346/2346 2345/2345/2345 2344/2344/2344
f 2349/2349/2349 2348/2348/2348 2347/2347/2347
f 2352/2352/2352 2351/2351/2351 2350/2350/2350
f 2355/2355/2355 2354/2354/2354 2353/2353/2353
f 2358/2358/2358 2357/2357/2357 2356/2356/2356
f 2361/2361/2361 2360/2360/2360 2359/2359/2359
f 2364/2364/2364 2363/2363/2363 2362/2362/2362
f 2367/2367/2367 2366/2366/2366 2365/2365/2365
f 2370/2370/2370 2369/2369/2369 2368/2368/2368
f 2373/2373/2373 2372/2372/2372 2371/2371/2371
f 2376/2376/2376 2375/2375/2375 2374/2374/2374
f 2379/2379/2379 2378/2378/2378 2377/2377/2377
f 2382/2382/2382 2381/2381/2381 2380/2380/2380
f 2385/2385/2385 2384/2384/2384 2383/2383/2383
f 2388/2388/2388 2387/2387/2387 2386/2386/2386
f 2391/2391/2391 2390/2390/2390 2389/2389/2389
f 2394/2394/2394 2393/2393/2393 2392/2392/2392
f 2397/2397/2397 2396/2396/2396 2395/2395/2395
f 2400/2400/2400 2399/2399/2399 2398/2398/2398
f 2403/2403/2403 2402/2402/2402 2401/2401/2401
f 2406/2406/2406 2405/2405/2405 2404/2404/2404
f 2409/2409/2409 2408/2408/2408 2407/2407/2407
f 2412/2412/2412 2411/2411/2411 2410/2410/2410
f 2415/2415/2415 2414/2414/2414 2413/2413/2413
f 2418/2418/2418 2417/2417/2417 2416/2416/2416
f 2421/2421/2421 2420/2420/2420 2419/2419/2419
f 2424/2424/2424 2423/2423/2423 2422/2422/2422
f 2427/2427/2427 2426/2426/2426 2425/2425/2425
f 2430/2430/2430 2429/2429/2429 2428/2428/2428
f 2433/2433/2433 2432/2432/2432 2431/2431/2431
f 2436/2436/2436 2435/2435/2435 2434/2434/2434
f 2439/2439/2439 2438/2438/2438 2437/2437/2437
f 2442/2442/2442 2441/2441/2441 2440/2440/2440
f 2445/2445/2445 2444/2444/2444 2443/2443/2443
f 2448/2448/2448 2447/2447/2447 2446/2446/2446
f 2451/2451/2451 2450/2450/2450 2449/2449/2449
f 2454/2454/2454 2453/2453/2453 2452/2452/2452
f 2457/2457/2457 2456/2456/2456 2455/2455/2455
f 2460/2460/2460 2459/2459/2459 2458/2458/2458
f 2463/2463/2463 2462/2462/2462 2461/2461/2461
f 2466/2466/2466 2465/2465/2465 2464/2464/2464
f 2469/2469/2469 2468/2468/2468 2467/2467/2467
f 2472/2472/2472 2471/2471/2471 2470/2470/2470
f 2475/2475/2475 2474/2474/2474 2473/2473/2473
f 2478/2478/2478 2477/2477/2477 2476/2476/2476
f 2481/2481/2481 2480/2480/2480 2479/2479/2479
f 2484/2484/2484 2483/2483/2483 2482/2482/2482
f 2487/2487/2487 2486/2486/2486 2485/2485/2485
f 2490/2490/2490 2489/2489/2489 2488/2488/2488
f 2493/2493/2493 2492/2492/2492 2491/2491/2491
f 2496/2496/2496 2495/2495/2495 2494/2494/2494
f 2499/2499/2499 2498/2498/2498 2497/2497/2497
f 2502/2502/2502 2501/2501/2501 2500/2500/2500
f 2505/2505/2505 2504/2504/2504 2503/2503/2503
f 2508/2508/2508 2507/2507/2507 2506/2506/2506
f 2511/2511/2511 2510/2510/2510 2509/2509/2509
f 2514/2514/2514 2513/2513/2513 2512/2512/2512
f 2517/2517/2517 2516/2516/2516 2515/2515/2515
f 2520/2520/2520 2519/2519/2519 2518/2518/2518
f 2523/2523/2523 2522/2522/2522 2521/2521/2521
f 2526/2526/2526 2525/2525/2525 2524/2524/2524
f 2529/2529/2529 2528/2528/2528 2527/2527/2527
f 2532/2532/2532 2531/2531/2531 2530/2530/2530
f 2535/2535/2535 2534/2534/2534 2533/2533/2533
f 2538/2538/2538 2537/2537/2537 2536/2536/2536
f 2541/2541/2541 2540/2540/2540 2539/2539/2539
f 2544/2544/2544 2543/2543/2543 2542/2542/2542
f 2547/2547/2547 2546/2546/2546 2545/2545/2545
f 2550/2550/2550 2549/2549/2549 2548/2548/2548
f 2553/2553/2553 2552/2552/2552 2551/2551/2551
f 2556/2556/2556 2555/2555/2555 2554/2554/2554
f 2559/2559/2559 2558/2558/2558 2557/2557/2557
f 2562/2562/2562 2561/2561/2561 2560/2560/2560
f 2565/2565/2565 2564/2564/2564 2563/2563/2563
f 2568/2568/2568 2567/2567/2567 2566/2566/2566
f 2571/2571/2571 2570/2570/2570 2569/2569/2569
f 2574/2574/2574 2573/2573/2573 2572/2572/2572
f 2577/2577/2577 2576/2576/2576 2575/2575/2575
f 2580/2580/2580 2579/2579/2579 2578/2578/2578
f 2583/2583/2583 2582/2582/2582 2581/2581/2581
f 2586/2586/2586 2585/2585/2585 2584/2584/2584
f 2589/2589/2589 2588/2588/2588 2587/2587/2587
f 2592/2592/2592 2591/2591/2591 2590/2590/2590
f 2595/2595/2595 2594/2594/2594 2593/2593/2593
f 2598/2598/2598 2597/2597/2597 2596/2596/2596
f 2601/2601/2601 2600/2600/2600 2599/2599/2599
f 2604/2604/2604 2603/2603/2603 2602/2602/2602
f 2607/2607/2607 2606/2606/2606 2605/2605/2605
f 2610/2610/2610 2609/2609/2609 2608/2608/2608
f 2613/2613/2613 2612/2612/2612 2611/2611/2611
f 2616/2616/2616 2615/2615/2615 2614/2614/2614
f 2619/2619/2619 2618/2618/2618 2617/2617/2617
f 2622/2622/2622 2621/2621/2621 2620/2620/2620
f 2625/2625/2625 2624/2624/2624 2623/2623/2623
f 2628/2628/2628 2627/2627/2627 2626/2626/2626
f 2631/2631/2631 2630/2630/2630 2629/2629/2629
f 2634/2634/2634 2633/2633/2633 2632/2632/2632
f 2637/2637/2637 2636/2636/2636 2635/2635/2635
f 2640/2640/2640 2639/2639/2639 2638/2638/2638
f 2643/2643/2643 2642/2642/2642 2641/2641/2641
f 2646/2646/2646 2645/2645/2645 2644/2644/2644
f 2649/2649/2649 2648/2648/2648 2647/2647/2647
f 2652/2652/2652 2651/2651/2651 2650/2650/2650
f 2655/2655/2655 2654/2654/2654 2653/2653/2653
f 2658/2658/2658 2657/2657/2657 2656/2656/2656
f 2661/2661/2661 2660/2660/2660 2659/2659/2659
f 2664/2664/2664 2663/2663/2663 2662/2662/2662
f 2667/2667/2667 2666/2666/2666 2665/2665/2665
f 2670/2670/2670 2669/2669/2669 2668/2668/2668
f 2673/2673/2673 2672/2672/2672 2671/2671/2671
f 2676/2676/2676 2675/2675/2675 2674/2674/2674
f 2679/2679/2679 2678/2678/2678 2677/2677/2677
f 2682/2682/2682 2681/2681/2681 2680/2680/2680
f 2685/2685/2685 2684/2684/2684 2683/2683/2683
f 2688/2688/2688 2687/2687/2687 2686/2686/2686
f 2691/2691/2691 2690/2690/2690 2689/2689/2689
f 2694/2694/2694 2693/2693/2693 2692/2692/2692
f 2697/2697/2697 2696/2696/2696 2695/2695/2695
f 2700/2700/2700 2699/2699/2699 2698/2698/2698
f 2703/2703/2703 2702/2702/2702 2701/2701/2701
f 2706/2706/2706 2705/2705/2705 2704/2704/2704
f 2709/2709/2709 2708/2708/2708 2707/2707/2707
f 2712/2712/2712 2711/2711/2711 2710/2710/2710
f 2715/2715/2715 2714/2714/2714 2713/2713/2713
f 2718/2718/2718 2717/2717/2717 2716/2716/2716
f 2721/2721/2721 2720/2720/2720 2719/2719/2719
f 2724/2724/2724 2723/2723/2723 2722/2722/2722
f 2727/2727/2727 2726/2726/2726 2725/2725/2725
f 2730/2730/2730 2729/2729/2729 2728/2728/2728
f 2733/2733/2733 2732/2732/2732 2731/2731/2731
f 2735/2735/2735 2733/2733/2733 2734/2734/2734
f 2738/2738/2738 2737/2737/2737 2736/2736/2736
f 2741/2741/2741 2740/2740/2740 2739/2739/2739
f 2744/2744/2744 2743/2743/2743 2742/2742/2742
f 2747/2747/2747 2746/2746/2746 2745/2745/2745
f 2750/2750/2750 2749/2749/2749 2748/2748/2748
f 2753/2753/2753 2752/2752/2752 2751/2751/2751
f 2756/2756/2756 2755/2755/2755 2754/2754/2754
f 2759/2759/2759 2758/2758/2758 2757/2757/2757
f 2759/2759/2759 2761/2761/2761 2760/2760/2760
f 2761/2761/2761 2762/2762/2762 2760/2760/2760
f 2765/2765/2765 2764/2764/2764 2763/2763/2763
f 2768/2768/2768 2767/2767/2767 2766/2766/2766
f 2771/2771/2771 2770/2770/2770 2769/2769/2769
f 2774/2774/2774 2773/2773/2773 2772/2772/2772
f 2777/2777/2777 2776/2776/2776 2775/2775/2775
f 2780/2780/2780 2779/2779/2779 2778/2778/2778
f 2783/2783/2783 2782/2782/2782 2781/2781/2781
f 2786/2786/2786 2785/2785/2785 2784/2784/2784
f 2789/2789/2789 2788/2788/2788 2787/2787/2787
f 2792/2792/2792 2791/2791/2791 2790/2790/2790
f 2795/2795/2795 2794/2794/2794 2793/2793/2793
f 2798/2798/2798 2797/2797/2797 2796/2796/2796
f 2801/2801/2801 2800/2800/2800 2799/2799/2799
f 2804/2804/2804 2803/2803/2803 2802/2802/2802
f 2807/2807/2807 2806/2806/2806 2805/2805/2805
f 2809/2809/2809 2806/2806/2806 2808/2808/2808
f 2810/2810/2810 2809/2809/2809 2808/2808/2808
f 2813/2813/2813 2812/2812/2812 2811/2811/2811
f 2816/2816/2816 2815/2815/2815 2814/2814/2814
f 2819/2819/2819 2818/2818/2818 2817/2817/2817
f 2822/2822/2822 2821/2821/2821 2820/2820/2820
f 2825/2825/2825 2824/2824/2824 2823/2823/2823
f 2828/2828/2828 2827/2827/2827 2826/2826/2826
f 2831/2831/2831 2830/2830/2830 2829/2829/2829
f 2834/2834/2834 2833/2833/2833 2832/2832/2832
f 2837/2837/2837 2836/2836/2836 2835/2835/2835
f 2840/2840/2840 2839/2839/2839 2838/2838/2838
f 2843/2843/2843 2842/2842/2842 2841/2841/2841
f 2846/2846/2846 2845/2845/2845 2844/2844/2844
f 2849/2849/2849 2848/2848/2848 2847/2847/2847
f 2852/2852/2852 2851/2851/2851 2850/2850/2850
f 2855/2855/2855 2854/2854/2854 2853/2853/2853
f 2858/2858/2858 2857/2857/2857 2856/2856/2856
f 2861/2861/2861 2860/2860/2860 2859/2859/2859
f 2864/2864/2864 2863/2863/2863 2862/2862/2862
f 2867/2867/2867 2866/2866/2866 2865/2865/2865
f 2870/2870/2870 2869/2869/2869 2868/2868/2868
f 2873/2873/2873 2872/2872/2872 2871/2871/2871
f 2876/2876/2876 2875/2875/2875 2874/2874/2874
f 2874/2874/2874 2875/2875/2875 2877/2877/2877
f 2880/2880/2880 2879/2879/2879 2878/2878/2878
f 2879/2879/2879 2881/2881/2881 2878/2878/2878
f 2881/2881/2881 2882/2882/2882 2878/2878/2878
f 2885/2885/2885 2884/2884/2884 2883/2883/2883
f 2886/2886/2886 2885/2885/2885 2883/2883/2883
f 2889/2889/2889 2888/2888/2888 2887/2887/2887
f 2890/2890/2890 2889/2889/2889 2887/2887/2887
f 2893/2893/2893 2892/2892/2892 2891/2891/2891
f 2894/2894/2894 2893/2893/2893 2891/2891/2891
f 2897/2897/2897 2896/2896/2896 2895/2895/2895
f 2898/2898/2898 2897/2897/2897 2895/2895/2895
f 2901/2901/2901 2900/2900/2900 2899/2899/2899
f 2902/2902/2902 2901/2901/2901 2899/2899/2899
f 2905/2905/2905 2904/2904/2904 2903/2903/2903
f 2906/2906/2906 2905/2905/2905 2903/2903/2903
f 2909/2909/2909 2908/2908/2908 2907/2907/2907
f 2910/2910/2910 2909/2909/2909 2907/2907/2907
f 2913/2913/2913 2912/2912/2912 2911/2911/2911
f 2914/2914/2914 2913/2913/2913 2911/2911/2911
f 2917/2917/2917 2916/2916/2916 2915/2915/2915
f 2918/2918/2918 2917/2917/2917 2915/2915/2915
f 2921/2921/2921 2920/2920/2920 2919/2919/2919
f 2922/2922/2922 2921/2921/2921 2919/2919/2919
f 2925/2925/2925 2924/2924/2924 2923/2923/2923
f 2926/2926/2926 2925/2925/2925 2923/2923/2923
f 2929/2929/2929 2928/2928/2928 2927/2927/2927
f 2930/2930/2930 2929/2929/2929 2927/2927/2927
f 2933/2933/2933 2932/2932/2932 2931/2931/2931
f 2934/2934/2934 2933/2933/2933 2931/2931/2931
f 2937/2937/2937 2936/2936/2936 2935/2935/2935
f 2938/2938/2938 2937/2937/2937 2935/2935/2935
f 2941/2941/2941 2940/2940/2940 2939/2939/2939
f 2942/2942/2942 2941/2941/2941 2939/2939/2939
f 2945/2945/2945 2944/2944/2944 2943/2943/2943
f 2946/2946/2946 2945/2945/2945 2943/2943/2943
f 2949/2949/2949 2948/2948/2948 2947/2947/2947
f 2950/2950/2950 2949/2949/2949 2947/2947/2947
f 2953/2953/2953 2952/2952/2952 2951/2951/2951
f 2954/2954/2954 2953/2953/2953 2951/2951/2951
f 2957/2957/2957 2956/2956/2956 2955/2955/2955
f 2958/2958/2958 2957/2957/2957 2955/2955/2955
f 2961/2961/2961 2960/2960/2960 2959/2959/2959
f 2962/2962/2962 2961/2961/2961 2959/2959/2959
f 2965/2965/2965 2964/2964/2964 2963/2963/2963
f 2966/2966/2966 2965/2965/2965 2963/2963/2963
f 2969/2969/2969 2968/2968/2968 2967/2967/2967
f 2970/2970/2970 2969/2969/2969 2967/2967/2967
f 2973/2973/2973 2972/2972/2972 2971/2971/2971
f 2974/2974/2974 2973/2973/2973 2971/2971/2971
f 2977/2977/2977 2976/2976/2976 2975/2975/2975
f 2978/2978/2978 2977/2977/2977 2975/2975/2975
f 2981/2981/2981 2980/2980/2980 2979/2979/2979
f 2982/2982/2982 2981/2981/2981 2979/2979/2979
f 2985/2985/2985 2984/2984/2984 2983/2983/2983
f 2986/2986/2986 2985/2985/2985 2983/2983/2983
f 2989/2989/2989 2988/2988/2988 2987/2987/2987
f 2990/2990/2990 2989/2989/2989 2987/2987/2987
f 2993/2993/2993 2992/2992/2992 2991/2991/2991
f 2994/2994/2994 2993/2993/2993 2991/2991/2991
f 2997/2997/2997 2996/2996/2996 2995/2995/2995
f 2998/2998/2998 2997/2997/2997 2995/2995/2995
f 3001/3001/3001 3000/3000/3000 2999/2999/2999
f 3002/3002/3002 3001/3001/3001 2999/2999/2999
f 3005/3005/3005 3004/3004/3004 3003/3003/3003
f 3006/3006/3006 3005/3005/3005 3003/3003/3003
f 3009/3009/3009 3008/3008/3008 3007/3007/3007
f 3010/3010/3010 3009/3009/3009 3007/3007/3007
f 3013/3013/3013 3012/3012/3012 3011/3011/3011
f 3014/3014/3014 3013/3013/3013 3011/3011/3011
f 3017/3017/3017 3016/3016/3016 3015/3015/3015
f 3018/3018/3018 3017/3017/3017 3015/3015/3015
f 3021/3021/3021 3020/3020/3020 3019/3019/3019
f 3022/3022/3022 3021/3021/3021 3019/3019/3019
f 3025/3025/3025 3024/3024/3024 3023/3023/3023
f 3026/3026/3026 3025/3025/3025 3023/3023/3023
f 3029/3029/3029 3028/3028/3028 3027/3027/3027
f 3030/3030/3030 3029/3029/3029 3027/3027/3027
f 3033/3033/3033 3032/3032/3032 3031/3031/3031
f 3034/3034/3034 3033/3033/3033 3031/3031/3031
f 3037/3037/3037 3036/3036/3036 3035/3035/3035
f 3038/3038/3038 3037/3037/3037 3035/3035/3035
f 3041/3041/3041 3040/3040/3040 3039/3039/3039
f 3042/3042/3042 3041/3041/3041 3039/3039/3039
f 3045/3045/3045 3044/3044/3044 3043/3043/3043
f 3046/3046/3046 3045/3045/3045 3043/3043/3043
f 3049/3049/3049 3048/3048/3048 3047/3047/3047
f 3050/3050/3050 3049/3049/3049 3047/3047/3047
f 3053/3053/3053 3052/3052/3052 3051/3051/3051
f 3054/3054/3054 3053/3053/3053 3051/3051/3051
f 3057/3057/3057 3056/3056/3056 3055/3055/3055
f 3058/3058/3058 3057/3057/3057 3055/3055/3055
f 3061/3061/3061 3060/3060/3060 3059/3059/3059
f 3062/3062/3062 3061/3061/3061 3059/3059/3059
f 3065/3065/3065 3064/3064/3064 3063/3063/3063
f 3066/3066/3066 3065/3065/3065 3063/3063/3063
f 3069/3069/3069 3068/3068/3068 3067/3067/3067
f 3070/3070/3070 3069/3069/3069 3067/3067/3067
f 3073/3073/3073 3072/3072/3072 3071/3071/3071
f 3074/3074/3074 3073/3073/3073 3071/3071/3071
f 3077/3077/3077 3076/3076/3076 3075/3075/3075
f 3078/3078/3078 3077/3077/3077 3075/3075/3075
f 3081/3081/3081 3080/3080/3080 3079/3079/3079
f 3082/3082/3082 3081/3081/3081 3079/3079/3079
f 3085/3085/3085 3084/3084/3084 3083/3083/3083
f 3086/3086/3086 3085/3085/3085 3083/3083/3083
f 3089/3089/3089 3088/3088/3088 3087/3087/3087
f 3090/3090/3090 3089/3089/3089 3087/3087/3087
f 3093/3093/3093 3092/3092/3092 3091/3091/3091
f 3094/3094/3094 3093/3093/3093 3091/3091/3091
f 3097/3097/3097 3096/3096/3096 3095/3095/3095
f 3098/3098/3098 3097/3097/3097 3095/3095/3095
f 3101/3101/3101 3100/3100/3100 3099/3099/3099
f 3102/3102/3102 3101/3101/3101 3099/3099/3099
f 3105/3105/3105 3104/3104/3104 3103/3103/3103
f 3106/3106/3106 3105/3105/3105 3103/3103/3103
f 3109/3109/3109 3108/3108/3108 3107/3107/3107
f 3110/3110/3110 3109/3109/3109 3107/3107/3107
f 3113/3113/3113 3112/3112/3112 3111/3111/3111
f 3114/3114/3114 3113/3113/3113 3111/3111/3111
f 3117/3117/3117 3116/3116/3116 3115/3115/3115
f 3118/3118/3118 3117/3117/3117 3115/3115/3115
f 3121/3121/3121 3120/3120/3120 3119/3119/3119
f 3122/3122/3122 3121/3121/3121 3119/3119/3119
f 3125/3125/3125 3124/3124/3124 3123/3123/3123
f 3126/3126/3126 3125/3125/3125 3123/3123/3123
f 3129/3129/3129 3128/3128/3128 3127/3127/3127
f 3130/3130/3130 3129/3129/3129 3127/3127/3127
f 3133/3133/3133 3132/3132/3132 3131/3131/3131
f 3134/3134/3134 3133/3133/3133 3131/3131/3131
f 3137/3137/3137 3136/3136/3136 3135/3135/3135
f 3138/3138/3138 3137/3137/3137 3135/3135/3135
f 3141/3141/3141 3140/3140/3140 3139/3139/3139
f 3142/3142/3142 3141/3141/3141 3139/3139/3139
f 3145/3145/3145 3144/3144/3144 3143/3143/3143
f 3146/3146/3146 3145/3145/3145 3143/3143/3143
f 3149/3149/3149 3148/3148/3148 3147/3147/3147
f 3150/3150/3150 3149/3149/3149 3147/3147/3147
f 3153/3153/3153 3152/3152/3152 3151/3151/3151
f 3154/3154/3154 3153/3153/3153 3151/3151/3151
f 3157/3157/3157 3156/3156/3156 3155/3155/3155
f 3158/3158/3158 3157/3157/3157 3155/3155/3155
f 3161/3161/3161 3160/3160/3160 3159/3159/3159
f 3162/3162/3162 3161/3161/3161 3159/3159/3159
f 3165/3165/3165 3164/3164/3164 3163/3163/3163
f 3166/3166/3166 3165/3165/3165 3163/3163/3163
f 3169/3169/3169 3168/3168/3168 3167/3167/3167
f 3170/3170/3170 3169/3169/3169 3167/3167/3167
f 3173/3173/3173 3172/3172/3172 3171/3171/3171
f 3174/3174/3174 3173/3173/3173 3171/3171/3171
f 3177/3177/3177 3176/3176/3176 3175/3175/3175
f 3178/3178/3178 3177/3177/3177 3175/3175/3175
f 3181/3181/3181 3180/3180/3180 3179/3179/3179
f 3182/3182/3182 3181/3181/3181 3179/3179/3179
f 3185/3185/3185 3184/3184/3184 3183/3183/3183
f 3186/3186/3186 3185/3185/3185 3183/3183/3183
f 3189/3189/3189 3188/3188/3188 3187/3187/3187
f 3190/3190/3190 3189/3189/3189 3187/3187/3187
f 3193/3193/3193 3192/3192/3192 3191/3191/3191
f 3194/3194/3194 3193/3193/3193 3191/3191/3191
f 3197/3197/3197 3196/3196/3196 3195/3195/3195
f 3198/3198/3198 3197/3197/3197 3195/3195/3195
f 3201/3201/3201 3200/3200/3200 3199/3199/3199
f 3202/3202/3202 3201/3201/3201 3199/3199/3199
f 3205/3205/3205 3204/3204/3204 3203/3203/3203
f 3206/3206/3206 3205/3205/3205 3203/3203/3203
f 3209/3209/3209 3208/3208/3208 3207/3207/3207
f 3210/3210/3210 3209/3209/3209 3207/3207/3207
f 3213/3213/3213 3212/3212/3212 3211/3211/3211
f 3214/3214/3214 3213/3213/3213 3211/3211/3211
f 3217/3217/3217 3216/3216/3216 3215/3215/3215
f 3218/3218/3218 3217/3217/3217 3215/3215/3215
f 3221/3221/3221 3220/3220/3220 3219/3219/3219
f 3222/3222/3222 3221/3221/3221 3219/3219/3219
f 3225/3225/3225 3224/3224/3224 3223/3223/3223
f 3226/3226/3226 3225/3225/3225 3223/3223/3223
f 3229/3229/3229 3228/3228/3228 3227/3227/3227
f 3230/3230/3230 3229/3229/3229 3227/3227/3227
f 3233/3233/3233 3232/3232/3232 3231/3231/3231
f 3234/3234/3234 3233/3233/3233 3231/3231/3231
f 3237/3237/3237 3236/3236/3236 3235/3235/3235
f 3238/3238/3238 3237/3237/3237 3235/3235/3235
f 3241/3241/3241 3240/3240/3240 3239/3239/3239
f 3242/3242/3242 3241/3241/3241 3239/3239/3239
f 3245/3245/3245 3244/3244/3244 3243/3243/3243
f 3246/3246/3246 3245/3245/3245 3243/3243/3243
f 3249/3249/3249 3248/3248/3248 3247/3247/3247
f 3250/3250/3250 3249/3249/3249 3247/3247/3247
f 3253/3253/3253 3252/3252/3252 3251/3251/3251
f 3254/3254/3254 3253/3253/3253 3251/3251/3251
f 3257/3257/3257 3256/3256/3256 3255/3255/3255
f 3258/3258/3258 3257/3257/3257 3255/3255/3255
f 3261/3261/3261 3260/3260/3260 3259/3259/3259
f 3262/3262/3262 3261/3261/3261 3259/3259/3259
f 3265/3265/3265 3264/3264/3264 3263/3263/3263
f 3266/3266/3266 3265/3265/3265 3263/3263/3263
f 3269/3269/3269 3268/3268/3268 3267/3267/3267
f 3270/3270/3270 3269/3269/3269 3267/3267/3267
f 3273/3273/3273 3272/3272/3272 3271/3271/3271
f 3274/3274/3274 3273/3273/3273 3271/3271/3271
f 3277/3277/3277 3276/3276/3276 3275/3275/3275
f 3278/3278/3278 3277/3277/3277 3275/3275/3275
f 3281/3281/3281 3280/3280/3280 3279/3279/3279
f 3282/3282/3282 3281/3281/3281 3279/3279/3279
f 3285/3285/3285 3284/3284/3284 3283/3283/3283
f 3286/3286/3286 3285/3285/3285 3283/3283/3283
f 3289/3289/3289 3288/3288/3288 3287/3287/3287
f 3290/3290/3290 3289/3289/3289 3287/3287/3287
f 3293/3293/3293 3292/3292/3292 3291/3291/3291
f 3294/3294/3294 3293/3293/3293 3291/3291/3291
f 3297/3297/3297 3296/3296/3296 3295/3295/3295
f 3298/3298/3298 3297/3297/3297 3295/3295/3295
f 3301/3301/3301 3300/3300/3300 3299/3299/3299
f 3302/3302/3302 3301/3301/3301 3299/3299/3299
f 3305/3305/3305 3304/3304/3304 3303/3303/3303
f 3306/3306/3306 3305/3305/3305 3303/3303/3303
f 3309/3309/3309 3308/3308/3308 3307/3307/3307
f 3310/3310/3310 3309/3309/3309 3307/3307/3307
f 3313/3313/3313 3312/3312/3312 3311/3311/3311
f 3314/3314/3314 3313/3313/3313 3311/3311/3311
f 3317/3317/3317 3316/3316/3316 3315/3315/3315
f 3318/3318/3318 3317/3317/3317 3315/3315/3315
f 3321/3321/3321 3320/3320/3320 3319/3319/3319
f 3322/3322/3322 3321/3321/3321 3319/3319/3319
f 3325/3325/3325 3324/3324/3324 3323/3323/3323
f 3326/3326/3326 3325/3325/3325 3323/3323/3323
f 3329/3329/3329 3328/3328/3328 3327/3327/3327
f 3330/3330/3330 3329/3329/3329 3327/3327/3327
f 3333/3333/3333 3332/3332/3332 3331/3331/3331
f 3334/3334/3334 3333/3333/3333 3331/3331/3331
f 3337/3337/3337 3336/3336/3336 3335/3335/3335
f 3338/3338/3338 3337/3337/3337 3335/3335/3335
f 3341/3341/3341 3340/3340/3340 3339/3339/3339
f 3342/3342/3342 3341/3341/3341 3339/3339/3339
f 3345/3345/3345 3344/3344/3344 3343/3343/3343
f 3346/3346/3346 3345/3345/3345 3343/3343/3343
f 3349/3349/3349 3348/3348/3348 3347/3347/3347
f 3350/3350/3350 3349/3349/3349 3347/3347/3347
f 3353/3353/3353 3352/3352/3352 3351/3351/3351
f 3354/3354/3354 3353/3353/3353 3351/3351/3351
f 3357/3357/3357 3356/3356/3356 3355/3355/3355
f 3358/3358/3358 3357/3357/3357 3355/3355/3355
f 3361/3361/3361 3360/3360/3360 3359/3359/3359
f 3362/3362/3362 3361/3361/3361 3359/3359/3359
f 3365/3365/3365 3364/3364/3364 3363/3363/3363
f 3366/3366/3366 3365/3365/3365 3363/3363/3363
f 3369/3369/3369 3368/3368/3368 3367/3367/3367
f 3370/3370/3370 3369/3369/3369 3367/3367/3367
f 3373/3373/3373 3372/3372/3372 3371/3371/3371
f 3374/3374/3374 3373/3373/3373 3371/3371/3371
f 3377/3377/3377 3376/3376/3376 3375/3375/3375
f 3378/3378/3378 3377/3377/3377 3375/3375/3375
f 3381/3381/3381 3380/3380/3380 3379/3379/3379
f 3382/3382/3382 3381/3381/3381 3379/3379/3379
f 3385/3385/3385 3384/3384/3384 3383/3383/3383
f 3386/3386/3386 3385/3385/3385 3383/3383/3383
f 3389/3389/3389 3388/3388/3388 3387/3387/3387
f 3390/3390/3390 3389/3389/3389 3387/3387/3387
f 3393/3393/3393 3392/3392/3392 3391/3391/3391
f 3394/3394/3394 3393/3393/3393 3391/3391/3391
f 3397/3397/3397 3396/3396/3396 3395/3395/3395
f 3398/3398/3398 3397/3397/3397 3395/3395/3395
f 3401/3401/3401 3400/3400/3400 3399/3399/3399
f 3402/3402/3402 3401/3401/3401 3399/3399/3399
f 3405/3405/3405 3404/3404/3404 3403/3403/3403
f 3406/3406/3406 3405/3405/3405 3403/3403/3403
f 3409/3409/3409 3408/3408/3408 3407/3407/3407
f 3410/3410/3410 3409/3409/3409 3407/3407/3407
f 3413/3413/3413 3412/3412/3412 3411/3411/3411
f 3414/3414/3414 3413/3413/3413 3411/3411/3411
f 3417/3417/3417 3416/3416/3416 3415/3415/3415
f 3418/3418/3418 3417/3417/3417 3415/3415/3415
f 3421/3421/3421 3420/3420/3420 3419/3419/3419
f 3422/3422/3422 3421/3421/3421 3419/3419/3419
f 3425/3425/3425 3424/3424/3424 3423/3423/3423
f 3426/3426/3426 3425/3425/3425 3423/3423/3423
f 3429/3429/3429 3428/3428/3428 3427/3427/3427
f 3430/3430/3430 3429/3429/3429 3427/3427/3427
f 3433/3433/3433 3432/3432/3432 3431/3431/3431
f 3434/3434/3434 3433/3433/3433 3431/3431/3431
f 3437/3437/3437 3436/3436/3436 3435/3435/3435
f 3438/3438/3438 3437/3437/3437 3435/3435/3435
f 3441/3441/3441 3440/3440/3440 3439/3439/3439
f 3442/3442/3442 3441/3441/3441 3439/3439/3439
f 3445/3445/3445 3444/3444/3444 3443/3443/3443
f 3446/3446/3446 3445/3445/3445 3443/3443/3443
f 3449/3449/3449 3448/3448/3448 3447/3447/3447
f 3450/3450/3450 3449/3449/3449 3447/3447/3447
f 3453/3453/3453 3452/3452/3452 3451/3451/3451
f 3454/3454/3454 3453/3453/3453 3451/3451/3451
f 3457/3457/3457 3456/3456/3456 3455/3455/3455
f 3458/3458/3458 3457/3457/3457 3455/3455/3455
f 3461/3461/3461 3460/3460/3460 3459/3459/3459
f 3462/3462/3462 3461/3461/3461 3459/3459/3459
f 3465/3465/3465 3464/3464/3464 3463/3463/3463
f 3466/3466/3466 3465/3465/3465 3463/3463/3463
f 3469/3469/3469 3468/3468/3468 3467/3467/3467
f 3470/3470/3470 3469/3469/3469 3467/3467/3467
f 3473/3473/3473 3472/3472/3472 3471/3471/3471
f 3474/3474/3474 3473/3473/3473 3471/3471/3471
f 3477/3477/3477 3476/3476/3476 3475/3475/3475
f 3478/3478/3478 3477/3477/3477 3475/3475/3475
f 3481/3481/3481 3480/3480/3480 3479/3479/3479
f 3482/3482/3482 3481/3481/3481 3479/3479/3479
f 3485/3485/3485 3484/3484/3484 3483/3483/3483
f 3486/3486/3486 3485/3485/3485 3483/3483/3483
f 3489/3489/3489 3488/3488/3488 3487/3487/3487
f 3490/3490/3490 3489/3489/3489 3487/3487/3487
f 3493/3493/3493 3492/3492/3492 3491/3491/3491
f 3494/3494/3494 3493/3493/3493 3491/3491/3491
f 3497/3497/3497 3496/3496/3496 3495/3495/3495
f 3498/3498/3498 3497/3497/3497 3495/3495/3495
f 3501/3501/3501 3500/3500/3500 3499/3499/3499
f 3502/3502/3502 3501/3501/3501 3499/3499/3499
f 3505/3505/3505 3504/3504/3504 3503/3503/3503
f 3506/3506/3506 3505/3505/3505 3503/3503/3503
f 3509/3509/3509 3508/3508/3508 3507/3507/3507
f 3510/3510/3510 3509/3509/3509 3507/3507/3507
f 3513/3513/3513 3512/3512/3512 3511/3511/3511
f 3514/3514/3514 3513/3513/3513 3511/3511/3511
f 3517/3517/3517 3516/3516/3516 3515/3515/3515
f 3518/3518/3518 3517/3517/3517 3515/3515/3515
f 3521/3521/3521 3520/3520/3520 3519/3519/3519
f 3522/3522/3522 3521/3521/3521 3519/3519/3519
f 3525/3525/3525 3524/3524/3524 3523/3523/3523
f 3526/3526/3526 3525/3525/3525 3523/3523/3523
f 3529/3529/3529 3528/3528/3528 3527/3527/3527
f 3530/3530/3530 3529/3529/3529 3527/3527/3527
f 3533/3533/3533 3532/3532/3532 3531/3531/3531
f 3534/3534/3534 3533/3533/3533 3531/3531/3531
f 3537/3537/3537 3536/3536/3536 3535/3535/3535
f 3538/3538/3538 3537/3537/3537 3535/3535/3535
f 3538/3538/3538 3540/3540/3540 3539/3539/3539
f 3541/3541/3541 3538/3538/3538 3539/3539/3539
f 3544/3544/3544 3543/3543/3543 3542/3542/3542
f 3545/3545/3545 3544/3544/3544 3542/3542/3542
f 3548/3548/3548 3547/3547/3547 3546/3546/3546
f 3549/3549/3549 3548/3548/3548 3546/3546/3546
f 3552/3552/3552 3551/3551/3551 3550/3550/3550
f 3553/3553/3553 3552/3552/3552 3550/3550/3550
f 3556/3556/3556 3555/3555/3555 3554/3554/3554
f 3557/3557/3557 3556/3556/3556 3554/3554/3554
f 3560/3560/3560 3559/3559/3559 3558/3558/3558
f 3561/3561/3561 3560/3560/3560 3558/3558/3558
f 3564/3564/3564 3563/3563/3563 3562/3562/3562
f 3565/3565/3565 3564/3564/3564 3562/3562/3562
f 3568/3568/3568 3567/3567/3567 3566/3566/3566
f 3569/3569/3569 3568/3568/3568 3566/3566/3566
f 3572/3572/3572 3571/3571/3571 3570/3570/3570
f 3573/3573/3573 3572/3572/3572 3570/3570/3570
f 3576/3576/3576 3575/3575/3575 3574/3574/3574
f 3577/3577/3577 3576/3576/3576 3574/3574/3574
f 3580/3580/3580 3579/3579/3579 3578/3578/3578
f 3581/3581/3581 3580/3580/3580 3578/3578/3578
f 3584/3584/3584 3583/3583/3583 3582/3582/3582
f 3585/3585/3585 3584/3584/3584 3582/3582/3582
f 3588/3588/3588 3587/3587/3587 3586/3586/3586
f 3589/3589/3589 3588/3588/3588 3586/3586/3586
f 3592/3592/3592 3591/3591/3591 3590/3590/3590
f 3593/3593/3593 3592/3592/3592 3590/3590/3590
f 3596/3596/3596 3595/3595/3595 3594/3594/3594
f 3597/3597/3597 3596/3596/3596 3594/3594/3594
f 3600/3600/3600 3599/3599/3599 3598/3598/3598
f 3601/3601/3601 3600/3600/3600 3598/3598/3598
f 3604/3604/3604 3603/3603/3603 3602/3602/3602
f 3605/3605/3605 3604/3604/3604 3602/3602/3602
f 3608/3608/3608 3607/3607/3607 3606/3606/3606
f 3609/3609/3609 3608/3608/3608 3606/3606/3606
f 3612/3612/3612 3611/3611/3611 3610/3610/3610
f 3613/3613/3613 3612/3612/3612 3610/3610/3610
f 3616/3616/3616 3615/3615/3615 3614/3614/3614
f 3617/3617/3617 3616/3616/3616 3614/3614/3614
f 3620/3620/3620 3619/3619/3619 3618/3618/3618
f 3621/3621/3621 3620/3620/3620 3618/3618/3618
f 3624/3624/3624 3623/3623/3623 3622/3622/3622
f 3625/3625/3625 3624/3624/3624 3622/3622/3622
f 3628/3628/3628 3627/3627/3627 3626/3626/3626
f 3629/3629/3629 3628/3628/3628 3626/3626/3626
f 3632/3632/3632 3631/3631/3631 3630/3630/3630
f 3633/3633/3633 3632/3632/3632 3630/3630/3630
f 3636/3636/3636 3635/3635/3635 3634/3634/3634
f 3637/3637/3637 3636/3636/3636 3634/3634/3634
f 3640/3640/3640 3639/3639/3639 3638/3638/3638
f 3641/3641/3641 3640/3640/3640 3638/3638/3638
f 3644/3644/3644 3643/3643/3643 3642/3642/3642
f 3645/3645/3645 3644/3644/3644 3642/3642/3642
f 3648/3648/3648 3647/3647/3647 3646/3646/3646
f 3649/3649/3649 3648/3648/3648 3646/3646/3646
f 3652/3652/3652 3651/3651/3651 3650/3650/3650
f 3653/3653/3653 3652/3652/3652 3650/3650/3650
f 3656/3656/3656 3655/3655/3655 3654/3654/3654
f 3657/3657/3657 3656/3656/3656 3654/3654/3654
f 3660/3660/3660 3659/3659/3659 3658/3658/3658
f 3661/3661/3661 3660/3660/3660 3658/3658/3658
f 3664/3664/3664 3663/3663/3663 3662/3662/3662
f 3665/3665/3665 3664/3664/3664 3662/3662/3662
f 3668/3668/3668 3667/3667/3667 3666/3666/3666
f 3669/3669/3669 3668/3668/3668 3666/3666/3666
f 3672/3672/3672 3671/3671/3671 3670/3670/3670
f 3673/3673/3673 3672/3672/3672 3670/3670/3670
f 3676/3676/3676 3675/3675/3675 3674/3674/3674
f 3677/3677/3677 3676/3676/3676 3674/3674/3674
f 3680/3680/3680 3679/3679/3679 3678/3678/3678
f 3681/3681/3681 3680/3680/3680 3678/3678/3678
f 3684/3684/3684 3683/3683/3683 3682/3682/3682
f 3685/3685/3685 3684/3684/3684 3682/3682/3682
f 3688/3688/3688 3687/3687/3687 3686/3686/3686
f 3689/3689/3689 3688/3688/3688 3686/3686/3686
f 3692/3692/3692 3691/3691/3691 3690/3690/3690
f 3693/3693/3693 3692/3692/3692 3690/3690/3690
f 3696/3696/3696 3695/3695/3695 3694/3694/3694
f 3697/3697/3697 3696/3696/3696 3694/3694/3694
f 3700/3700/3700 3699/3699/3699 3698/3698/3698
f 3701/3701/3701 3700/3700/3700 3698/3698/3698
f 3704/3704/3704 3703/3703/3703 3702/3702/3702
f 3705/3705/3705 3704/3704/3704 3702/3702/3702
f 3708/3708/3708 3707/3707/3707 3706/3706/3706
f 3709/3709/3709 3708/3708/3708 3706/3706/3706
f 3712/3712/3712 3711/3711/3711 3710/3710/3710
f 3713/3713/3713 3712/3712/3712 3710/3710/3710
f 3716/3716/3716 3715/3715/3715 3714/3714/3714
f 3717/3717/3717 3716/3716/3716 3714/3714/3714
f 3720/3720/3720 3719/3719/3719 3718/3718/3718
f 3721/3721/3721 3720/3720/3720 3718/3718/3718
f 3724/3724/3724 3723/3723/3723 3722/3722/3722
f 3725/3725/3725 3724/3724/3724 3722/3722/3722
f 3728/3728/3728 3727/3727/3727 3726/3726/3726
f 3729/3729/3729 3728/3728/3728 3726/3726/3726
f 3732/3732/3732 3731/3731/3731 3730/3730/3730
f 3733/3733/3733 3732/3732/3732 3730/3730/3730
f 3736/3736/3736 3735/3735/3735 3734/3734/3734
f 3737/3737/3737 3736/3736/3736 3734/3734/3734
f 3740/3740/3740 3739/3739/3739 3738/3738/3738
f 3741/3741/3741 3740/3740/3740 3738/3738/3738
f 3744/3744/3744 3743/3743/3743 3742/3742/3742
f 3745/3745/3745 3744/3744/3744 3742/3742/3742
f 3748/3748/3748 3747/3747/3747 3746/3746/3746
f 3749/3749/3749 3748/3748/3748 3746/3746/3746
f 3752/3752/3752 3751/3751/3751 3750/3750/3750
f 3753/3753/3753 3752/3752/3752 3750/3750/3750
f 3756/3756/3756 3755/3755/3755 3754/3754/3754
f 3757/3757/3757 3756/3756/3756 3754/3754/3754
f 3760/3760/3760 3759/3759/3759 3758/3758/3758
f 3761/3761/3761 3760/3760/3760 3758/3758/3758
f 3764/3764/3764 3763/3763/3763 3762/3762/3762
f 3765/3765/3765 3764/3764/3764 3762/3762/3762
f 3768/3768/3768 3767/3767/3767 3766/3766/3766
f 3769/3769/3769 3768/3768/3768 3766/3766/3766
f 3772/3772/3772 3771/3771/3771 3770/3770/3770
f 3773/3773/3773 3772/3772/3772 3770/3770/3770
f 3776/3776/3776 3775/3775/3775 3774/3774/3774
f 3777/3777/3777 3776/3776/3776 3774/3774/3774
f 3780/3780/3780 3779/3779/3779 3778/3778/3778
f 3781/3781/3781 3780/3780/3780 3778/3778/3778
f 3784/3784/3784 3783/3783/3783 3782/3782/3782
f 3785/3785/3785 3784/3784/3784 3782/3782/3782
f 3788/3788/3788 3787/3787/3787 3786/3786/3786
f 3789/3789/3789 3788/3788/3788 3786/3786/3786
f 3792/3792/3792 3791/3791/3791 3790/3790/3790
f 3793/3793/3793 3792/3792/3792 3790/3790/3790
f 3796/3796/3796 3795/3795/3795 3794/3794/3794
f 3797/3797/3797 3796/3796/3796 3794/3794/3794
f 3800/3800/3800 3799/3799/3799 3798/3798/3798
f 3801/3801/3801 3800/3800/3800 3798/3798/3798
f 3804/3804/3804 3803/3803/3803 3802/3802/3802
f 3805/3805/3805 3804/3804/3804 3802/3802/3802
f 3808/3808/3808 3807/3807/3807 3806/3806/3806
f 3809/3809/3809 3808/3808/3808 3806/3806/3806
f 3812/3812/3812 3811/3811/3811 3810/3810/3810
f 3813/3813/3813 3812/3812/3812 3810/3810/3810
f 3816/3816/3816 3815/3815/3815 3814/3814/3814
f 3817/3817/3817 3816/3816/3816 3814/3814/3814
f 3820/3820/3820 3819/3819/3819 3818/3818/3818
f 3821/3821/3821 3820/3820/3820 3818/3818/3818
f 3824/3824/3824 3823/3823/3823 3822/3822/3822
f 3825/3825/3825 3824/3824/3824 3822/3822/3822
f 3828/3828/3828 3827/3827/3827 3826/3826/3826
f 3829/3829/3829 3828/3828/3828 3826/3826/3826
f 3832/3832/3832 3831/3831/3831 3830/3830/3830
f 3833/3833/3833 3832/3832/3832 3830/3830/3830
f 3836/3836/3836 3835/3835/3835 3834/3834/3834
f 3837/3837/3837 3836/3836/3836 3834/3834/3834
f 3840/3840/3840 3839/3839/3839 3838/3838/3838
f 3841/3841/3841 3840/3840/3840 3838/3838/3838
f 3844/3844/3844 3843/3843/3843 3842/3842/3842
f 3845/3845/3845 3844/3844/3844 3842/3842/3842
f 3848/3848/3848 3847/3847/3847 3846/3846/3846
f 3849/3849/3849 3848/3848/3848 3846/3846/3846
f 3852/3852/3852 3851/3851/3851 3850/3850/3850
f 3853/3853/3853 3852/3852/3852 3850/3850/3850
f 3856/3856/3856 3855/3855/3855 3854/3854/3854
f 3857/3857/3857 3856/3856/3856 3854/3854/3854
f 3860/3860/3860 3859/3859/3859 3858/3858/3858
f 3861/3861/3861 3860/3860/3860 3858/3858/3858
f 3864/3864/3864 3863/3863/3863 3862/3862/3862
f 3865/3865/3865 3864/3864/3864 3862/3862/3862
f 3868/3868/3868 3867/3867/3867 3866/3866/3866
f 3869/3869/3869 3868/3868/3868 3866/3866/3866
f 3872/3872/3872 3871/3871/3871 3870/3870/3870
f 3870/3870/3870 3873/3873/3873 3872/3872/3872
f 3876/3876/3876 3875/3875/3875 3874/3874/3874
f 3877/3877/3877 3876/3876/3876 3874/3874/3874
f 3880/3880/3880 3879/3879/3879 3878/3878/3878
f 3881/3881/3881 3880/3880/3880 3878/3878/3878
f 3884/3884/3884 3883/3883/3883 3882/3882/3882
f 3885/3885/3885 3884/3884/3884 3882/3882/3882
f 3888/3888/3888 3887/3887/3887 3886/3886/3886
f 3889/3889/3889 3888/3888/3888 3886/3886/3886
f 3892/3892/3892 3891/3891/3891 3890/3890/3890
f 3893/3893/3893 3892/3892/3892 3890/3890/3890
f 3896/3896/3896 3895/3895/3895 3894/3894/3894
f 3897/3897/3897 3896/3896/3896 3894/3894/3894
f 3900/3900/3900 3899/3899/3899 3898/3898/3898
f 3901/3901/3901 3900/3900/3900 3898/3898/3898
f 3904/3904/3904 3903/3903/3903 3902/3902/3902
f 3905/3905/3905 3904/3904/3904 3902/3902/3902
f 3908/3908/3908 3907/3907/3907 3906/3906/3906
f 3909/3909/3909 3908/3908/3908 3906/3906/3906
f 3912/3912/3912 3911/3911/3911 3910/3910/3910
f 3913/3913/3913 3912/3912/3912 3910/3910/3910
f 3916/3916/3916 3915/3915/3915 3914/3914/3914
f 3917/3917/3917 3916/3916/3916 3914/3914/3914
f 3920/3920/3920 3919/3919/3919 3918/3918/3918
f 3921/3921/3921 3920/3920/3920 3918/3918/3918
f 3924/3924/3924 3923/3923/3923 3922/3922/3922
f 3925/3925/3925 3924/3924/3924 3922/3922/3922
f 3928/3928/3928 3927/3927/3927 3926/3926/3926
f 3929/3929/3929 3928/3928/3928 3926/3926/3926
f 3932/3932/3932 3931/3931/3931 3930/3930/3930
f 3933/3933/3933 3932/3932/3932 3930/3930/3930
f 3936/3936/3936 3935/3935/3935 3934/3934/3934
f 3937/3937/3937 3936/3936/3936 3934/3934/3934
f 3940/3940/3940 3939/3939/3939 3938/3938/3938
f 3941/3941/3941 3940/3940/3940 3938/3938/3938
f 3944/3944/3944 3943/3943/3943 3942/3942/3942
f 3945/3945/3945 3944/3944/3944 3942/3942/3942
f 3948/3948/3948 3947/3947/3947 3946/3946/3946
f 3949/3949/3949 3948/3948/3948 3946/3946/3946
f 3952/3952/3952 3951/3951/3951 3950/3950/3950
f 3953/3953/3953 3952/3952/3952 3950/3950/3950
f 3956/3956/3956 3955/3955/3955 3954/3954/3954
f 3957/3957/3957 3956/3956/3956 3954/3954/3954
f 3960/3960/3960 3959/3959/3959 3958/3958/3958
f 3961/3961/3961 3960/3960/3960 3958/3958/3958
f 3964/3964/3964 3963/3963/3963 3962/3962/3962
f 3965/3965/3965 3964/3964/3964 3962/3962/3962
f 3968/3968/3968 3967/3967/3967 3966/3966/3966
f 3969/3969/3969 3968/3968/3968 3966/3966/3966
f 3972/3972/3972 3971/3971/3971 3970/3970/3970
f 3973/3973/3973 3972/3972/3972 3970/3970/3970
f 3976/3976/3976 3975/3975/3975 3974/3974/3974
f 3977/3977/3977 3976/3976/3976 3974/3974/3974
f 3980/3980/3980 3979/3979/3979 3978/3978/3978
f 3981/3981/3981 3980/3980/3980 3978/3978/3978
f 3984/3984/3984 3983/3983/3983 3982/3982/3982
f 3985/3985/3985 3984/3984/3984 3982/3982/3982
f 3988/3988/3988 3987/3987/3987 3986/3986/3986
f 3989/3989/3989 3988/3988/3988 3986/3986/3986
f 3992/3992/3992 3991/3991/3991 3990/3990/3990
f 3993/3993/3993 3992/3992/3992 3990/3990/3990
f 3996/3996/3996 3995/3995/3995 3994/3994/3994
f 3997/3997/3997 3996/3996/3996 3994/3994/3994
f 4000/4000/4000 3999/3999/3999 3998/3998/3998
f 4001/4001/4001 4000/4000/4000 3998/3998/3998
f 4004/4004/4004 4003/4003/4003 4002/4002/4002
f 4005/4005/4005 4004/4004/4004 4002/4002/4002
f 4008/4008/4008 4007/4007/4007 4006/4006/4006
f 4009/4009/4009 4008/4008/4008 4006/4006/4006
f 4012/4012/4012 4011/4011/4011 4010/4010/4010
f 4013/4013/4013 4012/4012/4012 4010/4010/4010
f 4016/4016/4016 4015/4015/4015 4014/4014/4014
f 4017/4017/4017 4016/4016/4016 4014/4014/4014
f 4018/4018/4018 4016/4016/4016 4017/4017/4017
f 4019/4019/4019 4018/4018/4018 4017/4017/4017
f 4022/4022/4022 4021/4021/4021 4020/4020/4020
f 4023/4023/4023 4022/4022/4022 4020/4020/4020
f 4026/4026/4026 4025/4025/4025 4024/4024/4024
f 4027/4027/4027 4026/4026/4026 4024/4024/4024
f 4030/4030/4030 4029/4029/4029 4028/4028/4028
f 4031/4031/4031 4030/4030/4030 4028/4028/4028
f 4034/4034/4034 4033/4033/4033 4032/4032/4032
f 4035/4035/4035 4034/4034/4034 4032/4032/4032
f 4038/4038/4038 4037/4037/4037 4036/4036/4036
f 4039/4039/4039 4038/4038/4038 4036/4036/4036
f 4040/4040/4040 4039/4039/4039 4036/4036/4036
f 4041/4041/4041 4040/4040/4040 4036/4036/4036
f 4044/4044/4044 4043/4043/4043 4042/4042/4042
f 4045/4045/4045 4044/4044/4044 4042/4042/4042
f 4048/4048/4048 4047/4047/4047 4046/4046/4046
f 4049/4049/4049 4048/4048/4048 4046/4046/4046
f 4052/4052/4052 4051/4051/4051 4050/4050/4050
f 4053/4053/4053 4052/4052/4052 4050/4050/4050
f 4056/4056/4056 4055/4055/4055 4054/4054/4054
f 4057/4057/4057 4056/4056/4056 4054/4054/4054
f 4060/4060/4060 4059/4059/4059 4058/4058/4058
f 4061/4061/4061 4060/4060/4060 4058/4058/4058
f 4064/4064/4064 4063/4063/4063 4062/4062/4062
f 4065/4065/4065 4064/4064/4064 4062/4062/4062
f 4068/4068/4068 4067/4067/4067 4066/4066/4066
f 4069/4069/4069 4068/4068/4068 4066/4066/4066
f 4072/4072/4072 4071/4071/4071 4070/4070/4070
f 4073/4073/4073 4072/4072/4072 4070/4070/4070
f 4076/4076/4076 4075/4075/4075 4074/4074/4074
f 4077/4077/4077 4076/4076/4076 4074/4074/4074
f 4080/4080/4080 4079/4079/4079 4078/4078/4078
f 4081/4081/4081 4080/4080/4080 4078/4078/4078
f 4084/4084/4084 4083/4083/4083 4082/4082/4082
f 4085/4085/4085 4084/4084/4084 4082/4082/4082
f 4088/4088/4088 4087/4087/4087 4086/4086/4086
f 4089/4089/4089 4088/4088/4088 4086/4086/4086
f 4092/4092/4092 4091/4091/4091 4090/4090/4090
f 4093/4093/4093 4092/4092/4092 4090/4090/4090
f 4096/4096/4096 4095/4095/4095 4094/4094/4094
f 4097/4097/4097 4096/4096/4096 4094/4094/4094
f 4100/4100/4100 4099/4099/4099 4098/4098/4098
f 4101/4101/4101 4100/4100/4100 4098/4098/4098
f 4104/4104/4104 4103/4103/4103 4102/4102/4102
f 4105/4105/4105 4104/4104/4104 4102/4102/4102
f 4108/4108/4108 4107/4107/4107 4106/4106/4106
f 4109/4109/4109 4108/4108/4108 4106/4106/4106
f 4112/4112/4112 4111/4111/4111 4110/4110/4110
f 4111/4111/4111 4113/4113/4113 4110/4110/4110
f 4113/4113/4113 4114/4114/4114 4110/4110/4110
f 4117/4117/4117 4116/4116/4116 4115/4115/4115
f 4115/4115/4115 4118/4118/4118 4117/4117/4117
f 4115/4115/4115 4119/4119/4119 4118/4118/4118
f 4120/4120/4120 4119/4119/4119 4115/4115/4115
f 4120/4120/4120 4115/4115/4115 4121/4121/4121
f 4121/4121/4121 4122/4122/4122 4120/4120/4120
f 4120/4120/4120 4122/4122/4122 4123/4123/4123
f 4124/4124/4124 4120/4120/4120 4123/4123/4123
f 4127/4127/4127 4126/4126/4126 4125/4125/4125
f 4128/4128/4128 4127/4127/4127 4125/4125/4125
f 4131/4131/4131 4130/4130/4130 4129/4129/4129
f 4132/4132/4132 4131/4131/4131 4129/4129/4129
f 4135/4135/4135 4134/4134/4134 4133/4133/4133
f 4136/4136/4136 4135/4135/4135 4133/4133/4133
f 4139/4139/4139 4138/4138/4138 4137/4137/4137
f 4140/4140/4140 4139/4139/4139 4137/4137/4137
f 4143/4143/4143 4142/4142/4142 4141/4141/4141
f 4144/4144/4144 4143/4143/4143 4141/4141/4141
f 4147/4147/4147 4146/4146/4146 4145/4145/4145
f 4148/4148/4148 4147/4147/4147 4145/4145/4145
f 4151/4151/4151 4150/4150/4150 4149/4149/4149
f 4152/4152/4152 4151/4151/4151 4149/4149/4149
f 4155/4155/4155 4154/4154/4154 4153/4153/4153
f 4156/4156/4156 4155/4155/4155 4153/4153/4153
f 4159/4159/4159 4158/4158/4158 4157/4157/4157
f 4160/4160/4160 4159/4159/4159 4157/4157/4157
f 4163/4163/4163 4162/4162/4162 4161/4161/4161
f 4164/4164/4164 4163/4163/4163 4161/4161/4161
f 4164/4164/4164 4161/4161/4161 4165/4165/4165
f 4166/4166/4166 4164/4164/4164 4165/4165/4165
f 4166/4166/4166 4165/4165/4165 4167/4167/4167
f 4165/4165/4165 4168/4168/4168 4167/4167/4167
f 4171/4171/4171 4170/4170/4170 4169/4169/4169
f 4172/4172/4172 4171/4171/4171 4169/4169/4169
f 4175/4175/4175 4174/4174/4174 4173/4173/4173
f 4176/4176/4176 4175/4175/4175 4173/4173/4173
f 4179/4179/4179 4178/4178/4178 4177/4177/4177
f 4180/4180/4180 4179/4179/4179 4177/4177/4177
f 4183/4183/4183 4182/4182/4182 4181/4181/4181
f 4184/4184/4184 4183/4183/4183 4181/4181/4181
f 4187/4187/4187 4186/4186/4186 4185/4185/4185
f 4188/4188/4188 4187/4187/4187 4185/4185/4185
f 4191/4191/4191 4190/4190/4190 4189/4189/4189
f 4192/4192/4192 4191/4191/4191 4189/4189/4189
f 4195/4195/4195 4194/4194/4194 4193/4193/4193
f 4196/4196/4196 4195/4195/4195 4193/4193/4193
f 4199/4199/4199 4198/4198/4198 4197/4197/4197
f 4200/4200/4200 4199/4199/4199 4197/4197/4197
f 4203/4203/4203 4202/4202/4202 4201/4201/4201
f 4204/4204/4204 4203/4203/4203 4201/4201/4201
f 4207/4207/4207 4206/4206/4206 4205/4205/4205
f 4208/4208/4208 4207/4207/4207 4205/4205/4205
f 4211/4211/4211 4210/4210/4210 4209/4209/4209
f 4212/4212/4212 4211/4211/4211 4209/4209/4209
f 4215/4215/4215 4214/4214/4214 4213/4213/4213
f 4216/4216/4216 4215/4215/4215 4213/4213/4213
f 4219/4219/4219 4218/4218/4218 4217/4217/4217
f 4220/4220/4220 4219/4219/4219 4217/4217/4217
f 4223/4223/4223 4222/4222/4222 4221/4221/4221
f 4224/4224/4224 4223/4223/4223 4221/4221/4221
f 4227/4227/4227 4226/4226/4226 4225/4225/4225
f 4228/4228/4228 4227/4227/4227 4225/4225/4225
f 4231/4231/4231 4230/4230/4230 4229/4229/4229
f 4232/4232/4232 4231/4231/4231 4229/4229/4229
f 4235/4235/4235 4234/4234/4234 4233/4233/4233
f 4236/4236/4236 4235/4235/4235 4233/4233/4233
f 4239/4239/4239 4238/4238/4238 4237/4237/4237
f 4240/4240/4240 4239/4239/4239 4237/4237/4237
f 4243/4243/4243 4242/4242/4242 4241/4241/4241
f 4244/4244/4244 4243/4243/4243 4241/4241/4241
f 4247/4247/4247 4246/4246/4246 4245/4245/4245
f 4248/4248/4248 4247/4247/4247 4245/4245/4245
f 4251/4251/4251 4250/4250/4250 4249/4249/4249
f 4252/4252/4252 4251/4251/4251 4249/4249/4249
f 4255/4255/4255 4254/4254/4254 4253/4253/4253
f 4256/4256/4256 4255/4255/4255 4253/4253/4253
f 4259/4259/4259 4258/4258/4258 4257/4257/4257
f 4257/4257/4257 4260/4260/4260 4259/4259/4259
f 4260/4260/4260 4261/4261/4261 4259/4259/4259
f 4264/4264/4264 4263/4263/4263 4262/4262/4262
f 4265/4265/4265 4264/4264/4264 4262/4262/4262
f 4268/4268/4268 4267/4267/4267 4266/4266/4266
f 4266/4266/4266 4269/4269/4269 4268/4268/4268
f 4266/4266/4266 4270/4270/4270 4269/4269/4269
f 4269/4269/4269 4270/4270/4270 4271/4271/4271
f 4274/4274/4274 4273/4273/4273 4272/4272/4272
f 4272/4272/4272 4275/4275/4275 4274/4274/4274
f 4275/4275/4275 4276/4276/4276 4274/4274/4274
f 4279/4279/4279 4278/4278/4278 4277/4277/4277
f 4280/4280/4280 4277/4277/4277 4278/4278/4278
f 4280/4280/4280 4281/4281/4281 4277/4277/4277
f 4281/4281/4281 4282/4282/4282 4277/4277/4277
f 4281/4281/4281 4283/4283/4283 4282/4282/4282
f 4283/4283/4283 4284/4284/4284 4282/4282/4282
f 4285/4285/4285 4284/4284/4284 4283/4283/4283
f 4286/4286/4286 4285/4285/4285 4283/4283/4283
f 4289/4289/4289 4288/4288/4288 4287/4287/4287
f 4290/4290/4290 4289/4289/4289 4287/4287/4287
f 4293/4293/4293 4292/4292/4292 4291/4291/4291
f 4291/4291/4291 4294/4294/4294 4293/4293/4293
f 4291/4291/4291 4295/4295/4295 4294/4294/4294
f 4298/4298/4298 4297/4297/4297 4296/4296/4296
f 4299/4299/4299 4298/4298/4298 4296/4296/4296
f 4302/4302/4302 4301/4301/4301 4300/4300/4300
f 4303/4303/4303 4302/4302/4302 4300/4300/4300
f 4306/4306/4306 4305/4305/4305 4304/4304/4304
f 4307/4307/4307 4306/4306/4306 4304/4304/4304
f 4310/4310/4310 4309/4309/4309 4308/4308/4308
f 4311/4311/4311 4310/4310/4310 4308/4308/4308
f 4314/4314/4314 4313/4313/4313 4312/4312/4312
f 4315/4315/4315 4314/4314/4314 4312/4312/4312
f 4318/4318/4318 4317/4317/4317 4316/4316/4316
f 4319/4319/4319 4318/4318/4318 4316/4316/4316
f 4322/4322/4322 4321/4321/4321 4320/4320/4320
f 4323/4323/4323 4322/4322/4322 4320/4320/4320
f 4326/4326/4326 4325/4325/4325 4324/4324/4324
f 4327/4327/4327 4326/4326/4326 4324/4324/4324
f 4330/4330/4330 4329/4329/4329 4328/4328/4328
f 4331/4331/4331 4330/4330/4330 4328/4328/4328
f 4334/4334/4334 4333/4333/4333 4332/4332/4332
f 4335/4335/4335 4334/4334/4334 4332/4332/4332
f 4338/4338/4338 4337/4337/4337 4336/4336/4336
f 4339/4339/4339 4338/4338/4338 4336/4336/4336
f 4342/4342/4342 4341/4341/4341 4340/4340/4340
f 4343/4343/4343 4342/4342/4342 4340/4340/4340
f 4346/4346/4346 4345/4345/4345 4344/4344/4344
f 4347/4347/4347 4346/4346/4346 4344/4344/4344
f 4350/4350/4350 4349/4349/4349 4348/4348/4348
f 4351/4351/4351 4350/4350/4350 4348/4348/4348
f 4354/4354/4354 4353/4353/4353 4352/4352/4352
f 4355/4355/4355 4354/4354/4354 4352/4352/4352
f 4358/4358/4358 4357/4357/4357 4356/4356/4356
f 4359/4359/4359 4358/4358/4358 4356/4356/4356
f 4362/4362/4362 4361/4361/4361 4360/4360/4360
f 4363/4363/4363 4362/4362/4362 4360/4360/4360
f 4366/4366/4366 4365/4365/4365 4364/4364/4364
f 4367/4367/4367 4366/4366/4366 4364/4364/4364
f 4370/4370/4370 4369/4369/4369 4368/4368/4368
f 4371/4371/4371 4370/4370/4370 4368/4368/4368
f 4374/4374/4374 4373/4373/4373 4372/4372/4372
f 4375/4375/4375 4374/4374/4374 4372/4372/4372
f 4378/4378/4378 4377/4377/4377 4376/4376/4376
f 4379/4379/4379 4378/4378/4378 4376/4376/4376
f 4382/4382/4382 4381/4381/4381 4380/4380/4380
f 4383/4383/4383 4382/4382/4382 4380/4380/4380
f 4386/4386/4386 4385/4385/4385 4384/4384/4384
f 4387/4387/4387 4386/4386/4386 4384/4384/4384
f 4388/4388/4388 4386/4386/4386 4387/4387/4387
f 4389/4389/4389 4388/4388/4388 4387/4387/4387
f 4392/4392/4392 4391/4391/4391 4390/4390/4390
f 4393/4393/4393 4392/4392/4392 4390/4390/4390
f 4396/4396/4396 4395/4395/4395 4394/4394/4394
f 4397/4397/4397 4396/4396/4396 4394/4394/4394
f 4397/4397/4397 4398/4398/4398 4396/4396/4396
f 4401/4401/4401 4400/4400/4400 4399/4399/4399
f 4400/4400/4400 4402/4402/4402 4399/4399/4399
f 4399/4399/4399 4402/4402/4402 4403/4403/4403
f 4402/4402/4402 4404/4404/4404 4403/4403/4403
f 4405/4405/4405 4403/4403/4403 4404/4404/4404
f 4406/4406/4406 4405/4405/4405 4404/4404/4404
f 4405/4405/4405 4406/4406/4406 4407/4407/4407
f 4406/4406/4406 4408/4408/4408 4407/4407/4407
f 4409/4409/4409 4406/4406/4406 4404/4404/4404
f 4410/4410/4410 4409/4409/4409 4404/4404/4404
f 4412/4412/4412 4409/4409/4409 4411/4411/4411
f 4413/4413/4413 4412/4412/4412 4411/4411/4411
f 4415/4415/4415 4414/4414/4414 4410/4410/4410
f 4414/4414/4414 4416/4416/4416 4410/4410/4410
f 4414/4414/4414 4417/4417/4417 4416/4416/4416
f 4417/4417/4417 4418/4418/4418 4416/4416/4416
f 4421/4421/4421 4420/4420/4420 4419/4419/4419
f 4422/4422/4422 4421/4421/4421 4419/4419/4419
f 4425/4425/4425 4424/4424/4424 4423/4423/4423
f 4426/4426/4426 4425/4425/4425 4423/4423/4423
f 4429/4429/4429 4428/4428/4428 4427/4427/4427
f 4430/4430/4430 4429/4429/4429 4427/4427/4427
f 4433/4433/4433 4432/4432/4432 4431/4431/4431
f 4434/4434/4434 4433/4433/4433 4431/4431/4431
f 4437/4437/4437 4436/4436/4436 4435/4435/4435
f 4438/4438/4438 4437/4437/4437 4435/4435/4435
f 4441/4441/4441 4440/4440/4440 4439/4439/4439
f 4442/4442/4442 4441/4441/4441 4439/4439/4439
f 4445/4445/4445 4444/4444/4444 4443/4443/4443
f 4446/4446/4446 4445/4445/4445 4443/4443/4443
f 4449/4449/4449 4448/4448/4448 4447/4447/4447
f 4450/4450/4450 4449/4449/4449 4447/4447/4447
f 4453/4453/4453 4452/4452/4452 4451/4451/4451
f 4454/4454/4454 4453/4453/4453 4451/4451/4451
f 4457/4457/4457 4456/4456/4456 4455/4455/4455
f 4458/4458/4458 4457/4457/4457 4455/4455/4455
f 4461/4461/4461 4460/4460/4460 4459/4459/4459
f 4462/4462/4462 4461/4461/4461 4459/4459/4459
f 4465/4465/4465 4464/4464/4464 4463/4463/4463
f 4466/4466/4466 4465/4465/4465 4463/4463/4463
f 4469/4469/4469 4468/4468/4468 4467/4467/4467
f 4470/4470/4470 4469/4469/4469 4467/4467/4467
f 4473/4473/4473 4472/4472/4472 4471/4471/4471
f 4474/4474/4474 4473/4473/4473 4471/4471/4471
f 4477/4477/4477 4476/4476/4476 4475/4475/4475
f 4478/4478/4478 4477/4477/4477 4475/4475/4475
f 4481/4481/4481 4480/4480/4480 4479/4479/4479
f 4482/4482/4482 4481/4481/4481 4479/4479/4479
f 4485/4485/4485 4484/4484/4484 4483/4483/4483
f 4486/4486/4486 4485/4485/4485 4483/4483/4483
f 4489/4489/4489 4488/4488/4488 4487/4487/4487
f 4490/4490/4490 4489/4489/4489 4487/4487/4487
f 4493/4493/4493 4492/4492/4492 4491/4491/4491
f 4494/4494/4494 4493/4493/4493 4491/4491/4491
f 4497/4497/4497 4496/4496/4496 4495/4495/4495
f 4498/4498/4498 4497/4497/4497 4495/4495/4495
f 4501/4501/4501 4500/4500/4500 4499/4499/4499
f 4502/4502/4502 4501/4501/4501 4499/4499/4499
f 4505/4505/4505 4504/4504/4504 4503/4503/4503
f 4506/4506/4506 4505/4505/4505 4503/4503/4503
f 4509/4509/4509 4508/4508/4508 4507/4507/4507
f 4510/4510/4510 4509/4509/4509 4507/4507/4507
f 4513/4513/4513 4512/4512/4512 4511/4511/4511
f 4514/4514/4514 4513/4513/4513 4511/4511/4511
f 4517/4517/4517 4516/4516/4516 4515/4515/4515
f 4518/4518/4518 4517/4517/4517 4515/4515/4515
f 4521/4521/4521 4520/4520/4520 4519/4519/4519
f 4522/4522/4522 4521/4521/4521 4519/4519/4519
f 4525/4525/4525 4524/4524/4524 4523/4523/4523
f 4524/4524/4524 4526/4526/4526 4523/4523/4523
f 4524/4524/4524 4527/4527/4527 4526/4526/4526
f 4527/4527/4527 4528/4528/4528 4526/4526/4526
f 4529/4529/4529 4528/4528/4528 4527/4527/4527
f 4530/4530/4530 4529/4529/4529 4527/4527/4527
f 4529/4529/4529 4530/4530/4530 4531/4531/4531
f 4532/4532/4532 4529/4529/4529 4531/4531/4531
f 4531/4531/4531 4533/4533/4533 4532/4532/4532
f 4532/4532/4532 4533/4533/4533 4534/4534/4534
f 4535/4535/4535 4532/4532/4532 4534/4534/4534
f 4534/4534/4534 4536/4536/4536 4535/4535/4535
f 4539/4539/4539 4538/4538/4538 4537/4537/4537
f 4540/4540/4540 4539/4539/4539 4537/4537/4537
f 4543/4543/4543 4542/4542/4542 4541/4541/4541
f 4544/4544/4544 4543/4543/4543 4541/4541/4541
f 4547/4547/4547 4546/4546/4546 4545/4545/4545
f 4548/4548/4548 4547/4547/4547 4545/4545/4545
f 4551/4551/4551 4550/4550/4550 4549/4549/4549
f 4552/4552/4552 4551/4551/4551 4549/4549/4549
f 4555/4555/4555 4554/4554/4554 4553/4553/4553
f 4556/4556/4556 4555/4555/4555 4553/4553/4553
f 4559/4559/4559 4558/4558/4558 4557/4557/4557
f 4560/4560/4560 4559/4559/4559 4557/4557/4557
f 4563/4563/4563 4562/4562/4562 4561/4561/4561
f 4564/4564/4564 4563/4563/4563 4561/4561/4561
f 4567/4567/4567 4566/4566/4566 4565/4565/4565
f 4568/4568/4568 4567/4567/4567 4565/4565/4565
f 4571/4571/4571 4570/4570/4570 4569/4569/4569
f 4572/4572/4572 4571/4571/4571 4569/4569/4569
f 4575/4575/4575 4574/4574/4574 4573/4573/4573
f 4576/4576/4576 4575/4575/4575 4573/4573/4573
f 4579/4579/4579 4578/4578/4578 4577/4577/4577
f 4580/4580/4580 4579/4579/4579 4577/4577/4577
f 4583/4583/4583 4582/4582/4582 4581/4581/4581
f 4584/4584/4584 4583/4583/4583 4581/4581/4581
f 4587/4587/4587 4586/4586/4586 4585/4585/4585
f 4588/4588/4588 4587/4587/4587 4585/4585/4585
f 4591/4591/4591 4590/4590/4590 4589/4589/4589
f 4592/4592/4592 4591/4591/4591 4589/4589/4589
f 4595/4595/4595 4594/4594/4594 4593/4593/4593
f 4596/4596/4596 4595/4595/4595 4593/4593/4593
f 4599/4599/4599 4598/4598/4598 4597/4597/4597
f 4600/4600/4600 4599/4599/4599 4597/4597/4597
f 4603/4603/4603 4602/4602/4602 4601/4601/4601
f 4604/4604/4604 4603/4603/4603 4601/4601/4601
f 4607/4607/4607 4606/4606/4606 4605/4605/4605
f 4608/4608/4608 4607/4607/4607 4605/4605/4605
f 4611/4611/4611 4610/4610/4610 4609/4609/4609
f 4612/4612/4612 4611/4611/4611 4609/4609/4609
f 4615/4615/4615 4614/4614/4614 4613/4613/4613
f 4616/4616/4616 4615/4615/4615 4613/4613/4613
f 4619/4619/4619 4618/4618/4618 4617/4617/4617
f 4620/4620/4620 4619/4619/4619 4617/4617/4617
f 4623/4623/4623 4622/4622/4622 4621/4621/4621
f 4624/4624/4624 4623/4623/4623 4621/4621/4621
f 4625/4625/4625 4624/4624/4624 4621/4621/4621
f 4628/4628/4628 4627/4627/4627 4626/4626/4626
f 4629/4629/4629 4628/4628/4628 4626/4626/4626
f 4632/4632/4632 4631/4631/4631 4630/4630/4630
f 4633/4633/4633 4632/4632/4632 4630/4630/4630
f 4636/4636/4636 4635/4635/4635 4634/4634/4634
f 4637/4637/4637 4636/4636/4636 4634/4634/4634
f 4640/4640/4640 4639/4639/4639 4638/4638/4638
f 4641/4641/4641 4640/4640/4640 4638/4638/4638
f 4644/4644/4644 4643/4643/4643 4642/4642/4642
f 4645/4645/4645 4644/4644/4644 4642/4642/4642
f 4648/4648/4648 4647/4647/4647 4646/4646/4646
f 4649/4649/4649 4648/4648/4648 4646/4646/4646
f 4652/4652/4652 4651/4651/4651 4650/4650/4650
f 4653/4653/4653 4652/4652/4652 4650/4650/4650
f 4656/4656/4656 4655/4655/4655 4654/4654/4654
f 4657/4657/4657 4656/4656/4656 4654/4654/4654
f 4660/4660/4660 4659/4659/4659 4658/4658/4658
f 4661/4661/4661 4660/4660/4660 4658/4658/4658
f 4664/4664/4664 4663/4663/4663 4662/4662/4662
f 4663/4663/4663 4665/4665/4665 4662/4662/4662
f 4662/4662/4662 4665/4665/4665 4666/4666/4666
f 4665/4665/4665 4667/4667/4667 4666/4666/4666
f 4666/4666/4666 4667/4667/4667 4668/4668/4668
f 4669/4669/4669 4666/4666/4666 4668/4668/4668
f 4672/4672/4672 4671/4671/4671 4670/4670/4670
f 4673/4673/4673 4672/4672/4672 4670/4670/4670
f 4676/4676/4676 4675/4675/4675 4674/4674/4674
f 4677/4677/4677 4676/4676/4676 4674/4674/4674
f 4680/4680/4680 4679/4679/4679 4678/4678/4678
f 4681/4681/4681 4680/4680/4680 4678/4678/4678
f 4684/4684/4684 4683/4683/4683 4682/4682/4682
f 4685/4685/4685 4684/4684/4684 4682/4682/4682
f 4688/4688/4688 4687/4687/4687 4686/4686/4686
f 4689/4689/4689 4688/4688/4688 4686/4686/4686
f 4692/4692/4692 4691/4691/4691 4690/4690/4690
f 4693/4693/4693 4692/4692/4692 4690/4690/4690
f 4696/4696/4696 4695/4695/4695 4694/4694/4694
f 4697/4697/4697 4696/4696/4696 4694/4694/4694
f 4700/4700/4700 4699/4699/4699 4698/4698/4698
f 4701/4701/4701 4700/4700/4700 4698/4698/4698
f 4704/4704/4704 4703/4703/4703 4702/4702/4702
f 4705/4705/4705 4704/4704/4704 4702/4702/4702
f 4708/4708/4708 4707/4707/4707 4706/4706/4706
f 4707/4707/4707 4709/4709/4709 4706/4706/4706
f 4710/4710/4710 4706/4706/4706 4709/4709/4709
f 4711/4711/4711 4710/4710/4710 4709/4709/4709
f 4714/4714/4714 4713/4713/4713 4712/4712/4712
f 4715/4715/4715 4714/4714/4714 4712/4712/4712
f 4718/4718/4718 4717/4717/4717 4716/4716/4716
f 4719/4719/4719 4718/4718/4718 4716/4716/4716
f 4722/4722/4722 4721/4721/4721 4720/4720/4720
f 4723/4723/4723 4722/4722/4722 4720/4720/4720
f 4726/4726/4726 4725/4725/4725 4724/4724/4724
f 4727/4727/4727 4726/4726/4726 4724/4724/4724
f 4730/4730/4730 4729/4729/4729 4728/4728/4728
f 4731/4731/4731 4730/4730/4730 4728/4728/4728
f 4734/4734/4734 4733/4733/4733 4732/4732/4732
f 4735/4735/4735 4734/4734/4734 4732/4732/4732
f 4738/4738/4738 4737/4737/4737 4736/4736/4736
f 4739/4739/4739 4738/4738/4738 4736/4736/4736
f 4742/4742/4742 4741/4741/4741 4740/4740/4740
f 4743/4743/4743 4742/4742/4742 4740/4740/4740
f 4746/4746/4746 4745/4745/4745 4744/4744/4744
f 4747/4747/4747 4746/4746/4746 4744/4744/4744
f 4750/4750/4750 4749/4749/4749 4748/4748/4748
f 4751/4751/4751 4750/4750/4750 4748/4748/4748
f 4754/4754/4754 4753/4753/4753 4752/4752/4752
f 4755/4755/4755 4754/4754/4754 4752/4752/4752
f 4758/4758/4758 4757/4757/4757 4756/4756/4756
f 4756/4756/4756 4759/4759/4759 4758/4758/4758
f 4756/4756/4756 4760/4760/4760 4759/4759/4759
f 4763/4763/4763 4762/4762/4762 4761/4761/4761
f 4764/4764/4764 4763/4763/4763 4761/4761/4761
f 4767/4767/4767 4766/4766/4766 4765/4765/4765
f 4765/4765/4765 4768/4768/4768 4767/4767/4767
f 4768/4768/4768 4769/4769/4769 4767/4767/4767
f 4772/4772/4772 4771/4771/4771 4770/4770/4770
f 4770/4770/4770 4773/4773/4773 4772/4772/4772
f 4770/4770/4770 4774/4774/4774 4773/4773/4773
f 4777/4777/4777 4776/4776/4776 4775/4775/4775
f 4775/4775/4775 4778/4778/4778 4777/4777/4777
f 4780/4780/4780 4778/4778/4778 4779/4779/4779
f 4781/4781/4781 4780/4780/4780 4779/4779/4779
f 4782/4782/4782 4780/4780/4780 4781/4781/4781
f 4783/4783/4783 4782/4782/4782 4781/4781/4781
f 4783/4783/4783 4784/4784/4784 4782/4782/4782
f 4784/4784/4784 4785/4785/4785 4782/4782/4782
f 4788/4788/4788 4787/4787/4787 4786/4786/4786
f 4789/4789/4789 4788/4788/4788 4786/4786/4786
f 4792/4792/4792 4791/4791/4791 4790/4790/4790
f 4790/4790/4790 4793/4793/4793 4792/4792/4792
f 4790/4790/4790 4794/4794/4794 4793/4793/4793
f 4797/4797/4797 4796/4796/4796 4795/4795/4795
f 4798/4798/4798 4797/4797/4797 4795/4795/4795
f 4801/4801/4801 4800/4800/4800 4799/4799/4799
f 4802/4802/4802 4801/4801/4801 4799/4799/4799
f 4805/4805/4805 4804/4804/4804 4803/4803/4803
f 4806/4806/4806 4805/4805/4805 4803/4803/4803
f 4809/4809/4809 4808/4808/4808 4807/4807/4807
f 4810/4810/4810 4809/4809/4809 4807/4807/4807
f 4813/4813/4813 4812/4812/4812 4811/4811/4811
f 4814/4814/4814 4813/4813/4813 4811/4811/4811
f 4817/4817/4817 4816/4816/4816 4815/4815/4815
f 4818/4818/4818 4817/4817/4817 4815/4815/4815
f 4821/4821/4821 4820/4820/4820 4819/4819/4819
f 4822/4822/4822 4821/4821/4821 4819/4819/4819
f 4825/4825/4825 4824/4824/4824 4823/4823/4823
f 4826/4826/4826 4825/4825/4825 4823/4823/4823
f 4829/4829/4829 4828/4828/4828 4827/4827/4827
f 4830/4830/4830 4829/4829/4829 4827/4827/4827
f 4833/4833/4833 4832/4832/4832 4831/4831/4831
f 4834/4834/4834 4833/4833/4833 4831/4831/4831
f 4837/4837/4837 4836/4836/4836 4835/4835/4835
f 4838/4838/4838 4837/4837/4837 4835/4835/4835
f 4841/4841/4841 4840/4840/4840 4839/4839/4839
f 4842/4842/4842 4841/4841/4841 4839/4839/4839
f 4845/4845/4845 4844/4844/4844 4843/4843/4843
f 4846/4846/4846 4845/4845/4845 4843/4843/4843
f 4849/4849/4849 4848/4848/4848 4847/4847/4847
f 4850/4850/4850 4849/4849/4849 4847/4847/4847
f 4853/4853/4853 4852/4852/4852 4851/4851/4851
f 4854/4854/4854 4853/4853/4853 4851/4851/4851
f 4857/4857/4857 4856/4856/4856 4855/4855/4855
f 4858/4858/4858 4857/4857/4857 4855/4855/4855
f 4861/4861/4861 4860/4860/4860 4859/4859/4859
f 4862/4862/4862 4861/4861/4861 4859/4859/4859
f 4865/4865/4865 4864/4864/4864 4863/4863/4863
f 4866/4866/4866 4865/4865/4865 4863/4863/4863
f 4869/4869/4869 4868/4868/4868 4867/4867/4867
f 4870/4870/4870 4869/4869/4869 4867/4867/4867
f 4873/4873/4873 4872/4872/4872 4871/4871/4871
f 4874/4874/4874 4873/4873/4873 4871/4871/4871
f 4877/4877/4877 4876/4876/4876 4875/4875/4875
f 4878/4878/4878 4877/4877/4877 4875/4875/4875
f 4881/4881/4881 4880/4880/4880 4879/4879/4879
f 4882/4882/4882 4881/4881/4881 4879/4879/4879
f 4885/4885/4885 4884/4884/4884 4883/4883/4883
f 4884/4884/4884 4886/4886/4886 4883/4883/4883
f 4884/4884/4884 4887/4887/4887 4886/4886/4886
f 4887/4887/4887 4888/4888/4888 4886/4886/4886
f 4891/4891/4891 4890/4890/4890 4889/4889/4889
f 4892/4892/4892 4891/4891/4891 4889/4889/4889
f 4895/4895/4895 4894/4894/4894 4893/4893/4893
f 4894/4894/4894 4896/4896/4896 4893/4893/4893
f 4897/4897/4897 4896/4896/4896 4894/4894/4894
f 4900/4900/4900 4899/4899/4899 4898/4898/4898
f 4901/4901/4901 4900/4900/4900 4898/4898/4898
f 4904/4904/4904 4903/4903/4903 4902/4902/4902
f 4905/4905/4905 4904/4904/4904 4902/4902/4902
f 4908/4908/4908 4907/4907/4907 4906/4906/4906
f 4909/4909/4909 4908/4908/4908 4906/4906/4906
f 4912/4912/4912 4911/4911/4911 4910/4910/4910
f 4913/4913/4913 4912/4912/4912 4910/4910/4910
f 4916/4916/4916 4915/4915/4915 4914/4914/4914
f 4917/4917/4917 4916/4916/4916 4914/4914/4914
f 4920/4920/4920 4919/4919/4919 4918/4918/4918
f 4921/4921/4921 4920/4920/4920 4918/4918/4918
f 4924/4924/4924 4923/4923/4923 4922/4922/4922
f 4925/4925/4925 4924/4924/4924 4922/4922/4922
f 4928/4928/4928 4927/4927/4927 4926/4926/4926
f 4929/4929/4929 4928/4928/4928 4926/4926/4926
f 4932/4932/4932 4931/4931/4931 4930/4930/4930
f 4933/4933/4933 4932/4932/4932 4930/4930/4930
f 4936/4936/4936 4935/4935/4935 4934/4934/4934
f 4937/4937/4937 4936/4936/4936 4934/4934/4934
f 4940/4940/4940 4939/4939/4939 4938/4938/4938
f 4941/4941/4941 4940/4940/4940 4938/4938/4938
f 4944/4944/4944 4943/4943/4943 4942/4942/4942
f 4945/4945/4945 4944/4944/4944 4942/4942/4942
f 4948/4948/4948 4947/4947/4947 4946/4946/4946
f 4949/4949/4949 4948/4948/4948 4946/4946/4946
f 4952/4952/4952 4951/4951/4951 4950/4950/4950
f 4953/4953/4953 4952/4952/4952 4950/4950/4950
f 4956/4956/4956 4955/4955/4955 4954/4954/4954
f 4957/4957/4957 4956/4956/4956 4954/4954/4954
f 4960/4960/4960 4959/4959/4959 4958/4958/4958
f 4961/4961/4961 4960/4960/4960 4958/4958/4958
f 4964/4964/4964 4963/4963/4963 4962/4962/4962
f 4965/4965/4965 4964/4964/4964 4962/4962/4962
f 4968/4968/4968 4967/4967/4967 4966/4966/4966
f 4969/4969/4969 4968/4968/4968 4966/4966/4966
f 4972/4972/4972 4971/4971/4971 4970/4970/4970
f 4973/4973/4973 4972/4972/4972 4970/4970/4970
f 4976/4976/4976 4975/4975/4975 4974/4974/4974
f 4977/4977/4977 4976/4976/4976 4974/4974/4974
f 4980/4980/4980 4979/4979/4979 4978/4978/4978
f 4981/4981/4981 4980/4980/4980 4978/4978/4978
f 4984/4984/4984 4983/4983/4983 4982/4982/4982
f 4985/4985/4985 4984/4984/4984 4982/4982/4982
f 4988/4988/4988 4987/4987/4987 4986/4986/4986
f 4986/4986/4986 4989/4989/4989 4988/4988/4988
f 4986/4986/4986 4990/4990/4990 4989/4989/4989
f 4993/4993/4993 4992/4992/4992 4991/4991/4991
f 4994/4994/4994 4993/4993/4993 4991/4991/4991
f 4997/4997/4997 4996/4996/4996 4995/4995/4995
f 4998/4998/4998 4997/4997/4997 4995/4995/4995
f 5001/5001/5001 5000/5000/5000 4999/4999/4999
f 5002/5002/5002 5001/5001/5001 4999/4999/4999
f 5005/5005/5005 5004/5004/5004 5003/5003/5003
f 5006/5006/5006 5005/5005/5005 5003/5003/5003
f 5009/5009/5009 5008/5008/5008 5007/5007/5007
f 5007/5007/5007 5010/5010/5010 5009/5009/5009
f 5010/5010/5010 5011/5011/5011 5009/5009/5009
f 5014/5014/5014 5013/5013/5013 5012/5012/5012
f 5015/5015/5015 5014/5014/5014 5012/5012/5012
f 5018/5018/5018 5017/5017/5017 5016/5016/5016
f 5019/5019/5019 5018/5018/5018 5016/5016/5016
f 5022/5022/5022 5021/5021/5021 5020/5020/5020
f 5023/5023/5023 5022/5022/5022 5020/5020/5020
f 5026/5026/5026 5025/5025/5025 5024/5024/5024
f 5027/5027/5027 5026/5026/5026 5024/5024/5024
f 5030/5030/5030 5029/5029/5029 5028/5028/5028
f 5031/5031/5031 5030/5030/5030 5028/5028/5028
f 5034/5034/5034 5033/5033/5033 5032/5032/5032
f 5035/5035/5035 5034/5034/5034 5032/5032/5032
f 5038/5038/5038 5037/5037/5037 5036/5036/5036
f 5039/5039/5039 5038/5038/5038 5036/5036/5036
f 5042/5042/5042 5041/5041/5041 5040/5040/5040
f 5043/5043/5043 5042/5042/5042 5040/5040/5040
f 5046/5046/5046 5045/5045/5045 5044/5044/5044
f 5047/5047/5047 5046/5046/5046 5044/5044/5044
f 5050/5050/5050 5049/5049/5049 5048/5048/5048
f 5051/5051/5051 5050/5050/5050 5048/5048/5048
f 5054/5054/5054 5053/5053/5053 5052/5052/5052
f 5055/5055/5055 5054/5054/5054 5052/5052/5052
f 5058/5058/5058 5057/5057/5057 5056/5056/5056
f 5059/5059/5059 5058/5058/5058 5056/5056/5056
f 5062/5062/5062 5061/5061/5061 5060/5060/5060
f 5063/5063/5063 5062/5062/5062 5060/5060/5060
f 5066/5066/5066 5065/5065/5065 5064/5064/5064
f 5067/5067/5067 5066/5066/5066 5064/5064/5064
f 5070/5070/5070 5069/5069/5069 5068/5068/5068
f 5071/5071/5071 5070/5070/5070 5068/5068/5068
f 5074/5074/5074 5073/5073/5073 5072/5072/5072
f 5075/5075/5075 5074/5074/5074 5072/5072/5072
f 5078/5078/5078 5077/5077/5077 5076/5076/5076
f 5079/5079/5079 5078/5078/5078 5076/5076/5076
f 5082/5082/5082 5081/5081/5081 5080/5080/5080
f 5083/5083/5083 5082/5082/5082 5080/5080/5080
f 5086/5086/5086 5085/5085/5085 5084/5084/5084
f 5087/5087/5087 5086/5086/5086 5084/5084/5084
f 5090/5090/5090 5089/5089/5089 5088/5088/5088
f 5091/5091/5091 5090/5090/5090 5088/5088/5088
f 5094/5094/5094 5093/5093/5093 5092/5092/5092
f 5095/5095/5095 5094/5094/5094 5092/5092/5092
f 5096/5096/5096 5094/5094/5094 5095/5095/5095
f 5097/5097/5097 5096/5096/5096 5095/5095/5095
f 5100/5100/5100 5099/5099/5099 5098/5098/5098
f 5101/5101/5101 5100/5100/5100 5098/5098/5098
f 5104/5104/5104 5103/5103/5103 5102/5102/5102
f 5105/5105/5105 5104/5104/5104 5102/5102/5102
f 5108/5108/5108 5107/5107/5107 5106/5106/5106
f 5109/5109/5109 5108/5108/5108 5106/5106/5106
f 5112/5112/5112 5111/5111/5111 5110/5110/5110
f 5113/5113/5113 5112/5112/5112 5110/5110/5110
f 5116/5116/5116 5115/5115/5115 5114/5114/5114
f 5117/5117/5117 5116/5116/5116 5114/5114/5114
f 5120/5120/5120 5119/5119/5119 5118/5118/5118
f 5121/5121/5121 5120/5120/5120 5118/5118/5118
f 5124/5124/5124 5123/5123/5123 5122/5122/5122
f 5125/5125/5125 5124/5124/5124 5122/5122/5122
f 5128/5128/5128 5127/5127/5127 5126/5126/5126
f 5129/5129/5129 5128/5128/5128 5126/5126/5126
f 5132/5132/5132 5131/5131/5131 5130/5130/5130
f 5133/5133/5133 5132/5132/5132 5130/5130/5130
f 5136/5136/5136 5135/5135/5135 5134/5134/5134
f 5137/5137/5137 5136/5136/5136 5134/5134/5134
f 5140/5140/5140 5139/5139/5139 5138/5138/5138
f 5141/5141/5141 5140/5140/5140 5138/5138/5138
f 5144/5144/5144 5143/5143/5143 5142/5142/5142
f 5145/5145/5145 5144/5144/5144 5142/5142/5142
f 5148/5148/5148 5147/5147/5147 5146/5146/5146
f 5149/5149/5149 5148/5148/5148 5146/5146/5146
f 5152/5152/5152 5151/5151/5151 5150/5150/5150
f 5153/5153/5153 5152/5152/5152 5150/5150/5150
f 5156/5156/5156 5155/5155/5155 5154/5154/5154
f 5157/5157/5157 5156/5156/5156 5154/5154/5154
f 5160/5160/5160 5159/5159/5159 5158/5158/5158
f 5161/5161/5161 5160/5160/5160 5158/5158/5158
f 5164/5164/5164 5163/5163/5163 5162/5162/5162
f 5165/5165/5165 5164/5164/5164 5162/5162/5162
f 5168/5168/5168 5167/5167/5167 5166/5166/5166
f 5169/5169/5169 5168/5168/5168 5166/5166/5166
f 5172/5172/5172 5171/5171/5171 5170/5170/5170
f 5173/5173/5173 5172/5172/5172 5170/5170/5170
f 5176/5176/5176 5175/5175/5175 5174/5174/5174
f 5175/5175/5175 5177/5177/5177 5174/5174/5174
f 5177/5177/5177 5175/5175/5175 5178/5178/5178
f 5175/5175/5175 5179/5179/5179 5178/5178/5178
f 5182/5182/5182 5181/5181/5181 5180/5180/5180
f 5183/5183/5183 5182/5182/5182 5180/5180/5180
f 5186/5186/5186 5185/5185/5185 5184/5184/5184
f 5187/5187/5187 5186/5186/5186 5184/5184/5184
f 5190/5190/5190 5189/5189/5189 5188/5188/5188
f 5191/5191/5191 5190/5190/5190 5188/5188/5188
f 5194/5194/5194 5193/5193/5193 5192/5192/5192
f 5195/5195/5195 5194/5194/5194 5192/5192/5192
f 5198/5198/5198 5197/5197/5197 5196/5196/5196
f 5199/5199/5199 5198/5198/5198 5196/5196/5196
f 5202/5202/5202 5201/5201/5201 5200/5200/5200
f 5203/5203/5203 5202/5202/5202 5200/5200/5200
f 5206/5206/5206 5205/5205/5205 5204/5204/5204
f 5207/5207/5207 5206/5206/5206 5204/5204/5204
f 5210/5210/5210 5209/5209/5209 5208/5208/5208
f 5211/5211/5211 5210/5210/5210 5208/5208/5208
f 5214/5214/5214 5213/5213/5213 5212/5212/5212
f 5215/5215/5215 5214/5214/5214 5212/5212/5212
f 5218/5218/5218 5217/5217/5217 5216/5216/5216
f 5219/5219/5219 5218/5218/5218 5216/5216/5216
f 5222/5222/5222 5221/5221/5221 5220/5220/5220
f 5223/5223/5223 5222/5222/5222 5220/5220/5220
f 5226/5226/5226 5225/5225/5225 5224/5224/5224
f 5227/5227/5227 5226/5226/5226 5224/5224/5224
f 5230/5230/5230 5229/5229/5229 5228/5228/5228
f 5231/5231/5231 5230/5230/5230 5228/5228/5228
f 5234/5234/5234 5233/5233/5233 5232/5232/5232
f 5235/5235/5235 5234/5234/5234 5232/5232/5232
f 5232/5232/5232 5236/5236/5236 5235/5235/5235
f 5236/5236/5236 5237/5237/5237 5235/5235/5235
f 5240/5240/5240 5239/5239/5239 5238/5238/5238
f 5241/5241/5241 5240/5240/5240 5238/5238/5238
f 5244/5244/5244 5243/5243/5243 5242/5242/5242
f 5245/5245/5245 5244/5244/5244 5242/5242/5242
f 5248/5248/5248 5247/5247/5247 5246/5246/5246
f 5249/5249/5249 5248/5248/5248 5246/5246/5246
f 5252/5252/5252 5251/5251/5251 5250/5250/5250
f 5253/5253/5253 5252/5252/5252 5250/5250/5250
f 5256/5256/5256 5255/5255/5255 5254/5254/5254
f 5257/5257/5257 5256/5256/5256 5254/5254/5254
f 5260/5260/5260 5259/5259/5259 5258/5258/5258
f 5261/5261/5261 5260/5260/5260 5258/5258/5258
f 5264/5264/5264 5263/5263/5263 5262/5262/5262
f 5265/5265/5265 5264/5264/5264 5262/5262/5262
f 5268/5268/5268 5267/5267/5267 5266/5266/5266
f 5269/5269/5269 5268/5268/5268 5266/5266/5266
f 5272/5272/5272 5271/5271/5271 5270/5270/5270
f 5273/5273/5273 5272/5272/5272 5270/5270/5270
f 5276/5276/5276 5275/5275/5275 5274/5274/5274
f 5277/5277/5277 5276/5276/5276 5274/5274/5274
f 5280/5280/5280 5279/5279/5279 5278/5278/5278
f 5281/5281/5281 5280/5280/5280 5278/5278/5278
f 5284/5284/5284 5283/5283/5283 5282/5282/5282
f 5282/5282/5282 5285/5285/5285 5284/5284/5284
f 5285/5285/5285 5286/5286/5286 5284/5284/5284
f 5289/5289/5289 5288/5288/5288 5287/5287/5287
f 5290/5290/5290 5289/5289/5289 5287/5287/5287
f 5293/5293/5293 5292/5292/5292 5291/5291/5291
f 5291/5291/5291 5294/5294/5294 5293/5293/5293
f 5291/5291/5291 5295/5295/5295 5294/5294/5294
f 5295/5295/5295 5291/5291/5291 5296/5296/5296
f 5299/5299/5299 5298/5298/5298 5297/5297/5297
f 5297/5297/5297 5300/5300/5300 5299/5299/5299
f 5300/5300/5300 5301/5301/5301 5299/5299/5299
f 5304/5304/5304 5303/5303/5303 5302/5302/5302
f 5305/5305/5305 5304/5304/5304 5302/5302/5302
f 5308/5308/5308 5307/5307/5307 5306/5306/5306
f 5306/5306/5306 5309/5309/5309 5308/5308/5308
f 5309/5309/5309 5310/5310/5310 5308/5308/5308
f 5313/5313/5313 5312/5312/5312 5311/5311/5311
f 5314/5314/5314 5313/5313/5313 5311/5311/5311
f 5317/5317/5317 5316/5316/5316 5315/5315/5315
f 5318/5318/5318 5317/5317/5317 5315/5315/5315
f 5321/5321/5321 5320/5320/5320 5319/5319/5319
f 5322/5322/5322 5321/5321/5321 5319/5319/5319
f 5325/5325/5325 5324/5324/5324 5323/5323/5323
f 5326/5326/5326 5325/5325/5325 5323/5323/5323
f 5329/5329/5329 5328/5328/5328 5327/5327/5327
f 5330/5330/5330 5329/5329/5329 5327/5327/5327
f 5333/5333/5333 5332/5332/5332 5331/5331/5331
f 5334/5334/5334 5333/5333/5333 5331/5331/5331
f 5337/5337/5337 5336/5336/5336 5335/5335/5335
f 5338/5338/5338 5337/5337/5337 5335/5335/5335
f 5341/5341/5341 5340/5340/5340 5339/5339/5339
f 5342/5342/5342 5341/5341/5341 5339/5339/5339
f 5345/5345/5345 5344/5344/5344 5343/5343/5343
f 5346/5346/5346 5345/5345/5345 5343/5343/5343
f 5349/5349/5349 5348/5348/5348 5347/5347/5347
f 5350/5350/5350 5349/5349/5349 5347/5347/5347
f 5353/5353/5353 5352/5352/5352 5351/5351/5351
f 5354/5354/5354 5353/5353/5353 5351/5351/5351
f 5357/5357/5357 5356/5356/5356 5355/5355/5355
f 5358/5358/5358 5357/5357/5357 5355/5355/5355
f 5361/5361/5361 5360/5360/5360 5359/5359/5359
f 5362/5362/5362 5361/5361/5361 5359/5359/5359
f 5365/5365/5365 5364/5364/5364 5363/5363/5363
f 5363/5363/5363 5366/5366/5366 5365/5365/5365
f 5366/5366/5366 5367/5367/5367 5365/5365/5365
f 5370/5370/5370 5369/5369/5369 5368/5368/5368
f 5371/5371/5371 5370/5370/5370 5368/5368/5368
f 5374/5374/5374 5373/5373/5373 5372/5372/5372
f 5375/5375/5375 5374/5374/5374 5372/5372/5372
f 5378/5378/5378 5377/5377/5377 5376/5376/5376
f 5379/5379/5379 5378/5378/5378 5376/5376/5376
f 5382/5382/5382 5381/5381/5381 5380/5380/5380
f 5383/5383/5383 5382/5382/5382 5380/5380/5380
f 5386/5386/5386 5385/5385/5385 5384/5384/5384
f 5384/5384/5384 5387/5387/5387 5386/5386/5386
f 5387/5387/5387 5388/5388/5388 5386/5386/5386
f 5391/5391/5391 5390/5390/5390 5389/5389/5389
f 5392/5392/5392 5391/5391/5391 5389/5389/5389
f 5395/5395/5395 5394/5394/5394 5393/5393/5393
f 5396/5396/5396 5395/5395/5395 5393/5393/5393
f 5399/5399/5399 5398/5398/5398 5397/5397/5397
f 5400/5400/5400 5399/5399/5399 5397/5397/5397
f 5403/5403/5403 5402/5402/5402 5401/5401/5401
f 5404/5404/5404 5403/5403/5403 5401/5401/5401
f 5407/5407/5407 5406/5406/5406 5405/5405/5405
f 5408/5408/5408 5407/5407/5407 5405/5405/5405
f 5411/5411/5411 5410/5410/5410 5409/5409/5409
f 5412/5412/5412 5411/5411/5411 5409/5409/5409
f 5415/5415/5415 5414/5414/5414 5413/5413/5413
f 5416/5416/5416 5415/5415/5415 5413/5413/5413
f 5419/5419/5419 5418/5418/5418 5417/5417/5417
f 5420/5420/5420 5419/5419/5419 5417/5417/5417
f 5423/5423/5423 5422/5422/5422 5421/5421/5421
f 5424/5424/5424 5423/5423/5423 5421/5421/5421
f 5427/5427/5427 5426/5426/5426 5425/5425/5425
f 5428/5428/5428 5427/5427/5427 5425/5425/5425
f 5431/5431/5431 5430/5430/5430 5429/5429/5429
f 5432/5432/5432 5431/5431/5431 5429/5429/5429
f 5435/5435/5435 5434/5434/5434 5433/5433/5433
f 5436/5436/5436 5435/5435/5435 5433/5433/5433
f 5439/5439/5439 5438/5438/5438 5437/5437/5437
f 5440/5440/5440 5439/5439/5439 5437/5437/5437
f 5443/5443/5443 5442/5442/5442 5441/5441/5441
f 5444/5444/5444 5443/5443/5443 5441/5441/5441
f 5447/5447/5447 5446/5446/5446 5445/5445/5445
f 5448/5448/5448 5447/5447/5447 5445/5445/5445
f 5451/5451/5451 5450/5450/5450 5449/5449/5449
f 5452/5452/5452 5451/5451/5451 5449/5449/5449
f 5455/5455/5455 5454/5454/5454 5453/5453/5453
f 5456/5456/5456 5455/5455/5455 5453/5453/5453
f 5459/5459/5459 5458/5458/5458 5457/5457/5457
f 5460/5460/5460 5459/5459/5459 5457/5457/5457
f 5463/5463/5463 5462/5462/5462 5461/5461/5461
f 5464/5464/5464 5463/5463/5463 5461/5461/5461
f 5467/5467/5467 5466/5466/5466 5465/5465/5465
f 5468/5468/5468 5467/5467/5467 5465/5465/5465
f 5471/5471/5471 5470/5470/5470 5469/5469/5469
f 5472/5472/5472 5471/5471/5471 5469/5469/5469
f 5475/5475/5475 5474/5474/5474 5473/5473/5473
f 5476/5476/5476 5475/5475/5475 5473/5473/5473
f 5479/5479/5479 5478/5478/5478 5477/5477/5477
f 5480/5480/5480 5479/5479/5479 5477/5477/5477
f 5483/5483/5483 5482/5482/5482 5481/5481/5481
f 5484/5484/5484 5483/5483/5483 5481/5481/5481
f 5487/5487/5487 5486/5486/5486 5485/5485/5485
f 5488/5488/5488 5487/5487/5487 5485/5485/5485
f 5491/5491/5491 5490/5490/5490 5489/5489/5489
f 5492/5492/5492 5491/5491/5491 5489/5489/5489
f 5495/5495/5495 5494/5494/5494 5493/5493/5493
f 5493/5493/5493 5496/5496/5496 5495/5495/5495
f 5493/5493/5493 5497/5497/5497 5496/5496/5496
f 5500/5500/5500 5499/5499/5499 5498/5498/5498
f 5501/5501/5501 5500/5500/5500 5498/5498/5498
f 5504/5504/5504 5503/5503/5503 5502/5502/5502
f 5505/5505/5505 5504/5504/5504 5502/5502/5502
f 5508/5508/5508 5507/5507/5507 5506/5506/5506
f 5509/5509/5509 5508/5508/5508 5506/5506/5506
f 5512/5512/5512 5511/5511/5511 5510/5510/5510
f 5513/5513/5513 5512/5512/5512 5510/5510/5510
f 5516/5516/5516 5515/5515/5515 5514/5514/5514
f 5514/5514/5514 5517/5517/5517 5516/5516/5516
f 5514/5514/5514 5518/5518/5518 5517/5517/5517
f 5521/5521/5521 5520/5520/5520 5519/5519/5519
f 5522/5522/5522 5521/5521/5521 5519/5519/5519
f 5525/5525/5525 5524/5524/5524 5523/5523/5523
f 5526/5526/5526 5525/5525/5525 5523/5523/5523
f 5529/5529/5529 5528/5528/5528 5527/5527/5527
f 5530/5530/5530 5529/5529/5529 5527/5527/5527
f 5533/5533/5533 5532/5532/5532 5531/5531/5531
f 5534/5534/5534 5533/5533/5533 5531/5531/5531
f 5537/5537/5537 5536/5536/5536 5535/5535/5535
f 5538/5538/5538 5537/5537/5537 5535/5535/5535
f 5541/5541/5541 5540/5540/5540 5539/5539/5539
f 5542/5542/5542 5541/5541/5541 5539/5539/5539
f 5545/5545/5545 5544/5544/5544 5543/5543/5543
f 5546/5546/5546 5545/5545/5545 5543/5543/5543
f 5549/5549/5549 5548/5548/5548 5547/5547/5547
f 5550/5550/5550 5549/5549/5549 5547/5547/5547
f 5553/5553/5553 5552/5552/5552 5551/5551/5551
f 5554/5554/5554 5553/5553/5553 5551/5551/5551
f 5557/5557/5557 5556/5556/5556 5555/5555/5555
f 5558/5558/5558 5557/5557/5557 5555/5555/5555
f 5561/5561/5561 5560/5560/5560 5559/5559/5559
f 5562/5562/5562 5561/5561/5561 5559/5559/5559
f 5565/5565/5565 5564/5564/5564 5563/5563/5563
f 5566/5566/5566 5565/5565/5565 5563/5563/5563
f 5569/5569/5569 5568/5568/5568 5567/5567/5567
f 5570/5570/5570 5569/5569/5569 5567/5567/5567
f 5573/5573/5573 5572/5572/5572 5571/5571/5571
f 5574/5574/5574 5573/5573/5573 5571/5571/5571
f 5577/5577/5577 5576/5576/5576 5575/5575/5575
f 5578/5578/5578 5577/5577/5577 5575/5575/5575
f 5581/5581/5581 5580/5580/5580 5579/5579/5579
f 5582/5582/5582 5581/5581/5581 5579/5579/5579
f 5585/5585/5585 5584/5584/5584 5583/5583/5583
f 5586/5586/5586 5585/5585/5585 5583/5583/5583
f 5589/5589/5589 5588/5588/5588 5587/5587/5587
f 5590/5590/5590 5589/5589/5589 5587/5587/5587
f 5593/5593/5593 5592/5592/5592 5591/5591/5591
f 5594/5594/5594 5593/5593/5593 5591/5591/5591
f 5597/5597/5597 5596/5596/5596 5595/5595/5595
f 5598/5598/5598 5597/5597/5597 5595/5595/5595
f 5601/5601/5601 5600/5600/5600 5599/5599/5599
f 5602/5602/5602 5601/5601/5601 5599/5599/5599
f 5605/5605/5605 5604/5604/5604 5603/5603/5603
f 5606/5606/5606 5605/5605/5605 5603/5603/5603
f 5609/5609/5609 5608/5608/5608 5607/5607/5607
f 5610/5610/5610 5609/5609/5609 5607/5607/5607
f 5613/5613/5613 5612/5612/5612 5611/5611/5611
f 5614/5614/5614 5613/5613/5613 5611/5611/5611
f 5617/5617/5617 5616/5616/5616 5615/5615/5615
f 5618/5618/5618 5617/5617/5617 5615/5615/5615
f 5621/5621/5621 5620/5620/5620 5619/5619/5619
f 5622/5622/5622 5621/5621/5621 5619/5619/5619
f 5625/5625/5625 5624/5624/5624 5623/5623/5623
f 5626/5626/5626 5625/5625/5625 5623/5623/5623
f 5629/5629/5629 5628/5628/5628 5627/5627/5627
f 5630/5630/5630 5629/5629/5629 5627/5627/5627
f 5633/5633/5633 5632/5632/5632 5631/5631/5631
f 5634/5634/5634 5633/5633/5633 5631/5631/5631
f 5637/5637/5637 5636/5636/5636 5635/5635/5635
f 5638/5638/5638 5637/5637/5637 5635/5635/5635
f 5641/5641/5641 5640/5640/5640 5639/5639/5639
f 5642/5642/5642 5641/5641/5641 5639/5639/5639
f 5645/5645/5645 5644/5644/5644 5643/5643/5643
f 5646/5646/5646 5645/5645/5645 5643/5643/5643
f 5649/5649/5649 5648/5648/5648 5647/5647/5647
f 5650/5650/5650 5649/5649/5649 5647/5647/5647
f 5653/5653/5653 5652/5652/5652 5651/5651/5651
f 5654/5654/5654 5653/5653/5653 5651/5651/5651
f 5657/5657/5657 5656/5656/5656 5655/5655/5655
f 5658/5658/5658 5657/5657/5657 5655/5655/5655
f 5661/5661/5661 5660/5660/5660 5659/5659/5659
f 5662/5662/5662 5661/5661/5661 5659/5659/5659
f 5665/5665/5665 5664/5664/5664 5663/5663/5663
f 5666/5666/5666 5665/5665/5665 5663/5663/5663
f 5669/5669/5669 5668/5668/5668 5667/5667/5667
f 5670/5670/5670 5669/5669/5669 5667/5667/5667
f 5673/5673/5673 5672/5672/5672 5671/5671/5671
f 5674/5674/5674 5673/5673/5673 5671/5671/5671
f 5677/5677/5677 5676/5676/5676 5675/5675/5675
f 5678/5678/5678 5677/5677/5677 5675/5675/5675
f 5681/5681/5681 5680/5680/5680 5679/5679/5679
f 5682/5682/5682 5681/5681/5681 5679/5679/5679
f 5685/5685/5685 5684/5684/5684 5683/5683/5683
f 5686/5686/5686 5685/5685/5685 5683/5683/5683
f 5687/5687/5687 5686/5686/5686 5683/5683/5683
f 5688/5688/5688 5685/5685/5685 5686/5686/5686
f 5689/5689/5689 5688/5688/5688 5686/5686/5686
f 5692/5692/5692 5691/5691/5691 5690/5690/5690
f 5693/5693/5693 5692/5692/5692 5690/5690/5690
f 5696/5696/5696 5695/5695/5695 5694/5694/5694
f 5697/5697/5697 5696/5696/5696 5694/5694/5694
f 5700/5700/5700 5699/5699/5699 5698/5698/5698
f 5699/5699/5699 5701/5701/5701 5698/5698/5698
f 5702/5702/5702 5701/5701/5701 5699/5699/5699
f 5703/5703/5703 5702/5702/5702 5699/5699/5699
f 5706/5706/5706 5705/5705/5705 5704/5704/5704
f 5707/5707/5707 5706/5706/5706 5704/5704/5704
f 5710/5710/5710 5709/5709/5709 5708/5708/5708
f 5711/5711/5711 5710/5710/5710 5708/5708/5708
f 5714/5714/5714 5713/5713/5713 5712/5712/5712
f 5715/5715/5715 5714/5714/5714 5712/5712/5712
f 5718/5718/5718 5717/5717/5717 5716/5716/5716
f 5719/5719/5719 5718/5718/5718 5716/5716/5716
f 5722/5722/5722 5721/5721/5721 5720/5720/5720
f 5723/5723/5723 5722/5722/5722 5720/5720/5720
f 5726/5726/5726 5725/5725/5725 5724/5724/5724
f 5727/5727/5727 5726/5726/5726 5724/5724/5724
f 5730/5730/5730 5729/5729/5729 5728/5728/5728
f 5731/5731/5731 5730/5730/5730 5728/5728/5728
f 5734/5734/5734 5733/5733/5733 5732/5732/5732
f 5735/5735/5735 5734/5734/5734 5732/5732/5732
f 5738/5738/5738 5737/5737/5737 5736/5736/5736
f 5739/5739/5739 5738/5738/5738 5736/5736/5736
f 5742/5742/5742 5741/5741/5741 5740/5740/5740
f 5741/5741/5741 5743/5743/5743 5740/5740/5740
f 5744/5744/5744 5740/5740/5740 5743/5743/5743
f 5745/5745/5745 5744/5744/5744 5743/5743/5743
f 5748/5748/5748 5747/5747/5747 5746/5746/5746
f 5749/5749/5749 5748/5748/5748 5746/5746/5746
f 5752/5752/5752 5751/5751/5751 5750/5750/5750
f 5753/5753/5753 5752/5752/5752 5750/5750/5750
f 5756/5756/5756 5755/5755/5755 5754/5754/5754
f 5757/5757/5757 5756/5756/5756 5754/5754/5754
f 5760/5760/5760 5759/5759/5759 5758/5758/5758
f 5761/5761/5761 5760/5760/5760 5758/5758/5758
f 5764/5764/5764 5763/5763/5763 5762/5762/5762
f 5765/5765/5765 5764/5764/5764 5762/5762/5762
f 5768/5768/5768 5767/5767/5767 5766/5766/5766
f 5769/5769/5769 5768/5768/5768 5766/5766/5766
f 5772/5772/5772 5771/5771/5771 5770/5770/5770
f 5773/5773/5773 5772/5772/5772 5770/5770/5770
f 5776/5776/5776 5775/5775/5775 5774/5774/5774
f 5777/5777/5777 5776/5776/5776 5774/5774/5774
f 5780/5780/5780 5779/5779/5779 5778/5778/5778
f 5781/5781/5781 5780/5780/5780 5778/5778/5778
f 5784/5784/5784 5783/5783/5783 5782/5782/5782
f 5785/5785/5785 5784/5784/5784 5782/5782/5782
f 5788/5788/5788 5787/5787/5787 5786/5786/5786
f 5789/5789/5789 5788/5788/5788 5786/5786/5786
f 5792/5792/5792 5791/5791/5791 5790/5790/5790
f 5790/5790/5790 5793/5793/5793 5792/5792/5792
f 5790/5790/5790 5794/5794/5794 5793/5793/5793
f 5797/5797/5797 5796/5796/5796 5795/5795/5795
f 5798/5798/5798 5797/5797/5797 5795/5795/5795
f 5801/5801/5801 5800/5800/5800 5799/5799/5799
f 5799/5799/5799 5802/5802/5802 5801/5801/5801
f 5802/5802/5802 5803/5803/5803 5801/5801/5801
f 5803/5803/5803 5802/5802/5802 5804/5804/5804
f 5807/5807/5807 5806/5806/5806 5805/5805/5805
f 5805/5805/5805 5808/5808/5808 5807/5807/5807
f 5805/5805/5805 5809/5809/5809 5808/5808/5808
f 5809/5809/5809 5810/5810/5810 5808/5808/5808
f 5813/5813/5813 5812/5812/5812 5811/5811/5811
f 5814/5814/5814 5813/5813/5813 5811/5811/5811
f 5817/5817/5817 5816/5816/5816 5815/5815/5815
f 5815/5815/5815 5818/5818/5818 5817/5817/5817
f 5815/5815/5815 5819/5819/5819 5818/5818/5818
f 5822/5822/5822 5821/5821/5821 5820/5820/5820
f 5823/5823/5823 5822/5822/5822 5820/5820/5820
f 5826/5826/5826 5825/5825/5825 5824/5824/5824
f 5827/5827/5827 5826/5826/5826 5824/5824/5824
f 5830/5830/5830 5829/5829/5829 5828/5828/5828
f 5831/5831/5831 5830/5830/5830 5828/5828/5828
f 5834/5834/5834 5833/5833/5833 5832/5832/5832
f 5835/5835/5835 5834/5834/5834 5832/5832/5832
f 5838/5838/5838 5837/5837/5837 5836/5836/5836
f 5839/5839/5839 5838/5838/5838 5836/5836/5836
f 5842/5842/5842 5841/5841/5841 5840/5840/5840
f 5843/5843/5843 5842/5842/5842 5840/5840/5840
f 5846/5846/5846 5845/5845/5845 5844/5844/5844
f 5847/5847/5847 5846/5846/5846 5844/5844/5844
f 5850/5850/5850 5849/5849/5849 5848/5848/5848
f 5851/5851/5851 5850/5850/5850 5848/5848/5848
f 5854/5854/5854 5853/5853/5853 5852/5852/5852
f 5855/5855/5855 5854/5854/5854 5852/5852/5852
f 5858/5858/5858 5857/5857/5857 5856/5856/5856
f 5859/5859/5859 5858/5858/5858 5856/5856/5856
f 5862/5862/5862 5861/5861/5861 5860/5860/5860
f 5863/5863/5863 5862/5862/5862 5860/5860/5860
f 5866/5866/5866 5865/5865/5865 5864/5864/5864
f 5867/5867/5867 5866/5866/5866 5864/5864/5864
f 5870/5870/5870 5869/5869/5869 5868/5868/5868
f 5871/5871/5871 5870/5870/5870 5868/5868/5868
f 5874/5874/5874 5873/5873/5873 5872/5872/5872
f 5872/5872/5872 5875/5875/5875 5874/5874/5874
f 5872/5872/5872 5876/5876/5876 5875/5875/5875
f 5879/5879/5879 5878/5878/5878 5877/5877/5877
f 5880/5880/5880 5879/5879/5879 5877/5877/5877
f 5883/5883/5883 5882/5882/5882 5881/5881/5881
f 5884/5884/5884 5883/5883/5883 5881/5881/5881
f 5887/5887/5887 5886/5886/5886 5885/5885/5885
f 5888/5888/5888 5887/5887/5887 5885/5885/5885
f 5891/5891/5891 5890/5890/5890 5889/5889/5889
f 5892/5892/5892 5891/5891/5891 5889/5889/5889
f 5895/5895/5895 5894/5894/5894 5893/5893/5893
f 5896/5896/5896 5895/5895/5895 5893/5893/5893
f 5899/5899/5899 5898/5898/5898 5897/5897/5897
f 5897/5897/5897 5900/5900/5900 5899/5899/5899
f 5897/5897/5897 5901/5901/5901 5900/5900/5900
f 5904/5904/5904 5903/5903/5903 5902/5902/5902
f 5905/5905/5905 5904/5904/5904 5902/5902/5902
f 5905/5905/5905 5902/5902/5902 5906/5906/5906
f 5907/5907/5907 5905/5905/5905 5906/5906/5906
f 5910/5910/5910 5909/5909/5909 5908/5908/5908
f 5911/5911/5911 5910/5910/5910 5908/5908/5908
f 5914/5914/5914 5913/5913/5913 5912/5912/5912
f 5915/5915/5915 5914/5914/5914 5912/5912/5912
f 5918/5918/5918 5917/5917/5917 5916/5916/5916
f 5919/5919/5919 5918/5918/5918 5916/5916/5916
f 5922/5922/5922 5921/5921/5921 5920/5920/5920
f 5923/5923/5923 5922/5922/5922 5920/5920/5920
f 5926/5926/5926 5925/5925/5925 5924/5924/5924
f 5927/5927/5927 5926/5926/5926 5924/5924/5924
f 5930/5930/5930 5929/5929/5929 5928/5928/5928
f 5931/5931/5931 5930/5930/5930 5928/5928/5928
f 5934/5934/5934 5933/5933/5933 5932/5932/5932
f 5935/5935/5935 5934/5934/5934 5932/5932/5932
f 5938/5938/5938 5937/5937/5937 5936/5936/5936
f 5939/5939/5939 5938/5938/5938 5936/5936/5936
f 5942/5942/5942 5941/5941/5941 5940/5940/5940
f 5943/5943/5943 5942/5942/5942 5940/5940/5940
f 5946/5946/5946 5945/5945/5945 5944/5944/5944
f 5947/5947/5947 5946/5946/5946 5944/5944/5944
f 5950/5950/5950 5949/5949/5949 5948/5948/5948
f 5951/5951/5951 5950/5950/5950 5948/5948/5948
f 5954/5954/5954 5953/5953/5953 5952/5952/5952
f 5955/5955/5955 5954/5954/5954 5952/5952/5952
f 5958/5958/5958 5957/5957/5957 5956/5956/5956
f 5959/5959/5959 5958/5958/5958 5956/5956/5956
f 5962/5962/5962 5961/5961/5961 5960/5960/5960
f 5963/5963/5963 5962/5962/5962 5960/5960/5960
f 5966/5966/5966 5965/5965/5965 5964/5964/5964
f 5967/5967/5967 5966/5966/5966 5964/5964/5964
f 5970/5970/5970 5969/5969/5969 5968/5968/5968
f 5971/5971/5971 5970/5970/5970 5968/5968/5968
f 5974/5974/5974 5973/5973/5973 5972/5972/5972
f 5975/5975/5975 5974/5974/5974 5972/5972/5972
f 5978/5978/5978 5977/5977/5977 5976/5976/5976
f 5979/5979/5979 5978/5978/5978 5976/5976/5976
f 5982/5982/5982 5981/5981/5981 5980/5980/5980
f 5983/5983/5983 5982/5982/5982 5980/5980/5980
f 5986/5986/5986 5985/5985/5985 5984/5984/5984
f 5987/5987/5987 5986/5986/5986 5984/5984/5984
f 5990/5990/5990 5989/5989/5989 5988/5988/5988
f 5991/5991/5991 5990/5990/5990 5988/5988/5988
