g Combined Mesh (root: scene) 3
v 170.110382 42.1671066 165.553192
v 170.110397 42.1671066 117.118797
v 170.110397 42.3671036 117.118797
v 170.110382 42.3671036 165.553192
v 190.095596 42.1671066 117.118797
v 190.095596 42.3671036 117.118797
v 170.110397 42.3671036 117.118797
v 170.110397 42.1671066 117.118797
v 190.095612 42.3671036 165.553192
v 190.095612 42.1671066 165.553192
v 170.110382 42.1671066 165.553192
v 170.110382 42.3671036 165.553192
v 190.095596 42.3671036 117.118797
v 190.095596 42.1671066 117.118797
v 190.095612 42.1671066 165.553192
v 190.095612 42.3671036 165.553192
v 190.095596 32.8552017 116.318802
v 190.095596 33.4552002 116.118797
v 170.110397 33.4552002 116.118797
v 170.110397 32.8552017 116.318802
v 190.095596 33.4552002 116.118797
v 190.095596 33.5552025 116.118797
v 170.110397 33.5552025 116.118797
v 170.110397 33.4552002 116.118797
v 170.110397 33.5552025 117.118797
v 170.110397 33.4552002 116.118797
v 170.110397 33.5552025 116.118797
v 170.110397 32.8552017 117.118797
v 170.110397 32.8552017 116.318802
v 190.095596 33.5552025 117.118797
v 190.095596 32.8552017 116.318802
v 190.095596 32.8552017 117.118797
v 190.095596 33.4552002 116.118797
v 190.095596 33.5552025 116.118797
v 170.110397 33.5552025 117.118797
v 170.110397 33.5552025 116.118797
v 190.095596 33.5552025 116.118797
v 190.095596 33.5552025 117.118797
v 170.110382 42.1671066 165.553192
v 170.110382 32.8552017 165.553192
v 170.110397 32.8552017 117.118797
v 170.110397 42.1671066 117.118797
v 190.095596 42.1671066 117.118797
v 190.095596 32.8552017 117.118797
v 190.095612 32.8552017 165.553192
v 190.095612 42.1671066 165.553192
v 173.098068 33.5552025 116.718796
v 172.79808 36.9552002 116.718796
v 172.79808 33.5552025 116.718796
v 173.098068 36.7552032 116.718796
v 176.748077 36.9552002 116.718796
v 176.748077 36.7552032 116.718796
v 177.04808 36.9552002 116.718796
v 177.04808 36.7552032 116.718796
v 180.748077 36.9552002 116.718796
v 177.04808 33.5552025 116.718796
v 176.748077 33.5552025 116.718796
v 180.748077 36.7552032 116.718796
v 181.04808 36.9552002 116.718796
v 181.04808 36.7552032 116.718796
v 180.748077 33.5552025 116.718796
v 181.04808 33.5552025 116.718796
v 184.998077 36.9552002 116.718796
v 184.698074 36.7552032 116.718796
v 184.998077 33.5552025 116.718796
v 184.698074 33.5552025 116.718796
v 177.04808 36.7552032 117.118797
v 177.04808 36.7552032 116.718796
v 177.04808 33.5552025 116.718796
v 177.04808 33.5552025 117.118797
v 180.29808 36.7552032 117.118797
v 184.698074 33.5552025 117.118797
v 184.698074 36.7552032 117.118797
v 180.29808 33.5552025 117.118797
v 173.098068 33.5552025 117.118797
v 173.098068 36.7552032 117.118797
v 176.748077 33.5552025 116.718796
v 176.748077 36.7552032 116.718796
v 176.748077 36.7552032 117.118797
v 176.748077 33.5552025 117.118797
v 172.79808 33.5552025 117.118797
v 170.110397 42.1671066 117.118797
v 170.110397 33.5552025 117.118797
v 172.79808 36.9552002 117.118797
v 190.095596 42.1671066 117.118797
v 184.998077 36.9552002 117.118797
v 184.998077 33.5552025 117.118797
v 190.095596 33.5552025 117.118797
v 172.79808 33.5552025 116.718796
v 172.79808 36.9552002 116.718796
v 172.79808 36.9552002 117.118797
v 172.79808 33.5552025 117.118797
v 184.998077 36.9552002 116.718796
v 184.998077 33.5552025 116.718796
v 184.998077 33.5552025 117.118797
v 184.998077 36.9552002 117.118797
v 181.04808 36.9552002 116.718796
v 184.998077 36.9552002 116.718796
v 184.998077 36.9552002 117.118797
v 181.04808 36.9552002 117.118797
v 180.748077 36.9552002 116.718796
v 180.748077 36.9552002 117.118797
v 177.04808 36.9552002 116.718796
v 177.04808 36.9552002 117.118797
v 176.748077 36.9552002 116.718796
v 176.748077 36.9552002 117.118797
v 172.79808 36.9552002 116.718796
v 172.79808 36.9552002 117.118797
v 176.748077 36.7552032 116.718796
v 173.098068 36.7552032 116.718796
v 173.098068 36.7552032 117.118797
v 176.748077 36.7552032 117.118797
v 184.698074 33.5552025 116.718796
v 184.698074 36.7552032 116.718796
v 184.698074 36.7552032 117.118797
v 184.698074 33.5552025 117.118797
v 173.098068 36.7552032 116.718796
v 173.098068 33.5552025 116.718796
v 173.098068 33.5552025 117.118797
v 173.098068 36.7552032 117.118797
v 184.698074 36.7552032 116.718796
v 181.04808 36.7552032 116.718796
v 181.04808 36.7552032 117.118797
v 184.698074 36.7552032 117.118797
v 180.748077 36.7552032 116.718796
v 177.04808 36.7552032 116.718796
v 177.04808 36.7552032 117.118797
v 180.748077 36.7552032 117.118797
v 181.04808 33.5552025 117.118797
v 181.04808 36.7552032 117.118797
v 181.04808 36.7552032 116.718796
v 181.04808 33.5552025 116.718796
v 180.748077 36.7552032 116.718796
v 180.748077 36.7552032 117.118797
v 180.748077 33.5552025 117.118797
v 180.748077 33.5552025 116.718796
v 190.095612 32.8552017 165.553192
v 170.110382 32.8552017 165.553192
v 170.110382 42.1671066 165.553192
v 190.095612 42.1671066 165.553192
v 190.095596 42.3671036 117.118797
v 190.095612 42.3671036 165.553192
v 170.110382 42.3671036 165.553192
v 170.110397 42.3671036 117.118797
v -287.319946 26.0631237 -91.6823807
v -287.184418 26.2426567 -91.481041
v -287.697388 26.0726833 -91.3476639
v -284.570923 26.1392326 -90.0759354
v -284.364349 26.3528004 -89.858429
v -285.055573 26.3910542 -90.4864883
v -284.033234 26.1481285 -89.8017883
v -284.194824 26.3194313 -89.9104004
v -284.463928 26.12953 -90.0835037
v -287.318604 26.5105076 -91.1363983
v -287.505219 26.6879044 -91.2097473
v -287.697388 26.0726833 -91.3476639
v -283.599243 26.3475609 -88.889534
v -283.425812 26.381752 -89.2902451
v -283.576202 26.0236645 -88.8379974
v -286.238922 26.8090763 -91.0326767
v -286.365906 26.8629723 -90.8684616
v -286.75885 26.7031174 -91.0554962
v -287.893707 26.0631237 -90.8829498
v -287.697388 26.0726833 -91.3476639
v -287.659576 26.2426567 -90.818985
v -285.491974 26.1392326 -88.7926102
v -286.036041 26.3910542 -89.1203918
v -285.219788 26.3528004 -88.6665192
v -285.060181 26.1481285 -88.3709412
v -285.464905 26.12953 -88.6888504
v -285.214783 26.3194313 -88.4892731
v -287.376007 26.5105076 -91.0564194
v -287.697388 26.0726833 -91.3476639
v -287.505219 26.6879044 -91.2097473
v -284.057007 26.3475609 -88.2517242
v -284.000793 26.0236645 -88.2463837
v -284.381134 26.381752 -87.9591751
v -286.93222 26.8090763 -90.0667267
v -287.120239 26.7031174 -90.5520096
v -286.817261 26.8629723 -90.2395706
v -287.184418 26.2426567 -91.481041
v -287.115967 26.4566078 -91.2951202
v -287.318604 26.5105076 -91.1363983
v -287.697388 26.0726833 -91.3476639
v -287.743622 25.9188328 -91.3808594
v -287.333282 25.9175243 -91.7650299
v -287.319946 26.0631237 -91.6823807
v -287.697388 26.0726833 -91.3476639
v -285.055573 26.3910542 -90.4864883
v -285.074127 26.5228825 -90.4606323
v -285.737823 26.5228825 -90.9369812
v -285.696198 26.3910542 -90.9949951
v -285.116241 26.5635185 -90.4750137
v -285.777863 26.8903084 -90.8140182
v -285.710236 26.5639267 -90.9030304
v -285.189087 26.9662933 -90.3925018
v -285.819519 26.9264812 -90.8296967
v -285.777863 26.8903084 -90.8140182
v -285.153046 27.0247135 -90.3506699
v -285.153046 27.0247135 -90.3506699
v -285.189087 26.9662933 -90.3925018
v -285.074127 26.5228825 -90.4606323
v -285.737823 26.5228825 -90.9369812
v -285.819519 26.9264812 -90.8296967
v -285.710236 26.5639267 -90.9030304
v -285.074127 26.5228825 -90.4606323
v -283.599243 26.3475609 -88.889534
v -283.824158 26.4678001 -88.5677948
v -284.243683 26.5858002 -88.8688889
v -283.8927 26.4904556 -89.2542877
v -284.546143 26.5587997 -89.954834
v -284.76181 26.8815708 -90.0211716
v -285.116913 26.9663792 -90.3332214
v -285.050385 26.5640888 -90.4214935
v -284.482574 26.5325031 -89.9023666
v -284.546143 26.5587997 -89.954834
v -285.074127 26.5228825 -90.4606323
v -285.055573 26.3910542 -90.4864883
v -284.364349 26.3528004 -89.858429
v -284.482574 26.5325031 -89.9023666
v -285.074127 26.5228825 -90.4606323
v -284.705292 26.9108219 -89.7178192
v -284.739166 26.6296711 -89.2245102
v -284.958466 26.9285679 -89.3819046
v -284.473969 26.6149559 -89.6018066
v -284.716095 26.5989914 -89.2079391
v -284.423523 26.5816727 -89.6239243
v -285.262024 27.0584755 -90.2056961
v -285.547302 27.1221466 -89.8045273
v -286.33255 27.0607491 -90.3681107
v -285.995911 26.9726429 -90.6709976
v -285.153046 27.0247135 -90.3506699
v -285.819519 26.9264812 -90.8296967
v -284.357025 25.7577858 -89.5958481
v -284.699127 25.7268162 -90.1893158
v -285.114288 25.7268162 -89.4937363
v -283.96109 25.7843018 -89.3034897
v -284.24469 25.7852058 -88.869606
v -283.565155 25.8108177 -89.0111237
v -283.96109 25.7843018 -89.3034897
v -283.86322 25.8108177 -88.5958252
v -284.161285 25.8108177 -88.1805267
v -283.86322 25.8108177 -88.5958252
v -284.565002 25.7843018 -88.4620667
v -284.565002 25.7843018 -88.4620667
v -285.114288 25.7268162 -89.4937363
v -284.968689 25.7577858 -88.7436142
v -285.640411 25.7268162 -88.8777924
v -286.365906 26.8629723 -90.8684616
v -286.33255 27.0607491 -90.3681107
v -286.5849 26.9559193 -90.5852661
v -285.995911 26.9726429 -90.6709976
v -286.238922 26.8090763 -91.0326767
v -285.819519 26.9264812 -90.8296967
v -286.172943 25.743803 -91.315033
v -286.690369 25.7942066 -91.6708298
v -287.351593 25.7620144 -91.0994949
v -286.709869 25.7432232 -90.638916
v -285.71225 25.7279739 -91.0006256
v -286.28891 25.7268162 -90.3367767
v -285.038574 25.7268162 -90.5101776
v -285.545807 25.7268162 -89.8034363
v -284.699127 25.7268162 -90.1893158
v -285.114288 25.7268162 -89.4937363
v -285.640411 25.7268162 -88.8777924
v -286.05304 25.7268162 -89.0967026
v -286.733307 25.7279739 -89.5779953
v -286.709869 25.7432232 -90.638916
v -287.178589 25.743803 -89.9138489
v -287.351593 25.7620144 -91.0994949
v -287.681274 25.7942066 -90.2901917
v -283.576202 26.0236645 -88.8379974
v -283.783325 26.0252533 -88.538475
v -283.824158 26.4678001 -88.5677948
v -283.599243 26.3475609 -88.889534
v -283.563568 25.8462029 -88.809761
v -283.783325 26.0252533 -88.538475
v -283.766785 25.8462029 -88.5266113
v -284.699127 25.7268162 -90.1893158
v -284.570923 26.1392326 -90.0759354
v -285.055573 26.3910542 -90.4864883
v -285.038574 25.7268162 -90.5101776
v -285.038574 25.7268162 -90.5101776
v -285.055573 26.3910542 -90.4864883
v -285.696198 26.3910542 -90.9949951
v -285.71225 25.7279739 -91.0006256
v -283.8927 26.4904556 -89.2542877
v -283.684174 26.4032555 -89.5439072
v -283.425812 26.381752 -89.2902451
v -283.599243 26.3475609 -88.889534
v -283.569305 26.2751198 -89.0203629
v -283.451996 26.2587662 -88.9834976
v -283.451996 26.1480465 -88.9834976
v -283.569305 26.1316929 -89.0203629
v -283.512604 26.0599804 -89.130867
v -283.401581 26.0926857 -89.0650635
v -283.351166 26.1480465 -89.1466293
v -283.455902 26.1316929 -89.2413712
v -283.455902 26.2751198 -89.2413712
v -283.351166 26.2587662 -89.1466293
v -283.401581 26.314127 -89.0650635
v -283.512604 26.3482113 -89.130867
v -283.512604 26.3482113 -89.130867
v -283.401581 26.314127 -89.0650635
v -283.451996 26.2587662 -88.9834976
v -283.569305 26.2751198 -89.0203629
v -283.569305 26.1316929 -89.0203629
v -283.451996 26.1480465 -88.9834976
v -283.401581 26.0926857 -89.0650635
v -283.512604 26.0599804 -89.130867
v -283.455902 26.1316929 -89.2413712
v -283.351166 26.1480465 -89.1466293
v -283.351166 26.2587662 -89.1466293
v -283.455902 26.2751198 -89.2413712
v -283.351166 26.1480465 -89.1466293
v -283.401581 26.0926857 -89.0650635
v -283.451996 26.1480465 -88.9834976
v -283.351166 26.2587662 -89.1466293
v -283.451996 26.2587662 -88.9834976
v -283.401581 26.314127 -89.0650635
v -286.172943 25.743803 -91.315033
v -286.163849 26.3102055 -91.2942047
v -286.673615 26.2293587 -91.6151505
v -286.690369 25.7942066 -91.6708298
v -286.75885 26.7031174 -91.0554962
v -286.945801 26.801878 -90.8803482
v -287.318604 26.5105076 -91.1363983
v -287.115967 26.4566078 -91.2951202
v -286.163849 26.3102055 -91.2942047
v -286.225555 26.4380989 -91.2082062
v -286.717407 26.3533173 -91.4382248
v -286.673615 26.2293587 -91.6151505
v -286.225555 26.4380989 -91.2082062
v -286.238922 26.8090763 -91.0326767
v -286.75885 26.7031174 -91.0554962
v -286.717407 26.3533173 -91.4382248
v -284.699127 25.7268162 -90.1893158
v -284.566162 25.7401447 -90.140564
v -284.463928 26.12953 -90.0835037
v -284.570923 26.1392326 -90.0759354
v -284.719208 26.9493141 -89.775322
v -285.007782 26.976223 -89.4172821
v -285.547302 27.1221466 -89.8045273
v -285.262024 27.0584755 -90.2056961
v -284.455383 26.6109676 -89.6813202
v -284.68515 26.9070778 -89.8132858
v -284.665985 26.8556747 -89.9084091
v -284.469299 26.5604477 -89.8439941
v -283.576202 26.0236645 -88.8379974
v -283.425812 26.381752 -89.2902451
v -283.363617 25.897625 -89.1991501
v -283.563568 25.8462029 -88.809761
v -284.570923 26.1392326 -90.0759354
v -284.463928 26.12953 -90.0835037
v -284.194824 26.3194313 -89.9104004
v -284.364349 26.3528004 -89.858429
v -284.364349 26.3528004 -89.858429
v -284.194824 26.3194313 -89.9104004
v -283.684174 26.4032555 -89.5439072
v -283.8927 26.4904556 -89.2542877
v -284.115051 25.7762585 -89.8651886
v -284.566162 25.7401447 -90.140564
v -284.699127 25.7268162 -90.1893158
v -284.357025 25.7577858 -89.5958481
v -283.563568 25.8462029 -88.809761
v -283.565155 25.8108177 -89.0111237
v -283.86322 25.8108177 -88.5958252
v -283.766785 25.8462029 -88.5266113
v -283.970001 25.8462029 -88.243454
v -284.161285 25.8108177 -88.1805267
v -283.455872 25.8540897 -89.3125916
v -283.466339 26.1607361 -89.3923798
v -283.575623 26.1174641 -89.0909119
v -283.565155 25.8108177 -89.0111237
v -283.466339 26.1607361 -89.3923798
v -283.425812 26.381752 -89.2902451
v -283.684174 26.4032555 -89.5439072
v -283.714813 26.2826824 -89.5721741
v -283.714813 26.2826824 -89.5721741
v -283.684174 26.4032555 -89.5439072
v -284.194824 26.3194313 -89.9104004
v -284.033234 26.1481285 -89.8017883
v -284.033234 26.1481285 -89.8017883
v -284.463928 26.12953 -90.0835037
v -284.566162 25.7401447 -90.140564
v -284.115051 25.7762585 -89.8651886
v -283.565155 25.8108177 -89.0111237
v -283.563568 25.8462029 -88.809761
v -283.363617 25.897625 -89.1991501
v -283.455872 25.8540897 -89.3125916
v -286.33255 27.0607491 -90.3681107
v -287.031067 26.9058266 -90.8694458
v -286.945801 26.801878 -90.8803482
v -286.5849 26.9559193 -90.5852661
v -284.719208 26.9493141 -89.775322
v -284.705292 26.9108219 -89.7178192
v -284.958466 26.9285679 -89.3819046
v -285.007782 26.976223 -89.4172821
v -284.423523 26.5816727 -89.6239243
v -284.473969 26.6149559 -89.6018066
v -284.705292 26.9108219 -89.7178192
v -284.719208 26.9493141 -89.775322
v -284.423523 26.5816727 -89.6239243
v -284.455383 26.6109676 -89.6813202
v -284.469299 26.5604477 -89.8439941
v -284.482574 26.5325031 -89.9023666
v -284.482574 26.5325031 -89.9023666
v -284.469299 26.5604477 -89.8439941
v -284.665985 26.8556747 -89.9084091
v -284.746368 26.9289494 -89.9698792
v -284.746368 26.9289494 -89.9698792
v -284.665985 26.8556747 -89.9084091
v -284.68515 26.9070778 -89.8132858
v -284.719208 26.9493141 -89.775322
v -284.719208 26.9493141 -89.775322
v -284.68515 26.9070778 -89.8132858
v -284.455383 26.6109676 -89.6813202
v -284.423523 26.5816727 -89.6239243
v -285.074127 26.5228825 -90.4606323
v -285.050385 26.5640888 -90.4214935
v -285.116913 26.9663792 -90.3332214
v -285.153046 27.0247135 -90.3506699
v -285.153046 27.0247135 -90.3506699
v -285.116913 26.9663792 -90.3332214
v -284.76181 26.8815708 -90.0211716
v -284.746368 26.9289494 -89.9698792
v -284.746368 26.9289494 -89.9698792
v -284.76181 26.8815708 -90.0211716
v -284.546143 26.5587997 -89.954834
v -284.482574 26.5325031 -89.9023666
v -284.364349 26.3528004 -89.858429
v -283.8927 26.4904556 -89.2542877
v -284.423523 26.5816727 -89.6239243
v -284.482574 26.5325031 -89.9023666
v -284.423523 26.5816727 -89.6239243
v -283.8927 26.4904556 -89.2542877
v -284.243683 26.5858002 -88.8688889
v -284.716095 26.5989914 -89.2079391
v -283.390564 25.9213161 -89.3249359
v -283.390564 25.817606 -89.3249359
v -283.296692 25.817606 -89.1386642
v -283.296692 25.9213161 -89.1386642
v -283.296692 25.817606 -89.1386642
v -283.655457 25.817606 -88.4467163
v -283.655457 25.9213161 -88.4467163
v -283.296692 25.9213161 -89.1386642
v -283.795166 26.0392685 -88.5469818
v -283.726044 26.0719738 -88.4973602
v -283.670624 26.1273327 -88.5745544
v -283.723236 26.110981 -88.6471863
v -283.723236 26.254406 -88.6471863
v -283.670624 26.2380524 -88.5745544
v -283.726044 26.2934132 -88.4973602
v -283.795166 26.3261185 -88.5469818
v -283.723236 26.110981 -88.6471863
v -283.670624 26.1273327 -88.5745544
v -283.670624 26.2380524 -88.5745544
v -283.723236 26.254406 -88.6471863
v -283.670624 26.2380524 -88.5745544
v -283.670624 26.1273327 -88.5745544
v -283.726044 26.0719738 -88.4973602
v -283.726044 26.2934132 -88.4973602
v -283.781433 26.2380524 -88.420166
v -283.781433 26.1273327 -88.420166
v -283.655457 25.9213161 -88.4467163
v -283.694366 25.9213161 -88.4746399
v -283.341736 25.9213161 -89.1580276
v -283.296692 25.9213161 -89.1386642
v -283.296692 25.9213161 -89.1386642
v -283.341736 25.9213161 -89.1580276
v -283.428925 25.9213161 -89.3076553
v -283.390564 25.9213161 -89.3249359
v -284.772339 27.1702003 -89.8268509
v -284.9776 27.1702003 -89.3956223
v -285.059143 27.3851662 -89.4541626
v -284.86026 27.304121 -89.8566513
v -284.772339 27.1702003 -89.8268509
v -285.362671 27.1902599 -90.2505417
v -285.373749 27.0677433 -90.2251968
v -284.902527 27.0220566 -89.887001
v -285.362671 27.1902599 -90.2505417
v -286.02182 27.1289654 -90.7236176
v -285.951141 27.0018845 -90.639595
v -285.373749 27.0677433 -90.2251968
v -286.02182 27.1289654 -90.7236176
v -286.402405 27.1545982 -90.4182358
v -286.297913 27.0018845 -90.3432312
v -285.951141 27.0018845 -90.639595
v -284.86026 27.304121 -89.8566513
v -285.059143 27.3851662 -89.4541626
v -285.636871 27.39748 -89.8688049
v -285.394745 27.3061085 -90.2402573
v -285.394745 27.3061085 -90.2402573
v -285.636871 27.39748 -89.8688049
v -286.305359 27.3751431 -90.3485947
v -285.992157 27.2627144 -90.6690445
v -285.992157 27.2627144 -90.6690445
v -286.305359 27.3751431 -90.3485947
v -286.402405 27.1545982 -90.4182358
v -286.02182 27.1289654 -90.7236176
v -285.394745 27.3061085 -90.2402573
v -285.992157 27.2627144 -90.6690445
v -286.02182 27.1289654 -90.7236176
v -285.362671 27.1902599 -90.2505417
v -284.86026 27.304121 -89.8566513
v -285.394745 27.3061085 -90.2402573
v -285.362671 27.1902599 -90.2505417
v -284.772339 27.1702003 -89.8268509
v -284.902527 27.0220566 -89.887001
v -285.099487 27.0220566 -89.4831161
v -284.9776 27.1702003 -89.3956223
v -284.772339 27.1702003 -89.8268509
v -285.778687 26.5520973 -90.9433289
v -286.054138 26.7381649 -91.0018845
v -286.081757 26.5000305 -91.1141891
v -285.838928 26.8563232 -90.865303
v -286.081757 26.5000305 -91.1141891
v -285.737823 26.5228825 -90.9369812
v -286.225555 26.4380989 -91.2082062
v -285.778687 26.5520973 -90.9433289
v -285.819519 26.9264812 -90.8296967
v -285.737823 26.5228825 -90.9369812
v -285.696198 26.3910542 -90.9949951
v -285.737823 26.5228825 -90.9369812
v -286.225555 26.4380989 -91.2082062
v -286.163849 26.3102055 -91.2942047
v -285.71225 25.7279739 -91.0006256
v -285.696198 26.3910542 -90.9949951
v -286.163849 26.3102055 -91.2942047
v -286.172943 25.743803 -91.315033
v -286.75885 26.7031174 -91.0554962
v -286.365906 26.8629723 -90.8684616
v -286.5849 26.9559193 -90.5852661
v -286.945801 26.801878 -90.8803482
v -285.838928 26.8563232 -90.865303
v -285.819519 26.9264812 -90.8296967
v -286.238922 26.8090763 -91.0326767
v -286.054138 26.7381649 -91.0018845
v -286.054138 26.7381649 -91.0018845
v -286.225555 26.4380989 -91.2082062
v -286.081757 26.5000305 -91.1141891
v -286.690369 25.7942066 -91.6708298
v -287.333282 25.9175243 -91.7650299
v -287.743622 25.9188328 -91.3808594
v -287.351593 25.7620144 -91.0994949
v -286.690369 25.7942066 -91.6708298
v -286.673615 26.2293587 -91.6151505
v -287.319946 26.0631237 -91.6823807
v -287.333282 25.9175243 -91.7650299
v -286.673615 26.2293587 -91.6151505
v -286.717407 26.3533173 -91.4382248
v -287.184418 26.2426567 -91.481041
v -287.319946 26.0631237 -91.6823807
v -286.717407 26.3533173 -91.4382248
v -286.75885 26.7031174 -91.0554962
v -287.115967 26.4566078 -91.2951202
v -287.184418 26.2426567 -91.481041
v -287.505219 26.6879044 -91.2097473
v -287.318604 26.5105076 -91.1363983
v -286.945801 26.801878 -90.8803482
v -287.031067 26.9058266 -90.8694458
v -283.455872 25.8540897 -89.3125916
v -283.363617 25.897625 -89.1991501
v -283.425812 26.381752 -89.2902451
v -283.466339 26.1607361 -89.3923798
v -283.466339 26.1607361 -89.3923798
v -283.714813 26.2826824 -89.5721741
v -283.824127 26.2394104 -89.2707062
v -283.575623 26.1174641 -89.0909119
v -283.714813 26.2826824 -89.5721741
v -284.033234 26.1481285 -89.8017883
v -284.142517 26.1048584 -89.5003204
v -283.824127 26.2394104 -89.2707062
v -284.033234 26.1481285 -89.8017883
v -284.115051 25.7762585 -89.8651886
v -284.357025 25.7577858 -89.5958481
v -284.142517 26.1048584 -89.5003204
v -283.824127 26.2394104 -89.2707062
v -283.96109 25.7843018 -89.3034897
v -283.565155 25.8108177 -89.0111237
v -283.575623 26.1174641 -89.0909119
v -284.142517 26.1048584 -89.5003204
v -283.96109 25.7843018 -89.3034897
v -284.357025 25.7577858 -89.5958481
v -284.746368 26.9289494 -89.9698792
v -284.719208 26.9493141 -89.775322
v -285.262024 27.0584755 -90.2056961
v -285.153046 27.0247135 -90.3506699
v -283.463531 26.2151794 -88.9977875
v -283.459259 26.2151794 -88.9716949
v -283.459259 26.7341766 -88.9716949
v -283.463531 26.7341766 -88.9977875
v -283.459259 26.2151794 -88.9716949
v -283.485352 26.2151794 -88.9674072
v -283.485352 26.7341766 -88.9674072
v -283.459259 26.7341766 -88.9716949
v -283.485352 26.2151794 -88.9674072
v -283.489624 26.2151794 -88.9934998
v -283.489624 26.7341766 -88.9934998
v -283.485352 26.7341766 -88.9674072
v -283.489624 26.2151794 -88.9934998
v -283.463531 26.2151794 -88.9977875
v -283.463531 26.7341766 -88.9977875
v -283.489624 26.7341766 -88.9934998
v -283.485352 26.7341766 -88.9674072
v -283.489624 26.7341766 -88.9934998
v -283.463531 26.7341766 -88.9977875
v -283.459259 26.7341766 -88.9716949
v -287.018738 25.9707451 -91.8901978
v -287.387939 25.9707451 -91.8577271
v -287.387939 25.8670349 -91.8577271
v -287.018738 25.8670349 -91.8901978
v -287.387939 25.8670349 -91.8577271
v -287.387939 25.9707451 -91.8577271
v -287.789459 25.9707451 -91.413765
v -287.789459 25.8670349 -91.413765
v -287.789459 25.9707451 -91.413765
v -287.387939 25.9707451 -91.8577271
v -287.356995 25.9707451 -91.7705078
v -287.743286 25.9707451 -91.3415604
v -287.387939 25.9707451 -91.8577271
v -287.018738 25.9707451 -91.8901978
v -287.015564 25.9707451 -91.8040619
v -287.356995 25.9707451 -91.7705078
v -287.015564 25.9707451 -91.8040619
v -287.018738 25.9707451 -91.8901978
v -287.018738 25.8670349 -91.8901978
v -287.015564 25.8670349 -91.8040619
v -287.659576 26.2426567 -90.818985
v -287.697388 26.0726833 -91.3476639
v -287.376007 26.5105076 -91.0564194
v -287.461517 26.4566078 -90.813652
v -287.743622 25.9188328 -91.3808594
v -287.697388 26.0726833 -91.3476639
v -287.893707 26.0631237 -90.8829498
v -287.976257 25.9175243 -90.8691406
v -286.036041 26.3910542 -89.1203918
v -286.722809 26.3910542 -89.5645905
v -286.681183 26.5228825 -89.6226044
v -286.017487 26.5228825 -89.1462479
v -286.044586 26.5635185 -89.1815414
v -286.640198 26.5639267 -89.6073303
v -286.577484 26.8903084 -89.6998978
v -285.989716 26.9662933 -89.2769623
v -286.605682 26.9264812 -89.7343292
v -286.577484 26.8903084 -89.6998978
v -285.938568 27.0247135 -89.2562103
v -286.017487 26.5228825 -89.1462479
v -285.989716 26.9662933 -89.2769623
v -286.681183 26.5228825 -89.6226044
v -286.605682 26.9264812 -89.7343292
v -286.640198 26.5639267 -89.6073303
v -286.017487 26.5228825 -89.1462479
v -284.057007 26.3475609 -88.2517242
v -284.49649 26.4904556 -88.4130249
v -284.243683 26.5858002 -88.8688889
v -283.824158 26.4678001 -88.5677948
v -285.369324 26.5587997 -88.8079147
v -285.910461 26.9663792 -89.2275543
v -285.50119 26.8815708 -88.9910049
v -285.972809 26.5640888 -89.1362762
v -285.299255 26.5325031 -88.7644653
v -286.017487 26.5228825 -89.1462479
v -285.369324 26.5587997 -88.8079147
v -286.036041 26.3910542 -89.1203918
v -286.017487 26.5228825 -89.1462479
v -285.299255 26.5325031 -88.7644653
v -285.219788 26.3528004 -88.6665192
v -285.195709 26.9108219 -89.0345383
v -284.958466 26.9285679 -89.3819046
v -284.739166 26.6296711 -89.2245102
v -285.011749 26.6149559 -88.8525009
v -284.716095 26.5989914 -89.2079391
v -285.016571 26.5816727 -88.7976456
v -285.83609 27.0584755 -89.4058456
v -286.33255 27.0607491 -90.3681107
v -285.547302 27.1221466 -89.8045273
v -286.51178 26.9726429 -89.9522324
v -285.938568 27.0247135 -89.2562103
v -286.605682 26.9264812 -89.7343292
v -286.817261 26.8629723 -90.2395706
v -286.619049 26.9559193 -90.537674
v -286.33255 27.0607491 -90.3681107
v -286.51178 26.9726429 -89.9522324
v -286.93222 26.8090763 -90.0667267
v -286.605682 26.9264812 -89.7343292
v -284.000793 26.0236645 -88.2463837
v -284.057007 26.3475609 -88.2517242
v -283.824158 26.4678001 -88.5677948
v -283.783325 26.0252533 -88.538475
v -283.970001 25.8462029 -88.243454
v -283.783325 26.0252533 -88.538475
v -283.766785 25.8462029 -88.5266113
v -285.640411 25.7268162 -88.8777924
v -286.05304 25.7268162 -89.0967026
v -286.036041 26.3910542 -89.1203918
v -285.491974 26.1392326 -88.7926102
v -286.05304 25.7268162 -89.0967026
v -286.733307 25.7279739 -89.5779953
v -286.722809 26.3910542 -89.5645905
v -286.036041 26.3910542 -89.1203918
v -284.49649 26.4904556 -88.4130249
v -284.057007 26.3475609 -88.2517242
v -284.381134 26.381752 -87.9591751
v -284.704132 26.4032555 -88.1227798
v -284.172272 26.2751198 -88.1746292
v -284.172272 26.1316929 -88.1746292
v -284.090637 26.1480465 -88.0856552
v -284.090637 26.2587662 -88.0856552
v -284.255676 26.0599804 -88.0825958
v -284.339081 26.1316929 -87.9905624
v -284.214264 26.1480465 -87.9390259
v -284.152466 26.0926857 -88.0123444
v -284.339081 26.2751198 -87.9905624
v -284.255676 26.3482113 -88.0825958
v -284.152466 26.314127 -88.0123444
v -284.214264 26.2587662 -87.9390259
v -284.255676 26.3482113 -88.0825958
v -284.172272 26.2751198 -88.1746292
v -284.090637 26.2587662 -88.0856552
v -284.152466 26.314127 -88.0123444
v -284.172272 26.1316929 -88.1746292
v -284.255676 26.0599804 -88.0825958
v -284.152466 26.0926857 -88.0123444
v -284.090637 26.1480465 -88.0856552
v -284.339081 26.1316929 -87.9905624
v -284.339081 26.2751198 -87.9905624
v -284.214264 26.2587662 -87.9390259
v -284.214264 26.1480465 -87.9390259
v -284.090637 26.1480465 -88.0856552
v -284.152466 26.0926857 -88.0123444
v -284.214264 26.1480465 -87.9390259
v -284.090637 26.2587662 -88.0856552
v -284.214264 26.2587662 -87.9390259
v -284.152466 26.314127 -88.0123444
v -287.178589 25.743803 -89.9138489
v -287.681274 25.7942066 -90.2901917
v -287.623169 26.2293587 -90.2921448
v -287.155945 26.3102055 -89.9118958
v -287.120239 26.7031174 -90.5520096
v -287.461517 26.4566078 -90.813652
v -287.376007 26.5105076 -91.0564194
v -287.014099 26.801878 -90.7851639
v -287.155945 26.3102055 -89.9118958
v -287.623169 26.2293587 -90.2921448
v -287.469543 26.3533173 -90.3902512
v -287.094238 26.4380989 -89.9978867
v -287.094238 26.4380989 -89.9978867
v -287.469543 26.3533173 -90.3902512
v -287.120239 26.7031174 -90.5520096
v -286.93222 26.8090763 -90.0667267
v -285.640411 25.7268162 -88.8777924
v -285.491974 26.1392326 -88.7926102
v -285.464905 26.12953 -88.6888504
v -285.551697 25.7401447 -88.7674408
v -285.254639 26.9493141 -89.0293198
v -285.83609 27.0584755 -89.4058456
v -285.547302 27.1221466 -89.8045273
v -285.007782 26.976223 -89.4172821
v -285.081146 26.6109676 -88.8094559
v -285.239716 26.5604477 -88.7705612
v -285.363678 26.8556747 -88.9362869
v -285.279694 26.9070778 -88.9848862
v -284.000793 26.0236645 -88.2463837
v -283.970001 25.8462029 -88.243454
v -284.274933 25.897625 -87.9294052
v -284.381134 26.381752 -87.9591751
v -285.491974 26.1392326 -88.7926102
v -285.219788 26.3528004 -88.6665192
v -285.214783 26.3194313 -88.4892731
v -285.464905 26.12953 -88.6888504
v -285.219788 26.3528004 -88.6665192
v -284.49649 26.4904556 -88.4130249
v -284.704132 26.4032555 -88.1227798
v -285.214783 26.3194313 -88.4892731
v -285.146423 25.7762585 -88.4281921
v -284.968689 25.7577858 -88.7436142
v -285.640411 25.7268162 -88.8777924
v -285.551697 25.7401447 -88.7674408
v -284.411926 25.8540897 -87.9805069
v -284.161285 25.8108177 -88.1805267
v -284.240234 26.1174641 -88.1649017
v -284.490875 26.1607361 -87.9648895
v -284.490875 26.1607361 -87.9648895
v -284.740723 26.2826824 -88.1427765
v -284.704132 26.4032555 -88.1227798
v -284.381134 26.381752 -87.9591751
v -284.740723 26.2826824 -88.1427765
v -285.060181 26.1481285 -88.3709412
v -285.214783 26.3194313 -88.4892731
v -284.704132 26.4032555 -88.1227798
v -285.060181 26.1481285 -88.3709412
v -285.146423 25.7762585 -88.4281921
v -285.551697 25.7401447 -88.7674408
v -285.464905 26.12953 -88.6888504
v -284.161285 25.8108177 -88.1805267
v -284.411926 25.8540897 -87.9805069
v -284.274933 25.897625 -87.9294052
v -283.970001 25.8462029 -88.243454
v -286.33255 27.0607491 -90.3681107
v -286.619049 26.9559193 -90.537674
v -287.014099 26.801878 -90.7851639
v -287.031067 26.9058266 -90.8694458
v -285.254639 26.9493141 -89.0293198
v -285.007782 26.976223 -89.4172821
v -284.958466 26.9285679 -89.3819046
v -285.195709 26.9108219 -89.0345383
v -285.016571 26.5816727 -88.7976456
v -285.254639 26.9493141 -89.0293198
v -285.195709 26.9108219 -89.0345383
v -285.011749 26.6149559 -88.8525009
v -285.016571 26.5816727 -88.7976456
v -285.299255 26.5325031 -88.7644653
v -285.239716 26.5604477 -88.7705612
v -285.081146 26.6109676 -88.8094559
v -285.299255 26.5325031 -88.7644653
v -285.447662 26.9289494 -88.9927979
v -285.363678 26.8556747 -88.9362869
v -285.239716 26.5604477 -88.7705612
v -285.447662 26.9289494 -88.9927979
v -285.254639 26.9493141 -89.0293198
v -285.279694 26.9070778 -88.9848862
v -285.363678 26.8556747 -88.9362869
v -285.254639 26.9493141 -89.0293198
v -285.016571 26.5816727 -88.7976456
v -285.081146 26.6109676 -88.8094559
v -285.279694 26.9070778 -88.9848862
v -286.017487 26.5228825 -89.1462479
v -285.938568 27.0247135 -89.2562103
v -285.910461 26.9663792 -89.2275543
v -285.972809 26.5640888 -89.1362762
v -285.938568 27.0247135 -89.2562103
v -285.447662 26.9289494 -88.9927979
v -285.50119 26.8815708 -88.9910049
v -285.910461 26.9663792 -89.2275543
v -285.447662 26.9289494 -88.9927979
v -285.299255 26.5325031 -88.7644653
v -285.369324 26.5587997 -88.8079147
v -285.50119 26.8815708 -88.9910049
v -285.219788 26.3528004 -88.6665192
v -285.299255 26.5325031 -88.7644653
v -285.016571 26.5816727 -88.7976456
v -284.49649 26.4904556 -88.4130249
v -285.016571 26.5816727 -88.7976456
v -284.716095 26.5989914 -89.2079391
v -284.243683 26.5858002 -88.8688889
v -284.49649 26.4904556 -88.4130249
v -284.40274 25.9213161 -87.9146957
v -284.196198 25.9213161 -87.8853531
v -284.196198 25.817606 -87.8853531
v -284.40274 25.817606 -87.9146957
v -284.196198 25.817606 -87.8853531
v -284.196198 25.9213161 -87.8853531
v -283.655457 25.9213161 -88.4467163
v -283.655457 25.817606 -88.4467163
v -283.795166 26.0392685 -88.5469818
v -283.867096 26.110981 -88.4467773
v -283.781433 26.1273327 -88.420166
v -283.726044 26.0719738 -88.4973602
v -283.867096 26.254406 -88.4467773
v -283.795166 26.3261185 -88.5469818
v -283.726044 26.2934132 -88.4973602
v -283.781433 26.2380524 -88.420166
v -283.867096 26.110981 -88.4467773
v -283.867096 26.254406 -88.4467773
v -283.781433 26.2380524 -88.420166
v -283.781433 26.1273327 -88.420166
v -283.655457 25.9213161 -88.4467163
v -284.196198 25.9213161 -87.8853531
v -284.228973 25.9213161 -87.9218445
v -283.694366 25.9213161 -88.4746399
v -284.196198 25.9213161 -87.8853531
v -284.40274 25.9213161 -87.9146957
v -284.398621 25.9213161 -87.9565582
v -284.228973 25.9213161 -87.9218445
v -285.320465 27.1702003 -89.0631714
v -285.376831 27.304121 -89.1369171
v -285.059143 27.3851662 -89.4541626
v -284.9776 27.1702003 -89.3956223
v -285.320465 27.1702003 -89.0631714
v -285.419098 27.0220566 -89.1672668
v -285.89032 27.0677433 -89.5054626
v -285.910767 27.1902599 -89.4868622
v -285.910767 27.1902599 -89.4868622
v -285.89032 27.0677433 -89.5054626
v -286.467682 27.0018845 -89.9198608
v -286.569916 27.1289654 -89.959938
v -286.569916 27.1289654 -89.959938
v -286.467682 27.0018845 -89.9198608
v -286.297913 27.0018845 -90.3432312
v -286.402405 27.1545982 -90.4182358
v -285.376831 27.304121 -89.1369171
v -285.911285 27.3061085 -89.5205231
v -285.636871 27.39748 -89.8688049
v -285.059143 27.3851662 -89.4541626
v -285.911285 27.3061085 -89.5205231
v -286.508728 27.2627144 -89.9493103
v -286.305359 27.3751431 -90.3485947
v -285.636871 27.39748 -89.8688049
v -286.508728 27.2627144 -89.9493103
v -286.569916 27.1289654 -89.959938
v -286.402405 27.1545982 -90.4182358
v -286.305359 27.3751431 -90.3485947
v -285.911285 27.3061085 -89.5205231
v -285.910767 27.1902599 -89.4868622
v -286.569916 27.1289654 -89.959938
v -286.508728 27.2627144 -89.9493103
v -285.376831 27.304121 -89.1369171
v -285.320465 27.1702003 -89.0631714
v -285.910767 27.1902599 -89.4868622
v -285.911285 27.3061085 -89.5205231
v -285.419098 27.0220566 -89.1672668
v -285.320465 27.1702003 -89.0631714
v -284.9776 27.1702003 -89.3956223
v -285.099487 27.0220566 -89.4831161
v -286.700256 26.5520973 -89.6592865
v -286.959137 26.5000305 -89.8917313
v -286.843903 26.7381649 -89.9014969
v -286.64563 26.8563232 -89.7413101
v -286.959137 26.5000305 -89.8917313
v -286.681183 26.5228825 -89.6226044
v -287.094238 26.4380989 -89.9978867
v -286.700256 26.5520973 -89.6592865
v -286.605682 26.9264812 -89.7343292
v -286.681183 26.5228825 -89.6226044
v -286.722809 26.3910542 -89.5645905
v -287.155945 26.3102055 -89.9118958
v -287.094238 26.4380989 -89.9978867
v -286.681183 26.5228825 -89.6226044
v -286.733307 25.7279739 -89.5779953
v -287.178589 25.743803 -89.9138489
v -287.155945 26.3102055 -89.9118958
v -286.722809 26.3910542 -89.5645905
v -287.120239 26.7031174 -90.5520096
v -287.014099 26.801878 -90.7851639
v -286.619049 26.9559193 -90.537674
v -286.817261 26.8629723 -90.2395706
v -286.64563 26.8563232 -89.7413101
v -286.843903 26.7381649 -89.9014969
v -286.93222 26.8090763 -90.0667267
v -286.605682 26.9264812 -89.7343292
v -286.843903 26.7381649 -89.9014969
v -286.959137 26.5000305 -89.8917313
v -287.094238 26.4380989 -89.9978867
v -286.93222 26.8090763 -90.0667267
v -287.681274 25.7942066 -90.2901917
v -287.351593 25.7620144 -91.0994949
v -287.743622 25.9188328 -91.3808594
v -287.976257 25.9175243 -90.8691406
v -287.681274 25.7942066 -90.2901917
v -287.976257 25.9175243 -90.8691406
v -287.893707 26.0631237 -90.8829498
v -287.623169 26.2293587 -90.2921448
v -287.623169 26.2293587 -90.2921448
v -287.893707 26.0631237 -90.8829498
v -287.659576 26.2426567 -90.818985
v -287.469543 26.3533173 -90.3902512
v -287.469543 26.3533173 -90.3902512
v -287.659576 26.2426567 -90.818985
v -287.461517 26.4566078 -90.813652
v -287.120239 26.7031174 -90.5520096
v -287.505219 26.6879044 -91.2097473
v -287.031067 26.9058266 -90.8694458
v -287.014099 26.801878 -90.7851639
v -287.376007 26.5105076 -91.0564194
v -284.411926 25.8540897 -87.9805069
v -284.490875 26.1607361 -87.9648895
v -284.381134 26.381752 -87.9591751
v -284.274933 25.897625 -87.9294052
v -284.490875 26.1607361 -87.9648895
v -284.240234 26.1174641 -88.1649017
v -284.490082 26.2394104 -88.3427887
v -284.740723 26.2826824 -88.1427765
v -284.740723 26.2826824 -88.1427765
v -284.490082 26.2394104 -88.3427887
v -284.80954 26.1048584 -88.570961
v -285.060181 26.1481285 -88.3709412
v -285.060181 26.1481285 -88.3709412
v -284.80954 26.1048584 -88.570961
v -284.968689 25.7577858 -88.7436142
v -285.146423 25.7762585 -88.4281921
v -284.490082 26.2394104 -88.3427887
v -284.240234 26.1174641 -88.1649017
v -284.161285 25.8108177 -88.1805267
v -284.565002 25.7843018 -88.4620667
v -284.80954 26.1048584 -88.570961
v -284.565002 25.7843018 -88.4620667
v -284.968689 25.7577858 -88.7436142
v -285.447662 26.9289494 -88.9927979
v -285.938568 27.0247135 -89.2562103
v -285.83609 27.0584755 -89.4058456
v -285.254639 26.9493141 -89.0293198
v -284.11615 26.2151794 -88.0885162
v -284.11615 26.7341766 -88.0885162
v -284.090057 26.7341766 -88.092804
v -284.090057 26.2151794 -88.092804
v -284.090057 26.2151794 -88.092804
v -284.090057 26.7341766 -88.092804
v -284.09433 26.7341766 -88.1188965
v -284.09433 26.2151794 -88.1188965
v -284.09433 26.2151794 -88.1188965
v -284.09433 26.7341766 -88.1188965
v -284.120422 26.7341766 -88.1146088
v -284.120422 26.2151794 -88.1146088
v -284.120422 26.2151794 -88.1146088
v -284.120422 26.7341766 -88.1146088
v -284.11615 26.7341766 -88.0885162
v -284.11615 26.2151794 -88.0885162
v -284.09433 26.7341766 -88.1188965
v -284.090057 26.7341766 -88.092804
v -284.11615 26.7341766 -88.0885162
v -284.120422 26.7341766 -88.1146088
v -287.994202 25.9707451 -90.5310822
v -287.994202 25.8670349 -90.5310822
v -288.081573 25.8670349 -90.8912811
v -288.081573 25.9707451 -90.8912811
v -288.081573 25.8670349 -90.8912811
v -287.789459 25.8670349 -91.413765
v -287.789459 25.9707451 -91.413765
v -288.081573 25.9707451 -90.8912811
v -287.789459 25.9707451 -91.413765
v -287.706299 25.9707451 -91.3931122
v -287.989044 25.9707451 -90.8898621
v -288.081573 25.9707451 -90.8912811
v -288.081573 25.9707451 -90.8912811
v -287.989044 25.9707451 -90.8898621
v -287.91156 25.9707451 -90.5556412
v -287.994202 25.9707451 -90.5310822
v -287.91156 25.9707451 -90.5556412
v -287.91156 25.8670349 -90.5556412
v -287.994202 25.8670349 -90.5310822
v -287.994202 25.9707451 -90.5310822
v -283.75174 25.8861732 -89.5372467
v -283.785278 25.903286 -89.5613403
v -283.767365 25.8448582 -89.5863266
v -283.737823 25.8448582 -89.5272675
v -283.818848 25.8861732 -89.5854263
v -283.832764 25.8448582 -89.5954056
v -283.767365 25.8448582 -89.5863266
v -283.785278 25.903286 -89.5613403
v -283.785278 25.7864323 -89.5613403
v -283.767365 25.8448582 -89.5863266
v -283.832764 25.8448582 -89.5954056
v -283.818848 25.803545 -89.5854263
v -283.737823 25.8448582 -89.5272675
v -283.767365 25.8448582 -89.5863266
v -283.785278 25.7864323 -89.5613403
v -283.75174 25.803545 -89.5372467
v -283.887329 25.9237823 -89.5545197
v -283.818848 25.8861732 -89.5854263
v -283.785278 25.903286 -89.5613403
v -283.823212 25.9564743 -89.5084991
v -283.823212 25.9564743 -89.5084991
v -283.785278 25.903286 -89.5613403
v -283.75174 25.8861732 -89.5372467
v -283.759094 25.9237823 -89.4624786
v -283.887329 25.765934 -89.5545197
v -283.818848 25.803545 -89.5854263
v -283.832764 25.8448582 -89.5954056
v -283.913879 25.8448582 -89.5735779
v -283.913879 25.8448582 -89.5735779
v -283.832764 25.8448582 -89.5954056
v -283.818848 25.8861732 -89.5854263
v -283.887329 25.9237823 -89.5545197
v -283.759094 25.9237823 -89.4624786
v -283.75174 25.8861732 -89.5372467
v -283.737823 25.8448582 -89.5272675
v -283.732544 25.8448582 -89.4434204
v -283.732544 25.8448582 -89.4434204
v -283.737823 25.8448582 -89.5272675
v -283.75174 25.803545 -89.5372467
v -283.759094 25.765934 -89.4624786
v -283.759094 25.765934 -89.4624786
v -283.75174 25.803545 -89.5372467
v -283.785278 25.7864323 -89.5613403
v -283.823212 25.7332439 -89.5084991
v -283.823212 25.7332439 -89.5084991
v -283.785278 25.7864323 -89.5613403
v -283.818848 25.803545 -89.5854263
v -283.887329 25.765934 -89.5545197
v -283.887329 25.9237823 -89.5545197
v -283.915192 26.0019398 -89.6497269
v -283.968079 25.8448582 -89.6876678
v -283.913879 25.8448582 -89.5735779
v -283.913879 25.8448582 -89.5735779
v -283.968079 25.8448582 -89.6876678
v -283.915192 25.6877766 -89.6497269
v -283.887329 25.765934 -89.5545197
v -283.823212 25.7332439 -89.5084991
v -283.787598 25.6227131 -89.558136
v -283.659973 25.6877766 -89.4665451
v -283.759094 25.765934 -89.4624786
v -283.732544 25.8448582 -89.4434204
v -283.607117 25.8448582 -89.4286041
v -283.659973 26.0019398 -89.4665451
v -283.759094 25.9237823 -89.4624786
v -283.823212 25.9564743 -89.5084991
v -283.787598 26.0670052 -89.558136
v -283.915192 26.0019398 -89.6497269
v -283.887329 25.9237823 -89.5545197
v -283.887329 25.765934 -89.5545197
v -283.915192 25.6877766 -89.6497269
v -283.787598 25.6227131 -89.558136
v -283.823212 25.7332439 -89.5084991
v -283.759094 25.765934 -89.4624786
v -283.659973 25.6877766 -89.4665451
v -283.607117 25.8448582 -89.4286041
v -283.732544 25.8448582 -89.4434204
v -283.759094 25.9237823 -89.4624786
v -283.659973 26.0019398 -89.4665451
v -283.787598 26.0670052 -89.558136
v -283.823212 25.9564743 -89.5084991
v -284.051544 25.8448582 -89.751709
v -284.152649 25.8448582 -89.7637329
v -284.053528 25.5503883 -89.6926117
v -283.973663 25.6134109 -89.6958084
v -283.785645 25.5175419 -89.5608521
v -283.814301 25.4284153 -89.5209045
v -283.575073 25.5503883 -89.349205
v -283.597595 25.6134109 -89.4259033
v -283.519714 25.8448582 -89.3700027
v -283.475983 25.8448582 -89.2780838
v -283.575073 26.1393299 -89.349205
v -283.597595 26.0763073 -89.4259033
v -283.785645 26.1721764 -89.5608521
v -283.814301 26.2613029 -89.5209045
v -284.053528 26.1393299 -89.6926117
v -283.973663 26.0763073 -89.6958084
v -283.973663 25.6134109 -89.6958084
v -284.053528 25.5503883 -89.6926117
v -283.814301 25.4284153 -89.5209045
v -283.785645 25.5175419 -89.5608521
v -283.597595 25.6134109 -89.4259033
v -283.575073 25.5503883 -89.349205
v -283.475983 25.8448582 -89.2780838
v -283.519714 25.8448582 -89.3700027
v -283.597595 26.0763073 -89.4259033
v -283.575073 26.1393299 -89.349205
v -283.814301 26.2613029 -89.5209045
v -283.785645 26.1721764 -89.5608521
v -283.973663 26.0763073 -89.6958084
v -284.053528 26.1393299 -89.6926117
v -284.152649 25.8448582 -89.7637329
v -284.051544 25.8448582 -89.751709
v -283.575073 25.5503883 -89.349205
v -283.690857 25.5503883 -89.1878738
v -283.591766 25.8448582 -89.1167526
v -283.475983 25.8448582 -89.2780838
v -283.575073 26.1393299 -89.349205
v -283.690857 26.1393299 -89.1878738
v -283.930115 26.2613029 -89.3595734
v -283.814301 26.2613029 -89.5209045
v -284.053528 26.1393299 -89.6926117
v -284.169342 26.1393299 -89.5312729
v -284.268433 25.8448582 -89.6023941
v -284.152649 25.8448582 -89.7637329
v -284.152649 25.8448582 -89.7637329
v -284.268433 25.8448582 -89.6023941
v -284.169342 25.5503883 -89.5312729
v -284.053528 25.5503883 -89.6926117
v -283.814301 25.4284153 -89.5209045
v -283.930115 25.4284153 -89.3595734
v -283.690857 25.5503883 -89.1878738
v -283.575073 25.5503883 -89.349205
v -283.475983 25.8448582 -89.2780838
v -283.591766 25.8448582 -89.1167526
v -283.690857 26.1393299 -89.1878738
v -283.575073 26.1393299 -89.349205
v -283.814301 26.2613029 -89.5209045
v -283.930115 26.2613029 -89.3595734
v -284.169342 26.1393299 -89.5312729
v -284.053528 26.1393299 -89.6926117
v -284.053528 25.5503883 -89.6926117
v -284.169342 25.5503883 -89.5312729
v -283.930115 25.4284153 -89.3595734
v -283.814301 25.4284153 -89.5209045
v -284.719452 25.8861732 -88.1889114
v -284.705566 25.8448582 -88.1789322
v -284.770966 25.8448582 -88.1880035
v -284.753021 25.903286 -88.2129974
v -284.786591 25.8861732 -88.2370911
v -284.753021 25.903286 -88.2129974
v -284.770966 25.8448582 -88.1880035
v -284.800476 25.8448582 -88.2470703
v -284.753021 25.7864323 -88.2129974
v -284.786591 25.803545 -88.2370911
v -284.800476 25.8448582 -88.2470703
v -284.770966 25.8448582 -88.1880035
v -284.705566 25.8448582 -88.1789322
v -284.719452 25.803545 -88.1889114
v -284.753021 25.7864323 -88.2129974
v -284.770966 25.8448582 -88.1880035
v -284.779205 25.9237823 -88.3118591
v -284.715088 25.9564743 -88.2658386
v -284.753021 25.903286 -88.2129974
v -284.786591 25.8861732 -88.2370911
v -284.715088 25.9564743 -88.2658386
v -284.65097 25.9237823 -88.2198181
v -284.719452 25.8861732 -88.1889114
v -284.753021 25.903286 -88.2129974
v -284.779205 25.765934 -88.3118591
v -284.805786 25.8448582 -88.3309174
v -284.800476 25.8448582 -88.2470703
v -284.786591 25.803545 -88.2370911
v -284.805786 25.8448582 -88.3309174
v -284.779205 25.9237823 -88.3118591
v -284.786591 25.8861732 -88.2370911
v -284.800476 25.8448582 -88.2470703
v -284.65097 25.9237823 -88.2198181
v -284.62442 25.8448582 -88.2007523
v -284.705566 25.8448582 -88.1789322
v -284.719452 25.8861732 -88.1889114
v -284.62442 25.8448582 -88.2007523
v -284.65097 25.765934 -88.2198181
v -284.719452 25.803545 -88.1889114
v -284.705566 25.8448582 -88.1789322
v -284.65097 25.765934 -88.2198181
v -284.715088 25.7332439 -88.2658386
v -284.753021 25.7864323 -88.2129974
v -284.719452 25.803545 -88.1889114
v -284.715088 25.7332439 -88.2658386
v -284.779205 25.765934 -88.3118591
v -284.786591 25.803545 -88.2370911
v -284.753021 25.7864323 -88.2129974
v -284.779205 25.9237823 -88.3118591
v -284.805786 25.8448582 -88.3309174
v -284.931183 25.8448582 -88.345726
v -284.878326 26.0019398 -88.3077927
v -284.805786 25.8448582 -88.3309174
v -284.779205 25.765934 -88.3118591
v -284.878326 25.6877766 -88.3077927
v -284.931183 25.8448582 -88.345726
v -284.715088 25.7332439 -88.2658386
v -284.65097 25.765934 -88.2198181
v -284.623108 25.6877766 -88.1246109
v -284.750732 25.6227131 -88.2162018
v -284.62442 25.8448582 -88.2007523
v -284.65097 25.9237823 -88.2198181
v -284.623108 26.0019398 -88.1246109
v -284.570251 25.8448582 -88.0866699
v -284.715088 25.9564743 -88.2658386
v -284.779205 25.9237823 -88.3118591
v -284.878326 26.0019398 -88.3077927
v -284.750732 26.0670052 -88.2162018
v -284.779205 25.765934 -88.3118591
v -284.715088 25.7332439 -88.2658386
v -284.750732 25.6227131 -88.2162018
v -284.878326 25.6877766 -88.3077927
v -284.65097 25.765934 -88.2198181
v -284.62442 25.8448582 -88.2007523
v -284.570251 25.8448582 -88.0866699
v -284.623108 25.6877766 -88.1246109
v -284.65097 25.9237823 -88.2198181
v -284.715088 25.9564743 -88.2658386
v -284.750732 26.0670052 -88.2162018
v -284.623108 26.0019398 -88.1246109
v -285.018585 25.8448582 -88.404335
v -284.940704 25.6134109 -88.3484344
v -284.963226 25.5503883 -88.4251328
v -285.062317 25.8448582 -88.496254
v -284.752686 25.5175419 -88.2134857
v -284.564636 25.6134109 -88.0785294
v -284.484772 25.5503883 -88.0817261
v -284.723999 25.4284153 -88.2534256
v -284.486755 25.8448582 -88.0226288
v -284.564636 26.0763073 -88.0785294
v -284.484772 26.1393299 -88.0817261
v -284.385681 25.8448582 -88.0106049
v -284.752686 26.1721764 -88.2134857
v -284.940704 26.0763073 -88.3484344
v -284.963226 26.1393299 -88.4251328
v -284.723999 26.2613029 -88.2534256
v -284.940704 25.6134109 -88.3484344
v -284.752686 25.5175419 -88.2134857
v -284.723999 25.4284153 -88.2534256
v -284.963226 25.5503883 -88.4251328
v -284.564636 25.6134109 -88.0785294
v -284.486755 25.8448582 -88.0226288
v -284.385681 25.8448582 -88.0106049
v -284.484772 25.5503883 -88.0817261
v -284.564636 26.0763073 -88.0785294
v -284.752686 26.1721764 -88.2134857
v -284.723999 26.2613029 -88.2534256
v -284.484772 26.1393299 -88.0817261
v -284.940704 26.0763073 -88.3484344
v -285.018585 25.8448582 -88.404335
v -285.062317 25.8448582 -88.496254
v -284.963226 26.1393299 -88.4251328
v -284.484772 25.5503883 -88.0817261
v -284.385681 25.8448582 -88.0106049
v -284.269897 25.8448582 -88.1719437
v -284.368988 25.5503883 -88.2430649
v -284.484772 26.1393299 -88.0817261
v -284.723999 26.2613029 -88.2534256
v -284.608215 26.2613029 -88.4147644
v -284.368988 26.1393299 -88.2430649
v -284.963226 26.1393299 -88.4251328
v -285.062317 25.8448582 -88.496254
v -284.946533 25.8448582 -88.6575851
v -284.847443 26.1393299 -88.5864639
v -285.062317 25.8448582 -88.496254
v -284.963226 25.5503883 -88.4251328
v -284.847443 25.5503883 -88.5864639
v -284.946533 25.8448582 -88.6575851
v -284.723999 25.4284153 -88.2534256
v -284.484772 25.5503883 -88.0817261
v -284.368988 25.5503883 -88.2430649
v -284.608215 25.4284153 -88.4147644
v -284.385681 25.8448582 -88.0106049
v -284.484772 26.1393299 -88.0817261
v -284.368988 26.1393299 -88.2430649
v -284.269897 25.8448582 -88.1719437
v -284.723999 26.2613029 -88.2534256
v -284.963226 26.1393299 -88.4251328
v -284.847443 26.1393299 -88.5864639
v -284.608215 26.2613029 -88.4147644
v -284.963226 25.5503883 -88.4251328
v -284.723999 25.4284153 -88.2534256
v -284.608215 25.4284153 -88.4147644
v -284.847443 25.5503883 -88.5864639
v -286.266327 25.8861732 -91.3420258
v -286.280243 25.8448582 -91.352005
v -286.214844 25.8448582 -91.3429337
v -286.232788 25.903286 -91.3179398
v -286.199219 25.8861732 -91.2938461
v -286.232788 25.903286 -91.3179398
v -286.214844 25.8448582 -91.3429337
v -286.185303 25.8448582 -91.2838745
v -286.232788 25.7864323 -91.3179398
v -286.199219 25.803545 -91.2938461
v -286.185303 25.8448582 -91.2838745
v -286.214844 25.8448582 -91.3429337
v -286.280243 25.8448582 -91.352005
v -286.266327 25.803545 -91.3420258
v -286.232788 25.7864323 -91.3179398
v -286.214844 25.8448582 -91.3429337
v -286.206573 25.9237823 -91.2190857
v -286.270691 25.9564743 -91.2651062
v -286.232788 25.903286 -91.3179398
v -286.199219 25.8861732 -91.2938461
v -286.270691 25.9564743 -91.2651062
v -286.334808 25.9237823 -91.3111191
v -286.266327 25.8861732 -91.3420258
v -286.232788 25.903286 -91.3179398
v -286.206573 25.765934 -91.2190857
v -286.180023 25.8448582 -91.2000198
v -286.185303 25.8448582 -91.2838745
v -286.199219 25.803545 -91.2938461
v -286.180023 25.8448582 -91.2000198
v -286.206573 25.9237823 -91.2190857
v -286.199219 25.8861732 -91.2938461
v -286.185303 25.8448582 -91.2838745
v -286.334808 25.9237823 -91.3111191
v -286.361389 25.8448582 -91.3301849
v -286.280243 25.8448582 -91.352005
v -286.266327 25.8861732 -91.3420258
v -286.361389 25.8448582 -91.3301849
v -286.334808 25.765934 -91.3111191
v -286.266327 25.803545 -91.3420258
v -286.280243 25.8448582 -91.352005
v -286.334808 25.765934 -91.3111191
v -286.270691 25.7332439 -91.2651062
v -286.232788 25.7864323 -91.3179398
v -286.266327 25.803545 -91.3420258
v -286.270691 25.7332439 -91.2651062
v -286.206573 25.765934 -91.2190857
v -286.199219 25.803545 -91.2938461
v -286.232788 25.7864323 -91.3179398
v -286.206573 25.9237823 -91.2190857
v -286.180023 25.8448582 -91.2000198
v -286.054596 25.8448582 -91.1852112
v -286.107452 26.0019398 -91.2231445
v -286.180023 25.8448582 -91.2000198
v -286.206573 25.765934 -91.2190857
v -286.107452 25.6877766 -91.2231445
v -286.054596 25.8448582 -91.1852112
v -286.270691 25.7332439 -91.2651062
v -286.334808 25.765934 -91.3111191
v -286.362701 25.6877766 -91.4063339
v -286.235077 25.6227131 -91.314743
v -286.361389 25.8448582 -91.3301849
v -286.334808 25.9237823 -91.3111191
v -286.362701 26.0019398 -91.4063339
v -286.415558 25.8448582 -91.4442673
v -286.270691 25.9564743 -91.2651062
v -286.206573 25.9237823 -91.2190857
v -286.107452 26.0019398 -91.2231445
v -286.235077 26.0670052 -91.314743
v -286.206573 25.765934 -91.2190857
v -286.270691 25.7332439 -91.2651062
v -286.235077 25.6227131 -91.314743
v -286.107452 25.6877766 -91.2231445
v -286.334808 25.765934 -91.3111191
v -286.361389 25.8448582 -91.3301849
v -286.415558 25.8448582 -91.4442673
v -286.362701 25.6877766 -91.4063339
v -286.334808 25.9237823 -91.3111191
v -286.270691 25.9564743 -91.2651062
v -286.235077 26.0670052 -91.314743
v -286.362701 26.0019398 -91.4063339
v -285.967194 25.8448582 -91.1266022
v -286.045105 25.6134109 -91.1825027
v -286.022552 25.5503883 -91.1058121
v -285.923462 25.8448582 -91.0346909
v -286.233124 25.5175419 -91.3174591
v -286.421143 25.6134109 -91.4524078
v -286.501038 25.5503883 -91.4492111
v -286.26178 25.4284153 -91.2775116
v -286.499023 25.8448582 -91.5083084
v -286.421143 26.0763073 -91.4524078
v -286.501038 26.1393299 -91.4492111
v -286.600128 25.8448582 -91.5203323
v -286.233124 26.1721764 -91.3174591
v -286.045105 26.0763073 -91.1825027
v -286.022552 26.1393299 -91.1058121
v -286.26178 26.2613029 -91.2775116
v -286.045105 25.6134109 -91.1825027
v -286.233124 25.5175419 -91.3174591
v -286.26178 25.4284153 -91.2775116
v -286.022552 25.5503883 -91.1058121
v -286.421143 25.6134109 -91.4524078
v -286.499023 25.8448582 -91.5083084
v -286.600128 25.8448582 -91.5203323
v -286.501038 25.5503883 -91.4492111
v -286.421143 26.0763073 -91.4524078
v -286.233124 26.1721764 -91.3174591
v -286.26178 26.2613029 -91.2775116
v -286.501038 26.1393299 -91.4492111
v -286.045105 26.0763073 -91.1825027
v -285.967194 25.8448582 -91.1266022
v -285.923462 25.8448582 -91.0346909
v -286.022552 26.1393299 -91.1058121
v -286.501038 25.5503883 -91.4492111
v -286.600128 25.8448582 -91.5203323
v -286.715912 25.8448582 -91.3589935
v -286.616821 25.5503883 -91.2878723
v -286.501038 26.1393299 -91.4492111
v -286.26178 26.2613029 -91.2775116
v -286.377594 26.2613029 -91.1161728
v -286.616821 26.1393299 -91.2878723
v -286.022552 26.1393299 -91.1058121
v -285.923462 25.8448582 -91.0346909
v -286.039276 25.8448582 -90.8733521
v -286.138367 26.1393299 -90.9444733
v -285.923462 25.8448582 -91.0346909
v -286.022552 25.5503883 -91.1058121
v -286.138367 25.5503883 -90.9444733
v -286.039276 25.8448582 -90.8733521
v -286.26178 25.4284153 -91.2775116
v -286.501038 25.5503883 -91.4492111
v -286.616821 25.5503883 -91.2878723
v -286.377594 25.4284153 -91.1161728
v -286.600128 25.8448582 -91.5203323
v -286.501038 26.1393299 -91.4492111
v -286.616821 26.1393299 -91.2878723
v -286.715912 25.8448582 -91.3589935
v -286.26178 26.2613029 -91.2775116
v -286.022552 26.1393299 -91.1058121
v -286.138367 26.1393299 -90.9444733
v -286.377594 26.2613029 -91.1161728
v -286.022552 25.5503883 -91.1058121
v -286.26178 25.4284153 -91.2775116
v -286.377594 25.4284153 -91.1161728
v -286.138367 25.5503883 -90.9444733
v -287.23407 25.8861732 -89.9936905
v -287.2005 25.903286 -89.9696045
v -287.218445 25.8448582 -89.9446106
v -287.247955 25.8448582 -90.0036697
v -287.166931 25.8861732 -89.9455109
v -287.153046 25.8448582 -89.9355316
v -287.218445 25.8448582 -89.9446106
v -287.2005 25.903286 -89.9696045
v -287.2005 25.7864323 -89.9696045
v -287.218445 25.8448582 -89.9446106
v -287.153046 25.8448582 -89.9355316
v -287.166931 25.803545 -89.9455109
v -287.247955 25.8448582 -90.0036697
v -287.218445 25.8448582 -89.9446106
v -287.2005 25.7864323 -89.9696045
v -287.23407 25.803545 -89.9936905
v -287.09845 25.9237823 -89.9764175
v -287.166931 25.8861732 -89.9455109
v -287.2005 25.903286 -89.9696045
v -287.162567 25.9564743 -90.022438
v -287.162567 25.9564743 -90.022438
v -287.2005 25.903286 -89.9696045
v -287.23407 25.8861732 -89.9936905
v -287.226685 25.9237823 -90.0684586
v -287.09845 25.765934 -89.9764175
v -287.166931 25.803545 -89.9455109
v -287.153046 25.8448582 -89.9355316
v -287.071899 25.8448582 -89.9573593
v -287.071899 25.8448582 -89.9573593
v -287.153046 25.8448582 -89.9355316
v -287.166931 25.8861732 -89.9455109
v -287.09845 25.9237823 -89.9764175
v -287.226685 25.9237823 -90.0684586
v -287.23407 25.8861732 -89.9936905
v -287.247955 25.8448582 -90.0036697
v -287.253265 25.8448582 -90.0875168
v -287.253265 25.8448582 -90.0875168
v -287.247955 25.8448582 -90.0036697
v -287.23407 25.803545 -89.9936905
v -287.226685 25.765934 -90.0684586
v -287.226685 25.765934 -90.0684586
v -287.23407 25.803545 -89.9936905
v -287.2005 25.7864323 -89.9696045
v -287.162567 25.7332439 -90.022438
v -287.162567 25.7332439 -90.022438
v -287.2005 25.7864323 -89.9696045
v -287.166931 25.803545 -89.9455109
v -287.09845 25.765934 -89.9764175
v -287.09845 25.9237823 -89.9764175
v -287.070587 26.0019398 -89.8812103
v -287.017731 25.8448582 -89.8432693
v -287.071899 25.8448582 -89.9573593
v -287.071899 25.8448582 -89.9573593
v -287.017731 25.8448582 -89.8432693
v -287.070587 25.6877766 -89.8812103
v -287.09845 25.765934 -89.9764175
v -287.162567 25.7332439 -90.022438
v -287.198212 25.6227131 -89.9728012
v -287.325806 25.6877766 -90.0643921
v -287.226685 25.765934 -90.0684586
v -287.253265 25.8448582 -90.0875168
v -287.378693 25.8448582 -90.1023331
v -287.325806 26.0019398 -90.0643921
v -287.226685 25.9237823 -90.0684586
v -287.162567 25.9564743 -90.022438
v -287.198212 26.0670052 -89.9728012
v -287.070587 26.0019398 -89.8812103
v -287.09845 25.9237823 -89.9764175
v -287.09845 25.765934 -89.9764175
v -287.070587 25.6877766 -89.8812103
v -287.198212 25.6227131 -89.9728012
v -287.162567 25.7332439 -90.022438
v -287.226685 25.765934 -90.0684586
v -287.325806 25.6877766 -90.0643921
v -287.378693 25.8448582 -90.1023331
v -287.253265 25.8448582 -90.0875168
v -287.226685 25.9237823 -90.0684586
v -287.325806 26.0019398 -90.0643921
v -287.198212 26.0670052 -89.9728012
v -287.162567 25.9564743 -90.022438
v -286.934235 25.8448582 -89.7792282
v -286.83316 25.8448582 -89.7672119
v -286.932251 25.5503883 -89.8383331
v -287.012115 25.6134109 -89.8351288
v -287.200165 25.5175419 -89.9700851
v -287.171478 25.4284153 -90.0100327
v -287.410706 25.5503883 -90.1817322
v -287.388184 25.6134109 -90.1050415
v -287.466064 25.8448582 -90.1609344
v -287.509796 25.8448582 -90.2528534
v -287.410706 26.1393299 -90.1817322
v -287.388184 26.0763073 -90.1050415
v -287.200165 26.1721764 -89.9700851
v -287.171478 26.2613029 -90.0100327
v -286.932251 26.1393299 -89.8383331
v -287.012115 26.0763073 -89.8351288
v -287.012115 25.6134109 -89.8351288
v -286.932251 25.5503883 -89.8383331
v -287.171478 25.4284153 -90.0100327
v -287.200165 25.5175419 -89.9700851
v -287.388184 25.6134109 -90.1050415
v -287.410706 25.5503883 -90.1817322
v -287.509796 25.8448582 -90.2528534
v -287.466064 25.8448582 -90.1609344
v -287.388184 26.0763073 -90.1050415
v -287.410706 26.1393299 -90.1817322
v -287.171478 26.2613029 -90.0100327
v -287.200165 26.1721764 -89.9700851
v -287.012115 26.0763073 -89.8351288
v -286.932251 26.1393299 -89.8383331
v -286.83316 25.8448582 -89.7672119
v -286.934235 25.8448582 -89.7792282
v -287.410706 25.5503883 -90.1817322
v -287.294922 25.5503883 -90.343071
v -287.394012 25.8448582 -90.4141922
v -287.509796 25.8448582 -90.2528534
v -287.410706 26.1393299 -90.1817322
v -287.294922 26.1393299 -90.343071
v -287.055695 26.2613029 -90.1713715
v -287.171478 26.2613029 -90.0100327
v -286.932251 26.1393299 -89.8383331
v -286.816467 26.1393299 -89.9996643
v -286.717377 25.8448582 -89.9285431
v -286.83316 25.8448582 -89.7672119
v -286.83316 25.8448582 -89.7672119
v -286.717377 25.8448582 -89.9285431
v -286.816467 25.5503883 -89.9996643
v -286.932251 25.5503883 -89.8383331
v -287.171478 25.4284153 -90.0100327
v -287.055695 25.4284153 -90.1713715
v -287.294922 25.5503883 -90.343071
v -287.410706 25.5503883 -90.1817322
v -287.509796 25.8448582 -90.2528534
v -287.394012 25.8448582 -90.4141922
v -287.294922 26.1393299 -90.343071
v -287.410706 26.1393299 -90.1817322
v -287.171478 26.2613029 -90.0100327
v -287.055695 26.2613029 -90.1713715
v -286.816467 26.1393299 -89.9996643
v -286.932251 26.1393299 -89.8383331
v -286.932251 25.5503883 -89.8383331
v -286.816467 25.5503883 -89.9996643
v -287.055695 25.4284153 -90.1713715
v -287.171478 25.4284153 -90.0100327
v -284.946533 25.8448582 -88.6575851
v -284.847443 25.5503883 -88.5864639
v -284.608215 25.4284153 -88.4147644
v -284.608215 25.8448582 -88.4147644
v -284.847443 26.1393299 -88.5864639
v -284.368988 25.5503883 -88.2430649
v -284.608215 26.2613029 -88.4147644
v -284.269897 25.8448582 -88.1719437
v -284.368988 26.1393299 -88.2430649
v -284.268433 25.8448582 -89.6023941
v -283.930115 25.4284153 -89.3595734
v -284.169342 25.5503883 -89.5312729
v -283.930115 25.8448582 -89.3595734
v -284.169342 26.1393299 -89.5312729
v -283.690857 25.5503883 -89.1878738
v -283.930115 26.2613029 -89.3595734
v -283.591766 25.8448582 -89.1167526
v -283.690857 26.1393299 -89.1878738
v -286.377594 26.2613029 -91.1161728
v -286.715912 25.8448582 -91.3589935
v -286.616821 26.1393299 -91.2878723
v -286.377594 25.8448582 -91.1161728
v -286.138367 26.1393299 -90.9444733
v -286.616821 25.5503883 -91.2878723
v -286.039276 25.8448582 -90.8733521
v -286.377594 25.4284153 -91.1161728
v -286.138367 25.5503883 -90.9444733
v -286.717377 25.8448582 -89.9285431
v -287.055695 25.4284153 -90.1713715
v -286.816467 25.5503883 -89.9996643
v -287.055695 25.8448582 -90.1713715
v -286.816467 26.1393299 -89.9996643
v -287.294922 25.5503883 -90.343071
v -287.055695 26.2613029 -90.1713715
v -287.394012 25.8448582 -90.4141922
v -287.294922 26.1393299 -90.343071
v -283.473175 26.7262306 -88.9846878
v -283.473175 26.5026512 -88.9846878
v -283.539642 26.6144409 -89.0632706
v -283.701447 26.6144409 -89.2546082
v -284.106812 26.7262306 -88.1018524
v -284.202545 26.6144409 -88.1396637
v -284.106812 26.5026512 -88.1018524
v -284.435608 26.6144409 -88.2317276
v -284.106812 26.7262306 -88.1018524
v -284.106812 26.5026512 -88.1018524
v -284.202545 26.6144409 -88.1396637
v -284.435608 26.6144409 -88.2317276
v -283.473175 26.7262306 -88.9846878
v -283.539642 26.6144409 -89.0632706
v -283.473175 26.5026512 -88.9846878
v -283.701447 26.6144409 -89.2546082
v -287.070587 26.0019398 -89.8812103
v -286.934235 25.8448582 -89.7792282
v -287.017731 25.8448582 -89.8432693
v -287.012115 26.0763073 -89.8351288
v -287.012115 25.6134109 -89.8351288
v -287.198212 26.0670052 -89.9728012
v -287.070587 25.6877766 -89.8812103
v -287.200165 26.1721764 -89.9700851
v -287.200165 25.5175419 -89.9700851
v -287.325806 26.0019398 -90.0643921
v -287.198212 25.6227131 -89.9728012
v -287.388184 26.0763073 -90.1050415
v -287.388184 25.6134109 -90.1050415
v -287.378693 25.8448582 -90.1023331
v -287.325806 25.6877766 -90.0643921
v -287.466064 25.8448582 -90.1609344
v -286.107452 26.0019398 -91.2231445
v -286.054596 25.8448582 -91.1852112
v -285.967194 25.8448582 -91.1266022
v -286.045105 26.0763073 -91.1825027
v -286.045105 25.6134109 -91.1825027
v -286.235077 26.0670052 -91.314743
v -286.107452 25.6877766 -91.2231445
v -286.233124 26.1721764 -91.3174591
v -286.233124 25.5175419 -91.3174591
v -286.362701 26.0019398 -91.4063339
v -286.235077 25.6227131 -91.314743
v -286.421143 26.0763073 -91.4524078
v -286.421143 25.6134109 -91.4524078
v -286.415558 25.8448582 -91.4442673
v -286.362701 25.6877766 -91.4063339
v -286.499023 25.8448582 -91.5083084
v -284.878326 26.0019398 -88.3077927
v -284.931183 25.8448582 -88.345726
v -285.018585 25.8448582 -88.404335
v -284.940704 26.0763073 -88.3484344
v -284.940704 25.6134109 -88.3484344
v -284.750732 26.0670052 -88.2162018
v -284.878326 25.6877766 -88.3077927
v -284.752686 26.1721764 -88.2134857
v -284.752686 25.5175419 -88.2134857
v -284.623108 26.0019398 -88.1246109
v -284.750732 25.6227131 -88.2162018
v -284.564636 26.0763073 -88.0785294
v -284.564636 25.6134109 -88.0785294
v -284.570251 25.8448582 -88.0866699
v -284.623108 25.6877766 -88.1246109
v -284.486755 25.8448582 -88.0226288
v -283.915192 26.0019398 -89.6497269
v -284.051544 25.8448582 -89.751709
v -283.968079 25.8448582 -89.6876678
v -283.973663 26.0763073 -89.6958084
v -283.973663 25.6134109 -89.6958084
v -283.787598 26.0670052 -89.558136
v -283.915192 25.6877766 -89.6497269
v -283.785645 26.1721764 -89.5608521
v -283.785645 25.5175419 -89.5608521
v -283.659973 26.0019398 -89.4665451
v -283.787598 25.6227131 -89.558136
v -283.597595 26.0763073 -89.4259033
v -283.597595 25.6134109 -89.4259033
v -283.607117 25.8448582 -89.4286041
v -283.659973 25.6877766 -89.4665451
v -283.519714 25.8448582 -89.3700027
v 1773.27454 -758.11969 465.930481
v 1761.43091 -753.805847 435.285767
v 1749.58728 -749.492126 404.641113
v 1737.74365 -745.178284 373.996399
v 1725.8999 -740.864563 343.351746
v 1714.05627 -736.55072 312.707031
v 1702.21265 -732.236877 282.062317
v 1690.3689 -727.923157 251.417664
v 1678.52527 -723.609314 220.772949
v 1666.68164 -719.295593 190.128235
v 1654.83801 -714.98175 159.483582
v 1418.66296 -543.531433 633.189026
v 1406.81934 -539.217651 602.544312
v 1394.97571 -534.90387 571.899658
v 1383.13208 -530.590088 541.254944
v 1371.28833 -526.276306 510.610291
v 1359.4447 -521.962524 479.965576
v 1347.60107 -517.648743 449.320862
v 1335.75732 -513.334961 418.676208
v 1323.9137 -509.021179 388.031494
v 1312.07007 -504.707397 357.38678
v 1300.22644 -500.393616 326.742126
v 1064.05139 -328.943298 800.447632
v 1052.20776 -324.629517 769.802917
v 1040.36414 -320.315735 739.158203
v 1028.52051 -316.001953 708.51355
v 1016.67676 -311.688171 677.868835
v 1004.83313 -307.37439 647.224121
v 992.989502 -303.060608 616.579468
v 981.145752 -298.746826 585.934753
v 969.302124 -294.433044 555.2901
v 957.458496 -290.119263 524.645386
v 945.614807 -285.805481 494.000732
v 709.439941 -114.355133 967.706177
v 697.596252 -110.041351 937.061523
v 685.752625 -105.72757 906.416809
v 673.908936 -101.413757 875.772095
v 662.065308 -97.0999756 845.127441
v 650.221619 -92.7861938 814.482788
v 638.37793 -88.4724121 783.838074
v 626.534302 -84.1586304 753.193359
v 614.690613 -79.8448181 722.548706
v 602.846985 -75.5310364 691.903992
v 591.003296 -71.2172546 661.259277
v 354.828461 100.233002 1134.96472
v 342.984802 104.546783 1104.32007
v 331.141113 108.86058 1073.67542
v 319.297455 113.174362 1043.03064
v 307.453796 117.488159 1012.38599
v 295.610138 121.801941 981.741333
v 283.766479 126.115723 951.096619
v 271.922821 130.42952 920.451904
v 260.079163 134.743301 889.807251
v 248.235474 139.057098 859.162537
v 236.391815 143.37088 828.517883
v 0.21697998 314.821136 1302.22339
v -11.6266823 319.134918 1271.57861
v -23.4703445 323.4487 1240.93396
v -35.3140106 327.762512 1210.28931
v -47.1576729 332.076294 1179.64453
v -59.0013351 336.390076 1148.99988
v -70.8450012 340.703857 1118.35522
v -82.6886597 345.017639 1087.71045
v -94.5323257 349.331451 1057.0658
v -106.375992 353.645233 1026.42114
v -118.21965 357.959015 995.776428
v -354.394623 529.409302 1469.48193
v -366.238281 533.723145 1438.83728
v -378.08197 538.036926 1408.19263
v -389.925629 542.350708 1377.54785
v -401.769287 546.66449 1346.9032
v -413.612946 550.978271 1316.25854
v -425.456604 555.292053 1285.61377
v -437.300262 559.605835 1254.96912
v -449.143921 563.919617 1224.32446
v -460.98761 568.233398 1193.67969
v -472.831268 572.547241 1163.03503
v -709.005981 743.997437 1636.74048
v -720.84967 748.311157 1606.0957
v -732.693298 752.625 1575.45105
v -744.536987 756.938782 1544.8064
v -756.380615 761.252563 1514.16162
v -768.224304 765.566345 1483.51697
v -780.067993 769.880127 1452.87231
v -791.911621 774.193909 1422.22766
v -803.75531 778.50769 1391.58289
v -815.598938 782.821533 1360.93823
v -827.442627 787.135254 1330.29358
v -1063.61743 958.585632 1803.99902
v -1075.46118 962.899414 1773.35437
v -1087.30481 967.213196 1742.70972
v -1099.14844 971.526978 1712.06494
v -1110.99219 975.840759 1681.42029
v -1122.83582 980.154541 1650.77563
v -1134.67944 984.468323 1620.13086
v -1146.52319 988.782104 1589.48621
v -1158.36682 993.095886 1558.84155
v -1170.21045 997.409668 1528.19678
v -1182.05408 1001.72345 1497.55212
v -1418.22925 1173.17383 1971.25769
v -1430.07288 1177.48767 1940.61304
v -1441.9165 1181.80151 1909.96826
v -1453.76013 1186.11523 1879.32361
v -1465.60388 1190.42896 1848.67896
v -1477.44751 1194.7428 1818.03418
v -1489.29114 1199.05664 1787.38953
v -1501.13489 1203.37036 1756.74487
v -1512.97852 1207.68408 1726.1001
v -1524.82214 1211.99792 1695.45544
v -1536.66577 1216.31177 1664.81079
v -1772.8407 1387.76196 2138.51611
v -1784.68433 1392.07568 2107.87158
v -1796.52795 1396.3894 2077.22681
v -1808.37158 1400.70337 2046.58203
v -1820.21533 1405.01709 2015.9375
v -1832.05896 1409.33081 1985.29272
v -1843.90259 1413.64478 1954.64795
v -1855.74634 1417.9585 1924.00342
v -1867.58997 1422.27222 1893.35864
v -1879.43359 1426.58594 1862.71387
v -1891.27722 1430.8999 1832.06934
vt 0.873371243 0.51219666
vt 0.873371243 0.789319515
vt 0.873371243 0.789319515
vt 0.873371243 0.51219666
vt 0.98771894 0.789319515
vt 0.98771894 0.789319515
vt 0.873371243 0.789319515
vt 0.873371243 0.789319515
vt 0.987719059 0.51219666
vt 0.987719059 0.51219666
vt 0.873371243 0.51219666
vt 0.873371243 0.51219666
vt 0.98771894 0.789319515
vt 0.98771894 0.789319515
vt 0.987719059 0.51219666
vt 0.987719059 0.51219666
vt 0.394423604 0.519983768
vt 0.394423604 0.516381145
vt 0.280581415 0.516381145
vt 0.280581415 0.519983768
vt 0.394423604 0.516381145
vt 0.394423604 0.515811443
vt 0.280581415 0.515811443
vt 0.280581415 0.516381145
vt 0.280581415 0.510115147
vt 0.280011833 0.515811443
vt 0.280581415 0.515811443
vt 0.276593864 0.510115147
vt 0.276593864 0.514671922
vt 0.394423604 0.510115147
vt 0.398411155 0.514671922
vt 0.398411155 0.510115147
vt 0.394993365 0.515811443
vt 0.394423604 0.515811443
vt 0.280581415 0.510115147
vt 0.280581415 0.515811443
vt 0.394423604 0.515811443
vt 0.394423604 0.510115147
vt 0.479930311 0.716610193
vt 0.479930311 0.653225183
vt 0.150243312 0.653225183
vt 0.150243312 0.716610193
vt 0.478602588 0.648868442
vt 0.478602588 0.586074948
vt 0.15199244 0.586074948
vt 0.15199244 0.648868442
vt 0.126134127 0.588766456
vt 0.12814936 0.611605942
vt 0.12814936 0.588766456
vt 0.126134127 0.610262454
vt 0.101615012 0.611605942
vt 0.101615012 0.610262454
vt 0.0995999277 0.611605942
vt 0.0995999277 0.610262454
vt 0.0747451186 0.611605942
vt 0.0995999277 0.588766456
vt 0.101615012 0.588766456
vt 0.0747451186 0.610262454
vt 0.0727298856 0.611605942
vt 0.0727298856 0.610262454
vt 0.0747451186 0.588766456
vt 0.0727298856 0.588766456
vt 0.0461957455 0.611605942
vt 0.0482109487 0.610262454
vt 0.0461957455 0.588766456
vt 0.0482109487 0.588766456
vt 0.0995999277 0.610262454
vt 0.0995999277 0.610262454
vt 0.0995999277 0.588766456
vt 0.0995999277 0.588766456
vt 0.0777679682 0.610262454
vt 0.0482109487 0.588766456
vt 0.0482109487 0.610262454
vt 0.0777679682 0.588766456
vt 0.126134127 0.588766456
vt 0.126134127 0.610262454
vt 0.101615012 0.588766456
vt 0.101615012 0.610262454
vt 0.101615012 0.610262454
vt 0.101615012 0.588766456
vt 0.12814936 0.588766456
vt 0.146203905 0.646616817
vt 0.146203905 0.588766456
vt 0.12814936 0.611605942
vt 0.0119530261 0.646616817
vt 0.0461957455 0.611605942
vt 0.0461957455 0.588766456
vt 0.0119530261 0.588766456
vt 0.12814936 0.588766456
vt 0.12814936 0.611605942
vt 0.12814936 0.611605942
vt 0.12814936 0.588766456
vt 0.0461957455 0.611605942
vt 0.0461957455 0.588766456
vt 0.0461957455 0.588766456
vt 0.0461957455 0.611605942
vt 0.0727298856 0.611605942
vt 0.0461957455 0.611605942
vt 0.0461957455 0.611605942
vt 0.0727298856 0.611605942
vt 0.0747451186 0.611605942
vt 0.0747451186 0.611605942
vt 0.0995999277 0.611605942
vt 0.0995999277 0.611605942
vt 0.101615012 0.611605942
vt 0.101615012 0.611605942
vt 0.12814936 0.611605942
vt 0.12814936 0.611605942
vt 0.101615012 0.610262454
vt 0.126134127 0.610262454
vt 0.126134127 0.610262454
vt 0.101615012 0.610262454
vt 0.0482109487 0.588766456
vt 0.0482109487 0.610262454
vt 0.0482109487 0.610262454
vt 0.0482109487 0.588766456
vt 0.126134127 0.610262454
vt 0.126134127 0.588766456
vt 0.126134127 0.588766456
vt 0.126134127 0.610262454
vt 0.0482109487 0.610262454
vt 0.0727298856 0.610262454
vt 0.0727298856 0.610262454
vt 0.0482109487 0.610262454
vt 0.0747451186 0.610262454
vt 0.0995999277 0.610262454
vt 0.0995999277 0.610262454
vt 0.0747451186 0.610262454
vt 0.0727298856 0.588766456
vt 0.0727298856 0.610262454
vt 0.0727298856 0.610262454
vt 0.0727298856 0.588766456
vt 0.0747451186 0.610262454
vt 0.0747451186 0.610262454
vt 0.0747451186 0.588766456
vt 0.0747451186 0.588766456
vt 0.145200908 0.653101265
vt 0.0104334056 0.653101265
vt 0.0104334056 0.71589458
vt 0.145200908 0.71589458
vt 0.98771894 0.789319515
vt 0.987719059 0.51219666
vt 0.873371243 0.51219666
vt 0.873371243 0.789319515
vt 0.132997259 0.565428257
vt 0.132670239 0.579926372
vt 0.158792228 0.56715101
vt 0.0515931696 0.76422447
vt 0.071922645 0.786855876
vt 0.0665039867 0.715797305
vt 0.04865022 0.814356089
vt 0.0627155602 0.798264027
vt 0.049040556 0.772621751
vt 0.147395015 0.593663871
vt 0.156760871 0.593813419
vt 0.158792228 0.56715101
vt 0.106828615 0.877769232
vt 0.0802724808 0.868144333
vt 0.102496892 0.904025674
vt 0.1166756 0.642894089
vt 0.128903821 0.64375174
vt 0.133610278 0.618213415
vt 0.184550494 0.569355965
vt 0.158792228 0.56715101
vt 0.182677239 0.58373642
vt 0.234897703 0.778190196
vt 0.227495685 0.728062987
vt 0.211374164 0.797480583
vt 0.230211735 0.828189015
vt 0.236148581 0.786877394
vt 0.218746647 0.810151756
vt 0.166041315 0.595084488
vt 0.158792228 0.56715101
vt 0.156760871 0.593813419
vt 0.163097814 0.882056475
vt 0.163401723 0.908665895
vt 0.190805584 0.876565814
vt 0.188947842 0.648400426
vt 0.175947756 0.62143904
vt 0.176730812 0.647395551
vt 0.132670239 0.579926372
vt 0.136073798 0.593156517
vt 0.147395015 0.593663871
vt 0.158792228 0.56715101
vt 0.159443587 0.558602095
vt 0.132151127 0.556653082
vt 0.132997259 0.565428257
vt 0.158792228 0.56715101
vt 0.0665039867 0.715797305
vt 0.0761098266 0.716216505
vt 0.0860520154 0.662682116
vt 0.0762681365 0.659847498
vt 0.0794273913 0.713530183
vt 0.108803108 0.671855271
vt 0.0882492512 0.666177094
vt 0.105803594 0.713890374
vt 0.111414909 0.669967175
vt 0.108803108 0.671855271
vt 0.108827934 0.717259824
vt 0.108827934 0.717259824
vt 0.105803594 0.713890374
vt 0.0761098266 0.716216505
vt 0.0860520154 0.662682116
vt 0.111414909 0.669967175
vt 0.0882492512 0.666177094
vt 0.0761098266 0.716216505
vt 0.106828615 0.877769232
vt 0.135274619 0.87582624
vt 0.138035551 0.839587212
vt 0.100018293 0.843022227
vt 0.0856060386 0.767212033
vt 0.104102045 0.748370409
vt 0.105567217 0.719650209
vt 0.0794745982 0.719147444
vt 0.0845785588 0.773971438
vt 0.0856060386 0.767212033
vt 0.0761098266 0.716216505
vt 0.0665039867 0.715797305
vt 0.071922645 0.786855876
vt 0.0845785588 0.773971438
vt 0.0761098266 0.716216505
vt 0.117172107 0.763627648
vt 0.141438603 0.794922054
vt 0.143609226 0.766431689
vt 0.105051726 0.789049804
vt 0.141182691 0.798281074
vt 0.100160033 0.791631103
vt 0.119516999 0.718060434
vt 0.14712809 0.720246434
vt 0.151352465 0.664800584
vt 0.125219747 0.668197274
vt 0.108827934 0.717259824
vt 0.111414909 0.669967175
vt 0.314361423 0.598902047
vt 0.301975906 0.643977404
vt 0.352386117 0.637777567
vt 0.319993794 0.563100517
vt 0.353865355 0.562725723
vt 0.316785276 0.52690053
vt 0.319993794 0.563100517
vt 0.354468852 0.532109022
vt 0.392328531 0.528389633
vt 0.354468852 0.532109022
vt 0.387695909 0.564434946
vt 0.387695909 0.564434946
vt 0.352386117 0.637777567
vt 0.391913116 0.600430608
vt 0.402512938 0.64595896
vt 0.128903821 0.64375174
vt 0.151352465 0.664800584
vt 0.14986828 0.644999921
vt 0.125219747 0.668197274
vt 0.1166756 0.642894089
vt 0.111414909 0.669967175
vt 0.298297763 0.755363703
vt 0.298357785 0.793098092
vt 0.349066645 0.806192338
vt 0.350001127 0.758782089
vt 0.298020363 0.721927583
vt 0.350616604 0.727551043
vt 0.298539996 0.671914518
vt 0.351721644 0.671493173
vt 0.301975906 0.643977404
vt 0.352386117 0.637777567
vt 0.402512938 0.64595896
vt 0.404845238 0.6740098
vt 0.403393805 0.724004507
vt 0.350001127 0.758782089
vt 0.401798964 0.757403851
vt 0.349066645 0.806192338
vt 0.400252104 0.795106471
vt 0.102496892 0.904025674
vt 0.13270919 0.909497499
vt 0.135274619 0.87582624
vt 0.106828615 0.877769232
vt 0.099916786 0.919970036
vt 0.13270919 0.909497499
vt 0.13152197 0.925079763
vt 0.0173383504 0.74949789
vt 0.0515931696 0.76422447
vt 0.0665039867 0.715797305
vt 0.0163509995 0.711820483
vt 0.0163509995 0.711820483
vt 0.0665039867 0.715797305
vt 0.0762681365 0.659847498
vt 0.0269649774 0.642568946
vt 0.100018293 0.843022227
vt 0.0725283623 0.846709907
vt 0.0802724808 0.868144333
vt 0.106828615 0.877769232
vt 0.481556743 0.584596097
vt 0.475196511 0.57545054
vt 0.465631306 0.574529171
vt 0.460935146 0.584972858
vt 0.449327826 0.567752063
vt 0.460808247 0.566299736
vt 0.465922475 0.558596432
vt 0.459225059 0.54882586
vt 0.481253743 0.54882586
vt 0.475066841 0.55954051
vt 0.480447114 0.567332923
vt 0.49119547 0.56718421
vt 0.49119547 0.56718421
vt 0.480447114 0.567332923
vt 0.475196511 0.57545054
vt 0.481556743 0.584596097
vt 0.460935146 0.584972858
vt 0.465631306 0.574529171
vt 0.460808247 0.566299736
vt 0.449327826 0.567752063
vt 0.459225059 0.54882586
vt 0.465922475 0.558596432
vt 0.475066841 0.55954051
vt 0.481253743 0.54882586
vt 0.465922475 0.558596432
vt 0.460808247 0.566299736
vt 0.465631306 0.574529171
vt 0.475066841 0.55954051
vt 0.475196511 0.57545054
vt 0.480447114 0.567332923
vt 0.047314778 0.597224712
vt 0.0863032341 0.622107267
vt 0.104450211 0.586302638
vt 0.0877758414 0.555768371
vt 0.133610278 0.618213415
vt 0.148457825 0.61853528
vt 0.147395015 0.593663871
vt 0.136073798 0.593156517
vt 0.0863032341 0.622107267
vt 0.0964829773 0.626778007
vt 0.113221124 0.59630239
vt 0.104450211 0.586302638
vt 0.0964829773 0.626778007
vt 0.1166756 0.642894089
vt 0.133610278 0.618213415
vt 0.113221124 0.59630239
vt 0.0173383504 0.74949789
vt 0.0179714411 0.760799587
vt 0.049040556 0.772621751
vt 0.0515931696 0.76422447
vt 0.115888104 0.759607255
vt 0.143972784 0.761660218
vt 0.14712809 0.720246434
vt 0.119516999 0.718060434
vt 0.0995522141 0.785496175
vt 0.111762211 0.760235786
vt 0.105278999 0.758003116
vt 0.0888002664 0.776766479
vt 0.102496892 0.904025674
vt 0.0802724808 0.868144333
vt 0.0633915216 0.901900828
vt 0.099916786 0.919970036
vt 0.0515931696 0.76422447
vt 0.049040556 0.772621751
vt 0.0627155602 0.798264027
vt 0.071922645 0.786855876
vt 0.071922645 0.786855876
vt 0.0627155602 0.798264027
vt 0.0725283623 0.846709907
vt 0.100018293 0.843022227
vt 0.289218068 0.604980648
vt 0.298404992 0.636203766
vt 0.301975906 0.643977404
vt 0.314361423 0.598902047
vt 0.332136929 0.52093488
vt 0.316785276 0.52690053
vt 0.354468852 0.532109022
vt 0.35463661 0.523597777
vt 0.37722373 0.521823645
vt 0.392328531 0.528389633
vt 0.292636901 0.51989305
vt 0.280814856 0.537056565
vt 0.299149245 0.539388061
vt 0.316785276 0.52690053
vt 0.0631333888 0.872159779
vt 0.0802724808 0.868144333
vt 0.0725283623 0.846709907
vt 0.0631394833 0.845542133
vt 0.0631394833 0.845542133
vt 0.0725283623 0.846709907
vt 0.0627155602 0.798264027
vt 0.04865022 0.814356089
vt 0.04865022 0.814356089
vt 0.049040556 0.772621751
vt 0.0179714411 0.760799587
vt 0.0183559656 0.804308951
vt 0.316785276 0.52690053
vt 0.332136929 0.52093488
vt 0.298697114 0.512756348
vt 0.292636901 0.51989305
vt 0.151352465 0.664800584
vt 0.154945225 0.61764431
vt 0.148457825 0.61853528
vt 0.14986828 0.644999921
vt 0.115888104 0.759607255
vt 0.117172107 0.763627648
vt 0.143609226 0.766431689
vt 0.143972784 0.761660218
vt 0.100160033 0.791631103
vt 0.105051726 0.789049804
vt 0.117172107 0.763627648
vt 0.115888104 0.759607255
vt 0.100160033 0.791631103
vt 0.0995522141 0.785496175
vt 0.0888002664 0.776766479
vt 0.0845785588 0.773971438
vt 0.0845785588 0.773971438
vt 0.0888002664 0.776766479
vt 0.105278999 0.758003116
vt 0.107800424 0.750584126
vt 0.107800424 0.750584126
vt 0.105278999 0.758003116
vt 0.111762211 0.760235786
vt 0.115888104 0.759607255
vt 0.115888104 0.759607255
vt 0.111762211 0.760235786
vt 0.0995522141 0.785496175
vt 0.100160033 0.791631103
vt 0.0761098266 0.716216505
vt 0.0794745982 0.719147444
vt 0.105567217 0.719650209
vt 0.108827934 0.717259824
vt 0.108827934 0.717259824
vt 0.105567217 0.719650209
vt 0.104102045 0.748370409
vt 0.107800424 0.750584126
vt 0.107800424 0.750584126
vt 0.104102045 0.748370409
vt 0.0856060386 0.767212033
vt 0.0845785588 0.773971438
vt 0.071922645 0.786855876
vt 0.100018293 0.843022227
vt 0.100160033 0.791631103
vt 0.0845785588 0.773971438
vt 0.100160033 0.791631103
vt 0.100018293 0.843022227
vt 0.138035551 0.839587212
vt 0.141182691 0.798281074
vt 0.0438076109 0.968242228
vt 0.0393543094 0.97549659
vt 0.0532245338 0.983148336
vt 0.0554426908 0.976596713
vt 0.0532245338 0.983148336
vt 0.104751185 0.987820745
vt 0.104751185 0.979924321
vt 0.0554426908 0.976596713
vt 0.482827753 0.598330617
vt 0.477324486 0.608996451
vt 0.482884049 0.618568957
vt 0.495890021 0.616700828
vt 0.485918283 0.639694989
vt 0.478024065 0.62763536
vt 0.467400491 0.628229976
vt 0.461432666 0.639796257
vt 0.495890021 0.616700828
vt 0.482884049 0.618568957
vt 0.478024065 0.62763536
vt 0.485918283 0.639694989
vt 0.478024065 0.62763536
vt 0.482884049 0.618568957
vt 0.477324486 0.608996451
vt 0.467400491 0.628229976
vt 0.461728811 0.619227409
vt 0.466301441 0.610012829
vt 0.104751185 0.979924321
vt 0.104751185 0.976353526
vt 0.0551146865 0.973540485
vt 0.0554426908 0.976596713
vt 0.0554426908 0.976596713
vt 0.0551146865 0.973540485
vt 0.0454552025 0.965710998
vt 0.0438076109 0.968242228
vt 0.364692152 0.903092802
vt 0.374415576 0.877254844
vt 0.359951168 0.876846135
vt 0.357011914 0.897849262
vt 0.364692152 0.903092802
vt 0.316355318 0.920238018
vt 0.316802114 0.930904388
vt 0.368793517 0.917816103
vt 0.316355318 0.920238018
vt 0.261055857 0.902205169
vt 0.256227881 0.914264023
vt 0.316802114 0.930904388
vt 0.261055857 0.902205169
vt 0.252542078 0.873812258
vt 0.22977674 0.873169363
vt 0.256227881 0.914264023
vt 0.357011914 0.897849262
vt 0.359951168 0.876846135
vt 0.317275941 0.87564069
vt 0.315073729 0.909694672
vt 0.315073729 0.909694672
vt 0.317275941 0.87564069
vt 0.267851889 0.87424463
vt 0.268530399 0.896508574
vt 0.268530399 0.896508574
vt 0.267851889 0.87424463
vt 0.252542078 0.873812258
vt 0.261055857 0.902205169
vt 0.315073729 0.909694672
vt 0.268530399 0.896508574
vt 0.261055857 0.902205169
vt 0.316355318 0.920238018
vt 0.357011914 0.897849262
vt 0.315073729 0.909694672
vt 0.316355318 0.920238018
vt 0.364692152 0.903092802
vt 0.368793517 0.917816103
vt 0.399884433 0.877974212
vt 0.374415576 0.877254844
vt 0.364692152 0.903092802
vt 0.0890825093 0.661038399
vt 0.107525378 0.650241494
vt 0.0954747945 0.638989389
vt 0.108201891 0.66668731
vt 0.0954747945 0.638989389
vt 0.0860520154 0.662682116
vt 0.0964829773 0.626778007
vt 0.0890825093 0.661038399
vt 0.111414909 0.669967175
vt 0.0860520154 0.662682116
vt 0.0762681365 0.659847498
vt 0.0860520154 0.662682116
vt 0.0964829773 0.626778007
vt 0.0863032341 0.622107267
vt 0.0269649774 0.642568946
vt 0.0762681365 0.659847498
vt 0.0863032341 0.622107267
vt 0.047314778 0.597224712
vt 0.133610278 0.618213415
vt 0.128903821 0.64375174
vt 0.14986828 0.644999921
vt 0.148457825 0.61853528
vt 0.108201891 0.66668731
vt 0.111414909 0.669967175
vt 0.1166756 0.642894089
vt 0.107525378 0.650241494
vt 0.107525378 0.650241494
vt 0.0964829773 0.626778007
vt 0.0954747945 0.638989389
vt 0.0877758414 0.555768371
vt 0.132151127 0.556653082
vt 0.159443587 0.558602095
vt 0.163206965 0.509206295
vt 0.0877758414 0.555768371
vt 0.104450211 0.586302638
vt 0.132997259 0.565428257
vt 0.132151127 0.556653082
vt 0.104450211 0.586302638
vt 0.113221124 0.59630239
vt 0.132670239 0.579926372
vt 0.132997259 0.565428257
vt 0.113221124 0.59630239
vt 0.133610278 0.618213415
vt 0.136073798 0.593156517
vt 0.132670239 0.579926372
vt 0.156760871 0.593813419
vt 0.147395015 0.593663871
vt 0.148457825 0.61853528
vt 0.154945225 0.61764431
vt 0.0510938913 0.896942794
vt 0.0633915216 0.901900828
vt 0.0802724808 0.868144333
vt 0.0631333888 0.872159779
vt 0.280814856 0.537056565
vt 0.275792181 0.557681441
vt 0.293600529 0.55434525
vt 0.299149245 0.539388061
vt 0.275792181 0.557681441
vt 0.278657615 0.583016992
vt 0.296690136 0.575987399
vt 0.293600529 0.55434525
vt 0.278657615 0.583016992
vt 0.289218068 0.604980648
vt 0.314361423 0.598902047
vt 0.296690136 0.575987399
vt 0.293600529 0.55434525
vt 0.319993794 0.563100517
vt 0.316785276 0.52690053
vt 0.299149245 0.539388061
vt 0.296690136 0.575987399
vt 0.319993794 0.563100517
vt 0.314361423 0.598902047
vt 0.107800424 0.750584126
vt 0.115888104 0.759607255
vt 0.119516999 0.718060434
vt 0.108827934 0.717259824
vt 0.0433125496 0.833560228
vt 0.0402187854 0.833531439
vt 0.0397074819 0.892748952
vt 0.0427428037 0.894289017
vt 0.0402187854 0.833531439
vt 0.0361689478 0.833531439
vt 0.0367188007 0.894318283
vt 0.0397074819 0.892748952
vt 0.0361689478 0.833531439
vt 0.0330720097 0.833559334
vt 0.0336219966 0.894346178
vt 0.0367188007 0.894318283
vt 0.0464063883 0.833589077
vt 0.0433125496 0.833560228
vt 0.0427428037 0.894289017
vt 0.0458366275 0.894318044
vt 0.0367188007 0.894318283
vt 0.0397422761 0.897712708
vt 0.0427428037 0.894289017
vt 0.0397074819 0.892748952
vt 0.0432333648 0.947351515
vt 0.0612692237 0.954825461
vt 0.0600478202 0.961402953
vt 0.0382140279 0.952344537
vt 0.0600478202 0.961402953
vt 0.0612692237 0.954825461
vt 0.103253201 0.953570366
vt 0.103253201 0.961900949
vt 0.103253201 0.953570366
vt 0.0612692237 0.954825461
vt 0.0631743371 0.948551118
vt 0.104752287 0.947579741
vt 0.0612692237 0.954825461
vt 0.0432333648 0.947351515
vt 0.0425395668 0.942053139
vt 0.0631743371 0.948551118
vt 0.0425395668 0.942053139
vt 0.0432333648 0.947351515
vt 0.0382140279 0.952344537
vt 0.0342562795 0.945513248
vt 0.182677239 0.58373642
vt 0.158792228 0.56715101
vt 0.166041315 0.595084488
vt 0.177308649 0.596298099
vt 0.159443587 0.558602095
vt 0.158792228 0.56715101
vt 0.184550494 0.569355965
vt 0.186716259 0.560810447
vt 0.227495685 0.728062987
vt 0.22632055 0.671279728
vt 0.21622014 0.672599435
vt 0.217937157 0.727022111
vt 0.215064943 0.723864257
vt 0.213518813 0.675721109
vt 0.192341819 0.678219974
vt 0.188938528 0.72022444
vt 0.190046296 0.675957918
vt 0.192341819 0.678219974
vt 0.185438633 0.723096728
vt 0.217937157 0.727022111
vt 0.188938528 0.72022444
vt 0.21622014 0.672599435
vt 0.190046296 0.675957918
vt 0.213518813 0.675721109
vt 0.217937157 0.727022111
vt 0.163097814 0.882056475
vt 0.175093651 0.848742068
vt 0.138035551 0.839587212
vt 0.135274619 0.87582624
vt 0.200824782 0.775990784
vt 0.188299567 0.725953579
vt 0.185396791 0.754564285
vt 0.214167237 0.729409516
vt 0.200816244 0.782827556
vt 0.217937157 0.727022111
vt 0.200824782 0.775990784
vt 0.227495685 0.728062987
vt 0.217937157 0.727022111
vt 0.200816244 0.782827556
vt 0.211374164 0.797480583
vt 0.170166105 0.767665267
vt 0.143609226 0.766431689
vt 0.141438603 0.794922054
vt 0.17829518 0.794629931
vt 0.141182691 0.798281074
vt 0.182739303 0.79792273
vt 0.174751684 0.72226876
vt 0.151352465 0.664800584
vt 0.14712809 0.720246434
vt 0.176668927 0.672117054
vt 0.185438633 0.723096728
vt 0.190046296 0.675957918
vt 0.176730812 0.647395551
vt 0.155819282 0.645453215
vt 0.151352465 0.664800584
vt 0.176668927 0.672117054
vt 0.188947842 0.648400426
vt 0.190046296 0.675957918
vt 0.163401723 0.908665895
vt 0.163097814 0.882056475
vt 0.135274619 0.87582624
vt 0.13270919 0.909497499
vt 0.163536519 0.924817085
vt 0.13270919 0.909497499
vt 0.13152197 0.925079763
vt 0.270988256 0.768823028
vt 0.27767238 0.731730342
vt 0.227495685 0.728062987
vt 0.234897703 0.778190196
vt 0.27767238 0.731730342
vt 0.27767238 0.661670089
vt 0.22632055 0.671279728
vt 0.227495685 0.728062987
vt 0.175093651 0.848742068
vt 0.163097814 0.882056475
vt 0.190805584 0.876565814
vt 0.201707631 0.856552005
vt 0.458966851 0.543873787
vt 0.479588211 0.544250488
vt 0.474891871 0.533806682
vt 0.465326726 0.534728289
vt 0.49119547 0.527029574
vt 0.481298298 0.50810349
vt 0.474600792 0.517874241
vt 0.479715079 0.525577366
vt 0.459269464 0.50810349
vt 0.449327826 0.526461959
vt 0.460076094 0.526610732
vt 0.465456277 0.51881814
vt 0.449327826 0.526461959
vt 0.458966851 0.543873787
vt 0.465326726 0.534728289
vt 0.460076094 0.526610732
vt 0.479588211 0.544250488
vt 0.49119547 0.527029574
vt 0.479715079 0.525577366
vt 0.474891871 0.533806682
vt 0.481298298 0.50810349
vt 0.459269464 0.50810349
vt 0.465456277 0.51881814
vt 0.474600792 0.517874241
vt 0.474891871 0.533806682
vt 0.479715079 0.525577366
vt 0.474600792 0.517874241
vt 0.465326726 0.534728289
vt 0.465456277 0.51881814
vt 0.460076094 0.526610732
vt 0.264426827 0.613766015
vt 0.230713397 0.566658556
vt 0.209605604 0.594314337
vt 0.222118795 0.632454932
vt 0.175947756 0.62143904
vt 0.177308649 0.596298099
vt 0.166041315 0.595084488
vt 0.161222771 0.61950779
vt 0.222118795 0.632454932
vt 0.209605604 0.594314337
vt 0.199420989 0.602869868
vt 0.211348951 0.635529459
vt 0.211348951 0.635529459
vt 0.199420989 0.602869868
vt 0.175947756 0.62143904
vt 0.188947842 0.648400426
vt 0.270988256 0.768823028
vt 0.234897703 0.778190196
vt 0.236148581 0.786877394
vt 0.268650293 0.779898465
vt 0.172044367 0.763885796
vt 0.174751684 0.72226876
vt 0.14712809 0.720246434
vt 0.143972784 0.761660218
vt 0.184269533 0.791950703
vt 0.196219891 0.784950554
vt 0.182773918 0.763907552
vt 0.176027432 0.765132248
vt 0.163401723 0.908665895
vt 0.163536519 0.924817085
vt 0.202377588 0.91249007
vt 0.190805584 0.876565814
vt 0.234897703 0.778190196
vt 0.211374164 0.797480583
vt 0.218746647 0.810151756
vt 0.236148581 0.786877394
vt 0.211374164 0.797480583
vt 0.175093651 0.848742068
vt 0.201707631 0.856552005
vt 0.218746647 0.810151756
vt 0.416797608 0.607495248
vt 0.391913116 0.600430608
vt 0.402512938 0.64595896
vt 0.406387329 0.638332009
vt 0.416734189 0.522338986
vt 0.392328531 0.528389633
vt 0.409458667 0.541562319
vt 0.427870631 0.539954901
vt 0.207138553 0.883131564
vt 0.211165041 0.856820166
vt 0.201707631 0.856552005
vt 0.190805584 0.876565814
vt 0.211165041 0.856820166
vt 0.230211735 0.828189015
vt 0.218746647 0.810151756
vt 0.201707631 0.856552005
vt 0.230211735 0.828189015
vt 0.261678398 0.822847605
vt 0.268650293 0.779898465
vt 0.236148581 0.786877394
vt 0.392328531 0.528389633
vt 0.416734189 0.522338986
vt 0.410959899 0.51496911
vt 0.37722373 0.521823645
vt 0.151352465 0.664800584
vt 0.155819282 0.645453215
vt 0.161222771 0.61950779
vt 0.154945225 0.61764431
vt 0.172044367 0.763885796
vt 0.143972784 0.761660218
vt 0.143609226 0.766431689
vt 0.170166105 0.767665267
vt 0.182739303 0.79792273
vt 0.172044367 0.763885796
vt 0.170166105 0.767665267
vt 0.17829518 0.794629931
vt 0.182739303 0.79792273
vt 0.200816244 0.782827556
vt 0.196219891 0.784950554
vt 0.184269533 0.791950703
vt 0.200816244 0.782827556
vt 0.181405708 0.756192148
vt 0.182773918 0.763907552
vt 0.196219891 0.784950554
vt 0.181405708 0.756192148
vt 0.172044367 0.763885796
vt 0.176027432 0.765132248
vt 0.182773918 0.763907552
vt 0.172044367 0.763885796
vt 0.182739303 0.79792273
vt 0.184269533 0.791950703
vt 0.176027432 0.765132248
vt 0.217937157 0.727022111
vt 0.185438633 0.723096728
vt 0.188299567 0.725953579
vt 0.214167237 0.729409516
vt 0.185438633 0.723096728
vt 0.181405708 0.756192148
vt 0.185396791 0.754564285
vt 0.188299567 0.725953579
vt 0.181405708 0.756192148
vt 0.200816244 0.782827556
vt 0.200824782 0.775990784
vt 0.185396791 0.754564285
vt 0.211374164 0.797480583
vt 0.200816244 0.782827556
vt 0.182739303 0.79792273
vt 0.175093651 0.848742068
vt 0.182739303 0.79792273
vt 0.141182691 0.798281074
vt 0.138035551 0.839587212
vt 0.175093651 0.848742068
vt 0.165694922 0.968242228
vt 0.154059649 0.976596951
vt 0.156277776 0.983148575
vt 0.170148164 0.975496829
vt 0.156277776 0.983148575
vt 0.154059649 0.976596951
vt 0.104751185 0.979924321
vt 0.104751185 0.987820745
vt 0.482827753 0.598330617
vt 0.460286856 0.598330617
vt 0.466301441 0.610012829
vt 0.477324486 0.608996451
vt 0.447326005 0.619782627
vt 0.461432666 0.639796257
vt 0.467400491 0.628229976
vt 0.461728811 0.619227409
vt 0.460286856 0.598330617
vt 0.447326005 0.619782627
vt 0.461728811 0.619227409
vt 0.466301441 0.610012829
vt 0.104751185 0.979924321
vt 0.154059649 0.976596951
vt 0.154387668 0.973540723
vt 0.104751185 0.976353526
vt 0.154059649 0.976596951
vt 0.165694922 0.968242228
vt 0.164047316 0.965710998
vt 0.154387668 0.973540723
vt 0.366166085 0.850909114
vt 0.358202189 0.855710983
vt 0.359951168 0.876846135
vt 0.374415576 0.877254844
vt 0.366166085 0.850909114
vt 0.371092141 0.836440742
vt 0.319922388 0.820438683
vt 0.31887424 0.831062734
vt 0.31887424 0.831062734
vt 0.319922388 0.820438683
vt 0.258505464 0.833633125
vt 0.262645036 0.84594512
vt 0.262645036 0.84594512
vt 0.258505464 0.833633125
vt 0.22977674 0.873169363
vt 0.252542078 0.873812258
vt 0.358202189 0.855710983
vt 0.316999555 0.841516733
vt 0.317275941 0.87564069
vt 0.359951168 0.876846135
vt 0.316999555 0.841516733
vt 0.26978606 0.852054715
vt 0.267851889 0.87424463
vt 0.317275941 0.87564069
vt 0.26978606 0.852054715
vt 0.262645036 0.84594512
vt 0.252542078 0.873812258
vt 0.267851889 0.87424463
vt 0.316999555 0.841516733
vt 0.31887424 0.831062734
vt 0.262645036 0.84594512
vt 0.26978606 0.852054715
vt 0.358202189 0.855710983
vt 0.366166085 0.850909114
vt 0.31887424 0.831062734
vt 0.316999555 0.841516733
vt 0.371092141 0.836440742
vt 0.366166085 0.850909114
vt 0.374415576 0.877254844
vt 0.399884433 0.877974212
vt 0.213473663 0.670515478
vt 0.210495502 0.647752762
vt 0.196879357 0.657049298
vt 0.193719074 0.673202753
vt 0.210495502 0.647752762
vt 0.21622014 0.672599435
vt 0.211348951 0.635529459
vt 0.213473663 0.670515478
vt 0.190046296 0.675957918
vt 0.21622014 0.672599435
vt 0.22632055 0.671279728
vt 0.222118795 0.632454932
vt 0.211348951 0.635529459
vt 0.21622014 0.672599435
vt 0.27767238 0.661670089
vt 0.264426827 0.613766015
vt 0.222118795 0.632454932
vt 0.22632055 0.671279728
vt 0.175947756 0.62143904
vt 0.161222771 0.61950779
vt 0.155819282 0.645453215
vt 0.176730812 0.647395551
vt 0.193719074 0.673202753
vt 0.196879357 0.657049298
vt 0.188947842 0.648400426
vt 0.190046296 0.675957918
vt 0.196879357 0.657049298
vt 0.210495502 0.647752762
vt 0.211348951 0.635529459
vt 0.188947842 0.648400426
vt 0.230713397 0.566658556
vt 0.163206965 0.509206295
vt 0.159443587 0.558602095
vt 0.186716259 0.560810447
vt 0.230713397 0.566658556
vt 0.186716259 0.560810447
vt 0.184550494 0.569355965
vt 0.209605604 0.594314337
vt 0.209605604 0.594314337
vt 0.184550494 0.569355965
vt 0.182677239 0.58373642
vt 0.199420989 0.602869868
vt 0.199420989 0.602869868
vt 0.182677239 0.58373642
vt 0.177308649 0.596298099
vt 0.175947756 0.62143904
vt 0.156760871 0.593813419
vt 0.154945225 0.61764431
vt 0.161222771 0.61950779
vt 0.166041315 0.595084488
vt 0.215284422 0.909452438
vt 0.207138553 0.883131564
vt 0.190805584 0.876565814
vt 0.202377588 0.91249007
vt 0.427870631 0.539954901
vt 0.409458667 0.541562319
vt 0.41441375 0.556726694
vt 0.432076693 0.560761929
vt 0.432076693 0.560761929
vt 0.41441375 0.556726694
vt 0.410473615 0.578230023
vt 0.428215146 0.585964799
vt 0.428215146 0.585964799
vt 0.410473615 0.578230023
vt 0.391913116 0.600430608
vt 0.416797608 0.607495248
vt 0.41441375 0.556726694
vt 0.409458667 0.541562319
vt 0.392328531 0.528389633
vt 0.387695909 0.564434946
vt 0.410473615 0.578230023
vt 0.387695909 0.564434946
vt 0.391913116 0.600430608
vt 0.181405708 0.756192148
vt 0.185438633 0.723096728
vt 0.174751684 0.72226876
vt 0.172044367 0.763885796
vt 0.0182579011 0.833560407
vt 0.0188278109 0.894289017
vt 0.0218630135 0.892748952
vt 0.0213518292 0.833531439
vt 0.0213518292 0.833531439
vt 0.0218630135 0.892748952
vt 0.0248515159 0.894318283
vt 0.0254015326 0.833531439
vt 0.0254015326 0.833531439
vt 0.0248515159 0.894318283
vt 0.0279484391 0.894346416
vt 0.0284983665 0.833559334
vt 0.0151639581 0.833589494
vt 0.0157339871 0.894318044
vt 0.0188278109 0.894289017
vt 0.0182579011 0.833560407
vt 0.0248515159 0.894318283
vt 0.0218630135 0.892748952
vt 0.0188278109 0.894289017
vt 0.021828115 0.897712708
vt 0.163272664 0.947351515
vt 0.168292016 0.952344298
vt 0.146458387 0.961402953
vt 0.145236939 0.954825461
vt 0.146458387 0.961402953
vt 0.103253201 0.961900949
vt 0.103253201 0.953570366
vt 0.145236939 0.954825461
vt 0.103253201 0.953570366
vt 0.101754099 0.947579741
vt 0.143331826 0.948551118
vt 0.145236939 0.954825461
vt 0.145236939 0.954825461
vt 0.143331826 0.948551118
vt 0.163966596 0.942053139
vt 0.163272664 0.947351515
vt 0.163966596 0.942053139
vt 0.172249764 0.945513248
vt 0.168292016 0.952344298
vt 0.163272664 0.947351515
vt 0.451126158 0.941563189
vt 0.452738166 0.941735864
vt 0.452140331 0.939703703
vt 0.450108349 0.940301418
vt 0.453999937 0.940717876
vt 0.454172432 0.939105749
vt 0.452140331 0.939703703
vt 0.452738166 0.941735864
vt 0.451542616 0.937671542
vt 0.452140331 0.939703703
vt 0.454172432 0.939105749
vt 0.453154504 0.937844038
vt 0.450108349 0.940301418
vt 0.452140331 0.939703703
vt 0.451542616 0.937671542
vt 0.450280726 0.93868947
vt 0.457309842 0.942136765
vt 0.453999937 0.940717876
vt 0.452738166 0.941735864
vt 0.454075396 0.945079565
vt 0.454075396 0.945079565
vt 0.452738166 0.941735864
vt 0.451126158 0.941563189
vt 0.449707389 0.944873214
vt 0.454573363 0.934534192
vt 0.453154504 0.937844038
vt 0.454172432 0.939105749
vt 0.457516193 0.937768698
vt 0.457516193 0.937768698
vt 0.454172432 0.939105749
vt 0.453999937 0.940717876
vt 0.457309842 0.942136765
vt 0.449707389 0.944873214
vt 0.451126158 0.941563189
vt 0.450108349 0.940301418
vt 0.446764618 0.941638768
vt 0.446764618 0.941638768
vt 0.450108349 0.940301418
vt 0.450280726 0.93868947
vt 0.44697082 0.937270701
vt 0.44697082 0.937270701
vt 0.450280726 0.93868947
vt 0.451542616 0.937671542
vt 0.450205415 0.9343279
vt 0.450205415 0.9343279
vt 0.451542616 0.937671542
vt 0.453154504 0.937844038
vt 0.454573363 0.934534192
vt 0.457309842 0.942136765
vt 0.463425577 0.944905102
vt 0.463798136 0.935401917
vt 0.457516193 0.937768698
vt 0.457516193 0.937768698
vt 0.463798136 0.935401917
vt 0.457341641 0.928418517
vt 0.454573363 0.934534192
vt 0.450205415 0.9343279
vt 0.447838515 0.928045988
vt 0.440855205 0.934502304
vt 0.44697082 0.937270701
vt 0.446764618 0.941638768
vt 0.440482676 0.944005549
vt 0.446939051 0.950988829
vt 0.449707389 0.944873214
vt 0.454075396 0.945079565
vt 0.456442267 0.951361418
vt 0.463425577 0.944905102
vt 0.457309842 0.942136765
vt 0.454573363 0.934534192
vt 0.457341641 0.928418517
vt 0.447838515 0.928045988
vt 0.450205415 0.9343279
vt 0.44697082 0.937270701
vt 0.440855205 0.934502304
vt 0.440482676 0.944005549
vt 0.446764618 0.941638768
vt 0.449707389 0.944873214
vt 0.446939051 0.950988829
vt 0.456442267 0.951361418
vt 0.454075396 0.945079565
vt 0.469312072 0.933381319
vt 0.475064456 0.931120634
vt 0.462281078 0.917424917
vt 0.459812045 0.923091054
vt 0.445818037 0.922532082
vt 0.443557441 0.916779697
vt 0.429861486 0.929563046
vt 0.435527682 0.932031989
vt 0.434968859 0.946026087
vt 0.429216355 0.948286712
vt 0.441999793 0.961982548
vt 0.444468796 0.956316352
vt 0.458462656 0.956875324
vt 0.4607234 0.962627709
vt 0.474419117 0.94984436
vt 0.468753099 0.947375178
vt 0.459812045 0.923091054
vt 0.462281078 0.917424917
vt 0.443557441 0.916779697
vt 0.445818037 0.922532082
vt 0.435527682 0.932031989
vt 0.429861486 0.929563046
vt 0.429216355 0.948286712
vt 0.434968859 0.946026087
vt 0.444468796 0.956316352
vt 0.441999793 0.961982548
vt 0.4607234 0.962627709
vt 0.458462656 0.956875324
vt 0.468753099 0.947375178
vt 0.474419117 0.94984436
vt 0.475064456 0.931120634
vt 0.469312072 0.933381319
vt 0.429861486 0.929563046
vt 0.413512707 0.923703611
vt 0.413512707 0.955703735
vt 0.429216355 0.948286712
vt 0.441999793 0.961982548
vt 0.436140299 0.978331447
vt 0.468140543 0.978331447
vt 0.4607234 0.962627709
vt 0.474419117 0.94984436
vt 0.490767956 0.955703735
vt 0.490767956 0.923703611
vt 0.475064456 0.931120634
vt 0.475064456 0.931120634
vt 0.490767956 0.923703611
vt 0.468140543 0.901076198
vt 0.462281078 0.917424917
vt 0.443557441 0.916779697
vt 0.436140299 0.901076198
vt 0.413512707 0.923703611
vt 0.429861486 0.929563046
vt 0.429216355 0.948286712
vt 0.413512707 0.955703735
vt 0.436140299 0.978331447
vt 0.441999793 0.961982548
vt 0.4607234 0.962627709
vt 0.468140543 0.978331447
vt 0.490767956 0.955703735
vt 0.474419117 0.94984436
vt 0.462281078 0.917424917
vt 0.468140543 0.901076198
vt 0.436140299 0.901076198
vt 0.443557441 0.916779697
vt 0.450108349 0.858919859
vt 0.450280726 0.860531986
vt 0.452140331 0.859517813
vt 0.451126158 0.857658148
vt 0.452738166 0.857485771
vt 0.451126158 0.857658148
vt 0.452140331 0.859517813
vt 0.453999937 0.858503699
vt 0.453154504 0.861377358
vt 0.454172432 0.860115647
vt 0.453999937 0.858503699
vt 0.452140331 0.859517813
vt 0.450280726 0.860531986
vt 0.451542616 0.861549973
vt 0.453154504 0.861377358
vt 0.452140331 0.859517813
vt 0.454075396 0.85414201
vt 0.449707389 0.854348361
vt 0.451126158 0.857658148
vt 0.452738166 0.857485771
vt 0.449707389 0.854348361
vt 0.446764618 0.857582808
vt 0.450108349 0.858919859
vt 0.451126158 0.857658148
vt 0.457516193 0.861452937
vt 0.457309842 0.857084811
vt 0.453999937 0.858503699
vt 0.454172432 0.860115647
vt 0.457309842 0.857084811
vt 0.454075396 0.85414201
vt 0.452738166 0.857485771
vt 0.453999937 0.858503699
vt 0.446764618 0.857582808
vt 0.44697082 0.861950696
vt 0.450280726 0.860531986
vt 0.450108349 0.858919859
vt 0.44697082 0.861950696
vt 0.450205415 0.864893496
vt 0.451542616 0.861549973
vt 0.450280726 0.860531986
vt 0.450205415 0.864893496
vt 0.454573363 0.864687383
vt 0.453154504 0.861377358
vt 0.451542616 0.861549973
vt 0.454573363 0.864687383
vt 0.457516193 0.861452937
vt 0.454172432 0.860115647
vt 0.453154504 0.861377358
vt 0.454075396 0.85414201
vt 0.457309842 0.857084811
vt 0.463425457 0.854316473
vt 0.456442267 0.847860157
vt 0.457309842 0.857084811
vt 0.457516193 0.861452937
vt 0.463798136 0.863819659
vt 0.463425457 0.854316473
vt 0.454573363 0.864687383
vt 0.450205415 0.864893496
vt 0.447838426 0.871175587
vt 0.457341641 0.870802999
vt 0.44697082 0.861950696
vt 0.446764618 0.857582808
vt 0.440482676 0.855215847
vt 0.440855205 0.864719033
vt 0.449707389 0.854348361
vt 0.454075396 0.85414201
vt 0.456442267 0.847860157
vt 0.446939051 0.848232508
vt 0.457516193 0.861452937
vt 0.454573363 0.864687383
vt 0.457341641 0.870802999
vt 0.463798136 0.863819659
vt 0.450205415 0.864893496
vt 0.44697082 0.861950696
vt 0.440855205 0.864719033
vt 0.447838426 0.871175587
vt 0.446764618 0.857582808
vt 0.449707389 0.854348361
vt 0.446939051 0.848232508
vt 0.440482676 0.855215847
vt 0.468753099 0.851846159
vt 0.469312072 0.865840018
vt 0.475064456 0.868100882
vt 0.474419117 0.849377215
vt 0.459812045 0.876130521
vt 0.445818037 0.876689494
vt 0.443557441 0.882441819
vt 0.462281078 0.881796718
vt 0.435527682 0.867189348
vt 0.434968859 0.853195488
vt 0.429216355 0.850934863
vt 0.429861486 0.86965847
vt 0.444468796 0.842905223
vt 0.458462656 0.842346251
vt 0.4607234 0.836593628
vt 0.441999793 0.837239027
vt 0.469312072 0.865840018
vt 0.459812045 0.876130521
vt 0.462281078 0.881796718
vt 0.475064456 0.868100882
vt 0.445818037 0.876689494
vt 0.435527682 0.867189348
vt 0.429861486 0.86965847
vt 0.443557441 0.882441819
vt 0.434968859 0.853195488
vt 0.444468796 0.842905223
vt 0.441999793 0.837239027
vt 0.429216355 0.850934863
vt 0.458462656 0.842346251
vt 0.468753099 0.851846159
vt 0.474419117 0.849377215
vt 0.4607234 0.836593628
vt 0.443557441 0.882441819
vt 0.429861486 0.86965847
vt 0.413512707 0.875517964
vt 0.436140299 0.898145437
vt 0.429216355 0.850934863
vt 0.441999793 0.837239027
vt 0.436140299 0.820890188
vt 0.413512707 0.84351778
vt 0.4607234 0.836593628
vt 0.474419117 0.849377215
vt 0.490767956 0.84351778
vt 0.468140543 0.820890188
vt 0.474419117 0.849377215
vt 0.475064456 0.868100882
vt 0.490767956 0.875517964
vt 0.490767956 0.84351778
vt 0.462281078 0.881796718
vt 0.443557441 0.882441819
vt 0.436140299 0.898145437
vt 0.468140543 0.898145437
vt 0.429861486 0.86965847
vt 0.429216355 0.850934863
vt 0.413512707 0.84351778
vt 0.413512707 0.875517964
vt 0.441999793 0.837239027
vt 0.4607234 0.836593628
vt 0.468140543 0.820890188
vt 0.436140299 0.820890188
vt 0.475064456 0.868100882
vt 0.462281078 0.881796718
vt 0.468140543 0.898145437
vt 0.490767956 0.875517964
vt 0.45627296 0.692451239
vt 0.457290888 0.691189468
vt 0.455258757 0.690591753
vt 0.454661012 0.692623734
vt 0.453399062 0.691605806
vt 0.454661012 0.692623734
vt 0.455258757 0.690591753
vt 0.453226626 0.689993918
vt 0.455856621 0.688559651
vt 0.454244584 0.688732088
vt 0.453226626 0.689993918
vt 0.455258757 0.690591753
vt 0.457290888 0.691189468
vt 0.457118332 0.689577579
vt 0.455856621 0.688559651
vt 0.455258757 0.690591753
vt 0.450089276 0.693024695
vt 0.453323722 0.695967436
vt 0.454661012 0.692623734
vt 0.453399062 0.691605806
vt 0.453323722 0.695967436
vt 0.457691818 0.695761263
vt 0.45627296 0.692451239
vt 0.454661012 0.692623734
vt 0.452825725 0.685422122
vt 0.449882925 0.688656747
vt 0.453226626 0.689993918
vt 0.454244584 0.688732088
vt 0.449882925 0.688656747
vt 0.450089276 0.693024695
vt 0.453399062 0.691605806
vt 0.453226626 0.689993918
vt 0.457691818 0.695761263
vt 0.460634589 0.692526579
vt 0.457290888 0.691189468
vt 0.45627296 0.692451239
vt 0.460634589 0.692526579
vt 0.460428268 0.688158751
vt 0.457118332 0.689577579
vt 0.457290888 0.691189468
vt 0.460428268 0.688158751
vt 0.457193792 0.68521595
vt 0.455856621 0.688559651
vt 0.457118332 0.689577579
vt 0.457193792 0.68521595
vt 0.452825725 0.685422122
vt 0.454244584 0.688732088
vt 0.455856621 0.688559651
vt 0.450089276 0.693024695
vt 0.449882925 0.688656747
vt 0.443601072 0.686289668
vt 0.44397366 0.695792973
vt 0.449882925 0.688656747
vt 0.452825725 0.685422122
vt 0.450057447 0.679306567
vt 0.443601072 0.686289668
vt 0.457193792 0.68521595
vt 0.460428268 0.688158751
vt 0.466544032 0.685390353
vt 0.459560692 0.678934038
vt 0.460634589 0.692526579
vt 0.457691818 0.695761263
vt 0.460460067 0.701876879
vt 0.466916472 0.694893599
vt 0.453323722 0.695967436
vt 0.450089276 0.693024695
vt 0.44397366 0.695792973
vt 0.450956941 0.702249289
vt 0.452825725 0.685422122
vt 0.457193792 0.68521595
vt 0.459560692 0.678934038
vt 0.450057447 0.679306567
vt 0.460428268 0.688158751
vt 0.460634589 0.692526579
vt 0.466916472 0.694893599
vt 0.466544032 0.685390353
vt 0.457691818 0.695761263
vt 0.453323722 0.695967436
vt 0.450956941 0.702249289
vt 0.460460067 0.701876879
vt 0.438087165 0.684269309
vt 0.447587192 0.673978984
vt 0.445118129 0.668312848
vt 0.432334781 0.682008684
vt 0.461581051 0.673420072
vt 0.471871436 0.682920039
vt 0.477537572 0.680451155
vt 0.463841796 0.667667806
vt 0.472430348 0.696913958
vt 0.462930471 0.707204401
vt 0.465399384 0.712870479
vt 0.478182733 0.699174643
vt 0.448936462 0.707763314
vt 0.438646108 0.698263228
vt 0.432979941 0.70073241
vt 0.446675748 0.713515699
vt 0.447587192 0.673978984
vt 0.461581051 0.673420072
vt 0.463841796 0.667667806
vt 0.445118129 0.668312848
vt 0.471871436 0.682920039
vt 0.472430348 0.696913958
vt 0.478182733 0.699174643
vt 0.477537572 0.680451155
vt 0.462930471 0.707204401
vt 0.448936462 0.707763314
vt 0.446675748 0.713515699
vt 0.465399384 0.712870479
vt 0.438646108 0.698263228
vt 0.438087165 0.684269309
vt 0.432334781 0.682008684
vt 0.432979941 0.70073241
vt 0.477537572 0.680451155
vt 0.478182733 0.699174643
vt 0.493886501 0.706591785
vt 0.493886381 0.674591541
vt 0.465399384 0.712870479
vt 0.446675748 0.713515699
vt 0.439258695 0.729219258
vt 0.471258849 0.729219258
vt 0.432979941 0.70073241
vt 0.432334781 0.682008684
vt 0.416631162 0.674591541
vt 0.416631162 0.706591785
vt 0.432334781 0.682008684
vt 0.445118129 0.668312848
vt 0.439258695 0.651964009
vt 0.416631162 0.674591541
vt 0.463841796 0.667667806
vt 0.477537572 0.680451155
vt 0.493886381 0.674591541
vt 0.471258849 0.651964009
vt 0.478182733 0.699174643
vt 0.465399384 0.712870479
vt 0.471258849 0.729219258
vt 0.493886501 0.706591785
vt 0.446675748 0.713515699
vt 0.432979941 0.70073241
vt 0.416631162 0.706591785
vt 0.439258695 0.729219258
vt 0.445118129 0.668312848
vt 0.463841796 0.667667806
vt 0.471258849 0.651964009
vt 0.439258695 0.651964009
vt 0.455264628 0.776889861
vt 0.455437094 0.775277734
vt 0.453404963 0.775875449
vt 0.454002798 0.77790761
vt 0.454419136 0.774016023
vt 0.452807188 0.773843586
vt 0.453404963 0.775875449
vt 0.455437094 0.775277734
vt 0.451372802 0.776473463
vt 0.453404963 0.775875449
vt 0.452807188 0.773843586
vt 0.451545358 0.774861336
vt 0.454002798 0.77790761
vt 0.453404963 0.775875449
vt 0.451372802 0.776473463
vt 0.45239076 0.777735174
vt 0.455837995 0.770705998
vt 0.454419136 0.774016023
vt 0.455437094 0.775277734
vt 0.458780706 0.773940444
vt 0.458780706 0.773940444
vt 0.455437094 0.775277734
vt 0.455264628 0.776889861
vt 0.458574444 0.778308511
vt 0.448235571 0.773442686
vt 0.451545358 0.774861336
vt 0.452807188 0.773843586
vt 0.451470017 0.770499885
vt 0.451470017 0.770499885
vt 0.452807188 0.773843586
vt 0.454419136 0.774016023
vt 0.455837995 0.770705998
vt 0.458574444 0.778308511
vt 0.455264628 0.776889861
vt 0.454002798 0.77790761
vt 0.455340028 0.781251371
vt 0.455340028 0.781251371
vt 0.454002798 0.77790761
vt 0.45239076 0.777735174
vt 0.450972021 0.78104502
vt 0.450972021 0.78104502
vt 0.45239076 0.777735174
vt 0.451372802 0.776473463
vt 0.44802922 0.777810574
vt 0.44802922 0.777810574
vt 0.451372802 0.776473463
vt 0.451545358 0.774861336
vt 0.448235571 0.773442686
vt 0.455837995 0.770705998
vt 0.458606243 0.764590383
vt 0.449103028 0.764217794
vt 0.451470017 0.770499885
vt 0.451470017 0.770499885
vt 0.449103028 0.764217794
vt 0.442119837 0.770674288
vt 0.448235571 0.773442686
vt 0.44802922 0.777810574
vt 0.441747367 0.780177534
vt 0.448203683 0.787160814
vt 0.450972021 0.78104502
vt 0.455340028 0.781251371
vt 0.457706988 0.787533164
vt 0.464690208 0.781076908
vt 0.458574444 0.778308511
vt 0.458780706 0.773940444
vt 0.465062767 0.771573722
vt 0.458606243 0.764590383
vt 0.455837995 0.770705998
vt 0.448235571 0.773442686
vt 0.442119837 0.770674288
vt 0.441747367 0.780177534
vt 0.44802922 0.777810574
vt 0.450972021 0.78104502
vt 0.448203683 0.787160814
vt 0.457706988 0.787533164
vt 0.455340028 0.781251371
vt 0.458574444 0.778308511
vt 0.464690208 0.781076908
vt 0.465062767 0.771573722
vt 0.458780706 0.773940444
vt 0.447082669 0.758703887
vt 0.444822043 0.752951503
vt 0.431126148 0.765734851
vt 0.436792314 0.768204033
vt 0.436233461 0.782197893
vt 0.430480957 0.784458518
vt 0.443264306 0.798154294
vt 0.445733368 0.792488158
vt 0.459727228 0.79304713
vt 0.461987972 0.798799515
vt 0.475683868 0.786016107
vt 0.470017731 0.783547223
vt 0.470576584 0.769553363
vt 0.476329029 0.7672925
vt 0.46354568 0.753596663
vt 0.461076647 0.75926286
vt 0.436792314 0.768204033
vt 0.431126148 0.765734851
vt 0.430480957 0.784458518
vt 0.436233461 0.782197893
vt 0.445733368 0.792488158
vt 0.443264306 0.798154294
vt 0.461987972 0.798799515
vt 0.459727228 0.79304713
vt 0.470017731 0.783547223
vt 0.475683868 0.786016107
vt 0.476329029 0.7672925
vt 0.470576584 0.769553363
vt 0.461076647 0.75926286
vt 0.46354568 0.753596663
vt 0.444822043 0.752951503
vt 0.447082669 0.758703887
vt 0.443264306 0.798154294
vt 0.437404871 0.814503193
vt 0.469405144 0.814503193
vt 0.461987972 0.798799515
vt 0.475683868 0.786016107
vt 0.492032558 0.791875601
vt 0.492032558 0.759875417
vt 0.476329029 0.7672925
vt 0.46354568 0.753596663
vt 0.469405025 0.737247944
vt 0.437404871 0.737247944
vt 0.444822043 0.752951503
vt 0.444822043 0.752951503
vt 0.437404871 0.737247944
vt 0.414777339 0.759875417
vt 0.431126148 0.765734851
vt 0.430480957 0.784458518
vt 0.414777339 0.791875601
vt 0.437404871 0.814503193
vt 0.443264306 0.798154294
vt 0.461987972 0.798799515
vt 0.469405144 0.814503193
vt 0.492032558 0.791875601
vt 0.475683868 0.786016107
vt 0.476329029 0.7672925
vt 0.492032558 0.759875417
vt 0.469405025 0.737247944
vt 0.46354568 0.753596663
vt 0.431126148 0.765734851
vt 0.414777339 0.759875417
vt 0.414777339 0.791875601
vt 0.430480957 0.784458518
vt 0.316228092 0.99126941
vt 0.337961376 0.99126941
vt 0.353329122 0.975901663
vt 0.327094764 0.965035021
vt 0.300860435 0.975901663
vt 0.353329122 0.954168558
vt 0.300860435 0.954168558
vt 0.337961376 0.938800752
vt 0.316228092 0.938800752
vt 0.190061629 0.975901663
vt 0.205429405 0.938800752
vt 0.190061703 0.954168558
vt 0.216296047 0.96503526
vt 0.205429405 0.99126941
vt 0.227162734 0.938800752
vt 0.227162629 0.99126941
vt 0.242530495 0.954168558
vt 0.242530435 0.975901663
vt 0.40872854 0.954168558
vt 0.393360674 0.99126941
vt 0.40872854 0.975901663
vt 0.382494181 0.965035021
vt 0.393360674 0.938800752
vt 0.37162751 0.99126941
vt 0.37162751 0.938800752
vt 0.356259733 0.975901663
vt 0.356259733 0.954168558
vt 0.245460987 0.975901663
vt 0.260828793 0.938800752
vt 0.245460987 0.954168558
vt 0.271695375 0.96503526
vt 0.260828793 0.99126941
vt 0.282562077 0.938800752
vt 0.282562077 0.99126941
vt 0.297929853 0.954168558
vt 0.297929853 0.975901663
vt 0.268438876 0.509544075
vt 0.263541192 0.55319947
vt 0.245893717 0.529116869
vt 0.196965888 0.523627698
vt 0.0323602557 0.513663292
vt 0.0525937676 0.533572435
vt 0.03442128 0.555378973
vt 0.0993481427 0.531262279
vt 0.0323602557 0.513663292
vt 0.03442128 0.555378973
vt 0.0525937676 0.533572435
vt 0.0993481427 0.531262279
vt 0.268438876 0.509544075
vt 0.245893717 0.529116869
vt 0.263541192 0.55319947
vt 0.196965888 0.523627698
vt 0.458606243 0.764590383
vt 0.447082669 0.758703887
vt 0.449103028 0.764217794
vt 0.461076647 0.75926286
vt 0.436792314 0.768204033
vt 0.465062767 0.771573722
vt 0.442119837 0.770674288
vt 0.470576584 0.769553363
vt 0.436233461 0.782197893
vt 0.464690208 0.781076908
vt 0.441747367 0.780177534
vt 0.470017731 0.783547223
vt 0.445733368 0.792488158
vt 0.457706988 0.787533164
vt 0.448203683 0.787160814
vt 0.459727228 0.79304713
vt 0.44397366 0.695792973
vt 0.443601072 0.686289668
vt 0.438087165 0.684269309
vt 0.438646108 0.698263228
vt 0.447587192 0.673978984
vt 0.450956941 0.702249289
vt 0.450057447 0.679306567
vt 0.448936462 0.707763314
vt 0.461581051 0.673420072
vt 0.460460067 0.701876879
vt 0.459560692 0.678934038
vt 0.462930471 0.707204401
vt 0.471871436 0.682920039
vt 0.466916472 0.694893599
vt 0.466544032 0.685390353
vt 0.472430348 0.696913958
vt 0.456442267 0.847860157
vt 0.463425457 0.854316473
vt 0.468753099 0.851846159
vt 0.458462656 0.842346251
vt 0.469312072 0.865840018
vt 0.446939051 0.848232508
vt 0.463798136 0.863819659
vt 0.444468796 0.842905223
vt 0.459812045 0.876130521
vt 0.440482676 0.855215847
vt 0.457341641 0.870802999
vt 0.434968859 0.853195488
vt 0.445818037 0.876689494
vt 0.440855205 0.864719033
vt 0.447838426 0.871175587
vt 0.435527682 0.867189348
vt 0.463425577 0.944905102
vt 0.469312072 0.933381319
vt 0.463798136 0.935401917
vt 0.468753099 0.947375178
vt 0.459812045 0.923091054
vt 0.456442267 0.951361418
vt 0.457341641 0.928418517
vt 0.458462656 0.956875324
vt 0.445818037 0.922532082
vt 0.446939051 0.950988829
vt 0.447838515 0.928045988
vt 0.444468796 0.956316352
vt 0.435527682 0.932031989
vt 0.440482676 0.944005549
vt 0.440855205 0.934502304
vt 0.434968859 0.946026087
vt 0 0
vt 0.100000001 0
vt 0.200000003 0
vt 0.300000012 0
vt 0.400000006 0
vt 0.5 0
vt 0.600000024 0
vt 0.699999988 0
vt 0.800000012 0
vt 0.900000036 0
vt 1 0
vt 0 0.100000001
vt 0.100000001 0.100000001
vt 0.200000003 0.100000001
vt 0.300000012 0.100000001
vt 0.400000006 0.100000001
vt 0.5 0.100000001
vt 0.600000024 0.100000001
vt 0.699999988 0.100000001
vt 0.800000012 0.100000001
vt 0.900000036 0.100000001
vt 1 0.100000001
vt 0 0.200000003
vt 0.100000001 0.200000003
vt 0.200000003 0.200000003
vt 0.300000012 0.200000003
vt 0.400000006 0.200000003
vt 0.5 0.200000003
vt 0.600000024 0.200000003
vt 0.699999988 0.200000003
vt 0.800000012 0.200000003
vt 0.900000036 0.200000003
vt 1 0.200000003
vt 0 0.300000012
vt 0.100000001 0.300000012
vt 0.200000003 0.300000012
vt 0.300000012 0.300000012
vt 0.400000006 0.300000012
vt 0.5 0.300000012
vt 0.600000024 0.300000012
vt 0.699999988 0.300000012
vt 0.800000012 0.300000012
vt 0.900000036 0.300000012
vt 1 0.300000012
vt 0 0.400000006
vt 0.100000001 0.400000006
vt 0.200000003 0.400000006
vt 0.300000012 0.400000006
vt 0.400000006 0.400000006
vt 0.5 0.400000006
vt 0.600000024 0.400000006
vt 0.699999988 0.400000006
vt 0.800000012 0.400000006
vt 0.900000036 0.400000006
vt 1 0.400000006
vt 0 0.5
vt 0.100000001 0.5
vt 0.200000003 0.5
vt 0.300000012 0.5
vt 0.400000006 0.5
vt 0.5 0.5
vt 0.600000024 0.5
vt 0.699999988 0.5
vt 0.800000012 0.5
vt 0.900000036 0.5
vt 1 0.5
vt 0 0.600000024
vt 0.100000001 0.600000024
vt 0.200000003 0.600000024
vt 0.300000012 0.600000024
vt 0.400000006 0.600000024
vt 0.5 0.600000024
vt 0.600000024 0.600000024
vt 0.699999988 0.600000024
vt 0.800000012 0.600000024
vt 0.900000036 0.600000024
vt 1 0.600000024
vt 0 0.699999988
vt 0.100000001 0.699999988
vt 0.200000003 0.699999988
vt 0.300000012 0.699999988
vt 0.400000006 0.699999988
vt 0.5 0.699999988
vt 0.600000024 0.699999988
vt 0.699999988 0.699999988
vt 0.800000012 0.699999988
vt 0.900000036 0.699999988
vt 1 0.699999988
vt 0 0.800000012
vt 0.100000001 0.800000012
vt 0.200000003 0.800000012
vt 0.300000012 0.800000012
vt 0.400000006 0.800000012
vt 0.5 0.800000012
vt 0.600000024 0.800000012
vt 0.699999988 0.800000012
vt 0.800000012 0.800000012
vt 0.900000036 0.800000012
vt 1 0.800000012
vt 0 0.900000036
vt 0.100000001 0.900000036
vt 0.200000003 0.900000036
vt 0.300000012 0.900000036
vt 0.400000006 0.900000036
vt 0.5 0.900000036
vt 0.600000024 0.900000036
vt 0.699999988 0.900000036
vt 0.800000012 0.900000036
vt 0.900000036 0.900000036
vt 1 0.900000036
vt 0 1
vt 0.100000001 1
vt 0.200000003 1
vt 0.300000012 1
vt 0.400000006 1
vt 0.5 1
vt 0.600000024 1
vt 0.699999988 1
vt 0.800000012 1
vt 0.900000036 1
vt 1 1
vn -1 0 0
vn -1 0 0
vn -1 0 0
vn -1 0 0
vn -0 0 -1
vn -0 0 -1
vn -0 0 -1
vn -0 0 -1
vn -0 0 1
vn -0 0 1
vn -0 0 1
vn -0 0 1
vn 1 0 0
vn 1 0 0
vn 1 0 0
vn 1 0 0
vn -0 -0.316227704 -0.948683321
vn -0 -0.316227704 -0.948683321
vn -0 -0.316227704 -0.948683321
vn -0 -0.316227704 -0.948683321
vn -0 0 -1
vn -0 0 -1
vn -0 0 -1
vn -0 0 -1
vn -1 0 0
vn -1 0 0
vn -1 0 0
vn -1 0 0
vn -1 0 0
vn 1 0 0
vn 1 0 0
vn 1 0 0
vn 1 0 0
vn 1 0 0
vn -0 1 0
vn -0 1 0
vn -0 1 0
vn -0 1 0
vn -1 0 0
vn -1 0 0
vn -1 0 0
vn -1 0 0
vn 1 0 0
vn 1 0 0
vn 1 0 0
vn 1 0 0
vn -0 0 -1
vn -0 0 -1
vn -0 0 -1
vn -0 0 -1
vn -0 0 -1
vn -0 0 -1
vn -0 0 -1
vn -0 0 -1
vn -0 0 -1
vn -0 0 -1
vn -0 0 -1
vn -0 0 -1
vn -0 0 -1
vn -0 0 -1
vn -0 0 -1
vn -0 0 -1
vn -0 0 -1
vn -0 0 -1
vn -0 0 -1
vn -0 0 -1
vn 1 0 0
vn 1 0 0
vn 1 0 0
vn 1 0 0
vn -0 0 -1
vn -0 0 -1
vn -0 0 -1
vn -0 0 -1
vn -0 0 -1
vn -0 0 -1
vn -1 0 0
vn -1 0 0
vn -1 0 0
vn -1 0 0
vn -0 0 -1
vn -0 0 -1
vn -0 0 -1
vn -0 0 -1
vn -0 0 -1
vn -0 0 -1
vn -0 0 -1
vn -0 0 -1
vn -1 0 0
vn -1 0 0
vn -1 0 0
vn -1 0 0
vn 1 0 0
vn 1 0 0
vn 1 0 0
vn 1 0 0
vn -0 1 0
vn -0 1 0
vn -0 1 0
vn -0 1 0
vn -0 1 0
vn -0 1 0
vn -0 1 0
vn -0 1 0
vn -0 1 0
vn -0 1 0
vn -0 1 0
vn -0 1 0
vn -0 -1 0
vn -0 -1 0
vn -0 -1 0
vn -0 -1 0
vn -1 0 0
vn -1 0 0
vn -1 0 0
vn -1 0 0
vn 1 0 0
vn 1 0 0
vn 1 0 0
vn 1 0 0
vn -0 -1 0
vn -0 -1 0
vn -0 -1 0
vn -0 -1 0
vn -0 -1 0
vn -0 -1 0
vn -0 -1 0
vn -0 -1 0
vn 1 0 0
vn 1 0 0
vn 1 0 0
vn 1 0 0
vn -1 0 0
vn -1 0 0
vn -1 0 0
vn -1 0 0
vn -0 0 1
vn -0 0 1
vn -0 0 1
vn -0 0 1
vn -0 1 0
vn -0 1 0
vn -0 1 0
vn -0 1 0
vn -0.384549171 0.802301884 -0.456545442
vn -0.384549171 0.802301884 -0.456545442
vn -0.384549171 0.802301884 -0.456545442
vn 0.672238588 0.0972761735 -0.733916104
vn 0.672238588 0.0972761735 -0.733916104
vn 0.672238588 0.0972761735 -0.733916104
vn 0.547736406 -0.0137245357 -0.836538613
vn 0.547736406 -0.0137245357 -0.836538613
vn 0.547736406 -0.0137245357 -0.836538613
vn 0.422367901 0.0706537589 -0.903666854
vn 0.422367901 0.0706537589 -0.903666854
vn 0.422367901 0.0706537589 -0.903666854
vn 0.906056821 0.128624976 0.40313381
vn 0.906056821 0.128624976 0.40313381
vn 0.906056821 0.128624976 0.40313381
vn -0.163548261 0.89289242 -0.419517785
vn -0.163548261 0.89289242 -0.419517785
vn -0.163548261 0.89289242 -0.419517785
vn -0.555601358 0.802301884 -0.218217641
vn -0.555601358 0.802301884 -0.218217641
vn -0.555601358 0.802301884 -0.218217641
vn -0.480182856 0.0972761735 0.871758044
vn -0.480182856 0.0972761735 0.871758044
vn -0.480182856 0.0972761735 0.871758044
vn -0.617252469 -0.0137245357 0.78664571
vn -0.617252469 -0.0137245357 0.78664571
vn -0.617252469 -0.0137245357 0.78664571
vn -0.720971704 0.0706537589 0.689353466
vn -0.720971704 0.0706537589 0.689353466
vn -0.720971704 0.0706537589 0.689353466
vn 0.671895802 0.128624976 0.729391396
vn 0.671895802 0.128624976 0.729391396
vn 0.671895802 0.128624976 0.729391396
vn -0.449794561 0.89289242 -0.0206894875
vn -0.449794561 0.89289242 -0.0206894875
vn -0.449794561 0.89289242 -0.0206894875
vn -0.373990834 0.656079292 -0.655508161
vn -0.373990834 0.656079292 -0.655508161
vn -0.373990834 0.656079292 -0.655508161
vn -0.373990834 0.656079292 -0.655508161
vn -0.618477702 0.387509167 -0.683609784
vn -0.618477702 0.387509167 -0.683609784
vn -0.618477702 0.387509167 -0.683609784
vn -0.618477702 0.387509167 -0.683609784
vn 0.561130047 0.364502013 -0.743149757
vn 0.561130047 0.364502013 -0.743149757
vn 0.561130047 0.364502013 -0.743149757
vn 0.561130047 0.364502013 -0.743149757
vn 0.545979321 0.29007569 -0.785978973
vn 0.545979321 0.29007569 -0.785978973
vn 0.545979321 0.29007569 -0.785978973
vn 0.545979321 0.29007569 -0.785978973
vn 0.540311694 0.253860414 -0.802258372
vn 0.540311694 0.253860414 -0.802258372
vn 0.540311694 0.253860414 -0.802258372
vn 0.524060249 0.260451615 -0.810880005
vn 0.524060249 0.260451615 -0.810880005
vn 0.524060249 0.260451615 -0.810880005
vn 0.559489071 0.285922199 -0.777959287
vn 0.537124574 0.319769681 -0.78054142
vn 0.559489071 0.285922199 -0.777959287
vn 0.559489071 0.285922199 -0.777959287
vn 0.346642733 0.937990129 -0.00365045667
vn 0.346642733 0.937990129 -0.00365045667
vn 0.346642733 0.937990129 -0.00365045667
vn 0.346642733 0.937990129 -0.00365045667
vn 0.660831749 0.278274417 -0.69704026
vn 0.660831749 0.278274417 -0.69704026
vn 0.660831749 0.278274417 -0.69704026
vn 0.660831749 0.278274417 -0.69704026
vn 0.660825312 0.250311881 -0.707569182
vn 0.660825312 0.250311881 -0.707569182
vn 0.660825312 0.250311881 -0.707569182
vn 0.660584867 0.248922586 -0.708283544
vn 0.660584867 0.248922586 -0.708283544
vn 0.660584867 0.248922586 -0.708283544
vn 0.660584867 0.248922586 -0.708283544
vn 0.61975807 0.662763238 0.420291632
vn 0.61975807 0.662763238 0.420291632
vn 0.61975807 0.662763238 0.420291632
vn 0.61975807 0.662763238 0.420291632
vn 0.616896868 0.673925459 0.406525344
vn 0.616896868 0.673925459 0.406525344
vn 0.0301670954 0.982256591 -0.185099632
vn 0.0301670954 0.982256591 -0.185099632
vn 0.0301670954 0.982256591 -0.185099632
vn 0.0301670954 0.982256591 -0.185099632
vn 0.0274140313 0.972743928 -0.230255753
vn 0.0274140313 0.972743928 -0.230255753
vn 0.04441626 -0.99866128 0.0265111886
vn 0.04441626 -0.99866128 0.0265111886
vn 0.04441626 -0.99866128 0.0265111886
vn 0.0446961559 -0.998526096 0.0307854377
vn 0.0446961559 -0.998526096 0.0307854377
vn 0.0441569053 -0.998533964 0.031308312
vn 0.0441569053 -0.998533964 0.031308312
vn 0.0441569053 -0.998533964 0.031308312
vn 0.043793194 -0.998533964 0.0318150744
vn 0.043793194 -0.998533964 0.0318150744
vn 0.043793194 -0.998533964 0.0318150744
vn 0.0434704013 -0.998526096 0.0324932896
vn 0.0393313654 -0.99866128 0.0335960016
vn 0.0393313654 -0.99866128 0.0335960016
vn 0.0393313654 -0.99866128 0.0335960016
vn -0.0790507048 0.928865135 -0.361884654
vn -0.0790507048 0.928865135 -0.361884654
vn -0.0790507048 0.928865135 -0.361884654
vn -0.0790507048 0.928865135 -0.361884654
vn -0.0819646567 0.92761451 -0.364435434
vn -0.0819646567 0.92761451 -0.364435434
vn -0.0245334692 -0.998458266 -0.049793344
vn -0.0245334692 -0.998458266 -0.049793344
vn -0.0245334692 -0.998458266 -0.049793344
vn -0.0245334692 -0.998458266 -0.049793344
vn -0.000131496839 -0.999999523 -0.000948186149
vn -0.000131496839 -0.999999523 -0.000948186149
vn 0 -1 0
vn 0 -1 0
vn 0 -1 0
vn 0 -1 0
vn 0 -1 0
vn 0 -1 0
vn -0.000940401922 -0.999999523 0.000178864953
vn -0.0550260171 -0.998458266 -0.00730793551
vn -0.0550260171 -0.998458266 -0.00730793551
vn -0.0550260171 -0.998458266 -0.00730793551
vn -0.0550260171 -0.998458266 -0.00730793551
vn 0.825840473 0.126828477 0.549456477
vn 0.825840473 0.126828477 0.549456477
vn 0.825840473 0.126828477 0.549456477
vn 0.825840473 0.126828477 0.549456477
vn 0.810773671 0.130499378 0.570628107
vn 0.810773671 0.130499378 0.570628107
vn 0.810773671 0.130499378 0.570628107
vn 0.667956769 0.0256955512 -0.743756533
vn 0.667956769 0.0256955512 -0.743756533
vn 0.667956769 0.0256955512 -0.743756533
vn 0.667956769 0.0256955512 -0.743756533
vn 0.605026007 0.0180178843 -0.79600203
vn 0.605026007 0.0180178843 -0.79600203
vn 0.605026007 0.0180178843 -0.79600203
vn 0.605026007 0.0180178843 -0.79600203
vn 0.230294153 0.9716869 0.0528124943
vn 0.230294153 0.9716869 0.0528124943
vn 0.230294153 0.9716869 0.0528124943
vn 0.230294153 0.9716869 0.0528124943
vn -0.299762517 0 0.954014003
vn -0.299762517 0 0.954014003
vn -0.299762517 0 0.954014003
vn -0.299762517 0 0.954014003
vn 0.429651618 -0.844691992 -0.319210291
vn 0.429651618 -0.844691992 -0.319210291
vn 0.429651618 -0.844691992 -0.319210291
vn 0.429651618 -0.844691992 -0.319210291
vn 0.435040385 0.841562033 -0.32017684
vn 0.435040385 0.841562033 -0.32017684
vn 0.435040385 0.841562033 -0.32017684
vn 0.435040385 0.841562033 -0.32017684
vn -0.0538317114 0.843650401 0.534187615
vn -0.0538317114 0.843650401 0.534187615
vn -0.0538317114 0.843650401 0.534187615
vn -0.0538317114 0.843650401 0.534187615
vn -0.0559344292 -0.846765518 0.529017687
vn -0.0559344292 -0.846765518 0.529017687
vn -0.0559344292 -0.846765518 0.529017687
vn -0.0559344292 -0.846765518 0.529017687
vn 0.670932412 0 -0.741518676
vn 0.670932412 0 -0.741518676
vn 0.670932412 0 -0.741518676
vn 0.670932412 0 -0.741518676
vn 0.850652814 0 0.525728285
vn 0.850652814 0 0.525728285
vn 0.850652814 0 0.525728285
vn 0.850652814 0 0.525728285
vn 0.850652814 0 0.525728285
vn 0.850652814 0 0.525728285
vn 0.548452854 0.0496129245 -0.834708631
vn 0.548452854 0.0496129245 -0.834708631
vn 0.548452854 0.0496129245 -0.834708631
vn 0.548452854 0.0496129245 -0.834708631
vn -0.188286602 0.791420698 -0.581551075
vn -0.188286602 0.791420698 -0.581551075
vn -0.188286602 0.791420698 -0.581551075
vn -0.188286602 0.791420698 -0.581551075
vn 0.221270993 0.747073233 -0.626834154
vn 0.221270993 0.747073233 -0.626834154
vn 0.221270993 0.747073233 -0.626834154
vn 0.221270993 0.747073233 -0.626834154
vn 0.0804052949 0.614169955 -0.785067141
vn 0.0804052949 0.614169955 -0.785067141
vn 0.0804052949 0.614169955 -0.785067141
vn 0.0804052949 0.614169955 -0.785067141
vn 0.164697528 0.15956682 -0.973351717
vn 0.164697528 0.15956682 -0.973351717
vn 0.164697528 0.15956682 -0.973351717
vn 0.164697528 0.15956682 -0.973351717
vn 0.202931434 0.978507042 0.0366435349
vn 0.202931434 0.978507042 0.0366435349
vn 0.202931434 0.978507042 0.0366435349
vn 0.202931434 0.978507042 0.0366435349
vn 0.825137615 0.530924976 -0.19304654
vn 0.825137615 0.530924976 -0.19304654
vn 0.825137615 0.530924976 -0.19304654
vn 0.825137615 0.530924976 -0.19304654
vn 0.873889029 0.180262893 0.45146817
vn 0.873889029 0.180262893 0.45146817
vn 0.873889029 0.180262893 0.45146817
vn 0.873889029 0.180262893 0.45146817
vn -0.0379009843 0.717772007 -0.6952461
vn -0.0379009843 0.717772007 -0.6952461
vn -0.0379009843 0.717772007 -0.6952461
vn -0.0379009843 0.717772007 -0.6952461
vn 0.0565009117 0.959463894 -0.276110172
vn 0.0565009117 0.959463894 -0.276110172
vn 0.0565009117 0.959463894 -0.276110172
vn 0.0565009117 0.959463894 -0.276110172
vn 0.08443214 -0.996429265 -0.000148065388
vn 0.08443214 -0.996429265 -0.000148065388
vn 0.08443214 -0.996429265 -0.000148065388
vn 0.08443214 -0.996429265 -0.000148065388
vn 0.232065767 -0.95833391 0.166557819
vn 0.232065767 -0.95833391 0.166557819
vn 0.232065767 -0.95833391 0.166557819
vn 0.232065767 -0.95833391 0.166557819
vn 0.232065767 -0.95833391 0.166557819
vn 0.232065767 -0.95833391 0.166557819
vn -0.927091241 -0.123688318 -0.353840828
vn -0.927091241 -0.123688318 -0.353840828
vn -0.927091241 -0.123688318 -0.353840828
vn -0.927091241 -0.123688318 -0.353840828
vn 0.666170239 0.140772477 -0.732393801
vn 0.666170239 0.140772477 -0.732393801
vn 0.666170239 0.140772477 -0.732393801
vn 0.666170239 0.140772477 -0.732393801
vn 0.577439964 0.0344910659 -0.815704405
vn 0.577439964 0.0344910659 -0.815704405
vn 0.577439964 0.0344910659 -0.815704405
vn 0.577439964 0.0344910659 -0.815704405
vn 0.533879876 0.0047054193 -0.845547557
vn 0.533879876 0.0047054193 -0.845547557
vn 0.533879876 0.0047054193 -0.845547557
vn 0.533879876 0.0047054193 -0.845547557
vn 0.459673703 -0.884051085 0.0845795572
vn 0.459673703 -0.884051085 0.0845795572
vn 0.459673703 -0.884051085 0.0845795572
vn 0.459673703 -0.884051085 0.0845795572
vn 0.429685831 0.486890763 -0.760465384
vn 0.429685831 0.486890763 -0.760465384
vn 0.429685831 0.486890763 -0.760465384
vn 0.429685831 0.486890763 -0.760465384
vn 0.524074852 0.772108674 0.35943532
vn 0.524074852 0.772108674 0.35943532
vn 0.524074852 0.772108674 0.35943532
vn 0.524074852 0.772108674 0.35943532
vn 0.661333501 0.665073693 0.34686476
vn 0.661333501 0.665073693 0.34686476
vn 0.661333501 0.665073693 0.34686476
vn 0.661333501 0.665073693 0.34686476
vn 0.926341772 0.304357409 -0.221941411
vn 0.926341772 0.304357409 -0.221941411
vn 0.926341772 0.304357409 -0.221941411
vn 0.926341772 0.304357409 -0.221941411
vn 0.781749725 0.435299218 -0.446522295
vn 0.781749725 0.435299218 -0.446522295
vn 0.781749725 0.435299218 -0.446522295
vn 0.781749725 0.435299218 -0.446522295
vn 0.716519237 0.672216713 -0.186346352
vn 0.716519237 0.672216713 -0.186346352
vn 0.716519237 0.672216713 -0.186346352
vn 0.716519237 0.672216713 -0.186346352
vn 0.79547441 0.602673054 -0.0632925928
vn 0.79547441 0.602673054 -0.0632925928
vn 0.79547441 0.602673054 -0.0632925928
vn 0.79547441 0.602673054 -0.0632925928
vn 0.701500297 0.258467883 -0.664147615
vn 0.701500297 0.258467883 -0.664147615
vn 0.701500297 0.258467883 -0.664147615
vn 0.701500297 0.258467883 -0.664147615
vn 0.675414324 0.341533452 -0.653582871
vn 0.675414324 0.341533452 -0.653582871
vn 0.675414324 0.341533452 -0.653582871
vn 0.675414324 0.341533452 -0.653582871
vn 0.706594348 0.357395738 -0.610731661
vn 0.706594348 0.357395738 -0.610731661
vn 0.706594348 0.357395738 -0.610731661
vn 0.706594348 0.357395738 -0.610731661
vn 0.582294226 0.650380194 -0.487790197
vn 0.582294226 0.650380194 -0.487790197
vn 0.582294226 0.650380194 -0.487790197
vn 0.582294226 0.650380194 -0.487790197
vn 0.128607616 0.991039932 -0.0360527821
vn 0.128607616 0.991039932 -0.0360527821
vn 0.128607616 0.991039932 -0.0360527821
vn 0.128607616 0.991039932 -0.0360527821
vn 0.892974615 0 -0.450107425
vn 0.892974615 0 -0.450107425
vn 0.892974615 0 -0.450107425
vn 0.892974615 0 -0.450107425
vn 0.887755454 0 0.460315704
vn 0.887755454 0 0.460315704
vn 0.887755454 0 0.460315704
vn 0.887755454 0 0.460315704
vn 0.534841061 -0.820065856 -0.203560904
vn 0.534841061 -0.820065856 -0.203560904
vn 0.534841061 -0.820065856 -0.203560904
vn 0.534841061 -0.820065856 -0.203560904
vn 0.534841061 0.820065856 -0.203560904
vn 0.534841061 0.820065856 -0.203560904
vn 0.534841061 0.820065856 -0.203560904
vn 0.534841061 0.820065856 -0.203560904
vn 0.80981636 0 -0.586683869
vn 0.80981636 0 -0.586683869
vn 0.80981636 0 -0.586683869
vn 0.80981636 0 -0.586683869
vn 0.81241262 0 0.583083272
vn 0.81241262 0 0.583083272
vn 0.81241262 0 0.583083272
vn 0.81241262 0 0.583083272
vn 0.81241262 0 0.583083272
vn 0.81241262 0 0.583083272
vn -0 1 0
vn -0 1 0
vn -0 1 0
vn -0 1 0
vn -0 1 0
vn -0 1 0
vn -0 1 0
vn -0 1 0
vn 0.807127535 0.47933054 0.344655752
vn 0.807127535 0.47933054 0.344655752
vn 0.807127535 0.47933054 0.344655752
vn 0.807127535 0.47933054 0.344655752
vn 0.564459801 -0.191346809 -0.802976847
vn 0.564459801 -0.191346809 -0.802976847
vn 0.564459801 -0.191346809 -0.802976847
vn 0.564459801 -0.191346809 -0.802976847
vn 0.584557056 -0.204433352 -0.785175443
vn 0.584557056 -0.204433352 -0.785175443
vn 0.584557056 -0.204433352 -0.785175443
vn 0.584557056 -0.204433352 -0.785175443
vn -0.501519084 -0.642992318 -0.57882607
vn -0.501519084 -0.642992318 -0.57882607
vn -0.501519084 -0.642992318 -0.57882607
vn -0.501519084 -0.642992318 -0.57882607
vn 0.120316319 0.981329441 -0.150054917
vn 0.120316319 0.981329441 -0.150054917
vn 0.120316319 0.981329441 -0.150054917
vn 0.120316319 0.981329441 -0.150054917
vn 0.0984832942 0.973238468 -0.207624406
vn 0.0984832942 0.973238468 -0.207624406
vn 0.0984832942 0.973238468 -0.207624406
vn 0.0984832942 0.973238468 -0.207624406
vn -0.549609601 0.444501102 -0.707353055
vn -0.549609601 0.444501102 -0.707353055
vn -0.549609601 0.444501102 -0.707353055
vn -0.549609601 0.444501102 -0.707353055
vn 0.557788491 0.213765204 -0.801982999
vn 0.557788491 0.213765204 -0.801982999
vn 0.557788491 0.213765204 -0.801982999
vn 0.557788491 0.213765204 -0.801982999
vn 0.572446287 0.213075042 -0.791773021
vn 0.572446287 0.213075042 -0.791773021
vn 0.572446287 0.213075042 -0.791773021
vn 0.572446287 0.213075042 -0.791773021
vn 0.642573416 -0.700945556 0.309475243
vn 0.642573416 -0.700945556 0.309475243
vn 0.642573416 -0.700945556 0.309475243
vn 0.642573416 -0.700945556 0.309475243
vn 0.401400745 0.324659199 -0.856431067
vn 0.401400745 0.324659199 -0.856431067
vn 0.401400745 0.324659199 -0.856431067
vn 0.401400745 0.324659199 -0.856431067
vn 0.411382943 0.346345186 -0.843095124
vn 0.411382943 0.346345186 -0.843095124
vn 0.411382943 0.346345186 -0.843095124
vn 0.39514479 0.305984974 -0.866160572
vn 0.39514479 0.305984974 -0.866160572
vn 0.39514479 0.305984974 -0.866160572
vn 0.352367103 0.557153106 -0.751942992
vn 0.352367103 0.557153106 -0.751942992
vn 0.352367103 0.557153106 -0.751942992
vn 0.352367103 0.557153106 -0.751942992
vn 0.551069856 0.00668823067 -0.834432542
vn 0.551069856 0.00668823067 -0.834432542
vn 0.551069856 0.00668823067 -0.834432542
vn 0.551069856 0.00668823067 -0.834432542
vn -0.0846362412 0.89034766 -0.447345436
vn -0.0846362412 0.89034766 -0.447345436
vn -0.0846362412 0.89034766 -0.447345436
vn -0.0846362412 0.89034766 -0.447345436
vn 0.313838661 0.397457868 -0.862283468
vn 0.313838661 0.397457868 -0.862283468
vn 0.313838661 0.397457868 -0.862283468
vn 0.313838661 0.397457868 -0.862283468
vn 0.335459948 0.396057338 -0.854754567
vn 0.335459948 0.396057338 -0.854754567
vn 0.335459948 0.396057338 -0.854754567
vn -0.17621839 -0.957445264 -0.228573009
vn -0.17621839 -0.957445264 -0.228573009
vn -0.17621839 -0.957445264 -0.228573009
vn -0.17621839 -0.957445264 -0.228573009
vn 0.113708019 0.224614337 -0.967790842
vn 0.113708019 0.224614337 -0.967790842
vn 0.113708019 0.224614337 -0.967790842
vn 0.113708019 0.224614337 -0.967790842
vn -0.136871442 0.788584054 -0.599501014
vn -0.136871442 0.788584054 -0.599501014
vn -0.136871442 0.788584054 -0.599501014
vn -0.136871442 0.788584054 -0.599501014
vn -0.0675951838 0.710136831 -0.700811505
vn -0.0675951838 0.710136831 -0.700811505
vn -0.0675951838 0.710136831 -0.700811505
vn -0.0675951838 0.710136831 -0.700811505
vn 0.45346567 0.248225093 -0.856010258
vn 0.45346567 0.248225093 -0.856010258
vn 0.45346567 0.248225093 -0.856010258
vn 0.45346567 0.248225093 -0.856010258
vn 0.866201043 -0.0282218549 -0.498898447
vn 0.866201043 -0.0282218549 -0.498898447
vn 0.866201043 -0.0282218549 -0.498898447
vn 0.866201043 -0.0282218549 -0.498898447
vn -0.284718812 -0.928965211 -0.236556262
vn -0.284718812 -0.928965211 -0.236556262
vn -0.284718812 -0.928965211 -0.236556262
vn -0.284718812 -0.928965211 -0.236556262
vn 0.384921372 -0.922922313 0.00706775486
vn 0.384921372 -0.922922313 0.00706775486
vn 0.384921372 -0.922922313 0.00706775486
vn 0.384921372 -0.922922313 0.00706775486
vn 0.791217864 -0.423623502 0.441041589
vn 0.791217864 -0.423623502 0.441041589
vn 0.791217864 -0.423623502 0.441041589
vn 0.791217864 -0.423623502 0.441041589
vn 0.570774078 -0.144664943 -0.808263242
vn 0.570774078 -0.144664943 -0.808263242
vn 0.570774078 -0.144664943 -0.808263242
vn 0.570774078 -0.144664943 -0.808263242
vn 0.604534388 -0.139435351 -0.784280717
vn 0.604534388 -0.139435351 -0.784280717
vn 0.604534388 -0.139435351 -0.784280717
vn 0.279218912 0.956440091 -0.0852005854
vn 0.279218912 0.956440091 -0.0852005854
vn 0.279218912 0.956440091 -0.0852005854
vn 0.279218912 0.956440091 -0.0852005854
vn 0.986764789 0 -0.162159324
vn 0.986764789 0 -0.162159324
vn 0.986764789 0 -0.162159324
vn 0.986764789 0 -0.162159324
vn 0.162156612 0 0.986765146
vn 0.162156612 0 0.986765146
vn 0.162156612 0 0.986765146
vn 0.162156612 0 0.986765146
vn -0.986765444 0 0.162154764
vn -0.986765444 0 0.162154764
vn -0.986765444 0 0.162154764
vn -0.986765444 0 0.162154764
vn -0.162164241 0 -0.986763954
vn -0.162164241 0 -0.986763954
vn -0.162164241 0 -0.986763954
vn -0.162164241 0 -0.986763954
vn -0 1 0
vn -0 1 0
vn -0 1 0
vn -0 1 0
vn -0.0876177251 0 -0.996154428
vn -0.0876177251 0 -0.996154428
vn -0.0876177251 0 -0.996154428
vn -0.0876177251 0 -0.996154428
vn -0.741665483 0 -0.670770228
vn -0.741665483 0 -0.670770228
vn -0.741665483 0 -0.670770228
vn -0.741665483 0 -0.670770228
vn -0 1 0
vn -0 1 0
vn -0 1 0
vn -0 1 0
vn -0 1 0
vn -0 1 0
vn -0 1 0
vn -0 1 0
vn 0.999322832 0 -0.0368009806
vn 0.999322832 0 -0.0368009806
vn 0.999322832 0 -0.0368009806
vn 0.999322832 0 -0.0368009806
vn -0.740721285 0.656079292 -0.144540936
vn -0.740721285 0.656079292 -0.144540936
vn -0.740721285 0.656079292 -0.144540936
vn -0.740721285 0.656079292 -0.144540936
vn -0.845587611 0.387509167 -0.367176473
vn -0.845587611 0.387509167 -0.367176473
vn -0.845587611 0.387509167 -0.367176473
vn -0.845587611 0.387509167 -0.367176473
vn -0.524488747 0.364502013 0.769447923
vn -0.524488747 0.364502013 0.769447923
vn -0.524488747 0.364502013 0.769447923
vn -0.524488747 0.364502013 0.769447923
vn -0.569914162 0.29007563 0.768800557
vn -0.569914162 0.29007563 0.768800557
vn -0.569914162 0.29007563 0.768800557
vn -0.569914162 0.29007563 0.768800557
vn -0.58715111 0.253860593 0.768640816
vn -0.58715111 0.253860593 0.768640816
vn -0.58715111 0.253860593 0.768640816
vn -0.600520492 0.260451555 0.756003022
vn -0.600520492 0.260451555 0.756003022
vn -0.557992697 0.285922557 0.779033184
vn -0.567596555 0.319769502 0.758671224
vn -0.557992697 0.285922557 0.779033184
vn -0.557992697 0.285922557 0.779033184
vn 0.107476905 0.937990129 0.329580367
vn 0.107476905 0.937990129 0.329580367
vn 0.107476905 0.937990129 0.329580367
vn 0.107476905 0.937990129 0.329580367
vn -0.448896825 0.278274477 0.849149764
vn -0.448896825 0.278274477 0.849149764
vn -0.448896825 0.278274477 0.849149764
vn -0.448896825 0.278274477 0.849149764
vn -0.458874315 0.250311047 0.852513373
vn -0.458874315 0.250311047 0.852513373
vn -0.458874315 0.250311047 0.852513373
vn -0.459627807 0.248922423 0.852514029
vn -0.459627807 0.248922423 0.852514029
vn -0.459627807 0.248922423 0.852514029
vn -0.459627807 0.248922423 0.852514029
vn 0.596527636 0.662763238 0.452658683
vn 0.596527636 0.662763238 0.452658683
vn 0.596527636 0.662763238 0.452658683
vn 0.596527636 0.662763238 0.452658683
vn 0.582569361 0.673925936 0.454353452
vn 0.582569361 0.673925936 0.454353452
vn -0.165710568 0.982256591 0.0878176168
vn -0.165710568 0.982256591 0.0878176168
vn -0.165710568 0.982256591 0.0878176168
vn -0.165710568 0.982256591 0.0878176168
vn -0.209372833 0.972743928 0.0996605754
vn -0.209372833 0.972743928 0.0996605754
vn -0.368151039 0.928865135 0.0409198552
vn -0.368151039 0.928865135 0.0409198552
vn -0.368151039 0.928865135 0.0409198552
vn -0.368151039 0.928865135 0.0409198552
vn -0.371499956 0.92761451 0.0389756858
vn -0.371499956 0.92761451 0.0389756858
vn 0.784851432 0.126828477 0.606566608
vn 0.784851432 0.126828477 0.606566608
vn 0.784851432 0.126828477 0.606566608
vn 0.784851432 0.126828477 0.606566608
vn 0.800087988 0.130499378 0.585516453
vn 0.800087988 0.130499378 0.585516453
vn 0.800087988 0.130499378 0.585516453
vn -0.490876019 0.0256955512 0.870850563
vn -0.490876019 0.0256955512 0.870850563
vn -0.490876019 0.0256955512 0.870850563
vn -0.490876019 0.0256955512 0.870850563
vn -0.560513496 0.0180178732 0.827949524
vn -0.560513496 0.0180178732 0.827949524
vn -0.560513496 0.0180178732 0.827949524
vn -0.560513496 0.0180178732 0.827949524
vn 0.12373554 0.9716869 0.201281071
vn 0.12373554 0.9716869 0.201281071
vn 0.12373554 0.9716869 0.201281071
vn 0.12373554 0.9716869 0.201281071
vn 0.736941934 0 -0.675956309
vn 0.736941934 0 -0.675956309
vn 0.736941934 0 -0.675956309
vn 0.736941934 0 -0.675956309
vn -0.110683158 -0.832614005 0.542681575
vn -0.110683158 -0.832614005 0.542681575
vn -0.110683158 -0.832614005 0.542681575
vn -0.110683158 -0.832614005 0.542681575
vn -0.109329611 0.829196095 0.548161268
vn -0.109329611 0.829196095 0.548161268
vn -0.109329611 0.829196095 0.548161268
vn -0.109329611 0.829196095 0.548161268
vn 0.456363857 0.850890934 -0.260224164
vn 0.456363857 0.850890934 -0.260224164
vn 0.456363857 0.850890934 -0.260224164
vn 0.456363857 0.850890934 -0.260224164
vn 0.450821161 -0.853830993 -0.260255665
vn 0.450821161 -0.853830993 -0.260255665
vn 0.450821161 -0.853830993 -0.260255665
vn 0.450821161 -0.853830993 -0.260255665
vn -0.381556332 0 0.924345791
vn -0.381556332 0 0.924345791
vn -0.381556332 0 0.924345791
vn -0.381556332 0 0.924345791
vn 0.764561951 0 0.644550443
vn 0.764561951 0 0.644550443
vn 0.764561951 0 0.644550443
vn 0.764561951 0 0.644550443
vn 0.764561951 0 0.644550443
vn 0.764561951 0 0.644550443
vn -0.61528945 0.0496128388 0.786738813
vn -0.61528945 0.0496128388 0.786738813
vn -0.61528945 0.0496128388 0.786738813
vn -0.61528945 0.0496128388 0.786738813
vn -0.611223221 0.791420698 0.00772833824
vn -0.611223221 0.791420698 0.00772833824
vn -0.611223221 0.791420698 0.00772833824
vn -0.611223221 0.791420698 0.00772833824
vn -0.523054779 0.747073233 0.410238355
vn -0.523054779 0.747073233 0.410238355
vn -0.523054779 0.747073233 0.410238355
vn -0.523054779 0.747073233 0.410238355
vn -0.718047023 0.614169896 0.327420115
vn -0.718047023 0.614169896 0.327420115
vn -0.718047023 0.614169896 0.327420115
vn -0.718047023 0.614169896 0.327420115
vn -0.869453311 0.159566805 0.467535675
vn -0.869453311 0.159566805 0.467535675
vn -0.869453311 0.159566805 0.467535675
vn -0.869453311 0.159566805 0.467535675
vn 0.0996601284 0.978507042 0.180531919
vn 0.0996601284 0.978507042 0.180531919
vn 0.0996601284 0.978507042 0.180531919
vn 0.0996601284 0.978507042 0.180531919
vn 0.0811733305 0.530924916 0.84352231
vn 0.0811733305 0.530924916 0.84352231
vn 0.0811733305 0.530924916 0.84352231
vn 0.0811733305 0.530924916 0.84352231
vn 0.707393825 0.180262893 0.683446884
vn 0.707393825 0.180262893 0.683446884
vn 0.707393825 0.180262893 0.683446884
vn 0.707393825 0.180262893 0.683446884
vn -0.670811117 0.717772007 0.186590523
vn -0.670811117 0.717772007 0.186590523
vn -0.670811117 0.717772007 0.186590523
vn -0.670811117 0.717772007 0.186590523
vn -0.243507117 0.959463894 0.141892418
vn -0.243507117 0.959463894 0.141892418
vn -0.243507117 0.959463894 0.141892418
vn -0.243507117 0.959463894 0.141892418
vn 0.0268803611 -0.996429265 0.0800390542
vn 0.0268803611 -0.996429265 0.0800390542
vn 0.0268803611 -0.996429265 0.0800390542
vn 0.0268803611 -0.996429265 0.0800390542
vn -0.631926775 -0.123688303 -0.765094876
vn -0.631926775 -0.123688303 -0.765094876
vn -0.631926775 -0.123688303 -0.765094876
vn -0.631926775 -0.123688303 -0.765094876
vn -0.480682582 0.140772298 0.865521669
vn -0.480682582 0.140772298 0.865521669
vn -0.480682582 0.140772298 0.865521669
vn -0.480682582 0.140772298 0.865521669
vn -0.588007987 0.0344914161 0.808119595
vn -0.588007987 0.0344914161 0.808119595
vn -0.588007987 0.0344914161 0.808119595
vn -0.588007987 0.0344914161 0.808119595
vn -0.630222082 0.00470541976 0.776401043
vn -0.630222082 0.00470541976 0.776401043
vn -0.630222082 0.00470541976 0.776401043
vn -0.630222082 0.00470541976 0.776401043
vn 0.227239922 -0.884051085 0.408430845
vn 0.227239922 -0.884051085 0.408430845
vn 0.227239922 -0.884051085 0.408430845
vn 0.227239922 -0.884051085 0.408430845
vn -0.582959533 0.486890763 0.650458097
vn -0.582959533 0.486890763 0.650458097
vn -0.582959533 0.486890763 0.650458097
vn -0.582959533 0.486890763 0.650458097
vn 0.508250535 0.772108674 0.381483376
vn 0.508250535 0.772108674 0.381483376
vn 0.508250535 0.772108674 0.381483376
vn 0.508250535 0.772108674 0.381483376
vn 0.540267289 0.665073752 0.51554656
vn 0.540267289 0.665073752 0.51554656
vn 0.540267289 0.665073752 0.51554656
vn 0.540267289 0.665073752 0.51554656
vn 0.086186558 0.304356992 0.948651254
vn 0.086186558 0.304356992 0.948651254
vn 0.086186558 0.304356992 0.948651254
vn 0.086186558 0.304356992 0.948651254
vn -0.172857016 0.435299367 0.883535683
vn -0.172857016 0.435299367 0.883535683
vn -0.172857016 0.435299367 0.883535683
vn -0.172857016 0.435299367 0.883535683
vn 0.0527597964 0.672216952 0.738472104
vn 0.0527597964 0.672216952 0.738472104
vn 0.0527597964 0.672216952 0.738472104
vn 0.0527597964 0.672216952 0.738472104
vn 0.194610566 0.602673113 0.773894191
vn 0.194610566 0.602673113 0.773894191
vn 0.194610566 0.602673113 0.773894191
vn 0.194610566 0.602673113 0.773894191
vn -0.404719144 0.258467942 0.877152801
vn -0.404719144 0.258467942 0.877152801
vn -0.404719144 0.258467942 0.877152801
vn -0.404719144 0.258467942 0.877152801
vn -0.403058052 0.341533512 0.849057913
vn -0.403058052 0.341533512 0.849057913
vn -0.403058052 0.341533512 0.849057913
vn -0.403058052 0.341533512 0.849057913
vn -0.35248217 0.357395738 0.864884377
vn -0.35248217 0.357395738 0.864884377
vn -0.35248217 0.357395738 0.864884377
vn -0.35248217 0.357395738 0.864884377
vn -0.275785923 0.650380135 0.707776904
vn -0.275785923 0.650380135 0.707776904
vn -0.275785923 0.650380135 0.707776904
vn -0.275785923 0.650380135 0.707776904
vn 0.00700135529 0.991039932 0.133381784
vn 0.00700135529 0.991039932 0.133381784
vn 0.00700135529 0.991039932 0.133381784
vn 0.00700135529 0.991039932 0.133381784
vn -0.140658528 0 0.990058303
vn -0.140658528 0 0.990058303
vn -0.140658528 0 0.990058303
vn -0.140658528 0 0.990058303
vn 0.720213473 0 0.693752766
vn 0.720213473 0 0.693752766
vn 0.720213473 0 0.693752766
vn 0.720213473 0 0.693752766
vn -0.0216915309 -0.820065558 0.571858346
vn -0.0216915309 -0.820065558 0.571858346
vn -0.0216915309 -0.820065558 0.571858346
vn -0.0216915309 -0.820065558 0.571858346
vn -0.0216907561 0.820066094 0.571857631
vn -0.0216907561 0.820066094 0.571857631
vn -0.0216907561 0.820066094 0.571857631
vn -0.0216907561 0.820066094 0.571857631
vn -0.29666537 0 0.954981804
vn -0.29666537 0 0.954981804
vn -0.29666537 0 0.954981804
vn -0.29666537 0 0.954981804
vn -0 1 0
vn -0 1 0
vn -0 1 0
vn -0 1 0
vn -0 1 0
vn -0 1 0
vn -0 1 0
vn -0 1 0
vn 0.584833145 0.47933054 0.654379606
vn 0.584833145 0.47933054 0.654379606
vn 0.584833145 0.47933054 0.654379606
vn 0.584833145 0.47933054 0.654379606
vn -0.580103755 -0.191346854 0.791748881
vn -0.580103755 -0.191346854 0.791748881
vn -0.580103755 -0.191346854 0.791748881
vn -0.580103755 -0.191346854 0.791748881
vn -0.556806922 -0.204433486 0.805092216
vn -0.556806922 -0.204433486 0.805092216
vn -0.556806922 -0.204433486 0.805092216
vn -0.556806922 -0.204433486 0.805092216
vn -0.708884716 -0.642992318 -0.289902687
vn -0.708884716 -0.642992318 -0.289902687
vn -0.708884716 -0.642992318 -0.289902687
vn -0.708884716 -0.642992318 -0.289902687
vn -0.103658639 0.981329441 0.162010446
vn -0.103658639 0.981329441 0.162010446
vn -0.103658639 0.981329441 0.162010446
vn -0.103658639 0.981329441 0.162010446
vn -0.165187627 0.973238468 0.159749508
vn -0.165187627 0.973238468 0.159749508
vn -0.165187627 0.973238468 0.159749508
vn -0.165187627 0.973238468 0.159749508
vn -0.846042514 0.444501102 -0.29433164
vn -0.846042514 0.444501102 -0.29433164
vn -0.846042514 0.444501102 -0.29433164
vn -0.846042514 0.444501102 -0.29433164
vn -0.581297278 0.213765308 0.785110354
vn -0.581297278 0.213765308 0.785110354
vn -0.581297278 0.213765308 0.785110354
vn -0.581297278 0.213765308 0.785110354
vn -0.566933334 0.213074997 0.795729816
vn -0.566933334 0.213074997 0.795729816
vn -0.566933334 0.213074997 0.795729816
vn -0.566933334 0.213074997 0.795729816
vn 0.498840868 -0.700945556 0.509738445
vn 0.498840868 -0.700945556 0.509738445
vn 0.498840868 -0.700945556 0.509738445
vn 0.498840868 -0.700945556 0.509738445
vn -0.682930171 0.324659199 0.654372275
vn -0.682930171 0.324659199 0.654372275
vn -0.682930171 0.324659199 0.654372275
vn -0.682930171 0.324659199 0.654372275
vn -0.667101026 0.346345216 0.659561634
vn -0.667101026 0.346345216 0.659561634
vn -0.667101026 0.346345216 0.659561634
vn -0.694150031 0.305984974 0.651559114
vn -0.694150031 0.305984974 0.651559114
vn -0.694150031 0.305984974 0.651559114
vn -0.599629462 0.557153106 0.574478269
vn -0.599629462 0.557153106 0.574478269
vn -0.599629462 0.557153106 0.574478269
vn -0.599629462 0.557153106 0.574478269
vn -0.61419034 0.00668826886 0.789129794
vn -0.61419034 0.00668826886 0.789129794
vn -0.61419034 0.00668826886 0.789129794
vn -0.61419034 0.00668826886 0.789129794
vn -0.450904608 0.89034766 0.0629779547
vn -0.450904608 0.89034766 0.0629779547
vn -0.450904608 0.89034766 0.0629779547
vn -0.450904608 0.89034766 0.0629779547
vn -0.716497123 0.397458166 0.573287964
vn -0.716497123 0.397458166 0.573287964
vn -0.716497123 0.397458166 0.573287964
vn -0.716497123 0.397458166 0.573287964
vn -0.702444792 0.396057338 0.591363072
vn -0.702444792 0.396057338 0.591363072
vn -0.702444792 0.396057338 0.591363072
vn -0.702444792 0.396057338 0.591363072
vn -0.272946775 -0.957445264 -0.0938009247
vn -0.272946775 -0.957445264 -0.0938009247
vn -0.272946775 -0.957445264 -0.0938009247
vn -0.272946775 -0.957445264 -0.0938009247
vn -0.880503118 0.224614367 0.417448133
vn -0.880503118 0.224614367 0.417448133
vn -0.880503118 0.224614367 0.417448133
vn -0.880503118 0.224614367 0.417448133
vn -0.611774802 0.788584054 0.0621840358
vn -0.611774802 0.788584054 0.0621840358
vn -0.611774802 0.788584054 0.0621840358
vn -0.611774802 0.788584054 0.0621840358
vn -0.68558681 0.710136831 0.160239071
vn -0.68558681 0.710136831 0.160239071
vn -0.68558681 0.710136831 0.160239071
vn -0.68558681 0.710136831 0.160239071
vn -0.665869236 0.248225093 0.703564346
vn -0.665869236 0.248225093 0.703564346
vn -0.665869236 0.248225093 0.703564346
vn -0.665869236 0.248225093 0.703564346
vn -0.195451945 -0.0282218438 0.9803074
vn -0.195451945 -0.0282218438 0.9803074
vn -0.195451945 -0.0282218438 0.9803074
vn -0.195451945 -0.0282218438 0.9803074
vn -0.31523338 -0.928965211 -0.194040209
vn -0.31523338 -0.928965211 -0.194040209
vn -0.31523338 -0.928965211 -0.194040209
vn -0.31523338 -0.928965211 -0.194040209
vn 0.12988165 -0.922922313 0.362415791
vn 0.12988165 -0.922922313 0.362415791
vn 0.12988165 -0.922922313 0.362415791
vn 0.12988165 -0.922922313 0.362415791
vn 0.671058238 -0.423623502 0.608460605
vn 0.671058238 -0.423623502 0.608460605
vn 0.671058238 -0.423623502 0.608460605
vn 0.671058238 -0.423623502 0.608460605
vn -0.583091378 -0.144665033 0.79942292
vn -0.583091378 -0.144665033 0.79942292
vn -0.583091378 -0.144665033 0.79942292
vn -0.583091378 -0.144665033 0.79942292
vn -0.549565911 -0.139435425 0.823732555
vn -0.549565911 -0.139435425 0.823732555
vn -0.549565911 -0.139435425 0.823732555
vn 0.00863826275 0.956440091 0.291800886
vn 0.00863826275 0.956440091 0.291800886
vn 0.00863826275 0.956440091 0.291800886
vn 0.00863826275 0.956440091 0.291800886
vn 0.16216135 0 0.986764431
vn 0.16216135 0 0.986764431
vn 0.16216135 0 0.986764431
vn 0.16216135 0 0.986764431
vn 0.986763954 0 -0.162164062
vn 0.986763954 0 -0.162164062
vn 0.986763954 0 -0.162164062
vn 0.986763954 0 -0.162164062
vn -0.162165821 0 -0.986763597
vn -0.162165821 0 -0.986763597
vn -0.162165821 0 -0.986763597
vn -0.162165821 0 -0.986763597
vn -0.986765265 0 0.162156433
vn -0.986765265 0 0.162156433
vn -0.986765265 0 0.162156433
vn -0.986765265 0 0.162156433
vn -0 1 0
vn -0 1 0
vn -0 1 0
vn -0 1 0
vn -0.971804857 0 0.23578763
vn -0.971804857 0 0.23578763
vn -0.971804857 0 0.23578763
vn -0.971804857 0 0.23578763
vn -0.872846842 0 -0.487994581
vn -0.872846842 0 -0.487994581
vn -0.872846842 0 -0.487994581
vn -0.872846842 0 -0.487994581
vn -0 1 0
vn -0 1 0
vn -0 1 0
vn -0 1 0
vn -0 1 0
vn -0 1 0
vn -0 1 0
vn -0 1 0
vn 0.284945786 0 0.958543837
vn 0.284945786 0 0.958543837
vn 0.284945786 0 0.958543837
vn 0.284945786 0 0.958543837
vn 0.783579111 0.329449862 -0.52675128
vn 0.783579111 0.329449862 -0.52675128
vn 0.783579111 0.329449862 -0.52675128
vn 0.783579111 0.329449862 -0.52675128
vn 0.248281091 0.329451114 -0.910943925
vn 0.248281091 0.329451114 -0.910943925
vn 0.248281091 0.329451114 -0.910943925
vn 0.248281091 0.329451114 -0.910943925
vn 0.248280376 -0.329451889 -0.910943747
vn 0.248280376 -0.329451889 -0.910943747
vn 0.248280376 -0.329451889 -0.910943747
vn 0.248280376 -0.329451889 -0.910943747
vn 0.783578873 -0.329449922 -0.526751578
vn 0.783578873 -0.329449922 -0.526751578
vn 0.783578873 -0.329449922 -0.526751578
vn 0.783578873 -0.329449922 -0.526751578
vn 0.103456378 0.737125933 -0.66778928
vn 0.103456378 0.737125933 -0.66778928
vn 0.103456378 0.737125933 -0.66778928
vn 0.103456378 0.737125933 -0.66778928
vn 0.599559367 0.737126052 -0.311727285
vn 0.599559367 0.737126052 -0.311727285
vn 0.599559367 0.737126052 -0.311727285
vn 0.599559367 0.737126052 -0.311727285
vn -0.247340977 -0.305328697 -0.919563532
vn -0.247340977 -0.305328697 -0.919563532
vn -0.247340977 -0.305328697 -0.919563532
vn -0.247340977 -0.305328697 -0.919563532
vn -0.247342438 0.305328786 -0.919563174
vn -0.247342438 0.305328786 -0.919563174
vn -0.247342438 0.305328786 -0.919563174
vn -0.247342438 0.305328786 -0.919563174
vn 0.950358391 0.305327594 -0.0599528551
vn 0.950358391 0.305327594 -0.0599528551
vn 0.950358391 0.305327594 -0.0599528551
vn 0.950358391 0.305327594 -0.0599528551
vn 0.950358272 -0.305327743 -0.0599533319
vn 0.950358272 -0.305327743 -0.0599533319
vn 0.950358272 -0.305327743 -0.0599533319
vn 0.950358272 -0.305327743 -0.0599533319
vn 0.599559844 -0.737125874 -0.311726809
vn 0.599559844 -0.737125874 -0.311726809
vn 0.599559844 -0.737125874 -0.311726809
vn 0.599559844 -0.737125874 -0.311726809
vn 0.10345614 -0.737125397 -0.667789698
vn 0.10345614 -0.737125397 -0.667789698
vn 0.10345614 -0.737125397 -0.667789698
vn 0.10345614 -0.737125397 -0.667789698
vn 0.885727763 -0.196481332 -0.420573175
vn 0.885727763 -0.196481332 -0.420573175
vn 0.885727763 -0.196481332 -0.420573175
vn 0.885727763 -0.196481332 -0.420573175
vn 0.885727763 0.196481287 -0.420573026
vn 0.885727763 0.196481287 -0.420573026
vn 0.885727763 0.196481287 -0.420573026
vn 0.885727763 0.196481287 -0.420573026
vn 0.340738773 0.474347115 -0.811721683
vn 0.340738773 0.474347115 -0.811721683
vn 0.340738773 0.474347115 -0.811721683
vn 0.340738773 0.474347115 -0.811721683
vn 0.114995718 -0.196481645 -0.973740935
vn 0.114995718 -0.196481645 -0.973740935
vn 0.114995718 -0.196481645 -0.973740935
vn 0.114995718 -0.196481645 -0.973740935
vn 0.659985721 -0.474348366 -0.582591414
vn 0.659985721 -0.474348366 -0.582591414
vn 0.659985721 -0.474348366 -0.582591414
vn 0.659985721 -0.474348366 -0.582591414
vn 0.659985662 0.474347949 -0.582591772
vn 0.659985662 0.474347949 -0.582591772
vn 0.659985662 0.474347949 -0.582591772
vn 0.659985662 0.474347949 -0.582591772
vn 0.114996582 0.196481287 -0.973740816
vn 0.114996582 0.196481287 -0.973740816
vn 0.114996582 0.196481287 -0.973740816
vn 0.114996582 0.196481287 -0.973740816
vn 0.340738565 -0.474347353 -0.811721683
vn 0.340738565 -0.474347353 -0.811721683
vn 0.340738565 -0.474347353 -0.811721683
vn 0.340738565 -0.474347353 -0.811721683
vn 0.115810812 -0.196197569 -0.973701596
vn 0.115810812 -0.196197569 -0.973701596
vn 0.115810812 -0.196197569 -0.973701596
vn 0.115810812 -0.196197569 -0.973701596
vn 0.660013616 -0.473663241 -0.583117008
vn 0.660013616 -0.473663241 -0.583117008
vn 0.660013616 -0.473663241 -0.583117008
vn 0.660013616 -0.473663241 -0.583117008
vn 0.885430217 0.196197733 -0.421331435
vn 0.885430217 0.196197733 -0.421331435
vn 0.885430217 0.196197733 -0.421331435
vn 0.885430217 0.196197733 -0.421331435
vn 0.341227084 0.473663032 -0.811916053
vn 0.341227084 0.473663032 -0.811916053
vn 0.341227084 0.473663032 -0.811916053
vn 0.341227084 0.473663032 -0.811916053
vn 0.341226876 -0.473663241 -0.811915994
vn 0.341226876 -0.473663241 -0.811915994
vn 0.341226876 -0.473663241 -0.811915994
vn 0.341226876 -0.473663241 -0.811915994
vn 0.885430336 -0.196197495 -0.421331435
vn 0.885430336 -0.196197495 -0.421331435
vn 0.885430336 -0.196197495 -0.421331435
vn 0.885430336 -0.196197495 -0.421331435
vn 0.660013616 0.4736633 -0.583117068
vn 0.660013616 0.4736633 -0.583117068
vn 0.660013616 0.4736633 -0.583117068
vn 0.660013616 0.4736633 -0.583117068
vn 0.115810305 0.196198002 -0.973701596
vn 0.115810305 0.196198002 -0.973701596
vn 0.115810305 0.196198002 -0.973701596
vn 0.115810305 0.196198002 -0.973701596
vn 0.75057137 -0.382683367 0.538698673
vn 0.75057137 -0.382683367 0.538698673
vn 0.75057137 -0.382683367 0.538698673
vn 0.75057137 -0.382683367 0.538698673
vn 0.310896516 0.923879743 0.223136082
vn 0.310896516 0.923879743 0.223136082
vn 0.310896516 0.923879743 0.223136082
vn 0.310896516 0.923879743 0.223136082
vn -0.750571311 0.382683724 -0.538698673
vn -0.750571311 0.382683724 -0.538698673
vn -0.750571311 0.382683724 -0.538698673
vn -0.750571311 0.382683724 -0.538698673
vn -0.750571311 -0.382683694 -0.538698673
vn -0.750571311 -0.382683694 -0.538698673
vn -0.750571311 -0.382683694 -0.538698673
vn -0.750571311 -0.382683694 -0.538698673
vn 0.310896605 -0.923879623 0.223136127
vn 0.310896605 -0.923879623 0.223136127
vn 0.310896605 -0.923879623 0.223136127
vn 0.310896605 -0.923879623 0.223136127
vn 0.75057137 0.382683396 0.538698673
vn 0.75057137 0.382683396 0.538698673
vn 0.75057137 0.382683396 0.538698673
vn 0.75057137 0.382683396 0.538698673
vn -0.310896665 0.923879623 -0.223136172
vn -0.310896665 0.923879623 -0.223136172
vn -0.310896665 0.923879623 -0.223136172
vn -0.310896665 0.923879623 -0.223136172
vn -0.310896754 -0.923879623 -0.223136231
vn -0.310896754 -0.923879623 -0.223136231
vn -0.310896754 -0.923879623 -0.223136231
vn -0.310896754 -0.923879623 -0.223136231
vn -0.248281091 0.329451114 0.910943925
vn -0.248281091 0.329451114 0.910943925
vn -0.248281091 0.329451114 0.910943925
vn -0.248281091 0.329451114 0.910943925
vn -0.783578753 0.329451114 0.526751101
vn -0.783578753 0.329451114 0.526751101
vn -0.783578753 0.329451114 0.526751101
vn -0.783578753 0.329451114 0.526751101
vn -0.783578753 -0.329451889 0.526750326
vn -0.783578753 -0.329451889 0.526750326
vn -0.783578753 -0.329451889 0.526750326
vn -0.783578753 -0.329451889 0.526750326
vn -0.24828133 -0.329451114 0.910943806
vn -0.24828133 -0.329451114 0.910943806
vn -0.24828133 -0.329451114 0.910943806
vn -0.24828133 -0.329451114 0.910943806
vn -0.599559903 0.737125874 0.311726809
vn -0.599559903 0.737125874 0.311726809
vn -0.599559903 0.737125874 0.311726809
vn -0.599559903 0.737125874 0.311726809
vn -0.103457138 0.737125933 0.667789102
vn -0.103457138 0.737125933 0.667789102
vn -0.103457138 0.737125933 0.667789102
vn -0.103457138 0.737125933 0.667789102
vn -0.950357974 -0.305328518 0.0599532723
vn -0.950357974 -0.305328518 0.0599532723
vn -0.950357974 -0.305328518 0.0599532723
vn -0.950357974 -0.305328518 0.0599532723
vn -0.950358152 0.305328637 0.0599517524
vn -0.950358152 0.305328637 0.0599517524
vn -0.950358152 0.305328637 0.0599517524
vn -0.950358152 0.305328637 0.0599517524
vn 0.247341514 0.305327743 0.91956377
vn 0.247341514 0.305327743 0.91956377
vn 0.247341514 0.305327743 0.91956377
vn 0.247341514 0.305327743 0.91956377
vn 0.247341007 -0.305327922 0.91956389
vn 0.247341007 -0.305327922 0.91956389
vn 0.247341007 -0.305327922 0.91956389
vn 0.247341007 -0.305327922 0.91956389
vn -0.103456572 -0.737125754 0.66778934
vn -0.103456572 -0.737125754 0.66778934
vn -0.103456572 -0.737125754 0.66778934
vn -0.103456572 -0.737125754 0.66778934
vn -0.59956038 -0.737125754 0.311726362
vn -0.59956038 -0.737125754 0.311726362
vn -0.59956038 -0.737125754 0.311726362
vn -0.59956038 -0.737125754 0.311726362
vn -0.114996672 -0.196481079 0.973740876
vn -0.114996672 -0.196481079 0.973740876
vn -0.114996672 -0.196481079 0.973740876
vn -0.114996672 -0.196481079 0.973740876
vn -0.114996582 0.196481287 0.973740816
vn -0.114996582 0.196481287 0.973740816
vn -0.114996582 0.196481287 0.973740816
vn -0.114996582 0.196481287 0.973740816
vn -0.659985363 0.474348098 0.582591951
vn -0.659985363 0.474348098 0.582591951
vn -0.659985363 0.474348098 0.582591951
vn -0.659985363 0.474348098 0.582591951
vn -0.885727882 -0.196481496 0.420572758
vn -0.885727882 -0.196481496 0.420572758
vn -0.885727882 -0.196481496 0.420572758
vn -0.885727882 -0.196481496 0.420572758
vn -0.34073776 -0.474348515 0.811721325
vn -0.34073776 -0.474348515 0.811721325
vn -0.34073776 -0.474348515 0.811721325
vn -0.34073776 -0.474348515 0.811721325
vn -0.340738058 0.474348158 0.811721385
vn -0.340738058 0.474348158 0.811721385
vn -0.340738058 0.474348158 0.811721385
vn -0.340738058 0.474348158 0.811721385
vn -0.885727882 0.196481079 0.420573115
vn -0.885727882 0.196481079 0.420573115
vn -0.885727882 0.196481079 0.420573115
vn -0.885727882 0.196481079 0.420573115
vn -0.659985662 -0.47434774 0.58259207
vn -0.659985662 -0.47434774 0.58259207
vn -0.659985662 -0.47434774 0.58259207
vn -0.659985662 -0.47434774 0.58259207
vn -0.885430098 -0.196197912 0.421331614
vn -0.885430098 -0.196197912 0.421331614
vn -0.885430098 -0.196197912 0.421331614
vn -0.885430098 -0.196197912 0.421331614
vn -0.341226876 -0.473663241 0.811915994
vn -0.341226876 -0.473663241 0.811915994
vn -0.341226876 -0.473663241 0.811915994
vn -0.341226876 -0.473663241 0.811915994
vn -0.115809768 0.196198195 0.973701596
vn -0.115809768 0.196198195 0.973701596
vn -0.115809768 0.196198195 0.973701596
vn -0.115809768 0.196198195 0.973701596
vn -0.660013556 0.473663032 0.583117187
vn -0.660013556 0.473663032 0.583117187
vn -0.660013556 0.473663032 0.583117187
vn -0.660013556 0.473663032 0.583117187
vn -0.660013616 -0.473663241 0.583117008
vn -0.660013616 -0.473663241 0.583117008
vn -0.660013616 -0.473663241 0.583117008
vn -0.660013616 -0.473663241 0.583117008
vn -0.115810305 -0.196197733 0.973701596
vn -0.115810305 -0.196197733 0.973701596
vn -0.115810305 -0.196197733 0.973701596
vn -0.115810305 -0.196197733 0.973701596
vn -0.341226995 0.4736633 0.811916053
vn -0.341226995 0.4736633 0.811916053
vn -0.341226995 0.4736633 0.811916053
vn -0.341226995 0.4736633 0.811916053
vn -0.885430217 0.196198002 0.421331435
vn -0.885430217 0.196198002 0.421331435
vn -0.885430217 0.196198002 0.421331435
vn -0.885430217 0.196198002 0.421331435
vn 0.75057137 -0.382683367 0.538698673
vn 0.75057137 -0.382683367 0.538698673
vn 0.75057137 -0.382683367 0.538698673
vn 0.75057137 -0.382683367 0.538698673
vn 0.310896665 0.923879623 0.223136172
vn 0.310896665 0.923879623 0.223136172
vn 0.310896665 0.923879623 0.223136172
vn 0.310896665 0.923879623 0.223136172
vn -0.750571311 0.382683754 -0.538698673
vn -0.750571311 0.382683754 -0.538698673
vn -0.750571311 0.382683754 -0.538698673
vn -0.750571311 0.382683754 -0.538698673
vn -0.750571311 -0.382683694 -0.538698673
vn -0.750571311 -0.382683694 -0.538698673
vn -0.750571311 -0.382683694 -0.538698673
vn -0.750571311 -0.382683694 -0.538698673
vn 0.310896665 -0.923879623 0.223136172
vn 0.310896665 -0.923879623 0.223136172
vn 0.310896665 -0.923879623 0.223136172
vn 0.310896665 -0.923879623 0.223136172
vn 0.75057137 0.382683396 0.538698673
vn 0.75057137 0.382683396 0.538698673
vn 0.75057137 0.382683396 0.538698673
vn 0.75057137 0.382683396 0.538698673
vn -0.310896724 0.923879623 -0.223136216
vn -0.310896724 0.923879623 -0.223136216
vn -0.310896724 0.923879623 -0.223136216
vn -0.310896724 0.923879623 -0.223136216
vn -0.310896724 -0.923879623 -0.223136216
vn -0.310896724 -0.923879623 -0.223136216
vn -0.310896724 -0.923879623 -0.223136216
vn -0.310896724 -0.923879623 -0.223136216
vn 0.248281091 0.329451114 -0.910943925
vn 0.248281091 0.329451114 -0.910943925
vn 0.248281091 0.329451114 -0.910943925
vn 0.248281091 0.329451114 -0.910943925
vn 0.783578753 0.329451114 -0.526751101
vn 0.783578753 0.329451114 -0.526751101
vn 0.783578753 0.329451114 -0.526751101
vn 0.783578753 0.329451114 -0.526751101
vn 0.783578634 -0.329451501 -0.526750803
vn 0.783578634 -0.329451501 -0.526750803
vn 0.783578634 -0.329451501 -0.526750803
vn 0.783578634 -0.329451501 -0.526750803
vn 0.248281568 -0.329450935 -0.910943806
vn 0.248281568 -0.329450935 -0.910943806
vn 0.248281568 -0.329450935 -0.910943806
vn 0.248281568 -0.329450935 -0.910943806
vn 0.599559903 0.737125874 -0.311726809
vn 0.599559903 0.737125874 -0.311726809
vn 0.599559903 0.737125874 -0.311726809
vn 0.599559903 0.737125874 -0.311726809
vn 0.103456795 0.737126172 -0.667788744
vn 0.103456795 0.737126172 -0.667788744
vn 0.103456795 0.737126172 -0.667788744
vn 0.103456795 0.737126172 -0.667788744
vn 0.950357974 -0.305328518 -0.0599532723
vn 0.950357974 -0.305328518 -0.0599532723
vn 0.950357974 -0.305328518 -0.0599532723
vn 0.950357974 -0.305328518 -0.0599532723
vn 0.950358093 0.305328488 -0.0599523187
vn 0.950358093 0.305328488 -0.0599523187
vn 0.950358093 0.305328488 -0.0599523187
vn 0.950358093 0.305328488 -0.0599523187
vn -0.24734205 0.305327863 -0.919563532
vn -0.24734205 0.305327863 -0.919563532
vn -0.24734205 0.305327863 -0.919563532
vn -0.24734205 0.305327863 -0.919563532
vn -0.247341603 -0.305328041 -0.919563651
vn -0.247341603 -0.305328041 -0.919563651
vn -0.247341603 -0.305328041 -0.919563651
vn -0.247341603 -0.305328041 -0.919563651
vn 0.103456572 -0.737125754 -0.66778934
vn 0.103456572 -0.737125754 -0.66778934
vn 0.103456572 -0.737125754 -0.66778934
vn 0.103456572 -0.737125754 -0.66778934
vn 0.59956038 -0.737125337 -0.311726749
vn 0.59956038 -0.737125337 -0.311726749
vn 0.59956038 -0.737125337 -0.311726749
vn 0.59956038 -0.737125337 -0.311726749
vn 0.114996284 -0.196481243 -0.973740816
vn 0.114996284 -0.196481243 -0.973740816
vn 0.114996284 -0.196481243 -0.973740816
vn 0.114996284 -0.196481243 -0.973740816
vn 0.114995897 0.196481317 -0.973740935
vn 0.114995897 0.196481317 -0.973740935
vn 0.114995897 0.196481317 -0.973740935
vn 0.114995897 0.196481317 -0.973740935
vn 0.659985423 0.474348724 -0.582591534
vn 0.659985423 0.474348724 -0.582591534
vn 0.659985423 0.474348724 -0.582591534
vn 0.659985423 0.474348724 -0.582591534
vn 0.885727763 -0.196481332 -0.420573175
vn 0.885727763 -0.196481332 -0.420573175
vn 0.885727763 -0.196481332 -0.420573175
vn 0.885727763 -0.196481332 -0.420573175
vn 0.340738297 -0.47434774 -0.811721563
vn 0.340738297 -0.47434774 -0.811721563
vn 0.340738297 -0.47434774 -0.811721563
vn 0.340738297 -0.47434774 -0.811721563
vn 0.340738356 0.47434774 -0.811721563
vn 0.340738356 0.47434774 -0.811721563
vn 0.340738356 0.47434774 -0.811721563
vn 0.340738356 0.47434774 -0.811721563
vn 0.885727882 0.196481079 -0.420573115
vn 0.885727882 0.196481079 -0.420573115
vn 0.885727882 0.196481079 -0.420573115
vn 0.885727882 0.196481079 -0.420573115
vn 0.659985542 -0.474348515 -0.582591474
vn 0.659985542 -0.474348515 -0.582591474
vn 0.659985542 -0.474348515 -0.582591474
vn 0.659985542 -0.474348515 -0.582591474
vn 0.885430217 -0.196197584 -0.421331495
vn 0.885430217 -0.196197584 -0.421331495
vn 0.885430217 -0.196197584 -0.421331495
vn 0.885430217 -0.196197584 -0.421331495
vn 0.341226995 -0.473663032 -0.811916113
vn 0.341226995 -0.473663032 -0.811916113
vn 0.341226995 -0.473663032 -0.811916113
vn 0.341226995 -0.473663032 -0.811916113
vn 0.115810931 0.196197778 -0.973701477
vn 0.115810931 0.196197778 -0.973701477
vn 0.115810931 0.196197778 -0.973701477
vn 0.115810931 0.196197778 -0.973701477
vn 0.660013556 0.473663092 -0.583117127
vn 0.660013556 0.473663092 -0.583117127
vn 0.660013556 0.473663092 -0.583117127
vn 0.660013556 0.473663092 -0.583117127
vn 0.660013556 -0.473663449 -0.58311677
vn 0.660013556 -0.473663449 -0.58311677
vn 0.660013556 -0.473663449 -0.58311677
vn 0.660013556 -0.473663449 -0.58311677
vn 0.115810841 -0.196197823 -0.973701596
vn 0.115810841 -0.196197823 -0.973701596
vn 0.115810841 -0.196197823 -0.973701596
vn 0.115810841 -0.196197823 -0.973701596
vn 0.341227084 0.473663032 -0.811916053
vn 0.341227084 0.473663032 -0.811916053
vn 0.341227084 0.473663032 -0.811916053
vn 0.341227084 0.473663032 -0.811916053
vn 0.885430098 0.196197912 -0.421331614
vn 0.885430098 0.196197912 -0.421331614
vn 0.885430098 0.196197912 -0.421331614
vn 0.885430098 0.196197912 -0.421331614
vn -0.750571311 -0.382683694 -0.538698673
vn -0.750571311 -0.382683694 -0.538698673
vn -0.750571311 -0.382683694 -0.538698673
vn -0.750571311 -0.382683694 -0.538698673
vn -0.310896665 0.923879623 -0.223136172
vn -0.310896665 0.923879623 -0.223136172
vn -0.310896665 0.923879623 -0.223136172
vn -0.310896665 0.923879623 -0.223136172
vn 0.750571311 0.382683754 0.538698673
vn 0.750571311 0.382683754 0.538698673
vn 0.750571311 0.382683754 0.538698673
vn 0.750571311 0.382683754 0.538698673
vn 0.750571311 -0.382683694 0.538698673
vn 0.750571311 -0.382683694 0.538698673
vn 0.750571311 -0.382683694 0.538698673
vn 0.750571311 -0.382683694 0.538698673
vn -0.310896665 -0.923879623 -0.223136172
vn -0.310896665 -0.923879623 -0.223136172
vn -0.310896665 -0.923879623 -0.223136172
vn -0.310896665 -0.923879623 -0.223136172
vn -0.750571311 0.382683754 -0.538698673
vn -0.750571311 0.382683754 -0.538698673
vn -0.750571311 0.382683754 -0.538698673
vn -0.750571311 0.382683754 -0.538698673
vn 0.310896724 0.923879623 0.223136216
vn 0.310896724 0.923879623 0.223136216
vn 0.310896724 0.923879623 0.223136216
vn 0.310896724 0.923879623 0.223136216
vn 0.310896724 -0.923879623 0.223136216
vn 0.310896724 -0.923879623 0.223136216
vn 0.310896724 -0.923879623 0.223136216
vn 0.310896724 -0.923879623 0.223136216
vn -0.783579111 0.329449862 0.52675128
vn -0.783579111 0.329449862 0.52675128
vn -0.783579111 0.329449862 0.52675128
vn -0.783579111 0.329449862 0.52675128
vn -0.248281091 0.329451114 0.910943925
vn -0.248281091 0.329451114 0.910943925
vn -0.248281091 0.329451114 0.910943925
vn -0.248281091 0.329451114 0.910943925
vn -0.248280853 -0.329451501 0.910943747
vn -0.248280853 -0.329451501 0.910943747
vn -0.248280853 -0.329451501 0.910943747
vn -0.248280853 -0.329451501 0.910943747
vn -0.783578873 -0.329449922 0.526751578
vn -0.783578873 -0.329449922 0.526751578
vn -0.783578873 -0.329449922 0.526751578
vn -0.783578873 -0.329449922 0.526751578
vn -0.103456706 0.737125516 0.667789459
vn -0.103456706 0.737125516 0.667789459
vn -0.103456706 0.737125516 0.667789459
vn -0.103456706 0.737125516 0.667789459
vn -0.599559307 0.737126172 0.311727047
vn -0.599559307 0.737126172 0.311727047
vn -0.599559307 0.737126172 0.311727047
vn -0.599559307 0.737126172 0.311727047
vn 0.247340977 -0.305328697 0.919563532
vn 0.247340977 -0.305328697 0.919563532
vn 0.247340977 -0.305328697 0.919563532
vn 0.247340977 -0.305328697 0.919563532
vn 0.247341931 0.305328667 0.919563353
vn 0.247341931 0.305328667 0.919563353
vn 0.247341931 0.305328667 0.919563353
vn 0.247341931 0.305328667 0.919563353
vn -0.950358331 0.305327684 0.0599522889
vn -0.950358331 0.305327684 0.0599522889
vn -0.950358331 0.305327684 0.0599522889
vn -0.950358331 0.305327684 0.0599522889
vn -0.950358272 -0.305327863 0.0599527657
vn -0.950358272 -0.305327863 0.0599527657
vn -0.950358272 -0.305327863 0.0599527657
vn -0.950358272 -0.305327863 0.0599527657
vn -0.599559784 -0.737126052 0.31172657
vn -0.599559784 -0.737126052 0.31172657
vn -0.599559784 -0.737126052 0.31172657
vn -0.599559784 -0.737126052 0.31172657
vn -0.103456497 -0.737125099 0.667790055
vn -0.103456497 -0.737125099 0.667790055
vn -0.103456497 -0.737125099 0.667790055
vn -0.103456497 -0.737125099 0.667790055
vn -0.885727882 -0.196481243 0.420572758
vn -0.885727882 -0.196481243 0.420572758
vn -0.885727882 -0.196481243 0.420572758
vn -0.885727882 -0.196481243 0.420572758
vn -0.88572818 0.196481407 0.420572251
vn -0.88572818 0.196481407 0.420572251
vn -0.88572818 0.196481407 0.420572251
vn -0.88572818 0.196481407 0.420572251
vn -0.340738177 0.474347949 0.811721444
vn -0.340738177 0.474347949 0.811721444
vn -0.340738177 0.474347949 0.811721444
vn -0.340738177 0.474347949 0.811721444
vn -0.114996672 -0.196481332 0.973740876
vn -0.114996672 -0.196481332 0.973740876
vn -0.114996672 -0.196481332 0.973740876
vn -0.114996672 -0.196481332 0.973740876
vn -0.659985781 -0.47434774 0.582591891
vn -0.659985781 -0.47434774 0.582591891
vn -0.659985781 -0.47434774 0.582591891
vn -0.659985781 -0.47434774 0.582591891
vn -0.659985721 0.47434774 0.582591891
vn -0.659985721 0.47434774 0.582591891
vn -0.659985721 0.47434774 0.582591891
vn -0.659985721 0.47434774 0.582591891
vn -0.114996582 0.196481287 0.973740816
vn -0.114996582 0.196481287 0.973740816
vn -0.114996582 0.196481287 0.973740816
vn -0.114996582 0.196481287 0.973740816
vn -0.340738118 -0.474347949 0.811721504
vn -0.340738118 -0.474347949 0.811721504
vn -0.340738118 -0.474347949 0.811721504
vn -0.340738118 -0.474347949 0.811721504
vn -0.115810543 -0.196197912 0.973701477
vn -0.115810543 -0.196197912 0.973701477
vn -0.115810543 -0.196197912 0.973701477
vn -0.115810543 -0.196197912 0.973701477
vn -0.660013616 -0.473663032 0.583117127
vn -0.660013616 -0.473663032 0.583117127
vn -0.660013616 -0.473663032 0.583117127
vn -0.660013616 -0.473663032 0.583117127
vn -0.885430038 0.196197569 0.421331912
vn -0.885430038 0.196197569 0.421331912
vn -0.885430038 0.196197569 0.421331912
vn -0.885430038 0.196197569 0.421331912
vn -0.341227055 0.473662883 0.811916232
vn -0.341227055 0.473662883 0.811916232
vn -0.341227055 0.473662883 0.811916232
vn -0.341227055 0.473662883 0.811916232
vn -0.341226816 -0.473663092 0.811916173
vn -0.341226816 -0.473663092 0.811916173
vn -0.341226816 -0.473663092 0.811916173
vn -0.341226816 -0.473663092 0.811916173
vn -0.885430038 -0.196197569 0.421331912
vn -0.885430038 -0.196197569 0.421331912
vn -0.885430038 -0.196197569 0.421331912
vn -0.885430038 -0.196197569 0.421331912
vn -0.660013616 0.4736633 0.583117068
vn -0.660013616 0.4736633 0.583117068
vn -0.660013616 0.4736633 0.583117068
vn -0.660013616 0.4736633 0.583117068
vn -0.115810543 0.196197912 0.973701477
vn -0.115810543 0.196197912 0.973701477
vn -0.115810543 0.196197912 0.973701477
vn -0.115810543 0.196197912 0.973701477
vn -0.750571311 -0.382683694 -0.538698673
vn -0.750571311 -0.382683694 -0.538698673
vn -0.750571311 -0.382683694 -0.538698673
vn -0.750571311 -0.382683694 -0.538698673
vn -0.310896516 0.923879743 -0.223136082
vn -0.310896516 0.923879743 -0.223136082
vn -0.310896516 0.923879743 -0.223136082
vn -0.310896516 0.923879743 -0.223136082
vn 0.750571311 0.382683724 0.538698673
vn 0.750571311 0.382683724 0.538698673
vn 0.750571311 0.382683724 0.538698673
vn 0.750571311 0.382683724 0.538698673
vn 0.750571311 -0.382683694 0.538698673
vn 0.750571311 -0.382683694 0.538698673
vn 0.750571311 -0.382683694 0.538698673
vn 0.750571311 -0.382683694 0.538698673
vn -0.310896605 -0.923879623 -0.223136127
vn -0.310896605 -0.923879623 -0.223136127
vn -0.310896605 -0.923879623 -0.223136127
vn -0.310896605 -0.923879623 -0.223136127
vn -0.750571311 0.382683724 -0.538698673
vn -0.750571311 0.382683724 -0.538698673
vn -0.750571311 0.382683724 -0.538698673
vn -0.750571311 0.382683724 -0.538698673
vn 0.310896665 0.923879623 0.223136172
vn 0.310896665 0.923879623 0.223136172
vn 0.310896665 0.923879623 0.223136172
vn 0.310896665 0.923879623 0.223136172
vn 0.310896754 -0.923879623 0.223136231
vn 0.310896754 -0.923879623 0.223136231
vn 0.310896754 -0.923879623 0.223136231
vn 0.310896754 -0.923879623 0.223136231
vn 0.583083272 0 -0.81241262
vn 0.583083272 0 -0.81241262
vn 0.583083272 0 -0.81241262
vn 0.583083272 0 -0.81241262
vn 0.583083272 0 -0.81241262
vn 0.583083272 0 -0.81241262
vn 0.583083272 0 -0.81241262
vn 0.583083272 0 -0.81241262
vn 0.583083272 0 -0.81241262
vn -0.583083272 0 0.81241262
vn -0.583083272 0 0.81241262
vn -0.583083272 0 0.81241262
vn -0.583083272 0 0.81241262
vn -0.583083272 0 0.81241262
vn -0.583083272 0 0.81241262
vn -0.583083272 0 0.81241262
vn -0.583083272 0 0.81241262
vn -0.583083272 0 0.81241262
vn -0.583083272 0 0.81241262
vn -0.583083272 0 0.81241262
vn -0.583083272 0 0.81241262
vn -0.583083272 0 0.81241262
vn -0.583083272 0 0.81241262
vn -0.583083272 0 0.81241262
vn -0.583083272 0 0.81241262
vn -0.583083272 0 0.81241262
vn -0.583083272 0 0.81241262
vn 0.583083272 0 -0.81241262
vn 0.583083272 0 -0.81241262
vn 0.583083272 0 -0.81241262
vn 0.583083272 0 -0.81241262
vn 0.583083272 0 -0.81241262
vn 0.583083272 0 -0.81241262
vn 0.583083272 0 -0.81241262
vn 0.583083272 0 -0.81241262
vn 0.583083272 0 -0.81241262
vn -0.763576269 0 0.645717919
vn -0.7635777 0 0.645716369
vn -0.7635777 0 0.645716369
vn -0.7635777 0 0.645716369
vn 0.36739254 0 -0.930066168
vn 0.367390633 0 -0.930067003
vn 0.367390633 0 -0.930067003
vn 0.367390633 0 -0.930067003
vn -0.36739254 0 0.930066168
vn -0.367390633 0 0.930067003
vn -0.367390633 0 0.930067003
vn -0.367390633 0 0.930067003
vn 0.763576269 0 -0.645717919
vn 0.7635777 0 -0.645716369
vn 0.7635777 0 -0.645716369
vn 0.7635777 0 -0.645716369
vn -0.593435526 -0.0317894183 0.804253638
vn -0.608564317 -0.0131674809 0.7933954
vn -0.608564317 -0.0131674809 0.7933954
vn -0.593435526 -0.0317894183 0.804253638
vn -0.593435585 0.0317894407 0.804253578
vn -0.593435526 -0.0317894183 0.804253638
vn -0.593435585 0.0317894407 0.804253578
vn -0.593435526 -0.0317894183 0.804253638
vn -0.593435585 0.0317894407 0.804253578
vn -0.556911528 -0.0131675005 0.830467582
vn -0.593435585 0.0317894407 0.804253578
vn -0.556911528 -0.0131675005 0.830467582
vn -0.556911528 0.0131678656 0.830467582
vn -0.556911528 -0.0131675005 0.830467582
vn -0.556911528 0.0131678656 0.830467582
vn -0.556911528 -0.0131675005 0.830467582
vn 0.572040319 -0.0317897834 -0.819609344
vn 0.556911528 -0.013167846 -0.830467582
vn 0.556911528 -0.013167846 -0.830467582
vn 0.572040319 -0.0317897834 -0.819609344
vn 0.57204026 0.0317901708 -0.819609404
vn 0.572040319 -0.0317897834 -0.819609344
vn 0.57204026 0.0317901708 -0.819609404
vn 0.572040319 -0.0317897834 -0.819609344
vn 0.57204026 0.0317901708 -0.819609404
vn 0.608564377 -0.0131680509 -0.7933954
vn 0.57204026 0.0317901708 -0.819609404
vn 0.608564377 -0.0131680509 -0.7933954
vn 0.608564317 0.0131678656 -0.7933954
vn 0.608564377 -0.0131680509 -0.7933954
vn 0.608564317 0.0131678656 -0.7933954
vn 0.608564377 -0.0131680509 -0.7933954
vn -0.57204026 -0.0317900106 0.819609404
vn -0.556911528 -0.0131678656 0.830467582
vn -0.556911528 -0.0131678656 0.830467582
vn -0.57204026 -0.0317900106 0.819609404
vn -0.57204026 0.0317901857 0.819609404
vn -0.57204026 -0.0317900106 0.819609404
vn -0.57204026 0.0317901857 0.819609404
vn -0.57204026 -0.0317900106 0.819609404
vn -0.57204026 0.0317901857 0.819609404
vn -0.608564317 -0.0131680276 0.7933954
vn -0.57204026 0.0317901857 0.819609404
vn -0.608564317 -0.0131680276 0.7933954
vn -0.608564317 0.013167846 0.79339546
vn -0.608564317 -0.0131680276 0.7933954
vn -0.608564317 0.013167846 0.79339546
vn -0.608564317 -0.0131680276 0.7933954
vn 0.593435585 -0.0317894779 -0.804253578
vn 0.608564317 -0.0131678656 -0.7933954
vn 0.608564317 -0.0131678656 -0.7933954
vn 0.593435585 -0.0317894779 -0.804253578
vn 0.593435585 0.0317894556 -0.804253578
vn 0.593435585 -0.0317894779 -0.804253578
vn 0.593435585 0.0317894556 -0.804253578
vn 0.593435585 -0.0317894779 -0.804253578
vn 0.593435585 0.0317894556 -0.804253578
vn 0.556911528 -0.0131674809 -0.830467582
vn 0.593435585 0.0317894556 -0.804253578
vn 0.556911528 -0.0131674809 -0.830467582
vn 0.556911528 0.013167846 -0.830467522
vn 0.556911528 -0.0131674809 -0.830467582
vn 0.556911528 0.013167846 -0.830467522
vn 0.556911528 -0.0131674809 -0.830467582
vn 0.492730379 0.867496252 -0.0683165267
vn 0.492730379 0.867496252 -0.0683165267
vn 0.492730379 0.867496252 -0.0683165267
vn 0.492730379 0.867496252 -0.0683165267
vn 0.492730379 0.867496252 -0.0683165267
vn 0.492730379 0.867496252 -0.0683165267
vn 0.492730379 0.867496252 -0.0683165267
vn 0.492730379 0.867496252 -0.0683165267
vn 0.492730379 0.867496252 -0.0683165267
vn 0.492730379 0.867496252 -0.0683165267
vn 0.492730379 0.867496252 -0.0683165267
vn 0.492730379 0.867496252 -0.0683165267
vn 0.492730379 0.867496252 -0.0683165267
vn 0.492730379 0.867496252 -0.0683165267
vn 0.492730379 0.867496252 -0.0683165267
vn 0.492730379 0.867496252 -0.0683165267
vn 0.492730379 0.867496252 -0.0683165267
vn 0.492730379 0.867496252 -0.0683165267
vn 0.492730379 0.867496252 -0.0683165267
vn 0.492730379 0.867496252 -0.0683165267
vn 0.492730379 0.867496252 -0.0683165267
vn 0.492730379 0.867496252 -0.0683165267
vn 0.492730379 0.867496252 -0.0683165267
vn 0.492730379 0.867496252 -0.0683165267
vn 0.492730379 0.867496252 -0.0683165267
vn 0.492730379 0.867496252 -0.0683165267
vn 0.492730379 0.867496252 -0.0683165267
vn 0.492730379 0.867496252 -0.0683165267
vn 0.492730379 0.867496252 -0.0683165267
vn 0.492730379 0.867496252 -0.0683165267
vn 0.492730379 0.867496252 -0.0683165267
vn 0.492730379 0.867496252 -0.0683165267
vn 0.492730379 0.867496252 -0.0683165267
vn 0.492730379 0.867496252 -0.0683165267
vn 0.492730379 0.867496252 -0.0683165267
vn 0.492730379 0.867496252 -0.0683165267
vn 0.492730379 0.867496252 -0.0683165267
vn 0.492730379 0.867496252 -0.0683165267
vn 0.492730379 0.867496252 -0.0683165267
vn 0.492730379 0.867496252 -0.0683165267
vn 0.492730379 0.867496252 -0.0683165267
vn 0.492730379 0.867496252 -0.0683165267
vn 0.492730379 0.867496252 -0.0683165267
vn 0.492730379 0.867496252 -0.0683165267
vn 0.492730379 0.867496252 -0.0683165267
vn 0.492730379 0.867496252 -0.0683165267
vn 0.492730379 0.867496252 -0.0683165267
vn 0.492730379 0.867496252 -0.0683165267
vn 0.492730379 0.867496252 -0.0683165267
vn 0.492730379 0.867496252 -0.0683165267
vn 0.492730379 0.867496252 -0.0683165267
vn 0.492730379 0.867496252 -0.0683165267
vn 0.492730379 0.867496252 -0.0683165267
vn 0.492730379 0.867496252 -0.0683165267
vn 0.492730379 0.867496252 -0.0683165267
vn 0.492730379 0.867496252 -0.0683165267
vn 0.492730379 0.867496252 -0.0683165267
vn 0.492730379 0.867496252 -0.0683165267
vn 0.492730379 0.867496252 -0.0683165267
vn 0.492730379 0.867496252 -0.0683165267
vn 0.492730379 0.867496252 -0.0683165267
vn 0.492730379 0.867496252 -0.0683165267
vn 0.492730379 0.867496252 -0.0683165267
vn 0.492730379 0.867496252 -0.0683165267
vn 0.492730379 0.867496252 -0.0683165267
vn 0.492730379 0.867496252 -0.0683165267
vn 0.492730379 0.867496252 -0.0683165267
vn 0.492730379 0.867496252 -0.0683165267
vn 0.492730379 0.867496252 -0.0683165267
vn 0.492730379 0.867496252 -0.0683165267
vn 0.492730379 0.867496252 -0.0683165267
vn 0.492730379 0.867496252 -0.0683165267
vn 0.492730379 0.867496252 -0.0683165267
vn 0.492730379 0.867496252 -0.0683165267
vn 0.492730379 0.867496252 -0.0683165267
vn 0.492730379 0.867496252 -0.0683165267
vn 0.492730379 0.867496252 -0.0683165267
vn 0.492730379 0.867496252 -0.0683165267
vn 0.492730379 0.867496252 -0.0683165267
vn 0.492730379 0.867496252 -0.0683165267
vn 0.492730379 0.867496252 -0.0683165267
vn 0.492730379 0.867496252 -0.0683165267
vn 0.492730379 0.867496252 -0.0683165267
vn 0.492730379 0.867496252 -0.0683165267
vn 0.492730379 0.867496252 -0.0683165267
vn 0.492730379 0.867496252 -0.0683165267
vn 0.492730379 0.867496252 -0.0683165267
vn 0.492730379 0.867496252 -0.0683165267
vn 0.492730379 0.867496252 -0.0683165267
vn 0.492730379 0.867496252 -0.0683165267
vn 0.492730379 0.867496252 -0.0683165267
vn 0.492730379 0.867496252 -0.0683165267
vn 0.492730379 0.867496252 -0.0683165267
vn 0.492730379 0.867496252 -0.0683165267
vn 0.492730379 0.867496252 -0.0683165267
vn 0.492730379 0.867496252 -0.0683165267
vn 0.492730379 0.867496252 -0.0683165267
vn 0.492730379 0.867496252 -0.0683165267
vn 0.492730379 0.867496252 -0.0683165267
vn 0.492730379 0.867496252 -0.0683165267
vn 0.492730379 0.867496252 -0.0683165267
vn 0.492730379 0.867496252 -0.0683165267
vn 0.492730379 0.867496252 -0.0683165267
vn 0.492730379 0.867496252 -0.0683165267
vn 0.492730379 0.867496252 -0.0683165267
vn 0.492730379 0.867496252 -0.0683165267
vn 0.492730379 0.867496252 -0.0683165267
vn 0.492730379 0.867496252 -0.0683165267
vn 0.492730379 0.867496252 -0.0683165267
vn 0.492730379 0.867496252 -0.0683165267
vn 0.492730379 0.867496252 -0.0683165267
vn 0.492730379 0.867496252 -0.0683165267
vn 0.492730379 0.867496252 -0.0683165267
vn 0.492730379 0.867496252 -0.0683165267
vn 0.492730379 0.867496252 -0.0683165267
vn 0.492730379 0.867496252 -0.0683165267
vn 0.492730379 0.867496252 -0.0683165267
vn 0.492730379 0.867496252 -0.0683165267
vn 0.492730379 0.867496252 -0.0683165267
vn 0.492730379 0.867496252 -0.0683165267
vn 0.492730379 0.867496252 -0.0683165267
g Combined Mesh (root: scene) 3_0
f 3/3/3 2/2/2 1/1/1
f 4/4/4 3/3/3 1/1/1
f 7/7/7 6/6/6 5/5/5
f 8/8/8 7/7/7 5/5/5
f 11/11/11 10/10/10 9/9/9
f 12/12/12 11/11/11 9/9/9
f 15/15/15 14/14/14 13/13/13
f 16/16/16 15/15/15 13/13/13
f 19/19/19 18/18/18 17/17/17
f 20/20/20 19/19/19 17/17/17
f 23/23/23 22/22/22 21/21/21
f 24/24/24 23/23/23 21/21/21
f 27/27/27 26/26/26 25/25/25
f 25/25/25 26/26/26 28/28/28
f 26/26/26 29/29/29 28/28/28
f 32/32/32 31/31/31 30/30/30
f 31/31/31 33/33/33 30/30/30
f 33/33/33 34/34/34 30/30/30
f 37/37/37 36/36/36 35/35/35
f 38/38/38 37/37/37 35/35/35
f 41/41/41 40/40/40 39/39/39
f 42/42/42 41/41/41 39/39/39
f 45/45/45 44/44/44 43/43/43
f 46/46/46 45/45/45 43/43/43
f 49/49/49 48/48/48 47/47/47
f 48/48/48 50/50/50 47/47/47
f 48/48/48 51/51/51 50/50/50
f 51/51/51 52/52/52 50/50/50
f 51/51/51 53/53/53 52/52/52
f 53/53/53 54/54/54 52/52/52
f 53/53/53 55/55/55 54/54/54
f 52/52/52 54/54/54 56/56/56
f 57/57/57 52/52/52 56/56/56
f 55/55/55 58/58/58 54/54/54
f 55/55/55 59/59/59 58/58/58
f 59/59/59 60/60/60 58/58/58
f 61/61/61 58/58/58 60/60/60
f 62/62/62 61/61/61 60/60/60
f 59/59/59 63/63/63 60/60/60
f 63/63/63 64/64/64 60/60/60
f 63/63/63 65/65/65 64/64/64
f 65/65/65 66/66/66 64/64/64
f 69/69/69 68/68/68 67/67/67
f 70/70/70 69/69/69 67/67/67
f 73/73/73 72/72/72 71/71/71
f 72/72/72 74/74/74 71/71/71
f 74/74/74 75/75/75 71/71/71
f 75/75/75 76/76/76 71/71/71
f 79/79/79 78/78/78 77/77/77
f 80/80/80 79/79/79 77/77/77
f 83/83/83 82/82/82 81/81/81
f 82/82/82 84/84/84 81/81/81
f 84/84/84 82/82/82 85/85/85
f 86/86/86 84/84/84 85/85/85
f 86/86/86 85/85/85 87/87/87
f 85/85/85 88/88/88 87/87/87
f 91/91/91 90/90/90 89/89/89
f 92/92/92 91/91/91 89/89/89
f 95/95/95 94/94/94 93/93/93
f 96/96/96 95/95/95 93/93/93
f 99/99/99 98/98/98 97/97/97
f 100/100/100 99/99/99 97/97/97
f 100/100/100 97/97/97 101/101/101
f 102/102/102 100/100/100 101/101/101
f 102/102/102 101/101/101 103/103/103
f 104/104/104 102/102/102 103/103/103
f 104/104/104 103/103/103 105/105/105
f 106/106/106 104/104/104 105/105/105
f 106/106/106 105/105/105 107/107/107
f 108/108/108 106/106/106 107/107/107
f 111/111/111 110/110/110 109/109/109
f 112/112/112 111/111/111 109/109/109
f 115/115/115 114/114/114 113/113/113
f 116/116/116 115/115/115 113/113/113
f 119/119/119 118/118/118 117/117/117
f 120/120/120 119/119/119 117/117/117
f 123/123/123 122/122/122 121/121/121
f 124/124/124 123/123/123 121/121/121
f 127/127/127 126/126/126 125/125/125
f 128/128/128 127/127/127 125/125/125
f 131/131/131 130/130/130 129/129/129
f 132/132/132 131/131/131 129/129/129
f 135/135/135 134/134/134 133/133/133
f 136/136/136 135/135/135 133/133/133
f 139/139/139 138/138/138 137/137/137
f 140/140/140 139/139/139 137/137/137
f 143/143/143 142/142/142 141/141/141
f 144/144/144 143/143/143 141/141/141
g Combined Mesh (root: scene) 3_1
f 147/147/147 146/146/146 145/145/145
f 150/150/150 149/149/149 148/148/148
f 153/153/153 152/152/152 151/151/151
f 156/156/156 155/155/155 154/154/154
f 159/159/159 158/158/158 157/157/157
f 162/162/162 161/161/161 160/160/160
f 165/165/165 164/164/164 163/163/163
f 168/168/168 167/167/167 166/166/166
f 171/171/171 170/170/170 169/169/169
f 174/174/174 173/173/173 172/172/172
f 177/177/177 176/176/176 175/175/175
f 180/180/180 179/179/179 178/178/178
f 183/183/183 182/182/182 181/181/181
f 184/184/184 183/183/183 181/181/181
f 187/187/187 186/186/186 185/185/185
f 188/188/188 187/187/187 185/185/185
f 191/191/191 190/190/190 189/189/189
f 192/192/192 191/191/191 189/189/189
f 195/195/195 194/194/194 193/193/193
f 194/194/194 196/196/196 193/193/193
f 196/196/196 198/198/198 197/197/197
f 199/199/199 196/196/196 197/197/197
f 193/193/193 201/201/201 200/200/200
f 202/202/202 193/193/193 200/200/200
f 204/204/204 194/194/194 203/203/203
f 194/194/194 205/205/205 203/203/203
f 205/205/205 193/193/193 206/206/206
f 203/203/203 205/205/205 206/206/206
f 209/209/209 208/208/208 207/207/207
f 210/210/210 209/209/209 207/207/207
f 213/213/213 212/212/212 211/211/211
f 214/214/214 213/213/213 211/211/211
f 214/214/214 216/216/216 215/215/215
f 217/217/217 214/214/214 215/215/215
f 220/220/220 219/219/219 218/218/218
f 221/221/221 220/220/220 218/218/218
f 224/224/224 223/223/223 222/222/222
f 223/223/223 225/225/225 222/222/222
f 225/225/225 223/223/223 226/226/226
f 227/227/227 225/225/225 226/226/226
f 230/230/230 229/229/229 228/228/228
f 231/231/231 230/230/230 228/228/228
f 231/231/231 228/228/228 232/232/232
f 233/233/233 231/231/231 232/232/232
f 236/236/236 235/235/235 234/234/234
f 236/236/236 234/234/234 237/237/237
f 238/238/238 236/236/236 237/237/237
f 238/238/238 240/240/240 239/239/239
f 241/241/241 238/238/238 239/239/239
f 238/238/238 243/243/243 242/242/242
f 244/244/244 238/238/238 242/242/242
f 246/246/246 238/238/238 245/245/245
f 247/247/247 246/246/246 245/245/245
f 248/248/248 246/246/246 247/247/247
f 251/251/251 250/250/250 249/249/249
f 250/250/250 252/252/252 249/249/249
f 249/249/249 252/252/252 253/253/253
f 252/252/252 254/254/254 253/253/253
f 257/257/257 256/256/256 255/255/255
f 258/258/258 257/257/257 255/255/255
f 258/258/258 255/255/255 259/259/259
f 260/260/260 258/258/258 259/259/259
f 260/260/260 259/259/259 261/261/261
f 262/262/262 260/260/260 261/261/261
f 262/262/262 261/261/261 263/263/263
f 264/264/264 262/262/262 263/263/263
f 262/262/262 264/264/264 265/265/265
f 266/266/266 262/262/262 265/265/265
f 260/260/260 262/262/262 266/266/266
f 267/267/267 260/260/260 266/266/266
f 268/268/268 260/260/260 267/267/267
f 269/269/269 268/268/268 267/267/267
f 270/270/270 268/268/268 269/269/269
f 271/271/271 270/270/270 269/269/269
f 274/274/274 273/273/273 272/272/272
f 275/275/275 274/274/274 272/272/272
f 272/272/272 277/277/277 276/276/276
f 277/277/277 278/278/278 276/276/276
f 281/281/281 280/280/280 279/279/279
f 282/282/282 281/281/281 279/279/279
f 285/285/285 284/284/284 283/283/283
f 286/286/286 285/285/285 283/283/283
f 289/289/289 288/288/288 287/287/287
f 290/290/290 289/289/289 287/287/287
f 293/293/293 292/292/292 291/291/291
f 294/294/294 293/293/293 291/291/291
f 297/297/297 296/296/296 295/295/295
f 298/298/298 297/297/297 295/295/295
f 301/301/301 300/300/300 299/299/299
f 302/302/302 301/301/301 299/299/299
f 305/305/305 304/304/304 303/303/303
f 306/306/306 305/305/305 303/303/303
f 309/309/309 308/308/308 307/307/307
f 310/310/310 309/309/309 307/307/307
f 313/313/313 312/312/312 311/311/311
f 314/314/314 313/313/313 311/311/311
f 317/317/317 316/316/316 315/315/315
f 315/315/315 318/318/318 317/317/317
f 318/318/318 319/319/319 317/317/317
f 318/318/318 320/320/320 319/319/319
f 323/323/323 322/322/322 321/321/321
f 324/324/324 323/323/323 321/321/321
f 327/327/327 326/326/326 325/325/325
f 328/328/328 327/327/327 325/325/325
f 331/331/331 330/330/330 329/329/329
f 332/332/332 331/331/331 329/329/329
f 335/335/335 334/334/334 333/333/333
f 336/336/336 335/335/335 333/333/333
f 339/339/339 338/338/338 337/337/337
f 340/340/340 339/339/339 337/337/337
f 343/343/343 342/342/342 341/341/341
f 344/344/344 343/343/343 341/341/341
f 347/347/347 346/346/346 345/345/345
f 348/348/348 347/347/347 345/345/345
f 351/351/351 350/350/350 349/349/349
f 352/352/352 351/351/351 349/349/349
f 355/355/355 354/354/354 353/353/353
f 356/356/356 355/355/355 353/353/353
f 359/359/359 358/358/358 357/357/357
f 360/360/360 359/359/359 357/357/357
f 363/363/363 362/362/362 361/361/361
f 364/364/364 363/363/363 361/361/361
f 367/367/367 366/366/366 365/365/365
f 368/368/368 367/367/367 365/365/365
f 367/367/367 368/368/368 369/369/369
f 370/370/370 367/367/367 369/369/369
f 373/373/373 372/372/372 371/371/371
f 374/374/374 373/373/373 371/371/371
f 377/377/377 376/376/376 375/375/375
f 378/378/378 377/377/377 375/375/375
f 381/381/381 380/380/380 379/379/379
f 382/382/382 381/381/381 379/379/379
f 385/385/385 384/384/384 383/383/383
f 386/386/386 385/385/385 383/383/383
f 389/389/389 388/388/388 387/387/387
f 390/390/390 389/389/389 387/387/387
f 393/393/393 392/392/392 391/391/391
f 394/394/394 393/393/393 391/391/391
f 397/397/397 396/396/396 395/395/395
f 398/398/398 397/397/397 395/395/395
f 401/401/401 400/400/400 399/399/399
f 402/402/402 401/401/401 399/399/399
f 405/405/405 404/404/404 403/403/403
f 406/406/406 405/405/405 403/403/403
f 409/409/409 408/408/408 407/407/407
f 410/410/410 409/409/409 407/407/407
f 413/413/413 412/412/412 411/411/411
f 414/414/414 413/413/413 411/411/411
f 417/417/417 416/416/416 415/415/415
f 418/418/418 417/417/417 415/415/415
f 421/421/421 420/420/420 419/419/419
f 422/422/422 421/421/421 419/419/419
f 425/425/425 424/424/424 423/423/423
f 426/426/426 425/425/425 423/423/423
f 429/429/429 428/428/428 427/427/427
f 430/430/430 429/429/429 427/427/427
f 433/433/433 432/432/432 431/431/431
f 434/434/434 433/433/433 431/431/431
f 437/437/437 436/436/436 435/435/435
f 438/438/438 437/437/437 435/435/435
f 441/441/441 440/440/440 439/439/439
f 442/442/442 441/441/441 439/439/439
f 445/445/445 444/444/444 443/443/443
f 446/446/446 445/445/445 443/443/443
f 449/449/449 448/448/448 447/447/447
f 450/450/450 449/449/449 447/447/447
f 453/453/453 452/452/452 451/451/451
f 454/454/454 453/453/453 451/451/451
f 457/457/457 456/456/456 455/455/455
f 458/458/458 457/457/457 455/455/455
f 461/461/461 460/460/460 459/459/459
f 462/462/462 461/461/461 459/459/459
f 461/461/461 462/462/462 463/463/463
f 464/464/464 461/461/461 463/463/463
f 467/467/467 466/466/466 465/465/465
f 468/468/468 467/467/467 465/465/465
f 471/471/471 470/470/470 469/469/469
f 472/472/472 471/471/471 469/469/469
f 475/475/475 474/474/474 473/473/473
f 476/476/476 475/475/475 473/473/473
f 479/479/479 478/478/478 477/477/477
f 480/480/480 479/479/479 477/477/477
f 483/483/483 482/482/482 481/481/481
f 484/484/484 483/483/483 481/481/481
f 487/487/487 486/486/486 485/485/485
f 488/488/488 487/487/487 485/485/485
f 491/491/491 490/490/490 489/489/489
f 492/492/492 491/491/491 489/489/489
f 495/495/495 494/494/494 493/493/493
f 496/496/496 495/495/495 493/493/493
f 499/499/499 498/498/498 497/497/497
f 500/500/500 499/499/499 497/497/497
f 503/503/503 502/502/502 501/501/501
f 504/504/504 503/503/503 501/501/501
f 507/507/507 506/506/506 505/505/505
f 508/508/508 507/507/507 505/505/505
f 511/511/511 510/510/510 509/509/509
f 512/512/512 511/511/511 509/509/509
f 515/515/515 514/514/514 513/513/513
f 514/514/514 516/516/516 513/513/513
f 513/513/513 518/518/518 517/517/517
f 518/518/518 519/519/519 517/517/517
f 516/516/516 521/521/521 520/520/520
f 521/521/521 522/522/522 520/520/520
f 525/525/525 524/524/524 523/523/523
f 526/526/526 525/525/525 523/523/523
f 529/529/529 528/528/528 527/527/527
f 530/530/530 529/529/529 527/527/527
f 533/533/533 532/532/532 531/531/531
f 534/534/534 533/533/533 531/531/531
f 537/537/537 536/536/536 535/535/535
f 538/538/538 537/537/537 535/535/535
f 540/540/540 537/537/537 539/539/539
f 541/541/541 540/540/540 539/539/539
f 544/544/544 543/543/543 542/542/542
f 545/545/545 544/544/544 542/542/542
f 548/548/548 547/547/547 546/546/546
f 549/549/549 548/548/548 546/546/546
f 552/552/552 551/551/551 550/550/550
f 553/553/553 552/552/552 550/550/550
f 556/556/556 555/555/555 554/554/554
f 557/557/557 556/556/556 554/554/554
f 560/560/560 559/559/559 558/558/558
f 561/561/561 560/560/560 558/558/558
f 564/564/564 563/563/563 562/562/562
f 565/565/565 564/564/564 562/562/562
f 568/568/568 567/567/567 566/566/566
f 569/569/569 568/568/568 566/566/566
f 572/572/572 571/571/571 570/570/570
f 573/573/573 572/572/572 570/570/570
f 576/576/576 575/575/575 574/574/574
f 577/577/577 576/576/576 574/574/574
f 580/580/580 579/579/579 578/578/578
f 581/581/581 580/580/580 578/578/578
f 578/578/578 583/583/583 582/582/582
f 583/583/583 584/584/584 582/582/582
f 587/587/587 586/586/586 585/585/585
f 588/588/588 587/587/587 585/585/585
f 591/591/591 590/590/590 589/589/589
f 592/592/592 591/591/591 589/589/589
f 595/595/595 594/594/594 593/593/593
f 596/596/596 595/595/595 593/593/593
f 599/599/599 598/598/598 597/597/597
f 600/600/600 599/599/599 597/597/597
f 603/603/603 602/602/602 601/601/601
f 604/604/604 603/603/603 601/601/601
f 607/607/607 606/606/606 605/605/605
f 608/608/608 607/607/607 605/605/605
f 611/611/611 610/610/610 609/609/609
f 612/612/612 611/611/611 609/609/609
f 615/615/615 614/614/614 613/613/613
f 616/616/616 615/615/615 613/613/613
f 619/619/619 618/618/618 617/617/617
f 620/620/620 619/619/619 617/617/617
f 623/623/623 622/622/622 621/621/621
f 624/624/624 623/623/623 621/621/621
f 627/627/627 626/626/626 625/625/625
f 628/628/628 627/627/627 625/625/625
f 631/631/631 630/630/630 629/629/629
f 632/632/632 631/631/631 629/629/629
f 635/635/635 634/634/634 633/633/633
f 636/636/636 635/635/635 633/633/633
f 639/639/639 638/638/638 637/637/637
f 640/640/640 639/639/639 637/637/637
f 643/643/643 642/642/642 641/641/641
f 644/644/644 643/643/643 641/641/641
f 646/646/646 644/644/644 645/645/645
f 644/644/644 647/647/647 645/645/645
f 641/641/641 648/648/648 647/647/647
f 649/649/649 641/641/641 647/647/647
f 643/643/643 651/651/651 650/650/650
f 652/652/652 643/643/643 650/650/650
f 641/641/641 652/652/652 653/653/653
f 652/652/652 650/650/650 653/653/653
f 656/656/656 655/655/655 654/654/654
f 657/657/657 656/656/656 654/654/654
f 660/660/660 659/659/659 658/658/658
f 659/659/659 661/661/661 658/658/658
f 661/661/661 663/663/663 662/662/662
f 664/664/664 661/661/661 662/662/662
f 667/667/667 666/666/666 665/665/665
f 668/668/668 667/667/667 665/665/665
f 671/671/671 670/670/670 669/669/669
f 672/672/672 671/671/671 669/669/669
f 671/671/671 672/672/672 673/673/673
f 672/672/672 674/674/674 673/673/673
f 677/677/677 676/676/676 675/675/675
f 676/676/676 678/678/678 675/675/675
f 675/675/675 678/678/678 679/679/679
f 678/678/678 680/680/680 679/679/679
f 683/683/683 682/682/682 681/681/681
f 684/684/684 683/683/683 681/681/681
f 684/684/684 681/681/681 685/685/685
f 686/686/686 684/684/684 685/685/685
f 689/689/689 688/688/688 687/687/687
f 690/690/690 689/689/689 687/687/687
f 692/692/692 687/687/687 691/691/691
f 693/693/693 692/692/692 691/691/691
f 696/696/696 695/695/695 694/694/694
f 697/697/697 696/696/696 694/694/694
f 700/700/700 699/699/699 698/698/698
f 701/701/701 700/700/700 698/698/698
f 704/704/704 703/703/703 702/702/702
f 705/705/705 704/704/704 702/702/702
f 708/708/708 707/707/707 706/706/706
f 709/709/709 708/708/708 706/706/706
f 712/712/712 711/711/711 710/710/710
f 713/713/713 712/712/712 710/710/710
f 716/716/716 715/715/715 714/714/714
f 717/717/717 716/716/716 714/714/714
f 720/720/720 719/719/719 718/718/718
f 721/721/721 720/720/720 718/718/718
f 724/724/724 723/723/723 722/722/722
f 725/725/725 724/724/724 722/722/722
f 728/728/728 727/727/727 726/726/726
f 729/729/729 728/728/728 726/726/726
f 732/732/732 731/731/731 730/730/730
f 730/730/730 733/733/733 732/732/732
f 733/733/733 734/734/734 732/732/732
f 733/733/733 735/735/735 734/734/734
f 738/738/738 737/737/737 736/736/736
f 739/739/739 738/738/738 736/736/736
f 742/742/742 741/741/741 740/740/740
f 743/743/743 742/742/742 740/740/740
f 746/746/746 745/745/745 744/744/744
f 747/747/747 746/746/746 744/744/744
f 750/750/750 749/749/749 748/748/748
f 751/751/751 750/750/750 748/748/748
f 754/754/754 753/753/753 752/752/752
f 755/755/755 754/754/754 752/752/752
f 758/758/758 757/757/757 756/756/756
f 759/759/759 758/758/758 756/756/756
f 762/762/762 761/761/761 760/760/760
f 763/763/763 762/762/762 760/760/760
f 766/766/766 765/765/765 764/764/764
f 767/767/767 766/766/766 764/764/764
f 770/770/770 769/769/769 768/768/768
f 771/771/771 770/770/770 768/768/768
f 774/774/774 773/773/773 772/772/772
f 775/775/775 774/774/774 772/772/772
f 778/778/778 777/777/777 776/776/776
f 779/779/779 778/778/778 776/776/776
f 782/782/782 781/781/781 780/780/780
f 783/783/783 782/782/782 780/780/780
f 786/786/786 785/785/785 784/784/784
f 787/787/787 786/786/786 784/784/784
f 790/790/790 789/789/789 788/788/788
f 791/791/791 790/790/790 788/788/788
f 794/794/794 793/793/793 792/792/792
f 795/795/795 794/794/794 792/792/792
f 798/798/798 797/797/797 796/796/796
f 799/799/799 798/798/798 796/796/796
f 802/802/802 801/801/801 800/800/800
f 803/803/803 802/802/802 800/800/800
f 806/806/806 805/805/805 804/804/804
f 807/807/807 806/806/806 804/804/804
f 810/810/810 809/809/809 808/808/808
f 811/811/811 810/810/810 808/808/808
f 814/814/814 813/813/813 812/812/812
f 815/815/815 814/814/814 812/812/812
f 818/818/818 817/817/817 816/816/816
f 819/819/819 818/818/818 816/816/816
f 822/822/822 821/821/821 820/820/820
f 823/823/823 822/822/822 820/820/820
f 826/826/826 825/825/825 824/824/824
f 827/827/827 826/826/826 824/824/824
f 830/830/830 829/829/829 828/828/828
f 831/831/831 830/830/830 828/828/828
f 834/834/834 833/833/833 832/832/832
f 835/835/835 834/834/834 832/832/832
f 838/838/838 837/837/837 836/836/836
f 839/839/839 838/838/838 836/836/836
f 842/842/842 841/841/841 840/840/840
f 843/843/843 842/842/842 840/840/840
f 846/846/846 845/845/845 844/844/844
f 847/847/847 846/846/846 844/844/844
f 850/850/850 849/849/849 848/848/848
f 851/851/851 850/850/850 848/848/848
f 854/854/854 853/853/853 852/852/852
f 855/855/855 854/854/854 852/852/852
f 858/858/858 857/857/857 856/856/856
f 859/859/859 858/858/858 856/856/856
f 862/862/862 861/861/861 860/860/860
f 863/863/863 862/862/862 860/860/860
f 866/866/866 865/865/865 864/864/864
f 867/867/867 866/866/866 864/864/864
f 870/870/870 869/869/869 868/868/868
f 871/871/871 870/870/870 868/868/868
f 874/874/874 873/873/873 872/872/872
f 875/875/875 874/874/874 872/872/872
f 878/878/878 877/877/877 876/876/876
f 879/879/879 878/878/878 876/876/876
f 882/882/882 881/881/881 880/880/880
f 883/883/883 882/882/882 880/880/880
f 886/886/886 885/885/885 884/884/884
f 887/887/887 886/886/886 884/884/884
f 890/890/890 889/889/889 888/888/888
f 891/891/891 890/890/890 888/888/888
f 894/894/894 893/893/893 892/892/892
f 895/895/895 894/894/894 892/892/892
f 898/898/898 897/897/897 896/896/896
f 899/899/899 898/898/898 896/896/896
f 902/902/902 901/901/901 900/900/900
f 903/903/903 902/902/902 900/900/900
f 906/906/906 905/905/905 904/904/904
f 907/907/907 906/906/906 904/904/904
f 910/910/910 909/909/909 908/908/908
f 911/911/911 910/910/910 908/908/908
f 914/914/914 913/913/913 912/912/912
f 915/915/915 914/914/914 912/912/912
f 918/918/918 917/917/917 916/916/916
f 919/919/919 918/918/918 916/916/916
f 921/921/921 916/916/916 920/920/920
f 922/922/922 921/921/921 920/920/920
f 924/924/924 919/919/919 923/923/923
f 925/925/925 924/924/924 923/923/923
f 928/928/928 927/927/927 926/926/926
f 929/929/929 928/928/928 926/926/926
f 932/932/932 931/931/931 930/930/930
f 933/933/933 932/932/932 930/930/930
f 936/936/936 935/935/935 934/934/934
f 937/937/937 936/936/936 934/934/934
f 940/940/940 939/939/939 938/938/938
f 941/941/941 940/940/940 938/938/938
f 944/944/944 943/943/943 942/942/942
f 945/945/945 944/944/944 942/942/942
f 948/948/948 947/947/947 946/946/946
f 949/949/949 948/948/948 946/946/946
f 952/952/952 951/951/951 950/950/950
f 953/953/953 952/952/952 950/950/950
f 956/956/956 955/955/955 954/954/954
f 957/957/957 956/956/956 954/954/954
f 960/960/960 959/959/959 958/958/958
f 961/961/961 960/960/960 958/958/958
f 964/964/964 963/963/963 962/962/962
f 965/965/965 964/964/964 962/962/962
f 968/968/968 967/967/967 966/966/966
f 969/969/969 968/968/968 966/966/966
f 972/972/972 971/971/971 970/970/970
f 973/973/973 972/972/972 970/970/970
f 976/976/976 975/975/975 974/974/974
f 977/977/977 976/976/976 974/974/974
f 980/980/980 979/979/979 978/978/978
f 981/981/981 980/980/980 978/978/978
f 984/984/984 983/983/983 982/982/982
f 985/985/985 984/984/984 982/982/982
f 987/987/987 982/982/982 986/986/986
f 988/988/988 987/987/987 986/986/986
f 991/991/991 990/990/990 989/989/989
f 992/992/992 991/991/991 989/989/989
f 995/995/995 994/994/994 993/993/993
f 996/996/996 995/995/995 993/993/993
f 999/999/999 998/998/998 997/997/997
f 1000/1000/1000 999/999/999 997/997/997
f 1003/1003/1003 1002/1002/1002 1001/1001/1001
f 1004/1004/1004 1003/1003/1003 1001/1001/1001
f 1007/1007/1007 1006/1006/1006 1005/1005/1005
f 1008/1008/1008 1007/1007/1007 1005/1005/1005
f 1011/1011/1011 1010/1010/1010 1009/1009/1009
f 1012/1012/1012 1011/1011/1011 1009/1009/1009
f 1015/1015/1015 1014/1014/1014 1013/1013/1013
f 1016/1016/1016 1015/1015/1015 1013/1013/1013
f 1019/1019/1019 1018/1018/1018 1017/1017/1017
f 1020/1020/1020 1019/1019/1019 1017/1017/1017
f 1023/1023/1023 1022/1022/1022 1021/1021/1021
f 1024/1024/1024 1023/1023/1023 1021/1021/1021
f 1027/1027/1027 1026/1026/1026 1025/1025/1025
f 1028/1028/1028 1027/1027/1027 1025/1025/1025
f 1031/1031/1031 1030/1030/1030 1029/1029/1029
f 1032/1032/1032 1031/1031/1031 1029/1029/1029
f 1035/1035/1035 1034/1034/1034 1033/1033/1033
f 1036/1036/1036 1035/1035/1035 1033/1033/1033
f 1039/1039/1039 1038/1038/1038 1037/1037/1037
f 1040/1040/1040 1039/1039/1039 1037/1037/1037
f 1043/1043/1043 1042/1042/1042 1041/1041/1041
f 1044/1044/1044 1043/1043/1043 1041/1041/1041
f 1047/1047/1047 1046/1046/1046 1045/1045/1045
f 1048/1048/1048 1047/1047/1047 1045/1045/1045
f 1051/1051/1051 1050/1050/1050 1049/1049/1049
f 1052/1052/1052 1051/1051/1051 1049/1049/1049
f 1055/1055/1055 1054/1054/1054 1053/1053/1053
f 1056/1056/1056 1055/1055/1055 1053/1053/1053
f 1059/1059/1059 1058/1058/1058 1057/1057/1057
f 1060/1060/1060 1059/1059/1059 1057/1057/1057
f 1063/1063/1063 1062/1062/1062 1061/1061/1061
f 1064/1064/1064 1063/1063/1063 1061/1061/1061
f 1067/1067/1067 1066/1066/1066 1065/1065/1065
f 1068/1068/1068 1067/1067/1067 1065/1065/1065
f 1071/1071/1071 1070/1070/1070 1069/1069/1069
f 1072/1072/1072 1071/1071/1071 1069/1069/1069
f 1075/1075/1075 1074/1074/1074 1073/1073/1073
f 1076/1076/1076 1075/1075/1075 1073/1073/1073
f 1079/1079/1079 1078/1078/1078 1077/1077/1077
f 1080/1080/1080 1079/1079/1079 1077/1077/1077
f 1083/1083/1083 1082/1082/1082 1081/1081/1081
f 1084/1084/1084 1083/1083/1083 1081/1081/1081
f 1087/1087/1087 1086/1086/1086 1085/1085/1085
f 1088/1088/1088 1087/1087/1087 1085/1085/1085
f 1091/1091/1091 1090/1090/1090 1089/1089/1089
f 1092/1092/1092 1091/1091/1091 1089/1089/1089
f 1095/1095/1095 1094/1094/1094 1093/1093/1093
f 1096/1096/1096 1095/1095/1095 1093/1093/1093
f 1099/1099/1099 1098/1098/1098 1097/1097/1097
f 1100/1100/1100 1099/1099/1099 1097/1097/1097
f 1103/1103/1103 1102/1102/1102 1101/1101/1101
f 1104/1104/1104 1103/1103/1103 1101/1101/1101
f 1107/1107/1107 1106/1106/1106 1105/1105/1105
f 1108/1108/1108 1107/1107/1107 1105/1105/1105
f 1111/1111/1111 1110/1110/1110 1109/1109/1109
f 1112/1112/1112 1111/1111/1111 1109/1109/1109
f 1115/1115/1115 1114/1114/1114 1113/1113/1113
f 1116/1116/1116 1115/1115/1115 1113/1113/1113
f 1119/1119/1119 1118/1118/1118 1117/1117/1117
f 1120/1120/1120 1119/1119/1119 1117/1117/1117
f 1123/1123/1123 1122/1122/1122 1121/1121/1121
f 1124/1124/1124 1123/1123/1123 1121/1121/1121
f 1127/1127/1127 1126/1126/1126 1125/1125/1125
f 1128/1128/1128 1127/1127/1127 1125/1125/1125
f 1131/1131/1131 1130/1130/1130 1129/1129/1129
f 1132/1132/1132 1131/1131/1131 1129/1129/1129
f 1135/1135/1135 1134/1134/1134 1133/1133/1133
f 1136/1136/1136 1135/1135/1135 1133/1133/1133
f 1139/1139/1139 1138/1138/1138 1137/1137/1137
f 1140/1140/1140 1139/1139/1139 1137/1137/1137
f 1143/1143/1143 1142/1142/1142 1141/1141/1141
f 1144/1144/1144 1143/1143/1143 1141/1141/1141
f 1147/1147/1147 1146/1146/1146 1145/1145/1145
f 1148/1148/1148 1147/1147/1147 1145/1145/1145
f 1151/1151/1151 1150/1150/1150 1149/1149/1149
f 1152/1152/1152 1151/1151/1151 1149/1149/1149
f 1155/1155/1155 1154/1154/1154 1153/1153/1153
f 1156/1156/1156 1155/1155/1155 1153/1153/1153
f 1159/1159/1159 1158/1158/1158 1157/1157/1157
f 1160/1160/1160 1159/1159/1159 1157/1157/1157
f 1163/1163/1163 1162/1162/1162 1161/1161/1161
f 1164/1164/1164 1163/1163/1163 1161/1161/1161
f 1167/1167/1167 1166/1166/1166 1165/1165/1165
f 1168/1168/1168 1167/1167/1167 1165/1165/1165
f 1171/1171/1171 1170/1170/1170 1169/1169/1169
f 1172/1172/1172 1171/1171/1171 1169/1169/1169
f 1175/1175/1175 1174/1174/1174 1173/1173/1173
f 1176/1176/1176 1175/1175/1175 1173/1173/1173
f 1179/1179/1179 1178/1178/1178 1177/1177/1177
f 1180/1180/1180 1179/1179/1179 1177/1177/1177
f 1183/1183/1183 1182/1182/1182 1181/1181/1181
f 1184/1184/1184 1183/1183/1183 1181/1181/1181
f 1187/1187/1187 1186/1186/1186 1185/1185/1185
f 1188/1188/1188 1187/1187/1187 1185/1185/1185
f 1191/1191/1191 1190/1190/1190 1189/1189/1189
f 1192/1192/1192 1191/1191/1191 1189/1189/1189
f 1195/1195/1195 1194/1194/1194 1193/1193/1193
f 1196/1196/1196 1195/1195/1195 1193/1193/1193
f 1199/1199/1199 1198/1198/1198 1197/1197/1197
f 1200/1200/1200 1199/1199/1199 1197/1197/1197
f 1203/1203/1203 1202/1202/1202 1201/1201/1201
f 1204/1204/1204 1203/1203/1203 1201/1201/1201
f 1207/1207/1207 1206/1206/1206 1205/1205/1205
f 1208/1208/1208 1207/1207/1207 1205/1205/1205
f 1211/1211/1211 1210/1210/1210 1209/1209/1209
f 1212/1212/1212 1211/1211/1211 1209/1209/1209
f 1215/1215/1215 1214/1214/1214 1213/1213/1213
f 1216/1216/1216 1215/1215/1215 1213/1213/1213
f 1219/1219/1219 1218/1218/1218 1217/1217/1217
f 1220/1220/1220 1219/1219/1219 1217/1217/1217
f 1223/1223/1223 1222/1222/1222 1221/1221/1221
f 1224/1224/1224 1223/1223/1223 1221/1221/1221
f 1227/1227/1227 1226/1226/1226 1225/1225/1225
f 1228/1228/1228 1227/1227/1227 1225/1225/1225
f 1231/1231/1231 1230/1230/1230 1229/1229/1229
f 1232/1232/1232 1231/1231/1231 1229/1229/1229
f 1235/1235/1235 1234/1234/1234 1233/1233/1233
f 1236/1236/1236 1235/1235/1235 1233/1233/1233
f 1239/1239/1239 1238/1238/1238 1237/1237/1237
f 1240/1240/1240 1239/1239/1239 1237/1237/1237
f 1243/1243/1243 1242/1242/1242 1241/1241/1241
f 1244/1244/1244 1243/1243/1243 1241/1241/1241
f 1247/1247/1247 1246/1246/1246 1245/1245/1245
f 1248/1248/1248 1247/1247/1247 1245/1245/1245
f 1251/1251/1251 1250/1250/1250 1249/1249/1249
f 1252/1252/1252 1251/1251/1251 1249/1249/1249
f 1255/1255/1255 1254/1254/1254 1253/1253/1253
f 1256/1256/1256 1255/1255/1255 1253/1253/1253
f 1259/1259/1259 1258/1258/1258 1257/1257/1257
f 1260/1260/1260 1259/1259/1259 1257/1257/1257
f 1263/1263/1263 1262/1262/1262 1261/1261/1261
f 1264/1264/1264 1263/1263/1263 1261/1261/1261
f 1267/1267/1267 1266/1266/1266 1265/1265/1265
f 1268/1268/1268 1267/1267/1267 1265/1265/1265
f 1271/1271/1271 1270/1270/1270 1269/1269/1269
f 1272/1272/1272 1271/1271/1271 1269/1269/1269
f 1275/1275/1275 1274/1274/1274 1273/1273/1273
f 1276/1276/1276 1275/1275/1275 1273/1273/1273
f 1279/1279/1279 1278/1278/1278 1277/1277/1277
f 1280/1280/1280 1279/1279/1279 1277/1277/1277
f 1283/1283/1283 1282/1282/1282 1281/1281/1281
f 1284/1284/1284 1283/1283/1283 1281/1281/1281
f 1287/1287/1287 1286/1286/1286 1285/1285/1285
f 1288/1288/1288 1287/1287/1287 1285/1285/1285
f 1291/1291/1291 1290/1290/1290 1289/1289/1289
f 1292/1292/1292 1291/1291/1291 1289/1289/1289
f 1295/1295/1295 1294/1294/1294 1293/1293/1293
f 1296/1296/1296 1295/1295/1295 1293/1293/1293
f 1299/1299/1299 1298/1298/1298 1297/1297/1297
f 1300/1300/1300 1299/1299/1299 1297/1297/1297
f 1303/1303/1303 1302/1302/1302 1301/1301/1301
f 1304/1304/1304 1303/1303/1303 1301/1301/1301
f 1307/1307/1307 1306/1306/1306 1305/1305/1305
f 1308/1308/1308 1307/1307/1307 1305/1305/1305
f 1311/1311/1311 1310/1310/1310 1309/1309/1309
f 1312/1312/1312 1311/1311/1311 1309/1309/1309
f 1315/1315/1315 1314/1314/1314 1313/1313/1313
f 1316/1316/1316 1315/1315/1315 1313/1313/1313
f 1319/1319/1319 1318/1318/1318 1317/1317/1317
f 1320/1320/1320 1319/1319/1319 1317/1317/1317
f 1323/1323/1323 1322/1322/1322 1321/1321/1321
f 1324/1324/1324 1323/1323/1323 1321/1321/1321
f 1327/1327/1327 1326/1326/1326 1325/1325/1325
f 1328/1328/1328 1327/1327/1327 1325/1325/1325
f 1331/1331/1331 1330/1330/1330 1329/1329/1329
f 1332/1332/1332 1331/1331/1331 1329/1329/1329
f 1335/1335/1335 1334/1334/1334 1333/1333/1333
f 1336/1336/1336 1335/1335/1335 1333/1333/1333
f 1339/1339/1339 1338/1338/1338 1337/1337/1337
f 1340/1340/1340 1339/1339/1339 1337/1337/1337
f 1343/1343/1343 1342/1342/1342 1341/1341/1341
f 1344/1344/1344 1343/1343/1343 1341/1341/1341
f 1347/1347/1347 1346/1346/1346 1345/1345/1345
f 1348/1348/1348 1347/1347/1347 1345/1345/1345
f 1351/1351/1351 1350/1350/1350 1349/1349/1349
f 1352/1352/1352 1351/1351/1351 1349/1349/1349
f 1355/1355/1355 1354/1354/1354 1353/1353/1353
f 1356/1356/1356 1355/1355/1355 1353/1353/1353
f 1359/1359/1359 1358/1358/1358 1357/1357/1357
f 1360/1360/1360 1359/1359/1359 1357/1357/1357
f 1363/1363/1363 1362/1362/1362 1361/1361/1361
f 1364/1364/1364 1363/1363/1363 1361/1361/1361
f 1367/1367/1367 1366/1366/1366 1365/1365/1365
f 1368/1368/1368 1367/1367/1367 1365/1365/1365
f 1371/1371/1371 1370/1370/1370 1369/1369/1369
f 1372/1372/1372 1371/1371/1371 1369/1369/1369
f 1375/1375/1375 1374/1374/1374 1373/1373/1373
f 1376/1376/1376 1375/1375/1375 1373/1373/1373
f 1379/1379/1379 1378/1378/1378 1377/1377/1377
f 1380/1380/1380 1379/1379/1379 1377/1377/1377
f 1383/1383/1383 1382/1382/1382 1381/1381/1381
f 1384/1384/1384 1383/1383/1383 1381/1381/1381
f 1387/1387/1387 1386/1386/1386 1385/1385/1385
f 1388/1388/1388 1387/1387/1387 1385/1385/1385
f 1391/1391/1391 1390/1390/1390 1389/1389/1389
f 1392/1392/1392 1391/1391/1391 1389/1389/1389
f 1395/1395/1395 1394/1394/1394 1393/1393/1393
f 1396/1396/1396 1395/1395/1395 1393/1393/1393
f 1399/1399/1399 1398/1398/1398 1397/1397/1397
f 1400/1400/1400 1399/1399/1399 1397/1397/1397
f 1403/1403/1403 1402/1402/1402 1401/1401/1401
f 1404/1404/1404 1403/1403/1403 1401/1401/1401
f 1407/1407/1407 1406/1406/1406 1405/1405/1405
f 1408/1408/1408 1407/1407/1407 1405/1405/1405
f 1411/1411/1411 1410/1410/1410 1409/1409/1409
f 1412/1412/1412 1411/1411/1411 1409/1409/1409
f 1415/1415/1415 1414/1414/1414 1413/1413/1413
f 1416/1416/1416 1415/1415/1415 1413/1413/1413
f 1419/1419/1419 1418/1418/1418 1417/1417/1417
f 1420/1420/1420 1419/1419/1419 1417/1417/1417
f 1423/1423/1423 1422/1422/1422 1421/1421/1421
f 1424/1424/1424 1423/1423/1423 1421/1421/1421
f 1427/1427/1427 1426/1426/1426 1425/1425/1425
f 1428/1428/1428 1427/1427/1427 1425/1425/1425
f 1431/1431/1431 1430/1430/1430 1429/1429/1429
f 1432/1432/1432 1431/1431/1431 1429/1429/1429
f 1435/1435/1435 1434/1434/1434 1433/1433/1433
f 1436/1436/1436 1435/1435/1435 1433/1433/1433
f 1439/1439/1439 1438/1438/1438 1437/1437/1437
f 1440/1440/1440 1439/1439/1439 1437/1437/1437
f 1443/1443/1443 1442/1442/1442 1441/1441/1441
f 1444/1444/1444 1443/1443/1443 1441/1441/1441
f 1447/1447/1447 1446/1446/1446 1445/1445/1445
f 1448/1448/1448 1447/1447/1447 1445/1445/1445
f 1451/1451/1451 1450/1450/1450 1449/1449/1449
f 1452/1452/1452 1451/1451/1451 1449/1449/1449
f 1455/1455/1455 1454/1454/1454 1453/1453/1453
f 1456/1456/1456 1455/1455/1455 1453/1453/1453
f 1459/1459/1459 1458/1458/1458 1457/1457/1457
f 1460/1460/1460 1459/1459/1459 1457/1457/1457
f 1463/1463/1463 1462/1462/1462 1461/1461/1461
f 1464/1464/1464 1463/1463/1463 1461/1461/1461
f 1467/1467/1467 1466/1466/1466 1465/1465/1465
f 1468/1468/1468 1467/1467/1467 1465/1465/1465
f 1471/1471/1471 1470/1470/1470 1469/1469/1469
f 1472/1472/1472 1471/1471/1471 1469/1469/1469
f 1475/1475/1475 1474/1474/1474 1473/1473/1473
f 1476/1476/1476 1475/1475/1475 1473/1473/1473
f 1479/1479/1479 1478/1478/1478 1477/1477/1477
f 1480/1480/1480 1479/1479/1479 1477/1477/1477
f 1483/1483/1483 1482/1482/1482 1481/1481/1481
f 1484/1484/1484 1483/1483/1483 1481/1481/1481
f 1487/1487/1487 1486/1486/1486 1485/1485/1485
f 1488/1488/1488 1487/1487/1487 1485/1485/1485
f 1491/1491/1491 1490/1490/1490 1489/1489/1489
f 1492/1492/1492 1491/1491/1491 1489/1489/1489
f 1495/1495/1495 1494/1494/1494 1493/1493/1493
f 1496/1496/1496 1495/1495/1495 1493/1493/1493
f 1499/1499/1499 1498/1498/1498 1497/1497/1497
f 1500/1500/1500 1499/1499/1499 1497/1497/1497
f 1503/1503/1503 1502/1502/1502 1501/1501/1501
f 1504/1504/1504 1503/1503/1503 1501/1501/1501
f 1507/1507/1507 1506/1506/1506 1505/1505/1505
f 1508/1508/1508 1507/1507/1507 1505/1505/1505
f 1511/1511/1511 1510/1510/1510 1509/1509/1509
f 1512/1512/1512 1511/1511/1511 1509/1509/1509
f 1515/1515/1515 1514/1514/1514 1513/1513/1513
f 1516/1516/1516 1515/1515/1515 1513/1513/1513
f 1519/1519/1519 1518/1518/1518 1517/1517/1517
f 1520/1520/1520 1519/1519/1519 1517/1517/1517
f 1523/1523/1523 1522/1522/1522 1521/1521/1521
f 1524/1524/1524 1523/1523/1523 1521/1521/1521
f 1527/1527/1527 1526/1526/1526 1525/1525/1525
f 1528/1528/1528 1527/1527/1527 1525/1525/1525
f 1531/1531/1531 1530/1530/1530 1529/1529/1529
f 1532/1532/1532 1531/1531/1531 1529/1529/1529
f 1535/1535/1535 1534/1534/1534 1533/1533/1533
f 1536/1536/1536 1535/1535/1535 1533/1533/1533
f 1539/1539/1539 1538/1538/1538 1537/1537/1537
f 1540/1540/1540 1539/1539/1539 1537/1537/1537
f 1543/1543/1543 1542/1542/1542 1541/1541/1541
f 1544/1544/1544 1543/1543/1543 1541/1541/1541
f 1547/1547/1547 1546/1546/1546 1545/1545/1545
f 1548/1548/1548 1547/1547/1547 1545/1545/1545
f 1551/1551/1551 1550/1550/1550 1549/1549/1549
f 1552/1552/1552 1551/1551/1551 1549/1549/1549
f 1555/1555/1555 1554/1554/1554 1553/1553/1553
f 1556/1556/1556 1555/1555/1555 1553/1553/1553
f 1559/1559/1559 1558/1558/1558 1557/1557/1557
f 1560/1560/1560 1559/1559/1559 1557/1557/1557
f 1563/1563/1563 1562/1562/1562 1561/1561/1561
f 1564/1564/1564 1563/1563/1563 1561/1561/1561
f 1567/1567/1567 1566/1566/1566 1565/1565/1565
f 1568/1568/1568 1567/1567/1567 1565/1565/1565
f 1571/1571/1571 1570/1570/1570 1569/1569/1569
f 1572/1572/1572 1571/1571/1571 1569/1569/1569
f 1575/1575/1575 1574/1574/1574 1573/1573/1573
f 1576/1576/1576 1575/1575/1575 1573/1573/1573
f 1579/1579/1579 1578/1578/1578 1577/1577/1577
f 1580/1580/1580 1579/1579/1579 1577/1577/1577
f 1583/1583/1583 1582/1582/1582 1581/1581/1581
f 1584/1584/1584 1583/1583/1583 1581/1581/1581
f 1587/1587/1587 1586/1586/1586 1585/1585/1585
f 1588/1588/1588 1587/1587/1587 1585/1585/1585
f 1591/1591/1591 1590/1590/1590 1589/1589/1589
f 1592/1592/1592 1591/1591/1591 1589/1589/1589
f 1595/1595/1595 1594/1594/1594 1593/1593/1593
f 1596/1596/1596 1595/1595/1595 1593/1593/1593
f 1599/1599/1599 1598/1598/1598 1597/1597/1597
f 1600/1600/1600 1599/1599/1599 1597/1597/1597
f 1603/1603/1603 1602/1602/1602 1601/1601/1601
f 1604/1604/1604 1603/1603/1603 1601/1601/1601
f 1607/1607/1607 1606/1606/1606 1605/1605/1605
f 1608/1608/1608 1607/1607/1607 1605/1605/1605
f 1611/1611/1611 1610/1610/1610 1609/1609/1609
f 1612/1612/1612 1611/1611/1611 1609/1609/1609
f 1612/1612/1612 1609/1609/1609 1613/1613/1613
f 1614/1614/1614 1611/1611/1611 1612/1612/1612
f 1615/1615/1615 1612/1612/1612 1613/1613/1613
f 1616/1616/1616 1614/1614/1614 1612/1612/1612
f 1616/1616/1616 1612/1612/1612 1615/1615/1615
f 1617/1617/1617 1616/1616/1616 1615/1615/1615
f 1620/1620/1620 1619/1619/1619 1618/1618/1618
f 1619/1619/1619 1621/1621/1621 1618/1618/1618
f 1618/1618/1618 1621/1621/1621 1622/1622/1622
f 1619/1619/1619 1623/1623/1623 1621/1621/1621
f 1621/1621/1621 1624/1624/1624 1622/1622/1622
f 1623/1623/1623 1625/1625/1625 1621/1621/1621
f 1621/1621/1621 1625/1625/1625 1624/1624/1624
f 1625/1625/1625 1626/1626/1626 1624/1624/1624
f 1629/1629/1629 1628/1628/1628 1627/1627/1627
f 1628/1628/1628 1630/1630/1630 1627/1627/1627
f 1627/1627/1627 1630/1630/1630 1631/1631/1631
f 1628/1628/1628 1632/1632/1632 1630/1630/1630
f 1630/1630/1630 1633/1633/1633 1631/1631/1631
f 1632/1632/1632 1634/1634/1634 1630/1630/1630
f 1630/1630/1630 1634/1634/1634 1633/1633/1633
f 1634/1634/1634 1635/1635/1635 1633/1633/1633
f 1638/1638/1638 1637/1637/1637 1636/1636/1636
f 1637/1637/1637 1639/1639/1639 1636/1636/1636
f 1636/1636/1636 1639/1639/1639 1640/1640/1640
f 1637/1637/1637 1641/1641/1641 1639/1639/1639
f 1639/1639/1639 1642/1642/1642 1640/1640/1640
f 1641/1641/1641 1643/1643/1643 1639/1639/1639
f 1639/1639/1639 1643/1643/1643 1642/1642/1642
f 1643/1643/1643 1644/1644/1644 1642/1642/1642
f 1647/1647/1647 1646/1646/1646 1645/1645/1645
f 1648/1648/1648 1647/1647/1647 1645/1645/1645
f 1648/1648/1648 1646/1646/1646 1647/1647/1647
f 1651/1651/1651 1650/1650/1650 1649/1649/1649
f 1650/1650/1650 1652/1652/1652 1649/1649/1649
f 1651/1651/1651 1652/1652/1652 1650/1650/1650
f 1655/1655/1655 1654/1654/1654 1653/1653/1653
f 1656/1656/1656 1655/1655/1655 1653/1653/1653
f 1656/1656/1656 1654/1654/1654 1655/1655/1655
f 1659/1659/1659 1658/1658/1658 1657/1657/1657
f 1658/1658/1658 1660/1660/1660 1657/1657/1657
f 1659/1659/1659 1660/1660/1660 1658/1658/1658
f 1663/1663/1663 1662/1662/1662 1661/1661/1661
f 1662/1662/1662 1664/1664/1664 1661/1661/1661
f 1665/1665/1665 1662/1662/1662 1663/1663/1663
f 1661/1661/1661 1664/1664/1664 1666/1666/1666
f 1667/1667/1667 1665/1665/1665 1663/1663/1663
f 1664/1664/1664 1668/1668/1668 1666/1666/1666
f 1669/1669/1669 1665/1665/1665 1667/1667/1667
f 1666/1666/1666 1668/1668/1668 1670/1670/1670
f 1671/1671/1671 1669/1669/1669 1667/1667/1667
f 1668/1668/1668 1672/1672/1672 1670/1670/1670
f 1673/1673/1673 1669/1669/1669 1671/1671/1671
f 1670/1670/1670 1672/1672/1672 1674/1674/1674
f 1675/1675/1675 1673/1673/1673 1671/1671/1671
f 1672/1672/1672 1676/1676/1676 1674/1674/1674
f 1676/1676/1676 1673/1673/1673 1675/1675/1675
f 1674/1674/1674 1676/1676/1676 1675/1675/1675
f 1679/1679/1679 1678/1678/1678 1677/1677/1677
f 1680/1680/1680 1679/1679/1679 1677/1677/1677
f 1679/1679/1679 1681/1681/1681 1678/1678/1678
f 1680/1680/1680 1677/1677/1677 1682/1682/1682
f 1681/1681/1681 1683/1683/1683 1678/1678/1678
f 1684/1684/1684 1680/1680/1680 1682/1682/1682
f 1681/1681/1681 1685/1685/1685 1683/1683/1683
f 1684/1684/1684 1682/1682/1682 1686/1686/1686
f 1685/1685/1685 1687/1687/1687 1683/1683/1683
f 1688/1688/1688 1684/1684/1684 1686/1686/1686
f 1685/1685/1685 1689/1689/1689 1687/1687/1687
f 1688/1688/1688 1686/1686/1686 1690/1690/1690
f 1689/1689/1689 1691/1691/1691 1687/1687/1687
f 1692/1692/1692 1688/1688/1688 1690/1690/1690
f 1692/1692/1692 1690/1690/1690 1691/1691/1691
f 1689/1689/1689 1692/1692/1692 1691/1691/1691
f 1695/1695/1695 1694/1694/1694 1693/1693/1693
f 1696/1696/1696 1695/1695/1695 1693/1693/1693
f 1695/1695/1695 1697/1697/1697 1694/1694/1694
f 1696/1696/1696 1693/1693/1693 1698/1698/1698
f 1697/1697/1697 1699/1699/1699 1694/1694/1694
f 1700/1700/1700 1696/1696/1696 1698/1698/1698
f 1697/1697/1697 1701/1701/1701 1699/1699/1699
f 1700/1700/1700 1698/1698/1698 1702/1702/1702
f 1701/1701/1701 1703/1703/1703 1699/1699/1699
f 1704/1704/1704 1700/1700/1700 1702/1702/1702
f 1701/1701/1701 1705/1705/1705 1703/1703/1703
f 1704/1704/1704 1702/1702/1702 1706/1706/1706
f 1705/1705/1705 1707/1707/1707 1703/1703/1703
f 1708/1708/1708 1704/1704/1704 1706/1706/1706
f 1708/1708/1708 1706/1706/1706 1707/1707/1707
f 1705/1705/1705 1708/1708/1708 1707/1707/1707
f 1711/1711/1711 1710/1710/1710 1709/1709/1709
f 1710/1710/1710 1712/1712/1712 1709/1709/1709
f 1713/1713/1713 1710/1710/1710 1711/1711/1711
f 1709/1709/1709 1712/1712/1712 1714/1714/1714
f 1715/1715/1715 1713/1713/1713 1711/1711/1711
f 1712/1712/1712 1716/1716/1716 1714/1714/1714
f 1717/1717/1717 1713/1713/1713 1715/1715/1715
f 1714/1714/1714 1716/1716/1716 1718/1718/1718
f 1719/1719/1719 1717/1717/1717 1715/1715/1715
f 1716/1716/1716 1720/1720/1720 1718/1718/1718
f 1721/1721/1721 1717/1717/1717 1719/1719/1719
f 1718/1718/1718 1720/1720/1720 1722/1722/1722
f 1723/1723/1723 1721/1721/1721 1719/1719/1719
f 1720/1720/1720 1724/1724/1724 1722/1722/1722
f 1724/1724/1724 1721/1721/1721 1723/1723/1723
f 1722/1722/1722 1724/1724/1724 1723/1723/1723
g Combined Mesh (root: scene) 3_2
f 1735/1735/1735 1746/1746/1746 1734/1734/1734
f 1746/1746/1746 1745/1745/1745 1734/1734/1734
f 1734/1734/1734 1745/1745/1745 1733/1733/1733
f 1746/1746/1746 1757/1757/1757 1745/1745/1745
f 1745/1745/1745 1744/1744/1744 1733/1733/1733
f 1733/1733/1733 1744/1744/1744 1732/1732/1732
f 1757/1757/1757 1756/1756/1756 1745/1745/1745
f 1745/1745/1745 1756/1756/1756 1744/1744/1744
f 1757/1757/1757 1768/1768/1768 1756/1756/1756
f 1744/1744/1744 1743/1743/1743 1732/1732/1732
f 1732/1732/1732 1743/1743/1743 1731/1731/1731
f 1756/1756/1756 1755/1755/1755 1744/1744/1744
f 1744/1744/1744 1755/1755/1755 1743/1743/1743
f 1768/1768/1768 1767/1767/1767 1756/1756/1756
f 1756/1756/1756 1767/1767/1767 1755/1755/1755
f 1768/1768/1768 1779/1779/1779 1767/1767/1767
f 1743/1743/1743 1742/1742/1742 1731/1731/1731
f 1731/1731/1731 1742/1742/1742 1730/1730/1730
f 1755/1755/1755 1754/1754/1754 1743/1743/1743
f 1743/1743/1743 1754/1754/1754 1742/1742/1742
f 1767/1767/1767 1766/1766/1766 1755/1755/1755
f 1755/1755/1755 1766/1766/1766 1754/1754/1754
f 1779/1779/1779 1778/1778/1778 1767/1767/1767
f 1767/1767/1767 1778/1778/1778 1766/1766/1766
f 1779/1779/1779 1790/1790/1790 1778/1778/1778
f 1742/1742/1742 1741/1741/1741 1730/1730/1730
f 1730/1730/1730 1741/1741/1741 1729/1729/1729
f 1754/1754/1754 1753/1753/1753 1742/1742/1742
f 1742/1742/1742 1753/1753/1753 1741/1741/1741
f 1766/1766/1766 1765/1765/1765 1754/1754/1754
f 1754/1754/1754 1765/1765/1765 1753/1753/1753
f 1778/1778/1778 1777/1777/1777 1766/1766/1766
f 1766/1766/1766 1777/1777/1777 1765/1765/1765
f 1790/1790/1790 1789/1789/1789 1778/1778/1778
f 1778/1778/1778 1789/1789/1789 1777/1777/1777
f 1790/1790/1790 1801/1801/1801 1789/1789/1789
f 1741/1741/1741 1740/1740/1740 1729/1729/1729
f 1729/1729/1729 1740/1740/1740 1728/1728/1728
f 1753/1753/1753 1752/1752/1752 1741/1741/1741
f 1741/1741/1741 1752/1752/1752 1740/1740/1740
f 1765/1765/1765 1764/1764/1764 1753/1753/1753
f 1753/1753/1753 1764/1764/1764 1752/1752/1752
f 1777/1777/1777 1776/1776/1776 1765/1765/1765
f 1765/1765/1765 1776/1776/1776 1764/1764/1764
f 1789/1789/1789 1788/1788/1788 1777/1777/1777
f 1777/1777/1777 1788/1788/1788 1776/1776/1776
f 1801/1801/1801 1800/1800/1800 1789/1789/1789
f 1789/1789/1789 1800/1800/1800 1788/1788/1788
f 1801/1801/1801 1812/1812/1812 1800/1800/1800
f 1740/1740/1740 1739/1739/1739 1728/1728/1728
f 1728/1728/1728 1739/1739/1739 1727/1727/1727
f 1752/1752/1752 1751/1751/1751 1740/1740/1740
f 1740/1740/1740 1751/1751/1751 1739/1739/1739
f 1764/1764/1764 1763/1763/1763 1752/1752/1752
f 1752/1752/1752 1763/1763/1763 1751/1751/1751
f 1776/1776/1776 1775/1775/1775 1764/1764/1764
f 1764/1764/1764 1775/1775/1775 1763/1763/1763
f 1788/1788/1788 1787/1787/1787 1776/1776/1776
f 1776/1776/1776 1787/1787/1787 1775/1775/1775
f 1800/1800/1800 1799/1799/1799 1788/1788/1788
f 1788/1788/1788 1799/1799/1799 1787/1787/1787
f 1812/1812/1812 1811/1811/1811 1800/1800/1800
f 1800/1800/1800 1811/1811/1811 1799/1799/1799
f 1812/1812/1812 1823/1823/1823 1811/1811/1811
f 1823/1823/1823 1822/1822/1822 1811/1811/1811
f 1823/1823/1823 1834/1834/1834 1822/1822/1822
f 1811/1811/1811 1810/1810/1810 1799/1799/1799
f 1811/1811/1811 1822/1822/1822 1810/1810/1810
f 1799/1799/1799 1798/1798/1798 1787/1787/1787
f 1799/1799/1799 1810/1810/1810 1798/1798/1798
f 1787/1787/1787 1786/1786/1786 1775/1775/1775
f 1787/1787/1787 1798/1798/1798 1786/1786/1786
f 1775/1775/1775 1774/1774/1774 1763/1763/1763
f 1775/1775/1775 1786/1786/1786 1774/1774/1774
f 1834/1834/1834 1833/1833/1833 1822/1822/1822
f 1834/1834/1834 1845/1845/1845 1833/1833/1833
f 1845/1845/1845 1844/1844/1844 1833/1833/1833
f 1822/1822/1822 1821/1821/1821 1810/1810/1810
f 1822/1822/1822 1833/1833/1833 1821/1821/1821
f 1833/1833/1833 1844/1844/1844 1832/1832/1832
f 1833/1833/1833 1832/1832/1832 1821/1821/1821
f 1844/1844/1844 1843/1843/1843 1832/1832/1832
f 1810/1810/1810 1809/1809/1809 1798/1798/1798
f 1810/1810/1810 1821/1821/1821 1809/1809/1809
f 1798/1798/1798 1797/1797/1797 1786/1786/1786
f 1798/1798/1798 1809/1809/1809 1797/1797/1797
f 1821/1821/1821 1832/1832/1832 1820/1820/1820
f 1821/1821/1821 1820/1820/1820 1809/1809/1809
f 1832/1832/1832 1843/1843/1843 1831/1831/1831
f 1832/1832/1832 1831/1831/1831 1820/1820/1820
f 1843/1843/1843 1842/1842/1842 1831/1831/1831
f 1809/1809/1809 1820/1820/1820 1808/1808/1808
f 1809/1809/1809 1808/1808/1808 1797/1797/1797
f 1786/1786/1786 1797/1797/1797 1785/1785/1785
f 1786/1786/1786 1785/1785/1785 1774/1774/1774
f 1820/1820/1820 1831/1831/1831 1819/1819/1819
f 1820/1820/1820 1819/1819/1819 1808/1808/1808
f 1831/1831/1831 1842/1842/1842 1830/1830/1830
f 1831/1831/1831 1830/1830/1830 1819/1819/1819
f 1842/1842/1842 1841/1841/1841 1830/1830/1830
f 1797/1797/1797 1808/1808/1808 1796/1796/1796
f 1797/1797/1797 1796/1796/1796 1785/1785/1785
f 1808/1808/1808 1819/1819/1819 1807/1807/1807
f 1808/1808/1808 1807/1807/1807 1796/1796/1796
f 1819/1819/1819 1830/1830/1830 1818/1818/1818
f 1819/1819/1819 1818/1818/1818 1807/1807/1807
f 1830/1830/1830 1841/1841/1841 1829/1829/1829
f 1830/1830/1830 1829/1829/1829 1818/1818/1818
f 1841/1841/1841 1840/1840/1840 1829/1829/1829
f 1829/1829/1829 1840/1840/1840 1828/1828/1828
f 1840/1840/1840 1839/1839/1839 1828/1828/1828
f 1818/1818/1818 1829/1829/1829 1817/1817/1817
f 1829/1829/1829 1828/1828/1828 1817/1817/1817
f 1807/1807/1807 1818/1818/1818 1806/1806/1806
f 1818/1818/1818 1817/1817/1817 1806/1806/1806
f 1796/1796/1796 1807/1807/1807 1795/1795/1795
f 1807/1807/1807 1806/1806/1806 1795/1795/1795
f 1785/1785/1785 1796/1796/1796 1784/1784/1784
f 1796/1796/1796 1795/1795/1795 1784/1784/1784
f 1828/1828/1828 1839/1839/1839 1827/1827/1827
f 1839/1839/1839 1838/1838/1838 1827/1827/1827
f 1817/1817/1817 1828/1828/1828 1816/1816/1816
f 1828/1828/1828 1827/1827/1827 1816/1816/1816
f 1806/1806/1806 1817/1817/1817 1805/1805/1805
f 1817/1817/1817 1816/1816/1816 1805/1805/1805
f 1795/1795/1795 1806/1806/1806 1794/1794/1794
f 1806/1806/1806 1805/1805/1805 1794/1794/1794
f 1827/1827/1827 1838/1838/1838 1826/1826/1826
f 1838/1838/1838 1837/1837/1837 1826/1826/1826
f 1816/1816/1816 1827/1827/1827 1815/1815/1815
f 1827/1827/1827 1826/1826/1826 1815/1815/1815
f 1805/1805/1805 1816/1816/1816 1804/1804/1804
f 1816/1816/1816 1815/1815/1815 1804/1804/1804
f 1826/1826/1826 1837/1837/1837 1825/1825/1825
f 1837/1837/1837 1836/1836/1836 1825/1825/1825
f 1815/1815/1815 1826/1826/1826 1814/1814/1814
f 1826/1826/1826 1825/1825/1825 1814/1814/1814
f 1825/1825/1825 1836/1836/1836 1824/1824/1824
f 1836/1836/1836 1835/1835/1835 1824/1824/1824
f 1825/1825/1825 1824/1824/1824 1813/1813/1813
f 1814/1814/1814 1825/1825/1825 1813/1813/1813
f 1814/1814/1814 1813/1813/1813 1802/1802/1802
f 1815/1815/1815 1814/1814/1814 1803/1803/1803
f 1803/1803/1803 1814/1814/1814 1802/1802/1802
f 1804/1804/1804 1815/1815/1815 1803/1803/1803
f 1803/1803/1803 1802/1802/1802 1791/1791/1791
f 1792/1792/1792 1803/1803/1803 1791/1791/1791
f 1804/1804/1804 1803/1803/1803 1792/1792/1792
f 1792/1792/1792 1791/1791/1791 1780/1780/1780
f 1793/1793/1793 1804/1804/1804 1792/1792/1792
f 1805/1805/1805 1804/1804/1804 1793/1793/1793
f 1794/1794/1794 1805/1805/1805 1793/1793/1793
f 1781/1781/1781 1792/1792/1792 1780/1780/1780
f 1793/1793/1793 1792/1792/1792 1781/1781/1781
f 1781/1781/1781 1780/1780/1780 1769/1769/1769
f 1794/1794/1794 1793/1793/1793 1782/1782/1782
f 1782/1782/1782 1793/1793/1793 1781/1781/1781
f 1770/1770/1770 1781/1781/1781 1769/1769/1769
f 1782/1782/1782 1781/1781/1781 1770/1770/1770
f 1770/1770/1770 1769/1769/1769 1758/1758/1758
f 1783/1783/1783 1794/1794/1794 1782/1782/1782
f 1795/1795/1795 1794/1794/1794 1783/1783/1783
f 1784/1784/1784 1795/1795/1795 1783/1783/1783
f 1759/1759/1759 1770/1770/1770 1758/1758/1758
f 1759/1759/1759 1758/1758/1758 1747/1747/1747
f 1771/1771/1771 1782/1782/1782 1770/1770/1770
f 1783/1783/1783 1782/1782/1782 1771/1771/1771
f 1771/1771/1771 1770/1770/1770 1759/1759/1759
f 1784/1784/1784 1783/1783/1783 1772/1772/1772
f 1772/1772/1772 1783/1783/1783 1771/1771/1771
f 1748/1748/1748 1759/1759/1759 1747/1747/1747
f 1748/1748/1748 1747/1747/1747 1736/1736/1736
f 1760/1760/1760 1771/1771/1771 1759/1759/1759
f 1772/1772/1772 1771/1771/1771 1760/1760/1760
f 1760/1760/1760 1759/1759/1759 1748/1748/1748
f 1773/1773/1773 1784/1784/1784 1772/1772/1772
f 1785/1785/1785 1784/1784/1784 1773/1773/1773
f 1774/1774/1774 1785/1785/1785 1773/1773/1773
f 1737/1737/1737 1748/1748/1748 1736/1736/1736
f 1737/1737/1737 1736/1736/1736 1725/1725/1725
f 1726/1726/1726 1737/1737/1737 1725/1725/1725
f 1749/1749/1749 1760/1760/1760 1748/1748/1748
f 1749/1749/1749 1748/1748/1748 1737/1737/1737
f 1761/1761/1761 1772/1772/1772 1760/1760/1760
f 1773/1773/1773 1772/1772/1772 1761/1761/1761
f 1761/1761/1761 1760/1760/1760 1749/1749/1749
f 1774/1774/1774 1773/1773/1773 1762/1762/1762
f 1762/1762/1762 1773/1773/1773 1761/1761/1761
f 1763/1763/1763 1774/1774/1774 1762/1762/1762
f 1763/1763/1763 1762/1762/1762 1751/1751/1751
f 1738/1738/1738 1737/1737/1737 1726/1726/1726
f 1738/1738/1738 1749/1749/1749 1737/1737/1737
f 1727/1727/1727 1738/1738/1738 1726/1726/1726
f 1739/1739/1739 1738/1738/1738 1727/1727/1727
f 1750/1750/1750 1761/1761/1761 1749/1749/1749
f 1762/1762/1762 1761/1761/1761 1750/1750/1750
f 1751/1751/1751 1762/1762/1762 1750/1750/1750
f 1750/1750/1750 1749/1749/1749 1738/1738/1738
f 1739/1739/1739 1750/1750/1750 1738/1738/1738
f 1751/1751/1751 1750/1750/1750 1739/1739/1739
