g building_U6_LP
v -38.1440163 21.1477089 2.34399629
v -38.1440163 18.8160267 2.84399629
v -38.1440163 18.8160267 2.34399629
v -38.1440163 21.1477089 2.0439961
v -38.1440163 21.1477089 2.34399629
v -38.1440163 18.8160267 2.0439961
v -37.8440208 18.8160267 2.34399629
v -37.8440208 18.8160267 2.84399629
v -37.8440208 21.1477089 2.34399629
v -37.8440208 18.8160267 -1.15600419
v -37.8440208 21.1477089 -1.15600419
v -37.8440208 18.8160267 -1.65600467
v -38.1440163 21.1477089 -1.15600419
v -37.8440208 21.1477089 -1.15600419
v -37.8440208 21.1477089 -0.856004
v -34.2904854 21.1477089 2.34399629
v -34.2904854 18.8160267 2.34399629
v -34.2904854 18.8160267 2.84399629
v -34.2904854 21.1477089 2.0439961
v -34.2904854 18.8160267 2.0439961
v -34.2904854 21.1477089 2.34399629
v -34.5904884 18.8160267 2.34399629
v -34.5904884 21.1477089 2.34399629
v -34.5904884 18.8160267 2.84399629
v -34.5904884 18.8160267 -1.15600419
v -34.5904884 18.8160267 -1.65600467
v -34.5904884 21.1477089 -1.15600419
v -34.2904854 21.1477089 -1.15600419
v -34.5904884 21.1477089 -0.856004
v -34.5904884 21.1477089 -1.15600419
v -20.1440163 21.1477089 2.34399629
v -20.1440163 18.8160267 2.84399629
v -20.1440163 18.8160267 2.34399629
v -20.1440163 21.1477089 2.0439961
v -20.1440163 21.1477089 2.34399629
v -20.1440163 18.8160267 2.0439961
v -19.8440208 18.8160267 2.34399629
v -19.8440208 18.8160267 2.84399629
v -19.8440208 21.1477089 2.34399629
v -19.8440208 18.8160267 -1.15600419
v -19.8440208 21.1477089 -1.15600419
v -19.8440208 18.8160267 -1.65600467
v -20.1440163 21.1477089 -1.15600419
v -19.8440208 21.1477089 -1.15600419
v -19.8440208 21.1477089 -0.856004
v -16.2904854 21.1477089 2.34399629
v -16.2904854 18.8160267 2.34399629
v -16.2904854 18.8160267 2.84399629
v -16.2904854 21.1477089 2.0439961
v -16.2904854 18.8160267 2.0439961
v -16.2904854 21.1477089 2.34399629
v -16.5904884 18.8160267 2.34399629
v -16.5904884 21.1477089 2.34399629
v -16.5904884 18.8160267 2.84399629
v -16.5904884 18.8160267 -1.15600419
v -16.5904884 18.8160267 -1.65600467
v -16.5904884 21.1477089 -1.15600419
v -16.2904854 21.1477089 -1.15600419
v -16.5904884 21.1477089 -0.856004
v -16.5904884 21.1477089 -1.15600419
v -1.69730186 21.1477089 2.34399629
v -1.69730186 18.8160267 2.84399629
v -1.69730186 18.8160267 2.34399629
v -1.69730186 21.1477089 2.0439961
v -1.69730186 21.1477089 2.34399629
v -1.69730186 18.8160267 2.0439961
v -1.69730186 21.1477089 -1.15600419
v -1.69730186 18.8160267 -1.15600419
v -1.69730186 18.8160267 -1.65600467
v -1.39730263 18.8160267 2.34399629
v -1.39730263 18.8160267 2.84399629
v -1.39730263 21.1477089 2.34399629
v -1.39730263 18.8160267 -1.15600419
v -1.39730263 21.1477089 -1.15600419
v -1.39730263 18.8160267 -1.65600467
v -1.69730186 21.1477089 -1.15600419
v -1.39730263 21.1477089 -1.15600419
v -1.39730263 21.1477089 -0.856004
v 2.15622902 21.1477089 2.34399629
v 2.15622902 18.8160267 2.34399629
v 2.15622902 18.8160267 2.84399629
v 2.15622902 21.1477089 2.0439961
v 2.15622902 18.8160267 2.0439961
v 2.15622902 21.1477089 2.34399629
v 1.85622978 18.8160267 2.34399629
v 1.85622978 21.1477089 2.34399629
v 1.85622978 18.8160267 2.84399629
v 1.85622978 18.8160267 -1.15600419
v 1.85622978 18.8160267 -1.65600467
v 1.85622978 21.1477089 -1.15600419
v 2.15622902 21.1477089 -1.15600419
v 1.85622978 21.1477089 -0.856004
v 1.85622978 21.1477089 -1.15600419
v 16.3026981 21.1477089 2.34399629
v 16.3026981 18.8160267 2.84399629
v 16.3026981 18.8160267 2.34399629
v 16.3026981 21.1477089 2.0439961
v 16.3026981 21.1477089 2.34399629
v 16.3026981 18.8160267 2.0439961
v 16.6026974 18.8160267 2.34399629
v 16.6026974 18.8160267 2.84399629
v 16.6026974 21.1477089 2.34399629
v 16.6026974 18.8160267 -1.15600419
v 16.6026974 21.1477089 -1.15600419
v 16.6026974 18.8160267 -1.65600467
v 16.3026981 21.1477089 -1.15600419
v 16.6026974 21.1477089 -1.15600419
v 16.6026974 21.1477089 -0.856004
v 20.156229 21.1477089 2.34399629
v 20.156229 18.8160267 2.34399629
v 20.156229 18.8160267 2.84399629
v 20.156229 21.1477089 2.0439961
v 20.156229 18.8160267 2.0439961
v 20.156229 21.1477089 2.34399629
v 19.8562298 18.8160267 2.34399629
v 19.8562298 21.1477089 2.34399629
v 19.8562298 18.8160267 2.84399629
v 19.8562298 18.8160267 -1.15600419
v 19.8562298 18.8160267 -1.65600467
v 19.8562298 21.1477089 -1.15600419
v 20.156229 21.1477089 -1.15600419
v 19.8562298 21.1477089 -0.856004
v 19.8562298 21.1477089 -1.15600419
v 34.3026962 21.1477089 2.34399629
v 34.3026962 18.8160267 2.84399629
v 34.3026962 18.8160267 2.34399629
v 34.3026962 21.1477089 2.0439961
v 34.3026962 21.1477089 2.34399629
v 34.3026962 18.8160267 2.0439961
v 34.6026917 18.8160267 2.34399629
v 34.6026917 18.8160267 2.84399629
v 34.6026917 21.1477089 2.34399629
v 36.2294617 21.1477089 2.34399629
v 34.6026917 21.1477089 2.0439961
v 37.8562317 21.1477089 2.0439961
v 34.6026917 21.1477089 2.0439961
v 34.6026917 21.1477089 2.34399629
v 34.3026962 21.1477089 2.34399629
v 34.3026962 21.1477089 2.0439961
v 37.8562317 21.1477089 2.0439961
v 37.8562317 21.1477089 2.34399629
v 38.1562271 21.1477089 2.34399629
v 38.1562271 21.1477089 2.0439961
v 34.6026917 18.8160267 -1.15600419
v 34.6026917 21.1477089 -1.15600419
v 34.6026917 18.8160267 -1.65600467
v 34.3026962 21.1477089 -1.15600419
v 34.6026917 21.1477089 -1.15600419
v 34.6026917 21.1477089 -0.856004
v 38.1562271 21.1477089 2.34399629
v 38.1562271 18.8160267 2.34399629
v 38.1562271 18.8160267 2.84399629
v 38.1562271 21.1477089 2.0439961
v 38.1562271 18.8160267 2.0439961
v 38.1562271 21.1477089 2.34399629
v 37.8562317 18.8160267 2.34399629
v 37.8562317 21.1477089 2.34399629
v 37.8562317 18.8160267 2.84399629
v 37.8562317 18.8160267 -1.15600419
v 37.8562317 18.8160267 -1.65600467
v 37.8562317 21.1477089 -1.15600419
v 38.1562271 21.1477089 -1.15600419
v 37.8562317 21.1477089 -0.856004
v 37.8562317 21.1477089 -1.15600419
v -35.0675201 20.3775234 5.48000288
v -35.591362 20.3775234 5.48000288
v -35.3853569 20.3775234 5.48000288
v -35.0675201 20.3775234 5.48000288
v -35.3853569 20.3775234 5.48000288
v -35.2735252 20.3775234 5.48000288
v -36.514267 20.1067734 5.48000336
v -36.7850151 20.1067734 5.48000336
v -36.7120323 20.1067734 5.48000336
v -36.514267 20.1067734 5.48000336
v -36.7120323 20.1067734 5.48000336
v -36.6060867 20.1067734 5.48000336
v -42.1712341 20.7465763 5.77999973
v -41.2724075 20.7465763 5.77999926
v -42.1712341 20.4250011 5.77999973
v -42.1712341 20.7465763 5.48000383
v -42.1712341 20.4250011 5.48000383
v -41.2724075 20.7465763 5.48000383
v 123.340317 4.27355099 18.6477432
v 122.495026 3.67993832 19.2055817
v 122.104912 4.27355099 20.0595703
v 120.475616 4.27355099 18.5750618
v 121.320786 3.67993808 18.0172577
v 121.710884 4.27355051 17.163269
v 122.104912 4.27355099 20.0595703
v 121.402893 3.67993832 19.1105423
v 120.475616 4.27355099 18.5750618
v 120.475616 4.27355099 18.5750618
v 121.710884 4.27355051 17.163269
v 121.305672 5.51421976 17.2690582
v 121.710884 4.27355051 17.163269
v 122.412941 3.67993808 18.1124306
v 123.340317 4.27355099 18.6477432
v 120.475616 4.27355099 18.5750618
v 121.402893 3.67993832 19.1105423
v 121.320786 3.67993808 18.0172577
v 122.104912 4.27355099 20.0595703
v 122.495026 3.67993832 19.2055817
v 121.402893 3.67993832 19.1105423
v 123.340317 4.27355099 18.6477432
v 122.412941 3.67993808 18.1124306
v 122.495026 3.67993832 19.2055817
v 121.710884 4.27355051 17.163269
v 121.320786 3.67993808 18.0172577
v 122.412941 3.67993808 18.1124306
v 123.340317 4.27355099 18.6477432
v 122.104912 4.27355099 20.0595703
v 122.510124 5.51422024 19.9537811
v 121.710884 4.27355051 17.163269
v 123.340317 4.27355099 18.6477432
v 123.167091 5.51421976 18.2191467
v 122.104912 4.27355099 20.0595703
v 120.475616 4.27355099 18.5750618
v 120.648689 5.51422024 19.0037537
v 123.167091 5.51421976 18.2191467
v 121.911598 10.6745062 18.607769
v 121.305672 5.51421976 17.2690582
v 120.648689 5.51422024 19.0037537
v 121.911598 10.6745062 18.607769
v 122.510124 5.51422024 19.9537811
v 121.305672 5.51421976 17.2690582
v 121.911598 10.6745062 18.607769
v 120.648689 5.51422024 19.0037537
v 122.510124 5.51422024 19.9537811
v 121.911598 10.6745062 18.607769
v 123.167091 5.51421976 18.2191467
v 121.402893 3.67993832 19.1105423
v 122.495026 3.67993832 19.2055817
v 122.412941 3.67993808 18.1124306
v 120.475616 4.27355099 18.5750618
v 121.305672 5.51421976 17.2690582
v 120.648689 5.51422024 19.0037537
v 123.340317 4.27355099 18.6477432
v 122.510124 5.51422024 19.9537811
v 123.167091 5.51421976 18.2191467
v 121.710884 4.27355051 17.163269
v 123.167091 5.51421976 18.2191467
v 121.305672 5.51421976 17.2690582
v 122.104912 4.27355099 20.0595703
v 120.648689 5.51422024 19.0037537
v 122.510124 5.51422024 19.9537811
v 121.402893 3.67993832 19.1105423
v 122.412941 3.67993808 18.1124306
v 121.320786 3.67993808 18.0172577
v 114.709122 4.27355099 18.5694008
v 115.606209 5.51422024 17.3084602
v 114.859642 5.51422024 19.0065613
v 116.016357 4.27355099 17.2239838
v 117.415512 5.51422024 18.354353
v 115.606209 5.51422024 17.3084602
v 117.566116 4.27355099 18.7914066
v 116.668953 5.51422024 20.052393
v 117.415512 5.51422024 18.354353
v 116.668953 5.51422024 20.052393
v 116.141479 10.6745062 18.6770058
v 117.415512 5.51422024 18.354353
v 117.566116 4.27355099 18.7914066
v 116.667938 3.67993832 18.2084179
v 116.692902 3.67993832 19.3044395
v 114.709122 4.27355099 18.5694008
v 116.016357 4.27355099 17.2239838
v 115.606209 5.51422024 17.3084602
v 114.709122 4.27355099 18.5694008
v 115.58226 3.67993832 18.0564137
v 116.016357 4.27355099 17.2239838
v 116.016357 4.27355099 17.2239838
v 117.566116 4.27355099 18.7914066
v 117.415512 5.51422024 18.354353
v 116.258797 4.27355146 20.1369305
v 116.692902 3.67993832 19.3044395
v 115.607269 3.67993855 19.1525078
v 115.606209 5.51422024 17.3084602
v 116.141479 10.6745062 18.6770058
v 114.859642 5.51422024 19.0065613
v 116.016357 4.27355099 17.2239838
v 115.58226 3.67993832 18.0564137
v 116.667938 3.67993832 18.2084179
v 117.415512 5.51422024 18.354353
v 116.141479 10.6745062 18.6770058
v 115.606209 5.51422024 17.3084602
v 116.258797 4.27355146 20.1369305
v 114.709122 4.27355099 18.5694008
v 114.859642 5.51422024 19.0065613
v 116.016357 4.27355099 17.2239838
v 116.667938 3.67993832 18.2084179
v 117.566116 4.27355099 18.7914066
v 114.859642 5.51422024 19.0065613
v 116.141479 10.6745062 18.6770058
v 116.668953 5.51422024 20.052393
v 117.566116 4.27355099 18.7914066
v 116.258797 4.27355146 20.1369305
v 116.668953 5.51422024 20.052393
v 117.566116 4.27355099 18.7914066
v 116.692902 3.67993832 19.3044395
v 116.258797 4.27355146 20.1369305
v 116.258797 4.27355146 20.1369305
v 115.607269 3.67993855 19.1525078
v 114.709122 4.27355099 18.5694008
v 114.709122 4.27355099 18.5694008
v 115.607269 3.67993855 19.1525078
v 115.58226 3.67993832 18.0564137
v 116.258797 4.27355146 20.1369305
v 114.859642 5.51422024 19.0065613
v 116.668953 5.51422024 20.052393
v 86.1615601 3.54576135 20.142746
v 85.4595337 2.95214486 19.193716
v 84.5322647 3.54576135 18.6582394
v 85.4595337 2.95214486 19.193716
v 86.4695892 2.95214844 18.1956062
v 85.3774261 2.95214844 18.1004314
v 84.7053375 4.78642654 19.0869274
v 85.9682465 9.94671249 18.6909428
v 86.5667801 4.78642702 20.0369568
v 87.3969574 3.54576111 18.730917
v 86.5667801 4.78642702 20.0369568
v 87.2237396 4.78642654 18.3023224
v 84.5322647 3.54576135 18.6582394
v 85.3774261 2.95214844 18.1004314
v 85.7675247 3.54576087 17.2464447
v 86.1615601 3.54576135 20.142746
v 86.5516663 2.95214486 19.2887573
v 85.4595337 2.95214486 19.193716
v 84.5322647 3.54576135 18.6582394
v 85.3623123 4.78642654 17.352232
v 84.7053375 4.78642654 19.0869274
v 86.1615601 3.54576135 20.142746
v 84.5322647 3.54576135 18.6582394
v 84.7053375 4.78642654 19.0869274
v 85.7675247 3.54576087 17.2464447
v 87.2237396 4.78642654 18.3023224
v 85.3623123 4.78642654 17.352232
v 87.3969574 3.54576111 18.730917
v 86.5516663 2.95214486 19.2887573
v 86.1615601 3.54576135 20.142746
v 85.7675247 3.54576087 17.2464447
v 85.3774261 2.95214844 18.1004314
v 86.4695892 2.95214844 18.1956062
v 87.2237396 4.78642654 18.3023224
v 85.9682465 9.94671249 18.6909428
v 85.3623123 4.78642654 17.352232
v 85.7675247 3.54576087 17.2464447
v 86.4695892 2.95214844 18.1956062
v 87.3969574 3.54576111 18.730917
v 85.7675247 3.54576087 17.2464447
v 87.3969574 3.54576111 18.730917
v 87.2237396 4.78642654 18.3023224
v 86.1615601 3.54576135 20.142746
v 84.7053375 4.78642654 19.0869274
v 86.5667801 4.78642702 20.0369568
v 85.4595337 2.95214486 19.193716
v 86.5516663 2.95214486 19.2887573
v 86.4695892 2.95214844 18.1956062
v 86.5667801 4.78642702 20.0369568
v 85.9682465 9.94671249 18.6909428
v 87.2237396 4.78642654 18.3023224
v 84.5322647 3.54576135 18.6582394
v 85.7675247 3.54576087 17.2464447
v 85.3623123 4.78642654 17.352232
v 87.3969574 3.54576111 18.730917
v 86.1615601 3.54576135 20.142746
v 86.5667801 4.78642702 20.0369568
v 84.5322647 3.54576135 18.6582394
v 85.4595337 2.95214486 19.193716
v 85.3774261 2.95214844 18.1004314
v 85.3623123 4.78642654 17.352232
v 85.9682465 9.94671249 18.6909428
v 84.7053375 4.78642654 19.0869274
v 87.3969574 3.54576111 18.730917
v 86.4695892 2.95214844 18.1956062
v 86.5516663 2.95214486 19.2887573
v 92.5221786 3.98979211 20.3266296
v 91.0659561 5.23045731 19.2708111
v 92.9273987 5.23045731 20.2208405
v 91.8201599 3.3961792 19.3775978
v 92.9122849 3.3961792 19.472641
v 92.8302078 3.39617896 18.379488
v 90.8928909 3.98979187 18.8421211
v 92.1281509 3.98979163 17.4303265
v 91.7229309 5.23045683 17.5361156
v 90.8928909 3.98979187 18.8421211
v 91.8201599 3.3961792 19.3775978
v 91.7380447 3.39617896 18.2843151
v 90.8928909 3.98979187 18.8421211
v 91.7229309 5.23045683 17.5361156
v 91.0659561 5.23045731 19.2708111
v 91.7229309 5.23045683 17.5361156
v 92.3288651 10.3907433 18.8748264
v 91.0659561 5.23045731 19.2708111
v 92.1281509 3.98979163 17.4303265
v 93.757576 3.98979163 18.9148006
v 93.5843582 5.23045731 18.4862041
v 92.1281509 3.98979163 17.4303265
v 93.5843582 5.23045731 18.4862041
v 91.7229309 5.23045683 17.5361156
v 92.1281509 3.98979163 17.4303265
v 91.7380447 3.39617896 18.2843151
v 92.8302078 3.39617896 18.379488
v 93.757576 3.98979163 18.9148006
v 92.5221786 3.98979211 20.3266296
v 92.9273987 5.23045731 20.2208405
v 92.5221786 3.98979211 20.3266296
v 90.8928909 3.98979187 18.8421211
v 91.0659561 5.23045731 19.2708111
v 92.1281509 3.98979163 17.4303265
v 92.8302078 3.39617896 18.379488
v 93.757576 3.98979163 18.9148006
v 93.5843582 5.23045731 18.4862041
v 92.3288651 10.3907433 18.8748264
v 91.7229309 5.23045683 17.5361156
v 92.9273987 5.23045731 20.2208405
v 92.3288651 10.3907433 18.8748264
v 93.5843582 5.23045731 18.4862041
v 92.5221786 3.98979211 20.3266296
v 92.9122849 3.3961792 19.472641
v 91.8201599 3.3961792 19.3775978
v 93.757576 3.98979163 18.9148006
v 92.9122849 3.3961792 19.472641
v 92.5221786 3.98979211 20.3266296
v 92.5221786 3.98979211 20.3266296
v 91.8201599 3.3961792 19.3775978
v 90.8928909 3.98979187 18.8421211
v 93.757576 3.98979163 18.9148006
v 92.9273987 5.23045731 20.2208405
v 93.5843582 5.23045731 18.4862041
v 91.8201599 3.3961792 19.3775978
v 92.8302078 3.39617896 18.379488
v 91.7380447 3.39617896 18.2843151
v 93.757576 3.98979163 18.9148006
v 92.8302078 3.39617896 18.379488
v 92.9122849 3.3961792 19.472641
v 91.0659561 5.23045731 19.2708111
v 92.3288651 10.3907433 18.8748264
v 92.9273987 5.23045731 20.2208405
v 90.8928909 3.98979187 18.8421211
v 91.7380447 3.39617896 18.2843151
v 92.1281509 3.98979163 17.4303265
v 98.4857101 5.23045731 20.0043621
v 97.8871841 10.3907433 18.65835
v 99.1426926 5.23045683 18.2696686
v 98.0804977 3.98979187 20.1101513
v 98.4706039 3.39617896 19.2561646
v 97.3784866 3.39617896 19.1610622
v 99.1426926 5.23045683 18.2696686
v 97.8871841 10.3907433 18.65835
v 97.28125 5.23045683 17.3196373
v 98.0804977 3.98979187 20.1101513
v 97.3784866 3.39617896 19.1610622
v 96.4512177 3.98979163 18.6255836
v 97.3784866 3.39617896 19.1610622
v 98.3885422 3.39617872 18.1629524
v 97.2963715 3.39617872 18.0677776
v 99.3158951 3.98979163 18.6983223
v 98.3885422 3.39617872 18.1629524
v 98.4706039 3.39617896 19.2561646
v 97.28125 5.23045683 17.3196373
v 97.8871841 10.3907433 18.65835
v 96.6242752 5.23045731 19.0543327
v 97.6864853 3.98979139 17.2137909
v 98.3885422 3.39617872 18.1629524
v 99.3158951 3.98979163 18.6983223
v 96.6242752 5.23045731 19.0543327
v 97.8871841 10.3907433 18.65835
v 98.4857101 5.23045731 20.0043621
v 96.4512177 3.98979163 18.6255836
v 97.28125 5.23045683 17.3196373
v 96.6242752 5.23045731 19.0543327
v 97.6864853 3.98979139 17.2137909
v 97.2963715 3.39617872 18.0677776
v 98.3885422 3.39617872 18.1629524
v 99.3158951 3.98979163 18.6983223
v 98.4857101 5.23045731 20.0043621
v 99.1426926 5.23045683 18.2696686
v 97.6864853 3.98979139 17.2137909
v 99.3158951 3.98979163 18.6983223
v 99.1426926 5.23045683 18.2696686
v 98.0804977 3.98979187 20.1101513
v 96.4512177 3.98979163 18.6255836
v 96.6242752 5.23045731 19.0543327
v 99.3158951 3.98979163 18.6983223
v 98.0804977 3.98979187 20.1101513
v 98.4857101 5.23045731 20.0043621
v 99.3158951 3.98979163 18.6983223
v 98.4706039 3.39617896 19.2561646
v 98.0804977 3.98979187 20.1101513
v 96.4512177 3.98979163 18.6255836
v 97.3784866 3.39617896 19.1610622
v 97.2963715 3.39617872 18.0677776
v 97.6864853 3.98979139 17.2137909
v 99.1426926 5.23045683 18.2696686
v 97.28125 5.23045683 17.3196373
v 98.0804977 3.98979187 20.1101513
v 96.6242752 5.23045731 19.0543327
v 98.4857101 5.23045731 20.0043621
v 96.4512177 3.98979163 18.6255836
v 97.2963715 3.39617872 18.0677776
v 97.6864853 3.98979139 17.2137909
v 97.3784866 3.39617896 19.1610622
v 98.4706039 3.39617896 19.2561646
v 98.3885422 3.39617872 18.1629524
v 96.4512177 3.98979163 18.6255836
v 97.6864853 3.98979139 17.2137909
v 97.28125 5.23045683 17.3196373
v 105.047081 3.98979139 18.9423046
v 104.20179 3.39617872 19.5001431
v 103.811684 3.98979163 20.3541336
v 102.182396 3.98979139 18.8695641
v 103.109673 3.39617872 19.4050407
v 103.027557 3.39617872 18.3117599
v 105.047081 3.98979139 18.9423046
v 103.811684 3.98979163 20.3541336
v 104.216896 5.23045683 20.2483425
v 103.811684 3.98979163 20.3541336
v 102.355461 5.23045683 19.298315
v 104.216896 5.23045683 20.2483425
v 103.012436 5.23045683 17.5636196
v 103.61837 10.3907433 18.9023304
v 102.355461 5.23045683 19.298315
v 102.182396 3.98979139 18.8695641
v 103.027557 3.39617872 18.3117599
v 103.417664 3.98979115 17.4577694
v 105.047081 3.98979139 18.9423046
v 104.11972 3.39617872 18.4069328
v 104.20179 3.39617872 19.5001431
v 103.811684 3.98979163 20.3541336
v 102.182396 3.98979139 18.8695641
v 102.355461 5.23045683 19.298315
v 103.109673 3.39617872 19.4050407
v 104.20179 3.39617872 19.5001431
v 104.11972 3.39617872 18.4069328
v 102.355461 5.23045683 19.298315
v 103.61837 10.3907433 18.9023304
v 104.216896 5.23045683 20.2483425
v 103.417664 3.98979115 17.4577694
v 103.027557 3.39617872 18.3117599
v 104.11972 3.39617872 18.4069328
v 103.417664 3.98979115 17.4577694
v 104.11972 3.39617872 18.4069328
v 105.047081 3.98979139 18.9423046
v 103.417664 3.98979115 17.4577694
v 105.047081 3.98979139 18.9423046
v 104.873871 5.23045683 18.5136471
v 105.047081 3.98979139 18.9423046
v 104.216896 5.23045683 20.2483425
v 104.873871 5.23045683 18.5136471
v 103.417664 3.98979115 17.4577694
v 104.873871 5.23045683 18.5136471
v 103.012436 5.23045683 17.5636196
v 102.182396 3.98979139 18.8695641
v 103.012436 5.23045683 17.5636196
v 102.355461 5.23045683 19.298315
v 103.109673 3.39617872 19.4050407
v 104.11972 3.39617872 18.4069328
v 103.027557 3.39617872 18.3117599
v 104.873871 5.23045683 18.5136471
v 103.61837 10.3907433 18.9023304
v 103.012436 5.23045683 17.5636196
v 104.216896 5.23045683 20.2483425
v 103.61837 10.3907433 18.9023304
v 104.873871 5.23045683 18.5136471
v 102.182396 3.98979139 18.8695641
v 103.417664 3.98979115 17.4577694
v 103.012436 5.23045683 17.5636196
v 103.811684 3.98979163 20.3541336
v 104.20179 3.39617872 19.5001431
v 103.109673 3.39617872 19.4050407
v 103.811684 3.98979163 20.3541336
v 103.109673 3.39617872 19.4050407
v 102.182396 3.98979139 18.8695641
v 108.554497 3.98979115 18.739994
v 109.384537 5.23045635 17.4339905
v 108.72757 5.23045683 19.168684
v 109.789757 3.98979092 17.3282013
v 111.245972 5.23045635 18.384079
v 109.384537 5.23045635 17.4339905
v 111.419189 3.98979115 18.8126755
v 110.589005 5.23045683 20.1187134
v 111.245972 5.23045635 18.384079
v 110.589005 5.23045683 20.1187134
v 109.990479 10.3907423 18.7727013
v 111.245972 5.23045635 18.384079
v 111.419189 3.98979115 18.8126755
v 110.491821 3.39617848 18.2773628
v 110.573891 3.39617848 19.3705139
v 108.554497 3.98979115 18.739994
v 109.789757 3.98979092 17.3282013
v 109.384537 5.23045635 17.4339905
v 108.554497 3.98979115 18.739994
v 109.399651 3.39617848 18.1821899
v 109.789757 3.98979092 17.3282013
v 109.789757 3.98979092 17.3282013
v 111.419189 3.98979115 18.8126755
v 111.245972 5.23045635 18.384079
v 110.183792 3.98979139 20.2245026
v 110.573891 3.39617848 19.3705139
v 109.481766 3.39617848 19.2754726
v 109.384537 5.23045635 17.4339905
v 109.990479 10.3907423 18.7727013
v 108.72757 5.23045683 19.168684
v 109.789757 3.98979092 17.3282013
v 109.399651 3.39617848 18.1821899
v 110.491821 3.39617848 18.2773628
v 111.245972 5.23045635 18.384079
v 109.990479 10.3907423 18.7727013
v 109.384537 5.23045635 17.4339905
v 110.183792 3.98979139 20.2245026
v 108.554497 3.98979115 18.739994
v 108.72757 5.23045683 19.168684
v 109.789757 3.98979092 17.3282013
v 110.491821 3.39617848 18.2773628
v 111.419189 3.98979115 18.8126755
v 108.72757 5.23045683 19.168684
v 109.990479 10.3907423 18.7727013
v 110.589005 5.23045683 20.1187134
v 111.419189 3.98979115 18.8126755
v 110.183792 3.98979139 20.2245026
v 110.589005 5.23045683 20.1187134
v 111.419189 3.98979115 18.8126755
v 110.573891 3.39617848 19.3705139
v 110.183792 3.98979139 20.2245026
v 110.183792 3.98979139 20.2245026
v 109.481766 3.39617848 19.2754726
v 108.554497 3.98979115 18.739994
v 108.554497 3.98979115 18.739994
v 109.481766 3.39617848 19.2754726
v 109.399651 3.39617848 18.1821899
v 110.183792 3.98979139 20.2245026
v 108.72757 5.23045683 19.168684
v 110.589005 5.23045683 20.1187134
v -5.08045387 1.27404106 7.57999992
v -5.18045044 1.17404115 7.57999992
v -5.18045044 1.27404106 7.57999992
v -5.08045387 1.12404108 7.88000011
v -5.18045044 1.02404118 7.88000011
v -5.18045044 1.12404108 7.88000011
v -5.08045387 0.524040937 9.08000183
v -5.18045044 0.424040914 9.08000183
v -5.18045044 0.524040937 9.08000183
v -5.08045387 0.824041128 8.48000145
v -5.18045044 0.724040985 8.48000145
v -5.18045044 0.824041128 8.48000145
v -5.08045387 0.674041033 8.78000069
v -5.18045044 0.574041247 8.78000259
v -5.18045044 0.674041033 8.78000069
v -5.08045387 0.374040961 9.38000107
v -5.18045044 0.274040937 9.38000107
v -5.18045044 0.374040961 9.38000107
v -5.08045387 0.0740408897 9.98000145
v -5.18045044 -0.0259591341 9.98000145
v -5.18045044 0.0740408897 9.98000145
v -5.08045387 -0.0759592056 10.2800026
v -5.18045044 -0.175958633 10.2800045
v -5.18045044 -0.0759592056 10.2800026
v -5.18045044 1.27404118 7.28000069
v -5.08045387 1.27404106 7.57999992
v -5.18045044 1.27404106 7.57999992
v -5.18045044 1.12404108 7.57999992
v -5.08045387 1.12404108 7.88000011
v -5.18045044 1.12404108 7.88000011
v -5.18045044 0.974041104 7.88000011
v -5.08045387 0.974041104 8.18000031
v -5.18045044 0.974041104 8.18000031
v -5.18045044 0.824041128 8.18000031
v -5.08045387 0.824041128 8.48000145
v -5.18045044 0.824041128 8.48000145
v -5.18045044 0.674041033 8.48000145
v -5.08045387 0.674041033 8.78000069
v -5.18045044 0.674041033 8.78000069
v -5.18045044 0.374040961 9.08000183
v -5.08045387 0.374040961 9.38000107
v -5.18045044 0.374040961 9.38000107
v -5.18045044 0.524041057 8.78000069
v -5.08045387 0.524040937 9.08000183
v -5.18045044 0.524040937 9.08000183
v -5.18045044 0.224040985 9.38000107
v -5.08045387 0.224040985 9.68000221
v -5.18045044 0.224040985 9.68000221
v -5.18045044 0.0740408897 9.68000221
v -5.08045387 0.0740408897 9.98000145
v -5.18045044 0.0740408897 9.98000145
v -5.18045044 -0.0759592056 9.98000145
v -5.08045387 -0.0759592056 10.2800026
v -5.18045044 -0.0759592056 10.2800026
v -5.18045044 -0.225959182 10.2800045
v -5.08045006 -0.225959063 10.5800018
v -5.18045044 -0.225959063 10.5800018
v 5.52396202 1.27404106 7.57999992
v 5.62395859 1.27404106 7.57999992
v 5.62395859 1.17404115 7.57999992
v 5.52396202 1.12404108 7.88000011
v 5.62395859 1.12404108 7.88000011
v 5.62395859 1.02404118 7.88000011
v 5.52396202 0.524040937 9.08000183
v 5.62395859 0.524040937 9.08000183
v 5.62395859 0.424040914 9.08000183
v 5.52396202 0.974041104 8.18000031
v 5.62395859 0.974041104 8.18000031
v 5.62395859 0.87404108 8.18000031
v 5.52396202 0.824041128 8.48000145
v 5.62395859 0.824041128 8.48000145
v 5.62395859 0.724040985 8.48000145
v 5.52396202 0.674041033 8.78000069
v 5.62395859 0.674041033 8.78000069
v 5.62395859 0.574041009 8.78000069
v 5.52396202 0.374040961 9.38000107
v 5.62395859 0.374040961 9.38000107
v 5.62395859 0.274040937 9.38000107
v 5.52396202 0.224040985 9.68000221
v 5.62395859 0.224040985 9.68000221
v 5.62395859 0.124040961 9.68000221
v 5.52396202 0.0740408897 9.98000145
v 5.62395859 0.0740408897 9.98000145
v 5.62395859 -0.0259591341 9.98000145
v 5.52396202 -0.0759592056 10.2800026
v 5.62395859 -0.0759592056 10.2800026
v 5.62395859 -0.175958633 10.2800045
v 5.52396202 -0.225959063 10.5800018
v 5.6239624 -0.225959063 10.5800018
v 5.62395859 -0.325959086 10.5800018
v 5.62395859 1.27404118 7.27999973
v 5.62395859 1.27404106 7.57999992
v 5.52396202 1.27404106 7.57999992
v 5.62395859 1.12404108 7.57999992
v 5.62395859 1.12404108 7.88000011
v 5.52396202 1.12404108 7.88000011
v 5.62395859 0.824041128 8.18000031
v 5.62395859 0.824041128 8.48000145
v 5.52396202 0.824041128 8.48000145
v 5.62395859 0.374040961 9.08000183
v 5.62395859 0.374040961 9.38000107
v 5.52396202 0.374040961 9.38000107
v 5.62395859 0.524041057 8.78000069
v 5.62395859 0.524040937 9.08000183
v 5.52396202 0.524040937 9.08000183
v 5.62395859 0.224040985 9.38000107
v 5.62395859 0.224040985 9.68000221
v 5.52396202 0.224040985 9.68000221
v 5.62395859 -0.0759592056 9.98000145
v 5.62395859 -0.0759592056 10.2800026
v 5.52396202 -0.0759592056 10.2800026
v 5.62395859 -0.225959182 10.2800045
v 5.6239624 -0.225959063 10.5800018
v 5.52396202 -0.225959063 10.5800018
v -2.17955208 3.56541157 5.77999973
v -2.17955208 1.42404115 5.77999973
v -2.77968788 3.56541157 5.77999973
v -2.17955208 4.0485363 5.77999973
v -4.8804512 4.0485363 5.77999973
v -2.17955208 3.56541157 5.77999973
v 2.62306404 4.0485363 5.77999973
v 2.62306404 3.56541157 5.77999973
v -2.17955208 1.42404115 5.77999973
v 2.62306404 1.42404115 5.77999973
v 4.42382622 3.56541157 5.77999973
v 5.32396317 4.0485363 5.77999973
v 5.02396393 1.42404115 5.77999973
v 5.02396393 3.56541157 5.77999973
v 5.32396317 3.56541157 5.77999973
v 5.32396317 1.42404115 5.77999973
v -4.58045006 3.56541157 5.77999973
v -4.8804512 4.0485363 5.77999973
v -2.77968788 3.56541157 5.77999973
v -4.58045006 1.42404115 5.77999973
v -2.17955208 1.42404115 5.77999973
v -4.58045006 3.56541157 5.77999973
v -4.58045006 1.42404115 5.77999973
v -4.8804512 3.56541157 5.77999973
v -4.8804512 1.42404115 5.77999973
v -4.8804512 4.0485363 5.77999973
v 5.32396317 4.0485363 7.27999973
v 5.32396317 3.56541157 5.77999973
v 5.32396317 4.0485363 5.77999973
v 3.53464699 2.33995008 23.9954109
v 3.32593727 2.33995056 23.6337357
v 3.74335861 2.33995056 23.6337357
v 5.24447298 4.28376341 22.3896599
v 4.61264133 4.33065748 22.8509541
v 4.2631464 4.71083403 22.0100517
v 5.70789289 1.35868979 21.8117275
v 6.024683 2.16152906 21.9094849
v 5.99826336 2.16236806 21.247509
v 4.66123247 1.30948603 22.8716717
v 5.48200083 1.35769808 22.4760818
v 4.36078358 0.850026608 21.7231464
v 4.0641222 1.312217 20.5729237
v 4.36078358 0.850026608 21.7231464
v 5.30025339 1.31230104 20.9927864
v 5.70789289 1.35868979 21.8117275
v 5.30025339 1.31230104 20.9927864
v 4.36078358 0.850026608 21.7231464
v 3.47339821 4.33061171 22.4638577
v 4.2631464 4.71083403 22.0100517
v 4.61264133 4.33065748 22.8509541
v 5.99826336 2.16236806 21.247509
v 5.87533188 3.41109014 21.2003937
v 5.28467655 2.28429532 20.3879833
v 3.47996521 4.28478575 21.0480366
v 3.25354147 4.28364134 21.7134304
v 2.75065756 3.2839427 21.1762543
v 3.47339821 4.33061171 22.4638577
v 3.25354147 4.28364134 21.7134304
v 4.2631464 4.71083403 22.0100517
v 3.25778532 1.35854852 20.979353
v 3.03177691 1.35759687 21.6433697
v 4.36078358 0.850026608 21.7231464
v 3.47900796 3.41092229 20.3865891
v 3.47996521 4.28478575 21.0480366
v 2.75065756 3.2839427 21.1762543
v 5.253335 4.33400679 20.9682713
v 5.47088051 4.28493834 21.7240429
v 4.46413755 4.71196699 21.4191685
v 4.36078358 0.850026608 21.7231464
v 3.42521763 1.30945361 22.4515533
v 4.66123247 1.30948603 22.8716717
v 3.25354147 4.28364134 21.7134304
v 2.84861231 3.40797758 22.2387581
v 2.75065756 3.2839427 21.1762543
v 4.1131053 4.33392286 20.5811234
v 5.253335 4.33400679 20.9682713
v 4.46413755 4.71196699 21.4191685
v 5.70789289 1.35868979 21.8117275
v 4.36078358 0.850026608 21.7231464
v 5.48200083 1.35769808 22.4760818
v 4.0641222 1.312217 20.5729237
v 3.25778532 1.35854852 20.979353
v 4.36078358 0.850026608 21.7231464
v 3.47996521 4.28478575 21.0480366
v 4.1131053 4.33392286 20.5811234
v 4.46413755 4.71196699 21.4191685
v 3.25778532 1.35854852 20.979353
v 2.63574266 2.28544188 21.1405277
v 3.03177691 1.35759687 21.6433697
v 3.36511731 2.16220021 20.3531094
v 2.63574266 2.28544188 21.1405277
v 3.25778532 1.35854852 20.979353
v 5.36896467 2.1597116 23.097723
v 5.79323912 2.16054296 22.5898228
v 5.48200083 1.35769808 22.4760818
v 2.63574266 2.28544188 21.1405277
v 2.73602343 2.15965223 22.2026482
v 3.03177691 1.35759687 21.6433697
v 3.03177691 1.35759687 21.6433697
v 3.42521763 1.30945361 22.4515533
v 4.36078358 0.850026608 21.7231464
v 5.28467655 2.28429532 20.3879833
v 5.87533188 3.41109014 21.2003937
v 5.27471638 3.2918694 20.379303
v 5.47088051 4.28493834 21.7240429
v 5.87533188 3.41109014 21.2003937
v 6.01815796 3.40191221 21.8699989
v 5.24447298 4.28376341 22.3896599
v 5.72057533 3.38342619 22.5563583
v 5.2456336 3.40806556 23.0533943
v 4.30442047 4.23824978 17.9221649
v 3.62567568 4.28372478 17.6657009
v 4.17175531 4.65238428 17.0021725
v 5.00369835 1.40176666 17.9962349
v 5.06734753 2.18028927 18.2814484
v 5.6117382 2.18110347 17.9465046
v 3.63060808 1.35405242 17.7121506
v 4.34112358 1.40080535 18.1422577
v 4.45798683 0.908508956 16.9391766
v 5.28847504 1.35670137 16.1683216
v 4.45798683 0.908508956 16.9391766
v 5.50452566 1.35678172 17.2994061
v 5.00369835 1.40176666 17.9962349
v 5.50452566 1.35678172 17.2994061
v 4.45798683 0.908508956 16.9391766
v 3.42663932 4.28367853 16.6231899
v 4.17175531 4.65238428 17.0021725
v 3.62567568 4.28372478 17.6657009
v 5.6117382 2.18110347 17.9465046
v 5.59481049 3.39200473 17.8314724
v 6.00591135 2.2993381 16.9998093
v 4.6200676 4.23924112 15.9542685
v 3.95635462 4.23813105 16.1003628
v 4.17651653 3.26870966 15.4658661
v 3.42663932 4.28367853 16.6231899
v 3.95635462 4.23813105 16.1003628
v 4.17175531 4.65238428 17.0021725
v 4.57553291 1.40162897 15.7541704
v 3.9131999 1.40070581 15.8999329
v 4.45798683 0.908508956 16.9391766
v 5.17577934 3.39184427 15.6387062
v 4.6200676 4.23924112 15.9542685
v 4.17651653 3.26870966 15.4658661
v 5.50358486 4.28697062 17.2523632
v 4.96827126 4.23939037 17.7760048
v 4.76112556 4.65348291 16.8723164
v 4.45798683 0.908508956 16.9391766
v 3.41480923 1.35402167 16.5810566
v 3.63060808 1.35405242 17.7121506
v 3.95635462 4.23813105 16.1003628
v 3.32823062 3.38898706 16.0453129
v 4.17651653 3.26870966 15.4658661
v 5.30420303 4.28689051 16.2091236
v 5.50358486 4.28697062 17.2523632
v 4.76112556 4.65348291 16.8723164
v 5.00369835 1.40176666 17.9962349
v 4.45798683 0.908508956 16.9391766
v 4.34112358 1.40080535 18.1422577
v 5.28847504 1.35670137 16.1683216
v 4.57553291 1.40162897 15.7541704
v 4.45798683 0.908508956 16.9391766
v 4.6200676 4.23924112 15.9542685
v 5.30420303 4.28689051 16.2091236
v 4.76112556 4.65348291 16.8723164
v 4.57553291 1.40162897 15.7541704
v 4.15363026 2.30044985 15.3622408
v 3.9131999 1.40070581 15.8999329
v 5.15143681 2.1809411 15.5369568
v 4.15363026 2.30044985 15.3622408
v 4.57553291 1.40162897 15.7541704
v 3.76635194 2.17852688 18.352911
v 4.38870907 2.17933369 18.4308872
v 4.34112358 1.40080535 18.1422577
v 4.15363026 2.30044985 15.3622408
v 3.30675912 2.17846918 15.943264
v 3.9131999 1.40070581 15.8999329
v 3.9131999 1.40070581 15.8999329
v 3.41480923 1.35402167 16.5810566
v 4.45798683 0.908508956 16.9391766
v 6.00591135 2.2993381 16.9998093
v 5.59481049 3.39200473 17.8314724
v 6.00861645 3.27639651 16.9881535
v 4.96827126 4.23939037 17.7760048
v 5.59481049 3.39200473 17.8314724
v 5.09749508 3.38310504 18.2576733
v 4.30442047 4.23824978 17.9221649
v 4.38340473 3.36518002 18.360157
v 3.74683475 3.38907146 18.2389221
v -1.88525724 4.28376389 22.386425
v -2.51708817 4.33065796 22.8477173
v -2.86658311 4.7108345 22.006815
v -1.42183614 1.35869002 21.8084927
v -1.10504723 2.1615293 21.90625
v -1.13146639 2.1623683 21.2442722
v -2.46849799 1.30948627 22.8684368
v -1.64772844 1.35769832 22.4728451
v -2.76894665 0.850026846 21.7199097
v -3.06560779 1.31221724 20.5696869
v -2.76894665 0.850026846 21.7199097
v -1.82947707 1.31230128 20.9895515
v -1.42183614 1.35869002 21.8084927
v -1.82947707 1.31230128 20.9895515
v -2.76894665 0.850026846 21.7199097
v -3.65633106 4.33061218 22.4606209
v -2.86658311 4.7108345 22.006815
v -2.51708817 4.33065796 22.8477173
v -1.13146639 2.1623683 21.2442722
v -1.25439811 3.41109037 21.1971588
v -1.84505296 2.28429556 20.3847466
v -3.64976501 4.28478575 21.0447998
v -3.87618828 4.28364182 21.7101936
v -4.37907219 3.28394294 21.1730175
v -3.65633106 4.33061218 22.4606209
v -3.87618828 4.28364182 21.7101936
v -2.86658311 4.7108345 22.006815
v -3.87194443 1.35854876 20.9761162
v -4.09795284 1.35759711 21.6401329
v -2.76894665 0.850026846 21.7199097
v -3.65072179 3.41092253 20.3833542
v -3.64976501 4.28478575 21.0447998
v -4.37907219 3.28394294 21.1730175
v -1.87639475 4.33400679 20.9650345
v -1.65884924 4.28493834 21.720808
v -2.66559219 4.71196699 21.4159336
v -2.76894665 0.850026846 21.7199097
v -3.70451212 1.30945385 22.4483185
v -2.46849799 1.30948627 22.8684368
v -3.87618828 4.28364182 21.7101936
v -4.28111744 3.40797782 22.2355194
v -4.37907219 3.28394294 21.1730175
v -3.01662493 4.33392286 20.5778885
v -1.87639475 4.33400679 20.9650345
v -2.66559219 4.71196699 21.4159336
v -1.42183614 1.35869002 21.8084927
v -2.76894665 0.850026846 21.7199097
v -1.64772844 1.35769832 22.4728451
v -3.06560779 1.31221724 20.5696869
v -3.87194443 1.35854876 20.9761162
v -2.76894665 0.850026846 21.7199097
v -3.64976501 4.28478575 21.0447998
v -3.01662493 4.33392286 20.5778885
v -2.66559219 4.71196699 21.4159336
v -3.87194443 1.35854876 20.9761162
v -4.49398708 2.28544211 21.1372929
v -4.09795284 1.35759711 21.6401329
v -3.76461244 2.16220045 20.3498726
v -4.49398708 2.28544211 21.1372929
v -3.87194443 1.35854876 20.9761162
v -1.7607646 2.15971184 23.0944881
v -1.33649111 2.1605432 22.586586
v -1.64772844 1.35769832 22.4728451
v -4.49398708 2.28544211 21.1372929
v -4.3937068 2.15965247 22.1994133
v -4.09795284 1.35759711 21.6401329
v -4.09795284 1.35759711 21.6401329
v -3.70451212 1.30945385 22.4483185
v -2.76894665 0.850026846 21.7199097
v -1.84505296 2.28429556 20.3847466
v -1.25439811 3.41109037 21.1971588
v -1.85501289 3.29186964 20.3760681
v -1.65884924 4.28493834 21.720808
v -1.25439811 3.41109037 21.1971588
v -1.11157203 3.40191245 21.8667641
v -1.88525724 4.28376389 22.386425
v -1.40915489 3.38342643 22.5531216
v -1.88409662 3.4080658 23.0501595
v -3.67611885 4.33912563 16.3291645
v -3.1690774 4.3877511 15.7419624
v -2.70360708 4.78193188 16.5342312
v -4.00752687 1.30629063 17.0040607
v -4.31732321 2.13870525 16.9631042
v -4.18113613 2.13957691 17.6328373
v -3.21755362 1.25527263 15.7298756
v -3.91060042 1.30526245 16.2851181
v -2.74559021 0.778887689 16.8447475
v -2.27693081 1.2581054 17.9619789
v -2.74559021 0.778887689 16.8447475
v -3.4920187 1.25819123 17.7631187
v -4.00752687 1.30629063 17.0040607
v -3.4920187 1.25819123 17.7631187
v -2.74559021 0.778887689 16.8447475
v -2.04917049 4.38770151 15.9254103
v -2.70360708 4.78193188 16.5342312
v -3.1690774 4.3877511 15.7419624
v -4.18113613 2.13957691 17.6328373
v -4.05940342 3.43430233 17.6581173
v -3.37554836 2.26599622 18.3766441
v -1.81631696 4.34018612 17.369545
v -1.71895981 4.33899975 16.6494427
v -1.16286922 3.30247021 17.1037388
v -2.04917049 4.38770151 15.9254103
v -1.71895981 4.33899975 16.6494427
v -2.70360708 4.78193188 16.5342312
v -1.59903681 1.30614376 17.398428
v -1.50186205 1.30515754 16.6797867
v -2.74559021 0.778887689 16.8447475
v -1.70379138 3.43413067 18.0435219
v -1.81631696 4.34018612 17.369545
v -1.16286922 3.30247021 17.1037388
v -3.44442987 4.39121914 17.7794151
v -3.77339411 4.34034634 17.0494728
v -2.78989291 4.78310299 17.1736736
v -2.74559021 0.778887689 16.8447475
v -2.00252223 1.2552402 15.9290047
v -3.21755362 1.25527263 15.7298756
v -1.71895981 4.33899975 16.6494427
v -1.43283057 3.43107486 16.0390453
v -1.16286922 3.30247021 17.1037388
v -2.32368374 4.39113522 17.9627304
v -3.44442987 4.39121914 17.7794151
v -2.78989291 4.78310299 17.1736736
v -4.00752687 1.30629063 17.0040607
v -2.74559021 0.778887689 16.8447475
v -3.91060042 1.30526245 16.2851181
v -2.27693081 1.2581054 17.9619789
v -1.59903681 1.30614376 17.398428
v -2.74559021 0.778887689 16.8447475
v -1.81631696 4.34018612 17.369545
v -2.32368374 4.39113522 17.9627304
v -2.78989291 4.78310299 17.1736736
v -1.59903681 1.30614376 17.398428
v -1.05041122 2.26718426 17.1188602
v -1.50186205 1.30515754 16.6797867
v -1.59262848 2.13940334 18.0565014
v -1.05041122 2.26718426 17.1188602
v -1.59903681 1.30614376 17.398428
v -3.91077304 2.13682055 15.6306047
v -4.21786642 2.13768458 16.2268219
v -3.91060042 1.30526245 16.2851181
v -1.05041122 2.26718426 17.1188602
v -1.32248223 2.13675952 16.0550022
v -1.50186205 1.30515754 16.6797867
v -1.50186205 1.30515754 16.6797867
v -2.00252223 1.2552402 15.9290047
v -2.74559021 0.778887689 16.8447475
v -3.37554836 2.26599622 18.3766441
v -4.05940342 3.43430233 17.6581173
v -3.36479282 3.31069112 18.3836212
v -3.77339411 4.34034634 17.0494728
v -4.05940342 3.43430233 17.6581173
v -4.30452776 3.42478466 17.0021324
v -3.67611885 4.33912563 16.3291645
v -4.14487267 3.40561938 16.2474747
v -3.78916597 3.43116641 15.6529255
v -21.3543816 4.28376436 22.6350346
v -21.9862118 4.33065844 23.0963268
v -22.3357067 4.71083498 22.2554245
v -20.8909607 1.35869062 22.0571022
v -20.5741711 2.16153002 22.1548595
v -20.6005917 2.16236901 21.4928837
v -21.9376221 1.30948699 23.1170464
v -21.1168537 1.35769892 22.7214546
v -22.2380714 0.850027502 21.9685192
v -22.5347328 1.31221795 20.8182964
v -22.2380714 0.850027502 21.9685192
v -21.2986012 1.31230187 21.2381592
v -20.8909607 1.35869062 22.0571022
v -21.2986012 1.31230187 21.2381592
v -22.2380714 0.850027502 21.9685192
v -23.1254539 4.33061266 22.7092323
v -22.3357067 4.71083498 22.2554245
v -21.9862118 4.33065844 23.0963268
v -20.6005917 2.16236901 21.4928837
v -20.7235222 3.41109109 21.4457684
v -21.3141766 2.28429627 20.633358
v -23.1188889 4.2847867 21.2934093
v -23.3453121 4.28364229 21.9588051
v -23.848196 3.28394365 21.421627
v -23.1254539 4.33061266 22.7092323
v -23.3453121 4.28364229 21.9588051
v -22.3357067 4.71083498 22.2554245
v -23.3410683 1.35854948 21.2247276
v -23.5670776 1.35759783 21.8887444
v -22.2380714 0.850027502 21.9685192
v -23.1198463 3.41092324 20.6319637
v -23.1188889 4.2847867 21.2934093
v -23.848196 3.28394365 21.421627
v -21.34552 4.33400774 21.213644
v -21.1279736 4.28493929 21.9694176
v -22.134716 4.71196795 21.6645432
v -22.2380714 0.850027502 21.9685192
v -23.1736374 1.30945456 22.6969261
v -21.9376221 1.30948699 23.1170464
v -23.3453121 4.28364229 21.9588051
v -23.7502422 3.40797853 22.4841309
v -23.848196 3.28394365 21.421627
v -22.4857483 4.33392382 20.826498
v -21.34552 4.33400774 21.213644
v -22.134716 4.71196795 21.6645432
v -20.8909607 1.35869062 22.0571022
v -22.2380714 0.850027502 21.9685192
v -21.1168537 1.35769892 22.7214546
v -22.5347328 1.31221795 20.8182964
v -23.3410683 1.35854948 21.2247276
v -22.2380714 0.850027502 21.9685192
v -23.1188889 4.2847867 21.2934093
v -22.4857483 4.33392382 20.826498
v -22.134716 4.71196795 21.6645432
v -23.3410683 1.35854948 21.2247276
v -23.96311 2.28544283 21.3859043
v -23.5670776 1.35759783 21.8887444
v -23.2337379 2.16220117 20.5984821
v -23.96311 2.28544283 21.3859043
v -23.3410683 1.35854948 21.2247276
v -21.2298889 2.15971255 23.3430977
v -20.8056145 2.16054392 22.8351974
v -21.1168537 1.35769892 22.7214546
v -23.96311 2.28544283 21.3859043
v -23.8628311 2.15965319 22.4480228
v -23.5670776 1.35759783 21.8887444
v -23.5670776 1.35759783 21.8887444
v -23.1736374 1.30945456 22.6969261
v -22.2380714 0.850027502 21.9685192
v -21.3141766 2.28429627 20.633358
v -20.7235222 3.41109109 21.4457684
v -21.3241367 3.29187036 20.6246796
v -21.1279736 4.28493929 21.9694176
v -20.7235222 3.41109109 21.4457684
v -20.5806961 3.40191317 22.1153736
v -21.3543816 4.28376436 22.6350346
v -20.8782787 3.38342714 22.801733
v -21.35322 3.40806651 23.2987671
v -23.08041 4.23825026 16.6125832
v -22.6062069 4.28372526 16.0634003
v -22.1709061 4.65238523 16.804369
v -23.3903828 1.40176749 17.2437801
v -23.6800957 2.18028998 17.2054939
v -23.5527344 2.18110442 17.8318577
v -22.6515408 1.35405302 16.0521011
v -23.2997131 1.40080607 16.5713902
v -22.2101498 0.908509851 17.0947857
v -21.7718468 1.35670257 18.1396904
v -22.2101498 0.908509851 17.0947857
v -22.9082451 1.35678267 17.953701
v -23.3903828 1.40176749 17.2437801
v -22.9082451 1.35678267 17.953701
v -22.2101498 0.908509851 17.0947857
v -21.5588341 4.28367949 16.2349644
v -22.1709061 4.65238523 16.804369
v -22.6062069 4.28372526 16.0634003
v -23.5527344 2.18110442 17.8318577
v -23.4388924 3.39200568 17.855505
v -22.7993088 2.29933929 18.5274963
v -21.3410206 4.23924208 17.5856075
v -21.2499981 4.238132 16.9121399
v -20.7298756 3.26871085 17.3370247
v -21.5588341 4.28367949 16.2349644
v -21.2499981 4.238132 16.9121399
v -22.1709061 4.65238523 16.804369
v -21.1378155 1.40163016 17.6126175
v -21.0469589 1.40070689 16.9405193
v -22.2101498 0.908509851 17.0947857
v -21.2357674 3.39184546 18.2159519
v -21.3410206 4.23924208 17.5856075
v -20.7298756 3.26871085 17.3370247
v -22.863739 4.28697205 17.9689426
v -23.1714096 4.23939085 17.2862434
v -22.2515869 4.65348387 17.4024239
v -22.2101498 0.908509851 17.0947857
v -21.5151939 1.3540225 16.2383308
v -22.6515408 1.35405302 16.0521011
v -21.2499981 4.238132 16.9121399
v -20.9823627 3.38898802 16.341259
v -20.7298756 3.26871085 17.3370247
v -21.8155346 4.28689194 18.1404018
v -22.863739 4.28697205 17.9689426
v -22.2515869 4.65348387 17.4024239
v -23.3903828 1.40176749 17.2437801
v -22.2101498 0.908509851 17.0947857
v -23.2997131 1.40080607 16.5713902
v -21.7718468 1.35670257 18.1396904
v -21.1378155 1.40163016 17.6126175
v -22.2101498 0.908509851 17.0947857
v -21.3410206 4.23924208 17.5856075
v -21.8155346 4.28689194 18.1404018
v -22.2515869 4.65348387 17.4024239
v -21.1378155 1.40163016 17.6126175
v -20.6246967 2.30045104 17.3511734
v -21.0469589 1.40070689 16.9405193
v -21.1318493 2.1809423 18.2280903
v -20.6246967 2.30045104 17.3511734
v -21.1378155 1.40163016 17.6126175
v -23.2998962 2.17852736 15.95926
v -23.5871277 2.17933416 16.5168743
v -23.2997131 1.40080607 16.5713902
v -20.6246967 2.30045104 17.3511734
v -20.8791561 2.17847013 16.3561764
v -21.0469589 1.40070689 16.9405193
v -21.0469589 1.40070689 16.9405193
v -21.5151939 1.3540225 16.2383308
v -22.2101498 0.908509851 17.0947857
v -22.7993088 2.29933929 18.5274963
v -23.4388924 3.39200568 17.855505
v -22.7892723 3.27639771 18.5340424
v -23.1714096 4.23939085 17.2862434
v -23.4388924 3.39200568 17.855505
v -23.6681366 3.38310599 17.2419796
v -23.08041 4.23825026 16.6125832
v -23.5188427 3.36518049 16.53619
v -23.1861572 3.38907194 15.9801407
v -40.7741318 4.28376484 21.0876808
v -41.4059639 4.33065891 21.5489731
v -41.755455 4.71083546 20.7080708
v -40.3107109 1.3586911 20.5097504
v -39.9939194 2.16153026 20.6075058
v -40.0203438 2.16236949 19.9455299
v -41.3573723 1.30948746 21.5696945
v -40.536602 1.35769939 21.1741009
v -41.6578217 0.850027919 20.4211655
v -41.954483 1.31221843 19.2709446
v -41.6578217 0.850027919 20.4211655
v -40.7183533 1.31230235 19.6908073
v -40.3107109 1.3586911 20.5097504
v -40.7183533 1.31230235 19.6908073
v -41.6578217 0.850027919 20.4211655
v -42.5452042 4.33061314 21.1618786
v -41.755455 4.71083546 20.7080708
v -41.4059639 4.33065891 21.5489731
v -40.0203438 2.16236949 19.9455299
v -40.1432724 3.41109157 19.8984165
v -40.7339249 2.28429675 19.0860043
v -42.5386391 4.28478718 19.7460556
v -42.7650604 4.28364277 20.4114513
v -43.2679482 3.28394389 19.8742733
v -42.5452042 4.33061314 21.1618786
v -42.7650604 4.28364277 20.4114513
v -41.755455 4.71083546 20.7080708
v -42.7608185 1.35854983 19.677372
v -42.986824 1.35759819 20.3413887
v -41.6578217 0.850027919 20.4211655
v -42.5395966 3.41092372 19.08461
v -42.5386391 4.28478718 19.7460556
v -43.2679482 3.28394389 19.8742733
v -40.7652702 4.33400774 19.6662922
v -40.5477219 4.28493977 20.4220657
v -41.5544662 4.71196842 20.1171894
v -41.6578217 0.850027919 20.4211655
v -42.5933876 1.30945492 21.1495743
v -41.3573723 1.30948746 21.5696945
v -42.7650604 4.28364277 20.4114513
v -43.1699905 3.40797901 20.9367771
v -43.2679482 3.28394389 19.8742733
v -41.9054985 4.33392382 19.2791443
v -40.7652702 4.33400774 19.6662922
v -41.5544662 4.71196842 20.1171894
v -40.3107109 1.3586911 20.5097504
v -41.6578217 0.850027919 20.4211655
v -40.536602 1.35769939 21.1741009
v -41.954483 1.31221843 19.2709446
v -42.7608185 1.35854983 19.677372
v -41.6578217 0.850027919 20.4211655
v -42.5386391 4.28478718 19.7460556
v -41.9054985 4.33392382 19.2791443
v -41.5544662 4.71196842 20.1171894
v -42.7608185 1.35854983 19.677372
v -43.3828621 2.28544307 19.8385506
v -42.986824 1.35759819 20.3413887
v -42.6534882 2.16220164 19.0511284
v -43.3828621 2.28544307 19.8385506
v -42.7608185 1.35854983 19.677372
v -40.6496391 2.15971279 21.7957458
v -40.2253647 2.1605444 21.2878418
v -40.536602 1.35769939 21.1741009
v -43.3828621 2.28544307 19.8385506
v -43.2825813 2.15965366 20.9006691
v -42.986824 1.35759819 20.3413887
v -42.986824 1.35759819 20.3413887
v -42.5933876 1.30945492 21.1495743
v -41.6578217 0.850027919 20.4211655
v -40.7339249 2.28429675 19.0860043
v -40.1432724 3.41109157 19.8984165
v -40.743885 3.29187059 19.0773239
v -40.5477219 4.28493977 20.4220657
v -40.1432724 3.41109157 19.8984165
v -40.0004425 3.4019134 20.5680199
v -40.7741318 4.28376484 21.0876808
v -40.298027 3.38342762 21.2543793
v -40.7729721 3.40806675 21.7514153
v -42.5001602 4.23825073 15.0652294
v -42.0259552 4.28372574 14.5160484
v -41.5906563 4.65238571 15.2570171
v -42.8101311 1.40176785 15.6964273
v -43.0998459 2.18029046 15.658143
v -42.9724846 2.1811049 16.2845058
v -42.0712929 1.35405338 14.5047483
v -42.7194633 1.40080643 15.0240383
v -41.6298981 0.908510268 15.5474339
v -41.191597 1.35670304 16.5923386
v -41.6298981 0.908510268 15.5474339
v -42.3279953 1.35678315 16.4063492
v -42.8101311 1.40176785 15.6964273
v -42.3279953 1.35678315 16.4063492
v -41.6298981 0.908510268 15.5474339
v -40.9785843 4.28367996 14.6876125
v -41.5906563 4.65238571 15.2570171
v -42.0259552 4.28372574 14.5160484
v -42.9724846 2.1811049 16.2845058
v -42.8586426 3.39200616 16.3081532
v -42.219059 2.29933953 16.9801445
v -40.7607727 4.23924255 16.0382557
v -40.6697464 4.23813248 15.3647852
v -40.1496239 3.26871109 15.78967
v -40.9785843 4.28367996 14.6876125
v -40.6697464 4.23813248 15.3647852
v -41.5906563 4.65238571 15.2570171
v -40.5575638 1.40163052 16.0652657
v -40.4667091 1.40070724 15.3931646
v -41.6298981 0.908510268 15.5474339
v -40.6555176 3.39184594 16.6685982
v -40.7607727 4.23924255 16.0382557
v -40.1496239 3.26871109 15.78967
v -42.2834892 4.28697205 16.4215889
v -42.5911636 4.23939133 15.7388897
v -41.6713371 4.65348434 15.8550701
v -41.6298981 0.908510268 15.5474339
v -40.9349442 1.35402286 14.6909771
v -42.0712929 1.35405338 14.5047483
v -40.6697464 4.23813248 15.3647852
v -40.4021111 3.38898849 14.7939034
v -40.1496239 3.26871109 15.78967
v -41.2352867 4.28689194 16.5930481
v -42.2834892 4.28697205 16.4215889
v -41.6713371 4.65348434 15.8550701
v -42.8101311 1.40176785 15.6964273
v -41.6298981 0.908510268 15.5474339
v -42.7194633 1.40080643 15.0240383
v -41.191597 1.35670304 16.5923386
v -40.5575638 1.40163052 16.0652657
v -41.6298981 0.908510268 15.5474339
v -40.7607727 4.23924255 16.0382557
v -41.2352867 4.28689194 16.5930481
v -41.6713371 4.65348434 15.8550701
v -40.5575638 1.40163052 16.0652657
v -40.044445 2.30045128 15.8038206
v -40.4667091 1.40070724 15.3931646
v -40.5515976 2.18094277 16.6807346
v -40.044445 2.30045128 15.8038206
v -40.5575638 1.40163052 16.0652657
v -42.7196465 2.17852783 14.4119062
v -43.0068779 2.17933464 14.9695206
v -42.7194633 1.40080643 15.0240383
v -40.044445 2.30045128 15.8038206
v -40.2989082 2.17847061 14.8088226
v -40.4667091 1.40070724 15.3931646
v -40.4667091 1.40070724 15.3931646
v -40.9349442 1.35402286 14.6909771
v -41.6298981 0.908510268 15.5474339
v -42.219059 2.29933953 16.9801445
v -42.8586426 3.39200616 16.3081532
v -42.2090225 3.27639794 16.9866867
v -42.5911636 4.23939133 15.7388897
v -42.8586426 3.39200616 16.3081532
v -43.0878868 3.38310647 15.6946249
v -42.5001602 4.23825073 15.0652294
v -42.938591 3.36518097 14.9888372
v -42.6059074 3.38907242 14.4327869
v 24.2128296 4.28376293 22.0398903
v 23.5809994 4.33065701 22.5011826
v 23.2315044 4.71083355 21.6602802
v 24.6762524 1.35869098 21.461956
v 24.9930401 2.16153026 21.5597153
v 24.9666214 2.16236925 20.8977375
v 23.629591 1.30948722 22.5219002
v 24.4503593 1.35769928 22.1263103
v 23.3291416 0.8500278 21.3733749
v 23.0324802 1.31221831 20.2231522
v 23.3291416 0.8500278 21.3733749
v 24.2686119 1.31230223 20.6430149
v 24.6762524 1.35869098 21.461956
v 24.2686119 1.31230223 20.6430149
v 23.3291416 0.8500278 21.3733749
v 22.4417572 4.33061123 22.1140862
v 23.2315044 4.71083355 21.6602802
v 23.5809994 4.33065701 22.5011826
v 24.9666214 2.16236925 20.8977375
v 24.843689 3.41108942 20.8506241
v 24.2530346 2.28429651 20.0382118
v 22.4483242 4.28478479 20.6982651
v 22.221899 4.28364086 21.3636589
v 21.719017 3.28394198 20.8264809
v 22.4417572 4.33061123 22.1140862
v 22.221899 4.28364086 21.3636589
v 23.2315044 4.71083355 21.6602802
v 22.2261429 1.35854971 20.6295815
v 22.0001354 1.35759807 21.2935982
v 23.3291416 0.8500278 21.3733749
v 22.4473667 3.41092157 20.0368176
v 22.4483242 4.28478479 20.6982651
v 21.719017 3.28394198 20.8264809
v 24.221693 4.33400583 20.6184998
v 24.4392395 4.28493738 21.3742733
v 23.432497 4.71196604 21.069397
v 23.3291416 0.8500278 21.3733749
v 22.3935757 1.3094548 22.1017818
v 23.629591 1.30948722 22.5219002
v 22.221899 4.28364086 21.3636589
v 21.8169708 3.4079771 21.8889847
v 21.719017 3.28394198 20.8264809
v 23.0814629 4.33392191 20.2313519
v 24.221693 4.33400583 20.6184998
v 23.432497 4.71196604 21.069397
v 24.6762524 1.35869098 21.461956
v 23.3291416 0.8500278 21.3733749
v 24.4503593 1.35769928 22.1263103
v 23.0324802 1.31221831 20.2231522
v 22.2261429 1.35854971 20.6295815
v 23.3291416 0.8500278 21.3733749
v 22.4483242 4.28478479 20.6982651
v 23.0814629 4.33392191 20.2313519
v 23.432497 4.71196604 21.069397
v 22.2261429 1.35854971 20.6295815
v 21.6041012 2.28544307 20.7907562
v 22.0001354 1.35759807 21.2935982
v 22.3334751 2.1622014 20.003336
v 21.6041012 2.28544307 20.7907562
v 22.2261429 1.35854971 20.6295815
v 24.3373241 2.15971279 22.7479515
v 24.7615967 2.16054416 22.2400513
v 24.4503593 1.35769928 22.1263103
v 21.6041012 2.28544307 20.7907562
v 21.70438 2.15965366 21.8528767
v 22.0001354 1.35759807 21.2935982
v 22.0001354 1.35759807 21.2935982
v 22.3935757 1.3094548 22.1017818
v 23.3291416 0.8500278 21.3733749
v 24.2530346 2.28429651 20.0382118
v 24.843689 3.41108942 20.8506241
v 24.2430763 3.29186869 20.0295334
v 24.4392395 4.28493738 21.3742733
v 24.843689 3.41108942 20.8506241
v 24.986517 3.4019115 21.5202274
v 24.2128296 4.28376293 22.0398903
v 24.6889324 3.38342547 22.2065868
v 24.2139912 3.40806484 22.7036228
v 22.4868031 4.23824883 16.017437
v 22.9610062 4.28372383 15.468256
v 23.396307 4.6523838 16.2092247
v 22.1768303 1.40176773 16.6486359
v 21.8871155 2.18029022 16.6103497
v 22.0144768 2.18110466 17.2367134
v 22.9156704 1.35405326 15.4569559
v 22.2674999 1.40080631 15.9762459
v 23.3570633 0.908510149 16.4996414
v 23.7953663 1.35670292 17.5445442
v 23.3570633 0.908510149 16.4996414
v 22.6589661 1.35678303 17.3585548
v 22.1768303 1.40176773 16.6486359
v 22.6589661 1.35678303 17.3585548
v 23.3570633 0.908510149 16.4996414
v 24.008379 4.28367805 15.6398191
v 23.396307 4.6523838 16.2092247
v 22.9610062 4.28372383 15.468256
v 22.0144768 2.18110466 17.2367134
v 22.1283207 3.39200401 17.2603607
v 22.7679024 2.29933953 17.9323521
v 24.2261925 4.23924065 16.9904633
v 24.317215 4.23813057 16.3169937
v 24.8373375 3.26870918 16.7418785
v 24.008379 4.28367805 15.6398191
v 24.317215 4.23813057 16.3169937
v 23.396307 4.6523838 16.2092247
v 24.4293957 1.4016304 17.0174732
v 24.5202541 1.40070713 16.3453732
v 23.3570633 0.908510149 16.4996414
v 24.3314457 3.3918438 17.6208057
v 24.2261925 4.23924065 16.9904633
v 24.8373375 3.26870918 16.7418785
v 22.7034721 4.28697014 17.3737984
v 22.3958015 4.23938942 16.6910992
v 23.3156242 4.65348244 16.8072777
v 23.3570633 0.908510149 16.4996414
v 24.0520191 1.35402274 15.6431847
v 22.9156704 1.35405326 15.4569559
v 24.317215 4.23813057 16.3169937
v 24.5848503 3.38898635 15.7461119
v 24.8373375 3.26870918 16.7418785
v 23.7516785 4.28689003 17.5452557
v 22.7034721 4.28697014 17.3737984
v 23.3156242 4.65348244 16.8072777
v 22.1768303 1.40176773 16.6486359
v 23.3570633 0.908510149 16.4996414
v 22.2674999 1.40080631 15.9762459
v 23.7953663 1.35670292 17.5445442
v 24.4293957 1.4016304 17.0174732
v 23.3570633 0.908510149 16.4996414
v 24.2261925 4.23924065 16.9904633
v 23.7516785 4.28689003 17.5452557
v 23.3156242 4.65348244 16.8072777
v 24.4293957 1.4016304 17.0174732
v 24.9425163 2.30045128 16.7560272
v 24.5202541 1.40070713 16.3453732
v 24.4353638 2.18094254 17.6329422
v 24.9425163 2.30045128 16.7560272
v 24.4293957 1.4016304 17.0174732
v 22.2673168 2.17852759 15.3641148
v 21.9800854 2.17933464 15.9217281
v 22.2674999 1.40080631 15.9762459
v 24.9425163 2.30045128 16.7560272
v 24.688055 2.17847037 15.7610312
v 24.5202541 1.40070713 16.3453732
v 24.5202541 1.40070713 16.3453732
v 24.0520191 1.35402274 15.6431847
v 23.3570633 0.908510149 16.4996414
v 22.7679024 2.29933953 17.9323521
v 22.1283207 3.39200401 17.2603607
v 22.7779388 3.27639604 17.9388962
v 22.3958015 4.23938942 16.6910992
v 22.1283207 3.39200401 17.2603607
v 21.8990746 3.38310432 16.6468334
v 22.4868031 4.23824883 16.017437
v 22.0483685 3.36517906 15.9410458
v 22.3810558 3.38907027 15.3849955
v 44.1388359 4.28376198 22.1844673
v 43.5070038 4.33065653 22.6457596
v 43.157505 4.7108326 21.8048553
v 44.602253 1.35869026 21.6065331
v 44.9190445 2.16152954 21.7042923
v 44.8926239 2.16236877 21.0423164
v 43.5555954 1.30948663 22.6664772
v 44.3763618 1.35769856 22.2708874
v 43.2551422 0.850027144 21.517952
v 42.9584846 1.31221759 20.3677292
v 43.2551422 0.850027144 21.517952
v 44.1946144 1.31230152 20.7875919
v 44.602253 1.35869026 21.6065331
v 44.1946144 1.31230152 20.7875919
v 43.2551422 0.850027144 21.517952
v 42.3677597 4.33061028 22.2586632
v 43.157505 4.7108326 21.8048553
v 43.5070038 4.33065653 22.6457596
v 44.8926239 2.16236877 21.0423164
v 44.7696953 3.41108894 20.9952011
v 44.1790352 2.2842958 20.1827888
v 42.3743248 4.28478432 20.8428421
v 42.1479034 4.28363991 21.5082359
v 41.6450195 3.28394127 20.9710579
v 42.3677597 4.33061028 22.2586632
v 42.1479034 4.28363991 21.5082359
v 43.157505 4.7108326 21.8048553
v 42.1521454 1.35854912 20.7741585
v 41.926136 1.35759747 21.4381752
v 43.2551422 0.850027144 21.517952
v 42.3733673 3.4109211 20.1813946
v 42.3743248 4.28478432 20.8428421
v 41.6450195 3.28394127 20.9710579
v 44.1476974 4.33400536 20.7630768
v 44.365242 4.2849369 21.5188484
v 43.3584976 4.71196556 21.213974
v 43.2551422 0.850027144 21.517952
v 42.3195801 1.3094542 22.2463589
v 43.5555954 1.30948663 22.6664772
v 42.1479034 4.28363991 21.5082359
v 41.7429733 3.40797639 22.0335617
v 41.6450195 3.28394127 20.9710579
v 43.0074692 4.33392143 20.3759308
v 44.1476974 4.33400536 20.7630768
v 43.3584976 4.71196556 21.213974
v 44.602253 1.35869026 21.6065331
v 43.2551422 0.850027144 21.517952
v 44.3763618 1.35769856 22.2708874
v 42.9584846 1.31221759 20.3677292
v 42.1521454 1.35854912 20.7741585
v 43.2551422 0.850027144 21.517952
v 42.3743248 4.28478432 20.8428421
v 43.0074692 4.33392143 20.3759308
v 43.3584976 4.71196556 21.213974
v 42.1521454 1.35854912 20.7741585
v 41.5301056 2.28544235 20.9353371
v 41.926136 1.35759747 21.4381752
v 42.2594795 2.16220093 20.1479149
v 41.5301056 2.28544235 20.9353371
v 42.1521454 1.35854912 20.7741585
v 44.2633286 2.15971208 22.8925285
v 44.6875992 2.16054368 22.3846283
v 44.3763618 1.35769856 22.2708874
v 41.5301056 2.28544235 20.9353371
v 41.6303825 2.15965295 21.9974556
v 41.926136 1.35759747 21.4381752
v 41.926136 1.35759747 21.4381752
v 42.3195801 1.3094542 22.2463589
v 43.2551422 0.850027144 21.517952
v 44.1790352 2.2842958 20.1827888
v 44.7696953 3.41108894 20.9952011
v 44.169075 3.29186797 20.1741104
v 44.365242 4.2849369 21.5188484
v 44.7696953 3.41108894 20.9952011
v 44.9125175 3.40191078 21.6648064
v 44.1388359 4.28376198 22.1844673
v 44.614933 3.383425 22.3511639
v 44.1399956 3.40806413 22.8482018
v 42.4128075 4.23824787 16.162014
v 42.8870087 4.28372288 15.612833
v 43.3223076 4.65238285 16.3538017
v 42.102829 1.40176713 16.7932129
v 41.813118 2.18028951 16.7549286
v 41.9404793 2.18110418 17.3812904
v 42.8416748 1.35405266 15.6015339
v 42.1935043 1.40080571 16.1208229
v 43.2830658 0.908509493 16.6442184
v 43.7213707 1.35670221 17.6891232
v 43.2830658 0.908509493 16.6442184
v 42.5849686 1.35678232 17.5031338
v 42.102829 1.40176713 16.7932129
v 42.5849686 1.35678232 17.5031338
v 43.2830658 0.908509493 16.6442184
v 43.9343834 4.2836771 15.7843971
v 43.3223076 4.65238285 16.3538017
v 42.8870087 4.28372288 15.612833
v 41.9404793 2.18110418 17.3812904
v 42.0543251 3.39200354 17.4049377
v 42.6939087 2.29933882 18.0769291
v 44.152195 4.23924017 17.1350403
v 44.2432213 4.23812962 16.4615707
v 44.7633438 3.26870847 16.8864555
v 43.9343834 4.2836771 15.7843971
v 44.2432213 4.23812962 16.4615707
v 43.3223076 4.65238285 16.3538017
v 44.3553963 1.40162969 17.1620502
v 44.4462585 1.40070653 16.4899502
v 43.2830658 0.908509493 16.6442184
v 44.2574463 3.39184332 17.7653828
v 44.152195 4.23924017 17.1350403
v 44.7633438 3.26870847 16.8864555
v 42.6294746 4.28696966 17.5183754
v 42.321804 4.23938894 16.8356762
v 43.2416267 4.65348196 16.9518547
v 43.2830658 0.908509493 16.6442184
v 43.9780235 1.35402215 15.7877617
v 42.8416748 1.35405266 15.6015339
v 44.2432213 4.23812962 16.4615707
v 44.5108528 3.38898563 15.8906889
v 44.7633438 3.26870847 16.8864555
v 43.677681 4.28688955 17.6898327
v 42.6294746 4.28696966 17.5183754
v 43.2416267 4.65348196 16.9518547
v 42.102829 1.40176713 16.7932129
v 43.2830658 0.908509493 16.6442184
v 42.1935043 1.40080571 16.1208229
v 43.7213707 1.35670221 17.6891232
v 44.3553963 1.40162969 17.1620502
v 43.2830658 0.908509493 16.6442184
v 44.152195 4.23924017 17.1350403
v 43.677681 4.28688955 17.6898327
v 43.2416267 4.65348196 16.9518547
v 44.3553963 1.40162969 17.1620502
v 44.868515 2.30045056 16.9006042
v 44.4462585 1.40070653 16.4899502
v 44.3613663 2.18094206 17.7775211
v 44.868515 2.30045056 16.9006042
v 44.3553963 1.40162969 17.1620502
v 42.1933212 2.17852688 15.5086918
v 41.906086 2.17933393 16.0663071
v 42.1935043 1.40080571 16.1208229
v 44.868515 2.30045056 16.9006042
v 44.6140594 2.17846966 15.9056091
v 44.4462585 1.40070653 16.4899502
v 44.4462585 1.40070653 16.4899502
v 43.9780235 1.35402215 15.7877617
v 43.2830658 0.908509493 16.6442184
v 42.6939087 2.29933882 18.0769291
v 42.0543251 3.39200354 17.4049377
v 42.7039413 3.27639532 18.0834732
v 42.321804 4.23938894 16.8356762
v 42.0543251 3.39200354 17.4049377
v 41.8250809 3.38310361 16.7914104
v 42.4128075 4.23824787 16.162014
v 41.9743729 3.36517835 16.0856228
v 42.3070602 3.38906956 15.5295715
v -1.29500961 11.0177956 4.27999973
v -1.29500961 11.0177956 5.77999973
v 1.70500565 11.0177956 5.77999973
v 1.70500374 11.0177956 4.27999973
v -34.6950035 8.21779537 5.77999973
v -34.6950035 8.21779442 4.27999973
v -37.6950035 8.21779442 4.27999973
v -37.6950035 8.21779537 5.77999973
v 1.70500565 11.1677952 5.77999973
v -1.29500961 11.1677952 5.77999973
v -1.29499626 11.1677952 4.27999973
v 1.70500374 11.1677952 4.27999973
v -1.29500961 8.21779537 5.77999973
v -1.29499626 8.21779537 4.27999973
v -1.29500961 5.56779528 4.27999973
v -1.29500961 5.56779528 5.77999973
v -34.6950035 13.9677963 5.77999973
v -34.6950035 13.9677963 4.27999973
v -34.6950035 16.617794 4.27999973
v -34.6950035 16.617794 5.77999973
v 1.70500565 13.9677963 5.77999973
v -1.29500961 13.9677963 5.77999973
v -1.29499626 13.9677944 4.27999973
v 1.70500374 13.9677944 4.27999973
v -37.6950035 2.76779509 5.77999973
v -37.6950035 2.76779509 4.27999973
v -34.6950035 2.76779509 4.27999973
v -34.6950035 2.76779509 5.77999973
v 1.70500565 5.56779528 5.77999973
v -1.29500961 5.56779528 5.77999973
v -1.29500961 5.56779528 4.27999973
v 1.70500374 5.56779528 4.27999973
v -34.6950035 11.1677952 5.77999973
v -34.6950035 11.1677952 4.27999973
v -34.6950035 13.8177948 4.27999973
v -34.6950035 13.8177967 5.77999973
v 1.70500565 8.36779594 5.77999973
v -1.29500961 8.36779594 5.77999973
v -1.29500961 8.36779594 4.27999973
v 1.70500374 8.36779499 4.27999973
v -1.29500961 11.0177956 5.77999973
v -1.29500961 11.0177956 4.27999973
v -1.29500961 8.36779594 4.27999973
v -1.29500961 8.36779594 5.77999973
v -34.6950035 8.36779594 5.77999973
v -34.6950035 8.36779594 4.27999973
v -34.6950035 11.0177956 4.27999973
v -34.6950035 11.0177956 5.77999973
v -34.6950035 11.0177956 5.77999973
v -34.6950035 11.0177956 4.27999973
v -37.6950035 11.0177956 4.27999973
v -37.6950035 11.0177956 5.77999973
v -34.6950035 5.41779518 5.77999973
v -34.6950035 5.41779518 4.27999973
v -37.6950035 5.41779518 4.27999973
v -37.6950035 5.41779518 5.77999973
v -34.6950035 13.8177967 5.77999973
v -34.6950035 13.8177948 4.27999973
v -37.6950035 13.8177948 4.27999973
v -37.6950035 13.8177967 5.77999973
v -34.6950035 16.617794 5.77999973
v -34.6950035 16.617794 4.27999973
v -37.6950035 16.617794 4.27999973
v -37.6950035 16.617794 5.77999973
v -37.6950035 5.56779528 5.77999973
v -37.6950035 5.56779528 4.27999973
v -34.6950035 5.5677948 4.27999973
v -34.6950035 5.56779528 5.77999973
v -37.6950035 8.36779594 5.77999973
v -37.6950035 8.36779499 4.27999973
v -34.6950035 8.36779594 4.27999973
v -34.6950035 8.36779594 5.77999973
v -37.6950035 11.1677952 5.77999973
v -37.6950035 11.1677952 4.27999973
v -34.6950035 11.1677952 4.27999973
v -34.6950035 11.1677952 5.77999973
v -37.6950035 13.9677963 5.77999973
v -37.6950035 13.9677944 4.27999973
v -34.6950035 13.9677963 4.27999973
v -34.6950035 13.9677963 5.77999973
v -37.6950035 5.41779518 5.77999973
v -37.6950035 5.41779518 4.27999973
v -37.6950035 2.76779509 4.27999973
v -37.6950035 2.76779509 5.77999973
v -37.6950035 8.21779537 5.77999973
v -37.6950035 8.21779442 4.27999973
v -37.6950035 5.56779528 4.27999973
v -37.6950035 5.56779528 5.77999973
v -37.6950035 11.0177956 5.77999973
v -37.6950035 11.0177956 4.27999973
v -37.6950035 8.36779499 4.27999973
v -37.6950035 8.36779594 5.77999973
v -37.6950035 13.8177967 5.77999973
v -37.6950035 13.8177948 4.27999973
v -37.6950035 11.1677952 4.27999973
v -37.6950035 11.1677952 5.77999973
v -37.6950035 16.617794 5.77999973
v -37.6950035 16.617794 4.27999973
v -37.6950035 13.9677944 4.27999973
v -37.6950035 13.9677963 5.77999973
v -34.6950035 2.76779509 5.77999973
v -34.6950035 2.76779509 4.27999973
v -34.6950035 5.41779518 4.27999973
v -34.6950035 5.41779518 5.77999973
v -34.6950035 5.56779528 5.77999973
v -34.6950035 5.5677948 4.27999973
v -34.6950035 8.21779442 4.27999973
v -34.6950035 8.21779537 5.77999973
v -16.6950111 11.0177956 5.77999973
v -16.6950111 11.0177956 4.27999973
v -19.6950035 11.0177956 4.27999973
v -19.6950035 11.0177956 5.77999973
v -19.6950035 8.36779594 5.77999973
v -19.6950035 8.36779594 4.27999973
v -16.6950111 8.36779594 4.27999973
v -16.6950111 8.36779594 5.77999973
v -19.6950035 11.0177956 5.77999973
v -19.6950035 11.0177956 4.27999973
v -19.6950035 8.36779594 4.27999973
v -19.6950035 8.36779594 5.77999973
v -16.6950111 8.36779594 5.77999973
v -16.6950111 8.36779594 4.27999973
v -16.6950111 11.0177956 4.27999973
v -16.6950111 11.0177956 5.77999973
v -16.6950111 8.21779537 5.77999973
v -16.6950111 8.21779537 4.27999973
v -19.6950035 8.21779537 4.27999973
v -19.6950035 8.21779537 5.77999973
v -5.18045044 1.5677954 5.77999973
v -5.08045387 1.42404115 5.77999973
v -5.08045387 0 5.77999973
v -5.18045044 0 5.77999973
v -16.6950111 0 5.77999973
v -5.18045044 4.5485363 5.77999973
v -16.6950111 2.76779509 5.77999973
v -19.6950035 2.76779509 5.77999973
v -19.6950035 0 5.77999973
v -16.6950111 5.41779518 5.77999973
v -34.6950035 0 5.77999973
v -16.6950111 5.56779528 5.77999973
v -1.29500961 4.5485363 5.77999973
v -34.6950035 2.76779509 5.77999973
v -19.6950035 5.41779518 5.77999973
v -37.6950035 2.76779509 5.77999973
v -37.6950035 0 5.77999973
v -45.4950066 0 5.77999973
v -34.6950035 5.41779518 5.77999973
v -37.6950035 5.41779518 5.77999973
v -19.6950035 5.56779528 5.77999973
v -37.6950035 5.56779528 5.77999973
v -34.6950035 5.56779528 5.77999973
v -37.6950035 8.21779537 5.77999973
v -45.4950066 18.8160267 5.77999973
v -37.6950035 8.36779594 5.77999973
v -19.6950035 8.21779537 5.77999973
v -34.6950035 8.21779537 5.77999973
v -37.6950035 11.0177956 5.77999973
v -34.6950035 8.36779594 5.77999973
v -19.6950035 8.36779594 5.77999973
v -16.6950111 8.21779537 5.77999973
v -19.6950035 11.0177956 5.77999973
v -34.6950035 11.0177956 5.77999973
v -16.6950111 8.36779594 5.77999973
v -37.6950035 11.1677952 5.77999973
v -19.6950035 11.1677952 5.77999973
v -16.6950111 11.0177956 5.77999973
v -34.6950035 11.1677952 5.77999973
v -37.6950035 13.8177967 5.77999973
v -19.6950035 13.8177967 5.77999973
v -34.6950035 13.8177967 5.77999973
v -16.6950111 11.1677952 5.77999973
v -37.6950035 13.9677963 5.77999973
v -37.6950035 16.617794 5.77999973
v -34.6950035 16.617794 5.77999973
v -34.6950035 13.9677963 5.77999973
v -34.6950035 18.8160267 5.77999973
v -19.6950035 13.9677963 5.77999973
v -16.6950111 13.8177967 5.77999973
v -19.6950035 16.617794 5.77999973
v -19.6950035 18.8160267 5.77999973
v -16.6950111 16.617794 5.77999973
v -16.6950111 18.8160267 5.77999973
v -1.29500961 18.8160267 5.77999973
v -16.6950111 13.9677963 5.77999973
v -1.29500961 16.617794 5.77999973
v 1.70500565 18.8160267 5.77999973
v -1.29500961 13.9677963 5.77999973
v 1.70500565 16.617794 5.77999973
v 16.7050056 18.8160267 5.77999973
v -1.29500961 13.8177967 5.77999973
v 1.70500565 13.9677963 5.77999973
v 16.7050056 16.617794 5.77999973
v 19.7049999 18.8160267 5.77999973
v -1.29500961 11.1677952 5.77999973
v 1.70500565 13.8177967 5.77999973
v 19.7049999 16.617794 5.77999973
v 16.7049999 13.9677963 5.77999973
v 34.7050018 18.8160267 5.77999973
v -1.29500961 11.0177956 5.77999973
v 1.70500565 11.1677952 5.77999973
v 16.7050056 13.8177967 5.77999973
v 19.7049999 13.9677963 5.77999973
v 34.7050018 16.617794 5.77999973
v 45.5049973 18.8160267 5.77999973
v -1.29500961 8.36779594 5.77999973
v 1.70500565 11.0177956 5.77999973
v 16.7049999 11.1677952 5.77999973
v 19.7049999 13.8177967 5.77999973
v 37.7050018 16.617794 5.77999973
v 34.7050018 13.9677963 5.77999973
v 37.7050018 13.9677963 5.77999973
v -1.29500961 8.21779537 5.77999973
v 1.70500565 8.36779594 5.77999973
v -1.29500961 5.56779528 5.77999973
v 1.70500565 5.56779528 5.77999973
v 1.70500565 4.5485363 5.77999973
v 1.70500565 8.21779537 5.77999973
v 5.6239624 4.5485363 5.77999973
v 34.7050018 13.8177967 5.77999973
v 19.7049999 11.1677952 5.77999973
v 37.7050018 13.8177967 5.77999973
v 34.7050018 11.1677952 5.77999973
v 37.7050018 11.1677952 5.77999973
v 37.7050018 11.0177956 5.77999973
v 34.7050018 11.0177956 5.77999973
v 37.7050018 8.36779594 5.77999973
v 45.5049973 0 5.77999973
v 19.7049999 11.0177956 5.77999973
v 16.7050056 11.0177956 5.77999973
v 19.7049999 8.36779594 5.77999973
v 16.7049999 8.36779594 5.77999973
v 34.7050018 8.36779594 5.77999973
v 16.7050056 8.21779537 5.77999973
v 19.7049999 8.21779537 5.77999973
v 16.7050056 5.56779528 5.77999973
v 34.7050018 8.21779537 5.77999973
v 19.7049999 5.56779528 5.77999973
v 37.7050018 8.21779537 5.77999973
v 34.7050018 5.56779528 5.77999973
v 37.7050018 5.56779528 5.77999973
v 16.7050056 5.41779518 5.77999973
v 19.7049999 5.41779518 5.77999973
v 34.7050018 5.41779518 5.77999973
v 19.7049999 2.76779509 5.77999973
v 37.7050018 5.41779518 5.77999973
v 37.7050018 2.76779509 5.77999973
v 34.7050018 0 5.77999973
v 34.7050018 2.76779604 5.77999973
v 19.7049999 0 5.77999973
v 16.7050056 0 5.77999973
v 16.7050056 2.76779509 5.77999973
v 15.6050053 0 5.77999973
v 15.6050053 3.96779537 5.77999973
v 5.6239624 1.5677954 5.77999973
v 5.6239624 0 5.77999973
v 5.52396202 0 5.77999973
v 5.52396202 1.42404115 5.77999973
v -16.6950111 5.56779528 5.77999973
v -16.6950035 5.5677948 4.27999973
v -16.6950111 8.21779537 4.27999973
v -16.6950111 8.21779537 5.77999973
v -19.6950035 8.21779537 5.77999973
v -19.6950035 8.21779537 4.27999973
v -19.6950035 5.56779528 4.27999973
v -19.6950035 5.56779528 5.77999973
v -19.6950035 11.1677952 5.77999973
v -19.6950035 11.1677952 4.27999973
v -16.6950111 11.1677952 4.27999973
v -16.6950111 11.1677952 5.77999973
v -16.6950111 13.9677963 5.77999973
v -16.6950111 13.9677963 4.27999973
v -16.6950111 16.617794 4.27999973
v -16.6950111 16.617794 5.77999973
v -16.6950111 13.8177967 5.77999973
v -16.6950111 13.8177967 4.27999973
v -19.6950035 13.8177948 4.27999973
v -19.6950035 13.8177967 5.77999973
v -16.6950111 2.76779509 5.77999973
v -16.6950111 2.76779509 4.27999973
v -16.6950035 5.41779518 4.27999973
v -16.6950111 5.41779518 5.77999973
v -19.6950035 16.617794 5.77999973
v -19.6950035 16.617794 4.27999973
v -19.6950035 13.9677963 4.27999973
v -19.6950035 13.9677963 5.77999973
v -19.6950035 2.76779509 5.77999973
v -19.6950035 2.76779509 4.27999973
v -16.6950111 2.76779509 4.27999973
v -16.6950111 2.76779509 5.77999973
v -19.6950035 5.41779518 5.77999973
v -19.6950035 5.41779518 4.27999973
v -19.6950035 2.76779509 4.27999973
v -19.6950035 2.76779509 5.77999973
v -19.6950035 13.9677963 5.77999973
v -19.6950035 13.9677963 4.27999973
v -16.6950111 13.9677963 4.27999973
v -16.6950111 13.9677963 5.77999973
v -16.6950111 5.41779518 5.77999973
v -16.6950035 5.41779518 4.27999973
v -19.6950035 5.41779518 4.27999973
v -19.6950035 5.41779518 5.77999973
v -16.6950111 11.1677952 5.77999973
v -16.6950111 11.1677952 4.27999973
v -16.6950111 13.8177967 4.27999973
v -16.6950111 13.8177967 5.77999973
v -16.6950111 16.617794 5.77999973
v -16.6950111 16.617794 4.27999973
v -19.6950035 16.617794 4.27999973
v -19.6950035 16.617794 5.77999973
v -19.6950035 13.8177967 5.77999973
v -19.6950035 13.8177948 4.27999973
v -19.6950035 11.1677952 4.27999973
v -19.6950035 11.1677952 5.77999973
v -19.6950035 5.56779528 5.77999973
v -19.6950035 5.56779528 4.27999973
v -16.6950035 5.5677948 4.27999973
v -16.6950111 5.56779528 5.77999973
v -1.29499626 8.21779537 4.27999973
v -1.29500961 8.21779537 5.77999973
v 1.70500565 8.21779537 5.77999973
v 1.70500374 8.21779537 4.27999973
v -1.29500961 16.617794 4.27999973
v -1.29500961 16.617794 5.77999973
v 1.70500565 16.617794 5.77999973
v 1.70500374 16.6177959 4.27999973
v -1.29500961 16.617794 5.77999973
v -1.29500961 16.617794 4.27999973
v -1.29499626 13.9677944 4.27999973
v -1.29500961 13.9677963 5.77999973
v -1.29500961 13.8177967 4.27999973
v -1.29500961 13.8177967 5.77999973
v 1.70500565 13.8177967 5.77999973
v 1.70500374 13.8177948 4.27999973
v -1.29500961 13.8177967 5.77999973
v -1.29500961 13.8177967 4.27999973
v -1.29499626 11.1677952 4.27999973
v -1.29500961 11.1677952 5.77999973
v 34.7050018 8.21779537 5.77999973
v 37.7050018 8.21779537 5.77999973
v 37.7050018 8.21779442 4.27999973
v 34.7050018 8.21779537 4.27999973
v 1.70500565 8.21779537 5.77999973
v 1.70500565 5.56779528 5.77999973
v 1.70500374 5.56779528 4.27999973
v 1.70500374 8.21779537 4.27999973
v 34.7050018 13.9677963 5.77999973
v 34.7050018 16.617794 5.77999973
v 34.7050018 16.617794 4.27999973
v 34.7050018 13.9677963 4.27999973
v 37.7050018 2.76779509 5.77999973
v 34.7050018 2.76779604 5.77999973
v 34.7050018 2.76779509 4.27999973
v 37.7050018 2.76779509 4.27999973
v 34.7050018 11.1677952 5.77999973
v 34.7050018 13.8177967 5.77999973
v 34.7050018 13.8177967 4.27999973
v 34.7050018 11.1677952 4.27999973
v 1.70500565 11.0177956 5.77999973
v 1.70500565 8.36779594 5.77999973
v 1.70500374 8.36779499 4.27999973
v 1.70500374 11.0177956 4.27999973
v 34.7050018 8.36779594 5.77999973
v 34.7050018 11.0177956 5.77999973
v 34.7050018 11.0177956 4.27999973
v 34.7050018 8.36779499 4.27999973
v 34.7050018 11.0177956 5.77999973
v 37.7050018 11.0177956 5.77999973
v 37.7050018 11.0177956 4.27999973
v 34.7050018 11.0177956 4.27999973
v 34.7050018 5.41779518 5.77999973
v 37.7050018 5.41779518 5.77999973
v 37.7050018 5.41779518 4.27999973
v 34.7050018 5.41779518 4.27999973
v 34.7050018 13.8177967 5.77999973
v 37.7050018 13.8177967 5.77999973
v 37.7050018 13.8177967 4.27999973
v 34.7050018 13.8177967 4.27999973
v 34.7050018 16.617794 5.77999973
v 37.7050018 16.617794 5.77999973
v 37.7050018 16.617794 4.27999973
v 34.7050018 16.617794 4.27999973
v 37.7050018 5.56779528 5.77999973
v 34.7050018 5.56779528 5.77999973
v 34.7050018 5.5677948 4.27999973
v 37.7050018 5.56779528 4.27999973
v 37.7050018 8.36779594 5.77999973
v 34.7050018 8.36779594 5.77999973
v 34.7050018 8.36779499 4.27999973
v 37.7050018 8.36779594 4.27999973
v 37.7050018 11.1677952 5.77999973
v 34.7050018 11.1677952 5.77999973
v 34.7050018 11.1677952 4.27999973
v 37.7050018 11.1677952 4.27999973
v 37.7050018 13.9677963 5.77999973
v 34.7050018 13.9677963 5.77999973
v 34.7050018 13.9677963 4.27999973
v 37.7050018 13.9677944 4.27999973
v 37.7050018 5.41779518 5.77999973
v 37.7050018 2.76779509 5.77999973
v 37.7050018 2.76779509 4.27999973
v 37.7050018 5.41779518 4.27999973
v 37.7050018 8.21779537 5.77999973
v 37.7050018 5.56779528 5.77999973
v 37.7050018 5.56779528 4.27999973
v 37.7050018 8.21779442 4.27999973
v 37.7050018 11.0177956 5.77999973
v 37.7050018 8.36779594 5.77999973
v 37.7050018 8.36779594 4.27999973
v 37.7050018 11.0177956 4.27999973
v 37.7050018 13.8177967 5.77999973
v 37.7050018 11.1677952 5.77999973
v 37.7050018 11.1677952 4.27999973
v 37.7050018 13.8177967 4.27999973
v 37.7050018 16.617794 5.77999973
v 37.7050018 13.9677963 5.77999973
v 37.7050018 13.9677944 4.27999973
v 37.7050018 16.617794 4.27999973
v 34.7050018 2.76779604 5.77999973
v 34.7050018 5.41779518 5.77999973
v 34.7050018 5.41779518 4.27999973
v 34.7050018 2.76779509 4.27999973
v 34.7050018 5.56779528 5.77999973
v 34.7050018 8.21779537 5.77999973
v 34.7050018 8.21779537 4.27999973
v 34.7050018 5.5677948 4.27999973
v 16.7050056 11.0177956 5.77999973
v 19.7049999 11.0177956 5.77999973
v 19.7049999 11.0177956 4.27999973
v 16.7049999 11.0177956 4.27999973
v 19.7049999 8.36779594 5.77999973
v 16.7049999 8.36779594 5.77999973
v 16.7049999 8.36779499 4.27999973
v 19.7049999 8.36779499 4.27999973
v 19.7049999 11.0177956 5.77999973
v 19.7049999 8.36779594 5.77999973
v 19.7049999 8.36779499 4.27999973
v 19.7049999 11.0177956 4.27999973
v 16.7049999 8.36779594 5.77999973
v 16.7050056 11.0177956 5.77999973
v 16.7049999 11.0177956 4.27999973
v 16.7049999 8.36779499 4.27999973
v 16.7050056 8.21779537 5.77999973
v 19.7049999 8.21779537 5.77999973
v 19.7049999 8.21779442 4.27999973
v 16.7049999 8.21779442 4.27999973
v 16.7050056 5.56779528 5.77999973
v 16.7050056 8.21779537 5.77999973
v 16.7049999 8.21779442 4.27999973
v 16.7049999 5.5677948 4.27999973
v 19.7049999 8.21779537 5.77999973
v 19.7049999 5.56779528 5.77999973
v 19.7049999 5.5677948 4.27999973
v 19.7049999 8.21779442 4.27999973
v 19.7049999 11.1677952 5.77999973
v 16.7049999 11.1677952 5.77999973
v 16.7049999 11.1677952 4.27999973
v 19.7049999 11.1677952 4.27999973
v 16.7049999 13.9677963 5.77999973
v 16.7050056 16.617794 5.77999973
v 16.7049999 16.617794 4.27999973
v 16.7049999 13.9677944 4.27999973
v 16.7050056 13.8177967 5.77999973
v 19.7049999 13.8177967 5.77999973
v 19.7049999 13.8177967 4.27999973
v 16.7049999 13.8177948 4.27999973
v 16.7050056 2.76779509 5.77999973
v 16.7050056 5.41779518 5.77999973
v 16.7049999 5.41779518 4.27999973
v 16.7049999 2.76779509 4.27999973
v 19.7049999 16.617794 5.77999973
v 19.7049999 13.9677963 5.77999973
v 19.7049999 13.9677963 4.27999973
v 19.7049999 16.617794 4.27999973
v 19.7049999 2.76779509 5.77999973
v 16.7050056 2.76779509 5.77999973
v 16.7049999 2.76779509 4.27999973
v 19.7049999 2.76779509 4.27999973
v 19.7049999 5.41779518 5.77999973
v 19.7049999 2.76779509 5.77999973
v 19.7049999 2.76779509 4.27999973
v 19.7049999 5.41779518 4.27999973
v 19.7049999 13.9677963 5.77999973
v 16.7049999 13.9677963 5.77999973
v 16.7049999 13.9677944 4.27999973
v 19.7049999 13.9677963 4.27999973
v 16.7050056 5.41779518 5.77999973
v 19.7049999 5.41779518 5.77999973
v 19.7049999 5.41779518 4.27999973
v 16.7049999 5.41779518 4.27999973
v 16.7049999 11.1677952 5.77999973
v 16.7050056 13.8177967 5.77999973
v 16.7049999 13.8177948 4.27999973
v 16.7049999 11.1677952 4.27999973
v 16.7050056 16.617794 5.77999973
v 19.7049999 16.617794 5.77999973
v 19.7049999 16.617794 4.27999973
v 16.7049999 16.617794 4.27999973
v 19.7049999 13.8177967 5.77999973
v 19.7049999 11.1677952 5.77999973
v 19.7049999 11.1677952 4.27999973
v 19.7049999 13.8177967 4.27999973
v 19.7049999 5.56779528 5.77999973
v 16.7050056 5.56779528 5.77999973
v 16.7049999 5.5677948 4.27999973
v 19.7049999 5.5677948 4.27999973
v 1.70500565 16.617794 5.77999973
v 1.70500565 13.9677963 5.77999973
v 1.70500374 13.9677944 4.27999973
v 1.70500374 16.6177959 4.27999973
v 1.70500565 13.8177967 5.77999973
v 1.70500565 11.1677952 5.77999973
v 1.70500374 11.1677952 4.27999973
v 1.70500374 13.8177948 4.27999973
v -1.29499626 8.21779537 4.27999973
v 1.70500374 8.21779537 4.27999973
v 1.70500374 5.56779528 4.27999973
v -1.29500961 5.56779528 4.27999973
v -1.29500961 11.0177956 4.27999973
v 1.70500374 11.0177956 4.27999973
v 1.70500374 8.36779499 4.27999973
v -1.29500961 8.36779594 4.27999973
v -1.29500961 13.8177967 4.27999973
v 1.70500374 13.8177948 4.27999973
v 1.70500374 11.1677952 4.27999973
v -1.29499626 11.1677952 4.27999973
v -1.29500961 16.617794 4.27999973
v 1.70500374 16.6177959 4.27999973
v 1.70500374 13.9677944 4.27999973
v -1.29499626 13.9677944 4.27999973
v 34.7050018 5.41779518 4.27999973
v 37.7050018 5.41779518 4.27999973
v 37.7050018 2.76779509 4.27999973
v 34.7050018 2.76779509 4.27999973
v 34.7050018 8.21779537 4.27999973
v 37.7050018 8.21779442 4.27999973
v 37.7050018 5.56779528 4.27999973
v 34.7050018 5.5677948 4.27999973
v 34.7050018 11.0177956 4.27999973
v 37.7050018 11.0177956 4.27999973
v 37.7050018 8.36779594 4.27999973
v 34.7050018 8.36779499 4.27999973
v 34.7050018 13.8177967 4.27999973
v 37.7050018 13.8177967 4.27999973
v 37.7050018 11.1677952 4.27999973
v 34.7050018 11.1677952 4.27999973
v 34.7050018 16.617794 4.27999973
v 37.7050018 16.617794 4.27999973
v 37.7050018 13.9677944 4.27999973
v 34.7050018 13.9677963 4.27999973
v 16.7049999 5.41779518 4.27999973
v 19.7049999 5.41779518 4.27999973
v 19.7049999 2.76779509 4.27999973
v 16.7049999 2.76779509 4.27999973
v 16.7049999 8.21779442 4.27999973
v 19.7049999 8.21779442 4.27999973
v 19.7049999 5.5677948 4.27999973
v 16.7049999 5.5677948 4.27999973
v 16.7049999 11.0177956 4.27999973
v 19.7049999 11.0177956 4.27999973
v 19.7049999 8.36779499 4.27999973
v 16.7049999 8.36779499 4.27999973
v 16.7049999 13.8177948 4.27999973
v 19.7049999 13.8177967 4.27999973
v 19.7049999 11.1677952 4.27999973
v 16.7049999 11.1677952 4.27999973
v 16.7049999 16.617794 4.27999973
v 19.7049999 16.617794 4.27999973
v 19.7049999 13.9677963 4.27999973
v 16.7049999 13.9677944 4.27999973
v -16.9949989 3.76779604 4.27999973
v -18.545002 2.86779499 4.27999973
v -18.545002 3.76779604 4.27999973
v -16.6950111 2.76779509 4.27999973
v -19.3950005 2.86779499 4.27999973
v -16.6950035 5.41779518 4.27999973
v -16.9949989 5.31779528 4.27999973
v -19.6950035 2.76779509 4.27999973
v -19.3950005 3.76779604 4.27999973
v -19.3950005 5.31779528 4.27999973
v -19.6950035 5.41779518 4.27999973
v -18.545002 2.86779499 4.27999973
v -18.545002 2.86779499 4.07999992
v -18.545002 3.76779604 4.07999992
v -18.545002 3.76779604 4.27999973
v -19.3950005 5.31779528 4.27999973
v -19.3950005 5.31779528 4.07999992
v -19.3950005 3.76779604 4.07999992
v -19.3950005 3.76779604 4.27999973
v -19.3950005 2.86779499 4.07999992
v -19.3950005 2.86779499 4.27999973
v -19.3950005 2.86779499 4.27999973
v -19.3950005 2.86779499 4.07999992
v -18.545002 2.86779499 4.07999992
v -18.545002 2.86779499 4.27999973
v -16.9949989 3.76779604 4.27999973
v -16.9949989 3.76779604 4.07999992
v -16.9949989 5.31779528 4.07999992
v -16.9949989 5.31779528 4.27999973
v -18.545002 3.76779604 4.27999973
v -18.545002 3.76779604 4.07999992
v -16.9949989 3.76779604 4.07999992
v -16.9949989 3.76779604 4.27999973
v -19.3950005 5.31779528 4.27999973
v -18.545002 5.31779528 4.07999992
v -19.3950005 5.31779528 4.07999992
v -16.9949989 5.31779528 4.27999973
v -16.9949989 5.31779528 4.07999992
v -16.9949989 5.31779528 4.07999992
v -16.9949989 3.76779604 4.07999992
v -18.545002 3.76779604 4.07999992
v -18.545002 5.31779528 4.07999992
v -18.6050072 5.25779533 4.07999992
v -18.545002 2.86779499 4.07999992
v -19.3950005 2.86779499 4.07999992
v -19.3350029 5.25779533 4.07999992
v -19.3950005 5.31779528 4.07999992
v -19.3950005 3.76779604 4.07999992
v -16.9949989 6.56779623 4.27999973
v -18.545002 5.6677947 4.27999973
v -18.545002 6.56779623 4.27999973
v -16.6950035 5.5677948 4.27999973
v -19.3950005 5.6677947 4.27999973
v -16.6950111 8.21779537 4.27999973
v -16.9949989 8.11779499 4.27999973
v -19.6950035 5.56779528 4.27999973
v -19.3950005 6.56779623 4.27999973
v -19.3950005 8.11779499 4.27999973
v -19.6950035 8.21779537 4.27999973
v -18.545002 5.6677947 4.27999973
v -18.545002 5.6677947 4.07999992
v -18.545002 6.56779623 4.07999992
v -18.545002 6.56779623 4.27999973
v -19.3950005 8.11779499 4.27999973
v -19.3950005 8.11779499 4.07999992
v -19.3950005 6.56779623 4.07999992
v -19.3950005 6.56779623 4.27999973
v -19.3950005 5.6677947 4.07999992
v -19.3950005 5.6677947 4.27999973
v -19.3950005 5.6677947 4.27999973
v -19.3950005 5.6677947 4.07999992
v -18.545002 5.6677947 4.07999992
v -18.545002 5.6677947 4.27999973
v -16.9949989 6.56779623 4.27999973
v -16.9949989 6.56779623 4.07999992
v -16.9949989 8.11779499 4.07999992
v -16.9949989 8.11779499 4.27999973
v -18.545002 6.56779623 4.27999973
v -18.545002 6.56779623 4.07999992
v -16.9949989 6.56779623 4.07999992
v -16.9949989 6.56779623 4.27999973
v -19.3950005 8.11779499 4.27999973
v -18.545002 8.11779499 4.07999992
v -19.3950005 8.11779499 4.07999992
v -16.9949989 8.11779499 4.27999973
v -16.9949989 8.11779499 4.07999992
v -16.9949989 8.11779499 4.07999992
v -16.9949989 6.56779623 4.07999992
v -18.545002 6.56779623 4.07999992
v -18.545002 8.11779499 4.07999992
v -19.3950005 8.11779499 4.07999992
v -18.545002 5.6677947 4.07999992
v -19.3950005 5.6677947 4.07999992
v -19.3950005 6.56779623 4.07999992
v -16.9949989 9.36779594 4.27999973
v -18.545002 8.46779442 4.27999973
v -18.545002 9.36779594 4.27999973
v -16.6950111 8.36779594 4.27999973
v -19.3950005 8.46779442 4.27999973
v -16.6950111 11.0177956 4.27999973
v -16.9949989 10.9177952 4.27999973
v -19.6950035 8.36779594 4.27999973
v -19.3950005 9.36779594 4.27999973
v -19.3950005 10.9177952 4.27999973
v -19.6950035 11.0177956 4.27999973
v -18.545002 8.46779442 4.27999973
v -18.545002 8.46779442 4.07999992
v -18.545002 9.36779594 4.07999992
v -18.545002 9.36779594 4.27999973
v -19.3950005 10.9177952 4.27999973
v -19.3950005 10.9177952 4.07999992
v -19.3950005 9.36779594 4.07999992
v -19.3950005 9.36779594 4.27999973
v -19.3950005 8.46779442 4.07999992
v -19.3950005 8.46779442 4.27999973
v -19.3950005 8.46779442 4.27999973
v -19.3950005 8.46779442 4.07999992
v -18.545002 8.46779442 4.07999992
v -18.545002 8.46779442 4.27999973
v -16.9949989 9.36779594 4.27999973
v -16.9949989 9.36779594 4.07999992
v -16.9949989 10.9177952 4.07999992
v -16.9949989 10.9177952 4.27999973
v -18.545002 9.36779594 4.27999973
v -18.545002 9.36779594 4.07999992
v -16.9949989 9.36779594 4.07999992
v -16.9949989 9.36779594 4.27999973
v -19.3950005 10.9177952 4.27999973
v -18.545002 10.9177952 4.07999992
v -19.3950005 10.9177952 4.07999992
v -16.9949989 10.9177952 4.27999973
v -16.9949989 10.9177952 4.07999992
v -19.3950005 8.46779442 4.07999992
v -19.3950005 9.36779594 4.07999992
v -19.3950005 10.9177952 4.07999992
v -19.3350029 10.8577957 4.07999992
v -18.545002 10.9177952 4.07999992
v -18.6050072 10.8577957 4.07999992
v -18.545002 8.46779442 4.07999992
v -18.545002 9.36779594 4.07999992
v -18.4850044 9.42779541 4.07999992
v -18.4850044 10.8577957 4.07999992
v -16.9949989 10.9177952 4.07999992
v -17.0550041 10.8577957 4.07999992
v -16.9949989 9.36779594 4.07999992
v -17.0550041 9.42779541 4.07999992
v -16.9949989 12.1677952 4.27999973
v -18.545002 11.2677937 4.27999973
v -18.545002 12.1677952 4.27999973
v -16.6950111 11.1677952 4.27999973
v -19.3950005 11.2677937 4.27999973
v -16.6950111 13.8177967 4.27999973
v -16.9949989 13.7177944 4.27999973
v -19.6950035 11.1677952 4.27999973
v -19.3950005 12.1677952 4.27999973
v -19.3950005 13.7177944 4.27999973
v -19.6950035 13.8177948 4.27999973
v -18.545002 11.2677937 4.27999973
v -18.545002 11.2677937 4.07999992
v -18.545002 12.1677952 4.07999992
v -18.545002 12.1677952 4.27999973
v -19.3950005 13.7177944 4.27999973
v -19.3950005 13.7177944 4.07999992
v -19.3950005 12.1677952 4.07999992
v -19.3950005 12.1677952 4.27999973
v -19.3950005 11.2677937 4.07999992
v -19.3950005 11.2677937 4.27999973
v -19.3950005 11.2677937 4.27999973
v -19.3950005 11.2677937 4.07999992
v -18.545002 11.2677937 4.07999992
v -18.545002 11.2677937 4.27999973
v -16.9949989 12.1677952 4.27999973
v -16.9949989 12.1677952 4.07999992
v -16.9949989 13.7177944 4.07999992
v -16.9949989 13.7177944 4.27999973
v -18.545002 12.1677952 4.27999973
v -18.545002 12.1677952 4.07999992
v -16.9949989 12.1677952 4.07999992
v -16.9949989 12.1677952 4.27999973
v -19.3950005 13.7177944 4.27999973
v -18.545002 13.7177944 4.07999992
v -19.3950005 13.7177944 4.07999992
v -16.9949989 13.7177944 4.27999973
v -16.9949989 13.7177944 4.07999992
v -16.9949989 13.7177944 4.07999992
v -16.9949989 12.1677952 4.07999992
v -18.545002 12.1677952 4.07999992
v -18.545002 13.7177944 4.07999992
v -18.6050072 13.657795 4.07999992
v -18.545002 11.2677937 4.07999992
v -19.3950005 11.2677937 4.07999992
v -19.3350029 13.657795 4.07999992
v -19.3950005 13.7177944 4.07999992
v -19.3950005 12.1677952 4.07999992
v -16.9949989 14.9677963 4.27999973
v -18.545002 14.0677948 4.27999973
v -18.545002 14.9677963 4.27999973
v -16.6950111 13.9677963 4.27999973
v -19.3950005 14.0677948 4.27999973
v -16.6950111 16.617794 4.27999973
v -16.9949989 16.5177956 4.27999973
v -19.6950035 13.9677963 4.27999973
v -19.3950005 14.9677963 4.27999973
v -19.3950005 16.5177956 4.27999973
v -19.6950035 16.617794 4.27999973
v -18.545002 14.0677948 4.27999973
v -18.545002 14.0677948 4.07999992
v -18.545002 14.9677963 4.07999992
v -18.545002 14.9677963 4.27999973
v -19.3950005 16.5177956 4.27999973
v -19.3950005 16.5177956 4.07999992
v -19.3950005 14.9677963 4.07999992
v -19.3950005 14.9677963 4.27999973
v -19.3950005 14.0677948 4.07999992
v -19.3950005 14.0677948 4.27999973
v -19.3950005 14.0677948 4.27999973
v -19.3950005 14.0677948 4.07999992
v -18.545002 14.0677948 4.07999992
v -18.545002 14.0677948 4.27999973
v -16.9949989 14.9677963 4.27999973
v -16.9949989 14.9677963 4.07999992
v -16.9949989 16.5177956 4.07999992
v -16.9949989 16.5177956 4.27999973
v -18.545002 14.9677963 4.27999973
v -18.545002 14.9677963 4.07999992
v -16.9949989 14.9677963 4.07999992
v -16.9949989 14.9677963 4.27999973
v -19.3950005 16.5177956 4.27999973
v -18.545002 16.5177956 4.07999992
v -19.3950005 16.5177956 4.07999992
v -16.9949989 16.5177956 4.27999973
v -16.9949989 16.5177956 4.07999992
v -16.9949989 16.5177956 4.07999992
v -16.9949989 14.9677963 4.07999992
v -18.545002 14.9677963 4.07999992
v -18.545002 16.5177956 4.07999992
v -19.3950005 16.5177956 4.07999992
v -18.545002 14.0677948 4.07999992
v -19.3950005 14.0677948 4.07999992
v -19.3950005 14.9677963 4.07999992
v -37.6950035 5.41779518 4.27999973
v -34.6950035 5.41779518 4.27999973
v -34.6950035 2.76779509 4.27999973
v -37.6950035 2.76779509 4.27999973
v -37.6950035 5.56779528 4.27999973
v -37.6950035 8.21779442 4.27999973
v -34.6950035 8.21779442 4.27999973
v -34.6950035 5.5677948 4.27999973
v -37.6950035 11.0177956 4.27999973
v -34.6950035 11.0177956 4.27999973
v -34.6950035 8.36779594 4.27999973
v -37.6950035 8.36779499 4.27999973
v -37.6950035 13.8177948 4.27999973
v -34.6950035 13.8177948 4.27999973
v -34.6950035 11.1677952 4.27999973
v -37.6950035 11.1677952 4.27999973
v -37.6950035 16.617794 4.27999973
v -34.6950035 16.617794 4.27999973
v -34.6950035 13.9677963 4.27999973
v -37.6950035 13.9677944 4.27999973
v -36.6672554 18.8160267 -1.15600419
v -36.6672554 18.8160267 -0.956004381
v -36.6672554 20.3477097 -0.956004381
v -36.6672554 20.3477097 -1.15600419
v -36.6672554 19.7477093 2.34399629
v -36.6672554 19.7477093 2.14399648
v -36.6672554 20.3477097 2.14399648
v -36.6672554 20.3477097 2.34399629
v -37.8440208 21.1477089 2.34399629
v -36.6672554 20.3477097 2.34399629
v -37.2672539 20.3477097 2.34399629
v -36.2172508 21.1477089 2.34399629
v -34.5904884 21.1477089 2.34399629
v -35.7672539 20.3477097 2.34399629
v -35.1672554 20.3477097 2.34399629
v -36.6672554 20.3477097 -1.15600419
v -37.8440208 18.8160267 -1.15600419
v -36.6672554 18.8160267 -1.15600419
v -37.8440208 21.1477089 -1.15600419
v -35.7672539 20.3477097 -1.15600419
v -36.6672554 20.3477097 -1.15600419
v -34.5904884 21.1477089 -1.15600419
v -35.7672539 20.3477097 -1.15600419
v -34.5904884 18.8160267 -1.15600419
v -35.7672539 18.8160267 -1.15600419
v -37.2672539 19.7477093 2.34399629
v -36.6672554 19.7477093 2.34399629
v -36.2172508 18.8160267 2.34399629
v -37.8440208 18.8160267 2.34399629
v -36.6672554 20.3477097 2.34399629
v -36.2172508 21.1477089 2.34399629
v -36.2172508 18.8160267 2.34399629
v -36.6672554 19.7477093 2.34399629
v -38.1440163 21.1477089 -1.15600419
v -38.1440163 18.8160267 -1.15600419
v -38.1440163 18.8160267 -1.65600467
v -38.1440163 18.8160267 0.593996286
v -38.1440163 20.9477081 0.593996286
v -38.1440163 18.8160267 2.0439961
v -38.1440163 21.1477089 2.0439961
v -37.8440208 21.1477089 2.34399629
v -37.2672539 20.3477097 2.34399629
v -37.2672539 19.7477093 2.34399629
v -37.8440208 18.8160267 2.34399629
v -34.5904884 21.1477089 -0.856004
v -34.5904884 20.9477081 0.593996286
v -37.8440208 20.9477081 0.593996286
v -37.8440208 21.1477089 -0.856004
v -37.2672539 19.7477093 2.34399629
v -37.2672539 19.7477093 2.14399648
v -36.6672554 19.7477093 2.14399648
v -36.6672554 19.7477093 2.34399629
v -36.6672554 20.3477097 2.34399629
v -36.6672554 20.3477097 2.14399648
v -37.2672539 20.3477097 2.14399648
v -37.2672539 20.3477097 2.34399629
v -37.2672539 20.3477097 2.34399629
v -37.2672539 20.3477097 2.14399648
v -37.2672539 19.7477093 2.14399648
v -37.2672539 19.7477093 2.34399629
v -36.6672554 19.7477093 2.14399648
v -37.2672539 19.7477093 2.14399648
v -37.2672539 20.3477097 2.14399648
v -36.6672554 20.3477097 2.14399648
v -37.8440208 20.9477081 0.593996286
v -38.1440163 20.9477081 0.593996286
v -38.1440163 21.1477089 -1.15600419
v -37.8440208 21.1477089 -0.856004
v -36.6672554 20.3477097 -0.956004381
v -36.6672554 18.8160267 -0.956004381
v -35.7672539 18.8160267 -0.956004381
v -35.7672539 20.3477097 -0.956004381
v -38.1440163 21.1477089 2.34399629
v -37.8440208 21.1477089 2.34399629
v -37.8440208 18.8160267 2.84399629
v -38.1440163 18.8160267 2.84399629
v -37.8440208 21.1477089 2.0439961
v -38.1440163 21.1477089 2.0439961
v -38.1440163 20.9477081 0.593996286
v -37.8440208 20.9477081 0.593996286
v -34.5904884 20.9477081 0.593996286
v -34.5904884 21.1477089 2.0439961
v -34.2904854 20.9477081 0.593996286
v -34.2904854 21.1477089 2.0439961
v -34.5904884 21.1477089 -0.856004
v -37.8440208 21.1477089 -0.856004
v -37.8440208 21.1477089 -1.15600419
v -34.5904884 21.1477089 -1.15600419
v -36.2172508 21.1477089 2.34399629
v -37.8440208 21.1477089 2.0439961
v -34.5904884 21.1477089 2.0439961
v -34.5904884 21.1477089 2.34399629
v -37.8440208 21.1477089 2.0439961
v -37.8440208 21.1477089 2.34399629
v -38.1440163 21.1477089 2.34399629
v -38.1440163 21.1477089 2.0439961
v -38.1440163 21.1477089 -1.15600419
v -38.1440163 18.8160267 -1.65600467
v -37.8440208 18.8160267 -1.65600467
v -37.8440208 21.1477089 -1.15600419
v -35.7672539 18.8160267 -1.15600419
v -35.7672539 20.3477097 -1.15600419
v -35.7672539 20.3477097 -0.956004381
v -35.7672539 18.8160267 -0.956004381
v -35.7672539 19.7477093 2.34399629
v -35.7672539 20.3477097 2.34399629
v -35.7672539 20.3477097 2.14399648
v -35.7672539 19.7477093 2.14399648
v -35.1672554 19.7477093 2.34399629
v -34.5904884 18.8160267 2.34399629
v -36.2172508 18.8160267 2.34399629
v -35.7672539 19.7477093 2.34399629
v -35.7672539 20.3477097 2.34399629
v -35.7672539 19.7477093 2.34399629
v -36.2172508 21.1477089 2.34399629
v -34.2904854 21.1477089 -1.15600419
v -34.2904854 18.8160267 -1.65600467
v -34.2904854 18.8160267 -1.15600419
v -34.2904854 18.8160267 0.593996286
v -34.2904854 20.9477081 0.593996286
v -34.2904854 18.8160267 2.0439961
v -34.2904854 21.1477089 2.0439961
v -34.5904884 21.1477089 2.34399629
v -34.5904884 18.8160267 2.34399629
v -35.1672554 19.7477093 2.34399629
v -35.1672554 20.3477097 2.34399629
v -35.1672554 19.7477093 2.34399629
v -35.7672539 19.7477093 2.34399629
v -35.7672539 19.7477093 2.14399648
v -35.1672554 19.7477093 2.14399648
v -35.7672539 20.3477097 2.34399629
v -35.1672554 20.3477097 2.34399629
v -35.1672554 20.3477097 2.14399648
v -35.7672539 20.3477097 2.14399648
v -35.1672554 20.3477097 2.34399629
v -35.1672554 19.7477093 2.34399629
v -35.1672554 19.7477093 2.14399648
v -35.1672554 20.3477097 2.14399648
v -35.7672539 20.3477097 2.14399648
v -35.1672554 20.3477097 2.14399648
v -35.1672554 19.7477093 2.14399648
v -35.7672539 19.7477093 2.14399648
v -34.5904884 20.9477081 0.593996286
v -34.5904884 21.1477089 -0.856004
v -34.2904854 21.1477089 -1.15600419
v -34.2904854 20.9477081 0.593996286
v -34.2904854 21.1477089 2.34399629
v -34.2904854 18.8160267 2.84399629
v -34.5904884 18.8160267 2.84399629
v -34.5904884 21.1477089 2.34399629
v -34.2904854 21.1477089 2.34399629
v -34.5904884 21.1477089 2.34399629
v -34.5904884 21.1477089 2.0439961
v -34.2904854 21.1477089 2.0439961
v -34.2904854 21.1477089 -1.15600419
v -34.5904884 21.1477089 -1.15600419
v -34.5904884 18.8160267 -1.65600467
v -34.2904854 18.8160267 -1.65600467
v -18.6672554 18.8160267 -1.15600419
v -18.6672554 18.8160267 -0.956004381
v -18.6672554 20.3477097 -0.956004381
v -18.6672554 20.3477097 -1.15600419
v -18.6672554 19.7477093 2.34399629
v -18.6672554 19.7477093 2.14399648
v -18.6672554 20.3477097 2.14399648
v -18.6672554 20.3477097 2.34399629
v -19.8440208 21.1477089 2.34399629
v -18.6672554 20.3477097 2.34399629
v -19.2672539 20.3477097 2.34399629
v -18.2172508 21.1477089 2.34399629
v -16.5904884 21.1477089 2.34399629
v -17.7672539 20.3477097 2.34399629
v -17.1672554 20.3477097 2.34399629
v -18.6672554 20.3477097 2.34399629
v -18.2172508 18.8160267 2.34399629
v -18.6672554 19.7477093 2.34399629
v -17.7672539 20.3477097 2.34399629
v -17.7672539 19.7477093 2.34399629
v -18.6672554 20.3477097 -1.15600419
v -19.8440208 18.8160267 -1.15600419
v -18.6672554 18.8160267 -1.15600419
v -19.8440208 21.1477089 -1.15600419
v -17.7672539 20.3477097 -1.15600419
v -16.5904884 21.1477089 -1.15600419
v -16.5904884 18.8160267 -1.15600419
v -17.7672539 18.8160267 -1.15600419
v -19.2672539 19.7477093 2.34399629
v -18.6672554 19.7477093 2.34399629
v -18.2172508 18.8160267 2.34399629
v -19.8440208 18.8160267 2.34399629
v -20.1440163 21.1477089 -1.15600419
v -20.1440163 18.8160267 -1.15600419
v -20.1440163 18.8160267 -1.65600467
v -20.1440163 18.8160267 0.593996286
v -20.1440163 20.9477081 0.593996286
v -20.1440163 18.8160267 2.0439961
v -20.1440163 21.1477089 2.0439961
v -19.8440208 21.1477089 2.34399629
v -19.2672539 20.3477097 2.34399629
v -19.2672539 19.7477093 2.34399629
v -19.8440208 18.8160267 2.34399629
v -16.5904884 21.1477089 -0.856004
v -16.5904884 20.9477081 0.593996286
v -19.8440208 20.9477081 0.593996286
v -19.8440208 21.1477089 -0.856004
v -19.2672539 19.7477093 2.34399629
v -19.2672539 19.7477093 2.14399648
v -18.6672554 19.7477093 2.14399648
v -18.6672554 19.7477093 2.34399629
v -18.6672554 20.3477097 2.34399629
v -18.6672554 20.3477097 2.14399648
v -19.2672539 20.3477097 2.14399648
v -19.2672539 20.3477097 2.34399629
v -19.2672539 20.3477097 2.34399629
v -19.2672539 20.3477097 2.14399648
v -19.2672539 19.7477093 2.14399648
v -19.2672539 19.7477093 2.34399629
v -18.6672554 19.7477093 2.14399648
v -19.2672539 19.7477093 2.14399648
v -19.2672539 20.3477097 2.14399648
v -18.6672554 20.3477097 2.14399648
v -19.8440208 20.9477081 0.593996286
v -20.1440163 20.9477081 0.593996286
v -20.1440163 21.1477089 -1.15600419
v -19.8440208 21.1477089 -0.856004
v -18.6672554 20.3477097 -0.956004381
v -18.6672554 18.8160267 -0.956004381
v -17.7672539 18.8160267 -0.956004381
v -17.7672539 20.3477097 -0.956004381
v -20.1440163 21.1477089 2.34399629
v -19.8440208 21.1477089 2.34399629
v -19.8440208 18.8160267 2.84399629
v -20.1440163 18.8160267 2.84399629
v -19.8440208 21.1477089 2.0439961
v -20.1440163 21.1477089 2.0439961
v -20.1440163 20.9477081 0.593996286
v -19.8440208 20.9477081 0.593996286
v -16.5904884 20.9477081 0.593996286
v -16.5904884 21.1477089 2.0439961
v -16.2904854 20.9477081 0.593996286
v -16.2904854 21.1477089 2.0439961
v -16.5904884 21.1477089 -0.856004
v -19.8440208 21.1477089 -0.856004
v -19.8440208 21.1477089 -1.15600419
v -16.5904884 21.1477089 -1.15600419
v -18.2172508 21.1477089 2.34399629
v -19.8440208 21.1477089 2.0439961
v -16.5904884 21.1477089 2.0439961
v -16.5904884 21.1477089 2.34399629
v -19.8440208 21.1477089 2.0439961
v -19.8440208 21.1477089 2.34399629
v -20.1440163 21.1477089 2.34399629
v -20.1440163 21.1477089 2.0439961
v -20.1440163 21.1477089 -1.15600419
v -20.1440163 18.8160267 -1.65600467
v -19.8440208 18.8160267 -1.65600467
v -19.8440208 21.1477089 -1.15600419
v -17.7672539 18.8160267 -1.15600419
v -17.7672539 20.3477097 -1.15600419
v -17.7672539 20.3477097 -0.956004381
v -17.7672539 18.8160267 -0.956004381
v -17.7672539 19.7477093 2.34399629
v -17.7672539 20.3477097 2.34399629
v -17.7672539 20.3477097 2.14399648
v -17.7672539 19.7477093 2.14399648
v -17.1672554 19.7477093 2.34399629
v -16.5904884 18.8160267 2.34399629
v -18.2172508 18.8160267 2.34399629
v -17.7672539 19.7477093 2.34399629
v -16.2904854 21.1477089 -1.15600419
v -16.2904854 18.8160267 -1.65600467
v -16.2904854 18.8160267 -1.15600419
v -16.2904854 18.8160267 0.593996286
v -16.2904854 20.9477081 0.593996286
v -16.2904854 18.8160267 2.0439961
v -16.2904854 21.1477089 2.0439961
v -16.5904884 21.1477089 2.34399629
v -16.5904884 18.8160267 2.34399629
v -17.1672554 19.7477093 2.34399629
v -17.1672554 20.3477097 2.34399629
v -17.1672554 19.7477093 2.34399629
v -17.7672539 19.7477093 2.34399629
v -17.7672539 19.7477093 2.14399648
v -17.1672554 19.7477093 2.14399648
v -17.7672539 20.3477097 2.34399629
v -17.1672554 20.3477097 2.34399629
v -17.1672554 20.3477097 2.14399648
v -17.7672539 20.3477097 2.14399648
v -17.1672554 20.3477097 2.34399629
v -17.1672554 19.7477093 2.34399629
v -17.1672554 19.7477093 2.14399648
v -17.1672554 20.3477097 2.14399648
v -17.7672539 20.3477097 2.14399648
v -17.1672554 20.3477097 2.14399648
v -17.1672554 19.7477093 2.14399648
v -17.7672539 19.7477093 2.14399648
v -16.5904884 20.9477081 0.593996286
v -16.5904884 21.1477089 -0.856004
v -16.2904854 21.1477089 -1.15600419
v -16.2904854 20.9477081 0.593996286
v -16.2904854 21.1477089 2.34399629
v -16.2904854 18.8160267 2.84399629
v -16.5904884 18.8160267 2.84399629
v -16.5904884 21.1477089 2.34399629
v -35.7672539 20.3477097 -1.15600419
v -36.6672554 20.3477097 -1.15600419
v -36.6672554 20.3477097 -0.956004381
v -35.7672539 20.3477097 -0.956004381
v -16.2904854 21.1477089 2.34399629
v -16.5904884 21.1477089 2.34399629
v -16.5904884 21.1477089 2.0439961
v -16.2904854 21.1477089 2.0439961
v -16.2904854 21.1477089 -1.15600419
v -16.5904884 21.1477089 -1.15600419
v -16.5904884 18.8160267 -1.65600467
v -16.2904854 18.8160267 -1.65600467
v -17.7672539 20.3477097 -1.15600419
v -18.6672554 20.3477097 -1.15600419
v -18.6672554 20.3477097 -0.956004381
v -17.7672539 20.3477097 -0.956004381
v -0.220537186 18.8160267 -1.15600419
v -0.220537186 18.8160267 -0.956004381
v -0.220537186 20.3477097 -0.956004381
v -0.220537186 20.3477097 -1.15600419
v -0.220537186 19.7477093 2.34399629
v -0.220537186 19.7477093 2.14399648
v -0.220537186 20.3477097 2.14399648
v -0.220537186 20.3477097 2.34399629
v -1.39730263 21.1477089 2.34399629
v -0.220537186 20.3477097 2.34399629
v -0.82053566 20.3477097 2.34399629
v 0.229463577 21.1477089 2.34399629
v 1.85622978 21.1477089 2.34399629
v 0.67946434 20.3477097 2.34399629
v 1.27946281 20.3477097 2.34399629
v -0.220537186 20.3477097 2.34399629
v 0.229463577 18.8160267 2.34399629
v -0.220537186 19.7477093 2.34399629
v 0.67946434 20.3477097 2.34399629
v 0.67946434 19.7477093 2.34399629
v -0.220537186 20.3477097 -1.15600419
v -1.39730263 18.8160267 -1.15600419
v -0.220537186 18.8160267 -1.15600419
v -1.39730263 21.1477089 -1.15600419
v 0.67946434 20.3477097 -1.15600419
v 1.85622978 21.1477089 -1.15600419
v 1.85622978 18.8160267 -1.15600419
v 0.67946434 18.8160267 -1.15600419
v -0.82053566 19.7477093 2.34399629
v -0.220537186 19.7477093 2.34399629
v 0.229463577 18.8160267 2.34399629
v -1.39730263 18.8160267 2.34399629
v -1.39730263 21.1477089 2.34399629
v -0.82053566 20.3477097 2.34399629
v -0.82053566 19.7477093 2.34399629
v -1.39730263 18.8160267 2.34399629
v 1.85622978 21.1477089 -0.856004
v 1.85622978 20.9477081 0.593996286
v -1.39730263 20.9477081 0.593996286
v -1.39730263 21.1477089 -0.856004
v -0.82053566 19.7477093 2.34399629
v -0.82053566 19.7477093 2.14399648
v -0.220537186 19.7477093 2.14399648
v -0.220537186 19.7477093 2.34399629
v -0.220537186 20.3477097 2.34399629
v -0.220537186 20.3477097 2.14399648
v -0.82053566 20.3477097 2.14399648
v -0.82053566 20.3477097 2.34399629
v -0.82053566 20.3477097 2.34399629
v -0.82053566 20.3477097 2.14399648
v -0.82053566 19.7477093 2.14399648
v -0.82053566 19.7477093 2.34399629
v -0.220537186 19.7477093 2.14399648
v -0.82053566 19.7477093 2.14399648
v -0.82053566 20.3477097 2.14399648
v -0.220537186 20.3477097 2.14399648
v -1.39730263 20.9477081 0.593996286
v -1.69730186 20.9477081 0.593996286
v -1.69730186 21.1477089 -1.15600419
v -1.39730263 21.1477089 -0.856004
v -1.39730263 21.1477089 2.0439961
v 0.229463577 21.1477089 2.34399629
v -1.39730263 21.1477089 2.34399629
v 1.85622978 21.1477089 2.0439961
v 1.85622978 21.1477089 2.34399629
v -0.220537186 20.3477097 -0.956004381
v -0.220537186 18.8160267 -0.956004381
v 0.67946434 18.8160267 -0.956004381
v 0.67946434 20.3477097 -0.956004381
v -1.69730186 21.1477089 2.34399629
v -1.39730263 21.1477089 2.34399629
v -1.39730263 18.8160267 2.84399629
v -1.69730186 18.8160267 2.84399629
v -1.39730263 21.1477089 2.0439961
v -1.69730186 21.1477089 2.0439961
v -1.69730186 20.9477081 0.593996286
v -1.39730263 20.9477081 0.593996286
v 1.85622978 20.9477081 0.593996286
v 1.85622978 21.1477089 2.0439961
v 2.15622902 20.9477081 0.593996286
v 2.15622902 21.1477089 2.0439961
v 1.85622978 21.1477089 -0.856004
v -1.39730263 21.1477089 -0.856004
v -1.39730263 21.1477089 -1.15600419
v 1.85622978 21.1477089 -1.15600419
v -1.69730186 21.1477089 -1.15600419
v -1.69730186 18.8160267 0.593996286
v -1.69730186 18.8160267 -1.15600419
v -1.69730186 20.9477081 0.593996286
v -1.69730186 21.1477089 2.0439961
v -1.69730186 18.8160267 2.0439961
v -1.69730186 18.8160267 0.593996286
v -1.69730186 21.1477089 2.34399629
v -1.69730186 21.1477089 2.0439961
v -1.39730263 21.1477089 2.0439961
v -1.39730263 21.1477089 2.34399629
v -1.69730186 21.1477089 -1.15600419
v -1.69730186 18.8160267 -1.65600467
v -1.39730263 18.8160267 -1.65600467
v -1.39730263 21.1477089 -1.15600419
v 0.67946434 18.8160267 -1.15600419
v 0.67946434 20.3477097 -1.15600419
v 0.67946434 20.3477097 -0.956004381
v 0.67946434 18.8160267 -0.956004381
v 0.67946434 19.7477093 2.34399629
v 0.67946434 20.3477097 2.34399629
v 0.67946434 20.3477097 2.14399648
v 0.67946434 19.7477093 2.14399648
v 1.27946281 19.7477093 2.34399629
v 1.85622978 18.8160267 2.34399629
v 0.229463577 18.8160267 2.34399629
v 0.67946434 19.7477093 2.34399629
v 2.15622902 21.1477089 -1.15600419
v 2.15622902 18.8160267 -1.65600467
v 2.15622902 18.8160267 -1.15600419
v 2.15622902 18.8160267 0.593996286
v 2.15622902 20.9477081 0.593996286
v 2.15622902 18.8160267 2.0439961
v 2.15622902 21.1477089 2.0439961
v 1.85622978 21.1477089 2.34399629
v 1.85622978 18.8160267 2.34399629
v 1.27946281 19.7477093 2.34399629
v 1.27946281 20.3477097 2.34399629
v 1.27946281 19.7477093 2.34399629
v 0.67946434 19.7477093 2.34399629
v 0.67946434 19.7477093 2.14399648
v 1.27946281 19.7477093 2.14399648
v 0.67946434 20.3477097 2.34399629
v 1.27946281 20.3477097 2.34399629
v 1.27946281 20.3477097 2.14399648
v 0.67946434 20.3477097 2.14399648
v 1.27946281 20.3477097 2.34399629
v 1.27946281 19.7477093 2.34399629
v 1.27946281 19.7477093 2.14399648
v 1.27946281 20.3477097 2.14399648
v 0.67946434 20.3477097 2.14399648
v 1.27946281 20.3477097 2.14399648
v 1.27946281 19.7477093 2.14399648
v 0.67946434 19.7477093 2.14399648
v 1.85622978 20.9477081 0.593996286
v 1.85622978 21.1477089 -0.856004
v 2.15622902 21.1477089 -1.15600419
v 2.15622902 20.9477081 0.593996286
v 2.15622902 21.1477089 2.34399629
v 2.15622902 18.8160267 2.84399629
v 1.85622978 18.8160267 2.84399629
v 1.85622978 21.1477089 2.34399629
v 2.15622902 21.1477089 2.34399629
v 1.85622978 21.1477089 2.34399629
v 1.85622978 21.1477089 2.0439961
v 2.15622902 21.1477089 2.0439961
v 2.15622902 21.1477089 -1.15600419
v 1.85622978 21.1477089 -1.15600419
v 1.85622978 18.8160267 -1.65600467
v 2.15622902 18.8160267 -1.65600467
v 0.67946434 20.3477097 -1.15600419
v -0.220537186 20.3477097 -1.15600419
v -0.220537186 20.3477097 -0.956004381
v 0.67946434 20.3477097 -0.956004381
v 17.7794628 18.8160267 -1.15600419
v 17.7794628 18.8160267 -0.956004381
v 17.7794628 20.3477097 -0.956004381
v 17.7794628 20.3477097 -1.15600419
v 17.7794628 19.7477093 2.34399629
v 17.7794628 19.7477093 2.14399648
v 17.7794628 20.3477097 2.14399648
v 17.7794628 20.3477097 2.34399629
v 16.6026974 21.1477089 2.34399629
v 17.7794628 20.3477097 2.34399629
v 17.1794643 20.3477097 2.34399629
v 18.2294636 21.1477089 2.34399629
v 19.8562298 21.1477089 2.34399629
v 18.6794643 20.3477097 2.34399629
v 19.2794628 20.3477097 2.34399629
v 17.7794628 20.3477097 2.34399629
v 18.2294636 18.8160267 2.34399629
v 17.7794628 19.7477093 2.34399629
v 18.6794643 20.3477097 2.34399629
v 18.6794643 19.7477093 2.34399629
v 17.7794628 20.3477097 -1.15600419
v 16.6026974 18.8160267 -1.15600419
v 17.7794628 18.8160267 -1.15600419
v 16.6026974 21.1477089 -1.15600419
v 18.6794643 20.3477097 -1.15600419
v 19.8562298 21.1477089 -1.15600419
v 19.8562298 18.8160267 -1.15600419
v 18.6794643 18.8160267 -1.15600419
v 17.1794643 19.7477093 2.34399629
v 17.7794628 19.7477093 2.34399629
v 18.2294636 18.8160267 2.34399629
v 16.6026974 18.8160267 2.34399629
v 16.3026981 21.1477089 -1.15600419
v 16.3026981 18.8160267 -1.15600419
v 16.3026981 18.8160267 -1.65600467
v 16.3026981 18.8160267 0.593996286
v 16.3026981 20.9477081 0.593996286
v 16.3026981 18.8160267 2.0439961
v 16.3026981 21.1477089 2.0439961
v 16.6026974 21.1477089 2.34399629
v 17.1794643 20.3477097 2.34399629
v 17.1794643 19.7477093 2.34399629
v 16.6026974 18.8160267 2.34399629
v 19.8562298 21.1477089 -0.856004
v 19.8562298 20.9477081 0.593996286
v 16.6026974 20.9477081 0.593996286
v 16.6026974 21.1477089 -0.856004
v 17.1794643 19.7477093 2.34399629
v 17.1794643 19.7477093 2.14399648
v 17.7794628 19.7477093 2.14399648
v 17.7794628 19.7477093 2.34399629
v 17.7794628 20.3477097 2.34399629
v 17.7794628 20.3477097 2.14399648
v 17.1794643 20.3477097 2.14399648
v 17.1794643 20.3477097 2.34399629
v 17.1794643 20.3477097 2.34399629
v 17.1794643 20.3477097 2.14399648
v 17.1794643 19.7477093 2.14399648
v 17.1794643 19.7477093 2.34399629
v 17.7794628 19.7477093 2.14399648
v 17.1794643 19.7477093 2.14399648
v 17.1794643 20.3477097 2.14399648
v 17.7794628 20.3477097 2.14399648
v 16.6026974 20.9477081 0.593996286
v 16.3026981 20.9477081 0.593996286
v 16.3026981 21.1477089 -1.15600419
v 16.6026974 21.1477089 -0.856004
v 16.6026974 21.1477089 2.0439961
v 18.2294636 21.1477089 2.34399629
v 16.6026974 21.1477089 2.34399629
v 19.8562298 21.1477089 2.0439961
v 19.8562298 21.1477089 2.34399629
v 17.7794628 20.3477097 -0.956004381
v 17.7794628 18.8160267 -0.956004381
v 18.6794643 18.8160267 -0.956004381
v 18.6794643 20.3477097 -0.956004381
v 16.3026981 21.1477089 2.34399629
v 16.6026974 21.1477089 2.34399629
v 16.6026974 18.8160267 2.84399629
v 16.3026981 18.8160267 2.84399629
v 16.6026974 21.1477089 2.0439961
v 16.3026981 21.1477089 2.0439961
v 16.3026981 20.9477081 0.593996286
v 16.6026974 20.9477081 0.593996286
v 19.8562298 20.9477081 0.593996286
v 19.8562298 21.1477089 2.0439961
v 20.156229 20.9477081 0.593996286
v 20.156229 21.1477089 2.0439961
v 19.8562298 21.1477089 -0.856004
v 16.6026974 21.1477089 -0.856004
v 16.6026974 21.1477089 -1.15600419
v 19.8562298 21.1477089 -1.15600419
v 16.3026981 21.1477089 2.34399629
v 16.3026981 21.1477089 2.0439961
v 16.6026974 21.1477089 2.0439961
v 16.6026974 21.1477089 2.34399629
v 16.3026981 21.1477089 -1.15600419
v 16.3026981 18.8160267 -1.65600467
v 16.6026974 18.8160267 -1.65600467
v 16.6026974 21.1477089 -1.15600419
v 18.6794643 18.8160267 -1.15600419
v 18.6794643 20.3477097 -1.15600419
v 18.6794643 20.3477097 -0.956004381
v 18.6794643 18.8160267 -0.956004381
v 18.6794643 19.7477093 2.34399629
v 18.6794643 20.3477097 2.34399629
v 18.6794643 20.3477097 2.14399648
v 18.6794643 19.7477093 2.14399648
v 19.2794628 19.7477093 2.34399629
v 19.8562298 18.8160267 2.34399629
v 18.2294636 18.8160267 2.34399629
v 18.6794643 19.7477093 2.34399629
v 20.156229 21.1477089 -1.15600419
v 20.156229 18.8160267 -1.65600467
v 20.156229 18.8160267 -1.15600419
v 20.156229 18.8160267 0.593996286
v 20.156229 20.9477081 0.593996286
v 20.156229 18.8160267 2.0439961
v 20.156229 21.1477089 2.0439961
v 19.8562298 21.1477089 2.34399629
v 19.8562298 18.8160267 2.34399629
v 19.2794628 19.7477093 2.34399629
v 19.2794628 20.3477097 2.34399629
v 19.2794628 19.7477093 2.34399629
v 18.6794643 19.7477093 2.34399629
v 18.6794643 19.7477093 2.14399648
v 19.2794628 19.7477093 2.14399648
v 18.6794643 20.3477097 2.34399629
v 19.2794628 20.3477097 2.34399629
v 19.2794628 20.3477097 2.14399648
v 18.6794643 20.3477097 2.14399648
v 19.2794628 20.3477097 2.34399629
v 19.2794628 19.7477093 2.34399629
v 19.2794628 19.7477093 2.14399648
v 19.2794628 20.3477097 2.14399648
v 18.6794643 20.3477097 2.14399648
v 19.2794628 20.3477097 2.14399648
v 19.2794628 19.7477093 2.14399648
v 18.6794643 19.7477093 2.14399648
v 19.8562298 20.9477081 0.593996286
v 19.8562298 21.1477089 -0.856004
v 20.156229 21.1477089 -1.15600419
v 20.156229 20.9477081 0.593996286
v 20.156229 21.1477089 2.34399629
v 20.156229 18.8160267 2.84399629
v 19.8562298 18.8160267 2.84399629
v 19.8562298 21.1477089 2.34399629
v 20.156229 21.1477089 2.34399629
v 19.8562298 21.1477089 2.34399629
v 19.8562298 21.1477089 2.0439961
v 20.156229 21.1477089 2.0439961
v 20.156229 21.1477089 -1.15600419
v 19.8562298 21.1477089 -1.15600419
v 19.8562298 18.8160267 -1.65600467
v 20.156229 18.8160267 -1.65600467
v 18.6794643 20.3477097 -1.15600419
v 17.7794628 20.3477097 -1.15600419
v 17.7794628 20.3477097 -0.956004381
v 18.6794643 20.3477097 -0.956004381
v 35.7794647 18.8160267 -1.15600419
v 35.7794647 18.8160267 -0.956004381
v 35.7794647 20.3477097 -0.956004381
v 35.7794647 20.3477097 -1.15600419
v 34.6026917 21.1477089 2.34399629
v 35.7794647 20.3477097 2.34399629
v 35.1794586 20.3477097 2.34399629
v 36.2294617 21.1477089 2.34399629
v 37.8562317 21.1477089 2.34399629
v 36.6794586 20.3477097 2.34399629
v 37.2794647 20.3477097 2.34399629
v 36.6794586 20.3477097 2.34399629
v 36.2294617 18.8160267 2.34399629
v 35.7794647 20.3477097 2.34399629
v 36.6794586 19.7477093 2.34399629
v 35.7794647 19.7477093 2.34399629
v 37.2794647 20.3477097 2.34399629
v 37.2794647 19.7477093 2.34399629
v 37.8562317 21.1477089 2.34399629
v 37.8562317 18.8160267 2.34399629
v 35.1794586 19.7477093 2.34399629
v 35.1794586 20.3477097 2.34399629
v 34.6026917 21.1477089 2.34399629
v 34.6026917 18.8160267 2.34399629
v 35.7794647 20.3477097 -1.15600419
v 34.6026917 18.8160267 -1.15600419
v 35.7794647 18.8160267 -1.15600419
v 34.6026917 21.1477089 -1.15600419
v 36.6794586 20.3477097 -1.15600419
v 37.8562317 21.1477089 -1.15600419
v 35.7794647 20.3477097 -1.15600419
v 35.1794586 19.7477093 2.34399629
v 35.7794647 19.7477093 2.34399629
v 36.2294617 18.8160267 2.34399629
v 34.6026917 18.8160267 2.34399629
v 34.3026962 21.1477089 -1.15600419
v 34.3026962 18.8160267 -1.15600419
v 34.3026962 18.8160267 -1.65600467
v 34.3026962 18.8160267 0.593996286
v 34.3026962 20.9477081 0.593996286
v 34.3026962 18.8160267 2.0439961
v 34.3026962 21.1477089 2.0439961
v 37.8562317 21.1477089 -0.856004
v 37.8562317 20.9477081 0.593996286
v 34.6026917 20.9477081 0.593996286
v 34.6026917 21.1477089 -0.856004
v 34.6026917 20.9477081 0.593996286
v 34.3026962 20.9477081 0.593996286
v 34.3026962 21.1477089 -1.15600419
v 34.6026917 21.1477089 -0.856004
v 35.7794647 20.3477097 -0.956004381
v 35.7794647 18.8160267 -0.956004381
v 36.6794586 18.8160267 -0.956004381
v 36.6794586 20.3477097 -0.956004381
v 34.3026962 21.1477089 2.34399629
v 34.6026917 21.1477089 2.34399629
v 34.6026917 18.8160267 2.84399629
v 34.3026962 18.8160267 2.84399629
v 34.6026917 21.1477089 2.0439961
v 34.3026962 21.1477089 2.0439961
v 34.3026962 20.9477081 0.593996286
v 34.6026917 20.9477081 0.593996286
v 37.8562317 20.9477081 0.593996286
v 37.8562317 21.1477089 2.0439961
v 38.1562271 20.9477081 0.593996286
v 38.1562271 21.1477089 2.0439961
v 37.8562317 21.1477089 -0.856004
v 34.6026917 21.1477089 -0.856004
v 34.6026917 21.1477089 -1.15600419
v 37.8562317 21.1477089 -1.15600419
v 34.3026962 21.1477089 -1.15600419
v 34.3026962 18.8160267 -1.65600467
v 34.6026917 18.8160267 -1.65600467
v 34.6026917 21.1477089 -1.15600419
v 36.6794586 18.8160267 -1.15600419
v 36.6794586 20.3477097 -1.15600419
v 36.6794586 20.3477097 -0.956004381
v 36.6794586 18.8160267 -0.956004381
v 36.6794586 20.3477097 -1.15600419
v 36.6794586 18.8160267 -1.15600419
v 37.8562317 18.8160267 -1.15600419
v 37.8562317 21.1477089 -1.15600419
v 37.2794647 19.7477093 2.34399629
v 37.8562317 18.8160267 2.34399629
v 36.2294617 18.8160267 2.34399629
v 36.6794586 19.7477093 2.34399629
v 38.1562271 21.1477089 -1.15600419
v 38.1562271 18.8160267 -1.65600467
v 38.1562271 18.8160267 -1.15600419
v 38.1562271 18.8160267 0.593996286
v 38.1562271 20.9477081 0.593996286
v 38.1562271 18.8160267 2.0439961
v 38.1562271 21.1477089 2.0439961
v 37.8562317 20.9477081 0.593996286
v 37.8562317 21.1477089 -0.856004
v 38.1562271 21.1477089 -1.15600419
v 38.1562271 20.9477081 0.593996286
v 38.1562271 21.1477089 2.34399629
v 38.1562271 18.8160267 2.84399629
v 37.8562317 18.8160267 2.84399629
v 37.8562317 21.1477089 2.34399629
v 38.1562271 21.1477089 -1.15600419
v 37.8562317 21.1477089 -1.15600419
v 37.8562317 18.8160267 -1.65600467
v 38.1562271 18.8160267 -1.65600467
v 36.6794586 20.3477097 -1.15600419
v 35.7794647 20.3477097 -1.15600419
v 35.7794647 20.3477097 -0.956004381
v 36.6794586 20.3477097 -0.956004381
v -45.5050011 0 5.77999973
v -45.5050011 0 -5.77999973
v -45.5050011 18.8160267 -5.77999973
v -45.5050011 18.8160267 5.77999973
v 45.5049973 0 5.77999973
v 45.5049973 18.8160267 5.77999973
v 45.5049973 18.8160267 -5.77999973
v 45.5049973 0 -5.77999973
v -34.7050056 14.9677963 5.77999973
v -34.7050056 13.9677963 5.77999973
v -37.7050056 13.9677963 5.77999973
v -37.7050056 14.9677963 5.77999973
v -34.7050056 12.1677952 5.77999973
v -34.7050056 11.1677952 5.77999973
v -37.7050056 11.1677952 5.77999973
v -37.7050056 12.1677952 5.77999973
v -34.7050056 9.36779594 5.77999973
v -34.7050056 8.36779594 5.77999973
v -37.7050056 8.36779594 5.77999973
v -37.7050056 9.36779594 5.77999973
v -34.7050056 6.56779623 5.77999973
v -34.7050056 5.56779623 5.77999973
v -37.7050056 5.56779623 5.77999973
v -37.7050056 6.56779623 5.77999973
v -34.7050056 3.76779604 5.77999973
v -34.7050056 2.76779604 5.77999973
v -37.7050056 2.76779604 5.77999973
v -37.7050056 3.76779604 5.77999973
v -16.7050056 14.9677963 5.77999973
v -16.7050056 13.9677963 5.77999973
v -19.7050056 13.9677963 5.77999973
v -19.7050056 14.9677963 5.77999973
v -16.7050056 12.1677952 5.77999973
v -16.7050056 11.1677952 5.77999973
v -19.7050056 11.1677952 5.77999973
v -19.7050056 12.1677952 5.77999973
v -16.7050056 9.36779594 5.77999973
v -16.7050056 8.36779594 5.77999973
v -19.7050056 8.36779594 5.77999973
v -19.7050056 9.36779594 5.77999973
v -16.7050056 6.56779623 5.77999973
v -16.7050056 5.56779623 5.77999973
v -19.7050056 5.56779623 5.77999973
v -19.7050056 6.56779623 5.77999973
v -16.7050056 3.76779604 5.77999973
v -16.7050056 2.76779604 5.77999973
v -19.7050056 2.76779604 5.77999973
v -19.7050056 3.76779604 5.77999973
v 34.7050018 14.9677963 5.77999973
v 37.7050018 14.9677963 5.77999973
v 37.7050018 13.9677963 5.77999973
v 34.7050018 13.9677963 5.77999973
v 34.7050018 12.1677952 5.77999973
v 37.7050018 12.1677952 5.77999973
v 37.7050018 11.1677952 5.77999973
v 34.7050018 11.1677952 5.77999973
v 34.7050018 9.36779594 5.77999973
v 37.7050018 9.36779594 5.77999973
v 37.7050018 8.36779594 5.77999973
v 34.7050018 8.36779594 5.77999973
v 34.7050018 6.56779623 5.77999973
v 37.7050018 6.56779623 5.77999973
v 37.7050018 5.56779528 5.77999973
v 34.7050018 5.56779528 5.77999973
v 34.7050018 3.76779604 5.77999973
v 37.7050018 3.76779604 5.77999973
v 37.7050018 2.76779509 5.77999973
v 34.7050018 2.76779604 5.77999973
v 16.7049999 14.9677963 5.77999973
v 19.7049999 14.9677963 5.77999973
v 19.7049999 13.9677963 5.77999973
v 16.7049999 13.9677963 5.77999973
v 16.7049999 12.1677952 5.77999973
v 19.7049999 12.1677952 5.77999973
v 19.7049999 11.1677952 5.77999973
v 16.7049999 11.1677952 5.77999973
v 16.7049999 9.36779594 5.77999973
v 19.7049999 9.36779594 5.77999973
v 19.7049999 8.36779594 5.77999973
v 16.7049999 8.36779594 5.77999973
v 16.7049999 6.56779623 5.77999973
v 19.7049999 6.56779623 5.77999973
v 19.7049999 5.56779528 5.77999973
v 16.7050056 5.56779528 5.77999973
v 16.7049999 3.76779604 5.77999973
v 19.7049999 3.76779604 5.77999973
v 19.7049999 2.76779509 5.77999973
v 16.7050056 2.76779509 5.77999973
v 1.69499207 14.9677963 5.77999973
v 1.69499207 13.9677963 5.77999973
v -1.30500793 13.9677963 5.77999973
v -1.30500793 14.9677963 5.77999973
v 1.69499207 12.1677952 5.77999973
v 1.69499207 11.1677952 5.77999973
v -1.30500793 11.1677952 5.77999973
v -1.30500793 12.1677952 5.77999973
v 1.69499207 9.36779594 5.77999973
v 1.69499207 8.36779594 5.77999973
v -1.30500793 8.36779594 5.77999973
v -1.30500793 9.36779594 5.77999973
v 1.69499207 6.56779623 5.77999973
v 1.69499207 5.56779623 5.77999973
v -1.30500793 5.56779623 5.77999973
v -1.30500793 6.56779623 5.77999973
v -29.9959602 20.4172535 5.77999687
v -29.944458 20.4340286 5.77999687
v -29.8933983 20.4172535 5.77999687
v -30.0139122 20.36693 5.77999687
v -29.8750038 20.36693 5.77999687
v -29.9959602 20.3180771 5.77999687
v -29.8933983 20.317194 5.77999687
v -29.944458 20.3010082 5.77999687
v -29.9974308 19.6347275 5.77999687
v -29.9974308 20.1950626 5.77999687
v -29.8914852 20.1950626 5.77999687
v -29.8914852 19.6347275 5.77999687
v -30.3352795 20.412838 5.77999687
v -30.2293339 20.4246101 5.77999687
v -30.2293339 20.1950626 5.77999687
v -30.3352795 20.1950626 5.77999687
v -30.4082642 20.1067734 5.77999687
v -30.4082642 20.1950626 5.77999687
v -30.1375141 20.1950626 5.77999687
v -30.1375141 20.1067734 5.77999687
v -30.3352795 20.1067734 5.77999687
v -30.4082642 20.1067734 5.77999687
v -30.1375141 20.1067734 5.77999687
v -30.2293339 20.1067734 5.77999687
v -30.3352795 19.7759876 5.77999687
v -30.3352795 20.1067734 5.77999687
v -30.2293339 20.1067734 5.77999687
v -30.2293339 19.7759876 5.77999687
v -30.2895164 19.6565056 5.77999687
v -30.2157974 19.7350807 5.77999687
v -30.1846008 19.7241917 5.77999687
v -30.1033764 19.6476765 5.77999687
v -30.1951962 19.6288414 5.77999687
v -30.1382504 19.6347275 5.77999687
v -30.1484032 19.7294903 5.77999687
v -30.1175022 19.7418499 5.77999687
v -30.8232193 20.1887341 5.77999735
v -30.7119751 20.2009468 5.77999735
v -30.5658588 20.1526833 5.77999735
v -30.8920822 20.1668091 5.77999735
v -30.8148308 20.092207 5.77999735
v -30.8803101 20.070282 5.77999735
v -30.7237473 20.1044197 5.77999735
v -30.6498795 20.0836716 5.77999735
v -30.5142097 20.0125999 5.77999687
v -30.6201553 20.0125999 5.77999735
v -30.6201553 19.9443245 5.77999735
v -30.5142097 19.6347275 5.77999687
v -30.6201553 19.8242512 5.77999735
v -30.6201553 19.805418 5.77999735
v -30.6537056 19.8770771 5.77999735
v -30.6519394 19.7503853 5.77999735
v -30.8888454 19.9435883 5.77999735
v -30.6718044 19.9761066 5.77999735
v -30.7508221 19.9902344 5.77999735
v -30.7296333 19.8972378 5.77999735
v -30.8015881 19.877224 5.77999735
v -30.9438782 19.8077717 5.77999735
v -30.8320465 19.8077717 5.77999735
v -30.8945847 19.675045 5.77999735
v -30.8002625 19.7440567 5.77999735
v -30.7296333 19.7253685 5.77999735
v -30.6201553 19.6841679 5.77999735
v -30.6201553 19.6347275 5.77999735
v -30.664299 19.6490002 5.77999735
v -30.7543526 19.6288414 5.77999735
v -31.5571861 19.6347275 5.77999735
v -31.1231041 19.6991768 5.77999735
v -31.3217506 19.6347275 5.77999735
v -31.3182201 19.7406731 5.77999735
v -31.209774 19.7756939 5.77999735
v -31.1675415 19.8760471 5.77999735
v -31.0498238 19.8784027 5.77999735
v -31.2102146 19.9818459 5.77999735
v -31.0846977 19.9981804 5.77999735
v -31.3182201 20.0196629 5.77999735
v -31.4453545 19.7406731 5.77999735
v -31.17696 20.0738125 5.77999735
v -31.4453545 20.0196629 5.77999735
v -31.3182201 20.1256084 5.77999735
v -31.0898476 20.1422367 5.77999735
v -31.4453545 20.1256084 5.77999735
v -31.2131577 20.1572456 5.77999735
v -31.1734276 20.2515659 5.77999735
v -31.0557098 20.257452 5.77999735
v -31.209919 20.3467693 5.77999735
v -31.4453545 20.3775234 5.77999735
v -31.121191 20.4229927 5.77999735
v -31.3029175 20.3775234 5.77999735
v -31.5571861 20.483469 5.77999735
v -31.3040924 20.483469 5.77999735
v -32.3622246 20.1266384 5.77999735
v -32.1928596 20.2009468 5.77999735
v -32.0181961 20.1263447 5.77999735
v -32.1928596 20.1067734 5.77999735
v -32.2724686 20.0757256 5.77999735
v -32.1028061 20.0686626 5.77999735
v -32.4318275 19.9101868 5.77999735
v -31.9574242 19.9290199 5.77999735
v -32.3176422 19.9572735 5.77999735
v -32.0692558 19.9572735 5.77999735
v -31.9574242 19.8725166 5.77999735
v -32.3176422 19.8725166 5.77999735
v -32.3570747 19.6966763 5.77999735
v -32.2689362 19.7623024 5.77999735
v -32.1752014 19.7289009 5.77999735
v -31.9856758 19.6676884 5.77999735
v -32.1763802 19.6288414 5.77999735
v -32.0669022 19.6394367 5.77999735
v -32.0748482 19.7415562 5.77999735
v -32.0045128 19.7701015 5.77999735
v -32.8656158 20.1597462 5.77999783
v -32.7108154 20.2009468 5.77999783
v -32.6104622 20.1902065 5.77999783
v -32.5401268 20.1679859 5.77999783
v -32.6251755 20.0954437 5.77999783
v -32.557785 20.0691051 5.77999783
v -32.7084618 20.1067734 5.77999783
v -32.7835083 20.0898514 5.77999783
v -32.9215317 20.0337887 5.77999783
v -32.8108749 20.0349655 5.77999783
v -32.7811508 19.9915581 5.77999783
v -32.8670883 19.916954 5.77999783
v -32.7108154 19.9666901 5.77999783
v -32.5875092 19.9188671 5.77999783
v -32.526001 19.7959995 5.77999783
v -32.6747665 19.8463249 5.77999783
v -32.7543716 19.8725166 5.77999783
v -32.6401863 19.7936459 5.77999783
v -32.575737 19.6722488 5.77999783
v -32.6699104 19.7422905 5.77999783
v -32.7367134 19.7289009 5.77999783
v -32.9203529 19.6688652 5.77999783
v -32.8261795 19.7409668 5.77999783
v -32.9015198 19.7689247 5.77999783
v -32.7367134 19.6288414 5.77999783
v -32.8488388 19.6431141 5.77999783
v -32.7802696 20.2739334 5.77999783
v -32.8897476 20.4599266 5.77999783
v -32.7955742 20.4599266 5.77999783
v -32.7237663 20.3551579 5.77999783
v -32.6672592 20.2739334 5.77999783
v -32.557785 20.4599266 5.77999783
v -32.6519585 20.4599266 5.77999783
v -33.3600273 20.1887341 5.77999783
v -33.2487869 20.2009468 5.77999783
v -33.1026688 20.1526833 5.77999783
v -33.428894 20.1668091 5.77999783
v -33.3516426 20.092207 5.77999783
v -33.4171219 20.070282 5.77999783
v -33.2605591 20.1044197 5.77999783
v -33.1866913 20.0836716 5.77999783
v -33.0510216 20.0125999 5.77999783
v -33.1569672 20.0125999 5.77999783
v -33.1569672 19.9443245 5.77999783
v -33.0510216 19.6347275 5.77999783
v -33.1569672 19.8242531 5.77999783
v -33.1569672 19.805418 5.77999783
v -33.1905136 19.8770771 5.77999783
v -33.1887512 19.7503853 5.77999783
v -33.4256554 19.9435883 5.77999783
v -33.2086143 19.9761086 5.77999783
v -33.287632 19.9902344 5.77999783
v -33.2664413 19.8972378 5.77999783
v -33.338398 19.8772259 5.77999783
v -33.48069 19.8077717 5.77999783
v -33.3688583 19.8077717 5.77999783
v -33.4313965 19.675045 5.77999783
v -33.3370743 19.7440567 5.77999783
v -33.2664413 19.7253704 5.77999783
v -33.1569672 19.6841679 5.77999783
v -33.1569672 19.6347275 5.77999783
v -33.2011108 19.6490002 5.77999783
v -33.2911644 19.6288414 5.77999783
v -33.3041115 20.2739334 5.77999783
v -33.228775 20.4599266 5.77999783
v -33.1098785 20.4599266 5.77999783
v -33.2205315 20.2739334 5.77999783
v -34.1922913 20.1832905 5.77999783
v -34.1104774 20.2009468 5.77999783
v -34.0180664 20.1796112 5.77999783
v -34.2387886 20.1479759 5.77999783
v -33.9539108 20.1185455 5.77999783
v -34.1281357 20.1067734 5.77999783
v -34.2108307 20.0764618 5.77999783
v -34.2387886 19.9984741 5.77999783
v -34.3447342 19.6347275 5.77999783
v -34.2387886 19.6347275 5.77999783
v -34.2387886 20.1950626 5.77999783
v -34.3447342 20.1950626 5.77999783
v -33.8138275 20.1067734 5.77999783
v -34.0558853 20.0770512 5.77999783
v -33.8965225 20.0764618 5.77999783
v -34.030426 19.999651 5.77999783
v -33.9244843 19.9984741 5.77999783
v -34.030426 19.6347275 5.77999783
v -33.9244843 19.6347275 5.77999783
v -33.6621208 20.1482697 5.77999783
v -33.8927002 20.1756382 5.77999783
v -33.7961693 20.2009468 5.77999783
v -33.741581 20.0770512 5.77999783
v -33.6101761 20.0020046 5.77999783
v -33.7161217 19.999651 5.77999783
v -33.6101761 19.6347275 5.77999783
v -33.7161217 19.6347275 5.77999783
v -34.9068336 20.1356144 5.7799983
v -34.7296677 20.2009487 5.7799983
v -34.552063 20.1356144 5.7799983
v -34.7296677 20.1067734 5.7799983
v -34.8328209 20.0580692 5.7799983
v -34.6265182 20.0580692 5.7799983
v -34.9851151 19.9148941 5.7799983
v -34.8732834 19.9148941 5.7799983
v -34.4742241 19.9148941 5.77999783
v -34.5860558 19.9148941 5.7799983
v -34.6269608 19.7764301 5.7799983
v -34.9085999 19.6941738 5.7799983
v -34.5511818 19.6941738 5.77999783
v -34.8319359 19.7764301 5.7799983
v -34.7296677 19.7289009 5.7799983
v -34.7296677 19.6288414 5.7799983
v -35.591362 20.3775234 5.7799983
v -35.591362 20.483469 5.7799983
v -35.0675201 20.483469 5.7799983
v -35.0675201 20.3775234 5.7799983
v -35.3853569 20.3775234 5.7799983
v -35.591362 20.3775234 5.7799983
v -35.0675201 20.3775234 5.7799983
v -35.2735252 20.3775234 5.7799983
v -35.3853569 19.6347275 5.7799983
v -35.3853569 20.3775234 5.7799983
v -35.2735252 20.3775234 5.7799983
v -35.2735252 19.6347275 5.7799983
v -36.2888374 20.1887341 5.7799983
v -36.1775932 20.2009487 5.7799983
v -36.0314751 20.1526833 5.7799983
v -36.3577003 20.1668091 5.7799983
v -36.2804489 20.092207 5.7799983
v -36.3459282 20.070282 5.7799983
v -36.1893654 20.1044197 5.7799983
v -36.1154976 20.0836716 5.7799983
v -35.9798279 20.0125999 5.7799983
v -36.0857735 20.0125999 5.7799983
v -36.0857735 19.9443245 5.7799983
v -35.9798279 19.6347275 5.7799983
v -36.0857735 19.8242531 5.7799983
v -36.1193237 19.8770771 5.7799983
v -36.0857735 19.805418 5.7799983
v -36.1952515 19.8972378 5.7799983
v -36.1175575 19.7503853 5.7799983
v -36.1374207 19.9761086 5.7799983
v -36.0857735 19.6841679 5.7799983
v -36.0857735 19.6347275 5.7799983
v -36.1952515 19.7253704 5.7799983
v -36.3544617 19.9435883 5.7799983
v -36.2164383 19.9902344 5.7799983
v -36.2672043 19.8772259 5.7799983
v -36.4094963 19.8077717 5.7799983
v -36.2976646 19.8077717 5.7799983
v -36.3602028 19.675045 5.7799983
v -36.2658806 19.7440567 5.7799983
v -36.1299171 19.6490002 5.7799983
v -36.2199707 19.6288414 5.7799983
v -36.7120323 20.4128399 5.77999878
v -36.6060867 20.4246101 5.77999878
v -36.6060867 20.1950626 5.77999878
v -36.7120323 20.1950626 5.77999878
v -36.7850151 20.1067734 5.77999878
v -36.7850151 20.1950626 5.77999878
v -36.514267 20.1950626 5.77999878
v -36.514267 20.1067734 5.77999878
v -36.7120323 20.1067734 5.77999878
v -36.7850151 20.1067734 5.77999878
v -36.514267 20.1067734 5.77999878
v -36.6060867 20.1067734 5.77999878
v -36.7120323 19.7759876 5.77999878
v -36.7120323 20.1067734 5.77999878
v -36.6060867 20.1067734 5.77999878
v -36.6060867 19.7759876 5.77999878
v -36.6662674 19.6565056 5.77999878
v -36.5925484 19.7350807 5.77999878
v -36.5613518 19.7241917 5.77999878
v -36.4801254 19.6476765 5.7799983
v -36.5719452 19.6288414 5.77999878
v -36.5149994 19.6347275 5.77999878
v -36.5251541 19.7294903 5.77999878
v -36.4942551 19.7418499 5.77999878
v -36.9954338 20.4172535 5.77999878
v -36.9439354 20.4340286 5.77999878
v -36.8928757 20.4172535 5.77999878
v -37.0133858 20.36693 5.77999878
v -36.8744812 20.36693 5.77999878
v -36.9954338 20.3180771 5.77999878
v -36.8928757 20.317194 5.77999878
v -36.9439354 20.3010082 5.77999878
v -36.9969063 19.6347275 5.77999878
v -36.9969063 20.1950626 5.77999878
v -36.8909607 20.1950626 5.77999878
v -36.8909607 19.6347275 5.77999878
v -37.5207481 20.1067734 5.77999878
v -37.5207481 20.1950626 5.77999878
v -37.1028519 20.1950626 5.77999878
v -37.2653008 20.1067734 5.77999878
v -37.3582993 19.7289009 5.77999878
v -37.5325203 19.6347275 5.77999878
v -37.115799 19.7289009 5.77999878
v -37.115799 19.6347275 5.77999878
v -37.6971779 20.1799068 5.77999878
v -37.6314011 20.2009487 5.77999878
v -37.5796089 20.1903534 5.77999878
v -37.5937347 20.0785217 5.77999878
v -37.7338181 20.1314945 5.77999878
v -37.6205139 20.0877914 5.77999878
v -37.6596565 20.0926476 5.77999878
v -37.7135124 20.0671921 5.77999878
v -37.7338181 19.9984741 5.77999878
v -37.8397636 19.6347275 5.77999878
v -37.7338181 19.6347275 5.77999878
v -37.7338181 20.1950626 5.77999878
v -37.8397636 20.1950626 5.77999878
v -38.374054 20.1266384 5.77999878
v -38.2046852 20.2009487 5.77999878
v -38.0300217 20.1263447 5.77999878
v -38.2046852 20.1067734 5.77999878
v -38.2842941 20.0757256 5.77999878
v -38.1146317 20.0686626 5.77999878
v -38.4436531 19.9101868 5.77999878
v -37.9692535 19.9290199 5.77999878
v -38.3294678 19.9572735 5.77999878
v -38.0810852 19.9572735 5.77999878
v -37.9692535 19.8725166 5.77999878
v -38.3294678 19.8725166 5.77999878
v -38.3689041 19.6966763 5.77999878
v -38.2807617 19.7623043 5.77999878
v -38.1870308 19.7289009 5.77999878
v -37.9975052 19.6676884 5.77999878
v -38.1882057 19.6288414 5.77999878
v -38.0787277 19.6394367 5.77999878
v -38.0866737 19.7415562 5.77999878
v -38.0163383 19.7701015 5.77999878
v -38.7979813 19.6347275 5.77999926
v -39.0028114 20.1950626 5.77999926
v -38.8850937 20.1950626 5.77999926
v -38.7461853 19.7759876 5.77999926
v -38.6955681 19.6347275 5.77999926
v -38.4907379 20.1950626 5.77999878
v -38.6084557 20.1950626 5.77999926
v -39.1896858 20.4172535 5.77999926
v -39.1381836 20.4340286 5.77999926
v -39.0871239 20.4172535 5.77999926
v -39.2076378 20.36693 5.77999926
v -39.0687332 20.36693 5.77999926
v -39.1896858 20.3180771 5.77999926
v -39.0871239 20.317194 5.77999926
v -39.1381836 20.3010082 5.77999926
v -39.1911583 19.6347275 5.77999926
v -39.1911583 20.1950626 5.77999926
v -39.0852127 20.1950626 5.77999926
v -39.0852127 19.6347275 5.77999926
v -39.6237717 20.1832905 5.77999926
v -39.5419579 20.2009487 5.77999926
v -39.4079056 20.1482697 5.77999926
v -39.670269 20.1479759 5.77999926
v -39.5596123 20.1067734 5.77999926
v -39.4873657 20.0770512 5.77999926
v -39.3559647 20.0020065 5.77999926
v -39.4619102 19.999651 5.77999926
v -39.3559647 19.6347275 5.77999926
v -39.4619102 19.6347275 5.77999926
v -39.6423111 20.0764618 5.77999926
v -39.670269 19.9984741 5.77999926
v -39.7762146 19.6347275 5.77999926
v -39.670269 19.6347275 5.77999926
v -39.670269 20.1950626 5.77999926
v -39.7762146 20.1950626 5.77999926
v -40.4695702 19.9278431 5.77999973
v -40.4695702 20.483469 5.77999973
v -40.3577385 20.483469 5.77999973
v -40.3577385 19.9325523 5.77999926
v -40.3247757 19.7846699 5.77999926
v -40.4071808 19.705946 5.77999926
v -40.2035294 19.734787 5.77999926
v -40.0016441 19.705946 5.77999926
v -40.2035294 19.6288414 5.77999926
v -40.0840454 19.7846699 5.77999926
v -39.9410172 19.9278431 5.77999926
v -40.0528488 19.9325523 5.77999926
v -39.9410172 20.483469 5.77999926
v -40.0528488 20.483469 5.77999926
v -30.2293339 20.1950626 5.48000145
v -30.3352795 20.1950626 5.48000145
v -30.3352795 20.4128399 5.48000145
v -30.2293339 20.4246101 5.48000145
v -40.0016441 19.705946 5.77999926
v -40.0016441 19.705946 5.48000383
v -40.2035294 19.6288414 5.48000383
v -40.2035294 19.6288414 5.77999926
v -40.2035294 19.6288414 5.77999926
v -40.2035294 19.6288414 5.48000383
v -40.4071808 19.705946 5.48000383
v -40.4071808 19.705946 5.77999926
v -40.4071808 19.705946 5.77999926
v -40.4071808 19.705946 5.48000383
v -40.4695702 19.9278431 5.48000431
v -40.4695702 19.9278431 5.77999973
v -40.4695702 19.9278431 5.77999973
v -40.4695702 19.9278431 5.48000431
v -40.4695702 20.4834709 5.48000431
v -40.4695702 20.483469 5.77999973
v -40.4695702 20.483469 5.77999973
v -40.4695702 20.4834709 5.48000431
v -40.3577385 20.4834709 5.48000431
v -40.3577385 20.483469 5.77999973
v -40.3577385 20.483469 5.77999973
v -40.3577385 20.4834709 5.48000431
v -40.3577385 19.9325523 5.48000383
v -40.3577385 19.9325523 5.77999926
v -40.3577385 19.9325523 5.77999926
v -40.3577385 19.9325523 5.48000383
v -40.3247757 19.7846699 5.48000383
v -40.3247757 19.7846699 5.77999926
v -40.3247757 19.7846699 5.77999926
v -40.3247757 19.7846699 5.48000383
v -40.2035294 19.734787 5.48000383
v -40.2035294 19.734787 5.77999926
v -40.2035294 19.734787 5.77999926
v -40.2035294 19.734787 5.48000383
v -40.0840454 19.7846699 5.48000383
v -40.0840454 19.7846699 5.77999926
v -40.0840454 19.7846699 5.77999926
v -40.0840454 19.7846699 5.48000383
v -40.0528488 19.9325523 5.48000383
v -40.0528488 19.9325523 5.77999926
v -40.0528488 19.9325523 5.77999926
v -40.0528488 19.9325523 5.48000383
v -40.0528488 20.4834709 5.48000383
v -40.0528488 20.483469 5.77999926
v -40.0528488 20.483469 5.77999926
v -40.0528488 20.4834709 5.48000383
v -39.9410172 20.4834709 5.48000383
v -39.9410172 20.483469 5.77999926
v -39.9410172 20.483469 5.77999926
v -39.9410172 20.4834709 5.48000383
v -39.9410172 19.9278431 5.48000383
v -39.9410172 19.9278431 5.77999926
v -39.9410172 19.9278431 5.77999926
v -39.9410172 19.9278431 5.48000383
v -40.0016441 19.705946 5.48000383
v -40.0016441 19.705946 5.77999926
v -39.4873657 20.0770512 5.77999926
v -39.4873657 20.0770512 5.48000383
v -39.5596123 20.1067734 5.48000383
v -39.5596123 20.1067734 5.77999926
v -39.5596123 20.1067734 5.77999926
v -39.5596123 20.1067734 5.48000383
v -39.6423111 20.0764618 5.48000383
v -39.6423111 20.0764618 5.77999926
v -39.6423111 20.0764618 5.77999926
v -39.6423111 20.0764618 5.48000383
v -39.670269 19.9984741 5.48000383
v -39.670269 19.9984741 5.77999926
v -39.670269 19.9984741 5.77999926
v -39.670269 19.9984741 5.48000383
v -39.670269 19.6347275 5.48000383
v -39.670269 19.6347275 5.77999926
v -39.670269 19.6347275 5.77999926
v -39.670269 19.6347275 5.48000383
v -39.7762146 19.6347275 5.48000383
v -39.7762146 19.6347275 5.77999926
v -39.7762146 19.6347275 5.77999926
v -39.7762146 19.6347275 5.48000383
v -39.7762146 20.1950626 5.48000383
v -39.7762146 20.1950626 5.77999926
v -39.7762146 20.1950626 5.77999926
v -39.7762146 20.1950626 5.48000383
v -39.670269 20.1950626 5.48000383
v -39.670269 20.1950626 5.77999926
v -39.670269 20.1950626 5.77999926
v -39.670269 20.1950626 5.48000383
v -39.670269 20.1479759 5.48000383
v -39.670269 20.1479759 5.77999926
v -39.670269 20.1479759 5.77999926
v -39.670269 20.1479759 5.48000383
v -39.6237717 20.1832905 5.48000383
v -39.6237717 20.1832905 5.77999926
v -39.6237717 20.1832905 5.77999926
v -39.6237717 20.1832905 5.48000383
v -39.5419579 20.2009487 5.48000383
v -39.5419579 20.2009487 5.77999926
v -39.5419579 20.2009487 5.77999926
v -39.5419579 20.2009487 5.48000383
v -39.4079056 20.1482697 5.48000383
v -39.4079056 20.1482697 5.77999926
v -39.4079056 20.1482697 5.77999926
v -39.4079056 20.1482697 5.48000383
v -39.3559608 20.0020065 5.48000383
v -39.3559647 20.0020065 5.77999926
v -39.3559647 20.0020065 5.77999926
v -39.3559608 20.0020065 5.48000383
v -39.3559647 19.6347275 5.48000383
v -39.3559647 19.6347275 5.77999926
v -39.3559647 19.6347275 5.77999926
v -39.3559647 19.6347275 5.48000383
v -39.4619102 19.6347275 5.48000383
v -39.4619102 19.6347275 5.77999926
v -39.4619102 19.6347275 5.77999926
v -39.4619102 19.6347275 5.48000383
v -39.4619102 19.999651 5.48000383
v -39.4619102 19.999651 5.77999926
v -39.4619102 19.999651 5.77999926
v -39.4619102 19.999651 5.48000383
v -39.4873657 20.0770512 5.48000383
v -39.4873657 20.0770512 5.77999926
v -39.1896858 20.3180771 5.77999926
v -39.1896858 20.3180771 5.48000383
v -39.2076378 20.36693 5.48000383
v -39.2076378 20.36693 5.77999926
v -39.2076378 20.36693 5.77999926
v -39.2076378 20.36693 5.48000383
v -39.1896858 20.4172535 5.48000383
v -39.1896858 20.4172535 5.77999926
v -39.1896858 20.4172535 5.77999926
v -39.1896858 20.4172535 5.48000383
v -39.1381836 20.4340286 5.48000383
v -39.1381836 20.4340286 5.77999926
v -39.1381836 20.4340286 5.77999926
v -39.1381836 20.4340286 5.48000383
v -39.0871239 20.4172535 5.48000383
v -39.0871239 20.4172535 5.77999926
v -39.0871239 20.4172535 5.77999926
v -39.0871239 20.4172535 5.48000383
v -39.0687332 20.36693 5.48000383
v -39.0687332 20.36693 5.77999926
v -39.0687332 20.36693 5.77999926
v -39.0687332 20.36693 5.48000383
v -39.0871239 20.317194 5.48000383
v -39.0871239 20.317194 5.77999926
v -39.0871239 20.317194 5.77999926
v -39.0871239 20.317194 5.48000383
v -39.1381836 20.3010082 5.48000383
v -39.1381836 20.3010082 5.77999926
v -39.1381836 20.3010082 5.77999926
v -39.1381836 20.3010082 5.48000383
v -39.1896858 20.3180771 5.48000383
v -39.1896858 20.3180771 5.77999926
v -39.0852127 19.6347275 5.77999926
v -39.0852127 19.6347275 5.48000383
v -39.1911583 19.6347275 5.48000383
v -39.1911583 19.6347275 5.77999926
v -39.1911583 19.6347275 5.77999926
v -39.1911583 19.6347275 5.48000383
v -39.1911583 20.1950626 5.48000383
v -39.1911583 20.1950626 5.77999926
v -39.1911583 20.1950626 5.77999926
v -39.1911583 20.1950626 5.48000383
v -39.0852127 20.1950626 5.48000383
v -39.0852127 20.1950626 5.77999926
v -39.0852127 20.1950626 5.77999926
v -39.0852127 20.1950626 5.48000383
v -39.0852127 19.6347275 5.48000383
v -39.0852127 19.6347275 5.77999926
v -38.8850937 20.1950626 5.77999926
v -38.8850937 20.1950626 5.48000383
v -38.7461853 19.7759876 5.48000383
v -38.7461853 19.7759876 5.77999926
v -38.7461853 19.7759876 5.77999926
v -38.7461853 19.7759876 5.48000383
v -38.6084557 20.1950626 5.48000383
v -38.6084557 20.1950626 5.77999926
v -38.6084557 20.1950626 5.77999926
v -38.6084557 20.1950626 5.48000383
v -38.4907417 20.1950626 5.48000336
v -38.4907379 20.1950626 5.77999878
v -38.4907379 20.1950626 5.77999878
v -38.4907417 20.1950626 5.48000336
v -38.6955681 19.6347275 5.48000383
v -38.6955681 19.6347275 5.77999926
v -38.6955681 19.6347275 5.77999926
v -38.6955681 19.6347275 5.48000383
v -38.7979813 19.6347275 5.48000383
v -38.7979813 19.6347275 5.77999926
v -38.7979813 19.6347275 5.77999926
v -38.7979813 19.6347275 5.48000383
v -39.0028114 20.1950626 5.48000383
v -39.0028114 20.1950626 5.77999926
v -39.0028114 20.1950626 5.77999926
v -39.0028114 20.1950626 5.48000383
v -38.8850937 20.1950626 5.48000383
v -38.8850937 20.1950626 5.77999926
v -38.2807617 19.7623043 5.77999878
v -38.2807617 19.7623043 5.48000336
v -38.1870308 19.7289009 5.48000336
v -38.1870308 19.7289009 5.77999878
v -38.1870308 19.7289009 5.77999878
v -38.1870308 19.7289009 5.48000336
v -38.0866737 19.7415562 5.48000336
v -38.0866737 19.7415562 5.77999878
v -38.0866737 19.7415562 5.77999878
v -38.0866737 19.7415562 5.48000336
v -38.0163383 19.7701015 5.48000336
v -38.0163383 19.7701015 5.77999878
v -38.0163383 19.7701015 5.77999878
v -38.0163383 19.7701015 5.48000336
v -37.9975052 19.6676884 5.48000336
v -37.9975052 19.6676884 5.77999878
v -37.9975052 19.6676884 5.77999878
v -37.9975052 19.6676884 5.48000336
v -38.0787277 19.6394367 5.48000336
v -38.0787277 19.6394367 5.77999878
v -38.0787277 19.6394367 5.77999878
v -38.0787277 19.6394367 5.48000336
v -38.1882057 19.6288414 5.48000336
v -38.1882057 19.6288414 5.77999878
v -38.1882057 19.6288414 5.77999878
v -38.1882057 19.6288414 5.48000336
v -38.3689041 19.6966763 5.48000336
v -38.3689041 19.6966763 5.77999878
v -38.3689041 19.6966763 5.77999878
v -38.3689041 19.6966763 5.48000336
v -38.4436531 19.9101868 5.48000336
v -38.4436531 19.9101868 5.77999878
v -38.4436531 19.9101868 5.77999878
v -38.4436531 19.9101868 5.48000336
v -38.374054 20.1266384 5.48000336
v -38.374054 20.1266384 5.77999878
v -38.374054 20.1266384 5.77999878
v -38.374054 20.1266384 5.48000336
v -38.2046852 20.2009487 5.48000336
v -38.2046852 20.2009487 5.77999878
v -38.2046852 20.2009487 5.77999878
v -38.2046852 20.2009487 5.48000336
v -38.0300217 20.1263447 5.48000336
v -38.0300217 20.1263447 5.77999878
v -38.0300217 20.1263447 5.77999878
v -38.0300217 20.1263447 5.48000336
v -37.9692535 19.9290199 5.48000336
v -37.9692535 19.9290199 5.77999878
v -37.9692535 19.9290199 5.77999878
v -37.9692535 19.9290199 5.48000336
v -37.9692535 19.8725166 5.48000336
v -37.9692535 19.8725166 5.77999878
v -37.9692535 19.8725166 5.77999878
v -37.9692535 19.8725166 5.48000336
v -38.3294678 19.8725166 5.48000336
v -38.3294678 19.8725166 5.77999878
v -38.3294678 19.8725166 5.77999878
v -38.3294678 19.8725166 5.48000336
v -38.2807617 19.7623043 5.48000336
v -38.2807617 19.7623043 5.77999878
v -38.1146317 20.0686626 5.77999878
v -38.1146317 20.0686626 5.48000336
v -38.2046852 20.1067734 5.48000336
v -38.2046852 20.1067734 5.77999878
v -38.2046852 20.1067734 5.77999878
v -38.2046852 20.1067734 5.48000336
v -38.2842941 20.0757256 5.48000336
v -38.2842941 20.0757256 5.77999878
v -38.2842941 20.0757256 5.77999878
v -38.2842941 20.0757256 5.48000336
v -38.3294678 19.9572735 5.48000336
v -38.3294678 19.9572735 5.77999878
v -38.3294678 19.9572735 5.77999878
v -38.3294678 19.9572735 5.48000336
v -38.0810852 19.9572735 5.48000336
v -38.0810852 19.9572735 5.77999878
v -38.0810852 19.9572735 5.77999878
v -38.0810852 19.9572735 5.48000336
v -38.1146317 20.0686626 5.48000336
v -38.1146317 20.0686626 5.77999878
v -37.6205139 20.0877914 5.77999878
v -37.6205139 20.0877914 5.48000336
v -37.6596565 20.0926476 5.48000336
v -37.6596565 20.0926476 5.77999878
v -37.6596565 20.0926476 5.77999878
v -37.6596565 20.0926476 5.48000336
v -37.7135124 20.0671921 5.48000336
v -37.7135124 20.0671921 5.77999878
v -37.7135124 20.0671921 5.77999878
v -37.7135124 20.0671921 5.48000336
v -37.7338181 19.9984741 5.48000336
v -37.7338181 19.9984741 5.77999878
v -37.7338181 19.9984741 5.77999878
v -37.7338181 19.9984741 5.48000336
v -37.7338181 19.6347275 5.48000336
v -37.7338181 19.6347275 5.77999878
v -37.7338181 19.6347275 5.77999878
v -37.7338181 19.6347275 5.48000336
v -37.8397636 19.6347275 5.48000336
v -37.8397636 19.6347275 5.77999878
v -37.8397636 19.6347275 5.77999878
v -37.8397636 19.6347275 5.48000336
v -37.8397636 20.1950626 5.48000336
v -37.8397636 20.1950626 5.77999878
v -37.8397636 20.1950626 5.77999878
v -37.8397636 20.1950626 5.48000336
v -37.7338181 20.1950626 5.48000336
v -37.7338181 20.1950626 5.77999878
v -37.7338181 20.1950626 5.77999878
v -37.7338181 20.1950626 5.48000336
v -37.7338181 20.1314945 5.48000336
v -37.7338181 20.1314945 5.77999878
v -37.7338181 20.1314945 5.77999878
v -37.7338181 20.1314945 5.48000336
v -37.6971779 20.1799068 5.48000336
v -37.6971779 20.1799068 5.77999878
v -37.6971779 20.1799068 5.77999878
v -37.6971779 20.1799068 5.48000336
v -37.6314049 20.2009487 5.48000336
v -37.6314011 20.2009487 5.77999878
v -37.6314011 20.2009487 5.77999878
v -37.6314049 20.2009487 5.48000336
v -37.5796089 20.1903534 5.48000336
v -37.5796089 20.1903534 5.77999878
v -37.5796089 20.1903534 5.77999878
v -37.5796089 20.1903534 5.48000336
v -37.5937347 20.0785217 5.48000336
v -37.5937347 20.0785217 5.77999878
v -37.5937347 20.0785217 5.77999878
v -37.5937347 20.0785217 5.48000336
v -37.6205139 20.0877914 5.48000336
v -37.6205139 20.0877914 5.77999878
v -37.5325203 19.6347275 5.77999878
v -37.5325203 19.6347275 5.48000336
v -37.2653008 20.1067734 5.48000336
v -37.2653008 20.1067734 5.77999878
v -37.2653008 20.1067734 5.77999878
v -37.2653008 20.1067734 5.48000336
v -37.5207481 20.1067734 5.48000336
v -37.5207481 20.1067734 5.77999878
v -37.5207481 20.1067734 5.77999878
v -37.5207481 20.1067734 5.48000336
v -37.5207481 20.1950626 5.48000336
v -37.5207481 20.1950626 5.77999878
v -37.5207481 20.1950626 5.77999878
v -37.5207481 20.1950626 5.48000336
v -37.1028519 20.1950626 5.48000336
v -37.1028519 20.1950626 5.77999878
v -37.1028519 20.1950626 5.77999878
v -37.1028519 20.1950626 5.48000336
v -37.3582993 19.7289009 5.48000336
v -37.3582993 19.7289009 5.77999878
v -37.3582993 19.7289009 5.77999878
v -37.3582993 19.7289009 5.48000336
v -37.1158028 19.7289009 5.48000336
v -37.115799 19.7289009 5.77999878
v -37.115799 19.7289009 5.77999878
v -37.1158028 19.7289009 5.48000336
v -37.1158028 19.6347275 5.48000336
v -37.115799 19.6347275 5.77999878
v -37.115799 19.6347275 5.77999878
v -37.1158028 19.6347275 5.48000336
v -37.5325203 19.6347275 5.48000336
v -37.5325203 19.6347275 5.77999878
v -36.9954338 20.3180771 5.77999878
v -36.9954338 20.3180771 5.48000336
v -37.0133858 20.36693 5.48000336
v -37.0133858 20.36693 5.77999878
v -37.0133858 20.36693 5.77999878
v -37.0133858 20.36693 5.48000336
v -36.9954338 20.4172535 5.48000336
v -36.9954338 20.4172535 5.77999878
v -36.9954338 20.4172535 5.77999878
v -36.9954338 20.4172535 5.48000336
v -36.9439354 20.4340286 5.48000336
v -36.9439354 20.4340286 5.77999878
v -36.9439354 20.4340286 5.77999878
v -36.9439354 20.4340286 5.48000336
v -36.8928757 20.4172535 5.48000336
v -36.8928757 20.4172535 5.77999878
v -36.8928757 20.4172535 5.77999878
v -36.8928757 20.4172535 5.48000336
v -36.8744812 20.36693 5.48000336
v -36.8744812 20.36693 5.77999878
v -36.8744812 20.36693 5.77999878
v -36.8744812 20.36693 5.48000336
v -36.8928757 20.317194 5.48000336
v -36.8928757 20.317194 5.77999878
v -36.8928757 20.317194 5.77999878
v -36.8928757 20.317194 5.48000336
v -36.9439354 20.3010082 5.48000336
v -36.9439354 20.3010082 5.77999878
v -36.9439354 20.3010082 5.77999878
v -36.9439354 20.3010082 5.48000336
v -36.9954338 20.3180771 5.48000336
v -36.9954338 20.3180771 5.77999878
v -36.8909607 19.6347275 5.77999878
v -36.8909607 19.6347275 5.48000336
v -36.9969063 19.6347275 5.48000336
v -36.9969063 19.6347275 5.77999878
v -36.9969063 19.6347275 5.77999878
v -36.9969063 19.6347275 5.48000336
v -36.9969063 20.1950626 5.48000336
v -36.9969063 20.1950626 5.77999878
v -36.9969063 20.1950626 5.77999878
v -36.9969063 20.1950626 5.48000336
v -36.8909607 20.1950626 5.48000336
v -36.8909607 20.1950626 5.77999878
v -36.8909607 20.1950626 5.77999878
v -36.8909607 20.1950626 5.48000336
v -36.8909607 19.6347275 5.48000336
v -36.8909607 19.6347275 5.77999878
v -36.5149994 19.6347275 5.77999878
v -36.5149994 19.6347275 5.48000336
v -36.5719452 19.6288414 5.48000336
v -36.5719452 19.6288414 5.77999878
v -36.5719452 19.6288414 5.77999878
v -36.5719452 19.6288414 5.48000336
v -36.6662674 19.6565056 5.48000336
v -36.6662674 19.6565056 5.77999878
v -36.6662674 19.6565056 5.77999878
v -36.6662674 19.6565056 5.48000336
v -36.7120323 19.7759876 5.48000336
v -36.7120323 19.7759876 5.77999878
v -36.7120323 19.7759876 5.77999878
v -36.7120323 19.7759876 5.48000336
v -36.7120323 20.1067734 5.48000336
v -36.7120323 20.1067734 5.77999878
v -36.7120323 20.1067734 5.77999878
v -36.7120323 20.1067734 5.48000336
v -36.7850151 20.1067734 5.48000336
v -36.7850151 20.1067734 5.77999878
v -36.7850151 20.1067734 5.77999878
v -36.7850151 20.1067734 5.48000336
v -36.7850151 20.1950626 5.48000336
v -36.7850151 20.1950626 5.77999878
v -36.7850151 20.1950626 5.77999878
v -36.7850151 20.1950626 5.48000336
v -36.7120323 20.1950626 5.48000336
v -36.7120323 20.1950626 5.77999878
v -36.7120323 20.1950626 5.77999878
v -36.7120323 20.1950626 5.48000336
v -36.7120323 20.4128399 5.48000336
v -36.7120323 20.4128399 5.77999878
v -36.7120323 20.4128399 5.77999878
v -36.7120323 20.4128399 5.48000336
v -36.6060867 20.4246101 5.48000336
v -36.6060867 20.4246101 5.77999878
v -36.6060867 20.4246101 5.77999878
v -36.6060867 20.4246101 5.48000336
v -36.6060867 20.1950626 5.48000336
v -36.6060867 20.1950626 5.77999878
v -36.6060867 20.1950626 5.77999878
v -36.6060867 20.1950626 5.48000336
v -36.514267 20.1950626 5.48000336
v -36.514267 20.1950626 5.77999878
v -36.514267 20.1950626 5.77999878
v -36.514267 20.1950626 5.48000336
v -36.514267 20.1067734 5.48000336
v -36.514267 20.1067734 5.77999878
v -36.514267 20.1067734 5.77999878
v -36.514267 20.1067734 5.48000336
v -36.6060867 20.1067734 5.48000336
v -36.6060867 20.1067734 5.77999878
v -36.6060867 20.1067734 5.77999878
v -36.6060867 20.1067734 5.48000336
v -36.6060867 19.7759876 5.48000336
v -36.6060867 19.7759876 5.77999878
v -36.6060867 19.7759876 5.77999878
v -36.6060867 19.7759876 5.48000336
v -36.5925484 19.7350807 5.48000336
v -36.5925484 19.7350807 5.77999878
v -36.5925484 19.7350807 5.77999878
v -36.5925484 19.7350807 5.48000336
v -36.5613518 19.7241917 5.48000336
v -36.5613518 19.7241917 5.77999878
v -36.5613518 19.7241917 5.77999878
v -36.5613518 19.7241917 5.48000336
v -36.5251541 19.7294903 5.48000336
v -36.5251541 19.7294903 5.77999878
v -36.5251541 19.7294903 5.77999878
v -36.5251541 19.7294903 5.48000336
v -36.4942551 19.7418499 5.48000336
v -36.4942551 19.7418499 5.77999878
v -36.4942551 19.7418499 5.77999878
v -36.4942551 19.7418499 5.48000336
v -36.4801254 19.6476765 5.48000336
v -36.4801254 19.6476765 5.7799983
v -36.4801254 19.6476765 5.7799983
v -36.4801254 19.6476765 5.48000336
v -36.5149994 19.6347275 5.48000336
v -36.5149994 19.6347275 5.77999878
v -36.1299171 19.6490002 5.7799983
v -36.1299171 19.6490002 5.48000288
v -36.2199707 19.6288414 5.48000288
v -36.2199707 19.6288414 5.7799983
v -36.2199707 19.6288414 5.7799983
v -36.2199707 19.6288414 5.48000288
v -36.3602028 19.675045 5.48000288
v -36.3602028 19.675045 5.7799983
v -36.3602028 19.675045 5.7799983
v -36.3602028 19.675045 5.48000288
v -36.4094963 19.8077717 5.48000336
v -36.4094963 19.8077717 5.7799983
v -36.4094963 19.8077717 5.7799983
v -36.4094963 19.8077717 5.48000336
v -36.3544617 19.9435883 5.48000288
v -36.3544617 19.9435883 5.7799983
v -36.3544617 19.9435883 5.7799983
v -36.3544617 19.9435883 5.48000288
v -36.2164383 19.9902344 5.48000288
v -36.2164383 19.9902344 5.7799983
v -36.2164383 19.9902344 5.7799983
v -36.2164383 19.9902344 5.48000288
v -36.1374207 19.9761086 5.48000288
v -36.1374207 19.9761086 5.7799983
v -36.1374207 19.9761086 5.7799983
v -36.1374207 19.9761086 5.48000288
v -36.0857735 19.9443245 5.48000288
v -36.0857735 19.9443245 5.7799983
v -36.0857735 19.9443245 5.7799983
v -36.0857735 19.9443245 5.48000288
v -36.0857735 20.0125999 5.48000288
v -36.0857735 20.0125999 5.7799983
v -36.0857735 20.0125999 5.7799983
v -36.0857735 20.0125999 5.48000288
v -36.1154976 20.0836716 5.48000288
v -36.1154976 20.0836716 5.7799983
v -36.1154976 20.0836716 5.7799983
v -36.1154976 20.0836716 5.48000288
v -36.1893654 20.1044197 5.48000288
v -36.1893654 20.1044197 5.7799983
v -36.1893654 20.1044197 5.7799983
v -36.1893654 20.1044197 5.48000288
v -36.2804489 20.092207 5.48000288
v -36.2804489 20.092207 5.7799983
v -36.2804489 20.092207 5.7799983
v -36.2804489 20.092207 5.48000288
v -36.3459282 20.070282 5.48000288
v -36.3459282 20.070282 5.7799983
v -36.3459282 20.070282 5.7799983
v -36.3459282 20.070282 5.48000288
v -36.3577003 20.1668091 5.48000336
v -36.3577003 20.1668091 5.7799983
v -36.3577003 20.1668091 5.7799983
v -36.3577003 20.1668091 5.48000336
v -36.2888374 20.1887341 5.48000288
v -36.2888374 20.1887341 5.7799983
v -36.2888374 20.1887341 5.7799983
v -36.2888374 20.1887341 5.48000288
v -36.1775932 20.2009487 5.48000288
v -36.1775932 20.2009487 5.7799983
v -36.1775932 20.2009487 5.7799983
v -36.1775932 20.2009487 5.48000288
v -36.0314751 20.1526833 5.48000288
v -36.0314751 20.1526833 5.7799983
v -36.0314751 20.1526833 5.7799983
v -36.0314751 20.1526833 5.48000288
v -35.9798279 20.0125999 5.48000288
v -35.9798279 20.0125999 5.7799983
v -35.9798279 20.0125999 5.7799983
v -35.9798279 20.0125999 5.48000288
v -35.9798279 19.6347275 5.48000288
v -35.9798279 19.6347275 5.7799983
v -35.9798279 19.6347275 5.7799983
v -35.9798279 19.6347275 5.48000288
v -36.0857735 19.6347275 5.48000288
v -36.0857735 19.6347275 5.7799983
v -36.0857735 19.6347275 5.7799983
v -36.0857735 19.6347275 5.48000288
v -36.0857735 19.6841679 5.48000288
v -36.0857735 19.6841679 5.7799983
v -36.0857735 19.6841679 5.7799983
v -36.0857735 19.6841679 5.48000288
v -36.1299171 19.6490002 5.48000288
v -36.1299171 19.6490002 5.7799983
v -36.1193237 19.8770771 5.7799983
v -36.1193237 19.8770771 5.48000288
v -36.1952515 19.8972378 5.48000288
v -36.1952515 19.8972378 5.7799983
v -36.1952515 19.8972378 5.7799983
v -36.1952515 19.8972378 5.48000288
v -36.2672043 19.8772259 5.48000288
v -36.2672043 19.8772259 5.7799983
v -36.2672043 19.8772259 5.7799983
v -36.2672043 19.8772259 5.48000288
v -36.2976646 19.8077717 5.48000288
v -36.2976646 19.8077717 5.7799983
v -36.2976646 19.8077717 5.7799983
v -36.2976646 19.8077717 5.48000288
v -36.2658806 19.7440567 5.48000288
v -36.2658806 19.7440567 5.7799983
v -36.2658806 19.7440567 5.7799983
v -36.2658806 19.7440567 5.48000288
v -36.1952515 19.7253704 5.48000288
v -36.1952515 19.7253704 5.7799983
v -36.1952515 19.7253704 5.7799983
v -36.1952515 19.7253704 5.48000288
v -36.1175575 19.7503853 5.48000288
v -36.1175575 19.7503853 5.7799983
v -36.1175575 19.7503853 5.7799983
v -36.1175575 19.7503853 5.48000288
v -36.0857735 19.805418 5.48000288
v -36.0857735 19.805418 5.7799983
v -36.0857735 19.805418 5.7799983
v -36.0857735 19.805418 5.48000288
v -36.0857735 19.8242531 5.48000288
v -36.0857735 19.8242531 5.7799983
v -36.0857735 19.8242531 5.7799983
v -36.0857735 19.8242531 5.48000288
v -36.1193237 19.8770771 5.48000288
v -36.1193237 19.8770771 5.7799983
v -35.3853569 20.3775234 5.7799983
v -35.3853569 20.3775234 5.48000288
v -35.591362 20.3775234 5.48000288
v -35.591362 20.3775234 5.7799983
v -35.591362 20.3775234 5.7799983
v -35.591362 20.3775234 5.48000288
v -35.591362 20.483469 5.48000288
v -35.591362 20.483469 5.7799983
v -35.591362 20.483469 5.7799983
v -35.591362 20.483469 5.48000288
v -35.0675201 20.483469 5.48000288
v -35.0675201 20.483469 5.7799983
v -35.0675201 20.483469 5.7799983
v -35.0675201 20.483469 5.48000288
v -35.0675201 20.3775234 5.48000288
v -35.0675201 20.3775234 5.7799983
v -35.0675201 20.3775234 5.7799983
v -35.0675201 20.3775234 5.48000288
v -35.2735252 20.3775234 5.48000288
v -35.2735252 20.3775234 5.7799983
v -35.2735252 20.3775234 5.7799983
v -35.2735252 20.3775234 5.48000288
v -35.2735252 19.6347275 5.48000288
v -35.2735252 19.6347275 5.7799983
v -35.2735252 19.6347275 5.7799983
v -35.2735252 19.6347275 5.48000288
v -35.3853569 19.6347275 5.48000288
v -35.3853569 19.6347275 5.7799983
v -35.3853569 19.6347275 5.7799983
v -35.3853569 19.6347275 5.48000288
v -35.3853569 20.3775234 5.48000288
v -35.3853569 20.3775234 5.7799983
v -34.9085999 19.6941738 5.7799983
v -34.9085999 19.6941738 5.48000288
v -34.9851151 19.9148941 5.48000288
v -34.9851151 19.9148941 5.7799983
v -34.9851151 19.9148941 5.7799983
v -34.9851151 19.9148941 5.48000288
v -34.9068336 20.1356144 5.48000288
v -34.9068336 20.1356144 5.7799983
v -34.9068336 20.1356144 5.7799983
v -34.9068336 20.1356144 5.48000288
v -34.7296677 20.2009487 5.48000288
v -34.7296677 20.2009487 5.7799983
v -34.7296677 20.2009487 5.7799983
v -34.7296677 20.2009487 5.48000288
v -34.552063 20.1356144 5.4800024
v -34.552063 20.1356144 5.7799983
v -34.552063 20.1356144 5.7799983
v -34.552063 20.1356144 5.4800024
v -34.4742241 19.9148941 5.4800024
v -34.4742241 19.9148941 5.77999783
v -34.4742241 19.9148941 5.77999783
v -34.4742241 19.9148941 5.4800024
v -34.5511818 19.6941738 5.4800024
v -34.5511818 19.6941738 5.77999783
v -34.5511818 19.6941738 5.77999783
v -34.5511818 19.6941738 5.4800024
v -34.7296677 19.6288414 5.48000288
v -34.7296677 19.6288414 5.7799983
v -34.7296677 19.6288414 5.7799983
v -34.7296677 19.6288414 5.48000288
v -34.9085999 19.6941738 5.48000288
v -34.9085999 19.6941738 5.7799983
v -34.8328209 20.0580692 5.7799983
v -34.8328209 20.0580692 5.48000288
v -34.8732834 19.9148941 5.48000288
v -34.8732834 19.9148941 5.7799983
v -34.8732834 19.9148941 5.7799983
v -34.8732834 19.9148941 5.48000288
v -34.8319359 19.7764301 5.48000288
v -34.8319359 19.7764301 5.7799983
v -34.8319359 19.7764301 5.7799983
v -34.8319359 19.7764301 5.48000288
v -34.7296677 19.7289009 5.48000288
v -34.7296677 19.7289009 5.7799983
v -34.7296677 19.7289009 5.7799983
v -34.7296677 19.7289009 5.48000288
v -34.6269608 19.7764301 5.4800024
v -34.6269608 19.7764301 5.7799983
v -34.6269608 19.7764301 5.7799983
v -34.6269608 19.7764301 5.4800024
v -34.5860558 19.9148941 5.4800024
v -34.5860558 19.9148941 5.7799983
v -34.5860558 19.9148941 5.7799983
v -34.5860558 19.9148941 5.4800024
v -34.6265182 20.0580692 5.48000288
v -34.6265182 20.0580692 5.7799983
v -34.6265182 20.0580692 5.7799983
v -34.6265182 20.0580692 5.48000288
v -34.7296677 20.1067734 5.48000288
v -34.7296677 20.1067734 5.7799983
v -34.7296677 20.1067734 5.7799983
v -34.7296677 20.1067734 5.48000288
v -34.8328209 20.0580692 5.48000288
v -34.8328209 20.0580692 5.7799983
v -33.741581 20.0770512 5.77999783
v -33.741581 20.0770512 5.4800024
v -33.8138275 20.1067734 5.4800024
v -33.8138275 20.1067734 5.77999783
v -33.8138275 20.1067734 5.77999783
v -33.8138275 20.1067734 5.4800024
v -33.8965225 20.0764618 5.4800024
v -33.8965225 20.0764618 5.77999783
v -33.8965225 20.0764618 5.77999783
v -33.8965225 20.0764618 5.4800024
v -33.9244843 19.9984741 5.4800024
v -33.9244843 19.9984741 5.77999783
v -33.9244843 19.9984741 5.77999783
v -33.9244843 19.9984741 5.4800024
v -33.9244843 19.6347275 5.4800024
v -33.9244843 19.6347275 5.77999783
v -33.9244843 19.6347275 5.77999783
v -33.9244843 19.6347275 5.4800024
v -34.030426 19.6347275 5.4800024
v -34.030426 19.6347275 5.77999783
v -34.030426 19.6347275 5.77999783
v -34.030426 19.6347275 5.4800024
v -34.030426 19.999651 5.4800024
v -34.030426 19.999651 5.77999783
v -34.030426 19.999651 5.77999783
v -34.030426 19.999651 5.4800024
v -34.0558853 20.0770512 5.4800024
v -34.0558853 20.0770512 5.77999783
v -34.0558853 20.0770512 5.77999783
v -34.0558853 20.0770512 5.4800024
v -34.1281357 20.1067734 5.4800024
v -34.1281357 20.1067734 5.77999783
v -34.1281357 20.1067734 5.77999783
v -34.1281357 20.1067734 5.4800024
v -34.2108307 20.0764618 5.4800024
v -34.2108307 20.0764618 5.77999783
v -34.2108307 20.0764618 5.77999783
v -34.2108307 20.0764618 5.4800024
v -34.2387886 19.9984741 5.4800024
v -34.2387886 19.9984741 5.77999783
v -34.2387886 19.9984741 5.77999783
v -34.2387886 19.9984741 5.4800024
v -34.2387886 19.6347275 5.4800024
v -34.2387886 19.6347275 5.77999783
v -34.2387886 19.6347275 5.77999783
v -34.2387886 19.6347275 5.4800024
v -34.3447342 19.6347275 5.4800024
v -34.3447342 19.6347275 5.77999783
v -34.3447342 19.6347275 5.77999783
v -34.3447342 19.6347275 5.4800024
v -34.3447342 20.1950626 5.4800024
v -34.3447342 20.1950626 5.77999783
v -34.3447342 20.1950626 5.77999783
v -34.3447342 20.1950626 5.4800024
v -34.2387886 20.1950626 5.4800024
v -34.2387886 20.1950626 5.77999783
v -34.2387886 20.1950626 5.77999783
v -34.2387886 20.1950626 5.4800024
v -34.2387886 20.1479759 5.4800024
v -34.2387886 20.1479759 5.77999783
v -34.2387886 20.1479759 5.77999783
v -34.2387886 20.1479759 5.4800024
v -34.1922913 20.1832905 5.4800024
v -34.1922913 20.1832905 5.77999783
v -34.1922913 20.1832905 5.77999783
v -34.1922913 20.1832905 5.4800024
v -34.1104774 20.2009487 5.4800024
v -34.1104774 20.2009468 5.77999783
v -34.1104774 20.2009468 5.77999783
v -34.1104774 20.2009487 5.4800024
v -34.0180664 20.1796112 5.4800024
v -34.0180664 20.1796112 5.77999783
v -34.0180664 20.1796112 5.77999783
v -34.0180664 20.1796112 5.4800024
v -33.9539108 20.1185455 5.4800024
v -33.9539108 20.1185455 5.77999783
v -33.9539108 20.1185455 5.77999783
v -33.9539108 20.1185455 5.4800024
v -33.8927002 20.1756382 5.4800024
v -33.8927002 20.1756382 5.77999783
v -33.8927002 20.1756382 5.77999783
v -33.8927002 20.1756382 5.4800024
v -33.7961693 20.2009487 5.4800024
v -33.7961693 20.2009468 5.77999783
v -33.7961693 20.2009468 5.77999783
v -33.7961693 20.2009487 5.4800024
v -33.6621208 20.1482697 5.4800024
v -33.6621208 20.1482697 5.77999783
v -33.6621208 20.1482697 5.77999783
v -33.6621208 20.1482697 5.4800024
v -33.6101761 20.0020046 5.4800024
v -33.6101761 20.0020046 5.77999783
v -33.6101761 20.0020046 5.77999783
v -33.6101761 20.0020046 5.4800024
v -33.6101761 19.6347275 5.4800024
v -33.6101761 19.6347275 5.77999783
v -33.6101761 19.6347275 5.77999783
v -33.6101761 19.6347275 5.4800024
v -33.7161217 19.6347275 5.4800024
v -33.7161217 19.6347275 5.77999783
v -33.7161217 19.6347275 5.77999783
v -33.7161217 19.6347275 5.4800024
v -33.7161217 19.999651 5.4800024
v -33.7161217 19.999651 5.77999783
v -33.7161217 19.999651 5.77999783
v -33.7161217 19.999651 5.4800024
v -33.741581 20.0770512 5.4800024
v -33.741581 20.0770512 5.77999783
v -33.1098785 20.4599266 5.77999783
v -33.1098785 20.4599266 5.4800024
v -33.2205315 20.2739334 5.4800024
v -33.2205315 20.2739334 5.77999783
v -33.2205315 20.2739334 5.77999783
v -33.2205315 20.2739334 5.4800024
v -33.3041115 20.2739334 5.4800024
v -33.3041115 20.2739334 5.77999783
v -33.3041115 20.2739334 5.77999783
v -33.3041115 20.2739334 5.4800024
v -33.228775 20.4599266 5.4800024
v -33.228775 20.4599266 5.77999783
v -33.228775 20.4599266 5.77999783
v -33.228775 20.4599266 5.4800024
v -33.1098785 20.4599266 5.4800024
v -33.1098785 20.4599266 5.77999783
v -33.2011108 19.6490002 5.77999783
v -33.2011108 19.6490002 5.4800024
v -33.2911644 19.6288414 5.4800024
v -33.2911644 19.6288414 5.77999783
v -33.2911644 19.6288414 5.77999783
v -33.2911644 19.6288414 5.4800024
v -33.4313965 19.675045 5.4800024
v -33.4313965 19.675045 5.77999783
v -33.4313965 19.675045 5.77999783
v -33.4313965 19.675045 5.4800024
v -33.48069 19.8077717 5.4800024
v -33.48069 19.8077717 5.77999783
v -33.48069 19.8077717 5.77999783
v -33.48069 19.8077717 5.4800024
v -33.4256554 19.9435883 5.4800024
v -33.4256554 19.9435883 5.77999783
v -33.4256554 19.9435883 5.77999783
v -33.4256554 19.9435883 5.4800024
v -33.287632 19.9902344 5.4800024
v -33.287632 19.9902344 5.77999783
v -33.287632 19.9902344 5.77999783
v -33.287632 19.9902344 5.4800024
v -33.2086143 19.9761066 5.4800024
v -33.2086143 19.9761086 5.77999783
v -33.2086143 19.9761086 5.77999783
v -33.2086143 19.9761066 5.4800024
v -33.1569672 19.9443245 5.4800024
v -33.1569672 19.9443245 5.77999783
v -33.1569672 19.9443245 5.77999783
v -33.1569672 19.9443245 5.4800024
v -33.1569672 20.0125999 5.4800024
v -33.1569672 20.0125999 5.77999783
v -33.1569672 20.0125999 5.77999783
v -33.1569672 20.0125999 5.4800024
v -33.1866913 20.0836716 5.4800024
v -33.1866913 20.0836716 5.77999783
v -33.1866913 20.0836716 5.77999783
v -33.1866913 20.0836716 5.4800024
v -33.2605591 20.1044197 5.4800024
v -33.2605591 20.1044197 5.77999783
v -33.2605591 20.1044197 5.77999783
v -33.2605591 20.1044197 5.4800024
v -33.3516426 20.092207 5.4800024
v -33.3516426 20.092207 5.77999783
v -33.3516426 20.092207 5.77999783
v -33.3516426 20.092207 5.4800024
v -33.4171219 20.070282 5.4800024
v -33.4171219 20.070282 5.77999783
v -33.4171219 20.070282 5.77999783
v -33.4171219 20.070282 5.4800024
v -33.428894 20.1668091 5.4800024
v -33.428894 20.1668091 5.77999783
v -33.428894 20.1668091 5.77999783
v -33.428894 20.1668091 5.4800024
v -33.3600273 20.1887341 5.4800024
v -33.3600273 20.1887341 5.77999783
v -33.3600273 20.1887341 5.77999783
v -33.3600273 20.1887341 5.4800024
v -33.2487869 20.2009487 5.4800024
v -33.2487869 20.2009468 5.77999783
v -33.2487869 20.2009468 5.77999783
v -33.2487869 20.2009487 5.4800024
v -33.1026688 20.1526833 5.4800024
v -33.1026688 20.1526833 5.77999783
v -33.1026688 20.1526833 5.77999783
v -33.1026688 20.1526833 5.4800024
v -33.0510216 20.0125999 5.4800024
v -33.0510216 20.0125999 5.77999783
v -33.0510216 20.0125999 5.77999783
v -33.0510216 20.0125999 5.4800024
v -33.0510216 19.6347275 5.4800024
v -33.0510216 19.6347275 5.77999783
v -33.0510216 19.6347275 5.77999783
v -33.0510216 19.6347275 5.4800024
v -33.1569672 19.6347275 5.4800024
v -33.1569672 19.6347275 5.77999783
v -33.1569672 19.6347275 5.77999783
v -33.1569672 19.6347275 5.4800024
v -33.1569672 19.6841679 5.4800024
v -33.1569672 19.6841679 5.77999783
v -33.1569672 19.6841679 5.77999783
v -33.1569672 19.6841679 5.4800024
v -33.2011108 19.6490002 5.4800024
v -33.2011108 19.6490002 5.77999783
v -33.1905136 19.8770771 5.77999783
v -33.1905136 19.8770771 5.4800024
v -33.2664413 19.8972378 5.4800024
v -33.2664413 19.8972378 5.77999783
v -33.2664413 19.8972378 5.77999783
v -33.2664413 19.8972378 5.4800024
v -33.338398 19.8772259 5.4800024
v -33.338398 19.8772259 5.77999783
v -33.338398 19.8772259 5.77999783
v -33.338398 19.8772259 5.4800024
v -33.3688583 19.8077717 5.4800024
v -33.3688583 19.8077717 5.77999783
v -33.3688583 19.8077717 5.77999783
v -33.3688583 19.8077717 5.4800024
v -33.3370743 19.7440567 5.4800024
v -33.3370743 19.7440567 5.77999783
v -33.3370743 19.7440567 5.77999783
v -33.3370743 19.7440567 5.4800024
v -33.2664413 19.7253704 5.4800024
v -33.2664413 19.7253704 5.77999783
v -33.2664413 19.7253704 5.77999783
v -33.2664413 19.7253704 5.4800024
v -33.1887512 19.7503853 5.4800024
v -33.1887512 19.7503853 5.77999783
v -33.1887512 19.7503853 5.77999783
v -33.1887512 19.7503853 5.4800024
v -33.1569672 19.805418 5.4800024
v -33.1569672 19.805418 5.77999783
v -33.1569672 19.805418 5.77999783
v -33.1569672 19.805418 5.4800024
v -33.1569672 19.8242531 5.4800024
v -33.1569672 19.8242531 5.77999783
v -33.1569672 19.8242531 5.77999783
v -33.1569672 19.8242531 5.4800024
v -33.1905136 19.8770771 5.4800024
v -33.1905136 19.8770771 5.77999783
v -32.7955742 20.4599266 5.77999783
v -32.7955742 20.4599266 5.4800024
v -32.7237663 20.3551579 5.4800024
v -32.7237663 20.3551579 5.77999783
v -32.7237663 20.3551579 5.77999783
v -32.7237663 20.3551579 5.4800024
v -32.6519585 20.4599266 5.4800024
v -32.6519585 20.4599266 5.77999783
v -32.6519585 20.4599266 5.77999783
v -32.6519585 20.4599266 5.4800024
v -32.557785 20.4599266 5.4800024
v -32.557785 20.4599266 5.77999783
v -32.557785 20.4599266 5.77999783
v -32.557785 20.4599266 5.4800024
v -32.6672592 20.2739334 5.4800024
v -32.6672592 20.2739334 5.77999783
v -32.6672592 20.2739334 5.77999783
v -32.6672592 20.2739334 5.4800024
v -32.7802696 20.2739334 5.4800024
v -32.7802696 20.2739334 5.77999783
v -32.7802696 20.2739334 5.77999783
v -32.7802696 20.2739334 5.4800024
v -32.8897476 20.4599266 5.4800024
v -32.8897476 20.4599266 5.77999783
v -32.8897476 20.4599266 5.77999783
v -32.8897476 20.4599266 5.4800024
v -32.7955742 20.4599266 5.4800024
v -32.7955742 20.4599266 5.77999783
v -32.8488388 19.6431141 5.77999783
v -32.8488388 19.6431141 5.4800024
v -32.9203529 19.6688652 5.4800024
v -32.9203529 19.6688652 5.77999783
v -32.9203529 19.6688652 5.77999783
v -32.9203529 19.6688652 5.4800024
v -32.9015198 19.7689247 5.4800024
v -32.9015198 19.7689247 5.77999783
v -32.9015198 19.7689247 5.77999783
v -32.9015198 19.7689247 5.4800024
v -32.8261795 19.7409668 5.4800024
v -32.8261795 19.7409668 5.77999783
v -32.8261795 19.7409668 5.77999783
v -32.8261795 19.7409668 5.4800024
v -32.7367134 19.7289009 5.4800024
v -32.7367134 19.7289009 5.77999783
v -32.7367134 19.7289009 5.77999783
v -32.7367134 19.7289009 5.4800024
v -32.6699104 19.7422905 5.4800024
v -32.6699104 19.7422905 5.77999783
v -32.6699104 19.7422905 5.77999783
v -32.6699104 19.7422905 5.4800024
v -32.6401863 19.7936459 5.4800024
v -32.6401863 19.7936459 5.77999783
v -32.6401863 19.7936459 5.77999783
v -32.6401863 19.7936459 5.4800024
v -32.6747665 19.8463249 5.4800024
v -32.6747665 19.8463249 5.77999783
v -32.6747665 19.8463249 5.77999783
v -32.6747665 19.8463249 5.4800024
v -32.7543716 19.8725166 5.4800024
v -32.7543716 19.8725166 5.77999783
v -32.7543716 19.8725166 5.77999783
v -32.7543716 19.8725166 5.4800024
v -32.8670883 19.916954 5.4800024
v -32.8670883 19.916954 5.77999783
v -32.8670883 19.916954 5.77999783
v -32.8670883 19.916954 5.4800024
v -32.9215317 20.0337887 5.4800024
v -32.9215317 20.0337887 5.77999783
v -32.9215317 20.0337887 5.77999783
v -32.9215317 20.0337887 5.4800024
v -32.8656158 20.1597462 5.4800024
v -32.8656158 20.1597462 5.77999783
v -32.8656158 20.1597462 5.77999783
v -32.8656158 20.1597462 5.4800024
v -32.7108154 20.2009468 5.4800024
v -32.7108154 20.2009468 5.77999783
v -32.7108154 20.2009468 5.77999783
v -32.7108154 20.2009468 5.4800024
v -32.6104622 20.1902065 5.4800024
v -32.6104622 20.1902065 5.77999783
v -32.6104622 20.1902065 5.77999783
v -32.6104622 20.1902065 5.4800024
v -32.5401268 20.1679878 5.4800024
v -32.5401268 20.1679859 5.77999783
v -32.5401268 20.1679859 5.77999783
v -32.5401268 20.1679878 5.4800024
v -32.557785 20.0691051 5.4800024
v -32.557785 20.0691051 5.77999783
v -32.557785 20.0691051 5.77999783
v -32.557785 20.0691051 5.4800024
v -32.6251755 20.0954437 5.4800024
v -32.6251755 20.0954437 5.77999783
v -32.6251755 20.0954437 5.77999783
v -32.6251755 20.0954437 5.4800024
v -32.7084618 20.1067734 5.4800024
v -32.7084618 20.1067734 5.77999783
v -32.7084618 20.1067734 5.77999783
v -32.7084618 20.1067734 5.4800024
v -32.7835083 20.0898514 5.4800024
v -32.7835083 20.0898514 5.77999783
v -32.7835083 20.0898514 5.77999783
v -32.7835083 20.0898514 5.4800024
v -32.8108749 20.0349655 5.4800024
v -32.8108749 20.0349655 5.77999783
v -32.8108749 20.0349655 5.77999783
v -32.8108749 20.0349655 5.4800024
v -32.7811508 19.9915581 5.4800024
v -32.7811508 19.9915581 5.77999783
v -32.7811508 19.9915581 5.77999783
v -32.7811508 19.9915581 5.4800024
v -32.7108154 19.9666901 5.4800024
v -32.7108154 19.9666901 5.77999783
v -32.5875092 19.9188671 5.4800024
v -32.5875092 19.9188671 5.77999783
v -32.5875092 19.9188671 5.77999783
v -32.5875092 19.9188671 5.4800024
v -32.526001 19.7959995 5.4800024
v -32.526001 19.7959995 5.77999783
v -32.526001 19.7959995 5.77999783
v -32.526001 19.7959995 5.4800024
v -32.575737 19.6722488 5.4800024
v -32.575737 19.6722488 5.77999783
v -32.575737 19.6722488 5.77999783
v -32.575737 19.6722488 5.4800024
v -32.7367134 19.6288414 5.4800024
v -32.7367134 19.6288414 5.77999783
v -32.7367134 19.6288414 5.77999783
v -32.7367134 19.6288414 5.4800024
v -32.8488388 19.6431141 5.4800024
v -32.8488388 19.6431141 5.77999783
v -32.2689362 19.7623024 5.77999735
v -32.2689362 19.7623024 5.48000193
v -32.1752014 19.7289009 5.48000193
v -32.1752014 19.7289009 5.77999735
v -32.1752014 19.7289009 5.77999735
v -32.1752014 19.7289009 5.48000193
v -32.0748482 19.7415562 5.48000193
v -32.0748482 19.7415562 5.77999735
v -32.0748482 19.7415562 5.77999735
v -32.0748482 19.7415562 5.48000193
v -32.0045128 19.7701015 5.48000193
v -32.0045128 19.7701015 5.77999735
v -32.0045128 19.7701015 5.77999735
v -32.0045128 19.7701015 5.48000193
v -31.9856758 19.6676884 5.48000193
v -31.9856758 19.6676884 5.77999735
v -31.9856758 19.6676884 5.77999735
v -31.9856758 19.6676884 5.48000193
v -32.0669022 19.6394367 5.48000193
v -32.0669022 19.6394367 5.77999735
v -32.0669022 19.6394367 5.77999735
v -32.0669022 19.6394367 5.48000193
v -32.1763802 19.6288414 5.48000193
v -32.1763802 19.6288414 5.77999735
v -32.1763802 19.6288414 5.77999735
v -32.1763802 19.6288414 5.48000193
v -32.3570747 19.6966763 5.48000193
v -32.3570747 19.6966763 5.77999735
v -32.3570747 19.6966763 5.77999735
v -32.3570747 19.6966763 5.48000193
v -32.4318275 19.9101849 5.4800024
v -32.4318275 19.9101868 5.77999735
v -32.4318275 19.9101868 5.77999735
v -32.4318275 19.9101849 5.4800024
v -32.3622246 20.1266384 5.4800024
v -32.3622246 20.1266384 5.77999735
v -32.3622246 20.1266384 5.77999735
v -32.3622246 20.1266384 5.4800024
v -32.1928596 20.2009468 5.48000193
v -32.1928596 20.2009468 5.77999735
v -32.1928596 20.2009468 5.77999735
v -32.1928596 20.2009468 5.48000193
v -32.0181961 20.1263447 5.48000193
v -32.0181961 20.1263447 5.77999735
v -32.0181961 20.1263447 5.77999735
v -32.0181961 20.1263447 5.48000193
v -31.9574242 19.9290199 5.48000193
v -31.9574242 19.9290199 5.77999735
v -31.9574242 19.9290199 5.77999735
v -31.9574242 19.9290199 5.48000193
v -31.9574242 19.8725166 5.48000193
v -31.9574242 19.8725166 5.77999735
v -31.9574242 19.8725166 5.77999735
v -31.9574242 19.8725166 5.48000193
v -32.3176422 19.8725166 5.48000193
v -32.3176422 19.8725166 5.77999735
v -32.3176422 19.8725166 5.77999735
v -32.3176422 19.8725166 5.48000193
v -32.2689362 19.7623024 5.48000193
v -32.2689362 19.7623024 5.77999735
v -32.1028061 20.0686626 5.77999735
v -32.1028061 20.0686626 5.48000193
v -32.1928596 20.1067734 5.48000193
v -32.1928596 20.1067734 5.77999735
v -32.1928596 20.1067734 5.77999735
v -32.1928596 20.1067734 5.48000193
v -32.2724686 20.0757256 5.48000193
v -32.2724686 20.0757256 5.77999735
v -32.2724686 20.0757256 5.77999735
v -32.2724686 20.0757256 5.48000193
v -32.3176422 19.9572735 5.48000193
v -32.3176422 19.9572735 5.77999735
v -32.3176422 19.9572735 5.77999735
v -32.3176422 19.9572735 5.48000193
v -32.0692558 19.9572735 5.48000193
v -32.0692558 19.9572735 5.77999735
v -32.0692558 19.9572735 5.77999735
v -32.0692558 19.9572735 5.48000193
v -32.1028061 20.0686626 5.48000193
v -32.1028061 20.0686626 5.77999735
v -31.5571861 19.6347275 5.77999735
v -31.5571861 19.6347275 5.48000193
v -31.5571861 20.483469 5.48000193
v -31.5571861 20.483469 5.77999735
v -31.5571861 20.483469 5.77999735
v -31.5571861 20.483469 5.48000193
v -31.3040924 20.483469 5.48000193
v -31.3040924 20.483469 5.77999735
v -31.3040924 20.483469 5.77999735
v -31.3040924 20.483469 5.48000193
v -31.121191 20.4229927 5.48000193
v -31.121191 20.4229927 5.77999735
v -31.121191 20.4229927 5.77999735
v -31.121191 20.4229927 5.48000193
v -31.0557098 20.257452 5.48000193
v -31.0557098 20.257452 5.77999735
v -31.0557098 20.257452 5.77999735
v -31.0557098 20.257452 5.48000193
v -31.0898476 20.1422367 5.48000193
v -31.0898476 20.1422367 5.77999735
v -31.0898476 20.1422367 5.77999735
v -31.0898476 20.1422367 5.48000193
v -31.17696 20.0738125 5.48000193
v -31.17696 20.0738125 5.77999735
v -31.17696 20.0738125 5.77999735
v -31.17696 20.0738125 5.48000193
v -31.0846977 19.9981804 5.48000193
v -31.0846977 19.9981804 5.77999735
v -31.0846977 19.9981804 5.77999735
v -31.0846977 19.9981804 5.48000193
v -31.0498238 19.8784027 5.48000193
v -31.0498238 19.8784027 5.77999735
v -31.0498238 19.8784027 5.77999735
v -31.0498238 19.8784027 5.48000193
v -31.1231041 19.6991768 5.48000193
v -31.1231041 19.6991768 5.77999735
v -31.1231041 19.6991768 5.77999735
v -31.1231041 19.6991768 5.48000193
v -31.3217506 19.6347275 5.48000193
v -31.3217506 19.6347275 5.77999735
v -31.3217506 19.6347275 5.77999735
v -31.3217506 19.6347275 5.48000193
v -31.5571861 19.6347275 5.48000193
v -31.5571861 19.6347275 5.77999735
v -31.4453545 20.3775234 5.77999735
v -31.4453545 20.3775234 5.48000193
v -31.4453545 20.1256084 5.48000193
v -31.4453545 20.1256084 5.77999735
v -31.4453545 20.1256084 5.77999735
v -31.4453545 20.1256084 5.48000193
v -31.3182201 20.1256084 5.48000193
v -31.3182201 20.1256084 5.77999735
v -31.3182201 20.1256084 5.77999735
v -31.3182201 20.1256084 5.48000193
v -31.2131577 20.1572456 5.48000193
v -31.2131577 20.1572456 5.77999735
v -31.2131577 20.1572456 5.77999735
v -31.2131577 20.1572456 5.48000193
v -31.1734276 20.2515659 5.48000193
v -31.1734276 20.2515659 5.77999735
v -31.1734276 20.2515659 5.77999735
v -31.1734276 20.2515659 5.48000193
v -31.209919 20.3467693 5.48000193
v -31.209919 20.3467693 5.77999735
v -31.209919 20.3467693 5.77999735
v -31.209919 20.3467693 5.48000193
v -31.3029175 20.3775234 5.48000193
v -31.3029175 20.3775234 5.77999735
v -31.3029175 20.3775234 5.77999735
v -31.3029175 20.3775234 5.48000193
v -31.4453545 20.3775234 5.48000193
v -31.4453545 20.3775234 5.77999735
v -31.4453545 20.0196629 5.77999735
v -31.4453545 20.0196629 5.48000193
v -31.4453545 19.7406731 5.48000193
v -31.4453545 19.7406731 5.77999735
v -31.4453545 19.7406731 5.77999735
v -31.4453545 19.7406731 5.48000193
v -31.3182201 19.7406731 5.48000193
v -31.3182201 19.7406731 5.77999735
v -31.3182201 19.7406731 5.77999735
v -31.3182201 19.7406731 5.48000193
v -31.209774 19.7756939 5.48000193
v -31.209774 19.7756939 5.77999735
v -31.209774 19.7756939 5.77999735
v -31.209774 19.7756939 5.48000193
v -31.1675415 19.8760471 5.48000193
v -31.1675415 19.8760471 5.77999735
v -31.1675415 19.8760471 5.77999735
v -31.1675415 19.8760471 5.48000193
v -31.2102146 19.9818459 5.48000193
v -31.2102146 19.9818459 5.77999735
v -31.2102146 19.9818459 5.77999735
v -31.2102146 19.9818459 5.48000193
v -31.3182201 20.0196629 5.48000193
v -31.3182201 20.0196629 5.77999735
v -31.3182201 20.0196629 5.77999735
v -31.3182201 20.0196629 5.48000193
v -31.4453545 20.0196629 5.48000193
v -31.4453545 20.0196629 5.77999735
v -30.664299 19.6490002 5.77999735
v -30.664299 19.6490002 5.48000145
v -30.7543526 19.6288414 5.48000193
v -30.7543526 19.6288414 5.77999735
v -30.7543526 19.6288414 5.77999735
v -30.7543526 19.6288414 5.48000193
v -30.8945847 19.675045 5.48000193
v -30.8945847 19.675045 5.77999735
v -30.8945847 19.675045 5.77999735
v -30.8945847 19.675045 5.48000193
v -30.9438782 19.8077717 5.48000193
v -30.9438782 19.8077717 5.77999735
v -30.9438782 19.8077717 5.77999735
v -30.9438782 19.8077717 5.48000193
v -30.8888454 19.9435883 5.48000193
v -30.8888454 19.9435883 5.77999735
v -30.8888454 19.9435883 5.77999735
v -30.8888454 19.9435883 5.48000193
v -30.7508221 19.9902344 5.48000193
v -30.7508221 19.9902344 5.77999735
v -30.7508221 19.9902344 5.77999735
v -30.7508221 19.9902344 5.48000193
v -30.6718044 19.9761066 5.48000193
v -30.6718044 19.9761066 5.77999735
v -30.6718044 19.9761066 5.77999735
v -30.6718044 19.9761066 5.48000193
v -30.6201553 19.9443245 5.48000145
v -30.6201553 19.9443245 5.77999735
v -30.6201553 19.9443245 5.77999735
v -30.6201553 19.9443245 5.48000145
v -30.6201553 20.0125999 5.48000193
v -30.6201553 20.0125999 5.77999735
v -30.6201553 20.0125999 5.77999735
v -30.6201553 20.0125999 5.48000193
v -30.6498795 20.0836716 5.48000193
v -30.6498795 20.0836716 5.77999735
v -30.6498795 20.0836716 5.77999735
v -30.6498795 20.0836716 5.48000193
v -30.7237473 20.1044197 5.48000193
v -30.7237473 20.1044197 5.77999735
v -30.7237473 20.1044197 5.77999735
v -30.7237473 20.1044197 5.48000193
v -30.8148308 20.092207 5.48000193
v -30.8148308 20.092207 5.77999735
v -30.8148308 20.092207 5.77999735
v -30.8148308 20.092207 5.48000193
v -30.8803101 20.070282 5.48000193
v -30.8803101 20.070282 5.77999735
v -30.8803101 20.070282 5.77999735
v -30.8803101 20.070282 5.48000193
v -30.8920822 20.1668091 5.48000193
v -30.8920822 20.1668091 5.77999735
v -30.8920822 20.1668091 5.77999735
v -30.8920822 20.1668091 5.48000193
v -30.8232193 20.1887341 5.48000193
v -30.8232193 20.1887341 5.77999735
v -30.8232193 20.1887341 5.77999735
v -30.8232193 20.1887341 5.48000193
v -30.7119751 20.2009468 5.48000193
v -30.7119751 20.2009468 5.77999735
v -30.7119751 20.2009468 5.77999735
v -30.7119751 20.2009468 5.48000193
v -30.5658588 20.1526833 5.48000145
v -30.5658588 20.1526833 5.77999735
v -30.5658588 20.1526833 5.77999735
v -30.5658588 20.1526833 5.48000145
v -30.5142097 20.0125999 5.48000145
v -30.5142097 20.0125999 5.77999687
v -30.5142097 20.0125999 5.77999687
v -30.5142097 20.0125999 5.48000145
v -30.5142097 19.6347275 5.48000145
v -30.5142097 19.6347275 5.77999687
v -30.5142097 19.6347275 5.77999687
v -30.5142097 19.6347275 5.48000145
v -30.6201553 19.6347275 5.48000145
v -30.6201553 19.6347275 5.77999735
v -30.6201553 19.6347275 5.77999735
v -30.6201553 19.6347275 5.48000145
v -30.6201553 19.6841679 5.48000145
v -30.6201553 19.6841679 5.77999735
v -30.6201553 19.6841679 5.77999735
v -30.6201553 19.6841679 5.48000145
v -30.664299 19.6490002 5.48000145
v -30.664299 19.6490002 5.77999735
v -30.6537056 19.8770771 5.77999735
v -30.6537056 19.8770771 5.48000193
v -30.7296333 19.8972359 5.48000193
v -30.7296333 19.8972378 5.77999735
v -30.7296333 19.8972378 5.77999735
v -30.7296333 19.8972359 5.48000193
v -30.8015881 19.877224 5.48000193
v -30.8015881 19.877224 5.77999735
v -30.8015881 19.877224 5.77999735
v -30.8015881 19.877224 5.48000193
v -30.8320465 19.8077717 5.48000193
v -30.8320465 19.8077717 5.77999735
v -30.8320465 19.8077717 5.77999735
v -30.8320465 19.8077717 5.48000193
v -30.8002625 19.7440567 5.48000193
v -30.8002625 19.7440567 5.77999735
v -30.8002625 19.7440567 5.77999735
v -30.8002625 19.7440567 5.48000193
v -30.7296333 19.7253685 5.48000193
v -30.7296333 19.7253685 5.77999735
v -30.7296333 19.7253685 5.77999735
v -30.7296333 19.7253685 5.48000193
v -30.6519394 19.7503853 5.48000145
v -30.6519394 19.7503853 5.77999735
v -30.6519394 19.7503853 5.77999735
v -30.6519394 19.7503853 5.48000145
v -30.6201553 19.805418 5.48000145
v -30.6201553 19.805418 5.77999735
v -30.6201553 19.805418 5.77999735
v -30.6201553 19.805418 5.48000145
v -30.6201553 19.8242512 5.48000145
v -30.6201553 19.8242512 5.77999735
v -30.6201553 19.8242512 5.77999735
v -30.6201553 19.8242512 5.48000145
v -30.6537056 19.8770771 5.48000193
v -30.6537056 19.8770771 5.77999735
v -30.1382504 19.6347275 5.77999687
v -30.1382504 19.6347275 5.48000145
v -30.1951962 19.6288414 5.48000145
v -30.1951962 19.6288414 5.77999687
v -30.1951962 19.6288414 5.77999687
v -30.1951962 19.6288414 5.48000145
v -30.2895164 19.6565056 5.48000145
v -30.2895164 19.6565056 5.77999687
v -30.2895164 19.6565056 5.77999687
v -30.2895164 19.6565056 5.48000145
v -30.3352795 19.7759876 5.48000145
v -30.3352795 19.7759876 5.77999687
v -30.3352795 19.7759876 5.77999687
v -30.3352795 19.7759876 5.48000145
v -30.3352795 20.1067734 5.48000145
v -30.3352795 20.1067734 5.77999687
v -30.3352795 20.1067734 5.77999687
v -30.3352795 20.1067734 5.48000145
v -30.4082642 20.1067734 5.48000145
v -30.4082642 20.1067734 5.77999687
v -30.4082642 20.1067734 5.77999687
v -30.4082642 20.1067734 5.48000145
v -30.4082642 20.1950626 5.48000145
v -30.4082642 20.1950626 5.77999687
v -30.4082642 20.1950626 5.77999687
v -30.4082642 20.1950626 5.48000145
v -30.3352795 20.1950626 5.48000145
v -30.3352795 20.1950626 5.77999687
v -30.3352795 20.1950626 5.77999687
v -30.3352795 20.1950626 5.48000145
v -30.3352795 20.4128399 5.48000145
v -30.3352795 20.412838 5.77999687
v -30.3352795 20.412838 5.77999687
v -30.3352795 20.4128399 5.48000145
v -30.2293339 20.4246101 5.48000145
v -30.2293339 20.4246101 5.77999687
v -30.2293339 20.4246101 5.77999687
v -30.2293339 20.4246101 5.48000145
v -30.2293339 20.1950626 5.48000145
v -30.2293339 20.1950626 5.77999687
v -30.2293339 20.1950626 5.77999687
v -30.2293339 20.1950626 5.48000145
v -30.1375141 20.1950626 5.48000145
v -30.1375141 20.1950626 5.77999687
v -30.1375141 20.1950626 5.77999687
v -30.1375141 20.1950626 5.48000145
v -30.1375141 20.1067734 5.48000145
v -30.1375141 20.1067734 5.77999687
v -30.1375141 20.1067734 5.77999687
v -30.1375141 20.1067734 5.48000145
v -30.2293339 20.1067734 5.48000145
v -30.2293339 20.1067734 5.77999687
v -30.2293339 20.1067734 5.77999687
v -30.2293339 20.1067734 5.48000145
v -30.2293339 19.7759876 5.48000145
v -30.2293339 19.7759876 5.77999687
v -30.2293339 19.7759876 5.77999687
v -30.2293339 19.7759876 5.48000145
v -30.2157974 19.7350807 5.48000145
v -30.2157974 19.7350807 5.77999687
v -30.2157974 19.7350807 5.77999687
v -30.2157974 19.7350807 5.48000145
v -30.1846008 19.7241917 5.48000145
v -30.1846008 19.7241917 5.77999687
v -30.1846008 19.7241917 5.77999687
v -30.1846008 19.7241917 5.48000145
v -30.1484032 19.7294903 5.48000145
v -30.1484032 19.7294903 5.77999687
v -30.1484032 19.7294903 5.77999687
v -30.1484032 19.7294903 5.48000145
v -30.1175022 19.7418499 5.48000145
v -30.1175022 19.7418499 5.77999687
v -30.1175022 19.7418499 5.77999687
v -30.1175022 19.7418499 5.48000145
v -30.1033764 19.6476765 5.48000145
v -30.1033764 19.6476765 5.77999687
v -30.1033764 19.6476765 5.77999687
v -30.1033764 19.6476765 5.48000145
v -30.1382504 19.6347275 5.48000145
v -30.1382504 19.6347275 5.77999687
v -29.9959602 20.3180771 5.77999687
v -29.9959602 20.3180771 5.48000145
v -30.0139122 20.36693 5.48000145
v -30.0139122 20.36693 5.77999687
v -30.0139122 20.36693 5.77999687
v -30.0139122 20.36693 5.48000145
v -29.9959602 20.4172535 5.48000145
v -29.9959602 20.4172535 5.77999687
v -29.9959602 20.4172535 5.77999687
v -29.9959602 20.4172535 5.48000145
v -29.944458 20.4340286 5.48000145
v -29.944458 20.4340286 5.77999687
v -29.944458 20.4340286 5.77999687
v -29.944458 20.4340286 5.48000145
v -29.8933983 20.4172535 5.48000145
v -29.8933983 20.4172535 5.77999687
v -29.8933983 20.4172535 5.77999687
v -29.8933983 20.4172535 5.48000145
v -29.8750038 20.36693 5.48000145
v -29.8750038 20.36693 5.77999687
v -29.8750038 20.36693 5.77999687
v -29.8750038 20.36693 5.48000145
v -29.8933983 20.317194 5.48000145
v -29.8933983 20.317194 5.77999687
v -29.8933983 20.317194 5.77999687
v -29.8933983 20.317194 5.48000145
v -29.944458 20.3010082 5.48000145
v -29.944458 20.3010082 5.77999687
v -29.944458 20.3010082 5.77999687
v -29.944458 20.3010082 5.48000145
v -29.9959602 20.3180771 5.48000145
v -29.9959602 20.3180771 5.77999687
v -29.8914852 19.6347275 5.77999687
v -29.8914852 19.6347275 5.48000145
v -29.9974308 19.6347275 5.48000145
v -29.9974308 19.6347275 5.77999687
v -29.9974308 19.6347275 5.77999687
v -29.9974308 19.6347275 5.48000145
v -29.9974308 20.1950626 5.48000145
v -29.9974308 20.1950626 5.77999687
v -29.9974308 20.1950626 5.77999687
v -29.9974308 20.1950626 5.48000145
v -29.8914852 20.1950626 5.48000145
v -29.8914852 20.1950626 5.77999687
v -29.8914852 20.1950626 5.77999687
v -29.8914852 20.1950626 5.48000145
v -29.8914852 19.6347275 5.48000145
v -29.8914852 19.6347275 5.77999687
v -30.1375141 20.1067734 5.48000145
v -30.1375141 20.1950626 5.48000145
v -30.2293339 20.1950626 5.48000145
v -30.2293339 20.1067734 5.48000145
v -30.3352795 20.1950626 5.48000145
v -30.3352795 20.1067734 5.48000145
v -30.4082642 20.1950626 5.48000145
v -30.4082642 20.1067734 5.48000145
v -30.3352795 19.7759876 5.48000145
v -30.2293339 19.7759876 5.48000145
v -30.2895164 19.6565056 5.48000145
v -30.2157974 19.7350807 5.48000145
v -30.1846008 19.7241917 5.48000145
v -30.1033764 19.6476765 5.48000145
v -30.1951962 19.6288414 5.48000145
v -30.1382504 19.6347275 5.48000145
v -30.1484032 19.7294903 5.48000145
v -30.1175022 19.7418499 5.48000145
v -29.8933983 20.4172535 5.48000145
v -29.8750038 20.36693 5.48000145
v -29.8933983 20.317194 5.48000145
v -29.944458 20.4340286 5.48000145
v -29.944458 20.3010082 5.48000145
v -29.9959602 20.4172535 5.48000145
v -29.9959602 20.3180771 5.48000145
v -30.0139122 20.36693 5.48000145
v -29.9959602 20.4172535 5.48000145
v -29.8933983 20.4172535 5.48000145
v -29.944458 20.4340286 5.48000145
v -30.0139122 20.36693 5.48000145
v -29.8750038 20.36693 5.48000145
v -29.9959602 20.3180771 5.48000145
v -29.8933983 20.317194 5.48000145
v -29.944458 20.3010082 5.48000145
v -30.3352795 20.1067734 5.48000145
v -30.1375141 20.1067734 5.48000145
v -30.4082642 20.1067734 5.48000145
v -30.2293339 20.1067734 5.48000145
v -30.8232193 20.1887341 5.48000193
v -30.5658588 20.1526833 5.48000145
v -30.7119751 20.2009468 5.48000193
v -30.8920822 20.1668091 5.48000193
v -30.8148308 20.092207 5.48000193
v -30.8803101 20.070282 5.48000193
v -30.7237473 20.1044197 5.48000193
v -30.6498795 20.0836716 5.48000193
v -30.5142097 20.0125999 5.48000145
v -30.6201553 20.0125999 5.48000193
v -30.6201553 19.9443245 5.48000145
v -30.5142097 19.6347275 5.48000145
v -30.6201553 19.8242512 5.48000145
v -30.6201553 19.805418 5.48000145
v -30.6537056 19.8770771 5.48000193
v -30.6519394 19.7503853 5.48000145
v -30.8888454 19.9435883 5.48000193
v -30.6718044 19.9761066 5.48000193
v -30.7508221 19.9902344 5.48000193
v -30.7296333 19.8972359 5.48000193
v -30.8015881 19.877224 5.48000193
v -30.9438782 19.8077717 5.48000193
v -30.8320465 19.8077717 5.48000193
v -30.8945847 19.675045 5.48000193
v -30.8002625 19.7440567 5.48000193
v -30.7296333 19.7253685 5.48000193
v -30.6201553 19.6841679 5.48000145
v -30.6201553 19.6347275 5.48000145
v -30.664299 19.6490002 5.48000145
v -30.7543526 19.6288414 5.48000193
v -31.5571861 19.6347275 5.48000193
v -31.3217506 19.6347275 5.48000193
v -31.1231041 19.6991768 5.48000193
v -31.3182201 19.7406731 5.48000193
v -31.209774 19.7756939 5.48000193
v -31.1675415 19.8760471 5.48000193
v -31.0498238 19.8784027 5.48000193
v -31.2102146 19.9818459 5.48000193
v -31.0846977 19.9981804 5.48000193
v -31.3182201 20.0196629 5.48000193
v -31.4453545 19.7406731 5.48000193
v -31.17696 20.0738125 5.48000193
v -31.4453545 20.0196629 5.48000193
v -31.3182201 20.1256084 5.48000193
v -31.0898476 20.1422367 5.48000193
v -31.4453545 20.1256084 5.48000193
v -31.2131577 20.1572456 5.48000193
v -31.1734276 20.2515659 5.48000193
v -31.0557098 20.257452 5.48000193
v -31.209919 20.3467693 5.48000193
v -31.4453545 20.3775234 5.48000193
v -31.121191 20.4229927 5.48000193
v -31.3029175 20.3775234 5.48000193
v -31.5571861 20.483469 5.48000193
v -31.3040924 20.483469 5.48000193
v -32.3622246 20.1266384 5.4800024
v -32.0181961 20.1263447 5.48000193
v -32.1928596 20.2009468 5.48000193
v -32.1928596 20.1067734 5.48000193
v -32.2724686 20.0757256 5.48000193
v -32.1028061 20.0686626 5.48000193
v -32.4318275 19.9101849 5.4800024
v -31.9574242 19.9290199 5.48000193
v -32.3176422 19.9572735 5.48000193
v -32.0692558 19.9572735 5.48000193
v -31.9574242 19.8725166 5.48000193
v -32.3176422 19.8725166 5.48000193
v -32.3570747 19.6966763 5.48000193
v -32.2689362 19.7623024 5.48000193
v -32.1752014 19.7289009 5.48000193
v -31.9856758 19.6676884 5.48000193
v -32.1763802 19.6288414 5.48000193
v -32.0669022 19.6394367 5.48000193
v -32.0748482 19.7415562 5.48000193
v -32.0045128 19.7701015 5.48000193
v -32.8656158 20.1597462 5.4800024
v -32.6104622 20.1902065 5.4800024
v -32.7108154 20.2009468 5.4800024
v -32.5401268 20.1679878 5.4800024
v -32.6251755 20.0954437 5.4800024
v -32.557785 20.0691051 5.4800024
v -32.7084618 20.1067734 5.4800024
v -32.7835083 20.0898514 5.4800024
v -32.9215317 20.0337887 5.4800024
v -32.8108749 20.0349655 5.4800024
v -32.7811508 19.9915581 5.4800024
v -32.8670883 19.916954 5.4800024
v -32.7108154 19.9666901 5.4800024
v -32.5875092 19.9188671 5.4800024
v -32.526001 19.7959995 5.4800024
v -32.6747665 19.8463249 5.4800024
v -32.7543716 19.8725166 5.4800024
v -32.6401863 19.7936459 5.4800024
v -32.575737 19.6722488 5.4800024
v -32.6699104 19.7422905 5.4800024
v -32.7367134 19.7289009 5.4800024
v -32.9203529 19.6688652 5.4800024
v -32.8261795 19.7409668 5.4800024
v -32.9015198 19.7689247 5.4800024
v -32.7367134 19.6288414 5.4800024
v -32.8488388 19.6431141 5.4800024
v -32.7802696 20.2739334 5.4800024
v -32.7955742 20.4599266 5.4800024
v -32.8897476 20.4599266 5.4800024
v -32.7237663 20.3551579 5.4800024
v -32.6672592 20.2739334 5.4800024
v -32.557785 20.4599266 5.4800024
v -32.6519585 20.4599266 5.4800024
v -33.3600273 20.1887341 5.4800024
v -33.1026688 20.1526833 5.4800024
v -33.2487869 20.2009487 5.4800024
v -33.428894 20.1668091 5.4800024
v -33.3516426 20.092207 5.4800024
v -33.4171219 20.070282 5.4800024
v -33.2605591 20.1044197 5.4800024
v -33.1866913 20.0836716 5.4800024
v -33.0510216 20.0125999 5.4800024
v -33.1569672 20.0125999 5.4800024
v -33.1569672 19.9443245 5.4800024
v -33.0510216 19.6347275 5.4800024
v -33.1569672 19.8242531 5.4800024
v -33.1569672 19.805418 5.4800024
v -33.1905136 19.8770771 5.4800024
v -33.1887512 19.7503853 5.4800024
v -33.4256554 19.9435883 5.4800024
v -33.2086143 19.9761066 5.4800024
v -33.287632 19.9902344 5.4800024
v -33.2664413 19.8972378 5.4800024
v -33.338398 19.8772259 5.4800024
v -33.48069 19.8077717 5.4800024
v -33.3688583 19.8077717 5.4800024
v -33.4313965 19.675045 5.4800024
v -33.3370743 19.7440567 5.4800024
v -33.2664413 19.7253704 5.4800024
v -33.1569672 19.6841679 5.4800024
v -33.1569672 19.6347275 5.4800024
v -33.2011108 19.6490002 5.4800024
v -33.2911644 19.6288414 5.4800024
v -33.3041115 20.2739334 5.4800024
v -33.1098785 20.4599266 5.4800024
v -33.228775 20.4599266 5.4800024
v -33.2205315 20.2739334 5.4800024
v -34.1922913 20.1832905 5.4800024
v -34.0180664 20.1796112 5.4800024
v -34.1104774 20.2009487 5.4800024
v -34.2387886 20.1479759 5.4800024
v -33.9539108 20.1185455 5.4800024
v -34.1281357 20.1067734 5.4800024
v -34.2108307 20.0764618 5.4800024
v -34.2387886 19.9984741 5.4800024
v -34.3447342 19.6347275 5.4800024
v -34.2387886 19.6347275 5.4800024
v -34.2387886 20.1950626 5.4800024
v -34.3447342 20.1950626 5.4800024
v -33.8138275 20.1067734 5.4800024
v -34.0558853 20.0770512 5.4800024
v -33.8965225 20.0764618 5.4800024
v -34.030426 19.999651 5.4800024
v -33.9244843 19.9984741 5.4800024
v -34.030426 19.6347275 5.4800024
v -33.9244843 19.6347275 5.4800024
v -33.6621208 20.1482697 5.4800024
v -33.8927002 20.1756382 5.4800024
v -33.7961693 20.2009487 5.4800024
v -33.741581 20.0770512 5.4800024
v -33.6101761 20.0020046 5.4800024
v -33.7161217 19.999651 5.4800024
v -33.6101761 19.6347275 5.4800024
v -33.7161217 19.6347275 5.4800024
v -34.9068336 20.1356144 5.48000288
v -34.552063 20.1356144 5.4800024
v -34.7296677 20.2009487 5.48000288
v -34.7296677 20.1067734 5.48000288
v -34.8328209 20.0580692 5.48000288
v -34.6265182 20.0580692 5.48000288
v -34.9851151 19.9148941 5.48000288
v -34.8732834 19.9148941 5.48000288
v -34.4742241 19.9148941 5.4800024
v -34.5860558 19.9148941 5.4800024
v -34.6269608 19.7764301 5.4800024
v -34.9085999 19.6941738 5.48000288
v -34.5511818 19.6941738 5.4800024
v -34.8319359 19.7764301 5.48000288
v -34.7296677 19.7289009 5.48000288
v -34.7296677 19.6288414 5.48000288
v -35.591362 20.3775234 5.48000288
v -35.0675201 20.483469 5.48000288
v -35.591362 20.483469 5.48000288
v -35.0675201 20.3775234 5.48000288
v -35.3853569 19.6347275 5.48000288
v -35.2735252 20.3775234 5.48000288
v -35.3853569 20.3775234 5.48000288
v -35.2735252 19.6347275 5.48000288
v -36.2888374 20.1887341 5.48000288
v -36.0314751 20.1526833 5.48000288
v -36.1775932 20.2009487 5.48000288
v -36.3577003 20.1668091 5.48000336
v -36.2804489 20.092207 5.48000288
v -36.3459282 20.070282 5.48000288
v -36.1893654 20.1044197 5.48000288
v -36.1154976 20.0836716 5.48000288
v -35.9798279 20.0125999 5.48000288
v -36.0857735 20.0125999 5.48000288
v -36.0857735 19.9443245 5.48000288
v -35.9798279 19.6347275 5.48000288
v -36.0857735 19.8242531 5.48000288
v -36.0857735 19.805418 5.48000288
v -36.1193237 19.8770771 5.48000288
v -36.1175575 19.7503853 5.48000288
v -36.2164383 19.9902344 5.48000288
v -36.1374207 19.9761086 5.48000288
v -36.1952515 19.8972378 5.48000288
v -36.3544617 19.9435883 5.48000288
v -36.2672043 19.8772259 5.48000288
v -36.4094963 19.8077717 5.48000336
v -36.2976646 19.8077717 5.48000288
v -36.3602028 19.675045 5.48000288
v -36.2658806 19.7440567 5.48000288
v -36.1952515 19.7253704 5.48000288
v -36.0857735 19.6841679 5.48000288
v -36.0857735 19.6347275 5.48000288
v -36.1299171 19.6490002 5.48000288
v -36.2199707 19.6288414 5.48000288
v -36.7120323 20.4128399 5.48000336
v -36.6060867 20.1950626 5.48000336
v -36.6060867 20.4246101 5.48000336
v -36.7120323 20.1950626 5.48000336
v -36.7850151 20.1067734 5.48000336
v -36.7850151 20.1950626 5.48000336
v -36.514267 20.1950626 5.48000336
v -36.514267 20.1067734 5.48000336
v -36.7120323 19.7759876 5.48000336
v -36.6060867 20.1067734 5.48000336
v -36.7120323 20.1067734 5.48000336
v -36.6060867 19.7759876 5.48000336
v -36.6662674 19.6565056 5.48000336
v -36.5925484 19.7350807 5.48000336
v -36.5613518 19.7241917 5.48000336
v -36.4801254 19.6476765 5.48000336
v -36.5719452 19.6288414 5.48000336
v -36.5149994 19.6347275 5.48000336
v -36.5251541 19.7294903 5.48000336
v -36.4942551 19.7418499 5.48000336
v -36.9954338 20.4172535 5.48000336
v -36.8928757 20.4172535 5.48000336
v -36.9439354 20.4340286 5.48000336
v -37.0133858 20.36693 5.48000336
v -36.8744812 20.36693 5.48000336
v -36.9954338 20.3180771 5.48000336
v -36.8928757 20.317194 5.48000336
v -36.9439354 20.3010082 5.48000336
v -36.9969063 19.6347275 5.48000336
v -36.8909607 20.1950626 5.48000336
v -36.9969063 20.1950626 5.48000336
v -36.8909607 19.6347275 5.48000336
v -37.5207481 20.1067734 5.48000336
v -37.1028519 20.1950626 5.48000336
v -37.5207481 20.1950626 5.48000336
v -37.2653008 20.1067734 5.48000336
v -37.3582993 19.7289009 5.48000336
v -37.5325203 19.6347275 5.48000336
v -37.1158028 19.7289009 5.48000336
v -37.1158028 19.6347275 5.48000336
v -37.8397636 19.6347275 5.48000336
v -37.7338181 20.1950626 5.48000336
v -37.8397636 20.1950626 5.48000336
v -37.7338181 20.1314945 5.48000336
v -37.7338181 19.9984741 5.48000336
v -37.7338181 19.6347275 5.48000336
v -37.7135124 20.0671921 5.48000336
v -37.6596565 20.0926476 5.48000336
v -37.6205139 20.0877914 5.48000336
v -37.6971779 20.1799068 5.48000336
v -37.6314049 20.2009487 5.48000336
v -37.5937347 20.0785217 5.48000336
v -37.5796089 20.1903534 5.48000336
v -38.374054 20.1266384 5.48000336
v -38.0300217 20.1263447 5.48000336
v -38.2046852 20.2009487 5.48000336
v -38.2046852 20.1067734 5.48000336
v -38.2842941 20.0757256 5.48000336
v -38.1146317 20.0686626 5.48000336
v -38.4436531 19.9101868 5.48000336
v -37.9692535 19.9290199 5.48000336
v -38.3294678 19.9572735 5.48000336
v -38.0810852 19.9572735 5.48000336
v -37.9692535 19.8725166 5.48000336
v -38.3294678 19.8725166 5.48000336
v -38.3689041 19.6966763 5.48000336
v -38.2807617 19.7623043 5.48000336
v -38.1870308 19.7289009 5.48000336
v -37.9975052 19.6676884 5.48000336
v -38.1882057 19.6288414 5.48000336
v -38.0787277 19.6394367 5.48000336
v -38.0866737 19.7415562 5.48000336
v -38.0163383 19.7701015 5.48000336
v -38.7979813 19.6347275 5.48000383
v -38.8850937 20.1950626 5.48000383
v -39.0028114 20.1950626 5.48000383
v -38.7461853 19.7759876 5.48000383
v -38.6955681 19.6347275 5.48000383
v -38.4907417 20.1950626 5.48000336
v -38.6084557 20.1950626 5.48000383
v -39.1896858 20.4172535 5.48000383
v -39.0871239 20.4172535 5.48000383
v -39.1381836 20.4340286 5.48000383
v -39.2076378 20.36693 5.48000383
v -39.0687332 20.36693 5.48000383
v -39.1896858 20.3180771 5.48000383
v -39.0871239 20.317194 5.48000383
v -39.1381836 20.3010082 5.48000383
v -39.1911583 19.6347275 5.48000383
v -39.0852127 20.1950626 5.48000383
v -39.1911583 20.1950626 5.48000383
v -39.0852127 19.6347275 5.48000383
v -39.6237717 20.1832905 5.48000383
v -39.4079056 20.1482697 5.48000383
v -39.5419579 20.2009487 5.48000383
v -39.670269 20.1479759 5.48000383
v -39.5596123 20.1067734 5.48000383
v -39.4873657 20.0770512 5.48000383
v -39.3559608 20.0020065 5.48000383
v -39.4619102 19.999651 5.48000383
v -39.3559647 19.6347275 5.48000383
v -39.4619102 19.6347275 5.48000383
v -39.6423111 20.0764618 5.48000383
v -39.670269 19.9984741 5.48000383
v -39.7762146 19.6347275 5.48000383
v -39.670269 19.6347275 5.48000383
v -39.670269 20.1950626 5.48000383
v -39.7762146 20.1950626 5.48000383
v -40.4695702 19.9278431 5.48000431
v -40.3577385 20.4834709 5.48000431
v -40.4695702 20.4834709 5.48000431
v -40.3577385 19.9325523 5.48000383
v -40.3247757 19.7846699 5.48000383
v -40.4071808 19.705946 5.48000383
v -40.2035294 19.734787 5.48000383
v -40.0016441 19.705946 5.48000383
v -40.2035294 19.6288414 5.48000383
v -40.0840454 19.7846699 5.48000383
v -39.9410172 19.9278431 5.48000383
v -40.0528488 19.9325523 5.48000383
v -39.9410172 20.4834709 5.48000383
v -40.0528488 20.4834709 5.48000383
v -42.1712341 20.3907337 5.77999973
v -42.0763435 19.1083927 5.77999926
v -42.1712341 19.1874676 5.77999926
v -42.0763435 20.3050709 5.77999973
v -41.9274178 19.1083927 5.77999926
v -41.9274178 20.3050709 5.77999926
v -41.0483589 20.6226921 5.77999926
v -41.0483589 19.4049263 5.77999926
v -41.9274178 20.3050709 5.77999926
v -42.1712341 19.1874676 5.77999926
v -42.1712341 19.1874676 5.48000383
v -42.1712341 20.3907356 5.48000383
v -42.1712341 20.3907337 5.77999973
v -41.0483589 19.4049263 5.77999926
v -41.0483589 19.4049263 5.48000336
v -41.9274178 19.1083927 5.48000383
v -41.9274178 19.1083927 5.77999926
v -41.2724075 20.7465763 5.77999926
v -42.1712341 20.7465763 5.77999973
v -42.1712341 20.7465763 5.48000383
v -41.2724075 20.7465763 5.48000383
v -42.0763435 20.3050709 5.77999973
v -42.0763435 20.3050709 5.48000383
v -41.9274178 20.3050709 5.48000383
v -41.9274178 20.3050709 5.77999926
v -41.9274178 19.1083927 5.77999926
v -41.9274178 19.1083927 5.48000383
v -42.0763435 19.1083927 5.48000383
v -42.0763435 19.1083927 5.77999926
v -42.1712341 20.4250011 5.77999973
v -41.2724075 20.7465763 5.77999926
v -41.2724075 20.7465763 5.48000383
v -42.1712341 20.4250011 5.48000383
v -41.9274178 20.3050709 5.77999926
v -41.9274178 20.3050709 5.48000383
v -41.0483589 20.6226921 5.48000383
v -41.0483589 20.6226921 5.77999926
v -42.0763435 19.1083927 5.77999926
v -42.0763435 19.1083927 5.48000383
v -42.1712341 19.1874676 5.48000383
v -42.1712341 19.1874676 5.77999926
v -41.0483589 20.6226921 5.77999926
v -41.0483589 20.6226921 5.48000383
v -41.0483589 19.4049263 5.48000336
v -41.0483589 19.4049263 5.77999926
v -42.1712341 20.7465763 5.77999973
v -42.1712341 20.4250011 5.77999973
v -42.1712341 20.4250011 5.48000383
v -42.1712341 20.7465763 5.48000383
v -42.1712341 20.3907337 5.77999973
v -42.1712341 20.3907356 5.48000383
v -42.0763435 20.3050709 5.48000383
v -42.0763435 20.3050709 5.77999973
v -41.9274178 19.1083927 5.48000383
v -41.0483589 19.4049263 5.48000336
v -41.0483589 20.6226921 5.48000383
v -41.9274178 20.3050709 5.48000383
v -42.0763435 20.3050709 5.48000383
v -42.0763435 19.1083927 5.48000383
v -42.1712341 20.3907356 5.48000383
v -42.1712341 19.1874676 5.48000383
v 121.755302 2.95789981 18.5325413
v 121.935768 2.95789981 18.4418926
v 121.928421 3.99243045 18.4758377
v 121.781731 3.99243426 18.5494652
v 122.077843 2.95789981 18.5855427
v 121.984947 2.95789981 18.765007
v 121.968414 3.99243426 18.7383823
v 122.043747 3.99243426 18.5925159
v 121.785706 2.95789981 18.7321892
v 121.755302 2.95789981 18.5325413
v 121.781731 3.99243426 18.5494652
v 121.806366 3.99243426 18.7117176
v 121.935768 2.95789981 18.4418926
v 122.077843 2.95789981 18.5855427
v 122.043747 3.99243426 18.5925159
v 121.928421 3.99243045 18.4758377
v 121.984947 2.95789981 18.765007
v 121.785706 2.95789981 18.7321892
v 121.806366 3.99243426 18.7117176
v 121.968414 3.99243426 18.7383823
v 115.607269 3.67993855 19.1525078
v 116.667938 3.67993832 18.2084179
v 115.58226 3.67993832 18.0564137
v 116.692902 3.67993832 19.3044395
v 116.174263 2.95790005 18.5125694
v 116.308632 2.95790005 18.6634541
v 116.274223 3.9924345 18.6686783
v 116.165146 3.99243069 18.5460777
v 116.308632 2.95790005 18.6634541
v 116.206512 2.95790005 18.8378563
v 116.191414 3.9924345 18.8103466
v 116.274223 3.9924345 18.6686783
v 115.989311 2.95790005 18.593729
v 116.174263 2.95790005 18.5125694
v 116.165146 3.99243069 18.5460777
v 116.014786 3.9924345 18.6119461
v 116.009277 2.95790005 18.7946701
v 115.989311 2.95790005 18.593729
v 116.014786 3.9924345 18.6119461
v 116.030952 3.9924345 18.7752857
v 116.206512 2.95790005 18.8378563
v 116.009277 2.95790005 18.7946701
v 116.030952 3.9924345 18.7752857
v 116.191414 3.9924345 18.8103466
v 86.0415878 2.23010635 18.8481808
v 85.8423538 2.23010635 18.8153648
v 85.8630066 3.26464462 18.7948933
v 86.0250549 3.26464462 18.8215561
v 85.8119431 2.23010635 18.6157188
v 85.9924088 2.23010635 18.5250664
v 85.9850693 3.26464081 18.5590115
v 85.8383789 3.26464462 18.6326408
v 85.9924088 2.23010635 18.5250664
v 86.1344833 2.23010635 18.6687183
v 86.1003952 3.26464462 18.6756935
v 85.9850693 3.26464081 18.5590115
v 85.8423538 2.23010635 18.8153648
v 85.8119431 2.23010635 18.6157188
v 85.8383789 3.26464462 18.6326408
v 85.8630066 3.26464462 18.7948933
v 86.1344833 2.23010635 18.6687183
v 86.0415878 2.23010635 18.8481808
v 86.0250549 3.26464462 18.8215561
v 86.1003952 3.26464462 18.6756935
v 92.2029648 2.67413712 18.9992485
v 92.1725616 2.67413712 18.7996006
v 92.1989975 3.70867538 18.8165226
v 92.2236252 3.70867538 18.978775
v 92.3530273 2.67413688 18.7089481
v 92.4951019 2.67413712 18.8526001
v 92.4610062 3.70867538 18.8595734
v 92.3456955 3.70867157 18.7428951
v 92.1725616 2.67413712 18.7996006
v 92.3530273 2.67413688 18.7089481
v 92.3456955 3.70867157 18.7428951
v 92.1989975 3.70867538 18.8165226
v 92.4951019 2.67413712 18.8526001
v 92.4022064 2.67413712 19.0320644
v 92.3856735 3.70867538 19.0054379
v 92.4610062 3.70867538 18.8595734
v 92.4022064 2.67413712 19.0320644
v 92.2029648 2.67413712 18.9992485
v 92.2236252 3.70867538 18.978775
v 92.3856735 3.70867538 19.0054379
v 97.7308807 2.67413688 18.5831223
v 97.9113541 2.67413688 18.4924126
v 97.9040222 3.70867133 18.5263557
v 97.7573318 3.70867515 18.599987
v 98.053421 2.67413688 18.6361237
v 97.9605255 2.67413688 18.8155861
v 97.9440002 3.70867515 18.7889023
v 98.0193253 3.70867515 18.6430969
v 97.9605255 2.67413688 18.8155861
v 97.7612839 2.67413688 18.7827702
v 97.7819443 3.70867515 18.7622986
v 97.9440002 3.70867515 18.7889023
v 97.9113541 2.67413688 18.4924126
v 98.053421 2.67413688 18.6361237
v 98.0193253 3.70867515 18.6430969
v 97.9040222 3.70867133 18.5263557
v 97.7612839 2.67413688 18.7827702
v 97.7308807 2.67413688 18.5831223
v 97.7573318 3.70867515 18.599987
v 97.7819443 3.70867515 18.7622986
v 103.691711 2.67413664 19.0595684
v 103.492477 2.67413664 19.0267525
v 103.51313 3.70867491 19.0062771
v 103.675194 3.70867491 19.0328827
v 103.492477 2.67413664 19.0267525
v 103.462067 2.67413664 18.8271027
v 103.48851 3.70867491 18.8439674
v 103.51313 3.70867491 19.0062771
v 103.462067 2.67413664 18.8271027
v 103.642548 2.67413664 18.736393
v 103.635201 3.70867109 18.7703381
v 103.48851 3.70867491 18.8439674
v 103.642548 2.67413664 18.736393
v 103.784607 2.67413664 18.8801022
v 103.750519 3.70867491 18.8870773
v 103.635201 3.70867109 18.7703381
v 103.784607 2.67413664 18.8801022
v 103.691711 2.67413664 19.0595684
v 103.675194 3.70867491 19.0328827
v 103.750519 3.70867491 18.8870773
v 109.481766 3.39617848 19.2754726
v 110.491821 3.39617848 18.2773628
v 109.399651 3.39617848 18.1821899
v 110.573891 3.39617848 19.3705139
v 110.014633 2.6741364 18.606823
v 110.156708 2.6741364 18.750473
v 110.12262 3.70867467 18.7574482
v 110.007301 3.70867085 18.6407681
v 110.156708 2.6741364 18.750473
v 110.063812 2.6741364 18.9299374
v 110.047279 3.70867467 18.9033127
v 110.12262 3.70867467 18.7574482
v 109.834167 2.6741364 18.6974735
v 110.014633 2.6741364 18.606823
v 110.007301 3.70867085 18.6407681
v 109.860611 3.70867467 18.7143974
v 109.864578 2.6741364 18.8971214
v 109.834167 2.6741364 18.6974735
v 109.860611 3.70867467 18.7143974
v 109.885231 3.70867467 18.8766479
v 110.063812 2.6741364 18.9299374
v 109.864578 2.6741364 18.8971214
v 109.885231 3.70867467 18.8766479
v 110.047279 3.70867467 18.9033127
v 45.5049973 0 -5.77999973
v 45.5049973 18.8160267 -5.77999973
v -45.5050011 18.8160267 -5.77999973
v -45.5050011 0 -5.77999973
v 45.5049973 18.8160267 5.77999973
v -45.5050011 18.8160267 5.77999973
v -45.5050011 18.8160267 -5.77999973
v 45.5049973 18.8160267 -5.77999973
v -5.08045006 1.42404103 7.27999973
v -5.08045006 -0.225959063 10.5800018
v -5.08045006 0.774040937 10.5800018
v -5.08045006 2.42404127 7.27999973
v 5.62395859 1.42404103 7.28000164
v 5.6239624 -0.225959063 10.5800018
v 5.6239624 0.774040937 10.5800018
v 5.6239624 2.42404127 7.27999973
v -5.18045044 1.42404103 7.28000164
v -5.18045044 2.42404127 7.27999973
v -5.18045044 0.774040937 10.5800018
v -5.18045044 -0.225959063 10.5800018
v 5.6239624 0.774040937 10.5800018
v 5.52396393 0.774040937 10.5800018
v 5.52396393 2.42404127 7.27999973
v 5.6239624 2.42404127 7.27999973
v 5.52396393 1.42404103 7.27999973
v 5.52396393 2.42404127 7.27999973
v 5.52396393 0.774040937 10.5800018
v 5.52396202 -0.225959063 10.5800018
v 5.6239624 -0.225959063 10.5800018
v 5.52396202 -0.225959063 10.5800018
v 5.52396393 0.774040937 10.5800018
v 5.6239624 0.774040937 10.5800018
v -5.08045006 -0.225959063 10.5800018
v -5.18045044 -0.225959063 10.5800018
v -5.18045044 0.774040937 10.5800018
v -5.08045006 0.774040937 10.5800018
v -5.08045006 0.774040937 10.5800018
v -5.18045044 0.774040937 10.5800018
v -5.18045044 2.42404127 7.27999973
v -5.08045006 2.42404127 7.27999973
v -5.18045044 -0.475958586 5.77999973
v -5.18045044 -0.325959086 10.5800018
v -5.18045044 -0.475958586 10.5800056
v -5.18045044 -0.32595861 10.2800045
v -5.18045044 -0.225959182 10.2800045
v -5.18045044 -0.175958633 10.2800045
v -5.18045044 -0.175959229 9.98000145
v -5.18045044 -0.0759592056 9.98000145
v -5.18045044 -0.0259591341 9.98000145
v -5.18045044 -0.0259591341 9.68000221
v -5.18045044 0.0740408897 9.68000221
v -5.18045044 0.124040961 9.68000221
v -5.18045044 0.124040961 9.38000107
v -5.18045044 0.224040985 9.38000107
v -5.18045044 0.274040937 9.38000107
v -5.18045044 0.274040937 9.08000183
v -5.18045044 0.374040961 9.08000183
v -5.18045044 0.424040914 9.08000183
v -5.18045044 0.424041033 8.78000069
v -5.18045044 0.524041057 8.78000069
v -5.18045044 0.574041247 8.78000259
v -5.18045044 0.574041128 8.48000145
v -5.18045044 0.674041033 8.48000145
v -5.18045044 0.724040985 8.48000145
v -5.18045044 0.724040985 8.18000031
v -5.18045044 0.824041128 8.18000031
v -5.18045044 0.87404108 8.18000031
v -5.18045044 0.87404108 7.88000011
v -5.18045044 0.974041104 7.88000011
v -5.18045044 1.02404118 7.88000011
v -5.18045044 1.02404118 7.57999992
v -5.18045044 1.12404108 7.57999992
v -5.18045044 1.17404115 7.57999992
v -5.18045044 1.17404115 7.27999973
v -5.18045044 1.27404118 7.28000069
v -5.18045044 1.42404103 5.77999973
v -5.18045044 1.42404103 7.28000164
v 5.62395859 1.42404103 5.77999973
v 5.62395859 1.42404103 7.28000164
v -5.18045044 1.42404103 7.28000164
v -5.18045044 1.42404103 5.77999973
v 5.62395859 0.124040961 9.68000221
v 5.62395859 0.0740408897 9.68000221
v -5.18045044 0.0740408897 9.68000221
v -5.18045044 0.124040961 9.68000221
v 5.52396202 0.224040985 9.68000221
v -5.08045387 0.224040985 9.68000221
v -5.18045044 0.224040985 9.68000221
v 5.62395859 0.824041128 8.18000031
v -5.18045044 0.824041128 8.18000031
v -5.18045044 0.87404108 8.18000031
v 5.62395859 0.87404108 8.18000031
v 5.52396202 0.974041104 8.18000031
v -5.08045387 0.974041104 8.18000031
v -5.18045044 0.974041104 8.18000031
v 5.62395859 0.974041104 7.88000011
v -5.18045044 0.974041104 7.88000011
v -5.18045044 1.02404118 7.88000011
v 5.62395859 1.02404118 7.88000011
v 5.52396202 1.12404108 7.88000011
v -5.08045387 1.12404108 7.88000011
v 5.62395859 1.12404108 7.57999992
v -5.18045044 1.12404108 7.57999992
v -5.18045044 1.17404115 7.57999992
v 5.62395859 1.17404115 7.57999992
v 5.52396202 1.27404106 7.57999992
v -5.08045387 1.27404106 7.57999992
v 5.62395859 1.27404118 7.27999973
v -5.18045044 1.27404118 7.28000069
v -5.18045044 1.42404103 7.28000164
v 5.62395859 1.42404103 7.28000164
v -5.18045044 0.524041057 8.78000069
v 5.62395859 0.574041009 8.78000069
v 5.62395859 0.524041057 8.78000069
v -5.18045044 0.574041247 8.78000259
v 5.52396202 0.674041033 8.78000069
v -5.08045387 0.674041033 8.78000069
v -5.18045044 1.12404108 7.88000011
v -5.18045044 1.02404118 7.88000011
v -5.18045044 1.02404118 7.57999992
v -5.18045044 1.12404108 7.57999992
v -5.18045044 0.974041104 8.18000031
v -5.18045044 0.87404108 8.18000031
v -5.18045044 0.87404108 7.88000011
v -5.18045044 0.974041104 7.88000011
v -5.18045044 0.824041128 8.48000145
v -5.18045044 0.724040985 8.48000145
v -5.18045044 0.724040985 8.18000031
v -5.18045044 0.824041128 8.18000031
v -5.18045044 1.27404106 7.57999992
v -5.18045044 1.17404115 7.57999992
v -5.18045044 1.17404115 7.27999973
v -5.18045044 1.27404118 7.28000069
v -5.18045044 0.674041033 8.78000069
v -5.18045044 0.574041247 8.78000259
v -5.18045044 0.574041128 8.48000145
v -5.18045044 0.674041033 8.48000145
v -5.18045044 0.524040937 9.08000183
v -5.18045044 0.424040914 9.08000183
v -5.18045044 0.424041033 8.78000069
v -5.18045044 0.524041057 8.78000069
v -5.18045044 0.224040985 9.68000221
v -5.18045044 0.124040961 9.68000221
v -5.18045044 0.124040961 9.38000107
v -5.18045044 0.224040985 9.38000107
v -5.18045044 0.0740408897 9.98000145
v -5.18045044 -0.0259591341 9.98000145
v -5.18045044 -0.0259591341 9.68000221
v -5.18045044 0.0740408897 9.68000221
v -5.18045044 -0.0759592056 10.2800026
v -5.18045044 -0.175958633 10.2800045
v -5.18045044 -0.175959229 9.98000145
v -5.18045044 -0.0759592056 9.98000145
v -5.08045006 -0.225959063 10.5800018
v -5.18045044 -0.325959086 10.5800018
v -5.18045044 -0.225959063 10.5800018
v 5.52396202 -0.225959063 10.5800018
v 5.62395859 -0.325959086 10.5800018
v 5.62395859 -0.475958586 10.5800056
v -5.18045044 -0.325959086 10.5800018
v -5.18045044 -0.475958586 10.5800056
v -5.18045044 -0.225959063 10.5800018
v -5.18045044 -0.325959086 10.5800018
v -5.18045044 -0.32595861 10.2800045
v -5.18045044 -0.225959182 10.2800045
v -5.18045044 0.374040961 9.38000107
v -5.18045044 0.274040937 9.38000107
v -5.18045044 0.274040937 9.08000183
v -5.18045044 0.374040961 9.08000183
v 5.62395859 1.12404108 7.57999992
v 5.52396202 1.12404108 7.88000011
v -5.08045387 1.12404108 7.88000011
v -5.18045044 1.12404108 7.57999992
v 5.62395859 0.974041104 7.88000011
v -5.08045387 0.974041104 8.18000031
v -5.18045044 0.974041104 7.88000011
v 5.52396202 0.974041104 8.18000031
v 5.62395859 0.974041104 8.18000031
v 5.62395859 0.824041128 8.18000031
v 5.52396202 0.824041128 8.48000145
v -5.08045387 0.824041128 8.48000145
v -5.18045044 0.824041128 8.18000031
v 5.62395859 0.674041033 8.48000145
v -5.08045387 0.674041033 8.78000069
v -5.18045044 0.674041033 8.48000145
v 5.52396202 0.674041033 8.78000069
v 5.62395859 0.674041033 8.78000069
v 5.62395859 0.524041057 8.78000069
v 5.52396202 0.524040937 9.08000183
v -5.08045387 0.524040937 9.08000183
v -5.18045044 0.524041057 8.78000069
v 5.62395859 0.374040961 9.08000183
v 5.52396202 0.374040961 9.38000107
v -5.08045387 0.374040961 9.38000107
v -5.18045044 0.374040961 9.08000183
v 5.62395859 0.224040985 9.38000107
v 5.52396202 0.224040985 9.68000221
v -5.08045387 0.224040985 9.68000221
v -5.18045044 0.224040985 9.38000107
v 5.62395859 0.0740408897 9.68000221
v -5.08045387 0.0740408897 9.98000145
v -5.18045044 0.0740408897 9.68000221
v 5.52396202 0.0740408897 9.98000145
v 5.62395859 0.0740408897 9.98000145
v 5.62395859 -0.0759592056 9.98000145
v -5.18045044 -0.0759592056 9.98000145
v -5.18045044 -0.0259591341 9.98000145
v 5.62395859 -0.0259591341 9.98000145
v 5.52396202 0.0740408897 9.98000145
v -5.08045387 0.0740408897 9.98000145
v -5.18045044 0.724040985 8.48000145
v -5.08045387 0.824041128 8.48000145
v 5.52396202 0.824041128 8.48000145
v 5.62395859 0.724040985 8.48000145
v 5.62395859 0.674041033 8.48000145
v -5.18045044 0.674041033 8.48000145
v -5.18045044 0.424040914 9.08000183
v -5.08045387 0.524040937 9.08000183
v 5.52396202 0.524040937 9.08000183
v 5.62395859 0.424040914 9.08000183
v -5.18045044 0.374040961 9.08000183
v 5.62395859 0.374040961 9.08000183
v -5.18045044 0.274040937 9.38000107
v -5.08045387 0.374040961 9.38000107
v 5.52396202 0.374040961 9.38000107
v 5.62395859 0.274040937 9.38000107
v -5.18045044 0.224040985 9.38000107
v 5.62395859 0.224040985 9.38000107
v -5.18045044 -0.175958633 10.2800045
v -5.08045387 -0.0759592056 10.2800026
v 5.52396202 -0.0759592056 10.2800026
v 5.62395859 -0.175958633 10.2800045
v 5.62395859 -0.225959182 10.2800045
v -5.18045044 -0.225959182 10.2800045
v 5.62395859 -0.0759592056 9.98000145
v 5.52396202 -0.0759592056 10.2800026
v -5.08045387 -0.0759592056 10.2800026
v -5.18045044 -0.0759592056 9.98000145
v 5.62395859 1.27404118 7.27999973
v 5.52396202 1.27404106 7.57999992
v -5.08045387 1.27404106 7.57999992
v -5.18045044 1.27404118 7.28000069
v 5.62395859 -0.475958586 5.77999973
v 5.62395859 -0.475958586 10.5800056
v 5.62395859 -0.325959086 10.5800018
v 5.62395859 -0.32595861 10.2800045
v 5.62395859 -0.225959182 10.2800045
v 5.62395859 -0.175958633 10.2800045
v 5.62395859 -0.175959229 9.98000145
v 5.62395859 -0.0759592056 9.98000145
v 5.62395859 -0.0259591341 9.98000145
v 5.62395859 -0.0259591341 9.68000221
v 5.62395859 0.0740408897 9.68000221
v 5.62395859 0.124040961 9.68000221
v 5.62395859 0.124040961 9.38000107
v 5.62395859 0.224040985 9.38000107
v 5.62395859 0.274040937 9.38000107
v 5.62395859 0.274040937 9.08000183
v 5.62395859 0.374040961 9.08000183
v 5.62395859 0.424040914 9.08000183
v 5.62395859 0.424041033 8.78000069
v 5.62395859 0.524041057 8.78000069
v 5.62395859 0.574041009 8.78000069
v 5.62395859 0.574041128 8.48000145
v 5.62395859 0.674041033 8.48000145
v 5.62395859 0.724040985 8.48000145
v 5.62395859 0.724040985 8.18000031
v 5.62395859 0.824041128 8.18000031
v 5.62395859 0.87404108 8.18000031
v 5.62395859 0.87404108 7.88000011
v 5.62395859 0.974041104 7.88000011
v 5.62395859 1.02404118 7.88000011
v 5.62395859 1.02404118 7.57999992
v 5.62395859 1.12404108 7.57999992
v 5.62395859 1.17404115 7.57999992
v 5.62395859 1.17404115 7.27999973
v 5.62395859 1.27404118 7.27999973
v 5.62395859 1.42404103 5.77999973
v 5.62395859 1.42404103 7.28000164
v 5.62395859 1.12404108 7.88000011
v 5.62395859 1.12404108 7.57999992
v 5.62395859 1.02404118 7.57999992
v 5.62395859 1.02404118 7.88000011
v 5.62395859 0.974041104 8.18000031
v 5.62395859 0.974041104 7.88000011
v 5.62395859 0.87404108 7.88000011
v 5.62395859 0.87404108 8.18000031
v 5.62395859 0.824041128 8.48000145
v 5.62395859 0.824041128 8.18000031
v 5.62395859 0.724040985 8.18000031
v 5.62395859 0.724040985 8.48000145
v 5.62395859 1.27404106 7.57999992
v 5.62395859 1.27404118 7.27999973
v 5.62395859 1.17404115 7.27999973
v 5.62395859 1.17404115 7.57999992
v 5.62395859 0.674041033 8.78000069
v 5.62395859 0.674041033 8.48000145
v 5.62395859 0.574041128 8.48000145
v 5.62395859 0.574041009 8.78000069
v 5.62395859 0.524040937 9.08000183
v 5.62395859 0.524041057 8.78000069
v 5.62395859 0.424041033 8.78000069
v 5.62395859 0.424040914 9.08000183
v 5.62395859 0.224040985 9.68000221
v 5.62395859 0.224040985 9.38000107
v 5.62395859 0.124040961 9.38000107
v 5.62395859 0.124040961 9.68000221
v 5.62395859 0.0740408897 9.98000145
v 5.62395859 0.0740408897 9.68000221
v 5.62395859 -0.0259591341 9.68000221
v 5.62395859 -0.0259591341 9.98000145
v 5.62395859 -0.0759592056 10.2800026
v 5.62395859 -0.0759592056 9.98000145
v 5.62395859 -0.175959229 9.98000145
v 5.62395859 -0.175958633 10.2800045
v 5.6239624 -0.225959063 10.5800018
v 5.62395859 -0.225959182 10.2800045
v 5.62395859 -0.32595861 10.2800045
v 5.62395859 -0.325959086 10.5800018
v 5.62395859 0.374040961 9.38000107
v 5.62395859 0.374040961 9.08000183
v 5.62395859 0.274040937 9.08000183
v 5.62395859 0.274040937 9.38000107
v -5.18045044 -0.225959182 10.2800045
v 5.62395859 -0.225959182 10.2800045
v 5.52396202 -0.225959063 10.5800018
v -5.08045006 -0.225959063 10.5800018
v -4.8804512 4.0485363 7.27999973
v -4.8804512 1.42404115 7.27999973
v -5.18045044 1.42404103 7.28000164
v -5.18045044 4.5485363 7.27999973
v 5.32396317 4.5485363 6.97999954
v 5.32396317 4.34853601 6.97999954
v 5.32396317 4.34853601 5.77999973
v 5.32396317 4.5485363 5.77999973
v -2.17955208 4.34853601 5.77999973
v 2.62306404 4.34853601 5.77999973
v 2.62306404 4.34853601 6.97999954
v -2.17955208 4.34853601 6.97999954
v -2.17955208 4.0485363 7.27999973
v -2.17955208 4.0485363 5.77999973
v -4.8804512 4.0485363 5.77999973
v -4.8804512 4.0485363 7.27999973
v 2.62306404 4.0485363 5.77999973
v -2.17955208 4.0485363 5.77999973
v 2.62306404 4.0485363 7.27999973
v 5.32396317 4.0485363 5.77999973
v 5.32396317 4.0485363 7.27999973
v -4.8804512 4.0485363 7.27999973
v -4.8804512 1.42404115 5.77999973
v -4.8804512 1.42404115 7.27999973
v -4.8804512 3.56541157 5.77999973
v -4.8804512 4.0485363 5.77999973
v 5.32396317 4.0485363 7.27999973
v 5.6239624 4.5485363 7.27999973
v 5.62395859 1.42404103 7.28000164
v 5.32396317 1.42404103 7.27999973
v 2.62306404 4.5485363 6.97999954
v 2.62306404 4.34853601 6.97999954
v 5.32396317 4.34853601 6.97999954
v 5.32396317 4.5485363 6.97999954
v 5.32396317 4.0485363 7.27999973
v 5.32396317 1.42404103 7.27999973
v 5.32396317 1.42404115 5.77999973
v 5.32396317 3.56541157 5.77999973
v -4.8804512 4.5485363 6.97999954
v -5.18045044 4.5485363 7.27999973
v -5.18045044 4.5485363 5.77999973
v -4.8804512 4.5485363 5.77999973
v 5.32396317 4.5485363 5.77999973
v 5.6239624 4.5485363 5.77999973
v 5.6239624 4.5485363 7.27999973
v 5.32396317 4.5485363 6.97999954
v 2.62306404 4.5485363 6.97999954
v -2.17955208 4.5485363 6.97999954
v -2.17955208 4.34853601 6.97999954
v 2.62306404 4.34853601 6.97999954
v -2.17955208 4.5485363 6.97999954
v -5.18045044 4.5485363 7.27999973
v -4.8804512 4.5485363 6.97999954
v -2.17955208 4.5485363 7.27999973
v 2.62306404 4.5485363 6.97999954
v 2.62306404 4.5485363 7.27999973
v 5.32396317 4.5485363 6.97999954
v 5.6239624 4.5485363 7.27999973
v -4.8804512 4.5485363 5.77999973
v -4.8804512 4.34853601 5.77999973
v -4.8804512 4.34853601 6.97999954
v -4.8804512 4.5485363 6.97999954
v -2.17955208 4.5485363 5.77999973
v -2.17955208 4.34853601 5.77999973
v -4.8804512 4.34853601 5.77999973
v -4.8804512 4.5485363 5.77999973
v 2.62306404 4.5485363 5.77999973
v 2.62306404 4.34853601 5.77999973
v -2.17955208 4.34853601 5.77999973
v -2.17955208 4.5485363 5.77999973
v -5.18045044 1.42404103 5.77999973
v -5.18045044 4.5485363 5.77999973
v -5.18045044 4.5485363 7.27999973
v -5.18045044 1.42404103 7.28000164
v 2.62306404 4.0485363 7.27999973
v -2.17955208 4.0485363 7.27999973
v -2.17955208 4.5485363 7.27999973
v 2.62306404 4.5485363 7.27999973
v -4.8804512 4.5485363 6.97999954
v -4.8804512 4.34853601 6.97999954
v -2.17955208 4.34853601 6.97999954
v -2.17955208 4.5485363 6.97999954
v -4.8804512 4.34853601 5.77999973
v -2.17955208 4.34853601 5.77999973
v -2.17955208 4.34853601 6.97999954
v -4.8804512 4.34853601 6.97999954
v -4.8804512 4.0485363 7.27999973
v -5.18045044 4.5485363 7.27999973
v -2.17955208 4.5485363 7.27999973
v -2.17955208 4.0485363 7.27999973
v 5.32396317 4.5485363 5.77999973
v 5.32396317 4.34853601 5.77999973
v 2.62306404 4.34853601 5.77999973
v 2.62306404 4.5485363 5.77999973
v 5.32396317 4.34853601 5.77999973
v 5.32396317 4.34853601 6.97999954
v 2.62306404 4.34853601 6.97999954
v 2.62306404 4.34853601 5.77999973
v 5.32396317 4.0485363 7.27999973
v 2.62306404 4.0485363 7.27999973
v 2.62306404 4.5485363 7.27999973
v 5.6239624 4.5485363 7.27999973
v 5.62395859 1.42404103 5.77999973
v 5.62395859 1.42404103 7.28000164
v 5.6239624 4.5485363 7.27999973
v 5.6239624 4.5485363 5.77999973
v 5.3739624 4.4485364 7.32999992
v 5.67396355 4.4485364 7.32999992
v 5.67396355 4.14853621 7.32999992
v 5.3739624 4.14853621 7.32999992
v 5.67396355 4.4485364 7.32999992
v 5.67396355 4.4485364 7.02999973
v 5.67396355 4.14853621 7.02999973
v 5.67396355 4.14853621 7.32999992
v 5.67396355 4.4485364 7.32999992
v 5.3739624 4.4485364 7.32999992
v 5.3739624 4.4485364 7.27999973
v 5.6239624 4.4485364 7.27999973
v 5.6239624 4.4485364 7.02999973
v 5.67396355 4.4485364 7.02999973
v 5.67396355 4.14853621 7.32999992
v 5.6239624 4.14853621 7.27999973
v 5.3739624 4.14853621 7.27999973
v 5.3739624 4.14853621 7.32999992
v 5.6239624 4.14853621 7.02999973
v 5.6239624 4.14853621 7.27999973
v 5.67396355 4.14853621 7.02999973
v 5.6239624 4.4485364 7.02999973
v 5.6239624 4.14853621 7.02999973
v 5.67396355 4.14853621 7.02999973
v 5.67396355 4.4485364 7.02999973
v 5.3739624 4.14853621 7.32999992
v 5.3739624 4.14853621 7.27999973
v 5.3739624 4.4485364 7.27999973
v 5.3739624 4.4485364 7.32999992
v -5.23044968 4.14853621 7.32999992
v -5.18045044 4.14853621 7.27999973
v -4.93045044 4.14853621 7.27999973
v -4.93045044 4.14853621 7.32999992
v -5.18045044 4.14853621 7.02999973
v -5.18045044 4.14853621 7.27999973
v -5.23044968 4.14853621 7.02999973
v -5.23044968 4.4485364 7.32999992
v -5.18045044 4.4485364 7.27999973
v -4.93045044 4.4485364 7.27999973
v -4.93045044 4.4485364 7.32999992
v -5.18045044 4.4485364 7.02999973
v -5.18045044 4.4485364 7.27999973
v -5.23044968 4.4485364 7.02999973
v -5.18045044 4.4485364 7.02999973
v -5.23044968 4.4485364 7.02999973
v -5.23044968 4.14853621 7.02999973
v -5.18045044 4.14853621 7.02999973
v -4.93045044 4.14853621 7.32999992
v -4.93045044 4.4485364 7.32999992
v -4.93045044 4.4485364 7.27999973
v -4.93045044 4.14853621 7.27999973
v -5.23044968 4.4485364 7.32999992
v -5.23044968 4.14853621 7.32999992
v -5.23044968 4.14853621 7.02999973
v -5.23044968 4.4485364 7.02999973
v -4.93045044 4.4485364 7.32999992
v -4.93045044 4.14853621 7.32999992
v -5.23044968 4.14853621 7.32999992
v -5.23044968 4.4485364 7.32999992
v -1.44958878 4.0485363 6.70496559
v -1.44958878 1.42404115 6.70496559
v -1.44958878 1.42404115 6.85503483
v -1.44958878 4.0485363 6.85503483
v -1.5795517 4.0485363 6.93006802
v -1.5795517 1.42404115 6.93006802
v -1.70951462 1.42404115 6.85503483
v -1.70951462 4.0485363 6.85503483
v -1.70951462 4.0485363 6.70496559
v -1.70951462 1.42404115 6.70496559
v -1.5795517 1.42404115 6.62993145
v -1.5795517 4.0485363 6.62993145
v -1.5795517 4.0485363 6.62993145
v -1.5795517 1.42404115 6.62993145
v -1.44958878 1.42404115 6.70496559
v -1.44958878 4.0485363 6.70496559
v -1.44958878 4.0485363 6.85503483
v -1.44958878 1.42404115 6.85503483
v -1.5795517 1.42404115 6.93006802
v -1.5795517 4.0485363 6.93006802
v -1.70951462 4.0485363 6.85503483
v -1.70951462 1.42404115 6.85503483
v -1.70951462 1.42404115 6.70496559
v -1.70951462 4.0485363 6.70496559
v 1.89310074 4.0485363 6.70496559
v 1.89310074 4.0485363 6.85503483
v 1.89310074 1.42404115 6.85503483
v 1.89310074 1.42404115 6.70496559
v 2.02306366 4.0485363 6.93006802
v 2.15302658 4.0485363 6.85503483
v 2.15302658 1.42404115 6.85503483
v 2.02306366 1.42404115 6.93006802
v 2.15302658 4.0485363 6.70496559
v 2.02306366 4.0485363 6.62993145
v 2.02306366 1.42404115 6.62993145
v 2.15302658 1.42404115 6.70496559
v 2.02306366 4.0485363 6.62993145
v 1.89310074 4.0485363 6.70496559
v 1.89310074 1.42404115 6.70496559
v 2.02306366 1.42404115 6.62993145
v 1.89310074 4.0485363 6.85503483
v 2.02306366 4.0485363 6.93006802
v 2.02306366 1.42404115 6.93006802
v 1.89310074 1.42404115 6.85503483
v 2.15302658 4.0485363 6.85503483
v 2.15302658 4.0485363 6.70496559
v 2.15302658 1.42404115 6.70496559
v 2.15302658 1.42404115 6.85503483
v 3.53464699 -0.150573134 23.9945698
v 3.32666779 -0.150573134 23.6341572
v 3.32667732 1.92372048 23.6341629
v 3.53464699 1.92371953 23.9945545
v 3.32667732 1.92372048 23.6341629
v 3.74261856 1.92372048 23.6341629
v 3.74335861 2.33995056 23.6337357
v 3.32593727 2.33995056 23.6337357
v 3.74261856 1.92372048 23.6341629
v 3.53464699 1.92371953 23.9945545
v 3.53464699 2.33995008 23.9954109
v 3.74335861 2.33995056 23.6337357
v 3.53464699 1.92371953 23.9945545
v 3.32667732 1.92372048 23.6341629
v 3.32593727 2.33995056 23.6337357
v 3.53464699 2.33995008 23.9954109
v 3.74263 -0.150573134 23.6341572
v 3.53464699 -0.150573134 23.9945698
v 3.53464699 1.92371953 23.9945545
v 3.74261856 1.92372048 23.6341629
v 3.32666779 -0.150573134 23.6341572
v 3.74263 -0.150573134 23.6341572
v 3.74261856 1.92372048 23.6341629
v 3.32667732 1.92372048 23.6341629
v 4.37742758 -0.401731968 21.8854008
v 4.20817947 -0.401731968 21.7588215
v 4.20817947 1.2429862 21.7588215
v 4.37742758 1.2429862 21.8854008
v 4.27621508 -0.401731998 21.5588036
v 4.48757505 -0.401732028 21.561615
v 4.48757505 1.2429862 21.561615
v 4.27621508 1.2429862 21.5588036
v 4.5501318 -0.401731998 21.7635174
v 4.37742758 -0.401731968 21.8854008
v 4.37742758 1.2429862 21.8854008
v 4.5501318 1.2429862 21.7635155
v 4.20817947 -0.401731968 21.7588215
v 4.27621508 -0.401731998 21.5588036
v 4.27621508 1.2429862 21.5588036
v 4.20817947 1.2429862 21.7588215
v 4.48757505 -0.401732028 21.561615
v 4.5501318 -0.401731998 21.7635174
v 4.5501318 1.2429862 21.7635155
v 4.48757505 1.2429862 21.561615
v 4.1131053 4.33392286 20.5811234
v 3.47996521 4.28478575 21.0480366
v 3.47900796 3.41092229 20.3865891
v 4.45542908 3.29181218 20.1009884
v 3.45156384 3.28706717 23.0526066
v 3.47339821 4.33061171 22.4638577
v 4.61264133 4.33065748 22.8509541
v 4.27086067 3.28707862 23.3311729
v 4.46413755 4.71196699 21.4191685
v 5.47088051 4.28493834 21.7240429
v 5.24447298 4.28376341 22.3896599
v 4.2631464 4.71083403 22.0100517
v 5.27471638 3.2918694 20.379303
v 4.45542908 3.29181218 20.1009884
v 4.4466176 2.28424001 20.1034355
v 5.28467655 2.28429532 20.3879833
v 3.42521763 1.30945361 22.4515533
v 3.03177691 1.35759687 21.6433697
v 2.73602343 2.15965223 22.2026482
v 3.44396019 2.28002906 23.0510979
v 2.73602343 2.15965223 22.2026482
v 2.63574266 2.28544188 21.1405277
v 2.75065756 3.2839427 21.1762543
v 2.84861231 3.40797758 22.2387581
v 5.2456336 3.40806556 23.0533943
v 5.72057533 3.38342619 22.5563583
v 5.79323912 2.16054296 22.5898228
v 5.36896467 2.1597116 23.097723
v 4.0641222 1.312217 20.5729237
v 4.4466176 2.28424001 20.1034355
v 3.36511731 2.16220021 20.3531094
v 3.25778532 1.35854852 20.979353
v 5.2456336 3.40806556 23.0533943
v 4.27086067 3.28707862 23.3311729
v 4.61264133 4.33065748 22.8509541
v 5.24447298 4.28376341 22.3896599
v 4.4466176 2.28424001 20.1034355
v 4.0641222 1.312217 20.5729237
v 5.30025339 1.31230104 20.9927864
v 5.28467655 2.28429532 20.3879833
v 3.45156384 3.28706717 23.0526066
v 4.27086067 3.28707862 23.3311729
v 4.28216362 2.28003669 23.3361416
v 3.44396019 2.28002906 23.0510979
v 4.4466176 2.28424001 20.1034355
v 4.45542908 3.29181218 20.1009884
v 3.47900796 3.41092229 20.3865891
v 3.36511731 2.16220021 20.3531094
v 5.99826336 2.16236806 21.247509
v 5.28467655 2.28429532 20.3879833
v 5.30025339 1.31230104 20.9927864
v 5.70789289 1.35868979 21.8117275
v 3.47339821 4.33061171 22.4638577
v 3.45156384 3.28706717 23.0526066
v 2.84861231 3.40797758 22.2387581
v 3.25354147 4.28364134 21.7134304
v 5.253335 4.33400679 20.9682713
v 5.27471638 3.2918694 20.379303
v 5.87533188 3.41109014 21.2003937
v 5.47088051 4.28493834 21.7240429
v 4.66123247 1.30948603 22.8716717
v 4.28216362 2.28003669 23.3361416
v 5.36896467 2.1597116 23.097723
v 5.48200083 1.35769808 22.4760818
v 5.253335 4.33400679 20.9682713
v 4.1131053 4.33392286 20.5811234
v 4.45542908 3.29181218 20.1009884
v 5.27471638 3.2918694 20.379303
v 3.47900796 3.41092229 20.3865891
v 2.75065756 3.2839427 21.1762543
v 2.63574266 2.28544188 21.1405277
v 3.36511731 2.16220021 20.3531094
v 4.66123247 1.30948603 22.8716717
v 3.42521763 1.30945361 22.4515533
v 3.44396019 2.28002906 23.0510979
v 4.28216362 2.28003669 23.3361416
v 2.73602343 2.15965223 22.2026482
v 2.84861231 3.40797758 22.2387581
v 3.45156384 3.28706717 23.0526066
v 3.44396019 2.28002906 23.0510979
v 3.47996521 4.28478575 21.0480366
v 4.46413755 4.71196699 21.4191685
v 4.2631464 4.71083403 22.0100517
v 3.25354147 4.28364134 21.7134304
v 5.2456336 3.40806556 23.0533943
v 5.36896467 2.1597116 23.097723
v 4.28216362 2.28003669 23.3361416
v 4.27086067 3.28707862 23.3311729
v 5.48200083 1.35769808 22.4760818
v 5.79323912 2.16054296 22.5898228
v 6.024683 2.16152906 21.9094849
v 5.70789289 1.35868979 21.8117275
v 6.01815796 3.40191221 21.8699989
v 6.024683 2.16152906 21.9094849
v 5.79323912 2.16054296 22.5898228
v 5.72057533 3.38342619 22.5563583
v 5.47088051 4.28493834 21.7240429
v 6.01815796 3.40191221 21.8699989
v 5.72057533 3.38342619 22.5563583
v 5.24447298 4.28376341 22.3896599
v 6.024683 2.16152906 21.9094849
v 6.01815796 3.40191221 21.8699989
v 5.87533188 3.41109014 21.2003937
v 5.99826336 2.16236806 21.247509
v 4.3793087 -0.401732802 16.6714096
v 4.5385046 -0.401732773 16.8104649
v 4.5385046 1.24298537 16.8104649
v 4.3793087 1.24298537 16.6714077
v 4.45546293 -0.401732743 17.0047302
v 4.24491978 -0.401732743 16.9859047
v 4.24491978 1.24298549 16.9859047
v 4.45546293 1.24298537 17.0047302
v 4.19790268 -0.401732773 16.7798271
v 4.3793087 -0.401732802 16.6714096
v 4.3793087 1.24298537 16.6714077
v 4.19790268 1.24298537 16.7798252
v 4.5385046 -0.401732773 16.8104649
v 4.45546293 -0.401732743 17.0047302
v 4.45546293 1.24298537 17.0047302
v 4.5385046 1.24298537 16.8104649
v 4.24491978 -0.401732743 16.9859047
v 4.19790268 -0.401732773 16.7798271
v 4.19790268 1.24298537 16.7798252
v 4.24491978 1.24298549 16.9859047
v 5.30420303 4.28689051 16.2091236
v 4.6200676 4.23924112 15.9542685
v 5.17577934 3.39184427 15.6387062
v 5.86538792 3.27633905 16.2384682
v 2.92158222 3.27173877 16.8869247
v 3.42663932 4.28367853 16.6231899
v 3.62567568 4.28372478 17.6657009
v 3.06452847 3.27175021 17.6367722
v 4.76112556 4.65348291 16.8723164
v 4.96827126 4.23939037 17.7760048
v 4.30442047 4.23824978 17.9221649
v 4.17175531 4.65238428 17.0021725
v 6.00861645 3.27639651 16.9881535
v 5.86538792 3.27633905 16.2384682
v 5.85932255 2.29928446 16.2329159
v 6.00591135 2.2993381 16.9998093
v 3.41480923 1.35402167 16.5810566
v 3.9131999 1.40070581 15.8999329
v 3.30675912 2.17846918 15.943264
v 2.91931415 2.29520106 16.8805218
v 3.30675912 2.17846918 15.943264
v 4.15363026 2.30044985 15.3622408
v 4.17651653 3.26870966 15.4658661
v 3.32823062 3.38898706 16.0453129
v 3.74683475 3.38907146 18.2389221
v 4.38340473 3.36518002 18.360157
v 4.38870907 2.17933369 18.4308872
v 3.76635194 2.17852688 18.352911
v 5.28847504 1.35670137 16.1683216
v 5.85932255 2.29928446 16.2329159
v 5.15143681 2.1809411 15.5369568
v 4.57553291 1.40162897 15.7541704
v 3.74683475 3.38907146 18.2389221
v 3.06452847 3.27175021 17.6367722
v 3.62567568 4.28372478 17.6657009
v 4.30442047 4.23824978 17.9221649
v 5.85932255 2.29928446 16.2329159
v 5.28847504 1.35670137 16.1683216
v 5.50452566 1.35678172 17.2994061
v 6.00591135 2.2993381 16.9998093
v 2.92158222 3.27173877 16.8869247
v 3.06452847 3.27175021 17.6367722
v 3.06560731 2.29520869 17.6476326
v 2.91931415 2.29520106 16.8805218
v 5.85932255 2.29928446 16.2329159
v 5.86538792 3.27633905 16.2384682
v 5.17577934 3.39184427 15.6387062
v 5.15143681 2.1809411 15.5369568
v 5.6117382 2.18110347 17.9465046
v 6.00591135 2.2993381 16.9998093
v 5.50452566 1.35678172 17.2994061
v 5.00369835 1.40176666 17.9962349
v 3.42663932 4.28367853 16.6231899
v 2.92158222 3.27173877 16.8869247
v 3.32823062 3.38898706 16.0453129
v 3.95635462 4.23813105 16.1003628
v 5.50358486 4.28697062 17.2523632
v 6.00861645 3.27639651 16.9881535
v 5.59481049 3.39200473 17.8314724
v 4.96827126 4.23939037 17.7760048
v 3.63060808 1.35405242 17.7121506
v 3.06560731 2.29520869 17.6476326
v 3.76635194 2.17852688 18.352911
v 4.34112358 1.40080535 18.1422577
v 5.50358486 4.28697062 17.2523632
v 5.30420303 4.28689051 16.2091236
v 5.86538792 3.27633905 16.2384682
v 6.00861645 3.27639651 16.9881535
v 5.17577934 3.39184427 15.6387062
v 4.17651653 3.26870966 15.4658661
v 4.15363026 2.30044985 15.3622408
v 5.15143681 2.1809411 15.5369568
v 3.63060808 1.35405242 17.7121506
v 3.41480923 1.35402167 16.5810566
v 2.91931415 2.29520106 16.8805218
v 3.06560731 2.29520869 17.6476326
v 3.30675912 2.17846918 15.943264
v 3.32823062 3.38898706 16.0453129
v 2.92158222 3.27173877 16.8869247
v 2.91931415 2.29520106 16.8805218
v 4.6200676 4.23924112 15.9542685
v 4.76112556 4.65348291 16.8723164
v 4.17175531 4.65238428 17.0021725
v 3.95635462 4.23813105 16.1003628
v 3.74683475 3.38907146 18.2389221
v 3.76635194 2.17852688 18.352911
v 3.06560731 2.29520869 17.6476326
v 3.06452847 3.27175021 17.6367722
v 4.34112358 1.40080535 18.1422577
v 4.38870907 2.17933369 18.4308872
v 5.06734753 2.18028927 18.2814484
v 5.00369835 1.40176666 17.9962349
v 5.09749508 3.38310504 18.2576733
v 5.06734753 2.18028927 18.2814484
v 4.38870907 2.17933369 18.4308872
v 4.38340473 3.36518002 18.360157
v 4.96827126 4.23939037 17.7760048
v 5.09749508 3.38310504 18.2576733
v 4.38340473 3.36518002 18.360157
v 4.30442047 4.23824978 17.9221649
v 5.06734753 2.18028927 18.2814484
v 5.09749508 3.38310504 18.2576733
v 5.59481049 3.39200473 17.8314724
v 5.6117382 2.18110347 17.9465046
v -2.75230265 -0.40173173 21.882164
v -2.92155075 -0.40173173 21.7555847
v -2.92155075 1.24298644 21.7555847
v -2.75230265 1.24298644 21.882164
v -2.85351491 -0.401731759 21.5555687
v -2.64215469 -0.401731789 21.5583801
v -2.64215469 1.24298644 21.5583801
v -2.85351491 1.24298644 21.5555687
v -2.57959843 -0.401731759 21.7602787
v -2.75230265 -0.40173173 21.882164
v -2.75230265 1.24298644 21.882164
v -2.57959843 1.24298644 21.7602787
v -2.92155075 -0.40173173 21.7555847
v -2.85351491 -0.401731759 21.5555687
v -2.85351491 1.24298644 21.5555687
v -2.92155075 1.24298644 21.7555847
v -2.64215469 -0.401731789 21.5583801
v -2.57959843 -0.401731759 21.7602787
v -2.57959843 1.24298644 21.7602787
v -2.64215469 1.24298644 21.5583801
v -3.01662493 4.33392286 20.5778885
v -3.64976501 4.28478575 21.0447998
v -3.65072179 3.41092253 20.3833542
v -2.67430043 3.29181242 20.0977535
v -3.67816591 3.28706741 23.0493698
v -3.65633106 4.33061218 22.4606209
v -2.51708817 4.33065796 22.8477173
v -2.85886908 3.28707886 23.3279343
v -2.66559219 4.71196699 21.4159336
v -1.65884924 4.28493834 21.720808
v -1.88525724 4.28376389 22.386425
v -2.86658311 4.7108345 22.006815
v -1.85501289 3.29186964 20.3760681
v -2.67430043 3.29181242 20.0977535
v -2.68311214 2.28424025 20.1002007
v -1.84505296 2.28429556 20.3847466
v -3.70451212 1.30945385 22.4483185
v -4.09795284 1.35759711 21.6401329
v -4.3937068 2.15965247 22.1994133
v -3.6857698 2.2800293 23.0478611
v -4.3937068 2.15965247 22.1994133
v -4.49398708 2.28544211 21.1372929
v -4.37907219 3.28394294 21.1730175
v -4.28111744 3.40797782 22.2355194
v -1.88409662 3.4080658 23.0501595
v -1.40915489 3.38342643 22.5531216
v -1.33649111 2.1605432 22.586586
v -1.7607646 2.15971184 23.0944881
v -3.06560779 1.31221724 20.5696869
v -2.68311214 2.28424025 20.1002007
v -3.76461244 2.16220045 20.3498726
v -3.87194443 1.35854876 20.9761162
v -1.88409662 3.4080658 23.0501595
v -2.85886908 3.28707886 23.3279343
v -2.51708817 4.33065796 22.8477173
v -1.88525724 4.28376389 22.386425
v -2.68311214 2.28424025 20.1002007
v -3.06560779 1.31221724 20.5696869
v -1.82947707 1.31230128 20.9895515
v -1.84505296 2.28429556 20.3847466
v -3.67816591 3.28706741 23.0493698
v -2.85886908 3.28707886 23.3279343
v -2.84756613 2.28003693 23.3329067
v -3.6857698 2.2800293 23.0478611
v -2.68311214 2.28424025 20.1002007
v -2.67430043 3.29181242 20.0977535
v -3.65072179 3.41092253 20.3833542
v -3.76461244 2.16220045 20.3498726
v -1.13146639 2.1623683 21.2442722
v -1.84505296 2.28429556 20.3847466
v -1.82947707 1.31230128 20.9895515
v -1.42183614 1.35869002 21.8084927
v -3.65633106 4.33061218 22.4606209
v -3.67816591 3.28706741 23.0493698
v -4.28111744 3.40797782 22.2355194
v -3.87618828 4.28364182 21.7101936
v -1.87639475 4.33400679 20.9650345
v -1.85501289 3.29186964 20.3760681
v -1.25439811 3.41109037 21.1971588
v -1.65884924 4.28493834 21.720808
v -2.46849799 1.30948627 22.8684368
v -2.84756613 2.28003693 23.3329067
v -1.7607646 2.15971184 23.0944881
v -1.64772844 1.35769832 22.4728451
v -1.87639475 4.33400679 20.9650345
v -3.01662493 4.33392286 20.5778885
v -2.67430043 3.29181242 20.0977535
v -1.85501289 3.29186964 20.3760681
v -3.65072179 3.41092253 20.3833542
v -4.37907219 3.28394294 21.1730175
v -4.49398708 2.28544211 21.1372929
v -3.76461244 2.16220045 20.3498726
v -2.46849799 1.30948627 22.8684368
v -3.70451212 1.30945385 22.4483185
v -3.6857698 2.2800293 23.0478611
v -2.84756613 2.28003693 23.3329067
v -4.3937068 2.15965247 22.1994133
v -4.28111744 3.40797782 22.2355194
v -3.67816591 3.28706741 23.0493698
v -3.6857698 2.2800293 23.0478611
v -3.64976501 4.28478575 21.0447998
v -2.66559219 4.71196699 21.4159336
v -2.86658311 4.7108345 22.006815
v -3.87618828 4.28364182 21.7101936
v -1.88409662 3.4080658 23.0501595
v -1.7607646 2.15971184 23.0944881
v -2.84756613 2.28003693 23.3329067
v -2.85886908 3.28707886 23.3279343
v -1.64772844 1.35769832 22.4728451
v -1.33649111 2.1605432 22.586586
v -1.10504723 2.1615293 21.90625
v -1.42183614 1.35869002 21.8084927
v -1.11157203 3.40191245 21.8667641
v -1.10504723 2.1615293 21.90625
v -1.33649111 2.1605432 22.586586
v -1.40915489 3.38342643 22.5531216
v -1.65884924 4.28493834 21.720808
v -1.11157203 3.40191245 21.8667641
v -1.40915489 3.38342643 22.5531216
v -1.88525724 4.28376389 22.386425
v -1.10504723 2.1615293 21.90625
v -1.11157203 3.40191245 21.8667641
v -1.25439811 3.41109037 21.1971588
v -1.13146639 2.1623683 21.2442722
v -2.75042105 -0.401732564 16.6681728
v -2.59122562 -0.401732534 16.8072281
v -2.59122539 1.24298561 16.8072281
v -2.75042105 1.24298561 16.6681728
v -2.67426729 -0.401732504 17.0014935
v -2.88481021 -0.401732504 16.9826698
v -2.88480997 1.24298573 16.9826698
v -2.67426729 1.24298561 17.0014935
v -2.93182707 -0.401732534 16.7765884
v -2.75042105 -0.401732564 16.6681728
v -2.75042105 1.24298561 16.6681728
v -2.93182707 1.24298561 16.7765884
v -2.59122562 -0.401732534 16.8072281
v -2.67426729 -0.401732504 17.0014935
v -2.67426729 1.24298561 17.0014935
v -2.59122539 1.24298561 16.8072281
v -2.88481021 -0.401732504 16.9826698
v -2.93182707 -0.401732534 16.7765884
v -2.93182707 1.24298561 16.7765884
v -2.88480997 1.24298573 16.9826698
v -2.32368374 4.39113522 17.9627304
v -1.81631696 4.34018612 17.369545
v -1.70379138 3.43413067 18.0435219
v -2.55942726 3.31063008 18.5154743
v -2.12833595 3.30570865 15.3213367
v -2.04917049 4.38770151 15.9254103
v -3.1690774 4.3877511 15.7419624
v -2.93371081 3.30572391 15.18923
v -2.78989291 4.78310299 17.1736736
v -3.77339411 4.34034634 17.0494728
v -3.67611885 4.33912563 16.3291645
v -2.70360708 4.78193188 16.5342312
v -3.36479282 3.31069112 18.3836212
v -2.55942726 3.31063008 18.5154743
v -2.55164003 2.265939 18.5113773
v -3.37554836 2.26599622 18.3766441
v -2.00252223 1.2552402 15.9290047
v -1.50186205 1.30515754 16.6797867
v -1.32248223 2.13675952 16.0550022
v -2.12106514 2.2615726 15.3214664
v -1.32248223 2.13675952 16.0550022
v -1.05041122 2.26718426 17.1188602
v -1.16286922 3.30247021 17.1037388
v -1.43283057 3.43107486 16.0390453
v -3.78916597 3.43116641 15.6529255
v -4.14487267 3.40561938 16.2474747
v -4.21786642 2.13768458 16.2268219
v -3.91077304 2.13682055 15.6306047
v -2.27693081 1.2581054 17.9619789
v -2.55164003 2.265939 18.5113773
v -1.59262848 2.13940334 18.0565014
v -1.59903681 1.30614376 17.398428
v -3.78916597 3.43116641 15.6529255
v -2.93371081 3.30572391 15.18923
v -3.1690774 4.3877511 15.7419624
v -3.67611885 4.33912563 16.3291645
v -2.55164003 2.265939 18.5113773
v -2.27693081 1.2581054 17.9619789
v -3.4920187 1.25819123 17.7631187
v -3.37554836 2.26599622 18.3766441
v -2.12833595 3.30570865 15.3213367
v -2.93371081 3.30572391 15.18923
v -2.94506454 2.26158023 15.1862774
v -2.12106514 2.2615726 15.3214664
v -2.55164003 2.265939 18.5113773
v -2.55942726 3.31063008 18.5154743
v -1.70379138 3.43413067 18.0435219
v -1.59262848 2.13940334 18.0565014
v -4.18113613 2.13957691 17.6328373
v -3.37554836 2.26599622 18.3766441
v -3.4920187 1.25819123 17.7631187
v -4.00752687 1.30629063 17.0040607
v -2.04917049 4.38770151 15.9254103
v -2.12833595 3.30570865 15.3213367
v -1.43283057 3.43107486 16.0390453
v -1.71895981 4.33899975 16.6494427
v -3.44442987 4.39121914 17.7794151
v -3.36479282 3.31069112 18.3836212
v -4.05940342 3.43430233 17.6581173
v -3.77339411 4.34034634 17.0494728
v -3.21755362 1.25527263 15.7298756
v -2.94506454 2.26158023 15.1862774
v -3.91077304 2.13682055 15.6306047
v -3.91060042 1.30526245 16.2851181
v -3.44442987 4.39121914 17.7794151
v -2.32368374 4.39113522 17.9627304
v -2.55942726 3.31063008 18.5154743
v -3.36479282 3.31069112 18.3836212
v -1.70379138 3.43413067 18.0435219
v -1.16286922 3.30247021 17.1037388
v -1.05041122 2.26718426 17.1188602
v -1.59262848 2.13940334 18.0565014
v -3.21755362 1.25527263 15.7298756
v -2.00252223 1.2552402 15.9290047
v -2.12106514 2.2615726 15.3214664
v -2.94506454 2.26158023 15.1862774
v -1.32248223 2.13675952 16.0550022
v -1.43283057 3.43107486 16.0390453
v -2.12833595 3.30570865 15.3213367
v -2.12106514 2.2615726 15.3214664
v -1.81631696 4.34018612 17.369545
v -2.78989291 4.78310299 17.1736736
v -2.70360708 4.78193188 16.5342312
v -1.71895981 4.33899975 16.6494427
v -3.78916597 3.43116641 15.6529255
v -3.91077304 2.13682055 15.6306047
v -2.94506454 2.26158023 15.1862774
v -2.93371081 3.30572391 15.18923
v -3.91060042 1.30526245 16.2851181
v -4.21786642 2.13768458 16.2268219
v -4.31732321 2.13870525 16.9631042
v -4.00752687 1.30629063 17.0040607
v -4.30452776 3.42478466 17.0021324
v -4.31732321 2.13870525 16.9631042
v -4.21786642 2.13768458 16.2268219
v -4.14487267 3.40561938 16.2474747
v -3.77339411 4.34034634 17.0494728
v -4.30452776 3.42478466 17.0021324
v -4.14487267 3.40561938 16.2474747
v -3.67611885 4.33912563 16.3291645
v -4.31732321 2.13870525 16.9631042
v -4.30452776 3.42478466 17.0021324
v -4.05940342 3.43430233 17.6581173
v -4.18113613 2.13957691 17.6328373
v -22.2214279 -0.401731044 22.1307735
v -22.3906746 -0.401731044 22.0041943
v -22.3906746 1.24298716 22.0041943
v -22.2214279 1.24298716 22.1307735
v -22.3226395 -0.401731074 21.8041782
v -22.1112785 -0.401731074 21.8069916
v -22.1112785 1.24298704 21.8069897
v -22.3226395 1.24298704 21.8041763
v -22.0487232 -0.401731044 22.0088902
v -22.2214279 -0.401731044 22.1307735
v -22.2214279 1.24298716 22.1307735
v -22.0487232 1.24298716 22.0088902
v -22.3906746 -0.401731044 22.0041943
v -22.3226395 -0.401731074 21.8041782
v -22.3226395 1.24298704 21.8041763
v -22.3906746 1.24298716 22.0041943
v -22.1112785 -0.401731074 21.8069916
v -22.0487232 -0.401731044 22.0088902
v -22.0487232 1.24298716 22.0088902
v -22.1112785 1.24298704 21.8069897
v -22.4857483 4.33392382 20.826498
v -23.1188889 4.2847867 21.2934093
v -23.1198463 3.41092324 20.6319637
v -22.143425 3.29181314 20.3463631
v -23.1472912 3.28706813 23.2979794
v -23.1254539 4.33061266 22.7092323
v -21.9862118 4.33065844 23.0963268
v -22.3279934 3.28707957 23.5765457
v -22.134716 4.71196795 21.6645432
v -21.1279736 4.28493929 21.9694176
v -21.3543816 4.28376436 22.6350346
v -22.3357067 4.71083498 22.2554245
v -21.3241367 3.29187036 20.6246796
v -22.143425 3.29181314 20.3463631
v -22.152235 2.28424096 20.3488102
v -21.3141766 2.28429627 20.633358
v -23.1736374 1.30945456 22.6969261
v -23.5670776 1.35759783 21.8887444
v -23.8628311 2.15965319 22.4480228
v -23.1548939 2.28003001 23.2964706
v -23.8628311 2.15965319 22.4480228
v -23.96311 2.28544283 21.3859043
v -23.848196 3.28394365 21.421627
v -23.7502422 3.40797853 22.4841309
v -21.35322 3.40806651 23.2987671
v -20.8782787 3.38342714 22.801733
v -20.8056145 2.16054392 22.8351974
v -21.2298889 2.15971255 23.3430977
v -22.5347328 1.31221795 20.8182964
v -22.152235 2.28424096 20.3488102
v -23.2337379 2.16220117 20.5984821
v -23.3410683 1.35854948 21.2247276
v -21.35322 3.40806651 23.2987671
v -22.3279934 3.28707957 23.5765457
v -21.9862118 4.33065844 23.0963268
v -21.3543816 4.28376436 22.6350346
v -22.152235 2.28424096 20.3488102
v -22.5347328 1.31221795 20.8182964
v -21.2986012 1.31230187 21.2381592
v -21.3141766 2.28429627 20.633358
v -23.1472912 3.28706813 23.2979794
v -22.3279934 3.28707957 23.5765457
v -22.3166904 2.28003764 23.5815163
v -23.1548939 2.28003001 23.2964706
v -22.152235 2.28424096 20.3488102
v -22.143425 3.29181314 20.3463631
v -23.1198463 3.41092324 20.6319637
v -23.2337379 2.16220117 20.5984821
v -20.6005917 2.16236901 21.4928837
v -21.3141766 2.28429627 20.633358
v -21.2986012 1.31230187 21.2381592
v -20.8909607 1.35869062 22.0571022
v -23.1254539 4.33061266 22.7092323
v -23.1472912 3.28706813 23.2979794
v -23.7502422 3.40797853 22.4841309
v -23.3453121 4.28364229 21.9588051
v -21.34552 4.33400774 21.213644
v -21.3241367 3.29187036 20.6246796
v -20.7235222 3.41109109 21.4457684
v -21.1279736 4.28493929 21.9694176
v -21.9376221 1.30948699 23.1170464
v -22.3166904 2.28003764 23.5815163
v -21.2298889 2.15971255 23.3430977
v -21.1168537 1.35769892 22.7214546
v -21.34552 4.33400774 21.213644
v -22.4857483 4.33392382 20.826498
v -22.143425 3.29181314 20.3463631
v -21.3241367 3.29187036 20.6246796
v -23.1198463 3.41092324 20.6319637
v -23.848196 3.28394365 21.421627
v -23.96311 2.28544283 21.3859043
v -23.2337379 2.16220117 20.5984821
v -21.9376221 1.30948699 23.1170464
v -23.1736374 1.30945456 22.6969261
v -23.1548939 2.28003001 23.2964706
v -22.3166904 2.28003764 23.5815163
v -23.8628311 2.15965319 22.4480228
v -23.7502422 3.40797853 22.4841309
v -23.1472912 3.28706813 23.2979794
v -23.1548939 2.28003001 23.2964706
v -23.1188889 4.2847867 21.2934093
v -22.134716 4.71196795 21.6645432
v -22.3357067 4.71083498 22.2554245
v -23.3453121 4.28364229 21.9588051
v -21.35322 3.40806651 23.2987671
v -21.2298889 2.15971255 23.3430977
v -22.3166904 2.28003764 23.5815163
v -22.3279934 3.28707957 23.5765457
v -21.1168537 1.35769892 22.7214546
v -20.8056145 2.16054392 22.8351974
v -20.5741711 2.16153002 22.1548595
v -20.8909607 1.35869062 22.0571022
v -20.5806961 3.40191317 22.1153736
v -20.5741711 2.16153002 22.1548595
v -20.8056145 2.16054392 22.8351974
v -20.8782787 3.38342714 22.801733
v -21.1279736 4.28493929 21.9694176
v -20.5806961 3.40191317 22.1153736
v -20.8782787 3.38342714 22.801733
v -21.3543816 4.28376436 22.6350346
v -20.5741711 2.16153002 22.1548595
v -20.5806961 3.40191317 22.1153736
v -20.7235222 3.41109109 21.4457684
v -20.6005917 2.16236901 21.4928837
v -22.2195454 -0.401731849 16.9167824
v -22.0603504 -0.401731849 17.0558395
v -22.0603504 1.24298632 17.0558395
v -22.2195454 1.24298632 16.9167824
v -22.1433907 -0.401731819 17.2501049
v -22.3539333 -0.401731819 17.2312794
v -22.3539333 1.24298632 17.2312794
v -22.1433907 1.24298632 17.2501049
v -22.4009514 -0.401731849 17.0251999
v -22.2195454 -0.401731849 16.9167824
v -22.2195454 1.24298632 16.9167824
v -22.4009514 1.24298632 17.0251999
v -22.0603504 -0.401731849 17.0558395
v -22.1433907 -0.401731819 17.2501049
v -22.1433907 1.24298632 17.2501049
v -22.0603504 1.24298632 17.0558395
v -22.3539333 -0.401731819 17.2312794
v -22.4009514 -0.401731849 17.0251999
v -22.4009514 1.24298632 17.0251999
v -22.3539333 1.24298632 17.2312794
v -21.8155346 4.28689194 18.1404018
v -21.3410206 4.23924208 17.5856075
v -21.2357674 3.39184546 18.2159519
v -22.0360584 3.27634048 18.6573372
v -21.6328278 3.27173948 15.6699982
v -21.5588341 4.28367949 16.2349644
v -22.6062069 4.28372526 16.0634003
v -22.3861122 3.27175093 15.5464363
v -22.2515869 4.65348387 17.4024239
v -23.1714096 4.23939085 17.2862434
v -23.08041 4.23825026 16.6125832
v -22.1709061 4.65238523 16.804369
v -22.7892723 3.27639771 18.5340424
v -22.0360584 3.27634048 18.6573372
v -22.0287666 2.29928589 18.6535091
v -22.7993088 2.29933929 18.5274963
v -21.5151939 1.3540225 16.2383308
v -21.0469589 1.40070689 16.9405193
v -20.8791561 2.17847013 16.3561764
v -21.6260529 2.29520178 15.6701164
v -20.8791561 2.17847013 16.3561764
v -20.6246967 2.30045104 17.3511734
v -20.7298756 3.26871085 17.3370247
v -20.9823627 3.38898802 16.341259
v -23.1861572 3.38907194 15.9801407
v -23.5188427 3.36518049 16.53619
v -23.5871277 2.17933416 16.5168743
v -23.2998962 2.17852736 15.95926
v -21.7718468 1.35670257 18.1396904
v -22.0287666 2.29928589 18.6535091
v -21.1318493 2.1809423 18.2280903
v -21.1378155 1.40163016 17.6126175
v -23.1861572 3.38907194 15.9801407
v -22.3861122 3.27175093 15.5464363
v -22.6062069 4.28372526 16.0634003
v -23.08041 4.23825026 16.6125832
v -22.0287666 2.29928589 18.6535091
v -21.7718468 1.35670257 18.1396904
v -22.9082451 1.35678267 17.953701
v -22.7993088 2.29933929 18.5274963
v -21.6328278 3.27173948 15.6699982
v -22.3861122 3.27175093 15.5464363
v -22.3967018 2.29520941 15.5437069
v -21.6260529 2.29520178 15.6701164
v -22.0287666 2.29928589 18.6535091
v -22.0360584 3.27634048 18.6573372
v -21.2357674 3.39184546 18.2159519
v -21.1318493 2.1809423 18.2280903
v -23.5527344 2.18110442 17.8318577
v -22.7993088 2.29933929 18.5274963
v -22.9082451 1.35678267 17.953701
v -23.3903828 1.40176749 17.2437801
v -21.5588341 4.28367949 16.2349644
v -21.6328278 3.27173948 15.6699982
v -20.9823627 3.38898802 16.341259
v -21.2499981 4.238132 16.9121399
v -22.863739 4.28697205 17.9689426
v -22.7892723 3.27639771 18.5340424
v -23.4388924 3.39200568 17.855505
v -23.1714096 4.23939085 17.2862434
v -22.6515408 1.35405302 16.0521011
v -22.3967018 2.29520941 15.5437069
v -23.2998962 2.17852736 15.95926
v -23.2997131 1.40080607 16.5713902
v -22.863739 4.28697205 17.9689426
v -21.8155346 4.28689194 18.1404018
v -22.0360584 3.27634048 18.6573372
v -22.7892723 3.27639771 18.5340424
v -21.2357674 3.39184546 18.2159519
v -20.7298756 3.26871085 17.3370247
v -20.6246967 2.30045104 17.3511734
v -21.1318493 2.1809423 18.2280903
v -22.6515408 1.35405302 16.0521011
v -21.5151939 1.3540225 16.2383308
v -21.6260529 2.29520178 15.6701164
v -22.3967018 2.29520941 15.5437069
v -20.8791561 2.17847013 16.3561764
v -20.9823627 3.38898802 16.341259
v -21.6328278 3.27173948 15.6699982
v -21.6260529 2.29520178 15.6701164
v -21.3410206 4.23924208 17.5856075
v -22.2515869 4.65348387 17.4024239
v -22.1709061 4.65238523 16.804369
v -21.2499981 4.238132 16.9121399
v -23.1861572 3.38907194 15.9801407
v -23.2998962 2.17852736 15.95926
v -22.3967018 2.29520941 15.5437069
v -22.3861122 3.27175093 15.5464363
v -23.2997131 1.40080607 16.5713902
v -23.5871277 2.17933416 16.5168743
v -23.6800957 2.18028998 17.2054939
v -23.3903828 1.40176749 17.2437801
v -23.6681366 3.38310599 17.2419796
v -23.6800957 2.18028998 17.2054939
v -23.5871277 2.17933416 16.5168743
v -23.5188427 3.36518049 16.53619
v -23.1714096 4.23939085 17.2862434
v -23.6681366 3.38310599 17.2419796
v -23.5188427 3.36518049 16.53619
v -23.08041 4.23825026 16.6125832
v -23.6800957 2.18028998 17.2054939
v -23.6681366 3.38310599 17.2419796
v -23.4388924 3.39200568 17.855505
v -23.5527344 2.18110442 17.8318577
v -41.6411781 -0.401730627 20.5834198
v -41.8104248 -0.401730627 20.4568424
v -41.8104248 1.24298751 20.4568424
v -41.6411781 1.24298751 20.5834198
v -41.7423897 -0.401730686 20.2568245
v -41.5310287 -0.401730686 20.2596359
v -41.5310287 1.24298751 20.2596359
v -41.7423897 1.24298751 20.2568245
v -41.4684715 -0.401730657 20.4615364
v -41.6411781 -0.401730627 20.5834198
v -41.6411781 1.24298751 20.5834198
v -41.4684715 1.24298751 20.4615364
v -41.8104248 -0.401730627 20.4568424
v -41.7423897 -0.401730686 20.2568245
v -41.7423897 1.24298751 20.2568245
v -41.8104248 1.24298751 20.4568424
v -41.5310287 -0.401730686 20.2596359
v -41.4684715 -0.401730657 20.4615364
v -41.4684715 1.24298751 20.4615364
v -41.5310287 1.24298751 20.2596359
v -41.9054985 4.33392382 19.2791443
v -42.5386391 4.28478718 19.7460556
v -42.5395966 3.41092372 19.08461
v -41.5631752 3.29181337 18.7990093
v -42.5670433 3.28706861 21.7506256
v -42.5452042 4.33061314 21.1618786
v -41.4059639 4.33065891 21.5489731
v -41.7477455 3.28708005 22.0291939
v -41.5544662 4.71196842 20.1171894
v -40.5477219 4.28493977 20.4220657
v -40.7741318 4.28376484 21.0876808
v -41.755455 4.71083546 20.7080708
v -40.743885 3.29187059 19.0773239
v -41.5631752 3.29181337 18.7990093
v -41.5719872 2.2842412 18.8014565
v -40.7339249 2.28429675 19.0860043
v -42.5933876 1.30945492 21.1495743
v -42.986824 1.35759819 20.3413887
v -43.2825813 2.15965366 20.9006691
v -42.574646 2.28003049 21.7491169
v -43.2825813 2.15965366 20.9006691
v -43.3828621 2.28544307 19.8385506
v -43.2679482 3.28394389 19.8742733
v -43.1699905 3.40797901 20.9367771
v -40.7729721 3.40806675 21.7514153
v -40.298027 3.38342762 21.2543793
v -40.2253647 2.1605444 21.2878418
v -40.6496391 2.15971279 21.7957458
v -41.954483 1.31221843 19.2709446
v -41.5719872 2.2842412 18.8014565
v -42.6534882 2.16220164 19.0511284
v -42.7608185 1.35854983 19.677372
v -40.7729721 3.40806675 21.7514153
v -41.7477455 3.28708005 22.0291939
v -41.4059639 4.33065891 21.5489731
v -40.7741318 4.28376484 21.0876808
v -41.5719872 2.2842412 18.8014565
v -41.954483 1.31221843 19.2709446
v -40.7183533 1.31230235 19.6908073
v -40.7339249 2.28429675 19.0860043
v -42.5670433 3.28706861 21.7506256
v -41.7477455 3.28708005 22.0291939
v -41.7364426 2.28003812 22.0341625
v -42.574646 2.28003049 21.7491169
v -41.5719872 2.2842412 18.8014565
v -41.5631752 3.29181337 18.7990093
v -42.5395966 3.41092372 19.08461
v -42.6534882 2.16220164 19.0511284
v -40.0203438 2.16236949 19.9455299
v -40.7339249 2.28429675 19.0860043
v -40.7183533 1.31230235 19.6908073
v -40.3107109 1.3586911 20.5097504
v -42.5452042 4.33061314 21.1618786
v -42.5670433 3.28706861 21.7506256
v -43.1699905 3.40797901 20.9367771
v -42.7650604 4.28364277 20.4114513
v -40.7652702 4.33400774 19.6662922
v -40.743885 3.29187059 19.0773239
v -40.1432724 3.41109157 19.8984165
v -40.5477219 4.28493977 20.4220657
v -41.3573723 1.30948746 21.5696945
v -41.7364426 2.28003812 22.0341625
v -40.6496391 2.15971279 21.7957458
v -40.536602 1.35769939 21.1741009
v -40.7652702 4.33400774 19.6662922
v -41.9054985 4.33392382 19.2791443
v -41.5631752 3.29181337 18.7990093
v -40.743885 3.29187059 19.0773239
v -42.5395966 3.41092372 19.08461
v -43.2679482 3.28394389 19.8742733
v -43.3828621 2.28544307 19.8385506
v -42.6534882 2.16220164 19.0511284
v -41.3573723 1.30948746 21.5696945
v -42.5933876 1.30945492 21.1495743
v -42.574646 2.28003049 21.7491169
v -41.7364426 2.28003812 22.0341625
v -43.2825813 2.15965366 20.9006691
v -43.1699905 3.40797901 20.9367771
v -42.5670433 3.28706861 21.7506256
v -42.574646 2.28003049 21.7491169
v -42.5386391 4.28478718 19.7460556
v -41.5544662 4.71196842 20.1171894
v -41.755455 4.71083546 20.7080708
v -42.7650604 4.28364277 20.4114513
v -40.7729721 3.40806675 21.7514153
v -40.6496391 2.15971279 21.7957458
v -41.7364426 2.28003812 22.0341625
v -41.7477455 3.28708005 22.0291939
v -40.536602 1.35769939 21.1741009
v -40.2253647 2.1605444 21.2878418
v -39.9939194 2.16153026 20.6075058
v -40.3107109 1.3586911 20.5097504
v -40.0004425 3.4019134 20.5680199
v -39.9939194 2.16153026 20.6075058
v -40.2253647 2.1605444 21.2878418
v -40.298027 3.38342762 21.2543793
v -40.5477219 4.28493977 20.4220657
v -40.0004425 3.4019134 20.5680199
v -40.298027 3.38342762 21.2543793
v -40.7741318 4.28376484 21.0876808
v -39.9939194 2.16153026 20.6075058
v -40.0004425 3.4019134 20.5680199
v -40.1432724 3.41109157 19.8984165
v -40.0203438 2.16236949 19.9455299
v -41.6392975 -0.401731461 15.3694286
v -41.4800987 -0.401731431 15.5084858
v -41.4800987 1.24298668 15.5084858
v -41.6392975 1.24298668 15.3694286
v -41.5631409 -0.401731402 15.7027512
v -41.7736816 -0.401731402 15.6839266
v -41.7736816 1.2429868 15.6839266
v -41.5631409 1.2429868 15.7027512
v -41.8207016 -0.401731431 15.4778471
v -41.6392975 -0.401731461 15.3694286
v -41.6392975 1.24298668 15.3694286
v -41.8207016 1.24298668 15.4778471
v -41.4800987 -0.401731431 15.5084858
v -41.5631409 -0.401731402 15.7027512
v -41.5631409 1.2429868 15.7027512
v -41.4800987 1.24298668 15.5084858
v -41.7736816 -0.401731402 15.6839266
v -41.8207016 -0.401731431 15.4778471
v -41.8207016 1.24298668 15.4778471
v -41.7736816 1.2429868 15.6839266
v -41.2352867 4.28689194 16.5930481
v -40.7607727 4.23924255 16.0382557
v -40.6555176 3.39184594 16.6685982
v -41.4558067 3.27634072 17.1099854
v -41.052578 3.27173972 14.1226454
v -40.9785843 4.28367996 14.6876125
v -42.0259552 4.28372574 14.5160484
v -41.8058624 3.27175117 13.9990835
v -41.6713371 4.65348434 15.8550701
v -42.5911636 4.23939133 15.7388897
v -42.5001602 4.23825073 15.0652294
v -41.5906563 4.65238571 15.2570171
v -42.2090225 3.27639794 16.9866867
v -41.4558067 3.27634072 17.1099854
v -41.4485168 2.29928613 17.1061573
v -42.219059 2.29933953 16.9801445
v -40.9349442 1.35402286 14.6909771
v -40.4667091 1.40070724 15.3931646
v -40.2989082 2.17847061 14.8088226
v -41.0458031 2.29520202 14.1227627
v -40.2989082 2.17847061 14.8088226
v -40.044445 2.30045128 15.8038206
v -40.1496239 3.26871109 15.78967
v -40.4021111 3.38898849 14.7939034
v -42.6059074 3.38907242 14.4327869
v -42.938591 3.36518097 14.9888372
v -43.0068779 2.17933464 14.9695206
v -42.7196465 2.17852783 14.4119062
v -41.191597 1.35670304 16.5923386
v -41.4485168 2.29928613 17.1061573
v -40.5515976 2.18094277 16.6807346
v -40.5575638 1.40163052 16.0652657
v -42.6059074 3.38907242 14.4327869
v -41.8058624 3.27175117 13.9990835
v -42.0259552 4.28372574 14.5160484
v -42.5001602 4.23825073 15.0652294
v -41.4485168 2.29928613 17.1061573
v -41.191597 1.35670304 16.5923386
v -42.3279953 1.35678315 16.4063492
v -42.219059 2.29933953 16.9801445
v -41.052578 3.27173972 14.1226454
v -41.8058624 3.27175117 13.9990835
v -41.816452 2.29520965 13.9963522
v -41.0458031 2.29520202 14.1227627
v -41.4485168 2.29928613 17.1061573
v -41.4558067 3.27634072 17.1099854
v -40.6555176 3.39184594 16.6685982
v -40.5515976 2.18094277 16.6807346
v -42.9724846 2.1811049 16.2845058
v -42.219059 2.29933953 16.9801445
v -42.3279953 1.35678315 16.4063492
v -42.8101311 1.40176785 15.6964273
v -40.9785843 4.28367996 14.6876125
v -41.052578 3.27173972 14.1226454
v -40.4021111 3.38898849 14.7939034
v -40.6697464 4.23813248 15.3647852
v -42.2834892 4.28697205 16.4215889
v -42.2090225 3.27639794 16.9866867
v -42.8586426 3.39200616 16.3081532
v -42.5911636 4.23939133 15.7388897
v -42.0712929 1.35405338 14.5047483
v -41.816452 2.29520965 13.9963522
v -42.7196465 2.17852783 14.4119062
v -42.7194633 1.40080643 15.0240383
v -42.2834892 4.28697205 16.4215889
v -41.2352867 4.28689194 16.5930481
v -41.4558067 3.27634072 17.1099854
v -42.2090225 3.27639794 16.9866867
v -40.6555176 3.39184594 16.6685982
v -40.1496239 3.26871109 15.78967
v -40.044445 2.30045128 15.8038206
v -40.5515976 2.18094277 16.6807346
v -42.0712929 1.35405338 14.5047483
v -40.9349442 1.35402286 14.6909771
v -41.0458031 2.29520202 14.1227627
v -41.816452 2.29520965 13.9963522
v -40.2989082 2.17847061 14.8088226
v -40.4021111 3.38898849 14.7939034
v -41.052578 3.27173972 14.1226454
v -41.0458031 2.29520202 14.1227627
v -40.7607727 4.23924255 16.0382557
v -41.6713371 4.65348434 15.8550701
v -41.5906563 4.65238571 15.2570171
v -40.6697464 4.23813248 15.3647852
v -42.6059074 3.38907242 14.4327869
v -42.7196465 2.17852783 14.4119062
v -41.816452 2.29520965 13.9963522
v -41.8058624 3.27175117 13.9990835
v -42.7194633 1.40080643 15.0240383
v -43.0068779 2.17933464 14.9695206
v -43.0998459 2.18029046 15.658143
v -42.8101311 1.40176785 15.6964273
v -43.0878868 3.38310647 15.6946249
v -43.0998459 2.18029046 15.658143
v -43.0068779 2.17933464 14.9695206
v -42.938591 3.36518097 14.9888372
v -42.5911636 4.23939133 15.7388897
v -43.0878868 3.38310647 15.6946249
v -42.938591 3.36518097 14.9888372
v -42.5001602 4.23825073 15.0652294
v -43.0998459 2.18029046 15.658143
v -43.0878868 3.38310647 15.6946249
v -42.8586426 3.39200616 16.3081532
v -42.9724846 2.1811049 16.2845058
v 23.3457851 -0.401730746 21.5356293
v 23.1765366 -0.401730776 21.40905
v 23.1765366 1.24298739 21.40905
v 23.3457851 1.24298739 21.5356293
v 23.2445736 -0.401730806 21.209034
v 23.4559326 -0.401730806 21.2118454
v 23.4559326 1.24298739 21.2118454
v 23.2445736 1.24298739 21.209034
v 23.5184879 -0.401730776 21.4137459
v 23.3457851 -0.401730746 21.5356293
v 23.3457851 1.24298739 21.5356293
v 23.5184879 1.24298739 21.4137459
v 23.1765366 -0.401730776 21.40905
v 23.2445736 -0.401730806 21.209034
v 23.2445736 1.24298739 21.209034
v 23.1765366 1.24298739 21.40905
v 23.4559326 -0.401730806 21.2118454
v 23.5184879 -0.401730776 21.4137459
v 23.5184879 1.24298739 21.4137459
v 23.4559326 1.24298739 21.2118454
v 23.0814629 4.33392191 20.2313519
v 22.4483242 4.28478479 20.6982651
v 22.4473667 3.41092157 20.0368176
v 23.4237862 3.29181147 19.7512169
v 22.4199219 3.28706646 22.7028351
v 22.4417572 4.33061123 22.1140862
v 23.5809994 4.33065701 22.5011826
v 23.2392178 3.2870779 22.9813995
v 23.432497 4.71196604 21.069397
v 24.4392395 4.28493738 21.3742733
v 24.2128296 4.28376293 22.0398903
v 23.2315044 4.71083355 21.6602802
v 24.2430763 3.29186869 20.0295334
v 23.4237862 3.29181147 19.7512169
v 23.4149761 2.2842412 19.753664
v 24.2530346 2.28429651 20.0382118
v 22.3935757 1.3094548 22.1017818
v 22.0001354 1.35759807 21.2935982
v 21.70438 2.15965366 21.8528767
v 22.4123192 2.28003025 22.7013245
v 21.70438 2.15965366 21.8528767
v 21.6041012 2.28544307 20.7907562
v 21.719017 3.28394198 20.8264809
v 21.8169708 3.4079771 21.8889847
v 24.2139912 3.40806484 22.7036228
v 24.6889324 3.38342547 22.2065868
v 24.7615967 2.16054416 22.2400513
v 24.3373241 2.15971279 22.7479515
v 23.0324802 1.31221831 20.2231522
v 23.4149761 2.2842412 19.753664
v 22.3334751 2.1622014 20.003336
v 22.2261429 1.35854971 20.6295815
v 24.2139912 3.40806484 22.7036228
v 23.2392178 3.2870779 22.9813995
v 23.5809994 4.33065701 22.5011826
v 24.2128296 4.28376293 22.0398903
v 23.4149761 2.2842412 19.753664
v 23.0324802 1.31221831 20.2231522
v 24.2686119 1.31230223 20.6430149
v 24.2530346 2.28429651 20.0382118
v 22.4199219 3.28706646 22.7028351
v 23.2392178 3.2870779 22.9813995
v 23.2505226 2.28003788 22.986372
v 22.4123192 2.28003025 22.7013245
v 23.4149761 2.2842412 19.753664
v 23.4237862 3.29181147 19.7512169
v 22.4473667 3.41092157 20.0368176
v 22.3334751 2.1622014 20.003336
v 24.9666214 2.16236925 20.8977375
v 24.2530346 2.28429651 20.0382118
v 24.2686119 1.31230223 20.6430149
v 24.6762524 1.35869098 21.461956
v 22.4417572 4.33061123 22.1140862
v 22.4199219 3.28706646 22.7028351
v 21.8169708 3.4079771 21.8889847
v 22.221899 4.28364086 21.3636589
v 24.221693 4.33400583 20.6184998
v 24.2430763 3.29186869 20.0295334
v 24.843689 3.41108942 20.8506241
v 24.4392395 4.28493738 21.3742733
v 23.629591 1.30948722 22.5219002
v 23.2505226 2.28003788 22.986372
v 24.3373241 2.15971279 22.7479515
v 24.4503593 1.35769928 22.1263103
v 24.221693 4.33400583 20.6184998
v 23.0814629 4.33392191 20.2313519
v 23.4237862 3.29181147 19.7512169
v 24.2430763 3.29186869 20.0295334
v 22.4473667 3.41092157 20.0368176
v 21.719017 3.28394198 20.8264809
v 21.6041012 2.28544307 20.7907562
v 22.3334751 2.1622014 20.003336
v 23.629591 1.30948722 22.5219002
v 22.3935757 1.3094548 22.1017818
v 22.4123192 2.28003025 22.7013245
v 23.2505226 2.28003788 22.986372
v 21.70438 2.15965366 21.8528767
v 21.8169708 3.4079771 21.8889847
v 22.4199219 3.28706646 22.7028351
v 22.4123192 2.28003025 22.7013245
v 22.4483242 4.28478479 20.6982651
v 23.432497 4.71196604 21.069397
v 23.2315044 4.71083355 21.6602802
v 22.221899 4.28364086 21.3636589
v 24.2139912 3.40806484 22.7036228
v 24.3373241 2.15971279 22.7479515
v 23.2505226 2.28003788 22.986372
v 23.2392178 3.2870779 22.9813995
v 24.4503593 1.35769928 22.1263103
v 24.7615967 2.16054416 22.2400513
v 24.9930401 2.16153026 21.5597153
v 24.6762524 1.35869098 21.461956
v 24.986517 3.4019115 21.5202274
v 24.9930401 2.16153026 21.5597153
v 24.7615967 2.16054416 22.2400513
v 24.6889324 3.38342547 22.2065868
v 24.4392395 4.28493738 21.3742733
v 24.986517 3.4019115 21.5202274
v 24.6889324 3.38342547 22.2065868
v 24.2128296 4.28376293 22.0398903
v 24.9930401 2.16153026 21.5597153
v 24.986517 3.4019115 21.5202274
v 24.843689 3.41108942 20.8506241
v 24.9666214 2.16236925 20.8977375
v 23.3476677 -0.40173158 16.3216381
v 23.5068607 -0.401731551 16.4606934
v 23.5068607 1.24298656 16.4606934
v 23.3476677 1.24298656 16.3216381
v 23.4238205 -0.401731521 16.6549606
v 23.2132778 -0.401731521 16.6361332
v 23.2132778 1.24298668 16.6361332
v 23.4238205 1.24298668 16.6549606
v 23.1662617 -0.401731551 16.4300537
v 23.3476677 -0.40173158 16.3216381
v 23.3476677 1.24298656 16.3216381
v 23.1662617 1.24298656 16.4300537
v 23.5068607 -0.401731551 16.4606934
v 23.4238205 -0.401731521 16.6549606
v 23.4238205 1.24298668 16.6549606
v 23.5068607 1.24298656 16.4606934
v 23.2132778 -0.401731521 16.6361332
v 23.1662617 -0.401731551 16.4300537
v 23.1662617 1.24298656 16.4300537
v 23.2132778 1.24298668 16.6361332
v 23.7516785 4.28689003 17.5452557
v 24.2261925 4.23924065 16.9904633
v 24.3314457 3.3918438 17.6208057
v 23.5311546 3.27633882 18.062191
v 23.9343834 3.27173781 15.074852
v 24.008379 4.28367805 15.6398191
v 22.9610062 4.28372383 15.468256
v 23.1811008 3.27174926 14.951292
v 23.3156242 4.65348244 16.8072777
v 22.3958015 4.23938942 16.6910992
v 22.4868031 4.23824883 16.017437
v 23.396307 4.6523838 16.2092247
v 22.7779388 3.27639604 17.9388962
v 23.5311546 3.27633882 18.062191
v 23.5384464 2.29928613 18.0583649
v 22.7679024 2.29933953 17.9323521
v 24.0520191 1.35402274 15.6431847
v 24.5202541 1.40070713 16.3453732
v 24.688055 2.17847037 15.7610312
v 23.9411583 2.29520202 15.0749702
v 24.688055 2.17847037 15.7610312
v 24.9425163 2.30045128 16.7560272
v 24.8373375 3.26870918 16.7418785
v 24.5848503 3.38898635 15.7461119
v 22.3810558 3.38907027 15.3849955
v 22.0483685 3.36517906 15.9410458
v 21.9800854 2.17933464 15.9217281
v 22.2673168 2.17852759 15.3641148
v 23.7953663 1.35670292 17.5445442
v 23.5384464 2.29928613 18.0583649
v 24.4353638 2.18094254 17.6329422
v 24.4293957 1.4016304 17.0174732
v 22.3810558 3.38907027 15.3849955
v 23.1811008 3.27174926 14.951292
v 22.9610062 4.28372383 15.468256
v 22.4868031 4.23824883 16.017437
v 23.5384464 2.29928613 18.0583649
v 23.7953663 1.35670292 17.5445442
v 22.6589661 1.35678303 17.3585548
v 22.7679024 2.29933953 17.9323521
v 23.9343834 3.27173781 15.074852
v 23.1811008 3.27174926 14.951292
v 23.1705112 2.29520965 14.9485607
v 23.9411583 2.29520202 15.0749702
v 23.5384464 2.29928613 18.0583649
v 23.5311546 3.27633882 18.062191
v 24.3314457 3.3918438 17.6208057
v 24.4353638 2.18094254 17.6329422
v 22.0144768 2.18110466 17.2367134
v 22.7679024 2.29933953 17.9323521
v 22.6589661 1.35678303 17.3585548
v 22.1768303 1.40176773 16.6486359
v 24.008379 4.28367805 15.6398191
v 23.9343834 3.27173781 15.074852
v 24.5848503 3.38898635 15.7461119
v 24.317215 4.23813057 16.3169937
v 22.7034721 4.28697014 17.3737984
v 22.7779388 3.27639604 17.9388962
v 22.1283207 3.39200401 17.2603607
v 22.3958015 4.23938942 16.6910992
v 22.9156704 1.35405326 15.4569559
v 23.1705112 2.29520965 14.9485607
v 22.2673168 2.17852759 15.3641148
v 22.2674999 1.40080631 15.9762459
v 22.7034721 4.28697014 17.3737984
v 23.7516785 4.28689003 17.5452557
v 23.5311546 3.27633882 18.062191
v 22.7779388 3.27639604 17.9388962
v 24.3314457 3.3918438 17.6208057
v 24.8373375 3.26870918 16.7418785
v 24.9425163 2.30045128 16.7560272
v 24.4353638 2.18094254 17.6329422
v 22.9156704 1.35405326 15.4569559
v 24.0520191 1.35402274 15.6431847
v 23.9411583 2.29520202 15.0749702
v 23.1705112 2.29520965 14.9485607
v 24.688055 2.17847037 15.7610312
v 24.5848503 3.38898635 15.7461119
v 23.9343834 3.27173781 15.074852
v 23.9411583 2.29520202 15.0749702
v 24.2261925 4.23924065 16.9904633
v 23.3156242 4.65348244 16.8072777
v 23.396307 4.6523838 16.2092247
v 24.317215 4.23813057 16.3169937
v 22.3810558 3.38907027 15.3849955
v 22.2673168 2.17852759 15.3641148
v 23.1705112 2.29520965 14.9485607
v 23.1811008 3.27174926 14.951292
v 22.2674999 1.40080631 15.9762459
v 21.9800854 2.17933464 15.9217281
v 21.8871155 2.18029022 16.6103497
v 22.1768303 1.40176773 16.6486359
v 21.8990746 3.38310432 16.6468334
v 21.8871155 2.18029022 16.6103497
v 21.9800854 2.17933464 15.9217281
v 22.0483685 3.36517906 15.9410458
v 22.3958015 4.23938942 16.6910992
v 21.8990746 3.38310432 16.6468334
v 22.0483685 3.36517906 15.9410458
v 22.4868031 4.23824883 16.017437
v 21.8871155 2.18029022 16.6103497
v 21.8990746 3.38310432 16.6468334
v 22.1283207 3.39200401 17.2603607
v 22.0144768 2.18110466 17.2367134
v 43.2717896 -0.401731402 21.6802063
v 43.1025391 -0.401731402 21.553627
v 43.1025391 1.2429868 21.553627
v 43.2717896 1.2429868 21.6802063
v 43.170578 -0.401731431 21.353611
v 43.3819351 -0.401731461 21.3564224
v 43.3819351 1.24298668 21.3564224
v 43.170578 1.24298668 21.353611
v 43.4444923 -0.401731431 21.5583229
v 43.2717896 -0.401731402 21.6802063
v 43.2717896 1.2429868 21.6802063
v 43.4444923 1.2429868 21.5583229
v 43.1025391 -0.401731402 21.553627
v 43.170578 -0.401731431 21.353611
v 43.170578 1.24298668 21.353611
v 43.1025391 1.2429868 21.553627
v 43.3819351 -0.401731461 21.3564224
v 43.4444923 -0.401731431 21.5583229
v 43.4444923 1.2429868 21.5583229
v 43.3819351 1.24298668 21.3564224
v 43.0074692 4.33392143 20.3759308
v 42.3743248 4.28478432 20.8428421
v 42.3733673 3.4109211 20.1813946
v 43.3497887 3.29181075 19.8957939
v 42.3459244 3.28706574 22.8474121
v 42.3677597 4.33061028 22.2586632
v 43.5070038 4.33065653 22.6457596
v 43.1652222 3.28707719 23.1259766
v 43.3584976 4.71196556 21.213974
v 44.365242 4.2849369 21.5188484
v 44.1388359 4.28376198 22.1844673
v 43.157505 4.7108326 21.8048553
v 44.169075 3.29186797 20.1741104
v 43.3497887 3.29181075 19.8957939
v 43.3409805 2.28424048 19.898243
v 44.1790352 2.2842958 20.1827888
v 42.3195801 1.3094542 22.2463589
v 41.926136 1.35759747 21.4381752
v 41.6303825 2.15965295 21.9974556
v 42.3383217 2.28002954 22.8459015
v 41.6303825 2.15965295 21.9974556
v 41.5301056 2.28544235 20.9353371
v 41.6450195 3.28394127 20.9710579
v 41.7429733 3.40797639 22.0335617
v 44.1399956 3.40806413 22.8482018
v 44.614933 3.383425 22.3511639
v 44.6875992 2.16054368 22.3846283
v 44.2633286 2.15971208 22.8925285
v 42.9584846 1.31221759 20.3677292
v 43.3409805 2.28424048 19.898243
v 42.2594795 2.16220093 20.1479149
v 42.1521454 1.35854912 20.7741585
v 44.1399956 3.40806413 22.8482018
v 43.1652222 3.28707719 23.1259766
v 43.5070038 4.33065653 22.6457596
v 44.1388359 4.28376198 22.1844673
v 43.3409805 2.28424048 19.898243
v 42.9584846 1.31221759 20.3677292
v 44.1946144 1.31230152 20.7875919
v 44.1790352 2.2842958 20.1827888
v 42.3459244 3.28706574 22.8474121
v 43.1652222 3.28707719 23.1259766
v 43.1765251 2.28003716 23.130949
v 42.3383217 2.28002954 22.8459015
v 43.3409805 2.28424048 19.898243
v 43.3497887 3.29181075 19.8957939
v 42.3733673 3.4109211 20.1813946
v 42.2594795 2.16220093 20.1479149
v 44.8926239 2.16236877 21.0423164
v 44.1790352 2.2842958 20.1827888
v 44.1946144 1.31230152 20.7875919
v 44.602253 1.35869026 21.6065331
v 42.3677597 4.33061028 22.2586632
v 42.3459244 3.28706574 22.8474121
v 41.7429733 3.40797639 22.0335617
v 42.1479034 4.28363991 21.5082359
v 44.1476974 4.33400536 20.7630768
v 44.169075 3.29186797 20.1741104
v 44.7696953 3.41108894 20.9952011
v 44.365242 4.2849369 21.5188484
v 43.5555954 1.30948663 22.6664772
v 43.1765251 2.28003716 23.130949
v 44.2633286 2.15971208 22.8925285
v 44.3763618 1.35769856 22.2708874
v 44.1476974 4.33400536 20.7630768
v 43.0074692 4.33392143 20.3759308
v 43.3497887 3.29181075 19.8957939
v 44.169075 3.29186797 20.1741104
v 42.3733673 3.4109211 20.1813946
v 41.6450195 3.28394127 20.9710579
v 41.5301056 2.28544235 20.9353371
v 42.2594795 2.16220093 20.1479149
v 43.5555954 1.30948663 22.6664772
v 42.3195801 1.3094542 22.2463589
v 42.3383217 2.28002954 22.8459015
v 43.1765251 2.28003716 23.130949
v 41.6303825 2.15965295 21.9974556
v 41.7429733 3.40797639 22.0335617
v 42.3459244 3.28706574 22.8474121
v 42.3383217 2.28002954 22.8459015
v 42.3743248 4.28478432 20.8428421
v 43.3584976 4.71196556 21.213974
v 43.157505 4.7108326 21.8048553
v 42.1479034 4.28363991 21.5082359
v 44.1399956 3.40806413 22.8482018
v 44.2633286 2.15971208 22.8925285
v 43.1765251 2.28003716 23.130949
v 43.1652222 3.28707719 23.1259766
v 44.3763618 1.35769856 22.2708874
v 44.6875992 2.16054368 22.3846283
v 44.9190445 2.16152954 21.7042923
v 44.602253 1.35869026 21.6065331
v 44.9125175 3.40191078 21.6648064
v 44.9190445 2.16152954 21.7042923
v 44.6875992 2.16054368 22.3846283
v 44.614933 3.383425 22.3511639
v 44.365242 4.2849369 21.5188484
v 44.9125175 3.40191078 21.6648064
v 44.614933 3.383425 22.3511639
v 44.1388359 4.28376198 22.1844673
v 44.9190445 2.16152954 21.7042923
v 44.9125175 3.40191078 21.6648064
v 44.7696953 3.41108894 20.9952011
v 44.8926239 2.16236877 21.0423164
v 43.2736702 -0.401732236 16.4662151
v 43.4328651 -0.401732206 16.6052704
v 43.4328651 1.24298596 16.6052704
v 43.2736702 1.24298596 16.4662151
v 43.349823 -0.401732177 16.7995377
v 43.1392784 -0.401732177 16.7807121
v 43.1392784 1.24298596 16.7807121
v 43.349823 1.24298596 16.7995377
v 43.0922623 -0.401732206 16.5746307
v 43.2736702 -0.401732236 16.4662151
v 43.2736702 1.24298596 16.4662151
v 43.0922623 1.24298596 16.5746307
v 43.4328651 -0.401732206 16.6052704
v 43.349823 -0.401732177 16.7995377
v 43.349823 1.24298596 16.7995377
v 43.4328651 1.24298596 16.6052704
v 43.1392784 -0.401732177 16.7807121
v 43.0922623 -0.401732206 16.5746307
v 43.0922623 1.24298596 16.5746307
v 43.1392784 1.24298596 16.7807121
v 43.677681 4.28688955 17.6898327
v 44.152195 4.23924017 17.1350403
v 44.2574463 3.39184332 17.7653828
v 43.4571533 3.2763381 18.2067699
v 43.8603859 3.2717371 15.21943
v 43.9343834 4.2836771 15.7843971
v 42.8870087 4.28372288 15.612833
v 43.1071053 3.27174854 15.0958691
v 43.2416267 4.65348196 16.9518547
v 42.321804 4.23938894 16.8356762
v 42.4128075 4.23824787 16.162014
v 43.3223076 4.65238285 16.3538017
v 42.7039413 3.27639532 18.0834732
v 43.4571533 3.2763381 18.2067699
v 43.4644508 2.29928541 18.2029419
v 42.6939087 2.29933882 18.0769291
v 43.9780235 1.35402215 15.7877617
v 44.4462585 1.40070653 16.4899502
v 44.6140594 2.17846966 15.9056091
v 43.8671608 2.2952013 15.2195482
v 44.6140594 2.17846966 15.9056091
v 44.868515 2.30045056 16.9006042
v 44.7633438 3.26870847 16.8864555
v 44.5108528 3.38898563 15.8906889
v 42.3070602 3.38906956 15.5295715
v 41.9743729 3.36517835 16.0856228
v 41.906086 2.17933393 16.0663071
v 42.1933212 2.17852688 15.5086918
v 43.7213707 1.35670221 17.6891232
v 43.4644508 2.29928541 18.2029419
v 44.3613663 2.18094206 17.7775211
v 44.3553963 1.40162969 17.1620502
v 42.3070602 3.38906956 15.5295715
v 43.1071053 3.27174854 15.0958691
v 42.8870087 4.28372288 15.612833
v 42.4128075 4.23824787 16.162014
v 43.4644508 2.29928541 18.2029419
v 43.7213707 1.35670221 17.6891232
v 42.5849686 1.35678232 17.5031338
v 42.6939087 2.29933882 18.0769291
v 43.8603859 3.2717371 15.21943
v 43.1071053 3.27174854 15.0958691
v 43.0965157 2.29520893 15.0931396
v 43.8671608 2.2952013 15.2195482
v 43.4644508 2.29928541 18.2029419
v 43.4571533 3.2763381 18.2067699
v 44.2574463 3.39184332 17.7653828
v 44.3613663 2.18094206 17.7775211
v 41.9404793 2.18110418 17.3812904
v 42.6939087 2.29933882 18.0769291
v 42.5849686 1.35678232 17.5031338
v 42.102829 1.40176713 16.7932129
v 43.9343834 4.2836771 15.7843971
v 43.8603859 3.2717371 15.21943
v 44.5108528 3.38898563 15.8906889
v 44.2432213 4.23812962 16.4615707
v 42.6294746 4.28696966 17.5183754
v 42.7039413 3.27639532 18.0834732
v 42.0543251 3.39200354 17.4049377
v 42.321804 4.23938894 16.8356762
v 42.8416748 1.35405266 15.6015339
v 43.0965157 2.29520893 15.0931396
v 42.1933212 2.17852688 15.5086918
v 42.1935043 1.40080571 16.1208229
v 42.6294746 4.28696966 17.5183754
v 43.677681 4.28688955 17.6898327
v 43.4571533 3.2763381 18.2067699
v 42.7039413 3.27639532 18.0834732
v 44.2574463 3.39184332 17.7653828
v 44.7633438 3.26870847 16.8864555
v 44.868515 2.30045056 16.9006042
v 44.3613663 2.18094206 17.7775211
v 42.8416748 1.35405266 15.6015339
v 43.9780235 1.35402215 15.7877617
v 43.8671608 2.2952013 15.2195482
v 43.0965157 2.29520893 15.0931396
v 44.6140594 2.17846966 15.9056091
v 44.5108528 3.38898563 15.8906889
v 43.8603859 3.2717371 15.21943
v 43.8671608 2.2952013 15.2195482
v 44.152195 4.23924017 17.1350403
v 43.2416267 4.65348196 16.9518547
v 43.3223076 4.65238285 16.3538017
v 44.2432213 4.23812962 16.4615707
v 42.3070602 3.38906956 15.5295715
v 42.1933212 2.17852688 15.5086918
v 43.0965157 2.29520893 15.0931396
v 43.1071053 3.27174854 15.0958691
v 42.1935043 1.40080571 16.1208229
v 41.906086 2.17933393 16.0663071
v 41.813118 2.18028951 16.7549286
v 42.102829 1.40176713 16.7932129
v 41.8250809 3.38310361 16.7914104
v 41.813118 2.18028951 16.7549286
v 41.906086 2.17933393 16.0663071
v 41.9743729 3.36517835 16.0856228
v 42.321804 4.23938894 16.8356762
v 41.8250809 3.38310361 16.7914104
v 41.9743729 3.36517835 16.0856228
v 42.4128075 4.23824787 16.162014
v 41.813118 2.18028951 16.7549286
v 41.8250809 3.38310361 16.7914104
v 42.0543251 3.39200354 17.4049377
v 41.9404793 2.18110418 17.3812904
v -29.8914852 19.6347275 5.48000145
v -29.9974308 20.1950626 5.48000145
v -29.9974308 19.6347275 5.48000145
v -29.8914852 20.1950626 5.48000145
vt 0.056264773 0.543165922
vt 0.0469628274 0.530073941
vt 0.0436461382 0.534003913
vt 0.0560397021 0.544670463
vt 0.056264773 0.543165922
vt 0.0420089923 0.53638339
vt 0.0527420118 0.527329862
vt 0.0488800183 0.528797746
vt 0.0579208359 0.542941272
vt 0.0480778664 0.578878999
vt 0.0562025309 0.56336695
vt 0.0443476886 0.576777637
vt 0.0547377057 0.562662184
vt 0.0562025309 0.56336695
vt 0.0564815924 0.561540782
vt 0.0777604431 0.544453621
vt 0.0911175385 0.537018239
vt 0.0883894116 0.532769382
vt 0.0778064951 0.54595077
vt 0.0924139395 0.539529085
vt 0.0777604431 0.544453621
vt 0.0830965191 0.52937001
vt 0.0761614963 0.544040322
vt 0.0866768807 0.531288922
vt 0.0822285488 0.578353047
vt 0.0856482834 0.576809585
vt 0.0759522617 0.564365864
vt 0.0774457529 0.563780069
vt 0.075811483 0.562510312
vt 0.0759522617 0.564365864
vt 0.0894553587 0.413782865
vt 0.0795566738 0.4011361
vt 0.0764256492 0.405215621
vt 0.0893003494 0.415296227
vt 0.0894553587 0.413782865
vt 0.0749006346 0.407668322
vt 0.0852023661 0.398127168
vt 0.0814125016 0.399772465
vt 0.0910992324 0.413481712
vt 0.0829326585 0.449836969
vt 0.0903296843 0.433965087
vt 0.0791091323 0.447910726
vt 0.0888336897 0.433328867
vt 0.0903296843 0.433965087
vt 0.09052369 0.432127804
vt 0.110987693 0.414072782
vt 0.123985827 0.406026125
vt 0.121063605 0.401908278
vt 0.111103028 0.415566266
vt 0.125397146 0.408474326
vt 0.110987693 0.414072782
vt 0.115618832 0.398757964
vt 0.10937123 0.413734049
vt 0.119284272 0.400508821
vt 0.117022276 0.447728753
vt 0.120366842 0.446028322
vt 0.110104427 0.434047401
vt 0.111569211 0.433393002
vt 0.10987784 0.432200372
vt 0.110104427 0.434047401
vt 0.0888077319 0.479393959
vt 0.079125613 0.46658057
vt 0.0759256482 0.470606267
vt 0.0886268914 0.48090452
vt 0.0888077319 0.479393959
vt 0.0743590891 0.473032564
vt 0.0878533125 0.498926669
vt 0.0729775205 0.507270694
vt 0.0760484934 0.511773348
vt 0.0848217979 0.463668168
vt 0.0810045451 0.465248734
vt 0.0904564187 0.47912088
vt 0.0816721097 0.515331984
vt 0.0893381834 0.499588221
vt 0.077881895 0.51334089
vt 0.0878533125 0.498926669
vt 0.0893381834 0.499588221
vt 0.0895634592 0.497754574
vt 0.110331923 0.480050474
vt 0.123465106 0.472226411
vt 0.120613441 0.468059421
vt 0.110421814 0.481545657
vt 0.124834552 0.474698186
vt 0.110331923 0.480050474
vt 0.115223102 0.464816779
vt 0.108721465 0.479684323
vt 0.118858211 0.466629833
vt 0.115792736 0.513804197
vt 0.119165637 0.512161016
vt 0.109108716 0.500007153
vt 0.110584445 0.499377757
vt 0.108913548 0.498156607
vt 0.109108716 0.500007153
vt 0.0441036895 0.479946733
vt 0.0543503538 0.467580169
vt 0.0573666543 0.471745193
vt 0.0442165732 0.48146385
vt 0.0441036895 0.479946733
vt 0.058822941 0.474239379
vt 0.0487904996 0.464415401
vt 0.0525330901 0.466165513
vt 0.0424688272 0.479600012
vt 0.0496212691 0.516168475
vt 0.0426685214 0.500096858
vt 0.053496927 0.514349282
vt 0.0441816226 0.499502599
vt 0.0426685214 0.500096858
vt 0.0425256528 0.498255014
vt 0.022571709 0.479637772
vt 0.00980241969 0.471232891
vt 0.0128380135 0.467197865
vt 0.0224148184 0.481127441
vt 0.0083235614 0.473640829
vt 0.022571709 0.479637772
vt 0.0183681995 0.464200199
vt 0.0241968855 0.479344219
vt 0.0146555379 0.465848505
vt 0.0156034306 0.513112903
vt 0.0123074949 0.511320055
vt 0.0228991583 0.499629289
vt 0.0214531198 0.498934358
vt 0.0231770054 0.497789264
vt 0.0228991583 0.499629289
vt 0.0247333124 0.414845049
vt 0.0146426484 0.402350783
vt 0.0115743168 0.40647769
vt 0.0246014036 0.416360617
vt 0.0247333124 0.414845049
vt 0.0100868419 0.408953369
vt 0.0202417821 0.399256051
vt 0.0164775252 0.400959015
vt 0.0263723992 0.414518803
vt 0.0355247408 0.414484799
vt 0.026340872 0.416321099
vt 0.0446939319 0.416283011
vt 0.026340872 0.416321099
vt 0.0263723992 0.414518803
vt 0.0247333124 0.414845049
vt 0.0246014036 0.416360617
vt 0.0446939319 0.416283011
vt 0.0446461178 0.414492339
vt 0.0462675542 0.414806277
vt 0.0464056656 0.416297823
vt 0.0187616125 0.450994611
vt 0.0259154327 0.435011595
vt 0.0149090849 0.449126959
vt 0.0244100466 0.434398293
vt 0.0259154327 0.435011595
vt 0.0260814689 0.4331716
vt 0.0462675542 0.414806277
vt 0.0591413118 0.406562269
vt 0.0561565943 0.402489573
vt 0.0464056656 0.416297823
vt 0.060589835 0.408988565
vt 0.0462675542 0.414806277
vt 0.0506643876 0.399422646
vt 0.0446461178 0.414492339
vt 0.0543561392 0.401117414
vt 0.0528151244 0.448366225
vt 0.0561332926 0.446614951
vt 0.0456892475 0.434792101
vt 0.0471438207 0.43411535
vt 0.0454344526 0.432948768
vt 0.0456892475 0.434792101
vt 0.710315406 0.0184583645
vt 0.701668739 0.0184583645
vt 0.705069065 0.0184583645
vt 0.710315406 0.0184583645
vt 0.705069065 0.0184583645
vt 0.706914961 0.0184583645
vt 0.686434805 0.0139892101
vt 0.681965768 0.0139892101
vt 0.683170438 0.0139892101
vt 0.686434805 0.0139892101
vt 0.683170438 0.0139892101
vt 0.684919238 0.0139892101
vt 0.23574771 0.0127596334
vt 0.243085042 0.0124045312
vt 0.236988261 0.0177681595
vt 0.235846654 0.00879798084
vt 0.235952511 0.00455140322
vt 0.247716084 0.00909406692
vt 0.875146687 0.808760703
vt 0.873684108 0.807753742
vt 0.87386179 0.809575021
vt 0.871368468 0.809895992
vt 0.871922076 0.806949317
vt 0.866835594 0.809146047
vt 0.87386179 0.809575021
vt 0.872862458 0.808565855
vt 0.871368468 0.809895992
vt 0.871368468 0.809895992
vt 0.866835594 0.809146047
vt 0.867284775 0.814203084
vt 0.876992464 0.805292368
vt 0.874456465 0.8075611
vt 0.875146687 0.808760703
vt 0.871368468 0.809895992
vt 0.872862458 0.808565855
vt 0.871922076 0.806949317
vt 0.87386179 0.809575021
vt 0.873684108 0.807753742
vt 0.872862458 0.808565855
vt 0.875146687 0.808760703
vt 0.874456465 0.8075611
vt 0.873684108 0.807753742
vt 0.876992464 0.805292368
vt 0.871922076 0.806949317
vt 0.874456465 0.8075611
vt 0.875146687 0.808760703
vt 0.87386179 0.809575021
vt 0.874858677 0.811108172
vt 0.876992464 0.805292368
vt 0.875146687 0.808760703
vt 0.877256155 0.809911489
vt 0.87386179 0.809575021
vt 0.871368468 0.809895992
vt 0.871736228 0.812504768
vt 0.877256155 0.809911489
vt 0.882035136 0.827767074
vt 0.882035136 0.807726383
vt 0.871736228 0.812504768
vt 0.882035136 0.827767074
vt 0.874858677 0.811108172
vt 0.867284775 0.814203084
vt 0.882035136 0.827767074
vt 0.871736228 0.812504768
vt 0.874858677 0.811108172
vt 0.882035136 0.827767074
vt 0.877256155 0.809911489
vt 0.872862458 0.808565855
vt 0.873684108 0.807753742
vt 0.874456465 0.8075611
vt 0.871368468 0.809895992
vt 0.867284775 0.814203084
vt 0.871736228 0.812504768
vt 0.875146687 0.808760703
vt 0.874858677 0.811108172
vt 0.877256155 0.809911489
vt 0.876992464 0.805292368
vt 0.877256155 0.809911489
vt 0.882035136 0.807726383
vt 0.87386179 0.809575021
vt 0.871736228 0.812504768
vt 0.874858677 0.811108172
vt 0.872862458 0.808565855
vt 0.874456465 0.8075611
vt 0.871922076 0.806949317
vt 0.97312355 0.808640718
vt 0.969125688 0.812968194
vt 0.97356683 0.811262667
vt 0.978488147 0.803597093
vt 0.979145527 0.808448672
vt 0.983778596 0.806080818
vt 0.977170706 0.807355821
vt 0.97675401 0.809867203
vt 0.979145527 0.808448672
vt 0.97675401 0.809867203
vt 0.983778596 0.826035261
vt 0.979145527 0.808448672
vt 0.977170706 0.807355821
vt 0.975942016 0.805391133
vt 0.975870728 0.807293057
vt 0.97312355 0.808640718
vt 0.968523145 0.807890058
vt 0.969125688 0.812968194
vt 0.97312355 0.808640718
vt 0.973544717 0.80547601
vt 0.968523145 0.807890058
vt 0.978488147 0.803597093
vt 0.977170706 0.807355821
vt 0.979145527 0.808448672
vt 0.975762665 0.80857861
vt 0.975870728 0.807293057
vt 0.974708796 0.80745852
vt 0.969125688 0.812968194
vt 0.983778596 0.826035261
vt 0.97356683 0.811262667
vt 0.978488147 0.803597093
vt 0.973544717 0.80547601
vt 0.975942016 0.805391133
vt 0.979145527 0.808448672
vt 0.983778596 0.826035261
vt 0.983778596 0.806080818
vt 0.975762665 0.80857861
vt 0.97312355 0.808640718
vt 0.97356683 0.811262667
vt 0.978488147 0.803597093
vt 0.975942016 0.805391133
vt 0.977170706 0.807355821
vt 0.97356683 0.811262667
vt 0.983778596 0.826035261
vt 0.97675401 0.809867203
vt 0.977170706 0.807355821
vt 0.975762665 0.80857861
vt 0.97675401 0.809867203
vt 0.977170706 0.807355821
vt 0.975870728 0.807293057
vt 0.975762665 0.80857861
vt 0.975762665 0.80857861
vt 0.974708796 0.80745852
vt 0.97312355 0.808640718
vt 0.97312355 0.808640718
vt 0.974708796 0.80745852
vt 0.973544717 0.80547601
vt 0.975762665 0.80857861
vt 0.97356683 0.811262667
vt 0.97675401 0.809867203
vt 0.942221284 0.807879686
vt 0.941221833 0.806870699
vt 0.939727843 0.808200836
vt 0.941221833 0.806870699
vt 0.94281584 0.805865884
vt 0.940281749 0.805253983
vt 0.940095603 0.810809553
vt 0.95039463 0.82607168
vt 0.94321835 0.809412777
vt 0.943506062 0.807065487
vt 0.94321835 0.809412777
vt 0.945615709 0.808216214
vt 0.939727843 0.808200836
vt 0.940281749 0.805253983
vt 0.935195148 0.807450831
vt 0.942221284 0.807879686
vt 0.942043602 0.806058466
vt 0.941221833 0.806870699
vt 0.939727843 0.808200836
vt 0.935644329 0.812507927
vt 0.940095603 0.810809553
vt 0.942221284 0.807879686
vt 0.939727843 0.808200836
vt 0.940095603 0.810809553
vt 0.945351899 0.803597033
vt 0.945615709 0.808216214
vt 0.95039463 0.806030989
vt 0.943506062 0.807065487
vt 0.942043602 0.806058466
vt 0.942221284 0.807879686
vt 0.945351899 0.803597033
vt 0.940281749 0.805253983
vt 0.94281584 0.805865884
vt 0.945615709 0.808216214
vt 0.95039463 0.82607168
vt 0.95039463 0.806030989
vt 0.945351899 0.803597033
vt 0.94281584 0.805865884
vt 0.943506062 0.807065487
vt 0.945351899 0.803597033
vt 0.943506062 0.807065487
vt 0.945615709 0.808216214
vt 0.942221284 0.807879686
vt 0.940095603 0.810809553
vt 0.94321835 0.809412777
vt 0.941221833 0.806870699
vt 0.942043602 0.806058466
vt 0.94281584 0.805865884
vt 0.94321835 0.809412777
vt 0.95039463 0.82607168
vt 0.945615709 0.808216214
vt 0.939727843 0.808200836
vt 0.935195148 0.807450831
vt 0.935644329 0.812507927
vt 0.943506062 0.807065487
vt 0.942221284 0.807879686
vt 0.94321835 0.809412777
vt 0.939727843 0.808200836
vt 0.941221833 0.806870699
vt 0.940281749 0.805253983
vt 0.935644329 0.812507927
vt 0.95039463 0.82607168
vt 0.940095603 0.810809553
vt 0.943506062 0.807065487
vt 0.94281584 0.805865884
vt 0.942043602 0.806058466
vt 0.958885014 0.807879627
vt 0.956759334 0.810809493
vt 0.959881902 0.809412777
vt 0.957885385 0.806870699
vt 0.958707333 0.806058407
vt 0.959479392 0.805865884
vt 0.956391394 0.808200836
vt 0.951858878 0.807450712
vt 0.952308059 0.812507749
vt 0.956391394 0.808200836
vt 0.957885385 0.806870699
vt 0.956945121 0.805253983
vt 0.956391394 0.808200836
vt 0.952308059 0.812507749
vt 0.956759334 0.810809493
vt 0.952308059 0.812507749
vt 0.96705842 0.826071739
vt 0.956759334 0.810809493
vt 0.962015688 0.803597033
vt 0.960169613 0.807065547
vt 0.962279439 0.808216214
vt 0.962015688 0.803597033
vt 0.962279439 0.808216214
vt 0.96705842 0.806031048
vt 0.962015688 0.803597033
vt 0.956945121 0.805253983
vt 0.959479392 0.805865884
vt 0.960169613 0.807065547
vt 0.958885014 0.807879627
vt 0.959881902 0.809412777
vt 0.958885014 0.807879627
vt 0.956391394 0.808200836
vt 0.956759334 0.810809493
vt 0.962015688 0.803597033
vt 0.959479392 0.805865884
vt 0.960169613 0.807065547
vt 0.962279439 0.808216214
vt 0.96705842 0.826071739
vt 0.96705842 0.806031048
vt 0.959881902 0.809412777
vt 0.96705842 0.826071739
vt 0.962279439 0.808216214
vt 0.958885014 0.807879627
vt 0.958707333 0.806058407
vt 0.957885385 0.806870699
vt 0.960169613 0.807065547
vt 0.958707333 0.806058407
vt 0.958885014 0.807879627
vt 0.958885014 0.807879627
vt 0.957885385 0.806870699
vt 0.956391394 0.808200836
vt 0.960169613 0.807065547
vt 0.959881902 0.809412777
vt 0.962279439 0.808216214
vt 0.957885385 0.806870699
vt 0.959479392 0.805865884
vt 0.956945121 0.805253983
vt 0.960169613 0.807065547
vt 0.959479392 0.805865884
vt 0.958707333 0.806058407
vt 0.956759334 0.810809493
vt 0.96705842 0.826071739
vt 0.959881902 0.809412777
vt 0.956391394 0.808200836
vt 0.956945121 0.805253983
vt 0.951858878 0.807450712
vt 0.891522765 0.811108172
vt 0.898699284 0.827767134
vt 0.893920302 0.809911609
vt 0.890525937 0.809575081
vt 0.890348256 0.807753801
vt 0.889526427 0.808566034
vt 0.893920302 0.809911609
vt 0.898699284 0.827767134
vt 0.898699284 0.807726443
vt 0.890525937 0.809575081
vt 0.889526427 0.808566034
vt 0.888032436 0.809896171
vt 0.889526427 0.808566034
vt 0.891120434 0.807561219
vt 0.888586164 0.806949317
vt 0.891810656 0.808760822
vt 0.891120434 0.807561219
vt 0.890348256 0.807753801
vt 0.883948922 0.814203143
vt 0.898699284 0.827767134
vt 0.888400376 0.812504828
vt 0.893656552 0.805292428
vt 0.891120434 0.807561219
vt 0.891810656 0.808760822
vt 0.888400376 0.812504828
vt 0.898699284 0.827767134
vt 0.891522765 0.811108172
vt 0.888032436 0.809896171
vt 0.883948922 0.814203143
vt 0.888400376 0.812504828
vt 0.893656552 0.805292428
vt 0.888586164 0.806949317
vt 0.891120434 0.807561219
vt 0.891810656 0.808760822
vt 0.891522765 0.811108172
vt 0.893920302 0.809911609
vt 0.893656552 0.805292428
vt 0.891810656 0.808760822
vt 0.893920302 0.809911609
vt 0.890525937 0.809575081
vt 0.888032436 0.809896171
vt 0.888400376 0.812504828
vt 0.891810656 0.808760822
vt 0.890525937 0.809575081
vt 0.891522765 0.811108172
vt 0.891810656 0.808760822
vt 0.890348256 0.807753801
vt 0.890525937 0.809575081
vt 0.888032436 0.809896171
vt 0.889526427 0.808566034
vt 0.888586164 0.806949317
vt 0.893656552 0.805292428
vt 0.893920302 0.809911609
vt 0.898699284 0.807726443
vt 0.890525937 0.809575081
vt 0.888400376 0.812504828
vt 0.891522765 0.811108172
vt 0.888032436 0.809896171
vt 0.888586164 0.806949317
vt 0.883499742 0.809146106
vt 0.889526427 0.808566034
vt 0.890348256 0.807753801
vt 0.891120434 0.807561219
vt 0.888032436 0.809896171
vt 0.883499742 0.809146106
vt 0.883948922 0.814203143
vt 0.925976276 0.809375942
vt 0.924735069 0.809242785
vt 0.924511552 0.810292184
vt 0.921661615 0.809956908
vt 0.923375905 0.808959603
vt 0.922001243 0.806334138
vt 0.925976276 0.809375942
vt 0.924511552 0.810292184
vt 0.925463974 0.811547339
vt 0.924511552 0.810292184
vt 0.922187448 0.812727571
vt 0.925463974 0.811547339
vt 0.917716742 0.814422429
vt 0.932567358 0.826729178
vt 0.922187448 0.812727571
vt 0.921661615 0.809956908
vt 0.922001243 0.806334138
vt 0.916884303 0.809150517
vt 0.925976276 0.809375942
vt 0.925105989 0.807990193
vt 0.924735069 0.809242785
vt 0.924511552 0.810292184
vt 0.921661615 0.809956908
vt 0.922187448 0.812727571
vt 0.923375905 0.808959603
vt 0.924735069 0.809242785
vt 0.925105989 0.807990193
vt 0.922187448 0.812727571
vt 0.932567358 0.826729178
vt 0.925463974 0.811547339
vt 0.927714825 0.805292308
vt 0.922001243 0.806334138
vt 0.925105989 0.807990193
vt 0.927714825 0.805292308
vt 0.925105989 0.807990193
vt 0.925976276 0.809375942
vt 0.927714825 0.805292308
vt 0.925976276 0.809375942
vt 0.927950621 0.810265958
vt 0.925976276 0.809375942
vt 0.925463974 0.811547339
vt 0.927950621 0.810265958
vt 0.927714825 0.805292308
vt 0.927950621 0.810265958
vt 0.932567358 0.807932973
vt 0.921661615 0.809956908
vt 0.917716742 0.814422429
vt 0.922187448 0.812727571
vt 0.923375905 0.808959603
vt 0.925105989 0.807990193
vt 0.922001243 0.806334138
vt 0.927950621 0.810265958
vt 0.932567358 0.826729178
vt 0.932567358 0.807932973
vt 0.925463974 0.811547339
vt 0.932567358 0.826729178
vt 0.927950621 0.810265958
vt 0.921661615 0.809956908
vt 0.916884303 0.809150517
vt 0.917716742 0.814422429
vt 0.924511552 0.810292184
vt 0.924735069 0.809242785
vt 0.923375905 0.808959603
vt 0.924511552 0.810292184
vt 0.923375905 0.808959603
vt 0.921661615 0.809956908
vt 0.904764354 0.810335934
vt 0.90076673 0.814663351
vt 0.905207634 0.812957883
vt 0.910129011 0.805292308
vt 0.91078645 0.810143888
vt 0.915419579 0.807776034
vt 0.90881139 0.809051096
vt 0.908394992 0.811562419
vt 0.91078645 0.810143888
vt 0.908394992 0.811562419
vt 0.915419579 0.827730536
vt 0.91078645 0.810143888
vt 0.90881139 0.809051096
vt 0.907582939 0.807086349
vt 0.907511652 0.808988214
vt 0.904764354 0.810335934
vt 0.900163949 0.809585273
vt 0.90076673 0.814663351
vt 0.904764354 0.810335934
vt 0.90518564 0.807171226
vt 0.900163949 0.809585273
vt 0.910129011 0.805292308
vt 0.90881139 0.809051096
vt 0.91078645 0.810143888
vt 0.907403469 0.810273826
vt 0.907511652 0.808988214
vt 0.906349778 0.809153736
vt 0.90076673 0.814663351
vt 0.915419579 0.827730536
vt 0.905207634 0.812957883
vt 0.910129011 0.805292308
vt 0.90518564 0.807171226
vt 0.907582939 0.807086349
vt 0.91078645 0.810143888
vt 0.915419579 0.827730536
vt 0.915419579 0.807776034
vt 0.907403469 0.810273826
vt 0.904764354 0.810335934
vt 0.905207634 0.812957883
vt 0.910129011 0.805292308
vt 0.907582939 0.807086349
vt 0.90881139 0.809051096
vt 0.905207634 0.812957883
vt 0.915419579 0.827730536
vt 0.908394992 0.811562419
vt 0.90881139 0.809051096
vt 0.907403469 0.810273826
vt 0.908394992 0.811562419
vt 0.90881139 0.809051096
vt 0.907511652 0.808988214
vt 0.907403469 0.810273826
vt 0.907403469 0.810273826
vt 0.906349778 0.809153736
vt 0.904764354 0.810335934
vt 0.904764354 0.810335934
vt 0.906349778 0.809153736
vt 0.90518564 0.807171226
vt 0.907403469 0.810273826
vt 0.905207634 0.812957883
vt 0.908394992 0.811562419
vt 0.296642512 0.559197247
vt 0.296330094 0.558131695
vt 0.295904636 0.559330106
vt 0.296870112 0.555102229
vt 0.296559066 0.554041326
vt 0.296135485 0.555234432
vt 0.297763407 0.538919508
vt 0.297457814 0.537873983
vt 0.297041416 0.539052427
vt 0.297322929 0.546966851
vt 0.297014922 0.545915425
vt 0.296594888 0.547097743
vt 0.297548294 0.54292649
vt 0.297241688 0.541879714
vt 0.296823502 0.543056786
vt 0.297986984 0.534911096
vt 0.297683179 0.533873498
vt 0.29726851 0.53504014
vt 0.298422933 0.526965737
vt 0.298121929 0.52593708
vt 0.297710717 0.527093589
vt 0.298713684 0.522879362
vt 0.298433572 0.521887124
vt 0.298005283 0.522972405
vt 0.295327097 0.5609833
vt 0.296642512 0.559197247
vt 0.295904636 0.559330106
vt 0.29556036 0.556880176
vt 0.296870112 0.555102229
vt 0.296135485 0.555234432
vt 0.295792937 0.552795351
vt 0.297096938 0.55102545
vt 0.296365589 0.551157057
vt 0.29602474 0.548728824
vt 0.297322929 0.546966851
vt 0.296594888 0.547097743
vt 0.296255708 0.544680417
vt 0.297548294 0.54292649
vt 0.296823502 0.543056786
vt 0.296705425 0.536649585
vt 0.297986984 0.534911096
vt 0.29726851 0.53504014
vt 0.296448946 0.540762603
vt 0.297763407 0.538919508
vt 0.297041416 0.539052427
vt 0.296897441 0.532765985
vt 0.298200756 0.530939221
vt 0.297485083 0.531070888
vt 0.297152311 0.528688848
vt 0.298422933 0.526965737
vt 0.297710717 0.527093589
vt 0.297608227 0.524065614
vt 0.298713684 0.522879362
vt 0.298005283 0.522972405
vt 0.297663987 0.520796955
vt 0.298948109 0.519006312
vt 0.298244476 0.519134164
vt 0.399145544 0.559204757
vt 0.399883032 0.559336782
vt 0.400602639 0.558686614
vt 0.398914963 0.555116892
vt 0.399649113 0.55524838
vt 0.400365621 0.554601133
vt 0.398015141 0.538962245
vt 0.398736626 0.539094746
vt 0.39945063 0.538450837
vt 0.398685634 0.551047266
vt 0.399416536 0.551178157
vt 0.400129855 0.550533891
vt 0.398457646 0.546995759
vt 0.39918524 0.547126114
vt 0.399895519 0.546484828
vt 0.39823094 0.542962372
vt 0.398955345 0.543092251
vt 0.399662435 0.542453825
vt 0.397791445 0.534960747
vt 0.398509413 0.535089493
vt 0.399210423 0.534456789
vt 0.397578001 0.530995429
vt 0.398293167 0.531126916
vt 0.399001062 0.53048867
vt 0.397356689 0.527028799
vt 0.398068488 0.527156532
vt 0.398763448 0.526529372
vt 0.39706862 0.522950232
vt 0.397776455 0.523043334
vt 0.398367167 0.522471666
vt 0.396844089 0.519064426
vt 0.397550017 0.519195855
vt 0.39825058 0.518566668
vt 0.399690926 0.561752081
vt 0.399883032 0.559336782
vt 0.399145544 0.559204757
vt 0.399457723 0.557652831
vt 0.399649113 0.55524838
vt 0.398914963 0.555116892
vt 0.39899531 0.549509168
vt 0.39918524 0.547126114
vt 0.398457646 0.546995759
vt 0.39832145 0.537441134
vt 0.398509413 0.535089493
vt 0.397791445 0.534960747
vt 0.398538083 0.541438043
vt 0.398736626 0.539094746
vt 0.398015141 0.538962245
vt 0.398096025 0.533449769
vt 0.398293167 0.531126916
vt 0.397578001 0.530995429
vt 0.397659004 0.525531054
vt 0.397776455 0.523043334
vt 0.39706862 0.522950232
vt 0.397350013 0.521491945
vt 0.397550017 0.519195855
vt 0.396844089 0.519064426
vt 0.170888498 0.53538996
vt 0.168255299 0.514074683
vt 0.165047795 0.535925329
vt 0.17112124 0.540222168
vt 0.14895533 0.541386962
vt 0.170888498 0.53538996
vt 0.219587758 0.540315449
vt 0.219804049 0.535416782
vt 0.168255299 0.514074683
vt 0.222308502 0.513641477
vt 0.236491308 0.536630929
vt 0.24203141 0.541301608
vt 0.247033879 0.518553197
vt 0.241449401 0.537761748
vt 0.243814483 0.538699865
vt 0.249942377 0.519460797
vt 0.149488255 0.537901998
vt 0.14895533 0.541386962
vt 0.165047795 0.535925329
vt 0.143909305 0.518877983
vt 0.168255299 0.514074683
vt 0.149488255 0.537901998
vt 0.143909305 0.518877983
vt 0.147180602 0.538854897
vt 0.141013935 0.519762695
vt 0.14895533 0.541386962
vt 0.249683276 0.552709281
vt 0.243814483 0.538699865
vt 0.24203141 0.541301608
vt 0.458300978 0.569146335
vt 0.458300978 0.557618797
vt 0.448320329 0.563378334
vt 0.803996861 0.77972132
vt 0.803328931 0.780740082
vt 0.806436777 0.780558169
vt 0.79327625 0.77906549
vt 0.796689987 0.778018355
vt 0.796333671 0.775993407
vt 0.794204354 0.783095181
vt 0.794120908 0.780791938
vt 0.787848473 0.788272858
vt 0.797112525 0.79016006
vt 0.787848473 0.788272858
vt 0.794085562 0.797401011
vt 0.79327625 0.77906549
vt 0.789354801 0.775995553
vt 0.787848473 0.788272858
vt 0.803478181 0.782094777
vt 0.806436777 0.780558169
vt 0.803328931 0.780740082
vt 0.796333671 0.775993407
vt 0.802823484 0.775852025
vt 0.795823812 0.769565463
vt 0.805298984 0.782826185
vt 0.804053068 0.782798469
vt 0.802238047 0.78482461
vt 0.803478181 0.782094777
vt 0.804053068 0.782798469
vt 0.806436777 0.780558169
vt 0.79747051 0.787768364
vt 0.796986699 0.786865771
vt 0.787848473 0.788272858
vt 0.804270864 0.785716832
vt 0.805298984 0.782826185
vt 0.802238047 0.78482461
vt 0.809828699 0.778863251
vt 0.80597806 0.779133797
vt 0.810656726 0.779218078
vt 0.787848473 0.788272858
vt 0.795585692 0.785869658
vt 0.794204354 0.783095181
vt 0.804053068 0.782798469
vt 0.801519394 0.783634841
vt 0.802238047 0.78482461
vt 0.807337403 0.78270179
vt 0.809828699 0.778863251
vt 0.810656726 0.779218078
vt 0.79327625 0.77906549
vt 0.787848473 0.788272858
vt 0.794120908 0.780791938
vt 0.797112525 0.79016006
vt 0.79747051 0.787768364
vt 0.787848473 0.788272858
vt 0.805298984 0.782826185
vt 0.807337403 0.78270179
vt 0.810656726 0.779218078
vt 0.79747051 0.787768364
vt 0.799790442 0.786201477
vt 0.796986699 0.786865771
vt 0.800521135 0.787935793
vt 0.799790442 0.786201477
vt 0.79747051 0.787768364
vt 0.796997607 0.78078723
vt 0.796879053 0.779645324
vt 0.794120908 0.780791938
vt 0.799790442 0.786201477
vt 0.798639894 0.785271168
vt 0.796986699 0.786865771
vt 0.796986699 0.786865771
vt 0.795585692 0.785869658
vt 0.787848473 0.788272858
vt 0.795823812 0.769565463
vt 0.802823484 0.775852025
vt 0.804796636 0.770262182
vt 0.80597806 0.779133797
vt 0.802823484 0.775852025
vt 0.801741719 0.777751982
vt 0.803996861 0.77972132
vt 0.801038265 0.779191852
vt 0.800796628 0.780249059
vt 0.848492146 0.808247566
vt 0.848187923 0.809522271
vt 0.851370573 0.809640586
vt 0.841329217 0.806560159
vt 0.843406677 0.80649966
vt 0.843468726 0.805460513
vt 0.84084183 0.808742881
vt 0.841332793 0.807436228
vt 0.835235357 0.807678521
vt 0.838447034 0.801375866
vt 0.835235357 0.807678521
vt 0.84069711 0.804860532
vt 0.841329217 0.806560159
vt 0.84069711 0.804860532
vt 0.835235357 0.807678521
vt 0.848591506 0.811769843
vt 0.851370573 0.809640586
vt 0.848187923 0.809522271
vt 0.843468726 0.805460513
vt 0.84682405 0.805450201
vt 0.843685687 0.802952588
vt 0.852360964 0.816144168
vt 0.849783242 0.813821912
vt 0.846158803 0.816693246
vt 0.848591506 0.811769843
vt 0.849783242 0.813821912
vt 0.851370573 0.809640586
vt 0.83670038 0.816536546
vt 0.838849485 0.81408602
vt 0.835235357 0.807678521
vt 0.848038077 0.821397901
vt 0.852360964 0.816144168
vt 0.846158803 0.816693246
vt 0.850351155 0.805410385
vt 0.849338353 0.80718708
vt 0.855310917 0.807834566
vt 0.835235357 0.807678521
vt 0.839867353 0.811475456
vt 0.84084183 0.808742881
vt 0.849783242 0.813821912
vt 0.846063018 0.813489735
vt 0.846158803 0.816693246
vt 0.852756858 0.802069902
vt 0.850351155 0.805410385
vt 0.855310917 0.807834566
vt 0.841329217 0.806560159
vt 0.835235357 0.807678521
vt 0.841332793 0.807436228
vt 0.838447034 0.801375866
vt 0.834858954 0.798874438
vt 0.835235357 0.807678521
vt 0.856510162 0.799884498
vt 0.852756858 0.802069902
vt 0.855310917 0.807834566
vt 0.83670038 0.816536546
vt 0.842077851 0.816722929
vt 0.838849485 0.81408602
vt 0.840497315 0.821397901
vt 0.842077851 0.816722929
vt 0.83670038 0.816536546
vt 0.843199074 0.808275759
vt 0.843294561 0.807465136
vt 0.841332793 0.807436228
vt 0.842077851 0.816722929
vt 0.842242897 0.813568413
vt 0.838849485 0.81408602
vt 0.838849485 0.81408602
vt 0.839867353 0.811475456
vt 0.835235357 0.807678521
vt 0.843685687 0.802952588
vt 0.84682405 0.805450201
vt 0.846930385 0.803004444
vt 0.849338353 0.80718708
vt 0.84682405 0.805450201
vt 0.84646374 0.806639254
vt 0.848492146 0.808247566
vt 0.846129298 0.807727933
vt 0.845954657 0.808671772
vt 0.780491471 0.808253825
vt 0.779823601 0.809272468
vt 0.782931328 0.809090734
vt 0.769770801 0.807598174
vt 0.773184597 0.806551039
vt 0.772828221 0.804525912
vt 0.770698965 0.811627865
vt 0.770615518 0.809324265
vt 0.764343023 0.816805542
vt 0.773607075 0.818692446
vt 0.764343023 0.816805542
vt 0.770580173 0.825933516
vt 0.769770801 0.807598174
vt 0.765849352 0.804528117
vt 0.764343023 0.816805542
vt 0.779972792 0.810627103
vt 0.782931328 0.809090734
vt 0.779823601 0.809272468
vt 0.772828221 0.804525912
vt 0.779318154 0.804384351
vt 0.772318363 0.798097968
vt 0.781793594 0.81135869
vt 0.780547619 0.811331153
vt 0.778732598 0.813357174
vt 0.779972792 0.810627103
vt 0.780547619 0.811331153
vt 0.782931328 0.809090734
vt 0.773965061 0.816301107
vt 0.773481369 0.815398335
vt 0.764343023 0.816805542
vt 0.780765474 0.814249337
vt 0.781793594 0.81135869
vt 0.778732598 0.813357174
vt 0.786323249 0.807395637
vt 0.78247273 0.807666421
vt 0.787151277 0.807750642
vt 0.764343023 0.816805542
vt 0.772080362 0.814402044
vt 0.770698965 0.811627865
vt 0.780547619 0.811331153
vt 0.778013885 0.812167406
vt 0.778732598 0.813357174
vt 0.783832014 0.811234415
vt 0.786323249 0.807395637
vt 0.787151277 0.807750642
vt 0.769770801 0.807598174
vt 0.764343023 0.816805542
vt 0.770615518 0.809324265
vt 0.773607075 0.818692446
vt 0.773965061 0.816301107
vt 0.764343023 0.816805542
vt 0.781793594 0.81135869
vt 0.783832014 0.811234415
vt 0.787151277 0.807750642
vt 0.773965061 0.816301107
vt 0.776285052 0.814733982
vt 0.773481369 0.815398335
vt 0.777015805 0.816468358
vt 0.776285052 0.814733982
vt 0.773965061 0.816301107
vt 0.773492217 0.809319615
vt 0.773373663 0.808177888
vt 0.770615518 0.809324265
vt 0.776285052 0.814733982
vt 0.775134504 0.813803554
vt 0.773481369 0.815398335
vt 0.773481369 0.815398335
vt 0.772080362 0.814402044
vt 0.764343023 0.816805542
vt 0.772318363 0.798097968
vt 0.779318154 0.804384351
vt 0.781291187 0.798794627
vt 0.78247273 0.807666421
vt 0.779318154 0.804384351
vt 0.77823621 0.806284487
vt 0.780491471 0.808253825
vt 0.777532816 0.807724237
vt 0.777291179 0.808781385
vt 0.782466948 0.844365418
vt 0.78579241 0.846571624
vt 0.785766304 0.838586211
vt 0.771167219 0.844291151
vt 0.773971081 0.844878018
vt 0.774054646 0.843494177
vt 0.767569482 0.849488795
vt 0.770484507 0.846253276
vt 0.764781594 0.840011418
vt 0.771403968 0.839228749
vt 0.764781594 0.840011418
vt 0.771205544 0.842054307
vt 0.771167219 0.844291151
vt 0.771205544 0.842054307
vt 0.764781594 0.840011418
vt 0.781797647 0.834499717
vt 0.785766304 0.838586211
vt 0.786495984 0.831339777
vt 0.774054646 0.843494177
vt 0.777850986 0.842972577
vt 0.774426341 0.841295004
vt 0.780193865 0.837681532
vt 0.780525446 0.836392879
vt 0.776991367 0.836514711
vt 0.781797647 0.834499717
vt 0.780525446 0.836392879
vt 0.785766304 0.838586211
vt 0.771628737 0.837604582
vt 0.771250904 0.836345375
vt 0.764781594 0.840011418
vt 0.777336717 0.838434219
vt 0.780193865 0.837681532
vt 0.776991367 0.836514711
vt 0.78065747 0.841295242
vt 0.781253755 0.842966557
vt 0.784910917 0.839520931
vt 0.764781594 0.840011418
vt 0.769654036 0.834352374
vt 0.764343023 0.831106126
vt 0.780525446 0.836392879
vt 0.777674735 0.834062815
vt 0.776991367 0.836514711
vt 0.780265212 0.839154184
vt 0.78065747 0.841295242
vt 0.784910917 0.839520931
vt 0.771167219 0.844291151
vt 0.764781594 0.840011418
vt 0.770484507 0.846253276
vt 0.771403968 0.839228749
vt 0.771628737 0.837604582
vt 0.764781594 0.840011418
vt 0.780193865 0.837681532
vt 0.780265212 0.839154184
vt 0.784910917 0.839520931
vt 0.771628737 0.837604582
vt 0.774173737 0.83653605
vt 0.771250904 0.836345375
vt 0.774007261 0.838316321
vt 0.774173737 0.83653605
vt 0.771628737 0.837604582
vt 0.773604274 0.848947823
vt 0.7738204 0.846771717
vt 0.770484507 0.846253276
vt 0.774173737 0.83653605
vt 0.773437142 0.834306121
vt 0.771250904 0.836345375
vt 0.771250904 0.836345375
vt 0.769654036 0.834352374
vt 0.764781594 0.840011418
vt 0.774426341 0.841295004
vt 0.777850986 0.842972577
vt 0.77719146 0.841149509
vt 0.781253755 0.842966557
vt 0.777850986 0.842972577
vt 0.77808857 0.844380677
vt 0.782466948 0.844365418
vt 0.778616548 0.846244812
vt 0.779563546 0.848526299
vt 0.827502131 0.77972126
vt 0.826834261 0.780739963
vt 0.829942226 0.780558288
vt 0.81678158 0.779065788
vt 0.820195436 0.778018475
vt 0.819839001 0.775993466
vt 0.817709744 0.783095479
vt 0.817626238 0.780791879
vt 0.811353743 0.788272977
vt 0.820617914 0.79016
vt 0.811353743 0.788272977
vt 0.817590833 0.79740113
vt 0.81678158 0.779065788
vt 0.812860012 0.775995672
vt 0.811353743 0.788272977
vt 0.826983571 0.782094717
vt 0.829942226 0.780558288
vt 0.826834261 0.780739963
vt 0.819839001 0.775993466
vt 0.826328814 0.775851786
vt 0.819329143 0.769565523
vt 0.828804374 0.782826304
vt 0.827558279 0.782798529
vt 0.825743258 0.784824729
vt 0.826983571 0.782094717
vt 0.827558279 0.782798529
vt 0.829942226 0.780558288
vt 0.820975721 0.787768483
vt 0.820492089 0.786865711
vt 0.811353743 0.788272977
vt 0.827776194 0.785717189
vt 0.828804374 0.782826304
vt 0.825743258 0.784824729
vt 0.833333969 0.778863251
vt 0.82948339 0.779134095
vt 0.834161937 0.779218078
vt 0.811353743 0.788272977
vt 0.819091022 0.785869598
vt 0.817709744 0.783095479
vt 0.827558279 0.782798529
vt 0.825024605 0.783634782
vt 0.825743258 0.784824729
vt 0.830842733 0.782701731
vt 0.833333969 0.778863251
vt 0.834161937 0.779218078
vt 0.81678158 0.779065788
vt 0.811353743 0.788272977
vt 0.817626238 0.780791879
vt 0.820617914 0.79016
vt 0.820975721 0.787768483
vt 0.811353743 0.788272977
vt 0.828804374 0.782826304
vt 0.830842733 0.782701731
vt 0.834161937 0.779218078
vt 0.820975721 0.787768483
vt 0.823295712 0.786201417
vt 0.820492089 0.786865711
vt 0.824026406 0.787935793
vt 0.823295712 0.786201417
vt 0.820975721 0.787768483
vt 0.820502877 0.78078717
vt 0.820384443 0.779645443
vt 0.817626238 0.780791879
vt 0.823295712 0.786201417
vt 0.822145224 0.785271168
vt 0.820492089 0.786865711
vt 0.820492089 0.786865711
vt 0.819091022 0.785869598
vt 0.811353743 0.788272977
vt 0.819329143 0.769565523
vt 0.826328814 0.775851786
vt 0.828302026 0.770262241
vt 0.82948339 0.779134095
vt 0.826328814 0.775851786
vt 0.82524693 0.777752101
vt 0.827502131 0.77972126
vt 0.824543536 0.779191792
vt 0.824301958 0.78024894
vt 0.849719405 0.843217731
vt 0.852829397 0.845281184
vt 0.852805257 0.837813139
vt 0.839151084 0.843147933
vt 0.841773391 0.843696594
vt 0.841851592 0.842402458
vt 0.835785985 0.848008871
vt 0.838512421 0.844982743
vt 0.833179057 0.839144886
vt 0.839372694 0.838413298
vt 0.833179057 0.839144886
vt 0.839187145 0.841055989
vt 0.839151084 0.843147933
vt 0.839187145 0.841055989
vt 0.833179057 0.839144886
vt 0.849093854 0.833990932
vt 0.852805257 0.837813139
vt 0.853487968 0.831035912
vt 0.841851592 0.842402458
vt 0.845402181 0.841915011
vt 0.842199385 0.840345681
vt 0.847593606 0.836966515
vt 0.847903907 0.835761249
vt 0.844598532 0.835875332
vt 0.849093854 0.833990932
vt 0.847903907 0.835761249
vt 0.852805257 0.837813139
vt 0.839583039 0.836893976
vt 0.839229763 0.835716724
vt 0.833179057 0.839144886
vt 0.84492141 0.837670386
vt 0.847593606 0.836966515
vt 0.844598532 0.835875332
vt 0.84802717 0.840346277
vt 0.848584771 0.841909468
vt 0.852005243 0.838687062
vt 0.833179057 0.839144886
vt 0.837736309 0.833852351
vt 0.832769394 0.830816209
vt 0.847903907 0.835761249
vt 0.845237851 0.83358252
vt 0.844598532 0.835875332
vt 0.847660303 0.838343918
vt 0.84802717 0.840346277
vt 0.852005243 0.838687062
vt 0.839151084 0.843147933
vt 0.833179057 0.839144886
vt 0.838512421 0.844982743
vt 0.839372694 0.838413298
vt 0.839583039 0.836893976
vt 0.833179057 0.839144886
vt 0.847593606 0.836966515
vt 0.847660303 0.838343918
vt 0.852005243 0.838687062
vt 0.839583039 0.836893976
vt 0.841963291 0.835894942
vt 0.839229763 0.835716724
vt 0.841807544 0.837559879
vt 0.841963291 0.835894942
vt 0.839583039 0.836893976
vt 0.841430068 0.847503066
vt 0.841632485 0.845467865
vt 0.838512421 0.844982743
vt 0.841963291 0.835894942
vt 0.841274619 0.833809495
vt 0.839229763 0.835716724
vt 0.839229763 0.835716724
vt 0.837736309 0.833852351
vt 0.833179057 0.839144886
vt 0.842199385 0.840345681
vt 0.845402181 0.841915011
vt 0.844785511 0.840209663
vt 0.848584771 0.841909468
vt 0.845402181 0.841915011
vt 0.845624387 0.843232036
vt 0.849719405 0.843217731
vt 0.846118033 0.844975352
vt 0.847003579 0.847109079
vt 0.827501953 0.808253706
vt 0.826834083 0.809272289
vt 0.829941928 0.809090793
vt 0.816781342 0.807598174
vt 0.820195258 0.80655086
vt 0.819838643 0.804525912
vt 0.817709684 0.811627805
vt 0.817626059 0.809324384
vt 0.811353564 0.816805363
vt 0.820617735 0.818692386
vt 0.811353564 0.816805363
vt 0.817590714 0.825933516
vt 0.816781342 0.807598174
vt 0.812859714 0.804528117
vt 0.811353564 0.816805363
vt 0.826983273 0.810627162
vt 0.829941928 0.809090793
vt 0.826834083 0.809272289
vt 0.819838643 0.804525912
vt 0.826328456 0.804384232
vt 0.819328785 0.798098087
vt 0.828804135 0.811358869
vt 0.82755816 0.811330855
vt 0.825743139 0.813357294
vt 0.826983273 0.810627162
vt 0.82755816 0.811330855
vt 0.829941928 0.809090793
vt 0.820975602 0.816300869
vt 0.82049197 0.815398097
vt 0.811353564 0.816805363
vt 0.827775896 0.814249456
vt 0.828804135 0.811358869
vt 0.825743139 0.813357294
vt 0.83333379 0.807395518
vt 0.829483092 0.807666242
vt 0.834161818 0.807750285
vt 0.811353564 0.816805363
vt 0.819090903 0.814402163
vt 0.817709684 0.811627805
vt 0.82755816 0.811330855
vt 0.825024545 0.812167108
vt 0.825743139 0.813357294
vt 0.830842495 0.811234057
vt 0.83333379 0.807395518
vt 0.834161818 0.807750285
vt 0.816781342 0.807598174
vt 0.811353564 0.816805363
vt 0.817626059 0.809324384
vt 0.820617735 0.818692386
vt 0.820975602 0.816300869
vt 0.811353564 0.816805363
vt 0.828804135 0.811358869
vt 0.830842495 0.811234057
vt 0.834161818 0.807750285
vt 0.820975602 0.816300869
vt 0.823295534 0.814733922
vt 0.82049197 0.815398097
vt 0.824026406 0.81646812
vt 0.823295534 0.814733922
vt 0.820975602 0.816300869
vt 0.820502758 0.809319556
vt 0.820384204 0.808178008
vt 0.817626059 0.809324384
vt 0.823295534 0.814733922
vt 0.822145045 0.813803494
vt 0.82049197 0.815398097
vt 0.82049197 0.815398097
vt 0.819090903 0.814402163
vt 0.811353564 0.816805363
vt 0.819328785 0.798098087
vt 0.826328456 0.804384232
vt 0.828301609 0.798794448
vt 0.829483092 0.807666242
vt 0.826328456 0.804384232
vt 0.825246871 0.806284368
vt 0.827501953 0.808253706
vt 0.824543297 0.807724178
vt 0.82430172 0.808781266
vt 0.851809204 0.786152482
vt 0.854919255 0.788215995
vt 0.854894936 0.780747652
vt 0.841240942 0.786083043
vt 0.843863249 0.786631584
vt 0.84394145 0.785337448
vt 0.837875962 0.79094398
vt 0.840602338 0.787917972
vt 0.835268795 0.782079995
vt 0.841462374 0.781348348
vt 0.835268795 0.782079995
vt 0.841276944 0.783991218
vt 0.841240942 0.786083043
vt 0.841276944 0.783991218
vt 0.835268795 0.782079995
vt 0.851183414 0.776925743
vt 0.854894936 0.780747652
vt 0.855577588 0.773970664
vt 0.84394145 0.785337448
vt 0.84749198 0.784849882
vt 0.844289124 0.783280849
vt 0.849683285 0.779901326
vt 0.849993527 0.77869612
vt 0.846688151 0.778810203
vt 0.851183414 0.776925743
vt 0.849993527 0.77869612
vt 0.854894936 0.780747652
vt 0.841672778 0.779829204
vt 0.841319442 0.778651774
vt 0.835268795 0.782079995
vt 0.847011149 0.780605316
vt 0.849683285 0.779901326
vt 0.846688151 0.778810203
vt 0.850116909 0.783281267
vt 0.850674629 0.784844279
vt 0.854094923 0.781621933
vt 0.835268795 0.782079995
vt 0.839825928 0.776787579
vt 0.834858954 0.773751497
vt 0.849993527 0.77869612
vt 0.847327411 0.776517212
vt 0.846688151 0.778810203
vt 0.849749982 0.78127867
vt 0.850116909 0.783281267
vt 0.854094923 0.781621933
vt 0.841240942 0.786083043
vt 0.835268795 0.782079995
vt 0.840602338 0.787917972
vt 0.841462374 0.781348348
vt 0.841672778 0.779829204
vt 0.835268795 0.782079995
vt 0.849683285 0.779901326
vt 0.849749982 0.78127867
vt 0.854094923 0.781621933
vt 0.841672778 0.779829204
vt 0.84405297 0.778829992
vt 0.841319442 0.778651774
vt 0.843897223 0.780495048
vt 0.84405297 0.778829992
vt 0.841672778 0.779829204
vt 0.843519986 0.790437996
vt 0.843722343 0.788402915
vt 0.840602338 0.787917972
vt 0.84405297 0.778829992
vt 0.843364239 0.776744545
vt 0.841319442 0.778651774
vt 0.841319442 0.778651774
vt 0.839825928 0.776787579
vt 0.835268795 0.782079995
vt 0.844289124 0.783280849
vt 0.84749198 0.784849882
vt 0.84687525 0.783144772
vt 0.850674629 0.784844279
vt 0.84749198 0.784849882
vt 0.847714186 0.786166787
vt 0.851809204 0.786152482
vt 0.848207891 0.787910402
vt 0.849093497 0.790044069
vt 0.78049171 0.779721379
vt 0.77982384 0.780740082
vt 0.782931566 0.780558407
vt 0.769771039 0.779065728
vt 0.773184836 0.778018415
vt 0.7728284 0.775993407
vt 0.770699263 0.783095181
vt 0.770615816 0.780791938
vt 0.764343202 0.788272917
vt 0.773607433 0.79016006
vt 0.764343202 0.788272917
vt 0.770580351 0.79740119
vt 0.769771039 0.779065728
vt 0.765849531 0.775995612
vt 0.764343202 0.788272917
vt 0.77997303 0.782094777
vt 0.782931566 0.780558407
vt 0.77982384 0.780740082
vt 0.7728284 0.775993407
vt 0.779318213 0.775851905
vt 0.772318661 0.769565642
vt 0.781793833 0.782826424
vt 0.780547738 0.782798529
vt 0.778732777 0.784824848
vt 0.77997303 0.782094777
vt 0.780547738 0.782798529
vt 0.782931566 0.780558407
vt 0.77396518 0.787768424
vt 0.773481548 0.786865771
vt 0.764343202 0.788272917
vt 0.780765772 0.78571701
vt 0.781793833 0.782826424
vt 0.778732777 0.784824848
vt 0.786323547 0.778863311
vt 0.782472908 0.779133797
vt 0.787151456 0.779218078
vt 0.764343202 0.788272917
vt 0.7720806 0.785869658
vt 0.770699263 0.783095181
vt 0.780547738 0.782798529
vt 0.778014123 0.783634841
vt 0.778732777 0.784824848
vt 0.783832252 0.782701671
vt 0.786323547 0.778863311
vt 0.787151456 0.779218078
vt 0.769771039 0.779065728
vt 0.764343202 0.788272917
vt 0.770615816 0.780791938
vt 0.773607433 0.79016006
vt 0.77396518 0.787768424
vt 0.764343202 0.788272917
vt 0.781793833 0.782826424
vt 0.783832252 0.782701671
vt 0.787151456 0.779218078
vt 0.77396518 0.787768424
vt 0.776285172 0.786201477
vt 0.773481548 0.786865771
vt 0.777015984 0.787935853
vt 0.776285172 0.786201477
vt 0.77396518 0.787768424
vt 0.773492336 0.78078711
vt 0.773373902 0.779645503
vt 0.770615816 0.780791938
vt 0.776285172 0.786201477
vt 0.775134683 0.785271049
vt 0.773481548 0.786865771
vt 0.773481548 0.786865771
vt 0.7720806 0.785869658
vt 0.764343202 0.788272917
vt 0.772318661 0.769565642
vt 0.779318213 0.775851905
vt 0.781291544 0.770262361
vt 0.782472908 0.779133797
vt 0.779318213 0.775851905
vt 0.778236449 0.777752042
vt 0.78049171 0.779721379
vt 0.777532995 0.779191911
vt 0.777291536 0.780249059
vt 0.804143429 0.843217313
vt 0.80725342 0.845280707
vt 0.807229221 0.837812483
vt 0.793575108 0.843147814
vt 0.796197414 0.843696356
vt 0.796275675 0.84240222
vt 0.790210128 0.848008811
vt 0.792936504 0.844982564
vt 0.787602961 0.839144886
vt 0.793796659 0.838413119
vt 0.787602961 0.839144886
vt 0.793611109 0.84105581
vt 0.793575108 0.843147814
vt 0.793611109 0.84105581
vt 0.787602961 0.839144886
vt 0.80351758 0.833990514
vt 0.807229221 0.837812483
vt 0.807911754 0.831035376
vt 0.796275675 0.84240222
vt 0.799826264 0.841914713
vt 0.79662329 0.840345621
vt 0.80201751 0.836966157
vt 0.802327693 0.835760832
vt 0.799022317 0.835874975
vt 0.80351758 0.833990514
vt 0.802327693 0.835760832
vt 0.807229221 0.837812483
vt 0.794006944 0.836893857
vt 0.793653607 0.835716605
vt 0.787602961 0.839144886
vt 0.799345315 0.837670088
vt 0.80201751 0.836966157
vt 0.799022317 0.835874975
vt 0.802451074 0.840345979
vt 0.803008795 0.841909051
vt 0.806429207 0.838686585
vt 0.787602961 0.839144886
vt 0.792160153 0.83385241
vt 0.78719306 0.830816269
vt 0.802327693 0.835760832
vt 0.799661636 0.833582044
vt 0.799022317 0.835874975
vt 0.802084208 0.838343561
vt 0.802451074 0.840345979
vt 0.806429207 0.838686585
vt 0.793575108 0.843147814
vt 0.787602961 0.839144886
vt 0.792936504 0.844982564
vt 0.793796659 0.838413119
vt 0.794006944 0.836893857
vt 0.787602961 0.839144886
vt 0.80201751 0.836966157
vt 0.802084208 0.838343561
vt 0.806429207 0.838686585
vt 0.794006944 0.836893857
vt 0.796387136 0.835894763
vt 0.793653607 0.835716605
vt 0.796231508 0.8375597
vt 0.796387136 0.835894763
vt 0.794006944 0.836893857
vt 0.79585427 0.847502828
vt 0.796056449 0.845467627
vt 0.792936504 0.844982564
vt 0.796387136 0.835894763
vt 0.795698404 0.833809376
vt 0.793653607 0.835716605
vt 0.793653607 0.835716605
vt 0.792160153 0.83385241
vt 0.787602961 0.839144886
vt 0.79662329 0.840345621
vt 0.799826264 0.841914713
vt 0.799209416 0.840209365
vt 0.803008795 0.841909051
vt 0.799826264 0.841914713
vt 0.80004847 0.843231738
vt 0.804143429 0.843217313
vt 0.800542116 0.844974995
vt 0.801427722 0.847108841
vt 0.803996801 0.808254182
vt 0.803328931 0.809272528
vt 0.806436777 0.809091091
vt 0.793276191 0.807598472
vt 0.796689987 0.806551218
vt 0.796333611 0.804526329
vt 0.794204414 0.811628163
vt 0.794120908 0.809324622
vt 0.787848353 0.81680578
vt 0.797112584 0.818692565
vt 0.787848353 0.81680578
vt 0.794085562 0.825933635
vt 0.793276191 0.807598472
vt 0.789354682 0.804528356
vt 0.787848353 0.81680578
vt 0.803478122 0.81062752
vt 0.806436777 0.809091091
vt 0.803328931 0.809272528
vt 0.796333611 0.804526329
vt 0.802823365 0.804384589
vt 0.795823693 0.798098385
vt 0.805298865 0.811359048
vt 0.804052889 0.811331332
vt 0.802237868 0.813357532
vt 0.803478122 0.81062752
vt 0.804052889 0.811331332
vt 0.806436777 0.809091091
vt 0.797470391 0.816301346
vt 0.796986699 0.815398455
vt 0.787848353 0.81680578
vt 0.804270744 0.814249694
vt 0.805298865 0.811359048
vt 0.802237868 0.813357532
vt 0.809828639 0.807395875
vt 0.805978 0.8076666
vt 0.810656667 0.80775094
vt 0.787848353 0.81680578
vt 0.795585692 0.814402342
vt 0.794204414 0.811628163
vt 0.804052889 0.811331332
vt 0.801519454 0.812167823
vt 0.802237868 0.813357532
vt 0.807337344 0.811234534
vt 0.809828639 0.807395875
vt 0.810656667 0.80775094
vt 0.793276191 0.807598472
vt 0.787848353 0.81680578
vt 0.794120908 0.809324622
vt 0.797112584 0.818692565
vt 0.797470391 0.816301346
vt 0.787848353 0.81680578
vt 0.805298865 0.811359048
vt 0.807337344 0.811234534
vt 0.810656667 0.80775094
vt 0.797470391 0.816301346
vt 0.799790382 0.814734399
vt 0.796986699 0.815398455
vt 0.800521135 0.816468716
vt 0.799790382 0.814734399
vt 0.797470391 0.816301346
vt 0.796997547 0.809319794
vt 0.796878994 0.808178246
vt 0.794120908 0.809324622
vt 0.799790382 0.814734399
vt 0.798639834 0.813803732
vt 0.796986699 0.815398455
vt 0.796986699 0.815398455
vt 0.795585692 0.814402342
vt 0.787848353 0.81680578
vt 0.795823693 0.798098385
vt 0.802823365 0.804384589
vt 0.804796636 0.798795044
vt 0.805978 0.8076666
vt 0.802823365 0.804384589
vt 0.801741719 0.806284666
vt 0.803996801 0.808254182
vt 0.801038146 0.807724476
vt 0.800796568 0.808781624
vt 0.828304231 0.843217134
vt 0.831414282 0.845280588
vt 0.831389844 0.837812364
vt 0.81773591 0.843147993
vt 0.820358276 0.843696475
vt 0.820436418 0.842402399
vt 0.81437099 0.84800905
vt 0.817097425 0.844982982
vt 0.811763644 0.839145064
vt 0.817957282 0.838413239
vt 0.811763644 0.839145064
vt 0.817771852 0.84105587
vt 0.81773591 0.843147993
vt 0.817771852 0.84105587
vt 0.811763644 0.839145064
vt 0.827678263 0.833990335
vt 0.831389844 0.837812364
vt 0.832072258 0.831035256
vt 0.820436418 0.842402399
vt 0.823986948 0.841914773
vt 0.820784032 0.840345621
vt 0.826178133 0.836966038
vt 0.826488435 0.835760832
vt 0.82318294 0.835875034
vt 0.827678263 0.833990335
vt 0.826488435 0.835760832
vt 0.831389844 0.837812364
vt 0.818167627 0.836894214
vt 0.817814231 0.835716784
vt 0.811763644 0.839145064
vt 0.823505998 0.837670147
vt 0.826178133 0.836966038
vt 0.82318294 0.835875034
vt 0.826611817 0.840345919
vt 0.827169657 0.841909051
vt 0.83058989 0.838686526
vt 0.811763644 0.839145064
vt 0.816320658 0.83385247
vt 0.811353624 0.830816448
vt 0.826488435 0.835760832
vt 0.8238222 0.833582103
vt 0.82318294 0.835875034
vt 0.826244891 0.838343501
vt 0.826611817 0.840345919
vt 0.83058989 0.838686526
vt 0.81773591 0.843147993
vt 0.811763644 0.839145064
vt 0.817097425 0.844982982
vt 0.817957282 0.838413239
vt 0.818167627 0.836894214
vt 0.811763644 0.839145064
vt 0.826178133 0.836966038
vt 0.826244891 0.838343501
vt 0.83058989 0.838686526
vt 0.818167627 0.836894214
vt 0.820547879 0.835894883
vt 0.817814231 0.835716784
vt 0.820392132 0.8375597
vt 0.820547879 0.835894883
vt 0.818167627 0.836894214
vt 0.820015132 0.847502947
vt 0.820217371 0.845467865
vt 0.817097425 0.844982982
vt 0.820547879 0.835894883
vt 0.819858968 0.833809316
vt 0.817814231 0.835716784
vt 0.817814231 0.835716784
vt 0.816320658 0.83385247
vt 0.811763644 0.839145064
vt 0.820784032 0.840345621
vt 0.823986948 0.841914773
vt 0.823370218 0.840209663
vt 0.827169657 0.841909051
vt 0.823986948 0.841914773
vt 0.824209213 0.843231618
vt 0.828304231 0.843217134
vt 0.824702919 0.844975054
vt 0.825588644 0.847108841
vt 0.551596045 0.131161511
vt 0.551596045 0.131161511
vt 0.580069482 0.131161511
vt 0.580069482 0.131161511
vt 0.234592602 0.104586378
vt 0.234592602 0.104586378
vt 0.206119314 0.104586378
vt 0.206119224 0.104586378
vt 0.580069482 0.132585213
vt 0.551596045 0.132585213
vt 0.551596224 0.132585213
vt 0.580069482 0.132585213
vt 0.551596045 0.104586378
vt 0.551596224 0.104586378
vt 0.551596045 0.079434894
vt 0.551596045 0.079434894
vt 0.234592602 0.159160331
vt 0.234592602 0.159160331
vt 0.234592602 0.184311852
vt 0.234592602 0.184311852
vt 0.580069482 0.159160331
vt 0.551596045 0.159160331
vt 0.551596224 0.159160331
vt 0.580069482 0.159160331
vt 0.206119224 0.0528597832
vt 0.206119224 0.0528597832
vt 0.234592602 0.0528597832
vt 0.234592602 0.0528597832
vt 0.580069482 0.079434894
vt 0.551596045 0.079434894
vt 0.551596045 0.079434894
vt 0.580069482 0.079434894
vt 0.234592602 0.132585213
vt 0.234592602 0.132585213
vt 0.234592602 0.157736644
vt 0.234592602 0.157736734
vt 0.580069482 0.106010064
vt 0.551596045 0.106010064
vt 0.551596045 0.106010064
vt 0.580069482 0.106010064
vt 0.551596045 0.131161511
vt 0.551596045 0.131161511
vt 0.551596045 0.106010064
vt 0.551596045 0.106010064
vt 0.234592602 0.106010064
vt 0.234592602 0.106010064
vt 0.234592602 0.131161511
vt 0.234592602 0.131161511
vt 0.234592602 0.131161511
vt 0.234592602 0.131161511
vt 0.206119224 0.131161511
vt 0.206119224 0.131161511
vt 0.234592602 0.0780112073
vt 0.234592602 0.0780112073
vt 0.206119224 0.0780112073
vt 0.206119224 0.0780112073
vt 0.234592602 0.157736734
vt 0.234592602 0.157736644
vt 0.206119314 0.157736644
vt 0.206119224 0.157736734
vt 0.234592602 0.184311852
vt 0.234592602 0.184311852
vt 0.206119224 0.184311852
vt 0.206119224 0.184311852
vt 0.206119224 0.079434894
vt 0.206119224 0.079434894
vt 0.234592602 0.079434894
vt 0.234592602 0.079434894
vt 0.206119224 0.106010064
vt 0.206119314 0.106010064
vt 0.234592602 0.106010064
vt 0.234592602 0.106010064
vt 0.206119224 0.132585213
vt 0.206119314 0.132585213
vt 0.234592602 0.132585213
vt 0.234592602 0.132585213
vt 0.206119224 0.159160331
vt 0.206119314 0.159160331
vt 0.234592602 0.159160331
vt 0.234592602 0.159160331
vt 0.206119224 0.0780112073
vt 0.206119224 0.0780112073
vt 0.206119224 0.0528597832
vt 0.206119224 0.0528597832
vt 0.206119224 0.104586378
vt 0.206119314 0.104586378
vt 0.206119224 0.079434894
vt 0.206119224 0.079434894
vt 0.206119224 0.131161511
vt 0.206119224 0.131161511
vt 0.206119314 0.106010064
vt 0.206119224 0.106010064
vt 0.206119224 0.157736734
vt 0.206119314 0.157736644
vt 0.206119314 0.132585213
vt 0.206119224 0.132585213
vt 0.206119224 0.184311852
vt 0.206119224 0.184311852
vt 0.206119314 0.159160331
vt 0.206119224 0.159160331
vt 0.234592602 0.0528597832
vt 0.234592602 0.0528597832
vt 0.234592602 0.0780112073
vt 0.234592602 0.0780112073
vt 0.234592602 0.079434894
vt 0.234592602 0.079434894
vt 0.234592602 0.104586378
vt 0.234592602 0.104586378
vt 0.40543282 0.131161511
vt 0.40543282 0.131161511
vt 0.376959443 0.131161511
vt 0.376959443 0.131161511
vt 0.376959443 0.106010064
vt 0.376959443 0.106010064
vt 0.40543282 0.106010064
vt 0.40543282 0.106010064
vt 0.376959443 0.131161511
vt 0.376959443 0.131161511
vt 0.376959443 0.106010064
vt 0.376959443 0.106010064
vt 0.40543282 0.106010064
vt 0.40543282 0.106010064
vt 0.40543282 0.131161511
vt 0.40543282 0.131161511
vt 0.40543282 0.104586378
vt 0.40543282 0.104586378
vt 0.376959443 0.104586378
vt 0.376959443 0.104586378
vt 0.514718831 0.0414704084
vt 0.515667915 0.0401060581
vt 0.515667915 0.0265903026
vt 0.514718831 0.0265903026
vt 0.40543282 0.0265903026
vt 0.514718831 0.0697610229
vt 0.40543282 0.0528597832
vt 0.376959443 0.0528597832
vt 0.376959443 0.0265903026
vt 0.40543282 0.0780112073
vt 0.234592617 0.0265903026
vt 0.40543282 0.079434894
vt 0.551596045 0.0697610229
vt 0.234592602 0.0528597832
vt 0.376959443 0.0780112073
vt 0.206119224 0.0528597832
vt 0.20611921 0.0265903026
vt 0.132088497 0.0265903026
vt 0.234592602 0.0780112073
vt 0.206119224 0.0780112073
vt 0.376959443 0.079434894
vt 0.206119224 0.079434894
vt 0.234592602 0.079434894
vt 0.206119224 0.104586378
vt 0.132088497 0.205175534
vt 0.206119224 0.106010064
vt 0.376959443 0.104586378
vt 0.234592602 0.104586378
vt 0.206119224 0.131161511
vt 0.234592602 0.106010064
vt 0.376959443 0.106010064
vt 0.40543282 0.104586378
vt 0.376959443 0.131161511
vt 0.234592602 0.131161511
vt 0.40543282 0.106010064
vt 0.206119224 0.132585213
vt 0.376959443 0.132585213
vt 0.40543282 0.131161511
vt 0.234592602 0.132585213
vt 0.206119224 0.157736734
vt 0.376959443 0.157736734
vt 0.234592602 0.157736734
vt 0.40543282 0.132585213
vt 0.206119224 0.159160331
vt 0.206119224 0.184311852
vt 0.234592602 0.184311852
vt 0.234592602 0.159160331
vt 0.234592617 0.205175519
vt 0.376959443 0.159160331
vt 0.40543282 0.157736734
vt 0.376959443 0.184311852
vt 0.376959443 0.205175519
vt 0.40543282 0.184311852
vt 0.40543282 0.205175519
vt 0.551596045 0.205175534
vt 0.40543282 0.159160331
vt 0.551596045 0.184311852
vt 0.580069482 0.205175519
vt 0.551596045 0.159160331
vt 0.580069482 0.184311852
vt 0.722436428 0.205175519
vt 0.551596045 0.157736734
vt 0.580069482 0.159160331
vt 0.722436428 0.184311852
vt 0.750909746 0.205175534
vt 0.551596045 0.132585213
vt 0.580069482 0.157736734
vt 0.750909746 0.184311852
vt 0.722436428 0.159160331
vt 0.893276453 0.205175549
vt 0.551596045 0.131161511
vt 0.580069482 0.132585213
vt 0.722436428 0.157736734
vt 0.750909746 0.159160331
vt 0.893276393 0.184311852
vt 0.995780647 0.205175534
vt 0.551596045 0.106010064
vt 0.580069482 0.131161511
vt 0.722436428 0.132585213
vt 0.750909746 0.157736734
vt 0.92174989 0.184311852
vt 0.893276393 0.159160331
vt 0.92174989 0.159160331
vt 0.551596045 0.104586378
vt 0.580069482 0.106010064
vt 0.551596045 0.079434894
vt 0.580069482 0.079434894
vt 0.580069482 0.0697610229
vt 0.580069482 0.104586378
vt 0.617264986 0.0697610229
vt 0.893276393 0.157736734
vt 0.750909746 0.132585213
vt 0.92174989 0.157736734
vt 0.893276393 0.132585213
vt 0.92174989 0.132585213
vt 0.92174989 0.131161511
vt 0.893276393 0.131161511
vt 0.92174989 0.106010064
vt 0.995780647 0.0265903026
vt 0.750909746 0.131161511
vt 0.722436428 0.131161511
vt 0.750909746 0.106010064
vt 0.722436428 0.106010064
vt 0.893276393 0.106010064
vt 0.722436428 0.104586378
vt 0.750909746 0.104586378
vt 0.722436428 0.079434894
vt 0.893276393 0.104586378
vt 0.750909746 0.079434894
vt 0.92174989 0.104586378
vt 0.893276393 0.079434894
vt 0.92174989 0.079434894
vt 0.722436428 0.0780112073
vt 0.750909746 0.0780112073
vt 0.893276393 0.0780112073
vt 0.750909746 0.0528597832
vt 0.92174989 0.0780112073
vt 0.92174989 0.0528597832
vt 0.893276334 0.0265903007
vt 0.893276393 0.0528597832
vt 0.750909686 0.0265903026
vt 0.722436428 0.0265903026
vt 0.722436428 0.0528597832
vt 0.711996257 0.0265903026
vt 0.711996257 0.064249143
vt 0.617264986 0.0414704084
vt 0.617264986 0.0265903026
vt 0.616315842 0.0265903026
vt 0.616315842 0.0401060581
vt 0.40543282 0.079434894
vt 0.40543288 0.079434894
vt 0.40543282 0.104586378
vt 0.40543282 0.104586378
vt 0.376959443 0.104586378
vt 0.376959443 0.104586378
vt 0.376959443 0.079434894
vt 0.376959443 0.079434894
vt 0.376959443 0.132585213
vt 0.376959443 0.132585213
vt 0.40543282 0.132585213
vt 0.40543282 0.132585213
vt 0.40543282 0.159160331
vt 0.40543282 0.159160331
vt 0.40543282 0.184311852
vt 0.40543282 0.184311852
vt 0.40543282 0.157736734
vt 0.40543282 0.157736734
vt 0.376959503 0.157736644
vt 0.376959443 0.157736734
vt 0.40543282 0.0528597832
vt 0.40543282 0.0528597832
vt 0.40543288 0.0780112073
vt 0.40543282 0.0780112073
vt 0.376959443 0.184311852
vt 0.376959443 0.184311852
vt 0.376959443 0.159160331
vt 0.376959443 0.159160331
vt 0.376959443 0.0528597832
vt 0.376959503 0.0528597832
vt 0.40543282 0.0528597832
vt 0.40543282 0.0528597832
vt 0.376959443 0.0780112073
vt 0.376959503 0.0780112073
vt 0.376959503 0.0528597832
vt 0.376959443 0.0528597832
vt 0.376959443 0.159160331
vt 0.376959443 0.159160331
vt 0.40543282 0.159160331
vt 0.40543282 0.159160331
vt 0.40543282 0.0780112073
vt 0.40543288 0.0780112073
vt 0.376959503 0.0780112073
vt 0.376959443 0.0780112073
vt 0.40543282 0.132585213
vt 0.40543282 0.132585213
vt 0.40543282 0.157736734
vt 0.40543282 0.157736734
vt 0.40543282 0.184311852
vt 0.40543282 0.184311852
vt 0.376959443 0.184311852
vt 0.376959443 0.184311852
vt 0.376959443 0.157736734
vt 0.376959503 0.157736644
vt 0.376959443 0.132585213
vt 0.376959443 0.132585213
vt 0.376959443 0.079434894
vt 0.376959443 0.079434894
vt 0.40543288 0.079434894
vt 0.40543282 0.079434894
vt 0.551596224 0.104586378
vt 0.551596045 0.104586378
vt 0.580069482 0.104586378
vt 0.580069482 0.104586378
vt 0.551596045 0.184311852
vt 0.551596045 0.184311852
vt 0.580069482 0.184311852
vt 0.580069482 0.184311852
vt 0.551596045 0.184311852
vt 0.551596045 0.184311852
vt 0.551596224 0.159160331
vt 0.551596045 0.159160331
vt 0.551596045 0.157736734
vt 0.551596045 0.157736734
vt 0.580069482 0.157736734
vt 0.580069482 0.157736644
vt 0.551596045 0.157736734
vt 0.551596045 0.157736734
vt 0.551596224 0.132585213
vt 0.551596045 0.132585213
vt 0.893276393 0.104586378
vt 0.92174989 0.104586378
vt 0.92174989 0.104586378
vt 0.893276393 0.104586378
vt 0.580069482 0.104586378
vt 0.580069482 0.079434894
vt 0.580069482 0.079434894
vt 0.580069482 0.104586378
vt 0.893276393 0.159160331
vt 0.893276393 0.184311852
vt 0.893276393 0.184311852
vt 0.893276393 0.159160331
vt 0.92174989 0.0528597832
vt 0.893276393 0.0528597832
vt 0.893276393 0.0528597832
vt 0.92174989 0.0528597832
vt 0.893276393 0.132585213
vt 0.893276393 0.157736734
vt 0.893276393 0.157736734
vt 0.893276393 0.132585213
vt 0.580069482 0.131161511
vt 0.580069482 0.106010064
vt 0.580069482 0.106010064
vt 0.580069482 0.131161511
vt 0.893276393 0.106010064
vt 0.893276393 0.131161511
vt 0.893276393 0.131161511
vt 0.893276632 0.106010064
vt 0.893276393 0.131161511
vt 0.92174989 0.131161511
vt 0.92174989 0.131161511
vt 0.893276393 0.131161511
vt 0.893276393 0.0780112073
vt 0.92174989 0.0780112073
vt 0.92174989 0.0780112073
vt 0.893276393 0.0780112073
vt 0.893276393 0.157736734
vt 0.92174989 0.157736734
vt 0.92174989 0.157736734
vt 0.893276393 0.157736734
vt 0.893276393 0.184311852
vt 0.92174989 0.184311852
vt 0.92174989 0.184311852
vt 0.893276393 0.184311852
vt 0.92174989 0.079434894
vt 0.893276393 0.079434894
vt 0.893276632 0.079434894
vt 0.92174989 0.079434894
vt 0.92174989 0.106010064
vt 0.893276393 0.106010064
vt 0.893276632 0.106010064
vt 0.92174989 0.106010064
vt 0.92174989 0.132585213
vt 0.893276393 0.132585213
vt 0.893276393 0.132585213
vt 0.92174989 0.132585213
vt 0.92174989 0.159160331
vt 0.893276393 0.159160331
vt 0.893276393 0.159160331
vt 0.92174989 0.159160331
vt 0.92174989 0.0780112073
vt 0.92174989 0.0528597832
vt 0.92174989 0.0528597832
vt 0.92174989 0.0780112073
vt 0.92174989 0.104586378
vt 0.92174989 0.079434894
vt 0.92174989 0.079434894
vt 0.92174989 0.104586378
vt 0.92174989 0.131161511
vt 0.92174989 0.106010064
vt 0.92174989 0.106010064
vt 0.92174989 0.131161511
vt 0.92174989 0.157736734
vt 0.92174989 0.132585213
vt 0.92174989 0.132585213
vt 0.92174989 0.157736734
vt 0.92174989 0.184311852
vt 0.92174989 0.159160331
vt 0.92174989 0.159160331
vt 0.92174989 0.184311852
vt 0.893276393 0.0528597832
vt 0.893276393 0.0780112073
vt 0.893276393 0.0780112073
vt 0.893276393 0.0528597832
vt 0.893276393 0.079434894
vt 0.893276393 0.104586378
vt 0.893276393 0.104586378
vt 0.893276632 0.079434894
vt 0.722436428 0.131161511
vt 0.750909746 0.131161511
vt 0.750909746 0.131161511
vt 0.722436428 0.131161511
vt 0.750909746 0.106010064
vt 0.722436428 0.106010064
vt 0.722436428 0.106010064
vt 0.750909746 0.106010064
vt 0.750909746 0.131161511
vt 0.750909746 0.106010064
vt 0.750909746 0.106010064
vt 0.750909746 0.131161511
vt 0.722436428 0.106010064
vt 0.722436428 0.131161511
vt 0.722436428 0.131161511
vt 0.722436428 0.106010064
vt 0.722436428 0.104586378
vt 0.750909746 0.104586378
vt 0.750909746 0.104586378
vt 0.722436428 0.104586378
vt 0.722436428 0.079434894
vt 0.722436428 0.104586378
vt 0.722436428 0.104586378
vt 0.722436428 0.079434894
vt 0.750909746 0.104586378
vt 0.750909746 0.079434894
vt 0.750909746 0.079434894
vt 0.750909746 0.104586378
vt 0.750909746 0.132585213
vt 0.722436428 0.132585213
vt 0.722436428 0.132585213
vt 0.750909746 0.132585213
vt 0.722436428 0.159160331
vt 0.722436428 0.184311852
vt 0.722436428 0.184311852
vt 0.722436428 0.159160331
vt 0.722436428 0.157736734
vt 0.750909746 0.157736734
vt 0.750909746 0.157736734
vt 0.722436428 0.157736644
vt 0.722436428 0.0528597832
vt 0.722436428 0.0780112073
vt 0.722436428 0.0780112073
vt 0.722436428 0.0528597832
vt 0.750909746 0.184311852
vt 0.750909746 0.159160331
vt 0.750909746 0.159160331
vt 0.750909746 0.184311852
vt 0.750909746 0.0528597832
vt 0.722436428 0.0528597832
vt 0.722436428 0.0528597832
vt 0.750909746 0.0528597832
vt 0.750909746 0.0780112073
vt 0.750909746 0.0528597832
vt 0.750909746 0.0528597832
vt 0.750909746 0.0780112073
vt 0.750909746 0.159160331
vt 0.722436428 0.159160331
vt 0.722436428 0.159160331
vt 0.750909746 0.159160331
vt 0.722436428 0.0780112073
vt 0.750909746 0.0780112073
vt 0.750909746 0.0780112073
vt 0.722436428 0.0780112073
vt 0.722436428 0.132585213
vt 0.722436428 0.157736734
vt 0.722436428 0.157736644
vt 0.722436428 0.132585213
vt 0.722436428 0.184311852
vt 0.750909746 0.184311852
vt 0.750909746 0.184311852
vt 0.722436428 0.184311852
vt 0.750909746 0.157736734
vt 0.750909746 0.132585213
vt 0.750909746 0.132585213
vt 0.750909746 0.157736734
vt 0.750909746 0.079434894
vt 0.722436428 0.079434894
vt 0.722436428 0.079434894
vt 0.750909746 0.079434894
vt 0.580069482 0.184311852
vt 0.580069482 0.159160331
vt 0.580069482 0.159160331
vt 0.580069482 0.184311852
vt 0.580069482 0.157736734
vt 0.580069482 0.132585213
vt 0.580069482 0.132585213
vt 0.580069482 0.157736644
vt 0.551596224 0.104586378
vt 0.580069482 0.104586378
vt 0.580069482 0.079434894
vt 0.551596045 0.079434894
vt 0.551596045 0.131161511
vt 0.580069482 0.131161511
vt 0.580069482 0.106010064
vt 0.551596045 0.106010064
vt 0.551596045 0.157736734
vt 0.580069482 0.157736644
vt 0.580069482 0.132585213
vt 0.551596224 0.132585213
vt 0.551596045 0.184311852
vt 0.580069482 0.184311852
vt 0.580069482 0.159160331
vt 0.551596224 0.159160331
vt 0.893276393 0.0780112073
vt 0.92174989 0.0780112073
vt 0.92174989 0.0528597832
vt 0.893276393 0.0528597832
vt 0.893276393 0.104586378
vt 0.92174989 0.104586378
vt 0.92174989 0.079434894
vt 0.893276632 0.079434894
vt 0.893276393 0.131161511
vt 0.92174989 0.131161511
vt 0.92174989 0.106010064
vt 0.893276632 0.106010064
vt 0.893276393 0.157736734
vt 0.92174989 0.157736734
vt 0.92174989 0.132585213
vt 0.893276393 0.132585213
vt 0.893276393 0.184311852
vt 0.92174989 0.184311852
vt 0.92174989 0.159160331
vt 0.893276393 0.159160331
vt 0.722436428 0.0780112073
vt 0.750909746 0.0780112073
vt 0.750909746 0.0528597832
vt 0.722436428 0.0528597832
vt 0.722436428 0.104586378
vt 0.750909746 0.104586378
vt 0.750909746 0.079434894
vt 0.722436428 0.079434894
vt 0.722436428 0.131161511
vt 0.750909746 0.131161511
vt 0.750909746 0.106010064
vt 0.722436428 0.106010064
vt 0.722436428 0.157736644
vt 0.750909746 0.157736734
vt 0.750909746 0.132585213
vt 0.722436428 0.132585213
vt 0.722436428 0.184311852
vt 0.750909746 0.184311852
vt 0.750909746 0.159160331
vt 0.722436428 0.159160331
vt 0.402585506 0.0623509288
vt 0.387874186 0.053808853
vt 0.387874186 0.0623509288
vt 0.40543282 0.0528597832
vt 0.379806817 0.053808853
vt 0.40543288 0.0780112073
vt 0.402585506 0.0770621374
vt 0.376959503 0.0528597832
vt 0.379806817 0.0623509288
vt 0.379806817 0.0770621374
vt 0.376959503 0.0780112073
vt 0.387874186 0.053808853
vt 0.387874186 0.053808853
vt 0.387874186 0.0623509288
vt 0.387874186 0.0623509288
vt 0.379806817 0.0770621374
vt 0.379806817 0.0770621374
vt 0.379806817 0.0623509288
vt 0.379806817 0.0623509288
vt 0.379806817 0.053808853
vt 0.379806817 0.053808853
vt 0.379806817 0.053808853
vt 0.379806817 0.053808853
vt 0.387874186 0.053808853
vt 0.387874186 0.053808853
vt 0.402585506 0.0623509288
vt 0.402585506 0.0623509288
vt 0.402585506 0.0770621374
vt 0.402585506 0.0770621374
vt 0.387874186 0.0623509288
vt 0.387874186 0.0623509288
vt 0.402585506 0.0623509288
vt 0.402585506 0.0623509288
vt 0.379806817 0.0770621374
vt 0.387874186 0.0770621374
vt 0.379806817 0.0770621374
vt 0.402585506 0.0770621374
vt 0.402585506 0.0770621374
vt 0.402585506 0.0770621374
vt 0.402585506 0.0623509288
vt 0.387874186 0.0623509288
vt 0.387874186 0.0770621374
vt 0.387304723 0.076492697
vt 0.387874186 0.053808853
vt 0.379806817 0.053808853
vt 0.380376279 0.076492697
vt 0.379806817 0.0770621374
vt 0.379806817 0.0623509288
vt 0.402585506 0.0889260396
vt 0.387874186 0.0803840086
vt 0.387874186 0.0889260396
vt 0.40543288 0.079434894
vt 0.379806817 0.0803840086
vt 0.40543282 0.104586378
vt 0.402585506 0.103637271
vt 0.376959443 0.079434894
vt 0.379806817 0.0889260396
vt 0.379806817 0.103637271
vt 0.376959443 0.104586378
vt 0.387874186 0.0803840086
vt 0.387874186 0.0803840086
vt 0.387874186 0.0889260396
vt 0.387874186 0.0889260396
vt 0.379806817 0.103637271
vt 0.379806817 0.103637271
vt 0.379806817 0.0889260396
vt 0.379806817 0.0889260396
vt 0.379806817 0.0803840086
vt 0.379806817 0.0803840086
vt 0.379806817 0.0803840086
vt 0.379806817 0.0803840086
vt 0.387874186 0.0803840086
vt 0.387874186 0.0803840086
vt 0.402585506 0.0889260396
vt 0.402585506 0.0889260396
vt 0.402585506 0.103637271
vt 0.402585506 0.103637271
vt 0.387874186 0.0889260396
vt 0.387874186 0.0889260396
vt 0.402585506 0.0889260396
vt 0.402585506 0.0889260396
vt 0.379806817 0.103637271
vt 0.387874186 0.103637271
vt 0.379806817 0.103637271
vt 0.402585506 0.103637271
vt 0.402585506 0.103637271
vt 0.402585506 0.103637271
vt 0.402585506 0.0889260396
vt 0.387874186 0.0889260396
vt 0.387874186 0.103637271
vt 0.379806817 0.103637271
vt 0.387874186 0.0803840086
vt 0.379806817 0.0803840086
vt 0.379806817 0.0889260396
vt 0.402585506 0.115501203
vt 0.387874186 0.106959134
vt 0.387874186 0.115501203
vt 0.40543282 0.106010064
vt 0.379806817 0.106959134
vt 0.40543282 0.131161511
vt 0.402585506 0.130212426
vt 0.376959443 0.106010064
vt 0.379806817 0.115501203
vt 0.379806817 0.130212426
vt 0.376959443 0.131161511
vt 0.387874186 0.106959134
vt 0.387874186 0.106959134
vt 0.387874186 0.115501203
vt 0.387874186 0.115501203
vt 0.379806817 0.130212426
vt 0.379806817 0.130212426
vt 0.379806817 0.115501203
vt 0.379806817 0.115501203
vt 0.379806817 0.106959134
vt 0.379806817 0.106959134
vt 0.379806817 0.106959134
vt 0.379806817 0.106959134
vt 0.387874186 0.106959134
vt 0.387874186 0.106959134
vt 0.402585506 0.115501203
vt 0.402585506 0.115501203
vt 0.402585506 0.130212426
vt 0.402585506 0.130212426
vt 0.387874186 0.115501203
vt 0.387874186 0.115501203
vt 0.402585506 0.115501203
vt 0.402585506 0.115501203
vt 0.379806817 0.130212426
vt 0.387874186 0.130212426
vt 0.379806817 0.130212426
vt 0.402585506 0.130212426
vt 0.402585506 0.130212426
vt 0.379806817 0.106959134
vt 0.379806817 0.115501203
vt 0.379806817 0.130212426
vt 0.380376279 0.129642963
vt 0.387874186 0.130212426
vt 0.387304723 0.129642963
vt 0.387874186 0.106959134
vt 0.387874186 0.115501203
vt 0.388443708 0.116070658
vt 0.388443708 0.129642963
vt 0.402585506 0.130212426
vt 0.402016044 0.129642963
vt 0.402585506 0.115501203
vt 0.402016044 0.116070658
vt 0.402585506 0.142076328
vt 0.387874186 0.133534297
vt 0.387874186 0.142076328
vt 0.40543282 0.132585213
vt 0.379806817 0.133534297
vt 0.40543282 0.157736734
vt 0.402585506 0.156787574
vt 0.376959443 0.132585213
vt 0.379806817 0.142076328
vt 0.379806817 0.156787574
vt 0.376959503 0.157736644
vt 0.387874186 0.133534297
vt 0.387874186 0.133534297
vt 0.387874186 0.142076328
vt 0.387874186 0.142076328
vt 0.379806817 0.156787574
vt 0.379806817 0.156787574
vt 0.379806817 0.142076328
vt 0.379806817 0.142076328
vt 0.379806817 0.133534297
vt 0.379806817 0.133534297
vt 0.379806817 0.133534297
vt 0.379806817 0.133534297
vt 0.387874186 0.133534297
vt 0.387874186 0.133534297
vt 0.402585506 0.142076328
vt 0.402585506 0.142076328
vt 0.402585506 0.156787574
vt 0.402585506 0.156787574
vt 0.387874186 0.142076328
vt 0.387874186 0.142076328
vt 0.402585506 0.142076328
vt 0.402585506 0.142076328
vt 0.379806817 0.156787574
vt 0.387874186 0.156787574
vt 0.379806817 0.156787574
vt 0.402585506 0.156787574
vt 0.402585506 0.156787574
vt 0.402585506 0.156787574
vt 0.402585506 0.142076328
vt 0.387874186 0.142076328
vt 0.387874186 0.156787574
vt 0.387304723 0.156218082
vt 0.387874186 0.133534297
vt 0.379806817 0.133534297
vt 0.380376279 0.156218082
vt 0.379806817 0.156787574
vt 0.379806817 0.142076328
vt 0.402585506 0.168651477
vt 0.387874186 0.16010949
vt 0.387874186 0.168651477
vt 0.40543282 0.159160331
vt 0.379806817 0.16010949
vt 0.40543282 0.184311852
vt 0.402585506 0.183362678
vt 0.376959443 0.159160331
vt 0.379806817 0.168651477
vt 0.379806817 0.183362678
vt 0.376959443 0.184311852
vt 0.387874186 0.16010949
vt 0.387874186 0.16010949
vt 0.387874186 0.168651477
vt 0.387874186 0.168651477
vt 0.379806817 0.183362678
vt 0.379806817 0.183362678
vt 0.379806817 0.168651477
vt 0.379806817 0.168651477
vt 0.379806817 0.16010949
vt 0.379806817 0.16010949
vt 0.379806817 0.16010949
vt 0.379806817 0.16010949
vt 0.387874186 0.16010949
vt 0.387874186 0.16010949
vt 0.402585506 0.168651477
vt 0.402585506 0.168651477
vt 0.402585506 0.183362678
vt 0.402585506 0.183362678
vt 0.387874186 0.168651477
vt 0.387874186 0.168651477
vt 0.402585506 0.168651477
vt 0.402585506 0.168651477
vt 0.379806817 0.183362678
vt 0.387874186 0.183362678
vt 0.379806817 0.183362678
vt 0.402585506 0.183362678
vt 0.402585506 0.183362678
vt 0.402585506 0.183362678
vt 0.402585506 0.168651477
vt 0.387874186 0.168651477
vt 0.387874186 0.183362678
vt 0.379806817 0.183362678
vt 0.387874186 0.16010949
vt 0.379806817 0.16010949
vt 0.379806817 0.168651477
vt 0.206119224 0.0780112073
vt 0.234592602 0.0780112073
vt 0.234592602 0.0528597832
vt 0.206119224 0.0528597832
vt 0.206119224 0.079434894
vt 0.206119314 0.104586378
vt 0.234592602 0.104586378
vt 0.234592602 0.079434894
vt 0.206119224 0.131161511
vt 0.234592602 0.131161511
vt 0.234592602 0.106010064
vt 0.206119314 0.106010064
vt 0.206119314 0.157736644
vt 0.234592602 0.157736644
vt 0.234592602 0.132585213
vt 0.206119314 0.132585213
vt 0.206119224 0.184311852
vt 0.234592602 0.184311852
vt 0.234592602 0.159160331
vt 0.206119314 0.159160331
vt 0.0593350939 0.582242012
vt 0.0608287528 0.582579792
vt 0.0634426698 0.570666254
vt 0.0621621124 0.569117785
vt 0.0642472133 0.533401906
vt 0.0632076561 0.534832358
vt 0.0630262941 0.537178278
vt 0.0643225908 0.538185894
vt 0.0579208359 0.542941272
vt 0.0643225908 0.538185894
vt 0.0599925518 0.538120925
vt 0.0670579001 0.543471038
vt 0.0761614963 0.544040322
vt 0.0704163313 0.538574815
vt 0.0747011304 0.539039731
vt 0.0621621124 0.569117785
vt 0.0480778664 0.578878999
vt 0.0593350939 0.582242012
vt 0.0562025309 0.56336695
vt 0.06899371 0.569070578
vt 0.0621621124 0.569117785
vt 0.0759522617 0.564365864
vt 0.06899371 0.569070578
vt 0.0822285488 0.578353047
vt 0.0727298856 0.580945969
vt 0.059384767 0.533784389
vt 0.0642472133 0.533401906
vt 0.0681656897 0.525638938
vt 0.0527420118 0.527329862
vt 0.0643225908 0.538185894
vt 0.0670579001 0.543471038
vt 0.0681656897 0.525638938
vt 0.0642472133 0.533401906
vt 0.0547377057 0.562662184
vt 0.0396235138 0.570566058
vt 0.0425610617 0.575156927
vt 0.0377758145 0.551157176
vt 0.0545614697 0.552918792
vt 0.0420089923 0.53638339
vt 0.0560397021 0.544670463
vt 0.0579208359 0.542941272
vt 0.0599925518 0.538120925
vt 0.059384767 0.533784389
vt 0.0527420118 0.527329862
vt 0.075811483 0.562510312
vt 0.0766145736 0.554089427
vt 0.0563842133 0.553078115
vt 0.0564815924 0.561540782
vt 0.059384767 0.533784389
vt 0.0608294979 0.534737229
vt 0.0632076561 0.534832358
vt 0.0642472133 0.533401906
vt 0.0643225908 0.538185894
vt 0.0630262941 0.537178278
vt 0.0608042553 0.536991477
vt 0.0599925518 0.538120925
vt 0.0599925518 0.538120925
vt 0.0608042553 0.536991477
vt 0.0608294979 0.534737229
vt 0.059384767 0.533784389
vt 0.0632076561 0.534832358
vt 0.0608294979 0.534737229
vt 0.0608042553 0.536991477
vt 0.0630262941 0.537178278
vt 0.0563842133 0.553078115
vt 0.0545614697 0.552918792
vt 0.0547377057 0.562662184
vt 0.0564815924 0.561540782
vt 0.0634426698 0.570666254
vt 0.0608287528 0.582579792
vt 0.0714345425 0.581356347
vt 0.0679887831 0.570295453
vt 0.056264773 0.543165922
vt 0.0579208359 0.542941272
vt 0.0488800183 0.528797746
vt 0.0469628274 0.530073941
vt 0.0577783659 0.544738173
vt 0.0560397021 0.544670463
vt 0.0545614697 0.552918792
vt 0.0563842133 0.553078115
vt 0.0766145736 0.554089427
vt 0.0760989264 0.545830548
vt 0.0784150288 0.554105461
vt 0.0778064951 0.54595077
vt 0.075811483 0.562510312
vt 0.0564815924 0.561540782
vt 0.0562025309 0.56336695
vt 0.0759522617 0.564365864
vt 0.0670579001 0.543471038
vt 0.0577783659 0.544738173
vt 0.0760989264 0.545830548
vt 0.0761614963 0.544040322
vt 0.0577783659 0.544738173
vt 0.0579208359 0.542941272
vt 0.056264773 0.543165922
vt 0.0560397021 0.544670463
vt 0.0547377057 0.562662184
vt 0.0425610617 0.575156927
vt 0.0443476886 0.576777637
vt 0.0562025309 0.56336695
vt 0.0727298856 0.580945969
vt 0.06899371 0.569070578
vt 0.0679887831 0.570295453
vt 0.0714345425 0.581356347
vt 0.0710796118 0.533854961
vt 0.0704163313 0.538574815
vt 0.0718212798 0.537737489
vt 0.0719309226 0.535398722
vt 0.0758270472 0.534838676
vt 0.0830965191 0.52937001
vt 0.0681656897 0.525638938
vt 0.0710796118 0.533854961
vt 0.0704163313 0.538574815
vt 0.0710796118 0.533854961
vt 0.0670579001 0.543471038
vt 0.0774457529 0.563780069
vt 0.0873274729 0.575511336
vt 0.0902655572 0.571747482
vt 0.0944520235 0.554271162
vt 0.0784150288 0.554105461
vt 0.0924139395 0.539529085
vt 0.0778064951 0.54595077
vt 0.0761614963 0.544040322
vt 0.0830965191 0.52937001
vt 0.0758270472 0.534838676
vt 0.0747011304 0.539039731
vt 0.0758270472 0.534838676
vt 0.0710796118 0.533854961
vt 0.0719309226 0.535398722
vt 0.0742885545 0.535599411
vt 0.0704163313 0.538574815
vt 0.0747011304 0.539039731
vt 0.0740375593 0.537825227
vt 0.0718212798 0.537737489
vt 0.0747011304 0.539039731
vt 0.0758270472 0.534838676
vt 0.0742885545 0.535599411
vt 0.0740375593 0.537825227
vt 0.0718212798 0.537737489
vt 0.0740375593 0.537825227
vt 0.0742885545 0.535599411
vt 0.0719309226 0.535398722
vt 0.0766145736 0.554089427
vt 0.075811483 0.562510312
vt 0.0774457529 0.563780069
vt 0.0784150288 0.554105461
vt 0.0777604431 0.544453621
vt 0.0883894116 0.532769382
vt 0.0866768807 0.531288922
vt 0.0761614963 0.544040322
vt 0.0777604431 0.544453621
vt 0.0761614963 0.544040322
vt 0.0760989264 0.545830548
vt 0.0778064951 0.54595077
vt 0.0774457529 0.563780069
vt 0.0759522617 0.564365864
vt 0.0856482834 0.576809585
vt 0.0873274729 0.575511336
vt 0.094333753 0.452674568
vt 0.0958414078 0.452942908
vt 0.0979003161 0.440920889
vt 0.09654928 0.439433396
vt 0.0969766751 0.403659225
vt 0.0960045457 0.405136466
vt 0.0959320515 0.407488227
vt 0.0972737446 0.408434689
vt 0.0910992324 0.413481712
vt 0.0972737446 0.408434689
vt 0.0929453373 0.408570439
vt 0.100251094 0.413587332
vt 0.10937123 0.413734049
vt 0.103378892 0.408540785
vt 0.107680693 0.408806562
vt 0.0972737446 0.408434689
vt 0.100530997 0.395723045
vt 0.0969766751 0.403659225
vt 0.103378892 0.408540785
vt 0.103822723 0.403795183
vt 0.09654928 0.439433396
vt 0.0829326585 0.449836969
vt 0.094333753 0.452674568
vt 0.0903296843 0.433965087
vt 0.103371516 0.439069659
vt 0.110104427 0.434047401
vt 0.117022276 0.447728753
vt 0.107654095 0.450759053
vt 0.0921371728 0.404266834
vt 0.0969766751 0.403659225
vt 0.100530997 0.395723045
vt 0.0852023661 0.398127168
vt 0.0888336897 0.433328867
vt 0.0741021261 0.4419249
vt 0.0772493184 0.446374625
vt 0.0713567585 0.422622442
vt 0.0882059783 0.42360419
vt 0.0749006346 0.407668322
vt 0.0893003494 0.415296227
vt 0.0910992324 0.413481712
vt 0.0929453373 0.408570439
vt 0.0921371728 0.404266834
vt 0.0852023661 0.398127168
vt 0.10987784 0.432200372
vt 0.110289648 0.423751354
vt 0.090034157 0.423678935
vt 0.09052369 0.432127804
vt 0.0921371728 0.404266834
vt 0.0936245322 0.405151665
vt 0.0960045457 0.405136466
vt 0.0969766751 0.403659225
vt 0.0972737446 0.408434689
vt 0.0959320515 0.407488227
vt 0.0937038064 0.407404631
vt 0.0929453373 0.408570439
vt 0.0929453373 0.408570439
vt 0.0937038064 0.407404631
vt 0.0936245322 0.405151665
vt 0.0921371728 0.404266834
vt 0.0960045457 0.405136466
vt 0.0936245322 0.405151665
vt 0.0937038064 0.407404631
vt 0.0959320515 0.407488227
vt 0.090034157 0.423678935
vt 0.0882059783 0.42360419
vt 0.0888336897 0.433328867
vt 0.09052369 0.432127804
vt 0.0979003161 0.440920889
vt 0.0958414078 0.452942908
vt 0.106379084 0.451229125
vt 0.102424353 0.440339744
vt 0.0894553587 0.413782865
vt 0.0910992324 0.413481712
vt 0.0814125016 0.399772465
vt 0.0795566738 0.4011361
vt 0.091040276 0.415283233
vt 0.0893003494 0.415296227
vt 0.0882059783 0.42360419
vt 0.090034157 0.423678935
vt 0.110289648 0.423751354
vt 0.109391786 0.415525258
vt 0.112088919 0.423683912
vt 0.111103028 0.415566266
vt 0.10987784 0.432200372
vt 0.09052369 0.432127804
vt 0.0903296843 0.433965087
vt 0.110104427 0.434047401
vt 0.100251094 0.413587332
vt 0.091040276 0.415283233
vt 0.109391786 0.415525258
vt 0.10937123 0.413734049
vt 0.091040276 0.415283233
vt 0.0910992324 0.413481712
vt 0.0894553587 0.413782865
vt 0.0893003494 0.415296227
vt 0.0888336897 0.433328867
vt 0.0772493184 0.446374625
vt 0.0791091323 0.447910726
vt 0.0903296843 0.433965087
vt 0.107654095 0.450759053
vt 0.103371516 0.439069659
vt 0.102424353 0.440339744
vt 0.106379084 0.451229125
vt 0.103822723 0.403795183
vt 0.103378892 0.408540785
vt 0.104743585 0.407639146
vt 0.104744688 0.405297667
vt 0.108610675 0.404557794
vt 0.115618832 0.398757964
vt 0.100530997 0.395723045
vt 0.103822723 0.403795183
vt 0.111569211 0.433393002
vt 0.12198405 0.444653749
vt 0.124744512 0.440757692
vt 0.128116414 0.423106015
vt 0.112088919 0.423683912
vt 0.125397146 0.408474326
vt 0.111103028 0.415566266
vt 0.10937123 0.413734049
vt 0.115618832 0.398757964
vt 0.108610675 0.404557794
vt 0.107680693 0.408806562
vt 0.108610675 0.404557794
vt 0.103822723 0.403795183
vt 0.104744688 0.405297667
vt 0.1071091 0.405389071
vt 0.103378892 0.408540785
vt 0.107680693 0.408806562
vt 0.106961533 0.407624066
vt 0.104743585 0.407639146
vt 0.107680693 0.408806562
vt 0.108610675 0.404557794
vt 0.1071091 0.405389071
vt 0.106961533 0.407624066
vt 0.104743585 0.407639146
vt 0.106961533 0.407624066
vt 0.1071091 0.405389071
vt 0.104744688 0.405297667
vt 0.110289648 0.423751354
vt 0.10987784 0.432200372
vt 0.111569211 0.433393002
vt 0.112088919 0.423683912
vt 0.110987693 0.414072782
vt 0.121063605 0.401908278
vt 0.119284272 0.400508821
vt 0.10937123 0.413734049
vt 0.06899371 0.569070578
vt 0.0621621124 0.569117785
vt 0.0634426698 0.570666254
vt 0.0679887831 0.570295453
vt 0.110987693 0.414072782
vt 0.10937123 0.413734049
vt 0.109391786 0.415525258
vt 0.111103028 0.415566266
vt 0.111569211 0.433393002
vt 0.110104427 0.434047401
vt 0.120366842 0.446028322
vt 0.12198405 0.444653749
vt 0.103371516 0.439069659
vt 0.09654928 0.439433396
vt 0.0979003161 0.440920889
vt 0.102424353 0.440339744
vt 0.0930231586 0.518363178
vt 0.0945261568 0.518657088
vt 0.0967893526 0.506671846
vt 0.0954638422 0.505161643
vt 0.0965002775 0.469399989
vt 0.0955031216 0.470860362
vt 0.0953905955 0.473210514
vt 0.0967159048 0.474179745
vt 0.0904564187 0.47912088
vt 0.0967159048 0.474179745
vt 0.0923858806 0.474241763
vt 0.0996050835 0.479382336
vt 0.108721465 0.479684323
vt 0.102818429 0.474389702
vt 0.10711509 0.474728733
vt 0.0967159048 0.474179745
vt 0.100189239 0.46152541
vt 0.0965002775 0.469399989
vt 0.102818429 0.474389702
vt 0.103342943 0.469652385
vt 0.0954638422 0.505161643
vt 0.0816721097 0.515331984
vt 0.0930231586 0.518363178
vt 0.0893381834 0.499588221
vt 0.102291256 0.504914045
vt 0.109108716 0.500007153
vt 0.115792736 0.513804197
vt 0.106374159 0.516674638
vt 0.0916511267 0.469924986
vt 0.0965002775 0.469399989
vt 0.100189239 0.46152541
vt 0.0848217979 0.463668168
vt 0.0904564187 0.47912088
vt 0.0923858806 0.474241763
vt 0.0916511267 0.469924986
vt 0.0848217979 0.463668168
vt 0.108913548 0.498156607
vt 0.109469168 0.489715755
vt 0.0892178565 0.489298463
vt 0.0895634592 0.497754574
vt 0.0916511267 0.469924986
vt 0.0931231976 0.47083503
vt 0.0955031216 0.470860362
vt 0.0965002775 0.469399989
vt 0.0967159048 0.474179745
vt 0.0953905955 0.473210514
vt 0.0931641161 0.47308901
vt 0.0923858806 0.474241763
vt 0.0923858806 0.474241763
vt 0.0931641161 0.47308901
vt 0.0931231976 0.47083503
vt 0.0916511267 0.469924986
vt 0.0955031216 0.470860362
vt 0.0931231976 0.47083503
vt 0.0931641161 0.47308901
vt 0.0953905955 0.473210514
vt 0.0892178565 0.489298463
vt 0.0873912126 0.489192605
vt 0.0878533125 0.498926669
vt 0.0895634592 0.497754574
vt 0.0903667957 0.480921209
vt 0.0996050835 0.479382336
vt 0.0904564187 0.47912088
vt 0.108711511 0.481475592
vt 0.108721465 0.479684323
vt 0.0967893526 0.506671846
vt 0.0945261568 0.518657088
vt 0.105091423 0.517122924
vt 0.101322621 0.506167829
vt 0.0888077319 0.479393959
vt 0.0904564187 0.47912088
vt 0.0810045451 0.465248734
vt 0.079125613 0.46658057
vt 0.0903667957 0.480921209
vt 0.0886268914 0.48090452
vt 0.0873912126 0.489192605
vt 0.0892178565 0.489298463
vt 0.109469168 0.489715755
vt 0.108711511 0.481475592
vt 0.111269392 0.489678919
vt 0.110421814 0.481545657
vt 0.108913548 0.498156607
vt 0.0895634592 0.497754574
vt 0.0893381834 0.499588221
vt 0.109108716 0.500007153
vt 0.0878533125 0.498926669
vt 0.070561178 0.487924188
vt 0.0729775205 0.507270694
vt 0.0873912126 0.489192605
vt 0.0886268914 0.48090452
vt 0.0743590891 0.473032564
vt 0.070561178 0.487924188
vt 0.0888077319 0.479393959
vt 0.0886268914 0.48090452
vt 0.0903667957 0.480921209
vt 0.0904564187 0.47912088
vt 0.0878533125 0.498926669
vt 0.0760484934 0.511773348
vt 0.077881895 0.51334089
vt 0.0893381834 0.499588221
vt 0.106374159 0.516674638
vt 0.102291256 0.504914045
vt 0.101322621 0.506167829
vt 0.105091423 0.517122924
vt 0.103342943 0.469652385
vt 0.102818429 0.474389702
vt 0.104198277 0.473511487
vt 0.104239255 0.471170366
vt 0.108117193 0.470496416
vt 0.115223102 0.464816779
vt 0.100189239 0.46152541
vt 0.103342943 0.469652385
vt 0.110584445 0.499377757
vt 0.120806016 0.51081413
vt 0.123632461 0.506965637
vt 0.127304345 0.489373982
vt 0.111269392 0.489678919
vt 0.124834552 0.474698186
vt 0.110421814 0.481545657
vt 0.108721465 0.479684323
vt 0.115223102 0.464816779
vt 0.108117193 0.470496416
vt 0.10711509 0.474728733
vt 0.108117193 0.470496416
vt 0.103342943 0.469652385
vt 0.104239255 0.471170366
vt 0.106601678 0.471301973
vt 0.102818429 0.474389702
vt 0.10711509 0.474728733
vt 0.106416091 0.473534137
vt 0.104198277 0.473511487
vt 0.10711509 0.474728733
vt 0.108117193 0.470496416
vt 0.106601678 0.471301973
vt 0.106416091 0.473534137
vt 0.104198277 0.473511487
vt 0.106416091 0.473534137
vt 0.106601678 0.471301973
vt 0.104239255 0.471170366
vt 0.109469168 0.489715755
vt 0.108913548 0.498156607
vt 0.110584445 0.499377757
vt 0.111269392 0.489678919
vt 0.110331923 0.480050474
vt 0.120613441 0.468059421
vt 0.118858211 0.466629833
vt 0.108721465 0.479684323
vt 0.110331923 0.480050474
vt 0.108721465 0.479684323
vt 0.108711511 0.481475592
vt 0.110421814 0.481545657
vt 0.110584445 0.499377757
vt 0.109108716 0.500007153
vt 0.119165637 0.512161016
vt 0.120806016 0.51081413
vt 0.102291256 0.504914045
vt 0.0954638422 0.505161643
vt 0.0967893526 0.506671846
vt 0.101322621 0.506167829
vt 0.0381457508 0.518687844
vt 0.0366311036 0.518914044
vt 0.0349073298 0.506839454
vt 0.0362992734 0.505390167
vt 0.0368668586 0.469617963
vt 0.0377975404 0.471121609
vt 0.0378046148 0.473474443
vt 0.0364371911 0.474383295
vt 0.0424688272 0.479600012
vt 0.0364371911 0.474383295
vt 0.0407600701 0.474639326
vt 0.033317633 0.47945118
vt 0.0241968855 0.479344219
vt 0.0303313844 0.474319518
vt 0.0260237828 0.474465579
vt 0.0364371911 0.474383295
vt 0.0335345678 0.461586028
vt 0.0368668586 0.469617963
vt 0.0303313844 0.474319518
vt 0.0300196782 0.469563395
vt 0.0362992734 0.505390167
vt 0.0496212691 0.516168475
vt 0.0381457508 0.518687844
vt 0.0426685214 0.500096858
vt 0.0294898115 0.504836798
vt 0.0228991583 0.499629289
vt 0.0156034306 0.513112903
vt 0.0248837955 0.516402543
vt 0.0416875817 0.470359832
vt 0.0368668586 0.469617963
vt 0.0335345678 0.461586028
vt 0.0487904996 0.464415401
vt 0.0441816226 0.499502599
vt 0.058668457 0.508504987
vt 0.0553987548 0.512865424
vt 0.0619495437 0.489286244
vt 0.0450794958 0.489799082
vt 0.058822941 0.474239379
vt 0.0442165732 0.48146385
vt 0.0424688272 0.479600012
vt 0.0407600701 0.474639326
vt 0.0416875817 0.470359832
vt 0.0487904996 0.464415401
vt 0.0231770054 0.497789264
vt 0.0230003707 0.48933199
vt 0.0432499535 0.489822924
vt 0.0425256528 0.498255014
vt 0.0416875817 0.470359832
vt 0.0401761979 0.471203029
vt 0.0377975404 0.471121609
vt 0.0368668586 0.469617963
vt 0.0364371911 0.474383295
vt 0.0378046148 0.473474443
vt 0.0400343053 0.473452866
vt 0.0407600701 0.474639326
vt 0.0407600701 0.474639326
vt 0.0400343053 0.473452866
vt 0.0401761979 0.471203029
vt 0.0416875817 0.470359832
vt 0.0377975404 0.471121609
vt 0.0401761979 0.471203029
vt 0.0400343053 0.473452866
vt 0.0378046148 0.473474443
vt 0.0432499535 0.489822924
vt 0.0450794958 0.489799082
vt 0.0441816226 0.499502599
vt 0.0425256528 0.498255014
vt 0.0424776636 0.481402546
vt 0.033317633 0.47945118
vt 0.0424688272 0.479600012
vt 0.0241265967 0.481134176
vt 0.0241968855 0.479344219
vt 0.0349073298 0.506839454
vt 0.0366311036 0.518914044
vt 0.026145149 0.51690793
vt 0.0304012746 0.506132722
vt 0.0441036895 0.479946733
vt 0.0424688272 0.479600012
vt 0.0525330901 0.466165513
vt 0.0543503538 0.467580169
vt 0.0424776636 0.481402546
vt 0.0442165732 0.48146385
vt 0.0450794958 0.489799082
vt 0.0432499535 0.489822924
vt 0.0230003707 0.48933199
vt 0.0241265967 0.481134176
vt 0.0212035924 0.489214629
vt 0.0224148184 0.481127441
vt 0.0231770054 0.497789264
vt 0.0425256528 0.498255014
vt 0.0426685214 0.500096858
vt 0.0228991583 0.499629289
vt 0.0441036895 0.479946733
vt 0.0442165732 0.48146385
vt 0.0424776636 0.481402546
vt 0.0424688272 0.479600012
vt 0.0441816226 0.499502599
vt 0.0553987548 0.512865424
vt 0.053496927 0.514349282
vt 0.0426685214 0.500096858
vt 0.0248837955 0.516402543
vt 0.0294898115 0.504836798
vt 0.0304012746 0.506132722
vt 0.026145149 0.51690793
vt 0.0300196782 0.469563395
vt 0.0303313844 0.474319518
vt 0.028992217 0.473380327
vt 0.0290562846 0.471039772
vt 0.0252123848 0.470192671
vt 0.0183681995 0.464200199
vt 0.0335345678 0.461586028
vt 0.0300196782 0.469563395
vt 0.0214531198 0.498934358
vt 0.0107291341 0.509901047
vt 0.00807807595 0.505929768
vt 0.00519835949 0.488191158
vt 0.0212035924 0.489214629
vt 0.0083235614 0.473640829
vt 0.0224148184 0.481127441
vt 0.0241968855 0.479344219
vt 0.0183681995 0.464200199
vt 0.0252123848 0.470192671
vt 0.0260237828 0.474465579
vt 0.0252123848 0.470192671
vt 0.0300196782 0.469563395
vt 0.0290562846 0.471039772
vt 0.0266902708 0.471065313
vt 0.0303313844 0.474319518
vt 0.0260237828 0.474465579
vt 0.0267756097 0.473303556
vt 0.028992217 0.473380327
vt 0.0260237828 0.474465579
vt 0.0252123848 0.470192671
vt 0.0266902708 0.471065313
vt 0.0267756097 0.473303556
vt 0.028992217 0.473380327
vt 0.0267756097 0.473303556
vt 0.0266902708 0.471065313
vt 0.0290562846 0.471039772
vt 0.0230003707 0.48933199
vt 0.0231770054 0.497789264
vt 0.0214531198 0.498934358
vt 0.0212035924 0.489214629
vt 0.022571709 0.479637772
vt 0.0128380135 0.467197865
vt 0.0146555379 0.465848505
vt 0.0241968855 0.479344219
vt 0.022571709 0.479637772
vt 0.0241968855 0.479344219
vt 0.0241265967 0.481134176
vt 0.0224148184 0.481127441
vt 0.0214531198 0.498934358
vt 0.0228991583 0.499629289
vt 0.0123074949 0.511320055
vt 0.0107291341 0.509901047
vt 0.0294898115 0.504836798
vt 0.0362992734 0.505390167
vt 0.0349073298 0.506839454
vt 0.0304012746 0.506132722
vt 0.0302046798 0.453657836
vt 0.0317163095 0.453903049
vt 0.0335914753 0.44185105
vt 0.0322178975 0.440384418
vt 0.0263723992 0.414518803
vt 0.032469105 0.409378201
vt 0.0281432755 0.409579962
vt 0.0355247408 0.414484799
vt 0.0446461178 0.414492339
vt 0.0385751501 0.409391046
vt 0.0428805873 0.409591138
vt 0.0385751501 0.409391046
vt 0.0355320945 0.396618366
vt 0.032469105 0.409378201
vt 0.0389465243 0.404639244
vt 0.0320992693 0.404607832
vt 0.0428805873 0.409591138
vt 0.0437455401 0.405328721
vt 0.0446461178 0.414492339
vt 0.0506643876 0.399422646
vt 0.0272695385 0.405289114
vt 0.0281432755 0.409579962
vt 0.0263723992 0.414518803
vt 0.0202417821 0.399256051
vt 0.0322178975 0.440384418
vt 0.0187616125 0.450994611
vt 0.0302046798 0.453657836
vt 0.0259154327 0.435011595
vt 0.0390336215 0.439916551
vt 0.0456892475 0.434792101
vt 0.0322178975 0.440384418
vt 0.0272695385 0.405289114
vt 0.0320992693 0.404607832
vt 0.0355320945 0.396618366
vt 0.0202417821 0.399256051
vt 0.0244100466 0.434398293
vt 0.00981137529 0.443218172
vt 0.0130260326 0.447619349
vt 0.00677166507 0.423959851
vt 0.023633942 0.424684227
vt 0.0100868419 0.408953369
vt 0.0246014036 0.416360617
vt 0.0454344526 0.432948768
vt 0.0457172766 0.424494386
vt 0.0254630446 0.424731135
vt 0.0260814689 0.4331716
vt 0.0254630446 0.424731135
vt 0.023633942 0.424684227
vt 0.0244100466 0.434398293
vt 0.0260814689 0.4331716
vt 0.0335914753 0.44185105
vt 0.0317163095 0.453903049
vt 0.0422265306 0.452028632
vt 0.0381060466 0.441200882
vt 0.0247333124 0.414845049
vt 0.0263723992 0.414518803
vt 0.0164775252 0.400959015
vt 0.0146426484 0.402350783
vt 0.026340872 0.416321099
vt 0.0246014036 0.416360617
vt 0.023633942 0.424684227
vt 0.0254630446 0.424731135
vt 0.0457172766 0.424494386
vt 0.0446939319 0.416283011
vt 0.0475153029 0.424399555
vt 0.0464056656 0.416297823
vt 0.0454344526 0.432948768
vt 0.0260814689 0.4331716
vt 0.0259154327 0.435011595
vt 0.0456892475 0.434792101
vt 0.0244100466 0.434398293
vt 0.0130260326 0.447619349
vt 0.0149090849 0.449126959
vt 0.0259154327 0.435011595
vt 0.0434941314 0.451539189
vt 0.0390336215 0.439916551
vt 0.0381060466 0.441200882
vt 0.0422265306 0.452028632
vt 0.0390336215 0.439916551
vt 0.0434941314 0.451539189
vt 0.0528151244 0.448366225
vt 0.0456892475 0.434792101
vt 0.0437455401 0.405328721
vt 0.0506643876 0.399422646
vt 0.0355320945 0.396618366
vt 0.0389465243 0.404639244
vt 0.0471438207 0.43411535
vt 0.0577293411 0.445215881
vt 0.0604300238 0.44127813
vt 0.063532114 0.42357707
vt 0.0475153029 0.424399555
vt 0.060589835 0.408988565
vt 0.0464056656 0.416297823
vt 0.0457172766 0.424494386
vt 0.0454344526 0.432948768
vt 0.0471438207 0.43411535
vt 0.0475153029 0.424399555
vt 0.0462675542 0.414806277
vt 0.0561565943 0.402489573
vt 0.0543561392 0.401117414
vt 0.0446461178 0.414492339
vt 0.0471438207 0.43411535
vt 0.0456892475 0.434792101
vt 0.0561332926 0.446614951
vt 0.0577293411 0.445215881
vt 0.0390336215 0.439916551
vt 0.0322178975 0.440384418
vt 0.0335914753 0.44185105
vt 0.0381060466 0.441200882
vt 0.126262739 0.0244217813
vt 0.0149955023 0.0244217813
vt 0.0149955023 0.2055296
vt 0.126262739 0.2055296
vt 0.124848321 0.210105971
vt 0.124848314 0.388803601
vt 0.0150618115 0.388803601
vt 0.0150618125 0.210105971
vt 0.540145755 0.0679129362
vt 0.540145755 0.0602224022
vt 0.517074168 0.0602224022
vt 0.517074168 0.0679129362
vt 0.540145755 0.0576802194
vt 0.540145755 0.049989745
vt 0.517074168 0.049989745
vt 0.517074168 0.0576802194
vt 0.540145755 0.0476649702
vt 0.540145755 0.0399744064
vt 0.517074168 0.0399744064
vt 0.517074168 0.0476649702
vt 0.540145755 0.0378669202
vt 0.540145755 0.0301763862
vt 0.517074168 0.0301763862
vt 0.517074168 0.0378669202
vt 0.540145755 0.0276342481
vt 0.540145755 0.0199437439
vt 0.517074168 0.0199437439
vt 0.517074168 0.0276342481
vt 0.564650059 0.0679129362
vt 0.564650059 0.0602224022
vt 0.541578412 0.0602224022
vt 0.541578412 0.0679129362
vt 0.564650059 0.0576802194
vt 0.564650059 0.049989745
vt 0.541578412 0.049989745
vt 0.541578412 0.0576802194
vt 0.564650059 0.0476649702
vt 0.564650059 0.0399744064
vt 0.541578412 0.0399744064
vt 0.541578412 0.0476649702
vt 0.564650059 0.0378669202
vt 0.564650059 0.0301763862
vt 0.541578412 0.0301763862
vt 0.541578412 0.0378669202
vt 0.564650059 0.0276342481
vt 0.564650059 0.0199437439
vt 0.541578412 0.0199437439
vt 0.541578412 0.0276342481
vt 0.591905296 0.0679129362
vt 0.614976823 0.0679129362
vt 0.614976823 0.0602224022
vt 0.591905296 0.0602224022
vt 0.591905296 0.0576802194
vt 0.614976823 0.0576802194
vt 0.614976823 0.049989745
vt 0.591905296 0.049989745
vt 0.591905296 0.0476649702
vt 0.614976823 0.0476649702
vt 0.614976823 0.0399744064
vt 0.591905296 0.0399744064
vt 0.591905296 0.0378669202
vt 0.614976823 0.0378669202
vt 0.614976823 0.0301763862
vt 0.591905296 0.0301763862
vt 0.591905296 0.0276342481
vt 0.614976823 0.0276342481
vt 0.614976823 0.0199437439
vt 0.591905296 0.0199437439
vt 0.566851556 0.0679129362
vt 0.589923084 0.0679129362
vt 0.589923084 0.0602224022
vt 0.566851556 0.0602224022
vt 0.566851556 0.0576802194
vt 0.589923084 0.0576802194
vt 0.589923084 0.049989745
vt 0.566851556 0.049989745
vt 0.566851556 0.0476649702
vt 0.589923084 0.0476649702
vt 0.589923084 0.0399744064
vt 0.566851556 0.0399744064
vt 0.566851556 0.0378669202
vt 0.589923084 0.0378669202
vt 0.589923084 0.0301763862
vt 0.566851556 0.0301763862
vt 0.566851556 0.0276342481
vt 0.589923084 0.0276342481
vt 0.589923084 0.0199437439
vt 0.566851556 0.0199437439
vt 0.614976823 0.0182460994
vt 0.614976823 0.0105555505
vt 0.591905296 0.0105555505
vt 0.591905296 0.0182460994
vt 0.589923084 0.0182460099
vt 0.589923084 0.0105555505
vt 0.566851556 0.0105555505
vt 0.566851556 0.0182460099
vt 0.564650059 0.0182460994
vt 0.564650059 0.0105555505
vt 0.541578412 0.0105555505
vt 0.541578412 0.0182460994
vt 0.540145695 0.0182460994
vt 0.540145695 0.0105555505
vt 0.517074168 0.0105555505
vt 0.517074168 0.0182460994
vt 0.976208985 0.0192286912
vt 0.977054894 0.0195042286
vt 0.977893651 0.0192286912
vt 0.975914061 0.0184020251
vt 0.978195846 0.0184020251
vt 0.976208985 0.0175995808
vt 0.977893651 0.0175851006
vt 0.977054894 0.0173191987
vt 0.976184785 0.00637467066
vt 0.976184785 0.0155788809
vt 0.977925003 0.0155788809
vt 0.977925003 0.00637467066
vt 0.970635116 0.0191561878
vt 0.972375453 0.0193495322
vt 0.972375453 0.0155788809
vt 0.970635116 0.0155788809
vt 0.969436347 0.0141286366
vt 0.969436347 0.0155788809
vt 0.973883688 0.0155788809
vt 0.973883688 0.0141286366
vt 0.970635116 0.0141286366
vt 0.969436347 0.0141286366
vt 0.973883688 0.0141286366
vt 0.972375453 0.0141286366
vt 0.970635116 0.00869501662
vt 0.970635116 0.0141286366
vt 0.972375453 0.0141286366
vt 0.972375453 0.00869501662
vt 0.97138685 0.00673234509
vt 0.972597778 0.00802304875
vt 0.973110259 0.00784423947
vt 0.974444449 0.00658733817
vt 0.972936213 0.0062779435
vt 0.973871648 0.00637467066
vt 0.973704875 0.00793127716
vt 0.974212468 0.00813425519
vt 0.96262008 0.0154749416
vt 0.964447439 0.0156755541
vt 0.966847599 0.0148827434
vt 0.961488903 0.0151147889
vt 0.962757766 0.013889377
vt 0.96168226 0.0135292243
vt 0.964253962 0.0140899876
vt 0.965467393 0.0137491031
vt 0.967696011 0.0125816623
vt 0.965955675 0.0125816623
vt 0.965955675 0.0114601348
vt 0.967696011 0.00637467066
vt 0.965955675 0.00948782731
vt 0.965955675 0.0091784345
vt 0.96540457 0.010355508
vt 0.965433538 0.00827447139
vt 0.96154207 0.0114480779
vt 0.965107262 0.0119822519
vt 0.963809192 0.0122142984
vt 0.964157283 0.010686704
vt 0.962975323 0.0103579862
vt 0.960638106 0.0092170788
vt 0.962475121 0.0092170788
vt 0.961447775 0.00703689409
vt 0.962997139 0.00817053393
vt 0.964157283 0.00786350854
vt 0.965955675 0.00718680257
vt 0.965955675 0.00637467066
vt 0.965230525 0.00660908269
vt 0.963751256 0.0062779435
vt 0.950563729 0.00637467066
vt 0.957693994 0.0074332743
vt 0.954430997 0.00637467066
vt 0.954489052 0.00811493024
vt 0.956270397 0.00869017281
vt 0.956964076 0.0103386082
vt 0.958897769 0.0103773093
vt 0.956263125 0.0120765567
vt 0.95832485 0.0123448269
vt 0.954489052 0.0126977675
vt 0.952400625 0.00811493024
vt 0.956809461 0.0135871954
vt 0.952400625 0.0126977675
vt 0.954489052 0.0144380294
vt 0.95824033 0.0147111453
vt 0.952400625 0.0144380294
vt 0.956214726 0.0149577241
vt 0.956867397 0.016507009
vt 0.958801091 0.0166037362
vt 0.956267893 0.0180708282
vt 0.952400625 0.0185761005
vt 0.957725465 0.0193229411
vt 0.954740465 0.0185761005
vt 0.950563729 0.0203163624
vt 0.954721153 0.0203163624
vt 0.937339723 0.014454931
vt 0.94012183 0.0156755541
vt 0.942990839 0.0144501422
vt 0.94012183 0.0141286366
vt 0.938814104 0.0136185745
vt 0.941601098 0.0135025792
vt 0.936196506 0.0108994246
vt 0.943989217 0.0112087652
vt 0.938072026 0.0116729122
vt 0.942152202 0.0116729122
vt 0.943989217 0.0102806371
vt 0.938072026 0.0102806371
vt 0.937424362 0.00739225792
vt 0.938872159 0.00847023912
vt 0.940411985 0.0079215318
vt 0.943525136 0.00691605406
vt 0.940392554 0.0062779435
vt 0.942190945 0.00645196298
vt 0.942060411 0.00812941045
vt 0.943215668 0.00859829132
vt 0.929070771 0.0149987936
vt 0.931613624 0.0156755541
vt 0.93326205 0.0154991094
vt 0.934417546 0.0151341129
vt 0.933020413 0.0139425034
vt 0.93412739 0.0135099012
vt 0.931652248 0.0141286366
vt 0.930419624 0.013850675
vt 0.928152382 0.0129297599
vt 0.929970086 0.0129490262
vt 0.930458367 0.0122360429
vt 0.92904669 0.011010576
vt 0.931613624 0.0118276095
vt 0.933639109 0.0110419551
vt 0.934649527 0.00902379118
vt 0.932205856 0.00985040236
vt 0.93089813 0.0102806371
vt 0.932773888 0.00898508821
vt 0.933832467 0.00699092681
vt 0.932285607 0.00814146549
vt 0.931188285 0.0079215318
vt 0.928171813 0.00693537714
vt 0.929718673 0.00811977498
vt 0.928481042 0.00857896637
vt 0.931188285 0.0062779435
vt 0.929346502 0.0065124114
vt 0.930472791 0.0168744288
vt 0.928674519 0.0199296735
vt 0.930221379 0.0199296735
vt 0.931400955 0.0182086807
vt 0.932329118 0.0168744288
vt 0.93412739 0.0199296735
vt 0.932580411 0.0199296735
vt 0.920949399 0.0154749416
vt 0.922776759 0.0156755541
vt 0.925176919 0.0148827434
vt 0.919818223 0.0151147889
vt 0.921087205 0.013889377
vt 0.92001158 0.0135292243
vt 0.922583401 0.0140899876
vt 0.923796713 0.0137491031
vt 0.926025331 0.0125816623
vt 0.924285114 0.0125816623
vt 0.924285114 0.0114601348
vt 0.926025331 0.00637467066
vt 0.924285114 0.00948788319
vt 0.924285114 0.0091784345
vt 0.923734009 0.010355508
vt 0.923762977 0.00827447139
vt 0.91987139 0.0114480779
vt 0.923436582 0.0119823068
vt 0.922138751 0.0122142984
vt 0.922486722 0.010686704
vt 0.921304762 0.0103579862
vt 0.918967426 0.0092170788
vt 0.920804441 0.0092170788
vt 0.919777095 0.00703689409
vt 0.921326458 0.00817053393
vt 0.922486722 0.00786356069
vt 0.924285114 0.00718680257
vt 0.924285114 0.00637467066
vt 0.923559964 0.00660908269
vt 0.922080696 0.0062779435
vt 0.921867907 0.0168744288
vt 0.923105419 0.0199296735
vt 0.925058544 0.0199296735
vt 0.92324084 0.0168744288
vt 0.907278478 0.0153855365
vt 0.908622324 0.0156755541
vt 0.910140216 0.0153250881
vt 0.906514585 0.0148054501
vt 0.911194026 0.0143219801
vt 0.908332288 0.0141286366
vt 0.906973898 0.0136307413
vt 0.906514585 0.0123496726
vt 0.904774368 0.00637467066
vt 0.906514585 0.00637467066
vt 0.906514585 0.0155788809
vt 0.904774368 0.0155788809
vt 0.913495123 0.0141286366
vt 0.909519017 0.0136403758
vt 0.912136734 0.0136307413
vt 0.909937203 0.0123689957
vt 0.91167742 0.0123496726
vt 0.909937203 0.00637467066
vt 0.91167742 0.00637467066
vt 0.915987194 0.0148102939
vt 0.912199557 0.0152597986
vt 0.913785279 0.0156755541
vt 0.914681971 0.0136403758
vt 0.916840374 0.0124076419
vt 0.915100157 0.0123689957
vt 0.916840374 0.00637467066
vt 0.915100157 0.00637467066
vt 0.895541012 0.0146023612
vt 0.898451269 0.0156756081
vt 0.901368678 0.0146023612
vt 0.898451269 0.0141286366
vt 0.896756828 0.0133286137
vt 0.90014559 0.0133286137
vt 0.894255102 0.0109767755
vt 0.896092117 0.0109767755
vt 0.902647316 0.0109767755
vt 0.900810301 0.0109767755
vt 0.900138319 0.00870234054
vt 0.895512044 0.00735107763
vt 0.901383102 0.00735107763
vt 0.896771371 0.00870234054
vt 0.898451269 0.0079215318
vt 0.898451269 0.0062779435
vt 0.884296715 0.0185761005
vt 0.884296715 0.0203163624
vt 0.89290148 0.0203163624
vt 0.89290148 0.0185761005
vt 0.887680709 0.0185761005
vt 0.884296715 0.0185761005
vt 0.89290148 0.0185761005
vt 0.889517605 0.0185761005
vt 0.887680709 0.00637467066
vt 0.887680709 0.0185761005
vt 0.889517605 0.0185761005
vt 0.889517605 0.00637467066
vt 0.872839749 0.0154749416
vt 0.874667108 0.0156756081
vt 0.877067268 0.0148827434
vt 0.871708572 0.0151147889
vt 0.872977555 0.013889377
vt 0.871901929 0.0135292243
vt 0.874473631 0.0140899876
vt 0.875686944 0.0137491031
vt 0.87791568 0.0125816623
vt 0.876175344 0.0125816623
vt 0.876175344 0.0114601348
vt 0.87791568 0.00637467066
vt 0.876175344 0.00948788319
vt 0.87562412 0.010355508
vt 0.876175344 0.0091784345
vt 0.874376953 0.010686704
vt 0.875653207 0.00827447139
vt 0.875326931 0.0119823068
vt 0.876175344 0.00718680257
vt 0.876175344 0.00637467066
vt 0.874376953 0.00786356069
vt 0.871761739 0.0114480779
vt 0.874028981 0.0122142984
vt 0.873195112 0.0103579862
vt 0.870857656 0.0092170788
vt 0.872694671 0.0092170788
vt 0.871667445 0.00703689409
vt 0.873216808 0.00817053393
vt 0.875450194 0.00660908269
vt 0.873970926 0.0062779435
vt 0.865888178 0.0191561878
vt 0.867628515 0.0193495322
vt 0.867628515 0.0155788809
vt 0.865888178 0.0155788809
vt 0.864689291 0.0141286366
vt 0.864689291 0.0155788809
vt 0.869136751 0.0155788809
vt 0.869136751 0.0141286366
vt 0.865888178 0.0141286366
vt 0.864689291 0.0141286366
vt 0.869136751 0.0141286366
vt 0.867628515 0.0141286366
vt 0.865888178 0.00869501662
vt 0.865888178 0.0141286366
vt 0.867628515 0.0141286366
vt 0.867628515 0.00869501662
vt 0.866639912 0.00673234509
vt 0.86785084 0.00802304875
vt 0.868363321 0.00784423947
vt 0.869697511 0.00658733817
vt 0.868189275 0.0062779435
vt 0.869124711 0.00637467066
vt 0.868957937 0.00793127716
vt 0.869465411 0.00813425519
vt 0.861232936 0.0192286912
vt 0.862078846 0.0195042286
vt 0.862917602 0.0192286912
vt 0.860938013 0.0184020251
vt 0.863219678 0.0184020251
vt 0.861232936 0.0175995808
vt 0.862917602 0.0175851006
vt 0.862078846 0.0173191987
vt 0.861208618 0.00637467066
vt 0.861208618 0.0155788809
vt 0.862948954 0.0155788809
vt 0.862948954 0.00637467066
vt 0.852603853 0.0141286366
vt 0.852603853 0.0155788809
vt 0.8594684 0.0155788809
vt 0.856799901 0.0141286366
vt 0.855272353 0.0079215318
vt 0.852410495 0.00637467066
vt 0.859255731 0.0079215318
vt 0.859255731 0.00637467066
vt 0.849705756 0.0153299887
vt 0.85078615 0.0156756081
vt 0.851637065 0.0155015867
vt 0.851404965 0.0136645986
vt 0.849103868 0.0145347016
vt 0.850965083 0.0138168177
vt 0.850322068 0.0138965882
vt 0.849437535 0.0134784654
vt 0.849103868 0.0123496726
vt 0.847363651 0.00637467066
vt 0.849103868 0.00637467066
vt 0.849103868 0.0155788809
vt 0.847363651 0.0155788809
vt 0.838587105 0.014454931
vt 0.841369331 0.0156756081
vt 0.844238341 0.0144501422
vt 0.841369331 0.0141286366
vt 0.840061605 0.0136185745
vt 0.84284848 0.0135025792
vt 0.837443888 0.0108994246
vt 0.84523648 0.0112087652
vt 0.839319646 0.0116729122
vt 0.843399584 0.0116729122
vt 0.84523648 0.0102806371
vt 0.839319646 0.0102806371
vt 0.838671744 0.00739225792
vt 0.84011966 0.00847023912
vt 0.841659248 0.0079215318
vt 0.844772518 0.00691605406
vt 0.841639936 0.0062779435
vt 0.843438327 0.00645196298
vt 0.843307793 0.00812941045
vt 0.84446305 0.00859829132
vt 0.831623614 0.00637467066
vt 0.828258932 0.0155788809
vt 0.830192626 0.0155788809
vt 0.832474291 0.00869501662
vt 0.833305776 0.00637467066
vt 0.836670458 0.0155788809
vt 0.834736764 0.0155788809
vt 0.825189292 0.0192286912
vt 0.826035202 0.0195042286
vt 0.826873958 0.0192286912
vt 0.824894369 0.0184020251
vt 0.827176154 0.0184020251
vt 0.825189292 0.0175995808
vt 0.826873958 0.0175851006
vt 0.826035202 0.0173191987
vt 0.825165093 0.00637467066
vt 0.825165093 0.0155788809
vt 0.82690531 0.0155788809
vt 0.82690531 0.00637467066
vt 0.818058789 0.0153855365
vt 0.819402754 0.0156756081
vt 0.821604669 0.0148102939
vt 0.817295015 0.0148054501
vt 0.819112718 0.0141286366
vt 0.820299447 0.0136403758
vt 0.82245785 0.0124076959
vt 0.820717633 0.0123689957
vt 0.82245785 0.00637467066
vt 0.820717633 0.00637467066
vt 0.817754328 0.0136307413
vt 0.817295015 0.0123496726
vt 0.815554678 0.00637467066
vt 0.817295015 0.00637467066
vt 0.817295015 0.0155788809
vt 0.815554678 0.0155788809
vt 0.804165423 0.011189444
vt 0.804165423 0.0203163624
vt 0.806002438 0.0203163624
vt 0.806002438 0.0112668453
vt 0.806543767 0.00883760303
vt 0.805190265 0.0075444798
vt 0.808535516 0.00801825803
vt 0.811851799 0.0075444798
vt 0.808535516 0.0062779435
vt 0.810498178 0.00883760303
vt 0.812847674 0.011189444
vt 0.811010659 0.0112668453
vt 0.812847674 0.0203163624
vt 0.811010659 0.0203163624
vt 0.790176451 0.0154465586
vt 0.788427651 0.0154465586
vt 0.788427651 0.0190412588
vt 0.790176451 0.0192355402
vt 0.811851799 0.0075444798
vt 0.811851799 0.0075444798
vt 0.808535516 0.0062779435
vt 0.808535516 0.0062779435
vt 0.808535516 0.0062779435
vt 0.808535516 0.0062779435
vt 0.805190265 0.0075444798
vt 0.805190265 0.0075444798
vt 0.805190265 0.0075444798
vt 0.805190265 0.0075444798
vt 0.804165423 0.011189444
vt 0.804165423 0.011189444
vt 0.804165423 0.011189444
vt 0.804165423 0.011189444
vt 0.804165423 0.0203164164
vt 0.804165423 0.0203163624
vt 0.804165423 0.0203163624
vt 0.804165423 0.0203164164
vt 0.806002438 0.0203164164
vt 0.806002438 0.0203163624
vt 0.806002438 0.0203163624
vt 0.806002438 0.0203164164
vt 0.806002438 0.0112668453
vt 0.806002438 0.0112668453
vt 0.806002438 0.0112668453
vt 0.806002438 0.0112668453
vt 0.806543767 0.00883760303
vt 0.806543767 0.00883760303
vt 0.806543767 0.00883760303
vt 0.806543767 0.00883760303
vt 0.808535516 0.00801825803
vt 0.808535516 0.00801825803
vt 0.808535516 0.00801825803
vt 0.808535516 0.00801825803
vt 0.810498178 0.00883760303
vt 0.810498178 0.00883760303
vt 0.810498178 0.00883760303
vt 0.810498178 0.00883760303
vt 0.811010659 0.0112668453
vt 0.811010659 0.0112668453
vt 0.811010659 0.0112668453
vt 0.811010659 0.0112668453
vt 0.811010659 0.0203164164
vt 0.811010659 0.0203163624
vt 0.811010659 0.0203163624
vt 0.811010659 0.0203164164
vt 0.812847674 0.0203164164
vt 0.812847674 0.0203163624
vt 0.812847674 0.0203163624
vt 0.812847674 0.0203164164
vt 0.812847674 0.011189444
vt 0.812847674 0.011189444
vt 0.812847674 0.011189444
vt 0.812847674 0.011189444
vt 0.811851799 0.0075444798
vt 0.811851799 0.0075444798
vt 0.820299447 0.0136403758
vt 0.820299447 0.0136403758
vt 0.819112718 0.0141286366
vt 0.819112718 0.0141286366
vt 0.819112718 0.0141286366
vt 0.819112718 0.0141286366
vt 0.817754328 0.0136307413
vt 0.817754328 0.0136307413
vt 0.817754328 0.0136307413
vt 0.817754328 0.0136307413
vt 0.817295015 0.0123496726
vt 0.817295015 0.0123496726
vt 0.817295015 0.0123496726
vt 0.817295015 0.0123496726
vt 0.817295015 0.00637467066
vt 0.817295015 0.00637467066
vt 0.817295015 0.00637467066
vt 0.817295015 0.00637467066
vt 0.815554678 0.00637467066
vt 0.815554678 0.00637467066
vt 0.815554678 0.00637467066
vt 0.815554678 0.00637467066
vt 0.815554678 0.0155788809
vt 0.815554678 0.0155788809
vt 0.815554678 0.0155788809
vt 0.815554678 0.0155788809
vt 0.817295015 0.0155788809
vt 0.817295015 0.0155788809
vt 0.817295015 0.0155788809
vt 0.817295015 0.0155788809
vt 0.817295015 0.0148054501
vt 0.817295015 0.0148054501
vt 0.817295015 0.0148054501
vt 0.817295015 0.0148054501
vt 0.818058789 0.0153855365
vt 0.818058789 0.0153855365
vt 0.818058789 0.0153855365
vt 0.818058789 0.0153855365
vt 0.819402754 0.0156756081
vt 0.819402754 0.0156756081
vt 0.819402754 0.0156756081
vt 0.819402754 0.0156756081
vt 0.821604669 0.0148102939
vt 0.821604669 0.0148102939
vt 0.821604669 0.0148102939
vt 0.821604669 0.0148102939
vt 0.82245785 0.0124076959
vt 0.82245785 0.0124076959
vt 0.82245785 0.0124076959
vt 0.82245785 0.0124076959
vt 0.82245785 0.00637467066
vt 0.82245785 0.00637467066
vt 0.82245785 0.00637467066
vt 0.82245785 0.00637467066
vt 0.820717633 0.00637467066
vt 0.820717633 0.00637467066
vt 0.820717633 0.00637467066
vt 0.820717633 0.00637467066
vt 0.820717633 0.0123689957
vt 0.820717633 0.0123689957
vt 0.820717633 0.0123689957
vt 0.820717633 0.0123689957
vt 0.820299447 0.0136403758
vt 0.820299447 0.0136403758
vt 0.825189292 0.0175995808
vt 0.825189292 0.0175995808
vt 0.824894369 0.0184020251
vt 0.824894369 0.0184020251
vt 0.824894369 0.0184020251
vt 0.824894369 0.0184020251
vt 0.825189292 0.0192286912
vt 0.825189292 0.0192286912
vt 0.825189292 0.0192286912
vt 0.825189292 0.0192286912
vt 0.826035202 0.0195042286
vt 0.826035202 0.0195042286
vt 0.826035202 0.0195042286
vt 0.826035202 0.0195042286
vt 0.826873958 0.0192286912
vt 0.826873958 0.0192286912
vt 0.826873958 0.0192286912
vt 0.826873958 0.0192286912
vt 0.827176154 0.0184020251
vt 0.827176154 0.0184020251
vt 0.827176154 0.0184020251
vt 0.827176154 0.0184020251
vt 0.826873958 0.0175851006
vt 0.826873958 0.0175851006
vt 0.826873958 0.0175851006
vt 0.826873958 0.0175851006
vt 0.826035202 0.0173191987
vt 0.826035202 0.0173191987
vt 0.826035202 0.0173191987
vt 0.826035202 0.0173191987
vt 0.825189292 0.0175995808
vt 0.825189292 0.0175995808
vt 0.82690531 0.00637467066
vt 0.82690531 0.00637467066
vt 0.825165093 0.00637467066
vt 0.825165093 0.00637467066
vt 0.825165093 0.00637467066
vt 0.825165093 0.00637467066
vt 0.825165093 0.0155788809
vt 0.825165093 0.0155788809
vt 0.825165093 0.0155788809
vt 0.825165093 0.0155788809
vt 0.82690531 0.0155788809
vt 0.82690531 0.0155788809
vt 0.82690531 0.0155788809
vt 0.82690531 0.0155788809
vt 0.82690531 0.00637467066
vt 0.82690531 0.00637467066
vt 0.830192626 0.0155788809
vt 0.830192626 0.0155788809
vt 0.832474291 0.00869501662
vt 0.832474291 0.00869501662
vt 0.832474291 0.00869501662
vt 0.832474291 0.00869501662
vt 0.834736764 0.0155788809
vt 0.834736764 0.0155788809
vt 0.834736764 0.0155788809
vt 0.834736764 0.0155788809
vt 0.836670339 0.0155788809
vt 0.836670458 0.0155788809
vt 0.836670458 0.0155788809
vt 0.836670339 0.0155788809
vt 0.833305776 0.00637467066
vt 0.833305776 0.00637467066
vt 0.833305776 0.00637467066
vt 0.833305776 0.00637467066
vt 0.831623614 0.00637467066
vt 0.831623614 0.00637467066
vt 0.831623614 0.00637467066
vt 0.831623614 0.00637467066
vt 0.828258932 0.0155788809
vt 0.828258932 0.0155788809
vt 0.828258932 0.0155788809
vt 0.828258932 0.0155788809
vt 0.830192626 0.0155788809
vt 0.830192626 0.0155788809
vt 0.84011966 0.00847023912
vt 0.84011966 0.00847023912
vt 0.841659248 0.0079215318
vt 0.841659248 0.0079215318
vt 0.841659248 0.0079215318
vt 0.841659248 0.0079215318
vt 0.843307793 0.00812941045
vt 0.843307793 0.00812941045
vt 0.843307793 0.00812941045
vt 0.843307793 0.00812941045
vt 0.84446305 0.00859829132
vt 0.84446305 0.00859829132
vt 0.84446305 0.00859829132
vt 0.84446305 0.00859829132
vt 0.844772518 0.00691605406
vt 0.844772518 0.00691605406
vt 0.844772518 0.00691605406
vt 0.844772518 0.00691605406
vt 0.843438327 0.00645196298
vt 0.843438327 0.00645196298
vt 0.843438327 0.00645196298
vt 0.843438327 0.00645196298
vt 0.841639936 0.0062779435
vt 0.841639936 0.0062779435
vt 0.841639936 0.0062779435
vt 0.841639936 0.0062779435
vt 0.838671744 0.00739225792
vt 0.838671744 0.00739225792
vt 0.838671744 0.00739225792
vt 0.838671744 0.00739225792
vt 0.837443888 0.0108994246
vt 0.837443888 0.0108994246
vt 0.837443888 0.0108994246
vt 0.837443888 0.0108994246
vt 0.838587105 0.014454931
vt 0.838587105 0.014454931
vt 0.838587105 0.014454931
vt 0.838587105 0.014454931
vt 0.841369331 0.0156756081
vt 0.841369331 0.0156756081
vt 0.841369331 0.0156756081
vt 0.841369331 0.0156756081
vt 0.844238341 0.0144501422
vt 0.844238341 0.0144501422
vt 0.844238341 0.0144501422
vt 0.844238341 0.0144501422
vt 0.84523648 0.0112087652
vt 0.84523648 0.0112087652
vt 0.84523648 0.0112087652
vt 0.84523648 0.0112087652
vt 0.84523648 0.0102806371
vt 0.84523648 0.0102806371
vt 0.84523648 0.0102806371
vt 0.84523648 0.0102806371
vt 0.839319646 0.0102806371
vt 0.839319646 0.0102806371
vt 0.839319646 0.0102806371
vt 0.839319646 0.0102806371
vt 0.84011966 0.00847023912
vt 0.84011966 0.00847023912
vt 0.84284848 0.0135025792
vt 0.84284848 0.0135025792
vt 0.841369331 0.0141286366
vt 0.841369331 0.0141286366
vt 0.841369331 0.0141286366
vt 0.841369331 0.0141286366
vt 0.840061605 0.0136185745
vt 0.840061605 0.0136185745
vt 0.840061605 0.0136185745
vt 0.840061605 0.0136185745
vt 0.839319646 0.0116729122
vt 0.839319646 0.0116729122
vt 0.839319646 0.0116729122
vt 0.839319646 0.0116729122
vt 0.843399584 0.0116729122
vt 0.843399584 0.0116729122
vt 0.843399584 0.0116729122
vt 0.843399584 0.0116729122
vt 0.84284848 0.0135025792
vt 0.84284848 0.0135025792
vt 0.850965083 0.0138168177
vt 0.850965083 0.0138168177
vt 0.850322068 0.0138965882
vt 0.850322068 0.0138965882
vt 0.850322068 0.0138965882
vt 0.850322068 0.0138965882
vt 0.849437535 0.0134784654
vt 0.849437535 0.0134784654
vt 0.849437535 0.0134784654
vt 0.849437535 0.0134784654
vt 0.849103868 0.0123496726
vt 0.849103868 0.0123496726
vt 0.849103868 0.0123496726
vt 0.849103868 0.0123496726
vt 0.849103868 0.00637467066
vt 0.849103868 0.00637467066
vt 0.849103868 0.00637467066
vt 0.849103868 0.00637467066
vt 0.847363651 0.00637467066
vt 0.847363651 0.00637467066
vt 0.847363651 0.00637467066
vt 0.847363651 0.00637467066
vt 0.847363651 0.0155788809
vt 0.847363651 0.0155788809
vt 0.847363651 0.0155788809
vt 0.847363651 0.0155788809
vt 0.849103868 0.0155788809
vt 0.849103868 0.0155788809
vt 0.849103868 0.0155788809
vt 0.849103868 0.0155788809
vt 0.849103868 0.0145347016
vt 0.849103868 0.0145347016
vt 0.849103868 0.0145347016
vt 0.849103868 0.0145347016
vt 0.849705756 0.0153299887
vt 0.849705756 0.0153299887
vt 0.849705756 0.0153299887
vt 0.849705756 0.0153299887
vt 0.85078615 0.0156756081
vt 0.85078615 0.0156756081
vt 0.85078615 0.0156756081
vt 0.85078615 0.0156756081
vt 0.851637065 0.0155015867
vt 0.851637065 0.0155015867
vt 0.851637065 0.0155015867
vt 0.851637065 0.0155015867
vt 0.851404965 0.0136645986
vt 0.851404965 0.0136645986
vt 0.851404965 0.0136645986
vt 0.851404965 0.0136645986
vt 0.850965083 0.0138168177
vt 0.850965083 0.0138168177
vt 0.852410495 0.00637467066
vt 0.852410495 0.00637467066
vt 0.856799901 0.0141286366
vt 0.856799901 0.0141286366
vt 0.856799901 0.0141286366
vt 0.856799901 0.0141286366
vt 0.852603853 0.0141286366
vt 0.852603853 0.0141286366
vt 0.852603853 0.0141286366
vt 0.852603853 0.0141286366
vt 0.852603853 0.0155788809
vt 0.852603853 0.0155788809
vt 0.852603853 0.0155788809
vt 0.852603853 0.0155788809
vt 0.8594684 0.0155788809
vt 0.8594684 0.0155788809
vt 0.8594684 0.0155788809
vt 0.8594684 0.0155788809
vt 0.855272353 0.0079215318
vt 0.855272353 0.0079215318
vt 0.855272353 0.0079215318
vt 0.855272353 0.0079215318
vt 0.859255612 0.0079215318
vt 0.859255731 0.0079215318
vt 0.859255731 0.0079215318
vt 0.859255612 0.0079215318
vt 0.859255612 0.00637467066
vt 0.859255731 0.00637467066
vt 0.859255731 0.00637467066
vt 0.859255612 0.00637467066
vt 0.852410495 0.00637467066
vt 0.852410495 0.00637467066
vt 0.861232936 0.0175995808
vt 0.861232936 0.0175995808
vt 0.860938013 0.0184020251
vt 0.860938013 0.0184020251
vt 0.860938013 0.0184020251
vt 0.860938013 0.0184020251
vt 0.861232936 0.0192286912
vt 0.861232936 0.0192286912
vt 0.861232936 0.0192286912
vt 0.861232936 0.0192286912
vt 0.862078846 0.0195042286
vt 0.862078846 0.0195042286
vt 0.862078846 0.0195042286
vt 0.862078846 0.0195042286
vt 0.862917602 0.0192286912
vt 0.862917602 0.0192286912
vt 0.862917602 0.0192286912
vt 0.862917602 0.0192286912
vt 0.863219678 0.0184020251
vt 0.863219678 0.0184020251
vt 0.863219678 0.0184020251
vt 0.863219678 0.0184020251
vt 0.862917602 0.0175851006
vt 0.862917602 0.0175851006
vt 0.862917602 0.0175851006
vt 0.862917602 0.0175851006
vt 0.862078846 0.0173191987
vt 0.862078846 0.0173191987
vt 0.862078846 0.0173191987
vt 0.862078846 0.0173191987
vt 0.861232936 0.0175995808
vt 0.861232936 0.0175995808
vt 0.862948954 0.00637467066
vt 0.862948954 0.00637467066
vt 0.861208618 0.00637467066
vt 0.861208618 0.00637467066
vt 0.861208618 0.00637467066
vt 0.861208618 0.00637467066
vt 0.861208618 0.0155788809
vt 0.861208618 0.0155788809
vt 0.861208618 0.0155788809
vt 0.861208618 0.0155788809
vt 0.862948954 0.0155788809
vt 0.862948954 0.0155788809
vt 0.862948954 0.0155788809
vt 0.862948954 0.0155788809
vt 0.862948954 0.00637467066
vt 0.862948954 0.00637467066
vt 0.869124711 0.00637467066
vt 0.869124711 0.00637467066
vt 0.868189275 0.0062779435
vt 0.868189275 0.0062779435
vt 0.868189275 0.0062779435
vt 0.868189275 0.0062779435
vt 0.866639912 0.00673234509
vt 0.866639912 0.00673234509
vt 0.866639912 0.00673234509
vt 0.866639912 0.00673234509
vt 0.865888178 0.00869501662
vt 0.865888178 0.00869501662
vt 0.865888178 0.00869501662
vt 0.865888178 0.00869501662
vt 0.865888178 0.0141286366
vt 0.865888178 0.0141286366
vt 0.865888178 0.0141286366
vt 0.865888178 0.0141286366
vt 0.864689291 0.0141286366
vt 0.864689291 0.0141286366
vt 0.864689291 0.0141286366
vt 0.864689291 0.0141286366
vt 0.864689291 0.0155788809
vt 0.864689291 0.0155788809
vt 0.864689291 0.0155788809
vt 0.864689291 0.0155788809
vt 0.865888178 0.0155788809
vt 0.865888178 0.0155788809
vt 0.865888178 0.0155788809
vt 0.865888178 0.0155788809
vt 0.865888178 0.0191561878
vt 0.865888178 0.0191561878
vt 0.865888178 0.0191561878
vt 0.865888178 0.0191561878
vt 0.867628515 0.0193495322
vt 0.867628515 0.0193495322
vt 0.867628515 0.0193495322
vt 0.867628515 0.0193495322
vt 0.867628515 0.0155788809
vt 0.867628515 0.0155788809
vt 0.867628515 0.0155788809
vt 0.867628515 0.0155788809
vt 0.869136751 0.0155788809
vt 0.869136751 0.0155788809
vt 0.869136751 0.0155788809
vt 0.869136751 0.0155788809
vt 0.869136751 0.0141286366
vt 0.869136751 0.0141286366
vt 0.869136751 0.0141286366
vt 0.869136751 0.0141286366
vt 0.867628515 0.0141286366
vt 0.867628515 0.0141286366
vt 0.867628515 0.0141286366
vt 0.867628515 0.0141286366
vt 0.867628515 0.00869501662
vt 0.867628515 0.00869501662
vt 0.867628515 0.00869501662
vt 0.867628515 0.00869501662
vt 0.86785084 0.00802304875
vt 0.86785084 0.00802304875
vt 0.86785084 0.00802304875
vt 0.86785084 0.00802304875
vt 0.868363321 0.00784423947
vt 0.868363321 0.00784423947
vt 0.868363321 0.00784423947
vt 0.868363321 0.00784423947
vt 0.868957937 0.00793127716
vt 0.868957937 0.00793127716
vt 0.868957937 0.00793127716
vt 0.868957937 0.00793127716
vt 0.869465411 0.00813425519
vt 0.869465411 0.00813425519
vt 0.869465411 0.00813425519
vt 0.869465411 0.00813425519
vt 0.869697511 0.00658733817
vt 0.869697511 0.00658733817
vt 0.869697511 0.00658733817
vt 0.869697511 0.00658733817
vt 0.869124711 0.00637467066
vt 0.869124711 0.00637467066
vt 0.875450194 0.00660908269
vt 0.875450194 0.00660908269
vt 0.873970926 0.0062779435
vt 0.873970926 0.0062779435
vt 0.873970926 0.0062779435
vt 0.873970926 0.0062779435
vt 0.871667445 0.00703689409
vt 0.871667445 0.00703689409
vt 0.871667445 0.00703689409
vt 0.871667445 0.00703689409
vt 0.870857656 0.0092170788
vt 0.870857656 0.0092170788
vt 0.870857656 0.0092170788
vt 0.870857656 0.0092170788
vt 0.871761739 0.0114480779
vt 0.871761739 0.0114480779
vt 0.871761739 0.0114480779
vt 0.871761739 0.0114480779
vt 0.874028981 0.0122142984
vt 0.874028981 0.0122142984
vt 0.874028981 0.0122142984
vt 0.874028981 0.0122142984
vt 0.875326931 0.0119823068
vt 0.875326931 0.0119823068
vt 0.875326931 0.0119823068
vt 0.875326931 0.0119823068
vt 0.876175344 0.0114601348
vt 0.876175344 0.0114601348
vt 0.876175344 0.0114601348
vt 0.876175344 0.0114601348
vt 0.876175344 0.0125816623
vt 0.876175344 0.0125816623
vt 0.876175344 0.0125816623
vt 0.876175344 0.0125816623
vt 0.875686944 0.0137491031
vt 0.875686944 0.0137491031
vt 0.875686944 0.0137491031
vt 0.875686944 0.0137491031
vt 0.874473631 0.0140899876
vt 0.874473631 0.0140899876
vt 0.874473631 0.0140899876
vt 0.874473631 0.0140899876
vt 0.872977555 0.013889377
vt 0.872977555 0.013889377
vt 0.872977555 0.013889377
vt 0.872977555 0.013889377
vt 0.871901929 0.0135292243
vt 0.871901929 0.0135292243
vt 0.871901929 0.0135292243
vt 0.871901929 0.0135292243
vt 0.871708572 0.0151147889
vt 0.871708572 0.0151147889
vt 0.871708572 0.0151147889
vt 0.871708572 0.0151147889
vt 0.872839749 0.0154749416
vt 0.872839749 0.0154749416
vt 0.872839749 0.0154749416
vt 0.872839749 0.0154749416
vt 0.874667108 0.0156756081
vt 0.874667108 0.0156756081
vt 0.874667108 0.0156756081
vt 0.874667108 0.0156756081
vt 0.877067268 0.0148827434
vt 0.877067268 0.0148827434
vt 0.877067268 0.0148827434
vt 0.877067268 0.0148827434
vt 0.87791568 0.0125816623
vt 0.87791568 0.0125816623
vt 0.87791568 0.0125816623
vt 0.87791568 0.0125816623
vt 0.87791568 0.00637467066
vt 0.87791568 0.00637467066
vt 0.87791568 0.00637467066
vt 0.87791568 0.00637467066
vt 0.876175344 0.00637467066
vt 0.876175344 0.00637467066
vt 0.876175344 0.00637467066
vt 0.876175344 0.00637467066
vt 0.876175344 0.00718680257
vt 0.876175344 0.00718680257
vt 0.876175344 0.00718680257
vt 0.876175344 0.00718680257
vt 0.875450194 0.00660908269
vt 0.875450194 0.00660908269
vt 0.87562412 0.010355508
vt 0.87562412 0.010355508
vt 0.874376953 0.010686704
vt 0.874376953 0.010686704
vt 0.874376953 0.010686704
vt 0.874376953 0.010686704
vt 0.873195112 0.0103579862
vt 0.873195112 0.0103579862
vt 0.873195112 0.0103579862
vt 0.873195112 0.0103579862
vt 0.872694671 0.0092170788
vt 0.872694671 0.0092170788
vt 0.872694671 0.0092170788
vt 0.872694671 0.0092170788
vt 0.873216808 0.00817053393
vt 0.873216808 0.00817053393
vt 0.873216808 0.00817053393
vt 0.873216808 0.00817053393
vt 0.874376953 0.00786356069
vt 0.874376953 0.00786356069
vt 0.874376953 0.00786356069
vt 0.874376953 0.00786356069
vt 0.875653207 0.00827447139
vt 0.875653207 0.00827447139
vt 0.875653207 0.00827447139
vt 0.875653207 0.00827447139
vt 0.876175344 0.0091784345
vt 0.876175344 0.0091784345
vt 0.876175344 0.0091784345
vt 0.876175344 0.0091784345
vt 0.876175344 0.00948788319
vt 0.876175344 0.00948788319
vt 0.876175344 0.00948788319
vt 0.876175344 0.00948788319
vt 0.87562412 0.010355508
vt 0.87562412 0.010355508
vt 0.887680709 0.0185761005
vt 0.887680709 0.0185761005
vt 0.884296715 0.0185761005
vt 0.884296715 0.0185761005
vt 0.884296715 0.0185761005
vt 0.884296715 0.0185761005
vt 0.884296715 0.0203163624
vt 0.884296715 0.0203163624
vt 0.884296715 0.0203163624
vt 0.884296715 0.0203163624
vt 0.89290148 0.0203163624
vt 0.89290148 0.0203163624
vt 0.89290148 0.0203163624
vt 0.89290148 0.0203163624
vt 0.89290148 0.0185761005
vt 0.89290148 0.0185761005
vt 0.89290148 0.0185761005
vt 0.89290148 0.0185761005
vt 0.889517605 0.0185761005
vt 0.889517605 0.0185761005
vt 0.889517605 0.0185761005
vt 0.889517605 0.0185761005
vt 0.889517605 0.00637467066
vt 0.889517605 0.00637467066
vt 0.889517605 0.00637467066
vt 0.889517605 0.00637467066
vt 0.887680709 0.00637467066
vt 0.887680709 0.00637467066
vt 0.887680709 0.00637467066
vt 0.887680709 0.00637467066
vt 0.887680709 0.0185761005
vt 0.887680709 0.0185761005
vt 0.895512044 0.00735107763
vt 0.895512044 0.00735107763
vt 0.894255102 0.0109767755
vt 0.894255102 0.0109767755
vt 0.894255102 0.0109767755
vt 0.894255102 0.0109767755
vt 0.895541012 0.0146023612
vt 0.895541012 0.0146023612
vt 0.895541012 0.0146023612
vt 0.895541012 0.0146023612
vt 0.898451269 0.0156756081
vt 0.898451269 0.0156756081
vt 0.898451269 0.0156756081
vt 0.898451269 0.0156756081
vt 0.901368678 0.0146023612
vt 0.901368678 0.0146023612
vt 0.901368678 0.0146023612
vt 0.901368678 0.0146023612
vt 0.902647316 0.0109767755
vt 0.902647316 0.0109767755
vt 0.902647316 0.0109767755
vt 0.902647316 0.0109767755
vt 0.901383102 0.00735107763
vt 0.901383102 0.00735107763
vt 0.901383102 0.00735107763
vt 0.901383102 0.00735107763
vt 0.898451269 0.0062779435
vt 0.898451269 0.0062779435
vt 0.898451269 0.0062779435
vt 0.898451269 0.0062779435
vt 0.895512044 0.00735107763
vt 0.895512044 0.00735107763
vt 0.896756828 0.0133286137
vt 0.896756828 0.0133286137
vt 0.896092117 0.0109767755
vt 0.896092117 0.0109767755
vt 0.896092117 0.0109767755
vt 0.896092117 0.0109767755
vt 0.896771371 0.00870234054
vt 0.896771371 0.00870234054
vt 0.896771371 0.00870234054
vt 0.896771371 0.00870234054
vt 0.898451269 0.0079215318
vt 0.898451269 0.0079215318
vt 0.898451269 0.0079215318
vt 0.898451269 0.0079215318
vt 0.900138319 0.00870234054
vt 0.900138319 0.00870234054
vt 0.900138319 0.00870234054
vt 0.900138319 0.00870234054
vt 0.900810301 0.0109767755
vt 0.900810301 0.0109767755
vt 0.900810301 0.0109767755
vt 0.900810301 0.0109767755
vt 0.90014559 0.0133286137
vt 0.90014559 0.0133286137
vt 0.90014559 0.0133286137
vt 0.90014559 0.0133286137
vt 0.898451269 0.0141286366
vt 0.898451269 0.0141286366
vt 0.898451269 0.0141286366
vt 0.898451269 0.0141286366
vt 0.896756828 0.0133286137
vt 0.896756828 0.0133286137
vt 0.914681971 0.0136403758
vt 0.914681971 0.0136403758
vt 0.913495123 0.0141286366
vt 0.913495123 0.0141286366
vt 0.913495123 0.0141286366
vt 0.913495123 0.0141286366
vt 0.912136734 0.0136307413
vt 0.912136734 0.0136307413
vt 0.912136734 0.0136307413
vt 0.912136734 0.0136307413
vt 0.91167742 0.0123496726
vt 0.91167742 0.0123496726
vt 0.91167742 0.0123496726
vt 0.91167742 0.0123496726
vt 0.91167742 0.00637467066
vt 0.91167742 0.00637467066
vt 0.91167742 0.00637467066
vt 0.91167742 0.00637467066
vt 0.909937203 0.00637467066
vt 0.909937203 0.00637467066
vt 0.909937203 0.00637467066
vt 0.909937203 0.00637467066
vt 0.909937203 0.0123689957
vt 0.909937203 0.0123689957
vt 0.909937203 0.0123689957
vt 0.909937203 0.0123689957
vt 0.909519017 0.0136403758
vt 0.909519017 0.0136403758
vt 0.909519017 0.0136403758
vt 0.909519017 0.0136403758
vt 0.908332288 0.0141286366
vt 0.908332288 0.0141286366
vt 0.908332288 0.0141286366
vt 0.908332288 0.0141286366
vt 0.906973898 0.0136307413
vt 0.906973898 0.0136307413
vt 0.906973898 0.0136307413
vt 0.906973898 0.0136307413
vt 0.906514585 0.0123496726
vt 0.906514585 0.0123496726
vt 0.906514585 0.0123496726
vt 0.906514585 0.0123496726
vt 0.906514585 0.00637467066
vt 0.906514585 0.00637467066
vt 0.906514585 0.00637467066
vt 0.906514585 0.00637467066
vt 0.904774368 0.00637467066
vt 0.904774368 0.00637467066
vt 0.904774368 0.00637467066
vt 0.904774368 0.00637467066
vt 0.904774368 0.0155788809
vt 0.904774368 0.0155788809
vt 0.904774368 0.0155788809
vt 0.904774368 0.0155788809
vt 0.906514585 0.0155788809
vt 0.906514585 0.0155788809
vt 0.906514585 0.0155788809
vt 0.906514585 0.0155788809
vt 0.906514585 0.0148054501
vt 0.906514585 0.0148054501
vt 0.906514585 0.0148054501
vt 0.906514585 0.0148054501
vt 0.907278478 0.0153855365
vt 0.907278478 0.0153855365
vt 0.907278478 0.0153855365
vt 0.907278478 0.0153855365
vt 0.908622324 0.0156756081
vt 0.908622324 0.0156755541
vt 0.908622324 0.0156755541
vt 0.908622324 0.0156756081
vt 0.910140216 0.0153250881
vt 0.910140216 0.0153250881
vt 0.910140216 0.0153250881
vt 0.910140216 0.0153250881
vt 0.911194026 0.0143219801
vt 0.911194026 0.0143219801
vt 0.911194026 0.0143219801
vt 0.911194026 0.0143219801
vt 0.912199557 0.0152597986
vt 0.912199557 0.0152597986
vt 0.912199557 0.0152597986
vt 0.912199557 0.0152597986
vt 0.913785279 0.0156756081
vt 0.913785279 0.0156755541
vt 0.913785279 0.0156755541
vt 0.913785279 0.0156756081
vt 0.915987194 0.0148102939
vt 0.915987194 0.0148102939
vt 0.915987194 0.0148102939
vt 0.915987194 0.0148102939
vt 0.916840374 0.0124076419
vt 0.916840374 0.0124076419
vt 0.916840374 0.0124076419
vt 0.916840374 0.0124076419
vt 0.916840374 0.00637467066
vt 0.916840374 0.00637467066
vt 0.916840374 0.00637467066
vt 0.916840374 0.00637467066
vt 0.915100157 0.00637467066
vt 0.915100157 0.00637467066
vt 0.915100157 0.00637467066
vt 0.915100157 0.00637467066
vt 0.915100157 0.0123689957
vt 0.915100157 0.0123689957
vt 0.915100157 0.0123689957
vt 0.915100157 0.0123689957
vt 0.914681971 0.0136403758
vt 0.914681971 0.0136403758
vt 0.925058544 0.0199296735
vt 0.925058544 0.0199296735
vt 0.92324084 0.0168744288
vt 0.92324084 0.0168744288
vt 0.92324084 0.0168744288
vt 0.92324084 0.0168744288
vt 0.921867907 0.0168744288
vt 0.921867907 0.0168744288
vt 0.921867907 0.0168744288
vt 0.921867907 0.0168744288
vt 0.923105419 0.0199296735
vt 0.923105419 0.0199296735
vt 0.923105419 0.0199296735
vt 0.923105419 0.0199296735
vt 0.925058544 0.0199296735
vt 0.925058544 0.0199296735
vt 0.923559964 0.00660908269
vt 0.923559964 0.00660908269
vt 0.922080696 0.0062779435
vt 0.922080696 0.0062779435
vt 0.922080696 0.0062779435
vt 0.922080696 0.0062779435
vt 0.919777095 0.00703689409
vt 0.919777095 0.00703689409
vt 0.919777095 0.00703689409
vt 0.919777095 0.00703689409
vt 0.918967426 0.0092170788
vt 0.918967426 0.0092170788
vt 0.918967426 0.0092170788
vt 0.918967426 0.0092170788
vt 0.91987139 0.0114480779
vt 0.91987139 0.0114480779
vt 0.91987139 0.0114480779
vt 0.91987139 0.0114480779
vt 0.922138751 0.0122142984
vt 0.922138751 0.0122142984
vt 0.922138751 0.0122142984
vt 0.922138751 0.0122142984
vt 0.923436582 0.0119822519
vt 0.923436582 0.0119823068
vt 0.923436582 0.0119823068
vt 0.923436582 0.0119822519
vt 0.924285114 0.0114601348
vt 0.924285114 0.0114601348
vt 0.924285114 0.0114601348
vt 0.924285114 0.0114601348
vt 0.924285114 0.0125816623
vt 0.924285114 0.0125816623
vt 0.924285114 0.0125816623
vt 0.924285114 0.0125816623
vt 0.923796713 0.0137491031
vt 0.923796713 0.0137491031
vt 0.923796713 0.0137491031
vt 0.923796713 0.0137491031
vt 0.922583401 0.0140899876
vt 0.922583401 0.0140899876
vt 0.922583401 0.0140899876
vt 0.922583401 0.0140899876
vt 0.921087205 0.013889377
vt 0.921087205 0.013889377
vt 0.921087205 0.013889377
vt 0.921087205 0.013889377
vt 0.92001158 0.0135292243
vt 0.92001158 0.0135292243
vt 0.92001158 0.0135292243
vt 0.92001158 0.0135292243
vt 0.919818223 0.0151147889
vt 0.919818223 0.0151147889
vt 0.919818223 0.0151147889
vt 0.919818223 0.0151147889
vt 0.920949399 0.0154749416
vt 0.920949399 0.0154749416
vt 0.920949399 0.0154749416
vt 0.920949399 0.0154749416
vt 0.922776759 0.0156756081
vt 0.922776759 0.0156755541
vt 0.922776759 0.0156755541
vt 0.922776759 0.0156756081
vt 0.925176919 0.0148827434
vt 0.925176919 0.0148827434
vt 0.925176919 0.0148827434
vt 0.925176919 0.0148827434
vt 0.926025331 0.0125816623
vt 0.926025331 0.0125816623
vt 0.926025331 0.0125816623
vt 0.926025331 0.0125816623
vt 0.926025331 0.00637467066
vt 0.926025331 0.00637467066
vt 0.926025331 0.00637467066
vt 0.926025331 0.00637467066
vt 0.924285114 0.00637467066
vt 0.924285114 0.00637467066
vt 0.924285114 0.00637467066
vt 0.924285114 0.00637467066
vt 0.924285114 0.00718680257
vt 0.924285114 0.00718680257
vt 0.924285114 0.00718680257
vt 0.924285114 0.00718680257
vt 0.923559964 0.00660908269
vt 0.923559964 0.00660908269
vt 0.923734009 0.010355508
vt 0.923734009 0.010355508
vt 0.922486722 0.010686704
vt 0.922486722 0.010686704
vt 0.922486722 0.010686704
vt 0.922486722 0.010686704
vt 0.921304762 0.0103579862
vt 0.921304762 0.0103579862
vt 0.921304762 0.0103579862
vt 0.921304762 0.0103579862
vt 0.920804441 0.0092170788
vt 0.920804441 0.0092170788
vt 0.920804441 0.0092170788
vt 0.920804441 0.0092170788
vt 0.921326458 0.00817053393
vt 0.921326458 0.00817053393
vt 0.921326458 0.00817053393
vt 0.921326458 0.00817053393
vt 0.922486722 0.00786356069
vt 0.922486722 0.00786356069
vt 0.922486722 0.00786356069
vt 0.922486722 0.00786356069
vt 0.923762977 0.00827447139
vt 0.923762977 0.00827447139
vt 0.923762977 0.00827447139
vt 0.923762977 0.00827447139
vt 0.924285114 0.0091784345
vt 0.924285114 0.0091784345
vt 0.924285114 0.0091784345
vt 0.924285114 0.0091784345
vt 0.924285114 0.00948788319
vt 0.924285114 0.00948788319
vt 0.924285114 0.00948788319
vt 0.924285114 0.00948788319
vt 0.923734009 0.010355508
vt 0.923734009 0.010355508
vt 0.930221379 0.0199296735
vt 0.930221379 0.0199296735
vt 0.931400955 0.0182086807
vt 0.931400955 0.0182086807
vt 0.931400955 0.0182086807
vt 0.931400955 0.0182086807
vt 0.932580411 0.0199296735
vt 0.932580411 0.0199296735
vt 0.932580411 0.0199296735
vt 0.932580411 0.0199296735
vt 0.93412739 0.0199296735
vt 0.93412739 0.0199296735
vt 0.93412739 0.0199296735
vt 0.93412739 0.0199296735
vt 0.932329118 0.0168744288
vt 0.932329118 0.0168744288
vt 0.932329118 0.0168744288
vt 0.932329118 0.0168744288
vt 0.930472791 0.0168744288
vt 0.930472791 0.0168744288
vt 0.930472791 0.0168744288
vt 0.930472791 0.0168744288
vt 0.928674519 0.0199296735
vt 0.928674519 0.0199296735
vt 0.928674519 0.0199296735
vt 0.928674519 0.0199296735
vt 0.930221379 0.0199296735
vt 0.930221379 0.0199296735
vt 0.929346502 0.0065124114
vt 0.929346502 0.0065124114
vt 0.928171813 0.00693537714
vt 0.928171813 0.00693537714
vt 0.928171813 0.00693537714
vt 0.928171813 0.00693537714
vt 0.928481042 0.00857896637
vt 0.928481042 0.00857896637
vt 0.928481042 0.00857896637
vt 0.928481042 0.00857896637
vt 0.929718673 0.00811977498
vt 0.929718673 0.00811977498
vt 0.929718673 0.00811977498
vt 0.929718673 0.00811977498
vt 0.931188285 0.0079215318
vt 0.931188285 0.0079215318
vt 0.931188285 0.0079215318
vt 0.931188285 0.0079215318
vt 0.932285607 0.00814146549
vt 0.932285607 0.00814146549
vt 0.932285607 0.00814146549
vt 0.932285607 0.00814146549
vt 0.932773888 0.00898508821
vt 0.932773888 0.00898508821
vt 0.932773888 0.00898508821
vt 0.932773888 0.00898508821
vt 0.932205856 0.00985040236
vt 0.932205856 0.00985040236
vt 0.932205856 0.00985040236
vt 0.932205856 0.00985040236
vt 0.93089813 0.0102806371
vt 0.93089813 0.0102806371
vt 0.93089813 0.0102806371
vt 0.93089813 0.0102806371
vt 0.92904669 0.011010576
vt 0.92904669 0.011010576
vt 0.92904669 0.011010576
vt 0.92904669 0.011010576
vt 0.928152382 0.0129297599
vt 0.928152382 0.0129297599
vt 0.928152382 0.0129297599
vt 0.928152382 0.0129297599
vt 0.929070771 0.0149987936
vt 0.929070771 0.0149987936
vt 0.929070771 0.0149987936
vt 0.929070771 0.0149987936
vt 0.931613624 0.0156755541
vt 0.931613624 0.0156755541
vt 0.931613624 0.0156755541
vt 0.931613624 0.0156755541
vt 0.93326205 0.0154991094
vt 0.93326205 0.0154991094
vt 0.93326205 0.0154991094
vt 0.93326205 0.0154991094
vt 0.934417546 0.0151341129
vt 0.934417546 0.0151341129
vt 0.934417546 0.0151341129
vt 0.934417546 0.0151341129
vt 0.93412739 0.0135099012
vt 0.93412739 0.0135099012
vt 0.93412739 0.0135099012
vt 0.93412739 0.0135099012
vt 0.933020413 0.0139425034
vt 0.933020413 0.0139425034
vt 0.933020413 0.0139425034
vt 0.933020413 0.0139425034
vt 0.931652248 0.0141286366
vt 0.931652248 0.0141286366
vt 0.931652248 0.0141286366
vt 0.931652248 0.0141286366
vt 0.930419624 0.013850675
vt 0.930419624 0.013850675
vt 0.930419624 0.013850675
vt 0.930419624 0.013850675
vt 0.929970086 0.0129490262
vt 0.929970086 0.0129490262
vt 0.929970086 0.0129490262
vt 0.929970086 0.0129490262
vt 0.930458367 0.0122360429
vt 0.930458367 0.0122360429
vt 0.930458367 0.0122360429
vt 0.930458367 0.0122360429
vt 0.931613624 0.0118276095
vt 0.931613624 0.0118276095
vt 0.933639109 0.0110419551
vt 0.933639109 0.0110419551
vt 0.933639109 0.0110419551
vt 0.933639109 0.0110419551
vt 0.934649527 0.00902379118
vt 0.934649527 0.00902379118
vt 0.934649527 0.00902379118
vt 0.934649527 0.00902379118
vt 0.933832467 0.00699092681
vt 0.933832467 0.00699092681
vt 0.933832467 0.00699092681
vt 0.933832467 0.00699092681
vt 0.931188285 0.0062779435
vt 0.931188285 0.0062779435
vt 0.931188285 0.0062779435
vt 0.931188285 0.0062779435
vt 0.929346502 0.0065124114
vt 0.929346502 0.0065124114
vt 0.938872159 0.00847023912
vt 0.938872159 0.00847023912
vt 0.940411985 0.0079215318
vt 0.940411985 0.0079215318
vt 0.940411985 0.0079215318
vt 0.940411985 0.0079215318
vt 0.942060411 0.00812941045
vt 0.942060411 0.00812941045
vt 0.942060411 0.00812941045
vt 0.942060411 0.00812941045
vt 0.943215668 0.00859829132
vt 0.943215668 0.00859829132
vt 0.943215668 0.00859829132
vt 0.943215668 0.00859829132
vt 0.943525136 0.00691605406
vt 0.943525136 0.00691605406
vt 0.943525136 0.00691605406
vt 0.943525136 0.00691605406
vt 0.942190945 0.00645196298
vt 0.942190945 0.00645196298
vt 0.942190945 0.00645196298
vt 0.942190945 0.00645196298
vt 0.940392554 0.0062779435
vt 0.940392554 0.0062779435
vt 0.940392554 0.0062779435
vt 0.940392554 0.0062779435
vt 0.937424362 0.00739225792
vt 0.937424362 0.00739225792
vt 0.937424362 0.00739225792
vt 0.937424362 0.00739225792
vt 0.936196506 0.0108993705
vt 0.936196506 0.0108994246
vt 0.936196506 0.0108994246
vt 0.936196506 0.0108993705
vt 0.937339723 0.014454931
vt 0.937339723 0.014454931
vt 0.937339723 0.014454931
vt 0.937339723 0.014454931
vt 0.94012183 0.0156755541
vt 0.94012183 0.0156755541
vt 0.94012183 0.0156755541
vt 0.94012183 0.0156755541
vt 0.942990839 0.0144501422
vt 0.942990839 0.0144501422
vt 0.942990839 0.0144501422
vt 0.942990839 0.0144501422
vt 0.943989217 0.0112087652
vt 0.943989217 0.0112087652
vt 0.943989217 0.0112087652
vt 0.943989217 0.0112087652
vt 0.943989217 0.0102806371
vt 0.943989217 0.0102806371
vt 0.943989217 0.0102806371
vt 0.943989217 0.0102806371
vt 0.938072026 0.0102806371
vt 0.938072026 0.0102806371
vt 0.938072026 0.0102806371
vt 0.938072026 0.0102806371
vt 0.938872159 0.00847023912
vt 0.938872159 0.00847023912
vt 0.941601098 0.0135025792
vt 0.941601098 0.0135025792
vt 0.94012183 0.0141286366
vt 0.94012183 0.0141286366
vt 0.94012183 0.0141286366
vt 0.94012183 0.0141286366
vt 0.938814104 0.0136185745
vt 0.938814104 0.0136185745
vt 0.938814104 0.0136185745
vt 0.938814104 0.0136185745
vt 0.938072026 0.0116729122
vt 0.938072026 0.0116729122
vt 0.938072026 0.0116729122
vt 0.938072026 0.0116729122
vt 0.942152202 0.0116729122
vt 0.942152202 0.0116729122
vt 0.942152202 0.0116729122
vt 0.942152202 0.0116729122
vt 0.941601098 0.0135025792
vt 0.941601098 0.0135025792
vt 0.950563729 0.00637467066
vt 0.950563729 0.00637467066
vt 0.950563729 0.0203163624
vt 0.950563729 0.0203163624
vt 0.950563729 0.0203163624
vt 0.950563729 0.0203163624
vt 0.954721153 0.0203163624
vt 0.954721153 0.0203163624
vt 0.954721153 0.0203163624
vt 0.954721153 0.0203163624
vt 0.957725465 0.0193229411
vt 0.957725465 0.0193229411
vt 0.957725465 0.0193229411
vt 0.957725465 0.0193229411
vt 0.958801091 0.0166037362
vt 0.958801091 0.0166037362
vt 0.958801091 0.0166037362
vt 0.958801091 0.0166037362
vt 0.95824033 0.0147111453
vt 0.95824033 0.0147111453
vt 0.95824033 0.0147111453
vt 0.95824033 0.0147111453
vt 0.956809461 0.0135871954
vt 0.956809461 0.0135871954
vt 0.956809461 0.0135871954
vt 0.956809461 0.0135871954
vt 0.95832485 0.0123448269
vt 0.95832485 0.0123448269
vt 0.95832485 0.0123448269
vt 0.95832485 0.0123448269
vt 0.958897769 0.0103773093
vt 0.958897769 0.0103773093
vt 0.958897769 0.0103773093
vt 0.958897769 0.0103773093
vt 0.957693994 0.0074332743
vt 0.957693994 0.0074332743
vt 0.957693994 0.0074332743
vt 0.957693994 0.0074332743
vt 0.954430997 0.00637467066
vt 0.954430997 0.00637467066
vt 0.954430997 0.00637467066
vt 0.954430997 0.00637467066
vt 0.950563729 0.00637467066
vt 0.950563729 0.00637467066
vt 0.952400625 0.0185761005
vt 0.952400625 0.0185761005
vt 0.952400625 0.0144380294
vt 0.952400625 0.0144380294
vt 0.952400625 0.0144380294
vt 0.952400625 0.0144380294
vt 0.954489052 0.0144380294
vt 0.954489052 0.0144380294
vt 0.954489052 0.0144380294
vt 0.954489052 0.0144380294
vt 0.956214726 0.0149577241
vt 0.956214726 0.0149577241
vt 0.956214726 0.0149577241
vt 0.956214726 0.0149577241
vt 0.956867397 0.016507009
vt 0.956867397 0.016507009
vt 0.956867397 0.016507009
vt 0.956867397 0.016507009
vt 0.956267893 0.0180708282
vt 0.956267893 0.0180708282
vt 0.956267893 0.0180708282
vt 0.956267893 0.0180708282
vt 0.954740465 0.0185761005
vt 0.954740465 0.0185761005
vt 0.954740465 0.0185761005
vt 0.954740465 0.0185761005
vt 0.952400625 0.0185761005
vt 0.952400625 0.0185761005
vt 0.952400625 0.0126977675
vt 0.952400625 0.0126977675
vt 0.952400625 0.00811493024
vt 0.952400625 0.00811493024
vt 0.952400625 0.00811493024
vt 0.952400625 0.00811493024
vt 0.954489052 0.00811493024
vt 0.954489052 0.00811493024
vt 0.954489052 0.00811493024
vt 0.954489052 0.00811493024
vt 0.956270397 0.00869017281
vt 0.956270397 0.00869017281
vt 0.956270397 0.00869017281
vt 0.956270397 0.00869017281
vt 0.956964076 0.0103386082
vt 0.956964076 0.0103386082
vt 0.956964076 0.0103386082
vt 0.956964076 0.0103386082
vt 0.956263125 0.0120765567
vt 0.956263125 0.0120765567
vt 0.956263125 0.0120765567
vt 0.956263125 0.0120765567
vt 0.954489052 0.0126977675
vt 0.954489052 0.0126977675
vt 0.954489052 0.0126977675
vt 0.954489052 0.0126977675
vt 0.952400625 0.0126977675
vt 0.952400625 0.0126977675
vt 0.965230525 0.00660908269
vt 0.965230525 0.00660908269
vt 0.963751256 0.0062779435
vt 0.963751256 0.0062779435
vt 0.963751256 0.0062779435
vt 0.963751256 0.0062779435
vt 0.961447775 0.00703689409
vt 0.961447775 0.00703689409
vt 0.961447775 0.00703689409
vt 0.961447775 0.00703689409
vt 0.960638106 0.0092170788
vt 0.960638106 0.0092170788
vt 0.960638106 0.0092170788
vt 0.960638106 0.0092170788
vt 0.96154207 0.0114480779
vt 0.96154207 0.0114480779
vt 0.96154207 0.0114480779
vt 0.96154207 0.0114480779
vt 0.963809192 0.0122142984
vt 0.963809192 0.0122142984
vt 0.963809192 0.0122142984
vt 0.963809192 0.0122142984
vt 0.965107262 0.0119822519
vt 0.965107262 0.0119822519
vt 0.965107262 0.0119822519
vt 0.965107262 0.0119822519
vt 0.965955675 0.0114601348
vt 0.965955675 0.0114601348
vt 0.965955675 0.0114601348
vt 0.965955675 0.0114601348
vt 0.965955675 0.0125816623
vt 0.965955675 0.0125816623
vt 0.965955675 0.0125816623
vt 0.965955675 0.0125816623
vt 0.965467393 0.0137491031
vt 0.965467393 0.0137491031
vt 0.965467393 0.0137491031
vt 0.965467393 0.0137491031
vt 0.964253962 0.0140899876
vt 0.964253962 0.0140899876
vt 0.964253962 0.0140899876
vt 0.964253962 0.0140899876
vt 0.962757766 0.013889377
vt 0.962757766 0.013889377
vt 0.962757766 0.013889377
vt 0.962757766 0.013889377
vt 0.96168226 0.0135292243
vt 0.96168226 0.0135292243
vt 0.96168226 0.0135292243
vt 0.96168226 0.0135292243
vt 0.961488903 0.0151147889
vt 0.961488903 0.0151147889
vt 0.961488903 0.0151147889
vt 0.961488903 0.0151147889
vt 0.96262008 0.0154749416
vt 0.96262008 0.0154749416
vt 0.96262008 0.0154749416
vt 0.96262008 0.0154749416
vt 0.964447439 0.0156755541
vt 0.964447439 0.0156755541
vt 0.964447439 0.0156755541
vt 0.964447439 0.0156755541
vt 0.966847599 0.0148827434
vt 0.966847599 0.0148827434
vt 0.966847599 0.0148827434
vt 0.966847599 0.0148827434
vt 0.967696011 0.0125816623
vt 0.967696011 0.0125816623
vt 0.967696011 0.0125816623
vt 0.967696011 0.0125816623
vt 0.967696011 0.00637467066
vt 0.967696011 0.00637467066
vt 0.967696011 0.00637467066
vt 0.967696011 0.00637467066
vt 0.965955675 0.00637467066
vt 0.965955675 0.00637467066
vt 0.965955675 0.00637467066
vt 0.965955675 0.00637467066
vt 0.965955675 0.00718680257
vt 0.965955675 0.00718680257
vt 0.965955675 0.00718680257
vt 0.965955675 0.00718680257
vt 0.965230525 0.00660908269
vt 0.965230525 0.00660908269
vt 0.96540457 0.010355508
vt 0.96540457 0.010355508
vt 0.964157283 0.0106866471
vt 0.964157283 0.010686704
vt 0.964157283 0.010686704
vt 0.964157283 0.0106866471
vt 0.962975323 0.0103579862
vt 0.962975323 0.0103579862
vt 0.962975323 0.0103579862
vt 0.962975323 0.0103579862
vt 0.962475121 0.0092170788
vt 0.962475121 0.0092170788
vt 0.962475121 0.0092170788
vt 0.962475121 0.0092170788
vt 0.962997139 0.00817053393
vt 0.962997139 0.00817053393
vt 0.962997139 0.00817053393
vt 0.962997139 0.00817053393
vt 0.964157283 0.00786350854
vt 0.964157283 0.00786350854
vt 0.964157283 0.00786350854
vt 0.964157283 0.00786350854
vt 0.965433538 0.00827447139
vt 0.965433538 0.00827447139
vt 0.965433538 0.00827447139
vt 0.965433538 0.00827447139
vt 0.965955675 0.0091784345
vt 0.965955675 0.0091784345
vt 0.965955675 0.0091784345
vt 0.965955675 0.0091784345
vt 0.965955675 0.00948782731
vt 0.965955675 0.00948782731
vt 0.965955675 0.00948782731
vt 0.965955675 0.00948782731
vt 0.96540457 0.010355508
vt 0.96540457 0.010355508
vt 0.973871648 0.00637467066
vt 0.973871648 0.00637467066
vt 0.972936213 0.0062779435
vt 0.972936213 0.0062779435
vt 0.972936213 0.0062779435
vt 0.972936213 0.0062779435
vt 0.97138685 0.00673234509
vt 0.97138685 0.00673234509
vt 0.97138685 0.00673234509
vt 0.97138685 0.00673234509
vt 0.970635116 0.00869501662
vt 0.970635116 0.00869501662
vt 0.970635116 0.00869501662
vt 0.970635116 0.00869501662
vt 0.970635116 0.0141286366
vt 0.970635116 0.0141286366
vt 0.970635116 0.0141286366
vt 0.970635116 0.0141286366
vt 0.969436347 0.0141286366
vt 0.969436347 0.0141286366
vt 0.969436347 0.0141286366
vt 0.969436347 0.0141286366
vt 0.969436347 0.0155788809
vt 0.969436347 0.0155788809
vt 0.969436347 0.0155788809
vt 0.969436347 0.0155788809
vt 0.970635116 0.0155788809
vt 0.970635116 0.0155788809
vt 0.970635116 0.0155788809
vt 0.970635116 0.0155788809
vt 0.970635116 0.0191561878
vt 0.970635116 0.0191561878
vt 0.970635116 0.0191561878
vt 0.970635116 0.0191561878
vt 0.972375453 0.0193495322
vt 0.972375453 0.0193495322
vt 0.972375453 0.0193495322
vt 0.972375453 0.0193495322
vt 0.972375453 0.0155788809
vt 0.972375453 0.0155788809
vt 0.972375453 0.0155788809
vt 0.972375453 0.0155788809
vt 0.973883688 0.0155788809
vt 0.973883688 0.0155788809
vt 0.973883688 0.0155788809
vt 0.973883688 0.0155788809
vt 0.973883688 0.0141286366
vt 0.973883688 0.0141286366
vt 0.973883688 0.0141286366
vt 0.973883688 0.0141286366
vt 0.972375453 0.0141286366
vt 0.972375453 0.0141286366
vt 0.972375453 0.0141286366
vt 0.972375453 0.0141286366
vt 0.972375453 0.00869501662
vt 0.972375453 0.00869501662
vt 0.972375453 0.00869501662
vt 0.972375453 0.00869501662
vt 0.972597778 0.00802304875
vt 0.972597778 0.00802304875
vt 0.972597778 0.00802304875
vt 0.972597778 0.00802304875
vt 0.973110259 0.00784423947
vt 0.973110259 0.00784423947
vt 0.973110259 0.00784423947
vt 0.973110259 0.00784423947
vt 0.973704875 0.00793127716
vt 0.973704875 0.00793127716
vt 0.973704875 0.00793127716
vt 0.973704875 0.00793127716
vt 0.974212468 0.00813425519
vt 0.974212468 0.00813425519
vt 0.974212468 0.00813425519
vt 0.974212468 0.00813425519
vt 0.974444449 0.00658733817
vt 0.974444449 0.00658733817
vt 0.974444449 0.00658733817
vt 0.974444449 0.00658733817
vt 0.973871648 0.00637467066
vt 0.973871648 0.00637467066
vt 0.976208985 0.0175995808
vt 0.976208985 0.0175995808
vt 0.975914061 0.0184020251
vt 0.975914061 0.0184020251
vt 0.975914061 0.0184020251
vt 0.975914061 0.0184020251
vt 0.976208985 0.0192286912
vt 0.976208985 0.0192286912
vt 0.976208985 0.0192286912
vt 0.976208985 0.0192286912
vt 0.977054894 0.0195042286
vt 0.977054894 0.0195042286
vt 0.977054894 0.0195042286
vt 0.977054894 0.0195042286
vt 0.977893651 0.0192286912
vt 0.977893651 0.0192286912
vt 0.977893651 0.0192286912
vt 0.977893651 0.0192286912
vt 0.978195846 0.0184020251
vt 0.978195846 0.0184020251
vt 0.978195846 0.0184020251
vt 0.978195846 0.0184020251
vt 0.977893651 0.0175851006
vt 0.977893651 0.0175851006
vt 0.977893651 0.0175851006
vt 0.977893651 0.0175851006
vt 0.977054894 0.0173191987
vt 0.977054894 0.0173191987
vt 0.977054894 0.0173191987
vt 0.977054894 0.0173191987
vt 0.976208985 0.0175995808
vt 0.976208985 0.0175995808
vt 0.977925003 0.00637467066
vt 0.977925003 0.00637467066
vt 0.976184785 0.00637467066
vt 0.976184785 0.00637467066
vt 0.976184785 0.00637467066
vt 0.976184785 0.00637467066
vt 0.976184785 0.0155788809
vt 0.976184785 0.0155788809
vt 0.976184785 0.0155788809
vt 0.976184785 0.0155788809
vt 0.977925003 0.0155788809
vt 0.977925003 0.0155788809
vt 0.977925003 0.0155788809
vt 0.977925003 0.0155788809
vt 0.977925003 0.00637467066
vt 0.977925003 0.00637467066
vt 0.791692078 0.0139892101
vt 0.791692078 0.0154465586
vt 0.790176451 0.0154465586
vt 0.790176451 0.0139892101
vt 0.788427651 0.0154465586
vt 0.788427651 0.0139892101
vt 0.787222922 0.0154465586
vt 0.787222922 0.0139892101
vt 0.788427651 0.00852911174
vt 0.790176451 0.00852911174
vt 0.78918308 0.00655691326
vt 0.790399909 0.00785389356
vt 0.790914893 0.00767414644
vt 0.79225564 0.00641119014
vt 0.790739894 0.0061002532
vt 0.791679919 0.00619742088
vt 0.79151243 0.00776157063
vt 0.792022407 0.00796564948
vt 0.795721591 0.0191141479
vt 0.796025217 0.018283464
vt 0.795721591 0.0174625218
vt 0.794878781 0.0193910096
vt 0.794878781 0.0171952974
vt 0.79402864 0.0191141479
vt 0.79402864 0.017477056
vt 0.793732285 0.018283464
vt 0.79402864 0.0191141479
vt 0.795721591 0.0191141479
vt 0.794878781 0.0193910096
vt 0.793732285 0.018283464
vt 0.796025217 0.018283464
vt 0.79402864 0.017477056
vt 0.795721591 0.0174625218
vt 0.794878781 0.0171952974
vt 0.788427651 0.0139892101
vt 0.791692078 0.0139892101
vt 0.787222922 0.0139892101
vt 0.790176451 0.0139892101
vt 0.780373514 0.0153421238
vt 0.784621656 0.0147470608
vt 0.782209814 0.0155436695
vt 0.779236913 0.0149802091
vt 0.780512035 0.0137487408
vt 0.779431164 0.0133868251
vt 0.782015443 0.0139503973
vt 0.783234775 0.0136078615
vt 0.785474181 0.0124347499
vt 0.783725381 0.0124347499
vt 0.783725381 0.0113077722
vt 0.785474181 0.00619742088
vt 0.783725381 0.00932577439
vt 0.783725381 0.0090149492
vt 0.783171594 0.0101976963
vt 0.783200741 0.00810652785
vt 0.779290259 0.0112956055
vt 0.782872915 0.0118323676
vt 0.781568587 0.0120655689
vt 0.781918347 0.0105305417
vt 0.780730605 0.0102001727
vt 0.778381944 0.00905381516
vt 0.78022784 0.00905381516
vt 0.779195487 0.00686294865
vt 0.78075248 0.00800209399
vt 0.781918347 0.0076936353
vt 0.783725381 0.00701351929
vt 0.783725381 0.00619742088
vt 0.782996714 0.00643304549
vt 0.781510293 0.0061002532
vt 0.768258452 0.00619742088
vt 0.772144616 0.00619742088
vt 0.775423586 0.00726125482
vt 0.772202909 0.00794616062
vt 0.773992956 0.00852432195
vt 0.774690032 0.0101807388
vt 0.776633143 0.0102196615
vt 0.773985624 0.011927112
vt 0.776057541 0.0121967588
vt 0.772202909 0.0125513515
vt 0.770104349 0.00794616062
vt 0.774534523 0.0134451268
vt 0.770104349 0.0125513515
vt 0.772202909 0.0143000893
vt 0.775972426 0.0145745818
vt 0.770104349 0.0143000893
vt 0.773937047 0.0148223182
vt 0.774592817 0.0163792018
vt 0.776535988 0.0164763685
vt 0.773990512 0.0179506727
vt 0.770104349 0.0184583645
vt 0.775455177 0.0192088392
vt 0.772455454 0.0184583645
vt 0.768258452 0.0202071629
vt 0.772436023 0.0202071629
vt 0.754970074 0.0143171018
vt 0.760648787 0.0143122021
vt 0.75776571 0.0155436695
vt 0.75776571 0.0139892101
vt 0.756451607 0.0134767266
vt 0.759252131 0.0133601809
vt 0.753821135 0.0107441992
vt 0.761651933 0.011055137
vt 0.755706012 0.0115215406
vt 0.759805918 0.0115215406
vt 0.761651933 0.0101224938
vt 0.755706012 0.0101224938
vt 0.75505501 0.00722001866
vt 0.75650996 0.00830323063
vt 0.758057177 0.00775188021
vt 0.761185527 0.00674150325
vt 0.758037686 0.0061002532
vt 0.759844899 0.00627521006
vt 0.75971365 0.00796080567
vt 0.760874569 0.00843199901
vt 0.746660888 0.0148636075
vt 0.750872612 0.0153663997
vt 0.749216139 0.0155436695
vt 0.752033651 0.0149995871
vt 0.750629723 0.0138021968
vt 0.751742065 0.013367448
vt 0.749255002 0.0139892101
vt 0.748016238 0.013709873
vt 0.74573791 0.0127844987
vt 0.747564495 0.0128039308
vt 0.7480551 0.0120873693
vt 0.746636629 0.0108560119
vt 0.749216139 0.0116769522
vt 0.751251519 0.0108875576
vt 0.752266705 0.00885942671
vt 0.749811232 0.00969022233
vt 0.748497188 0.0101224938
vt 0.750381887 0.00882061385
vt 0.75144577 0.00681681652
vt 0.749891281 0.00797291752
vt 0.748788655 0.00775188021
vt 0.745757461 0.00676088268
vt 0.74731189 0.00795106031
vt 0.746068239 0.00841251016
vt 0.748788655 0.0061002532
vt 0.746937871 0.00633587828
vt 0.748069644 0.0167484395
vt 0.747817039 0.0198184885
vt 0.74626255 0.0198184885
vt 0.749002278 0.0180891305
vt 0.749935091 0.0167484395
vt 0.751742065 0.0198184885
vt 0.750187635 0.0198184885
vt 0.738499939 0.0153421238
vt 0.742748082 0.0147470608
vt 0.74033612 0.0155437253
vt 0.737363279 0.0149802091
vt 0.738638341 0.0137487408
vt 0.73755753 0.0133868251
vt 0.740141809 0.0139503973
vt 0.741361082 0.0136078615
vt 0.743600428 0.0124347499
vt 0.741851866 0.0124347499
vt 0.741851866 0.0113077722
vt 0.743600428 0.00619742088
vt 0.741851866 0.00932583027
vt 0.741851866 0.0090149492
vt 0.741298079 0.0101976963
vt 0.741327107 0.00810652785
vt 0.737416685 0.0112956055
vt 0.740999281 0.0118323676
vt 0.739694953 0.0120655689
vt 0.740044773 0.0105305417
vt 0.738857031 0.0102002267
vt 0.73650831 0.00905381516
vt 0.738354206 0.00905381516
vt 0.737322032 0.00686294865
vt 0.738878846 0.00800209399
vt 0.740044773 0.0076936353
vt 0.741851866 0.00701351929
vt 0.741851866 0.00619742088
vt 0.74112314 0.00643304549
vt 0.7396366 0.0061002532
vt 0.739422858 0.0167484395
vt 0.742628992 0.0198184885
vt 0.740666509 0.0198184885
vt 0.740802586 0.0167484395
vt 0.724762321 0.0152522214
vt 0.727638185 0.0151914991
vt 0.726112723 0.0155437253
vt 0.723994732 0.0146693811
vt 0.728697121 0.0141835455
vt 0.725821316 0.0139892101
vt 0.724456251 0.0134888934
vt 0.723994732 0.0122015476
vt 0.722245991 0.00619742088
vt 0.723994732 0.00619742088
vt 0.723994732 0.0154465586
vt 0.722245991 0.0154465586
vt 0.731009424 0.0139892101
vt 0.727013886 0.0134985829
vt 0.729644358 0.0134888934
vt 0.727434099 0.0122209815
vt 0.729182839 0.0122015476
vt 0.727434099 0.00619742088
vt 0.729182839 0.00619742088
vt 0.733513534 0.014674115
vt 0.729707479 0.0151259322
vt 0.731300831 0.0155437253
vt 0.732201874 0.0134985829
vt 0.734370887 0.0122598484
vt 0.732622147 0.0122209815
vt 0.734370887 0.00619742088
vt 0.732622147 0.00619742088
vt 0.712967813 0.0144653022
vt 0.718823671 0.0144653022
vt 0.715892136 0.0155437253
vt 0.715892136 0.0139892101
vt 0.71418947 0.0131852794
vt 0.717594802 0.0131852794
vt 0.711675644 0.0108219888
vt 0.71352154 0.0108219888
vt 0.720108628 0.0108219888
vt 0.718262613 0.0108219888
vt 0.717587471 0.0085364338
vt 0.712938607 0.00717867538
vt 0.718838274 0.00717867538
vt 0.714204013 0.0085364338
vt 0.715892136 0.00775188021
vt 0.715892136 0.0061002532
vt 0.701668739 0.0184583645
vt 0.710315406 0.0202071629
vt 0.701668739 0.0202071629
vt 0.710315406 0.0184583645
vt 0.705069065 0.00619742088
vt 0.706914961 0.0184583645
vt 0.705069065 0.0184583645
vt 0.706914961 0.00619742088
vt 0.690155804 0.0153421238
vt 0.694404006 0.0147470608
vt 0.691992104 0.0155437253
vt 0.689019203 0.0149802091
vt 0.690294385 0.0137487408
vt 0.689213514 0.0133868251
vt 0.691797793 0.0139503973
vt 0.693017066 0.0136078615
vt 0.695256531 0.0124347499
vt 0.693507731 0.0124347499
vt 0.693507731 0.0113077722
vt 0.695256531 0.00619742088
vt 0.693507731 0.00932583027
vt 0.693507731 0.0090149492
vt 0.692953885 0.0101976963
vt 0.692983091 0.00810652785
vt 0.691350877 0.0120655689
vt 0.692655146 0.0118323676
vt 0.691700637 0.0105305417
vt 0.689072609 0.0112956055
vt 0.690512896 0.0102002267
vt 0.688164234 0.00905381516
vt 0.69001013 0.00905381516
vt 0.688977897 0.00686294865
vt 0.69053483 0.00800209399
vt 0.691700637 0.0076936353
vt 0.693507731 0.00701351929
vt 0.693507731 0.00619742088
vt 0.692779064 0.00643304549
vt 0.691292703 0.0061002532
vt 0.683170438 0.0190412588
vt 0.684919238 0.0154465586
vt 0.684919238 0.0192355402
vt 0.683170438 0.0154465586
vt 0.681965768 0.0139892101
vt 0.681965768 0.0154465586
vt 0.686434805 0.0154465586
vt 0.686434805 0.0139892101
vt 0.683170438 0.00852911174
vt 0.684919238 0.0139892101
vt 0.683170438 0.0139892101
vt 0.684919238 0.00852911174
vt 0.683925867 0.00655691326
vt 0.685142636 0.00785389356
vt 0.68565762 0.00767414644
vt 0.686998427 0.00641119014
vt 0.6854828 0.0061002532
vt 0.686422706 0.00619742088
vt 0.686255157 0.00776157063
vt 0.686765194 0.00796564948
vt 0.678492546 0.0191141479
vt 0.680185378 0.0191141479
vt 0.679342508 0.0193910096
vt 0.678196192 0.018283464
vt 0.680488944 0.018283464
vt 0.678492546 0.017477056
vt 0.680185378 0.0174625218
vt 0.679342508 0.0171952974
vt 0.678468168 0.00619742088
vt 0.680216968 0.0154465586
vt 0.678468168 0.0154465586
vt 0.680216968 0.00619742088
vt 0.669821441 0.0139892101
vt 0.676719427 0.0154465586
vt 0.669821441 0.0154465586
vt 0.674037933 0.0139892101
vt 0.672502875 0.00775188021
vt 0.66962707 0.00619742088
vt 0.676505625 0.00775188021
vt 0.676505625 0.00619742088
vt 0.66455555 0.00619742088
vt 0.66630441 0.0154465586
vt 0.66455555 0.0154465586
vt 0.66630441 0.0143972579
vt 0.66630441 0.0122015476
vt 0.66630441 0.00619742088
vt 0.666639626 0.0133358473
vt 0.66752851 0.0137560619
vt 0.668174684 0.0136759058
vt 0.666909218 0.0151963979
vt 0.667994916 0.0155437253
vt 0.668616712 0.0135229155
vt 0.668849826 0.015368823
vt 0.655736446 0.0143171018
vt 0.6614151 0.0143122021
vt 0.658532143 0.0155437253
vt 0.658532143 0.0139892101
vt 0.657218039 0.0134767266
vt 0.660018563 0.0133601809
vt 0.654587626 0.0107442541
vt 0.662418187 0.011055137
vt 0.656472325 0.0115215406
vt 0.660572231 0.0115215406
vt 0.662418187 0.0101224938
vt 0.656472325 0.0101224938
vt 0.655821383 0.00722001866
vt 0.657276332 0.00830323063
vt 0.65882355 0.00775188021
vt 0.6619519 0.00674150325
vt 0.658804119 0.0061002532
vt 0.660611212 0.00627521006
vt 0.660479963 0.00796080567
vt 0.661641002 0.00843199901
vt 0.64873898 0.00619742088
vt 0.647301018 0.0154465586
vt 0.645357907 0.0154465586
vt 0.64959383 0.00852911174
vt 0.650429368 0.00619742088
vt 0.653810322 0.0154465586
vt 0.65186733 0.0154465586
vt 0.642273247 0.0191141479
vt 0.643966198 0.0191141479
vt 0.643123388 0.0193910096
vt 0.641976953 0.018283464
vt 0.644269764 0.018283464
vt 0.642273247 0.017477056
vt 0.643966198 0.0174625218
vt 0.643123388 0.0171952974
vt 0.642249048 0.00619742088
vt 0.643997788 0.0154465586
vt 0.642249048 0.0154465586
vt 0.643997788 0.00619742088
vt 0.635108054 0.0152522214
vt 0.638671279 0.014674115
vt 0.636458516 0.0155437253
vt 0.634340525 0.0146693811
vt 0.636167109 0.0139892101
vt 0.637359619 0.0134985829
vt 0.639528632 0.0122598484
vt 0.637779832 0.0122209815
vt 0.639528573 0.00619742088
vt 0.637779832 0.00619742088
vt 0.634801984 0.0134888934
vt 0.634340525 0.0122015476
vt 0.632591784 0.00619742088
vt 0.634340525 0.00619742088
vt 0.634340525 0.0154465586
vt 0.632591784 0.0154465586
vt 0.621146917 0.0110357031
vt 0.622992992 0.0202071629
vt 0.621146917 0.0202071629
vt 0.622992992 0.0111134369
vt 0.623537004 0.00867241248
vt 0.622176766 0.00737295672
vt 0.625538349 0.00784904882
vt 0.628870785 0.00737295672
vt 0.625538349 0.0061002532
vt 0.627510607 0.00867241248
vt 0.629871547 0.0110357031
vt 0.628025472 0.0111134369
vt 0.629871547 0.0202071629
vt 0.628025472 0.0202071629
vt 0.204377547 0.0178001598
vt 0.193868771 0.015655227
vt 0.194538847 0.016507633
vt 0.204378501 0.0167254284
vt 0.193544522 0.0143275335
vt 0.204712048 0.0151355937
vt 0.204558626 0.00651759654
vt 0.196165338 0.00706530362
vt 0.204712048 0.0151355937
vt 0.194538847 0.016507633
vt 0.192008749 0.0202205256
vt 0.207573429 0.0201671794
vt 0.204377547 0.0178001598
vt 0.196165338 0.00706530362
vt 0.193735138 0.00441271812
vt 0.18933548 0.0156468824
vt 0.193544522 0.0143275335
vt 0.243085042 0.0124045312
vt 0.23574771 0.0127596334
vt 0.235846654 0.00879798084
vt 0.247716084 0.00909406692
vt 0.204378501 0.0167254284
vt 0.208761826 0.018543072
vt 0.209213629 0.0160444453
vt 0.204712048 0.0151355937
vt 0.193544522 0.0143275335
vt 0.18933548 0.0156468824
vt 0.190392867 0.0182938054
vt 0.193868771 0.015655227
vt 0.236988261 0.0177681595
vt 0.243085042 0.0124045312
vt 0.247716084 0.00909406692
vt 0.240848139 0.0209156126
vt 0.204712048 0.0151355937
vt 0.209213629 0.0160444453
vt 0.206988469 0.00300408155
vt 0.204558626 0.00651759654
vt 0.193868771 0.015655227
vt 0.190392867 0.0182938054
vt 0.192008749 0.0202205256
vt 0.194538847 0.016507633
vt 0.204558626 0.00651759654
vt 0.206988469 0.00300408155
vt 0.193735138 0.00441271812
vt 0.196165338 0.00706530362
vt 0.23574771 0.0127596334
vt 0.231501177 0.0126536638
vt 0.231600121 0.00869201124
vt 0.235846654 0.00879798084
vt 0.204377547 0.0178001598
vt 0.207573429 0.0201671794
vt 0.208761826 0.018543072
vt 0.204378501 0.0167254284
vt 0.228035465 0.0166810229
vt 0.224085942 0.00414318591
vt 0.206988469 0.00300408155
vt 0.209213629 0.0160444453
vt 0.208761826 0.018543072
vt 0.227997795 0.018888481
vt 0.207573429 0.0201671794
vt 0.226858154 0.0202205256
vt 0.723944485 0.85992223
vt 0.723464131 0.859956026
vt 0.723689258 0.862413287
vt 0.724079549 0.862385809
vt 0.725388348 0.859920859
vt 0.724906862 0.859904647
vt 0.724862099 0.862371504
vt 0.725253165 0.862384677
vt 0.724425554 0.859905481
vt 0.723944485 0.85992223
vt 0.724079549 0.862385809
vt 0.724470615 0.86237222
vt 0.725868702 0.859956086
vt 0.725388348 0.859920859
vt 0.725253165 0.862384677
vt 0.725643277 0.862413287
vt 0.724906862 0.859904647
vt 0.724425554 0.859905481
vt 0.724470615 0.86237222
vt 0.724862099 0.862371504
vt 0.974708796 0.80745852
vt 0.975942016 0.805391133
vt 0.973544717 0.80547601
vt 0.975870728 0.807293057
vt 0.702172995 0.859870374
vt 0.701692522 0.859835207
vt 0.701557457 0.862299144
vt 0.701947629 0.862327695
vt 0.701692522 0.859835207
vt 0.701211154 0.859819055
vt 0.701166272 0.862285793
vt 0.701557457 0.862299144
vt 0.700248718 0.859836638
vt 0.699768484 0.859870374
vt 0.699993491 0.862327695
vt 0.700383842 0.862300158
vt 0.700729966 0.859819829
vt 0.700248718 0.859836638
vt 0.700383842 0.862300158
vt 0.700774789 0.862286448
vt 0.701211154 0.859819055
vt 0.700729966 0.859819829
vt 0.700774789 0.862286448
vt 0.701166272 0.862285793
vt 0.713299096 0.859904647
vt 0.712817669 0.859905601
vt 0.712862551 0.862372279
vt 0.713254213 0.862371564
vt 0.712336481 0.859922469
vt 0.711856246 0.859956145
vt 0.712081373 0.862413406
vt 0.712471604 0.862385869
vt 0.714260876 0.859956205
vt 0.713780284 0.859920919
vt 0.71364522 0.862384856
vt 0.714035392 0.862413406
vt 0.712817669 0.859905601
vt 0.712336481 0.859922469
vt 0.712471604 0.862385869
vt 0.712862551 0.862372279
vt 0.713780284 0.859920919
vt 0.713299096 0.859904647
vt 0.713254213 0.862371564
vt 0.71364522 0.862384856
vt 0.704598963 0.859819829
vt 0.704117835 0.859836638
vt 0.704252958 0.862300158
vt 0.704643846 0.862286568
vt 0.706042051 0.859870434
vt 0.705561638 0.859835267
vt 0.705426514 0.862299025
vt 0.705816507 0.862327635
vt 0.704117835 0.859836638
vt 0.703637481 0.859870434
vt 0.703862548 0.862327635
vt 0.704252958 0.862300158
vt 0.705561638 0.859835267
vt 0.705080271 0.859819055
vt 0.705035388 0.862285852
vt 0.705426514 0.862299025
vt 0.705080271 0.859819055
vt 0.704598963 0.859819829
vt 0.704643846 0.862286568
vt 0.705035388 0.862285852
vt 0.707986951 0.859836638
vt 0.707506657 0.859870434
vt 0.707731843 0.862327635
vt 0.708122075 0.862300158
vt 0.709430933 0.859835267
vt 0.708949506 0.859819055
vt 0.708904684 0.862285852
vt 0.709295809 0.862299025
vt 0.708949506 0.859819055
vt 0.708468139 0.859819889
vt 0.7085132 0.862286508
vt 0.708904684 0.862285852
vt 0.709911406 0.859870493
vt 0.709430933 0.859835267
vt 0.709295809 0.862299025
vt 0.709685802 0.862327635
vt 0.708468139 0.859819889
vt 0.707986951 0.859836638
vt 0.708122075 0.862300158
vt 0.7085132 0.862286508
vt 0.721037686 0.859904647
vt 0.720556259 0.859905601
vt 0.72060132 0.86237216
vt 0.720992804 0.862371564
vt 0.720556259 0.859905601
vt 0.72007525 0.859922349
vt 0.720210373 0.862385809
vt 0.72060132 0.86237216
vt 0.72007525 0.859922349
vt 0.719594836 0.859956145
vt 0.719820023 0.862413347
vt 0.720210373 0.862385809
vt 0.721999526 0.859956145
vt 0.721519053 0.859920919
vt 0.72138375 0.862384737
vt 0.721773922 0.862413347
vt 0.721519053 0.859920919
vt 0.721037686 0.859904647
vt 0.720992804 0.862371564
vt 0.72138375 0.862384737
vt 0.906349778 0.809153736
vt 0.907582939 0.807086349
vt 0.90518564 0.807171226
vt 0.907511652 0.808988214
vt 0.715725541 0.862361848
vt 0.716205955 0.862397075
vt 0.716341197 0.859933257
vt 0.715951085 0.859904706
vt 0.716205955 0.862397075
vt 0.716687381 0.862413347
vt 0.716732204 0.859946489
vt 0.716341197 0.859933257
vt 0.717649817 0.862395704
vt 0.718130112 0.862361968
vt 0.717905045 0.859904647
vt 0.717514753 0.859932184
vt 0.717168689 0.862412453
vt 0.717649817 0.862395704
vt 0.717514753 0.859932184
vt 0.717123687 0.859945774
vt 0.716687381 0.862413347
vt 0.717168689 0.862412453
vt 0.717123687 0.859945774
vt 0.716732204 0.859946489
vt 0.133715391 0.325269759
vt 0.133715391 0.503463328
vt 0.995607853 0.503463328
vt 0.995607853 0.325269759
vt 0.996129036 0.209652245
vt 0.131438345 0.209652245
vt 0.131438345 0.319484442
vt 0.996129036 0.319484442
vt 0.382566839 0.00483585009
vt 0.347506076 0.00483585009
vt 0.351755887 0.0133354282
vt 0.386816591 0.0133354282
vt 0.342860103 0.00462833978
vt 0.307799339 0.00462834351
vt 0.31204915 0.0131278578
vt 0.347109914 0.013127855
vt 0.382566839 0.0227853246
vt 0.386816651 0.0142857134
vt 0.351755887 0.0142857134
vt 0.347506076 0.0227853246
vt 0.31204915 0.0131278578
vt 0.31204915 0.0140781431
vt 0.347109914 0.0140781403
vt 0.347109914 0.013127855
vt 0.342860103 0.0225776881
vt 0.347109914 0.0140781403
vt 0.31204915 0.0140781431
vt 0.307799339 0.0225777552
vt 0.307799339 0.00462834351
vt 0.306949437 0.00505329296
vt 0.311199188 0.0135528706
vt 0.31204915 0.0131278578
vt 0.347506076 0.00483585009
vt 0.346656114 0.00526086241
vt 0.350905925 0.013760441
vt 0.351755887 0.0133354282
vt 0.351755887 0.0133354282
vt 0.351755887 0.0142857134
vt 0.386816651 0.0142857134
vt 0.386816591 0.0133354282
vt 0.255171031 0.00306165218
vt 0.297483534 0.00438386202
vt 0.297483534 0.00306165218
vt 0.294838995 0.00438386202
vt 0.294838995 0.00526547432
vt 0.294838995 0.00570607185
vt 0.292194396 0.00570607185
vt 0.292194396 0.00658756495
vt 0.292194396 0.0070284009
vt 0.289549917 0.0070284009
vt 0.289549917 0.00790995359
vt 0.289549917 0.00835072994
vt 0.286905438 0.00835072994
vt 0.286905378 0.00923216343
vt 0.286905378 0.00967299938
vt 0.284260839 0.00967299938
vt 0.284260839 0.0105544925
vt 0.284260839 0.0109952092
vt 0.28161636 0.0109952092
vt 0.28161636 0.0118767023
vt 0.28161636 0.0123174191
vt 0.278971761 0.0123174191
vt 0.278971761 0.0131989121
vt 0.278971761 0.0136397481
vt 0.276327282 0.0136397481
vt 0.276327282 0.0145211816
vt 0.276327282 0.0149620175
vt 0.273682743 0.0149620175
vt 0.273682743 0.0158435106
vt 0.273682743 0.0162842274
vt 0.271038264 0.0162842274
vt 0.271038264 0.0171657801
vt 0.271038264 0.0176064372
vt 0.268393666 0.0176064372
vt 0.268393666 0.0184881091
vt 0.255171031 0.0198103189
vt 0.268393666 0.0198103189
vt 0.399690926 0.57787025
vt 0.399690926 0.563217402
vt 0.296100378 0.563217342
vt 0.296100378 0.57787025
vt 0.397881567 0.529959023
vt 0.397881746 0.529487669
vt 0.297898203 0.529431224
vt 0.297898024 0.529902697
vt 0.397578001 0.530995429
vt 0.298200756 0.530939221
vt 0.297485083 0.531070888
vt 0.39899531 0.549509168
vt 0.296787441 0.549487412
vt 0.296787381 0.549969316
vt 0.398995191 0.549991071
vt 0.398685634 0.551047266
vt 0.297096938 0.55102545
vt 0.296365589 0.551157057
vt 0.39922592 0.55357188
vt 0.296559215 0.553557277
vt 0.296559066 0.554041326
vt 0.399225771 0.554055929
vt 0.398914963 0.555116892
vt 0.296870112 0.555102229
vt 0.399457723 0.557652831
vt 0.296330154 0.5576455
vt 0.296330094 0.558131695
vt 0.399457723 0.558139026
vt 0.399145544 0.559204757
vt 0.296642512 0.559197247
vt 0.399690926 0.561752081
vt 0.296100378 0.561752081
vt 0.296100378 0.563217342
vt 0.399690926 0.563217402
vt 0.297241867 0.541402161
vt 0.398537964 0.541915655
vt 0.398538083 0.541438043
vt 0.297241688 0.541879714
vt 0.39823094 0.542962372
vt 0.297548294 0.54292649
vt 0.296135485 0.555234432
vt 0.295417398 0.554586649
vt 0.294730663 0.557174504
vt 0.29556036 0.556880176
vt 0.296365589 0.551157057
vt 0.295650721 0.550512016
vt 0.294966847 0.553088307
vt 0.295792937 0.552795351
vt 0.296594888 0.547097743
vt 0.295883298 0.546455681
vt 0.295202285 0.54902041
vt 0.29602474 0.548728824
vt 0.295904636 0.559330106
vt 0.295183301 0.558679521
vt 0.294493616 0.561278999
vt 0.295327097 0.5609833
vt 0.296823502 0.543056786
vt 0.29611516 0.542417467
vt 0.295437038 0.544970691
vt 0.296255708 0.544680417
vt 0.297041416 0.539052427
vt 0.296326131 0.538407445
vt 0.29560107 0.540960491
vt 0.296448946 0.540762603
vt 0.297485083 0.531070888
vt 0.296776086 0.53043139
vt 0.296056986 0.532962024
vt 0.296897441 0.532765985
vt 0.297710717 0.527093589
vt 0.297014773 0.526465237
vt 0.296347737 0.528973818
vt 0.297152311 0.528688848
vt 0.298005283 0.522972405
vt 0.297414005 0.522399247
vt 0.297216892 0.524052739
vt 0.297608227 0.524065614
vt 0.298948109 0.519006312
vt 0.298652202 0.517986417
vt 0.298244476 0.519134164
vt 0.396844089 0.519064426
vt 0.39714548 0.518042386
vt 0.397146255 0.516649187
vt 0.298652202 0.517986417
vt 0.298652947 0.516593218
vt 0.298244476 0.519134164
vt 0.297549248 0.51850462
vt 0.296838552 0.520987749
vt 0.297663987 0.520796955
vt 0.29726851 0.53504014
vt 0.296566337 0.534406364
vt 0.295893818 0.536937237
vt 0.296705425 0.536649585
vt 0.399457723 0.557652831
vt 0.398914963 0.555116892
vt 0.296870112 0.555102229
vt 0.296330154 0.5576455
vt 0.39922592 0.55357188
vt 0.297096938 0.55102545
vt 0.296559215 0.553557277
vt 0.398685634 0.551047266
vt 0.399416536 0.551178157
vt 0.39899531 0.549509168
vt 0.398457646 0.546995759
vt 0.297322929 0.546966851
vt 0.296787441 0.549487412
vt 0.398766071 0.545464575
vt 0.297548294 0.54292649
vt 0.297015041 0.545435667
vt 0.39823094 0.542962372
vt 0.398955345 0.543092251
vt 0.398538083 0.541438043
vt 0.398015141 0.538962245
vt 0.297763407 0.538919508
vt 0.297241867 0.541402161
vt 0.39832145 0.537441134
vt 0.397791445 0.534960747
vt 0.297986984 0.534911096
vt 0.297457993 0.537398398
vt 0.398096025 0.533449769
vt 0.397578001 0.530995429
vt 0.298200756 0.530939221
vt 0.297683418 0.533400059
vt 0.397881746 0.529487669
vt 0.298422933 0.526965737
vt 0.297898203 0.529431224
vt 0.397356689 0.527028799
vt 0.398068488 0.527156532
vt 0.397659004 0.525531054
vt 0.298122227 0.525467813
vt 0.298121929 0.52593708
vt 0.397658676 0.526000321
vt 0.397356689 0.527028799
vt 0.298422933 0.526965737
vt 0.297014922 0.545915425
vt 0.297322929 0.546966851
vt 0.398457646 0.546995759
vt 0.398765951 0.545944333
vt 0.398766071 0.545464575
vt 0.297015041 0.545435667
vt 0.297457814 0.537873983
vt 0.297763407 0.538919508
vt 0.398015141 0.538962245
vt 0.398321271 0.53791672
vt 0.297457993 0.537398398
vt 0.39832145 0.537441134
vt 0.297683179 0.533873498
vt 0.297986984 0.534911096
vt 0.397791445 0.534960747
vt 0.398095846 0.533923209
vt 0.297683418 0.533400059
vt 0.398096025 0.533449769
vt 0.298433572 0.521887124
vt 0.298713684 0.522879362
vt 0.39706862 0.522950232
vt 0.397349626 0.521958292
vt 0.397350013 0.521491945
vt 0.298433959 0.521420717
vt 0.397659004 0.525531054
vt 0.39706862 0.522950232
vt 0.298713684 0.522879362
vt 0.298122227 0.525467813
vt 0.399690926 0.561752081
vt 0.399145544 0.559204757
vt 0.296642512 0.559197247
vt 0.296100378 0.561752081
vt 0.431296557 0.00472420454
vt 0.388984114 0.00472420454
vt 0.388984114 0.00604641438
vt 0.391628593 0.00604641438
vt 0.391628593 0.00692799687
vt 0.391628593 0.00736877322
vt 0.394273192 0.00736859441
vt 0.394273192 0.00825026631
vt 0.394273192 0.00869092345
vt 0.396917731 0.00869092345
vt 0.396917731 0.00957247615
vt 0.396917731 0.0100132525
vt 0.39956221 0.0100132525
vt 0.39956221 0.010894686
vt 0.39956221 0.0113355219
vt 0.402206749 0.0113355219
vt 0.402206749 0.012217015
vt 0.402206749 0.0126577318
vt 0.404851288 0.0126577318
vt 0.404851288 0.0135392249
vt 0.404851288 0.0139799416
vt 0.407495886 0.0139799416
vt 0.407495886 0.0148614347
vt 0.407495886 0.0153022707
vt 0.410140306 0.0153022707
vt 0.410140306 0.0161837041
vt 0.410140306 0.0166245401
vt 0.412784845 0.0166245401
vt 0.412784845 0.0175060332
vt 0.412784845 0.0179467499
vt 0.415429443 0.0179467499
vt 0.415429443 0.0188283026
vt 0.415429443 0.0192691386
vt 0.418073982 0.0192691386
vt 0.418073982 0.0201506317
vt 0.431296557 0.0214728415
vt 0.418073982 0.0214728415
vt 0.399649113 0.55524838
vt 0.400224388 0.556889415
vt 0.401052237 0.557182431
vt 0.400365621 0.554601133
vt 0.399416536 0.551178157
vt 0.399989188 0.552811921
vt 0.400813222 0.553103685
vt 0.400129855 0.550533891
vt 0.39918524 0.547126114
vt 0.399755239 0.548752666
vt 0.400575638 0.549043179
vt 0.399895519 0.546484828
vt 0.399883032 0.559336782
vt 0.400461018 0.560985148
vt 0.401292503 0.561279416
vt 0.400602639 0.558686614
vt 0.398955345 0.543092251
vt 0.399522662 0.54471153
vt 0.400339365 0.545000851
vt 0.399662435 0.542453825
vt 0.398736626 0.539094746
vt 0.39932847 0.540800393
vt 0.400174081 0.540997565
vt 0.39945063 0.538450837
vt 0.398293167 0.531126916
vt 0.398879647 0.532817662
vt 0.399717748 0.533013284
vt 0.399001062 0.53048867
vt 0.398068488 0.527156532
vt 0.398625463 0.528747797
vt 0.399427891 0.52903235
vt 0.398763448 0.526529372
vt 0.397776455 0.523043334
vt 0.39817211 0.524134338
vt 0.398562431 0.524121821
vt 0.398367167 0.522471666
vt 0.397550017 0.519195855
vt 0.398126096 0.52086848
vt 0.398954272 0.521063507
vt 0.39825058 0.518566668
vt 0.398509413 0.535089493
vt 0.399071604 0.536694705
vt 0.399881035 0.536981642
vt 0.399210423 0.534456789
vt 0.298433959 0.521420717
vt 0.397350013 0.521491945
vt 0.396844089 0.519064426
vt 0.298948109 0.519006312
vt 0.141618162 0.552584052
vt 0.124622501 0.527833939
vt 0.122248881 0.529452443
vt 0.140779585 0.557475865
vt 0.248879805 0.560848951
vt 0.247771636 0.562865317
vt 0.251676261 0.571625054
vt 0.25517562 0.572764218
vt 0.166326359 0.579958379
vt 0.224507704 0.580122709
vt 0.221311957 0.564541757
vt 0.169111729 0.564630151
vt 0.169973299 0.554620028
vt 0.17112124 0.540222168
vt 0.14895533 0.541386962
vt 0.141618162 0.552584052
vt 0.219587758 0.540315449
vt 0.17112124 0.540222168
vt 0.220595822 0.554907501
vt 0.24203141 0.541301608
vt 0.249683276 0.552709281
vt 0.141618162 0.552584052
vt 0.141013935 0.519762695
vt 0.124622501 0.527833939
vt 0.147180602 0.538854897
vt 0.14895533 0.541386962
vt 0.249683276 0.552709281
vt 0.250611186 0.55769968
vt 0.268914938 0.528927267
vt 0.266485155 0.527333736
vt 0.221146613 0.562644422
vt 0.221311957 0.564541757
vt 0.247771636 0.562865317
vt 0.248879805 0.560848951
vt 0.249683276 0.552709281
vt 0.266485155 0.527333736
vt 0.249942377 0.519460797
vt 0.243814483 0.538699865
vt 0.142529145 0.560513794
vt 0.140779585 0.557475865
vt 0.134101614 0.571075261
vt 0.136928305 0.572313309
vt 0.25517562 0.572764218
vt 0.257989943 0.571381748
vt 0.250611186 0.55769968
vt 0.248879805 0.560848951
vt 0.221146613 0.562644422
vt 0.16934827 0.562246442
vt 0.169111729 0.564630151
vt 0.221311957 0.564541757
vt 0.16934827 0.562246442
vt 0.140779585 0.557475865
vt 0.142529145 0.560513794
vt 0.169618741 0.55941546
vt 0.221146613 0.562644422
vt 0.220898286 0.559777081
vt 0.248879805 0.560848951
vt 0.250611186 0.55769968
vt 0.136928305 0.572313309
vt 0.139414474 0.57099402
vt 0.143949762 0.562592685
vt 0.142529145 0.560513794
vt 0.165885344 0.58225584
vt 0.166326359 0.579958379
vt 0.139414474 0.57099402
vt 0.136928305 0.572313309
vt 0.225053221 0.582811773
vt 0.224507704 0.580122709
vt 0.166326359 0.579958379
vt 0.165885344 0.58225584
vt 0.108229555 0.541873038
vt 0.134101614 0.571075261
vt 0.140779585 0.557475865
vt 0.122248881 0.529452443
vt 0.220595822 0.554907501
vt 0.169973299 0.554620028
vt 0.169618741 0.55941546
vt 0.220898286 0.559777081
vt 0.142529145 0.560513794
vt 0.143949762 0.562592685
vt 0.169111729 0.564630151
vt 0.16934827 0.562246442
vt 0.139414474 0.57099402
vt 0.166326359 0.579958379
vt 0.169111729 0.564630151
vt 0.143949762 0.562592685
vt 0.141618162 0.552584052
vt 0.140779585 0.557475865
vt 0.169618741 0.55941546
vt 0.169973299 0.554620028
vt 0.25517562 0.572764218
vt 0.251676261 0.571625054
vt 0.224507704 0.580122709
vt 0.225053221 0.582811773
vt 0.251676261 0.571625054
vt 0.247771636 0.562865317
vt 0.221311957 0.564541757
vt 0.224507704 0.580122709
vt 0.249683276 0.552709281
vt 0.220595822 0.554907501
vt 0.220898286 0.559777081
vt 0.250611186 0.55769968
vt 0.283432543 0.541141689
vt 0.268914938 0.528927267
vt 0.250611186 0.55769968
vt 0.257989943 0.571381748
vt 0.0267921425 0.581797719
vt 0.025283223 0.571113467
vt 0.0162968449 0.569571912
vt 0.0150839146 0.580703616
vt 0.025283223 0.571113467
vt 0.0267058071 0.559972703
vt 0.0149379354 0.55886972
vt 0.0162968449 0.569571912
vt 0.025283223 0.571113467
vt 0.0267921425 0.581797719
vt 0.0289441328 0.584012926
vt 0.0283139478 0.571089387
vt 0.0289441328 0.558053553
vt 0.0267058071 0.559972703
vt 0.0162968449 0.569571912
vt 0.0132425502 0.569602132
vt 0.0126897283 0.583462596
vt 0.0150839146 0.580703616
vt 0.0126166977 0.555592358
vt 0.0132425502 0.569602132
vt 0.0149379354 0.55886972
vt 0.0289441328 0.558053553
vt 0.0126166977 0.555592358
vt 0.0149379354 0.55886972
vt 0.0267058071 0.559972703
vt 0.0150839146 0.580703616
vt 0.0126897283 0.583462596
vt 0.0289441328 0.584012926
vt 0.0267921425 0.581797719
vt 0.025264008 0.541612804
vt 0.0283183623 0.541582644
vt 0.0288712252 0.52772212
vt 0.0264769997 0.53048116
vt 0.0289442353 0.555592418
vt 0.0283183623 0.541582644
vt 0.0266230181 0.552314997
vt 0.0162776895 0.540071309
vt 0.0132470056 0.540095329
vt 0.0126167983 0.52717185
vt 0.0147687495 0.529386997
vt 0.0126167983 0.553131223
vt 0.0132470056 0.540095329
vt 0.0148550663 0.551212132
vt 0.0126167983 0.553131223
vt 0.0148550663 0.551212132
vt 0.0266230181 0.552314997
vt 0.0289442353 0.555592418
vt 0.0264769997 0.53048116
vt 0.0147687495 0.529386997
vt 0.0126167983 0.52717185
vt 0.0288712252 0.52772212
vt 0.0162776895 0.540071309
vt 0.025264008 0.541612804
vt 0.0266230181 0.552314997
vt 0.0148550663 0.551212132
vt 0.0147687495 0.529386997
vt 0.0264769997 0.53048116
vt 0.025264008 0.541612804
vt 0.0162776895 0.540071309
vt 0.512046635 0.0128971506
vt 0.479265839 0.0128971506
vt 0.479265839 0.0147715807
vt 0.512046635 0.0147715807
vt 0.512046754 0.0166459307
vt 0.479265839 0.0166459307
vt 0.479265839 0.0185203608
vt 0.512046754 0.0185203608
vt 0.512046754 0.0203947909
vt 0.479265839 0.0203947928
vt 0.479265839 0.0222691409
vt 0.512046754 0.0222691409
vt 0.512046635 0.0110227214
vt 0.479265839 0.0110227214
vt 0.479265839 0.0128971506
vt 0.512046635 0.0128971506
vt 0.512046635 0.0147715807
vt 0.479265839 0.0147715807
vt 0.479265839 0.0166459307
vt 0.512046754 0.0166459307
vt 0.512046754 0.0185203608
vt 0.479265839 0.0185203608
vt 0.479265839 0.0203947928
vt 0.512046754 0.0203947909
vt 0.471821904 0.020068869
vt 0.471821904 0.0181945208
vt 0.439040989 0.0181945208
vt 0.439040989 0.0200688709
vt 0.471821904 0.0163200125
vt 0.471821904 0.0144456625
vt 0.439040899 0.0144456625
vt 0.439040989 0.0163200125
vt 0.471821904 0.0125712324
vt 0.471821904 0.0106968023
vt 0.439040899 0.0106968023
vt 0.439040899 0.0125712324
vt 0.471821904 0.021943301
vt 0.471821904 0.020068869
vt 0.439040989 0.0200688709
vt 0.439040989 0.021943301
vt 0.471821904 0.0181945208
vt 0.471821904 0.0163200125
vt 0.439040989 0.0163200125
vt 0.439040989 0.0181945208
vt 0.471821904 0.0144456625
vt 0.471821904 0.0125712324
vt 0.439040899 0.0125712324
vt 0.439040899 0.0144456625
vt 0.433603287 0.518426538
vt 0.422116041 0.518426538
vt 0.422116369 0.575689077
vt 0.433602959 0.575689077
vt 0.448474109 0.541501939
vt 0.448474109 0.552984297
vt 0.459964484 0.553004801
vt 0.459964484 0.541481555
vt 0.448474109 0.518467486
vt 0.448494583 0.529954016
vt 0.459984988 0.529954016
vt 0.459964424 0.518426538
vt 0.448494583 0.529954016
vt 0.448474109 0.541440606
vt 0.459964424 0.541481555
vt 0.459984988 0.529954016
vt 0.445090532 0.518426657
vt 0.433603287 0.518426538
vt 0.433602959 0.575689077
vt 0.445089549 0.575689197
vt 0.422116041 0.518426538
vt 0.410633057 0.518426657
vt 0.410634011 0.575689197
vt 0.422116369 0.575689077
vt 0.740409136 0.864542603
vt 0.741163433 0.864542603
vt 0.741163433 0.858671606
vt 0.740408957 0.858671606
vt 0.738145471 0.864542603
vt 0.738899946 0.864542603
vt 0.738899946 0.858671606
vt 0.738145471 0.858671606
vt 0.739654481 0.864542603
vt 0.740409136 0.864542603
vt 0.740408957 0.858671606
vt 0.739654303 0.858671606
vt 0.741163433 0.864542603
vt 0.74191761 0.864542603
vt 0.74191761 0.858671606
vt 0.741163433 0.858671606
vt 0.738899946 0.864542603
vt 0.739654481 0.864542603
vt 0.739654303 0.858671606
vt 0.738899946 0.858671606
vt 0.807337403 0.78270179
vt 0.805298984 0.782826185
vt 0.804270864 0.785716832
vt 0.80685091 0.787448227
vt 0.800629795 0.782682121
vt 0.803478181 0.782094777
vt 0.803328931 0.780740082
vt 0.80050379 0.781844795
vt 0.810656726 0.779218078
vt 0.80597806 0.779133797
vt 0.803996861 0.77972132
vt 0.806436777 0.780558169
vt 0.810656726 0.788836181
vt 0.80685091 0.787448227
vt 0.802616 0.791096509
vt 0.80452919 0.795585632
vt 0.795585692 0.785869658
vt 0.796986699 0.786865771
vt 0.798639894 0.785271168
vt 0.79809624 0.783706009
vt 0.798639894 0.785271168
vt 0.799790442 0.786201477
vt 0.802238047 0.78482461
vt 0.801519394 0.783634841
vt 0.800796628 0.780249059
vt 0.801038265 0.779191852
vt 0.796879053 0.779645324
vt 0.796997607 0.78078723
vt 0.797112525 0.79016006
vt 0.802616 0.791096509
vt 0.800521135 0.787935793
vt 0.79747051 0.787768364
vt 0.800796628 0.780249059
vt 0.80050379 0.781844795
vt 0.803328931 0.780740082
vt 0.803996861 0.77972132
vt 0.802616 0.791096509
vt 0.797112525 0.79016006
vt 0.794085562 0.797401011
vt 0.80452919 0.795585632
vt 0.800629795 0.782682121
vt 0.80050379 0.781844795
vt 0.797801793 0.782755733
vt 0.79809624 0.783706009
vt 0.802616 0.791096509
vt 0.80685091 0.787448227
vt 0.804270864 0.785716832
vt 0.800521135 0.787935793
vt 0.796333671 0.775993407
vt 0.795823812 0.769565463
vt 0.789354801 0.775995553
vt 0.79327625 0.77906549
vt 0.803478181 0.782094777
vt 0.800629795 0.782682121
vt 0.801519394 0.783634841
vt 0.804053068 0.782798469
vt 0.809828699 0.778863251
vt 0.804796636 0.770262182
vt 0.802823484 0.775852025
vt 0.80597806 0.779133797
vt 0.794204354 0.783095181
vt 0.797801793 0.782755733
vt 0.796997607 0.78078723
vt 0.794120908 0.780791938
vt 0.809828699 0.778863251
vt 0.807337403 0.78270179
vt 0.80685091 0.787448227
vt 0.810656726 0.788836181
vt 0.804270864 0.785716832
vt 0.802238047 0.78482461
vt 0.799790442 0.786201477
vt 0.800521135 0.787935793
vt 0.794204354 0.783095181
vt 0.795585692 0.785869658
vt 0.79809624 0.783706009
vt 0.797801793 0.782755733
vt 0.798639894 0.785271168
vt 0.801519394 0.783634841
vt 0.800629795 0.782682121
vt 0.79809624 0.783706009
vt 0.805298984 0.782826185
vt 0.810656726 0.779218078
vt 0.806436777 0.780558169
vt 0.804053068 0.782798469
vt 0.800796628 0.780249059
vt 0.796997607 0.78078723
vt 0.797801793 0.782755733
vt 0.80050379 0.781844795
vt 0.794120908 0.780791938
vt 0.796879053 0.779645324
vt 0.796689987 0.778018355
vt 0.79327625 0.77906549
vt 0.801741719 0.777751982
vt 0.796689987 0.778018355
vt 0.796879053 0.779645324
vt 0.801038265 0.779191852
vt 0.80597806 0.779133797
vt 0.801741719 0.777751982
vt 0.801038265 0.779191852
vt 0.803996861 0.77972132
vt 0.796689987 0.778018355
vt 0.801741719 0.777751982
vt 0.802823484 0.775852025
vt 0.796333671 0.775993407
vt 0.753816485 0.864542544
vt 0.754570961 0.864542544
vt 0.754570961 0.858671606
vt 0.753816485 0.858671606
vt 0.751552999 0.864542544
vt 0.752307713 0.864542544
vt 0.752307713 0.858671606
vt 0.751552999 0.858671606
vt 0.753062189 0.864542544
vt 0.753816485 0.864542544
vt 0.753816485 0.858671606
vt 0.753062189 0.858671606
vt 0.754570961 0.864542544
vt 0.755325139 0.864542544
vt 0.755325139 0.858671606
vt 0.754570961 0.858671606
vt 0.752307713 0.864542544
vt 0.753062189 0.864542544
vt 0.753062189 0.858671606
vt 0.752307713 0.858671606
vt 0.852756858 0.802069902
vt 0.856510162 0.799884498
vt 0.849502981 0.796484172
vt 0.847413003 0.800658286
vt 0.845500529 0.811460733
vt 0.848591506 0.811769843
vt 0.848187923 0.809522271
vt 0.845498204 0.810169458
vt 0.855310917 0.807834566
vt 0.849338353 0.80718708
vt 0.848492146 0.808247566
vt 0.851370573 0.809640586
vt 0.846930385 0.803004444
vt 0.847413003 0.800658286
vt 0.843317807 0.800701439
vt 0.843685687 0.802952588
vt 0.839867353 0.811475456
vt 0.838849485 0.81408602
vt 0.842242897 0.813568413
vt 0.842996299 0.811300099
vt 0.842242897 0.813568413
vt 0.842077851 0.816722929
vt 0.846158803 0.816693246
vt 0.846063018 0.813489735
vt 0.845954657 0.808671772
vt 0.846129298 0.807727933
vt 0.843294561 0.807465136
vt 0.843199074 0.808275759
vt 0.838447034 0.801375866
vt 0.843317807 0.800701439
vt 0.841228724 0.796215713
vt 0.834858954 0.798874438
vt 0.845954657 0.808671772
vt 0.845498204 0.810169458
vt 0.848187923 0.809522271
vt 0.848492146 0.808247566
vt 0.843317807 0.800701439
vt 0.838447034 0.801375866
vt 0.84069711 0.804860532
vt 0.843685687 0.802952588
vt 0.845500529 0.811460733
vt 0.845498204 0.810169458
vt 0.843232512 0.809988737
vt 0.842996299 0.811300099
vt 0.843317807 0.800701439
vt 0.847413003 0.800658286
vt 0.849502981 0.796484172
vt 0.841228724 0.796215713
vt 0.843468726 0.805460513
vt 0.843685687 0.802952588
vt 0.84069711 0.804860532
vt 0.841329217 0.806560159
vt 0.848591506 0.811769843
vt 0.845500529 0.811460733
vt 0.846063018 0.813489735
vt 0.849783242 0.813821912
vt 0.850351155 0.805410385
vt 0.846930385 0.803004444
vt 0.84682405 0.805450201
vt 0.849338353 0.80718708
vt 0.84084183 0.808742881
vt 0.843232512 0.809988737
vt 0.843199074 0.808275759
vt 0.841332793 0.807436228
vt 0.850351155 0.805410385
vt 0.852756858 0.802069902
vt 0.847413003 0.800658286
vt 0.846930385 0.803004444
vt 0.848038077 0.821397901
vt 0.846158803 0.816693246
vt 0.842077851 0.816722929
vt 0.840497315 0.821397901
vt 0.84084183 0.808742881
vt 0.839867353 0.811475456
vt 0.842996299 0.811300099
vt 0.843232512 0.809988737
vt 0.842242897 0.813568413
vt 0.846063018 0.813489735
vt 0.845500529 0.811460733
vt 0.842996299 0.811300099
vt 0.852360964 0.816144168
vt 0.855310917 0.807834566
vt 0.851370573 0.809640586
vt 0.849783242 0.813821912
vt 0.845954657 0.808671772
vt 0.843199074 0.808275759
vt 0.843232512 0.809988737
vt 0.845498204 0.810169458
vt 0.841332793 0.807436228
vt 0.843294561 0.807465136
vt 0.843406677 0.80649966
vt 0.841329217 0.806560159
vt 0.84646374 0.806639254
vt 0.843406677 0.80649966
vt 0.843294561 0.807465136
vt 0.846129298 0.807727933
vt 0.849338353 0.80718708
vt 0.84646374 0.806639254
vt 0.846129298 0.807727933
vt 0.848492146 0.808247566
vt 0.843406677 0.80649966
vt 0.84646374 0.806639254
vt 0.84682405 0.805450201
vt 0.843468726 0.805460513
vt 0.735939562 0.864542663
vt 0.73669368 0.864542544
vt 0.736694038 0.858671784
vt 0.735939562 0.858671606
vt 0.733675778 0.864542544
vt 0.734430671 0.864542663
vt 0.734430671 0.858671606
vt 0.733675778 0.858671606
vt 0.735184729 0.864542544
vt 0.735939562 0.864542663
vt 0.735939562 0.858671606
vt 0.735185146 0.858671606
vt 0.73669368 0.864542544
vt 0.737447858 0.864542663
vt 0.737448156 0.858671784
vt 0.736694038 0.858671784
vt 0.734430671 0.864542663
vt 0.735184729 0.864542544
vt 0.735185146 0.858671606
vt 0.734430671 0.858671606
vt 0.783832014 0.811234415
vt 0.781793594 0.81135869
vt 0.780765474 0.814249337
vt 0.78334552 0.815980852
vt 0.777124286 0.811214507
vt 0.779972792 0.810627103
vt 0.779823601 0.809272468
vt 0.776998401 0.810377479
vt 0.787151277 0.807750642
vt 0.78247273 0.807666421
vt 0.780491471 0.808253825
vt 0.782931328 0.809090734
vt 0.787151277 0.817368567
vt 0.78334552 0.815980852
vt 0.77911061 0.819629073
vt 0.781023741 0.824118257
vt 0.772080362 0.814402044
vt 0.773481369 0.815398335
vt 0.775134504 0.813803554
vt 0.77459079 0.812238693
vt 0.775134504 0.813803554
vt 0.776285052 0.814733982
vt 0.778732598 0.813357174
vt 0.778013885 0.812167406
vt 0.777291179 0.808781385
vt 0.777532816 0.807724237
vt 0.773373663 0.808177888
vt 0.773492217 0.809319615
vt 0.773607075 0.818692446
vt 0.77911061 0.819629073
vt 0.777015805 0.816468358
vt 0.773965061 0.816301107
vt 0.777291179 0.808781385
vt 0.776998401 0.810377479
vt 0.779823601 0.809272468
vt 0.780491471 0.808253825
vt 0.77911061 0.819629073
vt 0.773607075 0.818692446
vt 0.770580173 0.825933516
vt 0.781023741 0.824118257
vt 0.777124286 0.811214507
vt 0.776998401 0.810377479
vt 0.774296403 0.811288178
vt 0.77459079 0.812238693
vt 0.77911061 0.819629073
vt 0.78334552 0.815980852
vt 0.780765474 0.814249337
vt 0.777015805 0.816468358
vt 0.772828221 0.804525912
vt 0.772318363 0.798097968
vt 0.765849352 0.804528117
vt 0.769770801 0.807598174
vt 0.779972792 0.810627103
vt 0.777124286 0.811214507
vt 0.778013885 0.812167406
vt 0.780547619 0.811331153
vt 0.786323249 0.807395637
vt 0.781291187 0.798794627
vt 0.779318154 0.804384351
vt 0.78247273 0.807666421
vt 0.770698965 0.811627865
vt 0.774296403 0.811288178
vt 0.773492217 0.809319615
vt 0.770615518 0.809324265
vt 0.786323249 0.807395637
vt 0.783832014 0.811234415
vt 0.78334552 0.815980852
vt 0.787151277 0.817368567
vt 0.780765474 0.814249337
vt 0.778732598 0.813357174
vt 0.776285052 0.814733982
vt 0.777015805 0.816468358
vt 0.770698965 0.811627865
vt 0.772080362 0.814402044
vt 0.77459079 0.812238693
vt 0.774296403 0.811288178
vt 0.775134504 0.813803554
vt 0.778013885 0.812167406
vt 0.777124286 0.811214507
vt 0.77459079 0.812238693
vt 0.781793594 0.81135869
vt 0.787151277 0.807750642
vt 0.782931328 0.809090734
vt 0.780547619 0.811331153
vt 0.777291179 0.808781385
vt 0.773492217 0.809319615
vt 0.774296403 0.811288178
vt 0.776998401 0.810377479
vt 0.770615518 0.809324265
vt 0.773373663 0.808177888
vt 0.773184597 0.806551039
vt 0.769770801 0.807598174
vt 0.77823621 0.806284487
vt 0.773184597 0.806551039
vt 0.773373663 0.808177888
vt 0.777532816 0.807724237
vt 0.78247273 0.807666421
vt 0.77823621 0.806284487
vt 0.777532816 0.807724237
vt 0.780491471 0.808253825
vt 0.773184597 0.806551039
vt 0.77823621 0.806284487
vt 0.779318154 0.804384351
vt 0.772828221 0.804525912
vt 0.764569283 0.864542365
vt 0.765323699 0.864542365
vt 0.765323699 0.858671427
vt 0.764569283 0.858671427
vt 0.762305617 0.864542425
vt 0.763060272 0.864542425
vt 0.763060272 0.858671427
vt 0.762305617 0.858671427
vt 0.763814807 0.864542365
vt 0.764569283 0.864542365
vt 0.764569283 0.858671427
vt 0.763814807 0.858671427
vt 0.765323699 0.864542365
vt 0.766077816 0.864542365
vt 0.766077816 0.858671427
vt 0.765323699 0.858671427
vt 0.763060272 0.864542425
vt 0.763814807 0.864542365
vt 0.763814807 0.858671427
vt 0.763060272 0.858671427
vt 0.780265212 0.839154184
vt 0.780193865 0.837681532
vt 0.777336717 0.838434219
vt 0.777050912 0.840010345
vt 0.77796036 0.830549657
vt 0.781797647 0.834499717
vt 0.786495984 0.831339777
vt 0.779212058 0.826630652
vt 0.784910917 0.839520931
vt 0.781253755 0.842966557
vt 0.782466948 0.844365418
vt 0.785766304 0.838586211
vt 0.77719146 0.841149509
vt 0.777050912 0.840010345
vt 0.774412453 0.840096533
vt 0.774426341 0.841295004
vt 0.769654036 0.834352374
vt 0.771250904 0.836345375
vt 0.773437142 0.834306121
vt 0.772999763 0.830610931
vt 0.773437142 0.834306121
vt 0.774173737 0.83653605
vt 0.776991367 0.836514711
vt 0.777674735 0.834062815
vt 0.779563546 0.848526299
vt 0.778616548 0.846244812
vt 0.7738204 0.846771717
vt 0.773604274 0.848947823
vt 0.771403968 0.839228749
vt 0.774412453 0.840096533
vt 0.774007261 0.838316321
vt 0.771628737 0.837604582
vt 0.779563546 0.848526299
vt 0.780993998 0.853499234
vt 0.78579241 0.846571624
vt 0.782466948 0.844365418
vt 0.774412453 0.840096533
vt 0.771403968 0.839228749
vt 0.771205544 0.842054307
vt 0.774426341 0.841295004
vt 0.77796036 0.830549657
vt 0.779212058 0.826630652
vt 0.771583617 0.826630652
vt 0.772999763 0.830610931
vt 0.774412453 0.840096533
vt 0.777050912 0.840010345
vt 0.777336717 0.838434219
vt 0.774007261 0.838316321
vt 0.774054646 0.843494177
vt 0.774426341 0.841295004
vt 0.771205544 0.842054307
vt 0.771167219 0.844291151
vt 0.781797647 0.834499717
vt 0.77796036 0.830549657
vt 0.777674735 0.834062815
vt 0.780525446 0.836392879
vt 0.78065747 0.841295242
vt 0.77719146 0.841149509
vt 0.777850986 0.842972577
vt 0.781253755 0.842966557
vt 0.767569482 0.849488795
vt 0.77365011 0.85438025
vt 0.773604274 0.848947823
vt 0.770484507 0.846253276
vt 0.78065747 0.841295242
vt 0.780265212 0.839154184
vt 0.777050912 0.840010345
vt 0.77719146 0.841149509
vt 0.777336717 0.838434219
vt 0.776991367 0.836514711
vt 0.774173737 0.83653605
vt 0.774007261 0.838316321
vt 0.764343023 0.831106126
vt 0.769654036 0.834352374
vt 0.772999763 0.830610931
vt 0.771583617 0.826630652
vt 0.773437142 0.834306121
vt 0.777674735 0.834062815
vt 0.77796036 0.830549657
vt 0.772999763 0.830610931
vt 0.780193865 0.837681532
vt 0.784910917 0.839520931
vt 0.785766304 0.838586211
vt 0.780525446 0.836392879
vt 0.779563546 0.848526299
vt 0.773604274 0.848947823
vt 0.77365011 0.85438025
vt 0.780993998 0.853499234
vt 0.770484507 0.846253276
vt 0.7738204 0.846771717
vt 0.773971081 0.844878018
vt 0.771167219 0.844291151
vt 0.77808857 0.844380677
vt 0.773971081 0.844878018
vt 0.7738204 0.846771717
vt 0.778616548 0.846244812
vt 0.781253755 0.842966557
vt 0.77808857 0.844380677
vt 0.778616548 0.846244812
vt 0.782466948 0.844365418
vt 0.773971081 0.844878018
vt 0.77808857 0.844380677
vt 0.777850986 0.842972577
vt 0.774054646 0.843494177
vt 0.749347389 0.864542603
vt 0.750101864 0.864542603
vt 0.750101864 0.858671606
vt 0.749347389 0.858671606
vt 0.747084022 0.864542603
vt 0.747838438 0.864542603
vt 0.747838438 0.858671606
vt 0.747084022 0.858671606
vt 0.748592973 0.864542603
vt 0.749347389 0.864542603
vt 0.749347389 0.858671606
vt 0.748592973 0.858671606
vt 0.750101864 0.864542603
vt 0.750856042 0.864542603
vt 0.750856042 0.858671606
vt 0.750101864 0.858671606
vt 0.747838438 0.864542603
vt 0.748592973 0.864542603
vt 0.748592973 0.858671606
vt 0.747838438 0.858671606
vt 0.830842733 0.782701731
vt 0.828804374 0.782826304
vt 0.827776194 0.785717189
vt 0.83035624 0.787448227
vt 0.824134946 0.782682061
vt 0.826983571 0.782094717
vt 0.826834261 0.780739963
vt 0.824009001 0.781845093
vt 0.834161937 0.779218078
vt 0.82948339 0.779134095
vt 0.827502131 0.77972126
vt 0.829942226 0.780558288
vt 0.834161937 0.788836122
vt 0.83035624 0.787448227
vt 0.82612139 0.791096687
vt 0.828034401 0.795585752
vt 0.819091022 0.785869598
vt 0.820492089 0.786865711
vt 0.822145224 0.785271168
vt 0.82160151 0.783706307
vt 0.822145224 0.785271168
vt 0.823295712 0.786201417
vt 0.825743258 0.784824729
vt 0.825024605 0.783634782
vt 0.824301958 0.78024894
vt 0.824543536 0.779191792
vt 0.820384443 0.779645443
vt 0.820502877 0.78078717
vt 0.820617914 0.79016
vt 0.82612139 0.791096687
vt 0.824026406 0.787935793
vt 0.820975721 0.787768483
vt 0.824301958 0.78024894
vt 0.824009001 0.781845093
vt 0.826834261 0.780739963
vt 0.827502131 0.77972126
vt 0.82612139 0.791096687
vt 0.820617914 0.79016
vt 0.817590833 0.79740113
vt 0.828034401 0.795585752
vt 0.824134946 0.782682061
vt 0.824009001 0.781845093
vt 0.821307182 0.782755852
vt 0.82160151 0.783706307
vt 0.82612139 0.791096687
vt 0.83035624 0.787448227
vt 0.827776194 0.785717189
vt 0.824026406 0.787935793
vt 0.819839001 0.775993466
vt 0.819329143 0.769565523
vt 0.812860012 0.775995672
vt 0.81678158 0.779065788
vt 0.826983571 0.782094717
vt 0.824134946 0.782682061
vt 0.825024605 0.783634782
vt 0.827558279 0.782798529
vt 0.833333969 0.778863251
vt 0.828302026 0.770262241
vt 0.826328814 0.775851786
vt 0.82948339 0.779134095
vt 0.817709744 0.783095479
vt 0.821307182 0.782755852
vt 0.820502877 0.78078717
vt 0.817626238 0.780791879
vt 0.833333969 0.778863251
vt 0.830842733 0.782701731
vt 0.83035624 0.787448227
vt 0.834161937 0.788836122
vt 0.827776194 0.785717189
vt 0.825743258 0.784824729
vt 0.823295712 0.786201417
vt 0.824026406 0.787935793
vt 0.817709744 0.783095479
vt 0.819091022 0.785869598
vt 0.82160151 0.783706307
vt 0.821307182 0.782755852
vt 0.822145224 0.785271168
vt 0.825024605 0.783634782
vt 0.824134946 0.782682061
vt 0.82160151 0.783706307
vt 0.828804374 0.782826304
vt 0.834161937 0.779218078
vt 0.829942226 0.780558288
vt 0.827558279 0.782798529
vt 0.824301958 0.78024894
vt 0.820502877 0.78078717
vt 0.821307182 0.782755852
vt 0.824009001 0.781845093
vt 0.817626238 0.780791879
vt 0.820384443 0.779645443
vt 0.820195436 0.778018475
vt 0.81678158 0.779065788
vt 0.82524693 0.777752101
vt 0.820195436 0.778018475
vt 0.820384443 0.779645443
vt 0.824543536 0.779191792
vt 0.82948339 0.779134095
vt 0.82524693 0.777752101
vt 0.824543536 0.779191792
vt 0.827502131 0.77972126
vt 0.820195436 0.778018475
vt 0.82524693 0.777752101
vt 0.826328814 0.775851786
vt 0.819839001 0.775993466
vt 0.769038439 0.864542425
vt 0.769792914 0.864542425
vt 0.769792914 0.858671486
vt 0.769038439 0.858671486
vt 0.766775012 0.864542425
vt 0.767529488 0.864542425
vt 0.767529488 0.858671486
vt 0.766775012 0.858671486
vt 0.768283963 0.864542425
vt 0.769038439 0.864542425
vt 0.769038439 0.858671486
vt 0.768283963 0.858671486
vt 0.769792914 0.864542425
vt 0.770547092 0.864542425
vt 0.770547092 0.858671486
vt 0.769792914 0.858671486
vt 0.767529488 0.864542425
vt 0.768283963 0.864542425
vt 0.768283963 0.858671486
vt 0.767529488 0.858671486
vt 0.847660303 0.838343918
vt 0.847593606 0.836966515
vt 0.84492141 0.837670386
vt 0.844654143 0.839144588
vt 0.845505118 0.830296636
vt 0.849093854 0.833990932
vt 0.853487968 0.831035912
vt 0.846676052 0.826630771
vt 0.852005243 0.838687062
vt 0.848584771 0.841909468
vt 0.849719405 0.843217731
vt 0.852805257 0.837813139
vt 0.844785511 0.840209663
vt 0.844654143 0.839144588
vt 0.842186451 0.839224815
vt 0.842199385 0.840345681
vt 0.837736309 0.833852351
vt 0.839229763 0.835716724
vt 0.841274619 0.833809495
vt 0.840865731 0.830353379
vt 0.841274619 0.833809495
vt 0.841963291 0.835894942
vt 0.844598532 0.835875332
vt 0.845237851 0.83358252
vt 0.847003579 0.847109079
vt 0.846118033 0.844975352
vt 0.841632485 0.845467865
vt 0.841430068 0.847503066
vt 0.839372694 0.838413298
vt 0.842186451 0.839224815
vt 0.841807544 0.837559879
vt 0.839583039 0.836893976
vt 0.847003579 0.847109079
vt 0.848341346 0.851760149
vt 0.852829397 0.845281184
vt 0.849719405 0.843217731
vt 0.842186451 0.839224815
vt 0.839372694 0.838413298
vt 0.839187145 0.841055989
vt 0.842199385 0.840345681
vt 0.845505118 0.830296636
vt 0.846676052 0.826630771
vt 0.839541495 0.826630771
vt 0.840865731 0.830353379
vt 0.842186451 0.839224815
vt 0.844654143 0.839144588
vt 0.84492141 0.837670386
vt 0.841807544 0.837559879
vt 0.841851592 0.842402458
vt 0.842199385 0.840345681
vt 0.839187145 0.841055989
vt 0.839151084 0.843147933
vt 0.849093854 0.833990932
vt 0.845505118 0.830296636
vt 0.845237851 0.83358252
vt 0.847903907 0.835761249
vt 0.84802717 0.840346277
vt 0.844785511 0.840209663
vt 0.845402181 0.841915011
vt 0.848584771 0.841909468
vt 0.835785985 0.848008871
vt 0.841472745 0.852583945
vt 0.841430068 0.847503066
vt 0.838512421 0.844982743
vt 0.84802717 0.840346277
vt 0.847660303 0.838343918
vt 0.844654143 0.839144588
vt 0.844785511 0.840209663
vt 0.84492141 0.837670386
vt 0.844598532 0.835875332
vt 0.841963291 0.835894942
vt 0.841807544 0.837559879
vt 0.832769394 0.830816209
vt 0.837736309 0.833852351
vt 0.840865731 0.830353379
vt 0.839541495 0.826630771
vt 0.841274619 0.833809495
vt 0.845237851 0.83358252
vt 0.845505118 0.830296636
vt 0.840865731 0.830353379
vt 0.847593606 0.836966515
vt 0.852005243 0.838687062
vt 0.852805257 0.837813139
vt 0.847903907 0.835761249
vt 0.847003579 0.847109079
vt 0.841430068 0.847503066
vt 0.841472745 0.852583945
vt 0.848341346 0.851760149
vt 0.838512421 0.844982743
vt 0.841632485 0.845467865
vt 0.841773391 0.843696594
vt 0.839151084 0.843147933
vt 0.845624387 0.843232036
vt 0.841773391 0.843696594
vt 0.841632485 0.845467865
vt 0.846118033 0.844975352
vt 0.848584771 0.841909468
vt 0.845624387 0.843232036
vt 0.846118033 0.844975352
vt 0.849719405 0.843217731
vt 0.841773391 0.843696594
vt 0.845624387 0.843232036
vt 0.845402181 0.841915011
vt 0.841851592 0.842402458
vt 0.744878173 0.864542603
vt 0.745632708 0.864542603
vt 0.745632708 0.858671606
vt 0.744878173 0.858671606
vt 0.742614567 0.864542603
vt 0.743369102 0.864542603
vt 0.743369102 0.858671606
vt 0.742614567 0.858671606
vt 0.744123697 0.864542603
vt 0.744878173 0.864542603
vt 0.744878173 0.858671606
vt 0.744123697 0.858671606
vt 0.745632708 0.864542603
vt 0.746386826 0.864542603
vt 0.746386826 0.858671606
vt 0.745632708 0.858671606
vt 0.743369102 0.864542603
vt 0.744123697 0.864542603
vt 0.744123697 0.858671606
vt 0.743369102 0.858671606
vt 0.830842495 0.811234057
vt 0.828804135 0.811358869
vt 0.827775896 0.814249456
vt 0.830356121 0.815980494
vt 0.824134946 0.811214387
vt 0.826983273 0.810627162
vt 0.826834083 0.809272289
vt 0.824008763 0.8103773
vt 0.834161818 0.807750285
vt 0.829483092 0.807666242
vt 0.827501953 0.808253706
vt 0.829941928 0.809090793
vt 0.834161818 0.817368448
vt 0.830356121 0.815980494
vt 0.826121151 0.819629014
vt 0.828034341 0.824118078
vt 0.819090903 0.814402163
vt 0.82049197 0.815398097
vt 0.822145045 0.813803494
vt 0.821601331 0.812238693
vt 0.822145045 0.813803494
vt 0.823295534 0.814733922
vt 0.825743139 0.813357294
vt 0.825024545 0.812167108
vt 0.82430172 0.808781266
vt 0.824543297 0.807724178
vt 0.820384204 0.808178008
vt 0.820502758 0.809319556
vt 0.820617735 0.818692386
vt 0.826121151 0.819629014
vt 0.824026406 0.81646812
vt 0.820975602 0.816300869
vt 0.82430172 0.808781266
vt 0.824008763 0.8103773
vt 0.826834083 0.809272289
vt 0.827501953 0.808253706
vt 0.826121151 0.819629014
vt 0.820617735 0.818692386
vt 0.817590714 0.825933516
vt 0.828034341 0.824118078
vt 0.824134946 0.811214387
vt 0.824008763 0.8103773
vt 0.821306944 0.811287999
vt 0.821601331 0.812238693
vt 0.826121151 0.819629014
vt 0.830356121 0.815980494
vt 0.827775896 0.814249456
vt 0.824026406 0.81646812
vt 0.819838643 0.804525912
vt 0.819328785 0.798098087
vt 0.812859714 0.804528117
vt 0.816781342 0.807598174
vt 0.826983273 0.810627162
vt 0.824134946 0.811214387
vt 0.825024545 0.812167108
vt 0.82755816 0.811330855
vt 0.83333379 0.807395518
vt 0.828301609 0.798794448
vt 0.826328456 0.804384232
vt 0.829483092 0.807666242
vt 0.817709684 0.811627805
vt 0.821306944 0.811287999
vt 0.820502758 0.809319556
vt 0.817626059 0.809324384
vt 0.83333379 0.807395518
vt 0.830842495 0.811234057
vt 0.830356121 0.815980494
vt 0.834161818 0.817368448
vt 0.827775896 0.814249456
vt 0.825743139 0.813357294
vt 0.823295534 0.814733922
vt 0.824026406 0.81646812
vt 0.817709684 0.811627805
vt 0.819090903 0.814402163
vt 0.821601331 0.812238693
vt 0.821306944 0.811287999
vt 0.822145045 0.813803494
vt 0.825024545 0.812167108
vt 0.824134946 0.811214387
vt 0.821601331 0.812238693
vt 0.828804135 0.811358869
vt 0.834161818 0.807750285
vt 0.829941928 0.809090793
vt 0.82755816 0.811330855
vt 0.82430172 0.808781266
vt 0.820502758 0.809319556
vt 0.821306944 0.811287999
vt 0.824008763 0.8103773
vt 0.817626059 0.809324384
vt 0.820384204 0.808178008
vt 0.820195258 0.80655086
vt 0.816781342 0.807598174
vt 0.825246871 0.806284368
vt 0.820195258 0.80655086
vt 0.820384204 0.808178008
vt 0.824543297 0.807724178
vt 0.829483092 0.807666242
vt 0.825246871 0.806284368
vt 0.824543297 0.807724178
vt 0.827501953 0.808253706
vt 0.820195258 0.80655086
vt 0.825246871 0.806284368
vt 0.826328456 0.804384232
vt 0.819838643 0.804525912
vt 0.773507476 0.864542425
vt 0.774262011 0.864542425
vt 0.774262011 0.858671486
vt 0.773507476 0.858671486
vt 0.771244109 0.864542425
vt 0.771998584 0.864542425
vt 0.771998584 0.858671486
vt 0.771244109 0.858671486
vt 0.772753239 0.864542425
vt 0.773507476 0.864542425
vt 0.773507476 0.858671486
vt 0.772753239 0.858671486
vt 0.774262011 0.864542425
vt 0.775016129 0.864542425
vt 0.775016129 0.858671486
vt 0.774262011 0.858671486
vt 0.771998584 0.864542425
vt 0.772753239 0.864542425
vt 0.772753239 0.858671486
vt 0.771998584 0.858671486
vt 0.849749982 0.78127867
vt 0.849683285 0.779901326
vt 0.847011149 0.780605316
vt 0.846743882 0.782079339
vt 0.847594619 0.773231566
vt 0.851183414 0.776925743
vt 0.855577588 0.773970664
vt 0.848765492 0.769565761
vt 0.854094923 0.781621933
vt 0.850674629 0.784844279
vt 0.851809204 0.786152482
vt 0.854894936 0.780747652
vt 0.84687525 0.783144772
vt 0.846743882 0.782079339
vt 0.84427619 0.782159984
vt 0.844289124 0.783280849
vt 0.839825928 0.776787579
vt 0.841319442 0.778651774
vt 0.843364239 0.776744545
vt 0.842955172 0.773288369
vt 0.843364239 0.776744545
vt 0.84405297 0.778829992
vt 0.846688151 0.778810203
vt 0.847327411 0.776517212
vt 0.849093497 0.790044069
vt 0.848207891 0.787910402
vt 0.843722343 0.788402915
vt 0.843519986 0.790437996
vt 0.841462374 0.781348348
vt 0.84427619 0.782159984
vt 0.843897223 0.780495048
vt 0.841672778 0.779829204
vt 0.849093497 0.790044069
vt 0.850431323 0.794695199
vt 0.854919255 0.788215995
vt 0.851809204 0.786152482
vt 0.84427619 0.782159984
vt 0.841462374 0.781348348
vt 0.841276944 0.783991218
vt 0.844289124 0.783280849
vt 0.847594619 0.773231566
vt 0.848765492 0.769565761
vt 0.841630995 0.769565761
vt 0.842955172 0.773288369
vt 0.84427619 0.782159984
vt 0.846743882 0.782079339
vt 0.847011149 0.780605316
vt 0.843897223 0.780495048
vt 0.84394145 0.785337448
vt 0.844289124 0.783280849
vt 0.841276944 0.783991218
vt 0.841240942 0.786083043
vt 0.851183414 0.776925743
vt 0.847594619 0.773231566
vt 0.847327411 0.776517212
vt 0.849993527 0.77869612
vt 0.850116909 0.783281267
vt 0.84687525 0.783144772
vt 0.84749198 0.784849882
vt 0.850674629 0.784844279
vt 0.837875962 0.79094398
vt 0.843562722 0.795518935
vt 0.843519986 0.790437996
vt 0.840602338 0.787917972
vt 0.850116909 0.783281267
vt 0.849749982 0.78127867
vt 0.846743882 0.782079339
vt 0.84687525 0.783144772
vt 0.847011149 0.780605316
vt 0.846688151 0.778810203
vt 0.84405297 0.778829992
vt 0.843897223 0.780495048
vt 0.834858954 0.773751497
vt 0.839825928 0.776787579
vt 0.842955172 0.773288369
vt 0.841630995 0.769565761
vt 0.843364239 0.776744545
vt 0.847327411 0.776517212
vt 0.847594619 0.773231566
vt 0.842955172 0.773288369
vt 0.849683285 0.779901326
vt 0.854094923 0.781621933
vt 0.854894936 0.780747652
vt 0.849993527 0.77869612
vt 0.849093497 0.790044069
vt 0.843519986 0.790437996
vt 0.843562722 0.795518935
vt 0.850431323 0.794695199
vt 0.840602338 0.787917972
vt 0.843722343 0.788402915
vt 0.843863249 0.786631584
vt 0.841240942 0.786083043
vt 0.847714186 0.786166787
vt 0.843863249 0.786631584
vt 0.843722343 0.788402915
vt 0.848207891 0.787910402
vt 0.850674629 0.784844279
vt 0.847714186 0.786166787
vt 0.848207891 0.787910402
vt 0.851809204 0.786152482
vt 0.843863249 0.786631584
vt 0.847714186 0.786166787
vt 0.84749198 0.784849882
vt 0.84394145 0.785337448
vt 0.760100007 0.864542425
vt 0.760854304 0.864542425
vt 0.760854304 0.858671427
vt 0.760100007 0.858671427
vt 0.757836401 0.864542425
vt 0.758590877 0.864542425
vt 0.758590877 0.858671427
vt 0.757836401 0.858671427
vt 0.759345353 0.864542425
vt 0.760100007 0.864542425
vt 0.760100007 0.858671427
vt 0.759345353 0.858671427
vt 0.760854304 0.864542425
vt 0.761608481 0.864542425
vt 0.761608481 0.858671427
vt 0.760854304 0.858671427
vt 0.758590877 0.864542425
vt 0.759345353 0.864542425
vt 0.759345353 0.858671427
vt 0.758590877 0.858671427
vt 0.783832252 0.782701671
vt 0.781793833 0.782826424
vt 0.780765772 0.78571701
vt 0.783345819 0.787448347
vt 0.777124524 0.782682121
vt 0.77997303 0.782094777
vt 0.77982384 0.780740082
vt 0.77699846 0.781844854
vt 0.787151456 0.779218078
vt 0.782472908 0.779133797
vt 0.78049171 0.779721379
vt 0.782931566 0.780558407
vt 0.787151456 0.788836241
vt 0.783345819 0.787448347
vt 0.779110789 0.791096628
vt 0.78102392 0.795585692
vt 0.7720806 0.785869658
vt 0.773481548 0.786865771
vt 0.775134683 0.785271049
vt 0.774591208 0.783706188
vt 0.775134683 0.785271049
vt 0.776285172 0.786201477
vt 0.778732777 0.784824848
vt 0.778014123 0.783634841
vt 0.777291536 0.780249059
vt 0.777532995 0.779191911
vt 0.773373902 0.779645503
vt 0.773492336 0.78078711
vt 0.773607433 0.79016006
vt 0.779110789 0.791096628
vt 0.777015984 0.787935853
vt 0.77396518 0.787768424
vt 0.777291536 0.780249059
vt 0.77699846 0.781844854
vt 0.77982384 0.780740082
vt 0.78049171 0.779721379
vt 0.779110789 0.791096628
vt 0.773607433 0.79016006
vt 0.770580351 0.79740119
vt 0.78102392 0.795585692
vt 0.777124524 0.782682121
vt 0.77699846 0.781844854
vt 0.774296582 0.782755733
vt 0.774591208 0.783706188
vt 0.779110789 0.791096628
vt 0.783345819 0.787448347
vt 0.780765772 0.78571701
vt 0.777015984 0.787935853
vt 0.7728284 0.775993407
vt 0.772318661 0.769565642
vt 0.765849531 0.775995612
vt 0.769771039 0.779065728
vt 0.77997303 0.782094777
vt 0.777124524 0.782682121
vt 0.778014123 0.783634841
vt 0.780547738 0.782798529
vt 0.786323547 0.778863311
vt 0.781291544 0.770262361
vt 0.779318213 0.775851905
vt 0.782472908 0.779133797
vt 0.770699263 0.783095181
vt 0.774296582 0.782755733
vt 0.773492336 0.78078711
vt 0.770615816 0.780791938
vt 0.786323547 0.778863311
vt 0.783832252 0.782701671
vt 0.783345819 0.787448347
vt 0.787151456 0.788836241
vt 0.780765772 0.78571701
vt 0.778732777 0.784824848
vt 0.776285172 0.786201477
vt 0.777015984 0.787935853
vt 0.770699263 0.783095181
vt 0.7720806 0.785869658
vt 0.774591208 0.783706188
vt 0.774296582 0.782755733
vt 0.775134683 0.785271049
vt 0.778014123 0.783634841
vt 0.777124524 0.782682121
vt 0.774591208 0.783706188
vt 0.781793833 0.782826424
vt 0.787151456 0.779218078
vt 0.782931566 0.780558407
vt 0.780547738 0.782798529
vt 0.777291536 0.780249059
vt 0.773492336 0.78078711
vt 0.774296582 0.782755733
vt 0.77699846 0.781844854
vt 0.770615816 0.780791938
vt 0.773373902 0.779645503
vt 0.773184836 0.778018415
vt 0.769771039 0.779065728
vt 0.778236449 0.777752042
vt 0.773184836 0.778018415
vt 0.773373902 0.779645503
vt 0.777532995 0.779191911
vt 0.782472908 0.779133797
vt 0.778236449 0.777752042
vt 0.777532995 0.779191911
vt 0.78049171 0.779721379
vt 0.773184836 0.778018415
vt 0.778236449 0.777752042
vt 0.779318213 0.775851905
vt 0.7728284 0.775993407
vt 0.777976811 0.864542425
vt 0.778731287 0.864542425
vt 0.778731287 0.858671486
vt 0.777976811 0.858671486
vt 0.775713325 0.864542425
vt 0.7764678 0.864542425
vt 0.7764678 0.858671486
vt 0.775713325 0.858671486
vt 0.777222335 0.864542425
vt 0.777976811 0.864542425
vt 0.777976811 0.858671486
vt 0.777222335 0.858671486
vt 0.778731287 0.864542425
vt 0.779485404 0.864542425
vt 0.779485404 0.858671486
vt 0.778731287 0.858671486
vt 0.7764678 0.864542425
vt 0.777222335 0.864542425
vt 0.777222335 0.858671486
vt 0.7764678 0.858671486
vt 0.802084208 0.838343561
vt 0.80201751 0.836966157
vt 0.799345315 0.837670088
vt 0.799077988 0.839144111
vt 0.799928784 0.830296218
vt 0.80351758 0.833990514
vt 0.807911754 0.831035376
vt 0.801099658 0.826630652
vt 0.806429207 0.838686585
vt 0.803008795 0.841909051
vt 0.804143429 0.843217313
vt 0.807229221 0.837812483
vt 0.799209416 0.840209365
vt 0.799077988 0.839144111
vt 0.796610415 0.839224815
vt 0.79662329 0.840345621
vt 0.792160153 0.83385241
vt 0.793653607 0.835716605
vt 0.795698404 0.833809376
vt 0.795289397 0.83035326
vt 0.795698404 0.833809376
vt 0.796387136 0.835894763
vt 0.799022317 0.835874975
vt 0.799661636 0.833582044
vt 0.801427722 0.847108841
vt 0.800542116 0.844974995
vt 0.796056449 0.845467627
vt 0.79585427 0.847502828
vt 0.793796659 0.838413119
vt 0.796610415 0.839224815
vt 0.796231508 0.8375597
vt 0.794006944 0.836893857
vt 0.801427722 0.847108841
vt 0.802765548 0.851759791
vt 0.80725342 0.845280707
vt 0.804143429 0.843217313
vt 0.796610415 0.839224815
vt 0.793796659 0.838413119
vt 0.793611109 0.84105581
vt 0.79662329 0.840345621
vt 0.799928784 0.830296218
vt 0.801099658 0.826630652
vt 0.793965161 0.826630652
vt 0.795289397 0.83035326
vt 0.796610415 0.839224815
vt 0.799077988 0.839144111
vt 0.799345315 0.837670088
vt 0.796231508 0.8375597
vt 0.796275675 0.84240222
vt 0.79662329 0.840345621
vt 0.793611109 0.84105581
vt 0.793575108 0.843147814
vt 0.80351758 0.833990514
vt 0.799928784 0.830296218
vt 0.799661636 0.833582044
vt 0.802327693 0.835760832
vt 0.802451074 0.840345979
vt 0.799209416 0.840209365
vt 0.799826264 0.841914713
vt 0.803008795 0.841909051
vt 0.790210128 0.848008811
vt 0.795896947 0.852583766
vt 0.79585427 0.847502828
vt 0.792936504 0.844982564
vt 0.802451074 0.840345979
vt 0.802084208 0.838343561
vt 0.799077988 0.839144111
vt 0.799209416 0.840209365
vt 0.799345315 0.837670088
vt 0.799022317 0.835874975
vt 0.796387136 0.835894763
vt 0.796231508 0.8375597
vt 0.78719306 0.830816269
vt 0.792160153 0.83385241
vt 0.795289397 0.83035326
vt 0.793965161 0.826630652
vt 0.795698404 0.833809376
vt 0.799661636 0.833582044
vt 0.799928784 0.830296218
vt 0.795289397 0.83035326
vt 0.80201751 0.836966157
vt 0.806429207 0.838686585
vt 0.807229221 0.837812483
vt 0.802327693 0.835760832
vt 0.801427722 0.847108841
vt 0.79585427 0.847502828
vt 0.795896947 0.852583766
vt 0.802765548 0.851759791
vt 0.792936504 0.844982564
vt 0.796056449 0.845467627
vt 0.796197414 0.843696356
vt 0.793575108 0.843147814
vt 0.80004847 0.843231738
vt 0.796197414 0.843696356
vt 0.796056449 0.845467627
vt 0.800542116 0.844974995
vt 0.803008795 0.841909051
vt 0.80004847 0.843231738
vt 0.800542116 0.844974995
vt 0.804143429 0.843217313
vt 0.796197414 0.843696356
vt 0.80004847 0.843231738
vt 0.799826264 0.841914713
vt 0.796275675 0.84240222
vt 0.786915243 0.864542365
vt 0.787669599 0.864542365
vt 0.787669599 0.858671427
vt 0.786915243 0.858671427
vt 0.784651637 0.864542365
vt 0.785406113 0.864542365
vt 0.785406113 0.858671427
vt 0.784651637 0.858671427
vt 0.786160588 0.864542365
vt 0.786915243 0.864542365
vt 0.786915243 0.858671427
vt 0.786160588 0.858671427
vt 0.787669599 0.864542365
vt 0.788423657 0.864542365
vt 0.788423657 0.858671427
vt 0.787669599 0.858671427
vt 0.785406113 0.864542365
vt 0.786160588 0.864542365
vt 0.786160588 0.858671427
vt 0.785406113 0.858671427
vt 0.807337344 0.811234534
vt 0.805298865 0.811359048
vt 0.804270744 0.814249694
vt 0.80685097 0.815981209
vt 0.800629616 0.811214745
vt 0.803478122 0.81062752
vt 0.803328931 0.809272528
vt 0.800503671 0.810377717
vt 0.810656667 0.80775094
vt 0.805978 0.8076666
vt 0.803996801 0.808254182
vt 0.806436777 0.809091091
vt 0.810656667 0.817368686
vt 0.80685097 0.815981209
vt 0.802616 0.819629252
vt 0.804529011 0.824118435
vt 0.795585692 0.814402342
vt 0.796986699 0.815398455
vt 0.798639834 0.813803732
vt 0.79809618 0.812238932
vt 0.798639834 0.813803732
vt 0.799790382 0.814734399
vt 0.802237868 0.813357532
vt 0.801519454 0.812167823
vt 0.800796568 0.808781624
vt 0.801038146 0.807724476
vt 0.796878994 0.808178246
vt 0.796997547 0.809319794
vt 0.797112584 0.818692565
vt 0.802616 0.819629252
vt 0.800521135 0.816468716
vt 0.797470391 0.816301346
vt 0.800796568 0.808781624
vt 0.800503671 0.810377717
vt 0.803328931 0.809272528
vt 0.803996801 0.808254182
vt 0.802616 0.819629252
vt 0.797112584 0.818692565
vt 0.794085562 0.825933635
vt 0.804529011 0.824118435
vt 0.800629616 0.811214745
vt 0.800503671 0.810377717
vt 0.797801793 0.811288595
vt 0.79809618 0.812238932
vt 0.802616 0.819629252
vt 0.80685097 0.815981209
vt 0.804270744 0.814249694
vt 0.800521135 0.816468716
vt 0.796333611 0.804526329
vt 0.795823693 0.798098385
vt 0.789354682 0.804528356
vt 0.793276191 0.807598472
vt 0.803478122 0.81062752
vt 0.800629616 0.811214745
vt 0.801519454 0.812167823
vt 0.804052889 0.811331332
vt 0.809828639 0.807395875
vt 0.804796636 0.798795044
vt 0.802823365 0.804384589
vt 0.805978 0.8076666
vt 0.794204414 0.811628163
vt 0.797801793 0.811288595
vt 0.796997547 0.809319794
vt 0.794120908 0.809324622
vt 0.809828639 0.807395875
vt 0.807337344 0.811234534
vt 0.80685097 0.815981209
vt 0.810656667 0.817368686
vt 0.804270744 0.814249694
vt 0.802237868 0.813357532
vt 0.799790382 0.814734399
vt 0.800521135 0.816468716
vt 0.794204414 0.811628163
vt 0.795585692 0.814402342
vt 0.79809618 0.812238932
vt 0.797801793 0.811288595
vt 0.798639834 0.813803732
vt 0.801519454 0.812167823
vt 0.800629616 0.811214745
vt 0.79809618 0.812238932
vt 0.805298865 0.811359048
vt 0.810656667 0.80775094
vt 0.806436777 0.809091091
vt 0.804052889 0.811331332
vt 0.800796568 0.808781624
vt 0.796997547 0.809319794
vt 0.797801793 0.811288595
vt 0.800503671 0.810377717
vt 0.794120908 0.809324622
vt 0.796878994 0.808178246
vt 0.796689987 0.806551218
vt 0.793276191 0.807598472
vt 0.801741719 0.806284666
vt 0.796689987 0.806551218
vt 0.796878994 0.808178246
vt 0.801038146 0.807724476
vt 0.805978 0.8076666
vt 0.801741719 0.806284666
vt 0.801038146 0.807724476
vt 0.803996801 0.808254182
vt 0.796689987 0.806551218
vt 0.801741719 0.806284666
vt 0.802823365 0.804384589
vt 0.796333611 0.804526329
vt 0.782445848 0.864542425
vt 0.783200324 0.864542425
vt 0.783200324 0.858671486
vt 0.782445848 0.858671486
vt 0.780182421 0.864542425
vt 0.780936897 0.864542425
vt 0.780936897 0.858671486
vt 0.780182421 0.858671486
vt 0.781691492 0.864542425
vt 0.782445848 0.864542425
vt 0.782445848 0.858671486
vt 0.781691492 0.858671486
vt 0.783200324 0.864542425
vt 0.783954442 0.864542425
vt 0.783954442 0.858671486
vt 0.783200324 0.858671486
vt 0.780936897 0.864542425
vt 0.781691492 0.864542425
vt 0.781691492 0.858671486
vt 0.780936897 0.858671486
vt 0.826244891 0.838343501
vt 0.826178133 0.836966038
vt 0.823505998 0.837670147
vt 0.82323879 0.83914423
vt 0.824089348 0.830296278
vt 0.827678263 0.833990335
vt 0.832072258 0.831035256
vt 0.825260103 0.826630831
vt 0.83058989 0.838686526
vt 0.827169657 0.841909051
vt 0.828304231 0.843217134
vt 0.831389844 0.837812364
vt 0.823370218 0.840209663
vt 0.82323879 0.83914423
vt 0.820771039 0.839224756
vt 0.820784032 0.840345621
vt 0.816320658 0.83385247
vt 0.817814231 0.835716784
vt 0.819858968 0.833809316
vt 0.819449902 0.830353379
vt 0.819858968 0.833809316
vt 0.820547879 0.835894883
vt 0.82318294 0.835875034
vt 0.8238222 0.833582103
vt 0.825588644 0.847108841
vt 0.824702919 0.844975054
vt 0.820217371 0.845467865
vt 0.820015132 0.847502947
vt 0.817957282 0.838413239
vt 0.820771039 0.839224756
vt 0.820392132 0.8375597
vt 0.818167627 0.836894214
vt 0.825588644 0.847108841
vt 0.826926589 0.85175997
vt 0.831414282 0.845280588
vt 0.828304231 0.843217134
vt 0.820771039 0.839224756
vt 0.817957282 0.838413239
vt 0.817771852 0.84105587
vt 0.820784032 0.840345621
vt 0.824089348 0.830296278
vt 0.825260103 0.826630831
vt 0.818125606 0.826630831
vt 0.819449902 0.830353379
vt 0.820771039 0.839224756
vt 0.82323879 0.83914423
vt 0.823505998 0.837670147
vt 0.820392132 0.8375597
vt 0.820436418 0.842402399
vt 0.820784032 0.840345621
vt 0.817771852 0.84105587
vt 0.81773591 0.843147993
vt 0.827678263 0.833990335
vt 0.824089348 0.830296278
vt 0.8238222 0.833582103
vt 0.826488435 0.835760832
vt 0.826611817 0.840345919
vt 0.823370218 0.840209663
vt 0.823986948 0.841914773
vt 0.827169657 0.841909051
vt 0.81437099 0.84800905
vt 0.820057988 0.852583885
vt 0.820015132 0.847502947
vt 0.817097425 0.844982982
vt 0.826611817 0.840345919
vt 0.826244891 0.838343501
vt 0.82323879 0.83914423
vt 0.823370218 0.840209663
vt 0.823505998 0.837670147
vt 0.82318294 0.835875034
vt 0.820547879 0.835894883
vt 0.820392132 0.8375597
vt 0.811353624 0.830816448
vt 0.816320658 0.83385247
vt 0.819449902 0.830353379
vt 0.818125606 0.826630831
vt 0.819858968 0.833809316
vt 0.8238222 0.833582103
vt 0.824089348 0.830296278
vt 0.819449902 0.830353379
vt 0.826178133 0.836966038
vt 0.83058989 0.838686526
vt 0.831389844 0.837812364
vt 0.826488435 0.835760832
vt 0.825588644 0.847108841
vt 0.820015132 0.847502947
vt 0.820057988 0.852583885
vt 0.826926589 0.85175997
vt 0.817097425 0.844982982
vt 0.820217371 0.845467865
vt 0.820358276 0.843696475
vt 0.81773591 0.843147993
vt 0.824209213 0.843231618
vt 0.820358276 0.843696475
vt 0.820217371 0.845467865
vt 0.824702919 0.844975054
vt 0.827169657 0.841909051
vt 0.824209213 0.843231618
vt 0.824702919 0.844975054
vt 0.828304231 0.843217134
vt 0.820358276 0.843696475
vt 0.824209213 0.843231618
vt 0.823986948 0.841914773
vt 0.820436418 0.842402399
vt 0.795753181 0.00619742088
vt 0.794004381 0.0154465586
vt 0.794004381 0.00619742088
vt 0.795753181 0.0154465586
vn -1 0 0
vn -1 0 0
vn -1 0 0
vn -1 0 0
vn -1 0 0
vn -1 0 0
vn 1 0 0
vn 1 0 0
vn 1 0 0
vn 1 0 0
vn 1 0 0
vn 1 0 0
vn -0 1 0
vn -0 1 0
vn -0 1 0
vn 1 0 0
vn 1 0 0
vn 1 0 0
vn 1 0 0
vn 1 0 0
vn 1 0 0
vn -1 0 0
vn -1 0 0
vn -1 0 0
vn -1 0 0
vn -1 0 0
vn -1 0 0
vn -0 1 0
vn -0 1 0
vn -0 1 0
vn -1 0 0
vn -1 0 0
vn -1 0 0
vn -1 0 0
vn -1 0 0
vn -1 0 0
vn 1 0 0
vn 1 0 0
vn 1 0 0
vn 1 0 0
vn 1 0 0
vn 1 0 0
vn -0 1 0
vn -0 1 0
vn -0 1 0
vn 1 0 0
vn 1 0 0
vn 1 0 0
vn 1 0 0
vn 1 0 0
vn 1 0 0
vn -1 0 0
vn -1 0 0
vn -1 0 0
vn -1 0 0
vn -1 0 0
vn -1 0 0
vn -0 1 0
vn -0 1 0
vn -0 1 0
vn -1 0 0
vn -1 0 0
vn -1 0 0
vn -1 0 0
vn -1 0 0
vn -1 0 0
vn -1 0 0
vn -1 0 0
vn -1 0 0
vn 1 0 0
vn 1 0 0
vn 1 0 0
vn 1 0 0
vn 1 0 0
vn 1 0 0
vn -0 1 0
vn -0 1 0
vn -0 1 0
vn 1 0 0
vn 1 0 0
vn 1 0 0
vn 1 0 0
vn 1 0 0
vn 1 0 0
vn -1 0 0
vn -1 0 0
vn -1 0 0
vn -1 0 0
vn -1 0 0
vn -1 0 0
vn -0 1 0
vn -0 1 0
vn -0 1 0
vn -1 0 0
vn -1 0 0
vn -1 0 0
vn -1 0 0
vn -1 0 0
vn -1 0 0
vn 1 0 0
vn 1 0 0
vn 1 0 0
vn 1 0 0
vn 1 0 0
vn 1 0 0
vn -0 1 0
vn -0 1 0
vn -0 1 0
vn 1 0 0
vn 1 0 0
vn 1 0 0
vn 1 0 0
vn 1 0 0
vn 1 0 0
vn -1 0 0
vn -1 0 0
vn -1 0 0
vn -1 0 0
vn -1 0 0
vn -1 0 0
vn -0 1 0
vn -0 1 0
vn -0 1 0
vn -1 0 0
vn -1 0 0
vn -1 0 0
vn -1 0 0
vn -1 0 0
vn -1 0 0
vn 1 0 0
vn 1 0 0
vn 1 0 0
vn -0 1 0
vn -0 1 0
vn -0 1 0
vn -0 1 0
vn -0 1 0
vn -0 1 0
vn -0 1 0
vn -0 1 0
vn -0 1 0
vn -0 1 0
vn -0 1 0
vn 1 0 0
vn 1 0 0
vn 1 0 0
vn -0 1 0
vn -0 1 0
vn -0 1 0
vn 1 0 0
vn 1 0 0
vn 1 0 0
vn 1 0 0
vn 1 0 0
vn 1 0 0
vn -1 0 0
vn -1 0 0
vn -1 0 0
vn -1 0 0
vn -1 0 0
vn -1 0 0
vn -0 1 0
vn -0 1 0
vn -0 1 0
vn -0 -1 0
vn -0 -1 0
vn -0 -1 0
vn -0 1 0
vn -0 1 0
vn -0 1 0
vn -0 1 0
vn -0 1 0
vn -0 1 0
vn -0 -1 0
vn -0 -1 0
vn -0 -1 0
vn -0 0 1
vn -0 0 1
vn -0 0 1
vn -0 0 -1
vn -0 0 -1
vn -0 0 -1
vn 0.685563385 -0.412483722 0.599883258
vn 0.685563385 -0.412483722 0.599883258
vn 0.685563385 -0.412483722 0.599883258
vn -0.685589075 -0.412441969 -0.599882662
vn -0.685589075 -0.412441969 -0.599882662
vn -0.685589075 -0.412441969 -0.599882662
vn -0.628472924 -0.359510392 0.689763725
vn -0.628472924 -0.359510392 0.689763725
vn -0.628472924 -0.359510392 0.689763725
vn -0.739409208 -0.186332539 -0.646957576
vn -0.739409208 -0.186332539 -0.646957576
vn -0.739409208 -0.186332539 -0.646957576
vn 0.628385007 -0.359694064 -0.689748228
vn 0.628385007 -0.359694064 -0.689748228
vn 0.628385007 -0.359694064 -0.689748228
vn -0.555665791 -0.830357432 0.0417388529
vn -0.555665791 -0.830357432 0.0417388529
vn -0.555665791 -0.830357432 0.0417388529
vn -0.0483076088 -0.830359578 0.555130005
vn -0.0483076088 -0.830359578 0.555130005
vn -0.0483076088 -0.830359578 0.555130005
vn 0.555616677 -0.830391467 -0.0417145081
vn 0.555616677 -0.830391467 -0.0417145081
vn 0.555616677 -0.830391467 -0.0417145081
vn 0.0483733639 -0.830381095 -0.555092037
vn 0.0483733639 -0.830381095 -0.555092037
vn 0.0483733639 -0.830381095 -0.555092037
vn 0.739386439 -0.186322317 0.646986604
vn 0.739386439 -0.186322317 0.646986604
vn 0.739386439 -0.186322317 0.646986604
vn 0.664858997 -0.159278616 -0.729789615
vn 0.664858997 -0.159278616 -0.729789615
vn 0.664858997 -0.159278616 -0.729789615
vn -0.664882481 -0.159393892 0.729743004
vn -0.664882481 -0.159393892 0.729743004
vn -0.664882481 -0.159393892 0.729743004
vn 0.447604775 0.174945503 -0.876951516
vn 0.447604775 0.174945503 -0.876951516
vn 0.447604775 0.174945503 -0.876951516
vn -0.447428972 0.176774994 0.876674414
vn -0.447428972 0.176774994 0.876674414
vn -0.447428972 0.176774994 0.876674414
vn -0.916715622 0.197711304 -0.347192645
vn -0.916715622 0.197711304 -0.347192645
vn -0.916715622 0.197711304 -0.347192645
vn 0.916864514 0.19692044 0.347248703
vn 0.916864514 0.19692044 0.347248703
vn 0.916864514 0.19692044 0.347248703
vn -0 -1 0
vn -0 -1 0
vn -0 -1 0
vn -0.906643748 0.245123848 -0.34338221
vn -0.906643748 0.245123848 -0.34338221
vn -0.906643748 0.245123848 -0.34338221
vn 0.906624556 0.245205283 0.343374968
vn 0.906624556 0.245205283 0.343374968
vn 0.906624556 0.245205283 0.343374968
vn 0.443585515 0.218981057 -0.869068027
vn 0.443585515 0.218981057 -0.869068027
vn 0.443585515 0.218981057 -0.869068027
vn -0.443558574 0.218976185 0.869082987
vn -0.443558574 0.218976185 0.869082987
vn -0.443558574 0.218976185 0.869082987
vn -0 -1 0
vn -0 -1 0
vn -0 -1 0
vn -0.887498081 0.245157942 -0.390185475
vn -0.887498081 0.245157942 -0.390185475
vn -0.887498081 0.245157942 -0.390185475
vn 0.488314927 0.218946427 -0.844754994
vn 0.488314927 0.218946427 -0.844754994
vn 0.488314927 0.218946427 -0.844754994
vn 0.887486339 0.245186061 0.390194416
vn 0.887486339 0.245186061 0.390194416
vn 0.887486339 0.245186061 0.390194416
vn 0.897507906 0.196914986 0.394593447
vn 0.897507906 0.196914986 0.394593447
vn 0.897507906 0.196914986 0.394593447
vn 0.557043731 -0.830386043 -0.0126985358
vn 0.557043731 -0.830386043 -0.0126985358
vn 0.557043731 -0.830386043 -0.0126985358
vn -0.704654336 -0.186331213 -0.684648097
vn -0.704654336 -0.186331213 -0.684648097
vn -0.704654336 -0.186331213 -0.684648097
vn -0.653372109 -0.412433684 -0.634825408
vn -0.653372109 -0.412433684 -0.634825408
vn -0.653372109 -0.412433684 -0.634825408
vn 0.702023685 -0.159296706 -0.694109082
vn 0.702023685 -0.159296706 -0.694109082
vn 0.702023685 -0.159296706 -0.694109082
vn -0.0772279054 -0.83037132 0.551832736
vn -0.0772279054 -0.83037132 0.551832736
vn -0.0772279054 -0.83037132 0.551832736
vn -0.897365928 0.197713926 -0.394516885
vn -0.897365928 0.197713926 -0.394516885
vn -0.897365928 0.197713926 -0.394516885
vn 0.0772630051 -0.830360234 -0.551844418
vn 0.0772630051 -0.830360234 -0.551844418
vn 0.0772630051 -0.830360234 -0.551844418
vn 0.492743433 0.17495212 -0.852405787
vn 0.492743433 0.17495212 -0.852405787
vn 0.492743433 0.17495212 -0.852405787
vn -0.702053785 -0.159384772 0.694058478
vn -0.702053785 -0.159384772 0.694058478
vn -0.702053785 -0.159384772 0.694058478
vn 0.663520694 -0.359654993 -0.656040072
vn 0.663520694 -0.359654993 -0.656040072
vn 0.663520694 -0.359654993 -0.656040072
vn -0.492558986 0.176774621 0.852136314
vn -0.492558986 0.176774621 0.852136314
vn -0.492558986 0.176774621 0.852136314
vn 0.704659581 -0.186303675 0.684650183
vn 0.704659581 -0.186303675 0.684650183
vn 0.704659581 -0.186303675 0.684650183
vn 0.653360486 -0.412469 0.634814382
vn 0.653360486 -0.412469 0.634814382
vn 0.653360486 -0.412469 0.634814382
vn -0.663575232 -0.359595269 0.656017601
vn -0.663575232 -0.359595269 0.656017601
vn -0.663575232 -0.359595269 0.656017601
vn -0.557069361 -0.830368757 0.0127062639
vn -0.557069361 -0.830368757 0.0127062639
vn -0.557069361 -0.830368757 0.0127062639
vn -0.488293529 0.218989894 0.844756126
vn -0.488293529 0.218989894 0.844756126
vn -0.488293529 0.218989894 0.844756126
vn -0.628468454 -0.359503269 0.689771593
vn -0.628468454 -0.359503269 0.689771593
vn -0.628468454 -0.359503269 0.689771593
vn -0 -1 0
vn -0 -1 0
vn -0 -1 0
vn -0.447429568 0.176775768 0.876673937
vn -0.447429568 0.176775768 0.876673937
vn -0.447429568 0.176775768 0.876673937
vn 0.906630158 0.245200306 0.343363732
vn 0.906630158 0.245200306 0.343363732
vn 0.906630158 0.245200306 0.343363732
vn -0.685599804 -0.412438571 -0.599872589
vn -0.685599804 -0.412438571 -0.599872589
vn -0.685599804 -0.412438571 -0.599872589
vn -0.0483092889 -0.830361545 0.555126965
vn -0.0483092889 -0.830361545 0.555126965
vn -0.0483092889 -0.830361545 0.555126965
vn -0.906648874 0.245123684 -0.343368888
vn -0.906648874 0.245123684 -0.343368888
vn -0.906648874 0.245123684 -0.343368888
vn -0.664888918 -0.159393996 0.729737163
vn -0.664888918 -0.159393996 0.729737163
vn -0.664888918 -0.159393996 0.729737163
vn 0.443579912 0.218981698 -0.869070649
vn 0.443579912 0.218981698 -0.869070649
vn 0.443579912 0.218981698 -0.869070649
vn 0.685562193 -0.41248405 0.599884391
vn 0.685562193 -0.41248405 0.599884391
vn 0.685562193 -0.41248405 0.599884391
vn 0.0483736768 -0.830373049 -0.555104077
vn 0.0483736768 -0.830373049 -0.555104077
vn 0.0483736768 -0.830373049 -0.555104077
vn 0.44760564 0.174945071 -0.876951158
vn 0.44760564 0.174945071 -0.876951158
vn 0.44760564 0.174945071 -0.876951158
vn 0.628386796 -0.359684795 -0.689751327
vn 0.628386796 -0.359684795 -0.689751327
vn 0.628386796 -0.359684795 -0.689751327
vn 0.664862454 -0.159284353 -0.729785204
vn 0.664862454 -0.159284353 -0.729785204
vn 0.664862454 -0.159284353 -0.729785204
vn -0.44355911 0.218976602 0.86908263
vn -0.44355911 0.218976602 0.86908263
vn -0.44355911 0.218976602 0.86908263
vn -0 -1 0
vn -0 -1 0
vn -0 -1 0
vn 0.916866422 0.196921661 0.34724322
vn 0.916866422 0.196921661 0.34724322
vn 0.916866422 0.196921661 0.34724322
vn -0.739411294 -0.186335817 -0.646954238
vn -0.739411294 -0.186335817 -0.646954238
vn -0.739411294 -0.186335817 -0.646954238
vn 0.739382267 -0.186326385 0.646990359
vn 0.739382267 -0.186326385 0.646990359
vn 0.739382267 -0.186326385 0.646990359
vn -0.555670798 -0.83035481 0.0417216383
vn -0.555670798 -0.83035481 0.0417216383
vn -0.555670798 -0.83035481 0.0417216383
vn -0.916717529 0.197712094 -0.347187102
vn -0.916717529 0.197712094 -0.347187102
vn -0.916717529 0.197712094 -0.347187102
vn 0.55561769 -0.830390751 -0.0417160504
vn 0.55561769 -0.830390751 -0.0417160504
vn 0.55561769 -0.830390751 -0.0417160504
vn -0.443555772 0.218977854 0.869084001
vn -0.443555772 0.218977854 0.869084001
vn -0.443555772 0.218977854 0.869084001
vn -0 -1 0
vn -0 -1 0
vn -0 -1 0
vn -0.739414036 -0.186338603 -0.646950364
vn -0.739414036 -0.186338603 -0.646950364
vn -0.739414036 -0.186338603 -0.646950364
vn -0.555671513 -0.830353796 0.0417337082
vn -0.555671513 -0.830353796 0.0417337082
vn -0.555671513 -0.830353796 0.0417337082
vn -0.906648636 0.245118544 -0.34337303
vn -0.906648636 0.245118544 -0.34337303
vn -0.906648636 0.245118544 -0.34337303
vn -0.916717529 0.197711706 -0.347187132
vn -0.916717529 0.197711706 -0.347187132
vn -0.916717529 0.197711706 -0.347187132
vn 0.664863229 -0.159282252 -0.729785025
vn 0.664863229 -0.159282252 -0.729785025
vn 0.664863229 -0.159282252 -0.729785025
vn 0.443578899 0.218984246 -0.86907059
vn 0.443578899 0.218984246 -0.86907059
vn 0.443578899 0.218984246 -0.86907059
vn 0.0483722202 -0.830374122 -0.555102587
vn 0.0483722202 -0.830374122 -0.555102587
vn 0.0483722202 -0.830374122 -0.555102587
vn 0.739388227 -0.186327219 0.646983147
vn 0.739388227 -0.186327219 0.646983147
vn 0.739388227 -0.186327219 0.646983147
vn -0.664888859 -0.15939945 0.72973609
vn -0.664888859 -0.15939945 0.72973609
vn -0.664888859 -0.15939945 0.72973609
vn 0.628387988 -0.35969305 -0.689746022
vn 0.628387988 -0.35969305 -0.689746022
vn 0.628387988 -0.35969305 -0.689746022
vn 0.447602779 0.174944296 -0.876952827
vn 0.447602779 0.174944296 -0.876952827
vn 0.447602779 0.174944296 -0.876952827
vn 0.916864514 0.196921363 0.347248286
vn 0.916864514 0.196921363 0.347248286
vn 0.916864514 0.196921363 0.347248286
vn -0.0483096652 -0.830364525 0.555122495
vn -0.0483096652 -0.830364525 0.555122495
vn -0.0483096652 -0.830364525 0.555122495
vn 0.685560584 -0.412484437 0.599886
vn 0.685560584 -0.412484437 0.599886
vn 0.685560584 -0.412484437 0.599886
vn -0.628470778 -0.359508991 0.689766467
vn -0.628470778 -0.359508991 0.689766467
vn -0.628470778 -0.359508991 0.689766467
vn 0.906627417 0.245198429 0.343372285
vn 0.906627417 0.245198429 0.343372285
vn 0.906627417 0.245198429 0.343372285
vn -0 -1 0
vn -0 -1 0
vn -0 -1 0
vn 0.555616856 -0.830391288 -0.0417155065
vn 0.555616856 -0.830391288 -0.0417155065
vn 0.555616856 -0.830391288 -0.0417155065
vn -0.447429687 0.176775903 0.876673758
vn -0.447429687 0.176775903 0.876673758
vn -0.447429687 0.176775903 0.876673758
vn -0.685600579 -0.412436128 -0.599873602
vn -0.685600579 -0.412436128 -0.599873602
vn -0.685600579 -0.412436128 -0.599873602
vn 0.916866422 0.19692038 0.347243845
vn 0.916866422 0.19692038 0.347243845
vn 0.916866422 0.19692038 0.347243845
vn -0.0483399443 -0.830369294 0.5551126
vn -0.0483399443 -0.830369294 0.5551126
vn -0.0483399443 -0.830369294 0.5551126
vn 0.447578728 0.174950927 -0.876963735
vn 0.447578728 0.174950927 -0.876963735
vn 0.447578728 0.174950927 -0.876963735
vn -0.628481627 -0.35953936 0.689740777
vn -0.628481627 -0.35953936 0.689740777
vn -0.628481627 -0.35953936 0.689740777
vn -0 -1 0
vn -0 -1 0
vn -0 -1 0
vn 0.555622458 -0.830388188 -0.0417028032
vn 0.555622458 -0.830388188 -0.0417028032
vn 0.555622458 -0.830388188 -0.0417028032
vn -0.916719556 0.197712526 -0.347181588
vn -0.916719556 0.197712526 -0.347181588
vn -0.916719556 0.197712526 -0.347181588
vn 0.628414214 -0.359653324 -0.689742684
vn 0.628414214 -0.359653324 -0.689742684
vn 0.628414214 -0.359653324 -0.689742684
vn -0.447431982 0.176775262 0.876672745
vn -0.447431982 0.176775262 0.876672745
vn -0.447431982 0.176775262 0.876672745
vn -0.906647682 0.245128632 -0.343368322
vn -0.906647682 0.245128632 -0.343368322
vn -0.906647682 0.245128632 -0.343368322
vn 0.0483730882 -0.830372095 -0.555105627
vn 0.0483730882 -0.830372095 -0.555105627
vn 0.0483730882 -0.830372095 -0.555105627
vn 0.906627655 0.245202422 0.34336856
vn 0.906627655 0.245202422 0.34336856
vn 0.906627655 0.245202422 0.34336856
vn 0.664878905 -0.159316078 -0.729763329
vn 0.664878905 -0.159316078 -0.729763329
vn 0.664878905 -0.159316078 -0.729763329
vn -0.664905667 -0.159429759 0.729714096
vn -0.664905667 -0.159429759 0.729714096
vn -0.664905667 -0.159429759 0.729714096
vn 0.739385784 -0.18632257 0.646987438
vn 0.739385784 -0.18632257 0.646987438
vn 0.739385784 -0.18632257 0.646987438
vn 0.685562134 -0.412480474 0.599887073
vn 0.685562134 -0.412480474 0.599887073
vn 0.685562134 -0.412480474 0.599887073
vn -0.555671215 -0.830353677 0.0417424515
vn -0.555671215 -0.830353677 0.0417424515
vn -0.555671215 -0.830353677 0.0417424515
vn 0.443554074 0.219022617 -0.86907351
vn 0.443554074 0.219022617 -0.86907351
vn 0.443554074 0.219022617 -0.86907351
vn -0.443558544 0.218973488 0.869083643
vn -0.443558544 0.218973488 0.869083643
vn -0.443558544 0.218973488 0.869083643
vn -0.685602963 -0.412428468 -0.599876106
vn -0.685602963 -0.412428468 -0.599876106
vn -0.685602963 -0.412428468 -0.599876106
vn -0 -1 0
vn -0 -1 0
vn -0 -1 0
vn -0.739410043 -0.186318129 -0.646960735
vn -0.739410043 -0.186318129 -0.646960735
vn -0.739410043 -0.186318129 -0.646960735
vn 0.685556471 -0.412486911 0.59988904
vn 0.685556471 -0.412486911 0.59988904
vn 0.685556471 -0.412486911 0.59988904
vn -0.555668533 -0.830355823 0.0417352989
vn -0.555668533 -0.830355823 0.0417352989
vn -0.555668533 -0.830355823 0.0417352989
vn 0.739386261 -0.186320141 0.646987379
vn 0.739386261 -0.186320141 0.646987379
vn 0.739386261 -0.186320141 0.646987379
vn -0.443559617 0.218977407 0.869082093
vn -0.443559617 0.218977407 0.869082093
vn -0.443559617 0.218977407 0.869082093
vn -0.916719556 0.197712511 -0.347181559
vn -0.916719556 0.197712511 -0.347181559
vn -0.916719556 0.197712511 -0.347181559
vn -0.685601294 -0.41244334 -0.599867702
vn -0.685601294 -0.41244334 -0.599867702
vn -0.685601294 -0.41244334 -0.599867702
vn 0.555620313 -0.830389321 -0.0417082794
vn 0.555620313 -0.830389321 -0.0417082794
vn 0.555620313 -0.830389321 -0.0417082794
vn -0.66490078 -0.159427226 0.729719043
vn -0.66490078 -0.159427226 0.729719043
vn -0.66490078 -0.159427226 0.729719043
vn -0 -1 0
vn -0 -1 0
vn -0 -1 0
vn -0.447429031 0.176775485 0.876674235
vn -0.447429031 0.176775485 0.876674235
vn -0.447429031 0.176775485 0.876674235
vn 0.0483724959 -0.830375135 -0.555101156
vn 0.0483724959 -0.830375135 -0.555101156
vn 0.0483724959 -0.830375135 -0.555101156
vn 0.628411531 -0.359656423 -0.689743698
vn 0.628411531 -0.359656423 -0.689743698
vn 0.628411531 -0.359656423 -0.689743698
vn 0.664874732 -0.159312755 -0.729767799
vn 0.664874732 -0.159312755 -0.729767799
vn 0.664874732 -0.159312755 -0.729767799
vn 0.906626821 0.245208383 0.343366802
vn 0.906626821 0.245208383 0.343366802
vn 0.906626821 0.245208383 0.343366802
vn 0.443552643 0.219022796 -0.869074225
vn 0.443552643 0.219022796 -0.869074225
vn 0.443552643 0.219022796 -0.869074225
vn -0.90664649 0.245134145 -0.343367815
vn -0.90664649 0.245134145 -0.343367815
vn -0.90664649 0.245134145 -0.343367815
vn -0 -1 0
vn -0 -1 0
vn -0 -1 0
vn 0.447572947 0.174948186 -0.876967311
vn 0.447572947 0.174948186 -0.876967311
vn 0.447572947 0.174948186 -0.876967311
vn 0.916864812 0.196919024 0.347249061
vn 0.916864812 0.196919024 0.347249061
vn 0.916864812 0.196919024 0.347249061
vn -0.739408493 -0.186310202 -0.646964908
vn -0.739408493 -0.186310202 -0.646964908
vn -0.739408493 -0.186310202 -0.646964908
vn -0.0483395569 -0.830372393 0.55510807
vn -0.0483395569 -0.830372393 0.55510807
vn -0.0483395569 -0.830372393 0.55510807
vn -0.628475189 -0.359545887 0.68974328
vn -0.628475189 -0.359545887 0.68974328
vn -0.628475189 -0.359545887 0.68974328
vn -0.906649411 0.245122537 -0.343368351
vn -0.906649411 0.245122537 -0.343368351
vn -0.906649411 0.245122537 -0.343368351
vn 0.443579316 0.218984485 -0.869070292
vn 0.443579316 0.218984485 -0.869070292
vn 0.443579316 0.218984485 -0.869070292
vn 0.906626821 0.24520044 0.343372405
vn 0.906626821 0.24520044 0.343372405
vn 0.906626821 0.24520044 0.343372405
vn 0.916864514 0.196920812 0.347248703
vn 0.916864514 0.196920812 0.347248703
vn 0.916864514 0.196920812 0.347248703
vn 0.555616438 -0.830392122 -0.0417037532
vn 0.555616438 -0.830392122 -0.0417037532
vn 0.555616438 -0.830392122 -0.0417037532
vn -0.739413381 -0.186339155 -0.64695096
vn -0.739413381 -0.186339155 -0.64695096
vn -0.739413381 -0.186339155 -0.64695096
vn -0.685603499 -0.4124358 -0.599870324
vn -0.685603499 -0.4124358 -0.599870324
vn -0.685603499 -0.4124358 -0.599870324
vn 0.664857686 -0.159283131 -0.729789793
vn 0.664857686 -0.159283131 -0.729789793
vn 0.664857686 -0.159283131 -0.729789793
vn -0.0483091846 -0.830363512 0.555123985
vn -0.0483091846 -0.830363512 0.555123985
vn -0.0483091846 -0.830363512 0.555123985
vn -0.916719437 0.19771269 -0.347181886
vn -0.916719437 0.19771269 -0.347181886
vn -0.916719437 0.19771269 -0.347181886
vn 0.0483722463 -0.830373168 -0.555104196
vn 0.0483722463 -0.830373168 -0.555104196
vn 0.0483722463 -0.830373168 -0.555104196
vn 0.447604954 0.17494601 -0.876951456
vn 0.447604954 0.17494601 -0.876951456
vn 0.447604954 0.17494601 -0.876951456
vn -0.664886534 -0.159396425 0.729738772
vn -0.664886534 -0.159396425 0.729738772
vn -0.664886534 -0.159396425 0.729738772
vn 0.628386199 -0.35968715 -0.689750612
vn 0.628386199 -0.35968715 -0.689750612
vn 0.628386199 -0.35968715 -0.689750612
vn -0.447434008 0.176776975 0.876671374
vn -0.447434008 0.176776975 0.876671374
vn -0.447434008 0.176776975 0.876671374
vn 0.739385486 -0.186322585 0.646987557
vn 0.739385486 -0.186322585 0.646987557
vn 0.739385486 -0.186322585 0.646987557
vn 0.685564995 -0.412497193 0.599872231
vn 0.685564995 -0.412497193 0.599872231
vn 0.685564995 -0.412497193 0.599872231
vn -0.628464699 -0.359500289 0.68977648
vn -0.628464699 -0.359500289 0.68977648
vn -0.628464699 -0.359500289 0.68977648
vn -0.555672646 -0.83035326 0.0417290144
vn -0.555672646 -0.83035326 0.0417290144
vn -0.555672646 -0.83035326 0.0417290144
vn -0.443558246 0.218976215 0.869083107
vn -0.443558246 0.218976215 0.869083107
vn -0.443558246 0.218976215 0.869083107
vn -0 0 1
vn -0 0 1
vn -0 0 1
vn -0 0 1
vn -0 0 1
vn -0 0 1
vn -0 0 1
vn -0 0 1
vn -0 0 1
vn -0 0 1
vn -0 0 1
vn -0 0 1
vn -0 2.38427328E-05 1
vn -0 2.38427328E-05 1
vn -0 2.38427328E-05 1
vn -0 0 1
vn -0 0 1
vn -0 0 1
vn -0 0 1
vn -0 0 1
vn -0 0 1
vn -0 2.38427328E-05 1
vn -0 2.38427328E-05 1
vn -0 2.38427328E-05 1
vn -0 1 0
vn -0 1 0
vn -0 1 0
vn -0 1 0
vn -0 1 0
vn -0 1 0
vn -0 1 0
vn -0 1 0
vn -0 1 0
vn -0 1 0
vn -0 1 0
vn -0 1 0
vn -0 1 0
vn -0 1 0
vn -0 1 0
vn -0 1 0
vn -0 1 0
vn -0 1 0
vn -0 1 0
vn -0 1 0
vn -0 1 0
vn -0 1 0
vn -0 1 0
vn -0 1 0
vn -0 1 0
vn -0 1 0
vn -0 1 0
vn -0 1 0
vn -0 1 0
vn -0 1 0
vn -0 1 0
vn -0 1 0
vn -0 1 0
vn -0 0 1
vn -0 0 1
vn -0 0 1
vn -0 0 1
vn -0 0 1
vn -0 0 1
vn -0 0 1
vn -0 0 1
vn -0 0 1
vn -0 0 1
vn -0 0 1
vn -0 0 1
vn -0 0 1
vn -0 0 1
vn -0 0 1
vn -0 0 1
vn -0 0 1
vn -0 0 1
vn -0 0 1
vn -0 0 1
vn -0 0 1
vn -0 0 1
vn -0 0 1
vn -0 0 1
vn -0 0 1
vn -0 0 1
vn -0 0 1
vn -0 2.38427328E-05 1
vn -0 2.38427328E-05 1
vn -0 2.38427328E-05 1
vn -0 -1.04890305E-05 1
vn -0 -1.04890305E-05 1
vn -0 -1.04890305E-05 1
vn -0 1 0
vn -0 1 0
vn -0 1 0
vn -0 1 0
vn -0 1 0
vn -0 1 0
vn -0 1 0
vn -0 1 0
vn -0 1 0
vn -0 1 0
vn -0 1 0
vn -0 1 0
vn -0 1 0
vn -0 1 0
vn -0 1 0
vn -0 1 0
vn -0 1 0
vn -0 1 0
vn -0 1 0
vn -0 1 0
vn -0 1 0
vn -0 1 0
vn -0 1 0
vn -0 1 0
vn -0 0 1
vn -0 0 1
vn -0 0 1
vn -0 0 1
vn -0 0 1
vn -0 0 1
vn -0 0 1
vn -0 0 1
vn -0 0 1
vn -0 0 1
vn -0 0 1
vn -0 0 1
vn -0 0 1
vn -0 0 1
vn -0 0 1
vn -0 0 1
vn -0 0 1
vn -0 0 1
vn -0 0 1
vn -0 0 1
vn -0 0 1
vn -0 0 1
vn -0 0 1
vn -0 0 1
vn -0 0 1
vn -0 0 1
vn -1 0 0
vn -1 0 0
vn -1 0 0
vn -0 1 0
vn -0 1 0
vn -0 1 0
vn 0.283072948 0.91261965 0.294949263
vn 0.283072948 0.91261965 0.294949263
vn 0.283072948 0.91261965 0.294949263
vn 0.931099296 -0.362820297 -0.0376226641
vn 0.931099296 -0.362820297 -0.0376226641
vn 0.931099296 -0.362820297 -0.0376226641
vn 0.206820831 -0.925848544 0.316274762
vn 0.206820831 -0.925848544 0.316274762
vn 0.206820831 -0.925848544 0.316274762
vn 0.135700092 -0.906705618 -0.399337441
vn 0.135700092 -0.906705618 -0.399337441
vn 0.135700092 -0.906705618 -0.399337441
vn 0.357673943 -0.925358891 -0.125620008
vn 0.357673943 -0.925358891 -0.125620008
vn 0.357673943 -0.925358891 -0.125620008
vn -0.156377107 0.873975933 0.460122019
vn -0.156377107 0.873975933 0.460122019
vn -0.156377107 0.873975933 0.460122019
vn 0.77197659 0.0520967059 -0.633512497
vn 0.77197659 0.0520967059 -0.633512497
vn 0.77197659 0.0520967059 -0.633512497
vn -0.79441005 0.544372559 -0.269390523
vn -0.79441005 0.544372559 -0.269390523
vn -0.79441005 0.544372559 -0.269390523
vn -0.404166162 0.912629962 0.0612879284
vn -0.404166162 0.912629962 0.0612879284
vn -0.404166162 0.912629962 0.0612879284
vn -0.347932816 -0.929839253 -0.119756721
vn -0.347932816 -0.929839253 -0.119756721
vn -0.347932816 -0.929839253 -0.119756721
vn -0.695980072 0.433852762 -0.572174489
vn -0.695980072 0.433852762 -0.572174489
vn -0.695980072 0.433852762 -0.572174489
vn 0.404476941 0.91275984 -0.0571659282
vn 0.404476941 0.91275984 -0.0571659282
vn 0.404476941 0.91275984 -0.0571659282
vn -0.135367259 -0.907198846 0.398329198
vn -0.135367259 -0.907198846 0.398329198
vn -0.135367259 -0.907198846 0.398329198
vn -0.899703324 0.435317963 0.0321274363
vn -0.899703324 0.435317963 0.0321274363
vn -0.899703324 0.435317963 0.0321274363
vn 0.15602906 0.874245703 -0.459727526
vn 0.15602906 0.874245703 -0.459727526
vn 0.15602906 0.874245703 -0.459727526
vn 0.344217211 -0.931740224 0.115648843
vn 0.344217211 -0.931740224 0.115648843
vn 0.344217211 -0.931740224 0.115648843
vn -0.212694272 -0.924407005 -0.316595882
vn -0.212694272 -0.924407005 -0.316595882
vn -0.212694272 -0.924407005 -0.316595882
vn -0.286078304 0.912670076 -0.291877419
vn -0.286078304 0.912670076 -0.291877419
vn -0.286078304 0.912670076 -0.291877419
vn -0.819038332 -0.501060247 -0.279490083
vn -0.819038332 -0.501060247 -0.279490083
vn -0.819038332 -0.501060247 -0.279490083
vn -0.709306479 -0.371895134 -0.59881407
vn -0.709306479 -0.371895134 -0.59881407
vn -0.709306479 -0.371895134 -0.59881407
vn 0.71568203 -0.362063289 0.597251534
vn 0.71568203 -0.362063289 0.597251534
vn 0.71568203 -0.362063289 0.597251534
vn -0.927141726 -0.372182012 0.0434583388
vn -0.927141726 -0.372182012 0.0434583388
vn -0.927141726 -0.372182012 0.0434583388
vn -0.360485792 -0.924962521 0.120392144
vn -0.360485792 -0.924962521 0.120392144
vn -0.360485792 -0.924962521 0.120392144
vn 0.80691272 0.0028854725 -0.590663552
vn 0.80691272 0.0028854725 -0.590663552
vn 0.80691272 0.0028854725 -0.590663552
vn 0.849612474 0.49773863 -0.174398333
vn 0.849612474 0.49773863 -0.174398333
vn 0.849612474 0.49773863 -0.174398333
vn 0.654132962 0.45743838 0.602378786
vn 0.654132962 0.45743838 0.602378786
vn 0.654132962 0.45743838 0.602378786
vn -0.0983531922 0.902064562 0.42024526
vn -0.0983531922 0.902064562 0.42024526
vn -0.0983531922 0.902064562 0.42024526
vn 0.494221777 -0.334379375 0.802455783
vn 0.494221777 -0.334379375 0.802455783
vn 0.494221777 -0.334379375 0.802455783
vn -0.157916889 -0.919181645 0.360787064
vn -0.157916889 -0.919181645 0.360787064
vn -0.157916889 -0.919181645 0.360787064
vn 0.415435314 -0.906160414 -0.0792887211
vn 0.415435314 -0.906160414 -0.0792887211
vn 0.415435314 -0.906160414 -0.0792887211
vn 0.297810704 -0.914728045 0.273095965
vn 0.297810704 -0.914728045 0.273095965
vn 0.297810704 -0.914728045 0.273095965
vn -0.478579432 0.87328124 0.0913321376
vn -0.478579432 0.87328124 0.0913321376
vn -0.478579432 0.87328124 0.0913321376
vn 0.919804513 0.0498297028 0.389200121
vn 0.919804513 0.0498297028 0.389200121
vn 0.919804513 0.0498297028 0.389200121
vn -0.185955539 0.508171678 -0.840941191
vn -0.185955539 0.508171678 -0.840941191
vn -0.185955539 0.508171678 -0.840941191
vn -0.267078012 0.898314893 -0.34885481
vn -0.267078012 0.898314893 -0.34885481
vn -0.267078012 0.898314893 -0.34885481
vn -0.0845414177 -0.916944563 -0.389955729
vn -0.0845414177 -0.916944563 -0.389955729
vn -0.0845414177 -0.916944563 -0.389955729
vn 0.106630944 0.40764609 -0.906892836
vn 0.106630944 0.40764609 -0.906892836
vn 0.106630944 0.40764609 -0.906892836
vn 0.263707846 0.898390114 0.351216942
vn 0.263707846 0.898390114 0.351216942
vn 0.263707846 0.898390114 0.351216942
vn -0.414361447 -0.906670332 0.0790794417
vn -0.414361447 -0.906670332 0.0790794417
vn -0.414361447 -0.906670332 0.0790794417
vn -0.476519406 0.403138369 -0.781286538
vn -0.476519406 0.403138369 -0.781286538
vn -0.476519406 0.403138369 -0.781286538
vn 0.478033394 0.873570263 -0.0914279372
vn 0.478033394 0.873570263 -0.0914279372
vn 0.478033394 0.873570263 -0.0914279372
vn 0.0860635638 -0.919121146 0.384459853
vn 0.0860635638 -0.919121146 0.384459853
vn 0.0860635638 -0.919121146 0.384459853
vn 0.155030355 -0.917449653 -0.366403699
vn 0.155030355 -0.917449653 -0.366403699
vn 0.155030355 -0.917449653 -0.366403699
vn 0.0941793025 0.90194869 -0.421448439
vn 0.0941793025 0.90194869 -0.421448439
vn 0.0941793025 0.90194869 -0.421448439
vn -0.189563781 -0.46586287 -0.864313245
vn -0.189563781 -0.46586287 -0.864313245
vn -0.189563781 -0.46586287 -0.864313245
vn 0.121010423 -0.348491371 -0.929467738
vn 0.121010423 -0.348491371 -0.929467738
vn 0.121010423 -0.348491371 -0.929467738
vn -0.116526589 -0.338976204 0.933550537
vn -0.116526589 -0.338976204 0.933550537
vn -0.116526589 -0.338976204 0.933550537
vn -0.497227699 -0.3433083 -0.79680866
vn -0.497227699 -0.3433083 -0.79680866
vn -0.497227699 -0.3433083 -0.79680866
vn -0.294821054 -0.914103806 -0.278378814
vn -0.294821054 -0.914103806 -0.278378814
vn -0.294821054 -0.914103806 -0.278378814
vn 0.897892177 0.00276710303 0.440206826
vn 0.897892177 0.00276710303 0.440206826
vn 0.897892177 0.00276710303 0.440206826
vn 0.570828915 0.466296107 0.675812364
vn 0.570828915 0.466296107 0.675812364
vn 0.570828915 0.466296107 0.675812364
vn -0.153053492 0.43202728 0.888778389
vn -0.153053492 0.43202728 0.888778389
vn -0.153053492 0.43202728 0.888778389
vn 0.283073813 0.912619054 0.294950455
vn 0.283073813 0.912619054 0.294950455
vn 0.283073813 0.912619054 0.294950455
vn 0.931099713 -0.362819493 -0.037619222
vn 0.931099713 -0.362819493 -0.037619222
vn 0.931099713 -0.362819493 -0.037619222
vn 0.206822306 -0.925847709 0.316276073
vn 0.206822306 -0.925847709 0.316276073
vn 0.206822306 -0.925847709 0.316276073
vn 0.135700688 -0.906705678 -0.399337113
vn 0.135700688 -0.906705678 -0.399337113
vn 0.135700688 -0.906705678 -0.399337113
vn 0.35767138 -0.925359726 -0.125620261
vn 0.35767138 -0.925359726 -0.125620261
vn 0.35767138 -0.925359726 -0.125620261
vn -0.156377405 0.873975575 0.460122645
vn -0.156377405 0.873975575 0.460122645
vn -0.156377405 0.873975575 0.460122645
vn 0.77197659 0.0520953126 -0.633512497
vn 0.77197659 0.0520953126 -0.633512497
vn 0.77197659 0.0520953126 -0.633512497
vn -0.794413447 0.544367671 -0.269390345
vn -0.794413447 0.544367671 -0.269390345
vn -0.794413447 0.544367671 -0.269390345
vn -0.40416643 0.912629843 0.0612882301
vn -0.40416643 0.912629843 0.0612882301
vn -0.40416643 0.912629843 0.0612882301
vn -0.347931474 -0.92983979 -0.119756542
vn -0.347931474 -0.92983979 -0.119756542
vn -0.347931474 -0.92983979 -0.119756542
vn -0.695978642 0.43385461 -0.572174728
vn -0.695978642 0.43385461 -0.572174728
vn -0.695978642 0.43385461 -0.572174728
vn 0.404473752 0.912761211 -0.0571652316
vn 0.404473752 0.912761211 -0.0571652316
vn 0.404473752 0.912761211 -0.0571652316
vn -0.135367423 -0.907198906 0.39832893
vn -0.135367423 -0.907198906 0.39832893
vn -0.135367423 -0.907198906 0.39832893
vn -0.899702191 0.435320437 0.0321271569
vn -0.899702191 0.435320437 0.0321271569
vn -0.899702191 0.435320437 0.0321271569
vn 0.156029627 0.874243617 -0.459731221
vn 0.156029627 0.874243617 -0.459731221
vn 0.156029627 0.874243617 -0.459731221
vn 0.344216228 -0.931740522 0.115649365
vn 0.344216228 -0.931740522 0.115649365
vn 0.344216228 -0.931740522 0.115649365
vn -0.212694198 -0.924407125 -0.316595733
vn -0.212694198 -0.924407125 -0.316595733
vn -0.212694198 -0.924407125 -0.316595733
vn -0.286078811 0.91266948 -0.291879237
vn -0.286078811 0.91266948 -0.291879237
vn -0.286078811 0.91266948 -0.291879237
vn -0.819039404 -0.501058221 -0.279491037
vn -0.819039404 -0.501058221 -0.279491037
vn -0.819039404 -0.501058221 -0.279491037
vn -0.709307432 -0.371893287 -0.598814189
vn -0.709307432 -0.371893287 -0.598814189
vn -0.709307432 -0.371893287 -0.598814189
vn 0.715684116 -0.362061113 0.597250342
vn 0.715684116 -0.362061113 0.597250342
vn 0.715684116 -0.362061113 0.597250342
vn -0.927141726 -0.372181982 0.0434583351
vn -0.927141726 -0.372181982 0.0434583351
vn -0.927141726 -0.372181982 0.0434583351
vn -0.360486507 -0.924962223 0.120392315
vn -0.360486507 -0.924962223 0.120392315
vn -0.360486507 -0.924962223 0.120392315
vn 0.806912959 0.00288733304 -0.590663433
vn 0.806912959 0.00288733304 -0.590663433
vn 0.806912959 0.00288733304 -0.590663433
vn 0.849611759 0.497739583 -0.174399197
vn 0.849611759 0.497739583 -0.174399197
vn 0.849611759 0.497739583 -0.174399197
vn 0.654133439 0.457439572 0.602377355
vn 0.654133439 0.457439572 0.602377355
vn 0.654133439 0.457439572 0.602377355
vn -0.360793084 0.902072549 -0.236840755
vn -0.360793084 0.902072549 -0.236840755
vn -0.360793084 0.902072549 -0.236840755
vn -0.92344141 -0.334413439 0.188212067
vn -0.92344141 -0.334413439 0.188212067
vn -0.92344141 -0.334413439 0.188212067
vn -0.284484535 -0.919185758 -0.272334337
vn -0.284484535 -0.919185758 -0.272334337
vn -0.284484535 -0.919185758 -0.272334337
vn -0.0683692247 -0.906164467 0.417362809
vn -0.0683692247 -0.906164467 0.417362809
vn -0.0683692247 -0.906164467 0.417362809
vn -0.358845592 -0.914729059 0.185743108
vn -0.358845592 -0.914729059 0.185743108
vn -0.358845592 -0.914729059 0.185743108
vn 0.0787941292 0.873290181 -0.480786502
vn 0.0787941292 0.873290181 -0.480786502
vn 0.0787941292 0.873290181 -0.480786502
vn -0.681740344 0.0498475172 0.729893982
vn -0.681740344 0.0498475172 0.729893982
vn -0.681740344 0.0498475172 0.729893982
vn 0.853605032 0.508165658 0.114569128
vn 0.853605032 0.508165658 0.114569128
vn 0.853605032 0.508165658 0.114569128
vn 0.419408262 0.898317099 -0.130855143
vn 0.419408262 0.898317099 -0.130855143
vn 0.419408262 0.898317099 -0.130855143
vn 0.395249575 -0.916943371 0.0547040403
vn 0.395249575 -0.916943371 0.0547040403
vn 0.395249575 -0.916943371 0.0547040403
vn 0.814935386 0.407646 0.411952764
vn 0.814935386 0.407646 0.411952764
vn 0.814935386 0.407646 0.411952764
vn -0.420464277 0.898393929 0.126878664
vn -0.420464277 0.898393929 0.126878664
vn -0.420464277 0.898393929 0.126878664
vn 0.0682011023 -0.906669319 -0.416292459
vn 0.0682011023 -0.906669319 -0.416292459
vn 0.0682011023 -0.906669319 -0.416292459
vn 0.897502184 0.403103769 -0.178877801
vn 0.897502184 0.403103769 -0.178877801
vn 0.897502184 0.403103769 -0.178877801
vn -0.0785003304 0.873568177 0.480329484
vn -0.0785003304 0.873568177 0.480329484
vn -0.0785003304 0.873568177 0.480329484
vn -0.390612066 -0.919122219 -0.051346913
vn -0.390612066 -0.919122219 -0.051346913
vn -0.390612066 -0.919122219 -0.051346913
vn 0.290765435 -0.917449355 0.271555394
vn 0.290765435 -0.917449355 0.271555394
vn 0.290765435 -0.917449355 0.271555394
vn 0.363383442 0.901944399 0.233342707
vn 0.363383442 0.901944399 0.233342707
vn 0.363383442 0.901944399 0.233342707
vn 0.876794159 -0.465857893 0.119199306
vn 0.876794159 -0.465857893 0.119199306
vn 0.876794159 -0.465857893 0.119199306
vn 0.831208587 -0.348497152 0.433176607
vn 0.831208587 -0.348497152 0.433176607
vn 0.831208587 -0.348497152 0.433176607
vn -0.836581469 -0.338943124 -0.430405736
vn -0.836581469 -0.338943124 -0.430405736
vn -0.836581469 -0.338943124 -0.430405736
vn 0.91919595 -0.343268216 -0.192991376
vn 0.91919595 -0.343268216 -0.192991376
vn 0.91919595 -0.343268216 -0.192991376
vn 0.362768143 -0.914105475 -0.181136742
vn 0.362768143 -0.914105475 -0.181136742
vn 0.362768143 -0.914105475 -0.181136742
vn -0.722076058 0.00281152199 0.691807985
vn -0.722076058 0.00281152199 0.691807985
vn -0.722076058 0.00281152199 0.691807985
vn -0.830862939 0.466293216 0.303706259
vn -0.830862939 0.466293216 0.303706259
vn -0.830862939 0.466293216 0.303706259
vn -0.781998456 0.431990445 -0.449291229
vn -0.781998456 0.431990445 -0.449291229
vn -0.781998456 0.431990445 -0.449291229
vn 0.283072799 0.912619948 0.294948518
vn 0.283072799 0.912619948 0.294948518
vn 0.283072799 0.912619948 0.294948518
vn 0.931101084 -0.362816036 -0.0376215763
vn 0.931101084 -0.362816036 -0.0376215763
vn 0.931101084 -0.362816036 -0.0376215763
vn 0.206821695 -0.925848722 0.3162736
vn 0.206821695 -0.925848722 0.3162736
vn 0.206821695 -0.925848722 0.3162736
vn 0.135700151 -0.906705022 -0.399338841
vn 0.135700151 -0.906705022 -0.399338841
vn 0.135700151 -0.906705022 -0.399338841
vn 0.357673228 -0.925359011 -0.12562041
vn 0.357673228 -0.925359011 -0.12562041
vn 0.357673228 -0.925359011 -0.12562041
vn -0.156376854 0.87397629 0.460121483
vn -0.156376854 0.87397629 0.460121483
vn -0.156376854 0.87397629 0.460121483
vn 0.771976531 0.0520925559 -0.633512974
vn 0.771976531 0.0520925559 -0.633512974
vn 0.771976531 0.0520925559 -0.633512974
vn -0.794411778 0.544372201 -0.269385785
vn -0.794411778 0.544372201 -0.269385785
vn -0.794411778 0.544372201 -0.269385785
vn -0.404166102 0.912629843 0.0612898096
vn -0.404166102 0.912629843 0.0612898096
vn -0.404166102 0.912629843 0.0612898096
vn -0.347934216 -0.929838657 -0.119757652
vn -0.347934216 -0.929838657 -0.119757652
vn -0.347934216 -0.929838657 -0.119757652
vn -0.695977807 0.433852553 -0.572177231
vn -0.695977807 0.433852553 -0.572177231
vn -0.695977807 0.433852553 -0.572177231
vn 0.40447557 0.912760317 -0.0571681485
vn 0.40447557 0.912760317 -0.0571681485
vn 0.40447557 0.912760317 -0.0571681485
vn -0.135368019 -0.907198906 0.398328573
vn -0.135368019 -0.907198906 0.398328573
vn -0.135368019 -0.907198906 0.398328573
vn -0.899702668 0.435319394 0.0321256332
vn -0.899702668 0.435319394 0.0321256332
vn -0.899702668 0.435319394 0.0321256332
vn 0.156029239 0.874244273 -0.459730059
vn 0.156029239 0.874244273 -0.459730059
vn 0.156029239 0.874244273 -0.459730059
vn 0.344216347 -0.931740522 0.115649365
vn 0.344216347 -0.931740522 0.115649365
vn 0.344216347 -0.931740522 0.115649365
vn -0.212694213 -0.924407899 -0.31659314
vn -0.212694213 -0.924407899 -0.31659314
vn -0.212694213 -0.924407899 -0.31659314
vn -0.286077976 0.912670493 -0.291876793
vn -0.286077976 0.912670493 -0.291876793
vn -0.286077976 0.912670493 -0.291876793
vn -0.819038928 -0.501057923 -0.279492766
vn -0.819038928 -0.501057923 -0.279492766
vn -0.819038928 -0.501057923 -0.279492766
vn -0.709307551 -0.371894121 -0.598813415
vn -0.709307551 -0.371894121 -0.598813415
vn -0.709307551 -0.371894121 -0.598813415
vn 0.715685606 -0.362065077 0.59724611
vn 0.715685606 -0.362065077 0.59724611
vn 0.715685606 -0.362065077 0.59724611
vn -0.927141964 -0.372181684 0.0434584133
vn -0.927141964 -0.372181684 0.0434584133
vn -0.927141964 -0.372181684 0.0434584133
vn -0.360485017 -0.924962699 0.12039344
vn -0.360485017 -0.924962699 0.12039344
vn -0.360485017 -0.924962699 0.12039344
vn 0.806912005 0.00289105228 -0.590664685
vn 0.806912005 0.00289105228 -0.590664685
vn 0.806912005 0.00289105228 -0.590664685
vn 0.849609435 0.497744411 -0.174396947
vn 0.849609435 0.497744411 -0.174396947
vn 0.849609435 0.497744411 -0.174396947
vn 0.654129803 0.457440913 0.602380157
vn 0.654129803 0.457440913 0.602380157
vn 0.654129803 0.457440913 0.602380157
vn -0.360803664 0.902066708 -0.236846566
vn -0.360803664 0.902066708 -0.236846566
vn -0.360803664 0.902066708 -0.236846566
vn -0.923450112 -0.334390461 0.188209921
vn -0.923450112 -0.334390461 0.188209921
vn -0.923450112 -0.334390461 0.188209921
vn -0.284488887 -0.919182241 -0.272341818
vn -0.284488887 -0.919182241 -0.272341818
vn -0.284488887 -0.919182241 -0.272341818
vn -0.068371743 -0.906164944 0.41736114
vn -0.068371743 -0.906164944 0.41736114
vn -0.068371743 -0.906164944 0.41736114
vn -0.358845741 -0.914728343 0.185746163
vn -0.358845741 -0.914728343 0.185746163
vn -0.358845741 -0.914728343 0.185746163
vn 0.078792803 0.87329191 -0.480783671
vn 0.078792803 0.87329191 -0.480783671
vn 0.078792803 0.87329191 -0.480783671
vn -0.68173492 0.0498359501 0.729899883
vn -0.68173492 0.0498359501 0.729899883
vn -0.68173492 0.0498359501 0.729899883
vn 0.853602946 0.508177757 0.114530995
vn 0.853602946 0.508177757 0.114530995
vn 0.853602946 0.508177757 0.114530995
vn 0.419405937 0.89831835 -0.130853847
vn 0.419405937 0.89831835 -0.130853847
vn 0.419405937 0.89831835 -0.130853847
vn 0.395250946 -0.91694361 0.0546913259
vn 0.395250946 -0.91694361 0.0546913259
vn 0.395250946 -0.91694361 0.0546913259
vn 0.814934671 0.407653093 0.411947161
vn 0.814934671 0.407653093 0.411947161
vn 0.814934671 0.407653093 0.411947161
vn -0.42046985 0.898391426 0.126877129
vn -0.42046985 0.898391426 0.126877129
vn -0.42046985 0.898391426 0.126877129
vn 0.0681997612 -0.906668127 -0.416295052
vn 0.0681997612 -0.906668127 -0.416295052
vn 0.0681997612 -0.906668127 -0.416295052
vn 0.897490561 0.403131634 -0.17887345
vn 0.897490561 0.403131634 -0.17887345
vn 0.897490561 0.403131634 -0.17887345
vn -0.0785025135 0.873566568 0.480332136
vn -0.0785025135 0.873566568 0.480332136
vn -0.0785025135 0.873566568 0.480332136
vn -0.390614152 -0.919120848 -0.0513564236
vn -0.390614152 -0.919120848 -0.0513564236
vn -0.390614152 -0.919120848 -0.0513564236
vn 0.290760219 -0.917449832 0.27155897
vn 0.290760219 -0.917449832 0.27155897
vn 0.290760219 -0.917449832 0.27155897
vn 0.363379925 0.901947796 0.233334988
vn 0.363379925 0.901947796 0.233334988
vn 0.363379925 0.901947796 0.233334988
vn 0.876788676 -0.465876073 0.119168118
vn 0.876788676 -0.465876073 0.119168118
vn 0.876788676 -0.465876073 0.119168118
vn 0.83119005 -0.348498017 0.433211297
vn 0.83119005 -0.348498017 0.433211297
vn 0.83119005 -0.348498017 0.433211297
vn -0.836557508 -0.338978142 -0.43042475
vn -0.836557508 -0.338978142 -0.43042475
vn -0.836557508 -0.338978142 -0.43042475
vn 0.919183671 -0.343305379 -0.19298403
vn 0.919183671 -0.343305379 -0.19298403
vn 0.919183671 -0.343305379 -0.19298403
vn 0.362775207 -0.914103806 -0.181131005
vn 0.362775207 -0.914103806 -0.181131005
vn 0.362775207 -0.914103806 -0.181131005
vn -0.722092092 0.00278266845 0.691791356
vn -0.722092092 0.00278266845 0.691791356
vn -0.722092092 0.00278266845 0.691791356
vn -0.830873013 0.46628505 0.303690791
vn -0.830873013 0.46628505 0.303690791
vn -0.830873013 0.46628505 0.303690791
vn -0.781985044 0.432005882 -0.449299842
vn -0.781985044 0.432005882 -0.449299842
vn -0.781985044 0.432005882 -0.449299842
vn 0.283073753 0.912617564 0.294955224
vn 0.283073753 0.912617564 0.294955224
vn 0.283073753 0.912617564 0.294955224
vn 0.931099296 -0.36281988 -0.0376264378
vn 0.931099296 -0.36281988 -0.0376264378
vn 0.931099296 -0.36281988 -0.0376264378
vn 0.206822589 -0.92584902 0.31627205
vn 0.206822589 -0.92584902 0.31627205
vn 0.206822589 -0.92584902 0.31627205
vn 0.135700881 -0.906704009 -0.399340719
vn 0.135700881 -0.906704009 -0.399340719
vn 0.135700881 -0.906704009 -0.399340719
vn 0.357672215 -0.925359726 -0.125618383
vn 0.357672215 -0.925359726 -0.125618383
vn 0.357672215 -0.925359726 -0.125618383
vn -0.156375915 0.873975992 0.460122257
vn -0.156375915 0.873975992 0.460122257
vn -0.156375915 0.873975992 0.460122257
vn 0.771981657 0.0520970486 -0.633506238
vn 0.771981657 0.0520970486 -0.633506238
vn 0.771981657 0.0520970486 -0.633506238
vn -0.794412076 0.544372022 -0.269385695
vn -0.794412076 0.544372022 -0.269385695
vn -0.794412076 0.544372022 -0.269385695
vn -0.40416652 0.912630081 0.0612847917
vn -0.40416652 0.912630081 0.0612847917
vn -0.40416652 0.912630081 0.0612847917
vn -0.347935587 -0.929838836 -0.119752258
vn -0.347935587 -0.929838836 -0.119752258
vn -0.347935587 -0.929838836 -0.119752258
vn -0.695977628 0.433853775 -0.572176635
vn -0.695977628 0.433853775 -0.572176635
vn -0.695977628 0.433853775 -0.572176635
vn 0.404477715 0.912759423 -0.0571659021
vn 0.404477715 0.912759423 -0.0571659021
vn 0.404477715 0.912759423 -0.0571659021
vn -0.135367885 -0.907199204 0.398328036
vn -0.135367885 -0.907199204 0.398328036
vn -0.135367885 -0.907199204 0.398328036
vn -0.899702251 0.435320288 0.032126449
vn -0.899702251 0.435320288 0.032126449
vn -0.899702251 0.435320288 0.032126449
vn 0.156030193 0.874245107 -0.45972836
vn 0.156030193 0.874245107 -0.45972836
vn 0.156030193 0.874245107 -0.45972836
vn 0.344215482 -0.93174082 0.115649402
vn 0.344215482 -0.93174082 0.115649402
vn 0.344215482 -0.93174082 0.115649402
vn -0.212693244 -0.924407184 -0.316595703
vn -0.212693244 -0.924407184 -0.316595703
vn -0.212693244 -0.924407184 -0.316595703
vn -0.286077946 0.91266799 -0.291884303
vn -0.286077946 0.91266799 -0.291884303
vn -0.286077946 0.91266799 -0.291884303
vn -0.819039047 -0.501060545 -0.279487699
vn -0.819039047 -0.501060545 -0.279487699
vn -0.819039047 -0.501060545 -0.279487699
vn -0.709309518 -0.371893406 -0.598811567
vn -0.709309518 -0.371893406 -0.598811567
vn -0.709309518 -0.371893406 -0.598811567
vn 0.715688765 -0.362062186 0.597244143
vn 0.715688765 -0.362062186 0.597244143
vn 0.715688765 -0.362062186 0.597244143
vn -0.927140653 -0.372185826 0.043450661
vn -0.927140653 -0.372185826 0.043450661
vn -0.927140653 -0.372185826 0.043450661
vn -0.360485435 -0.924962819 0.120391317
vn -0.360485435 -0.924962819 0.120391317
vn -0.360485435 -0.924962819 0.120391317
vn 0.806909621 0.00288545829 -0.590667963
vn 0.806909621 0.00288545829 -0.590667963
vn 0.806909621 0.00288545829 -0.590667963
vn 0.849609315 0.497741759 -0.174404979
vn 0.849609315 0.497741759 -0.174404979
vn 0.849609315 0.497741759 -0.174404979
vn 0.654127657 0.457437456 0.602385104
vn 0.654127657 0.457437456 0.602385104
vn 0.654127657 0.457437456 0.602385104
vn -0.360802591 0.9020648 -0.236855581
vn -0.360802591 0.9020648 -0.236855581
vn -0.360802591 0.9020648 -0.236855581
vn -0.923450232 -0.334392965 0.18820478
vn -0.923450232 -0.334392965 0.18820478
vn -0.923450232 -0.334392965 0.18820478
vn -0.284488231 -0.919182777 -0.272340834
vn -0.284488231 -0.919182777 -0.272340834
vn -0.284488231 -0.919182777 -0.272340834
vn -0.0683716983 -0.906164646 0.417361856
vn -0.0683716983 -0.906164646 0.417361856
vn -0.0683716983 -0.906164646 0.417361856
vn -0.358846873 -0.914727867 0.185746446
vn -0.358846873 -0.914727867 0.185746446
vn -0.358846873 -0.914727867 0.185746446
vn 0.0787931457 0.87329334 -0.480781019
vn 0.0787931457 0.87329334 -0.480781019
vn 0.0787931457 0.87329334 -0.480781019
vn -0.681736529 0.0498375967 0.729898274
vn -0.681736529 0.0498375967 0.729898274
vn -0.681736529 0.0498375967 0.729898274
vn 0.853598714 0.508180618 0.114549898
vn 0.853598714 0.508180618 0.114549898
vn 0.853598714 0.508180618 0.114549898
vn 0.41940406 0.898319185 -0.130853966
vn 0.41940406 0.898319185 -0.130853966
vn 0.41940406 0.898319185 -0.130853966
vn 0.395252138 -0.916942894 0.0546935573
vn 0.395252138 -0.916942894 0.0546935573
vn 0.395252138 -0.916942894 0.0546935573
vn 0.814936221 0.407653481 0.411943704
vn 0.814936221 0.407653481 0.411943704
vn 0.814936221 0.407653481 0.411943704
vn -0.42046985 0.898391426 0.126877129
vn -0.42046985 0.898391426 0.126877129
vn -0.42046985 0.898391426 0.126877129
vn 0.0681992397 -0.906669021 -0.416293353
vn 0.0681992397 -0.906669021 -0.416293353
vn 0.0681992397 -0.906669021 -0.416293353
vn 0.897490442 0.403131872 -0.178873152
vn 0.897490442 0.403131872 -0.178873152
vn 0.897490442 0.403131872 -0.178873152
vn -0.0785026625 0.873565912 0.48033306
vn -0.0785026625 0.873565912 0.48033306
vn -0.0785026625 0.873565912 0.48033306
vn -0.390613586 -0.919120848 -0.0513609163
vn -0.390613586 -0.919120848 -0.0513609163
vn -0.390613586 -0.919120848 -0.0513609163
vn 0.290760338 -0.917449355 0.271560788
vn 0.290760338 -0.917449355 0.271560788
vn 0.290760338 -0.917449355 0.271560788
vn 0.363380581 0.90194869 0.233330503
vn 0.363380581 0.90194869 0.233330503
vn 0.363380581 0.90194869 0.233330503
vn 0.876787901 -0.465880573 0.119156435
vn 0.876787901 -0.465880573 0.119156435
vn 0.876787901 -0.465880573 0.119156435
vn 0.831187308 -0.348494053 0.433219939
vn 0.831187308 -0.348494053 0.433219939
vn 0.831187308 -0.348494053 0.433219939
vn -0.836560071 -0.338979214 -0.43041876
vn -0.836560071 -0.338979214 -0.43041876
vn -0.836560071 -0.338979214 -0.43041876
vn 0.919183075 -0.343304753 -0.192987829
vn 0.919183075 -0.343304753 -0.192987829
vn 0.919183075 -0.343304753 -0.192987829
vn 0.36277464 -0.91410321 -0.181134805
vn 0.36277464 -0.91410321 -0.181134805
vn 0.36277464 -0.91410321 -0.181134805
vn -0.722093582 0.00278684334 0.691789746
vn -0.722093582 0.00278684334 0.691789746
vn -0.722093582 0.00278684334 0.691789746
vn -0.830874622 0.466284961 0.303686827
vn -0.830874622 0.466284961 0.303686827
vn -0.830874622 0.466284961 0.303686827
vn -0.781987607 0.432005107 -0.449296027
vn -0.781987607 0.432005107 -0.449296027
vn -0.781987607 0.432005107 -0.449296027
vn 0.283075064 0.912618458 0.294950902
vn 0.283075064 0.912618458 0.294950902
vn 0.283075064 0.912618458 0.294950902
vn 0.931101084 -0.362816691 -0.0376139916
vn 0.931101084 -0.362816691 -0.0376139916
vn 0.931101084 -0.362816691 -0.0376139916
vn 0.206822157 -0.925847411 0.316277087
vn 0.206822157 -0.925847411 0.316277087
vn 0.206822157 -0.925847411 0.316277087
vn 0.135699913 -0.906705499 -0.399337858
vn 0.135699913 -0.906705499 -0.399337858
vn 0.135699913 -0.906705499 -0.399337858
vn 0.357671678 -0.925359905 -0.125618413
vn 0.357671678 -0.925359905 -0.125618413
vn 0.357671678 -0.925359905 -0.125618413
vn -0.156378075 0.873974562 0.460124165
vn -0.156378075 0.873974562 0.460124165
vn -0.156378075 0.873974562 0.460124165
vn 0.771977305 0.0520940609 -0.633511841
vn 0.771977305 0.0520940609 -0.633511841
vn 0.771977305 0.0520940609 -0.633511841
vn -0.794411182 0.544368386 -0.269395262
vn -0.794411182 0.544368386 -0.269395262
vn -0.794411182 0.544368386 -0.269395262
vn -0.40416643 0.912629843 0.0612872913
vn -0.40416643 0.912629843 0.0612872913
vn -0.40416643 0.912629843 0.0612872913
vn -0.347934127 -0.929838955 -0.119755708
vn -0.347934127 -0.929838955 -0.119755708
vn -0.347934127 -0.929838955 -0.119755708
vn -0.695978343 0.43385607 -0.572174013
vn -0.695978343 0.43385607 -0.572174013
vn -0.695978343 0.43385607 -0.572174013
vn 0.404475361 0.912760556 -0.05716566
vn 0.404475361 0.912760556 -0.05716566
vn 0.404475361 0.912760556 -0.05716566
vn -0.13536796 -0.907197714 0.398331285
vn -0.13536796 -0.907197714 0.398331285
vn -0.13536796 -0.907197714 0.398331285
vn -0.899702966 0.435318679 0.0321277976
vn -0.899702966 0.435318679 0.0321277976
vn -0.899702966 0.435318679 0.0321277976
vn 0.156030238 0.874244153 -0.459729999
vn 0.156030238 0.874244153 -0.459729999
vn 0.156030238 0.874244153 -0.459729999
vn 0.344216108 -0.93174082 0.115646973
vn 0.344216108 -0.93174082 0.115646973
vn 0.344216108 -0.93174082 0.115646973
vn -0.212693304 -0.924407125 -0.31659624
vn -0.212693304 -0.924407125 -0.31659624
vn -0.212693304 -0.924407125 -0.31659624
vn -0.28607884 0.912670076 -0.291877061
vn -0.28607884 0.912670076 -0.291877061
vn -0.28607884 0.912670076 -0.291877061
vn -0.819037795 -0.50105989 -0.279492438
vn -0.819037795 -0.50105989 -0.279492438
vn -0.819037795 -0.50105989 -0.279492438
vn -0.709310412 -0.371894598 -0.598809659
vn -0.709310412 -0.371894598 -0.598809659
vn -0.709310412 -0.371894598 -0.598809659
vn 0.715680778 -0.362059295 0.597255528
vn 0.715680778 -0.362059295 0.597255528
vn 0.715680778 -0.362059295 0.597255528
vn -0.927141249 -0.37218371 0.0434544757
vn -0.927141249 -0.37218371 0.0434544757
vn -0.927141249 -0.37218371 0.0434544757
vn -0.360484689 -0.924963117 0.120391354
vn -0.360484689 -0.924963117 0.120391354
vn -0.360484689 -0.924963117 0.120391354
vn 0.806912422 0.00288733607 -0.590664148
vn 0.806912422 0.00288733607 -0.590664148
vn 0.806912422 0.00288733607 -0.590664148
vn 0.849610686 0.49774152 -0.174399078
vn 0.849610686 0.49774152 -0.174399078
vn 0.849610686 0.49774152 -0.174399078
vn 0.654129088 0.457438469 0.602382958
vn 0.654129088 0.457438469 0.602382958
vn 0.654129088 0.457438469 0.602382958
vn -0.360803097 0.902066052 -0.236850068
vn -0.360803097 0.902066052 -0.236850068
vn -0.360803097 0.902066052 -0.236850068
vn -0.923449993 -0.334391356 0.188208446
vn -0.923449993 -0.334391356 0.188208446
vn -0.923449993 -0.334391356 0.188208446
vn -0.284489244 -0.919182658 -0.27234
vn -0.284489244 -0.919182658 -0.27234
vn -0.284489244 -0.919182658 -0.27234
vn -0.068371743 -0.906164944 0.41736114
vn -0.068371743 -0.906164944 0.41736114
vn -0.068371743 -0.906164944 0.41736114
vn -0.358846247 -0.914728045 0.185746863
vn -0.358846247 -0.914728045 0.185746863
vn -0.358846247 -0.914728045 0.185746863
vn 0.0787917823 0.873291433 -0.480784714
vn 0.0787917823 0.873291433 -0.480784714
vn 0.0787917823 0.873291433 -0.480784714
vn -0.681737304 0.0498423912 0.729897261
vn -0.681737304 0.0498423912 0.729897261
vn -0.681737304 0.0498423912 0.729897261
vn 0.853601456 0.50818038 0.114530466
vn 0.853601456 0.50818038 0.114530466
vn 0.853601456 0.50818038 0.114530466
vn 0.419406742 0.898317575 -0.13085705
vn 0.419406742 0.898317575 -0.13085705
vn 0.419406742 0.898317575 -0.13085705
vn 0.395253569 -0.916942358 0.0546915196
vn 0.395253569 -0.916942358 0.0546915196
vn 0.395253569 -0.916942358 0.0546915196
vn 0.81493479 0.407653004 0.411947012
vn 0.81493479 0.407653004 0.411947012
vn 0.81493479 0.407653004 0.411947012
vn -0.420469433 0.898391247 0.126880005
vn -0.420469433 0.898391247 0.126880005
vn -0.420469433 0.898391247 0.126880005
vn 0.0681992099 -0.906670392 -0.416290283
vn 0.0681992099 -0.906670392 -0.416290283
vn 0.0681992099 -0.906670392 -0.416290283
vn 0.897490919 0.403130233 -0.17887418
vn 0.897490919 0.403130233 -0.17887418
vn 0.897490919 0.403130233 -0.17887418
vn -0.0785019174 0.873566568 0.480332136
vn -0.0785019174 0.873566568 0.480332136
vn -0.0785019174 0.873566568 0.480332136
vn -0.390614063 -0.91912061 -0.0513609052
vn -0.390614063 -0.91912061 -0.0513609052
vn -0.390614063 -0.91912061 -0.0513609052
vn 0.290758997 -0.917449117 0.271562666
vn 0.290758997 -0.917449117 0.271562666
vn 0.290758997 -0.917449117 0.271562666
vn 0.363378793 0.901948869 0.233332738
vn 0.363378793 0.901948869 0.233332738
vn 0.363378793 0.901948869 0.233332738
vn 0.876787543 -0.465876937 0.119173162
vn 0.876787543 -0.465876937 0.119173162
vn 0.876787543 -0.465876937 0.119173162
vn 0.831190407 -0.348501146 0.433208406
vn 0.831190407 -0.348501146 0.433208406
vn 0.831190407 -0.348501146 0.433208406
vn -0.836556673 -0.338980019 -0.430424839
vn -0.836556673 -0.338980019 -0.430424839
vn -0.836556673 -0.338980019 -0.430424839
vn 0.919183969 -0.343304545 -0.192984149
vn 0.919183969 -0.343304545 -0.192984149
vn 0.919183969 -0.343304545 -0.192984149
vn 0.362774104 -0.914103508 -0.181134477
vn 0.362774104 -0.914103508 -0.181134477
vn 0.362774104 -0.914103508 -0.181134477
vn -0.722092032 0.00278268335 0.691791475
vn -0.722092032 0.00278268335 0.691791475
vn -0.722092032 0.00278268335 0.691791475
vn -0.830871403 0.466286629 0.303693086
vn -0.830871403 0.466286629 0.303693086
vn -0.830871403 0.466286629 0.303693086
vn -0.781984508 0.432006657 -0.449300051
vn -0.781984508 0.432006657 -0.449300051
vn -0.781984508 0.432006657 -0.449300051
vn 0.283070862 0.912618756 0.294954062
vn 0.283070862 0.912618756 0.294954062
vn 0.283070862 0.912618756 0.294954062
vn 0.931099117 -0.362820655 -0.037624456
vn 0.931099117 -0.362820655 -0.037624456
vn 0.931099117 -0.362820655 -0.037624456
vn 0.206822276 -0.925848424 0.316274107
vn 0.206822276 -0.925848424 0.316274107
vn 0.206822276 -0.925848424 0.316274107
vn 0.135699913 -0.906705499 -0.399337858
vn 0.135699913 -0.906705499 -0.399337858
vn 0.135699913 -0.906705499 -0.399337858
vn 0.357672781 -0.925359428 -0.125618801
vn 0.357672781 -0.925359428 -0.125618801
vn 0.357672781 -0.925359428 -0.125618801
vn -0.156377628 0.87397784 0.460118234
vn -0.156377628 0.87397784 0.460118234
vn -0.156377628 0.87397784 0.460118234
vn 0.77197665 0.0520925298 -0.633512676
vn 0.77197665 0.0520925298 -0.633512676
vn 0.77197665 0.0520925298 -0.633512676
vn -0.794411182 0.544368386 -0.269395262
vn -0.794411182 0.544368386 -0.269395262
vn -0.794411182 0.544368386 -0.269395262
vn -0.404166102 0.912629843 0.0612898096
vn -0.404166102 0.912629843 0.0612898096
vn -0.404166102 0.912629843 0.0612898096
vn -0.347932696 -0.929839015 -0.119759157
vn -0.347932696 -0.929839015 -0.119759157
vn -0.347932696 -0.929839015 -0.119759157
vn -0.695979655 0.433856994 -0.572171688
vn -0.695979655 0.433856994 -0.572171688
vn -0.695979655 0.433856994 -0.572171688
vn 0.404474556 0.912760854 -0.0571656786
vn 0.404474556 0.912760854 -0.0571656786
vn 0.404474556 0.912760854 -0.0571656786
vn -0.135367841 -0.907197416 0.398331881
vn -0.135367841 -0.907197416 0.398331881
vn -0.135367841 -0.907197416 0.398331881
vn -0.89970243 0.435319692 0.0321290754
vn -0.89970243 0.435319692 0.0321290754
vn -0.89970243 0.435319692 0.0321290754
vn 0.156029746 0.874244273 -0.459730059
vn 0.156029746 0.874244273 -0.459730059
vn 0.156029746 0.874244273 -0.459730059
vn 0.344215691 -0.931740701 0.115648903
vn 0.344215691 -0.931740701 0.115648903
vn 0.344215691 -0.931740701 0.115648903
vn -0.212693483 -0.924407482 -0.31659466
vn -0.212693483 -0.924407482 -0.31659466
vn -0.212693483 -0.924407482 -0.31659466
vn -0.286077052 0.912668407 -0.291884035
vn -0.286077052 0.912668407 -0.291884035
vn -0.286077052 0.912668407 -0.291884035
vn -0.819037735 -0.501057327 -0.279497474
vn -0.819037735 -0.501057327 -0.279497474
vn -0.819037735 -0.501057327 -0.279497474
vn -0.709310532 -0.371890157 -0.598812461
vn -0.709310532 -0.371890157 -0.598812461
vn -0.709310532 -0.371890157 -0.598812461
vn 0.715686142 -0.362063557 0.597246408
vn 0.715686142 -0.362063557 0.597246408
vn 0.715686142 -0.362063557 0.597246408
vn -0.927142262 -0.372180969 0.0434584394
vn -0.927142262 -0.372180969 0.0434584394
vn -0.927142262 -0.372180969 0.0434584394
vn -0.360485911 -0.924962521 0.120391734
vn -0.360485911 -0.924962521 0.120391734
vn -0.360485911 -0.924962521 0.120391734
vn 0.806912422 0.00288919569 -0.590664029
vn 0.806912422 0.00288919569 -0.590664029
vn 0.806912422 0.00288919569 -0.590664029
vn 0.849612892 0.49774161 -0.174387902
vn 0.849612892 0.49774161 -0.174387902
vn 0.849612892 0.49774161 -0.174387902
vn 0.654133976 0.457435131 0.602380216
vn 0.654133976 0.457435131 0.602380216
vn 0.654133976 0.457435131 0.602380216
vn -0.360804528 0.902065277 -0.236851007
vn -0.360804528 0.902065277 -0.236851007
vn -0.360804528 0.902065277 -0.236851007
vn -0.923453391 -0.334388107 0.188197866
vn -0.923453391 -0.334388107 0.188197866
vn -0.923453391 -0.334388107 0.188197866
vn -0.284488738 -0.919182241 -0.272341818
vn -0.284488738 -0.919182241 -0.272341818
vn -0.284488738 -0.919182241 -0.272341818
vn -0.0683716014 -0.906164646 0.417361856
vn -0.0683716014 -0.906164646 0.417361856
vn -0.0683716014 -0.906164646 0.417361856
vn -0.358844787 -0.91472888 0.185745478
vn -0.358844787 -0.91472888 0.185745478
vn -0.358844787 -0.91472888 0.185745478
vn 0.0787928924 0.873292923 -0.480781883
vn 0.0787928924 0.873292923 -0.480781883
vn 0.0787928924 0.873292923 -0.480781883
vn -0.681735694 0.0498438217 0.729898691
vn -0.681735694 0.0498438217 0.729898691
vn -0.681735694 0.0498438217 0.729898691
vn 0.853601277 0.508180618 0.114530526
vn 0.853601277 0.508180618 0.114530526
vn 0.853601277 0.508180618 0.114530526
vn 0.419403285 0.898319662 -0.130853608
vn 0.419403285 0.898319662 -0.130853608
vn 0.419403285 0.898319662 -0.130853608
vn 0.39525339 -0.91694206 0.0546983406
vn 0.39525339 -0.91694206 0.0546983406
vn 0.39525339 -0.91694206 0.0546983406
vn 0.814930737 0.407651246 0.411956698
vn 0.814930737 0.407651246 0.411956698
vn 0.814930737 0.407651246 0.411956698
vn -0.420469135 0.898391962 0.126876801
vn -0.420469135 0.898391962 0.126876801
vn -0.420469135 0.898391962 0.126876801
vn 0.0681989416 -0.906669497 -0.41629234
vn 0.0681989416 -0.906669497 -0.41629234
vn 0.0681989416 -0.906669497 -0.41629234
vn 0.897491574 0.403129578 -0.178872436
vn 0.897491574 0.403129578 -0.178872436
vn 0.897491574 0.403129578 -0.178872436
vn -0.0785019919 0.873565018 0.480334967
vn -0.0785019919 0.873565018 0.480334967
vn -0.0785019919 0.873565018 0.480334967
vn -0.390613973 -0.919120729 -0.0513609126
vn -0.390613973 -0.919120729 -0.0513609126
vn -0.390613973 -0.919120729 -0.0513609126
vn 0.290760398 -0.917450309 0.271557152
vn 0.290760398 -0.917450309 0.271557152
vn 0.290760398 -0.917450309 0.271557152
vn 0.363379866 0.901949823 0.23332715
vn 0.363379866 0.901949823 0.23332715
vn 0.363379866 0.901949823 0.23332715
vn 0.876788676 -0.465873361 0.119178839
vn 0.876788676 -0.465873361 0.119178839
vn 0.876788676 -0.465873361 0.119178839
vn 0.831192493 -0.348501205 0.433204293
vn 0.831192493 -0.348501205 0.433204293
vn 0.831192493 -0.348501205 0.433204293
vn -0.836559355 -0.338982195 -0.430417895
vn -0.836559355 -0.338982195 -0.430417895
vn -0.836559355 -0.338982195 -0.430417895
vn 0.919185758 -0.343301624 -0.192980692
vn 0.919185758 -0.343301624 -0.192980692
vn 0.919185758 -0.343301624 -0.192980692
vn 0.362772495 -0.914104402 -0.181133494
vn 0.362772495 -0.914104402 -0.181133494
vn 0.362772495 -0.914104402 -0.181133494
vn -0.722091973 0.00278060883 0.691791594
vn -0.722091973 0.00278060883 0.691791594
vn -0.722091973 0.00278060883 0.691791594
vn -0.830873132 0.466283113 0.303693652
vn -0.830873132 0.466283113 0.303693652
vn -0.830873132 0.466283113 0.303693652
vn -0.781985939 0.432006419 -0.449297637
vn -0.781985939 0.432006419 -0.449297637
vn -0.781985939 0.432006419 -0.449297637
vn -0 -1 0
vn -0 -1 0
vn -0 -1 0
vn -0 -1 0
vn -0 -1 0
vn -0 -1 0
vn -0 -1 0
vn -0 -1 0
vn -0 1 0
vn -0 1 0
vn -0 1 0
vn -0 1 0
vn 1 0 0
vn 1 0 0
vn 1 0 0
vn 1 0 0
vn -1 0 0
vn -1 0 0
vn -1 0 0
vn -1 0 0
vn -0 1 0
vn -0 1 0
vn -0 1 0
vn -0 1 0
vn -0 1 0
vn -0 1 0
vn -0 1 0
vn -0 1 0
vn -0 1 0
vn -0 1 0
vn -0 1 0
vn -0 1 0
vn -1 0 0
vn -1 0 0
vn -1 0 0
vn -1 0 0
vn -0 1 0
vn -0 1 0
vn -0 1 0
vn -0 1 0
vn 1 0 0
vn 1 0 0
vn 1 0 0
vn 1 0 0
vn -1 0 0
vn -1 0 0
vn -1 0 0
vn -1 0 0
vn -0 -1 0
vn -0 -1 0
vn -0 -1 0
vn -0 -1 0
vn -0 -1 0
vn -0 -1 0
vn -0 -1 0
vn -0 -1 0
vn -0 -1 0
vn -0 -1 0
vn -0 -1 0
vn -0 -1 0
vn -0 -1 0
vn -0 -1 0
vn -0 -1 0
vn -0 -1 0
vn -0 1 0
vn -0 1 0
vn -0 1 0
vn -0 1 0
vn -0 1 0
vn -0 1 0
vn -0 1 0
vn -0 1 0
vn -0 1 0
vn -0 1 0
vn -0 1 0
vn -0 1 0
vn -0 1 0
vn -0 1 0
vn -0 1 0
vn -0 1 0
vn 1 0 0
vn 1 0 0
vn 1 0 0
vn 1 0 0
vn 1 0 0
vn 1 0 0
vn 1 0 0
vn 1 0 0
vn 1 0 0
vn 1 0 0
vn 1 0 0
vn 1 0 0
vn 1 0 0
vn 1 0 0
vn 1 0 0
vn 1 0 0
vn 1 0 0
vn 1 0 0
vn 1 0 0
vn 1 0 0
vn -1 0 0
vn -1 0 0
vn -1 0 0
vn -1 0 0
vn -1 0 0
vn -1 0 0
vn -1 0 0
vn -1 0 0
vn -0 -1 0
vn -0 -1 0
vn -0 -1 0
vn -0 -1 0
vn -0 1 0
vn -0 1 0
vn -0 1 0
vn -0 1 0
vn 1 0 0
vn 1 0 0
vn 1 0 0
vn 1 0 0
vn -1 0 0
vn -1 0 0
vn -1 0 0
vn -1 0 0
vn -0 -1 0
vn -0 -1 0
vn -0 -1 0
vn -0 -1 0
vn -0 0 1
vn -0 0 1
vn -0 0 1
vn -0 0 1
vn -0 0 1
vn -0 0 1
vn -0 0 1
vn -0 0 1
vn -0 0 1
vn -0 0 1
vn -0 0 1
vn -0 0 1
vn -0 0 1
vn -0 0 1
vn -0 0 1
vn -0 0 1
vn -0 0 1
vn -0 0 1
vn -0 0 1
vn -0 0 1
vn -0 0 1
vn -0 0 1
vn -0 0 1
vn -0 0 1
vn -0 0 1
vn -0 0 1
vn -0 0 1
vn -0 0 1
vn -0 0 1
vn -0 0 1
vn -0 0 1
vn -0 0 1
vn -0 0 1
vn -0 0 1
vn -0 0 1
vn -0 0 1
vn -0 0 1
vn -0 0 1
vn -0 0 1
vn -0 0 1
vn -0 0 1
vn -0 0 1
vn -0 0 1
vn -0 0 1
vn -0 0 1
vn -0 0 1
vn -0 0 1
vn -0 0 1
vn -0 0 1
vn -0 0 1
vn -0 0 1
vn -0 0 1
vn -0 0 1
vn -0 0 1
vn -0 0 1
vn -0 0 1
vn -0 0 1
vn -0 0 1
vn -0 0 1
vn -0 0 1
vn -0 0 1
vn -0 0 1
vn -0 0 1
vn -0 0 1
vn -0 0 1
vn -0 0 1
vn -0 0 1
vn -0 0 1
vn -0 0 1
vn -0 0 1
vn -0 0 1
vn -0 0 1
vn -0 0 1
vn -0 0 1
vn -0 0 1
vn -0 0 1
vn -0 0 1
vn -0 0 1
vn -0 0 1
vn -0 0 1
vn -0 0 1
vn -0 0 1
vn -0 0 1
vn -0 0 1
vn -0 0 1
vn -0 0 1
vn -0 0 1
vn -0 0 1
vn -0 0 1
vn -0 0 1
vn -0 0 1
vn -0 0 1
vn -0 0 1
vn -0 0 1
vn -0 0 1
vn -0 0 1
vn -0 0 1
vn -0 0 1
vn -0 0 1
vn -0 0 1
vn -0 0 1
vn -0 0 1
vn -0 0 1
vn -0 0 1
vn -0 0 1
vn -0 0 1
vn -0 0 1
vn -0 0 1
vn -0 0 1
vn -0 0 1
vn -0 0 1
vn -0 0 1
vn -0 0 1
vn -0 0 1
vn -0 0 1
vn -0 0 1
vn -0 0 1
vn -0 0 1
vn -0 0 1
vn -0 0 1
vn -0 0 1
vn -0 0 1
vn -0 0 1
vn -0 0 1
vn -0 0 1
vn -0 0 1
vn -0 0 1
vn -0 0 1
vn -0 0 1
vn -1 0 0
vn -1 0 0
vn -1 0 0
vn -1 0 0
vn 1 0 0
vn 1 0 0
vn 1 0 0
vn 1 0 0
vn -0 1 0
vn -0 1 0
vn -0 1 0
vn -0 1 0
vn -1 0 0
vn -1 0 0
vn -1 0 0
vn -1 0 0
vn -0 -1 0
vn -0 -1 0
vn -0 -1 0
vn -0 -1 0
vn -1 0 0
vn -1 0 0
vn -1 0 0
vn -1 0 0
vn 1 0 0
vn 1 0 0
vn 1 0 0
vn 1 0 0
vn -0 1 0
vn -0 1 0
vn -0 1 0
vn -0 1 0
vn 1 0 0
vn 1 0 0
vn 1 0 0
vn 1 0 0
vn -0 1 0
vn -0 1 0
vn -0 1 0
vn -0 1 0
vn -0 -1 0
vn -0 -1 0
vn -0 -1 0
vn -0 -1 0
vn -1 0 0
vn -1 0 0
vn -1 0 0
vn -1 0 0
vn -0 -1 0
vn -0 -1 0
vn -0 -1 0
vn -0 -1 0
vn 1 0 0
vn 1 0 0
vn 1 0 0
vn 1 0 0
vn -0 1 0
vn -0 1 0
vn -0 1 0
vn -0 1 0
vn -0 -1 0
vn -0 -1 0
vn -0 -1 0
vn -0 -1 0
vn -0 -1 0
vn -0 -1 0
vn -0 -1 0
vn -0 -1 0
vn 1 0 0
vn 1 0 0
vn 1 0 0
vn 1 0 0
vn -0 -1 0
vn -0 -1 0
vn -0 -1 0
vn -0 -1 0
vn 1 0 0
vn 1 0 0
vn 1 0 0
vn 1 0 0
vn -0 -1 0
vn -0 -1 0
vn -0 -1 0
vn -0 -1 0
vn -1 0 0
vn -1 0 0
vn -1 0 0
vn -1 0 0
vn 1 0 0
vn 1 0 0
vn 1 0 0
vn 1 0 0
vn -0 1 0
vn -0 1 0
vn -0 1 0
vn -0 1 0
vn 1 0 0
vn 1 0 0
vn 1 0 0
vn 1 0 0
vn -1 0 0
vn -1 0 0
vn -1 0 0
vn -1 0 0
vn 1 0 0
vn 1 0 0
vn 1 0 0
vn 1 0 0
vn -0 -1 0
vn -0 -1 0
vn -0 -1 0
vn -0 -1 0
vn -0 -1 0
vn -0 -1 0
vn -0 -1 0
vn -0 -1 0
vn -0 -1 0
vn -0 -1 0
vn -0 -1 0
vn -0 -1 0
vn -0 -1 0
vn -0 -1 0
vn -0 -1 0
vn -0 -1 0
vn -0 1 0
vn -0 1 0
vn -0 1 0
vn -0 1 0
vn -0 1 0
vn -0 1 0
vn -0 1 0
vn -0 1 0
vn -0 1 0
vn -0 1 0
vn -0 1 0
vn -0 1 0
vn -0 1 0
vn -0 1 0
vn -0 1 0
vn -0 1 0
vn -1 0 0
vn -1 0 0
vn -1 0 0
vn -1 0 0
vn -1 0 0
vn -1 0 0
vn -1 0 0
vn -1 0 0
vn -1 0 0
vn -1 0 0
vn -1 0 0
vn -1 0 0
vn -1 0 0
vn -1 0 0
vn -1 0 0
vn -1 0 0
vn -1 0 0
vn -1 0 0
vn -1 0 0
vn -1 0 0
vn 1 0 0
vn 1 0 0
vn 1 0 0
vn 1 0 0
vn 1 0 0
vn 1 0 0
vn 1 0 0
vn 1 0 0
vn -0 -1 0
vn -0 -1 0
vn -0 -1 0
vn -0 -1 0
vn -0 1 0
vn -0 1 0
vn -0 1 0
vn -0 1 0
vn -1 0 0
vn -1 0 0
vn -1 0 0
vn -1 0 0
vn 1 0 0
vn 1 0 0
vn 1 0 0
vn 1 0 0
vn -0 -1 0
vn -0 -1 0
vn -0 -1 0
vn -0 -1 0
vn 1 0 0
vn 1 0 0
vn 1 0 0
vn 1 0 0
vn -1 0 0
vn -1 0 0
vn -1 0 0
vn -1 0 0
vn -0 1 0
vn -0 1 0
vn -0 1 0
vn -0 1 0
vn 1 0 0
vn 1 0 0
vn 1 0 0
vn 1 0 0
vn -0 -1 0
vn -0 -1 0
vn -0 -1 0
vn -0 -1 0
vn 1 0 0
vn 1 0 0
vn 1 0 0
vn 1 0 0
vn -1 0 0
vn -1 0 0
vn -1 0 0
vn -1 0 0
vn -0 1 0
vn -0 1 0
vn -0 1 0
vn -0 1 0
vn -1 0 0
vn -1 0 0
vn -1 0 0
vn -1 0 0
vn -0 1 0
vn -0 1 0
vn -0 1 0
vn -0 1 0
vn -0 -1 0
vn -0 -1 0
vn -0 -1 0
vn -0 -1 0
vn 1 0 0
vn 1 0 0
vn 1 0 0
vn 1 0 0
vn -0 -1 0
vn -0 -1 0
vn -0 -1 0
vn -0 -1 0
vn -1 0 0
vn -1 0 0
vn -1 0 0
vn -1 0 0
vn -0 1 0
vn -0 1 0
vn -0 1 0
vn -0 1 0
vn -1 0 0
vn -1 0 0
vn -1 0 0
vn -1 0 0
vn -1 0 0
vn -1 0 0
vn -1 0 0
vn -1 0 0
vn -0 0 1
vn -0 0 1
vn -0 0 1
vn -0 0 1
vn -0 0 1
vn -0 0 1
vn -0 0 1
vn -0 0 1
vn -0 0 1
vn -0 0 1
vn -0 0 1
vn -0 0 1
vn -0 0 1
vn -0 0 1
vn -0 0 1
vn -0 0 1
vn -0 0 1
vn -0 0 1
vn -0 0 1
vn -0 0 1
vn -0 0 1
vn -0 0 1
vn -0 0 1
vn -0 0 1
vn -0 0 1
vn -0 0 1
vn -0 0 1
vn -0 0 1
vn -0 0 1
vn -0 0 1
vn -0 0 1
vn -0 0 1
vn -0 0 1
vn -0 0 1
vn -0 0 1
vn -0 0 1
vn -0 0 1
vn -0 0 1
vn -0 0 1
vn -0 0 1
vn -0 0 1
vn -0 0 1
vn -0 0 1
vn -0 0 1
vn -0 0 1
vn -0 0 1
vn -0 0 1
vn -0 0 1
vn -0 0 1
vn -0 0 1
vn -0 0 1
vn -0 0 1
vn -0 0 1
vn -0 0 1
vn -0 0 1
vn -0 0 1
vn -0 0 1
vn -0 0 1
vn -0 0 1
vn -0 0 1
vn -0 0 1
vn -0 0 1
vn -0 0 1
vn -0 0 1
vn -0 0 1
vn -0 0 1
vn -0 0 1
vn -1 0 0
vn -1 0 0
vn -1 0 0
vn -1 0 0
vn 1 0 0
vn 1 0 0
vn 1 0 0
vn 1 0 0
vn 1 0 0
vn 1 0 0
vn -0 1 0
vn -0 1 0
vn -0 1 0
vn -0 1 0
vn -1 0 0
vn -1 0 0
vn -1 0 0
vn -1 0 0
vn -0 1 0
vn -0 1 0
vn -0 1 0
vn -0 1 0
vn -0 -1 0
vn -0 -1 0
vn -0 -1 0
vn -0 -1 0
vn -0 -1 0
vn -0 0 1
vn -0 0 1
vn -0 0 1
vn -0 0 1
vn -0 0 1
vn -0 0 1
vn -0 0 1
vn -0 0 1
vn -0 0 1
vn -0 0 1
vn -0 0 1
vn -0 0 1
vn -0 0 1
vn -0 0 1
vn -0 0 1
vn -0 0 1
vn -0 0 1
vn -0 0 1
vn -0 0 1
vn -0 0 1
vn -0 0 1
vn -1 0 0
vn -1 0 0
vn -1 0 0
vn -1 0 0
vn 1 0 0
vn 1 0 0
vn 1 0 0
vn 1 0 0
vn 1 0 0
vn 1 0 0
vn -0 1 0
vn -0 1 0
vn -0 1 0
vn -0 1 0
vn -1 0 0
vn -1 0 0
vn -1 0 0
vn -1 0 0
vn -0 1 0
vn -0 1 0
vn -0 1 0
vn -0 1 0
vn -0 -1 0
vn -0 -1 0
vn -0 -1 0
vn -0 -1 0
vn -0 -1 0
vn -0 0 1
vn -0 0 1
vn -0 0 1
vn -0 0 1
vn -0 0 1
vn -0 0 1
vn -0 0 1
vn -0 0 1
vn -0 0 1
vn -0 0 1
vn -0 0 1
vn -0 0 1
vn -0 0 1
vn -0 0 1
vn -0 0 1
vn -0 0 1
vn -0 0 1
vn -0 0 1
vn -0 0 1
vn -1 0 0
vn -1 0 0
vn -1 0 0
vn -1 0 0
vn 1 0 0
vn 1 0 0
vn 1 0 0
vn 1 0 0
vn 1 0 0
vn 1 0 0
vn -0 1 0
vn -0 1 0
vn -0 1 0
vn -0 1 0
vn -1 0 0
vn -1 0 0
vn -1 0 0
vn -1 0 0
vn -0 1 0
vn -0 1 0
vn -0 1 0
vn -0 1 0
vn -0 -1 0
vn -0 -1 0
vn -0 -1 0
vn -0 -1 0
vn -0 -1 0
vn -0 0 1
vn -0 0 1
vn -0 0 1
vn -0 0 1
vn -0 0 1
vn -0 0 1
vn -0 0 1
vn -0 0 1
vn -0 0 1
vn -0 0 1
vn -0 0 1
vn -0 0 1
vn -0 0 1
vn -0 0 1
vn -0 0 1
vn -0 0 1
vn -0 0 1
vn -0 0 1
vn -0 0 1
vn -0 0 1
vn -0 0 1
vn -0 0 1
vn -0 0 1
vn -0 0 1
vn -0 0 1
vn -1 0 0
vn -1 0 0
vn -1 0 0
vn -1 0 0
vn 1 0 0
vn 1 0 0
vn 1 0 0
vn 1 0 0
vn 1 0 0
vn 1 0 0
vn -0 1 0
vn -0 1 0
vn -0 1 0
vn -0 1 0
vn -1 0 0
vn -1 0 0
vn -1 0 0
vn -1 0 0
vn -0 1 0
vn -0 1 0
vn -0 1 0
vn -0 1 0
vn -0 -1 0
vn -0 -1 0
vn -0 -1 0
vn -0 -1 0
vn -0 -1 0
vn -0 0 1
vn -0 0 1
vn -0 0 1
vn -0 0 1
vn -0 0 1
vn -0 0 1
vn -0 0 1
vn -0 0 1
vn -0 0 1
vn -0 0 1
vn -0 0 1
vn -0 0 1
vn -0 0 1
vn -0 0 1
vn -0 0 1
vn -0 0 1
vn -0 0 1
vn -0 0 1
vn -0 0 1
vn -0 0 1
vn -0 0 1
vn -1 0 0
vn -1 0 0
vn -1 0 0
vn -1 0 0
vn 1 0 0
vn 1 0 0
vn 1 0 0
vn 1 0 0
vn 1 0 0
vn 1 0 0
vn -0 1 0
vn -0 1 0
vn -0 1 0
vn -0 1 0
vn -1 0 0
vn -1 0 0
vn -1 0 0
vn -1 0 0
vn -0 1 0
vn -0 1 0
vn -0 1 0
vn -0 1 0
vn -0 -1 0
vn -0 -1 0
vn -0 -1 0
vn -0 -1 0
vn -0 -1 0
vn -0 0 1
vn -0 0 1
vn -0 0 1
vn -0 0 1
vn -0 0 1
vn -0 0 1
vn -0 0 1
vn -0 0 1
vn -0 0 1
vn -0 0 1
vn -0 0 1
vn -0 0 1
vn -0 0 1
vn -0 0 1
vn -0 0 1
vn -0 0 1
vn -0 0 1
vn -0 0 1
vn -0 0 1
vn -0 0 1
vn -0 0 1
vn -0 0 1
vn -0 0 1
vn -0 0 1
vn -0 0 1
vn -0 0 1
vn -0 0 1
vn -0 0 1
vn 1 0 0
vn 1 0 0
vn 1 0 0
vn 1 0 0
vn -1 0 0
vn -1 0 0
vn -1 0 0
vn -1 0 0
vn -0 0 1
vn -0 0 1
vn -0 0 1
vn -0 0 1
vn -0 0 1
vn -0 0 1
vn -0 0 1
vn -0 0 -1
vn -0 0 -1
vn -0 0 -1
vn -0 0 -1
vn -0 0 -1
vn -0 0 -1
vn -0 0 -1
vn -0 0 -1
vn -0 0 -1
vn -0 0 -1
vn -0 0 1
vn -0 0 1
vn -0 0 1
vn -0 0 1
vn -0 0 1
vn -0 0 1
vn -0 0 1
vn -0 0 1
vn -1 0 0
vn -1 0 0
vn -1 0 0
vn -1 0 0
vn -1 0 0
vn -1 0 0
vn -1 0 0
vn -0 0 1
vn -0 0 1
vn -0 0 1
vn -0 0 1
vn -0 0.99062109 0.136637837
vn -0 0.99062109 0.136637837
vn -0 0.99062109 0.136637837
vn -0 0.99062109 0.136637837
vn -0 1 0
vn -0 1 0
vn -0 1 0
vn -0 1 0
vn -0 -1 0
vn -0 -1 0
vn -0 -1 0
vn -0 -1 0
vn 1 0 0
vn 1 0 0
vn 1 0 0
vn 1 0 0
vn -0 0 1
vn -0 0 1
vn -0 0 1
vn -0 0 1
vn -0.0619047023 0.990374625 0.123797596
vn -0.0619047023 0.990374625 0.123797596
vn -0.0619047023 0.990374625 0.123797596
vn -0.0619047023 0.990374625 0.123797596
vn -0 0 -1
vn -0 0 -1
vn -0 0 -1
vn -0 0 -1
vn -0 0.209671125 0.977771997
vn -0 0.209671125 0.977771997
vn -0 0.209671125 0.977771997
vn -0 0.209671125 0.977771997
vn -0 0.99062109 -0.136637881
vn -0 0.990620971 -0.136638254
vn -0 0.990620971 -0.136638254
vn -0 0.99062109 -0.136637881
vn -0 0.99062109 -0.136637881
vn -0 0.99062109 -0.136637881
vn -0 0.990620971 -0.136638045
vn -0 0.990620971 -0.136638045
vn -0 1 0
vn -0 1 0
vn -0 1 0
vn -0 1 0
vn -0 1 0
vn -0 1 0
vn -0 1 0
vn -0 1 0
vn -0 1 0
vn -0 1 0
vn -0 1 0
vn -0 1 0
vn -0 0.209671289 -0.977771997
vn -0 0.209671289 -0.977771997
vn -0 0.209671289 -0.977771997
vn -0 0.209671289 -0.977771997
vn -1 0 0
vn -1 0 0
vn -1 0 0
vn -1 0 0
vn 1 0 0
vn 1 0 0
vn 1 0 0
vn 1 0 0
vn -0 0 1
vn -0 0 1
vn -0 0 1
vn -0 0 1
vn -0 0 1
vn -0 0 1
vn -0 0 1
vn 1 0 0
vn 1 0 0
vn 1 0 0
vn 1 0 0
vn 1 0 0
vn 1 0 0
vn 1 0 0
vn -0 0 1
vn -0 0 1
vn -0 0 1
vn -0 0 1
vn -0 1 0
vn -0 1 0
vn -0 1 0
vn -0 1 0
vn -0 -1 0
vn -0 -1 0
vn -0 -1 0
vn -0 -1 0
vn -1 0 0
vn -1 0 0
vn -1 0 0
vn -1 0 0
vn -0 0 1
vn -0 0 1
vn -0 0 1
vn -0 0 1
vn 0.0618992113 0.990374982 0.123797432
vn 0.0618992113 0.990374982 0.123797432
vn 0.0618992113 0.990374982 0.123797432
vn 0.0618992113 0.990374982 0.123797432
vn -0 0.209669665 0.977772355
vn -0 0.209669665 0.977772355
vn -0 0.209669665 0.977772355
vn -0 0.209669665 0.977772355
vn -0 1 0
vn -0 1 0
vn -0 1 0
vn -0 1 0
vn -0 0.209669814 -0.977772236
vn -0 0.209669814 -0.977772236
vn -0 0.209669814 -0.977772236
vn -0 0.209669814 -0.977772236
vn 1 0 0
vn 1 0 0
vn 1 0 0
vn 1 0 0
vn -1 0 0
vn -1 0 0
vn -1 0 0
vn -1 0 0
vn -0 0 1
vn -0 0 1
vn -0 0 1
vn -0 0 1
vn -0 0 1
vn -0 0 1
vn -0 0 1
vn -0 0 1
vn -0 0 1
vn -0 0 1
vn -0 0 1
vn -0 0 1
vn -0 0 -1
vn -0 0 -1
vn -0 0 -1
vn -0 0 -1
vn -0 0 -1
vn -0 0 -1
vn -0 0 -1
vn -0 0 -1
vn -0 0 1
vn -0 0 1
vn -0 0 1
vn -0 0 1
vn -1 0 0
vn -1 0 0
vn -1 0 0
vn -1 0 0
vn -1 0 0
vn -1 0 0
vn -1 0 0
vn -0 0 1
vn -0 0 1
vn -0 0 1
vn -0 0 1
vn -0 0.99062109 0.136637941
vn -0 0.99062109 0.136637941
vn -0 0.99062109 0.136637941
vn -0 0.99062109 0.136637941
vn -0 1 0
vn -0 1 0
vn -0 1 0
vn -0 1 0
vn -0 -1 0
vn -0 -1 0
vn -0 -1 0
vn -0 -1 0
vn 1 0 0
vn 1 0 0
vn 1 0 0
vn 1 0 0
vn -0 0 1
vn -0 0 1
vn -0 0 1
vn -0 0 1
vn -0.0619047098 0.990374744 0.123797126
vn -0.0619047098 0.990374744 0.123797126
vn -0.0619047098 0.990374744 0.123797126
vn -0.0619047098 0.990374744 0.123797126
vn -0 0 -1
vn -0 0 -1
vn -0 0 -1
vn -0 0 -1
vn -0 0.209671125 0.977771997
vn -0 0.209671125 0.977771997
vn -0 0.209671125 0.977771997
vn -0 0.209671125 0.977771997
vn -0 0.99062109 -0.136637971
vn -0 0.99062109 -0.136637732
vn -0 0.99062109 -0.136637732
vn -0 0.99062109 -0.136637971
vn -0 0.99062109 -0.136637971
vn -0 0.99062109 -0.136637971
vn -0 0.99062109 -0.136637524
vn -0 0.99062109 -0.136637524
vn -0 1 0
vn -0 1 0
vn -0 1 0
vn -0 1 0
vn -0 1 0
vn -0 1 0
vn -0 1 0
vn -0 1 0
vn -0 1 0
vn -0 1 0
vn -0 1 0
vn -0 1 0
vn -0 0.209671289 -0.977771997
vn -0 0.209671289 -0.977771997
vn -0 0.209671289 -0.977771997
vn -0 0.209671289 -0.977771997
vn -1 0 0
vn -1 0 0
vn -1 0 0
vn -1 0 0
vn 1 0 0
vn 1 0 0
vn 1 0 0
vn 1 0 0
vn -0 0 1
vn -0 0 1
vn -0 0 1
vn -0 0 1
vn 1 0 0
vn 1 0 0
vn 1 0 0
vn 1 0 0
vn 1 0 0
vn 1 0 0
vn 1 0 0
vn -0 0 1
vn -0 0 1
vn -0 0 1
vn -0 0 1
vn -0 1 0
vn -0 1 0
vn -0 1 0
vn -0 1 0
vn -0 -1 0
vn -0 -1 0
vn -0 -1 0
vn -0 -1 0
vn -1 0 0
vn -1 0 0
vn -1 0 0
vn -1 0 0
vn -0 0 1
vn -0 0 1
vn -0 0 1
vn -0 0 1
vn 0.0618992187 0.990375102 0.123796962
vn 0.0618992187 0.990375102 0.123796962
vn 0.0618992187 0.990375102 0.123796962
vn 0.0618992187 0.990375102 0.123796962
vn -0 0.209670767 0.977772117
vn -0 0.209670767 0.977772117
vn -0 0.209670767 0.977772117
vn -0 0.209670767 0.977772117
vn -0 -1 0
vn -0 -1 0
vn -0 -1 0
vn -0 -1 0
vn -0 1 0
vn -0 1 0
vn -0 1 0
vn -0 1 0
vn -0 0.209670901 -0.977771997
vn -0 0.209670901 -0.977771997
vn -0 0.209670901 -0.977771997
vn -0 0.209670901 -0.977771997
vn -0 -1 0
vn -0 -1 0
vn -0 -1 0
vn -0 -1 0
vn 1 0 0
vn 1 0 0
vn 1 0 0
vn 1 0 0
vn -1 0 0
vn -1 0 0
vn -1 0 0
vn -1 0 0
vn -0 0 1
vn -0 0 1
vn -0 0 1
vn -0 0 1
vn -0 0 1
vn -0 0 1
vn -0 0 1
vn -0 0 1
vn -0 0 1
vn -0 0 1
vn -0 0 1
vn -0 0 1
vn -0 0 -1
vn -0 0 -1
vn -0 0 -1
vn -0 0 -1
vn -0 0 -1
vn -0 0 -1
vn -0 0 -1
vn -0 0 -1
vn -0 0 1
vn -0 0 1
vn -0 0 1
vn -0 0 1
vn -0 0 1
vn -0 0 1
vn -0 0 1
vn -0 0 1
vn -0 0.99062109 0.136637896
vn -0 0.99062109 0.136637896
vn -0 0.99062109 0.136637896
vn -0 0.99062109 0.136637896
vn -0 1 0
vn -0 1 0
vn -0 1 0
vn -0 1 0
vn -0 -1 0
vn -0 -1 0
vn -0 -1 0
vn -0 -1 0
vn 1 0 0
vn 1 0 0
vn 1 0 0
vn 1 0 0
vn -0 0 1
vn -0 0 1
vn -0 0 1
vn -0 0 1
vn -0.06190392 0.990374744 0.123797253
vn -0.06190392 0.990374744 0.123797253
vn -0.06190392 0.990374744 0.123797253
vn -0.06190392 0.990374744 0.123797253
vn -0 1 0
vn -0 1 0
vn -0 1 0
vn -0 1 0
vn -0 1 0
vn -0 0 -1
vn -0 0 -1
vn -0 0 -1
vn -0 0 -1
vn -0 0.209670931 0.977771997
vn -0 0.209670931 0.977771997
vn -0 0.209670931 0.977771997
vn -0 0.209670931 0.977771997
vn -0 0.99062109 -0.136637941
vn -0 0.99062109 -0.136637911
vn -0 0.99062109 -0.136637911
vn -0 0.99062109 -0.136637941
vn -0 0.99062109 -0.136637941
vn -0 0.99062109 -0.136637941
vn -0 0.99062109 -0.136637911
vn -0 0.99062109 -0.136637911
vn -0 1 0
vn -0 1 0
vn -0 1 0
vn -0 1 0
vn -1 0 0
vn -1 0 0
vn -1 0 0
vn -1 0 0
vn -1 0 0
vn -1 0 0
vn -1 0 0
vn -0 1 0
vn -0 1 0
vn -0 1 0
vn -0 1 0
vn -0 0.209671095 -0.977771997
vn -0 0.209671095 -0.977771997
vn -0 0.209671095 -0.977771997
vn -0 0.209671095 -0.977771997
vn -1 0 0
vn -1 0 0
vn -1 0 0
vn -1 0 0
vn 1 0 0
vn 1 0 0
vn 1 0 0
vn 1 0 0
vn -0 0 1
vn -0 0 1
vn -0 0 1
vn -0 0 1
vn 1 0 0
vn 1 0 0
vn 1 0 0
vn 1 0 0
vn 1 0 0
vn 1 0 0
vn 1 0 0
vn -0 0 1
vn -0 0 1
vn -0 0 1
vn -0 0 1
vn -0 1 0
vn -0 1 0
vn -0 1 0
vn -0 1 0
vn -0 -1 0
vn -0 -1 0
vn -0 -1 0
vn -0 -1 0
vn -1 0 0
vn -1 0 0
vn -1 0 0
vn -1 0 0
vn -0 0 1
vn -0 0 1
vn -0 0 1
vn -0 0 1
vn 0.0618999936 0.990374982 0.123797283
vn 0.0618999936 0.990374982 0.123797283
vn 0.0618999936 0.990374982 0.123797283
vn 0.0618999936 0.990374982 0.123797283
vn -0 0.209670931 0.977771997
vn -0 0.209670931 0.977771997
vn -0 0.209670931 0.977771997
vn -0 0.209670931 0.977771997
vn -0 1 0
vn -0 1 0
vn -0 1 0
vn -0 1 0
vn -0 0.209671095 -0.977771997
vn -0 0.209671095 -0.977771997
vn -0 0.209671095 -0.977771997
vn -0 0.209671095 -0.977771997
vn -0 -1 0
vn -0 -1 0
vn -0 -1 0
vn -0 -1 0
vn 1 0 0
vn 1 0 0
vn 1 0 0
vn 1 0 0
vn -1 0 0
vn -1 0 0
vn -1 0 0
vn -1 0 0
vn -0 0 1
vn -0 0 1
vn -0 0 1
vn -0 0 1
vn -0 0 1
vn -0 0 1
vn -0 0 1
vn -0 0 1
vn -0 0 1
vn -0 0 1
vn -0 0 1
vn -0 0 1
vn -0 0 -1
vn -0 0 -1
vn -0 0 -1
vn -0 0 -1
vn -0 0 -1
vn -0 0 -1
vn -0 0 -1
vn -0 0 -1
vn -0 0 1
vn -0 0 1
vn -0 0 1
vn -0 0 1
vn -1 0 0
vn -1 0 0
vn -1 0 0
vn -1 0 0
vn -1 0 0
vn -1 0 0
vn -1 0 0
vn -0 0 1
vn -0 0 1
vn -0 0 1
vn -0 0 1
vn -0 0.99062109 0.136637881
vn -0 0.99062109 0.136637881
vn -0 0.99062109 0.136637881
vn -0 0.99062109 0.136637881
vn -0 1 0
vn -0 1 0
vn -0 1 0
vn -0 1 0
vn -0 -1 0
vn -0 -1 0
vn -0 -1 0
vn -0 -1 0
vn 1 0 0
vn 1 0 0
vn 1 0 0
vn 1 0 0
vn -0 0 1
vn -0 0 1
vn -0 0 1
vn -0 0 1
vn -0.06190392 0.990374744 0.123797007
vn -0.06190392 0.990374744 0.123797007
vn -0.06190392 0.990374744 0.123797007
vn -0.06190392 0.990374744 0.123797007
vn -0 1 0
vn -0 1 0
vn -0 1 0
vn -0 1 0
vn -0 1 0
vn -0 0 -1
vn -0 0 -1
vn -0 0 -1
vn -0 0 -1
vn -0 0.20967038 0.977772117
vn -0 0.20967038 0.977772117
vn -0 0.20967038 0.977772117
vn -0 0.20967038 0.977772117
vn -0 0.99062109 -0.136637926
vn -0 0.99062109 -0.136637628
vn -0 0.99062109 -0.136637628
vn -0 0.99062109 -0.136637926
vn -0 0.99062109 -0.136637926
vn -0 0.99062109 -0.136637926
vn -0 0.99062109 -0.136637628
vn -0 0.99062109 -0.136637628
vn -0 1 0
vn -0 1 0
vn -0 1 0
vn -0 1 0
vn -0 1 0
vn -0 1 0
vn -0 1 0
vn -0 1 0
vn -0 0.209670544 -0.977772117
vn -0 0.209670544 -0.977772117
vn -0 0.209670544 -0.977772117
vn -0 0.209670544 -0.977772117
vn -1 0 0
vn -1 0 0
vn -1 0 0
vn -1 0 0
vn 1 0 0
vn 1 0 0
vn 1 0 0
vn 1 0 0
vn -0 0 1
vn -0 0 1
vn -0 0 1
vn -0 0 1
vn 1 0 0
vn 1 0 0
vn 1 0 0
vn 1 0 0
vn 1 0 0
vn 1 0 0
vn 1 0 0
vn -0 0 1
vn -0 0 1
vn -0 0 1
vn -0 0 1
vn -0 1 0
vn -0 1 0
vn -0 1 0
vn -0 1 0
vn -0 -1 0
vn -0 -1 0
vn -0 -1 0
vn -0 -1 0
vn -1 0 0
vn -1 0 0
vn -1 0 0
vn -1 0 0
vn -0 0 1
vn -0 0 1
vn -0 0 1
vn -0 0 1
vn 0.0618999936 0.990374982 0.123797037
vn 0.0618999936 0.990374982 0.123797037
vn 0.0618999936 0.990374982 0.123797037
vn 0.0618999936 0.990374982 0.123797037
vn -0 0.20967038 0.977772117
vn -0 0.20967038 0.977772117
vn -0 0.20967038 0.977772117
vn -0 0.20967038 0.977772117
vn -0 1 0
vn -0 1 0
vn -0 1 0
vn -0 1 0
vn -0 0.209670544 -0.977772117
vn -0 0.209670544 -0.977772117
vn -0 0.209670544 -0.977772117
vn -0 0.209670544 -0.977772117
vn -0 -1 0
vn -0 -1 0
vn -0 -1 0
vn -0 -1 0
vn 1 0 0
vn 1 0 0
vn 1 0 0
vn 1 0 0
vn -0 0 1
vn -0 0 1
vn -0 0 1
vn -0 0 1
vn -0 0 1
vn -0 0 1
vn -0 0 1
vn -0 0 1
vn -0 0 1
vn -0 0 1
vn -0 0 1
vn -0 0 1
vn -0 0 1
vn -0 0 1
vn -0 0 1
vn -0 0 1
vn -0 0 1
vn -0 0 1
vn -0 0 1
vn -0 0 1
vn -0 0 -1
vn -0 0 -1
vn -0 0 -1
vn -0 0 -1
vn -0 0 -1
vn -0 0 -1
vn -0 0 -1
vn -0 0 1
vn -0 0 1
vn -0 0 1
vn -0 0 1
vn -1 0 0
vn -1 0 0
vn -1 0 0
vn -1 0 0
vn -1 0 0
vn -1 0 0
vn -1 0 0
vn -0 0.99062109 0.136637911
vn -0 0.99062109 0.136637911
vn -0 0.99062109 0.136637911
vn -0 0.99062109 0.136637911
vn -0.0619047023 0.990374625 0.123797596
vn -0.0619047023 0.990374625 0.123797596
vn -0.0619047023 0.990374625 0.123797596
vn -0.0619047023 0.990374625 0.123797596
vn -0 0 -1
vn -0 0 -1
vn -0 0 -1
vn -0 0 -1
vn -0 0.209671125 0.977771997
vn -0 0.209671125 0.977771997
vn -0 0.209671125 0.977771997
vn -0 0.209671125 0.977771997
vn -0 0.99062109 -0.136637956
vn -0 0.990620971 -0.136638254
vn -0 0.990620971 -0.136638254
vn -0 0.99062109 -0.136637956
vn -0 0.99062109 -0.136637956
vn -0 0.99062109 -0.136637956
vn -0 0.990620971 -0.136638254
vn -0 0.990620971 -0.136638254
vn -0 1 0
vn -0 1 0
vn -0 1 0
vn -0 1 0
vn -0 0.209671289 -0.977771997
vn -0 0.209671289 -0.977771997
vn -0 0.209671289 -0.977771997
vn -0 0.209671289 -0.977771997
vn -1 0 0
vn -1 0 0
vn -1 0 0
vn -1 0 0
vn -0 0 -1
vn -0 0 -1
vn -0 0 -1
vn -0 0 -1
vn -0 0 1
vn -0 0 1
vn -0 0 1
vn -0 0 1
vn 1 0 0
vn 1 0 0
vn 1 0 0
vn 1 0 0
vn 1 0 0
vn 1 0 0
vn 1 0 0
vn 0.0619007833 0.990374863 0.12379761
vn 0.0619007833 0.990374863 0.12379761
vn 0.0619007833 0.990374863 0.12379761
vn 0.0619007833 0.990374863 0.12379761
vn -0 0.209671125 0.977771997
vn -0 0.209671125 0.977771997
vn -0 0.209671125 0.977771997
vn -0 0.209671125 0.977771997
vn -0 0.209671289 -0.977771997
vn -0 0.209671289 -0.977771997
vn -0 0.209671289 -0.977771997
vn -0 0.209671289 -0.977771997
vn -0 -1 0
vn -0 -1 0
vn -0 -1 0
vn -0 -1 0
vn -1 0 0
vn -1 0 0
vn -1 0 0
vn -1 0 0
vn 1 0 0
vn 1 0 0
vn 1 0 0
vn 1 0 0
vn -0 0 1
vn -0 0 1
vn -0 0 1
vn -0 0 1
vn -0 0 1
vn -0 0 1
vn -0 0 1
vn -0 0 1
vn -0 0 1
vn -0 0 1
vn -0 0 1
vn -0 0 1
vn -0 0 1
vn -0 0 1
vn -0 0 1
vn -0 0 1
vn -0 0 1
vn -0 0 1
vn -0 0 1
vn -0 0 1
vn -0 0 1
vn -0 0 1
vn -0 0 1
vn -0 0 1
vn -0 0 1
vn -0 0 1
vn -0 0 1
vn -0 0 1
vn -0 0 1
vn -0 0 1
vn -0 0 1
vn -0 0 1
vn -0 0 1
vn -0 0 1
vn -0 0 1
vn -0 0 1
vn -0 0 1
vn -0 0 1
vn -0 0 1
vn -0 0 1
vn -0 0 1
vn -0 0 1
vn -0 0 1
vn -0 0 1
vn -0 0 1
vn -0 0 1
vn -0 0 1
vn -0 0 1
vn -0 0 1
vn -0 0 1
vn -0 0 1
vn -0 0 1
vn -0 0 1
vn -0 0 1
vn -0 0 1
vn -0 0 1
vn -0 0 1
vn -0 0 1
vn -0 0 1
vn -0 0 1
vn -0 0 1
vn -0 0 1
vn -0 0 1
vn -0 0 1
vn -0 0 1
vn -0 0 1
vn -0 0 1
vn -0 0 1
vn -0 0 1
vn -0 0 1
vn -0 0 1
vn -0 0 1
vn -0 0 1
vn -0 0 1
vn -0 0 1
vn -0 0 1
vn -0 0 1
vn -0 0 1
vn -0 0 1
vn -0 0 1
vn -0 0 1
vn -0 0 1
vn -0 0 1
vn -0 0 1
vn -0 0 1
vn -0 0 1
vn -0 0 1
vn -0 0 1
vn -0 0 1
vn -0 0 1
vn -0 0 1
vn -0 0 1
vn -0 0 1
vn -0 0 1
vn -0 0 1
vn -0 0 1
vn -0 3.46428315E-05 1
vn -0 3.46428315E-05 1
vn -0 3.46428315E-05 1
vn -0 -2.30968217E-05 1
vn -0 1.27899038E-05 1
vn -0 0 1
vn -0 0 1
vn -0 0 1
vn -0 0 1
vn -0 0 1
vn -0 0 1
vn -0 0 1
vn -0 0 1
vn -0 0 1
vn -0 0 1
vn -0 0 1
vn -0 0 1
vn -0 0 1
vn -0 -2.94100355E-05 1
vn -0 0 1
vn -0 1 0
vn -0 1 0
vn -0 1 0
vn -0 1 0
vn -0 0 1
vn -0 0 1
vn -0 0 1
vn -0 0 1
vn -0 0 1
vn -0 0 1
vn -0 0 1
vn -0 0 1
vn -0 0 1
vn -0 -5.60098597E-05 1
vn -0 0 1
vn -0 0 1
vn -0 0 1
vn -0 0 1
vn -0 0 1
vn -0 2.93427238E-05 1
vn -0 0 1
vn -0 0 1
vn -0 4.82998475E-05 1
vn -0 0 1
vn -0 0 1
vn -0 0 1
vn -0 0 1
vn -0 0 1
vn -0 0 1
vn -0 0 1
vn -0 0 1
vn -0 -1.05905283E-05 1
vn -0 -1.05758554E-05 1
vn -0 -1.05758554E-05 1
vn -0 -1.05758554E-05 1
vn -0 0 1
vn -0 0 1
vn -0 0 1
vn -0 0 1
vn -0 0 1
vn -0 0 1
vn -0 0 1
vn -0 0 1
vn -0 0 1
vn -0 0 1
vn -0 0 1
vn -0 0 1
vn -0 0 1
vn -0 1.57128943E-05 1
vn -0 -1.05183444E-05 1
vn -0 0 1
vn -0 0 1
vn -0 0 1
vn -0 -3.66186359E-05 1
vn -0 0 1
vn -0 -1.7316017E-05 1
vn -0 0 1
vn -0 0 1
vn -0 0 1
vn -0 0 1
vn -0 0 1
vn -0 0 1
vn -0 0 1
vn -0 0 1
vn -0 0 1
vn -0 0 1
vn -0 0 1
vn -0 0 1
vn -0 3.68134315E-05 1
vn -0 0 1
vn -0 0 1
vn -0 0 1
vn -0 0 1
vn -0 0 1
vn -0 0 1
vn -0 0 1
vn -0 -1.41590917E-05 1
vn -0 0 1
vn -0 0 1
vn -0 0 1
vn -0 0 1
vn -0 0 1
vn -0 0 1
vn -0 0 1
vn -0 0 1
vn -0 0 1
vn -0 0 1
vn -0 -2.38948633E-05 1
vn -0 0 1
vn -0 0 1
vn -0 0 1
vn -0 0 1
vn -0 0 1
vn -0 0 1
vn -0 0 1
vn -0 0 1
vn -0 0 1
vn -0 -1.79675153E-05 1
vn -0 0 1
vn -0 0 1
vn -0 0 1
vn -0 1.23195196E-05 1
vn -0 0 1
vn -0 0 1
vn -0 0 1
vn -0 0 1
vn -0 0 1
vn -0 0 1
vn -0 -1.95534012E-05 1
vn -0 0 1
vn -0 0 1
vn -0 0 1
vn -0 0 1
vn -0 0 1
vn -0 0 1
vn -0 0 1
vn -0 0 1
vn -0 0 1
vn -0 0 1
vn -0 0 1
vn -0 0 1
vn -0 0 1
vn -0 0 1
vn -0 0 1
vn -0 1.66650007E-05 1
vn -0 1.66650007E-05 1
vn -0 1.66650007E-05 1
vn -0 0 1
vn -0 0 1
vn -0 0 1
vn -0 0 1
vn -0 0 1
vn -0 0 1
vn -0 0 1
vn -0 0 1
vn -0 0 1
vn -0 0 1
vn -0 0 1
vn -0 0 1
vn -0 1.05914251E-05 1
vn -0 0 1
vn -0 0 1
vn -0 0 1
vn -0 1.82788626E-05 1
vn -0 0 1
vn -0 0 1
vn -0 0 1
vn -0 0 1
vn -0 0 1
vn -0 0 1
vn -0 0 1
vn -0 0 1
vn -0 0 1
vn -0 0 1
vn -0 0 1
vn -0 0 1
vn -0 0 1
vn -0 0 1
vn -0 -3.52982715E-05 1
vn -0 -3.52982715E-05 1
vn -0 -3.52982715E-05 1
vn -0 0 1
vn -0 0 1
vn -0 0 1
vn -0 0 1
vn -0 0 1
vn -0 0 1
vn -0 0 1
vn -0 0 1
vn -0 0 1
vn -0 0 1
vn -0 -2.55212726E-05 1
vn -0 1.2215979E-05 1
vn -0 0 1
vn -0 0 1
vn -0 0 1
vn -0 0 1
vn -0 0 1
vn -0 0 1
vn -0 0 1
vn -0 0 1
vn -0 0 1
vn -0 0 1
vn -0 0 1
vn -0 0 1
vn -0 0 1
vn -0 0 1
vn -0 0 1
vn -0 0 1
vn -0 0 1
vn -0 0 1
vn -0 0 1
vn -0 0 1
vn -0 0 1
vn -0 0 1
vn -0 0 1
vn -0 0 1
vn -0 0 1
vn -0 0 1
vn -0 0 1
vn -0 1.02103331E-05 1
vn -0 0 1
vn -0 0 1
vn -0 0 1
vn -0 0 1
vn -0 1 0
vn -0 1 0
vn -0 1 0
vn -0 1 0
vn -0 0 1
vn -0 0 1
vn -0 0 1
vn -0 0 1
vn -0 0 1
vn -0 0 1
vn -0 0 1
vn -0 0 1
vn -0 0 1
vn -0 0 1
vn -0 -4.83138465E-05 1
vn -0 0 1
vn -0 0 1
vn -0 0 1
vn -0 0 1
vn -0 0 1
vn -0 0 1
vn -0 0 1
vn -0 0 1
vn -0 0 1
vn -0 1.05905283E-05 1
vn -0 -1.05768622E-05 1
vn -0 0 1
vn -0 0 1
vn -0 0 1
vn -0 -1.05768622E-05 1
vn -0 -1.05768622E-05 1
vn -0 0 1
vn -0 0 1
vn -0 0 1
vn -0 0 1
vn -0 0 1
vn -0 1.28899201E-05 1
vn -0 0 1
vn -0 0 1
vn -0 0 1
vn -0 0 1
vn -0 0 1
vn -0 0 1
vn -0 0 1
vn -0 -1.47067476E-05 1
vn -0 0 1
vn -0 1 0
vn -0 1 0
vn -0 1 0
vn -0 1 0
vn -0 0 1
vn -0 0 1
vn -0 0 1
vn -0 0 1
vn -0 0 1
vn -0 0 1
vn -0 1.83163611E-05 1
vn -0 1.44921933E-05 1
vn -0 0 1
vn -0 -0.000112019719 1
vn -0 1.44921933E-05 1
vn -0 1.44921933E-05 1
vn -0 0 1
vn -0 0 1
vn -0 0 1
vn -0 0 1
vn -0 0 1
vn -0 0 1
vn -0 0 1
vn -0 0 1
vn -0 0 1
vn -0 0 1
vn -0 0 1
vn -0 0 1
vn -0 0 1
vn -0 0 1
vn -0 0 1
vn -0 1.05712716E-05 1
vn -0 0 1
vn -0 0 1
vn -0 1.04397213E-05 1
vn -0 0 1
vn -0 0 1
vn -0 0 1
vn -0 0 1
vn -0 0 1
vn -0 0 1
vn -0 -0.000102711587 1
vn -0 0 1
vn -0 0 1
vn -0 0 1
vn -0 0 1
vn -0 0 1
vn -0 0 1
vn -0 0 1
vn -0 0 1
vn -0 0 1
vn -0 0 1
vn -0 0 1
vn -0 0 1
vn -0 0 1
vn -0 0 1
vn -0 0 1
vn -0 0 1
vn -0 0 1
vn -0 0 1
vn -0 0 1
vn -0 0 1
vn -0 0 1
vn -0 0 1
vn -0 0 1
vn -0 -2.38948633E-05 1
vn -0 5.33959865E-05 1
vn -0 0 1
vn -0 0 1
vn -0 0 1
vn -0 0 1
vn -0 0 1
vn -0 0 1
vn -0 0 1
vn -0 0 1
vn -0 0 1
vn -0 0 1
vn -0 0 1
vn -0 0 1
vn -0 0 1
vn -0 0 1
vn -0 0 1
vn -0 0 1
vn -0 0 1
vn -0 0 1
vn -0 0 1
vn -0 0 1
vn -0 0 1
vn -0 0 1
vn -0 0 1
vn -0 0 1
vn -0 0 1
vn -0 1.09945686E-05 1
vn -0 0 1
vn -0 0 1
vn -0 0 1
vn -0 0 1
vn -0 0 1
vn -0 0 1
vn -0 0 1
vn -0 0 1
vn -0 0 1
vn -0 0 1
vn -0 0 1
vn -0 0 1
vn -0 0 1
vn -0 0 1
vn -0 0 1
vn -0 0 1
vn -0 0 1
vn -0 0 1
vn -0 0 1
vn -0 0 1
vn -0 0 1
vn -0 0 1
vn -0 0 1
vn -0 0 1
vn -0 0 1
vn -0 0 1
vn -0 0 1
vn -0 0 1
vn -0 0 1
vn 0.356785208 -0.934186399 0
vn 0.356785208 -0.934186399 0
vn 0.356785208 -0.934186399 0
vn 0.356785208 -0.934186399 0
vn -0.354080796 -0.935214758 0
vn -0.354080796 -0.935214758 0
vn -0.354080796 -0.935214758 0
vn -0.354080796 -0.935214758 0
vn -0.962672293 -0.270669848 0
vn -0.962672293 -0.270669848 0
vn -0.962672293 -0.270669848 0
vn -0.962672293 -0.270669848 0
vn -1 0 0
vn -1 0 0
vn -1 0 0
vn -1 0 0
vn -0 1 0
vn -0 1 0
vn -0 1 0
vn -0 1 0
vn 1 0 0
vn 1 0 0
vn 1 0 0
vn 1 0 0
vn 0.976047039 0.217559755 0
vn 0.976047039 0.217559755 0
vn 0.976047039 0.217559755 0
vn 0.976047039 0.217559755 0
vn 0.380473882 0.924791694 0
vn 0.380473882 0.924791694 0
vn 0.380473882 0.924791694 0
vn 0.380473882 0.924791694 0
vn -0.385258496 0.922808707 0
vn -0.385258496 0.922808707 0
vn -0.385258496 0.922808707 0
vn -0.385258496 0.922808707 0
vn -0.97846508 0.206412569 0
vn -0.97846508 0.206412569 0
vn -0.97846508 0.206412569 0
vn -0.97846508 0.206412569 0
vn -1 0 0
vn -1 0 0
vn -1 0 0
vn -1 0 0
vn -0 1 0
vn -0 1 0
vn -0 1 0
vn -0 1 0
vn 1 0 0
vn 1 0 0
vn 1 0 0
vn 1 0 0
vn 0.964642584 -0.263561666 0
vn 0.964642584 -0.263561666 0
vn 0.964642584 -0.263561666 0
vn 0.964642584 -0.263561666 0
vn -0.380455524 -0.924799263 0
vn -0.380455524 -0.924799263 0
vn -0.380455524 -0.924799263 0
vn -0.380455524 -0.924799263 0
vn 0.344139636 -0.938918531 0
vn 0.344139636 -0.938918531 0
vn 0.344139636 -0.938918531 0
vn 0.344139636 -0.938918531 0
vn 0.941339552 -0.337460846 0
vn 0.941339552 -0.337460846 0
vn 0.941339552 -0.337460846 0
vn 0.941339552 -0.337460846 0
vn 1 0 0
vn 1 0 0
vn 1 0 0
vn 1 0 0
vn -0 -1 0
vn -0 -1 0
vn -0 -1 0
vn -0 -1 0
vn -1 0 0
vn -1 0 0
vn -1 0 0
vn -1 0 0
vn -0 1 0
vn -0 1 0
vn -0 1 0
vn -0 1 0
vn 1 0 0
vn 1 0 0
vn 1 0 0
vn 1 0 0
vn -0.604834378 0.796351254 0
vn -0.604834378 0.796351254 0
vn -0.604834378 0.796351254 0
vn -0.604834378 0.796351254 0
vn -0.210968465 0.977492869 0
vn -0.210968465 0.977492869 0
vn -0.210968465 0.977492869 0
vn -0.210968465 0.977492869 0
vn 0.365743756 0.930715621 0
vn 0.365743756 0.930715621 0
vn 0.365743756 0.930715621 0
vn 0.365743756 0.930715621 0
vn 0.94234097 0.334654182 0
vn 0.94234097 0.334654182 0
vn 0.94234097 0.334654182 0
vn 0.94234097 0.334654182 0
vn 1 0 0
vn 1 0 0
vn 1 0 0
vn 1 0 0
vn -0 -1 0
vn -0 -1 0
vn -0 -1 0
vn -0 -1 0
vn -1 0 0
vn -1 0 0
vn -1 0 0
vn -1 0 0
vn -0.949945986 -0.312414289 0
vn -0.949945986 -0.312414289 0
vn -0.949945986 -0.312414289 0
vn -0.949945986 -0.312414289 0
vn -0.938632011 -0.34491998 0
vn -0.938632011 -0.34491998 0
vn -0.938632011 -0.34491998 0
vn -0.938632011 -0.34491998 0
vn -0.941863656 0.335995406 0
vn -0.941863656 0.335995406 0
vn -0.941863656 0.335995406 0
vn -0.941863656 0.335995406 0
vn -0.309706271 0.950832248 0
vn -0.309706271 0.950832248 0
vn -0.309706271 0.950832248 0
vn -0.309706271 0.950832248 0
vn 0.312130213 0.950039327 0
vn 0.312130213 0.950039327 0
vn 0.312130213 0.950039327 0
vn 0.312130213 0.950039327 0
vn 0.93924433 0.34324944 0
vn 0.93924433 0.34324944 0
vn 0.93924433 0.34324944 0
vn 0.93924433 0.34324944 0
vn 0.937934339 -0.346812814 0
vn 0.937934339 -0.346812814 0
vn 0.937934339 -0.346812814 0
vn 0.937934339 -0.346812814 0
vn 0.302176446 -0.953252017 0
vn 0.302176446 -0.953252017 0
vn 0.302176446 -0.953252017 0
vn 0.302176446 -0.953252017 0
vn -0.314601958 -0.949223697 0
vn -0.314601958 -0.949223697 0
vn -0.314601958 -0.949223697 0
vn -0.314601958 -0.949223697 0
vn -0 -1 0
vn -0 -1 0
vn -0 -1 0
vn -0 -1 0
vn -1 0 0
vn -1 0 0
vn -1 0 0
vn -1 0 0
vn -0 1 0
vn -0 1 0
vn -0 1 0
vn -0 1 0
vn 1 0 0
vn 1 0 0
vn 1 0 0
vn 1 0 0
vn 0.94921416 0.314630717 0
vn 0.94921416 0.314630717 0
vn 0.94921416 0.314630717 0
vn 0.94921416 0.314630717 0
vn -0.950008988 0.312222391 0
vn -0.950008988 0.312222391 0
vn -0.950008988 0.312222391 0
vn -0.950008988 0.312222391 0
vn -0 1 0
vn -0 1 0
vn -0 1 0
vn -0 1 0
vn 0.939216137 -0.34332636 0
vn 0.939216137 -0.34332636 0
vn 0.939216137 -0.34332636 0
vn 0.939216137 -0.34332636 0
vn -0 -1 0
vn -0 -1 0
vn -0 -1 0
vn -0 -1 0
vn -0.939215064 -0.3433294 0
vn -0.939215064 -0.3433294 0
vn -0.939215064 -0.3433294 0
vn -0.939215064 -0.3433294 0
vn -0 1 0
vn -0 1 0
vn -0 1 0
vn -0 1 0
vn 0.335691214 0.941972077 0
vn 0.335691214 0.941972077 0
vn 0.335691214 0.941972077 0
vn 0.335691214 0.941972077 0
vn -0.125113353 0.992142439 0
vn -0.125113353 0.992142439 0
vn -0.125113353 0.992142439 0
vn -0.125113353 0.992142439 0
vn -0.376057684 0.926596224 0
vn -0.376057684 0.926596224 0
vn -0.376057684 0.926596224 0
vn -0.376057684 0.926596224 0
vn 0.983508766 0.180860624 0
vn 0.983508766 0.180860624 0
vn 0.983508766 0.180860624 0
vn 0.983508766 0.180860624 0
vn 0.328522056 -0.944496274 0
vn 0.328522056 -0.944496274 0
vn 0.328522056 -0.944496274 0
vn 0.328522056 -0.944496274 0
vn 0.0963316485 -0.995349348 0
vn 0.0963316485 -0.995349348 0
vn 0.0963316485 -0.995349348 0
vn 0.0963316485 -0.995349348 0
vn -0.351452619 -0.936205685 0
vn -0.351452619 -0.936205685 0
vn -0.351452619 -0.936205685 0
vn -0.351452619 -0.936205685 0
vn -0.943830192 -0.330430925 0
vn -0.943830192 -0.330430925 0
vn -0.943830192 -0.330430925 0
vn -0.943830192 -0.330430925 0
vn -0.951996326 0.306109369 0
vn -0.951996326 0.306109369 0
vn -0.951996326 0.306109369 0
vn -0.951996326 0.306109369 0
vn -0.401776195 0.915737927 0
vn -0.401776195 0.915737927 0
vn -0.401776195 0.915737927 0
vn -0.401776195 0.915737927 0
vn 0.392798126 0.919624746 0
vn 0.392798126 0.919624746 0
vn 0.392798126 0.919624746 0
vn 0.392798126 0.919624746 0
vn 0.955706954 0.294319928 0
vn 0.955706954 0.294319928 0
vn 0.955706954 0.294319928 0
vn 0.955706954 0.294319928 0
vn 1 0 0
vn 1 0 0
vn 1 0 0
vn 1 0 0
vn -0 -1 0
vn -0 -1 0
vn -0 -1 0
vn -0 -1 0
vn 0.914664268 0.404214472 0
vn 0.914664268 0.404214472 0
vn 0.914664268 0.404214472 0
vn 0.914664268 0.404214472 0
vn -0.38973859 -0.920925498 0
vn -0.38973859 -0.920925498 0
vn -0.38973859 -0.920925498 0
vn -0.38973859 -0.920925498 0
vn 0.363343626 -0.931655228 0
vn 0.363343626 -0.931655228 0
vn 0.363343626 -0.931655228 0
vn 0.363343626 -0.931655228 0
vn 0.934359848 -0.356330633 0
vn 0.934359848 -0.356330633 0
vn 0.934359848 -0.356330633 0
vn 0.934359848 -0.356330633 0
vn -0 1 0
vn -0 1 0
vn -0 1 0
vn -0 1 0
vn -0.957518935 -0.288370371 0
vn -0.957518935 -0.288370371 0
vn -0.957518935 -0.288370371 0
vn -0.957518935 -0.288370371 0
vn -0.123112001 -0.992392778 0
vn -0.123112001 -0.992392778 0
vn -0.123112001 -0.992392778 0
vn -0.123112001 -0.992392778 0
vn 0.427330106 -0.90409565 0
vn 0.427330106 -0.90409565 0
vn 0.427330106 -0.90409565 0
vn 0.427330106 -0.90409565 0
vn 0.959008038 -0.283379048 0
vn 0.959008038 -0.283379048 0
vn 0.959008038 -0.283379048 0
vn 0.959008038 -0.283379048 0
vn 1 0 0
vn 1 0 0
vn 1 0 0
vn 1 0 0
vn -0 -1 0
vn -0 -1 0
vn -0 -1 0
vn -0 -1 0
vn -1 0 0
vn -1 0 0
vn -1 0 0
vn -1 0 0
vn -0 1 0
vn -0 1 0
vn -0 1 0
vn -0 1 0
vn 1 0 0
vn 1 0 0
vn 1 0 0
vn 1 0 0
vn -0.79737711 0.603481472 0
vn -0.79737711 0.603481472 0
vn -0.79737711 0.603481472 0
vn -0.79737711 0.603481472 0
vn -0.304691792 0.952450931 0
vn -0.304691792 0.952450931 0
vn -0.304691792 0.952450931 0
vn -0.304691792 0.952450931 0
vn 0.200418487 0.97971034 0
vn 0.200418487 0.97971034 0
vn 0.200418487 0.97971034 0
vn 0.200418487 0.97971034 0
vn 0.99211663 -0.12531805 0
vn 0.99211663 -0.12531805 0
vn 0.99211663 -0.12531805 0
vn 0.99211663 -0.12531805 0
vn -0.327115417 -0.944984317 0
vn -0.327115417 -0.944984317 0
vn -0.327115417 -0.944984317 0
vn -0.327115417 -0.944984317 0
vn -0.870238304 0.492631078 0
vn -0.870238304 0.492631078 0
vn -0.870238304 0.492631078 0
vn -0.870238304 0.492631078 0
vn -0 -1 0
vn -0 -1 0
vn -0 -1 0
vn -0 -1 0
vn -1 0 0
vn -1 0 0
vn -1 0 0
vn -1 0 0
vn -0 1 0
vn -0 1 0
vn -0 1 0
vn -0 1 0
vn 0.876962543 -0.480558634 0
vn 0.876962543 -0.480558634 0
vn 0.876962543 -0.480558634 0
vn 0.876962543 -0.480558634 0
vn -0 1 0
vn -0 1 0
vn -0 1 0
vn -0 1 0
vn 1 0 0
vn 1 0 0
vn 1 0 0
vn 1 0 0
vn -0 -1 0
vn -0 -1 0
vn -0 -1 0
vn -0 -1 0
vn -0.938632011 -0.34491998 0
vn -0.938632011 -0.34491998 0
vn -0.938632011 -0.34491998 0
vn -0.938632011 -0.34491998 0
vn -0.941863656 0.335995406 0
vn -0.941863656 0.335995406 0
vn -0.941863656 0.335995406 0
vn -0.941863656 0.335995406 0
vn -0.309727371 0.950825453 0
vn -0.309727371 0.950825453 0
vn -0.309727371 0.950825453 0
vn -0.309727371 0.950825453 0
vn 0.312130213 0.950039327 0
vn 0.312130213 0.950039327 0
vn 0.312130213 0.950039327 0
vn 0.312130213 0.950039327 0
vn 0.939221382 0.343311965 0
vn 0.939221382 0.343311965 0
vn 0.939221382 0.343311965 0
vn 0.939221382 0.343311965 0
vn 0.937911034 -0.346875876 0
vn 0.937911034 -0.346875876 0
vn 0.937911034 -0.346875876 0
vn 0.937911034 -0.346875876 0
vn 0.302176446 -0.953252017 0
vn 0.302176446 -0.953252017 0
vn 0.302176446 -0.953252017 0
vn 0.302176446 -0.953252017 0
vn -0.314623296 -0.949216604 0
vn -0.314623296 -0.949216604 0
vn -0.314623296 -0.949216604 0
vn -0.314623296 -0.949216604 0
vn -0 -1 0
vn -0 -1 0
vn -0 -1 0
vn -0 -1 0
vn -1 0 0
vn -1 0 0
vn -1 0 0
vn -1 0 0
vn -0 1 0
vn -0 1 0
vn -0 1 0
vn -0 1 0
vn 1 0 0
vn 1 0 0
vn 1 0 0
vn 1 0 0
vn 0.102811173 -0.994700909 0
vn 0.102811173 -0.994700909 0
vn 0.102811173 -0.994700909 0
vn 0.102811173 -0.994700909 0
vn -0.281431288 -0.959581316 0
vn -0.281431288 -0.959581316 0
vn -0.281431288 -0.959581316 0
vn -0.281431288 -0.959581316 0
vn -0.933842361 -0.357685 0
vn -0.933842361 -0.357685 0
vn -0.933842361 -0.357685 0
vn -0.933842361 -0.357685 0
vn -1 0 0
vn -1 0 0
vn -1 0 0
vn -1 0 0
vn -0 -1 0
vn -0 -1 0
vn -0 -1 0
vn -0 -1 0
vn -1 0 0
vn -1 0 0
vn -1 0 0
vn -1 0 0
vn -0 1 0
vn -0 1 0
vn -0 1 0
vn -0 1 0
vn -1 0 0
vn -1 0 0
vn -1 0 0
vn -1 0 0
vn -0.110431314 0.993883669 0
vn -0.110431314 0.993883669 0
vn -0.110431314 0.993883669 0
vn -0.110431314 0.993883669 0
vn 1 0 0
vn 1 0 0
vn 1 0 0
vn 1 0 0
vn -0 1 0
vn -0 1 0
vn -0 1 0
vn -0 1 0
vn 1 0 0
vn 1 0 0
vn 1 0 0
vn 1 0 0
vn -0 -1 0
vn -0 -1 0
vn -0 -1 0
vn -0 -1 0
vn 1 0 0
vn 1 0 0
vn 1 0 0
vn 1 0 0
vn 0.949358344 0.314195305 0
vn 0.949358344 0.314195305 0
vn 0.949358344 0.314195305 0
vn 0.949358344 0.314195305 0
vn 0.329561532 0.944134116 0
vn 0.329561532 0.944134116 0
vn 0.329561532 0.944134116 0
vn 0.329561532 0.944134116 0
vn -0.144855529 0.989452839 0
vn -0.144855529 0.989452839 0
vn -0.144855529 0.989452839 0
vn -0.144855529 0.989452839 0
vn -0.37135464 0.928491116 0
vn -0.37135464 0.928491116 0
vn -0.37135464 0.928491116 0
vn -0.37135464 0.928491116 0
vn 0.988930523 0.148379952 0
vn 0.988930523 0.148379952 0
vn 0.988930523 0.148379952 0
vn 0.988930523 0.148379952 0
vn 0.34809953 -0.937457502 0
vn 0.34809953 -0.937457502 0
vn 0.34809953 -0.937457502 0
vn 0.34809953 -0.937457502 0
vn 0.218436822 -0.975851059 0
vn 0.218436822 -0.975851059 0
vn 0.218436822 -0.975851059 0
vn 0.218436822 -0.975851059 0
vn -0.312928438 -0.949776769 0
vn -0.312928438 -0.949776769 0
vn -0.312928438 -0.949776769 0
vn -0.312928438 -0.949776769 0
vn -0.937436283 -0.348157048 0
vn -0.937436283 -0.348157048 0
vn -0.937436283 -0.348157048 0
vn -0.937436283 -0.348157048 0
vn -0.926801443 0.375551581 0
vn -0.926801443 0.375551581 0
vn -0.926801443 0.375551581 0
vn -0.926801443 0.375551581 0
vn -0.320170581 0.94735992 0
vn -0.320170581 0.94735992 0
vn -0.320170581 0.94735992 0
vn -0.320170581 0.94735992 0
vn 0.175977007 0.984394252 0
vn 0.175977007 0.984394252 0
vn 0.175977007 0.984394252 0
vn 0.175977007 0.984394252 0
vn 0.524101853 0.851655662 0
vn 0.524101853 0.851655662 0
vn 0.524101853 0.851655662 0
vn 0.524101853 0.851655662 0
vn -1 0 0
vn -1 0 0
vn -1 0 0
vn -1 0 0
vn -0.922565758 -0.38583982 0
vn -0.922565758 -0.38583982 0
vn -0.922565758 -0.38583982 0
vn -0.922565758 -0.38583982 0
vn -0.270409346 -0.962745428 0
vn -0.270409346 -0.962745428 0
vn -0.270409346 -0.962745428 0
vn -0.270409346 -0.962745428 0
vn 0.13288565 -0.991131365 0
vn 0.13288565 -0.991131365 0
vn 0.13288565 -0.991131365 0
vn 0.13288565 -0.991131365 0
vn 0.317516237 -0.948252857 0
vn 0.317516237 -0.948252857 0
vn 0.317516237 -0.948252857 0
vn 0.317516237 -0.948252857 0
vn -0.992645025 -0.121060766 0
vn -0.992645025 -0.121060766 0
vn -0.992645025 -0.121060766 0
vn -0.992645025 -0.121060766 0
vn -0.303381264 0.952869236 0
vn -0.303381264 0.952869236 0
vn -0.303381264 0.952869236 0
vn -0.303381264 0.952869236 0
vn -0.109148897 0.994025469 0
vn -0.109148897 0.994025469 0
vn -0.109148897 0.994025469 0
vn -0.109148897 0.994025469 0
vn 0.313644588 0.949540496 0
vn 0.313644588 0.949540496 0
vn 0.313644588 0.949540496 0
vn 0.313644588 0.949540496 0
vn 0.938262045 0.345925063 0
vn 0.938262045 0.345925063 0
vn 0.938262045 0.345925063 0
vn 0.938262045 0.345925063 0
vn 1 0 0
vn 1 0 0
vn 1 0 0
vn 1 0 0
vn -0 -1 0
vn -0 -1 0
vn -0 -1 0
vn -0 -1 0
vn -1 0 0
vn -1 0 0
vn -1 0 0
vn -1 0 0
vn 0.623115659 -0.782129705 0
vn 0.623115659 -0.782129705 0
vn 0.623115659 -0.782129705 0
vn 0.623115659 -0.782129705 0
vn -0.256635517 -0.96650821 0
vn -0.256635517 -0.96650821 0
vn -0.256635517 -0.96650821 0
vn -0.256635517 -0.96650821 0
vn 0.267970264 -0.963427246 0
vn 0.267970264 -0.963427246 0
vn 0.267970264 -0.963427246 0
vn 0.267970264 -0.963427246 0
vn 0.91579771 -0.401639998 0
vn 0.91579771 -0.401639998 0
vn 0.91579771 -0.401639998 0
vn 0.91579771 -0.401639998 0
vn 0.894837558 0.44639191 0
vn 0.894837558 0.44639191 0
vn 0.894837558 0.44639191 0
vn 0.894837558 0.44639191 0
vn 0.255764365 0.966739118 0
vn 0.255764365 0.966739118 0
vn 0.255764365 0.966739118 0
vn 0.255764365 0.966739118 0
vn -0.306460142 0.951883554 0
vn -0.306460142 0.951883554 0
vn -0.306460142 0.951883554 0
vn -0.306460142 0.951883554 0
vn -0.865950704 0.500129521 0
vn -0.865950704 0.500129521 0
vn -0.865950704 0.500129521 0
vn -0.865950704 0.500129521 0
vn -1 0 0
vn -1 0 0
vn -1 0 0
vn -1 0 0
vn -0.844135404 -0.536130071 0
vn -0.844135404 -0.536130071 0
vn -0.844135404 -0.536130071 0
vn -0.844135404 -0.536130071 0
vn -0 -1 0
vn -0 -1 0
vn -0 -1 0
vn -0 -1 0
vn -1 0 0
vn -1 0 0
vn -1 0 0
vn -1 0 0
vn -0 1 0
vn -0 1 0
vn -0 1 0
vn -0 1 0
vn 1 0 0
vn 1 0 0
vn 1 0 0
vn 1 0 0
vn -0 -1 0
vn -0 -1 0
vn -0 -1 0
vn -0 -1 0
vn 1 0 0
vn 1 0 0
vn 1 0 0
vn 1 0 0
vn -0 -1 0
vn -0 -1 0
vn -0 -1 0
vn -0 -1 0
vn -1 0 0
vn -1 0 0
vn -1 0 0
vn -1 0 0
vn -0.944837749 -0.327538729 0
vn -0.944837749 -0.327538729 0
vn -0.944837749 -0.327538729 0
vn -0.944837749 -0.327538729 0
vn -0.942479849 0.334263116 0
vn -0.942479849 0.334263116 0
vn -0.942479849 0.334263116 0
vn -0.942479849 0.334263116 0
vn -0.345996141 0.938235939 0
vn -0.345996141 0.938235939 0
vn -0.345996141 0.938235939 0
vn -0.345996141 0.938235939 0
vn 0.345244408 0.938512862 0
vn 0.345244408 0.938512862 0
vn 0.345244408 0.938512862 0
vn 0.345244408 0.938512862 0
vn 0.94307375 0.332583636 0
vn 0.94307375 0.332583636 0
vn 0.94307375 0.332583636 0
vn 0.94307375 0.332583636 0
vn 0.944250286 -0.329228431 0
vn 0.944250286 -0.329228431 0
vn 0.944250286 -0.329228431 0
vn 0.944250286 -0.329228431 0
vn 0.343736023 -0.939066291 0
vn 0.343736023 -0.939066291 0
vn 0.343736023 -0.939066291 0
vn 0.343736023 -0.939066291 0
vn -0.342977196 -0.939343691 0
vn -0.342977196 -0.939343691 0
vn -0.342977196 -0.939343691 0
vn -0.342977196 -0.939343691 0
vn 0.962308943 -0.271958441 0
vn 0.962308943 -0.271958441 0
vn 0.962308943 -0.271958441 0
vn 0.962308943 -0.271958441 0
vn 0.958190799 0.286129802 0
vn 0.958190799 0.286129802 0
vn 0.958190799 0.286129802 0
vn 0.958190799 0.286129802 0
vn 0.421454132 0.906849802 0
vn 0.421454132 0.906849802 0
vn 0.421454132 0.906849802 0
vn 0.421454132 0.906849802 0
vn -0.419974208 0.90753603 0
vn -0.419974208 0.90753603 0
vn -0.419974208 0.90753603 0
vn -0.419974208 0.90753603 0
vn -0.959026992 0.283314884 0
vn -0.959026992 0.283314884 0
vn -0.959026992 0.283314884 0
vn -0.959026992 0.283314884 0
vn -0.962308884 -0.271958798 0
vn -0.962308884 -0.271958798 0
vn -0.962308884 -0.271958798 0
vn -0.962308884 -0.271958798 0
vn -0.426973701 -0.904264033 0
vn -0.426973701 -0.904264033 0
vn -0.426973701 -0.904264033 0
vn -0.426973701 -0.904264033 0
vn 0.426960945 -0.904270113 0
vn 0.426960945 -0.904270113 0
vn 0.426960945 -0.904270113 0
vn 0.426960945 -0.904270113 0
vn -0.380455941 -0.924799025 0
vn -0.380455941 -0.924799025 0
vn -0.380455941 -0.924799025 0
vn -0.380455941 -0.924799025 0
vn 0.344153851 -0.938913286 0
vn 0.344153851 -0.938913286 0
vn 0.344153851 -0.938913286 0
vn 0.344153851 -0.938913286 0
vn 0.94132483 -0.337501734 0
vn 0.94132483 -0.337501734 0
vn 0.94132483 -0.337501734 0
vn 0.94132483 -0.337501734 0
vn 1 0 0
vn 1 0 0
vn 1 0 0
vn 1 0 0
vn -0 -1 0
vn -0 -1 0
vn -0 -1 0
vn -0 -1 0
vn -1 0 0
vn -1 0 0
vn -1 0 0
vn -1 0 0
vn -0.94993186 -0.312457174 0
vn -0.94993186 -0.312457174 0
vn -0.94993186 -0.312457174 0
vn -0.94993186 -0.312457174 0
vn -0.380438507 -0.924806178 0
vn -0.380438507 -0.924806178 0
vn -0.380438507 -0.924806178 0
vn -0.380438507 -0.924806178 0
vn 0.344153851 -0.938913286 0
vn 0.344153851 -0.938913286 0
vn 0.344153851 -0.938913286 0
vn 0.344153851 -0.938913286 0
vn 0.941339433 -0.337461382 0
vn 0.941339433 -0.337461382 0
vn 0.941339433 -0.337461382 0
vn 0.941339433 -0.337461382 0
vn 1 0 0
vn 1 0 0
vn 1 0 0
vn 1 0 0
vn -0 -1 0
vn -0 -1 0
vn -0 -1 0
vn -0 -1 0
vn -1 0 0
vn -1 0 0
vn -1 0 0
vn -1 0 0
vn -0 1 0
vn -0 1 0
vn -0 1 0
vn -0 1 0
vn 1 0 0
vn 1 0 0
vn 1 0 0
vn 1 0 0
vn -0.604835153 0.796350658 0
vn -0.604835153 0.796350658 0
vn -0.604835153 0.796350658 0
vn -0.604835153 0.796350658 0
vn -0.210950062 0.977496803 0
vn -0.210950062 0.977496803 0
vn -0.210950062 0.977496803 0
vn -0.210950062 0.977496803 0
vn 0.224959403 0.974368095 0
vn 0.224959403 0.974368095 0
vn 0.224959403 0.974368095 0
vn 0.224959403 0.974368095 0
vn 0.689452529 0.724330902 0
vn 0.689452529 0.724330902 0
vn 0.689452529 0.724330902 0
vn 0.689452529 0.724330902 0
vn -0.682079792 0.731277764 0
vn -0.682079792 0.731277764 0
vn -0.682079792 0.731277764 0
vn -0.682079792 0.731277764 0
vn -0.253616184 0.967304945 0
vn -0.253616184 0.967304945 0
vn -0.253616184 0.967304945 0
vn -0.253616184 0.967304945 0
vn 0.36574313 0.930715859 0
vn 0.36574313 0.930715859 0
vn 0.36574313 0.930715859 0
vn 0.36574313 0.930715859 0
vn 0.942338526 0.334661216 0
vn 0.942338526 0.334661216 0
vn 0.942338526 0.334661216 0
vn 0.942338526 0.334661216 0
vn 1 0 0
vn 1 0 0
vn 1 0 0
vn 1 0 0
vn -0 -1 0
vn -0 -1 0
vn -0 -1 0
vn -0 -1 0
vn -1 0 0
vn -1 0 0
vn -1 0 0
vn -1 0 0
vn -0.94993186 -0.312457174 0
vn -0.94993186 -0.312457174 0
vn -0.94993186 -0.312457174 0
vn -0.94993186 -0.312457174 0
vn 0.85940963 -0.511287749 0
vn 0.85940963 -0.511287749 0
vn 0.85940963 -0.511287749 0
vn 0.85940963 -0.511287749 0
vn -0 -1 0
vn -0 -1 0
vn -0 -1 0
vn -0 -1 0
vn -0.926854134 0.375421852 0
vn -0.926854134 0.375421852 0
vn -0.926854134 0.375421852 0
vn -0.926854134 0.375421852 0
vn -0 1 0
vn -0 1 0
vn -0 1 0
vn -0 1 0
vn 0.218436822 -0.975851059 0
vn 0.218436822 -0.975851059 0
vn 0.218436822 -0.975851059 0
vn 0.218436822 -0.975851059 0
vn -0.312928438 -0.949776769 0
vn -0.312928438 -0.949776769 0
vn -0.312928438 -0.949776769 0
vn -0.312928438 -0.949776769 0
vn -0.937436581 -0.348156035 0
vn -0.937436581 -0.348156035 0
vn -0.937436581 -0.348156035 0
vn -0.937436581 -0.348156035 0
vn -0.926801085 0.375552714 0
vn -0.926801085 0.375552714 0
vn -0.926801085 0.375552714 0
vn -0.926801085 0.375552714 0
vn -0.320170969 0.947359741 0
vn -0.320170969 0.947359741 0
vn -0.320170969 0.947359741 0
vn -0.320170969 0.947359741 0
vn 0.175977007 0.984394252 0
vn 0.175977007 0.984394252 0
vn 0.175977007 0.984394252 0
vn 0.175977007 0.984394252 0
vn 0.524101853 0.851655662 0
vn 0.524101853 0.851655662 0
vn 0.524101853 0.851655662 0
vn 0.524101853 0.851655662 0
vn -1 0 0
vn -1 0 0
vn -1 0 0
vn -1 0 0
vn -0.922565758 -0.38583982 0
vn -0.922565758 -0.38583982 0
vn -0.922565758 -0.38583982 0
vn -0.922565758 -0.38583982 0
vn -0.270409673 -0.962745309 0
vn -0.270409673 -0.962745309 0
vn -0.270409673 -0.962745309 0
vn -0.270409673 -0.962745309 0
vn 0.132885352 -0.991131365 0
vn 0.132885352 -0.991131365 0
vn 0.132885352 -0.991131365 0
vn 0.132885352 -0.991131365 0
vn 0.317516237 -0.948252857 0
vn 0.317516237 -0.948252857 0
vn 0.317516237 -0.948252857 0
vn 0.317516237 -0.948252857 0
vn -0.992645264 -0.121059552 0
vn -0.992645264 -0.121059552 0
vn -0.992645264 -0.121059552 0
vn -0.992645264 -0.121059552 0
vn -0.303349346 0.952879369 0
vn -0.303349346 0.952879369 0
vn -0.303349346 0.952879369 0
vn -0.303349346 0.952879369 0
vn -0.109138519 0.994026542 0
vn -0.109138519 0.994026542 0
vn -0.109138519 0.994026542 0
vn -0.109138519 0.994026542 0
vn 0.313635617 0.949543357 0
vn 0.313635617 0.949543357 0
vn 0.313635617 0.949543357 0
vn 0.313635617 0.949543357 0
vn 0.938262045 0.345925063 0
vn 0.938262045 0.345925063 0
vn 0.938262045 0.345925063 0
vn 0.938262045 0.345925063 0
vn 1 0 0
vn 1 0 0
vn 1 0 0
vn 1 0 0
vn -0 -1 0
vn -0 -1 0
vn -0 -1 0
vn -0 -1 0
vn -1 0 0
vn -1 0 0
vn -1 0 0
vn -1 0 0
vn 0.623115659 -0.782129705 0
vn 0.623115659 -0.782129705 0
vn 0.623115659 -0.782129705 0
vn 0.623115659 -0.782129705 0
vn -0.256635517 -0.96650821 0
vn -0.256635517 -0.96650821 0
vn -0.256635517 -0.96650821 0
vn -0.256635517 -0.96650821 0
vn 0.267957211 -0.963430762 0
vn 0.267957211 -0.963430762 0
vn 0.267957211 -0.963430762 0
vn 0.267957211 -0.963430762 0
vn 0.91579771 -0.401639998 0
vn 0.91579771 -0.401639998 0
vn 0.91579771 -0.401639998 0
vn 0.91579771 -0.401639998 0
vn 0.894837558 0.44639191 0
vn 0.894837558 0.44639191 0
vn 0.894837558 0.44639191 0
vn 0.894837558 0.44639191 0
vn 0.255751938 0.966742456 0
vn 0.255751938 0.966742456 0
vn 0.255751938 0.966742456 0
vn 0.255751938 0.966742456 0
vn -0.306473613 0.951879144 0
vn -0.306473613 0.951879144 0
vn -0.306473613 0.951879144 0
vn -0.306473613 0.951879144 0
vn -0.865950704 0.500129521 0
vn -0.865950704 0.500129521 0
vn -0.865950704 0.500129521 0
vn -0.865950704 0.500129521 0
vn -1 0 0
vn -1 0 0
vn -1 0 0
vn -1 0 0
vn -0.84416306 -0.536086559 0
vn -0.84416306 -0.536086559 0
vn -0.84416306 -0.536086559 0
vn -0.84416306 -0.536086559 0
vn 0.824848771 0.565353394 0
vn 0.824848771 0.565353394 0
vn 0.824848771 0.565353394 0
vn 0.824848771 0.565353394 0
vn -0.824848771 0.565353394 0
vn -0.824848771 0.565353394 0
vn -0.824848771 0.565353394 0
vn -0.824848771 0.565353394 0
vn -0 1 0
vn -0 1 0
vn -0 1 0
vn -0 1 0
vn 0.861799777 -0.50724864 0
vn 0.861799777 -0.50724864 0
vn 0.861799777 -0.50724864 0
vn 0.861799777 -0.50724864 0
vn -0 -1 0
vn -0 -1 0
vn -0 -1 0
vn -0 -1 0
vn -0.861792028 -0.507261634 0
vn -0.861792028 -0.507261634 0
vn -0.861792028 -0.507261634 0
vn -0.861792028 -0.507261634 0
vn -0 1 0
vn -0 1 0
vn -0 1 0
vn -0 1 0
vn -0.338790476 -0.940861881 0
vn -0.338790476 -0.940861881 0
vn -0.338790476 -0.940861881 0
vn -0.338790476 -0.940861881 0
vn -0.982743859 0.184971854 0
vn -0.982743859 0.184971854 0
vn -0.982743859 0.184971854 0
vn -0.982743859 0.184971854 0
vn 0.34790045 0.937531471 0
vn 0.34790045 0.937531471 0
vn 0.34790045 0.937531471 0
vn 0.34790045 0.937531471 0
vn 0.133654192 0.991028011 0
vn 0.133654192 0.991028011 0
vn 0.133654192 0.991028011 0
vn 0.133654192 0.991028011 0
vn -0.19652833 0.980498195 0
vn -0.19652833 0.980498195 0
vn -0.19652833 0.980498195 0
vn -0.19652833 0.980498195 0
vn -0.865481019 0.500941753 0
vn -0.865481019 0.500941753 0
vn -0.865481019 0.500941753 0
vn -0.865481019 0.500941753 0
vn -0.835975945 -0.548766077 0
vn -0.835975945 -0.548766077 0
vn -0.835975945 -0.548766077 0
vn -0.835975945 -0.548766077 0
vn -0.31255281 -0.949900329 0
vn -0.31255281 -0.949900329 0
vn -0.31255281 -0.949900329 0
vn -0.31255281 -0.949900329 0
vn -0.366764516 -0.930313826 0
vn -0.366764516 -0.930313826 0
vn -0.366764516 -0.930313826 0
vn -0.366764516 -0.930313826 0
vn -0.906419396 -0.422378868 0
vn -0.906419396 -0.422378868 0
vn -0.906419396 -0.422378868 0
vn -0.906419396 -0.422378868 0
vn -0.913986385 0.405744791 0
vn -0.913986385 0.405744791 0
vn -0.913986385 0.405744791 0
vn -0.913986385 0.405744791 0
vn -0.257201284 0.966357768 0
vn -0.257201284 0.966357768 0
vn -0.257201284 0.966357768 0
vn -0.257201284 0.966357768 0
vn 0.106415443 0.994321704 0
vn 0.106415443 0.994321704 0
vn 0.106415443 0.994321704 0
vn 0.106415443 0.994321704 0
vn 0.30123201 0.953550816 0
vn 0.30123201 0.953550816 0
vn 0.30123201 0.953550816 0
vn 0.30123201 0.953550816 0
vn 0.98442626 -0.175798193 0
vn 0.98442626 -0.175798193 0
vn 0.98442626 -0.175798193 0
vn 0.98442626 -0.175798193 0
vn -0.364009738 -0.931395113 0
vn -0.364009738 -0.931395113 0
vn -0.364009738 -0.931395113 0
vn -0.364009738 -0.931395113 0
vn -0.134793103 -0.990873694 0
vn -0.134793103 -0.990873694 0
vn -0.134793103 -0.990873694 0
vn -0.134793103 -0.990873694 0
vn 0.219959319 -0.975509048 0
vn 0.219959319 -0.975509048 0
vn 0.219959319 -0.975509048 0
vn 0.219959319 -0.975509048 0
vn 0.89492625 -0.446214288 0
vn 0.89492625 -0.446214288 0
vn 0.89492625 -0.446214288 0
vn 0.89492625 -0.446214288 0
vn 0.825090468 0.565000653 0
vn 0.825090468 0.565000653 0
vn 0.825090468 0.565000653 0
vn 0.825090468 0.565000653 0
vn 0.333334535 0.942808568 0
vn 0.333334535 0.942808568 0
vn 0.333334535 0.942808568 0
vn 0.333334535 0.942808568 0
vn 0.361604273 0.932331622 0
vn 0.361604273 0.932331622 0
vn 0.894209623 0.447648525 0
vn 0.894209623 0.447648525 0
vn 0.894209623 0.447648525 0
vn 0.894209623 0.447648525 0
vn 0.927865982 -0.372913659 0
vn 0.927865982 -0.372913659 0
vn 0.927865982 -0.372913659 0
vn 0.927865982 -0.372913659 0
vn 0.260350198 -0.965514243 0
vn 0.260350198 -0.965514243 0
vn 0.260350198 -0.965514243 0
vn 0.260350198 -0.965514243 0
vn -0.126266897 -0.991996348 0
vn -0.126266897 -0.991996348 0
vn -0.126266897 -0.991996348 0
vn -0.126266897 -0.991996348 0
vn 0.335665047 0.941981375 0
vn 0.335665047 0.941981375 0
vn 0.335665047 0.941981375 0
vn 0.335665047 0.941981375 0
vn -0.125117987 0.992141843 0
vn -0.125117987 0.992141843 0
vn -0.125117987 0.992141843 0
vn -0.125117987 0.992141843 0
vn -0.376057237 0.926596403 0
vn -0.376057237 0.926596403 0
vn -0.376057237 0.926596403 0
vn -0.376057237 0.926596403 0
vn 0.983502209 0.180896148 0
vn 0.983502209 0.180896148 0
vn 0.983502209 0.180896148 0
vn 0.983502209 0.180896148 0
vn 0.328508079 -0.944501162 0
vn 0.328508079 -0.944501162 0
vn 0.328508079 -0.944501162 0
vn 0.328508079 -0.944501162 0
vn 0.0963318273 -0.995349348 0
vn 0.0963318273 -0.995349348 0
vn 0.0963318273 -0.995349348 0
vn 0.0963318273 -0.995349348 0
vn -0.351459026 -0.936203301 0
vn -0.351459026 -0.936203301 0
vn -0.351459026 -0.936203301 0
vn -0.351459026 -0.936203301 0
vn -0.943825006 -0.330445886 0
vn -0.943825006 -0.330445886 0
vn -0.943825006 -0.330445886 0
vn -0.943825006 -0.330445886 0
vn -0.951991677 0.306124061 0
vn -0.951991677 0.306124061 0
vn -0.951991677 0.306124061 0
vn -0.951991677 0.306124061 0
vn -0.401775718 0.915738106 0
vn -0.401775718 0.915738106 0
vn -0.401775718 0.915738106 0
vn -0.401775718 0.915738106 0
vn 0.392791033 0.919627726 0
vn 0.392791033 0.919627726 0
vn 0.392791033 0.919627726 0
vn 0.392791033 0.919627726 0
vn 0.955701828 0.294336587 0
vn 0.955701828 0.294336587 0
vn 0.955701828 0.294336587 0
vn 0.955701828 0.294336587 0
vn 1 0 0
vn 1 0 0
vn 1 0 0
vn 1 0 0
vn -0 -1 0
vn -0 -1 0
vn -0 -1 0
vn -0 -1 0
vn 0.914666355 0.404209584 0
vn 0.914666355 0.404209584 0
vn 0.914666355 0.404209584 0
vn 0.914666355 0.404209584 0
vn -0.389739335 -0.9209252 0
vn -0.389739335 -0.9209252 0
vn -0.389739335 -0.9209252 0
vn -0.389739335 -0.9209252 0
vn 0.363344043 -0.931655049 0
vn 0.363344043 -0.931655049 0
vn 0.363344043 -0.931655049 0
vn 0.363344043 -0.931655049 0
vn 0.934359848 -0.356330633 0
vn 0.934359848 -0.356330633 0
vn 0.934359848 -0.356330633 0
vn 0.934359848 -0.356330633 0
vn -0 1 0
vn -0 1 0
vn -0 1 0
vn -0 1 0
vn -0.957509875 -0.288400531 0
vn -0.957509875 -0.288400531 0
vn -0.957509875 -0.288400531 0
vn -0.957509875 -0.288400531 0
vn -1 0 0
vn -1 0 0
vn -1 0 0
vn -1 0 0
vn -0 1 0
vn -0 1 0
vn -0 1 0
vn -0 1 0
vn 0.313934714 0.949444592 0
vn 0.313934714 0.949444592 0
vn 0.313934714 0.949444592 0
vn 0.313934714 0.949444592 0
vn 0.929894269 0.367826998 0
vn 0.929894269 0.367826998 0
vn 0.929894269 0.367826998 0
vn 0.929894269 0.367826998 0
vn 0.958798409 -0.2840873 0
vn 0.958798409 -0.2840873 0
vn 0.958798409 -0.2840873 0
vn 0.958798409 -0.2840873 0
vn 0.61770165 -0.786412537 0
vn 0.61770165 -0.786412537 0
vn 0.61770165 -0.786412537 0
vn 0.61770165 -0.786412537 0
vn 0.633965552 0.773361206 0
vn 0.633965552 0.773361206 0
vn 0.633965552 0.773361206 0
vn 0.633965552 0.773361206 0
vn 0.960131347 0.279549509 0
vn 0.960131347 0.279549509 0
vn 0.960131347 0.279549509 0
vn 0.960131347 0.279549509 0
vn 0.925618768 -0.378457338 0
vn 0.925618768 -0.378457338 0
vn 0.925618768 -0.378457338 0
vn 0.925618768 -0.378457338 0
vn 0.308603346 -0.951190829 0
vn 0.308603346 -0.951190829 0
vn 0.308603346 -0.951190829 0
vn 0.308603346 -0.951190829 0
vn -0 -1 0
vn -0 -1 0
vn -0 -1 0
vn -0 -1 0
vn 1 0 0
vn 1 0 0
vn 1 0 0
vn 1 0 0
vn -0 1 0
vn -0 1 0
vn -0 1 0
vn -0 1 0
vn -0.288336694 0.957529128 0
vn -0.288336694 0.957529128 0
vn -0.288336694 0.957529128 0
vn -0.288336694 0.957529128 0
vn -0.921577871 0.388193697 0
vn -0.921577871 0.388193697 0
vn -0.921577871 0.388193697 0
vn -0.921577871 0.388193697 0
vn -0.933757007 -0.357907414 0
vn -0.933757007 -0.357907414 0
vn -0.933757007 -0.357907414 0
vn -0.933757007 -0.357907414 0
vn -0.313979 -0.94942987 0
vn -0.313979 -0.94942987 0
vn -0.313979 -0.94942987 0
vn -0.313979 -0.94942987 0
vn -0 -1 0
vn -0 -1 0
vn -0 -1 0
vn -0 -1 0
vn 1 0 0
vn 1 0 0
vn 1 0 0
vn 1 0 0
vn -0 1 0
vn -0 1 0
vn -0 1 0
vn -0 1 0
vn -0.307308137 0.951610148 0
vn -0.307308137 0.951610148 0
vn -0.307308137 0.951610148 0
vn -0.307308137 0.951610148 0
vn -0.921706259 0.38788861 0
vn -0.921706259 0.38788861 0
vn -0.921706259 0.38788861 0
vn -0.921706259 0.38788861 0
vn -0.927404463 -0.374060303 0
vn -0.927404463 -0.374060303 0
vn -0.927404463 -0.374060303 0
vn -0.927404463 -0.374060303 0
vn -0.330467433 -0.943817377 0
vn -0.330467433 -0.943817377 0
vn -0.330467433 -0.943817377 0
vn -0.330467433 -0.943817377 0
vn -0 -1 0
vn -0 -1 0
vn -0 -1 0
vn -0 -1 0
vn 0.218442529 -0.975849807 0
vn 0.218442529 -0.975849807 0
vn 0.218442529 -0.975849807 0
vn 0.218442529 -0.975849807 0
vn -0.312928051 -0.949776888 0
vn -0.312928051 -0.949776888 0
vn -0.312928051 -0.949776888 0
vn -0.312928051 -0.949776888 0
vn -0.937436581 -0.348156035 0
vn -0.937436581 -0.348156035 0
vn -0.937436581 -0.348156035 0
vn -0.937436581 -0.348156035 0
vn -0.926805794 0.375541031 0
vn -0.926805794 0.375541031 0
vn -0.926805794 0.375541031 0
vn -0.926805794 0.375541031 0
vn -0.320170969 0.947359741 0
vn -0.320170969 0.947359741 0
vn -0.320170969 0.947359741 0
vn -0.320170969 0.947359741 0
vn 0.175995976 0.984390855 0
vn 0.175995976 0.984390855 0
vn 0.175995976 0.984390855 0
vn 0.175995976 0.984390855 0
vn 0.524086416 0.85166508 0
vn 0.524086416 0.85166508 0
vn 0.524086416 0.85166508 0
vn 0.524086416 0.85166508 0
vn -1 0 0
vn -1 0 0
vn -1 0 0
vn -1 0 0
vn -0.922565758 -0.38583982 0
vn -0.922565758 -0.38583982 0
vn -0.922565758 -0.38583982 0
vn -0.922565758 -0.38583982 0
vn -0.270409673 -0.962745309 0
vn -0.270409673 -0.962745309 0
vn -0.270409673 -0.962745309 0
vn -0.270409673 -0.962745309 0
vn 0.132885501 -0.991131365 0
vn 0.132885501 -0.991131365 0
vn 0.132885501 -0.991131365 0
vn 0.132885501 -0.991131365 0
vn 0.317516237 -0.948252857 0
vn 0.317516237 -0.948252857 0
vn 0.317516237 -0.948252857 0
vn 0.317516237 -0.948252857 0
vn -0.992645264 -0.121059552 0
vn -0.992645264 -0.121059552 0
vn -0.992645264 -0.121059552 0
vn -0.992645264 -0.121059552 0
vn -0.303364038 0.95287472 0
vn -0.303364038 0.95287472 0
vn -0.303364038 0.95287472 0
vn -0.303364038 0.95287472 0
vn -0.109134845 0.994026899 0
vn -0.109134845 0.994026899 0
vn -0.109134845 0.994026899 0
vn -0.109134845 0.994026899 0
vn 0.313640386 0.949541867 0
vn 0.313640386 0.949541867 0
vn 0.313640386 0.949541867 0
vn 0.313640386 0.949541867 0
vn 0.938258052 0.345936239 0
vn 0.938258052 0.345936239 0
vn 0.938258052 0.345936239 0
vn 0.938258052 0.345936239 0
vn 1 0 0
vn 1 0 0
vn 1 0 0
vn 1 0 0
vn -0 -1 0
vn -0 -1 0
vn -0 -1 0
vn -0 -1 0
vn -1 0 0
vn -1 0 0
vn -1 0 0
vn -1 0 0
vn 0.623097539 -0.78214407 0
vn 0.623097539 -0.78214407 0
vn 0.623097539 -0.78214407 0
vn 0.623097539 -0.78214407 0
vn -0.256597728 -0.966518223 0
vn -0.256597728 -0.966518223 0
vn -0.256597728 -0.966518223 0
vn -0.256597728 -0.966518223 0
vn 0.267944008 -0.963434517 0
vn 0.267944008 -0.963434517 0
vn 0.267944008 -0.963434517 0
vn 0.267944008 -0.963434517 0
vn 0.915803194 -0.401627362 0
vn 0.915803194 -0.401627362 0
vn 0.915803194 -0.401627362 0
vn 0.915803194 -0.401627362 0
vn 0.894837558 0.44639191 0
vn 0.894837558 0.44639191 0
vn 0.894837558 0.44639191 0
vn 0.894837558 0.44639191 0
vn 0.255805373 0.96672833 0
vn 0.255805373 0.96672833 0
vn 0.255805373 0.96672833 0
vn 0.255805373 0.96672833 0
vn -0.30649969 0.951870799 0
vn -0.30649969 0.951870799 0
vn -0.30649969 0.951870799 0
vn -0.30649969 0.951870799 0
vn -0.865950346 0.500130057 0
vn -0.865950346 0.500130057 0
vn -0.865950346 0.500130057 0
vn -0.865950346 0.500130057 0
vn -1 0 0
vn -1 0 0
vn -1 0 0
vn -1 0 0
vn -0.844141245 -0.536120832 0
vn -0.844141245 -0.536120832 0
vn -0.844141245 -0.536120832 0
vn -0.844141245 -0.536120832 0
vn 0.102811001 -0.994700909 0
vn 0.102811001 -0.994700909 0
vn 0.102811001 -0.994700909 0
vn 0.102811001 -0.994700909 0
vn -0.281436712 -0.959579766 0
vn -0.281436712 -0.959579766 0
vn -0.281436712 -0.959579766 0
vn -0.281436712 -0.959579766 0
vn -0.933847249 -0.357672125 0
vn -0.933847249 -0.357672125 0
vn -0.933847249 -0.357672125 0
vn -0.933847249 -0.357672125 0
vn -1 0 0
vn -1 0 0
vn -1 0 0
vn -1 0 0
vn -0 -1 0
vn -0 -1 0
vn -0 -1 0
vn -0 -1 0
vn -1 0 0
vn -1 0 0
vn -1 0 0
vn -1 0 0
vn -0 1 0
vn -0 1 0
vn -0 1 0
vn -0 1 0
vn -1 0 0
vn -1 0 0
vn -1 0 0
vn -1 0 0
vn -0.11044585 0.993882179 0
vn -0.11044585 0.993882179 0
vn -0.11044585 0.993882179 0
vn -0.11044585 0.993882179 0
vn 1 0 0
vn 1 0 0
vn 1 0 0
vn 1 0 0
vn -0 1 0
vn -0 1 0
vn -0 1 0
vn -0 1 0
vn 1 0 0
vn 1 0 0
vn 1 0 0
vn 1 0 0
vn -0 -1 0
vn -0 -1 0
vn -0 -1 0
vn -0 -1 0
vn 1 0 0
vn 1 0 0
vn 1 0 0
vn 1 0 0
vn 0.949371636 0.31415531 0
vn 0.949371636 0.31415531 0
vn 0.949371636 0.31415531 0
vn 0.949371636 0.31415531 0
vn 0.329561532 0.944134116 0
vn 0.329561532 0.944134116 0
vn 0.329561532 0.944134116 0
vn 0.329561532 0.944134116 0
vn -0.144855738 0.989452839 0
vn -0.144855738 0.989452839 0
vn -0.144855738 0.989452839 0
vn -0.144855738 0.989452839 0
vn -0.371334583 0.928499103 0
vn -0.371334583 0.928499103 0
vn -0.371334583 0.928499103 0
vn -0.371334583 0.928499103 0
vn 0.988936365 0.148340672 0
vn 0.988936365 0.148340672 0
vn 0.988936365 0.148340672 0
vn 0.988936365 0.148340672 0
vn 0.34809953 -0.937457502 0
vn 0.34809953 -0.937457502 0
vn 0.34809953 -0.937457502 0
vn 0.34809953 -0.937457502 0
vn -0.938631952 -0.344920427 0
vn -0.938631952 -0.344920427 0
vn -0.938631952 -0.344920427 0
vn -0.938631952 -0.344920427 0
vn -0.941863477 0.335995793 0
vn -0.941863477 0.335995793 0
vn -0.941863477 0.335995793 0
vn -0.941863477 0.335995793 0
vn -0.309706837 0.950832129 0
vn -0.309706837 0.950832129 0
vn -0.309706837 0.950832129 0
vn -0.309706837 0.950832129 0
vn 0.312130213 0.950039327 0
vn 0.312130213 0.950039327 0
vn 0.312130213 0.950039327 0
vn 0.312130213 0.950039327 0
vn 0.939221382 0.343311965 0
vn 0.939221382 0.343311965 0
vn 0.939221382 0.343311965 0
vn 0.939221382 0.343311965 0
vn 0.937911034 -0.346875876 0
vn 0.937911034 -0.346875876 0
vn 0.937911034 -0.346875876 0
vn 0.937911034 -0.346875876 0
vn 0.302176446 -0.953252017 0
vn 0.302176446 -0.953252017 0
vn 0.302176446 -0.953252017 0
vn 0.302176446 -0.953252017 0
vn -0.314602524 -0.949223518 0
vn -0.314602524 -0.949223518 0
vn -0.314602524 -0.949223518 0
vn -0.314602524 -0.949223518 0
vn -0 -1 0
vn -0 -1 0
vn -0 -1 0
vn -0 -1 0
vn -1 0 0
vn -1 0 0
vn -1 0 0
vn -1 0 0
vn -0 1 0
vn -0 1 0
vn -0 1 0
vn -0 1 0
vn 1 0 0
vn 1 0 0
vn 1 0 0
vn 1 0 0
vn -0 0 -1
vn -0 0 -1
vn -0 0 -1
vn -0 0 -1
vn -0 0 -1
vn -0 0 -1
vn -0 0 -1
vn -0 0 -1
vn -0 0 -1
vn -0 0 -1
vn -0 0 -1
vn -0 0 -1
vn -0 0 -1
vn -0 0 -1
vn -0 -5.52318343E-05 -1
vn -0 0.000112019719 -1
vn -0 0 -1
vn -0 0 -1
vn -0 0 1
vn -0 0 1
vn -0 0 1
vn -0 0 1
vn -0 0 1
vn -0 0 1
vn -0 0 1
vn -0 0 1
vn -0 3.46428315E-05 -1
vn -0 3.46428315E-05 -1
vn -0 3.46428315E-05 -1
vn -0 0 -1
vn -0 0 -1
vn -0 -1.75666664E-05 -1
vn -0 1.7471928E-05 -1
vn -0 0 -1
vn -0 1 0
vn -0 1 0
vn -0 1 0
vn -0 1 0
vn -0 1.66644459E-05 -1
vn -0 1.66644459E-05 -1
vn -0 1.66644459E-05 -1
vn -0 0 -1
vn -0 0 -1
vn -0 0 -1
vn -0 -4.82998475E-05 -1
vn -0 -1.74252455E-05 -1
vn -0 0 -1
vn -0 0 -1
vn -0 0 -1
vn -0 0 -1
vn -1.42117678E-05 0 -1
vn -0 0 -1
vn -0 0 -1
vn -0 0 -1
vn -0 1.05758554E-05 -1
vn -0 1.05758554E-05 -1
vn -0 1.05758554E-05 -1
vn -0 0 -1
vn -0 0 -1
vn -0 0 -1
vn -0 0 -1
vn -0 0 -1
vn -0 0 -1
vn -0 0 -1
vn -0 0 -1
vn -0 0 -1
vn -0 1.28899201E-05 -1
vn -0 -3.41197956E-05 -1
vn -0 0 -1
vn -0 0 -1
vn -0 0 -1
vn -0 0 -1
vn -0 0 -1
vn -0 0 -1
vn -0 0 -1
vn -0 -3.66186359E-05 -1
vn -0 0 -1
vn -0 -1.7316017E-05 -1
vn -0 0 -1
vn -0 0 -1
vn -0 0 -1
vn -0 0 -1
vn -0 0 -1
vn -0 0 -1
vn -0 0 -1
vn -0 0 -1
vn -0 0 -1
vn -0 0 -1
vn -0 0 -1
vn -0 0 -1
vn -0 0 -1
vn -0 0 -1
vn -0 0 -1
vn -0 -1.39625809E-05 -1
vn -0 -1.39625809E-05 -1
vn -0 -1.39625809E-05 -1
vn -0 0 -1
vn -0 0 -1
vn -0 0 -1
vn -0 0 -1
vn -0 0 -1
vn -0 0 -1
vn -0 1.03579714E-05 -1
vn -0 0 -1
vn -0 0 -1
vn -0 0 -1
vn -0 0 -1
vn -0 1.31068473E-05 -1
vn -0 0 -1
vn -0 0 -1
vn -0 -2.67022697E-05 -1
vn -0 0 -1
vn -0 0 -1
vn -0 2.05623819E-05 -1
vn -0 2.05623819E-05 -1
vn -0 2.05623819E-05 -1
vn -0 -3.05217691E-05 -1
vn -0 0 -1
vn -0 0 -1
vn -0 0 -1
vn -0 0 -1
vn -0 0 -1
vn -0 0 -1
vn -0 -1.23195196E-05 -1
vn -0 0 -1
vn -0 0 -1
vn -0 0 -1
vn -0 0 -1
vn -0 0 -1
vn -0 0 -1
vn -0 1.95534012E-05 -1
vn -0 0 -1
vn -0 0 -1
vn -0 0 -1
vn -0 0 -1
vn -0 0 -1
vn -0 0 -1
vn -0 0 -1
vn -0 0 -1
vn -0 0 -1
vn -0 0 -1
vn -0 0 -1
vn -0 0 -1
vn -0 0 -1
vn -0 -1.2082548E-05 -1
vn -0 -1.2082548E-05 -1
vn -0 -1.66638893E-05 -1
vn -0 -1.66638893E-05 -1
vn -0 -1.66638893E-05 -1
vn -0 0 -1
vn -0 0 -1
vn -0 0 -1
vn -0 0 -1
vn -0 0 -1
vn -0 0 -1
vn -0 0 -1
vn -0 0 -1
vn -0 0 -1
vn -0 0 -1
vn -0 0 -1
vn -0 0 -1
vn -0 0 -1
vn -0 1.05759673E-05 -1
vn -0 1.05759673E-05 -1
vn -0 1.05759673E-05 -1
vn -0 -1.82788626E-05 -1
vn -0 0 -1
vn -0 0 -1
vn -0 0 -1
vn -0 0 -1
vn -0 -1.08986278E-05 -1
vn -0 0 -1
vn -0 0 -1
vn -0 0 -1
vn -0 0 -1
vn -0 0 -1
vn -0 0 -1
vn -0 0 -1
vn -0 0 -1
vn -0 0 -1
vn -0 0 -1
vn -0 0 -1
vn -0 0 -1
vn -0 0 -1
vn -0 0 -1
vn -0 0 -1
vn -0 0 -1
vn -0 0 -1
vn -0 0 -1
vn -0 0 -1
vn -0 0 -1
vn -0 0 -1
vn -0 1.56887363E-05 -1
vn -0 0 -1
vn -0 -1.2215979E-05 -1
vn -0 0 -1
vn -0 0 -1
vn -0 0 -1
vn -0 0 -1
vn -0 -1.40607426E-05 -1
vn -0 -1.40607426E-05 -1
vn -0 -1.40607426E-05 -1
vn -0 0 -1
vn -0 0 -1
vn -0 0 -1
vn -0 0 -1
vn -0 0 -1
vn -0 0 -1
vn -0 0 -1
vn -0 0 -1
vn -0 0 -1
vn -0 0 -1
vn -0 -1.02547274E-05 -1
vn -0 0 -1
vn -0 0 -1
vn -0 0 -1
vn -0 0 -1
vn -0 0 -1
vn -0 0 -1
vn -0 0 -1
vn -0 0 -1
vn -0 0 -1
vn -0 -1.02103331E-05 -1
vn -0 0 -1
vn -0 0 -1
vn -0 0 -1
vn -0 0 -1
vn -0 0 -1
vn -0 0 -1
vn -0 0 -1
vn -0 0 -1
vn -0 0 -1
vn -0 0 -1
vn -0 0 -1
vn -0 -2.93427238E-05 -1
vn -0 0 -1
vn -0 0 -1
vn -0 0 -1
vn -0 0 -1
vn -0 0 -1
vn -0 -1.58318035E-05 -1
vn -0 0 -1
vn -0 0 -1
vn -0 0 -1
vn -0 0 -1
vn -0 0 -1
vn -0 0 -1
vn -0 3.34403449E-05 -1
vn -0 3.34403449E-05 -1
vn -0 0 -1
vn -0 0 -1
vn -0 0 -1
vn -0 0 -1
vn -0 0 -1
vn -0 0 -1
vn -0 0 -1
vn -0 -1.00353245E-05 -1
vn -0 -1.00353245E-05 -1
vn -0 0 -1
vn -0 0 -1
vn -0 0 -1
vn -0 0 -1
vn -0 0 -1
vn -0 0 -1
vn -0 0 -1
vn -0 0 -1
vn -0 0 -1
vn -0 0 -1
vn -0 0 -1
vn -0 0 -1
vn -0 0 -1
vn -0 0 -1
vn -0 0 -1
vn -0 0 -1
vn -0 0 -1
vn -0 0 -1
vn -0 0 -1
vn -0 0 -1
vn -0 5.60098597E-05 -1
vn -0 0 -1
vn -0 0 -1
vn -0 0 -1
vn -0 0 -1
vn -0 0 -1
vn -0 0 -1
vn -0 0 -1
vn -0 0 -1
vn -0 0 -1
vn -0 0 -1
vn -0 0 -1
vn -0 0 -1
vn -0 0 -1
vn -0 0 -1
vn -0 0 -1
vn -0 0 -1
vn -0 0 -1
vn -0 0 -1
vn -0 0 -1
vn -0 0 -1
vn -0 1.04399396E-05 -1
vn -0 0 -1
vn -0 0 -1
vn -0 0 -1
vn -0 0 -1
vn -0 0 -1
vn -0 0 -1
vn -0 0 -1
vn -0 0 -1
vn -0 -1.4977235E-05 -1
vn -0 0 -1
vn -0 0 -1
vn -0 0 -1
vn -0 0 -1
vn -0 0 -1
vn -0 0 -1
vn -0 0 -1
vn -0 0 -1
vn -0 1.74282832E-05 -1
vn -0 0 -1
vn -0 0 -1
vn -0 0 -1
vn -0 0 -1
vn -0 0 -1
vn -0 -1.03579714E-05 -1
vn -0 0 -1
vn -0 0 -1
vn -0 0 -1
vn -0 0 -1
vn -0 0 -1
vn -0 0 -1
vn -0 0 -1
vn -0 0 -1
vn -0 0 -1
vn -0 0 -1
vn -0 0 -1
vn -0 0 -1
vn -0 0 -1
vn -0 0 -1
vn -0 0 -1
vn -0 0 -1
vn -0 0 -1
vn -0 -3.46476336E-05 -1
vn -0 -3.46476336E-05 -1
vn -0 -3.46476336E-05 -1
vn -0 2.30968217E-05 -1
vn -0 0 -1
vn -0 0 -1
vn -0 0 -1
vn -0 6.99184602E-05 -1
vn -0 0 -1
vn -0 0 -1
vn -0 0 -1
vn -0 0 -1
vn -0 -1.78533173E-05 -1
vn -0 -1.78533173E-05 -1
vn -0 -1.78533173E-05 -1
vn -0 0 -1
vn -0 0 -1
vn -0 0 -1
vn -0 0 -1
vn -0 0 -1
vn -0 0 -1
vn -0 0 -1
vn -0 0 -1
vn -0 0 -1
vn -0 0 -1
vn -0 0 -1
vn -0 0 -1
vn -0 0 -1
vn -0 0 -1
vn -0 0 -1
vn -0 0 -1
vn -0 0 -1
vn -0 0 -1
vn -0 1.0277492E-05 -1
vn -0 -1.74593206E-05 -1
vn -0 0 -1
vn -0 0 -1
vn -0 0 -1
vn -0 0 -1
vn -0 0 -1
vn -0 0 -1
vn -0 0 -1
vn -0 0 1
vn -0 0 1
vn -0 0 1
vn -0 0 1
vn -0 0 1
vn -0 0 1
vn -0 0 1
vn -0 0 1
vn -0 0 1
vn -1 0 0
vn -1 0 0
vn -1 0 0
vn -1 0 0
vn 0.31963411 -0.947540998 0
vn 0.31963411 -0.947540998 0
vn 0.31963411 -0.947540998 0
vn 0.31963411 -0.947540998 0
vn -0 1 0
vn -0 1 0
vn -0 1 0
vn -0 1 0
vn -0 1 0
vn -0 1 0
vn -0 1 0
vn -0 1 0
vn -0 -1 0
vn -0 -1 0
vn -0 -1 0
vn -0 -1 0
vn 0.336862147 -0.94155395 0
vn 0.336862147 -0.94155395 0
vn 0.336862147 -0.94155395 0
vn 0.336862147 -0.94155395 0
vn -0.339818358 0.94049114 0
vn -0.339818358 0.94049114 0
vn -0.339818358 0.94049114 0
vn -0.339818358 0.94049114 0
vn -0.640182316 -0.768222988 0
vn -0.640182316 -0.768222988 0
vn -0.640182316 -0.768222988 0
vn -0.640182316 -0.768222988 0
vn 1 0 0
vn 1 0 0
vn 1 0 0
vn 1 0 0
vn -1 0 0
vn -1 0 0
vn -1 0 0
vn -1 0 0
vn 0.67010206 0.742269039 0
vn 0.67010206 0.742269039 0
vn 0.67010206 0.742269039 0
vn 0.67010206 0.742269039 0
vn -0 0 -1
vn -0 0 -1
vn -0 0 -1
vn -0 0 -1
vn -0 0 -1
vn -0 0 -1
vn -0 0 -1
vn -0 0 -1
vn -0.448567599 0.0260996465 -0.893367648
vn -0.448567599 0.0260996465 -0.893367648
vn -0.448567599 0.0260996465 -0.893367648
vn -0.448567599 0.0260996465 -0.893367648
vn 0.887979209 0.0260891039 0.459143072
vn 0.887979209 0.0260891039 0.459143072
vn 0.887979209 0.0260891039 0.459143072
vn 0.887979209 0.0260891039 0.459143072
vn -0.988373876 0.0227514282 0.150331184
vn -0.988373876 0.0227514282 0.150331184
vn -0.988373876 0.0227514282 0.150331184
vn -0.988373876 0.0227514282 0.150331184
vn 0.710843325 0.028137926 -0.702787399
vn 0.710843325 0.028137926 -0.702787399
vn 0.710843325 0.028137926 -0.702787399
vn 0.710843325 0.028137926 -0.702787399
vn -0.162411466 0.022776749 0.986460209
vn -0.162411466 0.022776749 0.986460209
vn -0.162411466 0.022776749 0.986460209
vn -0.162411466 0.022776749 0.986460209
vn -0 -1 0
vn -0 -1 0
vn -0 -1 0
vn -0 -1 0
vn 0.746649504 0.0281478912 -0.66462177
vn 0.746649504 0.0281478912 -0.66462177
vn 0.746649504 0.0281478912 -0.66462177
vn 0.746649504 0.0281478912 -0.66462177
vn 0.862826347 0.0260829031 0.504827201
vn 0.862826347 0.0260829031 0.504827201
vn 0.862826347 0.0260829031 0.504827201
vn 0.862826347 0.0260829031 0.504827201
vn -0.401419491 0.0260584336 -0.915523529
vn -0.401419491 0.0260584336 -0.915523529
vn -0.401419491 0.0260584336 -0.915523529
vn -0.401419491 0.0260584336 -0.915523529
vn -0.994858861 0.022726668 0.0986884683
vn -0.994858861 0.022726668 0.0986884683
vn -0.994858861 0.022726668 0.0986884683
vn -0.994858861 0.022726668 0.0986884683
vn -0.213639975 0.0228135306 0.976646006
vn -0.213639975 0.0228135306 0.976646006
vn -0.213639975 0.0228135306 0.976646006
vn -0.213639975 0.0228135306 0.976646006
vn -0.162395477 0.0227746218 0.986462891
vn -0.162395477 0.0227746218 0.986462891
vn -0.162395477 0.0227746218 0.986462891
vn -0.162395477 0.0227746218 0.986462891
vn -0.448613644 0.0261034481 -0.893344462
vn -0.448613644 0.0261034481 -0.893344462
vn -0.448613644 0.0261034481 -0.893344462
vn -0.448613644 0.0261034481 -0.893344462
vn 0.710812211 0.0281303059 -0.702819049
vn 0.710812211 0.0281303059 -0.702819049
vn 0.710812211 0.0281303059 -0.702819049
vn 0.710812211 0.0281303059 -0.702819049
vn -0.988385797 0.0227520522 0.15025264
vn -0.988385797 0.0227520522 0.15025264
vn -0.988385797 0.0227520522 0.15025264
vn -0.988385797 0.0227520522 0.15025264
vn 0.887960196 0.0260846633 0.459179908
vn 0.887960196 0.0260846633 0.459179908
vn 0.887960196 0.0260846633 0.459179908
vn 0.887960196 0.0260846633 0.459179908
vn -0.988373876 0.0227554403 0.150330633
vn -0.988373876 0.0227554403 0.150330633
vn -0.988373876 0.0227554403 0.150330633
vn -0.988373876 0.0227554403 0.150330633
vn 0.710827053 0.0281322561 -0.702803969
vn 0.710827053 0.0281322561 -0.702803969
vn 0.710827053 0.0281322561 -0.702803969
vn 0.710827053 0.0281322561 -0.702803969
vn -0.448577166 0.0261059552 -0.89336282
vn -0.448577166 0.0261059552 -0.89336282
vn -0.448577166 0.0261059552 -0.89336282
vn -0.448577166 0.0261059552 -0.89336282
vn 0.887945831 0.0260891318 0.459207475
vn 0.887945831 0.0260891318 0.459207475
vn 0.887945831 0.0260891318 0.459207475
vn 0.887945831 0.0260891318 0.459207475
vn -0.162408412 0.0227787904 0.986460686
vn -0.162408412 0.0227787904 0.986460686
vn -0.162408412 0.0227787904 0.986460686
vn -0.162408412 0.0227787904 0.986460686
vn -0.448742747 0.0260844994 -0.893280208
vn -0.448742747 0.0260844994 -0.893280208
vn -0.448742747 0.0260844994 -0.893280208
vn -0.448742747 0.0260844994 -0.893280208
vn 0.887926936 0.0260983407 0.459243476
vn 0.887926936 0.0260983407 0.459243476
vn 0.887926936 0.0260983407 0.459243476
vn 0.887926936 0.0260983407 0.459243476
vn -0.16223821 0.0228079204 0.986487925
vn -0.16223821 0.0228079204 0.986487925
vn -0.16223821 0.0228079204 0.986487925
vn -0.16223821 0.0228079204 0.986487925
vn 0.710991919 0.0281284228 -0.702637434
vn 0.710991919 0.0281284228 -0.702637434
vn 0.710991919 0.0281284228 -0.702637434
vn 0.710991919 0.0281284228 -0.702637434
vn -0.988395214 0.0227668434 0.150188461
vn -0.988395214 0.0227668434 0.150188461
vn -0.988395214 0.0227668434 0.150188461
vn -0.988395214 0.0227668434 0.150188461
vn -0.162243217 0.022806799 0.986487091
vn -0.162243217 0.022806799 0.986487091
vn -0.162243217 0.022806799 0.986487091
vn -0.162243217 0.022806799 0.986487091
vn -0.988383353 0.0227598101 0.150267258
vn -0.988383353 0.0227598101 0.150267258
vn -0.988383353 0.0227598101 0.150267258
vn -0.988383353 0.0227598101 0.150267258
vn -0.448722571 0.0260774922 -0.893290579
vn -0.448722571 0.0260774922 -0.893290579
vn -0.448722571 0.0260774922 -0.893290579
vn -0.448722571 0.0260774922 -0.893290579
vn 0.710986674 0.0281346012 -0.7026425
vn 0.710986674 0.0281346012 -0.7026425
vn 0.710986674 0.0281346012 -0.7026425
vn 0.710986674 0.0281346012 -0.7026425
vn 0.887945652 0.0260929279 0.459207654
vn 0.887945652 0.0260929279 0.459207654
vn 0.887945652 0.0260929279 0.459207654
vn 0.887945652 0.0260929279 0.459207654
vn -0 -1 0
vn -0 -1 0
vn -0 -1 0
vn -0 -1 0
vn 0.710847318 0.0281305369 -0.702783644
vn 0.710847318 0.0281305369 -0.702783644
vn 0.710847318 0.0281305369 -0.702783644
vn 0.710847318 0.0281305369 -0.702783644
vn 0.88794601 0.0260856729 0.459207445
vn 0.88794601 0.0260856729 0.459207445
vn 0.88794601 0.0260856729 0.459207445
vn 0.88794601 0.0260856729 0.459207445
vn -0.448577166 0.0261051692 -0.89336282
vn -0.448577166 0.0261051692 -0.89336282
vn -0.448577166 0.0261051692 -0.89336282
vn -0.448577166 0.0261051692 -0.89336282
vn -0.988373756 0.022755079 0.150331363
vn -0.988373756 0.022755079 0.150331363
vn -0.988373756 0.022755079 0.150331363
vn -0.988373756 0.022755079 0.150331363
vn -0.162419915 0.0227787308 0.986458719
vn -0.162419915 0.0227787308 0.986458719
vn -0.162419915 0.0227787308 0.986458719
vn -0.162419915 0.0227787308 0.986458719
vn -0 0 -1
vn -0 0 -1
vn -0 0 -1
vn -0 0 -1
vn -0 1 0
vn -0 1 0
vn -0 1 0
vn -0 1 0
vn 1 0 0
vn 1 0 0
vn 1 0 0
vn 1 0 0
vn 1 0 0
vn 1 0 0
vn 1 0 0
vn 1 0 0
vn -1 0 0
vn -1 0 0
vn -1 0 0
vn -1 0 0
vn -0 0.894426703 0.447214633
vn -0 0.894426703 0.447214633
vn -0 0.894426703 0.447214633
vn -0 0.894426703 0.447214633
vn -1 0 0
vn -1 0 0
vn -1 0 0
vn -1 0 0
vn -0 0 1
vn -0 0 1
vn -0 0 1
vn -0 0 1
vn -0 0 1
vn -0 0 1
vn -0 0 1
vn -0 0 1
vn -0 0.894427001 0.447213918
vn -0 0.894427001 0.447213918
vn -0 0.894427001 0.447213918
vn -0 0.894427001 0.447213918
vn -1 0 0
vn -1 0 0
vn -1 0 0
vn -1 0 0
vn -1 0 0
vn -1 0 0
vn -1 0 0
vn -1 0 0
vn -1 0 0
vn -1 0 0
vn -1 0 0
vn -1 0 0
vn -1 0 0
vn -1 0 0
vn -1 0 0
vn -1 0 0
vn -1 0 0
vn -1 0 0
vn -1 0 0
vn -1 0 0
vn -1 0 0
vn -1 0 0
vn -1 0 0
vn -1 0 0
vn -1 0 0
vn -1 0 0
vn -1 0 0
vn -1 0 0
vn -1 0 0
vn -1 0 0
vn -1 0 0
vn -1 0 0
vn -1 0 0
vn -1 0 0
vn -1 0 0
vn -1 0 0
vn -1 0 0
vn -0 1 0
vn -0 1 0
vn -0 1 0
vn -0 1 0
vn -0 0 1
vn -0 0 1
vn -0 0 1
vn -0 0 1
vn -0 0 1
vn -0 0 1
vn -0 0 1
vn -0 0 1
vn -0 0 1
vn -0 0 1
vn -0 0 1
vn -0 0 1
vn -0 0 1
vn -0 0 1
vn -0 0 1
vn -0 0 1
vn -0 0 1
vn -0 0 1
vn -0 0 1
vn -0 0 1
vn -0 0 1
vn -0 0 1
vn -0 0 1
vn -0 0 1
vn -0 0 1
vn -0 0 1
vn -0 0 1
vn -0 0 1
vn -0 0 1
vn -0 0 1
vn -0 -2.82454421E-05 1
vn -0 -2.82454421E-05 1
vn -0 -2.82454421E-05 1
vn -0 -2.82454421E-05 1
vn -0 1.42546851E-05 1
vn -0 1.42546851E-05 1
vn -1 0 0
vn -1 0 0
vn -1 0 0
vn -1 0 0
vn -1 0 0
vn -1 0 0
vn -1 0 0
vn -1 0 0
vn -1 0 0
vn -1 0 0
vn -1 0 0
vn -1 0 0
vn -1 0 0
vn -1 0 0
vn -1 0 0
vn -1 0 0
vn -1 0 0
vn -1 0 0
vn -1 0 0
vn -1 0 0
vn -1 0 0
vn -1 0 0
vn -1 0 0
vn -1 0 0
vn -1 0 0
vn -1 0 0
vn -1 0 0
vn -1 0 0
vn -1 0 0
vn -1 0 0
vn -1 0 0
vn -1 0 0
vn -1 0 0
vn -1 0 0
vn -1 0 0
vn -1 0 0
vn -0 0 1
vn -0 0 1
vn -0 0 1
vn -0 0 1
vn -0 2.35379812E-05 1
vn -0 2.35379812E-05 1
vn -0 2.35379812E-05 1
vn -0 2.35379812E-05 1
vn -1 0 0
vn -1 0 0
vn -1 0 0
vn -1 0 0
vn -1 0 0
vn -1 0 0
vn -1 0 0
vn -1 0 0
vn -0 1 0
vn -0 1 0
vn -0 1 0
vn -0 1 0
vn -0 1 0
vn -0 1 0
vn -0 1 0
vn -0 1 0
vn -0 1 0
vn -0 1 0
vn -0 1 0
vn -0 1 0
vn -0 1 0
vn -0 1 0
vn -0 1 0
vn -0 1 0
vn -0 1 0
vn -0 1 0
vn -0 1 0
vn -0 1 0
vn -0 1 0
vn -0 1 0
vn -0 1 0
vn -0 1 0
vn -0 1 0
vn -0 1 0
vn -0 1 0
vn -0 1 0
vn -0 1 0
vn -0 1 0
vn -0 1 0
vn -0 1 0
vn -0 1 0
vn -0 1 0
vn -0 1 0
vn -0 0 1
vn -0 0 1
vn -0 0 1
vn -0 0 1
vn -0 0 1
vn -0 0 1
vn -0 0 1
vn -0 0 1
vn -0 0 1
vn -0 0 1
vn -0 0 1
vn -0 0 1
vn -0 0 1
vn -0 0 1
vn -0 0 1
vn -0 0 1
vn -0 0 1
vn -0 0 1
vn -0 0 1
vn -0 0 1
vn -0 0 1
vn -0 0 1
vn -0 0 1
vn -0 0 1
vn -0 2.85095102E-05 1
vn -0 2.85095102E-05 1
vn -0 2.85095102E-05 1
vn -0 2.85095102E-05 1
vn -0 0 1
vn -0 0 1
vn -0 1 0
vn -0 1 0
vn -0 1 0
vn -0 1 0
vn -0 1 0
vn -0 1 0
vn -0 1 0
vn -0 1 0
vn 1 0 0
vn 1 0 0
vn 1 0 0
vn 1 0 0
vn 1 0 0
vn 1 0 0
vn 1 0 0
vn 1 0 0
vn 1 0 0
vn 1 0 0
vn 1 0 0
vn 1 0 0
vn 1 0 0
vn 1 0 0
vn 1 0 0
vn 1 0 0
vn 1 0 0
vn 1 0 0
vn 1 0 0
vn 1 0 0
vn 1 0 0
vn 1 0 0
vn 1 0 0
vn 1 0 0
vn 1 0 0
vn 1 0 0
vn 1 0 0
vn 1 0 0
vn 1 0 0
vn 1 0 0
vn 1 0 0
vn 1 0 0
vn 1 0 0
vn 1 0 0
vn 1 0 0
vn 1 0 0
vn 1 0 0
vn 1 0 0
vn 1 0 0
vn 1 0 0
vn 1 0 0
vn 1 0 0
vn 1 0 0
vn 1 0 0
vn 1 0 0
vn 1 0 0
vn 1 0 0
vn 1 0 0
vn 1 0 0
vn 1 0 0
vn 1 0 0
vn 1 0 0
vn 1 0 0
vn 1 0 0
vn 1 0 0
vn 1 0 0
vn 1 0 0
vn 1 0 0
vn 1 0 0
vn 1 0 0
vn 1 0 0
vn 1 0 0
vn 1 0 0
vn 1 0 0
vn 1 0 0
vn 1 0 0
vn 1 0 0
vn 1 0 0
vn 1 0 0
vn 1 0 0
vn 1 0 0
vn 1 0 0
vn 1 0 0
vn 1 -1.90735391E-05 0
vn 1 -1.90735391E-05 0
vn 1 -1.90735391E-05 0
vn 1 -1.90735391E-05 0
vn 1 0 0
vn 1 0 0
vn 1 0 0
vn 1 0 0
vn -0 1 0
vn -0 1 0
vn -0 1 0
vn -0 1 0
vn -0 0 1
vn -0 0 1
vn -0 0 1
vn -0 0 1
vn -1 0 0
vn -1 0 0
vn -1 0 0
vn -1 0 0
vn -0 1 0
vn -0 1 0
vn -0 1 0
vn -0 1 0
vn -0 -1 0
vn -0 -1 0
vn -0 -1 0
vn -0 -1 0
vn -0 -1 0
vn -0 -1 0
vn -0 -1 0
vn -0 -1 0
vn -0 -1 0
vn 1 0 0
vn 1 0 0
vn 1 0 0
vn 1 0 0
vn 1 0 0
vn -0 0 1
vn -0 0 1
vn -0 0 1
vn -0 0 1
vn -0 0 -1
vn -0 0 -1
vn -0 0 -1
vn -0 0 -1
vn -1 0 0
vn -1 0 0
vn -1 0 0
vn -1 0 0
vn -0 1 0
vn -0 1 0
vn -0 1 0
vn -0 1 0
vn -0 1 0
vn -0 1 0
vn -0 1 0
vn -0 1 0
vn -0 0 -1
vn -0 0 -1
vn -0 0 -1
vn -0 0 -1
vn -0 1 0
vn -0 1 0
vn -0 1 0
vn -0 1 0
vn -0 1 0
vn -0 1 0
vn -0 1 0
vn -0 1 0
vn 1 0 0
vn 1 0 0
vn 1 0 0
vn 1 0 0
vn -0 0 1
vn -0 0 1
vn -0 0 1
vn -0 0 1
vn -0 0 1
vn -0 0 1
vn -0 0 1
vn -0 0 1
vn -1 0 0
vn -1 0 0
vn -1 0 0
vn -1 0 0
vn -0 0 1
vn -0 0 1
vn -0 0 1
vn -0 0 1
vn -0 0 -1
vn -0 0 -1
vn -0 0 -1
vn -0 0 -1
vn -0 1 0
vn -0 1 0
vn -0 1 0
vn -0 1 0
vn -0 0 1
vn -0 0 1
vn -0 0 1
vn -0 0 1
vn -0 0 1
vn -0 0 1
vn -0 0 1
vn -0 0 1
vn -0 1 0
vn -0 1 0
vn -0 1 0
vn -0 1 0
vn -0 0 1
vn -0 0 1
vn -0 0 1
vn -0 0 1
vn 1 0 0
vn 1 0 0
vn 1 0 0
vn 1 0 0
vn -0 0 1
vn -0 0 1
vn -0 0 1
vn -0 0 1
vn 1 0 0
vn 1 0 0
vn 1 0 0
vn 1 0 0
vn -0 1 0
vn -0 1 0
vn -0 1 0
vn -0 1 0
vn -0 1 0
vn -0 1 0
vn -0 -1 0
vn -0 -1 0
vn -0 -1 0
vn -0 -1 0
vn -0 -1 0
vn -0 -1 0
vn -0 -1 0
vn -0 0 -1
vn -0 0 -1
vn -0 0 -1
vn -0 0 -1
vn -1 0 0
vn -1 0 0
vn -1 0 0
vn -1 0 0
vn -0 1 0
vn -0 1 0
vn -0 1 0
vn -0 1 0
vn -0 1 0
vn -0 1 0
vn -0 1 0
vn -0 1 0
vn -0 1 0
vn -0 1 0
vn -0 1 0
vn -0 1 0
vn -0 1 0
vn -0 1 0
vn -0 0 -1
vn -0 0 -1
vn -0 0 -1
vn -0 0 -1
vn 1 0 0
vn 1 0 0
vn 1 0 0
vn 1 0 0
vn -1 0 0
vn -1 0 0
vn -1 0 0
vn -1 0 0
vn -0 0 1
vn -0 0 1
vn -0 0 1
vn -0 0 1
vn 1 0 0
vn 1 0 0
vn 1 0 0
vn 1 0 0
vn -0.499995023 0 0.866028309
vn -0.499995023 0 0.866028309
vn -0.499995023 0 0.866028309
vn -0.499995023 0 0.866028309
vn -0.499999732 0 -0.866025507
vn -0.499999732 0 -0.866025507
vn -0.499999732 0 -0.866025507
vn -0.499999732 0 -0.866025507
vn 0.500000298 0 -0.866025269
vn 0.500000298 0 -0.866025269
vn 0.500000298 0 -0.866025269
vn 0.500000298 0 -0.866025269
vn 0.4999955 0 0.866028011
vn 0.4999955 0 0.866028011
vn 0.4999955 0 0.866028011
vn 0.4999955 0 0.866028011
vn -1 0 0
vn -1 0 0
vn -1 0 0
vn -1 0 0
vn -1 0 0
vn -1 0 0
vn -1 0 0
vn -1 0 0
vn 0.4999955 0 0.866028011
vn 0.4999955 0 0.866028011
vn 0.4999955 0 0.866028011
vn 0.4999955 0 0.866028011
vn 0.500000298 0 -0.866025269
vn 0.500000298 0 -0.866025269
vn 0.500000298 0 -0.866025269
vn 0.500000298 0 -0.866025269
vn -0.499999732 0 -0.866025507
vn -0.499999732 0 -0.866025507
vn -0.499999732 0 -0.866025507
vn -0.499999732 0 -0.866025507
vn -0.499995023 0 0.866028309
vn -0.499995023 0 0.866028309
vn -0.499995023 0 0.866028309
vn -0.499995023 0 0.866028309
vn 1 0 0
vn 1 0 0
vn 1 0 0
vn 1 0 0
vn -0.866133273 0 0.499813169
vn -0.866133273 0 0.499813169
vn -0.866133273 0 0.499813169
vn -0.866133273 0 0.499813169
vn -0 -0.00102796231 -0.999999523
vn -0 -0.00102796231 -0.999999523
vn -0 -0.00102796231 -0.999999523
vn -0 -0.00102796231 -0.999999523
vn 0.866130292 -0.00102788315 0.499817133
vn 0.866130292 -0.00102788315 0.499817133
vn 0.866130292 -0.00102788315 0.499817133
vn 0.866130292 -0.00102788315 0.499817133
vn -0.866131842 -0.00102818548 0.49981451
vn -0.866131842 -0.00102818548 0.49981451
vn -0.866131842 -0.00102818548 0.49981451
vn -0.866131842 -0.00102818548 0.49981451
vn 0.866130412 0 0.499818146
vn 0.866130412 0 0.499818146
vn 0.866130412 0 0.499818146
vn 0.866130412 0 0.499818146
vn -0 0 -1
vn -0 0 -1
vn -0 0 -1
vn -0 0 -1
vn -0.598919451 0 0.800809324
vn -0.598919451 0 0.800809324
vn -0.598919451 0 0.800809324
vn -0.598919451 0 0.800809324
vn 0.0133004515 0 -0.999911547
vn 0.0133004515 0 -0.999911547
vn 0.0133004515 0 -0.999911547
vn 0.0133004515 0 -0.999911547
vn 0.576605499 0 0.817022681
vn 0.576605499 0 0.817022681
vn 0.576605499 0 0.817022681
vn 0.576605499 0 0.817022681
vn -0.946730196 0 -0.322027892
vn -0.946730196 0 -0.322027892
vn -0.946730196 0 -0.322027892
vn -0.946730196 0 -0.322027892
vn 0.955201149 0 -0.295957327
vn 0.955201149 0 -0.295957327
vn 0.955201149 0 -0.295957327
vn 0.955201149 0 -0.295957327
vn -0.367729664 0.426763743 -0.826224923
vn -0.367729664 0.426763743 -0.826224923
vn -0.367729664 0.426763743 -0.826224923
vn -0.367729664 0.426763743 -0.826224923
vn -0.28304714 0.475825042 0.832751393
vn -0.28304714 0.475825042 0.832751393
vn -0.28304714 0.475825042 0.832751393
vn -0.28304714 0.475825042 0.832751393
vn 0.355775267 0.92647934 0.122718632
vn 0.355775267 0.92647934 0.122718632
vn 0.355775267 0.92647934 0.122718632
vn 0.355775267 0.92647934 0.122718632
vn 0.321573496 -0.00504376274 -0.946871161
vn 0.321573496 -0.00504376274 -0.946871161
vn 0.321573496 -0.00504376274 -0.946871161
vn 0.321573496 -0.00504376274 -0.946871161
vn -0.735631943 -0.447430223 0.5085783
vn -0.735631943 -0.447430223 0.5085783
vn -0.735631943 -0.447430223 0.5085783
vn -0.735631943 -0.447430223 0.5085783
vn -0.990935862 0.0973796323 0.0925384685
vn -0.990935862 0.0973796323 0.0925384685
vn -0.990935862 0.0973796323 0.0925384685
vn -0.990935862 0.0973796323 0.0925384685
vn 0.743775904 0.0798801556 0.66363883
vn 0.743775904 0.0798801556 0.66363883
vn 0.743775904 0.0798801556 0.66363883
vn 0.743775904 0.0798801556 0.66363883
vn -0.277422071 -0.447948784 -0.849928737
vn -0.277422071 -0.447948784 -0.849928737
vn -0.277422071 -0.447948784 -0.849928737
vn -0.277422071 -0.447948784 -0.849928737
vn 0.361024469 0.429347634 0.827841818
vn 0.361024469 0.429347634 0.827841818
vn 0.361024469 0.429347634 0.827841818
vn 0.361024469 0.429347634 0.827841818
vn 0.277719647 -0.504273713 -0.817667246
vn 0.277719647 -0.504273713 -0.817667246
vn 0.277719647 -0.504273713 -0.817667246
vn 0.277719647 -0.504273713 -0.817667246
vn -0.32193321 0.00103371532 0.946761847
vn -0.32193321 0.00103371532 0.946761847
vn -0.32193321 0.00103371532 0.946761847
vn -0.32193321 0.00103371532 0.946761847
vn -0.251672924 0.0269950908 -0.967435837
vn -0.251672924 0.0269950908 -0.967435837
vn -0.251672924 0.0269950908 -0.967435837
vn -0.251672924 0.0269950908 -0.967435837
vn 0.733388722 -0.449342102 -0.510130107
vn 0.733388722 -0.449342102 -0.510130107
vn 0.733388722 -0.449342102 -0.510130107
vn 0.733388722 -0.449342102 -0.510130107
vn -0.790886343 0.429126859 0.436289907
vn -0.790886343 0.429126859 0.436289907
vn -0.790886343 0.429126859 0.436289907
vn -0.790886343 0.429126859 0.436289907
vn 0.794694781 0.427099019 -0.431331247
vn 0.794694781 0.427099019 -0.431331247
vn 0.794694781 0.427099019 -0.431331247
vn 0.794694781 0.427099019 -0.431331247
vn 0.266551763 -0.448673338 0.853019536
vn 0.266551763 -0.448673338 0.853019536
vn 0.266551763 -0.448673338 0.853019536
vn 0.266551763 -0.448673338 0.853019536
vn 0.282703966 0.476381928 -0.832549572
vn 0.282703966 0.476381928 -0.832549572
vn 0.282703966 0.476381928 -0.832549572
vn 0.282703966 0.476381928 -0.832549572
vn -0.731123328 0.0952456817 -0.67556411
vn -0.731123328 0.0952456817 -0.67556411
vn -0.731123328 0.0952456817 -0.67556411
vn -0.731123328 0.0952456817 -0.67556411
vn -0.278576165 -0.500889838 0.819453835
vn -0.278576165 -0.500889838 0.819453835
vn -0.278576165 -0.500889838 0.819453835
vn -0.278576165 -0.500889838 0.819453835
vn -0.784821689 0.0314996913 0.618920624
vn -0.784821689 0.0314996913 0.618920624
vn -0.784821689 0.0314996913 0.618920624
vn -0.784821689 0.0314996913 0.618920624
vn -0.356893033 0.926438749 -0.119743899
vn -0.356893033 0.926438749 -0.119743899
vn -0.356893033 0.926438749 -0.119743899
vn -0.356893033 0.926438749 -0.119743899
vn 0.242726207 0.0356787667 0.969438434
vn 0.242726207 0.0356787667 0.969438434
vn 0.242726207 0.0356787667 0.969438434
vn 0.242726207 0.0356787667 0.969438434
vn 0.875311494 -0.381496668 0.297136605
vn 0.875311494 -0.381496668 0.297136605
vn 0.875311494 -0.381496668 0.297136605
vn 0.875311494 -0.381496668 0.297136605
vn 0.93160671 0.0406454466 0.361188054
vn 0.93160671 0.0406454466 0.361188054
vn 0.93160671 0.0406454466 0.361188054
vn 0.93160671 0.0406454466 0.361188054
vn 0.797688484 0.513264537 0.316626817
vn 0.797688484 0.513264537 0.316626817
vn 0.797688484 0.513264537 0.316626817
vn 0.797688484 0.513264537 0.316626817
vn 0.990959287 0.0471693724 -0.125597313
vn 0.990959287 0.0471693724 -0.125597313
vn 0.990959287 0.0471693724 -0.125597313
vn 0.990959287 0.0471693724 -0.125597313
vn 0.657860935 0 -0.753139377
vn 0.657860935 0 -0.753139377
vn 0.657860935 0 -0.753139377
vn 0.657860935 0 -0.753139377
vn -0.0890586451 0 0.996026397
vn -0.0890586451 0 0.996026397
vn -0.0890586451 0 0.996026397
vn -0.0890586451 0 0.996026397
vn -0.513012469 0 -0.858381152
vn -0.513012469 0 -0.858381152
vn -0.513012469 0 -0.858381152
vn -0.513012469 0 -0.858381152
vn 0.919513166 0 0.393059373
vn 0.919513166 0 0.393059373
vn 0.919513166 0 0.393059373
vn 0.919513166 0 0.393059373
vn -0.97494781 0 0.222433612
vn -0.97494781 0 0.222433612
vn -0.97494781 0 0.222433612
vn -0.97494781 0 0.222433612
vn 0.495234042 0.415261626 -0.763086438
vn 0.495234042 0.415261626 -0.763086438
vn 0.495234042 0.415261626 -0.763086438
vn 0.495234042 0.415261626 -0.763086438
vn -0.864601374 0.474611074 0.164950982
vn -0.864601374 0.474611074 0.164950982
vn -0.864601374 0.474611074 0.164950982
vn -0.864601374 0.474611074 0.164950982
vn 0.0861611888 0.913062274 0.398614675
vn 0.0861611888 0.913062274 0.398614675
vn 0.0861611888 0.913062274 0.398614675
vn 0.0861611888 0.913062274 0.398614675
vn 0.982213497 -0.00499495631 -0.187700987
vn 0.982213497 -0.00499495631 -0.187700987
vn 0.982213497 -0.00499495631 -0.187700987
vn 0.982213497 -0.00499495631 -0.187700987
vn -0.799979091 -0.42921114 -0.419298559
vn -0.799979091 -0.42921114 -0.419298559
vn -0.799979091 -0.42921114 -0.419298559
vn -0.799979091 -0.42921114 -0.419298559
vn -0.562708676 0.0890375376 -0.821846306
vn -0.562708676 0.0890375376 -0.821846306
vn -0.562708676 0.0890375376 -0.821846306
vn -0.562708676 0.0890375376 -0.821846306
vn -0.154531583 0.0743401125 0.985187113
vn -0.154531583 0.0743401125 0.985187113
vn -0.154531583 0.0743401125 0.985187113
vn -0.154531583 0.0743401125 0.985187113
vn 0.567044377 -0.439395905 -0.696700692
vn 0.567044377 -0.439395905 -0.696700692
vn 0.567044377 -0.439395905 -0.696700692
vn 0.567044377 -0.439395905 -0.696700692
vn -0.500377178 0.418029964 0.758204222
vn -0.500377178 0.418029964 0.758204222
vn -0.500377178 0.418029964 0.758204222
vn -0.500377178 0.418029964 0.758204222
vn 0.848904073 -0.503056109 -0.162161291
vn 0.848904073 -0.503056109 -0.162161291
vn 0.848904073 -0.503056109 -0.162161291
vn 0.848904073 -0.503056109 -0.162161291
vn -0.982302964 0.00102542341 0.187295899
vn -0.982302964 0.00102542341 0.187295899
vn -0.982302964 0.00102542341 0.187295899
vn -0.982302964 0.00102542341 0.187295899
vn 0.679633141 0.026506003 -0.733073235
vn 0.679633141 0.026506003 -0.733073235
vn 0.679633141 0.026506003 -0.733073235
vn 0.679633141 0.026506003 -0.733073235
vn 0.800340056 -0.431143403 0.416618884
vn 0.800340056 -0.431143403 0.416618884
vn 0.800340056 -0.431143403 0.416618884
vn 0.800340056 -0.431143403 0.416618884
vn -0.762610376 0.408061832 -0.501907349
vn -0.762610376 0.408061832 -0.501907349
vn -0.762610376 0.408061832 -0.501907349
vn -0.762610376 0.408061832 -0.501907349
vn 0.760051191 0.405881763 0.507525563
vn 0.760051191 0.405881763 0.507525563
vn 0.760051191 0.405881763 0.507525563
vn 0.760051191 0.405881763 0.507525563
vn -0.575914025 -0.440438271 0.688721478
vn -0.575914025 -0.440438271 0.688721478
vn -0.575914025 -0.440438271 0.688721478
vn -0.575914025 -0.440438271 0.688721478
vn 0.864271343 0.47512877 -0.165189937
vn 0.864271343 0.47512877 -0.165189937
vn 0.864271343 0.47512877 -0.165189937
vn 0.864271343 0.47512877 -0.165189937
vn 0.170622334 0.0887877792 -0.98132807
vn 0.170622334 0.0887877792 -0.98132807
vn 0.170622334 0.0887877792 -0.98132807
vn 0.170622334 0.0887877792 -0.98132807
vn -0.850886405 -0.49964419 0.162320971
vn -0.850886405 -0.49964419 0.162320971
vn -0.850886405 -0.49964419 0.162320971
vn -0.850886405 -0.49964419 0.162320971
vn -0.91273582 0.0301112235 -0.407439232
vn -0.91273582 0.0301112235 -0.407439232
vn -0.91273582 0.0301112235 -0.407439232
vn -0.91273582 0.0301112235 -0.407439232
vn -0.0892869234 0.912968338 -0.398141444
vn -0.0892869234 0.912968338 -0.398141444
vn -0.0892869234 0.912968338 -0.398141444
vn -0.0892869234 0.912968338 -0.398141444
vn -0.686548591 0.0349909365 0.726241469
vn -0.686548591 0.0349909365 0.726241469
vn -0.686548591 0.0349909365 0.726241469
vn -0.686548591 0.0349909365 0.726241469
vn 0.20189853 -0.351351678 0.914214969
vn 0.20189853 -0.351351678 0.914214969
vn 0.20189853 -0.351351678 0.914214969
vn 0.20189853 -0.351351678 0.914214969
vn 0.17738691 0.037064366 0.983442962
vn 0.17738691 0.037064366 0.983442962
vn 0.17738691 0.037064366 0.983442962
vn 0.17738691 0.037064366 0.983442962
vn 0.149542928 0.478223979 0.865412414
vn 0.149542928 0.478223979 0.865412414
vn 0.149542928 0.478223979 0.865412414
vn 0.149542928 0.478223979 0.865412414
vn 0.589152515 0.0431727208 0.806867719
vn 0.589152515 0.0431727208 0.806867719
vn 0.589152515 0.0431727208 0.806867719
vn 0.589152515 0.0431727208 0.806867719
vn -0.598918796 0 0.80080986
vn -0.598918796 0 0.80080986
vn -0.598918796 0 0.80080986
vn -0.598918796 0 0.80080986
vn 0.0133004328 0 -0.999911547
vn 0.0133004328 0 -0.999911547
vn 0.0133004328 0 -0.999911547
vn 0.0133004328 0 -0.999911547
vn 0.576609135 0 0.817020118
vn 0.576609135 0 0.817020118
vn 0.576609135 0 0.817020118
vn 0.576609135 0 0.817020118
vn -0.946728826 0 -0.322031856
vn -0.946728826 0 -0.322031856
vn -0.946728826 0 -0.322031856
vn -0.946728826 0 -0.322031856
vn 0.955200732 0 -0.295958638
vn 0.955200732 0 -0.295958638
vn 0.955200732 0 -0.295958638
vn 0.955200732 0 -0.295958638
vn -0.367728621 0.426766157 -0.826224089
vn -0.367728621 0.426766157 -0.826224089
vn -0.367728621 0.426766157 -0.826224089
vn -0.367728621 0.426766157 -0.826224089
vn -0.283046424 0.475823939 0.832752228
vn -0.283046424 0.475823939 0.832752228
vn -0.283046424 0.475823939 0.832752228
vn -0.283046424 0.475823939 0.832752228
vn 0.355776012 0.926479161 0.122718543
vn 0.355776012 0.926479161 0.122718543
vn 0.355776012 0.926479161 0.122718543
vn 0.355776012 0.926479161 0.122718543
vn 0.321572572 -0.00504469452 -0.946871459
vn 0.321572572 -0.00504469452 -0.946871459
vn 0.321572572 -0.00504469452 -0.946871459
vn 0.321572572 -0.00504469452 -0.946871459
vn -0.735630631 -0.447433174 0.508577406
vn -0.735630631 -0.447433174 0.508577406
vn -0.735630631 -0.447433174 0.508577406
vn -0.735630631 -0.447433174 0.508577406
vn -0.990935743 0.0973799229 0.0925387442
vn -0.990935743 0.0973799229 0.0925387442
vn -0.990935743 0.0973799229 0.0925387442
vn -0.990935743 0.0973799229 0.0925387442
vn 0.74377811 0.0798806697 0.663636327
vn 0.74377811 0.0798806697 0.663636327
vn 0.74377811 0.0798806697 0.663636327
vn 0.74377811 0.0798806697 0.663636327
vn -0.277421594 -0.447947532 -0.849929631
vn -0.277421594 -0.447947532 -0.849929631
vn -0.277421594 -0.447947532 -0.849929631
vn -0.277421594 -0.447947532 -0.849929631
vn 0.361021727 0.429349065 0.827842116
vn 0.361021727 0.429349065 0.827842116
vn 0.361021727 0.429349065 0.827842116
vn 0.361021727 0.429349065 0.827842116
vn 0.277720213 -0.504271626 -0.817668498
vn 0.277720213 -0.504271626 -0.817668498
vn 0.277720213 -0.504271626 -0.817668498
vn 0.277720213 -0.504271626 -0.817668498
vn -0.321933299 0.00103625166 0.946761847
vn -0.321933299 0.00103625166 0.946761847
vn -0.321933299 0.00103625166 0.946761847
vn -0.321933299 0.00103625166 0.946761847
vn -0.251672 0.0269934963 -0.967436075
vn -0.251672 0.0269934963 -0.967436075
vn -0.251672 0.0269934963 -0.967436075
vn -0.251672 0.0269934963 -0.967436075
vn 0.733388066 -0.449342221 -0.510130763
vn 0.733388066 -0.449342221 -0.510130763
vn 0.733388066 -0.449342221 -0.510130763
vn 0.733388066 -0.449342221 -0.510130763
vn -0.790887296 0.429125488 0.436289668
vn -0.790887296 0.429125488 0.436289668
vn -0.790887296 0.429125488 0.436289668
vn -0.790887296 0.429125488 0.436289668
vn 0.794695377 0.427098751 -0.431330472
vn 0.794695377 0.427098751 -0.431330472
vn 0.794695377 0.427098751 -0.431330472
vn 0.794695377 0.427098751 -0.431330472
vn 0.266552567 -0.448673159 0.853019357
vn 0.266552567 -0.448673159 0.853019357
vn 0.266552567 -0.448673159 0.853019357
vn 0.266552567 -0.448673159 0.853019357
vn 0.282702982 0.476382881 -0.832549334
vn 0.282702982 0.476382881 -0.832549334
vn 0.282702982 0.476382881 -0.832549334
vn 0.282702982 0.476382881 -0.832549334
vn -0.731123149 0.095245868 -0.675564229
vn -0.731123149 0.095245868 -0.675564229
vn -0.731123149 0.095245868 -0.675564229
vn -0.731123149 0.095245868 -0.675564229
vn -0.278577238 -0.500887811 0.819454789
vn -0.278577238 -0.500887811 0.819454789
vn -0.278577238 -0.500887811 0.819454789
vn -0.278577238 -0.500887811 0.819454789
vn -0.784821689 0.0315028839 0.618920386
vn -0.784821689 0.0315028839 0.618920386
vn -0.784821689 0.0315028839 0.618920386
vn -0.784821689 0.0315028839 0.618920386
vn -0.356891423 0.926439345 -0.119744018
vn -0.356891423 0.926439345 -0.119744018
vn -0.356891423 0.926439345 -0.119744018
vn -0.356891423 0.926439345 -0.119744018
vn 0.242724419 0.0356803499 0.96943891
vn 0.242724419 0.0356803499 0.96943891
vn 0.242724419 0.0356803499 0.96943891
vn 0.242724419 0.0356803499 0.96943891
vn 0.875311375 -0.381496102 0.297137231
vn 0.875311375 -0.381496102 0.297137231
vn 0.875311375 -0.381496102 0.297137231
vn 0.875311375 -0.381496102 0.297137231
vn 0.931605875 0.0406465828 0.361189961
vn 0.931605875 0.0406465828 0.361189961
vn 0.931605875 0.0406465828 0.361189961
vn 0.931605875 0.0406465828 0.361189961
vn 0.797689259 0.513262689 0.31662783
vn 0.797689259 0.513262689 0.31662783
vn 0.797689259 0.513262689 0.31662783
vn 0.797689259 0.513262689 0.31662783
vn 0.990959406 0.0471698828 -0.125596881
vn 0.990959406 0.0471698828 -0.125596881
vn 0.990959406 0.0471698828 -0.125596881
vn 0.990959406 0.0471698828 -0.125596881
vn 0.657859743 0 -0.75314045
vn 0.657859743 0 -0.75314045
vn 0.657859743 0 -0.75314045
vn 0.657859743 0 -0.75314045
vn -0.0890501738 0 0.996027112
vn -0.0890501738 0 0.996027112
vn -0.0890501738 0 0.996027112
vn -0.0890501738 0 0.996027112
vn -0.513005793 0 -0.858385086
vn -0.513005793 0 -0.858385086
vn -0.513005793 0 -0.858385086
vn -0.513005793 0 -0.858385086
vn 0.919513166 0 0.393059373
vn 0.919513166 0 0.393059373
vn 0.919513166 0 0.393059373
vn 0.919513166 0 0.393059373
vn -0.974947929 0 0.222433269
vn -0.974947929 0 0.222433269
vn -0.974947929 0 0.222433269
vn -0.974947929 0 0.222433269
vn 0.546316326 0.41528061 0.727379262
vn 0.546316326 0.41528061 0.727379262
vn 0.546316326 0.41528061 0.727379262
vn 0.546316326 0.41528061 0.727379262
vn 0.142381206 0.474604189 -0.868607223
vn 0.142381206 0.474604189 -0.868607223
vn 0.142381206 0.474604189 -0.868607223
vn 0.142381206 0.474604189 -0.868607223
vn -0.403930753 0.913065553 -0.0561351292
vn -0.403930753 0.913065553 -0.0561351292
vn -0.403930753 0.913065553 -0.0561351292
vn -0.403930753 0.913065553 -0.0561351292
vn -0.16147384 -0.00499895401 0.986864269
vn -0.16147384 -0.00499895401 0.986864269
vn -0.16147384 -0.00499895401 0.986864269
vn -0.16147384 -0.00499895401 0.986864269
vn 0.668797255 -0.429168731 -0.607062221
vn 0.668797255 -0.429168731 -0.607062221
vn 0.668797255 -0.429168731 -0.607062221
vn 0.668797255 -0.429168731 -0.607062221
vn 0.965206504 0.0890338197 -0.245864481
vn 0.965206504 0.0890338197 -0.245864481
vn 0.965206504 0.0890338197 -0.245864481
vn 0.965206504 0.0890338197 -0.245864481
vn -0.871999323 0.0743414834 -0.483829021
vn -0.871999323 0.0743414834 -0.483829021
vn -0.871999323 0.0743414834 -0.483829021
vn -0.871999323 0.0743414834 -0.483829021
vn 0.459253043 -0.439400017 0.772019565
vn 0.459253043 -0.439400017 0.772019565
vn 0.459253043 -0.439400017 0.772019565
vn 0.459253043 -0.439400017 0.772019565
vn -0.539931417 0.418003201 -0.730580211
vn -0.539931417 0.418003201 -0.730580211
vn -0.539931417 0.418003201 -0.730580211
vn -0.539931417 0.418003201 -0.730580211
vn -0.139577597 -0.503047287 0.852913558
vn -0.139577597 -0.503047287 0.852913558
vn -0.139577597 -0.503047287 0.852913558
vn -0.139577597 -0.503047287 0.852913558
vn 0.161884204 0.00101671508 -0.986809254
vn 0.161884204 0.00101671508 -0.986809254
vn 0.161884204 0.00101671508 -0.986809254
vn 0.161884204 0.00101671508 -0.986809254
vn 0.454730302 0.0265014954 0.890234828
vn 0.454730302 0.0265014954 0.890234828
vn 0.454730302 0.0265014954 0.890234828
vn 0.454730302 0.0265014954 0.890234828
vn -0.666419268 -0.431131244 0.608285427
vn -0.666419268 -0.431131244 0.608285427
vn -0.666419268 -0.431131244 0.608285427
vn -0.666419268 -0.431131244 0.608285427
vn 0.733523607 0.40803054 -0.543557107
vn 0.733523607 0.40803054 -0.543557107
vn 0.733523607 0.40803054 -0.543557107
vn 0.733523607 0.40803054 -0.543557107
vn -0.737902462 0.405870497 0.539230108
vn -0.737902462 0.405870497 0.539230108
vn -0.737902462 0.405870497 0.539230108
vn -0.737902462 0.405870497 0.539230108
vn -0.448730618 -0.440430254 -0.77760011
vn -0.448730618 -0.440430254 -0.77760011
vn -0.448730618 -0.440430254 -0.77760011
vn -0.448730618 -0.440430254 -0.77760011
vn -0.142053545 0.47515294 0.868360817
vn -0.142053545 0.47515294 0.868360817
vn -0.142053545 0.47515294 0.868360817
vn -0.142053545 0.47515294 0.868360817
vn 0.862840354 0.088810645 0.497613519
vn 0.862840354 0.088810645 0.497613519
vn 0.862840354 0.088810645 0.497613519
vn 0.862840354 0.088810645 0.497613519
vn 0.140146181 -0.499638736 -0.854821682
vn 0.140146181 -0.499638736 -0.854821682
vn 0.140146181 -0.499638736 -0.854821682
vn 0.140146181 -0.499638736 -0.854821682
vn 0.696425796 0.0300965067 -0.716997385
vn 0.696425796 0.0300965067 -0.716997385
vn 0.696425796 0.0300965067 -0.716997385
vn 0.696425796 0.0300965067 -0.716997385
vn 0.404571295 0.912965596 0.0530651473
vn 0.404571295 0.912965596 0.0530651473
vn 0.404571295 0.912965596 0.0530651473
vn 0.404571295 0.912965596 0.0530651473
vn -0.44592312 0.035019666 -0.894385874
vn -0.44592312 0.035019666 -0.894385874
vn -0.44592312 0.035019666 -0.894385874
vn -0.44592312 0.035019666 -0.894385874
vn -0.927897274 -0.351354688 -0.12472555
vn -0.927897274 -0.351354688 -0.12472555
vn -0.927897274 -0.351354688 -0.12472555
vn -0.927897274 -0.351354688 -0.12472555
vn -0.984469891 0.0370780267 -0.171593457
vn -0.984469891 0.0370780267 -0.171593457
vn -0.984469891 0.0370780267 -0.171593457
vn -0.984469891 0.0370780267 -0.171593457
vn -0.864073336 0.478214055 -0.157126099
vn -0.864073336 0.478214055 -0.157126099
vn -0.864073336 0.478214055 -0.157126099
vn -0.864073336 0.478214055 -0.157126099
vn -0.960230708 0.0431800559 0.275848776
vn -0.960230708 0.0431800559 0.275848776
vn -0.960230708 0.0431800559 0.275848776
vn -0.960230708 0.0431800559 0.275848776
vn -0.59891808 0 0.800810218
vn -0.59891808 0 0.800810218
vn -0.59891808 0 0.800810218
vn -0.59891808 0 0.800810218
vn 0.0133093987 0 -0.999911427
vn 0.0133093987 0 -0.999911427
vn 0.0133093987 0 -0.999911427
vn 0.0133093987 0 -0.999911427
vn 0.576602519 0 0.817024827
vn 0.576602519 0 0.817024827
vn 0.576602519 0 0.817024827
vn 0.576602519 0 0.817024827
vn -0.946732223 0 -0.322021872
vn -0.946732223 0 -0.322021872
vn -0.946732223 0 -0.322021872
vn -0.946732223 0 -0.322021872
vn 0.955198884 0 -0.295964897
vn 0.955198884 0 -0.295964897
vn 0.955198884 0 -0.295964897
vn 0.955198884 0 -0.295964897
vn -0.367728472 0.42676717 -0.826223731
vn -0.367728472 0.42676717 -0.826223731
vn -0.367728472 0.42676717 -0.826223731
vn -0.367728472 0.42676717 -0.826223731
vn -0.283046395 0.47582677 0.832750559
vn -0.283046395 0.47582677 0.832750559
vn -0.283046395 0.47582677 0.832750559
vn -0.283046395 0.47582677 0.832750559
vn 0.355775714 0.92647922 0.122718759
vn 0.355775714 0.92647922 0.122718759
vn 0.355775714 0.92647922 0.122718759
vn 0.355775714 0.92647922 0.122718759
vn 0.321573675 -0.00504521839 -0.946871161
vn 0.321573675 -0.00504521839 -0.946871161
vn 0.321573675 -0.00504521839 -0.946871161
vn 0.321573675 -0.00504521839 -0.946871161
vn -0.735630929 -0.44742921 0.508580506
vn -0.735630929 -0.44742921 0.508580506
vn -0.735630929 -0.44742921 0.508580506
vn -0.735630929 -0.44742921 0.508580506
vn -0.9909361 0.0973791704 0.0925356224
vn -0.9909361 0.0973791704 0.0925356224
vn -0.9909361 0.0973791704 0.0925356224
vn -0.9909361 0.0973791704 0.0925356224
vn 0.74377656 0.079879798 0.663638294
vn 0.74377656 0.079879798 0.663638294
vn 0.74377656 0.079879798 0.663638294
vn 0.74377656 0.079879798 0.663638294
vn -0.277422547 -0.447945595 -0.849930286
vn -0.277422547 -0.447945595 -0.849930286
vn -0.277422547 -0.447945595 -0.849930286
vn -0.277422547 -0.447945595 -0.849930286
vn 0.361023754 0.42934832 0.827841759
vn 0.361023754 0.42934832 0.827841759
vn 0.361023754 0.42934832 0.827841759
vn 0.361023754 0.42934832 0.827841759
vn 0.277720004 -0.504272819 -0.817667723
vn 0.277720004 -0.504272819 -0.817667723
vn 0.277720004 -0.504272819 -0.817667723
vn 0.277720004 -0.504272819 -0.817667723
vn -0.321934015 0.00103351183 0.946761489
vn -0.321934015 0.00103351183 0.946761489
vn -0.321934015 0.00103351183 0.946761489
vn -0.321934015 0.00103351183 0.946761489
vn -0.25167191 0.0269918982 -0.967436135
vn -0.25167191 0.0269918982 -0.967436135
vn -0.25167191 0.0269918982 -0.967436135
vn -0.25167191 0.0269918982 -0.967436135
vn 0.733390212 -0.44934091 -0.510128975
vn 0.733390212 -0.44934091 -0.510128975
vn 0.733390212 -0.44934091 -0.510128975
vn 0.733390212 -0.44934091 -0.510128975
vn -0.790885448 0.429127127 0.436291397
vn -0.790885448 0.429127127 0.436291397
vn -0.790885448 0.429127127 0.436291397
vn -0.790885448 0.429127127 0.436291397
vn 0.794696212 0.427096665 -0.431331038
vn 0.794696212 0.427096665 -0.431331038
vn 0.794696212 0.427096665 -0.431331038
vn 0.794696212 0.427096665 -0.431331038
vn 0.266552299 -0.448674887 0.853018582
vn 0.266552299 -0.448674887 0.853018582
vn 0.266552299 -0.448674887 0.853018582
vn 0.266552299 -0.448674887 0.853018582
vn 0.282703966 0.476384014 -0.83254832
vn 0.282703966 0.476384014 -0.83254832
vn 0.282703966 0.476384014 -0.83254832
vn 0.282703966 0.476384014 -0.83254832
vn -0.731124699 0.0952455103 -0.675562739
vn -0.731124699 0.0952455103 -0.675562739
vn -0.731124699 0.0952455103 -0.675562739
vn -0.731124699 0.0952455103 -0.675562739
vn -0.278577298 -0.500890076 0.819453359
vn -0.278577298 -0.500890076 0.819453359
vn -0.278577298 -0.500890076 0.819453359
vn -0.278577298 -0.500890076 0.819453359
vn -0.784821272 0.0314997062 0.618921041
vn -0.784821272 0.0314997062 0.618921041
vn -0.784821272 0.0314997062 0.618921041
vn -0.784821272 0.0314997062 0.618921041
vn -0.356893986 0.92643851 -0.11974293
vn -0.356893986 0.92643851 -0.11974293
vn -0.356893986 0.92643851 -0.11974293
vn -0.356893986 0.92643851 -0.11974293
vn 0.242726102 0.0356787331 0.969438553
vn 0.242726102 0.0356787331 0.969438553
vn 0.242726102 0.0356787331 0.969438553
vn 0.242726102 0.0356787331 0.969438553
vn 0.875311196 -0.381498575 0.297134906
vn 0.875311196 -0.381498575 0.297134906
vn 0.875311196 -0.381498575 0.297134906
vn 0.875311196 -0.381498575 0.297134906
vn 0.931607127 0.040646527 0.361186951
vn 0.931607127 0.040646527 0.361186951
vn 0.931607127 0.040646527 0.361186951
vn 0.931607127 0.040646527 0.361186951
vn 0.797689199 0.513262689 0.316628188
vn 0.797689199 0.513262689 0.316628188
vn 0.797689199 0.513262689 0.316628188
vn 0.797689199 0.513262689 0.316628188
vn 0.990959644 0.0471691005 -0.12559481
vn 0.990959644 0.0471691005 -0.12559481
vn 0.990959644 0.0471691005 -0.12559481
vn 0.990959644 0.0471691005 -0.12559481
vn 0.657862186 0 -0.753138363
vn 0.657862186 0 -0.753138363
vn 0.657862186 0 -0.753138363
vn 0.657862186 0 -0.753138363
vn -0.0890591294 0 0.996026397
vn -0.0890591294 0 0.996026397
vn -0.0890591294 0 0.996026397
vn -0.0890591294 0 0.996026397
vn -0.513016045 0 -0.858378947
vn -0.513016045 0 -0.858378947
vn -0.513016045 0 -0.858378947
vn -0.513016045 0 -0.858378947
vn 0.91951555 0 0.393053561
vn 0.91951555 0 0.393053561
vn 0.91951555 0 0.393053561
vn 0.91951555 0 0.393053561
vn -0.974946558 0 0.22243917
vn -0.974946558 0 0.22243917
vn -0.974946558 0 0.22243917
vn -0.974946558 0 0.22243917
vn 0.546306968 0.415270001 0.727392256
vn 0.546306968 0.415270001 0.727392256
vn 0.546306968 0.415270001 0.727392256
vn 0.546306968 0.415270001 0.727392256
vn 0.142378375 0.474610597 -0.868604124
vn 0.142378375 0.474610597 -0.868604124
vn 0.142378375 0.474610597 -0.868604124
vn 0.142378375 0.474610597 -0.868604124
vn -0.40393886 0.913061798 -0.0561396368
vn -0.40393886 0.913061798 -0.0561396368
vn -0.40393886 0.913061798 -0.0561396368
vn -0.40393886 0.913061798 -0.0561396368
vn -0.161465257 -0.00501217134 0.986865699
vn -0.161465257 -0.00501217134 0.986865699
vn -0.161465257 -0.00501217134 0.986865699
vn -0.161465257 -0.00501217134 0.986865699
vn 0.668796122 -0.429186314 -0.607050955
vn 0.668796122 -0.429186314 -0.607050955
vn 0.668796122 -0.429186314 -0.607050955
vn 0.668796122 -0.429186314 -0.607050955
vn 0.96520561 0.0890352651 -0.245867446
vn 0.96520561 0.0890352651 -0.245867446
vn 0.96520561 0.0890352651 -0.245867446
vn 0.96520561 0.0890352651 -0.245867446
vn -0.871988058 0.074350208 -0.483847916
vn -0.871988058 0.074350208 -0.483847916
vn -0.871988058 0.074350208 -0.483847916
vn -0.871988058 0.074350208 -0.483847916
vn 0.459249884 -0.439394802 0.772024393
vn 0.459249884 -0.439394802 0.772024393
vn 0.459249884 -0.439394802 0.772024393
vn 0.459249884 -0.439394802 0.772024393
vn -0.539949894 0.418006122 -0.730564773
vn -0.539949894 0.418006122 -0.730564773
vn -0.539949894 0.418006122 -0.730564773
vn -0.539949894 0.418006122 -0.730564773
vn -0.139584273 -0.503041327 0.852916002
vn -0.139584273 -0.503041327 0.852916002
vn -0.139584273 -0.503041327 0.852916002
vn -0.139584273 -0.503041327 0.852916002
vn 0.161867127 0.00100228353 -0.986812055
vn 0.161867127 0.00100228353 -0.986812055
vn 0.161867127 0.00100228353 -0.986812055
vn 0.161867127 0.00100228353 -0.986812055
vn 0.454712033 0.0264932215 0.890244365
vn 0.454712033 0.0264932215 0.890244365
vn 0.454712033 0.0264932215 0.890244365
vn 0.454712033 0.0264932215 0.890244365
vn -0.666422069 -0.431124032 0.608287454
vn -0.666422069 -0.431124032 0.608287454
vn -0.666422069 -0.431124032 0.608287454
vn -0.666422069 -0.431124032 0.608287454
vn 0.733523965 0.408051163 -0.543541014
vn 0.733523965 0.408051163 -0.543541014
vn 0.733523965 0.408051163 -0.543541014
vn 0.733523965 0.408051163 -0.543541014
vn -0.737908781 0.405874014 0.539218783
vn -0.737908781 0.405874014 0.539218783
vn -0.737908781 0.405874014 0.539218783
vn -0.737908781 0.405874014 0.539218783
vn -0.448723674 -0.44043225 -0.77760303
vn -0.448723674 -0.44043225 -0.77760303
vn -0.448723674 -0.44043225 -0.77760303
vn -0.448723674 -0.44043225 -0.77760303
vn -0.142048329 0.475153863 0.868361115
vn -0.142048329 0.475153863 0.868361115
vn -0.142048329 0.475153863 0.868361115
vn -0.142048329 0.475153863 0.868361115
vn 0.862831831 0.0887933597 0.497631311
vn 0.862831831 0.0887933597 0.497631311
vn 0.862831831 0.0887933597 0.497631311
vn 0.862831831 0.0887933597 0.497631311
vn 0.140133038 -0.499639988 -0.854823172
vn 0.140133038 -0.499639988 -0.854823172
vn 0.140133038 -0.499639988 -0.854823172
vn 0.140133038 -0.499639988 -0.854823172
vn 0.696433902 0.0300934296 -0.716989696
vn 0.696433902 0.0300934296 -0.716989696
vn 0.696433902 0.0300934296 -0.716989696
vn 0.696433902 0.0300934296 -0.716989696
vn 0.404567957 0.912968338 0.0530440807
vn 0.404567957 0.912968338 0.0530440807
vn 0.404567957 0.912968338 0.0530440807
vn 0.404567957 0.912968338 0.0530440807
vn -0.445936173 0.0350052342 -0.894380093
vn -0.445936173 0.0350052342 -0.894380093
vn -0.445936173 0.0350052342 -0.894380093
vn -0.445936173 0.0350052342 -0.894380093
vn -0.927897692 -0.351361543 -0.124703363
vn -0.927897692 -0.351361543 -0.124703363
vn -0.927897692 -0.351361543 -0.124703363
vn -0.927897692 -0.351361543 -0.124703363
vn -0.98447901 0.0370797142 -0.171540901
vn -0.98447901 0.0370797142 -0.171540901
vn -0.98447901 0.0370797142 -0.171540901
vn -0.98447901 0.0370797142 -0.171540901
vn -0.864072442 0.478215158 -0.157127619
vn -0.864072442 0.478215158 -0.157127619
vn -0.864072442 0.478215158 -0.157127619
vn -0.864072442 0.478215158 -0.157127619
vn -0.960235119 0.0431751609 0.275834054
vn -0.960235119 0.0431751609 0.275834054
vn -0.960235119 0.0431751609 0.275834054
vn -0.960235119 0.0431751609 0.275834054
vn -0.598912299 0 0.800814569
vn -0.598912299 0 0.800814569
vn -0.598912299 0 0.800814569
vn -0.598912299 0 0.800814569
vn 0.0133005241 0 -0.999911547
vn 0.0133005241 0 -0.999911547
vn 0.0133005241 0 -0.999911547
vn 0.0133005241 0 -0.999911547
vn 0.576602519 0 0.817024827
vn 0.576602519 0 0.817024827
vn 0.576602519 0 0.817024827
vn 0.576602519 0 0.817024827
vn -0.946729362 0 -0.322030336
vn -0.946729362 0 -0.322030336
vn -0.946729362 0 -0.322030336
vn -0.946729362 0 -0.322030336
vn 0.955199182 0 -0.295963645
vn 0.955199182 0 -0.295963645
vn 0.955199182 0 -0.295963645
vn 0.955199182 0 -0.295963645
vn -0.367729127 0.426766604 -0.826223731
vn -0.367729127 0.426766604 -0.826223731
vn -0.367729127 0.426766604 -0.826223731
vn -0.367729127 0.426766604 -0.826223731
vn -0.283047467 0.475824207 0.832751751
vn -0.283047467 0.475824207 0.832751751
vn -0.283047467 0.475824207 0.832751751
vn -0.283047467 0.475824207 0.832751751
vn 0.355774432 0.926479876 0.122718237
vn 0.355774432 0.926479876 0.122718237
vn 0.355774432 0.926479876 0.122718237
vn 0.355774432 0.926479876 0.122718237
vn 0.321573347 -0.00504293246 -0.946871281
vn 0.321573347 -0.00504293246 -0.946871281
vn 0.321573347 -0.00504293246 -0.946871281
vn 0.321573347 -0.00504293246 -0.946871281
vn -0.735630572 -0.447431445 0.508579195
vn -0.735630572 -0.447431445 0.508579195
vn -0.735630572 -0.447431445 0.508579195
vn -0.735630572 -0.447431445 0.508579195
vn -0.990935743 0.097380124 0.0925387517
vn -0.990935743 0.097380124 0.0925387517
vn -0.990935743 0.097380124 0.0925387517
vn -0.990935743 0.097380124 0.0925387517
vn 0.743777215 0.0798797011 0.6636374
vn 0.743777215 0.0798797011 0.6636374
vn 0.743777215 0.0798797011 0.6636374
vn 0.743777215 0.0798797011 0.6636374
vn -0.277420789 -0.447949499 -0.849928737
vn -0.277420789 -0.447949499 -0.849928737
vn -0.277420789 -0.447949499 -0.849928737
vn -0.277420789 -0.447949499 -0.849928737
vn 0.361023694 0.429351211 0.827840149
vn 0.361023694 0.429351211 0.827840149
vn 0.361023694 0.429351211 0.827840149
vn 0.361023694 0.429351211 0.827840149
vn 0.27771914 -0.50427413 -0.817667186
vn 0.27771914 -0.50427413 -0.817667186
vn 0.27771914 -0.50427413 -0.817667186
vn 0.27771914 -0.50427413 -0.817667186
vn -0.321935713 0.00103486597 0.946760952
vn -0.321935713 0.00103486597 0.946760952
vn -0.321935713 0.00103486597 0.946760952
vn -0.321935713 0.00103486597 0.946760952
vn -0.251672149 0.0269951019 -0.967436075
vn -0.251672149 0.0269951019 -0.967436075
vn -0.251672149 0.0269951019 -0.967436075
vn -0.251672149 0.0269951019 -0.967436075
vn 0.733388484 -0.449342817 -0.510129809
vn 0.733388484 -0.449342817 -0.510129809
vn 0.733388484 -0.449342817 -0.510129809
vn 0.733388484 -0.449342817 -0.510129809
vn -0.7908867 0.4291251 0.436290979
vn -0.7908867 0.4291251 0.436290979
vn -0.7908867 0.4291251 0.436290979
vn -0.7908867 0.4291251 0.436290979
vn 0.794695139 0.427098155 -0.431331486
vn 0.794695139 0.427098155 -0.431331486
vn 0.794695139 0.427098155 -0.431331486
vn 0.794695139 0.427098155 -0.431331486
vn 0.266551822 -0.448674202 0.853019059
vn 0.266551822 -0.448674202 0.853019059
vn 0.266551822 -0.448674202 0.853019059
vn 0.266551822 -0.448674202 0.853019059
vn 0.282703996 0.476382792 -0.832548976
vn 0.282703996 0.476382792 -0.832548976
vn 0.282703996 0.476382792 -0.832548976
vn 0.282703996 0.476382792 -0.832548976
vn -0.731123805 0.095246017 -0.675563693
vn -0.731123805 0.095246017 -0.675563693
vn -0.731123805 0.095246017 -0.675563693
vn -0.731123805 0.095246017 -0.675563693
vn -0.278577596 -0.500888586 0.819454253
vn -0.278577596 -0.500888586 0.819454253
vn -0.278577596 -0.500888586 0.819454253
vn -0.278577596 -0.500888586 0.819454253
vn -0.784821451 0.0315029062 0.618920743
vn -0.784821451 0.0315029062 0.618920743
vn -0.784821451 0.0315029062 0.618920743
vn -0.784821451 0.0315029062 0.618920743
vn -0.356892973 0.926439226 -0.119739734
vn -0.356892973 0.926439226 -0.119739734
vn -0.356892973 0.926439226 -0.119739734
vn -0.356892973 0.926439226 -0.119739734
vn 0.242724001 0.0356817469 0.96943897
vn 0.242724001 0.0356817469 0.96943897
vn 0.242724001 0.0356817469 0.96943897
vn 0.242724001 0.0356817469 0.96943897
vn 0.875311375 -0.381497502 0.29713586
vn 0.875311375 -0.381497502 0.29713586
vn 0.875311375 -0.381497502 0.29713586
vn 0.875311375 -0.381497502 0.29713586
vn 0.931604862 0.0406443775 0.361192971
vn 0.931604862 0.0406443775 0.361192971
vn 0.931604862 0.0406443775 0.361192971
vn 0.931604862 0.0406443775 0.361192971
vn 0.797687352 0.513264179 0.316630065
vn 0.797687352 0.513264179 0.316630065
vn 0.797687352 0.513264179 0.316630065
vn 0.797687352 0.513264179 0.316630065
vn 0.990957856 0.0471670926 -0.125609815
vn 0.990957856 0.0471670926 -0.125609815
vn 0.990957856 0.0471670926 -0.125609815
vn 0.990957856 0.0471670926 -0.125609815
vn 0.657862186 0 -0.753138363
vn 0.657862186 0 -0.753138363
vn 0.657862186 0 -0.753138363
vn 0.657862186 0 -0.753138363
vn -0.089054659 0 0.996026754
vn -0.089054659 0 0.996026754
vn -0.089054659 0 0.996026754
vn -0.089054659 0 0.996026754
vn -0.513024211 0 -0.858374119
vn -0.513024211 0 -0.858374119
vn -0.513024211 0 -0.858374119
vn -0.513024211 0 -0.858374119
vn 0.919527471 0 0.393025696
vn 0.919527471 0 0.393025696
vn 0.919527471 0 0.393025696
vn 0.919527471 0 0.393025696
vn -0.97494179 0 0.222460002
vn -0.97494179 0 0.222460002
vn -0.97494179 0 0.222460002
vn -0.97494179 0 0.222460002
vn 0.546306193 0.415271372 0.727391958
vn 0.546306193 0.415271372 0.727391958
vn 0.546306193 0.415271372 0.727391958
vn 0.546306193 0.415271372 0.727391958
vn 0.142378062 0.474609852 -0.8686046
vn 0.142378062 0.474609852 -0.8686046
vn 0.142378062 0.474609852 -0.8686046
vn 0.142378062 0.474609852 -0.8686046
vn -0.403938055 0.913062096 -0.0561396182
vn -0.403938055 0.913062096 -0.0561396182
vn -0.403938055 0.913062096 -0.0561396182
vn -0.403938055 0.913062096 -0.0561396182
vn -0.161466449 -0.00500926701 0.986865461
vn -0.161466449 -0.00500926701 0.986865461
vn -0.161466449 -0.00500926701 0.986865461
vn -0.161466449 -0.00500926701 0.986865461
vn 0.668797791 -0.429184675 -0.607050359
vn 0.668797791 -0.429184675 -0.607050359
vn 0.668797791 -0.429184675 -0.607050359
vn 0.668797791 -0.429184675 -0.607050359
vn 0.965206623 0.0890335888 -0.245864108
vn 0.965206623 0.0890335888 -0.245864108
vn 0.965206623 0.0890335888 -0.245864108
vn 0.965206623 0.0890335888 -0.245864108
vn -0.87198925 0.0743510202 -0.483845681
vn -0.87198925 0.0743510202 -0.483845681
vn -0.87198925 0.0743510202 -0.483845681
vn -0.87198925 0.0743510202 -0.483845681
vn 0.459250927 -0.439392924 0.772024989
vn 0.459250927 -0.439392924 0.772024989
vn 0.459250927 -0.439392924 0.772024989
vn 0.459250927 -0.439392924 0.772024989
vn -0.539948165 0.418008924 -0.730564535
vn -0.539948165 0.418008924 -0.730564535
vn -0.539948165 0.418008924 -0.730564535
vn -0.539948165 0.418008924 -0.730564535
vn -0.139584228 -0.50303942 0.852917016
vn -0.139584228 -0.50303942 0.852917016
vn -0.139584228 -0.50303942 0.852917016
vn -0.139584228 -0.50303942 0.852917016
vn 0.161867708 0.00100505014 -0.986811936
vn 0.161867708 0.00100505014 -0.986811936
vn 0.161867708 0.00100505014 -0.986811936
vn 0.161867708 0.00100505014 -0.986811936
vn 0.454714417 0.0264922716 0.890243113
vn 0.454714417 0.0264922716 0.890243113
vn 0.454714417 0.0264922716 0.890243113
vn 0.454714417 0.0264922716 0.890243113
vn -0.666422844 -0.431125015 0.608286023
vn -0.666422844 -0.431125015 0.608286023
vn -0.666422844 -0.431125015 0.608286023
vn -0.666422844 -0.431125015 0.608286023
vn 0.733523309 0.408053547 -0.54354012
vn 0.733523309 0.408053547 -0.54354012
vn 0.733523309 0.408053547 -0.54354012
vn 0.733523309 0.408053547 -0.54354012
vn -0.737906694 0.405871928 0.539223313
vn -0.737906694 0.405871928 0.539223313
vn -0.737906694 0.405871928 0.539223313
vn -0.737906694 0.405871928 0.539223313
vn -0.44872576 -0.440434486 -0.777600586
vn -0.44872576 -0.440434486 -0.777600586
vn -0.44872576 -0.440434486 -0.777600586
vn -0.44872576 -0.440434486 -0.777600586
vn -0.142050222 0.475154489 0.86836046
vn -0.142050222 0.475154489 0.86836046
vn -0.142050222 0.475154489 0.86836046
vn -0.142050222 0.475154489 0.86836046
vn 0.862830818 0.0887946188 0.497632831
vn 0.862830818 0.0887946188 0.497632831
vn 0.862830818 0.0887946188 0.497632831
vn 0.862830818 0.0887946188 0.497632831
vn 0.140132487 -0.499639511 -0.85482353
vn 0.140132487 -0.499639511 -0.85482353
vn 0.140132487 -0.499639511 -0.85482353
vn 0.140132487 -0.499639511 -0.85482353
vn 0.696432054 0.03009074 -0.716991544
vn 0.696432054 0.03009074 -0.716991544
vn 0.696432054 0.03009074 -0.716991544
vn 0.696432054 0.03009074 -0.716991544
vn 0.404567569 0.912968338 0.0530461073
vn 0.404567569 0.912968338 0.0530461073
vn 0.404567569 0.912968338 0.0530461073
vn 0.404567569 0.912968338 0.0530461073
vn -0.445936114 0.0350052342 -0.894380093
vn -0.445936114 0.0350052342 -0.894380093
vn -0.445936114 0.0350052342 -0.894380093
vn -0.445936114 0.0350052342 -0.894380093
vn -0.927897394 -0.351362288 -0.124704041
vn -0.927897394 -0.351362288 -0.124704041
vn -0.927897394 -0.351362288 -0.124704041
vn -0.927897394 -0.351362288 -0.124704041
vn -0.984478712 0.0370802321 -0.171542302
vn -0.984478712 0.0370802321 -0.171542302
vn -0.984478712 0.0370802321 -0.171542302
vn -0.984478712 0.0370802321 -0.171542302
vn -0.864073157 0.478212565 -0.157131329
vn -0.864073157 0.478212565 -0.157131329
vn -0.864073157 0.478212565 -0.157131329
vn -0.864073157 0.478212565 -0.157131329
vn -0.960236192 0.0431754477 0.275830418
vn -0.960236192 0.0431754477 0.275830418
vn -0.960236192 0.0431754477 0.275830418
vn -0.960236192 0.0431754477 0.275830418
vn -0.59891808 0 0.800810218
vn -0.59891808 0 0.800810218
vn -0.59891808 0 0.800810218
vn -0.59891808 0 0.800810218
vn 0.0133005241 0 -0.999911547
vn 0.0133005241 0 -0.999911547
vn 0.0133005241 0 -0.999911547
vn 0.0133005241 0 -0.999911547
vn 0.576602519 0 0.817024827
vn 0.576602519 0 0.817024827
vn 0.576602519 0 0.817024827
vn 0.576602519 0 0.817024827
vn -0.94672507 0 -0.322042912
vn -0.94672507 0 -0.322042912
vn -0.94672507 0 -0.322042912
vn -0.94672507 0 -0.322042912
vn 0.955202341 0 -0.295953602
vn 0.955202341 0 -0.295953602
vn 0.955202341 0 -0.295953602
vn 0.955202341 0 -0.295953602
vn -0.367729694 0.426768124 -0.826222658
vn -0.367729694 0.426768124 -0.826222658
vn -0.367729694 0.426768124 -0.826222658
vn -0.367729694 0.426768124 -0.826222658
vn -0.283046812 0.475824088 0.832751989
vn -0.283046812 0.475824088 0.832751989
vn -0.283046812 0.475824088 0.832751989
vn -0.283046812 0.475824088 0.832751989
vn 0.355775446 0.926479459 0.122717991
vn 0.355775446 0.926479459 0.122717991
vn 0.355775446 0.926479459 0.122717991
vn 0.355775446 0.926479459 0.122717991
vn 0.32157442 -0.00504520535 -0.946870804
vn 0.32157442 -0.00504520535 -0.946870804
vn 0.32157442 -0.00504520535 -0.946870804
vn 0.32157442 -0.00504520535 -0.946870804
vn -0.735630631 -0.447430849 0.508579612
vn -0.735630631 -0.447430849 0.508579612
vn -0.735630631 -0.447430849 0.508579612
vn -0.735630631 -0.447430849 0.508579612
vn -0.990935743 0.0973805785 0.0925388113
vn -0.990935743 0.0973805785 0.0925388113
vn -0.990935743 0.0973805785 0.0925388113
vn -0.990935743 0.0973805785 0.0925388113
vn 0.743777692 0.0798806176 0.663636863
vn 0.743777692 0.0798806176 0.663636863
vn 0.743777692 0.0798806176 0.663636863
vn 0.743777692 0.0798806176 0.663636863
vn -0.277421117 -0.447946876 -0.849930048
vn -0.277421117 -0.447946876 -0.849930048
vn -0.277421117 -0.447946876 -0.849930048
vn -0.277421117 -0.447946876 -0.849930048
vn 0.361023098 0.429348052 0.827842057
vn 0.361023098 0.429348052 0.827842057
vn 0.361023098 0.429348052 0.827842057
vn 0.361023098 0.429348052 0.827842057
vn 0.277720243 -0.504271686 -0.817668319
vn 0.277720243 -0.504271686 -0.817668319
vn 0.277720243 -0.504271686 -0.817668319
vn 0.277720243 -0.504271686 -0.817668319
vn -0.321934789 0.0010375058 0.94676131
vn -0.321934789 0.0010375058 0.94676131
vn -0.321934789 0.0010375058 0.94676131
vn -0.321934789 0.0010375058 0.94676131
vn -0.251672179 0.0269919764 -0.967436075
vn -0.251672179 0.0269919764 -0.967436075
vn -0.251672179 0.0269919764 -0.967436075
vn -0.251672179 0.0269919764 -0.967436075
vn 0.733388066 -0.44934091 -0.510132015
vn 0.733388066 -0.44934091 -0.510132015
vn 0.733388066 -0.44934091 -0.510132015
vn 0.733388066 -0.44934091 -0.510132015
vn -0.790887475 0.429125965 0.436288714
vn -0.790887475 0.429125965 0.436288714
vn -0.790887475 0.429125965 0.436288714
vn -0.790887475 0.429125965 0.436288714
vn 0.79469502 0.427097678 -0.43133229
vn 0.79469502 0.427097678 -0.43133229
vn 0.79469502 0.427097678 -0.43133229
vn 0.79469502 0.427097678 -0.43133229
vn 0.266552508 -0.448675275 0.853018343
vn 0.266552508 -0.448675275 0.853018343
vn 0.266552508 -0.448675275 0.853018343
vn 0.266552508 -0.448675275 0.853018343
vn 0.282703876 0.476385146 -0.832547784
vn 0.282703876 0.476385146 -0.832547784
vn 0.282703876 0.476385146 -0.832547784
vn 0.282703876 0.476385146 -0.832547784
vn -0.731124222 0.0952463672 -0.675563037
vn -0.731124222 0.0952463672 -0.675563037
vn -0.731124222 0.0952463672 -0.675563037
vn -0.731124222 0.0952463672 -0.675563037
vn -0.278577298 -0.50088948 0.819453657
vn -0.278577298 -0.50088948 0.819453657
vn -0.278577298 -0.50088948 0.819453657
vn -0.278577298 -0.50088948 0.819453657
vn -0.784821391 0.031501323 0.618920982
vn -0.784821391 0.031501323 0.618920982
vn -0.784821391 0.031501323 0.618920982
vn -0.784821391 0.031501323 0.618920982
vn -0.356892914 0.92643863 -0.119745068
vn -0.356892914 0.92643863 -0.119745068
vn -0.356892914 0.92643863 -0.119745068
vn -0.356892914 0.92643863 -0.119745068
vn 0.242725804 0.0356819406 0.969438434
vn 0.242725804 0.0356819406 0.969438434
vn 0.242725804 0.0356819406 0.969438434
vn 0.242725804 0.0356819406 0.969438434
vn 0.875312209 -0.381496638 0.297134429
vn 0.875312209 -0.381496638 0.297134429
vn 0.875312209 -0.381496638 0.297134429
vn 0.875312209 -0.381496638 0.297134429
vn 0.931605875 0.0406455398 0.36119023
vn 0.931605875 0.0406455398 0.36119023
vn 0.931605875 0.0406455398 0.36119023
vn 0.931605875 0.0406455398 0.36119023
vn 0.797689319 0.513263226 0.316626698
vn 0.797689319 0.513263226 0.316626698
vn 0.797689319 0.513263226 0.316626698
vn 0.797689319 0.513263226 0.316626698
vn 0.990959167 0.0471688658 -0.125598907
vn 0.990959167 0.0471688658 -0.125598907
vn 0.990959167 0.0471688658 -0.125598907
vn 0.990959167 0.0471688658 -0.125598907
vn 0.657862425 0 -0.753138065
vn 0.657862425 0 -0.753138065
vn 0.657862425 0 -0.753138065
vn 0.657862425 0 -0.753138065
vn -0.089068085 0 0.996025562
vn -0.089068085 0 0.996025562
vn -0.089068085 0 0.996025562
vn -0.089068085 0 0.996025562
vn -0.513004541 0 -0.858385921
vn -0.513004541 0 -0.858385921
vn -0.513004541 0 -0.858385921
vn -0.513004541 0 -0.858385921
vn 0.919509113 0 0.39306882
vn 0.919509113 0 0.39306882
vn 0.919509113 0 0.39306882
vn 0.919509113 0 0.39306882
vn -0.974951327 0 0.222418264
vn -0.974951327 0 0.222418264
vn -0.974951327 0 0.222418264
vn -0.974951327 0 0.222418264
vn 0.54630512 0.415268689 0.727394462
vn 0.54630512 0.415268689 0.727394462
vn 0.54630512 0.415268689 0.727394462
vn 0.54630512 0.415268689 0.727394462
vn 0.14237687 0.474609494 -0.868605077
vn 0.14237687 0.474609494 -0.868605077
vn 0.14237687 0.474609494 -0.868605077
vn 0.14237687 0.474609494 -0.868605077
vn -0.403937906 0.913062096 -0.0561404601
vn -0.403937906 0.913062096 -0.0561404601
vn -0.403937906 0.913062096 -0.0561404601
vn -0.403937906 0.913062096 -0.0561404601
vn -0.161464527 -0.00501156598 0.986865819
vn -0.161464527 -0.00501156598 0.986865819
vn -0.161464527 -0.00501156598 0.986865819
vn -0.161464527 -0.00501156598 0.986865819
vn 0.668797135 -0.42918393 -0.607051551
vn 0.668797135 -0.42918393 -0.607051551
vn 0.668797135 -0.42918393 -0.607051551
vn 0.668797135 -0.42918393 -0.607051551
vn 0.96520561 0.0890345946 -0.245867938
vn 0.96520561 0.0890345946 -0.245867938
vn 0.96520561 0.0890345946 -0.245867938
vn 0.96520561 0.0890345946 -0.245867938
vn -0.87198782 0.0743499994 -0.483848572
vn -0.87198782 0.0743499994 -0.483848572
vn -0.87198782 0.0743499994 -0.483848572
vn -0.87198782 0.0743499994 -0.483848572
vn 0.459251076 -0.439392984 0.77202481
vn 0.459251076 -0.439392984 0.77202481
vn 0.459251076 -0.439392984 0.77202481
vn 0.459251076 -0.439392984 0.77202481
vn -0.539948881 0.418005794 -0.730565727
vn -0.539948881 0.418005794 -0.730565727
vn -0.539948881 0.418005794 -0.730565727
vn -0.539948881 0.418005794 -0.730565727
vn -0.139584139 -0.503039062 0.852917314
vn -0.139584139 -0.503039062 0.852917314
vn -0.139584139 -0.503039062 0.852917314
vn -0.139584139 -0.503039062 0.852917314
vn 0.161866397 0.00100420578 -0.986812174
vn 0.161866397 0.00100420578 -0.986812174
vn 0.161866397 0.00100420578 -0.986812174
vn 0.161866397 0.00100420578 -0.986812174
vn 0.454715908 0.026492456 0.890242457
vn 0.454715908 0.026492456 0.890242457
vn 0.454715908 0.026492456 0.890242457
vn 0.454715908 0.026492456 0.890242457
vn -0.666420698 -0.431126326 0.608287394
vn -0.666420698 -0.431126326 0.608287394
vn -0.666420698 -0.431126326 0.608287394
vn -0.666420698 -0.431126326 0.608287394
vn 0.733523846 0.408052534 -0.543540239
vn 0.733523846 0.408052534 -0.543540239
vn 0.733523846 0.408052534 -0.543540239
vn 0.733523846 0.408052534 -0.543540239
vn -0.737909019 0.405872524 0.539219558
vn -0.737909019 0.405872524 0.539219558
vn -0.737909019 0.405872524 0.539219558
vn -0.737909019 0.405872524 0.539219558
vn -0.448724478 -0.440433264 -0.777602017
vn -0.448724478 -0.440433264 -0.777602017
vn -0.448724478 -0.440433264 -0.777602017
vn -0.448724478 -0.440433264 -0.777602017
vn -0.142046839 0.475153536 0.868361533
vn -0.142046839 0.475153536 0.868361533
vn -0.142046839 0.475153536 0.868361533
vn -0.142046839 0.475153536 0.868361533
vn 0.86283046 0.0887938961 0.497633547
vn 0.86283046 0.0887938961 0.497633547
vn 0.86283046 0.0887938961 0.497633547
vn 0.86283046 0.0887938961 0.497633547
vn 0.140132412 -0.499638796 -0.854823947
vn 0.140132412 -0.499638796 -0.854823947
vn 0.140132412 -0.499638796 -0.854823947
vn 0.140132412 -0.499638796 -0.854823947
vn 0.696433783 0.030091688 -0.716989934
vn 0.696433783 0.030091688 -0.716989934
vn 0.696433783 0.030091688 -0.716989934
vn 0.696433783 0.030091688 -0.716989934
vn 0.40456748 0.912968278 0.0530475229
vn 0.40456748 0.912968278 0.0530475229
vn 0.40456748 0.912968278 0.0530475229
vn 0.40456748 0.912968278 0.0530475229
vn -0.445935875 0.0350071155 -0.894380093
vn -0.445935875 0.0350071155 -0.894380093
vn -0.445935875 0.0350071155 -0.894380093
vn -0.445935875 0.0350071155 -0.894380093
vn -0.927896738 -0.351362735 -0.124706797
vn -0.927896738 -0.351362735 -0.124706797
vn -0.927896738 -0.351362735 -0.124706797
vn -0.927896738 -0.351362735 -0.124706797
vn -0.984478235 0.0370788872 -0.171545208
vn -0.984478235 0.0370788872 -0.171545208
vn -0.984478235 0.0370788872 -0.171545208
vn -0.984478235 0.0370788872 -0.171545208
vn -0.864071727 0.478216171 -0.157128572
vn -0.864071727 0.478216171 -0.157128572
vn -0.864071727 0.478216171 -0.157128572
vn -0.864071727 0.478216171 -0.157128572
vn -0.960233569 0.0431753993 0.275839448
vn -0.960233569 0.0431753993 0.275839448
vn -0.960233569 0.0431753993 0.275839448
vn -0.960233569 0.0431753993 0.275839448
vn -0.59891808 0 0.800810218
vn -0.59891808 0 0.800810218
vn -0.59891808 0 0.800810218
vn -0.59891808 0 0.800810218
vn 0.0133005222 0 -0.999911547
vn 0.0133005222 0 -0.999911547
vn 0.0133005222 0 -0.999911547
vn 0.0133005222 0 -0.999911547
vn 0.576602519 0 0.817024827
vn 0.576602519 0 0.817024827
vn 0.576602519 0 0.817024827
vn 0.576602519 0 0.817024827
vn -0.946721733 0 -0.322052777
vn -0.946721733 0 -0.322052777
vn -0.946721733 0 -0.322052777
vn -0.946721733 0 -0.322052777
vn 0.955205381 0 -0.295943618
vn 0.955205381 0 -0.295943618
vn 0.955205381 0 -0.295943618
vn 0.955205381 0 -0.295943618
vn -0.36772725 0.426769465 -0.826223075
vn -0.36772725 0.426769465 -0.826223075
vn -0.36772725 0.426769465 -0.826223075
vn -0.36772725 0.426769465 -0.826223075
vn -0.283046871 0.475825965 0.832750976
vn -0.283046871 0.475825965 0.832750976
vn -0.283046871 0.475825965 0.832750976
vn -0.283046871 0.475825965 0.832750976
vn 0.355774909 0.926479459 0.122719161
vn 0.355774909 0.926479459 0.122719161
vn 0.355774909 0.926479459 0.122719161
vn 0.355774909 0.926479459 0.122719161
vn 0.321571499 -0.00504537951 -0.946871877
vn 0.321571499 -0.00504537951 -0.946871877
vn 0.321571499 -0.00504537951 -0.946871877
vn 0.321571499 -0.00504537951 -0.946871877
vn -0.735628128 -0.447431803 0.508582413
vn -0.735628128 -0.447431803 0.508582413
vn -0.735628128 -0.447431803 0.508582413
vn -0.735628128 -0.447431803 0.508582413
vn -0.990935981 0.0973804966 0.092535764
vn -0.990935981 0.0973804966 0.092535764
vn -0.990935981 0.0973804966 0.092535764
vn -0.990935981 0.0973804966 0.092535764
vn 0.743775964 0.0798818469 0.663638592
vn 0.743775964 0.0798818469 0.663638592
vn 0.743775964 0.0798818469 0.663638592
vn 0.743775964 0.0798818469 0.663638592
vn -0.277421474 -0.447947085 -0.849929869
vn -0.277421474 -0.447947085 -0.849929869
vn -0.277421474 -0.447947085 -0.849929869
vn -0.277421474 -0.447947085 -0.849929869
vn 0.361021459 0.42934832 0.827842712
vn 0.361021459 0.42934832 0.827842712
vn 0.361021459 0.42934832 0.827842712
vn 0.361021459 0.42934832 0.827842712
vn 0.277720809 -0.504270971 -0.817668617
vn 0.277720809 -0.504270971 -0.817668617
vn 0.277720809 -0.504270971 -0.817668617
vn 0.277720809 -0.504270971 -0.817668617
vn -0.321932793 0.00103580882 0.946761906
vn -0.321932793 0.00103580882 0.946761906
vn -0.321932793 0.00103580882 0.946761906
vn -0.321932793 0.00103580882 0.946761906
vn -0.251672029 0.0269919578 -0.967436135
vn -0.251672029 0.0269919578 -0.967436135
vn -0.251672029 0.0269919578 -0.967436135
vn -0.251672029 0.0269919578 -0.967436135
vn 0.733387649 -0.449340582 -0.510132968
vn 0.733387649 -0.449340582 -0.510132968
vn 0.733387649 -0.449340582 -0.510132968
vn 0.733387649 -0.449340582 -0.510132968
vn -0.790887594 0.429126054 0.436288267
vn -0.790887594 0.429126054 0.436288267
vn -0.790887594 0.429126054 0.436288267
vn -0.790887594 0.429126054 0.436288267
vn 0.794694483 0.427097946 -0.431332856
vn 0.794694483 0.427097946 -0.431332856
vn 0.794694483 0.427097946 -0.431332856
vn 0.794694483 0.427097946 -0.431332856
vn 0.266551584 -0.44867152 0.853020489
vn 0.266551584 -0.44867152 0.853020489
vn 0.266551584 -0.44867152 0.853020489
vn 0.266551584 -0.44867152 0.853020489
vn 0.282704711 0.476384372 -0.832547903
vn 0.282704711 0.476384372 -0.832547903
vn 0.282704711 0.476384372 -0.832547903
vn 0.282704711 0.476384372 -0.832547903
vn -0.731125057 0.0952419937 -0.675562799
vn -0.731125057 0.0952419937 -0.675562799
vn -0.731125057 0.0952419937 -0.675562799
vn -0.731125057 0.0952419937 -0.675562799
vn -0.278577894 -0.500892162 0.819451809
vn -0.278577894 -0.500892162 0.819451809
vn -0.278577894 -0.500892162 0.819451809
vn -0.278577894 -0.500892162 0.819451809
vn -0.78482008 0.0315029025 0.618922591
vn -0.78482008 0.0315029025 0.618922591
vn -0.78482008 0.0315029025 0.618922591
vn -0.78482008 0.0315029025 0.618922591
vn -0.356893629 0.92643851 -0.119744353
vn -0.356893629 0.92643851 -0.119744353
vn -0.356893629 0.92643851 -0.119744353
vn -0.356893629 0.92643851 -0.119744353
vn 0.242725641 0.0356772877 0.969438672
vn 0.242725641 0.0356772877 0.969438672
vn 0.242725641 0.0356772877 0.969438672
vn 0.242725641 0.0356772877 0.969438672
vn 0.875310779 -0.381498367 0.297136664
vn 0.875310779 -0.381498367 0.297136664
vn 0.875310779 -0.381498367 0.297136664
vn 0.875310779 -0.381498367 0.297136664
vn 0.931607664 0.0406483002 0.361185282
vn 0.931607664 0.0406483002 0.361185282
vn 0.931607664 0.0406483002 0.361185282
vn 0.931607664 0.0406483002 0.361185282
vn 0.797692597 0.513261735 0.316621065
vn 0.797692597 0.513261735 0.316621065
vn 0.797692597 0.513261735 0.316621065
vn 0.797692597 0.513261735 0.316621065
vn 0.9909603 0.0471689217 -0.125590011
vn 0.9909603 0.0471689217 -0.125590011
vn 0.9909603 0.0471689217 -0.125590011
vn 0.9909603 0.0471689217 -0.125590011
vn 0.65785706 0 -0.753142834
vn 0.65785706 0 -0.753142834
vn 0.65785706 0 -0.753142834
vn 0.65785706 0 -0.753142834
vn -0.0890591294 0 0.996026397
vn -0.0890591294 0 0.996026397
vn -0.0890591294 0 0.996026397
vn -0.0890591294 0 0.996026397
vn -0.513004541 0 -0.858385921
vn -0.513004541 0 -0.858385921
vn -0.513004541 0 -0.858385921
vn -0.513004541 0 -0.858385921
vn 0.919513047 0 0.393059582
vn 0.919513047 0 0.393059582
vn 0.919513047 0 0.393059582
vn 0.919513047 0 0.393059582
vn -0.974947035 0 0.222437203
vn -0.974947035 0 0.222437203
vn -0.974947035 0 0.222437203
vn -0.974947035 0 0.222437203
vn 0.546306968 0.41526863 0.727392972
vn 0.546306968 0.41526863 0.727392972
vn 0.546306968 0.41526863 0.727392972
vn 0.546306968 0.41526863 0.727392972
vn 0.142377809 0.474609286 -0.868604958
vn 0.142377809 0.474609286 -0.868604958
vn 0.142377809 0.474609286 -0.868604958
vn 0.142377809 0.474609286 -0.868604958
vn -0.403939515 0.913061559 -0.0561382212
vn -0.403939515 0.913061559 -0.0561382212
vn -0.403939515 0.913061559 -0.0561382212
vn -0.403939515 0.913061559 -0.0561382212
vn -0.161466539 -0.0050149681 0.986865461
vn -0.161466539 -0.0050149681 0.986865461
vn -0.161466539 -0.0050149681 0.986865461
vn -0.161466539 -0.0050149681 0.986865461
vn 0.668795347 -0.429182708 -0.607054234
vn 0.668795347 -0.429182708 -0.607054234
vn 0.668795347 -0.429182708 -0.607054234
vn 0.668795347 -0.429182708 -0.607054234
vn 0.965204954 0.0890320241 -0.245871246
vn 0.965204954 0.0890320241 -0.245871246
vn 0.965204954 0.0890320241 -0.245871246
vn 0.965204954 0.0890320241 -0.245871246
vn -0.871987224 0.0743503645 -0.483849376
vn -0.871987224 0.0743503645 -0.483849376
vn -0.871987224 0.0743503645 -0.483849376
vn -0.871987224 0.0743503645 -0.483849376
vn 0.459252 -0.439390153 0.772025824
vn 0.459252 -0.439390153 0.772025824
vn 0.459252 -0.439390153 0.772025824
vn 0.459252 -0.439390153 0.772025824
vn -0.539948404 0.418005496 -0.730566263
vn -0.539948404 0.418005496 -0.730566263
vn -0.539948404 0.418005496 -0.730566263
vn -0.539948404 0.418005496 -0.730566263
vn -0.139584094 -0.503036857 0.852918684
vn -0.139584094 -0.503036857 0.852918684
vn -0.139584094 -0.503036857 0.852918684
vn -0.139584094 -0.503036857 0.852918684
vn 0.161867186 0.00100344012 -0.986812055
vn 0.161867186 0.00100344012 -0.986812055
vn 0.161867186 0.00100344012 -0.986812055
vn 0.161867186 0.00100344012 -0.986812055
vn 0.454713911 0.0264941752 0.890243351
vn 0.454713911 0.0264941752 0.890243351
vn 0.454713911 0.0264941752 0.890243351
vn 0.454713911 0.0264941752 0.890243351
vn -0.666419029 -0.431123555 0.608291328
vn -0.666419029 -0.431123555 0.608291328
vn -0.666419029 -0.431123555 0.608291328
vn -0.666419029 -0.431123555 0.608291328
vn 0.73352319 0.408051819 -0.54354167
vn 0.73352319 0.408051819 -0.54354167
vn 0.73352319 0.408051819 -0.54354167
vn 0.73352319 0.408051819 -0.54354167
vn -0.737910748 0.405871034 0.539218366
vn -0.737910748 0.405871034 0.539218366
vn -0.737910748 0.405871034 0.539218366
vn -0.737910748 0.405871034 0.539218366
vn -0.448724896 -0.440432817 -0.777602017
vn -0.448724896 -0.440432817 -0.777602017
vn -0.448724896 -0.440432817 -0.777602017
vn -0.448724896 -0.440432817 -0.777602017
vn -0.142048135 0.475156933 0.868359506
vn -0.142048135 0.475156933 0.868359506
vn -0.142048135 0.475156933 0.868359506
vn -0.142048135 0.475156933 0.868359506
vn 0.862830937 0.0887916759 0.497633189
vn 0.862830937 0.0887916759 0.497633189
vn 0.862830937 0.0887916759 0.497633189
vn 0.862830937 0.0887916759 0.497633189
vn 0.140131325 -0.499637783 -0.854824722
vn 0.140131325 -0.499637783 -0.854824722
vn 0.140131325 -0.499637783 -0.854824722
vn 0.140131325 -0.499637783 -0.854824722
vn 0.696434736 0.0300926436 -0.716988921
vn 0.696434736 0.0300926436 -0.716988921
vn 0.696434736 0.0300926436 -0.716988921
vn 0.696434736 0.0300926436 -0.716988921
vn 0.404566169 0.912968874 0.0530479811
vn 0.404566169 0.912968874 0.0530479811
vn 0.404566169 0.912968874 0.0530479811
vn 0.404566169 0.912968874 0.0530479811
vn -0.445935875 0.0350053981 -0.894380093
vn -0.445935875 0.0350053981 -0.894380093
vn -0.445935875 0.0350053981 -0.894380093
vn -0.445935875 0.0350053981 -0.894380093
vn -0.927896678 -0.351363093 -0.124706559
vn -0.927896678 -0.351363093 -0.124706559
vn -0.927896678 -0.351363093 -0.124706559
vn -0.927896678 -0.351363093 -0.124706559
vn -0.984478116 0.0370819867 -0.171545357
vn -0.984478116 0.0370819867 -0.171545357
vn -0.984478116 0.0370819867 -0.171545357
vn -0.984478116 0.0370819867 -0.171545357
vn -0.864072263 0.478215635 -0.157127097
vn -0.864072263 0.478215635 -0.157127097
vn -0.864072263 0.478215635 -0.157127097
vn -0.864072263 0.478215635 -0.157127097
vn -0.960235178 0.0431782939 0.27583304
vn -0.960235178 0.0431782939 0.27583304
vn -0.960235178 0.0431782939 0.27583304
vn -0.960235178 0.0431782939 0.27583304
vn -0 0 -1
vn -0 0 -1
vn -0 0 -1
vn -0 0 -1
g building_U6_LP_0
f 3/3/3 2/2/2 1/1/1
f 3/3/3 5/5/5 4/4/4
f 6/6/6 3/3/3 4/4/4
f 9/9/9 8/8/8 7/7/7
f 12/12/12 11/11/11 10/10/10
f 15/15/15 14/14/14 13/13/13
f 18/18/18 17/17/17 16/16/16
f 17/17/17 20/20/20 19/19/19
f 21/21/21 17/17/17 19/19/19
f 24/24/24 23/23/23 22/22/22
f 27/27/27 26/26/26 25/25/25
f 30/30/30 29/29/29 28/28/28
f 33/33/33 32/32/32 31/31/31
f 33/33/33 35/35/35 34/34/34
f 36/36/36 33/33/33 34/34/34
f 39/39/39 38/38/38 37/37/37
f 42/42/42 41/41/41 40/40/40
f 45/45/45 44/44/44 43/43/43
f 48/48/48 47/47/47 46/46/46
f 47/47/47 50/50/50 49/49/49
f 51/51/51 47/47/47 49/49/49
f 54/54/54 53/53/53 52/52/52
f 57/57/57 56/56/56 55/55/55
f 60/60/60 59/59/59 58/58/58
f 63/63/63 62/62/62 61/61/61
f 63/63/63 65/65/65 64/64/64
f 66/66/66 63/63/63 64/64/64
f 69/69/69 68/68/68 67/67/67
f 72/72/72 71/71/71 70/70/70
f 75/75/75 74/74/74 73/73/73
f 78/78/78 77/77/77 76/76/76
f 81/81/81 80/80/80 79/79/79
f 80/80/80 83/83/83 82/82/82
f 84/84/84 80/80/80 82/82/82
f 87/87/87 86/86/86 85/85/85
f 90/90/90 89/89/89 88/88/88
f 93/93/93 92/92/92 91/91/91
f 96/96/96 95/95/95 94/94/94
f 96/96/96 98/98/98 97/97/97
f 99/99/99 96/96/96 97/97/97
f 102/102/102 101/101/101 100/100/100
f 105/105/105 104/104/104 103/103/103
f 108/108/108 107/107/107 106/106/106
f 111/111/111 110/110/110 109/109/109
f 110/110/110 113/113/113 112/112/112
f 114/114/114 110/110/110 112/112/112
f 117/117/117 116/116/116 115/115/115
f 120/120/120 119/119/119 118/118/118
f 123/123/123 122/122/122 121/121/121
f 126/126/126 125/125/125 124/124/124
f 126/126/126 128/128/128 127/127/127
f 129/129/129 126/126/126 127/127/127
f 132/132/132 131/131/131 130/130/130
f 135/135/135 134/134/134 133/133/133
f 137/137/137 133/133/133 136/136/136
f 137/137/137 136/136/136 138/138/138
f 136/136/136 139/139/139 138/138/138
f 141/141/141 140/140/140 133/133/133
f 140/140/140 141/141/141 142/142/142
f 143/143/143 140/140/140 142/142/142
f 146/146/146 145/145/145 144/144/144
f 149/149/149 148/148/148 147/147/147
f 152/152/152 151/151/151 150/150/150
f 151/151/151 154/154/154 153/153/153
f 155/155/155 151/151/151 153/153/153
f 158/158/158 157/157/157 156/156/156
f 161/161/161 160/160/160 159/159/159
f 164/164/164 163/163/163 162/162/162
f 167/167/167 166/166/166 165/165/165
f 170/170/170 169/169/169 168/168/168
f 173/173/173 172/172/172 171/171/171
f 176/176/176 175/175/175 174/174/174
f 179/179/179 178/178/178 177/177/177
f 182/182/182 181/181/181 180/180/180
f 185/185/185 184/184/184 183/183/183
f 188/188/188 187/187/187 186/186/186
f 191/191/191 190/190/190 189/189/189
f 194/194/194 193/193/193 192/192/192
f 197/197/197 196/196/196 195/195/195
f 200/200/200 199/199/199 198/198/198
f 203/203/203 202/202/202 201/201/201
f 206/206/206 205/205/205 204/204/204
f 209/209/209 208/208/208 207/207/207
f 212/212/212 211/211/211 210/210/210
f 215/215/215 214/214/214 213/213/213
f 218/218/218 217/217/217 216/216/216
f 221/221/221 220/220/220 219/219/219
f 224/224/224 223/223/223 222/222/222
f 227/227/227 226/226/226 225/225/225
f 230/230/230 229/229/229 228/228/228
f 233/233/233 232/232/232 231/231/231
f 236/236/236 235/235/235 234/234/234
f 239/239/239 238/238/238 237/237/237
f 242/242/242 241/241/241 240/240/240
f 245/245/245 244/244/244 243/243/243
f 248/248/248 247/247/247 246/246/246
f 251/251/251 250/250/250 249/249/249
f 254/254/254 253/253/253 252/252/252
f 257/257/257 256/256/256 255/255/255
f 260/260/260 259/259/259 258/258/258
f 263/263/263 262/262/262 261/261/261
f 266/266/266 265/265/265 264/264/264
f 269/269/269 268/268/268 267/267/267
f 272/272/272 271/271/271 270/270/270
f 275/275/275 274/274/274 273/273/273
f 278/278/278 277/277/277 276/276/276
f 281/281/281 280/280/280 279/279/279
f 284/284/284 283/283/283 282/282/282
f 287/287/287 286/286/286 285/285/285
f 290/290/290 289/289/289 288/288/288
f 293/293/293 292/292/292 291/291/291
f 296/296/296 295/295/295 294/294/294
f 299/299/299 298/298/298 297/297/297
f 302/302/302 301/301/301 300/300/300
f 305/305/305 304/304/304 303/303/303
f 308/308/308 307/307/307 306/306/306
f 311/311/311 310/310/310 309/309/309
f 314/314/314 313/313/313 312/312/312
f 317/317/317 316/316/316 315/315/315
f 320/320/320 319/319/319 318/318/318
f 323/323/323 322/322/322 321/321/321
f 326/326/326 325/325/325 324/324/324
f 329/329/329 328/328/328 327/327/327
f 332/332/332 331/331/331 330/330/330
f 335/335/335 334/334/334 333/333/333
f 338/338/338 337/337/337 336/336/336
f 341/341/341 340/340/340 339/339/339
f 344/344/344 343/343/343 342/342/342
f 347/347/347 346/346/346 345/345/345
f 350/350/350 349/349/349 348/348/348
f 353/353/353 352/352/352 351/351/351
f 356/356/356 355/355/355 354/354/354
f 359/359/359 358/358/358 357/357/357
f 362/362/362 361/361/361 360/360/360
f 365/365/365 364/364/364 363/363/363
f 368/368/368 367/367/367 366/366/366
f 371/371/371 370/370/370 369/369/369
f 374/374/374 373/373/373 372/372/372
f 377/377/377 376/376/376 375/375/375
f 380/380/380 379/379/379 378/378/378
f 383/383/383 382/382/382 381/381/381
f 386/386/386 385/385/385 384/384/384
f 389/389/389 388/388/388 387/387/387
f 392/392/392 391/391/391 390/390/390
f 395/395/395 394/394/394 393/393/393
f 398/398/398 397/397/397 396/396/396
f 401/401/401 400/400/400 399/399/399
f 404/404/404 403/403/403 402/402/402
f 407/407/407 406/406/406 405/405/405
f 410/410/410 409/409/409 408/408/408
f 413/413/413 412/412/412 411/411/411
f 416/416/416 415/415/415 414/414/414
f 419/419/419 418/418/418 417/417/417
f 422/422/422 421/421/421 420/420/420
f 425/425/425 424/424/424 423/423/423
f 428/428/428 427/427/427 426/426/426
f 431/431/431 430/430/430 429/429/429
f 434/434/434 433/433/433 432/432/432
f 437/437/437 436/436/436 435/435/435
f 440/440/440 439/439/439 438/438/438
f 443/443/443 442/442/442 441/441/441
f 446/446/446 445/445/445 444/444/444
f 449/449/449 448/448/448 447/447/447
f 452/452/452 451/451/451 450/450/450
f 455/455/455 454/454/454 453/453/453
f 458/458/458 457/457/457 456/456/456
f 461/461/461 460/460/460 459/459/459
f 464/464/464 463/463/463 462/462/462
f 467/467/467 466/466/466 465/465/465
f 470/470/470 469/469/469 468/468/468
f 473/473/473 472/472/472 471/471/471
f 476/476/476 475/475/475 474/474/474
f 479/479/479 478/478/478 477/477/477
f 482/482/482 481/481/481 480/480/480
f 485/485/485 484/484/484 483/483/483
f 488/488/488 487/487/487 486/486/486
f 491/491/491 490/490/490 489/489/489
f 494/494/494 493/493/493 492/492/492
f 497/497/497 496/496/496 495/495/495
f 500/500/500 499/499/499 498/498/498
f 503/503/503 502/502/502 501/501/501
f 506/506/506 505/505/505 504/504/504
f 509/509/509 508/508/508 507/507/507
f 512/512/512 511/511/511 510/510/510
f 515/515/515 514/514/514 513/513/513
f 518/518/518 517/517/517 516/516/516
f 521/521/521 520/520/520 519/519/519
f 524/524/524 523/523/523 522/522/522
f 527/527/527 526/526/526 525/525/525
f 530/530/530 529/529/529 528/528/528
f 533/533/533 532/532/532 531/531/531
f 536/536/536 535/535/535 534/534/534
f 539/539/539 538/538/538 537/537/537
f 542/542/542 541/541/541 540/540/540
f 545/545/545 544/544/544 543/543/543
f 548/548/548 547/547/547 546/546/546
f 551/551/551 550/550/550 549/549/549
f 554/554/554 553/553/553 552/552/552
f 557/557/557 556/556/556 555/555/555
f 560/560/560 559/559/559 558/558/558
f 563/563/563 562/562/562 561/561/561
f 566/566/566 565/565/565 564/564/564
f 569/569/569 568/568/568 567/567/567
f 572/572/572 571/571/571 570/570/570
f 575/575/575 574/574/574 573/573/573
f 578/578/578 577/577/577 576/576/576
f 581/581/581 580/580/580 579/579/579
f 584/584/584 583/583/583 582/582/582
f 587/587/587 586/586/586 585/585/585
f 590/590/590 589/589/589 588/588/588
f 593/593/593 592/592/592 591/591/591
f 596/596/596 595/595/595 594/594/594
f 599/599/599 598/598/598 597/597/597
f 602/602/602 601/601/601 600/600/600
f 605/605/605 604/604/604 603/603/603
f 608/608/608 607/607/607 606/606/606
f 611/611/611 610/610/610 609/609/609
f 614/614/614 613/613/613 612/612/612
f 617/617/617 616/616/616 615/615/615
f 620/620/620 619/619/619 618/618/618
f 623/623/623 622/622/622 621/621/621
f 626/626/626 625/625/625 624/624/624
f 629/629/629 628/628/628 627/627/627
f 632/632/632 631/631/631 630/630/630
f 635/635/635 634/634/634 633/633/633
f 638/638/638 637/637/637 636/636/636
f 641/641/641 640/640/640 639/639/639
f 644/644/644 643/643/643 642/642/642
f 647/647/647 646/646/646 645/645/645
f 650/650/650 649/649/649 648/648/648
f 653/653/653 652/652/652 651/651/651
f 656/656/656 655/655/655 654/654/654
f 659/659/659 658/658/658 657/657/657
f 662/662/662 661/661/661 660/660/660
f 665/665/665 664/664/664 663/663/663
f 668/668/668 667/667/667 666/666/666
f 671/671/671 670/670/670 669/669/669
f 674/674/674 673/673/673 672/672/672
f 677/677/677 676/676/676 675/675/675
f 680/680/680 679/679/679 678/678/678
f 683/683/683 682/682/682 681/681/681
f 686/686/686 685/685/685 684/684/684
f 689/689/689 688/688/688 687/687/687
f 692/692/692 691/691/691 690/690/690
f 695/695/695 694/694/694 693/693/693
f 698/698/698 697/697/697 696/696/696
f 701/701/701 700/700/700 699/699/699
f 704/704/704 703/703/703 702/702/702
f 707/707/707 706/706/706 705/705/705
f 710/710/710 709/709/709 708/708/708
f 713/713/713 712/712/712 711/711/711
f 716/716/716 715/715/715 714/714/714
f 719/719/719 718/718/718 717/717/717
f 722/722/722 721/721/721 720/720/720
f 725/725/725 724/724/724 723/723/723
f 728/728/728 727/727/727 726/726/726
f 731/731/731 730/730/730 729/729/729
f 734/734/734 733/733/733 732/732/732
f 737/737/737 736/736/736 735/735/735
f 740/740/740 739/739/739 738/738/738
f 743/743/743 742/742/742 741/741/741
f 746/746/746 745/745/745 744/744/744
f 749/749/749 748/748/748 747/747/747
f 751/751/751 749/749/749 750/750/750
f 749/749/749 752/752/752 750/750/750
f 750/750/750 752/752/752 753/753/753
f 752/752/752 754/754/754 753/753/753
f 752/752/752 755/755/755 754/754/754
f 755/755/755 756/756/756 754/754/754
f 757/757/757 753/753/753 754/754/754
f 756/756/756 757/757/757 754/754/754
f 753/753/753 757/757/757 758/758/758
f 759/759/759 757/757/757 756/756/756
f 757/757/757 760/760/760 758/758/758
f 757/757/757 759/759/759 760/760/760
f 760/760/760 761/761/761 758/758/758
f 760/760/760 759/759/759 762/762/762
f 761/761/761 760/760/760 762/762/762
f 765/765/765 764/764/764 763/763/763
f 767/767/767 765/765/765 766/766/766
f 769/769/769 765/765/765 768/768/768
f 769/769/769 768/768/768 770/770/770
f 771/771/771 769/769/769 770/770/770
f 770/770/770 768/768/768 772/772/772
f 775/775/775 774/774/774 773/773/773
f 778/778/778 777/777/777 776/776/776
f 781/781/781 780/780/780 779/779/779
f 784/784/784 783/783/783 782/782/782
f 787/787/787 786/786/786 785/785/785
f 790/790/790 789/789/789 788/788/788
f 793/793/793 792/792/792 791/791/791
f 796/796/796 795/795/795 794/794/794
f 799/799/799 798/798/798 797/797/797
f 802/802/802 801/801/801 800/800/800
f 805/805/805 804/804/804 803/803/803
f 808/808/808 807/807/807 806/806/806
f 811/811/811 810/810/810 809/809/809
f 814/814/814 813/813/813 812/812/812
f 817/817/817 816/816/816 815/815/815
f 820/820/820 819/819/819 818/818/818
f 823/823/823 822/822/822 821/821/821
f 826/826/826 825/825/825 824/824/824
f 829/829/829 828/828/828 827/827/827
f 832/832/832 831/831/831 830/830/830
f 835/835/835 834/834/834 833/833/833
f 838/838/838 837/837/837 836/836/836
f 841/841/841 840/840/840 839/839/839
f 844/844/844 843/843/843 842/842/842
f 847/847/847 846/846/846 845/845/845
f 850/850/850 849/849/849 848/848/848
f 853/853/853 852/852/852 851/851/851
f 856/856/856 855/855/855 854/854/854
f 859/859/859 858/858/858 857/857/857
f 862/862/862 861/861/861 860/860/860
f 865/865/865 864/864/864 863/863/863
f 868/868/868 867/867/867 866/866/866
f 871/871/871 870/870/870 869/869/869
f 874/874/874 873/873/873 872/872/872
f 877/877/877 876/876/876 875/875/875
f 880/880/880 879/879/879 878/878/878
f 883/883/883 882/882/882 881/881/881
f 886/886/886 885/885/885 884/884/884
f 889/889/889 888/888/888 887/887/887
f 892/892/892 891/891/891 890/890/890
f 895/895/895 894/894/894 893/893/893
f 898/898/898 897/897/897 896/896/896
f 901/901/901 900/900/900 899/899/899
f 904/904/904 903/903/903 902/902/902
f 907/907/907 906/906/906 905/905/905
f 910/910/910 909/909/909 908/908/908
f 913/913/913 912/912/912 911/911/911
f 916/916/916 915/915/915 914/914/914
f 919/919/919 918/918/918 917/917/917
f 922/922/922 921/921/921 920/920/920
f 925/925/925 924/924/924 923/923/923
f 928/928/928 927/927/927 926/926/926
f 931/931/931 930/930/930 929/929/929
f 934/934/934 933/933/933 932/932/932
f 937/937/937 936/936/936 935/935/935
f 940/940/940 939/939/939 938/938/938
f 943/943/943 942/942/942 941/941/941
f 946/946/946 945/945/945 944/944/944
f 949/949/949 948/948/948 947/947/947
f 952/952/952 951/951/951 950/950/950
f 955/955/955 954/954/954 953/953/953
f 958/958/958 957/957/957 956/956/956
f 961/961/961 960/960/960 959/959/959
f 964/964/964 963/963/963 962/962/962
f 967/967/967 966/966/966 965/965/965
f 970/970/970 969/969/969 968/968/968
f 973/973/973 972/972/972 971/971/971
f 976/976/976 975/975/975 974/974/974
f 979/979/979 978/978/978 977/977/977
f 982/982/982 981/981/981 980/980/980
f 985/985/985 984/984/984 983/983/983
f 988/988/988 987/987/987 986/986/986
f 991/991/991 990/990/990 989/989/989
f 994/994/994 993/993/993 992/992/992
f 997/997/997 996/996/996 995/995/995
f 1000/1000/1000 999/999/999 998/998/998
f 1003/1003/1003 1002/1002/1002 1001/1001/1001
f 1006/1006/1006 1005/1005/1005 1004/1004/1004
f 1009/1009/1009 1008/1008/1008 1007/1007/1007
f 1012/1012/1012 1011/1011/1011 1010/1010/1010
f 1015/1015/1015 1014/1014/1014 1013/1013/1013
f 1018/1018/1018 1017/1017/1017 1016/1016/1016
f 1021/1021/1021 1020/1020/1020 1019/1019/1019
f 1024/1024/1024 1023/1023/1023 1022/1022/1022
f 1027/1027/1027 1026/1026/1026 1025/1025/1025
f 1030/1030/1030 1029/1029/1029 1028/1028/1028
f 1033/1033/1033 1032/1032/1032 1031/1031/1031
f 1036/1036/1036 1035/1035/1035 1034/1034/1034
f 1039/1039/1039 1038/1038/1038 1037/1037/1037
f 1042/1042/1042 1041/1041/1041 1040/1040/1040
f 1045/1045/1045 1044/1044/1044 1043/1043/1043
f 1048/1048/1048 1047/1047/1047 1046/1046/1046
f 1051/1051/1051 1050/1050/1050 1049/1049/1049
f 1054/1054/1054 1053/1053/1053 1052/1052/1052
f 1057/1057/1057 1056/1056/1056 1055/1055/1055
f 1060/1060/1060 1059/1059/1059 1058/1058/1058
f 1063/1063/1063 1062/1062/1062 1061/1061/1061
f 1066/1066/1066 1065/1065/1065 1064/1064/1064
f 1069/1069/1069 1068/1068/1068 1067/1067/1067
f 1072/1072/1072 1071/1071/1071 1070/1070/1070
f 1075/1075/1075 1074/1074/1074 1073/1073/1073
f 1078/1078/1078 1077/1077/1077 1076/1076/1076
f 1081/1081/1081 1080/1080/1080 1079/1079/1079
f 1084/1084/1084 1083/1083/1083 1082/1082/1082
f 1087/1087/1087 1086/1086/1086 1085/1085/1085
f 1090/1090/1090 1089/1089/1089 1088/1088/1088
f 1093/1093/1093 1092/1092/1092 1091/1091/1091
f 1096/1096/1096 1095/1095/1095 1094/1094/1094
f 1099/1099/1099 1098/1098/1098 1097/1097/1097
f 1102/1102/1102 1101/1101/1101 1100/1100/1100
f 1105/1105/1105 1104/1104/1104 1103/1103/1103
f 1108/1108/1108 1107/1107/1107 1106/1106/1106
f 1111/1111/1111 1110/1110/1110 1109/1109/1109
f 1114/1114/1114 1113/1113/1113 1112/1112/1112
f 1117/1117/1117 1116/1116/1116 1115/1115/1115
f 1120/1120/1120 1119/1119/1119 1118/1118/1118
f 1123/1123/1123 1122/1122/1122 1121/1121/1121
f 1126/1126/1126 1125/1125/1125 1124/1124/1124
f 1129/1129/1129 1128/1128/1128 1127/1127/1127
f 1132/1132/1132 1131/1131/1131 1130/1130/1130
f 1135/1135/1135 1134/1134/1134 1133/1133/1133
f 1138/1138/1138 1137/1137/1137 1136/1136/1136
f 1141/1141/1141 1140/1140/1140 1139/1139/1139
f 1144/1144/1144 1143/1143/1143 1142/1142/1142
f 1147/1147/1147 1146/1146/1146 1145/1145/1145
f 1150/1150/1150 1149/1149/1149 1148/1148/1148
f 1153/1153/1153 1152/1152/1152 1151/1151/1151
f 1156/1156/1156 1155/1155/1155 1154/1154/1154
f 1159/1159/1159 1158/1158/1158 1157/1157/1157
f 1162/1162/1162 1161/1161/1161 1160/1160/1160
f 1165/1165/1165 1164/1164/1164 1163/1163/1163
f 1168/1168/1168 1167/1167/1167 1166/1166/1166
f 1171/1171/1171 1170/1170/1170 1169/1169/1169
f 1174/1174/1174 1173/1173/1173 1172/1172/1172
f 1177/1177/1177 1176/1176/1176 1175/1175/1175
f 1180/1180/1180 1179/1179/1179 1178/1178/1178
f 1183/1183/1183 1182/1182/1182 1181/1181/1181
f 1186/1186/1186 1185/1185/1185 1184/1184/1184
f 1189/1189/1189 1188/1188/1188 1187/1187/1187
f 1192/1192/1192 1191/1191/1191 1190/1190/1190
f 1195/1195/1195 1194/1194/1194 1193/1193/1193
f 1198/1198/1198 1197/1197/1197 1196/1196/1196
f 1201/1201/1201 1200/1200/1200 1199/1199/1199
f 1204/1204/1204 1203/1203/1203 1202/1202/1202
f 1207/1207/1207 1206/1206/1206 1205/1205/1205
f 1210/1210/1210 1209/1209/1209 1208/1208/1208
f 1213/1213/1213 1212/1212/1212 1211/1211/1211
f 1216/1216/1216 1215/1215/1215 1214/1214/1214
f 1219/1219/1219 1218/1218/1218 1217/1217/1217
f 1222/1222/1222 1221/1221/1221 1220/1220/1220
f 1225/1225/1225 1224/1224/1224 1223/1223/1223
f 1228/1228/1228 1227/1227/1227 1226/1226/1226
f 1231/1231/1231 1230/1230/1230 1229/1229/1229
f 1234/1234/1234 1233/1233/1233 1232/1232/1232
f 1237/1237/1237 1236/1236/1236 1235/1235/1235
f 1240/1240/1240 1239/1239/1239 1238/1238/1238
f 1243/1243/1243 1242/1242/1242 1241/1241/1241
f 1246/1246/1246 1245/1245/1245 1244/1244/1244
f 1249/1249/1249 1248/1248/1248 1247/1247/1247
f 1252/1252/1252 1251/1251/1251 1250/1250/1250
f 1255/1255/1255 1254/1254/1254 1253/1253/1253
f 1258/1258/1258 1257/1257/1257 1256/1256/1256
f 1261/1261/1261 1260/1260/1260 1259/1259/1259
f 1264/1264/1264 1263/1263/1263 1262/1262/1262
f 1267/1267/1267 1266/1266/1266 1265/1265/1265
f 1270/1270/1270 1269/1269/1269 1268/1268/1268
f 1273/1273/1273 1272/1272/1272 1271/1271/1271
f 1276/1276/1276 1275/1275/1275 1274/1274/1274
f 1279/1279/1279 1278/1278/1278 1277/1277/1277
f 1282/1282/1282 1281/1281/1281 1280/1280/1280
f 1285/1285/1285 1284/1284/1284 1283/1283/1283
f 1288/1288/1288 1287/1287/1287 1286/1286/1286
f 1291/1291/1291 1290/1290/1290 1289/1289/1289
f 1294/1294/1294 1293/1293/1293 1292/1292/1292
f 1297/1297/1297 1296/1296/1296 1295/1295/1295
f 1300/1300/1300 1299/1299/1299 1298/1298/1298
f 1303/1303/1303 1302/1302/1302 1301/1301/1301
f 1306/1306/1306 1305/1305/1305 1304/1304/1304
f 1309/1309/1309 1308/1308/1308 1307/1307/1307
f 1312/1312/1312 1311/1311/1311 1310/1310/1310
f 1315/1315/1315 1314/1314/1314 1313/1313/1313
f 1318/1318/1318 1317/1317/1317 1316/1316/1316
f 1321/1321/1321 1320/1320/1320 1319/1319/1319
f 1324/1324/1324 1323/1323/1323 1322/1322/1322
f 1327/1327/1327 1326/1326/1326 1325/1325/1325
f 1330/1330/1330 1329/1329/1329 1328/1328/1328
f 1333/1333/1333 1332/1332/1332 1331/1331/1331
f 1336/1336/1336 1335/1335/1335 1334/1334/1334
f 1339/1339/1339 1338/1338/1338 1337/1337/1337
f 1342/1342/1342 1341/1341/1341 1340/1340/1340
f 1345/1345/1345 1344/1344/1344 1343/1343/1343
f 1348/1348/1348 1347/1347/1347 1346/1346/1346
f 1351/1351/1351 1350/1350/1350 1349/1349/1349
f 1354/1354/1354 1353/1353/1353 1352/1352/1352
f 1357/1357/1357 1356/1356/1356 1355/1355/1355
f 1360/1360/1360 1359/1359/1359 1358/1358/1358
f 1363/1363/1363 1362/1362/1362 1361/1361/1361
f 1366/1366/1366 1365/1365/1365 1364/1364/1364
f 1369/1369/1369 1368/1368/1368 1367/1367/1367
f 1372/1372/1372 1371/1371/1371 1370/1370/1370
f 1375/1375/1375 1374/1374/1374 1373/1373/1373
f 1378/1378/1378 1377/1377/1377 1376/1376/1376
f 1381/1381/1381 1380/1380/1380 1379/1379/1379
f 1384/1384/1384 1383/1383/1383 1382/1382/1382
f 1387/1387/1387 1386/1386/1386 1385/1385/1385
f 1390/1390/1390 1389/1389/1389 1388/1388/1388
f 1393/1393/1393 1392/1392/1392 1391/1391/1391
f 1396/1396/1396 1395/1395/1395 1394/1394/1394
f 1399/1399/1399 1398/1398/1398 1397/1397/1397
f 1402/1402/1402 1401/1401/1401 1400/1400/1400
f 1405/1405/1405 1404/1404/1404 1403/1403/1403
f 1408/1408/1408 1407/1407/1407 1406/1406/1406
f 1411/1411/1411 1410/1410/1410 1409/1409/1409
f 1414/1414/1414 1413/1413/1413 1412/1412/1412
f 1417/1417/1417 1416/1416/1416 1415/1415/1415
f 1420/1420/1420 1419/1419/1419 1418/1418/1418
f 1423/1423/1423 1422/1422/1422 1421/1421/1421
f 1426/1426/1426 1425/1425/1425 1424/1424/1424
f 1429/1429/1429 1428/1428/1428 1427/1427/1427
f 1432/1432/1432 1431/1431/1431 1430/1430/1430
f 1435/1435/1435 1434/1434/1434 1433/1433/1433
f 1438/1438/1438 1437/1437/1437 1436/1436/1436
f 1441/1441/1441 1440/1440/1440 1439/1439/1439
f 1444/1444/1444 1443/1443/1443 1442/1442/1442
f 1447/1447/1447 1446/1446/1446 1445/1445/1445
f 1450/1450/1450 1449/1449/1449 1448/1448/1448
f 1453/1453/1453 1452/1452/1452 1451/1451/1451
f 1456/1456/1456 1455/1455/1455 1454/1454/1454
f 1459/1459/1459 1458/1458/1458 1457/1457/1457
f 1462/1462/1462 1461/1461/1461 1460/1460/1460
f 1465/1465/1465 1464/1464/1464 1463/1463/1463
f 1468/1468/1468 1467/1467/1467 1466/1466/1466
f 1471/1471/1471 1470/1470/1470 1469/1469/1469
f 1474/1474/1474 1473/1473/1473 1472/1472/1472
f 1477/1477/1477 1476/1476/1476 1475/1475/1475
f 1480/1480/1480 1479/1479/1479 1478/1478/1478
f 1483/1483/1483 1482/1482/1482 1481/1481/1481
f 1486/1486/1486 1485/1485/1485 1484/1484/1484
f 1489/1489/1489 1488/1488/1488 1487/1487/1487
f 1492/1492/1492 1491/1491/1491 1490/1490/1490
f 1495/1495/1495 1494/1494/1494 1493/1493/1493
f 1498/1498/1498 1497/1497/1497 1496/1496/1496
f 1501/1501/1501 1500/1500/1500 1499/1499/1499
f 1504/1504/1504 1503/1503/1503 1502/1502/1502
f 1507/1507/1507 1506/1506/1506 1505/1505/1505
f 1510/1510/1510 1509/1509/1509 1508/1508/1508
f 1513/1513/1513 1512/1512/1512 1511/1511/1511
f 1516/1516/1516 1515/1515/1515 1514/1514/1514
f 1519/1519/1519 1518/1518/1518 1517/1517/1517
f 1522/1522/1522 1521/1521/1521 1520/1520/1520
f 1525/1525/1525 1524/1524/1524 1523/1523/1523
f 1528/1528/1528 1527/1527/1527 1526/1526/1526
f 1531/1531/1531 1530/1530/1530 1529/1529/1529
f 1534/1534/1534 1533/1533/1533 1532/1532/1532
f 1537/1537/1537 1536/1536/1536 1535/1535/1535
f 1540/1540/1540 1539/1539/1539 1538/1538/1538
f 1543/1543/1543 1542/1542/1542 1541/1541/1541
f 1546/1546/1546 1545/1545/1545 1544/1544/1544
f 1549/1549/1549 1548/1548/1548 1547/1547/1547
f 1552/1552/1552 1551/1551/1551 1550/1550/1550
f 1555/1555/1555 1554/1554/1554 1553/1553/1553
f 1558/1558/1558 1557/1557/1557 1556/1556/1556
f 1561/1561/1561 1560/1560/1560 1559/1559/1559
f 1564/1564/1564 1563/1563/1563 1562/1562/1562
f 1567/1567/1567 1566/1566/1566 1565/1565/1565
f 1570/1570/1570 1569/1569/1569 1568/1568/1568
f 1573/1573/1573 1572/1572/1572 1571/1571/1571
f 1576/1576/1576 1575/1575/1575 1574/1574/1574
f 1579/1579/1579 1578/1578/1578 1577/1577/1577
f 1582/1582/1582 1581/1581/1581 1580/1580/1580
f 1585/1585/1585 1584/1584/1584 1583/1583/1583
f 1588/1588/1588 1587/1587/1587 1586/1586/1586
f 1591/1591/1591 1590/1590/1590 1589/1589/1589
f 1594/1594/1594 1593/1593/1593 1592/1592/1592
f 1597/1597/1597 1596/1596/1596 1595/1595/1595
f 1600/1600/1600 1599/1599/1599 1598/1598/1598
f 1603/1603/1603 1602/1602/1602 1601/1601/1601
f 1606/1606/1606 1605/1605/1605 1604/1604/1604
f 1609/1609/1609 1608/1608/1608 1607/1607/1607
f 1612/1612/1612 1611/1611/1611 1610/1610/1610
f 1615/1615/1615 1614/1614/1614 1613/1613/1613
f 1618/1618/1618 1617/1617/1617 1616/1616/1616
f 1621/1621/1621 1620/1620/1620 1619/1619/1619
f 1624/1624/1624 1623/1623/1623 1622/1622/1622
f 1627/1627/1627 1626/1626/1626 1625/1625/1625
f 1630/1630/1630 1629/1629/1629 1628/1628/1628
f 1633/1633/1633 1632/1632/1632 1631/1631/1631
f 1636/1636/1636 1635/1635/1635 1634/1634/1634
f 1639/1639/1639 1638/1638/1638 1637/1637/1637
f 1642/1642/1642 1641/1641/1641 1640/1640/1640
f 1645/1645/1645 1644/1644/1644 1643/1643/1643
f 1648/1648/1648 1647/1647/1647 1646/1646/1646
f 1651/1651/1651 1650/1650/1650 1649/1649/1649
f 1654/1654/1654 1653/1653/1653 1652/1652/1652
f 1657/1657/1657 1656/1656/1656 1655/1655/1655
f 1660/1660/1660 1659/1659/1659 1658/1658/1658
f 1663/1663/1663 1662/1662/1662 1661/1661/1661
f 1666/1666/1666 1665/1665/1665 1664/1664/1664
f 1669/1669/1669 1668/1668/1668 1667/1667/1667
f 1672/1672/1672 1671/1671/1671 1670/1670/1670
f 1675/1675/1675 1674/1674/1674 1673/1673/1673
f 1678/1678/1678 1677/1677/1677 1676/1676/1676
f 1681/1681/1681 1680/1680/1680 1679/1679/1679
f 1684/1684/1684 1683/1683/1683 1682/1682/1682
f 1687/1687/1687 1686/1686/1686 1685/1685/1685
f 1690/1690/1690 1689/1689/1689 1688/1688/1688
f 1693/1693/1693 1692/1692/1692 1691/1691/1691
f 1696/1696/1696 1695/1695/1695 1694/1694/1694
f 1699/1699/1699 1698/1698/1698 1697/1697/1697
f 1702/1702/1702 1701/1701/1701 1700/1700/1700
f 1705/1705/1705 1704/1704/1704 1703/1703/1703
f 1708/1708/1708 1707/1707/1707 1706/1706/1706
f 1711/1711/1711 1710/1710/1710 1709/1709/1709
f 1714/1714/1714 1713/1713/1713 1712/1712/1712
f 1717/1717/1717 1716/1716/1716 1715/1715/1715
f 1718/1718/1718 1717/1717/1717 1715/1715/1715
f 1721/1721/1721 1720/1720/1720 1719/1719/1719
f 1722/1722/1722 1721/1721/1721 1719/1719/1719
f 1725/1725/1725 1724/1724/1724 1723/1723/1723
f 1726/1726/1726 1725/1725/1725 1723/1723/1723
f 1729/1729/1729 1728/1728/1728 1727/1727/1727
f 1730/1730/1730 1729/1729/1729 1727/1727/1727
f 1733/1733/1733 1732/1732/1732 1731/1731/1731
f 1734/1734/1734 1733/1733/1733 1731/1731/1731
f 1737/1737/1737 1736/1736/1736 1735/1735/1735
f 1738/1738/1738 1737/1737/1737 1735/1735/1735
f 1741/1741/1741 1740/1740/1740 1739/1739/1739
f 1742/1742/1742 1741/1741/1741 1739/1739/1739
f 1745/1745/1745 1744/1744/1744 1743/1743/1743
f 1746/1746/1746 1745/1745/1745 1743/1743/1743
f 1749/1749/1749 1748/1748/1748 1747/1747/1747
f 1750/1750/1750 1749/1749/1749 1747/1747/1747
f 1753/1753/1753 1752/1752/1752 1751/1751/1751
f 1754/1754/1754 1753/1753/1753 1751/1751/1751
f 1757/1757/1757 1756/1756/1756 1755/1755/1755
f 1758/1758/1758 1757/1757/1757 1755/1755/1755
f 1761/1761/1761 1760/1760/1760 1759/1759/1759
f 1762/1762/1762 1761/1761/1761 1759/1759/1759
f 1765/1765/1765 1764/1764/1764 1763/1763/1763
f 1766/1766/1766 1765/1765/1765 1763/1763/1763
f 1769/1769/1769 1768/1768/1768 1767/1767/1767
f 1770/1770/1770 1769/1769/1769 1767/1767/1767
f 1773/1773/1773 1772/1772/1772 1771/1771/1771
f 1774/1774/1774 1773/1773/1773 1771/1771/1771
f 1777/1777/1777 1776/1776/1776 1775/1775/1775
f 1778/1778/1778 1777/1777/1777 1775/1775/1775
f 1781/1781/1781 1780/1780/1780 1779/1779/1779
f 1782/1782/1782 1781/1781/1781 1779/1779/1779
f 1785/1785/1785 1784/1784/1784 1783/1783/1783
f 1786/1786/1786 1785/1785/1785 1783/1783/1783
f 1789/1789/1789 1788/1788/1788 1787/1787/1787
f 1790/1790/1790 1789/1789/1789 1787/1787/1787
f 1793/1793/1793 1792/1792/1792 1791/1791/1791
f 1794/1794/1794 1793/1793/1793 1791/1791/1791
f 1797/1797/1797 1796/1796/1796 1795/1795/1795
f 1798/1798/1798 1797/1797/1797 1795/1795/1795
f 1801/1801/1801 1800/1800/1800 1799/1799/1799
f 1802/1802/1802 1801/1801/1801 1799/1799/1799
f 1805/1805/1805 1804/1804/1804 1803/1803/1803
f 1806/1806/1806 1805/1805/1805 1803/1803/1803
f 1809/1809/1809 1808/1808/1808 1807/1807/1807
f 1810/1810/1810 1809/1809/1809 1807/1807/1807
f 1813/1813/1813 1812/1812/1812 1811/1811/1811
f 1814/1814/1814 1813/1813/1813 1811/1811/1811
f 1817/1817/1817 1816/1816/1816 1815/1815/1815
f 1818/1818/1818 1817/1817/1817 1815/1815/1815
f 1821/1821/1821 1820/1820/1820 1819/1819/1819
f 1822/1822/1822 1821/1821/1821 1819/1819/1819
f 1825/1825/1825 1824/1824/1824 1823/1823/1823
f 1826/1826/1826 1825/1825/1825 1823/1823/1823
f 1829/1829/1829 1828/1828/1828 1827/1827/1827
f 1830/1830/1830 1829/1829/1829 1827/1827/1827
f 1833/1833/1833 1832/1832/1832 1831/1831/1831
f 1834/1834/1834 1833/1833/1833 1831/1831/1831
f 1837/1837/1837 1836/1836/1836 1835/1835/1835
f 1838/1838/1838 1837/1837/1837 1835/1835/1835
f 1841/1841/1841 1840/1840/1840 1839/1839/1839
f 1842/1842/1842 1841/1841/1841 1839/1839/1839
f 1845/1845/1845 1844/1844/1844 1843/1843/1843
f 1846/1846/1846 1845/1845/1845 1843/1843/1843
f 1846/1846/1846 1843/1843/1843 1847/1847/1847
f 1843/1843/1843 1848/1848/1848 1847/1847/1847
f 1848/1848/1848 1849/1849/1849 1847/1847/1847
f 1847/1847/1847 1849/1849/1849 1850/1850/1850
f 1851/1851/1851 1847/1847/1847 1850/1850/1850
f 1848/1848/1848 1852/1852/1852 1849/1849/1849
f 1853/1853/1853 1851/1851/1851 1850/1850/1850
f 1854/1854/1854 1852/1852/1852 1848/1848/1848
f 1854/1854/1854 1848/1848/1848 1855/1855/1855
f 1856/1856/1856 1853/1853/1853 1850/1850/1850
f 1856/1856/1856 1850/1850/1850 1857/1857/1857
f 1853/1853/1853 1856/1856/1856 1858/1858/1858
f 1859/1859/1859 1853/1853/1853 1858/1858/1858
f 1859/1859/1859 1858/1858/1858 1860/1860/1860
f 1861/1861/1861 1856/1856/1856 1857/1857/1857
f 1858/1858/1858 1862/1862/1862 1860/1860/1860
f 1857/1857/1857 1852/1852/1852 1863/1863/1863
f 1852/1852/1852 1854/1854/1854 1863/1863/1863
f 1861/1861/1861 1857/1857/1857 1863/1863/1863
f 1862/1862/1862 1864/1864/1864 1860/1860/1860
f 1862/1862/1862 1861/1861/1861 1864/1864/1864
f 1865/1865/1865 1861/1861/1861 1863/1863/1863
f 1861/1861/1861 1865/1865/1865 1864/1864/1864
f 1864/1864/1864 1866/1866/1866 1860/1860/1860
f 1860/1860/1860 1866/1866/1866 1867/1867/1867
f 1866/1866/1866 1868/1868/1868 1867/1867/1867
f 1865/1865/1865 1863/1863/1863 1869/1869/1869
f 1866/1866/1866 1870/1870/1870 1868/1868/1868
f 1870/1870/1870 1865/1865/1865 1869/1869/1869
f 1867/1867/1867 1868/1868/1868 1871/1871/1871
f 1870/1870/1870 1872/1872/1872 1868/1868/1868
f 1870/1870/1870 1869/1869/1869 1873/1873/1873
f 1872/1872/1872 1870/1870/1870 1873/1873/1873
f 1869/1869/1869 1874/1874/1874 1873/1873/1873
f 1872/1872/1872 1873/1873/1873 1875/1875/1875
f 1876/1876/1876 1872/1872/1872 1875/1875/1875
f 1874/1874/1874 1877/1877/1877 1873/1873/1873
f 1871/1871/1871 1876/1876/1876 1878/1878/1878
f 1871/1871/1871 1878/1878/1878 1867/1867/1867
f 1876/1876/1876 1875/1875/1875 1879/1879/1879
f 1875/1875/1875 1880/1880/1880 1879/1879/1879
f 1876/1876/1876 1881/1881/1881 1878/1878/1878
f 1881/1881/1881 1876/1876/1876 1879/1879/1879
f 1867/1867/1867 1878/1878/1878 1882/1882/1882
f 1881/1881/1881 1879/1879/1879 1883/1883/1883
f 1884/1884/1884 1881/1881/1881 1883/1883/1883
f 1880/1880/1880 1885/1885/1885 1879/1879/1879
f 1882/1882/1882 1884/1884/1884 1886/1886/1886
f 1867/1867/1867 1882/1882/1882 1886/1886/1886
f 1886/1886/1886 1887/1887/1887 1867/1867/1867
f 1887/1887/1887 1888/1888/1888 1867/1867/1867
f 1884/1884/1884 1889/1889/1889 1886/1886/1886
f 1888/1888/1888 1890/1890/1890 1867/1867/1867
f 1884/1884/1884 1883/1883/1883 1891/1891/1891
f 1889/1889/1889 1884/1884/1884 1891/1891/1891
f 1889/1889/1889 1891/1891/1891 1888/1888/1888
f 1883/1883/1883 1892/1892/1892 1891/1891/1891
f 1888/1888/1888 1893/1893/1893 1890/1890/1890
f 1891/1891/1891 1893/1893/1893 1888/1888/1888
f 1893/1893/1893 1894/1894/1894 1890/1890/1890
f 1893/1893/1893 1895/1895/1895 1894/1894/1894
f 1895/1895/1895 1896/1896/1896 1894/1894/1894
f 1897/1897/1897 1896/1896/1896 1895/1895/1895
f 1892/1892/1892 1898/1898/1898 1891/1891/1891
f 1899/1899/1899 1897/1897/1897 1895/1895/1895
f 1899/1899/1899 1895/1895/1895 1898/1898/1898
f 1897/1897/1897 1899/1899/1899 1900/1900/1900
f 1901/1901/1901 1899/1899/1899 1898/1898/1898
f 1901/1901/1901 1898/1898/1898 1892/1892/1892
f 1899/1899/1899 1902/1902/1902 1900/1900/1900
f 1903/1903/1903 1900/1900/1900 1902/1902/1902
f 1904/1904/1904 1901/1901/1901 1892/1892/1892
f 1904/1904/1904 1892/1892/1892 1885/1885/1885
f 1901/1901/1901 1904/1904/1904 1905/1905/1905
f 1906/1906/1906 1903/1903/1903 1902/1902/1902
f 1906/1906/1906 1902/1902/1902 1905/1905/1905
f 1903/1903/1903 1906/1906/1906 1907/1907/1907
f 1908/1908/1908 1904/1904/1904 1885/1885/1885
f 1908/1908/1908 1885/1885/1885 1880/1880/1880
f 1904/1904/1904 1909/1909/1909 1905/1905/1905
f 1906/1906/1906 1910/1910/1910 1907/1907/1907
f 1911/1911/1911 1906/1906/1906 1905/1905/1905
f 1911/1911/1911 1905/1905/1905 1909/1909/1909
f 1912/1912/1912 1907/1907/1907 1910/1910/1910
f 1913/1913/1913 1908/1908/1908 1880/1880/1880
f 1913/1913/1913 1880/1880/1880 1877/1877/1877
f 1908/1908/1908 1913/1913/1913 1914/1914/1914
f 1915/1915/1915 1911/1911/1911 1909/1909/1909
f 1915/1915/1915 1909/1909/1909 1914/1914/1914
f 1911/1911/1911 1915/1915/1915 1916/1916/1916
f 1917/1917/1917 1912/1912/1912 1910/1910/1910
f 1917/1917/1917 1910/1910/1910 1916/1916/1916
f 1912/1912/1912 1917/1917/1917 1918/1918/1918
f 1919/1919/1919 1913/1913/1913 1877/1877/1877
f 1919/1919/1919 1877/1877/1877 1874/1874/1874
f 1913/1913/1913 1920/1920/1920 1914/1914/1914
f 1921/1921/1921 1915/1915/1915 1914/1914/1914
f 1921/1921/1921 1914/1914/1914 1920/1920/1920
f 1915/1915/1915 1922/1922/1922 1916/1916/1916
f 1917/1917/1917 1923/1923/1923 1918/1918/1918
f 1924/1924/1924 1917/1917/1917 1916/1916/1916
f 1924/1924/1924 1916/1916/1916 1922/1922/1922
f 1918/1918/1918 1923/1923/1923 1925/1925/1925
f 1926/1926/1926 1919/1919/1919 1874/1874/1874
f 1926/1926/1926 1874/1874/1874 1854/1854/1854
f 1919/1919/1919 1926/1926/1926 1927/1927/1927
f 1928/1928/1928 1926/1926/1926 1854/1854/1854
f 1855/1855/1855 1928/1928/1928 1854/1854/1854
f 1928/1928/1928 1855/1855/1855 1929/1929/1929
f 1855/1855/1855 1930/1930/1930 1929/1929/1929
f 1926/1926/1926 1931/1931/1931 1927/1927/1927
f 1932/1932/1932 1929/1929/1929 1930/1930/1930
f 1924/1924/1924 1933/1933/1933 1925/1925/1925
f 1933/1933/1933 1924/1924/1924 1922/1922/1922
f 1933/1933/1933 1922/1922/1922 1934/1934/1934
f 1933/1933/1933 1935/1935/1935 1925/1925/1925
f 1918/1918/1918 1925/1925/1925 1935/1935/1935
f 1936/1936/1936 1933/1933/1933 1934/1934/1934
f 1918/1918/1918 1935/1935/1935 1937/1937/1937
f 1918/1918/1918 1937/1937/1937 1938/1938/1938
f 1939/1939/1939 1938/1938/1938 1937/1937/1937
f 1936/1936/1936 1939/1939/1939 1937/1937/1937
f 1918/1918/1918 1938/1938/1938 1940/1940/1940
f 1941/1941/1941 1918/1918/1918 1940/1940/1940
f 1936/1936/1936 1934/1934/1934 1942/1942/1942
f 1939/1939/1939 1936/1936/1936 1942/1942/1942
f 1943/1943/1943 1942/1942/1942 1934/1934/1934
f 1939/1939/1939 1942/1942/1942 1944/1944/1944
f 1921/1921/1921 1943/1943/1943 1934/1934/1934
f 1943/1943/1943 1921/1921/1921 1920/1920/1920
f 1943/1943/1943 1920/1920/1920 1927/1927/1927
f 1945/1945/1945 1943/1943/1943 1927/1927/1927
f 1945/1945/1945 1927/1927/1927 1931/1931/1931
f 1946/1946/1946 1939/1939/1939 1944/1944/1944
f 1947/1947/1947 1945/1945/1945 1931/1931/1931
f 1945/1945/1945 1947/1947/1947 1944/1944/1944
f 1947/1947/1947 1931/1931/1931 1929/1929/1929
f 1947/1947/1947 1948/1948/1948 1944/1944/1944
f 1946/1946/1946 1944/1944/1944 1948/1948/1948
f 1949/1949/1949 1947/1947/1947 1929/1929/1929
f 1950/1950/1950 1946/1946/1946 1948/1948/1948
f 1946/1946/1946 1950/1950/1950 1940/1940/1940
f 1950/1950/1950 1948/1948/1948 1951/1951/1951
f 1950/1950/1950 1952/1952/1952 1940/1940/1940
f 1952/1952/1952 1941/1941/1941 1940/1940/1940
f 1953/1953/1953 1950/1950/1950 1951/1951/1951
f 1954/1954/1954 1941/1941/1941 1952/1952/1952
f 1955/1955/1955 1949/1949/1949 1929/1929/1929
f 1949/1949/1949 1955/1955/1955 1951/1951/1951
f 1932/1932/1932 1955/1955/1955 1929/1929/1929
f 1953/1953/1953 1951/1951/1951 1956/1956/1956
f 1955/1955/1955 1956/1956/1956 1951/1951/1951
f 1957/1957/1957 1953/1953/1953 1956/1956/1956
f 1953/1953/1953 1957/1957/1957 1954/1954/1954
f 1957/1957/1957 1956/1956/1956 1958/1958/1958
f 1957/1957/1957 1959/1959/1959 1954/1954/1954
f 1959/1959/1959 1941/1941/1941 1954/1954/1954
f 1960/1960/1960 1941/1941/1941 1959/1959/1959
f 1941/1941/1941 1960/1960/1960 1961/1961/1961
f 1960/1960/1960 1962/1962/1962 1961/1961/1961
f 1962/1962/1962 1957/1957/1957 1958/1958/1958
f 1961/1961/1961 1962/1962/1962 1963/1963/1963
f 1962/1962/1962 1958/1958/1958 1963/1963/1963
f 1964/1964/1964 1963/1963/1963 1958/1958/1958
f 1965/1965/1965 1964/1964/1964 1958/1958/1958
f 1966/1966/1966 1964/1964/1964 1965/1965/1965
f 1965/1965/1965 1955/1955/1955 1967/1967/1967
f 1967/1967/1967 1966/1966/1966 1965/1965/1965
f 1967/1967/1967 1955/1955/1955 1932/1932/1932
f 1967/1967/1967 1932/1932/1932 1966/1966/1966
f 1932/1932/1932 1968/1968/1968 1966/1966/1966
f 1968/1968/1968 1969/1969/1969 1966/1966/1966
f 1970/1970/1970 1969/1969/1969 1968/1968/1968
f 1971/1971/1971 1970/1970/1970 1968/1968/1968
f 1974/1974/1974 1973/1973/1973 1972/1972/1972
f 1975/1975/1975 1974/1974/1974 1972/1972/1972
f 1978/1978/1978 1977/1977/1977 1976/1976/1976
f 1979/1979/1979 1978/1978/1978 1976/1976/1976
f 1982/1982/1982 1981/1981/1981 1980/1980/1980
f 1983/1983/1983 1982/1982/1982 1980/1980/1980
f 1986/1986/1986 1985/1985/1985 1984/1984/1984
f 1987/1987/1987 1986/1986/1986 1984/1984/1984
f 1990/1990/1990 1989/1989/1989 1988/1988/1988
f 1991/1991/1991 1990/1990/1990 1988/1988/1988
f 1994/1994/1994 1993/1993/1993 1992/1992/1992
f 1995/1995/1995 1994/1994/1994 1992/1992/1992
f 1998/1998/1998 1997/1997/1997 1996/1996/1996
f 1999/1999/1999 1998/1998/1998 1996/1996/1996
f 2002/2002/2002 2001/2001/2001 2000/2000/2000
f 2003/2003/2003 2002/2002/2002 2000/2000/2000
f 2006/2006/2006 2005/2005/2005 2004/2004/2004
f 2007/2007/2007 2006/2006/2006 2004/2004/2004
f 2010/2010/2010 2009/2009/2009 2008/2008/2008
f 2011/2011/2011 2010/2010/2010 2008/2008/2008
f 2014/2014/2014 2013/2013/2013 2012/2012/2012
f 2015/2015/2015 2014/2014/2014 2012/2012/2012
f 2018/2018/2018 2017/2017/2017 2016/2016/2016
f 2019/2019/2019 2018/2018/2018 2016/2016/2016
f 2022/2022/2022 2021/2021/2021 2020/2020/2020
f 2023/2023/2023 2022/2022/2022 2020/2020/2020
f 2026/2026/2026 2025/2025/2025 2024/2024/2024
f 2027/2027/2027 2026/2026/2026 2024/2024/2024
f 2030/2030/2030 2029/2029/2029 2028/2028/2028
f 2031/2031/2031 2030/2030/2030 2028/2028/2028
f 2034/2034/2034 2033/2033/2033 2032/2032/2032
f 2035/2035/2035 2034/2034/2034 2032/2032/2032
f 2038/2038/2038 2037/2037/2037 2036/2036/2036
f 2039/2039/2039 2038/2038/2038 2036/2036/2036
f 2042/2042/2042 2041/2041/2041 2040/2040/2040
f 2043/2043/2043 2042/2042/2042 2040/2040/2040
f 2046/2046/2046 2045/2045/2045 2044/2044/2044
f 2047/2047/2047 2046/2046/2046 2044/2044/2044
f 2050/2050/2050 2049/2049/2049 2048/2048/2048
f 2051/2051/2051 2050/2050/2050 2048/2048/2048
f 2054/2054/2054 2053/2053/2053 2052/2052/2052
f 2055/2055/2055 2054/2054/2054 2052/2052/2052
f 2058/2058/2058 2057/2057/2057 2056/2056/2056
f 2059/2059/2059 2058/2058/2058 2056/2056/2056
f 2062/2062/2062 2061/2061/2061 2060/2060/2060
f 2063/2063/2063 2062/2062/2062 2060/2060/2060
f 2066/2066/2066 2065/2065/2065 2064/2064/2064
f 2067/2067/2067 2066/2066/2066 2064/2064/2064
f 2070/2070/2070 2069/2069/2069 2068/2068/2068
f 2071/2071/2071 2070/2070/2070 2068/2068/2068
f 2074/2074/2074 2073/2073/2073 2072/2072/2072
f 2075/2075/2075 2074/2074/2074 2072/2072/2072
f 2078/2078/2078 2077/2077/2077 2076/2076/2076
f 2079/2079/2079 2078/2078/2078 2076/2076/2076
f 2082/2082/2082 2081/2081/2081 2080/2080/2080
f 2083/2083/2083 2082/2082/2082 2080/2080/2080
f 2086/2086/2086 2085/2085/2085 2084/2084/2084
f 2087/2087/2087 2086/2086/2086 2084/2084/2084
f 2090/2090/2090 2089/2089/2089 2088/2088/2088
f 2091/2091/2091 2090/2090/2090 2088/2088/2088
f 2094/2094/2094 2093/2093/2093 2092/2092/2092
f 2095/2095/2095 2094/2094/2094 2092/2092/2092
f 2098/2098/2098 2097/2097/2097 2096/2096/2096
f 2099/2099/2099 2098/2098/2098 2096/2096/2096
f 2102/2102/2102 2101/2101/2101 2100/2100/2100
f 2103/2103/2103 2102/2102/2102 2100/2100/2100
f 2106/2106/2106 2105/2105/2105 2104/2104/2104
f 2107/2107/2107 2106/2106/2106 2104/2104/2104
f 2110/2110/2110 2109/2109/2109 2108/2108/2108
f 2111/2111/2111 2110/2110/2110 2108/2108/2108
f 2114/2114/2114 2113/2113/2113 2112/2112/2112
f 2115/2115/2115 2114/2114/2114 2112/2112/2112
f 2118/2118/2118 2117/2117/2117 2116/2116/2116
f 2119/2119/2119 2118/2118/2118 2116/2116/2116
f 2122/2122/2122 2121/2121/2121 2120/2120/2120
f 2123/2123/2123 2122/2122/2122 2120/2120/2120
f 2126/2126/2126 2125/2125/2125 2124/2124/2124
f 2127/2127/2127 2126/2126/2126 2124/2124/2124
f 2130/2130/2130 2129/2129/2129 2128/2128/2128
f 2131/2131/2131 2130/2130/2130 2128/2128/2128
f 2134/2134/2134 2133/2133/2133 2132/2132/2132
f 2135/2135/2135 2134/2134/2134 2132/2132/2132
f 2138/2138/2138 2137/2137/2137 2136/2136/2136
f 2139/2139/2139 2138/2138/2138 2136/2136/2136
f 2142/2142/2142 2141/2141/2141 2140/2140/2140
f 2143/2143/2143 2142/2142/2142 2140/2140/2140
f 2146/2146/2146 2145/2145/2145 2144/2144/2144
f 2147/2147/2147 2146/2146/2146 2144/2144/2144
f 2150/2150/2150 2149/2149/2149 2148/2148/2148
f 2151/2151/2151 2150/2150/2150 2148/2148/2148
f 2154/2154/2154 2153/2153/2153 2152/2152/2152
f 2155/2155/2155 2154/2154/2154 2152/2152/2152
f 2158/2158/2158 2157/2157/2157 2156/2156/2156
f 2159/2159/2159 2158/2158/2158 2156/2156/2156
f 2162/2162/2162 2161/2161/2161 2160/2160/2160
f 2163/2163/2163 2162/2162/2162 2160/2160/2160
f 2166/2166/2166 2165/2165/2165 2164/2164/2164
f 2167/2167/2167 2166/2166/2166 2164/2164/2164
f 2170/2170/2170 2169/2169/2169 2168/2168/2168
f 2171/2171/2171 2170/2170/2170 2168/2168/2168
f 2174/2174/2174 2173/2173/2173 2172/2172/2172
f 2175/2175/2175 2174/2174/2174 2172/2172/2172
f 2178/2178/2178 2177/2177/2177 2176/2176/2176
f 2179/2179/2179 2178/2178/2178 2176/2176/2176
f 2182/2182/2182 2181/2181/2181 2180/2180/2180
f 2183/2183/2183 2182/2182/2182 2180/2180/2180
f 2186/2186/2186 2185/2185/2185 2184/2184/2184
f 2187/2187/2187 2186/2186/2186 2184/2184/2184
f 2190/2190/2190 2189/2189/2189 2188/2188/2188
f 2191/2191/2191 2190/2190/2190 2188/2188/2188
f 2194/2194/2194 2193/2193/2193 2192/2192/2192
f 2195/2195/2195 2194/2194/2194 2192/2192/2192
f 2198/2198/2198 2197/2197/2197 2196/2196/2196
f 2199/2199/2199 2198/2198/2198 2196/2196/2196
f 2202/2202/2202 2201/2201/2201 2200/2200/2200
f 2203/2203/2203 2202/2202/2202 2200/2200/2200
f 2206/2206/2206 2205/2205/2205 2204/2204/2204
f 2207/2207/2207 2206/2206/2206 2204/2204/2204
f 2210/2210/2210 2209/2209/2209 2208/2208/2208
f 2211/2211/2211 2210/2210/2210 2208/2208/2208
f 2214/2214/2214 2213/2213/2213 2212/2212/2212
f 2215/2215/2215 2214/2214/2214 2212/2212/2212
f 2218/2218/2218 2217/2217/2217 2216/2216/2216
f 2219/2219/2219 2218/2218/2218 2216/2216/2216
f 2222/2222/2222 2221/2221/2221 2220/2220/2220
f 2223/2223/2223 2222/2222/2222 2220/2220/2220
f 2226/2226/2226 2225/2225/2225 2224/2224/2224
f 2227/2227/2227 2226/2226/2226 2224/2224/2224
f 2230/2230/2230 2229/2229/2229 2228/2228/2228
f 2231/2231/2231 2230/2230/2230 2228/2228/2228
f 2234/2234/2234 2233/2233/2233 2232/2232/2232
f 2235/2235/2235 2234/2234/2234 2232/2232/2232
f 2238/2238/2238 2237/2237/2237 2236/2236/2236
f 2239/2239/2239 2238/2238/2238 2236/2236/2236
f 2242/2242/2242 2241/2241/2241 2240/2240/2240
f 2243/2243/2243 2242/2242/2242 2240/2240/2240
f 2246/2246/2246 2245/2245/2245 2244/2244/2244
f 2247/2247/2247 2246/2246/2246 2244/2244/2244
f 2250/2250/2250 2249/2249/2249 2248/2248/2248
f 2251/2251/2251 2250/2250/2250 2248/2248/2248
f 2254/2254/2254 2253/2253/2253 2252/2252/2252
f 2255/2255/2255 2254/2254/2254 2252/2252/2252
f 2258/2258/2258 2257/2257/2257 2256/2256/2256
f 2259/2259/2259 2258/2258/2258 2256/2256/2256
f 2262/2262/2262 2261/2261/2261 2260/2260/2260
f 2263/2263/2263 2262/2262/2262 2260/2260/2260
f 2266/2266/2266 2265/2265/2265 2264/2264/2264
f 2267/2267/2267 2266/2266/2266 2264/2264/2264
f 2270/2270/2270 2269/2269/2269 2268/2268/2268
f 2271/2271/2271 2270/2270/2270 2268/2268/2268
f 2274/2274/2274 2273/2273/2273 2272/2272/2272
f 2275/2275/2275 2274/2274/2274 2272/2272/2272
f 2278/2278/2278 2277/2277/2277 2276/2276/2276
f 2279/2279/2279 2278/2278/2278 2276/2276/2276
f 2282/2282/2282 2281/2281/2281 2280/2280/2280
f 2283/2283/2283 2282/2282/2282 2280/2280/2280
f 2286/2286/2286 2285/2285/2285 2284/2284/2284
f 2285/2285/2285 2287/2287/2287 2284/2284/2284
f 2285/2285/2285 2288/2288/2288 2287/2287/2287
f 2284/2284/2284 2287/2287/2287 2289/2289/2289
f 2290/2290/2290 2284/2284/2284 2289/2289/2289
f 2288/2288/2288 2291/2291/2291 2287/2287/2287
f 2291/2291/2291 2288/2288/2288 2292/2292/2292
f 2293/2293/2293 2290/2290/2290 2289/2289/2289
f 2291/2291/2291 2292/2292/2292 2293/2293/2293
f 2294/2294/2294 2293/2293/2293 2289/2289/2289
f 2294/2294/2294 2291/2291/2291 2293/2293/2293
f 2297/2297/2297 2296/2296/2296 2295/2295/2295
f 2298/2298/2298 2297/2297/2297 2295/2295/2295
f 2301/2301/2301 2300/2300/2300 2299/2299/2299
f 2302/2302/2302 2301/2301/2301 2299/2299/2299
f 2303/2303/2303 2301/2301/2301 2302/2302/2302
f 2304/2304/2304 2303/2303/2303 2302/2302/2302
f 2307/2307/2307 2306/2306/2306 2305/2305/2305
f 2308/2308/2308 2307/2307/2307 2305/2305/2305
f 2311/2311/2311 2310/2310/2310 2309/2309/2309
f 2312/2312/2312 2311/2311/2311 2309/2309/2309
f 2315/2315/2315 2314/2314/2314 2313/2313/2313
f 2316/2316/2316 2315/2315/2315 2313/2313/2313
f 2319/2319/2319 2318/2318/2318 2317/2317/2317
f 2317/2317/2317 2318/2318/2318 2320/2320/2320
f 2320/2320/2320 2318/2318/2318 2321/2321/2321
f 2324/2324/2324 2323/2323/2323 2322/2322/2322
f 2325/2325/2325 2324/2324/2324 2322/2322/2322
f 2324/2324/2324 2325/2325/2325 2326/2326/2326
f 2326/2326/2326 2327/2327/2327 2324/2324/2324
f 2326/2326/2326 2328/2328/2328 2327/2327/2327
f 2326/2326/2326 2325/2325/2325 2329/2329/2329
f 2326/2326/2326 2329/2329/2329 2328/2328/2328
f 2325/2325/2325 2330/2330/2330 2329/2329/2329
f 2329/2329/2329 2330/2330/2330 2328/2328/2328
f 2330/2330/2330 2331/2331/2331 2328/2328/2328
f 2334/2334/2334 2333/2333/2333 2332/2332/2332
f 2333/2333/2333 2335/2335/2335 2332/2332/2332
f 2333/2333/2333 2336/2336/2336 2335/2335/2335
f 2332/2332/2332 2335/2335/2335 2337/2337/2337
f 2338/2338/2338 2332/2332/2332 2337/2337/2337
f 2336/2336/2336 2339/2339/2339 2335/2335/2335
f 2339/2339/2339 2336/2336/2336 2340/2340/2340
f 2341/2341/2341 2338/2338/2338 2337/2337/2337
f 2339/2339/2339 2340/2340/2340 2341/2341/2341
f 2342/2342/2342 2341/2341/2341 2337/2337/2337
f 2342/2342/2342 2339/2339/2339 2341/2341/2341
f 2345/2345/2345 2344/2344/2344 2343/2343/2343
f 2346/2346/2346 2345/2345/2345 2343/2343/2343
f 2349/2349/2349 2348/2348/2348 2347/2347/2347
f 2350/2350/2350 2349/2349/2349 2347/2347/2347
f 2351/2351/2351 2349/2349/2349 2350/2350/2350
f 2352/2352/2352 2351/2351/2351 2350/2350/2350
f 2355/2355/2355 2354/2354/2354 2353/2353/2353
f 2356/2356/2356 2355/2355/2355 2353/2353/2353
f 2359/2359/2359 2358/2358/2358 2357/2357/2357
f 2360/2360/2360 2359/2359/2359 2357/2357/2357
f 2363/2363/2363 2362/2362/2362 2361/2361/2361
f 2364/2364/2364 2363/2363/2363 2361/2361/2361
f 2367/2367/2367 2366/2366/2366 2365/2365/2365
f 2365/2365/2365 2366/2366/2366 2368/2368/2368
f 2368/2368/2368 2366/2366/2366 2369/2369/2369
f 2372/2372/2372 2371/2371/2371 2370/2370/2370
f 2373/2373/2373 2372/2372/2372 2370/2370/2370
f 2372/2372/2372 2373/2373/2373 2374/2374/2374
f 2374/2374/2374 2375/2375/2375 2372/2372/2372
f 2374/2374/2374 2376/2376/2376 2375/2375/2375
f 2374/2374/2374 2377/2377/2377 2376/2376/2376
f 2380/2380/2380 2379/2379/2379 2378/2378/2378
f 2379/2379/2379 2381/2381/2381 2378/2378/2378
f 2379/2379/2379 2382/2382/2382 2381/2381/2381
f 2378/2378/2378 2381/2381/2381 2383/2383/2383
f 2384/2384/2384 2378/2378/2378 2383/2383/2383
f 2382/2382/2382 2385/2385/2385 2381/2381/2381
f 2385/2385/2385 2382/2382/2382 2386/2386/2386
f 2387/2387/2387 2384/2384/2384 2383/2383/2383
f 2385/2385/2385 2386/2386/2386 2387/2387/2387
f 2388/2388/2388 2387/2387/2387 2383/2383/2383
f 2388/2388/2388 2385/2385/2385 2387/2387/2387
f 2391/2391/2391 2390/2390/2390 2389/2389/2389
f 2392/2392/2392 2391/2391/2391 2389/2389/2389
f 2395/2395/2395 2394/2394/2394 2393/2393/2393
f 2396/2396/2396 2395/2395/2395 2393/2393/2393
f 2397/2397/2397 2395/2395/2395 2396/2396/2396
f 2398/2398/2398 2397/2397/2397 2396/2396/2396
f 2401/2401/2401 2400/2400/2400 2399/2399/2399
f 2402/2402/2402 2401/2401/2401 2399/2399/2399
f 2405/2405/2405 2404/2404/2404 2403/2403/2403
f 2406/2406/2406 2405/2405/2405 2403/2403/2403
f 2409/2409/2409 2408/2408/2408 2407/2407/2407
f 2410/2410/2410 2409/2409/2409 2407/2407/2407
f 2413/2413/2413 2412/2412/2412 2411/2411/2411
f 2411/2411/2411 2412/2412/2412 2414/2414/2414
f 2414/2414/2414 2412/2412/2412 2415/2415/2415
f 2418/2418/2418 2417/2417/2417 2416/2416/2416
f 2419/2419/2419 2418/2418/2418 2416/2416/2416
f 2420/2420/2420 2418/2418/2418 2419/2419/2419
f 2421/2421/2421 2419/2419/2419 2416/2416/2416
f 2421/2421/2421 2420/2420/2420 2419/2419/2419
f 2421/2421/2421 2416/2416/2416 2422/2422/2422
f 2421/2421/2421 2422/2422/2422 2423/2423/2423
f 2423/2423/2423 2420/2420/2420 2421/2421/2421
f 2423/2423/2423 2424/2424/2424 2420/2420/2420
f 2424/2424/2424 2425/2425/2425 2420/2420/2420
f 2420/2420/2420 2425/2425/2425 2426/2426/2426
f 2425/2425/2425 2427/2427/2427 2426/2426/2426
f 2425/2425/2425 2424/2424/2424 2427/2427/2427
f 2426/2426/2426 2427/2427/2427 2428/2428/2428
f 2429/2429/2429 2424/2424/2424 2423/2423/2423
f 2428/2428/2428 2429/2429/2429 2423/2423/2423
f 2424/2424/2424 2429/2429/2429 2427/2427/2427
f 2427/2427/2427 2429/2429/2429 2428/2428/2428
f 2432/2432/2432 2431/2431/2431 2430/2430/2430
f 2431/2431/2431 2433/2433/2433 2430/2430/2430
f 2431/2431/2431 2434/2434/2434 2433/2433/2433
f 2430/2430/2430 2433/2433/2433 2435/2435/2435
f 2436/2436/2436 2430/2430/2430 2435/2435/2435
f 2434/2434/2434 2437/2437/2437 2433/2433/2433
f 2437/2437/2437 2434/2434/2434 2438/2438/2438
f 2439/2439/2439 2436/2436/2436 2435/2435/2435
f 2437/2437/2437 2438/2438/2438 2439/2439/2439
f 2440/2440/2440 2439/2439/2439 2435/2435/2435
f 2440/2440/2440 2437/2437/2437 2439/2439/2439
f 2443/2443/2443 2442/2442/2442 2441/2441/2441
f 2444/2444/2444 2443/2443/2443 2441/2441/2441
f 2447/2447/2447 2446/2446/2446 2445/2445/2445
f 2448/2448/2448 2447/2447/2447 2445/2445/2445
f 2449/2449/2449 2447/2447/2447 2448/2448/2448
f 2450/2450/2450 2449/2449/2449 2448/2448/2448
f 2453/2453/2453 2452/2452/2452 2451/2451/2451
f 2454/2454/2454 2453/2453/2453 2451/2451/2451
f 2457/2457/2457 2456/2456/2456 2455/2455/2455
f 2458/2458/2458 2457/2457/2457 2455/2455/2455
f 2461/2461/2461 2460/2460/2460 2459/2459/2459
f 2462/2462/2462 2461/2461/2461 2459/2459/2459
f 2465/2465/2465 2464/2464/2464 2463/2463/2463
f 2463/2463/2463 2464/2464/2464 2466/2466/2466
f 2466/2466/2466 2464/2464/2464 2467/2467/2467
f 2470/2470/2470 2469/2469/2469 2468/2468/2468
f 2471/2471/2471 2470/2470/2470 2468/2468/2468
f 2470/2470/2470 2471/2471/2471 2472/2472/2472
f 2472/2472/2472 2473/2473/2473 2470/2470/2470
f 2472/2472/2472 2474/2474/2474 2473/2473/2473
f 2472/2472/2472 2471/2471/2471 2475/2475/2475
f 2472/2472/2472 2475/2475/2475 2474/2474/2474
f 2471/2471/2471 2476/2476/2476 2475/2475/2475
f 2475/2475/2475 2476/2476/2476 2474/2474/2474
f 2476/2476/2476 2477/2477/2477 2474/2474/2474
f 2480/2480/2480 2479/2479/2479 2478/2478/2478
f 2479/2479/2479 2481/2481/2481 2478/2478/2478
f 2479/2479/2479 2482/2482/2482 2481/2481/2481
f 2478/2478/2478 2481/2481/2481 2483/2483/2483
f 2484/2484/2484 2478/2478/2478 2483/2483/2483
f 2482/2482/2482 2485/2485/2485 2481/2481/2481
f 2485/2485/2485 2482/2482/2482 2486/2486/2486
f 2487/2487/2487 2484/2484/2484 2483/2483/2483
f 2485/2485/2485 2486/2486/2486 2487/2487/2487
f 2488/2488/2488 2487/2487/2487 2483/2483/2483
f 2488/2488/2488 2485/2485/2485 2487/2487/2487
f 2491/2491/2491 2490/2490/2490 2489/2489/2489
f 2492/2492/2492 2491/2491/2491 2489/2489/2489
f 2495/2495/2495 2494/2494/2494 2493/2493/2493
f 2496/2496/2496 2495/2495/2495 2493/2493/2493
f 2497/2497/2497 2495/2495/2495 2496/2496/2496
f 2498/2498/2498 2497/2497/2497 2496/2496/2496
f 2501/2501/2501 2500/2500/2500 2499/2499/2499
f 2502/2502/2502 2501/2501/2501 2499/2499/2499
f 2505/2505/2505 2504/2504/2504 2503/2503/2503
f 2506/2506/2506 2505/2505/2505 2503/2503/2503
f 2509/2509/2509 2508/2508/2508 2507/2507/2507
f 2510/2510/2510 2509/2509/2509 2507/2507/2507
f 2513/2513/2513 2512/2512/2512 2511/2511/2511
f 2511/2511/2511 2512/2512/2512 2514/2514/2514
f 2514/2514/2514 2512/2512/2512 2515/2515/2515
f 2518/2518/2518 2517/2517/2517 2516/2516/2516
f 2519/2519/2519 2518/2518/2518 2516/2516/2516
f 2518/2518/2518 2519/2519/2519 2520/2520/2520
f 2520/2520/2520 2521/2521/2521 2518/2518/2518
f 2520/2520/2520 2522/2522/2522 2521/2521/2521
f 2520/2520/2520 2523/2523/2523 2522/2522/2522
f 2526/2526/2526 2525/2525/2525 2524/2524/2524
f 2527/2527/2527 2526/2526/2526 2524/2524/2524
f 2530/2530/2530 2529/2529/2529 2528/2528/2528
f 2531/2531/2531 2530/2530/2530 2528/2528/2528
f 2534/2534/2534 2533/2533/2533 2532/2532/2532
f 2535/2535/2535 2534/2534/2534 2532/2532/2532
f 2538/2538/2538 2537/2537/2537 2536/2536/2536
f 2539/2539/2539 2538/2538/2538 2536/2536/2536
f 2542/2542/2542 2541/2541/2541 2540/2540/2540
f 2543/2543/2543 2542/2542/2542 2540/2540/2540
f 2546/2546/2546 2545/2545/2545 2544/2544/2544
f 2547/2547/2547 2546/2546/2546 2544/2544/2544
f 2550/2550/2550 2549/2549/2549 2548/2548/2548
f 2551/2551/2551 2550/2550/2550 2548/2548/2548
f 2554/2554/2554 2553/2553/2553 2552/2552/2552
f 2553/2553/2553 2555/2555/2555 2552/2552/2552
f 2555/2555/2555 2557/2557/2557 2556/2556/2556
f 2557/2557/2557 2558/2558/2558 2556/2556/2556
f 2561/2561/2561 2560/2560/2560 2559/2559/2559
f 2560/2560/2560 2562/2562/2562 2559/2559/2559
f 2564/2564/2564 2562/2562/2562 2563/2563/2563
f 2562/2562/2562 2565/2565/2565 2563/2563/2563
f 2565/2565/2565 2567/2567/2567 2566/2566/2566
f 2567/2567/2567 2568/2568/2568 2566/2566/2566
f 2571/2571/2571 2570/2570/2570 2569/2569/2569
f 2572/2572/2572 2571/2571/2571 2569/2569/2569
f 2575/2575/2575 2574/2574/2574 2573/2573/2573
f 2576/2576/2576 2575/2575/2575 2573/2573/2573
f 2579/2579/2579 2578/2578/2578 2577/2577/2577
f 2578/2578/2578 2580/2580/2580 2577/2577/2577
f 2580/2580/2580 2581/2581/2581 2577/2577/2577
f 2580/2580/2580 2582/2582/2582 2581/2581/2581
f 2582/2582/2582 2583/2583/2583 2581/2581/2581
f 2586/2586/2586 2585/2585/2585 2584/2584/2584
f 2587/2587/2587 2586/2586/2586 2584/2584/2584
f 2590/2590/2590 2589/2589/2589 2588/2588/2588
f 2591/2591/2591 2590/2590/2590 2588/2588/2588
f 2594/2594/2594 2593/2593/2593 2592/2592/2592
f 2595/2595/2595 2594/2594/2594 2592/2592/2592
f 2598/2598/2598 2597/2597/2597 2596/2596/2596
f 2599/2599/2599 2598/2598/2598 2596/2596/2596
f 2602/2602/2602 2601/2601/2601 2600/2600/2600
f 2603/2603/2603 2602/2602/2602 2600/2600/2600
f 2606/2606/2606 2605/2605/2605 2604/2604/2604
f 2607/2607/2607 2606/2606/2606 2604/2604/2604
f 2610/2610/2610 2609/2609/2609 2608/2608/2608
f 2611/2611/2611 2610/2610/2610 2608/2608/2608
f 2614/2614/2614 2613/2613/2613 2612/2612/2612
f 2615/2615/2615 2614/2614/2614 2612/2612/2612
f 2618/2618/2618 2617/2617/2617 2616/2616/2616
f 2619/2619/2619 2618/2618/2618 2616/2616/2616
f 2622/2622/2622 2621/2621/2621 2620/2620/2620
f 2623/2623/2623 2622/2622/2622 2620/2620/2620
f 2623/2623/2623 2620/2620/2620 2624/2624/2624
f 2620/2620/2620 2625/2625/2625 2624/2624/2624
f 2626/2626/2626 2624/2624/2624 2625/2625/2625
f 2627/2627/2627 2626/2626/2626 2625/2625/2625
f 2630/2630/2630 2629/2629/2629 2628/2628/2628
f 2631/2631/2631 2630/2630/2630 2628/2628/2628
f 2634/2634/2634 2633/2633/2633 2632/2632/2632
f 2635/2635/2635 2634/2634/2634 2632/2632/2632
f 2637/2637/2637 2632/2632/2632 2636/2636/2636
f 2637/2637/2637 2636/2636/2636 2638/2638/2638
f 2636/2636/2636 2639/2639/2639 2638/2638/2638
f 2642/2642/2642 2641/2641/2641 2640/2640/2640
f 2643/2643/2643 2642/2642/2642 2640/2640/2640
f 2646/2646/2646 2645/2645/2645 2644/2644/2644
f 2647/2647/2647 2646/2646/2646 2644/2644/2644
f 2650/2650/2650 2649/2649/2649 2648/2648/2648
f 2651/2651/2651 2650/2650/2650 2648/2648/2648
f 2654/2654/2654 2653/2653/2653 2652/2652/2652
f 2655/2655/2655 2654/2654/2654 2652/2652/2652
f 2654/2654/2654 2657/2657/2657 2656/2656/2656
f 2658/2658/2658 2654/2654/2654 2656/2656/2656
f 2661/2661/2661 2660/2660/2660 2659/2659/2659
f 2662/2662/2662 2661/2661/2661 2659/2659/2659
f 2663/2663/2663 2662/2662/2662 2659/2659/2659
f 2664/2664/2664 2662/2662/2662 2663/2663/2663
f 2665/2665/2665 2664/2664/2664 2663/2663/2663
f 2668/2668/2668 2667/2667/2667 2666/2666/2666
f 2669/2669/2669 2668/2668/2668 2666/2666/2666
f 2672/2672/2672 2671/2671/2671 2670/2670/2670
f 2673/2673/2673 2672/2672/2672 2670/2670/2670
f 2676/2676/2676 2675/2675/2675 2674/2674/2674
f 2677/2677/2677 2676/2676/2676 2674/2674/2674
f 2680/2680/2680 2679/2679/2679 2678/2678/2678
f 2681/2681/2681 2680/2680/2680 2678/2678/2678
f 2684/2684/2684 2683/2683/2683 2682/2682/2682
f 2685/2685/2685 2684/2684/2684 2682/2682/2682
f 2688/2688/2688 2687/2687/2687 2686/2686/2686
f 2689/2689/2689 2688/2688/2688 2686/2686/2686
f 2692/2692/2692 2691/2691/2691 2690/2690/2690
f 2693/2693/2693 2692/2692/2692 2690/2690/2690
f 2696/2696/2696 2695/2695/2695 2694/2694/2694
f 2697/2697/2697 2696/2696/2696 2694/2694/2694
f 2700/2700/2700 2699/2699/2699 2698/2698/2698
f 2701/2701/2701 2700/2700/2700 2698/2698/2698
f 2704/2704/2704 2703/2703/2703 2702/2702/2702
f 2705/2705/2705 2704/2704/2704 2702/2702/2702
f 2708/2708/2708 2707/2707/2707 2706/2706/2706
f 2709/2709/2709 2708/2708/2708 2706/2706/2706
f 2712/2712/2712 2711/2711/2711 2710/2710/2710
f 2711/2711/2711 2713/2713/2713 2710/2710/2710
f 2713/2713/2713 2715/2715/2715 2714/2714/2714
f 2715/2715/2715 2716/2716/2716 2714/2714/2714
f 2718/2718/2718 2713/2713/2713 2717/2717/2717
f 2719/2719/2719 2718/2718/2718 2717/2717/2717
f 2713/2713/2713 2718/2718/2718 2720/2720/2720
f 2718/2718/2718 2721/2721/2721 2720/2720/2720
f 2724/2724/2724 2723/2723/2723 2722/2722/2722
f 2723/2723/2723 2725/2725/2725 2722/2722/2722
f 2722/2722/2722 2725/2725/2725 2726/2726/2726
f 2725/2725/2725 2727/2727/2727 2726/2726/2726
f 2727/2727/2727 2728/2728/2728 2726/2726/2726
f 2728/2728/2728 2729/2729/2729 2726/2726/2726
f 2732/2732/2732 2731/2731/2731 2730/2730/2730
f 2733/2733/2733 2732/2732/2732 2730/2730/2730
f 2736/2736/2736 2735/2735/2735 2734/2734/2734
f 2735/2735/2735 2737/2737/2737 2734/2734/2734
f 2737/2737/2737 2738/2738/2738 2734/2734/2734
f 2737/2737/2737 2739/2739/2739 2738/2738/2738
f 2739/2739/2739 2740/2740/2740 2738/2738/2738
f 2743/2743/2743 2742/2742/2742 2741/2741/2741
f 2744/2744/2744 2743/2743/2743 2741/2741/2741
f 2747/2747/2747 2746/2746/2746 2745/2745/2745
f 2748/2748/2748 2747/2747/2747 2745/2745/2745
f 2751/2751/2751 2750/2750/2750 2749/2749/2749
f 2752/2752/2752 2751/2751/2751 2749/2749/2749
f 2755/2755/2755 2754/2754/2754 2753/2753/2753
f 2756/2756/2756 2755/2755/2755 2753/2753/2753
f 2759/2759/2759 2758/2758/2758 2757/2757/2757
f 2760/2760/2760 2759/2759/2759 2757/2757/2757
f 2763/2763/2763 2762/2762/2762 2761/2761/2761
f 2764/2764/2764 2763/2763/2763 2761/2761/2761
f 2767/2767/2767 2766/2766/2766 2765/2765/2765
f 2768/2768/2768 2767/2767/2767 2765/2765/2765
f 2771/2771/2771 2770/2770/2770 2769/2769/2769
f 2772/2772/2772 2771/2771/2771 2769/2769/2769
f 2775/2775/2775 2774/2774/2774 2773/2773/2773
f 2776/2776/2776 2775/2775/2775 2773/2773/2773
f 2779/2779/2779 2778/2778/2778 2777/2777/2777
f 2780/2780/2780 2779/2779/2779 2777/2777/2777
f 2780/2780/2780 2777/2777/2777 2781/2781/2781
f 2777/2777/2777 2782/2782/2782 2781/2781/2781
f 2783/2783/2783 2781/2781/2781 2782/2782/2782
f 2784/2784/2784 2783/2783/2783 2782/2782/2782
f 2787/2787/2787 2786/2786/2786 2785/2785/2785
f 2788/2788/2788 2787/2787/2787 2785/2785/2785
f 2791/2791/2791 2790/2790/2790 2789/2789/2789
f 2792/2792/2792 2791/2791/2791 2789/2789/2789
f 2794/2794/2794 2789/2789/2789 2793/2793/2793
f 2794/2794/2794 2793/2793/2793 2795/2795/2795
f 2793/2793/2793 2796/2796/2796 2795/2795/2795
f 2799/2799/2799 2798/2798/2798 2797/2797/2797
f 2800/2800/2800 2799/2799/2799 2797/2797/2797
f 2803/2803/2803 2802/2802/2802 2801/2801/2801
f 2804/2804/2804 2803/2803/2803 2801/2801/2801
f 2807/2807/2807 2806/2806/2806 2805/2805/2805
f 2808/2808/2808 2807/2807/2807 2805/2805/2805
f 2811/2811/2811 2810/2810/2810 2809/2809/2809
f 2812/2812/2812 2811/2811/2811 2809/2809/2809
f 2815/2815/2815 2814/2814/2814 2813/2813/2813
f 2816/2816/2816 2815/2815/2815 2813/2813/2813
f 2817/2817/2817 2816/2816/2816 2813/2813/2813
f 2818/2818/2818 2816/2816/2816 2817/2817/2817
f 2819/2819/2819 2818/2818/2818 2817/2817/2817
f 2822/2822/2822 2821/2821/2821 2820/2820/2820
f 2823/2823/2823 2822/2822/2822 2820/2820/2820
f 2826/2826/2826 2825/2825/2825 2824/2824/2824
f 2827/2827/2827 2826/2826/2826 2824/2824/2824
f 2830/2830/2830 2829/2829/2829 2828/2828/2828
f 2831/2831/2831 2830/2830/2830 2828/2828/2828
f 2834/2834/2834 2833/2833/2833 2832/2832/2832
f 2835/2835/2835 2834/2834/2834 2832/2832/2832
f 2838/2838/2838 2837/2837/2837 2836/2836/2836
f 2839/2839/2839 2838/2838/2838 2836/2836/2836
f 2842/2842/2842 2841/2841/2841 2840/2840/2840
f 2843/2843/2843 2842/2842/2842 2840/2840/2840
f 2846/2846/2846 2845/2845/2845 2844/2844/2844
f 2847/2847/2847 2846/2846/2846 2844/2844/2844
f 2850/2850/2850 2849/2849/2849 2848/2848/2848
f 2851/2851/2851 2850/2850/2850 2848/2848/2848
f 2854/2854/2854 2853/2853/2853 2852/2852/2852
f 2855/2855/2855 2854/2854/2854 2852/2852/2852
f 2858/2858/2858 2857/2857/2857 2856/2856/2856
f 2859/2859/2859 2858/2858/2858 2856/2856/2856
f 2862/2862/2862 2861/2861/2861 2860/2860/2860
f 2863/2863/2863 2862/2862/2862 2860/2860/2860
f 2866/2866/2866 2865/2865/2865 2864/2864/2864
f 2867/2867/2867 2866/2866/2866 2864/2864/2864
f 2870/2870/2870 2869/2869/2869 2868/2868/2868
f 2871/2871/2871 2870/2870/2870 2868/2868/2868
f 2874/2874/2874 2873/2873/2873 2872/2872/2872
f 2873/2873/2873 2875/2875/2875 2872/2872/2872
f 2875/2875/2875 2877/2877/2877 2876/2876/2876
f 2877/2877/2877 2878/2878/2878 2876/2876/2876
f 2880/2880/2880 2875/2875/2875 2879/2879/2879
f 2881/2881/2881 2880/2880/2880 2879/2879/2879
f 2875/2875/2875 2880/2880/2880 2882/2882/2882
f 2880/2880/2880 2883/2883/2883 2882/2882/2882
f 2886/2886/2886 2885/2885/2885 2884/2884/2884
f 2885/2885/2885 2887/2887/2887 2884/2884/2884
f 2884/2884/2884 2887/2887/2887 2888/2888/2888
f 2887/2887/2887 2889/2889/2889 2888/2888/2888
f 2889/2889/2889 2890/2890/2890 2888/2888/2888
f 2890/2890/2890 2891/2891/2891 2888/2888/2888
f 2894/2894/2894 2893/2893/2893 2892/2892/2892
f 2895/2895/2895 2894/2894/2894 2892/2892/2892
f 2898/2898/2898 2897/2897/2897 2896/2896/2896
f 2899/2899/2899 2898/2898/2898 2896/2896/2896
f 2902/2902/2902 2901/2901/2901 2900/2900/2900
f 2903/2903/2903 2902/2902/2902 2900/2900/2900
f 2906/2906/2906 2905/2905/2905 2904/2904/2904
f 2907/2907/2907 2906/2906/2906 2904/2904/2904
f 2910/2910/2910 2909/2909/2909 2908/2908/2908
f 2911/2911/2911 2910/2910/2910 2908/2908/2908
f 2914/2914/2914 2913/2913/2913 2912/2912/2912
f 2915/2915/2915 2914/2914/2914 2912/2912/2912
f 2918/2918/2918 2917/2917/2917 2916/2916/2916
f 2919/2919/2919 2918/2918/2918 2916/2916/2916
f 2922/2922/2922 2921/2921/2921 2920/2920/2920
f 2923/2923/2923 2922/2922/2922 2920/2920/2920
f 2926/2926/2926 2925/2925/2925 2924/2924/2924
f 2927/2927/2927 2924/2924/2924 2925/2925/2925
f 2928/2928/2928 2927/2927/2927 2925/2925/2925
f 2931/2931/2931 2930/2930/2930 2929/2929/2929
f 2932/2932/2932 2931/2931/2931 2929/2929/2929
f 2935/2935/2935 2934/2934/2934 2933/2933/2933
f 2936/2936/2936 2935/2935/2935 2933/2933/2933
f 2939/2939/2939 2938/2938/2938 2937/2937/2937
f 2940/2940/2940 2939/2939/2939 2937/2937/2937
f 2940/2940/2940 2937/2937/2937 2941/2941/2941
f 2937/2937/2937 2942/2942/2942 2941/2941/2941
f 2943/2943/2943 2941/2941/2941 2942/2942/2942
f 2944/2944/2944 2943/2943/2943 2942/2942/2942
f 2947/2947/2947 2946/2946/2946 2945/2945/2945
f 2948/2948/2948 2947/2947/2947 2945/2945/2945
f 2951/2951/2951 2950/2950/2950 2949/2949/2949
f 2950/2950/2950 2952/2952/2952 2949/2949/2949
f 2954/2954/2954 2953/2953/2953 2952/2952/2952
f 2955/2955/2955 2954/2954/2954 2952/2952/2952
f 2958/2958/2958 2957/2957/2957 2956/2956/2956
f 2959/2959/2959 2958/2958/2958 2956/2956/2956
f 2962/2962/2962 2961/2961/2961 2960/2960/2960
f 2963/2963/2963 2962/2962/2962 2960/2960/2960
f 2966/2966/2966 2965/2965/2965 2964/2964/2964
f 2967/2967/2967 2966/2966/2966 2964/2964/2964
f 2970/2970/2970 2969/2969/2969 2968/2968/2968
f 2971/2971/2971 2970/2970/2970 2968/2968/2968
f 2974/2974/2974 2973/2973/2973 2972/2972/2972
f 2975/2975/2975 2974/2974/2974 2972/2972/2972
f 2978/2978/2978 2977/2977/2977 2976/2976/2976
f 2979/2979/2979 2978/2978/2978 2976/2976/2976
f 2980/2980/2980 2979/2979/2979 2976/2976/2976
f 2981/2981/2981 2979/2979/2979 2980/2980/2980
f 2982/2982/2982 2981/2981/2981 2980/2980/2980
f 2985/2985/2985 2984/2984/2984 2983/2983/2983
f 2986/2986/2986 2985/2985/2985 2983/2983/2983
f 2989/2989/2989 2988/2988/2988 2987/2987/2987
f 2990/2990/2990 2989/2989/2989 2987/2987/2987
f 2993/2993/2993 2992/2992/2992 2991/2991/2991
f 2994/2994/2994 2993/2993/2993 2991/2991/2991
f 2997/2997/2997 2996/2996/2996 2995/2995/2995
f 2998/2998/2998 2997/2997/2997 2995/2995/2995
f 3001/3001/3001 3000/3000/3000 2999/2999/2999
f 3002/3002/3002 3001/3001/3001 2999/2999/2999
f 3005/3005/3005 3004/3004/3004 3003/3003/3003
f 3006/3006/3006 3005/3005/3005 3003/3003/3003
f 3009/3009/3009 3008/3008/3008 3007/3007/3007
f 3010/3010/3010 3009/3009/3009 3007/3007/3007
f 3013/3013/3013 3012/3012/3012 3011/3011/3011
f 3014/3014/3014 3013/3013/3013 3011/3011/3011
f 3017/3017/3017 3016/3016/3016 3015/3015/3015
f 3018/3018/3018 3017/3017/3017 3015/3015/3015
f 3021/3021/3021 3020/3020/3020 3019/3019/3019
f 3022/3022/3022 3021/3021/3021 3019/3019/3019
f 3025/3025/3025 3024/3024/3024 3023/3023/3023
f 3026/3026/3026 3025/3025/3025 3023/3023/3023
f 3029/3029/3029 3028/3028/3028 3027/3027/3027
f 3030/3030/3030 3029/3029/3029 3027/3027/3027
f 3033/3033/3033 3032/3032/3032 3031/3031/3031
f 3032/3032/3032 3034/3034/3034 3031/3031/3031
f 3034/3034/3034 3036/3036/3036 3035/3035/3035
f 3036/3036/3036 3037/3037/3037 3035/3035/3035
f 3039/3039/3039 3034/3034/3034 3038/3038/3038
f 3040/3040/3040 3039/3039/3039 3038/3038/3038
f 3034/3034/3034 3039/3039/3039 3041/3041/3041
f 3039/3039/3039 3042/3042/3042 3041/3041/3041
f 3045/3045/3045 3044/3044/3044 3043/3043/3043
f 3044/3044/3044 3046/3046/3046 3043/3043/3043
f 3043/3043/3043 3046/3046/3046 3047/3047/3047
f 3046/3046/3046 3048/3048/3048 3047/3047/3047
f 3048/3048/3048 3049/3049/3049 3047/3047/3047
f 3049/3049/3049 3050/3050/3050 3047/3047/3047
f 3053/3053/3053 3052/3052/3052 3051/3051/3051
f 3054/3054/3054 3053/3053/3053 3051/3051/3051
f 3057/3057/3057 3056/3056/3056 3055/3055/3055
f 3056/3056/3056 3058/3058/3058 3055/3055/3055
f 3058/3058/3058 3059/3059/3059 3055/3055/3055
f 3058/3058/3058 3060/3060/3060 3059/3059/3059
f 3060/3060/3060 3061/3061/3061 3059/3059/3059
f 3064/3064/3064 3063/3063/3063 3062/3062/3062
f 3065/3065/3065 3064/3064/3064 3062/3062/3062
f 3068/3068/3068 3067/3067/3067 3066/3066/3066
f 3069/3069/3069 3068/3068/3068 3066/3066/3066
f 3072/3072/3072 3071/3071/3071 3070/3070/3070
f 3073/3073/3073 3072/3072/3072 3070/3070/3070
f 3076/3076/3076 3075/3075/3075 3074/3074/3074
f 3077/3077/3077 3076/3076/3076 3074/3074/3074
f 3080/3080/3080 3079/3079/3079 3078/3078/3078
f 3081/3081/3081 3080/3080/3080 3078/3078/3078
f 3084/3084/3084 3083/3083/3083 3082/3082/3082
f 3085/3085/3085 3084/3084/3084 3082/3082/3082
f 3088/3088/3088 3087/3087/3087 3086/3086/3086
f 3089/3089/3089 3088/3088/3088 3086/3086/3086
f 3092/3092/3092 3091/3091/3091 3090/3090/3090
f 3093/3093/3093 3090/3090/3090 3091/3091/3091
f 3094/3094/3094 3093/3093/3093 3091/3091/3091
f 3097/3097/3097 3096/3096/3096 3095/3095/3095
f 3098/3098/3098 3097/3097/3097 3095/3095/3095
f 3101/3101/3101 3100/3100/3100 3099/3099/3099
f 3102/3102/3102 3101/3101/3101 3099/3099/3099
f 3105/3105/3105 3104/3104/3104 3103/3103/3103
f 3106/3106/3106 3105/3105/3105 3103/3103/3103
f 3106/3106/3106 3103/3103/3103 3107/3107/3107
f 3103/3103/3103 3108/3108/3108 3107/3107/3107
f 3109/3109/3109 3107/3107/3107 3108/3108/3108
f 3110/3110/3110 3109/3109/3109 3108/3108/3108
f 3113/3113/3113 3112/3112/3112 3111/3111/3111
f 3114/3114/3114 3113/3113/3113 3111/3111/3111
f 3117/3117/3117 3116/3116/3116 3115/3115/3115
f 3118/3118/3118 3117/3117/3117 3115/3115/3115
f 3121/3121/3121 3120/3120/3120 3119/3119/3119
f 3122/3122/3122 3121/3121/3121 3119/3119/3119
f 3125/3125/3125 3124/3124/3124 3123/3123/3123
f 3126/3126/3126 3125/3125/3125 3123/3123/3123
f 3129/3129/3129 3128/3128/3128 3127/3127/3127
f 3130/3130/3130 3129/3129/3129 3127/3127/3127
f 3133/3133/3133 3132/3132/3132 3131/3131/3131
f 3134/3134/3134 3133/3133/3133 3131/3131/3131
f 3137/3137/3137 3136/3136/3136 3135/3135/3135
f 3138/3138/3138 3137/3137/3137 3135/3135/3135
f 3139/3139/3139 3138/3138/3138 3135/3135/3135
f 3140/3140/3140 3138/3138/3138 3139/3139/3139
f 3141/3141/3141 3140/3140/3140 3139/3139/3139
f 3144/3144/3144 3143/3143/3143 3142/3142/3142
f 3145/3145/3145 3144/3144/3144 3142/3142/3142
f 3148/3148/3148 3147/3147/3147 3146/3146/3146
f 3149/3149/3149 3148/3148/3148 3146/3146/3146
f 3152/3152/3152 3151/3151/3151 3150/3150/3150
f 3153/3153/3153 3152/3152/3152 3150/3150/3150
f 3156/3156/3156 3155/3155/3155 3154/3154/3154
f 3157/3157/3157 3156/3156/3156 3154/3154/3154
f 3160/3160/3160 3159/3159/3159 3158/3158/3158
f 3161/3161/3161 3160/3160/3160 3158/3158/3158
f 3164/3164/3164 3163/3163/3163 3162/3162/3162
f 3165/3165/3165 3164/3164/3164 3162/3162/3162
f 3168/3168/3168 3167/3167/3167 3166/3166/3166
f 3169/3169/3169 3168/3168/3168 3166/3166/3166
f 3172/3172/3172 3171/3171/3171 3170/3170/3170
f 3173/3173/3173 3172/3172/3172 3170/3170/3170
f 3176/3176/3176 3175/3175/3175 3174/3174/3174
f 3177/3177/3177 3176/3176/3176 3174/3174/3174
f 3180/3180/3180 3179/3179/3179 3178/3178/3178
f 3181/3181/3181 3180/3180/3180 3178/3178/3178
f 3184/3184/3184 3183/3183/3183 3182/3182/3182
f 3185/3185/3185 3184/3184/3184 3182/3182/3182
f 3188/3188/3188 3187/3187/3187 3186/3186/3186
f 3187/3187/3187 3189/3189/3189 3186/3186/3186
f 3189/3189/3189 3191/3191/3191 3190/3190/3190
f 3191/3191/3191 3192/3192/3192 3190/3190/3190
f 3189/3189/3189 3194/3194/3194 3193/3193/3193
f 3194/3194/3194 3189/3189/3189 3195/3195/3195
f 3194/3194/3194 3196/3196/3196 3193/3193/3193
f 3197/3197/3197 3194/3194/3194 3195/3195/3195
f 3193/3193/3193 3196/3196/3196 3198/3198/3198
f 3196/3196/3196 3199/3199/3199 3198/3198/3198
f 3198/3198/3198 3199/3199/3199 3200/3200/3200
f 3199/3199/3199 3201/3201/3201 3200/3200/3200
f 3197/3197/3197 3195/3195/3195 3202/3202/3202
f 3195/3195/3195 3203/3203/3203 3202/3202/3202
f 3202/3202/3202 3203/3203/3203 3204/3204/3204
f 3205/3205/3205 3202/3202/3202 3204/3204/3204
f 3208/3208/3208 3207/3207/3207 3206/3206/3206
f 3207/3207/3207 3209/3209/3209 3206/3206/3206
f 3209/3209/3209 3211/3211/3211 3210/3210/3210
f 3212/3212/3212 3209/3209/3209 3210/3210/3210
f 3215/3215/3215 3214/3214/3214 3213/3213/3213
f 3216/3216/3216 3215/3215/3215 3213/3213/3213
f 3219/3219/3219 3218/3218/3218 3217/3217/3217
f 3218/3218/3218 3220/3220/3220 3217/3217/3217
f 3220/3220/3220 3221/3221/3221 3217/3217/3217
f 3220/3220/3220 3222/3222/3222 3221/3221/3221
f 3222/3222/3222 3223/3223/3223 3221/3221/3221
f 3226/3226/3226 3225/3225/3225 3224/3224/3224
f 3227/3227/3227 3226/3226/3226 3224/3224/3224
f 3230/3230/3230 3229/3229/3229 3228/3228/3228
f 3231/3231/3231 3230/3230/3230 3228/3228/3228
f 3234/3234/3234 3233/3233/3233 3232/3232/3232
f 3235/3235/3235 3234/3234/3234 3232/3232/3232
f 3238/3238/3238 3237/3237/3237 3236/3236/3236
f 3239/3239/3239 3238/3238/3238 3236/3236/3236
f 3242/3242/3242 3241/3241/3241 3240/3240/3240
f 3243/3243/3243 3242/3242/3242 3240/3240/3240
f 3243/3243/3243 3240/3240/3240 3244/3244/3244
f 3240/3240/3240 3245/3245/3245 3244/3244/3244
f 3246/3246/3246 3244/3244/3244 3245/3245/3245
f 3247/3247/3247 3246/3246/3246 3245/3245/3245
f 3250/3250/3250 3249/3249/3249 3248/3248/3248
f 3251/3251/3251 3250/3250/3250 3248/3248/3248
f 3254/3254/3254 3253/3253/3253 3252/3252/3252
f 3255/3255/3255 3254/3254/3254 3252/3252/3252
f 3258/3258/3258 3257/3257/3257 3256/3256/3256
f 3259/3259/3259 3258/3258/3258 3256/3256/3256
f 3262/3262/3262 3261/3261/3261 3260/3260/3260
f 3263/3263/3263 3262/3262/3262 3260/3260/3260
f 3266/3266/3266 3265/3265/3265 3264/3264/3264
f 3267/3267/3267 3266/3266/3266 3264/3264/3264
f 3270/3270/3270 3269/3269/3269 3268/3268/3268
f 3271/3271/3271 3270/3270/3270 3268/3268/3268
f 3272/3272/3272 3271/3271/3271 3268/3268/3268
f 3273/3273/3273 3271/3271/3271 3272/3272/3272
f 3274/3274/3274 3273/3273/3273 3272/3272/3272
f 3277/3277/3277 3276/3276/3276 3275/3275/3275
f 3278/3278/3278 3277/3277/3277 3275/3275/3275
f 3281/3281/3281 3280/3280/3280 3279/3279/3279
f 3282/3282/3282 3281/3281/3281 3279/3279/3279
f 3285/3285/3285 3284/3284/3284 3283/3283/3283
f 3286/3286/3286 3285/3285/3285 3283/3283/3283
f 3289/3289/3289 3288/3288/3288 3287/3287/3287
f 3290/3290/3290 3289/3289/3289 3287/3287/3287
f 3293/3293/3293 3292/3292/3292 3291/3291/3291
f 3294/3294/3294 3293/3293/3293 3291/3291/3291
f 3297/3297/3297 3296/3296/3296 3295/3295/3295
f 3298/3298/3298 3297/3297/3297 3295/3295/3295
f 3301/3301/3301 3300/3300/3300 3299/3299/3299
f 3302/3302/3302 3301/3301/3301 3299/3299/3299
f 3305/3305/3305 3304/3304/3304 3303/3303/3303
f 3306/3306/3306 3305/3305/3305 3303/3303/3303
f 3309/3309/3309 3308/3308/3308 3307/3307/3307
f 3310/3310/3310 3309/3309/3309 3307/3307/3307
f 3313/3313/3313 3312/3312/3312 3311/3311/3311
f 3314/3314/3314 3313/3313/3313 3311/3311/3311
f 3317/3317/3317 3316/3316/3316 3315/3315/3315
f 3318/3318/3318 3317/3317/3317 3315/3315/3315
f 3321/3321/3321 3320/3320/3320 3319/3319/3319
f 3322/3322/3322 3321/3321/3321 3319/3319/3319
f 3325/3325/3325 3324/3324/3324 3323/3323/3323
f 3326/3326/3326 3325/3325/3325 3323/3323/3323
f 3329/3329/3329 3328/3328/3328 3327/3327/3327
f 3330/3330/3330 3329/3329/3329 3327/3327/3327
f 3333/3333/3333 3332/3332/3332 3331/3331/3331
f 3334/3334/3334 3333/3333/3333 3331/3331/3331
f 3337/3337/3337 3336/3336/3336 3335/3335/3335
f 3338/3338/3338 3337/3337/3337 3335/3335/3335
f 3341/3341/3341 3340/3340/3340 3339/3339/3339
f 3342/3342/3342 3341/3341/3341 3339/3339/3339
f 3345/3345/3345 3344/3344/3344 3343/3343/3343
f 3346/3346/3346 3345/3345/3345 3343/3343/3343
f 3349/3349/3349 3348/3348/3348 3347/3347/3347
f 3350/3350/3350 3349/3349/3349 3347/3347/3347
f 3353/3353/3353 3352/3352/3352 3351/3351/3351
f 3354/3354/3354 3353/3353/3353 3351/3351/3351
f 3357/3357/3357 3356/3356/3356 3355/3355/3355
f 3358/3358/3358 3357/3357/3357 3355/3355/3355
f 3361/3361/3361 3360/3360/3360 3359/3359/3359
f 3362/3362/3362 3361/3361/3361 3359/3359/3359
f 3365/3365/3365 3364/3364/3364 3363/3363/3363
f 3366/3366/3366 3365/3365/3365 3363/3363/3363
f 3369/3369/3369 3368/3368/3368 3367/3367/3367
f 3370/3370/3370 3369/3369/3369 3367/3367/3367
f 3373/3373/3373 3372/3372/3372 3371/3371/3371
f 3374/3374/3374 3373/3373/3373 3371/3371/3371
f 3377/3377/3377 3376/3376/3376 3375/3375/3375
f 3378/3378/3378 3377/3377/3377 3375/3375/3375
f 3381/3381/3381 3380/3380/3380 3379/3379/3379
f 3382/3382/3382 3381/3381/3381 3379/3379/3379
f 3385/3385/3385 3384/3384/3384 3383/3383/3383
f 3386/3386/3386 3385/3385/3385 3383/3383/3383
f 3389/3389/3389 3388/3388/3388 3387/3387/3387
f 3390/3390/3390 3389/3389/3389 3387/3387/3387
f 3393/3393/3393 3392/3392/3392 3391/3391/3391
f 3394/3394/3394 3393/3393/3393 3391/3391/3391
f 3397/3397/3397 3396/3396/3396 3395/3395/3395
f 3397/3397/3397 3395/3395/3395 3398/3398/3398
f 3399/3399/3399 3397/3397/3397 3398/3398/3398
f 3399/3399/3399 3398/3398/3398 3400/3400/3400
f 3401/3401/3401 3399/3399/3399 3400/3400/3400
f 3401/3401/3401 3400/3400/3400 3402/3402/3402
f 3405/3405/3405 3404/3404/3404 3403/3403/3403
f 3406/3406/3406 3405/3405/3405 3403/3403/3403
f 3409/3409/3409 3408/3408/3408 3407/3407/3407
f 3409/3409/3409 3407/3407/3407 3410/3410/3410
f 3409/3409/3409 3410/3410/3410 3411/3411/3411
f 3410/3410/3410 3412/3412/3412 3411/3411/3411
f 3413/3413/3413 3409/3409/3409 3411/3411/3411
f 3414/3414/3414 3413/3413/3413 3411/3411/3411
f 3417/3417/3417 3416/3416/3416 3415/3415/3415
f 3417/3417/3417 3415/3415/3415 3418/3418/3418
f 3421/3421/3421 3420/3420/3420 3419/3419/3419
f 3422/3422/3422 3421/3421/3421 3419/3419/3419
f 3422/3422/3422 3419/3419/3419 3423/3423/3423
f 3424/3424/3424 3422/3422/3422 3423/3423/3423
f 3425/3425/3425 3424/3424/3424 3423/3423/3423
f 3426/3426/3426 3425/3425/3425 3423/3423/3423
f 3426/3426/3426 3423/3423/3423 3427/3427/3427
f 3428/3428/3428 3426/3426/3426 3427/3427/3427
f 3426/3426/3426 3429/3429/3429 3425/3425/3425
f 3426/3426/3426 3430/3430/3430 3429/3429/3429
f 3433/3433/3433 3432/3432/3432 3431/3431/3431
f 3433/3433/3433 3431/3431/3431 3434/3434/3434
f 3433/3433/3433 3434/3434/3434 3435/3435/3435
f 3435/3435/3435 3434/3434/3434 3436/3436/3436
f 3437/3437/3437 3433/3433/3433 3435/3435/3435
f 3438/3438/3438 3433/3433/3433 3437/3437/3437
f 3439/3439/3439 3433/3433/3433 3438/3438/3438
f 3439/3439/3439 3438/3438/3438 3440/3440/3440
f 3439/3439/3439 3440/3440/3440 3441/3441/3441
f 3442/3442/3442 3439/3439/3439 3441/3441/3441
f 3442/3442/3442 3441/3441/3441 3443/3443/3443
f 3442/3442/3442 3443/3443/3443 3444/3444/3444
f 3443/3443/3443 3441/3441/3441 3445/3445/3445
f 3442/3442/3442 3444/3444/3444 3446/3446/3446
f 3445/3445/3445 3441/3441/3441 3447/3447/3447
f 3441/3441/3441 3448/3448/3448 3447/3447/3447
f 3448/3448/3448 3449/3449/3449 3447/3447/3447
f 3445/3445/3445 3447/3447/3447 3450/3450/3450
f 3450/3450/3450 3447/3447/3447 3451/3451/3451
f 3451/3451/3451 3447/3447/3447 3452/3452/3452
f 3453/3453/3453 3451/3451/3451 3452/3452/3452
f 3453/3453/3453 3452/3452/3452 3454/3454/3454
f 3455/3455/3455 3453/3453/3453 3454/3454/3454
f 3456/3456/3456 3455/3455/3455 3454/3454/3454
f 3457/3457/3457 3446/3446/3446 3456/3456/3456
f 3442/3442/3442 3446/3446/3446 3457/3457/3457
f 3457/3457/3457 3456/3456/3456 3454/3454/3454
f 3442/3442/3442 3457/3457/3457 3458/3458/3458
f 3459/3459/3459 3457/3457/3457 3454/3454/3454
f 3459/3459/3459 3454/3454/3454 3460/3460/3460
f 3463/3463/3463 3462/3462/3462 3461/3461/3461
f 3462/3462/3462 3464/3464/3464 3461/3461/3461
f 3462/3462/3462 3465/3465/3465 3464/3464/3464
f 3462/3462/3462 3466/3466/3466 3465/3465/3465
f 3462/3462/3462 3467/3467/3467 3466/3466/3466
f 3467/3467/3467 3468/3468/3468 3466/3466/3466
f 3467/3467/3467 3469/3469/3469 3468/3468/3468
f 3469/3469/3469 3470/3470/3470 3468/3468/3468
f 3464/3464/3464 3471/3471/3471 3461/3461/3461
f 3469/3469/3469 3472/3472/3472 3470/3470/3470
f 3470/3470/3470 3472/3472/3472 3473/3473/3473
f 3471/3471/3471 3473/3473/3473 3461/3461/3461
f 3472/3472/3472 3474/3474/3474 3473/3473/3473
f 3472/3472/3472 3475/3475/3475 3474/3474/3474
f 3474/3474/3474 3476/3476/3476 3473/3473/3473
f 3473/3473/3473 3476/3476/3476 3461/3461/3461
f 3475/3475/3475 3477/3477/3477 3474/3474/3474
f 3475/3475/3475 3478/3478/3478 3477/3477/3477
f 3475/3475/3475 3479/3479/3479 3478/3478/3478
f 3479/3479/3479 3480/3480/3480 3478/3478/3478
f 3476/3476/3476 3481/3481/3481 3461/3461/3461
f 3479/3479/3479 3482/3482/3482 3480/3480/3480
f 3480/3480/3480 3482/3482/3482 3483/3483/3483
f 3483/3483/3483 3482/3482/3482 3481/3481/3481
f 3481/3481/3481 3484/3484/3484 3461/3461/3461
f 3482/3482/3482 3485/3485/3485 3481/3481/3481
f 3485/3485/3485 3484/3484/3484 3481/3481/3481
f 3488/3488/3488 3487/3487/3487 3486/3486/3486
f 3488/3488/3488 3486/3486/3486 3489/3489/3489
f 3489/3489/3489 3486/3486/3486 3490/3490/3490
f 3491/3491/3491 3488/3488/3488 3489/3489/3489
f 3490/3490/3490 3486/3486/3486 3492/3492/3492
f 3493/3493/3493 3488/3488/3488 3491/3491/3491
f 3494/3494/3494 3490/3490/3490 3492/3492/3492
f 3493/3493/3493 3491/3491/3491 3495/3495/3495
f 3495/3495/3495 3494/3494/3494 3492/3492/3492
f 3493/3493/3493 3495/3495/3495 3492/3492/3492
f 3496/3496/3496 3493/3493/3493 3492/3492/3492
f 3496/3496/3496 3492/3492/3492 3497/3497/3497
f 3497/3497/3497 3492/3492/3492 3498/3498/3498
f 3499/3499/3499 3497/3497/3497 3498/3498/3498
f 3500/3500/3500 3499/3499/3499 3498/3498/3498
f 3501/3501/3501 3500/3500/3500 3498/3498/3498
f 3501/3501/3501 3498/3498/3498 3502/3502/3502
f 3503/3503/3503 3501/3501/3501 3502/3502/3502
f 3501/3501/3501 3504/3504/3504 3500/3500/3500
f 3501/3501/3501 3505/3505/3505 3504/3504/3504
f 3508/3508/3508 3507/3507/3507 3506/3506/3506
f 3509/3509/3509 3508/3508/3508 3506/3506/3506
f 3510/3510/3510 3509/3509/3509 3506/3506/3506
f 3511/3511/3511 3509/3509/3509 3510/3510/3510
f 3510/3510/3510 3506/3506/3506 3512/3512/3512
f 3512/3512/3512 3506/3506/3506 3513/3513/3513
f 3513/3513/3513 3506/3506/3506 3514/3514/3514
f 3515/3515/3515 3513/3513/3513 3514/3514/3514
f 3516/3516/3516 3515/3515/3515 3514/3514/3514
f 3516/3516/3516 3514/3514/3514 3517/3517/3517
f 3518/3518/3518 3516/3516/3516 3517/3517/3517
f 3519/3519/3519 3518/3518/3518 3517/3517/3517
f 3520/3520/3520 3519/3519/3519 3517/3517/3517
f 3520/3520/3520 3517/3517/3517 3521/3521/3521
f 3521/3521/3521 3517/3517/3517 3522/3522/3522
f 3520/3520/3520 3521/3521/3521 3523/3523/3523
f 3524/3524/3524 3520/3520/3520 3523/3523/3523
f 3524/3524/3524 3523/3523/3523 3525/3525/3525
f 3524/3524/3524 3525/3525/3525 3526/3526/3526
f 3524/3524/3524 3526/3526/3526 3527/3527/3527
f 3526/3526/3526 3528/3528/3528 3527/3527/3527
f 3528/3528/3528 3529/3529/3529 3527/3527/3527
f 3530/3530/3530 3524/3524/3524 3527/3527/3527
f 3530/3530/3530 3527/3527/3527 3531/3531/3531
f 3534/3534/3534 3533/3533/3533 3532/3532/3532
f 3535/3535/3535 3534/3534/3534 3532/3532/3532
f 3536/3536/3536 3535/3535/3535 3532/3532/3532
f 3536/3536/3536 3537/3537/3537 3535/3535/3535
f 3537/3537/3537 3538/3538/3538 3535/3535/3535
f 3541/3541/3541 3540/3540/3540 3539/3539/3539
f 3541/3541/3541 3539/3539/3539 3542/3542/3542
f 3541/3541/3541 3542/3542/3542 3543/3543/3543
f 3543/3543/3543 3542/3542/3542 3544/3544/3544
f 3545/3545/3545 3541/3541/3541 3543/3543/3543
f 3546/3546/3546 3541/3541/3541 3545/3545/3545
f 3547/3547/3547 3541/3541/3541 3546/3546/3546
f 3547/3547/3547 3546/3546/3546 3548/3548/3548
f 3547/3547/3547 3548/3548/3548 3549/3549/3549
f 3550/3550/3550 3547/3547/3547 3549/3549/3549
f 3550/3550/3550 3549/3549/3549 3551/3551/3551
f 3550/3550/3550 3551/3551/3551 3552/3552/3552
f 3551/3551/3551 3549/3549/3549 3553/3553/3553
f 3550/3550/3550 3552/3552/3552 3554/3554/3554
f 3553/3553/3553 3549/3549/3549 3555/3555/3555
f 3549/3549/3549 3556/3556/3556 3555/3555/3555
f 3556/3556/3556 3557/3557/3557 3555/3555/3555
f 3553/3553/3553 3555/3555/3555 3558/3558/3558
f 3558/3558/3558 3555/3555/3555 3559/3559/3559
f 3559/3559/3559 3555/3555/3555 3560/3560/3560
f 3561/3561/3561 3559/3559/3559 3560/3560/3560
f 3561/3561/3561 3560/3560/3560 3562/3562/3562
f 3563/3563/3563 3561/3561/3561 3562/3562/3562
f 3564/3564/3564 3563/3563/3563 3562/3562/3562
f 3565/3565/3565 3554/3554/3554 3564/3564/3564
f 3550/3550/3550 3554/3554/3554 3565/3565/3565
f 3565/3565/3565 3564/3564/3564 3562/3562/3562
f 3550/3550/3550 3565/3565/3565 3566/3566/3566
f 3567/3567/3567 3565/3565/3565 3562/3562/3562
f 3567/3567/3567 3562/3562/3562 3568/3568/3568
f 3571/3571/3571 3570/3570/3570 3569/3569/3569
f 3572/3572/3572 3571/3571/3571 3569/3569/3569
f 3575/3575/3575 3574/3574/3574 3573/3573/3573
f 3575/3575/3575 3573/3573/3573 3576/3576/3576
f 3577/3577/3577 3575/3575/3575 3576/3576/3576
f 3577/3577/3577 3576/3576/3576 3578/3578/3578
f 3578/3578/3578 3576/3576/3576 3579/3579/3579
f 3579/3579/3579 3576/3576/3576 3580/3580/3580
f 3580/3580/3580 3576/3576/3576 3581/3581/3581
f 3582/3582/3582 3580/3580/3580 3581/3581/3581
f 3576/3576/3576 3583/3583/3583 3581/3581/3581
f 3583/3583/3583 3584/3584/3584 3581/3581/3581
f 3585/3585/3585 3577/3577/3577 3578/3578/3578
f 3585/3585/3585 3578/3578/3578 3586/3586/3586
f 3587/3587/3587 3585/3585/3585 3586/3586/3586
f 3587/3587/3587 3586/3586/3586 3588/3588/3588
f 3589/3589/3589 3587/3587/3587 3588/3588/3588
f 3589/3589/3589 3588/3588/3588 3590/3590/3590
f 3591/3591/3591 3589/3589/3589 3590/3590/3590
f 3585/3585/3585 3592/3592/3592 3577/3577/3577
f 3592/3592/3592 3593/3593/3593 3577/3577/3577
f 3592/3592/3592 3594/3594/3594 3593/3593/3593
f 3595/3595/3595 3592/3592/3592 3585/3585/3585
f 3596/3596/3596 3592/3592/3592 3595/3595/3595
f 3596/3596/3596 3595/3595/3595 3597/3597/3597
f 3598/3598/3598 3596/3596/3596 3597/3597/3597
f 3598/3598/3598 3597/3597/3597 3599/3599/3599
f 3602/3602/3602 3601/3601/3601 3600/3600/3600
f 3602/3602/3602 3600/3600/3600 3603/3603/3603
f 3603/3603/3603 3600/3600/3600 3604/3604/3604
f 3605/3605/3605 3602/3602/3602 3603/3603/3603
f 3604/3604/3604 3600/3600/3600 3606/3606/3606
f 3607/3607/3607 3604/3604/3604 3606/3606/3606
f 3608/3608/3608 3602/3602/3602 3605/3605/3605
f 3608/3608/3608 3605/3605/3605 3609/3609/3609
f 3608/3608/3608 3609/3609/3609 3610/3610/3610
f 3607/3607/3607 3606/3606/3606 3611/3611/3611
f 3612/3612/3612 3608/3608/3608 3610/3610/3610
f 3613/3613/3613 3607/3607/3607 3611/3611/3611
f 3612/3612/3612 3610/3610/3610 3614/3614/3614
f 3614/3614/3614 3613/3613/3613 3611/3611/3611
f 3612/3612/3612 3614/3614/3614 3611/3611/3611
f 3615/3615/3615 3612/3612/3612 3611/3611/3611
f 3618/3618/3618 3617/3617/3617 3616/3616/3616
f 3619/3619/3619 3618/3618/3618 3616/3616/3616
f 3622/3622/3622 3621/3621/3621 3620/3620/3620
f 3622/3622/3622 3620/3620/3620 3623/3623/3623
f 3626/3626/3626 3625/3625/3625 3624/3624/3624
f 3627/3627/3627 3626/3626/3626 3624/3624/3624
f 3630/3630/3630 3629/3629/3629 3628/3628/3628
f 3630/3630/3630 3628/3628/3628 3631/3631/3631
f 3630/3630/3630 3631/3631/3631 3632/3632/3632
f 3632/3632/3632 3631/3631/3631 3633/3633/3633
f 3634/3634/3634 3630/3630/3630 3632/3632/3632
f 3635/3635/3635 3630/3630/3630 3634/3634/3634
f 3636/3636/3636 3630/3630/3630 3635/3635/3635
f 3636/3636/3636 3635/3635/3635 3637/3637/3637
f 3636/3636/3636 3637/3637/3637 3638/3638/3638
f 3639/3639/3639 3636/3636/3636 3638/3638/3638
f 3639/3639/3639 3638/3638/3638 3640/3640/3640
f 3640/3640/3640 3638/3638/3638 3641/3641/3641
f 3639/3639/3639 3640/3640/3640 3642/3642/3642
f 3641/3641/3641 3638/3638/3638 3643/3643/3643
f 3639/3639/3639 3642/3642/3642 3644/3644/3644
f 3638/3638/3638 3645/3645/3645 3643/3643/3643
f 3639/3639/3639 3644/3644/3644 3646/3646/3646
f 3639/3639/3639 3646/3646/3646 3647/3647/3647
f 3646/3646/3646 3644/3644/3644 3648/3648/3648
f 3643/3643/3643 3645/3645/3645 3649/3649/3649
f 3645/3645/3645 3650/3650/3650 3649/3649/3649
f 3643/3643/3643 3649/3649/3649 3651/3651/3651
f 3651/3651/3651 3649/3649/3649 3652/3652/3652
f 3653/3653/3653 3651/3651/3651 3652/3652/3652
f 3653/3653/3653 3652/3652/3652 3654/3654/3654
f 3646/3646/3646 3648/3648/3648 3654/3654/3654
f 3655/3655/3655 3653/3653/3653 3654/3654/3654
f 3648/3648/3648 3655/3655/3655 3654/3654/3654
f 3656/3656/3656 3646/3646/3646 3654/3654/3654
f 3656/3656/3656 3654/3654/3654 3657/3657/3657
f 3660/3660/3660 3659/3659/3659 3658/3658/3658
f 3660/3660/3660 3658/3658/3658 3661/3661/3661
f 3660/3660/3660 3661/3661/3661 3662/3662/3662
f 3661/3661/3661 3663/3663/3663 3662/3662/3662
f 3664/3664/3664 3660/3660/3660 3662/3662/3662
f 3665/3665/3665 3664/3664/3664 3662/3662/3662
f 3668/3668/3668 3667/3667/3667 3666/3666/3666
f 3668/3668/3668 3666/3666/3666 3669/3669/3669
f 3672/3672/3672 3671/3671/3671 3670/3670/3670
f 3673/3673/3673 3672/3672/3672 3670/3670/3670
f 3673/3673/3673 3670/3670/3670 3674/3674/3674
f 3675/3675/3675 3673/3673/3673 3674/3674/3674
f 3676/3676/3676 3675/3675/3675 3674/3674/3674
f 3677/3677/3677 3676/3676/3676 3674/3674/3674
f 3677/3677/3677 3674/3674/3674 3678/3678/3678
f 3679/3679/3679 3677/3677/3677 3678/3678/3678
f 3677/3677/3677 3680/3680/3680 3676/3676/3676
f 3677/3677/3677 3681/3681/3681 3680/3680/3680
f 3684/3684/3684 3683/3683/3683 3682/3682/3682
f 3684/3684/3684 3682/3682/3682 3685/3685/3685
f 3686/3686/3686 3684/3684/3684 3685/3685/3685
f 3686/3686/3686 3685/3685/3685 3687/3687/3687
f 3688/3688/3688 3686/3686/3686 3687/3687/3687
f 3688/3688/3688 3687/3687/3687 3689/3689/3689
f 3692/3692/3692 3691/3691/3691 3690/3690/3690
f 3693/3693/3693 3692/3692/3692 3690/3690/3690
f 3696/3696/3696 3695/3695/3695 3694/3694/3694
f 3697/3697/3697 3696/3696/3696 3694/3694/3694
f 3698/3698/3698 3696/3696/3696 3697/3697/3697
f 3698/3698/3698 3697/3697/3697 3699/3699/3699
f 3700/3700/3700 3698/3698/3698 3699/3699/3699
f 3701/3701/3701 3700/3700/3700 3699/3699/3699
f 3704/3704/3704 3703/3703/3703 3702/3702/3702
f 3705/3705/3705 3704/3704/3704 3702/3702/3702
f 3705/3705/3705 3702/3702/3702 3706/3706/3706
f 3705/3705/3705 3706/3706/3706 3707/3707/3707
f 3707/3707/3707 3706/3706/3706 3708/3708/3708
f 3708/3708/3708 3706/3706/3706 3709/3709/3709
f 3709/3709/3709 3706/3706/3706 3710/3710/3710
f 3710/3710/3710 3706/3706/3706 3711/3711/3711
f 3712/3712/3712 3710/3710/3710 3711/3711/3711
f 3706/3706/3706 3713/3713/3713 3711/3711/3711
f 3713/3713/3713 3714/3714/3714 3711/3711/3711
f 3717/3717/3717 3716/3716/3716 3715/3715/3715
f 3717/3717/3717 3715/3715/3715 3718/3718/3718
f 3718/3718/3718 3715/3715/3715 3719/3719/3719
f 3720/3720/3720 3717/3717/3717 3718/3718/3718
f 3719/3719/3719 3715/3715/3715 3721/3721/3721
f 3722/3722/3722 3717/3717/3717 3720/3720/3720
f 3723/3723/3723 3719/3719/3719 3721/3721/3721
f 3722/3722/3722 3720/3720/3720 3724/3724/3724
f 3724/3724/3724 3723/3723/3723 3721/3721/3721
f 3722/3722/3722 3724/3724/3724 3721/3721/3721
f 3725/3725/3725 3722/3722/3722 3721/3721/3721
f 3725/3725/3725 3721/3721/3721 3726/3726/3726
f 3726/3726/3726 3721/3721/3721 3727/3727/3727
f 3728/3728/3728 3726/3726/3726 3727/3727/3727
f 3729/3729/3729 3728/3728/3728 3727/3727/3727
f 3730/3730/3730 3729/3729/3729 3727/3727/3727
f 3730/3730/3730 3727/3727/3727 3731/3731/3731
f 3732/3732/3732 3730/3730/3730 3731/3731/3731
f 3730/3730/3730 3733/3733/3733 3729/3729/3729
f 3730/3730/3730 3734/3734/3734 3733/3733/3733
f 3737/3737/3737 3736/3736/3736 3735/3735/3735
f 3738/3738/3738 3737/3737/3737 3735/3735/3735
f 3739/3739/3739 3738/3738/3738 3735/3735/3735
f 3739/3739/3739 3740/3740/3740 3738/3738/3738
f 3740/3740/3740 3741/3741/3741 3738/3738/3738
f 3744/3744/3744 3743/3743/3743 3742/3742/3742
f 3744/3744/3744 3742/3742/3742 3745/3745/3745
f 3746/3746/3746 3744/3744/3744 3745/3745/3745
f 3746/3746/3746 3745/3745/3745 3747/3747/3747
f 3748/3748/3748 3746/3746/3746 3747/3747/3747
f 3748/3748/3748 3747/3747/3747 3749/3749/3749
f 3752/3752/3752 3751/3751/3751 3750/3750/3750
f 3753/3753/3753 3752/3752/3752 3750/3750/3750
f 3756/3756/3756 3755/3755/3755 3754/3754/3754
f 3756/3756/3756 3754/3754/3754 3757/3757/3757
f 3758/3758/3758 3756/3756/3756 3757/3757/3757
f 3759/3759/3759 3756/3756/3756 3758/3758/3758
f 3760/3760/3760 3756/3756/3756 3759/3759/3759
f 3760/3760/3760 3759/3759/3759 3761/3761/3761
f 3762/3762/3762 3760/3760/3760 3761/3761/3761
f 3762/3762/3762 3761/3761/3761 3763/3763/3763
f 3758/3758/3758 3757/3757/3757 3764/3764/3764
f 3764/3764/3764 3757/3757/3757 3765/3765/3765
f 3765/3765/3765 3757/3757/3757 3766/3766/3766
f 3767/3767/3767 3765/3765/3765 3766/3766/3766
f 3757/3757/3757 3768/3768/3768 3766/3766/3766
f 3768/3768/3768 3769/3769/3769 3766/3766/3766
f 3772/3772/3772 3771/3771/3771 3770/3770/3770
f 3773/3773/3773 3772/3772/3772 3770/3770/3770
f 3774/3774/3774 3773/3773/3773 3770/3770/3770
f 3774/3774/3774 3770/3770/3770 3775/3775/3775
f 3776/3776/3776 3774/3774/3774 3775/3775/3775
f 3777/3777/3777 3776/3776/3776 3775/3775/3775
f 3778/3778/3778 3777/3777/3777 3775/3775/3775
f 3777/3777/3777 3779/3779/3779 3776/3776/3776
f 3777/3777/3777 3780/3780/3780 3779/3779/3779
f 3780/3780/3780 3781/3781/3781 3779/3779/3779
f 3780/3780/3780 3782/3782/3782 3781/3781/3781
f 3782/3782/3782 3783/3783/3783 3781/3781/3781
f 3786/3786/3786 3785/3785/3785 3784/3784/3784
f 3787/3787/3787 3786/3786/3786 3784/3784/3784
f 3790/3790/3790 3789/3789/3789 3788/3788/3788
f 3791/3791/3791 3790/3790/3790 3788/3788/3788
f 3794/3794/3794 3793/3793/3793 3792/3792/3792
f 3795/3795/3795 3794/3794/3794 3792/3792/3792
f 3798/3798/3798 3797/3797/3797 3796/3796/3796
f 3799/3799/3799 3798/3798/3798 3796/3796/3796
f 3802/3802/3802 3801/3801/3801 3800/3800/3800
f 3803/3803/3803 3802/3802/3802 3800/3800/3800
f 3806/3806/3806 3805/3805/3805 3804/3804/3804
f 3807/3807/3807 3806/3806/3806 3804/3804/3804
f 3810/3810/3810 3809/3809/3809 3808/3808/3808
f 3811/3811/3811 3810/3810/3810 3808/3808/3808
f 3814/3814/3814 3813/3813/3813 3812/3812/3812
f 3815/3815/3815 3814/3814/3814 3812/3812/3812
f 3818/3818/3818 3817/3817/3817 3816/3816/3816
f 3819/3819/3819 3818/3818/3818 3816/3816/3816
f 3822/3822/3822 3821/3821/3821 3820/3820/3820
f 3823/3823/3823 3822/3822/3822 3820/3820/3820
f 3826/3826/3826 3825/3825/3825 3824/3824/3824
f 3827/3827/3827 3826/3826/3826 3824/3824/3824
f 3830/3830/3830 3829/3829/3829 3828/3828/3828
f 3831/3831/3831 3830/3830/3830 3828/3828/3828
f 3834/3834/3834 3833/3833/3833 3832/3832/3832
f 3835/3835/3835 3834/3834/3834 3832/3832/3832
f 3838/3838/3838 3837/3837/3837 3836/3836/3836
f 3839/3839/3839 3838/3838/3838 3836/3836/3836
f 3842/3842/3842 3841/3841/3841 3840/3840/3840
f 3843/3843/3843 3842/3842/3842 3840/3840/3840
f 3846/3846/3846 3845/3845/3845 3844/3844/3844
f 3847/3847/3847 3846/3846/3846 3844/3844/3844
f 3850/3850/3850 3849/3849/3849 3848/3848/3848
f 3851/3851/3851 3850/3850/3850 3848/3848/3848
f 3854/3854/3854 3853/3853/3853 3852/3852/3852
f 3855/3855/3855 3854/3854/3854 3852/3852/3852
f 3858/3858/3858 3857/3857/3857 3856/3856/3856
f 3859/3859/3859 3858/3858/3858 3856/3856/3856
f 3862/3862/3862 3861/3861/3861 3860/3860/3860
f 3863/3863/3863 3862/3862/3862 3860/3860/3860
f 3866/3866/3866 3865/3865/3865 3864/3864/3864
f 3867/3867/3867 3866/3866/3866 3864/3864/3864
f 3870/3870/3870 3869/3869/3869 3868/3868/3868
f 3871/3871/3871 3870/3870/3870 3868/3868/3868
f 3874/3874/3874 3873/3873/3873 3872/3872/3872
f 3875/3875/3875 3874/3874/3874 3872/3872/3872
f 3878/3878/3878 3877/3877/3877 3876/3876/3876
f 3879/3879/3879 3878/3878/3878 3876/3876/3876
f 3882/3882/3882 3881/3881/3881 3880/3880/3880
f 3883/3883/3883 3882/3882/3882 3880/3880/3880
f 3886/3886/3886 3885/3885/3885 3884/3884/3884
f 3887/3887/3887 3886/3886/3886 3884/3884/3884
f 3890/3890/3890 3889/3889/3889 3888/3888/3888
f 3891/3891/3891 3890/3890/3890 3888/3888/3888
f 3894/3894/3894 3893/3893/3893 3892/3892/3892
f 3895/3895/3895 3894/3894/3894 3892/3892/3892
f 3898/3898/3898 3897/3897/3897 3896/3896/3896
f 3899/3899/3899 3898/3898/3898 3896/3896/3896
f 3902/3902/3902 3901/3901/3901 3900/3900/3900
f 3903/3903/3903 3902/3902/3902 3900/3900/3900
f 3906/3906/3906 3905/3905/3905 3904/3904/3904
f 3907/3907/3907 3906/3906/3906 3904/3904/3904
f 3910/3910/3910 3909/3909/3909 3908/3908/3908
f 3911/3911/3911 3910/3910/3910 3908/3908/3908
f 3914/3914/3914 3913/3913/3913 3912/3912/3912
f 3915/3915/3915 3914/3914/3914 3912/3912/3912
f 3918/3918/3918 3917/3917/3917 3916/3916/3916
f 3919/3919/3919 3918/3918/3918 3916/3916/3916
f 3922/3922/3922 3921/3921/3921 3920/3920/3920
f 3923/3923/3923 3922/3922/3922 3920/3920/3920
f 3926/3926/3926 3925/3925/3925 3924/3924/3924
f 3927/3927/3927 3926/3926/3926 3924/3924/3924
f 3930/3930/3930 3929/3929/3929 3928/3928/3928
f 3931/3931/3931 3930/3930/3930 3928/3928/3928
f 3934/3934/3934 3933/3933/3933 3932/3932/3932
f 3935/3935/3935 3934/3934/3934 3932/3932/3932
f 3938/3938/3938 3937/3937/3937 3936/3936/3936
f 3939/3939/3939 3938/3938/3938 3936/3936/3936
f 3942/3942/3942 3941/3941/3941 3940/3940/3940
f 3943/3943/3943 3942/3942/3942 3940/3940/3940
f 3946/3946/3946 3945/3945/3945 3944/3944/3944
f 3947/3947/3947 3946/3946/3946 3944/3944/3944
f 3950/3950/3950 3949/3949/3949 3948/3948/3948
f 3951/3951/3951 3950/3950/3950 3948/3948/3948
f 3954/3954/3954 3953/3953/3953 3952/3952/3952
f 3955/3955/3955 3954/3954/3954 3952/3952/3952
f 3958/3958/3958 3957/3957/3957 3956/3956/3956
f 3959/3959/3959 3958/3958/3958 3956/3956/3956
f 3962/3962/3962 3961/3961/3961 3960/3960/3960
f 3963/3963/3963 3962/3962/3962 3960/3960/3960
f 3966/3966/3966 3965/3965/3965 3964/3964/3964
f 3967/3967/3967 3966/3966/3966 3964/3964/3964
f 3970/3970/3970 3969/3969/3969 3968/3968/3968
f 3971/3971/3971 3970/3970/3970 3968/3968/3968
f 3974/3974/3974 3973/3973/3973 3972/3972/3972
f 3975/3975/3975 3974/3974/3974 3972/3972/3972
f 3978/3978/3978 3977/3977/3977 3976/3976/3976
f 3979/3979/3979 3978/3978/3978 3976/3976/3976
f 3982/3982/3982 3981/3981/3981 3980/3980/3980
f 3983/3983/3983 3982/3982/3982 3980/3980/3980
f 3986/3986/3986 3985/3985/3985 3984/3984/3984
f 3987/3987/3987 3986/3986/3986 3984/3984/3984
f 3990/3990/3990 3989/3989/3989 3988/3988/3988
f 3991/3991/3991 3990/3990/3990 3988/3988/3988
f 3994/3994/3994 3993/3993/3993 3992/3992/3992
f 3995/3995/3995 3994/3994/3994 3992/3992/3992
f 3998/3998/3998 3997/3997/3997 3996/3996/3996
f 3999/3999/3999 3998/3998/3998 3996/3996/3996
f 4002/4002/4002 4001/4001/4001 4000/4000/4000
f 4003/4003/4003 4002/4002/4002 4000/4000/4000
f 4006/4006/4006 4005/4005/4005 4004/4004/4004
f 4007/4007/4007 4006/4006/4006 4004/4004/4004
f 4010/4010/4010 4009/4009/4009 4008/4008/4008
f 4011/4011/4011 4010/4010/4010 4008/4008/4008
f 4014/4014/4014 4013/4013/4013 4012/4012/4012
f 4015/4015/4015 4014/4014/4014 4012/4012/4012
f 4018/4018/4018 4017/4017/4017 4016/4016/4016
f 4019/4019/4019 4018/4018/4018 4016/4016/4016
f 4022/4022/4022 4021/4021/4021 4020/4020/4020
f 4023/4023/4023 4022/4022/4022 4020/4020/4020
f 4026/4026/4026 4025/4025/4025 4024/4024/4024
f 4027/4027/4027 4026/4026/4026 4024/4024/4024
f 4030/4030/4030 4029/4029/4029 4028/4028/4028
f 4031/4031/4031 4030/4030/4030 4028/4028/4028
f 4034/4034/4034 4033/4033/4033 4032/4032/4032
f 4035/4035/4035 4034/4034/4034 4032/4032/4032
f 4038/4038/4038 4037/4037/4037 4036/4036/4036
f 4039/4039/4039 4038/4038/4038 4036/4036/4036
f 4042/4042/4042 4041/4041/4041 4040/4040/4040
f 4043/4043/4043 4042/4042/4042 4040/4040/4040
f 4046/4046/4046 4045/4045/4045 4044/4044/4044
f 4047/4047/4047 4046/4046/4046 4044/4044/4044
f 4050/4050/4050 4049/4049/4049 4048/4048/4048
f 4051/4051/4051 4050/4050/4050 4048/4048/4048
f 4054/4054/4054 4053/4053/4053 4052/4052/4052
f 4055/4055/4055 4054/4054/4054 4052/4052/4052
f 4058/4058/4058 4057/4057/4057 4056/4056/4056
f 4059/4059/4059 4058/4058/4058 4056/4056/4056
f 4062/4062/4062 4061/4061/4061 4060/4060/4060
f 4063/4063/4063 4062/4062/4062 4060/4060/4060
f 4066/4066/4066 4065/4065/4065 4064/4064/4064
f 4067/4067/4067 4066/4066/4066 4064/4064/4064
f 4070/4070/4070 4069/4069/4069 4068/4068/4068
f 4071/4071/4071 4070/4070/4070 4068/4068/4068
f 4074/4074/4074 4073/4073/4073 4072/4072/4072
f 4075/4075/4075 4074/4074/4074 4072/4072/4072
f 4078/4078/4078 4077/4077/4077 4076/4076/4076
f 4079/4079/4079 4078/4078/4078 4076/4076/4076
f 4082/4082/4082 4081/4081/4081 4080/4080/4080
f 4083/4083/4083 4082/4082/4082 4080/4080/4080
f 4086/4086/4086 4085/4085/4085 4084/4084/4084
f 4087/4087/4087 4086/4086/4086 4084/4084/4084
f 4090/4090/4090 4089/4089/4089 4088/4088/4088
f 4091/4091/4091 4090/4090/4090 4088/4088/4088
f 4094/4094/4094 4093/4093/4093 4092/4092/4092
f 4095/4095/4095 4094/4094/4094 4092/4092/4092
f 4098/4098/4098 4097/4097/4097 4096/4096/4096
f 4099/4099/4099 4098/4098/4098 4096/4096/4096
f 4102/4102/4102 4101/4101/4101 4100/4100/4100
f 4103/4103/4103 4102/4102/4102 4100/4100/4100
f 4106/4106/4106 4105/4105/4105 4104/4104/4104
f 4107/4107/4107 4106/4106/4106 4104/4104/4104
f 4110/4110/4110 4109/4109/4109 4108/4108/4108
f 4111/4111/4111 4110/4110/4110 4108/4108/4108
f 4114/4114/4114 4113/4113/4113 4112/4112/4112
f 4115/4115/4115 4114/4114/4114 4112/4112/4112
f 4118/4118/4118 4117/4117/4117 4116/4116/4116
f 4119/4119/4119 4118/4118/4118 4116/4116/4116
f 4122/4122/4122 4121/4121/4121 4120/4120/4120
f 4123/4123/4123 4122/4122/4122 4120/4120/4120
f 4126/4126/4126 4125/4125/4125 4124/4124/4124
f 4127/4127/4127 4126/4126/4126 4124/4124/4124
f 4130/4130/4130 4129/4129/4129 4128/4128/4128
f 4131/4131/4131 4130/4130/4130 4128/4128/4128
f 4134/4134/4134 4133/4133/4133 4132/4132/4132
f 4135/4135/4135 4134/4134/4134 4132/4132/4132
f 4138/4138/4138 4137/4137/4137 4136/4136/4136
f 4139/4139/4139 4138/4138/4138 4136/4136/4136
f 4142/4142/4142 4141/4141/4141 4140/4140/4140
f 4143/4143/4143 4142/4142/4142 4140/4140/4140
f 4146/4146/4146 4145/4145/4145 4144/4144/4144
f 4147/4147/4147 4146/4146/4146 4144/4144/4144
f 4150/4150/4150 4149/4149/4149 4148/4148/4148
f 4151/4151/4151 4150/4150/4150 4148/4148/4148
f 4154/4154/4154 4153/4153/4153 4152/4152/4152
f 4155/4155/4155 4154/4154/4154 4152/4152/4152
f 4158/4158/4158 4157/4157/4157 4156/4156/4156
f 4159/4159/4159 4158/4158/4158 4156/4156/4156
f 4162/4162/4162 4161/4161/4161 4160/4160/4160
f 4163/4163/4163 4162/4162/4162 4160/4160/4160
f 4166/4166/4166 4165/4165/4165 4164/4164/4164
f 4167/4167/4167 4166/4166/4166 4164/4164/4164
f 4170/4170/4170 4169/4169/4169 4168/4168/4168
f 4171/4171/4171 4170/4170/4170 4168/4168/4168
f 4174/4174/4174 4173/4173/4173 4172/4172/4172
f 4175/4175/4175 4174/4174/4174 4172/4172/4172
f 4178/4178/4178 4177/4177/4177 4176/4176/4176
f 4179/4179/4179 4178/4178/4178 4176/4176/4176
f 4182/4182/4182 4181/4181/4181 4180/4180/4180
f 4183/4183/4183 4182/4182/4182 4180/4180/4180
f 4186/4186/4186 4185/4185/4185 4184/4184/4184
f 4187/4187/4187 4186/4186/4186 4184/4184/4184
f 4190/4190/4190 4189/4189/4189 4188/4188/4188
f 4191/4191/4191 4190/4190/4190 4188/4188/4188
f 4194/4194/4194 4193/4193/4193 4192/4192/4192
f 4195/4195/4195 4194/4194/4194 4192/4192/4192
f 4198/4198/4198 4197/4197/4197 4196/4196/4196
f 4199/4199/4199 4198/4198/4198 4196/4196/4196
f 4202/4202/4202 4201/4201/4201 4200/4200/4200
f 4203/4203/4203 4202/4202/4202 4200/4200/4200
f 4206/4206/4206 4205/4205/4205 4204/4204/4204
f 4207/4207/4207 4206/4206/4206 4204/4204/4204
f 4210/4210/4210 4209/4209/4209 4208/4208/4208
f 4211/4211/4211 4210/4210/4210 4208/4208/4208
f 4214/4214/4214 4213/4213/4213 4212/4212/4212
f 4215/4215/4215 4214/4214/4214 4212/4212/4212
f 4218/4218/4218 4217/4217/4217 4216/4216/4216
f 4219/4219/4219 4218/4218/4218 4216/4216/4216
f 4222/4222/4222 4221/4221/4221 4220/4220/4220
f 4223/4223/4223 4222/4222/4222 4220/4220/4220
f 4226/4226/4226 4225/4225/4225 4224/4224/4224
f 4227/4227/4227 4226/4226/4226 4224/4224/4224
f 4230/4230/4230 4229/4229/4229 4228/4228/4228
f 4231/4231/4231 4230/4230/4230 4228/4228/4228
f 4234/4234/4234 4233/4233/4233 4232/4232/4232
f 4235/4235/4235 4234/4234/4234 4232/4232/4232
f 4238/4238/4238 4237/4237/4237 4236/4236/4236
f 4239/4239/4239 4238/4238/4238 4236/4236/4236
f 4242/4242/4242 4241/4241/4241 4240/4240/4240
f 4243/4243/4243 4242/4242/4242 4240/4240/4240
f 4246/4246/4246 4245/4245/4245 4244/4244/4244
f 4247/4247/4247 4246/4246/4246 4244/4244/4244
f 4250/4250/4250 4249/4249/4249 4248/4248/4248
f 4251/4251/4251 4250/4250/4250 4248/4248/4248
f 4254/4254/4254 4253/4253/4253 4252/4252/4252
f 4255/4255/4255 4254/4254/4254 4252/4252/4252
f 4258/4258/4258 4257/4257/4257 4256/4256/4256
f 4259/4259/4259 4258/4258/4258 4256/4256/4256
f 4262/4262/4262 4261/4261/4261 4260/4260/4260
f 4263/4263/4263 4262/4262/4262 4260/4260/4260
f 4266/4266/4266 4265/4265/4265 4264/4264/4264
f 4267/4267/4267 4266/4266/4266 4264/4264/4264
f 4270/4270/4270 4269/4269/4269 4268/4268/4268
f 4271/4271/4271 4270/4270/4270 4268/4268/4268
f 4274/4274/4274 4273/4273/4273 4272/4272/4272
f 4275/4275/4275 4274/4274/4274 4272/4272/4272
f 4278/4278/4278 4277/4277/4277 4276/4276/4276
f 4279/4279/4279 4278/4278/4278 4276/4276/4276
f 4282/4282/4282 4281/4281/4281 4280/4280/4280
f 4283/4283/4283 4282/4282/4282 4280/4280/4280
f 4286/4286/4286 4285/4285/4285 4284/4284/4284
f 4287/4287/4287 4286/4286/4286 4284/4284/4284
f 4290/4290/4290 4289/4289/4289 4288/4288/4288
f 4291/4291/4291 4290/4290/4290 4288/4288/4288
f 4294/4294/4294 4293/4293/4293 4292/4292/4292
f 4295/4295/4295 4294/4294/4294 4292/4292/4292
f 4298/4298/4298 4297/4297/4297 4296/4296/4296
f 4299/4299/4299 4298/4298/4298 4296/4296/4296
f 4302/4302/4302 4301/4301/4301 4300/4300/4300
f 4303/4303/4303 4302/4302/4302 4300/4300/4300
f 4306/4306/4306 4305/4305/4305 4304/4304/4304
f 4307/4307/4307 4306/4306/4306 4304/4304/4304
f 4310/4310/4310 4309/4309/4309 4308/4308/4308
f 4311/4311/4311 4310/4310/4310 4308/4308/4308
f 4314/4314/4314 4313/4313/4313 4312/4312/4312
f 4315/4315/4315 4314/4314/4314 4312/4312/4312
f 4318/4318/4318 4317/4317/4317 4316/4316/4316
f 4319/4319/4319 4318/4318/4318 4316/4316/4316
f 4322/4322/4322 4321/4321/4321 4320/4320/4320
f 4323/4323/4323 4322/4322/4322 4320/4320/4320
f 4326/4326/4326 4325/4325/4325 4324/4324/4324
f 4327/4327/4327 4326/4326/4326 4324/4324/4324
f 4330/4330/4330 4329/4329/4329 4328/4328/4328
f 4331/4331/4331 4330/4330/4330 4328/4328/4328
f 4334/4334/4334 4333/4333/4333 4332/4332/4332
f 4335/4335/4335 4334/4334/4334 4332/4332/4332
f 4338/4338/4338 4337/4337/4337 4336/4336/4336
f 4339/4339/4339 4338/4338/4338 4336/4336/4336
f 4342/4342/4342 4341/4341/4341 4340/4340/4340
f 4343/4343/4343 4342/4342/4342 4340/4340/4340
f 4346/4346/4346 4345/4345/4345 4344/4344/4344
f 4347/4347/4347 4346/4346/4346 4344/4344/4344
f 4350/4350/4350 4349/4349/4349 4348/4348/4348
f 4351/4351/4351 4350/4350/4350 4348/4348/4348
f 4354/4354/4354 4353/4353/4353 4352/4352/4352
f 4355/4355/4355 4354/4354/4354 4352/4352/4352
f 4358/4358/4358 4357/4357/4357 4356/4356/4356
f 4359/4359/4359 4358/4358/4358 4356/4356/4356
f 4362/4362/4362 4361/4361/4361 4360/4360/4360
f 4363/4363/4363 4362/4362/4362 4360/4360/4360
f 4366/4366/4366 4365/4365/4365 4364/4364/4364
f 4367/4367/4367 4366/4366/4366 4364/4364/4364
f 4370/4370/4370 4369/4369/4369 4368/4368/4368
f 4371/4371/4371 4370/4370/4370 4368/4368/4368
f 4374/4374/4374 4373/4373/4373 4372/4372/4372
f 4375/4375/4375 4374/4374/4374 4372/4372/4372
f 4378/4378/4378 4377/4377/4377 4376/4376/4376
f 4379/4379/4379 4378/4378/4378 4376/4376/4376
f 4382/4382/4382 4381/4381/4381 4380/4380/4380
f 4383/4383/4383 4382/4382/4382 4380/4380/4380
f 4386/4386/4386 4385/4385/4385 4384/4384/4384
f 4387/4387/4387 4386/4386/4386 4384/4384/4384
f 4390/4390/4390 4389/4389/4389 4388/4388/4388
f 4391/4391/4391 4390/4390/4390 4388/4388/4388
f 4394/4394/4394 4393/4393/4393 4392/4392/4392
f 4395/4395/4395 4394/4394/4394 4392/4392/4392
f 4398/4398/4398 4397/4397/4397 4396/4396/4396
f 4399/4399/4399 4398/4398/4398 4396/4396/4396
f 4402/4402/4402 4401/4401/4401 4400/4400/4400
f 4403/4403/4403 4402/4402/4402 4400/4400/4400
f 4406/4406/4406 4405/4405/4405 4404/4404/4404
f 4407/4407/4407 4406/4406/4406 4404/4404/4404
f 4410/4410/4410 4409/4409/4409 4408/4408/4408
f 4411/4411/4411 4410/4410/4410 4408/4408/4408
f 4414/4414/4414 4413/4413/4413 4412/4412/4412
f 4415/4415/4415 4414/4414/4414 4412/4412/4412
f 4418/4418/4418 4417/4417/4417 4416/4416/4416
f 4419/4419/4419 4418/4418/4418 4416/4416/4416
f 4422/4422/4422 4421/4421/4421 4420/4420/4420
f 4423/4423/4423 4422/4422/4422 4420/4420/4420
f 4426/4426/4426 4425/4425/4425 4424/4424/4424
f 4427/4427/4427 4426/4426/4426 4424/4424/4424
f 4430/4430/4430 4429/4429/4429 4428/4428/4428
f 4431/4431/4431 4430/4430/4430 4428/4428/4428
f 4434/4434/4434 4433/4433/4433 4432/4432/4432
f 4435/4435/4435 4434/4434/4434 4432/4432/4432
f 4438/4438/4438 4437/4437/4437 4436/4436/4436
f 4439/4439/4439 4438/4438/4438 4436/4436/4436
f 4442/4442/4442 4441/4441/4441 4440/4440/4440
f 4443/4443/4443 4442/4442/4442 4440/4440/4440
f 4446/4446/4446 4445/4445/4445 4444/4444/4444
f 4447/4447/4447 4446/4446/4446 4444/4444/4444
f 4450/4450/4450 4449/4449/4449 4448/4448/4448
f 4451/4451/4451 4450/4450/4450 4448/4448/4448
f 4454/4454/4454 4453/4453/4453 4452/4452/4452
f 4455/4455/4455 4454/4454/4454 4452/4452/4452
f 4458/4458/4458 4457/4457/4457 4456/4456/4456
f 4459/4459/4459 4458/4458/4458 4456/4456/4456
f 4462/4462/4462 4461/4461/4461 4460/4460/4460
f 4463/4463/4463 4462/4462/4462 4460/4460/4460
f 4466/4466/4466 4465/4465/4465 4464/4464/4464
f 4467/4467/4467 4466/4466/4466 4464/4464/4464
f 4470/4470/4470 4469/4469/4469 4468/4468/4468
f 4471/4471/4471 4470/4470/4470 4468/4468/4468
f 4474/4474/4474 4473/4473/4473 4472/4472/4472
f 4475/4475/4475 4474/4474/4474 4472/4472/4472
f 4478/4478/4478 4477/4477/4477 4476/4476/4476
f 4479/4479/4479 4478/4478/4478 4476/4476/4476
f 4482/4482/4482 4481/4481/4481 4480/4480/4480
f 4483/4483/4483 4482/4482/4482 4480/4480/4480
f 4486/4486/4486 4485/4485/4485 4484/4484/4484
f 4487/4487/4487 4486/4486/4486 4484/4484/4484
f 4490/4490/4490 4489/4489/4489 4488/4488/4488
f 4491/4491/4491 4490/4490/4490 4488/4488/4488
f 4494/4494/4494 4493/4493/4493 4492/4492/4492
f 4495/4495/4495 4494/4494/4494 4492/4492/4492
f 4498/4498/4498 4497/4497/4497 4496/4496/4496
f 4499/4499/4499 4498/4498/4498 4496/4496/4496
f 4502/4502/4502 4501/4501/4501 4500/4500/4500
f 4503/4503/4503 4502/4502/4502 4500/4500/4500
f 4506/4506/4506 4505/4505/4505 4504/4504/4504
f 4507/4507/4507 4506/4506/4506 4504/4504/4504
f 4510/4510/4510 4509/4509/4509 4508/4508/4508
f 4511/4511/4511 4510/4510/4510 4508/4508/4508
f 4514/4514/4514 4513/4513/4513 4512/4512/4512
f 4515/4515/4515 4514/4514/4514 4512/4512/4512
f 4518/4518/4518 4517/4517/4517 4516/4516/4516
f 4519/4519/4519 4518/4518/4518 4516/4516/4516
f 4522/4522/4522 4521/4521/4521 4520/4520/4520
f 4523/4523/4523 4522/4522/4522 4520/4520/4520
f 4526/4526/4526 4525/4525/4525 4524/4524/4524
f 4527/4527/4527 4526/4526/4526 4524/4524/4524
f 4530/4530/4530 4529/4529/4529 4528/4528/4528
f 4531/4531/4531 4530/4530/4530 4528/4528/4528
f 4534/4534/4534 4533/4533/4533 4532/4532/4532
f 4535/4535/4535 4534/4534/4534 4532/4532/4532
f 4538/4538/4538 4537/4537/4537 4536/4536/4536
f 4539/4539/4539 4538/4538/4538 4536/4536/4536
f 4542/4542/4542 4541/4541/4541 4540/4540/4540
f 4543/4543/4543 4542/4542/4542 4540/4540/4540
f 4546/4546/4546 4545/4545/4545 4544/4544/4544
f 4547/4547/4547 4546/4546/4546 4544/4544/4544
f 4550/4550/4550 4549/4549/4549 4548/4548/4548
f 4551/4551/4551 4550/4550/4550 4548/4548/4548
f 4554/4554/4554 4553/4553/4553 4552/4552/4552
f 4555/4555/4555 4554/4554/4554 4552/4552/4552
f 4558/4558/4558 4557/4557/4557 4556/4556/4556
f 4559/4559/4559 4558/4558/4558 4556/4556/4556
f 4562/4562/4562 4561/4561/4561 4560/4560/4560
f 4563/4563/4563 4562/4562/4562 4560/4560/4560
f 4566/4566/4566 4565/4565/4565 4564/4564/4564
f 4567/4567/4567 4566/4566/4566 4564/4564/4564
f 4570/4570/4570 4569/4569/4569 4568/4568/4568
f 4571/4571/4571 4570/4570/4570 4568/4568/4568
f 4574/4574/4574 4573/4573/4573 4572/4572/4572
f 4575/4575/4575 4574/4574/4574 4572/4572/4572
f 4578/4578/4578 4577/4577/4577 4576/4576/4576
f 4579/4579/4579 4578/4578/4578 4576/4576/4576
f 4582/4582/4582 4581/4581/4581 4580/4580/4580
f 4583/4583/4583 4582/4582/4582 4580/4580/4580
f 4586/4586/4586 4585/4585/4585 4584/4584/4584
f 4587/4587/4587 4586/4586/4586 4584/4584/4584
f 4590/4590/4590 4589/4589/4589 4588/4588/4588
f 4591/4591/4591 4590/4590/4590 4588/4588/4588
f 4594/4594/4594 4593/4593/4593 4592/4592/4592
f 4595/4595/4595 4594/4594/4594 4592/4592/4592
f 4598/4598/4598 4597/4597/4597 4596/4596/4596
f 4599/4599/4599 4598/4598/4598 4596/4596/4596
f 4602/4602/4602 4601/4601/4601 4600/4600/4600
f 4603/4603/4603 4602/4602/4602 4600/4600/4600
f 4606/4606/4606 4605/4605/4605 4604/4604/4604
f 4607/4607/4607 4606/4606/4606 4604/4604/4604
f 4610/4610/4610 4609/4609/4609 4608/4608/4608
f 4611/4611/4611 4610/4610/4610 4608/4608/4608
f 4614/4614/4614 4613/4613/4613 4612/4612/4612
f 4615/4615/4615 4614/4614/4614 4612/4612/4612
f 4618/4618/4618 4617/4617/4617 4616/4616/4616
f 4619/4619/4619 4618/4618/4618 4616/4616/4616
f 4622/4622/4622 4621/4621/4621 4620/4620/4620
f 4623/4623/4623 4622/4622/4622 4620/4620/4620
f 4626/4626/4626 4625/4625/4625 4624/4624/4624
f 4627/4627/4627 4626/4626/4626 4624/4624/4624
f 4630/4630/4630 4629/4629/4629 4628/4628/4628
f 4631/4631/4631 4630/4630/4630 4628/4628/4628
f 4634/4634/4634 4633/4633/4633 4632/4632/4632
f 4635/4635/4635 4634/4634/4634 4632/4632/4632
f 4638/4638/4638 4637/4637/4637 4636/4636/4636
f 4639/4639/4639 4638/4638/4638 4636/4636/4636
f 4642/4642/4642 4641/4641/4641 4640/4640/4640
f 4643/4643/4643 4642/4642/4642 4640/4640/4640
f 4646/4646/4646 4645/4645/4645 4644/4644/4644
f 4647/4647/4647 4646/4646/4646 4644/4644/4644
f 4650/4650/4650 4649/4649/4649 4648/4648/4648
f 4651/4651/4651 4650/4650/4650 4648/4648/4648
f 4654/4654/4654 4653/4653/4653 4652/4652/4652
f 4655/4655/4655 4654/4654/4654 4652/4652/4652
f 4658/4658/4658 4657/4657/4657 4656/4656/4656
f 4659/4659/4659 4658/4658/4658 4656/4656/4656
f 4662/4662/4662 4661/4661/4661 4660/4660/4660
f 4663/4663/4663 4662/4662/4662 4660/4660/4660
f 4666/4666/4666 4665/4665/4665 4664/4664/4664
f 4667/4667/4667 4666/4666/4666 4664/4664/4664
f 4670/4670/4670 4669/4669/4669 4668/4668/4668
f 4671/4671/4671 4670/4670/4670 4668/4668/4668
f 4674/4674/4674 4673/4673/4673 4672/4672/4672
f 4675/4675/4675 4674/4674/4674 4672/4672/4672
f 4678/4678/4678 4677/4677/4677 4676/4676/4676
f 4679/4679/4679 4678/4678/4678 4676/4676/4676
f 4682/4682/4682 4681/4681/4681 4680/4680/4680
f 4683/4683/4683 4682/4682/4682 4680/4680/4680
f 4686/4686/4686 4685/4685/4685 4684/4684/4684
f 4687/4687/4687 4686/4686/4686 4684/4684/4684
f 4690/4690/4690 4689/4689/4689 4688/4688/4688
f 4691/4691/4691 4690/4690/4690 4688/4688/4688
f 4694/4694/4694 4693/4693/4693 4692/4692/4692
f 4695/4695/4695 4694/4694/4694 4692/4692/4692
f 4698/4698/4698 4697/4697/4697 4696/4696/4696
f 4699/4699/4699 4698/4698/4698 4696/4696/4696
f 4702/4702/4702 4701/4701/4701 4700/4700/4700
f 4703/4703/4703 4702/4702/4702 4700/4700/4700
f 4706/4706/4706 4705/4705/4705 4704/4704/4704
f 4707/4707/4707 4706/4706/4706 4704/4704/4704
f 4710/4710/4710 4709/4709/4709 4708/4708/4708
f 4711/4711/4711 4710/4710/4710 4708/4708/4708
f 4714/4714/4714 4713/4713/4713 4712/4712/4712
f 4715/4715/4715 4714/4714/4714 4712/4712/4712
f 4718/4718/4718 4717/4717/4717 4716/4716/4716
f 4719/4719/4719 4718/4718/4718 4716/4716/4716
f 4722/4722/4722 4721/4721/4721 4720/4720/4720
f 4723/4723/4723 4722/4722/4722 4720/4720/4720
f 4726/4726/4726 4725/4725/4725 4724/4724/4724
f 4727/4727/4727 4726/4726/4726 4724/4724/4724
f 4730/4730/4730 4729/4729/4729 4728/4728/4728
f 4731/4731/4731 4730/4730/4730 4728/4728/4728
f 4734/4734/4734 4733/4733/4733 4732/4732/4732
f 4735/4735/4735 4734/4734/4734 4732/4732/4732
f 4738/4738/4738 4737/4737/4737 4736/4736/4736
f 4739/4739/4739 4738/4738/4738 4736/4736/4736
f 4742/4742/4742 4741/4741/4741 4740/4740/4740
f 4743/4743/4743 4742/4742/4742 4740/4740/4740
f 4746/4746/4746 4745/4745/4745 4744/4744/4744
f 4747/4747/4747 4746/4746/4746 4744/4744/4744
f 4750/4750/4750 4749/4749/4749 4748/4748/4748
f 4751/4751/4751 4750/4750/4750 4748/4748/4748
f 4754/4754/4754 4753/4753/4753 4752/4752/4752
f 4755/4755/4755 4754/4754/4754 4752/4752/4752
f 4758/4758/4758 4757/4757/4757 4756/4756/4756
f 4759/4759/4759 4758/4758/4758 4756/4756/4756
f 4762/4762/4762 4761/4761/4761 4760/4760/4760
f 4763/4763/4763 4762/4762/4762 4760/4760/4760
f 4766/4766/4766 4765/4765/4765 4764/4764/4764
f 4767/4767/4767 4766/4766/4766 4764/4764/4764
f 4770/4770/4770 4769/4769/4769 4768/4768/4768
f 4771/4771/4771 4770/4770/4770 4768/4768/4768
f 4774/4774/4774 4773/4773/4773 4772/4772/4772
f 4775/4775/4775 4774/4774/4774 4772/4772/4772
f 4778/4778/4778 4777/4777/4777 4776/4776/4776
f 4779/4779/4779 4778/4778/4778 4776/4776/4776
f 4782/4782/4782 4781/4781/4781 4780/4780/4780
f 4783/4783/4783 4782/4782/4782 4780/4780/4780
f 4786/4786/4786 4785/4785/4785 4784/4784/4784
f 4787/4787/4787 4786/4786/4786 4784/4784/4784
f 4790/4790/4790 4789/4789/4789 4788/4788/4788
f 4791/4791/4791 4790/4790/4790 4788/4788/4788
f 4794/4794/4794 4793/4793/4793 4792/4792/4792
f 4795/4795/4795 4794/4794/4794 4792/4792/4792
f 4798/4798/4798 4797/4797/4797 4796/4796/4796
f 4799/4799/4799 4798/4798/4798 4796/4796/4796
f 4802/4802/4802 4801/4801/4801 4800/4800/4800
f 4803/4803/4803 4802/4802/4802 4800/4800/4800
f 4806/4806/4806 4805/4805/4805 4804/4804/4804
f 4807/4807/4807 4806/4806/4806 4804/4804/4804
f 4810/4810/4810 4809/4809/4809 4808/4808/4808
f 4811/4811/4811 4810/4810/4810 4808/4808/4808
f 4814/4814/4814 4813/4813/4813 4812/4812/4812
f 4815/4815/4815 4814/4814/4814 4812/4812/4812
f 4818/4818/4818 4817/4817/4817 4816/4816/4816
f 4819/4819/4819 4818/4818/4818 4816/4816/4816
f 4822/4822/4822 4821/4821/4821 4820/4820/4820
f 4823/4823/4823 4822/4822/4822 4820/4820/4820
f 4826/4826/4826 4825/4825/4825 4824/4824/4824
f 4827/4827/4827 4826/4826/4826 4824/4824/4824
f 4830/4830/4830 4829/4829/4829 4828/4828/4828
f 4831/4831/4831 4830/4830/4830 4828/4828/4828
f 4834/4834/4834 4833/4833/4833 4832/4832/4832
f 4835/4835/4835 4834/4834/4834 4832/4832/4832
f 4838/4838/4838 4837/4837/4837 4836/4836/4836
f 4839/4839/4839 4838/4838/4838 4836/4836/4836
f 4842/4842/4842 4841/4841/4841 4840/4840/4840
f 4843/4843/4843 4842/4842/4842 4840/4840/4840
f 4846/4846/4846 4845/4845/4845 4844/4844/4844
f 4847/4847/4847 4846/4846/4846 4844/4844/4844
f 4848/4848/4848 4846/4846/4846 4847/4847/4847
f 4849/4849/4849 4848/4848/4848 4847/4847/4847
f 4852/4852/4852 4851/4851/4851 4850/4850/4850
f 4853/4853/4853 4852/4852/4852 4850/4850/4850
f 4856/4856/4856 4855/4855/4855 4854/4854/4854
f 4857/4857/4857 4856/4856/4856 4854/4854/4854
f 4860/4860/4860 4859/4859/4859 4858/4858/4858
f 4861/4861/4861 4860/4860/4860 4858/4858/4858
f 4864/4864/4864 4863/4863/4863 4862/4862/4862
f 4865/4865/4865 4864/4864/4864 4862/4862/4862
f 4868/4868/4868 4867/4867/4867 4866/4866/4866
f 4869/4869/4869 4868/4868/4868 4866/4866/4866
f 4872/4872/4872 4871/4871/4871 4870/4870/4870
f 4873/4873/4873 4872/4872/4872 4870/4870/4870
f 4876/4876/4876 4875/4875/4875 4874/4874/4874
f 4877/4877/4877 4876/4876/4876 4874/4874/4874
f 4880/4880/4880 4879/4879/4879 4878/4878/4878
f 4881/4881/4881 4880/4880/4880 4878/4878/4878
f 4884/4884/4884 4883/4883/4883 4882/4882/4882
f 4885/4885/4885 4884/4884/4884 4882/4882/4882
f 4888/4888/4888 4887/4887/4887 4886/4886/4886
f 4889/4889/4889 4888/4888/4888 4886/4886/4886
f 4892/4892/4892 4891/4891/4891 4890/4890/4890
f 4893/4893/4893 4892/4892/4892 4890/4890/4890
f 4896/4896/4896 4895/4895/4895 4894/4894/4894
f 4897/4897/4897 4896/4896/4896 4894/4894/4894
f 4900/4900/4900 4899/4899/4899 4898/4898/4898
f 4901/4901/4901 4900/4900/4900 4898/4898/4898
f 4904/4904/4904 4903/4903/4903 4902/4902/4902
f 4905/4905/4905 4904/4904/4904 4902/4902/4902
f 4908/4908/4908 4907/4907/4907 4906/4906/4906
f 4909/4909/4909 4908/4908/4908 4906/4906/4906
f 4912/4912/4912 4911/4911/4911 4910/4910/4910
f 4913/4913/4913 4912/4912/4912 4910/4910/4910
f 4916/4916/4916 4915/4915/4915 4914/4914/4914
f 4917/4917/4917 4916/4916/4916 4914/4914/4914
f 4920/4920/4920 4919/4919/4919 4918/4918/4918
f 4921/4921/4921 4920/4920/4920 4918/4918/4918
f 4924/4924/4924 4923/4923/4923 4922/4922/4922
f 4925/4925/4925 4924/4924/4924 4922/4922/4922
f 4928/4928/4928 4927/4927/4927 4926/4926/4926
f 4929/4929/4929 4928/4928/4928 4926/4926/4926
f 4932/4932/4932 4931/4931/4931 4930/4930/4930
f 4933/4933/4933 4932/4932/4932 4930/4930/4930
f 4936/4936/4936 4935/4935/4935 4934/4934/4934
f 4937/4937/4937 4936/4936/4936 4934/4934/4934
f 4940/4940/4940 4939/4939/4939 4938/4938/4938
f 4941/4941/4941 4940/4940/4940 4938/4938/4938
f 4944/4944/4944 4943/4943/4943 4942/4942/4942
f 4945/4945/4945 4944/4944/4944 4942/4942/4942
f 4948/4948/4948 4947/4947/4947 4946/4946/4946
f 4949/4949/4949 4948/4948/4948 4946/4946/4946
f 4952/4952/4952 4951/4951/4951 4950/4950/4950
f 4953/4953/4953 4952/4952/4952 4950/4950/4950
f 4956/4956/4956 4955/4955/4955 4954/4954/4954
f 4957/4957/4957 4956/4956/4956 4954/4954/4954
f 4960/4960/4960 4959/4959/4959 4958/4958/4958
f 4961/4961/4961 4960/4960/4960 4958/4958/4958
f 4964/4964/4964 4963/4963/4963 4962/4962/4962
f 4965/4965/4965 4964/4964/4964 4962/4962/4962
f 4968/4968/4968 4967/4967/4967 4966/4966/4966
f 4969/4969/4969 4968/4968/4968 4966/4966/4966
f 4972/4972/4972 4971/4971/4971 4970/4970/4970
f 4973/4973/4973 4972/4972/4972 4970/4970/4970
f 4976/4976/4976 4975/4975/4975 4974/4974/4974
f 4977/4977/4977 4976/4976/4976 4974/4974/4974
f 4980/4980/4980 4979/4979/4979 4978/4978/4978
f 4981/4981/4981 4980/4980/4980 4978/4978/4978
f 4984/4984/4984 4983/4983/4983 4982/4982/4982
f 4985/4985/4985 4984/4984/4984 4982/4982/4982
f 4988/4988/4988 4987/4987/4987 4986/4986/4986
f 4989/4989/4989 4988/4988/4988 4986/4986/4986
f 4992/4992/4992 4991/4991/4991 4990/4990/4990
f 4993/4993/4993 4992/4992/4992 4990/4990/4990
f 4996/4996/4996 4995/4995/4995 4994/4994/4994
f 4997/4997/4997 4996/4996/4996 4994/4994/4994
f 5000/5000/5000 4999/4999/4999 4998/4998/4998
f 5001/5001/5001 5000/5000/5000 4998/4998/4998
f 5004/5004/5004 5003/5003/5003 5002/5002/5002
f 5005/5005/5005 5004/5004/5004 5002/5002/5002
f 5008/5008/5008 5007/5007/5007 5006/5006/5006
f 5009/5009/5009 5008/5008/5008 5006/5006/5006
f 5012/5012/5012 5011/5011/5011 5010/5010/5010
f 5013/5013/5013 5012/5012/5012 5010/5010/5010
f 5016/5016/5016 5015/5015/5015 5014/5014/5014
f 5017/5017/5017 5016/5016/5016 5014/5014/5014
f 5020/5020/5020 5019/5019/5019 5018/5018/5018
f 5021/5021/5021 5020/5020/5020 5018/5018/5018
f 5024/5024/5024 5023/5023/5023 5022/5022/5022
f 5025/5025/5025 5024/5024/5024 5022/5022/5022
f 5028/5028/5028 5027/5027/5027 5026/5026/5026
f 5029/5029/5029 5028/5028/5028 5026/5026/5026
f 5032/5032/5032 5031/5031/5031 5030/5030/5030
f 5033/5033/5033 5032/5032/5032 5030/5030/5030
f 5036/5036/5036 5035/5035/5035 5034/5034/5034
f 5037/5037/5037 5036/5036/5036 5034/5034/5034
f 5040/5040/5040 5039/5039/5039 5038/5038/5038
f 5041/5041/5041 5040/5040/5040 5038/5038/5038
f 5044/5044/5044 5043/5043/5043 5042/5042/5042
f 5045/5045/5045 5044/5044/5044 5042/5042/5042
f 5048/5048/5048 5047/5047/5047 5046/5046/5046
f 5049/5049/5049 5048/5048/5048 5046/5046/5046
f 5052/5052/5052 5051/5051/5051 5050/5050/5050
f 5053/5053/5053 5052/5052/5052 5050/5050/5050
f 5056/5056/5056 5055/5055/5055 5054/5054/5054
f 5057/5057/5057 5056/5056/5056 5054/5054/5054
f 5060/5060/5060 5059/5059/5059 5058/5058/5058
f 5061/5061/5061 5060/5060/5060 5058/5058/5058
f 5064/5064/5064 5063/5063/5063 5062/5062/5062
f 5065/5065/5065 5064/5064/5064 5062/5062/5062
f 5068/5068/5068 5067/5067/5067 5066/5066/5066
f 5069/5069/5069 5068/5068/5068 5066/5066/5066
f 5072/5072/5072 5071/5071/5071 5070/5070/5070
f 5073/5073/5073 5072/5072/5072 5070/5070/5070
f 5076/5076/5076 5075/5075/5075 5074/5074/5074
f 5077/5077/5077 5076/5076/5076 5074/5074/5074
f 5080/5080/5080 5079/5079/5079 5078/5078/5078
f 5081/5081/5081 5080/5080/5080 5078/5078/5078
f 5084/5084/5084 5083/5083/5083 5082/5082/5082
f 5085/5085/5085 5084/5084/5084 5082/5082/5082
f 5088/5088/5088 5087/5087/5087 5086/5086/5086
f 5089/5089/5089 5088/5088/5088 5086/5086/5086
f 5092/5092/5092 5091/5091/5091 5090/5090/5090
f 5093/5093/5093 5092/5092/5092 5090/5090/5090
f 5096/5096/5096 5095/5095/5095 5094/5094/5094
f 5097/5097/5097 5096/5096/5096 5094/5094/5094
f 5100/5100/5100 5099/5099/5099 5098/5098/5098
f 5101/5101/5101 5100/5100/5100 5098/5098/5098
f 5104/5104/5104 5103/5103/5103 5102/5102/5102
f 5105/5105/5105 5104/5104/5104 5102/5102/5102
f 5108/5108/5108 5107/5107/5107 5106/5106/5106
f 5109/5109/5109 5108/5108/5108 5106/5106/5106
f 5112/5112/5112 5111/5111/5111 5110/5110/5110
f 5113/5113/5113 5112/5112/5112 5110/5110/5110
f 5116/5116/5116 5115/5115/5115 5114/5114/5114
f 5117/5117/5117 5116/5116/5116 5114/5114/5114
f 5120/5120/5120 5119/5119/5119 5118/5118/5118
f 5121/5121/5121 5120/5120/5120 5118/5118/5118
f 5124/5124/5124 5123/5123/5123 5122/5122/5122
f 5125/5125/5125 5124/5124/5124 5122/5122/5122
f 5128/5128/5128 5127/5127/5127 5126/5126/5126
f 5129/5129/5129 5128/5128/5128 5126/5126/5126
f 5132/5132/5132 5131/5131/5131 5130/5130/5130
f 5133/5133/5133 5132/5132/5132 5130/5130/5130
f 5136/5136/5136 5135/5135/5135 5134/5134/5134
f 5137/5137/5137 5136/5136/5136 5134/5134/5134
f 5140/5140/5140 5139/5139/5139 5138/5138/5138
f 5141/5141/5141 5140/5140/5140 5138/5138/5138
f 5144/5144/5144 5143/5143/5143 5142/5142/5142
f 5145/5145/5145 5144/5144/5144 5142/5142/5142
f 5148/5148/5148 5147/5147/5147 5146/5146/5146
f 5149/5149/5149 5148/5148/5148 5146/5146/5146
f 5152/5152/5152 5151/5151/5151 5150/5150/5150
f 5153/5153/5153 5152/5152/5152 5150/5150/5150
f 5156/5156/5156 5155/5155/5155 5154/5154/5154
f 5157/5157/5157 5156/5156/5156 5154/5154/5154
f 5160/5160/5160 5159/5159/5159 5158/5158/5158
f 5161/5161/5161 5160/5160/5160 5158/5158/5158
f 5164/5164/5164 5163/5163/5163 5162/5162/5162
f 5165/5165/5165 5164/5164/5164 5162/5162/5162
f 5168/5168/5168 5167/5167/5167 5166/5166/5166
f 5169/5169/5169 5168/5168/5168 5166/5166/5166
f 5172/5172/5172 5171/5171/5171 5170/5170/5170
f 5173/5173/5173 5172/5172/5172 5170/5170/5170
f 5176/5176/5176 5175/5175/5175 5174/5174/5174
f 5177/5177/5177 5176/5176/5176 5174/5174/5174
f 5180/5180/5180 5179/5179/5179 5178/5178/5178
f 5181/5181/5181 5180/5180/5180 5178/5178/5178
f 5184/5184/5184 5183/5183/5183 5182/5182/5182
f 5185/5185/5185 5184/5184/5184 5182/5182/5182
f 5188/5188/5188 5187/5187/5187 5186/5186/5186
f 5189/5189/5189 5188/5188/5188 5186/5186/5186
f 5192/5192/5192 5191/5191/5191 5190/5190/5190
f 5193/5193/5193 5192/5192/5192 5190/5190/5190
f 5196/5196/5196 5195/5195/5195 5194/5194/5194
f 5197/5197/5197 5196/5196/5196 5194/5194/5194
f 5200/5200/5200 5199/5199/5199 5198/5198/5198
f 5201/5201/5201 5200/5200/5200 5198/5198/5198
f 5204/5204/5204 5203/5203/5203 5202/5202/5202
f 5205/5205/5205 5204/5204/5204 5202/5202/5202
f 5208/5208/5208 5207/5207/5207 5206/5206/5206
f 5209/5209/5209 5208/5208/5208 5206/5206/5206
f 5212/5212/5212 5211/5211/5211 5210/5210/5210
f 5213/5213/5213 5212/5212/5212 5210/5210/5210
f 5216/5216/5216 5215/5215/5215 5214/5214/5214
f 5217/5217/5217 5216/5216/5216 5214/5214/5214
f 5220/5220/5220 5219/5219/5219 5218/5218/5218
f 5221/5221/5221 5220/5220/5220 5218/5218/5218
f 5224/5224/5224 5223/5223/5223 5222/5222/5222
f 5225/5225/5225 5224/5224/5224 5222/5222/5222
f 5228/5228/5228 5227/5227/5227 5226/5226/5226
f 5229/5229/5229 5228/5228/5228 5226/5226/5226
f 5232/5232/5232 5231/5231/5231 5230/5230/5230
f 5233/5233/5233 5232/5232/5232 5230/5230/5230
f 5236/5236/5236 5235/5235/5235 5234/5234/5234
f 5237/5237/5237 5236/5236/5236 5234/5234/5234
f 5240/5240/5240 5239/5239/5239 5238/5238/5238
f 5241/5241/5241 5240/5240/5240 5238/5238/5238
f 5244/5244/5244 5243/5243/5243 5242/5242/5242
f 5245/5245/5245 5244/5244/5244 5242/5242/5242
f 5248/5248/5248 5247/5247/5247 5246/5246/5246
f 5249/5249/5249 5248/5248/5248 5246/5246/5246
f 5252/5252/5252 5251/5251/5251 5250/5250/5250
f 5253/5253/5253 5252/5252/5252 5250/5250/5250
f 5256/5256/5256 5255/5255/5255 5254/5254/5254
f 5257/5257/5257 5256/5256/5256 5254/5254/5254
f 5260/5260/5260 5259/5259/5259 5258/5258/5258
f 5261/5261/5261 5260/5260/5260 5258/5258/5258
f 5264/5264/5264 5263/5263/5263 5262/5262/5262
f 5265/5265/5265 5264/5264/5264 5262/5262/5262
f 5268/5268/5268 5267/5267/5267 5266/5266/5266
f 5269/5269/5269 5268/5268/5268 5266/5266/5266
f 5272/5272/5272 5271/5271/5271 5270/5270/5270
f 5273/5273/5273 5272/5272/5272 5270/5270/5270
f 5276/5276/5276 5275/5275/5275 5274/5274/5274
f 5277/5277/5277 5276/5276/5276 5274/5274/5274
f 5280/5280/5280 5279/5279/5279 5278/5278/5278
f 5281/5281/5281 5280/5280/5280 5278/5278/5278
f 5284/5284/5284 5283/5283/5283 5282/5282/5282
f 5285/5285/5285 5284/5284/5284 5282/5282/5282
f 5288/5288/5288 5287/5287/5287 5286/5286/5286
f 5289/5289/5289 5288/5288/5288 5286/5286/5286
f 5292/5292/5292 5291/5291/5291 5290/5290/5290
f 5293/5293/5293 5292/5292/5292 5290/5290/5290
f 5296/5296/5296 5295/5295/5295 5294/5294/5294
f 5297/5297/5297 5296/5296/5296 5294/5294/5294
f 5298/5298/5298 5296/5296/5296 5297/5297/5297
f 5299/5299/5299 5298/5298/5298 5297/5297/5297
f 5300/5300/5300 5298/5298/5298 5299/5299/5299
f 5301/5301/5301 5300/5300/5300 5299/5299/5299
f 5299/5299/5299 5297/5297/5297 5302/5302/5302
f 5297/5297/5297 5303/5303/5303 5302/5302/5302
f 5302/5302/5302 5303/5303/5303 5304/5304/5304
f 5303/5303/5303 5305/5305/5305 5304/5304/5304
f 5305/5305/5305 5306/5306/5306 5304/5304/5304
f 5306/5306/5306 5307/5307/5307 5304/5304/5304
f 5304/5304/5304 5307/5307/5307 5308/5308/5308
f 5307/5307/5307 5309/5309/5309 5308/5308/5308
f 5310/5310/5310 5307/5307/5307 5306/5306/5306
f 5311/5311/5311 5307/5307/5307 5310/5310/5310
f 5314/5314/5314 5313/5313/5313 5312/5312/5312
f 5312/5312/5312 5315/5315/5315 5314/5314/5314
f 5315/5315/5315 5316/5316/5316 5314/5314/5314
f 5315/5315/5315 5317/5317/5317 5316/5316/5316
f 5317/5317/5317 5318/5318/5318 5316/5316/5316
f 5317/5317/5317 5319/5319/5319 5318/5318/5318
f 5322/5322/5322 5321/5321/5321 5320/5320/5320
f 5320/5320/5320 5321/5321/5321 5323/5323/5323
f 5321/5321/5321 5324/5324/5324 5323/5323/5323
f 5323/5323/5323 5324/5324/5324 5325/5325/5325
f 5324/5324/5324 5326/5326/5326 5325/5325/5325
f 5325/5325/5325 5326/5326/5326 5327/5327/5327
f 5330/5330/5330 5329/5329/5329 5328/5328/5328
f 5328/5328/5328 5329/5329/5329 5331/5331/5331
f 5334/5334/5334 5333/5333/5333 5332/5332/5332
f 5332/5332/5332 5333/5333/5333 5335/5335/5335
f 5335/5335/5335 5333/5333/5333 5336/5336/5336
f 5335/5335/5335 5336/5336/5336 5337/5337/5337
f 5333/5333/5333 5338/5338/5338 5336/5336/5336
f 5333/5333/5333 5339/5339/5339 5338/5338/5338
f 5333/5333/5333 5340/5340/5340 5339/5339/5339
f 5339/5339/5339 5340/5340/5340 5341/5341/5341
f 5341/5341/5341 5340/5340/5340 5342/5342/5342
f 5340/5340/5340 5343/5343/5343 5342/5342/5342
f 5342/5342/5342 5343/5343/5343 5344/5344/5344
f 5344/5344/5344 5343/5343/5343 5345/5345/5345
f 5342/5342/5342 5344/5344/5344 5346/5346/5346
f 5345/5345/5345 5343/5343/5343 5347/5347/5347
f 5342/5342/5342 5346/5346/5346 5348/5348/5348
f 5349/5349/5349 5342/5342/5342 5348/5348/5348
f 5350/5350/5350 5349/5349/5349 5348/5348/5348
f 5348/5348/5348 5346/5346/5346 5351/5351/5351
f 5348/5348/5348 5351/5351/5351 5352/5352/5352
f 5348/5348/5348 5352/5352/5352 5353/5353/5353
f 5352/5352/5352 5354/5354/5354 5353/5353/5353
f 5353/5353/5353 5354/5354/5354 5355/5355/5355
f 5354/5354/5354 5356/5356/5356 5355/5355/5355
f 5356/5356/5356 5357/5357/5357 5355/5355/5355
f 5347/5347/5347 5358/5358/5358 5357/5357/5357
f 5347/5347/5347 5343/5343/5343 5358/5358/5358
f 5357/5357/5357 5358/5358/5358 5355/5355/5355
f 5358/5358/5358 5343/5343/5343 5359/5359/5359
f 5358/5358/5358 5360/5360/5360 5355/5355/5355
f 5355/5355/5355 5360/5360/5360 5361/5361/5361
f 5364/5364/5364 5363/5363/5363 5362/5362/5362
f 5365/5365/5365 5364/5364/5364 5362/5362/5362
f 5366/5366/5366 5364/5364/5364 5365/5365/5365
f 5367/5367/5367 5364/5364/5364 5366/5366/5366
f 5368/5368/5368 5364/5364/5364 5367/5367/5367
f 5369/5369/5369 5368/5368/5368 5367/5367/5367
f 5370/5370/5370 5368/5368/5368 5369/5369/5369
f 5371/5371/5371 5370/5370/5370 5369/5369/5369
f 5372/5372/5372 5365/5365/5365 5362/5362/5362
f 5373/5373/5373 5370/5370/5370 5371/5371/5371
f 5373/5373/5373 5371/5371/5371 5374/5374/5374
f 5374/5374/5374 5372/5372/5372 5362/5362/5362
f 5375/5375/5375 5373/5373/5373 5374/5374/5374
f 5376/5376/5376 5373/5373/5373 5375/5375/5375
f 5377/5377/5377 5375/5375/5375 5374/5374/5374
f 5377/5377/5377 5374/5374/5374 5362/5362/5362
f 5378/5378/5378 5376/5376/5376 5375/5375/5375
f 5379/5379/5379 5376/5376/5376 5378/5378/5378
f 5380/5380/5380 5376/5376/5376 5379/5379/5379
f 5381/5381/5381 5380/5380/5380 5379/5379/5379
f 5382/5382/5382 5377/5377/5377 5362/5362/5362
f 5383/5383/5383 5380/5380/5380 5381/5381/5381
f 5383/5383/5383 5381/5381/5381 5384/5384/5384
f 5383/5383/5383 5384/5384/5384 5382/5382/5382
f 5385/5385/5385 5382/5382/5382 5362/5362/5362
f 5386/5386/5386 5383/5383/5383 5382/5382/5382
f 5385/5385/5385 5386/5386/5386 5382/5382/5382
f 5389/5389/5389 5388/5388/5388 5387/5387/5387
f 5387/5387/5387 5388/5388/5388 5390/5390/5390
f 5387/5387/5387 5390/5390/5390 5391/5391/5391
f 5388/5388/5388 5392/5392/5392 5390/5390/5390
f 5387/5387/5387 5391/5391/5391 5393/5393/5393
f 5388/5388/5388 5394/5394/5394 5392/5392/5392
f 5391/5391/5391 5395/5395/5395 5393/5393/5393
f 5392/5392/5392 5394/5394/5394 5396/5396/5396
f 5395/5395/5395 5396/5396/5396 5393/5393/5393
f 5396/5396/5396 5394/5394/5394 5393/5393/5393
f 5394/5394/5394 5397/5397/5397 5393/5393/5393
f 5393/5393/5393 5397/5397/5397 5398/5398/5398
f 5393/5393/5393 5398/5398/5398 5399/5399/5399
f 5398/5398/5398 5400/5400/5400 5399/5399/5399
f 5400/5400/5400 5401/5401/5401 5399/5399/5399
f 5401/5401/5401 5402/5402/5402 5399/5399/5399
f 5399/5399/5399 5402/5402/5402 5403/5403/5403
f 5402/5402/5402 5404/5404/5404 5403/5403/5403
f 5405/5405/5405 5402/5402/5402 5401/5401/5401
f 5406/5406/5406 5402/5402/5402 5405/5405/5405
f 5409/5409/5409 5408/5408/5408 5407/5407/5407
f 5408/5408/5408 5410/5410/5410 5407/5407/5407
f 5410/5410/5410 5411/5411/5411 5407/5407/5407
f 5410/5410/5410 5412/5412/5412 5411/5411/5411
f 5407/5407/5407 5411/5411/5411 5413/5413/5413
f 5407/5407/5407 5413/5413/5413 5414/5414/5414
f 5407/5407/5407 5414/5414/5414 5415/5415/5415
f 5414/5414/5414 5416/5416/5416 5415/5415/5415
f 5416/5416/5416 5417/5417/5417 5415/5415/5415
f 5415/5415/5415 5417/5417/5417 5418/5418/5418
f 5417/5417/5417 5419/5419/5419 5418/5418/5418
f 5419/5419/5419 5420/5420/5420 5418/5418/5418
f 5420/5420/5420 5421/5421/5421 5418/5418/5418
f 5418/5418/5418 5421/5421/5421 5422/5422/5422
f 5418/5418/5418 5422/5422/5422 5423/5423/5423
f 5422/5422/5422 5421/5421/5421 5424/5424/5424
f 5421/5421/5421 5425/5425/5425 5424/5424/5424
f 5424/5424/5424 5425/5425/5425 5426/5426/5426
f 5426/5426/5426 5425/5425/5425 5427/5427/5427
f 5427/5427/5427 5425/5425/5425 5428/5428/5428
f 5429/5429/5429 5427/5427/5427 5428/5428/5428
f 5430/5430/5430 5429/5429/5429 5428/5428/5428
f 5425/5425/5425 5431/5431/5431 5428/5428/5428
f 5428/5428/5428 5431/5431/5431 5432/5432/5432
f 5435/5435/5435 5434/5434/5434 5433/5433/5433
f 5434/5434/5434 5436/5436/5436 5433/5433/5433
f 5436/5436/5436 5437/5437/5437 5433/5433/5433
f 5438/5438/5438 5437/5437/5437 5436/5436/5436
f 5439/5439/5439 5438/5438/5438 5436/5436/5436
f 5442/5442/5442 5441/5441/5441 5440/5440/5440
f 5440/5440/5440 5441/5441/5441 5443/5443/5443
f 5443/5443/5443 5441/5441/5441 5444/5444/5444
f 5443/5443/5443 5444/5444/5444 5445/5445/5445
f 5441/5441/5441 5446/5446/5446 5444/5444/5444
f 5441/5441/5441 5447/5447/5447 5446/5446/5446
f 5441/5441/5441 5448/5448/5448 5447/5447/5447
f 5447/5447/5447 5448/5448/5448 5449/5449/5449
f 5449/5449/5449 5448/5448/5448 5450/5450/5450
f 5448/5448/5448 5451/5451/5451 5450/5450/5450
f 5450/5450/5450 5451/5451/5451 5452/5452/5452
f 5452/5452/5452 5451/5451/5451 5453/5453/5453
f 5450/5450/5450 5452/5452/5452 5454/5454/5454
f 5453/5453/5453 5451/5451/5451 5455/5455/5455
f 5450/5450/5450 5454/5454/5454 5456/5456/5456
f 5457/5457/5457 5450/5450/5450 5456/5456/5456
f 5458/5458/5458 5457/5457/5457 5456/5456/5456
f 5456/5456/5456 5454/5454/5454 5459/5459/5459
f 5456/5456/5456 5459/5459/5459 5460/5460/5460
f 5456/5456/5456 5460/5460/5460 5461/5461/5461
f 5460/5460/5460 5462/5462/5462 5461/5461/5461
f 5461/5461/5461 5462/5462/5462 5463/5463/5463
f 5462/5462/5462 5464/5464/5464 5463/5463/5463
f 5464/5464/5464 5465/5465/5465 5463/5463/5463
f 5455/5455/5455 5466/5466/5466 5465/5465/5465
f 5455/5455/5455 5451/5451/5451 5466/5466/5466
f 5465/5465/5465 5466/5466/5466 5463/5463/5463
f 5466/5466/5466 5451/5451/5451 5467/5467/5467
f 5466/5466/5466 5468/5468/5468 5463/5463/5463
f 5463/5463/5463 5468/5468/5468 5469/5469/5469
f 5472/5472/5472 5471/5471/5471 5470/5470/5470
f 5471/5471/5471 5473/5473/5473 5470/5470/5470
f 5476/5476/5476 5475/5475/5475 5474/5474/5474
f 5474/5474/5474 5475/5475/5475 5477/5477/5477
f 5475/5475/5475 5478/5478/5478 5477/5477/5477
f 5477/5477/5477 5478/5478/5478 5479/5479/5479
f 5477/5477/5477 5479/5479/5479 5480/5480/5480
f 5477/5477/5477 5480/5480/5480 5481/5481/5481
f 5477/5477/5477 5481/5481/5481 5482/5482/5482
f 5481/5481/5481 5483/5483/5483 5482/5482/5482
f 5484/5484/5484 5477/5477/5477 5482/5482/5482
f 5485/5485/5485 5484/5484/5484 5482/5482/5482
f 5478/5478/5478 5486/5486/5486 5479/5479/5479
f 5479/5479/5479 5486/5486/5486 5487/5487/5487
f 5486/5486/5486 5488/5488/5488 5487/5487/5487
f 5487/5487/5487 5488/5488/5488 5489/5489/5489
f 5488/5488/5488 5490/5490/5490 5489/5489/5489
f 5489/5489/5489 5490/5490/5490 5491/5491/5491
f 5490/5490/5490 5492/5492/5492 5491/5491/5491
f 5493/5493/5493 5486/5486/5486 5478/5478/5478
f 5494/5494/5494 5493/5493/5493 5478/5478/5478
f 5495/5495/5495 5493/5493/5493 5494/5494/5494
f 5493/5493/5493 5496/5496/5496 5486/5486/5486
f 5493/5493/5493 5497/5497/5497 5496/5496/5496
f 5496/5496/5496 5497/5497/5497 5498/5498/5498
f 5497/5497/5497 5499/5499/5499 5498/5498/5498
f 5498/5498/5498 5499/5499/5499 5500/5500/5500
f 5503/5503/5503 5502/5502/5502 5501/5501/5501
f 5501/5501/5501 5502/5502/5502 5504/5504/5504
f 5501/5501/5501 5504/5504/5504 5505/5505/5505
f 5502/5502/5502 5506/5506/5506 5504/5504/5504
f 5501/5501/5501 5505/5505/5505 5507/5507/5507
f 5505/5505/5505 5508/5508/5508 5507/5507/5507
f 5502/5502/5502 5509/5509/5509 5506/5506/5506
f 5506/5506/5506 5509/5509/5509 5510/5510/5510
f 5510/5510/5510 5509/5509/5509 5511/5511/5511
f 5507/5507/5507 5508/5508/5508 5512/5512/5512
f 5509/5509/5509 5513/5513/5513 5511/5511/5511
f 5508/5508/5508 5514/5514/5514 5512/5512/5512
f 5511/5511/5511 5513/5513/5513 5515/5515/5515
f 5514/5514/5514 5515/5515/5515 5512/5512/5512
f 5515/5515/5515 5513/5513/5513 5512/5512/5512
f 5513/5513/5513 5516/5516/5516 5512/5512/5512
f 5519/5519/5519 5518/5518/5518 5517/5517/5517
f 5518/5518/5518 5520/5520/5520 5517/5517/5517
f 5523/5523/5523 5522/5522/5522 5521/5521/5521
f 5522/5522/5522 5524/5524/5524 5521/5521/5521
f 5527/5527/5527 5526/5526/5526 5525/5525/5525
f 5525/5525/5525 5526/5526/5526 5528/5528/5528
f 5528/5528/5528 5526/5526/5526 5529/5529/5529
f 5528/5528/5528 5529/5529/5529 5530/5530/5530
f 5526/5526/5526 5531/5531/5531 5529/5529/5529
f 5526/5526/5526 5532/5532/5532 5531/5531/5531
f 5526/5526/5526 5533/5533/5533 5532/5532/5532
f 5532/5532/5532 5533/5533/5533 5534/5534/5534
f 5534/5534/5534 5533/5533/5533 5535/5535/5535
f 5533/5533/5533 5536/5536/5536 5535/5535/5535
f 5535/5535/5535 5536/5536/5536 5537/5537/5537
f 5537/5537/5537 5536/5536/5536 5538/5538/5538
f 5535/5535/5535 5537/5537/5537 5539/5539/5539
f 5538/5538/5538 5536/5536/5536 5540/5540/5540
f 5535/5535/5535 5539/5539/5539 5541/5541/5541
f 5542/5542/5542 5535/5535/5535 5541/5541/5541
f 5539/5539/5539 5543/5543/5543 5541/5541/5541
f 5541/5541/5541 5543/5543/5543 5544/5544/5544
f 5544/5544/5544 5543/5543/5543 5545/5545/5545
f 5544/5544/5544 5545/5545/5545 5546/5546/5546
f 5545/5545/5545 5547/5547/5547 5546/5546/5546
f 5546/5546/5546 5547/5547/5547 5548/5548/5548
f 5547/5547/5547 5549/5549/5549 5548/5548/5548
f 5549/5549/5549 5550/5550/5550 5548/5548/5548
f 5540/5540/5540 5551/5551/5551 5550/5550/5550
f 5540/5540/5540 5536/5536/5536 5551/5551/5551
f 5550/5550/5550 5551/5551/5551 5548/5548/5548
f 5551/5551/5551 5536/5536/5536 5552/5552/5552
f 5551/5551/5551 5553/5553/5553 5548/5548/5548
f 5548/5548/5548 5553/5553/5553 5554/5554/5554
f 5557/5557/5557 5556/5556/5556 5555/5555/5555
f 5555/5555/5555 5556/5556/5556 5558/5558/5558
f 5558/5558/5558 5556/5556/5556 5559/5559/5559
f 5560/5560/5560 5558/5558/5558 5559/5559/5559
f 5556/5556/5556 5561/5561/5561 5559/5559/5559
f 5561/5561/5561 5562/5562/5562 5559/5559/5559
f 5565/5565/5565 5564/5564/5564 5563/5563/5563
f 5564/5564/5564 5566/5566/5566 5563/5563/5563
f 5563/5563/5563 5566/5566/5566 5567/5567/5567
f 5566/5566/5566 5568/5568/5568 5567/5567/5567
f 5568/5568/5568 5569/5569/5569 5567/5567/5567
f 5569/5569/5569 5570/5570/5570 5567/5567/5567
f 5567/5567/5567 5570/5570/5570 5571/5571/5571
f 5570/5570/5570 5572/5572/5572 5571/5571/5571
f 5573/5573/5573 5570/5570/5570 5569/5569/5569
f 5574/5574/5574 5570/5570/5570 5573/5573/5573
f 5577/5577/5577 5576/5576/5576 5575/5575/5575
f 5575/5575/5575 5576/5576/5576 5578/5578/5578
f 5576/5576/5576 5579/5579/5579 5578/5578/5578
f 5578/5578/5578 5579/5579/5579 5580/5580/5580
f 5579/5579/5579 5581/5581/5581 5580/5580/5580
f 5580/5580/5580 5581/5581/5581 5582/5582/5582
f 5585/5585/5585 5584/5584/5584 5583/5583/5583
f 5584/5584/5584 5586/5586/5586 5583/5583/5583
f 5589/5589/5589 5588/5588/5588 5587/5587/5587
f 5588/5588/5588 5590/5590/5590 5587/5587/5587
f 5588/5588/5588 5591/5591/5591 5590/5590/5590
f 5590/5590/5590 5591/5591/5591 5592/5592/5592
f 5591/5591/5591 5593/5593/5593 5592/5592/5592
f 5593/5593/5593 5594/5594/5594 5592/5592/5592
f 5597/5597/5597 5596/5596/5596 5595/5595/5595
f 5596/5596/5596 5598/5598/5598 5595/5595/5595
f 5598/5598/5598 5599/5599/5599 5595/5595/5595
f 5599/5599/5599 5600/5600/5600 5595/5595/5595
f 5598/5598/5598 5601/5601/5601 5599/5599/5599
f 5598/5598/5598 5602/5602/5602 5601/5601/5601
f 5602/5602/5602 5598/5598/5598 5603/5603/5603
f 5598/5598/5598 5604/5604/5604 5603/5603/5603
f 5605/5605/5605 5603/5603/5603 5604/5604/5604
f 5606/5606/5606 5603/5603/5603 5605/5605/5605
f 5607/5607/5607 5606/5606/5606 5605/5605/5605
f 5610/5610/5610 5609/5609/5609 5608/5608/5608
f 5608/5608/5608 5609/5609/5609 5611/5611/5611
f 5608/5608/5608 5611/5611/5611 5612/5612/5612
f 5609/5609/5609 5613/5613/5613 5611/5611/5611
f 5608/5608/5608 5612/5612/5612 5614/5614/5614
f 5609/5609/5609 5615/5615/5615 5613/5613/5613
f 5612/5612/5612 5616/5616/5616 5614/5614/5614
f 5613/5613/5613 5615/5615/5615 5617/5617/5617
f 5616/5616/5616 5617/5617/5617 5614/5614/5614
f 5617/5617/5617 5615/5615/5615 5614/5614/5614
f 5615/5615/5615 5618/5618/5618 5614/5614/5614
f 5614/5614/5614 5618/5618/5618 5619/5619/5619
f 5614/5614/5614 5619/5619/5619 5620/5620/5620
f 5619/5619/5619 5621/5621/5621 5620/5620/5620
f 5621/5621/5621 5622/5622/5622 5620/5620/5620
f 5622/5622/5622 5623/5623/5623 5620/5620/5620
f 5620/5620/5620 5623/5623/5623 5624/5624/5624
f 5623/5623/5623 5625/5625/5625 5624/5624/5624
f 5626/5626/5626 5623/5623/5623 5622/5622/5622
f 5627/5627/5627 5623/5623/5623 5626/5626/5626
f 5630/5630/5630 5629/5629/5629 5628/5628/5628
f 5629/5629/5629 5631/5631/5631 5628/5628/5628
f 5631/5631/5631 5632/5632/5632 5628/5628/5628
f 5633/5633/5633 5632/5632/5632 5631/5631/5631
f 5634/5634/5634 5633/5633/5633 5631/5631/5631
f 5637/5637/5637 5636/5636/5636 5635/5635/5635
f 5635/5635/5635 5636/5636/5636 5638/5638/5638
f 5636/5636/5636 5639/5639/5639 5638/5638/5638
f 5638/5638/5638 5639/5639/5639 5640/5640/5640
f 5639/5639/5639 5641/5641/5641 5640/5640/5640
f 5640/5640/5640 5641/5641/5641 5642/5642/5642
f 5645/5645/5645 5644/5644/5644 5643/5643/5643
f 5644/5644/5644 5646/5646/5646 5643/5643/5643
f 5649/5649/5649 5648/5648/5648 5647/5647/5647
f 5647/5647/5647 5648/5648/5648 5650/5650/5650
f 5648/5648/5648 5651/5651/5651 5650/5650/5650
f 5648/5648/5648 5652/5652/5652 5651/5651/5651
f 5648/5648/5648 5653/5653/5653 5652/5652/5652
f 5652/5652/5652 5653/5653/5653 5654/5654/5654
f 5653/5653/5653 5655/5655/5655 5654/5654/5654
f 5654/5654/5654 5655/5655/5655 5656/5656/5656
f 5650/5650/5650 5651/5651/5651 5657/5657/5657
f 5650/5650/5650 5657/5657/5657 5658/5658/5658
f 5650/5650/5650 5658/5658/5658 5659/5659/5659
f 5658/5658/5658 5660/5660/5660 5659/5659/5659
f 5661/5661/5661 5650/5650/5650 5659/5659/5659
f 5662/5662/5662 5661/5661/5661 5659/5659/5659
f 5665/5665/5665 5664/5664/5664 5663/5663/5663
f 5664/5664/5664 5666/5666/5666 5663/5663/5663
f 5666/5666/5666 5667/5667/5667 5663/5663/5663
f 5663/5663/5663 5667/5667/5667 5668/5668/5668
f 5667/5667/5667 5669/5669/5669 5668/5668/5668
f 5669/5669/5669 5670/5670/5670 5668/5668/5668
f 5670/5670/5670 5671/5671/5671 5668/5668/5668
f 5672/5672/5672 5670/5670/5670 5669/5669/5669
f 5673/5673/5673 5670/5670/5670 5672/5672/5672
f 5674/5674/5674 5673/5673/5673 5672/5672/5672
f 5675/5675/5675 5673/5673/5673 5674/5674/5674
f 5676/5676/5676 5675/5675/5675 5674/5674/5674
f 5679/5679/5679 5678/5678/5678 5677/5677/5677
f 5678/5678/5678 5680/5680/5680 5677/5677/5677
f 5678/5678/5678 5681/5681/5681 5680/5680/5680
f 5681/5681/5681 5682/5682/5682 5680/5680/5680
f 5681/5681/5681 5684/5684/5684 5683/5683/5683
f 5685/5685/5685 5681/5681/5681 5683/5683/5683
f 5688/5688/5688 5687/5687/5687 5686/5686/5686
f 5689/5689/5689 5688/5688/5688 5686/5686/5686
f 5692/5692/5692 5691/5691/5691 5690/5690/5690
f 5693/5693/5693 5692/5692/5692 5690/5690/5690
f 5696/5696/5696 5695/5695/5695 5694/5694/5694
f 5697/5697/5697 5696/5696/5696 5694/5694/5694
f 5700/5700/5700 5699/5699/5699 5698/5698/5698
f 5701/5701/5701 5700/5700/5700 5698/5698/5698
f 5704/5704/5704 5703/5703/5703 5702/5702/5702
f 5705/5705/5705 5704/5704/5704 5702/5702/5702
f 5708/5708/5708 5707/5707/5707 5706/5706/5706
f 5709/5709/5709 5708/5708/5708 5706/5706/5706
f 5712/5712/5712 5711/5711/5711 5710/5710/5710
f 5713/5713/5713 5712/5712/5712 5710/5710/5710
f 5716/5716/5716 5715/5715/5715 5714/5714/5714
f 5717/5717/5717 5716/5716/5716 5714/5714/5714
f 5720/5720/5720 5719/5719/5719 5718/5718/5718
f 5721/5721/5721 5720/5720/5720 5718/5718/5718
f 5724/5724/5724 5723/5723/5723 5722/5722/5722
f 5725/5725/5725 5724/5724/5724 5722/5722/5722
f 5728/5728/5728 5727/5727/5727 5726/5726/5726
f 5729/5729/5729 5728/5728/5728 5726/5726/5726
f 5732/5732/5732 5731/5731/5731 5730/5730/5730
f 5733/5733/5733 5732/5732/5732 5730/5730/5730
f 5733/5733/5733 5730/5730/5730 5734/5734/5734
f 5730/5730/5730 5735/5735/5735 5734/5734/5734
f 5734/5734/5734 5735/5735/5735 5736/5736/5736
f 5735/5735/5735 5737/5737/5737 5736/5736/5736
f 5740/5740/5740 5739/5739/5739 5738/5738/5738
f 5741/5741/5741 5740/5740/5740 5738/5738/5738
f 5744/5744/5744 5743/5743/5743 5742/5742/5742
f 5745/5745/5745 5744/5744/5744 5742/5742/5742
f 5748/5748/5748 5747/5747/5747 5746/5746/5746
f 5749/5749/5749 5748/5748/5748 5746/5746/5746
f 5752/5752/5752 5751/5751/5751 5750/5750/5750
f 5753/5753/5753 5752/5752/5752 5750/5750/5750
f 5756/5756/5756 5755/5755/5755 5754/5754/5754
f 5757/5757/5757 5756/5756/5756 5754/5754/5754
f 5760/5760/5760 5759/5759/5759 5758/5758/5758
f 5759/5759/5759 5761/5761/5761 5758/5758/5758
f 5764/5764/5764 5763/5763/5763 5762/5762/5762
f 5765/5765/5765 5764/5764/5764 5762/5762/5762
f 5768/5768/5768 5767/5767/5767 5766/5766/5766
f 5769/5769/5769 5768/5768/5768 5766/5766/5766
f 5772/5772/5772 5771/5771/5771 5770/5770/5770
f 5773/5773/5773 5772/5772/5772 5770/5770/5770
f 5776/5776/5776 5775/5775/5775 5774/5774/5774
f 5777/5777/5777 5776/5776/5776 5774/5774/5774
f 5780/5780/5780 5779/5779/5779 5778/5778/5778
f 5781/5781/5781 5780/5780/5780 5778/5778/5778
f 5784/5784/5784 5783/5783/5783 5782/5782/5782
f 5785/5785/5785 5784/5784/5784 5782/5782/5782
f 5788/5788/5788 5787/5787/5787 5786/5786/5786
f 5789/5789/5789 5788/5788/5788 5786/5786/5786
f 5792/5792/5792 5791/5791/5791 5790/5790/5790
f 5793/5793/5793 5792/5792/5792 5790/5790/5790
f 5796/5796/5796 5795/5795/5795 5794/5794/5794
f 5797/5797/5797 5796/5796/5796 5794/5794/5794
f 5800/5800/5800 5799/5799/5799 5798/5798/5798
f 5801/5801/5801 5800/5800/5800 5798/5798/5798
f 5804/5804/5804 5803/5803/5803 5802/5802/5802
f 5805/5805/5805 5804/5804/5804 5802/5802/5802
f 5808/5808/5808 5807/5807/5807 5806/5806/5806
f 5809/5809/5809 5808/5808/5808 5806/5806/5806
f 5812/5812/5812 5811/5811/5811 5810/5810/5810
f 5813/5813/5813 5812/5812/5812 5810/5810/5810
f 5816/5816/5816 5815/5815/5815 5814/5814/5814
f 5817/5817/5817 5816/5816/5816 5814/5814/5814
f 5820/5820/5820 5819/5819/5819 5818/5818/5818
f 5821/5821/5821 5820/5820/5820 5818/5818/5818
f 5824/5824/5824 5823/5823/5823 5822/5822/5822
f 5825/5825/5825 5824/5824/5824 5822/5822/5822
f 5828/5828/5828 5827/5827/5827 5826/5826/5826
f 5829/5829/5829 5828/5828/5828 5826/5826/5826
f 5832/5832/5832 5831/5831/5831 5830/5830/5830
f 5833/5833/5833 5832/5832/5832 5830/5830/5830
f 5836/5836/5836 5835/5835/5835 5834/5834/5834
f 5837/5837/5837 5836/5836/5836 5834/5834/5834
f 5840/5840/5840 5839/5839/5839 5838/5838/5838
f 5841/5841/5841 5840/5840/5840 5838/5838/5838
f 5844/5844/5844 5843/5843/5843 5842/5842/5842
f 5845/5845/5845 5844/5844/5844 5842/5842/5842
f 5848/5848/5848 5847/5847/5847 5846/5846/5846
f 5849/5849/5849 5848/5848/5848 5846/5846/5846
f 5852/5852/5852 5851/5851/5851 5850/5850/5850
f 5853/5853/5853 5852/5852/5852 5850/5850/5850
f 5856/5856/5856 5855/5855/5855 5854/5854/5854
f 5857/5857/5857 5856/5856/5856 5854/5854/5854
f 5860/5860/5860 5859/5859/5859 5858/5858/5858
f 5861/5861/5861 5860/5860/5860 5858/5858/5858
f 5864/5864/5864 5863/5863/5863 5862/5862/5862
f 5863/5863/5863 5865/5865/5865 5862/5862/5862
f 5868/5868/5868 5867/5867/5867 5866/5866/5866
f 5869/5869/5869 5868/5868/5868 5866/5866/5866
f 5872/5872/5872 5871/5871/5871 5870/5870/5870
f 5873/5873/5873 5872/5872/5872 5870/5870/5870
f 5876/5876/5876 5875/5875/5875 5874/5874/5874
f 5877/5877/5877 5876/5876/5876 5874/5874/5874
f 5880/5880/5880 5879/5879/5879 5878/5878/5878
f 5881/5881/5881 5880/5880/5880 5878/5878/5878
f 5884/5884/5884 5883/5883/5883 5882/5882/5882
f 5885/5885/5885 5884/5884/5884 5882/5882/5882
f 5888/5888/5888 5887/5887/5887 5886/5886/5886
f 5889/5889/5889 5888/5888/5888 5886/5886/5886
f 5892/5892/5892 5891/5891/5891 5890/5890/5890
f 5893/5893/5893 5892/5892/5892 5890/5890/5890
f 5896/5896/5896 5895/5895/5895 5894/5894/5894
f 5897/5897/5897 5896/5896/5896 5894/5894/5894
f 5900/5900/5900 5899/5899/5899 5898/5898/5898
f 5901/5901/5901 5900/5900/5900 5898/5898/5898
f 5904/5904/5904 5903/5903/5903 5902/5902/5902
f 5905/5905/5905 5904/5904/5904 5902/5902/5902
f 5908/5908/5908 5907/5907/5907 5906/5906/5906
f 5909/5909/5909 5908/5908/5908 5906/5906/5906
f 5912/5912/5912 5911/5911/5911 5910/5910/5910
f 5913/5913/5913 5912/5912/5912 5910/5910/5910
f 5916/5916/5916 5915/5915/5915 5914/5914/5914
f 5917/5917/5917 5916/5916/5916 5914/5914/5914
f 5920/5920/5920 5919/5919/5919 5918/5918/5918
f 5921/5921/5921 5920/5920/5920 5918/5918/5918
f 5924/5924/5924 5923/5923/5923 5922/5922/5922
f 5925/5925/5925 5924/5924/5924 5922/5922/5922
f 5928/5928/5928 5927/5927/5927 5926/5926/5926
f 5927/5927/5927 5929/5929/5929 5926/5926/5926
f 5929/5929/5929 5930/5930/5930 5926/5926/5926
f 5930/5930/5930 5931/5931/5931 5926/5926/5926
f 5931/5931/5931 5932/5932/5932 5926/5926/5926
f 5932/5932/5932 5933/5933/5933 5926/5926/5926
f 5933/5933/5933 5934/5934/5934 5926/5926/5926
f 5934/5934/5934 5935/5935/5935 5926/5926/5926
f 5935/5935/5935 5936/5936/5936 5926/5926/5926
f 5936/5936/5936 5937/5937/5937 5926/5926/5926
f 5937/5937/5937 5938/5938/5938 5926/5926/5926
f 5938/5938/5938 5939/5939/5939 5926/5926/5926
f 5939/5939/5939 5940/5940/5940 5926/5926/5926
f 5940/5940/5940 5941/5941/5941 5926/5926/5926
f 5941/5941/5941 5942/5942/5942 5926/5926/5926
f 5942/5942/5942 5943/5943/5943 5926/5926/5926
f 5943/5943/5943 5944/5944/5944 5926/5926/5926
f 5944/5944/5944 5945/5945/5945 5926/5926/5926
f 5945/5945/5945 5946/5946/5946 5926/5926/5926
f 5946/5946/5946 5947/5947/5947 5926/5926/5926
f 5947/5947/5947 5948/5948/5948 5926/5926/5926
f 5948/5948/5948 5949/5949/5949 5926/5926/5926
f 5949/5949/5949 5950/5950/5950 5926/5926/5926
f 5950/5950/5950 5951/5951/5951 5926/5926/5926
f 5951/5951/5951 5952/5952/5952 5926/5926/5926
f 5952/5952/5952 5953/5953/5953 5926/5926/5926
f 5953/5953/5953 5954/5954/5954 5926/5926/5926
f 5954/5954/5954 5955/5955/5955 5926/5926/5926
f 5955/5955/5955 5956/5956/5956 5926/5926/5926
f 5956/5956/5956 5957/5957/5957 5926/5926/5926
f 5957/5957/5957 5958/5958/5958 5926/5926/5926
f 5958/5958/5958 5959/5959/5959 5926/5926/5926
f 5959/5959/5959 5960/5960/5960 5926/5926/5926
f 5926/5926/5926 5960/5960/5960 5961/5961/5961
f 5960/5960/5960 5962/5962/5962 5961/5961/5961
f 5965/5965/5965 5964/5964/5964 5963/5963/5963
f 5966/5966/5966 5965/5965/5965 5963/5963/5963
f 5969/5969/5969 5968/5968/5968 5967/5967/5967
f 5970/5970/5970 5969/5969/5969 5967/5967/5967
f 5967/5967/5967 5971/5971/5971 5970/5970/5970
f 5971/5971/5971 5972/5972/5972 5970/5970/5970
f 5973/5973/5973 5970/5970/5970 5972/5972/5972
f 5976/5976/5976 5975/5975/5975 5974/5974/5974
f 5977/5977/5977 5976/5976/5976 5974/5974/5974
f 5977/5977/5977 5978/5978/5978 5976/5976/5976
f 5978/5978/5978 5979/5979/5979 5976/5976/5976
f 5980/5980/5980 5976/5976/5976 5979/5979/5979
f 5983/5983/5983 5982/5982/5982 5981/5981/5981
f 5984/5984/5984 5983/5983/5983 5981/5981/5981
f 5984/5984/5984 5985/5985/5985 5983/5983/5983
f 5985/5985/5985 5986/5986/5986 5983/5983/5983
f 5989/5989/5989 5988/5988/5988 5987/5987/5987
f 5990/5990/5990 5989/5989/5989 5987/5987/5987
f 5990/5990/5990 5991/5991/5991 5989/5989/5989
f 5991/5991/5991 5992/5992/5992 5989/5989/5989
f 5995/5995/5995 5994/5994/5994 5993/5993/5993
f 5996/5996/5996 5995/5995/5995 5993/5993/5993
f 5999/5999/5999 5998/5998/5998 5997/5997/5997
f 5998/5998/5998 6000/6000/6000 5997/5997/5997
f 5998/5998/5998 6001/6001/6001 6000/6000/6000
f 6001/6001/6001 6002/6002/6002 6000/6000/6000
f 6005/6005/6005 6004/6004/6004 6003/6003/6003
f 6006/6006/6006 6005/6005/6005 6003/6003/6003
f 6009/6009/6009 6008/6008/6008 6007/6007/6007
f 6010/6010/6010 6009/6009/6009 6007/6007/6007
f 6013/6013/6013 6012/6012/6012 6011/6011/6011
f 6014/6014/6014 6013/6013/6013 6011/6011/6011
f 6017/6017/6017 6016/6016/6016 6015/6015/6015
f 6018/6018/6018 6017/6017/6017 6015/6015/6015
f 6021/6021/6021 6020/6020/6020 6019/6019/6019
f 6022/6022/6022 6021/6021/6021 6019/6019/6019
f 6025/6025/6025 6024/6024/6024 6023/6023/6023
f 6026/6026/6026 6025/6025/6025 6023/6023/6023
f 6029/6029/6029 6028/6028/6028 6027/6027/6027
f 6030/6030/6030 6029/6029/6029 6027/6027/6027
f 6033/6033/6033 6032/6032/6032 6031/6031/6031
f 6034/6034/6034 6033/6033/6033 6031/6031/6031
f 6037/6037/6037 6036/6036/6036 6035/6035/6035
f 6038/6038/6038 6037/6037/6037 6035/6035/6035
f 6041/6041/6041 6040/6040/6040 6039/6039/6039
f 6039/6039/6039 6040/6040/6040 6042/6042/6042
f 6040/6040/6040 6043/6043/6043 6042/6042/6042
f 6043/6043/6043 6045/6045/6045 6044/6044/6044
f 6045/6045/6045 6046/6046/6046 6044/6044/6044
f 6049/6049/6049 6048/6048/6048 6047/6047/6047
f 6050/6050/6050 6049/6049/6049 6047/6047/6047
f 6053/6053/6053 6052/6052/6052 6051/6051/6051
f 6054/6054/6054 6053/6053/6053 6051/6051/6051
f 6057/6057/6057 6056/6056/6056 6055/6055/6055
f 6058/6058/6058 6057/6057/6057 6055/6055/6055
f 6061/6061/6061 6060/6060/6060 6059/6059/6059
f 6060/6060/6060 6062/6062/6062 6059/6059/6059
f 6062/6062/6062 6063/6063/6063 6059/6059/6059
f 6066/6066/6066 6065/6065/6065 6064/6064/6064
f 6067/6067/6067 6066/6066/6066 6064/6064/6064
f 6070/6070/6070 6069/6069/6069 6068/6068/6068
f 6069/6069/6069 6071/6071/6071 6068/6068/6068
f 6071/6071/6071 6072/6072/6072 6068/6068/6068
f 6075/6075/6075 6074/6074/6074 6073/6073/6073
f 6076/6076/6076 6075/6075/6075 6073/6073/6073
f 6079/6079/6079 6078/6078/6078 6077/6077/6077
f 6080/6080/6080 6079/6079/6079 6077/6077/6077
f 6083/6083/6083 6082/6082/6082 6081/6081/6081
f 6084/6084/6084 6083/6083/6083 6081/6081/6081
f 6087/6087/6087 6086/6086/6086 6085/6085/6085
f 6086/6086/6086 6088/6088/6088 6085/6085/6085
f 6088/6088/6088 6089/6089/6089 6085/6085/6085
f 6092/6092/6092 6091/6091/6091 6090/6090/6090
f 6093/6093/6093 6092/6092/6092 6090/6090/6090
f 6093/6093/6093 6094/6094/6094 6092/6092/6092
f 6094/6094/6094 6095/6095/6095 6092/6092/6092
f 6098/6098/6098 6097/6097/6097 6096/6096/6096
f 6099/6099/6099 6098/6098/6098 6096/6096/6096
f 6099/6099/6099 6096/6096/6096 6100/6100/6100
f 6096/6096/6096 6101/6101/6101 6100/6100/6100
f 6104/6104/6104 6103/6103/6103 6102/6102/6102
f 6105/6105/6105 6104/6104/6104 6102/6102/6102
f 6102/6102/6102 6106/6106/6106 6105/6105/6105
f 6106/6106/6106 6107/6107/6107 6105/6105/6105
f 6110/6110/6110 6109/6109/6109 6108/6108/6108
f 6111/6111/6111 6110/6110/6110 6108/6108/6108
f 6108/6108/6108 6112/6112/6112 6111/6111/6111
f 6112/6112/6112 6113/6113/6113 6111/6111/6111
f 6116/6116/6116 6115/6115/6115 6114/6114/6114
f 6117/6117/6117 6116/6116/6116 6114/6114/6114
f 6117/6117/6117 6114/6114/6114 6118/6118/6118
f 6114/6114/6114 6119/6119/6119 6118/6118/6118
f 6122/6122/6122 6121/6121/6121 6120/6120/6120
f 6123/6123/6123 6122/6122/6122 6120/6120/6120
f 6126/6126/6126 6125/6125/6125 6124/6124/6124
f 6127/6127/6127 6126/6126/6126 6124/6124/6124
f 6130/6130/6130 6129/6129/6129 6128/6128/6128
f 6131/6131/6131 6130/6130/6130 6128/6128/6128
f 6132/6132/6132 6131/6131/6131 6128/6128/6128
f 6133/6133/6133 6132/6132/6132 6128/6128/6128
f 6134/6134/6134 6133/6133/6133 6128/6128/6128
f 6135/6135/6135 6134/6134/6134 6128/6128/6128
f 6136/6136/6136 6135/6135/6135 6128/6128/6128
f 6137/6137/6137 6136/6136/6136 6128/6128/6128
f 6138/6138/6138 6137/6137/6137 6128/6128/6128
f 6139/6139/6139 6138/6138/6138 6128/6128/6128
f 6140/6140/6140 6139/6139/6139 6128/6128/6128
f 6141/6141/6141 6140/6140/6140 6128/6128/6128
f 6142/6142/6142 6141/6141/6141 6128/6128/6128
f 6143/6143/6143 6142/6142/6142 6128/6128/6128
f 6144/6144/6144 6143/6143/6143 6128/6128/6128
f 6145/6145/6145 6144/6144/6144 6128/6128/6128
f 6146/6146/6146 6145/6145/6145 6128/6128/6128
f 6147/6147/6147 6146/6146/6146 6128/6128/6128
f 6148/6148/6148 6147/6147/6147 6128/6128/6128
f 6149/6149/6149 6148/6148/6148 6128/6128/6128
f 6150/6150/6150 6149/6149/6149 6128/6128/6128
f 6151/6151/6151 6150/6150/6150 6128/6128/6128
f 6152/6152/6152 6151/6151/6151 6128/6128/6128
f 6153/6153/6153 6152/6152/6152 6128/6128/6128
f 6154/6154/6154 6153/6153/6153 6128/6128/6128
f 6155/6155/6155 6154/6154/6154 6128/6128/6128
f 6156/6156/6156 6155/6155/6155 6128/6128/6128
f 6157/6157/6157 6156/6156/6156 6128/6128/6128
f 6158/6158/6158 6157/6157/6157 6128/6128/6128
f 6159/6159/6159 6158/6158/6158 6128/6128/6128
f 6160/6160/6160 6159/6159/6159 6128/6128/6128
f 6161/6161/6161 6160/6160/6160 6128/6128/6128
f 6162/6162/6162 6161/6161/6161 6128/6128/6128
f 6162/6162/6162 6128/6128/6128 6163/6163/6163
f 6164/6164/6164 6162/6162/6162 6163/6163/6163
f 6167/6167/6167 6166/6166/6166 6165/6165/6165
f 6168/6168/6168 6167/6167/6167 6165/6165/6165
f 6171/6171/6171 6170/6170/6170 6169/6169/6169
f 6172/6172/6172 6171/6171/6171 6169/6169/6169
f 6175/6175/6175 6174/6174/6174 6173/6173/6173
f 6176/6176/6176 6175/6175/6175 6173/6173/6173
f 6179/6179/6179 6178/6178/6178 6177/6177/6177
f 6180/6180/6180 6179/6179/6179 6177/6177/6177
f 6183/6183/6183 6182/6182/6182 6181/6181/6181
f 6184/6184/6184 6183/6183/6183 6181/6181/6181
f 6187/6187/6187 6186/6186/6186 6185/6185/6185
f 6188/6188/6188 6187/6187/6187 6185/6185/6185
f 6191/6191/6191 6190/6190/6190 6189/6189/6189
f 6192/6192/6192 6191/6191/6191 6189/6189/6189
f 6195/6195/6195 6194/6194/6194 6193/6193/6193
f 6196/6196/6196 6195/6195/6195 6193/6193/6193
f 6199/6199/6199 6198/6198/6198 6197/6197/6197
f 6200/6200/6200 6199/6199/6199 6197/6197/6197
f 6203/6203/6203 6202/6202/6202 6201/6201/6201
f 6204/6204/6204 6203/6203/6203 6201/6201/6201
f 6207/6207/6207 6206/6206/6206 6205/6205/6205
f 6208/6208/6208 6207/6207/6207 6205/6205/6205
f 6211/6211/6211 6210/6210/6210 6209/6209/6209
f 6212/6212/6212 6211/6211/6211 6209/6209/6209
f 6215/6215/6215 6214/6214/6214 6213/6213/6213
f 6216/6216/6216 6215/6215/6215 6213/6213/6213
f 6219/6219/6219 6218/6218/6218 6217/6217/6217
f 6220/6220/6220 6219/6219/6219 6217/6217/6217
f 6223/6223/6223 6222/6222/6222 6221/6221/6221
f 6224/6224/6224 6223/6223/6223 6221/6221/6221
f 6227/6227/6227 6226/6226/6226 6225/6225/6225
f 6228/6228/6228 6227/6227/6227 6225/6225/6225
f 6225/6225/6225 6230/6230/6230 6229/6229/6229
f 6231/6231/6231 6225/6225/6225 6229/6229/6229
f 6229/6229/6229 6232/6232/6232 6231/6231/6231
f 6232/6232/6232 6233/6233/6233 6231/6231/6231
f 6236/6236/6236 6235/6235/6235 6234/6234/6234
f 6235/6235/6235 6237/6237/6237 6234/6234/6234
f 6237/6237/6237 6238/6238/6238 6234/6234/6234
f 6241/6241/6241 6240/6240/6240 6239/6239/6239
f 6242/6242/6242 6241/6241/6241 6239/6239/6239
f 6245/6245/6245 6244/6244/6244 6243/6243/6243
f 6246/6246/6246 6245/6245/6245 6243/6243/6243
f 6249/6249/6249 6248/6248/6248 6247/6247/6247
f 6250/6250/6250 6249/6249/6249 6247/6247/6247
f 6253/6253/6253 6252/6252/6252 6251/6251/6251
f 6254/6254/6254 6253/6253/6253 6251/6251/6251
f 6257/6257/6257 6256/6256/6256 6255/6255/6255
f 6258/6258/6258 6257/6257/6257 6255/6255/6255
f 6261/6261/6261 6260/6260/6260 6259/6259/6259
f 6262/6262/6262 6261/6261/6261 6259/6259/6259
f 6265/6265/6265 6264/6264/6264 6263/6263/6263
f 6264/6264/6264 6266/6266/6266 6263/6263/6263
f 6263/6263/6263 6266/6266/6266 6267/6267/6267
f 6266/6266/6266 6268/6268/6268 6267/6267/6267
f 6267/6267/6267 6268/6268/6268 6269/6269/6269
f 6268/6268/6268 6270/6270/6270 6269/6269/6269
f 6273/6273/6273 6272/6272/6272 6271/6271/6271
f 6274/6274/6274 6273/6273/6273 6271/6271/6271
f 6277/6277/6277 6276/6276/6276 6275/6275/6275
f 6278/6278/6278 6277/6277/6277 6275/6275/6275
f 6281/6281/6281 6280/6280/6280 6279/6279/6279
f 6282/6282/6282 6281/6281/6281 6279/6279/6279
f 6285/6285/6285 6284/6284/6284 6283/6283/6283
f 6286/6286/6286 6285/6285/6285 6283/6283/6283
f 6289/6289/6289 6288/6288/6288 6287/6287/6287
f 6290/6290/6290 6289/6289/6289 6287/6287/6287
f 6293/6293/6293 6292/6292/6292 6291/6291/6291
f 6294/6294/6294 6293/6293/6293 6291/6291/6291
f 6297/6297/6297 6296/6296/6296 6295/6295/6295
f 6298/6298/6298 6297/6297/6297 6295/6295/6295
f 6301/6301/6301 6300/6300/6300 6299/6299/6299
f 6302/6302/6302 6301/6301/6301 6299/6299/6299
f 6305/6305/6305 6304/6304/6304 6303/6303/6303
f 6306/6306/6306 6305/6305/6305 6303/6303/6303
f 6309/6309/6309 6308/6308/6308 6307/6307/6307
f 6310/6310/6310 6309/6309/6309 6307/6307/6307
f 6313/6313/6313 6312/6312/6312 6311/6311/6311
f 6314/6314/6314 6313/6313/6313 6311/6311/6311
f 6317/6317/6317 6316/6316/6316 6315/6315/6315
f 6318/6318/6318 6317/6317/6317 6315/6315/6315
f 6321/6321/6321 6320/6320/6320 6319/6319/6319
f 6322/6322/6322 6321/6321/6321 6319/6319/6319
f 6325/6325/6325 6324/6324/6324 6323/6323/6323
f 6326/6326/6326 6325/6325/6325 6323/6323/6323
f 6329/6329/6329 6328/6328/6328 6327/6327/6327
f 6330/6330/6330 6329/6329/6329 6327/6327/6327
f 6330/6330/6330 6327/6327/6327 6331/6331/6331
f 6327/6327/6327 6332/6332/6332 6331/6331/6331
f 6335/6335/6335 6334/6334/6334 6333/6333/6333
f 6336/6336/6336 6335/6335/6335 6333/6333/6333
f 6333/6333/6333 6338/6338/6338 6337/6337/6337
f 6339/6339/6339 6333/6333/6333 6337/6337/6337
f 6342/6342/6342 6341/6341/6341 6340/6340/6340
f 6343/6343/6343 6342/6342/6342 6340/6340/6340
f 6346/6346/6346 6345/6345/6345 6344/6344/6344
f 6347/6347/6347 6346/6346/6346 6344/6344/6344
f 6350/6350/6350 6349/6349/6349 6348/6348/6348
f 6351/6351/6351 6350/6350/6350 6348/6348/6348
f 6348/6348/6348 6353/6353/6353 6352/6352/6352
f 6354/6354/6354 6348/6348/6348 6352/6352/6352
f 6357/6357/6357 6356/6356/6356 6355/6355/6355
f 6358/6358/6358 6357/6357/6357 6355/6355/6355
f 6355/6355/6355 6360/6360/6360 6359/6359/6359
f 6361/6361/6361 6355/6355/6355 6359/6359/6359
f 6364/6364/6364 6363/6363/6363 6362/6362/6362
f 6365/6365/6365 6364/6364/6364 6362/6362/6362
f 6368/6368/6368 6367/6367/6367 6366/6366/6366
f 6369/6369/6369 6368/6368/6368 6366/6366/6366
f 6372/6372/6372 6371/6371/6371 6370/6370/6370
f 6373/6373/6373 6372/6372/6372 6370/6370/6370
f 6376/6376/6376 6375/6375/6375 6374/6374/6374
f 6377/6377/6377 6376/6376/6376 6374/6374/6374
f 6380/6380/6380 6379/6379/6379 6378/6378/6378
f 6381/6381/6381 6380/6380/6380 6378/6378/6378
f 6384/6384/6384 6383/6383/6383 6382/6382/6382
f 6385/6385/6385 6384/6384/6384 6382/6382/6382
f 6388/6388/6388 6387/6387/6387 6386/6386/6386
f 6389/6389/6389 6388/6388/6388 6386/6386/6386
f 6392/6392/6392 6391/6391/6391 6390/6390/6390
f 6393/6393/6393 6392/6392/6392 6390/6390/6390
f 6396/6396/6396 6395/6395/6395 6394/6394/6394
f 6397/6397/6397 6396/6396/6396 6394/6394/6394
f 6400/6400/6400 6399/6399/6399 6398/6398/6398
f 6401/6401/6401 6400/6400/6400 6398/6398/6398
f 6404/6404/6404 6403/6403/6403 6402/6402/6402
f 6405/6405/6405 6404/6404/6404 6402/6402/6402
f 6408/6408/6408 6407/6407/6407 6406/6406/6406
f 6409/6409/6409 6408/6408/6408 6406/6406/6406
f 6412/6412/6412 6411/6411/6411 6410/6410/6410
f 6413/6413/6413 6412/6412/6412 6410/6410/6410
f 6416/6416/6416 6415/6415/6415 6414/6414/6414
f 6417/6417/6417 6416/6416/6416 6414/6414/6414
f 6420/6420/6420 6419/6419/6419 6418/6418/6418
f 6421/6421/6421 6420/6420/6420 6418/6418/6418
f 6424/6424/6424 6423/6423/6423 6422/6422/6422
f 6425/6425/6425 6424/6424/6424 6422/6422/6422
f 6428/6428/6428 6427/6427/6427 6426/6426/6426
f 6429/6429/6429 6428/6428/6428 6426/6426/6426
f 6432/6432/6432 6431/6431/6431 6430/6430/6430
f 6433/6433/6433 6432/6432/6432 6430/6430/6430
f 6436/6436/6436 6435/6435/6435 6434/6434/6434
f 6437/6437/6437 6436/6436/6436 6434/6434/6434
f 6440/6440/6440 6439/6439/6439 6438/6438/6438
f 6441/6441/6441 6440/6440/6440 6438/6438/6438
f 6444/6444/6444 6443/6443/6443 6442/6442/6442
f 6445/6445/6445 6444/6444/6444 6442/6442/6442
f 6448/6448/6448 6447/6447/6447 6446/6446/6446
f 6449/6449/6449 6448/6448/6448 6446/6446/6446
f 6452/6452/6452 6451/6451/6451 6450/6450/6450
f 6453/6453/6453 6452/6452/6452 6450/6450/6450
f 6456/6456/6456 6455/6455/6455 6454/6454/6454
f 6457/6457/6457 6456/6456/6456 6454/6454/6454
f 6460/6460/6460 6459/6459/6459 6458/6458/6458
f 6461/6461/6461 6460/6460/6460 6458/6458/6458
f 6464/6464/6464 6463/6463/6463 6462/6462/6462
f 6465/6465/6465 6464/6464/6464 6462/6462/6462
f 6468/6468/6468 6467/6467/6467 6466/6466/6466
f 6469/6469/6469 6468/6468/6468 6466/6466/6466
f 6472/6472/6472 6471/6471/6471 6470/6470/6470
f 6473/6473/6473 6472/6472/6472 6470/6470/6470
f 6476/6476/6476 6475/6475/6475 6474/6474/6474
f 6477/6477/6477 6476/6476/6476 6474/6474/6474
f 6480/6480/6480 6479/6479/6479 6478/6478/6478
f 6481/6481/6481 6480/6480/6480 6478/6478/6478
f 6484/6484/6484 6483/6483/6483 6482/6482/6482
f 6485/6485/6485 6484/6484/6484 6482/6482/6482
f 6488/6488/6488 6487/6487/6487 6486/6486/6486
f 6489/6489/6489 6488/6488/6488 6486/6486/6486
f 6492/6492/6492 6491/6491/6491 6490/6490/6490
f 6493/6493/6493 6492/6492/6492 6490/6490/6490
f 6496/6496/6496 6495/6495/6495 6494/6494/6494
f 6497/6497/6497 6496/6496/6496 6494/6494/6494
f 6500/6500/6500 6499/6499/6499 6498/6498/6498
f 6501/6501/6501 6500/6500/6500 6498/6498/6498
f 6504/6504/6504 6503/6503/6503 6502/6502/6502
f 6505/6505/6505 6504/6504/6504 6502/6502/6502
f 6508/6508/6508 6507/6507/6507 6506/6506/6506
f 6509/6509/6509 6508/6508/6508 6506/6506/6506
f 6512/6512/6512 6511/6511/6511 6510/6510/6510
f 6513/6513/6513 6512/6512/6512 6510/6510/6510
f 6516/6516/6516 6515/6515/6515 6514/6514/6514
f 6517/6517/6517 6516/6516/6516 6514/6514/6514
f 6520/6520/6520 6519/6519/6519 6518/6518/6518
f 6521/6521/6521 6520/6520/6520 6518/6518/6518
f 6524/6524/6524 6523/6523/6523 6522/6522/6522
f 6525/6525/6525 6524/6524/6524 6522/6522/6522
f 6528/6528/6528 6527/6527/6527 6526/6526/6526
f 6529/6529/6529 6528/6528/6528 6526/6526/6526
f 6532/6532/6532 6531/6531/6531 6530/6530/6530
f 6533/6533/6533 6532/6532/6532 6530/6530/6530
f 6536/6536/6536 6535/6535/6535 6534/6534/6534
f 6537/6537/6537 6536/6536/6536 6534/6534/6534
f 6540/6540/6540 6539/6539/6539 6538/6538/6538
f 6541/6541/6541 6540/6540/6540 6538/6538/6538
f 6544/6544/6544 6543/6543/6543 6542/6542/6542
f 6545/6545/6545 6544/6544/6544 6542/6542/6542
f 6548/6548/6548 6547/6547/6547 6546/6546/6546
f 6549/6549/6549 6548/6548/6548 6546/6546/6546
f 6552/6552/6552 6551/6551/6551 6550/6550/6550
f 6553/6553/6553 6552/6552/6552 6550/6550/6550
f 6556/6556/6556 6555/6555/6555 6554/6554/6554
f 6557/6557/6557 6556/6556/6556 6554/6554/6554
f 6560/6560/6560 6559/6559/6559 6558/6558/6558
f 6561/6561/6561 6560/6560/6560 6558/6558/6558
f 6564/6564/6564 6563/6563/6563 6562/6562/6562
f 6565/6565/6565 6564/6564/6564 6562/6562/6562
f 6568/6568/6568 6567/6567/6567 6566/6566/6566
f 6569/6569/6569 6568/6568/6568 6566/6566/6566
f 6572/6572/6572 6571/6571/6571 6570/6570/6570
f 6573/6573/6573 6572/6572/6572 6570/6570/6570
f 6576/6576/6576 6575/6575/6575 6574/6574/6574
f 6577/6577/6577 6576/6576/6576 6574/6574/6574
f 6580/6580/6580 6579/6579/6579 6578/6578/6578
f 6581/6581/6581 6580/6580/6580 6578/6578/6578
f 6584/6584/6584 6583/6583/6583 6582/6582/6582
f 6585/6585/6585 6584/6584/6584 6582/6582/6582
f 6588/6588/6588 6587/6587/6587 6586/6586/6586
f 6589/6589/6589 6588/6588/6588 6586/6586/6586
f 6592/6592/6592 6591/6591/6591 6590/6590/6590
f 6593/6593/6593 6592/6592/6592 6590/6590/6590
f 6596/6596/6596 6595/6595/6595 6594/6594/6594
f 6597/6597/6597 6596/6596/6596 6594/6594/6594
f 6600/6600/6600 6599/6599/6599 6598/6598/6598
f 6601/6601/6601 6600/6600/6600 6598/6598/6598
f 6604/6604/6604 6603/6603/6603 6602/6602/6602
f 6605/6605/6605 6604/6604/6604 6602/6602/6602
f 6608/6608/6608 6607/6607/6607 6606/6606/6606
f 6609/6609/6609 6608/6608/6608 6606/6606/6606
f 6612/6612/6612 6611/6611/6611 6610/6610/6610
f 6613/6613/6613 6612/6612/6612 6610/6610/6610
f 6616/6616/6616 6615/6615/6615 6614/6614/6614
f 6617/6617/6617 6616/6616/6616 6614/6614/6614
f 6620/6620/6620 6619/6619/6619 6618/6618/6618
f 6621/6621/6621 6620/6620/6620 6618/6618/6618
f 6624/6624/6624 6623/6623/6623 6622/6622/6622
f 6625/6625/6625 6624/6624/6624 6622/6622/6622
f 6628/6628/6628 6627/6627/6627 6626/6626/6626
f 6629/6629/6629 6628/6628/6628 6626/6626/6626
f 6632/6632/6632 6631/6631/6631 6630/6630/6630
f 6633/6633/6633 6632/6632/6632 6630/6630/6630
f 6636/6636/6636 6635/6635/6635 6634/6634/6634
f 6637/6637/6637 6636/6636/6636 6634/6634/6634
f 6640/6640/6640 6639/6639/6639 6638/6638/6638
f 6641/6641/6641 6640/6640/6640 6638/6638/6638
f 6644/6644/6644 6643/6643/6643 6642/6642/6642
f 6645/6645/6645 6644/6644/6644 6642/6642/6642
f 6648/6648/6648 6647/6647/6647 6646/6646/6646
f 6649/6649/6649 6648/6648/6648 6646/6646/6646
f 6652/6652/6652 6651/6651/6651 6650/6650/6650
f 6653/6653/6653 6652/6652/6652 6650/6650/6650
f 6656/6656/6656 6655/6655/6655 6654/6654/6654
f 6657/6657/6657 6656/6656/6656 6654/6654/6654
f 6660/6660/6660 6659/6659/6659 6658/6658/6658
f 6661/6661/6661 6660/6660/6660 6658/6658/6658
f 6664/6664/6664 6663/6663/6663 6662/6662/6662
f 6665/6665/6665 6664/6664/6664 6662/6662/6662
f 6668/6668/6668 6667/6667/6667 6666/6666/6666
f 6669/6669/6669 6668/6668/6668 6666/6666/6666
f 6672/6672/6672 6671/6671/6671 6670/6670/6670
f 6673/6673/6673 6672/6672/6672 6670/6670/6670
f 6676/6676/6676 6675/6675/6675 6674/6674/6674
f 6677/6677/6677 6676/6676/6676 6674/6674/6674
f 6680/6680/6680 6679/6679/6679 6678/6678/6678
f 6681/6681/6681 6680/6680/6680 6678/6678/6678
f 6684/6684/6684 6683/6683/6683 6682/6682/6682
f 6685/6685/6685 6684/6684/6684 6682/6682/6682
f 6688/6688/6688 6687/6687/6687 6686/6686/6686
f 6689/6689/6689 6688/6688/6688 6686/6686/6686
f 6692/6692/6692 6691/6691/6691 6690/6690/6690
f 6693/6693/6693 6692/6692/6692 6690/6690/6690
f 6696/6696/6696 6695/6695/6695 6694/6694/6694
f 6697/6697/6697 6696/6696/6696 6694/6694/6694
f 6700/6700/6700 6699/6699/6699 6698/6698/6698
f 6701/6701/6701 6700/6700/6700 6698/6698/6698
f 6704/6704/6704 6703/6703/6703 6702/6702/6702
f 6705/6705/6705 6704/6704/6704 6702/6702/6702
f 6708/6708/6708 6707/6707/6707 6706/6706/6706
f 6709/6709/6709 6708/6708/6708 6706/6706/6706
f 6712/6712/6712 6711/6711/6711 6710/6710/6710
f 6713/6713/6713 6712/6712/6712 6710/6710/6710
f 6716/6716/6716 6715/6715/6715 6714/6714/6714
f 6717/6717/6717 6716/6716/6716 6714/6714/6714
f 6720/6720/6720 6719/6719/6719 6718/6718/6718
f 6721/6721/6721 6720/6720/6720 6718/6718/6718
f 6724/6724/6724 6723/6723/6723 6722/6722/6722
f 6725/6725/6725 6724/6724/6724 6722/6722/6722
f 6728/6728/6728 6727/6727/6727 6726/6726/6726
f 6729/6729/6729 6728/6728/6728 6726/6726/6726
f 6732/6732/6732 6731/6731/6731 6730/6730/6730
f 6733/6733/6733 6732/6732/6732 6730/6730/6730
f 6736/6736/6736 6735/6735/6735 6734/6734/6734
f 6737/6737/6737 6736/6736/6736 6734/6734/6734
f 6740/6740/6740 6739/6739/6739 6738/6738/6738
f 6741/6741/6741 6740/6740/6740 6738/6738/6738
f 6744/6744/6744 6743/6743/6743 6742/6742/6742
f 6745/6745/6745 6744/6744/6744 6742/6742/6742
f 6748/6748/6748 6747/6747/6747 6746/6746/6746
f 6749/6749/6749 6748/6748/6748 6746/6746/6746
f 6752/6752/6752 6751/6751/6751 6750/6750/6750
f 6753/6753/6753 6752/6752/6752 6750/6750/6750
f 6756/6756/6756 6755/6755/6755 6754/6754/6754
f 6757/6757/6757 6756/6756/6756 6754/6754/6754
f 6760/6760/6760 6759/6759/6759 6758/6758/6758
f 6761/6761/6761 6760/6760/6760 6758/6758/6758
f 6764/6764/6764 6763/6763/6763 6762/6762/6762
f 6765/6765/6765 6764/6764/6764 6762/6762/6762
f 6768/6768/6768 6767/6767/6767 6766/6766/6766
f 6769/6769/6769 6768/6768/6768 6766/6766/6766
f 6772/6772/6772 6771/6771/6771 6770/6770/6770
f 6773/6773/6773 6772/6772/6772 6770/6770/6770
f 6776/6776/6776 6775/6775/6775 6774/6774/6774
f 6777/6777/6777 6776/6776/6776 6774/6774/6774
f 6780/6780/6780 6779/6779/6779 6778/6778/6778
f 6781/6781/6781 6780/6780/6780 6778/6778/6778
f 6784/6784/6784 6783/6783/6783 6782/6782/6782
f 6785/6785/6785 6784/6784/6784 6782/6782/6782
f 6788/6788/6788 6787/6787/6787 6786/6786/6786
f 6789/6789/6789 6788/6788/6788 6786/6786/6786
f 6792/6792/6792 6791/6791/6791 6790/6790/6790
f 6793/6793/6793 6792/6792/6792 6790/6790/6790
f 6796/6796/6796 6795/6795/6795 6794/6794/6794
f 6797/6797/6797 6796/6796/6796 6794/6794/6794
f 6800/6800/6800 6799/6799/6799 6798/6798/6798
f 6801/6801/6801 6800/6800/6800 6798/6798/6798
f 6804/6804/6804 6803/6803/6803 6802/6802/6802
f 6805/6805/6805 6804/6804/6804 6802/6802/6802
f 6808/6808/6808 6807/6807/6807 6806/6806/6806
f 6809/6809/6809 6808/6808/6808 6806/6806/6806
f 6812/6812/6812 6811/6811/6811 6810/6810/6810
f 6813/6813/6813 6812/6812/6812 6810/6810/6810
f 6816/6816/6816 6815/6815/6815 6814/6814/6814
f 6817/6817/6817 6816/6816/6816 6814/6814/6814
f 6820/6820/6820 6819/6819/6819 6818/6818/6818
f 6821/6821/6821 6820/6820/6820 6818/6818/6818
f 6824/6824/6824 6823/6823/6823 6822/6822/6822
f 6825/6825/6825 6824/6824/6824 6822/6822/6822
f 6828/6828/6828 6827/6827/6827 6826/6826/6826
f 6829/6829/6829 6828/6828/6828 6826/6826/6826
f 6832/6832/6832 6831/6831/6831 6830/6830/6830
f 6833/6833/6833 6832/6832/6832 6830/6830/6830
f 6836/6836/6836 6835/6835/6835 6834/6834/6834
f 6837/6837/6837 6836/6836/6836 6834/6834/6834
f 6840/6840/6840 6839/6839/6839 6838/6838/6838
f 6841/6841/6841 6840/6840/6840 6838/6838/6838
f 6844/6844/6844 6843/6843/6843 6842/6842/6842
f 6845/6845/6845 6844/6844/6844 6842/6842/6842
f 6848/6848/6848 6847/6847/6847 6846/6846/6846
f 6849/6849/6849 6848/6848/6848 6846/6846/6846
f 6852/6852/6852 6851/6851/6851 6850/6850/6850
f 6853/6853/6853 6852/6852/6852 6850/6850/6850
f 6856/6856/6856 6855/6855/6855 6854/6854/6854
f 6857/6857/6857 6856/6856/6856 6854/6854/6854
f 6860/6860/6860 6859/6859/6859 6858/6858/6858
f 6861/6861/6861 6860/6860/6860 6858/6858/6858
f 6864/6864/6864 6863/6863/6863 6862/6862/6862
f 6865/6865/6865 6864/6864/6864 6862/6862/6862
f 6868/6868/6868 6867/6867/6867 6866/6866/6866
f 6869/6869/6869 6868/6868/6868 6866/6866/6866
f 6872/6872/6872 6871/6871/6871 6870/6870/6870
f 6873/6873/6873 6872/6872/6872 6870/6870/6870
f 6876/6876/6876 6875/6875/6875 6874/6874/6874
f 6877/6877/6877 6876/6876/6876 6874/6874/6874
f 6880/6880/6880 6879/6879/6879 6878/6878/6878
f 6881/6881/6881 6880/6880/6880 6878/6878/6878
f 6884/6884/6884 6883/6883/6883 6882/6882/6882
f 6885/6885/6885 6884/6884/6884 6882/6882/6882
f 6888/6888/6888 6887/6887/6887 6886/6886/6886
f 6889/6889/6889 6888/6888/6888 6886/6886/6886
f 6892/6892/6892 6891/6891/6891 6890/6890/6890
f 6893/6893/6893 6892/6892/6892 6890/6890/6890
f 6896/6896/6896 6895/6895/6895 6894/6894/6894
f 6897/6897/6897 6896/6896/6896 6894/6894/6894
f 6900/6900/6900 6899/6899/6899 6898/6898/6898
f 6901/6901/6901 6900/6900/6900 6898/6898/6898
f 6904/6904/6904 6903/6903/6903 6902/6902/6902
f 6905/6905/6905 6904/6904/6904 6902/6902/6902
f 6908/6908/6908 6907/6907/6907 6906/6906/6906
f 6909/6909/6909 6908/6908/6908 6906/6906/6906
f 6912/6912/6912 6911/6911/6911 6910/6910/6910
f 6913/6913/6913 6912/6912/6912 6910/6910/6910
f 6916/6916/6916 6915/6915/6915 6914/6914/6914
f 6917/6917/6917 6916/6916/6916 6914/6914/6914
f 6920/6920/6920 6919/6919/6919 6918/6918/6918
f 6921/6921/6921 6920/6920/6920 6918/6918/6918
f 6924/6924/6924 6923/6923/6923 6922/6922/6922
f 6925/6925/6925 6924/6924/6924 6922/6922/6922
f 6928/6928/6928 6927/6927/6927 6926/6926/6926
f 6929/6929/6929 6928/6928/6928 6926/6926/6926
f 6932/6932/6932 6931/6931/6931 6930/6930/6930
f 6933/6933/6933 6932/6932/6932 6930/6930/6930
f 6936/6936/6936 6935/6935/6935 6934/6934/6934
f 6937/6937/6937 6936/6936/6936 6934/6934/6934
f 6940/6940/6940 6939/6939/6939 6938/6938/6938
f 6941/6941/6941 6940/6940/6940 6938/6938/6938
f 6944/6944/6944 6943/6943/6943 6942/6942/6942
f 6945/6945/6945 6944/6944/6944 6942/6942/6942
f 6948/6948/6948 6947/6947/6947 6946/6946/6946
f 6949/6949/6949 6948/6948/6948 6946/6946/6946
f 6952/6952/6952 6951/6951/6951 6950/6950/6950
f 6953/6953/6953 6952/6952/6952 6950/6950/6950
f 6956/6956/6956 6955/6955/6955 6954/6954/6954
f 6957/6957/6957 6956/6956/6956 6954/6954/6954
f 6960/6960/6960 6959/6959/6959 6958/6958/6958
f 6961/6961/6961 6960/6960/6960 6958/6958/6958
f 6964/6964/6964 6963/6963/6963 6962/6962/6962
f 6965/6965/6965 6964/6964/6964 6962/6962/6962
f 6968/6968/6968 6967/6967/6967 6966/6966/6966
f 6969/6969/6969 6968/6968/6968 6966/6966/6966
f 6972/6972/6972 6971/6971/6971 6970/6970/6970
f 6973/6973/6973 6972/6972/6972 6970/6970/6970
f 6976/6976/6976 6975/6975/6975 6974/6974/6974
f 6977/6977/6977 6976/6976/6976 6974/6974/6974
f 6980/6980/6980 6979/6979/6979 6978/6978/6978
f 6981/6981/6981 6980/6980/6980 6978/6978/6978
f 6984/6984/6984 6983/6983/6983 6982/6982/6982
f 6985/6985/6985 6984/6984/6984 6982/6982/6982
f 6988/6988/6988 6987/6987/6987 6986/6986/6986
f 6989/6989/6989 6988/6988/6988 6986/6986/6986
f 6992/6992/6992 6991/6991/6991 6990/6990/6990
f 6993/6993/6993 6992/6992/6992 6990/6990/6990
f 6996/6996/6996 6995/6995/6995 6994/6994/6994
f 6997/6997/6997 6996/6996/6996 6994/6994/6994
f 7000/7000/7000 6999/6999/6999 6998/6998/6998
f 7001/7001/7001 7000/7000/7000 6998/6998/6998
f 7004/7004/7004 7003/7003/7003 7002/7002/7002
f 7005/7005/7005 7004/7004/7004 7002/7002/7002
f 7008/7008/7008 7007/7007/7007 7006/7006/7006
f 7009/7009/7009 7008/7008/7008 7006/7006/7006
f 7012/7012/7012 7011/7011/7011 7010/7010/7010
f 7013/7013/7013 7012/7012/7012 7010/7010/7010
f 7016/7016/7016 7015/7015/7015 7014/7014/7014
f 7017/7017/7017 7016/7016/7016 7014/7014/7014
f 7020/7020/7020 7019/7019/7019 7018/7018/7018
f 7021/7021/7021 7020/7020/7020 7018/7018/7018
f 7024/7024/7024 7023/7023/7023 7022/7022/7022
f 7025/7025/7025 7024/7024/7024 7022/7022/7022
f 7028/7028/7028 7027/7027/7027 7026/7026/7026
f 7029/7029/7029 7028/7028/7028 7026/7026/7026
f 7032/7032/7032 7031/7031/7031 7030/7030/7030
f 7033/7033/7033 7032/7032/7032 7030/7030/7030
f 7036/7036/7036 7035/7035/7035 7034/7034/7034
f 7037/7037/7037 7036/7036/7036 7034/7034/7034
f 7040/7040/7040 7039/7039/7039 7038/7038/7038
f 7041/7041/7041 7040/7040/7040 7038/7038/7038
f 7044/7044/7044 7043/7043/7043 7042/7042/7042
f 7045/7045/7045 7044/7044/7044 7042/7042/7042
f 7048/7048/7048 7047/7047/7047 7046/7046/7046
f 7049/7049/7049 7048/7048/7048 7046/7046/7046
f 7052/7052/7052 7051/7051/7051 7050/7050/7050
f 7053/7053/7053 7052/7052/7052 7050/7050/7050
f 7056/7056/7056 7055/7055/7055 7054/7054/7054
f 7057/7057/7057 7056/7056/7056 7054/7054/7054
f 7060/7060/7060 7059/7059/7059 7058/7058/7058
f 7061/7061/7061 7060/7060/7060 7058/7058/7058
f 7064/7064/7064 7063/7063/7063 7062/7062/7062
f 7065/7065/7065 7064/7064/7064 7062/7062/7062
f 7068/7068/7068 7067/7067/7067 7066/7066/7066
f 7069/7069/7069 7068/7068/7068 7066/7066/7066
f 7072/7072/7072 7071/7071/7071 7070/7070/7070
f 7073/7073/7073 7072/7072/7072 7070/7070/7070
f 7076/7076/7076 7075/7075/7075 7074/7074/7074
f 7077/7077/7077 7076/7076/7076 7074/7074/7074
f 7080/7080/7080 7079/7079/7079 7078/7078/7078
f 7081/7081/7081 7080/7080/7080 7078/7078/7078
f 7084/7084/7084 7083/7083/7083 7082/7082/7082
f 7085/7085/7085 7084/7084/7084 7082/7082/7082
f 7088/7088/7088 7087/7087/7087 7086/7086/7086
f 7089/7089/7089 7088/7088/7088 7086/7086/7086
f 7092/7092/7092 7091/7091/7091 7090/7090/7090
f 7093/7093/7093 7092/7092/7092 7090/7090/7090
f 7096/7096/7096 7095/7095/7095 7094/7094/7094
f 7097/7097/7097 7096/7096/7096 7094/7094/7094
f 7100/7100/7100 7099/7099/7099 7098/7098/7098
f 7101/7101/7101 7100/7100/7100 7098/7098/7098
f 7104/7104/7104 7103/7103/7103 7102/7102/7102
f 7105/7105/7105 7104/7104/7104 7102/7102/7102
f 7108/7108/7108 7107/7107/7107 7106/7106/7106
f 7109/7109/7109 7108/7108/7108 7106/7106/7106
f 7112/7112/7112 7111/7111/7111 7110/7110/7110
f 7113/7113/7113 7112/7112/7112 7110/7110/7110
f 7116/7116/7116 7115/7115/7115 7114/7114/7114
f 7117/7117/7117 7116/7116/7116 7114/7114/7114
f 7120/7120/7120 7119/7119/7119 7118/7118/7118
f 7121/7121/7121 7120/7120/7120 7118/7118/7118
f 7124/7124/7124 7123/7123/7123 7122/7122/7122
f 7125/7125/7125 7124/7124/7124 7122/7122/7122
f 7128/7128/7128 7127/7127/7127 7126/7126/7126
f 7129/7129/7129 7128/7128/7128 7126/7126/7126
f 7132/7132/7132 7131/7131/7131 7130/7130/7130
f 7133/7133/7133 7132/7132/7132 7130/7130/7130
f 7136/7136/7136 7135/7135/7135 7134/7134/7134
f 7137/7137/7137 7136/7136/7136 7134/7134/7134
f 7140/7140/7140 7139/7139/7139 7138/7138/7138
f 7141/7141/7141 7140/7140/7140 7138/7138/7138
f 7144/7144/7144 7143/7143/7143 7142/7142/7142
f 7145/7145/7145 7144/7144/7144 7142/7142/7142
f 7148/7148/7148 7147/7147/7147 7146/7146/7146
f 7149/7149/7149 7148/7148/7148 7146/7146/7146
f 7152/7152/7152 7151/7151/7151 7150/7150/7150
f 7153/7153/7153 7152/7152/7152 7150/7150/7150
f 7156/7156/7156 7155/7155/7155 7154/7154/7154
f 7157/7157/7157 7156/7156/7156 7154/7154/7154
f 7160/7160/7160 7159/7159/7159 7158/7158/7158
f 7161/7161/7161 7160/7160/7160 7158/7158/7158
f 7164/7164/7164 7163/7163/7163 7162/7162/7162
f 7165/7165/7165 7164/7164/7164 7162/7162/7162
f 7168/7168/7168 7167/7167/7167 7166/7166/7166
f 7169/7169/7169 7168/7168/7168 7166/7166/7166
f 7172/7172/7172 7171/7171/7171 7170/7170/7170
f 7173/7173/7173 7172/7172/7172 7170/7170/7170
f 7176/7176/7176 7175/7175/7175 7174/7174/7174
f 7177/7177/7177 7176/7176/7176 7174/7174/7174
f 7180/7180/7180 7179/7179/7179 7178/7178/7178
f 7181/7181/7181 7180/7180/7180 7178/7178/7178
f 7184/7184/7184 7183/7183/7183 7182/7182/7182
f 7185/7185/7185 7184/7184/7184 7182/7182/7182
f 7188/7188/7188 7187/7187/7187 7186/7186/7186
f 7189/7189/7189 7188/7188/7188 7186/7186/7186
f 7192/7192/7192 7191/7191/7191 7190/7190/7190
f 7193/7193/7193 7192/7192/7192 7190/7190/7190
f 7196/7196/7196 7195/7195/7195 7194/7194/7194
f 7197/7197/7197 7196/7196/7196 7194/7194/7194
f 7200/7200/7200 7199/7199/7199 7198/7198/7198
f 7201/7201/7201 7200/7200/7200 7198/7198/7198
f 7204/7204/7204 7203/7203/7203 7202/7202/7202
f 7205/7205/7205 7204/7204/7204 7202/7202/7202
f 7208/7208/7208 7207/7207/7207 7206/7206/7206
f 7209/7209/7209 7208/7208/7208 7206/7206/7206
f 7212/7212/7212 7211/7211/7211 7210/7210/7210
f 7213/7213/7213 7212/7212/7212 7210/7210/7210
f 7216/7216/7216 7215/7215/7215 7214/7214/7214
f 7217/7217/7217 7216/7216/7216 7214/7214/7214
f 7220/7220/7220 7219/7219/7219 7218/7218/7218
f 7221/7221/7221 7220/7220/7220 7218/7218/7218
f 7224/7224/7224 7223/7223/7223 7222/7222/7222
f 7225/7225/7225 7224/7224/7224 7222/7222/7222
f 7228/7228/7228 7227/7227/7227 7226/7226/7226
f 7229/7229/7229 7228/7228/7228 7226/7226/7226
f 7232/7232/7232 7231/7231/7231 7230/7230/7230
f 7233/7233/7233 7232/7232/7232 7230/7230/7230
f 7236/7236/7236 7235/7235/7235 7234/7234/7234
f 7237/7237/7237 7236/7236/7236 7234/7234/7234
f 7240/7240/7240 7239/7239/7239 7238/7238/7238
f 7241/7241/7241 7240/7240/7240 7238/7238/7238
f 7244/7244/7244 7243/7243/7243 7242/7242/7242
f 7245/7245/7245 7244/7244/7244 7242/7242/7242
f 7248/7248/7248 7247/7247/7247 7246/7246/7246
f 7249/7249/7249 7248/7248/7248 7246/7246/7246
f 7252/7252/7252 7251/7251/7251 7250/7250/7250
f 7253/7253/7253 7252/7252/7252 7250/7250/7250
f 7256/7256/7256 7255/7255/7255 7254/7254/7254
f 7257/7257/7257 7256/7256/7256 7254/7254/7254
f 7260/7260/7260 7259/7259/7259 7258/7258/7258
f 7261/7261/7261 7260/7260/7260 7258/7258/7258
f 7264/7264/7264 7263/7263/7263 7262/7262/7262
f 7265/7265/7265 7264/7264/7264 7262/7262/7262
f 7268/7268/7268 7267/7267/7267 7266/7266/7266
f 7269/7269/7269 7268/7268/7268 7266/7266/7266
f 7272/7272/7272 7271/7271/7271 7270/7270/7270
f 7273/7273/7273 7272/7272/7272 7270/7270/7270
f 7276/7276/7276 7275/7275/7275 7274/7274/7274
f 7277/7277/7277 7276/7276/7276 7274/7274/7274
f 7280/7280/7280 7279/7279/7279 7278/7278/7278
f 7281/7281/7281 7280/7280/7280 7278/7278/7278
f 7284/7284/7284 7283/7283/7283 7282/7282/7282
f 7285/7285/7285 7284/7284/7284 7282/7282/7282
f 7288/7288/7288 7287/7287/7287 7286/7286/7286
f 7289/7289/7289 7288/7288/7288 7286/7286/7286
f 7292/7292/7292 7291/7291/7291 7290/7290/7290
f 7293/7293/7293 7292/7292/7292 7290/7290/7290
f 7296/7296/7296 7295/7295/7295 7294/7294/7294
f 7297/7297/7297 7296/7296/7296 7294/7294/7294
f 7300/7300/7300 7299/7299/7299 7298/7298/7298
f 7301/7301/7301 7300/7300/7300 7298/7298/7298
f 7304/7304/7304 7303/7303/7303 7302/7302/7302
f 7305/7305/7305 7304/7304/7304 7302/7302/7302
f 7308/7308/7308 7307/7307/7307 7306/7306/7306
f 7309/7309/7309 7308/7308/7308 7306/7306/7306
f 7312/7312/7312 7311/7311/7311 7310/7310/7310
f 7313/7313/7313 7312/7312/7312 7310/7310/7310
f 7316/7316/7316 7315/7315/7315 7314/7314/7314
f 7317/7317/7317 7316/7316/7316 7314/7314/7314
f 7320/7320/7320 7319/7319/7319 7318/7318/7318
f 7321/7321/7321 7320/7320/7320 7318/7318/7318
f 7324/7324/7324 7323/7323/7323 7322/7322/7322
f 7325/7325/7325 7324/7324/7324 7322/7322/7322
f 7328/7328/7328 7327/7327/7327 7326/7326/7326
f 7329/7329/7329 7328/7328/7328 7326/7326/7326
f 7332/7332/7332 7331/7331/7331 7330/7330/7330
f 7333/7333/7333 7332/7332/7332 7330/7330/7330
f 7336/7336/7336 7335/7335/7335 7334/7334/7334
f 7337/7337/7337 7336/7336/7336 7334/7334/7334
f 7340/7340/7340 7339/7339/7339 7338/7338/7338
f 7341/7341/7341 7340/7340/7340 7338/7338/7338
f 7344/7344/7344 7343/7343/7343 7342/7342/7342
f 7345/7345/7345 7344/7344/7344 7342/7342/7342
f 7348/7348/7348 7347/7347/7347 7346/7346/7346
f 7349/7349/7349 7348/7348/7348 7346/7346/7346
f 7352/7352/7352 7351/7351/7351 7350/7350/7350
f 7353/7353/7353 7352/7352/7352 7350/7350/7350
f 7356/7356/7356 7355/7355/7355 7354/7354/7354
f 7357/7357/7357 7356/7356/7356 7354/7354/7354
f 7360/7360/7360 7359/7359/7359 7358/7358/7358
f 7361/7361/7361 7360/7360/7360 7358/7358/7358
f 7364/7364/7364 7363/7363/7363 7362/7362/7362
f 7365/7365/7365 7364/7364/7364 7362/7362/7362
f 7368/7368/7368 7367/7367/7367 7366/7366/7366
f 7369/7369/7369 7368/7368/7368 7366/7366/7366
f 7372/7372/7372 7371/7371/7371 7370/7370/7370
f 7373/7373/7373 7372/7372/7372 7370/7370/7370
f 7376/7376/7376 7375/7375/7375 7374/7374/7374
f 7377/7377/7377 7376/7376/7376 7374/7374/7374
f 7380/7380/7380 7379/7379/7379 7378/7378/7378
f 7381/7381/7381 7380/7380/7380 7378/7378/7378
f 7384/7384/7384 7383/7383/7383 7382/7382/7382
f 7385/7385/7385 7384/7384/7384 7382/7382/7382
f 7388/7388/7388 7387/7387/7387 7386/7386/7386
f 7389/7389/7389 7388/7388/7388 7386/7386/7386
f 7392/7392/7392 7391/7391/7391 7390/7390/7390
f 7393/7393/7393 7392/7392/7392 7390/7390/7390
f 7396/7396/7396 7395/7395/7395 7394/7394/7394
f 7397/7397/7397 7396/7396/7396 7394/7394/7394
f 7400/7400/7400 7399/7399/7399 7398/7398/7398
f 7401/7401/7401 7400/7400/7400 7398/7398/7398
f 7404/7404/7404 7403/7403/7403 7402/7402/7402
f 7405/7405/7405 7404/7404/7404 7402/7402/7402
f 7408/7408/7408 7407/7407/7407 7406/7406/7406
f 7409/7409/7409 7408/7408/7408 7406/7406/7406
f 7412/7412/7412 7411/7411/7411 7410/7410/7410
f 7413/7413/7413 7412/7412/7412 7410/7410/7410
f 7416/7416/7416 7415/7415/7415 7414/7414/7414
f 7417/7417/7417 7416/7416/7416 7414/7414/7414
f 7420/7420/7420 7419/7419/7419 7418/7418/7418
f 7421/7421/7421 7420/7420/7420 7418/7418/7418
f 7424/7424/7424 7423/7423/7423 7422/7422/7422
f 7425/7425/7425 7424/7424/7424 7422/7422/7422
f 7428/7428/7428 7427/7427/7427 7426/7426/7426
f 7429/7429/7429 7428/7428/7428 7426/7426/7426
f 7432/7432/7432 7431/7431/7431 7430/7430/7430
f 7433/7433/7433 7432/7432/7432 7430/7430/7430
f 7436/7436/7436 7435/7435/7435 7434/7434/7434
f 7437/7437/7437 7436/7436/7436 7434/7434/7434
f 7440/7440/7440 7439/7439/7439 7438/7438/7438
f 7441/7441/7441 7440/7440/7440 7438/7438/7438
f 7444/7444/7444 7443/7443/7443 7442/7442/7442
f 7445/7445/7445 7444/7444/7444 7442/7442/7442
f 7448/7448/7448 7447/7447/7447 7446/7446/7446
f 7449/7449/7449 7448/7448/7448 7446/7446/7446
f 7452/7452/7452 7451/7451/7451 7450/7450/7450
f 7453/7453/7453 7452/7452/7452 7450/7450/7450
f 7456/7456/7456 7455/7455/7455 7454/7454/7454
f 7457/7457/7457 7456/7456/7456 7454/7454/7454
f 7460/7460/7460 7459/7459/7459 7458/7458/7458
f 7461/7461/7461 7460/7460/7460 7458/7458/7458
f 7464/7464/7464 7463/7463/7463 7462/7462/7462
f 7465/7465/7465 7464/7464/7464 7462/7462/7462
f 7468/7468/7468 7467/7467/7467 7466/7466/7466
f 7469/7469/7469 7468/7468/7468 7466/7466/7466
f 7472/7472/7472 7471/7471/7471 7470/7470/7470
f 7473/7473/7473 7472/7472/7472 7470/7470/7470
f 7476/7476/7476 7475/7475/7475 7474/7474/7474
f 7477/7477/7477 7476/7476/7476 7474/7474/7474
f 7480/7480/7480 7479/7479/7479 7478/7478/7478
f 7481/7481/7481 7480/7480/7480 7478/7478/7478
f 7484/7484/7484 7483/7483/7483 7482/7482/7482
f 7485/7485/7485 7484/7484/7484 7482/7482/7482
f 7488/7488/7488 7487/7487/7487 7486/7486/7486
f 7489/7489/7489 7488/7488/7488 7486/7486/7486
f 7492/7492/7492 7491/7491/7491 7490/7490/7490
f 7493/7493/7493 7492/7492/7492 7490/7490/7490
f 7496/7496/7496 7495/7495/7495 7494/7494/7494
f 7497/7497/7497 7496/7496/7496 7494/7494/7494
f 7500/7500/7500 7499/7499/7499 7498/7498/7498
f 7501/7501/7501 7500/7500/7500 7498/7498/7498
f 7504/7504/7504 7503/7503/7503 7502/7502/7502
f 7505/7505/7505 7504/7504/7504 7502/7502/7502
f 7508/7508/7508 7507/7507/7507 7506/7506/7506
f 7509/7509/7509 7508/7508/7508 7506/7506/7506
f 7512/7512/7512 7511/7511/7511 7510/7510/7510
f 7513/7513/7513 7512/7512/7512 7510/7510/7510
f 7516/7516/7516 7515/7515/7515 7514/7514/7514
f 7517/7517/7517 7516/7516/7516 7514/7514/7514
f 7520/7520/7520 7519/7519/7519 7518/7518/7518
f 7521/7521/7521 7520/7520/7520 7518/7518/7518
f 7524/7524/7524 7523/7523/7523 7522/7522/7522
f 7525/7525/7525 7524/7524/7524 7522/7522/7522
f 7528/7528/7528 7527/7527/7527 7526/7526/7526
f 7529/7529/7529 7528/7528/7528 7526/7526/7526
f 7532/7532/7532 7531/7531/7531 7530/7530/7530
f 7533/7533/7533 7532/7532/7532 7530/7530/7530
f 7536/7536/7536 7535/7535/7535 7534/7534/7534
f 7537/7537/7537 7536/7536/7536 7534/7534/7534
f 7540/7540/7540 7539/7539/7539 7538/7538/7538
f 7541/7541/7541 7540/7540/7540 7538/7538/7538
f 7544/7544/7544 7543/7543/7543 7542/7542/7542
f 7545/7545/7545 7544/7544/7544 7542/7542/7542
f 7548/7548/7548 7547/7547/7547 7546/7546/7546
f 7549/7549/7549 7548/7548/7548 7546/7546/7546
f 7552/7552/7552 7551/7551/7551 7550/7550/7550
f 7553/7553/7553 7552/7552/7552 7550/7550/7550
f 7556/7556/7556 7555/7555/7555 7554/7554/7554
f 7557/7557/7557 7556/7556/7556 7554/7554/7554
f 7560/7560/7560 7559/7559/7559 7558/7558/7558
f 7561/7561/7561 7560/7560/7560 7558/7558/7558
f 7564/7564/7564 7563/7563/7563 7562/7562/7562
f 7565/7565/7565 7564/7564/7564 7562/7562/7562
f 7568/7568/7568 7567/7567/7567 7566/7566/7566
f 7569/7569/7569 7568/7568/7568 7566/7566/7566
f 7572/7572/7572 7571/7571/7571 7570/7570/7570
f 7573/7573/7573 7572/7572/7572 7570/7570/7570
f 7576/7576/7576 7575/7575/7575 7574/7574/7574
f 7577/7577/7577 7576/7576/7576 7574/7574/7574
f 7580/7580/7580 7579/7579/7579 7578/7578/7578
f 7581/7581/7581 7580/7580/7580 7578/7578/7578
f 7584/7584/7584 7583/7583/7583 7582/7582/7582
f 7585/7585/7585 7584/7584/7584 7582/7582/7582
f 7588/7588/7588 7587/7587/7587 7586/7586/7586
f 7589/7589/7589 7588/7588/7588 7586/7586/7586
f 7592/7592/7592 7591/7591/7591 7590/7590/7590
f 7593/7593/7593 7592/7592/7592 7590/7590/7590
f 7596/7596/7596 7595/7595/7595 7594/7594/7594
f 7597/7597/7597 7596/7596/7596 7594/7594/7594
f 7600/7600/7600 7599/7599/7599 7598/7598/7598
f 7601/7601/7601 7600/7600/7600 7598/7598/7598
f 7604/7604/7604 7603/7603/7603 7602/7602/7602
f 7605/7605/7605 7604/7604/7604 7602/7602/7602
f 7608/7608/7608 7607/7607/7607 7606/7606/7606
f 7609/7609/7609 7608/7608/7608 7606/7606/7606
f 7612/7612/7612 7611/7611/7611 7610/7610/7610
f 7613/7613/7613 7612/7612/7612 7610/7610/7610
f 7616/7616/7616 7615/7615/7615 7614/7614/7614
f 7617/7617/7617 7616/7616/7616 7614/7614/7614
f 7620/7620/7620 7619/7619/7619 7618/7618/7618
f 7621/7621/7621 7620/7620/7620 7618/7618/7618
f 7624/7624/7624 7623/7623/7623 7622/7622/7622
f 7625/7625/7625 7624/7624/7624 7622/7622/7622
f 7628/7628/7628 7627/7627/7627 7626/7626/7626
f 7629/7629/7629 7628/7628/7628 7626/7626/7626
f 7632/7632/7632 7631/7631/7631 7630/7630/7630
f 7633/7633/7633 7632/7632/7632 7630/7630/7630
f 7636/7636/7636 7635/7635/7635 7634/7634/7634
f 7637/7637/7637 7636/7636/7636 7634/7634/7634
f 7640/7640/7640 7639/7639/7639 7638/7638/7638
f 7641/7641/7641 7640/7640/7640 7638/7638/7638
f 7644/7644/7644 7643/7643/7643 7642/7642/7642
f 7645/7645/7645 7644/7644/7644 7642/7642/7642
f 7648/7648/7648 7647/7647/7647 7646/7646/7646
f 7649/7649/7649 7648/7648/7648 7646/7646/7646
f 7652/7652/7652 7651/7651/7651 7650/7650/7650
f 7653/7653/7653 7652/7652/7652 7650/7650/7650
f 7656/7656/7656 7655/7655/7655 7654/7654/7654
f 7657/7657/7657 7656/7656/7656 7654/7654/7654
f 7660/7660/7660 7659/7659/7659 7658/7658/7658
f 7661/7661/7661 7660/7660/7660 7658/7658/7658
f 7664/7664/7664 7663/7663/7663 7662/7662/7662
f 7665/7665/7665 7664/7664/7664 7662/7662/7662
f 7668/7668/7668 7667/7667/7667 7666/7666/7666
f 7669/7669/7669 7668/7668/7668 7666/7666/7666
f 7672/7672/7672 7671/7671/7671 7670/7670/7670
f 7673/7673/7673 7672/7672/7672 7670/7670/7670
f 7676/7676/7676 7675/7675/7675 7674/7674/7674
f 7677/7677/7677 7676/7676/7676 7674/7674/7674
f 7680/7680/7680 7679/7679/7679 7678/7678/7678
f 7681/7681/7681 7680/7680/7680 7678/7678/7678
f 7684/7684/7684 7683/7683/7683 7682/7682/7682
f 7685/7685/7685 7684/7684/7684 7682/7682/7682
f 7688/7688/7688 7687/7687/7687 7686/7686/7686
f 7689/7689/7689 7688/7688/7688 7686/7686/7686
f 7692/7692/7692 7691/7691/7691 7690/7690/7690
f 7693/7693/7693 7692/7692/7692 7690/7690/7690
f 7696/7696/7696 7695/7695/7695 7694/7694/7694
f 7697/7697/7697 7696/7696/7696 7694/7694/7694
f 7700/7700/7700 7699/7699/7699 7698/7698/7698
f 7701/7701/7701 7700/7700/7700 7698/7698/7698
f 7704/7704/7704 7703/7703/7703 7702/7702/7702
f 7705/7705/7705 7704/7704/7704 7702/7702/7702
f 7708/7708/7708 7707/7707/7707 7706/7706/7706
f 7709/7709/7709 7708/7708/7708 7706/7706/7706
f 7712/7712/7712 7711/7711/7711 7710/7710/7710
f 7713/7713/7713 7712/7712/7712 7710/7710/7710
f 7716/7716/7716 7715/7715/7715 7714/7714/7714
f 7717/7717/7717 7716/7716/7716 7714/7714/7714
f 7720/7720/7720 7719/7719/7719 7718/7718/7718
f 7721/7721/7721 7720/7720/7720 7718/7718/7718
f 7724/7724/7724 7723/7723/7723 7722/7722/7722
f 7725/7725/7725 7724/7724/7724 7722/7722/7722
f 7728/7728/7728 7727/7727/7727 7726/7726/7726
f 7729/7729/7729 7728/7728/7728 7726/7726/7726
f 7732/7732/7732 7731/7731/7731 7730/7730/7730
f 7733/7733/7733 7732/7732/7732 7730/7730/7730
f 7736/7736/7736 7735/7735/7735 7734/7734/7734
f 7737/7737/7737 7736/7736/7736 7734/7734/7734
f 7740/7740/7740 7739/7739/7739 7738/7738/7738
f 7741/7741/7741 7740/7740/7740 7738/7738/7738
f 7744/7744/7744 7743/7743/7743 7742/7742/7742
f 7745/7745/7745 7744/7744/7744 7742/7742/7742
f 7748/7748/7748 7747/7747/7747 7746/7746/7746
f 7749/7749/7749 7748/7748/7748 7746/7746/7746
f 7752/7752/7752 7751/7751/7751 7750/7750/7750
f 7753/7753/7753 7752/7752/7752 7750/7750/7750
f 7756/7756/7756 7755/7755/7755 7754/7754/7754
f 7757/7757/7757 7756/7756/7756 7754/7754/7754
f 7760/7760/7760 7759/7759/7759 7758/7758/7758
f 7761/7761/7761 7760/7760/7760 7758/7758/7758
f 7764/7764/7764 7763/7763/7763 7762/7762/7762
f 7765/7765/7765 7764/7764/7764 7762/7762/7762
f 7768/7768/7768 7767/7767/7767 7766/7766/7766
f 7769/7769/7769 7768/7768/7768 7766/7766/7766
f 7772/7772/7772 7771/7771/7771 7770/7770/7770
f 7773/7773/7773 7772/7772/7772 7770/7770/7770
f 7776/7776/7776 7775/7775/7775 7774/7774/7774
f 7777/7777/7777 7776/7776/7776 7774/7774/7774
f 7780/7780/7780 7779/7779/7779 7778/7778/7778
f 7781/7781/7781 7780/7780/7780 7778/7778/7778
f 7784/7784/7784 7783/7783/7783 7782/7782/7782
f 7785/7785/7785 7784/7784/7784 7782/7782/7782
f 7788/7788/7788 7787/7787/7787 7786/7786/7786
f 7789/7789/7789 7788/7788/7788 7786/7786/7786
f 7792/7792/7792 7791/7791/7791 7790/7790/7790
f 7793/7793/7793 7792/7792/7792 7790/7790/7790
f 7796/7796/7796 7795/7795/7795 7794/7794/7794
f 7797/7797/7797 7796/7796/7796 7794/7794/7794
f 7800/7800/7800 7799/7799/7799 7798/7798/7798
f 7801/7801/7801 7800/7800/7800 7798/7798/7798
f 7804/7804/7804 7803/7803/7803 7802/7802/7802
f 7805/7805/7805 7804/7804/7804 7802/7802/7802
f 7808/7808/7808 7807/7807/7807 7806/7806/7806
f 7809/7809/7809 7808/7808/7808 7806/7806/7806
f 7812/7812/7812 7811/7811/7811 7810/7810/7810
f 7813/7813/7813 7812/7812/7812 7810/7810/7810
f 7816/7816/7816 7815/7815/7815 7814/7814/7814
f 7817/7817/7817 7816/7816/7816 7814/7814/7814
f 7820/7820/7820 7819/7819/7819 7818/7818/7818
f 7821/7821/7821 7820/7820/7820 7818/7818/7818
f 7824/7824/7824 7823/7823/7823 7822/7822/7822
f 7825/7825/7825 7824/7824/7824 7822/7822/7822
f 7828/7828/7828 7827/7827/7827 7826/7826/7826
f 7829/7829/7829 7828/7828/7828 7826/7826/7826
f 7832/7832/7832 7831/7831/7831 7830/7830/7830
f 7833/7833/7833 7832/7832/7832 7830/7830/7830
f 7836/7836/7836 7835/7835/7835 7834/7834/7834
f 7837/7837/7837 7836/7836/7836 7834/7834/7834
f 7840/7840/7840 7839/7839/7839 7838/7838/7838
f 7841/7841/7841 7840/7840/7840 7838/7838/7838
f 7844/7844/7844 7843/7843/7843 7842/7842/7842
f 7845/7845/7845 7844/7844/7844 7842/7842/7842
f 7848/7848/7848 7847/7847/7847 7846/7846/7846
f 7849/7849/7849 7848/7848/7848 7846/7846/7846
f 7852/7852/7852 7851/7851/7851 7850/7850/7850
f 7853/7853/7853 7852/7852/7852 7850/7850/7850
f 7856/7856/7856 7855/7855/7855 7854/7854/7854
f 7857/7857/7857 7856/7856/7856 7854/7854/7854
f 7860/7860/7860 7859/7859/7859 7858/7858/7858
f 7861/7861/7861 7860/7860/7860 7858/7858/7858
f 7864/7864/7864 7863/7863/7863 7862/7862/7862
f 7865/7865/7865 7864/7864/7864 7862/7862/7862
f 7868/7868/7868 7867/7867/7867 7866/7866/7866
f 7869/7869/7869 7868/7868/7868 7866/7866/7866
f 7872/7872/7872 7871/7871/7871 7870/7870/7870
f 7873/7873/7873 7872/7872/7872 7870/7870/7870
f 7876/7876/7876 7875/7875/7875 7874/7874/7874
f 7877/7877/7877 7876/7876/7876 7874/7874/7874
f 7880/7880/7880 7879/7879/7879 7878/7878/7878
f 7881/7881/7881 7880/7880/7880 7878/7878/7878
f 7884/7884/7884 7883/7883/7883 7882/7882/7882
f 7885/7885/7885 7884/7884/7884 7882/7882/7882
f 7888/7888/7888 7887/7887/7887 7886/7886/7886
f 7889/7889/7889 7888/7888/7888 7886/7886/7886
f 7892/7892/7892 7891/7891/7891 7890/7890/7890
f 7893/7893/7893 7892/7892/7892 7890/7890/7890
f 7896/7896/7896 7895/7895/7895 7894/7894/7894
f 7897/7897/7897 7896/7896/7896 7894/7894/7894
f 7900/7900/7900 7899/7899/7899 7898/7898/7898
f 7901/7901/7901 7900/7900/7900 7898/7898/7898
f 7904/7904/7904 7903/7903/7903 7902/7902/7902
f 7905/7905/7905 7904/7904/7904 7902/7902/7902
f 7908/7908/7908 7907/7907/7907 7906/7906/7906
f 7909/7909/7909 7908/7908/7908 7906/7906/7906
f 7912/7912/7912 7911/7911/7911 7910/7910/7910
f 7913/7913/7913 7912/7912/7912 7910/7910/7910
f 7916/7916/7916 7915/7915/7915 7914/7914/7914
f 7917/7917/7917 7916/7916/7916 7914/7914/7914
f 7920/7920/7920 7919/7919/7919 7918/7918/7918
f 7921/7921/7921 7920/7920/7920 7918/7918/7918
f 7924/7924/7924 7923/7923/7923 7922/7922/7922
f 7925/7925/7925 7924/7924/7924 7922/7922/7922
f 7928/7928/7928 7927/7927/7927 7926/7926/7926
f 7929/7929/7929 7928/7928/7928 7926/7926/7926
f 7932/7932/7932 7931/7931/7931 7930/7930/7930
f 7933/7933/7933 7932/7932/7932 7930/7930/7930
f 7936/7936/7936 7935/7935/7935 7934/7934/7934
f 7937/7937/7937 7936/7936/7936 7934/7934/7934
f 7940/7940/7940 7939/7939/7939 7938/7938/7938
f 7939/7939/7939 7941/7941/7941 7938/7938/7938
f 7939/7939/7939 7941/7941/7941 7940/7940/7940
f 7941/7941/7941 7938/7938/7938 7940/7940/7940
