g U17_LP
v 34.0403481 19.8113918 -16.0004025
v 34.5406227 19.8113918 -16.0004025
v 34.5406227 19.8113918 -10.6048203
v -34.0403481 18.5613918 -16.0004025
v -33.5745049 18.5613918 -17.1339645
v -32.3810577 18.5613918 -17.6573906
v 34.0403481 18.5613918 -16.0004025
v 32.3810577 18.5613918 -17.6573906
v 33.5745049 18.5613918 -17.1339645
v 33.9611931 18.5613918 -1.11145389
v 33.3312988 18.5613918 -0.291811883
v 32.3810577 18.5613918 0.0266475677
v 1.80242515 -2.04972172 -16.552578
v 1.80242515 -2.33456421 -16.552578
v 1.80242515 -4.34916592 -16.552578
v -6.85591984 -1.85864305 -18.857832
v -6.64720869 -1.85864282 -18.4961567
v -7.06463099 -1.85864282 -18.4961567
v -30.9410572 19.8113918 0.526693344
v -18.006012 19.8113918 0.0266476274
v -18.6730118 19.8113918 0.526693285
v -32.3810577 19.8113918 0.0266475677
v -32.3810577 19.8113918 0.526693285
v -33.3312988 19.8113918 -0.291811883
v -32.3810577 19.8113918 0.0266475677
v -32.3810577 19.8113918 0.526693285
v -33.6395721 19.8113918 0.123354889
v -33.5745049 19.8113918 -17.1339645
v -32.3810577 19.8113918 -18.1357517
v -32.3810577 19.8113918 -17.6573906
v -33.9358368 19.8113918 -17.4799423
v -34.5406227 19.8113918 -16.0004025
v -34.0403481 19.8113918 -16.0004025
v -34.4120789 19.8113918 -0.939421356
v -33.9611931 19.8113918 -1.11145389
v -33.3312988 19.8113918 -0.291811883
v -33.6395721 19.8113918 0.123354889
v -18.6730118 19.8113918 0.526693285
v -18.006012 19.8113918 0.0266476274
v -18.006012 19.8113918 13.9798012
v -18.6730118 19.8113918 14.646801
v -32.3810577 19.8113918 -18.1357517
v -33.9358368 19.8113918 -17.4799423
v -33.9358368 14.4834213 -17.4799423
v -32.3810577 14.4834194 -18.1357517
v -33.9358368 12.9834204 -17.4799423
v -32.3810577 12.9834185 -18.1357517
v -33.9358368 10.0034199 -17.4799423
v -32.3810577 10.0034189 -18.1357517
v -33.9358368 8.50341892 -17.4799423
v -32.3810577 8.50341892 -18.1357517
v -33.9358368 5.5234189 -17.4799423
v -32.3810577 5.5234189 -18.1357517
v -33.9358368 4.0234189 -17.4799423
v -32.3810577 4.0234189 -18.1357517
v -33.9358368 1.04341888 -17.4799423
v -32.3810577 1.04341888 -18.1357517
v -33.9358368 -0.456580758 -17.4799423
v -32.3810577 -0.456580639 -18.1357517
v -33.9358368 -4.34916639 -17.4799423
v -32.3810577 -4.34916592 -18.1357517
v -33.9358368 19.8113918 -17.4799423
v -34.5406227 19.8113918 -16.0004025
v -34.5406227 14.4834213 -16.0004025
v -33.9358368 14.4834213 -17.4799423
v -34.5406227 12.9834204 -16.0004025
v -33.9358368 12.9834204 -17.4799423
v -34.5406227 10.0034199 -16.0004025
v -33.9358368 10.0034199 -17.4799423
v -34.5406227 8.50341892 -16.0004025
v -33.9358368 8.50341892 -17.4799423
v -34.5406227 5.5234189 -16.0004025
v -33.9358368 5.5234189 -17.4799423
v -34.5406227 4.0234189 -16.0004025
v -33.9358368 4.0234189 -17.4799423
v -34.5406227 1.04341888 -16.0004025
v -33.9358368 1.04341888 -17.4799423
v -34.5406227 -0.456580639 -16.0004025
v -33.9358368 -0.456580758 -17.4799423
v -34.5406227 -4.34916592 -16.0004025
v -33.9358368 -4.34916639 -17.4799423
v -34.0403481 19.8113918 -16.0004025
v -34.5406227 19.8113918 -10.6048203
v -34.5406227 19.8113918 -16.0004025
v -34.0403481 19.8113918 -2.31952977
v -34.5406227 19.8113918 -2.31952977
v -11.5010557 1.04342079 -18.1357517
v -11.6510553 1.1934185 -18.3292599
v -17.1110573 1.19341946 -18.3292599
v -17.261055 1.04341984 -18.1357517
v -18.8560562 17.3134212 -18.3292599
v -18.8560562 14.633419 -18.3292599
v -18.7060566 14.4834194 -18.1357517
v -18.7060566 17.4634209 -18.1357517
v -18.7060566 14.4834194 -18.1357517
v -18.8560562 14.633419 -18.3292599
v -24.3160572 14.633419 -18.3292599
v -24.4660568 14.4834194 -18.1357517
v -24.3160572 14.633419 -18.3292599
v -24.3160572 17.3134212 -18.3292599
v -24.4660568 17.4634209 -18.1357517
v -24.4660568 14.4834194 -18.1357517
v -24.3160572 17.3134212 -18.3292599
v -18.8560562 17.3134212 -18.3292599
v -18.7060566 17.4634209 -18.1357517
v -24.4660568 17.4634209 -18.1357517
v -32.3810577 19.8113918 -17.6573906
v -32.3810577 19.8113918 -18.1357517
v -25.181057 19.8113918 -18.1357517
v -25.181057 19.8113918 -17.6573906
v -17.9810562 19.8113918 -18.1357517
v -17.9810562 19.8113918 -17.6536808
v -10.7810555 19.8113918 -18.1357517
v -10.7810555 19.8113918 -17.6453323
v -3.58105564 19.8113918 -18.1357517
v -3.58105564 19.8113918 -17.6432457
v 3.58105564 19.8113918 -18.1357517
v 3.58105564 19.8113918 -17.6432457
v 10.7810555 19.8113918 -17.6453323
v 10.7810555 19.8113918 -18.1357517
v 17.9810562 19.8113918 -17.6536808
v 17.9810562 19.8113918 -18.1357517
v 25.181057 19.8113918 -17.6573906
v 25.181057 19.8113918 -18.1357517
v 32.3810577 19.8113918 -17.6573906
v 32.3810577 19.8113918 -18.1357517
v -26.0510559 17.3134212 -18.3292599
v -26.0510559 14.633419 -18.3292599
v -25.9010563 14.4834194 -18.1357517
v -25.9010563 17.4634209 -18.1357517
v -31.5110569 14.633419 -18.3292599
v -31.5110569 17.3134212 -18.3292599
v -31.6610565 17.4634209 -18.1357517
v -31.6610565 14.4834194 -18.1357517
v -25.9010563 14.4834194 -18.1357517
v -26.0510559 14.633419 -18.3292599
v -31.5110569 14.633419 -18.3292599
v -31.6610565 14.4834194 -18.1357517
v -31.6610565 12.9834185 -18.1357517
v -31.5110569 12.8334217 -18.3292599
v -26.0510559 12.8334217 -18.3292599
v -25.9010563 12.9834185 -18.1357517
v -4.45105457 10.1534176 -18.3292599
v -4.45105457 12.8334188 -18.3292599
v -9.91105556 12.8334217 -18.3292599
v -9.91105556 10.1534195 -18.3292599
v -11.6510553 17.3134212 -18.3292599
v -11.6510553 14.633419 -18.3292599
v -11.5010557 14.4834213 -18.1357517
v -11.5010557 17.4634209 -18.1357517
v -11.6510553 17.3134212 -18.3292599
v -11.5010557 17.4634209 -18.1357517
v -17.261055 17.4634209 -18.1357517
v -17.1110573 17.3134212 -18.3292599
v -17.1110554 14.633419 -18.3292599
v -17.1110573 17.3134212 -18.3292599
v -17.261055 17.4634209 -18.1357517
v -17.261055 14.4834204 -18.1357517
v -11.5010557 14.4834213 -18.1357517
v -11.6510553 14.633419 -18.3292599
v -17.1110554 14.633419 -18.3292599
v -17.261055 14.4834204 -18.1357517
v -11.6510553 17.3134212 -18.3292599
v -17.1110573 17.3134212 -18.3292599
v -17.1110554 14.633419 -18.3292599
v -11.6510553 14.633419 -18.3292599
v -4.45105457 17.3134212 -18.3292599
v -4.45105457 14.633419 -18.3292599
v -4.30105591 14.4834204 -18.1357517
v -4.30105591 17.4634209 -18.1357517
v -10.0610552 12.9834194 -18.1357517
v -9.91105556 12.8334217 -18.3292599
v -4.45105457 12.8334188 -18.3292599
v -4.30105591 12.9834194 -18.1357517
v -9.91105556 14.633419 -18.3292599
v -9.91105556 17.3134212 -18.3292599
v -10.0610542 17.4634209 -18.1357517
v -10.0610542 14.4834204 -18.1357517
v -10.0610542 17.4634209 -18.1357517
v -9.91105556 17.3134212 -18.3292599
v -4.45105457 17.3134212 -18.3292599
v -4.30105591 17.4634209 -18.1357517
v -2.74894333 14.6334171 -18.3292599
v -2.74894333 17.3134193 -18.3292599
v -2.89894104 17.4634209 -18.1357517
v -2.89894104 14.4834213 -18.1357517
v -2.74894333 10.1534176 -18.3292599
v -2.89894104 10.0034189 -18.1357517
v 2.86105537 10.0034189 -18.1357517
v 2.71105766 10.1534176 -18.3292599
v -18.8560562 12.8334188 -18.3292599
v -18.8560562 10.1534195 -18.3292599
v -18.7060566 10.003417 -18.1357517
v -18.7060566 12.9834185 -18.1357517
v -24.3160572 10.1534166 -18.3292599
v -24.3160572 12.8334188 -18.3292599
v -24.4660568 12.9834185 -18.1357517
v -24.4660568 10.0034189 -18.1357517
v -26.0510559 12.8334217 -18.3292599
v -26.0510559 10.1534166 -18.3292599
v -25.9010563 10.003417 -18.1357517
v -25.9010563 12.9834185 -18.1357517
v -31.5110569 10.1534166 -18.3292599
v -31.5110569 12.8334217 -18.3292599
v -31.6610565 12.9834185 -18.1357517
v -31.6610565 10.0034189 -18.1357517
v -25.9010563 10.003417 -18.1357517
v -26.0510559 10.1534166 -18.3292599
v -31.5110569 10.1534166 -18.3292599
v -31.6610565 10.0034189 -18.1357517
v -31.6610565 17.4634209 -18.1357517
v -31.5110569 17.3134212 -18.3292599
v -26.0510559 17.3134212 -18.3292599
v -25.9010563 17.4634209 -18.1357517
v -31.6610565 4.0234189 -18.1357517
v -31.5110569 3.87342024 -18.3292599
v -26.0510559 3.87342024 -18.3292599
v -25.9010563 4.0234189 -18.1357517
v -11.6510553 12.8334188 -18.3292599
v -11.6510553 10.1534176 -18.3292599
v -11.5010557 10.0034189 -18.1357517
v -11.5010557 12.9834185 -18.1357517
v -17.1110573 10.1534176 -18.3292599
v -17.1110554 12.8334217 -18.3292599
v -17.261055 12.9834185 -18.1357517
v -17.261055 10.0034199 -18.1357517
v -17.261055 12.9834185 -18.1357517
v -17.1110554 12.8334217 -18.3292599
v -11.6510553 12.8334188 -18.3292599
v -11.5010557 12.9834185 -18.1357517
v -4.45105457 12.8334188 -18.3292599
v -4.45105457 10.1534176 -18.3292599
v -4.30105591 10.003418 -18.1357517
v -4.30105591 12.9834194 -18.1357517
v -10.0610542 10.003418 -18.1357517
v -4.30105591 10.003418 -18.1357517
v -4.45105457 10.1534176 -18.3292599
v -9.91105556 10.1534195 -18.3292599
v -9.91105556 10.1534195 -18.3292599
v -9.91105556 12.8334217 -18.3292599
v -10.0610552 12.9834194 -18.1357517
v -10.0610542 10.003418 -18.1357517
v -2.74894333 10.1534176 -18.3292599
v -2.74894333 12.8334188 -18.3292599
v -2.89894104 12.9834194 -18.1357517
v -2.89894104 10.0034189 -18.1357517
v 2.86105537 5.5234189 -18.1357517
v 2.71105766 5.67341948 -18.3292599
v -2.74894333 5.67341709 -18.3292599
v -2.89894104 5.5234189 -18.1357517
v -2.89894104 8.50341892 -18.1357517
v -2.74894333 8.3534193 -18.3292599
v 2.71105766 8.3534193 -18.3292599
v 2.86105537 8.50341892 -18.1357517
v -18.8560562 8.35342026 -18.3292599
v -18.8560562 5.673419 -18.3292599
v -18.7060566 5.5234189 -18.1357517
v -18.7060566 8.50341892 -18.1357517
v -24.3160572 5.673419 -18.3292599
v -24.3160572 8.35342121 -18.3292599
v -24.4660568 8.50341892 -18.1357517
v -24.4660568 5.5234189 -18.1357517
v -18.7060566 10.003417 -18.1357517
v -18.8560562 10.1534195 -18.3292599
v -24.3160572 10.1534166 -18.3292599
v -24.4660568 10.0034189 -18.1357517
v -24.3160572 8.35342121 -18.3292599
v -18.8560562 8.35342026 -18.3292599
v -18.7060566 8.50341892 -18.1357517
v -24.4660568 8.50341892 -18.1357517
v -26.0510559 8.35342121 -18.3292599
v -26.0510559 5.67341852 -18.3292599
v -25.9010563 5.5234189 -18.1357517
v -25.9010563 8.50341988 -18.1357517
v -31.5110569 5.67341852 -18.3292599
v -31.5110569 8.35342026 -18.3292599
v -31.6610565 8.50341892 -18.1357517
v -31.6610565 5.5234189 -18.1357517
v -25.9010563 -3.43658066 -18.1357517
v -26.0510559 -3.28658104 -18.3292599
v -31.5110569 -3.28658104 -18.3292599
v -31.6610565 -3.43658066 -18.1357517
v -11.6510553 8.35342026 -18.3292599
v -11.6510553 5.673419 -18.3292599
v -11.5010557 5.5234189 -18.1357517
v -11.5010557 8.50341892 -18.1357517
v -17.1110554 5.673419 -18.3292599
v -17.1110554 8.35342121 -18.3292599
v -17.261055 8.50341892 -18.1357517
v -17.261055 5.52341986 -18.1357517
v -11.5010557 10.0034189 -18.1357517
v -11.6510553 10.1534176 -18.3292599
v -17.1110573 10.1534176 -18.3292599
v -17.261055 10.0034199 -18.1357517
v -11.6510553 12.8334188 -18.3292599
v -17.1110554 12.8334217 -18.3292599
v -17.1110573 10.1534176 -18.3292599
v -11.6510553 10.1534176 -18.3292599
v -17.261055 4.02341986 -18.1357517
v -17.1110573 3.87342024 -18.3292599
v -11.6510553 3.87342024 -18.3292599
v -11.5010557 4.0234189 -18.1357517
v -4.45105457 8.35342121 -18.3292599
v -4.45105457 5.673419 -18.3292599
v -4.30105591 5.5234189 -18.1357517
v -4.30105591 8.50341892 -18.1357517
v -10.0610542 5.52341986 -18.1357517
v -4.30105591 5.5234189 -18.1357517
v -4.45105457 5.673419 -18.3292599
v -9.91105652 5.67341948 -18.3292599
v -9.91105652 5.67341948 -18.3292599
v -9.91105556 8.35342121 -18.3292599
v -10.0610552 8.50341892 -18.1357517
v -10.0610542 5.52341986 -18.1357517
v -10.0610542 14.4834204 -18.1357517
v -4.30105591 14.4834204 -18.1357517
v -4.45105457 14.633419 -18.3292599
v -9.91105556 14.633419 -18.3292599
v -10.0610552 8.50341892 -18.1357517
v -9.91105556 8.35342121 -18.3292599
v -4.45105457 8.35342121 -18.3292599
v -4.30105591 8.50341892 -18.1357517
v -2.89894104 17.4634209 -18.1357517
v -2.74894333 17.3134193 -18.3292599
v 2.71105766 17.3134193 -18.3292599
v 2.86105537 17.4634209 -18.1357517
v -2.89894104 12.9834194 -18.1357517
v -2.74894333 12.8334188 -18.3292599
v 2.71105766 12.8334188 -18.3292599
v 2.86105537 12.9834194 -18.1357517
v 2.86105537 14.4834213 -18.1357517
v 2.71105766 14.6334171 -18.3292599
v -2.74894333 14.6334171 -18.3292599
v -2.89894104 14.4834213 -18.1357517
v -34.5406227 5.5234189 -15.2804022
v -34.6906242 5.673419 -15.1304026
v -34.6906242 5.673419 -13.2804022
v -34.5406227 5.5234189 -13.1304026
v -34.5406227 5.5234189 -13.1304026
v -34.6906242 5.673419 -13.2804022
v -34.6906242 8.3534193 -13.2804022
v -34.5406227 8.50341892 -13.1304026
v -34.5406227 8.50341892 -13.1304026
v -34.6906242 8.3534193 -13.2804022
v -34.6906242 8.35342121 -15.1304026
v -34.5406227 8.50341892 -15.2804022
v -34.5406227 8.50341892 -15.2804022
v -34.6906242 8.35342121 -15.1304026
v -34.6906242 5.673419 -15.1304026
v -34.5406227 5.5234189 -15.2804022
v -34.5406227 10.0034199 -15.2804022
v -34.6906242 10.1534195 -15.1304026
v -34.6906242 10.1534195 -13.2804022
v -34.5406227 10.0034199 -13.1304026
v -34.5406227 10.0034199 -13.1304026
v -34.6906242 10.1534195 -13.2804022
v -34.6906242 12.8334198 -13.2804022
v -34.5406227 12.9834194 -13.1304026
v -34.5406227 12.9834194 -13.1304026
v -34.6906242 12.8334198 -13.2804022
v -34.6906242 12.8334198 -15.1304026
v -34.5406227 12.9834194 -15.2804022
v -34.5406227 12.9834194 -15.2804022
v -34.6906242 12.8334198 -15.1304026
v -34.6906242 10.1534195 -15.1304026
v -34.5406227 10.0034199 -15.2804022
v -34.5406227 14.4834204 -15.2804022
v -34.6906242 14.63342 -15.1304026
v -34.6906242 14.633419 -13.2804022
v -34.5406227 14.4834194 -13.1304026
v -34.5406227 14.4834194 -13.1304026
v -34.6906242 14.633419 -13.2804022
v -34.6906242 17.3134212 -13.2804022
v -34.5406227 17.4634209 -13.1304026
v -34.5406227 17.4634209 -13.1304026
v -34.6906242 17.3134212 -13.2804022
v -34.6906242 17.3134212 -15.1304026
v -34.5406227 17.4634209 -15.2804022
v -34.5406227 17.4634209 -15.2804022
v -34.6906242 17.3134212 -15.1304026
v -34.6906242 14.63342 -15.1304026
v -34.5406227 14.4834204 -15.2804022
v -34.5406227 19.8113918 -2.31952977
v -34.0403481 19.8113918 -2.31952977
v -33.9611931 19.8113918 -1.11145389
v -34.4120789 19.8113918 -0.939421356
v -2.74894333 5.67341709 -18.3292599
v -2.74894333 8.3534193 -18.3292599
v -2.89894104 8.50341892 -18.1357517
v -2.89894104 5.5234189 -18.1357517
v 32.3810577 19.8113918 0.526693285
v 18.6730118 19.8113918 0.526693285
v 18.006012 19.8113918 0.0266476274
v 32.3810577 19.8113918 0.0266475677
v 33.3312988 19.8113918 -0.291811883
v 33.6395721 19.8113918 0.123354889
v 32.3810577 19.8113918 0.526693285
v 32.3810577 19.8113918 0.0266475677
v 33.5745049 19.8113918 -17.1339645
v 32.3810577 19.8113918 -17.6573906
v 32.3810577 19.8113918 -18.1357517
v 33.9358368 19.8113918 -17.4799423
v 34.5406227 19.8113918 -16.0004025
v 34.0403481 19.8113918 -16.0004025
v 34.4120789 19.8113918 -0.939421356
v 33.6395721 19.8113918 0.123354889
v 33.3312988 19.8113918 -0.291811883
v 33.9611931 19.8113918 -1.11145389
v 18.6730118 19.8113918 0.526693285
v 18.6730118 19.8113918 14.646801
v 18.006012 19.8113918 13.9798012
v 18.006012 19.8113918 0.0266476274
v 32.3810577 19.8113918 -18.1357517
v 33.9358368 14.4834213 -17.4799423
v 33.9358368 19.8113918 -17.4799423
v 32.3810577 14.4834194 -18.1357517
v 33.9358368 12.9834204 -17.4799423
v 32.3810577 12.9834185 -18.1357517
v 33.9358368 10.0034199 -17.4799423
v 32.3810577 10.0034189 -18.1357517
v 33.9358368 8.50341892 -17.4799423
v 32.3810577 8.50341892 -18.1357517
v 33.9358368 4.0234189 -17.4799423
v 32.3810577 4.0234189 -18.1357517
v 33.9358368 19.8113918 -17.4799423
v 34.5406227 14.4834213 -16.0004025
v 34.5406227 19.8113918 -16.0004025
v 33.9358368 14.4834213 -17.4799423
v 34.5406227 12.9834204 -16.0004025
v 33.9358368 12.9834204 -17.4799423
v 34.5406227 10.0034199 -16.0004025
v 33.9358368 10.0034199 -17.4799423
v 34.5406227 8.50341892 -16.0004025
v 33.9358368 8.50341892 -17.4799423
v 34.5406227 4.0234189 -16.0004025
v 33.9358368 4.0234189 -17.4799423
v -10.2978611 4.0234189 -16.552578
v 17.9810562 4.0234189 -18.1357517
v -10.2978611 4.0234189 -18.1357517
v 14.3978319 4.0234189 -16.552578
v 14.3978319 4.0234189 -13.052578
v 25.181057 4.0234189 -18.1357517
v 25.181057 4.0234189 -13.052578
v 34.5406227 4.0234189 -13.052578
v 32.3810577 4.0234189 -18.1357517
v 33.9358368 4.0234189 -17.4799423
v 34.5406227 4.0234189 -16.0004025
v 33.9611931 19.8113918 -1.11145389
v 34.0403481 19.8113918 -16.0004025
v 34.5406227 19.8113918 -10.6048203
v 34.4120789 19.8113918 -0.939421356
v 9.91105652 17.3134212 -18.3292599
v 10.0610542 17.4634209 -18.1357517
v 4.30105591 17.4634209 -18.1357517
v 4.45105457 17.3134212 -18.3292599
v 18.8510551 17.3134212 -18.3292599
v 18.7010555 17.4634209 -18.1357517
v 18.7010555 14.4834194 -18.1357517
v 18.8510551 14.633419 -18.3292599
v 24.3110561 14.633419 -18.3292599
v 24.4610558 14.4834194 -18.1357517
v 24.4610558 17.4634209 -18.1357517
v 24.3110561 17.3134212 -18.3292599
v 18.8510551 10.1534195 -18.3292599
v 18.7010555 10.003417 -18.1357517
v 24.4610558 10.0034189 -18.1357517
v 24.3110561 10.1534166 -18.3292599
v 26.0510559 17.3134212 -18.3292599
v 25.9010563 17.4634209 -18.1357517
v 25.9010563 14.4834194 -18.1357517
v 26.0510559 14.633419 -18.3292599
v 26.0510559 14.633419 -18.3292599
v 25.9010563 14.4834194 -18.1357517
v 31.6610565 14.4834194 -18.1357517
v 31.5110569 14.633419 -18.3292599
v 31.5110569 14.633419 -18.3292599
v 31.6610565 14.4834194 -18.1357517
v 31.6610565 17.4634209 -18.1357517
v 31.5110569 17.3134212 -18.3292599
v 31.5110569 17.3134212 -18.3292599
v 31.6610565 17.4634209 -18.1357517
v 25.9010563 17.4634209 -18.1357517
v 26.0510559 17.3134212 -18.3292599
v 11.6510553 17.3134212 -18.3292599
v 11.5010557 17.4634209 -18.1357517
v 11.5010557 14.4834213 -18.1357517
v 11.6510563 14.63342 -18.3292599
v 17.1110573 14.63342 -18.3292599
v 17.261055 14.4834204 -18.1357517
v 17.261055 17.4634209 -18.1357517
v 17.1110573 17.3134212 -18.3292599
v 17.261055 17.4634209 -18.1357517
v 11.5010557 17.4634209 -18.1357517
v 11.6510553 17.3134212 -18.3292599
v 17.1110573 17.3134212 -18.3292599
v 11.6510563 14.63342 -18.3292599
v 11.5010557 14.4834213 -18.1357517
v 17.261055 14.4834204 -18.1357517
v 17.1110573 14.63342 -18.3292599
v 4.45105457 17.3134212 -18.3292599
v 4.30105591 17.4634209 -18.1357517
v 4.30105591 14.4834204 -18.1357517
v 4.45105457 14.63342 -18.3292599
v 9.91105556 12.8334217 -18.3292599
v 10.0610552 12.9834194 -18.1357517
v 4.30105591 12.9834194 -18.1357517
v 4.45105457 12.8334188 -18.3292599
v 9.91105556 14.633419 -18.3292599
v 10.0610542 14.4834204 -18.1357517
v 10.0610542 17.4634209 -18.1357517
v 9.91105652 17.3134212 -18.3292599
v 2.71105766 14.6334171 -18.3292599
v 2.86105537 14.4834213 -18.1357517
v 2.86105537 17.4634209 -18.1357517
v 2.71105766 17.3134193 -18.3292599
v 18.8510551 12.8334188 -18.3292599
v 18.7010555 12.9834185 -18.1357517
v 18.7010555 10.003417 -18.1357517
v 18.8510551 10.1534195 -18.3292599
v 24.3110561 17.3134212 -18.3292599
v 24.4610558 17.4634209 -18.1357517
v 18.7010555 17.4634209 -18.1357517
v 18.8510551 17.3134212 -18.3292599
v 24.3110561 10.1534166 -18.3292599
v 24.4610558 10.0034189 -18.1357517
v 24.4610558 12.9834185 -18.1357517
v 24.3110561 12.8334188 -18.3292599
v 18.8510551 5.67341852 -18.3292599
v 18.7010555 5.5234189 -18.1357517
v 24.4610558 5.5234189 -18.1357517
v 24.3110561 5.673419 -18.3292599
v 26.0510559 12.8334217 -18.3292599
v 25.9010563 12.9834185 -18.1357517
v 25.9010563 10.003417 -18.1357517
v 26.0510559 10.1534166 -18.3292599
v 31.5110569 10.1534166 -18.3292599
v 31.6610565 10.0034189 -18.1357517
v 31.6610565 12.9834185 -18.1357517
v 31.5110569 12.8334188 -18.3292599
v 31.5110569 12.8334188 -18.3292599
v 31.6610565 12.9834185 -18.1357517
v 25.9010563 12.9834185 -18.1357517
v 26.0510559 12.8334217 -18.3292599
v 11.6510553 12.8334188 -18.3292599
v 11.5010557 12.9834185 -18.1357517
v 11.5010557 10.0034189 -18.1357517
v 11.6510553 10.1534176 -18.3292599
v 17.1110573 10.1534176 -18.3292599
v 17.261055 10.0034199 -18.1357517
v 17.261055 12.9834185 -18.1357517
v 17.1110573 12.8334188 -18.3292599
v 17.1110573 12.8334188 -18.3292599
v 17.261055 12.9834185 -18.1357517
v 11.5010557 12.9834185 -18.1357517
v 11.6510553 12.8334188 -18.3292599
v 11.6510553 10.1534176 -18.3292599
v 11.5010557 10.0034189 -18.1357517
v 17.261055 10.0034199 -18.1357517
v 17.1110573 10.1534176 -18.3292599
v 4.45105457 12.8334188 -18.3292599
v 4.30105591 12.9834194 -18.1357517
v 4.30105591 10.003418 -18.1357517
v 4.45105457 10.1534195 -18.3292599
v 4.45105457 10.1534195 -18.3292599
v 4.30105591 10.003418 -18.1357517
v 10.0610542 10.003418 -18.1357517
v 9.91105652 10.1534176 -18.3292599
v 9.91105652 10.1534176 -18.3292599
v 10.0610542 10.003418 -18.1357517
v 10.0610552 12.9834194 -18.1357517
v 9.91105556 12.8334217 -18.3292599
v 4.45105457 5.673419 -18.3292599
v 4.30105591 5.5234189 -18.1357517
v 10.0610542 5.52341986 -18.1357517
v 9.91105556 5.673419 -18.3292599
v 2.71105766 10.1534176 -18.3292599
v 2.86105537 10.0034189 -18.1357517
v 2.86105537 12.9834194 -18.1357517
v 2.71105766 12.8334188 -18.3292599
v 18.8510551 8.35342121 -18.3292599
v 18.7010555 8.50341892 -18.1357517
v 18.7010555 5.5234189 -18.1357517
v 18.8510551 5.67341852 -18.3292599
v 18.8510551 14.633419 -18.3292599
v 18.7010555 14.4834194 -18.1357517
v 24.4610558 14.4834194 -18.1357517
v 24.3110561 14.633419 -18.3292599
v 24.3110561 5.673419 -18.3292599
v 24.4610558 5.5234189 -18.1357517
v 24.4610558 8.50341892 -18.1357517
v 24.3110561 8.35342026 -18.3292599
v 24.3110561 12.8334188 -18.3292599
v 24.4610558 12.9834185 -18.1357517
v 18.7010555 12.9834185 -18.1357517
v 18.8510551 12.8334188 -18.3292599
v 24.3110561 8.35342026 -18.3292599
v 24.4610558 8.50341892 -18.1357517
v 18.7010555 8.50341892 -18.1357517
v 18.8510551 8.35342121 -18.3292599
v 26.0510559 8.35342026 -18.3292599
v 25.9010563 8.50341988 -18.1357517
v 25.9010563 5.5234189 -18.1357517
v 26.0510559 5.67341852 -18.3292599
v 26.0510559 10.1534166 -18.3292599
v 25.9010563 10.003417 -18.1357517
v 31.6610565 10.0034189 -18.1357517
v 31.5110569 10.1534166 -18.3292599
v 31.5110569 5.673419 -18.3292599
v 31.6610565 5.5234189 -18.1357517
v 31.6610565 8.50341892 -18.1357517
v 31.5110569 8.35342026 -18.3292599
v 31.5110569 8.35342026 -18.3292599
v 31.6610565 8.50341892 -18.1357517
v 25.9010563 8.50341988 -18.1357517
v 26.0510559 8.35342026 -18.3292599
v 26.0510559 5.67341852 -18.3292599
v 25.9010563 5.5234189 -18.1357517
v 31.6610565 5.5234189 -18.1357517
v 31.5110569 5.673419 -18.3292599
v 11.6510553 8.35342026 -18.3292599
v 11.5010557 8.50341892 -18.1357517
v 11.5010557 5.5234189 -18.1357517
v 11.6510553 5.67341948 -18.3292599
v 17.1110573 5.67341948 -18.3292599
v 17.261055 5.52341986 -18.1357517
v 17.261055 8.50341892 -18.1357517
v 17.1110573 8.35342026 -18.3292599
v 17.1110573 8.35342026 -18.3292599
v 17.261055 8.50341892 -18.1357517
v 11.5010557 8.50341892 -18.1357517
v 11.6510553 8.35342026 -18.3292599
v 11.6510553 5.67341948 -18.3292599
v 11.5010557 5.5234189 -18.1357517
v 17.261055 5.52341986 -18.1357517
v 17.1110573 5.67341948 -18.3292599
v 4.45105457 8.35342121 -18.3292599
v 4.30105591 8.50341892 -18.1357517
v 4.30105591 5.5234189 -18.1357517
v 4.45105457 5.673419 -18.3292599
v 9.91105556 5.673419 -18.3292599
v 10.0610542 5.52341986 -18.1357517
v 10.0610552 8.50341892 -18.1357517
v 9.91105652 8.35342026 -18.3292599
v 9.91105652 8.35342026 -18.3292599
v 10.0610552 8.50341892 -18.1357517
v 4.30105591 8.50341892 -18.1357517
v 4.45105457 8.35342121 -18.3292599
v 4.45105457 14.63342 -18.3292599
v 4.30105591 14.4834204 -18.1357517
v 10.0610542 14.4834204 -18.1357517
v 9.91105556 14.633419 -18.3292599
v 34.5406227 5.5234189 -15.2804022
v 34.5406227 5.5234189 -13.1304026
v 34.6906242 5.673419 -13.2804022
v 34.6906242 5.67341995 -15.1304026
v 34.5406227 5.5234189 -13.1304026
v 34.5406227 8.50341892 -13.1304026
v 34.6906242 8.3534193 -13.2804022
v 34.6906242 5.673419 -13.2804022
v 34.5406227 8.50341892 -13.1304026
v 34.5406227 8.50341892 -15.2804022
v 34.6906242 8.3534193 -15.1304026
v 34.6906242 8.3534193 -13.2804022
v 34.5406227 8.50341892 -15.2804022
v 34.5406227 5.5234189 -15.2804022
v 34.6906242 5.67341995 -15.1304026
v 34.6906242 8.3534193 -15.1304026
v 34.5406227 10.0034199 -15.2804022
v 34.5406227 10.0034199 -13.1304026
v 34.6906242 10.1534195 -13.2804022
v 34.6906242 10.1534195 -15.1304026
v 34.5406227 10.0034199 -13.1304026
v 34.5406227 12.9834194 -13.1304026
v 34.6906242 12.8334198 -13.2804022
v 34.6906242 10.1534195 -13.2804022
v 34.5406227 12.9834194 -13.1304026
v 34.5406227 12.9834194 -15.2804022
v 34.6906242 12.8334217 -15.1304026
v 34.6906242 12.8334198 -13.2804022
v 34.5406227 12.9834194 -15.2804022
v 34.5406227 10.0034199 -15.2804022
v 34.6906242 10.1534195 -15.1304026
v 34.6906242 12.8334217 -15.1304026
v 34.5406227 14.4834204 -15.2804022
v 34.5406227 14.4834194 -13.1304026
v 34.6906242 14.633419 -13.2804022
v 34.6906242 14.63342 -15.1304026
v 34.5406227 14.4834194 -13.1304026
v 34.5406227 17.4634209 -13.1304026
v 34.6906242 17.3134212 -13.2804022
v 34.6906242 14.633419 -13.2804022
v 34.5406227 17.4634209 -13.1304026
v 34.5406227 17.4634209 -15.2804022
v 34.6906242 17.3134212 -15.1304026
v 34.6906242 17.3134212 -13.2804022
v 34.5406227 17.4634209 -15.2804022
v 34.5406227 14.4834204 -15.2804022
v 34.6906242 14.63342 -15.1304026
v 34.6906242 17.3134212 -15.1304026
v 2.71105766 5.67341948 -18.3292599
v 2.86105537 5.5234189 -18.1357517
v 2.86105537 8.50341892 -18.1357517
v 2.71105766 8.3534193 -18.3292599
v 18.006012 19.8113918 13.9798012
v 18.6730118 19.8113918 14.646801
v -18.6730118 19.8113918 14.646801
v -18.006012 19.8113918 13.9798012
v -33.5745049 19.8113918 -17.1339645
v -33.5745049 18.5613918 -17.1339645
v -34.0403481 18.5613918 -16.0004025
v -34.0403481 19.8113918 -16.0004025
v -33.3312988 19.8113918 -0.291811883
v -33.3312988 18.5613918 -0.291811883
v -32.3810577 18.5613918 0.0266475677
v -32.3810577 19.8113918 0.0266475677
v -18.006012 19.8113918 0.0266476274
v -18.006012 18.5613918 0.0266476274
v -18.006012 18.5613918 13.9798012
v -18.006012 19.8113918 13.9798012
v -32.3810577 19.8113918 -17.6573906
v -32.3810577 18.5613918 -17.6573906
v -33.5745049 18.5613918 -17.1339645
v -33.5745049 19.8113918 -17.1339645
v -33.9611931 19.8113918 -1.11145389
v -33.9611931 18.5613918 -1.11145389
v -33.3312988 18.5613918 -0.291811883
v -33.3312988 19.8113918 -0.291811883
v -18.006012 18.5613918 -17.6573906
v -32.3810577 18.5613918 0.0266475677
v -32.3810577 18.5613918 -17.6573906
v -18.006012 18.5613918 0.0266476274
v -14.0330801 18.6470222 -9.33608437
v -0 18.5613918 -17.6425514
v -0 18.6470222 -9.33608437
v -14.0330801 18.6470222 8.70351791
v 18.006012 18.5613918 -17.6573906
v -18.006012 18.5613918 13.9798012
v 14.0330801 18.6470222 -9.33608437
v -4.27403545 18.6470222 9.91713047
v -4.26507044 18.6470222 8.70351791
v -0 18.6470222 12.362793
v 4.27403545 18.6470222 9.91713047
v 18.006012 18.5613918 13.9798012
v 14.0330801 18.6470222 8.70351791
v 4.26024294 18.6470222 8.70351791
v 18.006012 18.5613918 0.0266476274
v 32.3810577 18.5613918 0.0266475677
v 32.3810577 18.5613918 -17.6573906
v 32.3810577 18.5613918 -17.6573906
v 33.9611931 18.5613918 -1.11145389
v 34.0403481 18.5613918 -16.0004025
v -32.3810577 19.8113918 0.0266475677
v -32.3810577 18.5613918 0.0266475677
v -18.006012 18.5613918 0.0266476274
v -18.006012 19.8113918 0.0266476274
v -34.0403481 19.8113918 -2.31952977
v -34.0403481 18.5613918 -2.31952977
v -33.9611931 18.5613918 -1.11145389
v -33.9611931 19.8113918 -1.11145389
v -34.0403481 19.8113918 -16.0004025
v -34.0403481 18.5613918 -16.0004025
v -34.0403481 18.5613918 -2.31952977
v -34.0403481 19.8113918 -2.31952977
v -32.3810577 18.5613918 -17.6573906
v -34.0403481 18.5613918 -2.31952977
v -34.0403481 18.5613918 -16.0004025
v 4.27403545 18.6470222 9.91713047
v -0 18.6470222 12.362793
v -0 22.9721527 12.362793
v 4.27403498 22.9721527 9.91713047
v -18.006012 19.8113918 -17.6573906
v -32.3810577 18.5613918 -17.6573906
v -32.3810577 19.8113918 -17.6573906
v -18.006012 18.5613918 -17.6573906
v -17.9810562 19.8113918 -17.6536808
v -18.006012 19.8113918 -17.6573906
v -10.7810555 19.8113918 -17.6453323
v -0 18.5613918 -17.6425514
v -3.58105564 19.8113918 -17.6432457
v 3.58105564 19.8113918 -17.6432457
v 10.7810555 19.8113918 -17.6453323
v 18.006012 18.5613918 -17.6573906
v 17.9810562 19.8113918 -17.6536808
v 25.181057 19.8113918 -17.6573906
v 32.3810577 19.8113918 -17.6573906
v 32.3810577 18.5613918 -17.6573906
v -33.9611931 18.5613918 -1.11145389
v -34.0403481 18.5613918 -2.31952977
v -32.3810577 18.5613918 0.0266475677
v -33.3312988 18.5613918 -0.291811883
v 33.5745049 19.8113918 -17.1339645
v 34.0403481 19.8113918 -16.0004025
v 34.0403481 18.5613918 -16.0004025
v 33.5745049 18.5613918 -17.1339645
v 33.3312988 19.8113918 -0.291811883
v 32.3810577 19.8113918 0.0266475677
v 32.3810577 18.5613918 0.0266475677
v 33.3312988 18.5613918 -0.291811883
v 18.006012 19.8113918 0.0266476274
v 18.006012 19.8113918 13.9798012
v 18.006012 18.5613918 13.9798012
v 18.006012 18.5613918 0.0266476274
v 32.3810577 19.8113918 -17.6573906
v 33.5745049 19.8113918 -17.1339645
v 33.5745049 18.5613918 -17.1339645
v 32.3810577 18.5613918 -17.6573906
v 33.9611931 19.8113918 -1.11145389
v 33.3312988 19.8113918 -0.291811883
v 33.3312988 18.5613918 -0.291811883
v 33.9611931 18.5613918 -1.11145389
v 32.3810577 19.8113918 0.0266475677
v 18.006012 19.8113918 0.0266476274
v 18.006012 18.5613918 0.0266476274
v 32.3810577 18.5613918 0.0266475677
v 34.0403481 19.8113918 -16.0004025
v 33.9611931 19.8113918 -1.11145389
v 33.9611931 18.5613918 -1.11145389
v 34.0403481 18.5613918 -16.0004025
v 18.006012 18.5613918 13.9798012
v 18.006012 19.8113918 13.9798012
v -18.006012 19.8113918 13.9798012
v -18.006012 18.5613918 13.9798012
v -26.0510559 17.3134212 -18.3292599
v -31.5110569 17.3134212 -18.3292599
v -31.5110569 14.633419 -18.3292599
v -26.0510559 14.633419 -18.3292599
v -18.8560562 17.3134212 -18.3292599
v -24.3160572 17.3134212 -18.3292599
v -24.3160572 14.633419 -18.3292599
v -18.8560562 14.633419 -18.3292599
v 2.71105766 17.3134193 -18.3292599
v -2.74894333 17.3134193 -18.3292599
v -2.74894333 14.6334171 -18.3292599
v 2.71105766 14.6334171 -18.3292599
v 9.91105652 17.3134212 -18.3292599
v 4.45105457 17.3134212 -18.3292599
v 4.45105457 14.63342 -18.3292599
v 9.91105556 14.633419 -18.3292599
v 17.1110573 17.3134212 -18.3292599
v 11.6510553 17.3134212 -18.3292599
v 11.6510563 14.63342 -18.3292599
v 17.1110573 14.63342 -18.3292599
v 24.3110561 17.3134212 -18.3292599
v 18.8510551 17.3134212 -18.3292599
v 18.8510551 14.633419 -18.3292599
v 24.3110561 14.633419 -18.3292599
v 31.5110569 17.3134212 -18.3292599
v 26.0510559 17.3134212 -18.3292599
v 26.0510559 14.633419 -18.3292599
v 31.5110569 14.633419 -18.3292599
v -18.8560562 10.1534195 -18.3292599
v -18.8560562 12.8334188 -18.3292599
v -24.3160572 12.8334188 -18.3292599
v -24.3160572 10.1534166 -18.3292599
v -17.261055 8.50341892 -18.1357517
v -17.1110554 8.35342121 -18.3292599
v -11.6510553 8.35342026 -18.3292599
v -11.5010557 8.50341892 -18.1357517
v 2.71105766 12.8334188 -18.3292599
v -2.74894333 12.8334188 -18.3292599
v -2.74894333 10.1534176 -18.3292599
v 2.71105766 10.1534176 -18.3292599
v 9.91105556 12.8334217 -18.3292599
v 4.45105457 12.8334188 -18.3292599
v 4.45105457 10.1534195 -18.3292599
v 9.91105652 10.1534176 -18.3292599
v 17.1110573 12.8334188 -18.3292599
v 11.6510553 12.8334188 -18.3292599
v 11.6510553 10.1534176 -18.3292599
v 17.1110573 10.1534176 -18.3292599
v 24.3110561 12.8334188 -18.3292599
v 18.8510551 12.8334188 -18.3292599
v 18.8510551 10.1534195 -18.3292599
v 24.3110561 10.1534166 -18.3292599
v 31.5110569 12.8334188 -18.3292599
v 26.0510559 12.8334217 -18.3292599
v 26.0510559 10.1534166 -18.3292599
v 31.5110569 10.1534166 -18.3292599
v -26.0510559 12.8334217 -18.3292599
v -31.5110569 12.8334217 -18.3292599
v -31.5110569 10.1534166 -18.3292599
v -26.0510559 10.1534166 -18.3292599
v -18.8560562 8.35342026 -18.3292599
v -24.3160572 8.35342121 -18.3292599
v -24.3160572 5.673419 -18.3292599
v -18.8560562 5.673419 -18.3292599
v -11.6510553 8.35342026 -18.3292599
v -17.1110554 8.35342121 -18.3292599
v -17.1110554 5.673419 -18.3292599
v -11.6510553 5.673419 -18.3292599
v 2.71105766 8.3534193 -18.3292599
v -2.74894333 8.3534193 -18.3292599
v -2.74894333 5.67341709 -18.3292599
v 2.71105766 5.67341948 -18.3292599
v 9.91105652 8.35342026 -18.3292599
v 4.45105457 8.35342121 -18.3292599
v 4.45105457 5.673419 -18.3292599
v 9.91105556 5.673419 -18.3292599
v 17.1110573 5.67341948 -18.3292599
v 17.1110573 8.35342026 -18.3292599
v 11.6510553 8.35342026 -18.3292599
v 11.6510553 5.67341948 -18.3292599
v 24.3110561 8.35342026 -18.3292599
v 18.8510551 8.35342121 -18.3292599
v 18.8510551 5.67341852 -18.3292599
v 24.3110561 5.673419 -18.3292599
v 31.5110569 8.35342026 -18.3292599
v 26.0510559 8.35342026 -18.3292599
v 26.0510559 5.67341852 -18.3292599
v 31.5110569 5.673419 -18.3292599
v -11.5010557 -3.43658113 -18.1357517
v -11.6510553 -3.28658295 -18.3292599
v -17.1110573 -3.28658247 -18.3292599
v -17.261055 -3.43658209 -18.1357517
v -34.4120789 1.04341888 -0.939421415
v -34.4120789 -4.34916592 -0.939421296
v -34.5406227 -4.34916592 -2.31952953
v -34.5406227 1.043419 -2.31952953
v -34.4120789 5.5234189 -0.939421415
v -34.5406227 5.5234189 -2.31952953
v -34.4120789 10.0034199 -0.939421415
v -34.5406227 10.0034199 -2.31952953
v -34.5406227 14.4834194 -2.31952953
v -34.4120789 14.4834204 -0.939421296
v -34.5406227 19.8113918 -2.31952977
v -34.4120789 19.8113918 -0.939421356
v -10.2978611 4.0234189 -16.552578
v -10.2978601 -4.34916592 -18.1357517
v -10.2978601 -4.34916592 -16.552578
v -10.2978601 0.2934196 -18.1357517
v -10.2978611 4.0234189 -18.1357517
v -19.4267044 0.251829863 -18.1357517
v -19.4267044 0.251829863 -17.6357517
v -19.4267044 -4.34916639 -17.6357517
v -19.4267044 -4.34916639 -18.1357517
v -26.0510559 -0.606580734 -18.3292599
v -26.0510559 -3.28658104 -18.3292599
v -25.9010563 -3.43658066 -18.1357517
v -25.9010563 -0.456580639 -18.1357517
v -32.3810577 1.04341877 0.526693285
v -29.2864151 -4.34916639 0.526693285
v -32.3810577 -4.34916639 0.526693285
v -29.2864151 -2.65215015 0.526693285
v -30.9410572 1.043419 0.526693344
v -30.9410572 5.5234189 0.526693344
v -32.3810577 5.5234189 0.526693285
v -29.2864151 5.30008984 0.526693344
v -30.9410572 8.50341892 0.526693344
v -32.3810577 10.0034189 0.526693285
v -30.9410572 10.0034189 0.526693344
v -32.3810577 14.4834194 0.526693344
v -30.9410572 12.9834127 0.526693344
v -30.9410572 14.4834194 0.526693344
v -32.3810577 19.8113918 0.526693285
v -30.9410572 19.8113918 0.526693344
v -28.1010571 5.5834198 0.526693344
v -30.9410572 8.56342125 0.526693344
v -28.5364151 5.30008984 0.526693344
v -28.1010571 8.56342125 0.526693344
v -25.9510555 5.5834198 0.526693344
v -30.9410572 10.0334196 0.526693344
v -28.5364151 5.10009003 0.526693344
v -28.1010571 10.0334196 0.526693344
v -30.9410572 13.0134211 0.526693344
v -25.9510555 8.56342125 0.526693344
v -24.4925575 5.5834198 0.526693344
v -18.6730118 5.10009003 0.526693285
v -20.1867733 5.5834198 0.526693344
v -20.1867733 8.56342125 0.526693344
v -18.6730118 8.28043747 0.526693285
v -20.1867733 10.0334196 0.526694298
v -24.4925575 8.56342125 0.526693344
v -28.1010571 13.0134211 0.526693344
v -25.9510555 10.0334196 0.526693344
v -24.4925575 10.0334196 0.526693344
v -25.9510555 13.0134211 0.526693344
v -24.4925575 13.0134211 0.526693344
v -28.1010571 14.4834194 0.526693344
v -25.9510555 14.4834194 0.526693344
v -28.1010571 17.4634209 0.526693344
v -25.9510555 17.4634209 0.526693344
v -24.4925575 14.4834194 0.526693344
v -20.1867733 13.0134211 0.526693344
v -24.4925575 17.4634209 0.526693344
v -18.6730118 19.8113918 0.526693285
v -20.1867733 17.4634209 0.526694298
v -18.6730118 13.4008045 0.526693344
v -20.1867733 14.4834194 0.526693344
v -20.1867733 10.0334196 0.526694298
v -24.4925575 10.0334196 0.526693344
v -20.1867733 8.56342125 0.526693344
v -33.6395721 1.04341877 0.123354889
v -32.3810577 -4.34916639 0.526693285
v -33.6395721 -4.34916639 0.12335483
v -32.3810577 1.04341877 0.526693285
v -32.3810577 5.5234189 0.526693285
v -33.6395721 5.5234189 0.123354889
v -32.3810577 10.0034189 0.526693285
v -33.6395721 10.0034199 0.123354882
v -33.6395721 14.4834213 0.12335486
v -32.3810577 14.4834194 0.526693344
v -33.6395721 19.8113918 0.123354889
v -32.3810577 19.8113918 0.526693285
v -34.4120789 1.04341888 -0.939421415
v -33.6395721 -4.34916639 0.12335483
v -34.4120789 -4.34916592 -0.939421296
v -33.6395721 1.04341877 0.123354889
v -33.6395721 5.5234189 0.123354889
v -34.4120789 5.5234189 -0.939421415
v -33.6395721 10.0034199 0.123354882
v -34.4120789 10.0034199 -0.939421415
v -34.4120789 14.4834204 -0.939421296
v -33.6395721 14.4834213 0.12335486
v -34.4120789 19.8113918 -0.939421356
v -33.6395721 19.8113918 0.123354889
v -34.5406227 -3.43658066 -15.2804022
v -34.6906242 -3.28658009 -15.1304026
v -34.6906242 -3.28658104 -13.2804022
v -34.5406227 -3.43658066 -13.1304026
v -34.5406227 -0.456580639 -13.1304026
v -34.6906242 -0.606578827 -13.2804022
v -34.6906242 -0.606580734 -15.1304026
v -34.5406227 -0.456580639 -15.2804022
v -34.5406227 -0.456580639 -15.2804022
v -34.6906242 -0.606580734 -15.1304026
v -34.6906242 -3.28658009 -15.1304026
v -34.5406227 -3.43658066 -15.2804022
v -34.5406227 1.043419 -2.31952953
v -34.5406227 -4.34916592 -2.31952953
v -34.5406227 -4.34916592 -8.07923794
v -34.5406227 1.043419 -8.07923794
v -34.5406227 5.5234189 -2.31952953
v -34.5406227 5.5234189 -8.07923794
v -34.5406227 10.0034199 -2.31952953
v -34.5406227 -0.456580639 -13.1304026
v -34.5406227 -3.43658066 -13.1304026
v -34.5406227 -4.34916592 -16.0004025
v -34.5406227 -3.43658066 -15.2804022
v -34.5406227 -0.456580639 -15.2804022
v -34.5406227 -0.456580639 -16.0004025
v -34.5406227 1.043419 -13.1304026
v -34.5406227 1.043419 -15.2804022
v -34.5406227 1.04341888 -16.0004025
v -34.5406227 4.0234189 -15.2804022
v -34.5406227 4.0234189 -13.1304026
v -34.5406227 4.0234189 -16.0004025
v -34.5406227 5.5234189 -13.1304026
v -34.5406227 5.5234189 -15.2804022
v -34.5406227 5.5234189 -16.0004025
v -34.5406227 8.50341892 -15.2804022
v -34.5406227 8.50341892 -16.0004025
v -34.5406227 10.0034199 -8.07923794
v -34.5406227 8.50341892 -13.1304026
v -34.5406227 10.0034199 -15.2804022
v -34.5406227 10.0034199 -16.0004025
v -34.5406227 10.0034199 -13.1304026
v -34.5406227 12.9834194 -15.2804022
v -34.5406227 12.9834204 -16.0004025
v -34.5406227 14.4834194 -8.07923794
v -34.5406227 14.4834194 -2.31952953
v -34.5406227 12.9834194 -13.1304026
v -34.5406227 14.4834204 -15.2804022
v -34.5406227 14.4834213 -16.0004025
v -34.5406227 14.4834194 -13.1304026
v -34.5406227 17.4634209 -15.2804022
v -34.5406227 19.8113918 -16.0004025
v -34.5406227 19.8113918 -10.6048203
v -34.5406227 19.8113918 -2.31952977
v -34.5406227 17.4634209 -13.1304026
v -18.8560562 3.87342024 -18.3292599
v -18.8560562 1.1934185 -18.3292599
v -18.7060566 1.04341888 -18.1357517
v -18.7060566 4.0234189 -18.1357517
v -18.7060566 5.5234189 -18.1357517
v -18.8560562 5.673419 -18.3292599
v -24.3160572 5.673419 -18.3292599
v -24.4660568 5.5234189 -18.1357517
v -24.3160572 1.1934185 -18.3292599
v -24.3160572 3.87342024 -18.3292599
v -24.4660568 4.0234189 -18.1357517
v -24.4660568 1.04341888 -18.1357517
v -18.7060566 1.04341888 -18.1357517
v -18.8560562 1.1934185 -18.3292599
v -24.3160572 1.1934185 -18.3292599
v -24.4660568 1.04341888 -18.1357517
v -26.0510559 3.87342024 -18.3292599
v -26.0510559 1.1934185 -18.3292599
v -25.9010563 1.043419 -18.1357517
v -25.9010563 4.0234189 -18.1357517
v -31.5110569 1.1934185 -18.3292599
v -31.5110569 3.87342024 -18.3292599
v -31.6610565 4.0234189 -18.1357517
v -31.6610565 1.04341888 -18.1357517
v -31.6610565 -0.456580639 -18.1357517
v -31.5110569 -0.606579304 -18.3292599
v -26.0510559 -0.606580734 -18.3292599
v -25.9010563 -0.456580639 -18.1357517
v -25.9010563 5.5234189 -18.1357517
v -26.0510559 5.67341852 -18.3292599
v -31.5110569 5.67341852 -18.3292599
v -31.6610565 5.5234189 -18.1357517
v -17.1110573 1.19341946 -18.3292599
v -17.1110573 3.87342024 -18.3292599
v -17.261055 4.02341986 -18.1357517
v -17.261055 1.04341984 -18.1357517
v -34.5406227 1.043419 -15.2804022
v -34.6906242 1.19341898 -15.1304026
v -34.6906242 1.1934185 -13.2804022
v -34.5406227 1.043419 -13.1304026
v -34.5406227 1.043419 -13.1304026
v -34.6906242 1.1934185 -13.2804022
v -34.6906242 3.87341881 -13.2804022
v -34.5406227 4.0234189 -13.1304026
v -34.5406227 4.0234189 -13.1304026
v -34.6906242 3.87341881 -13.2804022
v -34.6906242 3.87342072 -15.1304026
v -34.5406227 4.0234189 -15.2804022
v -34.5406227 4.0234189 -15.2804022
v -34.6906242 3.87342072 -15.1304026
v -34.6906242 1.19341898 -15.1304026
v -34.5406227 1.043419 -15.2804022
v 25.181057 0.310639143 -13.052578
v 34.5406227 0.310639143 -13.052578
v 34.5406227 4.0234189 -13.052578
v 25.181057 4.0234189 -13.052578
v 14.3978319 4.0234189 -13.052578
v 14.3978319 0.310639143 -13.052578
v 34.4120789 0.310639143 -0.939421415
v 33.6395721 0.310639143 0.123354912
v 33.6395721 5.5234189 0.123354912
v 34.4120789 5.5234189 -0.939421415
v 33.6395721 10.0034199 0.123354882
v 34.4120789 10.0034199 -0.939421415
v 33.6395721 14.4834213 0.12335486
v 34.4120789 14.4834204 -0.939421296
v 33.6395721 19.8113918 0.123354889
v 34.4120789 19.8113918 -0.939421356
v 33.6395721 0.310639143 0.123354912
v 32.3810577 0.310639143 0.526693285
v 32.3810577 5.5234189 0.526693285
v 33.6395721 5.5234189 0.123354912
v 32.3810577 10.0034189 0.526693285
v 33.6395721 10.0034199 0.123354882
v 32.3810577 14.4834194 0.526693344
v 33.6395721 14.4834213 0.12335486
v 32.3810577 19.8113918 0.526693285
v 33.6395721 19.8113918 0.123354889
v 32.3810577 0.310639143 0.526693285
v 29.2864151 0.310639143 0.526693344
v 29.2864151 5.30008984 0.526693344
v 32.3810577 5.5234189 0.526693285
v 28.1010571 5.5834198 0.526693344
v 28.5364151 5.30008984 0.526693344
v 32.3810577 10.0034189 0.526693285
v 25.9510555 5.5834198 0.526693344
v 28.5364151 5.10009003 0.526693344
v 28.1010571 8.56342125 0.526693344
v 18.6730118 5.10009003 0.526693344
v 28.1010571 10.0334196 0.526693344
v 32.3810577 14.4834194 0.526693344
v 25.9510555 8.56342125 0.526693344
v 28.1010571 13.0134211 0.526693344
v 25.9510555 10.0334206 0.526693344
v 28.1010571 14.4834194 0.526693344
v 32.3810577 19.8113918 0.526693285
v 25.9510555 13.0134211 0.526693344
v 28.1010571 17.4634209 0.526693344
v 25.9510555 17.4634209 0.526693344
v 25.9510555 14.4834204 0.526693344
v 24.4925575 5.5834198 0.526693344
v 20.1867733 5.5834198 0.526694298
v 24.4925575 8.56342125 0.526693344
v 20.1867733 8.56342125 0.526693344
v 18.6730118 9.29841995 0.526693285
v 24.4925575 10.0334196 0.526693344
v 20.1867733 10.0334196 0.526694298
v 24.4925575 13.0134211 0.526693344
v 20.1867733 13.0134211 0.526694298
v 18.6730118 13.0258198 0.526693344
v 24.4925575 14.4834194 0.526693344
v 20.1867733 14.4834194 0.526694298
v 20.1867733 17.4634209 0.526694298
v 18.6730118 19.8113918 0.526693285
v 24.4925575 17.4634209 0.526693344
v 17.7013397 0.310639143 -16.2680035
v 18.251339 0.310639143 -16.2680035
v 18.251339 4.0234189 -16.2680035
v 17.7013397 4.0234189 -16.2680035
v 17.7013397 0.310639143 -15.7180042
v 17.7013397 0.310639143 -16.2680035
v 17.7013397 4.0234189 -16.2680035
v 17.7013397 4.0234189 -15.7180042
v 18.251339 0.310639143 -15.7180042
v 17.7013397 0.310639143 -15.7180042
v 17.7013397 4.0234189 -15.7180042
v 18.251339 4.0234189 -15.7180042
v 18.251339 0.310639143 -16.2680035
v 18.251339 0.310639143 -15.7180042
v 18.251339 4.0234189 -15.7180042
v 18.251339 4.0234189 -16.2680035
v 24.9002075 0.310639143 -16.2680035
v 25.4502068 0.310639143 -16.2680035
v 25.4502068 4.0234189 -16.2680035
v 24.9002075 4.0234189 -16.2680035
v 24.9002075 0.310639143 -15.7180042
v 24.9002075 0.310639143 -16.2680035
v 24.9002075 4.0234189 -16.2680035
v 24.9002075 4.0234189 -15.7180042
v 25.4502068 0.310639143 -15.7180042
v 24.9002075 0.310639143 -15.7180042
v 24.9002075 4.0234189 -15.7180042
v 25.4502068 4.0234189 -15.7180042
v 25.4502068 0.310639143 -16.2680035
v 25.4502068 0.310639143 -15.7180042
v 25.4502068 4.0234189 -15.7180042
v 25.4502068 4.0234189 -16.2680035
v 32.0859528 0.310639143 -16.2680035
v 32.6359482 0.310639143 -16.2680035
v 32.6359482 4.0234189 -16.2680035
v 32.0859528 4.0234189 -16.2680035
v 32.0859528 0.310639143 -15.7180042
v 32.0859528 0.310639143 -16.2680035
v 32.0859528 4.0234189 -16.2680035
v 32.0859528 4.0234189 -15.7180042
v 32.6359482 0.310639143 -15.7180042
v 32.0859528 0.310639143 -15.7180042
v 32.0859528 4.0234189 -15.7180042
v 32.6359482 4.0234189 -15.7180042
v 32.6359482 0.310639143 -16.2680035
v 32.6359482 0.310639143 -15.7180042
v 32.6359482 4.0234189 -15.7180042
v 32.6359482 4.0234189 -16.2680035
v 3.59868288 1.31063914 -18.1357517
v 3.59868288 -4.34916592 -18.1357517
v 3.5986824 -4.34916592 -16.552578
v 3.5986824 0.310639143 -16.552578
v 3.59868288 1.31063914 -16.552578
v -3.58105564 1.31063914 -18.1357517
v 3.59868288 1.31063914 -18.1357517
v 3.59868288 1.31063914 -16.552578
v -3.58105564 1.31063914 -16.552578
v -3.58105564 1.31063914 -18.1357517
v -3.58105564 -4.34916592 -18.1357517
v -3.28105569 -4.34916592 -18.1357517
v -3.28105569 1.01063919 -18.1357517
v 3.59868288 -4.34916592 -18.1357517
v 3.59868288 1.31063914 -18.1357517
v 3.29868293 1.01063919 -18.1357517
v 3.29868293 -4.34916592 -18.1357517
v 3.59868288 1.31063914 -18.1357517
v -3.58105564 1.31063914 -18.1357517
v -3.28105569 1.01063919 -18.1357517
v 3.29868293 1.01063919 -18.1357517
v -3.28105569 1.01063919 -18.1357517
v -3.28105569 -4.34916592 -18.1357517
v -3.28105569 -4.34916592 -16.552578
v -3.28105569 1.01063919 -16.552578
v 3.24868298 0.910639167 -18.1357517
v -3.2310555 0.910639167 -18.1357517
v -3.2310555 0.210639179 -18.1357517
v 3.24868298 0.210639179 -18.1357517
v -3.58105564 -4.34916592 -18.1357517
v -3.58105564 1.31063914 -18.1357517
v -3.58105564 1.31063914 -16.552578
v -3.58105564 -4.34916592 -16.552578
v 3.5986824 -4.34916592 -16.552578
v 4.53468323 -4.34916592 -16.552578
v 4.53468323 -2.03374481 -16.552578
v 3.5986824 0.310639143 -16.552578
v 10.5324717 -2.03374481 -16.552578
v 14.3978319 0.310639143 -16.552578
v 10.5324717 -4.34916592 -16.552578
v 14.3978319 -4.34916592 -16.552578
v 4.53468275 -4.34916592 -16.2525787
v 10.5324717 -4.34916592 -16.2525787
v 10.5324717 -2.03374481 -16.2525787
v 4.53468275 -2.03374481 -16.2525787
v 10.5324717 -2.03374481 -16.552578
v 10.5324717 -2.03374481 -16.2525787
v 10.5324717 -4.34916592 -16.2525787
v 10.5324717 -4.34916592 -16.552578
v 4.53468323 -2.03374481 -16.552578
v 4.53468275 -2.03374481 -16.2525787
v 10.5324717 -2.03374481 -16.2525787
v 10.5324717 -2.03374481 -16.552578
v 4.53468323 -4.34916592 -16.552578
v 4.53468275 -4.34916592 -16.2525787
v 4.53468275 -2.03374481 -16.2525787
v 4.53468323 -2.03374481 -16.552578
v -11.6510553 -0.606581688 -18.3292599
v -11.6510553 -3.28658295 -18.3292599
v -11.5010557 -3.43658113 -18.1357517
v -11.5010557 -0.456583023 -18.1357517
v -17.1110573 -3.28658247 -18.3292599
v -17.1110573 -0.606581688 -18.3292599
v -17.261055 -0.456582069 -18.1357517
v -17.261055 -3.43658209 -18.1357517
v -11.5010557 -0.456583023 -18.1357517
v -17.261055 -0.456582069 -18.1357517
v -17.1110573 -0.606581688 -18.3292599
v -11.6510553 -0.606581688 -18.3292599
v -31.5110569 -3.28658104 -18.3292599
v -31.5110569 -0.606579304 -18.3292599
v -31.6610565 -0.456580639 -18.1357517
v -31.6610565 -3.43658066 -18.1357517
v -31.6610565 8.50341892 -18.1357517
v -31.5110569 8.35342026 -18.3292599
v -26.0510559 8.35342121 -18.3292599
v -25.9010563 8.50341988 -18.1357517
v -25.9010563 1.043419 -18.1357517
v -26.0510559 1.1934185 -18.3292599
v -31.5110569 1.1934185 -18.3292599
v -31.6610565 1.04341888 -18.1357517
v -24.4610558 -4.34916639 -18.1357517
v -23.7354069 -4.34916639 -18.1357517
v -23.7354069 0.251829863 -18.1357517
v -24.4660568 1.04341888 -18.1357517
v -19.4267044 0.251829863 -18.1357517
v -18.7060566 1.04341888 -18.1357517
v -19.4267044 -4.34916639 -18.1357517
v -18.7010555 -4.34916639 -18.1357517
v -25.9010563 -3.43658066 -18.1357517
v -31.6610565 -3.43658066 -18.1357517
v -32.3810577 -4.34916592 -18.1357517
v -31.6610565 -0.456580639 -18.1357517
v -25.9010563 -0.456580639 -18.1357517
v -32.3810577 -0.456580639 -18.1357517
v -25.9010563 1.043419 -18.1357517
v -24.4660568 4.0234189 -18.1357517
v -31.6610565 1.04341888 -18.1357517
v -32.3810577 1.04341888 -18.1357517
v -31.6610565 4.0234189 -18.1357517
v -25.9010563 4.0234189 -18.1357517
v -32.3810577 4.0234189 -18.1357517
v -24.4660568 5.5234189 -18.1357517
v -18.7060566 4.0234189 -18.1357517
v -31.6610565 5.5234189 -18.1357517
v -32.3810577 5.5234189 -18.1357517
v -25.9010563 5.5234189 -18.1357517
v -31.6610565 8.50341892 -18.1357517
v -32.3810577 8.50341892 -18.1357517
v -24.4660568 8.50341892 -18.1357517
v -18.7060566 5.5234189 -18.1357517
v -25.9010563 8.50341988 -18.1357517
v -31.6610565 10.0034189 -18.1357517
v -32.3810577 10.0034189 -18.1357517
v -25.9010563 10.003417 -18.1357517
v -31.6610565 12.9834185 -18.1357517
v -32.3810577 12.9834185 -18.1357517
v -24.4660568 10.0034189 -18.1357517
v -18.7060566 10.003417 -18.1357517
v -24.4660568 12.9834185 -18.1357517
v -18.7060566 8.50341892 -18.1357517
v -25.9010563 12.9834185 -18.1357517
v -31.6610565 14.4834194 -18.1357517
v -32.3810577 14.4834194 -18.1357517
v -25.9010563 14.4834194 -18.1357517
v -31.6610565 17.4634209 -18.1357517
v -32.3810577 19.8113918 -18.1357517
v -25.181057 19.8113918 -18.1357517
v -25.9010563 17.4634209 -18.1357517
v -24.4660568 14.4834194 -18.1357517
v -24.4660568 17.4634209 -18.1357517
v -18.7060566 14.4834194 -18.1357517
v -18.7060566 17.4634209 -18.1357517
v -17.9810562 19.8113918 -18.1357517
v -18.7060566 12.9834185 -18.1357517
v -17.261055 17.4634209 -18.1357517
v -10.7810555 19.8113918 -18.1357517
v -17.261055 14.4834204 -18.1357517
v -11.5010557 17.4634209 -18.1357517
v -17.261055 12.9834185 -18.1357517
v -11.5010557 14.4834213 -18.1357517
v -10.0610542 17.4634209 -18.1357517
v -3.58105564 19.8113918 -18.1357517
v -17.261055 10.0034199 -18.1357517
v -11.5010557 12.9834185 -18.1357517
v -10.0610542 14.4834204 -18.1357517
v -4.30105591 17.4634209 -18.1357517
v -17.261055 8.50341892 -18.1357517
v -11.5010557 10.0034189 -18.1357517
v -10.0610552 12.9834194 -18.1357517
v -4.30105591 14.4834204 -18.1357517
v -17.261055 5.52341986 -18.1357517
v -11.5010557 8.50341892 -18.1357517
v -10.0610542 10.003418 -18.1357517
v -4.30105591 12.9834194 -18.1357517
v -17.261055 4.02341986 -18.1357517
v -11.5010557 5.5234189 -18.1357517
v -10.0610552 8.50341892 -18.1357517
v -4.30105591 10.003418 -18.1357517
v -17.261055 1.04341984 -18.1357517
v -11.5010557 4.0234189 -18.1357517
v -17.261055 -0.456582069 -18.1357517
v -11.5010557 1.04342079 -18.1357517
v -17.261055 -3.43658209 -18.1357517
v -10.2978601 -4.34916592 -18.1357517
v -11.5010557 -3.43658113 -18.1357517
v -10.2978601 0.2934196 -18.1357517
v -11.5010557 -0.456583023 -18.1357517
v -10.2978611 4.0234189 -18.1357517
v -10.0610542 5.52341986 -18.1357517
v -4.30105591 5.5234189 -18.1357517
v -3.58105564 4.0234189 -18.1357517
v -2.89894104 5.5234189 -18.1357517
v 3.58105564 4.0234189 -18.1357517
v -2.89894104 8.50341892 -18.1357517
v 2.86105537 5.5234189 -18.1357517
v -4.30105591 8.50341892 -18.1357517
v 4.30105591 5.5234189 -18.1357517
v 2.86105537 8.50341892 -18.1357517
v 10.7810555 4.0234189 -18.1357517
v 10.0610542 5.52341986 -18.1357517
v 4.30105591 8.50341892 -18.1357517
v 11.5010557 5.5234189 -18.1357517
v 10.0610552 8.50341892 -18.1357517
v 17.9810562 4.0234189 -18.1357517
v 17.261055 5.52341986 -18.1357517
v 11.5010557 8.50341892 -18.1357517
v 18.7010555 5.5234189 -18.1357517
v 17.261055 8.50341892 -18.1357517
v 25.181057 4.0234189 -18.1357517
v 24.4610558 5.5234189 -18.1357517
v 18.7010555 8.50341892 -18.1357517
v 25.9010563 5.5234189 -18.1357517
v 24.4610558 8.50341892 -18.1357517
v 32.3810577 4.0234189 -18.1357517
v 31.6610565 5.5234189 -18.1357517
v 31.6610565 8.50341892 -18.1357517
v 32.3810577 8.50341892 -18.1357517
v 25.9010563 8.50341988 -18.1357517
v 31.6610565 10.0034189 -18.1357517
v 32.3810577 10.0034189 -18.1357517
v 25.9010563 10.003417 -18.1357517
v 31.6610565 12.9834185 -18.1357517
v 32.3810577 12.9834185 -18.1357517
v 24.4610558 10.0034189 -18.1357517
v 18.7010555 10.003417 -18.1357517
v 24.4610558 12.9834185 -18.1357517
v 25.9010563 12.9834185 -18.1357517
v 31.6610565 14.4834194 -18.1357517
v 32.3810577 14.4834194 -18.1357517
v 25.9010563 14.4834194 -18.1357517
v 31.6610565 17.4634209 -18.1357517
v 32.3810577 19.8113918 -18.1357517
v 25.181057 19.8113918 -18.1357517
v 25.9010563 17.4634209 -18.1357517
v 24.4610558 17.4634209 -18.1357517
v 17.9810562 19.8113918 -18.1357517
v 24.4610558 14.4834194 -18.1357517
v 18.7010555 14.4834194 -18.1357517
v 18.7010555 17.4634209 -18.1357517
v 18.7010555 12.9834185 -18.1357517
v 17.261055 17.4634209 -18.1357517
v 10.7810555 19.8113918 -18.1357517
v 17.261055 14.4834204 -18.1357517
v 11.5010557 17.4634209 -18.1357517
v 17.261055 12.9834185 -18.1357517
v 11.5010557 14.4834213 -18.1357517
v 10.0610542 17.4634209 -18.1357517
v 3.58105564 19.8113918 -18.1357517
v 17.261055 10.0034199 -18.1357517
v 11.5010557 10.0034189 -18.1357517
v 11.5010557 12.9834185 -18.1357517
v 10.0610542 14.4834204 -18.1357517
v 4.30105591 17.4634209 -18.1357517
v 10.0610552 12.9834194 -18.1357517
v 4.30105591 14.4834204 -18.1357517
v 10.0610542 10.003418 -18.1357517
v 4.30105591 10.003418 -18.1357517
v 4.30105591 12.9834194 -18.1357517
v 2.86105537 17.4634209 -18.1357517
v 2.86105537 14.4834213 -18.1357517
v -2.89894104 17.4634209 -18.1357517
v -2.89894104 14.4834213 -18.1357517
v -2.89894104 12.9834194 -18.1357517
v 2.86105537 12.9834194 -18.1357517
v -2.89894104 10.0034189 -18.1357517
v 2.86105537 10.0034189 -18.1357517
v -19.4267044 0.251829863 -17.6357517
v -23.7354069 0.251829863 -17.6357517
v -23.7354069 -4.34916639 -17.6357517
v -19.4267044 -4.34916639 -17.6357517
v -24.3160572 3.87342024 -18.3292599
v -18.8560562 3.87342024 -18.3292599
v -18.7060566 4.0234189 -18.1357517
v -24.4660568 4.0234189 -18.1357517
v -23.7354069 -4.34916639 -18.1357517
v -23.7354069 -4.34916639 -17.6357517
v -23.7354069 0.251829863 -17.6357517
v -23.7354069 0.251829863 -18.1357517
v -23.7354069 0.251829863 -18.1357517
v -23.7354069 0.251829863 -17.6357517
v -19.4267044 0.251829863 -17.6357517
v -19.4267044 0.251829863 -18.1357517
v -34.5406227 -3.43658066 -13.1304026
v -34.6906242 -3.28658104 -13.2804022
v -34.6906242 -0.606578827 -13.2804022
v -34.5406227 -0.456580639 -13.1304026
v -34.6906242 14.633419 -13.2804022
v -34.6906242 14.63342 -15.1304026
v -34.6906242 17.3134212 -15.1304026
v -34.6906242 17.3134212 -13.2804022
v -34.6906242 10.1534195 -13.2804022
v -34.6906242 10.1534195 -15.1304026
v -34.6906242 12.8334198 -15.1304026
v -34.6906242 12.8334198 -13.2804022
v -34.6906242 5.673419 -13.2804022
v -34.6906242 5.673419 -15.1304026
v -34.6906242 8.35342121 -15.1304026
v -34.6906242 8.3534193 -13.2804022
v -34.6906242 1.1934185 -13.2804022
v -34.6906242 1.19341898 -15.1304026
v -34.6906242 3.87342072 -15.1304026
v -34.6906242 3.87341881 -13.2804022
v -34.6906242 -3.28658104 -13.2804022
v -34.6906242 -3.28658009 -15.1304026
v -34.6906242 -0.606580734 -15.1304026
v -34.6906242 -0.606578827 -13.2804022
v -26.0510559 3.87342024 -18.3292599
v -31.5110569 3.87342024 -18.3292599
v -31.5110569 1.1934185 -18.3292599
v -26.0510559 1.1934185 -18.3292599
v -18.8560562 3.87342024 -18.3292599
v -24.3160572 3.87342024 -18.3292599
v -24.3160572 1.1934185 -18.3292599
v -18.8560562 1.1934185 -18.3292599
v -11.6510553 3.87342024 -18.3292599
v -17.1110573 3.87342024 -18.3292599
v -17.1110573 1.19341946 -18.3292599
v -11.6510553 1.1934185 -18.3292599
v 34.6906242 14.633419 -13.2804022
v 34.6906242 17.3134212 -13.2804022
v 34.6906242 17.3134212 -15.1304026
v 34.6906242 14.63342 -15.1304026
v 34.6906242 10.1534195 -13.2804022
v 34.6906242 12.8334198 -13.2804022
v 34.6906242 12.8334217 -15.1304026
v 34.6906242 10.1534195 -15.1304026
v 34.6906242 5.673419 -13.2804022
v 34.6906242 8.3534193 -13.2804022
v 34.6906242 8.3534193 -15.1304026
v 34.6906242 5.67341995 -15.1304026
v 3.5986824 0.310639143 -16.552578
v 3.59868288 1.31063914 -16.552578
v 0.000700235367 0.310639143 -16.552578
v -3.58105564 1.31063914 -16.552578
v -3.28105569 0.310639143 -16.552578
v -1.80102456 -2.04972148 -16.552578
v -3.28105569 -4.34916592 -16.552578
v -1.80102456 -2.33456421 -16.552578
v -1.80102456 -4.34916592 -16.552578
v 0.000700235367 -2.04972148 -16.552578
v 3.29868293 0.310639143 -16.552578
v 1.80242515 -2.04972172 -16.552578
v 3.29868293 0.310639143 -16.552578
v 1.80242515 -4.34916592 -16.552578
v 3.29868293 -4.34916592 -16.552578
v 3.59868288 1.31063914 -16.552578
v 3.5986824 0.310639143 -16.552578
v 14.3978319 0.310639143 -16.552578
v 14.3978319 1.31063914 -16.552578
v 14.3978319 4.0234189 -16.552578
v -3.58105564 1.31063914 -16.552578
v -10.2978611 4.0234189 -16.552578
v -10.2978601 -4.34916592 -16.552578
v -3.58105564 -4.34916592 -16.552578
v 14.3978319 4.0234189 -16.552578
v 14.3978319 1.31063914 -16.552578
v 14.3978319 1.31063914 -16.4925785
v 14.3978319 4.0234189 -13.052578
v 14.3978319 0.370639145 -15.9947205
v 14.3978319 0.310639143 -13.052578
v 14.3978319 0.310639143 -16.4925785
v 14.3978319 0.310639143 -14.798666
v 1.80242515 -2.33456421 -16.552578
v 1.80242515 -2.04972172 -16.552578
v 1.29804277 -2.04972172 -17.6271515
v 1.29804277 -2.33456421 -17.6271515
v 1.29804277 -4.34916592 -17.6271515
v 1.80242515 -4.34916592 -16.552578
v 1.29804277 -2.33456421 -17.6271515
v 0.000700235367 -2.04972172 -18.1357517
v 1.29804277 -2.04972172 -17.6271515
v 1.80242515 -2.04972172 -16.552578
v 0.000700235367 -2.04972148 -16.552578
v -1.2966423 -2.04972148 -17.6271515
v -1.80102456 -2.04972148 -16.552578
v -1.80102456 -2.04972148 -16.552578
v -1.2966423 -2.33456421 -17.6271515
v -1.2966423 -2.04972148 -17.6271515
v -1.80102456 -2.33456421 -16.552578
v -1.80102456 -4.34916592 -16.552578
v -1.2966423 -4.34916592 -17.6271515
v -1.2966423 -2.33456421 -17.6271515
v 0.000700235367 -2.04972172 -18.1357517
v 0.000700235367 -2.33456421 -18.1357517
v 1.29804277 -2.33456421 -17.6271515
v 1.29804277 -2.04972172 -17.6271515
v -1.2966423 -2.04972148 -17.6271515
v -1.2966423 -2.33456421 -17.6271515
v 0.000700235367 -2.33456421 -18.1357517
v 0.000700235367 -2.04972172 -18.1357517
v -1.2966423 -2.33456421 -17.6271515
v 0.000700235367 -4.34916592 -18.1357517
v -1.2966423 -4.34916592 -17.6271515
v 0.000700235367 -2.33456421 -18.1357517
v 0.000700235367 -4.34916592 -18.1357517
v 1.29804277 -4.34916592 -17.6271515
v 1.29804277 -2.33456421 -17.6271515
v -26.0510559 -0.606580734 -18.3292599
v -31.5110569 -0.606579304 -18.3292599
v -31.5110569 -3.28658104 -18.3292599
v -26.0510559 -3.28658104 -18.3292599
v -15.8110571 -3.28658295 -18.3292599
v -11.6510553 -3.28658295 -18.3292599
v -11.6510553 -0.606581688 -18.3292599
v -17.1110573 -0.606581688 -18.3292599
v -17.1110573 -3.28658247 -18.3292599
v 25.9510555 14.4834204 0.526693344
v 26.1010571 14.633419 0.67669487
v 27.9510555 14.633419 0.67669487
v 28.1010571 14.4834194 0.526693344
v 28.1010571 14.4834194 0.526693344
v 27.9510555 14.633419 0.67669487
v 27.9510555 17.3134212 0.67669487
v 28.1010571 17.4634209 0.526693344
v 28.1010571 17.4634209 0.526693344
v 27.9510555 17.3134212 0.67669487
v 26.1010571 17.3134212 0.67669487
v 25.9510555 17.4634209 0.526693344
v 25.9510555 17.4634209 0.526693344
v 26.1010571 17.3134212 0.67669487
v 26.1010571 14.633419 0.67669487
v 25.9510555 14.4834204 0.526693344
v 20.3367729 17.3134212 0.720201969
v 20.3367729 14.633419 0.720201969
v 20.1867733 14.4834194 0.526694298
v 20.1867733 17.4634209 0.526694298
v 24.3425579 14.633419 0.720201969
v 24.3425579 17.3134212 0.720201969
v 24.4925575 17.4634209 0.526693344
v 24.4925575 14.4834194 0.526693344
v 20.1867733 14.4834194 0.526694298
v 20.3367729 14.633419 0.720201969
v 24.3425579 14.633419 0.720201969
v 24.4925575 14.4834194 0.526693344
v 20.1867733 17.4634209 0.526694298
v 24.4925575 17.4634209 0.526693344
v 24.3425579 17.3134212 0.720201969
v 20.3367729 17.3134212 0.720201969
v 24.3425579 17.3134212 0.720201969
v 24.3425579 14.633419 0.720201969
v 20.3367729 14.633419 0.720201969
v 20.3367729 17.3134212 0.720201969
v 26.1010571 17.3134212 0.67669487
v 27.9510555 17.3134212 0.67669487
v 27.9510555 14.633419 0.67669487
v 26.1010571 14.633419 0.67669487
v -25.9510555 14.4834194 0.526693344
v -28.1010571 14.4834194 0.526693344
v -27.9510555 14.633419 0.67669487
v -26.1010571 14.633419 0.67669487
v -28.1010571 14.4834194 0.526693344
v -28.1010571 17.4634209 0.526693344
v -27.9510555 17.3134212 0.67669487
v -27.9510555 14.633419 0.67669487
v -28.1010571 17.4634209 0.526693344
v -25.9510555 17.4634209 0.526693344
v -26.1010571 17.3134212 0.67669487
v -27.9510555 17.3134212 0.67669487
v -25.9510555 17.4634209 0.526693344
v -25.9510555 14.4834194 0.526693344
v -26.1010571 14.633419 0.67669487
v -26.1010571 17.3134212 0.67669487
v -20.3367729 17.3134212 0.720201969
v -20.1867733 17.4634209 0.526694298
v -20.1867733 14.4834194 0.526693344
v -20.3367729 14.633419 0.720201969
v -24.3425579 14.633419 0.720201969
v -24.4925575 14.4834194 0.526693344
v -24.4925575 17.4634209 0.526693344
v -24.3425579 17.3134212 0.720201969
v -24.4925575 10.0334196 0.526693344
v -24.3425579 10.1834192 0.720201969
v -20.3367729 10.1834192 0.720201969
v -20.1867733 10.0334196 0.526694298
v -24.3425579 14.633419 0.720201969
v -24.3425579 17.3134212 0.720201969
v -20.3367729 17.3134212 0.720201969
v -20.3367729 14.633419 0.720201969
v -26.1010571 14.633419 0.67669487
v -27.9510555 14.633419 0.67669487
v -27.9510555 17.3134212 0.67669487
v -26.1010571 17.3134212 0.67669487
v 25.9510555 10.0334206 0.526693344
v 26.1010571 10.1834192 0.67669487
v 27.9510555 10.1834192 0.67669487
v 28.1010571 10.0334196 0.526693344
v 28.1010571 10.0334196 0.526693344
v 27.9510555 10.1834192 0.67669487
v 27.9510555 12.8634214 0.67669487
v 28.1010571 13.0134211 0.526693344
v 28.1010571 13.0134211 0.526693344
v 27.9510555 12.8634214 0.67669487
v 26.1010571 12.8634214 0.67669487
v 25.9510555 13.0134211 0.526693344
v 25.9510555 13.0134211 0.526693344
v 26.1010571 12.8634214 0.67669487
v 26.1010571 10.1834192 0.67669487
v 25.9510555 10.0334206 0.526693344
v 20.3367729 12.8634214 0.720201969
v 20.3367729 10.1834192 0.720201969
v 20.1867733 10.0334196 0.526694298
v 20.1867733 13.0134211 0.526694298
v 23.0425568 10.1834192 0.720201969
v 24.3425579 10.1834192 0.720201969
v 24.4925575 10.0334196 0.526693344
v 20.1867733 10.0334196 0.526694298
v 21.6125565 10.1834192 0.720201969
v 20.3367729 10.1834192 0.720201969
v 24.3425579 10.1834192 0.720201969
v 24.3425579 12.8634214 0.720201969
v 24.4925575 13.0134211 0.526693344
v 24.4925575 10.0334196 0.526693344
v 21.6125565 12.8634214 0.720201969
v 20.3367729 12.8634214 0.720201969
v 20.1867733 13.0134211 0.526694298
v 23.0425568 12.8634214 0.720201969
v 24.4925575 13.0134211 0.526693344
v 24.3425579 12.8634214 0.720201969
v 23.0425568 12.8634214 0.720201969
v 24.3425579 12.8634214 0.720201969
v 24.3425579 10.1834192 0.720201969
v 23.0425568 10.1834192 0.720201969
v 21.6125565 12.8634214 0.720201969
v 21.6125565 10.1834192 0.720201969
v 20.3367729 12.8634214 0.720201969
v 20.3367729 10.1834192 0.720201969
v 26.1010571 12.8634214 0.67669487
v 27.9510555 12.8634214 0.67669487
v 27.9510555 10.1834192 0.67669487
v 26.1010571 10.1834192 0.67669487
v -25.9510555 10.0334196 0.526693344
v -28.1010571 10.0334196 0.526693344
v -27.9510555 10.1834192 0.67669487
v -26.1010571 10.1834192 0.67669487
v -28.1010571 10.0334196 0.526693344
v -28.1010571 13.0134211 0.526693344
v -27.9510555 12.8634214 0.67669487
v -27.9510555 10.1834192 0.67669487
v -28.1010571 13.0134211 0.526693344
v -25.9510555 13.0134211 0.526693344
v -26.1010571 12.8634214 0.67669487
v -27.9510555 12.8634214 0.67669487
v -25.9510555 13.0134211 0.526693344
v -25.9510555 10.0334196 0.526693344
v -26.1010571 10.1834192 0.67669487
v -26.1010571 12.8634214 0.67669487
v -20.3367729 12.8634214 0.720201969
v -20.1867733 13.0134211 0.526693344
v -20.1867733 10.0334196 0.526694298
v -20.3367729 10.1834192 0.720201969
v -24.3425579 10.1834192 0.720201969
v -24.4925575 10.0334196 0.526693344
v -24.4925575 13.0134211 0.526693344
v -24.3425579 12.8634214 0.720201969
v -20.3367729 5.73341942 0.720201969
v -20.1867733 5.5834198 0.526693344
v -24.4925575 5.5834198 0.526693344
v -24.3425579 5.73341942 0.720201969
v -24.3425579 10.1834192 0.720201969
v -24.3425579 12.8634214 0.720201969
v -20.3367729 12.8634214 0.720201969
v -20.3367729 10.1834192 0.720201969
v -26.1010571 10.1834192 0.67669487
v -27.9510555 10.1834192 0.67669487
v -27.9510555 12.8634214 0.67669487
v -26.1010571 12.8634214 0.67669487
v 25.9510555 5.5834198 0.526693344
v 26.1010571 5.73341942 0.67669487
v 27.9510555 5.73341942 0.67669487
v 28.1010571 5.5834198 0.526693344
v 28.1010571 5.5834198 0.526693344
v 27.9510555 5.73341942 0.67669487
v 27.9510555 8.41342163 0.67669487
v 28.1010571 8.56342125 0.526693344
v 28.1010571 8.56342125 0.526693344
v 27.9510555 8.41342163 0.67669487
v 26.1010571 8.41342163 0.67669487
v 25.9510555 8.56342125 0.526693344
v 25.9510555 8.56342125 0.526693344
v 26.1010571 8.41342163 0.67669487
v 26.1010571 5.73341942 0.67669487
v 25.9510555 5.5834198 0.526693344
v 20.3367729 8.41342163 0.720201969
v 20.3367729 5.73341942 0.720201969
v 20.1867733 5.5834198 0.526694298
v 20.1867733 8.56342125 0.526693344
v 23.0425568 5.73341942 0.720201969
v 24.3425579 5.73341942 0.720201969
v 24.4925575 5.5834198 0.526693344
v 20.1867733 5.5834198 0.526694298
v 21.6125565 5.73341942 0.720201969
v 20.3367729 5.73341942 0.720201969
v 24.3425579 5.73341942 0.720201969
v 24.3425579 8.41342163 0.720201969
v 24.4925575 8.56342125 0.526693344
v 24.4925575 5.5834198 0.526693344
v 21.6125565 8.41342163 0.720201969
v 20.3367729 8.41342163 0.720201969
v 20.1867733 8.56342125 0.526693344
v 23.0425568 8.41342163 0.720201969
v 24.4925575 8.56342125 0.526693344
v 24.3425579 8.41342163 0.720201969
v 23.0425568 8.41342163 0.720201969
v 24.3425579 8.41342163 0.720201969
v 24.3425579 5.73341942 0.720201969
v 23.0425568 5.73341942 0.720201969
v 21.6125565 8.41342163 0.720201969
v 21.6125565 5.73341942 0.720201969
v 20.3367729 8.41342163 0.720201969
v 20.3367729 5.73341942 0.720201969
v 26.1010571 8.41342163 0.67669487
v 27.9510555 8.41342163 0.67669487
v 27.9510555 5.73341942 0.67669487
v 26.1010571 5.73341942 0.67669487
v -25.9510555 5.5834198 0.526693344
v -28.1010571 5.5834198 0.526693344
v -27.9510555 5.73341942 0.67669487
v -26.1010571 5.73341942 0.67669487
v -28.1010571 5.5834198 0.526693344
v -28.1010571 8.56342125 0.526693344
v -27.9510555 8.41342163 0.67669487
v -27.9510555 5.73341942 0.67669487
v -28.1010571 8.56342125 0.526693344
v -25.9510555 8.56342125 0.526693344
v -26.1010571 8.41342163 0.67669487
v -27.9510555 8.41342163 0.67669487
v -25.9510555 8.56342125 0.526693344
v -25.9510555 5.5834198 0.526693344
v -26.1010571 5.73341942 0.67669487
v -26.1010571 8.41342163 0.67669487
v -24.3425579 5.73341942 0.720201969
v -24.4925575 5.5834198 0.526693344
v -24.4925575 8.56342125 0.526693344
v -24.3425579 8.41342163 0.720201969
v -24.3425579 17.3134212 0.720201969
v -24.4925575 17.4634209 0.526693344
v -20.1867733 17.4634209 0.526694298
v -20.3367729 17.3134212 0.720201969
v -24.3425579 12.8634214 0.720201969
v -24.4925575 13.0134211 0.526693344
v -20.1867733 13.0134211 0.526693344
v -20.3367729 12.8634214 0.720201969
v -24.3425579 5.73341942 0.720201969
v -24.3425579 8.41342163 0.720201969
v -20.3367729 8.41342163 0.720201969
v -20.3367729 5.73341942 0.720201969
v -26.1010571 5.73341942 0.67669487
v -27.9510555 5.73341942 0.67669487
v -27.9510555 8.41342163 0.67669487
v -26.1010571 8.41342163 0.67669487
v -18.6730118 19.8113918 14.646801
v -9.97624493 15.3754768 14.646801
v -18.6730118 15.3754768 14.646801
v -9.97624493 17.6113911 14.646801
v 18.6730118 19.8113918 14.646801
v 9.97624493 17.6113911 14.646801
v 9.97624493 15.3754768 14.646801
v 18.6730118 15.3754768 14.646801
v -14.0330801 21.9850254 -9.33608437
v -14.0330801 21.9850254 8.70351791
v -14.0330801 18.6470222 8.70351791
v -14.0330801 18.6470222 -9.33608437
v -4.27403498 22.4763012 4.95349503
v -4.27403498 22.9721527 4.95349503
v -4.27403498 22.9721527 9.91713047
v -4.27403498 22.4763012 8.70351791
v -4.26507044 18.6470222 8.70351791
v -4.27403545 18.6470222 9.91713047
v -4.27403498 22.4763012 4.95349503
v -0 22.4765434 2.50783253
v -0 22.9721527 2.50783253
v -4.27403498 22.9721527 4.95349503
v -0 23.7960682 8.46870327
v -0 22.9721527 12.362793
v -4.27403498 22.9721527 9.91713047
v -0.894483089 23.7960682 7.95686722
v -0.894483089 23.7960682 6.91375828
v -4.27403498 22.9721527 4.95349503
v -0 22.9721527 2.50783253
v -0 23.7960682 6.4019227
v 0.894483089 23.7960682 6.91375828
v 4.27403498 22.9721527 4.95349503
v 4.27403498 22.9721527 9.91713047
v 0.894483089 23.7960682 7.95686722
v -18.6730118 15.3754768 14.646801
v -18.6730118 15.3754768 14.3308191
v -18.6730118 16.4754772 14.3308191
v -18.6730118 19.8113918 14.646801
v -18.6730118 16.4754772 13.6638193
v -18.6730118 19.8113918 0.526693285
v -18.6730118 13.4008045 0.526693344
v -18.6730118 8.28043747 0.526693285
v -18.6730118 5.10009003 6.77462578
v -18.6730118 5.10009003 13.6638193
v -18.6730118 5.10009003 0.526693285
v 14.0330801 21.9850254 -9.33608437
v 14.0330801 18.6470222 -9.33608437
v 14.0330801 18.6470222 8.70351791
v 14.0330801 21.9850254 8.70351791
v 4.27403498 22.9721527 9.91713047
v 4.26024294 18.6470222 8.70351791
v 4.27403545 18.6470222 9.91713047
v 4.26024294 22.4765434 8.70351791
v 4.27403498 22.4765434 4.95349503
v 4.27403498 22.9721527 4.95349503
v 4.27403498 22.4765434 4.95349503
v 4.27403498 22.9721527 4.95349503
v -0 22.9721527 2.50783253
v -0 22.4765434 2.50783253
v -0.894483089 23.7960682 6.91375828
v -0 23.7960682 6.4019227
v 0.894483089 23.7960682 6.91375828
v -0.894483089 23.7960682 7.95686722
v 0.894483089 23.7960682 7.95686722
v -0 23.7960682 8.46870327
v 0.894483089 23.7960682 7.95686722
v 4.27403498 22.9721527 9.91713047
v -0 22.9721527 12.362793
v -0 23.7960682 8.46870327
v -0 23.7960682 6.4019227
v -0 22.9721527 2.50783253
v 4.27403498 22.9721527 4.95349503
v 0.894483089 23.7960682 6.91375828
v 18.6730118 5.10009003 13.6638193
v 18.6730118 9.29841995 0.526693285
v 18.6730118 5.10009003 0.526693344
v 18.6730118 16.4754772 13.6638193
v 18.6730118 13.0258198 0.526693344
v 18.6730118 19.8113918 0.526693285
v 18.6730118 19.8113918 14.646801
v 18.6730118 16.4754772 14.3308191
v 18.6730118 15.3754768 14.646801
v 18.6730118 15.3754768 14.3308191
v -4.45105457 5.673419 -18.3292599
v -4.45105457 8.35342121 -18.3292599
v -9.91105556 8.35342121 -18.3292599
v -9.91105652 5.67341948 -18.3292599
v -14.0330801 21.9850254 8.70351791
v -4.27403498 22.4763012 8.70351791
v -4.26507044 18.6470222 8.70351791
v -14.0330801 18.6470222 8.70351791
v -0 22.6908112 -9.33608437
v -14.0330801 21.9850254 -9.33608437
v -14.0330801 18.6470222 -9.33608437
v -0 18.6470222 -9.33608437
v 14.0330801 18.6470222 -9.33608437
v 14.0330801 21.9850254 -9.33608437
v 14.0330801 21.9850254 8.70351791
v 14.0330801 18.6470222 8.70351791
v 4.26024294 18.6470222 8.70351791
v 4.26024294 22.4765434 8.70351791
v 14.0330801 21.9850254 8.70351791
v 4.26024294 22.4765434 8.70351791
v 4.27403498 22.4765434 4.95349503
v 14.0330801 21.9850254 -9.33608437
v -0 22.4765434 2.50783253
v -0 22.6908112 -9.33608437
v -14.0330801 21.9850254 8.70351791
v -4.27403498 22.4763012 4.95349503
v -4.27403498 22.4763012 8.70351791
v -14.0330801 21.9850254 -9.33608437
v -0 22.6908112 -9.33608437
v -0 22.4765434 2.50783253
v -4.27403545 18.6470222 9.91713047
v -4.27403498 22.9721527 9.91713047
v -0 22.9721527 12.362793
v -0 18.6470222 12.362793
v -4.45105457 14.633419 -18.3292599
v -4.45105457 17.3134212 -18.3292599
v -9.91105556 17.3134212 -18.3292599
v -9.91105556 14.633419 -18.3292599
v -11.5010557 5.5234189 -18.1357517
v -11.6510553 5.673419 -18.3292599
v -17.1110554 5.673419 -18.3292599
v -17.261055 5.52341986 -18.1357517
v -20.3367729 14.633419 0.720201969
v -20.1867733 14.4834194 0.526693344
v -24.4925575 14.4834194 0.526693344
v -24.3425579 14.633419 0.720201969
v -11.6510553 3.87342024 -18.3292599
v -11.6510553 1.1934185 -18.3292599
v -11.5010557 1.04342079 -18.1357517
v -11.5010557 4.0234189 -18.1357517
v -24.3425579 8.41342163 0.720201969
v -24.4925575 8.56342125 0.526693344
v -20.1867733 8.56342125 0.526693344
v -20.3367729 8.41342163 0.720201969
v -20.3367729 8.41342163 0.720201969
v -20.1867733 8.56342125 0.526693344
v -20.1867733 5.5834198 0.526693344
v -20.3367729 5.73341942 0.720201969
v -0.894483089 23.7960682 7.95686722
v -4.27403498 22.9721527 9.91713047
v -4.27403498 22.9721527 4.95349503
v -0.894483089 23.7960682 6.91375828
v -26.0510559 8.35342121 -18.3292599
v -31.5110569 8.35342026 -18.3292599
v -31.5110569 5.67341852 -18.3292599
v -26.0510559 5.67341852 -18.3292599
v -24.3160572 12.8334188 -18.3292599
v -18.8560562 12.8334188 -18.3292599
v -18.7060566 12.9834185 -18.1357517
v -24.4660568 12.9834185 -18.1357517
v 3.29868293 -4.34916592 -18.1357517
v 3.29868293 1.01063919 -18.1357517
v 3.29868293 1.01063919 -16.552578
v 3.29868293 -4.34916592 -16.552578
v 3.29868293 1.01063919 -18.1357517
v -3.28105569 1.01063919 -18.1357517
v -3.28105569 1.01063919 -16.552578
v 3.29868293 1.01063919 -16.552578
v 14.3978319 0.310639143 -13.052578
v 14.3978319 0.310639143 -16.4925785
v 32.0859528 0.310639143 -16.4927769
v 25.181057 0.310639143 -13.052578
v 41.0740318 0.310639143 -16.4927769
v 34.5406227 0.310639143 -13.052578
v 41.0740318 0.310639143 0.526693285
v 34.4120789 0.310639143 -0.939421415
v 33.6395721 0.310639143 0.123354912
v 32.3810577 0.310639143 0.526693285
v 36.0963097 0.274292469 13.6638193
v 41.1740303 0.310639143 0.526693285
v 41.1740303 0.310639143 13.6638193
v 29.2864151 0.310090184 13.6638193
v 29.2864151 0.310639143 0.526693344
v 32.0859528 -4.34916592 -16.552578
v 41.1740303 -4.34916592 -16.552578
v 41.1740303 0.310639143 -16.552578
v 32.0859528 0.310639143 -16.552578
v 14.3978319 -4.34916592 -16.552578
v 14.3978319 0.310639143 -16.552578
v 41.1740303 -4.34916592 -16.552578
v 41.1740303 0.310639143 0.526693285
v 41.1740303 0.310639143 -16.552578
v 41.1740303 -4.34916592 0.566892564
v 41.1740303 0.310639143 13.6638193
v 41.1740303 -4.34916592 13.7040186
v -29.2864151 -2.65215015 0.526693285
v -29.2864151 5.30008984 0.526693344
v -29.2864151 5.30008984 13.6638193
v -29.2864151 0.274292469 13.6638193
v -29.2864151 -2.65215015 13.6638193
v 32.0859528 1.31063914 -16.552578
v 14.3978319 1.31063914 -16.552578
v 14.3978319 0.310639143 -16.552578
v 32.0859528 0.310639143 -16.552578
v 41.1740303 1.31063914 -16.552578
v 41.1740303 0.310639143 -16.552578
v 41.1740303 1.31063914 0.526693285
v 41.1740303 1.31063914 -16.552578
v 41.1740303 0.310639143 -16.552578
v 41.1740303 0.310639143 0.526693285
v 32.0859528 1.31063914 -16.4926777
v 14.3978319 0.310639143 -16.4925785
v 14.3978319 1.31063914 -16.4925785
v 32.0859528 0.310639143 -16.4927769
v 41.0740318 1.31063914 -16.4927769
v 41.0740318 0.310639143 -16.4927769
v 41.0740318 1.31063914 -16.4927769
v 41.0740318 1.31063914 0.526693285
v 41.0740318 0.310639143 0.526693285
v 41.0740318 0.310639143 -16.4927769
v 32.0859528 1.31063914 -16.4926777
v 14.3978319 1.31063914 -16.4925785
v 14.3978319 1.31063914 -16.552578
v 32.0859528 1.31063914 -16.552578
v 41.0740318 1.31063914 -16.4927769
v 41.1740303 1.31063914 -16.552578
v 41.1740303 1.31063914 -16.552578
v 41.1740303 1.31063914 0.526693285
v 41.0740318 1.31063914 0.526693285
v 41.0740318 1.31063914 -16.4927769
v 41.1740303 1.31063914 0.526693285
v 41.1740303 0.310639143 0.526693285
v 41.0740318 0.310639143 0.526693285
v 41.0740318 1.31063914 0.526693285
v 28.5364151 5.30008984 0.526693344
v 29.2864151 5.30008984 0.526693344
v 29.2864151 5.30008984 13.6638193
v 28.5364151 5.30008984 13.6638193
v -28.5364151 5.30008984 6.7746253
v -28.5364151 5.30008984 13.6638193
v -29.2864151 5.30008984 13.6638193
v -29.2864151 5.30008984 0.526693344
v -28.5364151 5.30008984 0.526693344
v 29.2864151 -9.68990993 13.6638193
v 29.2864151 5.30008984 13.6638193
v 29.2864151 5.30008984 0.526693344
v 29.2864151 -9.68936062 0.526693344
v -19.2596245 5.10009003 5.88932848
v -23.9057064 5.10009003 5.88932848
v -23.9057064 5.60009003 5.88932848
v -19.2596245 5.60009003 5.88932848
v -21.5826645 6.10009003 5.88932848
v -28.5364151 5.30008984 6.7746253
v -28.5364151 5.30008984 0.526693344
v -28.5364151 5.10009003 0.526693344
v -28.5364151 5.10009003 6.7746253
v -28.5364151 5.30008984 13.6638193
v -28.5364151 5.10009003 13.6638193
v 18.6730118 5.10009003 0.526693344
v 28.5364151 5.10009003 0.526693344
v 28.5364151 5.10009003 13.6638193
v 18.6730118 5.10009003 13.6638193
v 28.5364151 5.30008984 0.526693344
v 28.5364151 5.30008984 13.6638193
v 28.5364151 5.10009003 13.6638193
v 28.5364151 5.10009003 0.526693344
v -23.9057064 5.10009003 12.4893284
v -23.9057064 5.10009003 8.29443359
v -23.9057064 5.60009003 8.29443359
v -23.9057064 5.60009003 12.4893284
v -19.2596245 5.10009003 8.29443359
v -19.2596245 5.10009003 12.4893284
v -19.2596245 5.60009003 12.4893284
v -19.2596245 5.60009003 8.29443359
v -23.9057064 5.60009003 8.29443359
v -19.2596245 5.60009003 8.29443359
v -21.5826645 6.10009003 8.29443359
v -23.9057064 5.10009003 8.29443359
v -19.2596245 5.10009003 8.29443359
v -19.2596245 5.60009003 12.4893284
v -23.9057064 5.60009003 12.4893284
v -21.5826645 6.10009003 12.4893284
v -19.2596245 5.10009003 12.4893284
v -23.9057064 5.10009003 12.4893284
v -21.5826645 6.10009003 8.29443359
v -19.2596245 5.60009003 8.29443359
v -19.2596245 5.60009003 12.4893284
v -21.5826645 6.10009003 12.4893284
v -23.9057064 5.60009003 8.29443359
v -21.5826645 6.10009003 8.29443359
v -21.5826645 6.10009003 12.4893284
v -23.9057064 5.60009003 12.4893284
v -23.9057064 5.10009003 5.88932848
v -23.9057064 5.10009003 1.69443369
v -23.9057064 5.60009003 1.69443369
v -23.9057064 5.60009003 5.88932848
v -19.2596245 5.10009003 1.69443369
v -19.2596245 5.10009003 5.88932848
v -19.2596245 5.60009003 5.88932848
v -19.2596245 5.60009003 1.69443369
v -23.9057064 5.60009003 1.69443369
v -19.2596245 5.60009003 1.69443369
v -21.5826645 6.10009003 1.69443369
v -23.9057064 5.10009003 1.69443369
v -19.2596245 5.10009003 1.69443369
v -21.5826645 6.10009003 1.69443369
v -19.2596245 5.60009003 1.69443369
v -19.2596245 5.60009003 5.88932848
v -21.5826645 6.10009003 5.88932848
v -23.9057064 5.60009003 1.69443369
v -21.5826645 6.10009003 1.69443369
v -21.5826645 6.10009003 5.88932848
v -23.9057064 5.60009003 5.88932848
v -6.85591984 -4.34916639 -18.8569908
v -6.64793873 -4.34916639 -18.4965782
v -6.6479497 -2.27487278 -18.4965839
v -6.85591984 -2.27487373 -18.8569756
v -6.6479497 -2.27487278 -18.4965839
v -7.06388998 -2.27487278 -18.4965839
v -7.06463099 -1.85864282 -18.4961567
v -6.64720869 -1.85864282 -18.4961567
v -7.06388998 -2.27487278 -18.4965839
v -6.85591984 -2.27487373 -18.8569756
v -6.85591984 -1.85864305 -18.857832
v -7.06463099 -1.85864282 -18.4961567
v -6.85591984 -2.27487373 -18.8569756
v -6.6479497 -2.27487278 -18.4965839
v -6.64720869 -1.85864282 -18.4961567
v -6.85591984 -1.85864305 -18.857832
v -7.06390095 -4.34916639 -18.4965782
v -6.85591984 -4.34916639 -18.8569908
v -6.85591984 -2.27487373 -18.8569756
v -7.06388998 -2.27487278 -18.4965839
v -6.64793873 -4.34916639 -18.4965782
v -7.06390095 -4.34916639 -18.4965782
v -7.06388998 -2.27487278 -18.4965839
v -6.6479497 -2.27487278 -18.4965839
v -32.8501663 14.9696665 22.9408646
v -32.8501663 4.15008831 22.9408646
v -33.1012306 3.89289761 21.773819
v -33.1012306 15.2461338 21.773819
v -32.8501663 4.15008831 22.9408646
v 32.8501663 4.15008831 22.9408646
v 33.1012306 3.89289761 21.773819
v -33.1012306 3.89289761 21.773819
v 32.8501663 14.9696665 22.9408646
v 33.1012306 15.2461338 21.773819
v 33.1012306 3.89289761 21.773819
v 32.8501663 4.15008831 22.9408646
v 32.8501663 14.9696665 22.9408646
v -32.8501663 14.9696665 22.9408646
v -33.1012306 15.2461338 21.773819
v 33.1012306 15.2461338 21.773819
v -35.4293098 16.4754772 14.3308191
v -35.4293098 16.4754772 21.1068192
v -36.0963097 16.4754772 21.773819
v -36.0963097 16.4754772 13.6638193
v -36.0963097 0.274292469 20.9738197
v -36.0963097 16.4754772 21.773819
v -36.0963097 0.274292469 21.773819
v -36.0963097 12.3900394 20.9738197
v -36.0963097 14.2472162 14.4638195
v -36.0963097 16.4754772 13.6638193
v -36.0963097 0.274292469 14.4638195
v -36.0963097 0.274292469 13.6638193
v -32.8463097 14.4972162 14.4638195
v -32.8463097 14.4972162 20.9738197
v -32.8463097 0.274292469 20.9738197
v -32.8463097 0.274292707 14.4638195
v -35.5963097 14.2472162 14.4638195
v -35.5963097 14.4972162 14.4638195
v -32.8463097 14.4972162 14.4638195
v -32.8463097 0.274292707 14.4638195
v -36.0963097 0.274292469 14.4638195
v -36.0963097 14.2472162 14.4638195
v -18.6730118 16.4754772 13.6638193
v -18.6730118 16.4754772 14.3308191
v -35.4293098 16.4754772 14.3308191
v -36.0963097 16.4754772 13.6638193
v -9.97624493 16.4754772 21.1068192
v -36.0963097 16.4754772 21.773819
v -35.4293098 16.4754772 21.1068192
v -9.97624493 16.4754772 21.6738186
v -9.97624493 16.4754772 21.773819
v -35.4293098 16.4754772 21.1068192
v -35.4293098 16.4754772 14.3308191
v -35.4293098 15.3754768 14.3308191
v -35.4293098 15.3754768 21.1068192
v -9.97624493 15.6374426 21.6738186
v -9.97624493 16.4754772 21.6738186
v -9.97624493 16.4754772 21.1068192
v -9.97624493 15.6374426 21.1068192
v -35.4293098 16.4754772 14.3308191
v -18.6730118 16.4754772 14.3308191
v -18.6730118 15.3754768 14.3308191
v -35.4293098 15.3754768 14.3308191
v -18.6730118 15.3754768 14.3308191
v -35.4293098 15.3754768 21.1068192
v -35.4293098 15.3754768 14.3308191
v -18.6730118 15.3754768 14.646801
v -9.97624493 15.3754768 14.646801
v 9.97624493 15.3754768 14.646801
v 35.4293098 15.3754768 21.1068192
v 18.6730118 15.3754768 14.646801
v 18.6730118 15.3754768 14.3308191
v 35.4293098 15.3754768 14.3308191
v -18.6730118 5.10009003 13.6638193
v -28.5364151 5.30008984 13.6638193
v -28.5364151 5.10009003 13.6638193
v -18.6730118 16.4754772 13.6638193
v -36.0963097 16.4754772 13.6638193
v -29.2864151 5.30008984 13.6638193
v -29.2864151 0.274292469 13.6638193
v -36.0963097 0.274292469 13.6638193
v -35.4293098 15.3754768 21.1068192
v -9.97624493 16.4754772 21.1068192
v -35.4293098 16.4754772 21.1068192
v -9.97624493 15.6374426 21.1068192
v 9.97624493 15.6374426 21.1068192
v 35.4293098 15.3754768 21.1068192
v 9.97624493 16.4754772 21.1068192
v 35.4293098 16.4754772 21.1068192
v -36.0963097 14.2472162 14.4638195
v -36.0963097 12.3900394 20.9738197
v -35.5963097 12.3900394 20.9738197
v -35.5963097 14.2472162 14.4638195
v -36.0963097 12.3900394 20.9738197
v -36.0963097 0.274292469 20.9738197
v -32.8463097 0.274292469 20.9738197
v -35.5963097 12.3900394 20.9738197
v -32.8463097 14.4972162 20.9738197
v -35.5963097 14.4972162 20.9738197
v -35.5963097 14.4972162 20.9738197
v -32.8463097 14.4972162 20.9738197
v -32.8463097 14.4972162 14.4638195
v -35.5963097 14.4972162 14.4638195
v -35.5963097 14.4972162 20.9738197
v -35.5963097 14.4972162 14.4638195
v -35.5963097 14.2472162 14.4638195
v -35.5963097 12.3900394 20.9738197
v 35.4293098 16.4754772 14.3308191
v 36.0963097 16.4754772 13.6638193
v 36.0963097 16.4754772 21.773819
v 35.4293098 16.4754772 21.1068192
v 36.0963097 0.274292469 20.9738197
v 36.0963097 0.274292469 21.773819
v 36.0963097 16.4754772 21.773819
v 36.0963097 12.3900394 20.9738197
v 36.0963097 14.2472162 14.4638195
v 36.0963097 16.4754772 13.6638193
v 36.0963097 0.274292469 13.6638193
v 36.0963097 0.274292469 14.4638195
v 18.6730118 16.4754772 13.6638193
v 36.0963097 16.4754772 13.6638193
v 35.4293098 16.4754772 14.3308191
v 18.6730118 16.4754772 14.3308191
v 9.97624493 16.4754772 21.1068192
v 35.4293098 16.4754772 21.1068192
v 36.0963097 16.4754772 21.773819
v 9.97624493 16.4754772 21.6738186
v 9.97624493 16.4754772 21.773819
v 35.4293098 16.4754772 21.1068192
v 35.4293098 15.3754768 21.1068192
v 35.4293098 15.3754768 14.3308191
v 35.4293098 16.4754772 14.3308191
v 35.4293098 16.4754772 14.3308191
v 35.4293098 15.3754768 14.3308191
v 18.6730118 15.3754768 14.3308191
v 18.6730118 16.4754772 14.3308191
v -9.97624493 15.6374426 21.6738186
v -9.97624493 15.6374426 21.1068192
v 9.97624493 15.6374426 21.1068192
v 9.97624493 15.6374426 21.6738186
v 9.97624493 15.6374426 21.6738186
v 9.97624493 16.4754772 21.6738186
v -9.97624493 16.4754772 21.6738186
v -9.97624493 15.6374426 21.6738186
v 9.97624493 16.4754772 21.773819
v -9.97624493 16.4754772 21.773819
v -9.97624493 16.4754772 21.6738186
v 9.97624493 16.4754772 21.6738186
v 35.5963097 14.2472162 14.4638195
v 36.0963097 14.2472162 14.4638195
v 36.0963097 0.274292469 14.4638195
v 32.8463097 0.274292707 14.4638195
v 35.5963097 14.4972162 14.4638195
v 32.8463097 14.4972162 14.4638195
v 36.0963097 14.2472162 14.4638195
v 35.5963097 14.2472162 14.4638195
v 35.5963097 12.3900394 20.9738197
v 36.0963097 12.3900394 20.9738197
v 36.0963097 12.3900394 20.9738197
v 32.8463097 0.274292469 20.9738197
v 36.0963097 0.274292469 20.9738197
v 35.5963097 12.3900394 20.9738197
v 32.8463097 14.4972162 20.9738197
v 35.5963097 14.4972162 20.9738197
v 35.5963097 14.4972162 20.9738197
v 35.5963097 14.4972162 14.4638195
v 32.8463097 14.4972162 14.4638195
v 32.8463097 14.4972162 20.9738197
v 36.0963097 0.274292469 13.6638193
v 29.2864151 5.30008984 13.6638193
v 29.2864151 0.310090184 13.6638193
v 36.0963097 16.4754772 13.6638193
v 18.6730118 16.4754772 13.6638193
v 28.5364151 5.30008984 13.6638193
v 18.6730118 5.10009003 13.6638193
v 28.5364151 5.10009003 13.6638193
v -35.5963097 13.3437061 14.4638195
v -35.5963097 11.4865294 20.9738197
v -35.5963097 8.98355865 20.9738197
v -35.5963097 10.8407345 14.4638195
v -35.5963097 9.84370613 14.4638195
v -35.5963097 7.98652935 20.9738197
v -35.5963097 5.48355865 20.9738197
v -35.5963097 7.34073448 14.4638195
v -35.5963097 6.34370613 14.4638195
v -35.5963097 4.48652935 20.9738197
v -35.5963097 0.274292469 20.9738197
v -35.5963097 0.274292469 14.4638195
v 35.5963097 13.3437061 14.4638195
v 35.5963097 10.8407345 14.4638195
v 35.5963097 8.98355865 20.9738197
v 35.5963097 11.4865294 20.9738197
v 35.5963097 9.84370613 14.4638195
v 35.5963097 7.34073448 14.4638195
v 35.5963097 5.48355865 20.9738197
v 35.5963097 7.98652935 20.9738197
v 35.5963097 4.48652935 20.9738197
v 35.5963097 6.34370613 14.4638195
v 35.5963097 0.274292707 14.4638195
v 35.5963097 0.274292469 20.9738197
v -34.306469 11.9354601 17.6352882
v -34.306469 11.3882952 16.8396816
v -33.2032547 11.3882952 16.8396816
v -34.306469 13.1379766 19.3838081
v -33.1984749 13.1384611 19.3838081
v -35.5567589 11.3882961 15.4496689
v -34.306469 11.3882952 16.8396816
v -35.5567589 11.3882961 16.8396816
v -33.2032547 11.3882952 15.4496698
v -33.2032547 11.3882952 16.8396816
v -35.5567589 13.1384611 19.3838081
v -33.2032547 13.1384602 20.9738197
v -35.5567589 13.1384602 20.9738197
v -34.306469 13.1379766 19.3838081
v -33.1984749 13.1384611 19.3838081
v -34.306469 9.77797699 19.3838081
v -35.5567589 9.77797699 19.3838081
v -34.306469 10.2807331 18.5880814
v -35.5567589 11.3882961 16.8396816
v -34.306469 11.3882952 16.8396816
v -35.5567589 12.438303 15.4496689
v -33.2032547 12.438303 15.4496689
v -33.2032547 11.3882952 15.4496698
v -35.5567589 11.3882961 15.4496689
v -34.306469 9.77797699 19.3838081
v -34.306469 10.2807331 18.5880814
v -34.306469 10.8279781 19.3838081
v -34.306469 11.9354601 17.6352882
v -34.306469 11.3882952 16.8396816
v 34.306469 3.05797625 19.3838081
v 34.306469 4.66829538 16.8396816
v 35.5567589 4.66829538 16.8396816
v 35.5567589 3.05797625 19.3838081
v 34.306469 4.66829538 16.8396816
v 34.306469 3.05797625 19.3838081
v 34.306469 4.10797739 19.3838081
v 34.306469 5.21546125 17.6352882
v 34.306469 6.41797638 19.3838081
v 33.2032547 6.41846037 20.9738197
v 33.1984749 6.41846132 19.3838081
v 35.5567589 6.41797638 19.3838081
v 35.5567589 6.41846037 20.9738197
v 35.5567589 5.7183032 15.4496689
v 35.5567589 4.66829634 15.4496689
v 33.2032547 4.66829538 15.4496698
v 33.2032547 5.7183032 15.4496689
v 35.5567589 4.66829634 15.4496689
v 35.5567589 4.66829538 16.8396816
v 34.306469 4.66829538 16.8396816
v 33.2032547 4.66829538 15.4496698
v 33.2032547 4.66829538 16.8396816
v 34.306469 6.41797638 19.3838081
v 34.306469 6.92073298 18.5880814
v 35.5567589 6.41797638 19.3838081
v 35.5567589 8.02829552 16.8396816
v 34.306469 8.02829552 16.8396816
v 34.306469 5.21546125 17.6352882
v 34.306469 5.7183032 16.8396835
v 34.306469 4.66829538 16.8396816
v 34.306469 6.41797638 19.3838081
v 34.306469 6.92073298 18.5880814
v -33.2032547 8.02829552 15.4496698
v -33.2032547 8.02829552 16.8396816
v -34.306469 8.02829552 16.8396816
v -35.5567589 8.02829647 15.4496689
v -35.5567589 8.02829552 16.8396816
v -34.306469 9.77797699 19.3838081
v -33.1984749 9.77846146 19.3838081
v -33.2032547 9.7784605 20.9738197
v -35.5567589 9.77797699 19.3838081
v -35.5567589 9.7784605 20.9738197
v -34.306469 8.57546043 17.6352882
v -34.306469 6.92073298 18.5880814
v -34.306469 8.02829552 16.8396816
v -34.306469 7.46797752 19.3838081
v -34.306469 6.41797638 19.3838081
v -34.306469 5.21546125 17.6352882
v -33.1984749 6.41846132 19.3838081
v -34.306469 6.41797638 19.3838081
v -33.2032547 4.66829538 16.8396816
v -34.306469 4.66829538 16.8396816
v -35.5567589 9.07830334 15.4496689
v -33.2032547 9.07830334 15.4496689
v -33.2032547 8.02829552 15.4496698
v -35.5567589 8.02829647 15.4496689
v -34.306469 6.92073298 18.5880814
v -35.5567589 8.02829552 16.8396816
v -34.306469 8.02829552 16.8396816
v -35.5567589 6.41797638 19.3838081
v -34.306469 6.41797638 19.3838081
v 34.306469 5.21546125 17.6352882
v 34.306469 6.41797638 19.3838081
v 33.1984749 6.41846132 19.3838081
v 33.2032547 4.66829538 16.8396816
v 34.306469 4.66829538 16.8396816
v 35.5567589 9.07830334 15.4496689
v 35.5567589 8.02829647 15.4496689
v 33.2032547 8.02829552 15.4496698
v 33.2032547 9.07830334 15.4496689
v 33.2032547 8.02829552 15.4496698
v 34.306469 8.02829552 16.8396816
v 33.2032547 8.02829552 16.8396816
v 35.5567589 8.02829647 15.4496689
v 35.5567589 8.02829552 16.8396816
v 34.306469 6.41797638 19.3838081
v 34.306469 7.46797752 19.3838081
v 34.306469 6.92073298 18.5880814
v 34.306469 8.57546043 17.6352882
v 34.306469 8.02829552 16.8396816
v 34.306469 9.77797699 19.3838081
v 33.2032547 9.7784605 20.9738197
v 33.1984749 9.77846146 19.3838081
v 35.5567589 9.77797699 19.3838081
v 35.5567589 9.7784605 20.9738197
v -33.2032547 4.66829538 15.4496698
v -33.2032547 4.66829538 16.8396816
v -34.306469 4.66829538 16.8396816
v -35.5567589 4.66829634 15.4496689
v -35.5567589 4.66829538 16.8396816
v -34.306469 6.41797638 19.3838081
v -33.1984749 6.41846132 19.3838081
v -33.2032547 6.41846037 20.9738197
v -35.5567589 6.41797638 19.3838081
v -35.5567589 6.41846037 20.9738197
v -34.306469 5.21546125 17.6352882
v -34.306469 4.66829538 16.8396816
v -34.306469 5.7183032 16.8396835
v -34.306469 6.41797638 19.3838081
v -34.306469 6.92073298 18.5880814
v -35.5567589 5.7183032 15.4496689
v -33.2032547 5.7183032 15.4496689
v -33.2032547 4.66829538 15.4496698
v -35.5567589 4.66829634 15.4496689
v -34.306469 3.05797625 19.3838081
v -35.5567589 3.05797625 19.3838081
v -35.5567589 4.66829538 16.8396816
v -34.306469 4.66829538 16.8396816
v -34.306469 4.66829538 16.8396816
v -34.306469 5.21546125 17.6352882
v -34.306469 4.10797739 19.3838081
v -34.306469 3.05797625 19.3838081
v 34.306469 10.2807331 18.5880814
v 34.306469 11.3882952 16.8396816
v 35.5567589 11.3882961 16.8396816
v 35.5567589 9.77797699 19.3838081
v 34.306469 9.77797699 19.3838081
v 34.306469 9.77797699 19.3838081
v 34.306469 10.8279781 19.3838081
v 34.306469 10.2807331 18.5880814
v 34.306469 11.9354601 17.6352882
v 34.306469 11.3882952 16.8396816
v 35.5567589 13.1384611 19.3838081
v 35.5567589 13.1384602 20.9738197
v 33.2032547 13.1384602 20.9738197
v 34.306469 13.1379766 19.3838081
v 33.1984749 13.1384611 19.3838081
v 34.306469 11.9354601 17.6352882
v 33.2032547 11.3882952 16.8396816
v 34.306469 11.3882952 16.8396816
v 34.306469 13.1379766 19.3838081
v 33.1984749 13.1384611 19.3838081
v 35.5567589 12.438303 15.4496689
v 35.5567589 11.3882961 15.4496689
v 33.2032547 11.3882952 15.4496698
v 33.2032547 12.438303 15.4496689
v 34.306469 11.3882952 16.8396816
v 33.2032547 11.3882952 16.8396816
v 33.2032547 11.3882952 15.4496698
v 35.5567589 11.3882961 15.4496689
v 35.5567589 11.3882961 16.8396816
v -34.306469 8.57546043 17.6352882
v -34.306469 8.02829552 16.8396816
v -34.306469 9.07830238 16.8396835
v -34.306469 9.77797699 19.3838081
v -34.306469 10.2807331 18.5880814
v -34.306469 8.57546043 17.6352882
v -34.306469 8.02829552 16.8396816
v -33.2032547 8.02829552 16.8396816
v -34.306469 9.77797699 19.3838081
v -33.1984749 9.77846146 19.3838081
v -34.306469 11.9354601 17.6352882
v -34.306469 11.3882952 16.8396816
v -34.306469 12.438302 16.8396835
v -34.306469 13.1379766 19.3838081
v -34.306469 13.6407328 18.5880814
v 34.306469 8.57546043 17.6352882
v 34.306469 9.07830238 16.8396835
v 34.306469 8.02829552 16.8396816
v 34.306469 9.77797699 19.3838081
v 34.306469 10.2807331 18.5880814
v 34.306469 8.57546043 17.6352882
v 33.2032547 8.02829552 16.8396816
v 34.306469 8.02829552 16.8396816
v 34.306469 9.77797699 19.3838081
v 33.1984749 9.77846146 19.3838081
v 34.306469 11.9354601 17.6352882
v 34.306469 12.438302 16.8396835
v 34.306469 11.3882952 16.8396816
v 34.306469 13.1379766 19.3838081
v 34.306469 13.6407328 18.5880814
v 35.5963097 12.3900394 20.9738197
v 35.5963097 14.2472162 14.4638195
v 35.5963097 14.4972162 14.4638195
v 35.5963097 14.4972162 20.9738197
v 32.8463097 14.4972162 14.4638195
v 32.8463097 0.274292707 14.4638195
v 32.8463097 0.274292469 20.9738197
v 32.8463097 14.4972162 20.9738197
v -32.8501663 14.9696665 22.9408646
v 32.8501663 14.9696665 22.9408646
v 32.8501663 4.15008831 22.9408646
v -32.8501663 4.15008831 22.9408646
v 9.97624493 15.6374426 21.6738186
v 9.97624493 15.6374426 21.1068192
v 9.97624493 16.4754772 21.1068192
v 9.97624493 16.4754772 21.6738186
v -33.1012306 15.2461338 21.773819
v -33.1012306 3.89289761 21.773819
v -36.0963097 0.274292469 21.773819
v 33.1012306 3.89289761 21.773819
v 36.0963097 0.274292469 21.773819
v 33.1012306 15.2461338 21.773819
v -36.0963097 16.4754772 21.773819
v 36.0963097 16.4754772 21.773819
v -9.97624493 15.6374426 21.773819
v -9.97624493 16.4754772 21.773819
v 9.97624493 15.6374426 21.773819
v 9.97624493 16.4754772 21.773819
v 34.5406227 5.5234189 -8.07923794
v 34.4120789 0.310639143 -0.939421415
v 34.4120789 5.5234189 -0.939421415
v 34.5406227 0.310639143 -13.052578
v 34.4120789 10.0034199 -0.939421415
v 34.5406227 4.0234189 -13.052578
v 34.5406227 10.0034199 -8.07923794
v 34.4120789 14.4834204 -0.939421296
v 34.5406227 5.5234189 -13.1304026
v 34.5406227 4.0234189 -16.0004025
v 34.5406227 5.5234189 -15.2804022
v 34.5406227 8.50341892 -15.2804022
v 34.5406227 8.50341892 -13.1304026
v 34.5406227 8.50341892 -16.0004025
v 34.5406227 14.4834194 -8.07923794
v 34.4120789 19.8113918 -0.939421356
v 34.5406227 10.0034199 -13.1304026
v 34.5406227 10.0034199 -15.2804022
v 34.5406227 10.0034199 -16.0004025
v 34.5406227 12.9834194 -15.2804022
v 34.5406227 12.9834194 -13.1304026
v 34.5406227 12.9834204 -16.0004025
v 34.5406227 17.4634209 -8.07923794
v 34.5406227 19.8113918 -10.6048203
v 34.5406227 14.4834194 -13.1304026
v 34.5406227 17.4634209 -13.1304026
v 34.5406227 14.4834204 -15.2804022
v 34.5406227 14.4834213 -16.0004025
v 34.5406227 17.4634209 -15.2804022
v 34.5406227 19.8113918 -16.0004025
v -28.5364151 5.10009003 6.7746253
v -28.5364151 5.10009003 0.526693344
v -23.9057064 5.10009003 1.69443369
v -19.2596245 5.10009003 1.69443369
v -18.6730118 5.10009003 0.526693285
v -19.2596245 5.10009003 5.88932848
v -18.6730118 5.10009003 6.77462578
v -23.9057064 5.10009003 5.88932848
v -19.2596245 5.10009003 8.29443359
v -23.9057064 5.10009003 8.29443359
v -19.2596245 5.10009003 12.4893284
v -28.5364151 5.10009003 13.6638193
v -18.6730118 5.10009003 13.6638193
v -23.9057064 5.10009003 12.4893284
vt 0.482382745 0.0671060532
vt 0.479240835 0.0670688897
vt 0.478839934 0.100954995
vt 0.914177001 0.0683120489
vt 0.910790861 0.0623681098
vt 0.904533267 0.0586140752
vt 0.49023062 0.0672004521
vt 0.499963641 0.057569474
vt 0.493668228 0.0612770766
vt 0.491660208 0.159517884
vt 0.494993597 0.163818598
vt 0.499831527 0.167023361
vt 0.317741692 0.35778594
vt 0.317741811 0.356012642
vt 0.317741811 0.343470097
vt 0.2883946 0.449778616
vt 0.281306446 0.453885674
vt 0.28129223 0.44569698
vt 0.894827724 0.178809643
vt 0.81451261 0.175496936
vt 0.818646789 0.178612858
vt 0.903778017 0.175727516
vt 0.903770089 0.178832769
vt 0.914048195 0.169634432
vt 0.909120202 0.173759833
vt 0.910065532 0.176534623
vt 0.916377604 0.171837628
vt 0.915670633 0.0575260669
vt 0.909766078 0.0500227809
vt 0.909246922 0.0527104884
vt 0.917852163 0.0554651618
vt 0.922939897 0.0630654544
vt 0.920135319 0.063639462
vt 0.920712948 0.165525556
vt 0.918126583 0.164083213
vt 0.914048195 0.169634432
vt 0.916377604 0.171837628
vt 0.826477826 0.170870036
vt 0.822324753 0.167746633
vt 0.822192013 0.254724979
vt 0.826343536 0.258889139
vt 0.974847496 0.379806876
vt 0.984868407 0.379806876
vt 0.984868407 0.345466763
vt 0.974847496 0.345466763
vt 0.984868407 0.335798919
vt 0.974847496 0.335798919
vt 0.984868407 0.316592157
vt 0.974847496 0.316592157
vt 0.984868407 0.306924284
vt 0.974847496 0.306924284
vt 0.984868407 0.287717521
vt 0.974847496 0.287717521
vt 0.984868407 0.278049678
vt 0.974847496 0.278049678
vt 0.984868407 0.258842975
vt 0.974847496 0.258842975
vt 0.984868407 0.249175072
vt 0.974847496 0.249175072
vt 0.984868407 0.224086493
vt 0.974847496 0.224086493
vt 0.54309237 0.381476462
vt 0.533081889 0.381507784
vt 0.532974899 0.348134816
vt 0.542988062 0.348107368
vt 0.532954335 0.338728786
vt 0.542967558 0.338713467
vt 0.532928646 0.320063651
vt 0.542946219 0.320052981
vt 0.532921553 0.310647964
vt 0.542946577 0.31065008
vt 0.532924652 0.291955739
vt 0.542958379 0.291960746
vt 0.532930851 0.282524228
vt 0.542973459 0.282539994
vt 0.532957196 0.263798535
vt 0.543008268 0.263814569
vt 0.532973468 0.254352301
vt 0.543031454 0.25437665
vt 0.533034086 0.229856178
vt 0.54309237 0.229881316
vt 0.922017872 0.0682796091
vt 0.925290704 0.102123678
vt 0.925157011 0.0682671964
vt 0.921693563 0.153916568
vt 0.924822569 0.153944835
vt 0.840271235 0.258842915
vt 0.841237962 0.259809643
vt 0.876428783 0.259809643
vt 0.87739563 0.258842975
vt 0.887675762 0.363706768
vt 0.887675762 0.34643358
vt 0.886708975 0.345466763
vt 0.886708975 0.364673555
vt 0.886708975 0.345466793
vt 0.887675643 0.34643355
vt 0.922866821 0.34643358
vt 0.923833609 0.345466763
vt 0.922866821 0.34643358
vt 0.922866821 0.363706768
vt 0.923833609 0.364673555
vt 0.923833609 0.345466763
vt 0.922866821 0.363706768
vt 0.887675762 0.363706768
vt 0.886708975 0.364673525
vt 0.923833609 0.364673555
vt 0.90541482 0.0501269251
vt 0.905424595 0.047123462
vt 0.860216975 0.046974957
vt 0.8602072 0.0499784946
vt 0.815009236 0.0468265265
vt 0.814999342 0.0498533696
vt 0.769801259 0.0466780961
vt 0.769792557 0.0497545451
vt 0.724672318 0.0465769172
vt 0.724667072 0.0496627688
vt 0.679809988 0.046529755
vt 0.679808378 0.0496132821
vt 0.634750664 0.0495965928
vt 0.634748816 0.0465273112
vt 0.589689434 0.0495942682
vt 0.589683652 0.0465833247
vt 0.544811606 0.0496930629
vt 0.544804215 0.0467119068
vt 0.499948442 0.0497808903
vt 0.499942541 0.0468003005
vt 0.934049249 0.363706768
vt 0.934049249 0.34643358
vt 0.933082461 0.345466763
vt 0.933082461 0.364673555
vt 0.969240189 0.34643358
vt 0.969240189 0.363706768
vt 0.970206976 0.364673525
vt 0.970206976 0.345466763
vt 0.933082521 0.345466793
vt 0.934049249 0.34643358
vt 0.969240189 0.34643358
vt 0.970206976 0.345466763
vt 0.970206976 0.335798919
vt 0.969240189 0.334832132
vt 0.934049249 0.334832162
vt 0.933082461 0.335798919
vt 0.79483223 0.317558885
vt 0.79483223 0.334832132
vt 0.830023289 0.334832132
vt 0.830023289 0.317558885
vt 0.841238022 0.363706768
vt 0.841238022 0.34643358
vt 0.840271354 0.345466763
vt 0.840271354 0.364673555
vt 0.841238081 0.363706797
vt 0.840271294 0.364673525
vt 0.87739563 0.364673555
vt 0.876428843 0.363706768
vt 0.876428843 0.34643358
vt 0.876428843 0.363706768
vt 0.87739563 0.364673555
vt 0.87739563 0.345466763
vt 0.840271354 0.345466763
vt 0.841238081 0.34643361
vt 0.876428843 0.34643358
vt 0.87739563 0.345466763
vt 0.841238081 0.363706797
vt 0.876428843 0.363706768
vt 0.876428843 0.34643358
vt 0.841238022 0.34643358
vt 0.79483223 0.363706768
vt 0.79483223 0.34643358
vt 0.793865502 0.345466763
vt 0.793865502 0.364673525
vt 0.83099103 0.335798919
vt 0.830023289 0.334832132
vt 0.79483223 0.334832132
vt 0.793865502 0.335798919
vt 0.830023289 0.34643358
vt 0.830023289 0.363706768
vt 0.830990076 0.364673525
vt 0.830990076 0.345466763
vt 0.83099097 0.364673525
vt 0.830023289 0.363706768
vt 0.79483223 0.363706768
vt 0.793865502 0.364673525
vt 0.783861876 0.34643358
vt 0.783861876 0.363706768
vt 0.784828544 0.364673555
vt 0.784828544 0.345466763
vt 0.783861876 0.317558885
vt 0.784828544 0.316592157
vt 0.747704029 0.316592157
vt 0.748670936 0.317558855
vt 0.887675762 0.334832132
vt 0.887675762 0.317558885
vt 0.886708975 0.316592157
vt 0.886708975 0.335798919
vt 0.922866821 0.317558885
vt 0.922866821 0.334832132
vt 0.923833609 0.335798919
vt 0.923833609 0.316592157
vt 0.934049249 0.334832132
vt 0.934049249 0.317558885
vt 0.933082461 0.316592157
vt 0.933082461 0.335798919
vt 0.969240189 0.317558885
vt 0.969240189 0.334832132
vt 0.970206976 0.335798919
vt 0.970206976 0.316592157
vt 0.933082461 0.316592157
vt 0.934049189 0.317558855
vt 0.969240189 0.317558885
vt 0.970206976 0.316592157
vt 0.970206976 0.364673525
vt 0.969240248 0.363706768
vt 0.934049249 0.363706768
vt 0.933082521 0.364673555
vt 0.970206976 0.278049678
vt 0.969240248 0.27708298
vt 0.934049308 0.27708295
vt 0.933082402 0.278049678
vt 0.841238022 0.334832102
vt 0.841238022 0.317558885
vt 0.840271354 0.316592157
vt 0.840271354 0.335798919
vt 0.876428843 0.317558885
vt 0.876428843 0.334832132
vt 0.87739563 0.335798919
vt 0.87739563 0.316592157
vt 0.87739563 0.335798919
vt 0.876428783 0.334832102
vt 0.841238022 0.334832102
vt 0.840271413 0.335798949
vt 0.79483223 0.334832132
vt 0.79483223 0.317558885
vt 0.793865502 0.316592157
vt 0.793865502 0.335798919
vt 0.830990076 0.316592157
vt 0.793865502 0.316592157
vt 0.79483223 0.317558885
vt 0.830023289 0.317558885
vt 0.830023289 0.317558885
vt 0.830023289 0.334832132
vt 0.830990076 0.335798919
vt 0.830990076 0.316592157
vt 0.783861876 0.317558885
vt 0.783861876 0.334832132
vt 0.784828544 0.335798919
vt 0.784828544 0.316592157
vt 0.747704029 0.287717521
vt 0.748670936 0.288684309
vt 0.783861876 0.288684309
vt 0.784828544 0.287717521
vt 0.784828544 0.306924284
vt 0.783861876 0.305957496
vt 0.748670936 0.305957496
vt 0.747704029 0.306924313
vt 0.887675762 0.305957496
vt 0.887675762 0.288684309
vt 0.886708975 0.287717521
vt 0.886708975 0.306924284
vt 0.922866821 0.288684279
vt 0.922866821 0.305957526
vt 0.923833609 0.306924284
vt 0.923833609 0.287717521
vt 0.886708915 0.316592157
vt 0.887675762 0.317558885
vt 0.922866821 0.317558885
vt 0.923833609 0.316592157
vt 0.922866821 0.305957526
vt 0.887675703 0.305957496
vt 0.886708975 0.306924284
vt 0.923833609 0.306924284
vt 0.934049249 0.305957556
vt 0.934049249 0.288684309
vt 0.933082461 0.287717521
vt 0.933082461 0.306924284
vt 0.969240189 0.288684309
vt 0.969240189 0.305957496
vt 0.970206976 0.306924284
vt 0.970206976 0.287717521
vt 0.933082581 0.229968339
vt 0.934049189 0.230935112
vt 0.969240189 0.230935127
vt 0.970206976 0.229968324
vt 0.841238022 0.305957496
vt 0.841238022 0.288684309
vt 0.840271354 0.287717521
vt 0.840271354 0.306924284
vt 0.876428843 0.288684309
vt 0.876428843 0.305957556
vt 0.87739563 0.306924284
vt 0.87739563 0.287717521
vt 0.840271354 0.316592157
vt 0.841238022 0.317558885
vt 0.876428843 0.317558885
vt 0.87739563 0.316592157
vt 0.841238022 0.334832102
vt 0.876428843 0.334832132
vt 0.876428843 0.317558885
vt 0.841238022 0.317558885
vt 0.87739563 0.278049678
vt 0.876428902 0.27708295
vt 0.841238022 0.27708295
vt 0.840271413 0.278049707
vt 0.79483223 0.305957526
vt 0.79483223 0.288684309
vt 0.793865502 0.287717521
vt 0.793865502 0.306924284
vt 0.830990136 0.287717551
vt 0.793865502 0.287717521
vt 0.79483223 0.288684309
vt 0.830023289 0.288684309
vt 0.830023289 0.288684309
vt 0.830023289 0.305957496
vt 0.830990076 0.306924284
vt 0.830990076 0.287717521
vt 0.830990016 0.345466733
vt 0.793865502 0.345466763
vt 0.79483223 0.34643358
vt 0.830023289 0.34643358
vt 0.83099103 0.306924284
vt 0.830023289 0.305957496
vt 0.79483223 0.305957556
vt 0.793865502 0.306924284
vt 0.784828544 0.364673555
vt 0.783861995 0.363706797
vt 0.748670876 0.363706768
vt 0.747704029 0.364673555
vt 0.784828544 0.335798919
vt 0.783861816 0.334832102
vt 0.748670936 0.334832132
vt 0.747704029 0.335798919
vt 0.747704029 0.345466733
vt 0.748670936 0.34643358
vt 0.783861876 0.34643358
vt 0.784828544 0.345466763
vt 0.52840209 0.291961253
vt 0.527281642 0.293089479
vt 0.51598084 0.29308483
vt 0.514857352 0.291957378
vt 0.514857352 0.291957378
vt 0.51598084 0.29308483
vt 0.515996277 0.30953294
vt 0.514878988 0.31066376
vt 0.514878988 0.31066376
vt 0.515996277 0.30953294
vt 0.527281642 0.30951941
vt 0.528402984 0.310643852
vt 0.528402984 0.310643852
vt 0.527281642 0.30951941
vt 0.527281642 0.293089479
vt 0.52840209 0.291961253
vt 0.528412998 0.320075631
vt 0.527296245 0.321203619
vt 0.516013026 0.321213841
vt 0.514890015 0.320089549
vt 0.514890015 0.320089549
vt 0.516013026 0.321213841
vt 0.516046464 0.337638855
vt 0.5149315 0.338769555
vt 0.5149315 0.338769555
vt 0.516046464 0.337638855
vt 0.527319193 0.337610215
vt 0.528440893 0.338731498
vt 0.528440893 0.338731498
vt 0.527319193 0.337610215
vt 0.527296245 0.321203619
vt 0.528412998 0.320075631
vt 0.528463542 0.348153561
vt 0.527349353 0.349282682
vt 0.516078174 0.349307805
vt 0.514955342 0.348185539
vt 0.514955342 0.348185539
vt 0.516078174 0.349307805
vt 0.516130388 0.36572367
vt 0.515017927 0.366855532
vt 0.515017927 0.366855532
vt 0.516130388 0.36572367
vt 0.52739507 0.365680635
vt 0.528517127 0.36679998
vt 0.528517127 0.36679998
vt 0.52739507 0.365680635
vt 0.527349353 0.349282682
vt 0.528463542 0.348153561
vt 0.923849285 0.157887757
vt 0.921012521 0.156983063
vt 0.918126583 0.164083213
vt 0.920712948 0.165525556
vt 0.783861876 0.288684279
vt 0.783861876 0.305957496
vt 0.784828544 0.306924284
vt 0.784828544 0.287717521
vt 0.499773681 0.177900329
vt 0.58497262 0.178352863
vt 0.589134812 0.175266862
vt 0.499790251 0.174792424
vt 0.489559442 0.168612972
vt 0.487210661 0.170799732
vt 0.493491143 0.17555058
vt 0.494459182 0.172780871
vt 0.488822073 0.0563901216
vt 0.495292395 0.0516209453
vt 0.494794369 0.0489258468
vt 0.486654878 0.0543092191
vt 0.48149994 0.0618772358
vt 0.484303057 0.0624744892
vt 0.482921302 0.164447874
vt 0.487210661 0.170799732
vt 0.489559442 0.168612972
vt 0.485521346 0.163024753
vt 0.576998651 0.170689881
vt 0.576988757 0.258860379
vt 0.581154287 0.254695773
vt 0.58126682 0.167521954
vt 0.557440937 0.379806817
vt 0.547419965 0.345466763
vt 0.547419965 0.379806817
vt 0.557440937 0.345466763
vt 0.547420084 0.335798919
vt 0.557441056 0.335798919
vt 0.547420084 0.316592157
vt 0.557441056 0.316592157
vt 0.547420084 0.306924284
vt 0.557441056 0.306924284
vt 0.547420084 0.278049678
vt 0.557441056 0.278049678
vt 0.0141403377 0.22742644
vt 0.0267762244 0.269725114
vt 0.0268288553 0.227442637
vt 0.0140861571 0.269722164
vt 0.02678141 0.281636238
vt 0.0140894949 0.281647533
vt 0.0268288553 0.305278867
vt 0.0141353607 0.305315524
vt 0.0268701613 0.317193866
vt 0.014174968 0.31724143
vt 0.0270314217 0.352765948
vt 0.0143362582 0.352823555
vt 0.412894279 0.486706704
vt 0.588948905 0.496562719
vt 0.412894279 0.496562719
vt 0.566640139 0.486706197
vt 0.566640139 0.464915544
vt 0.633774817 0.496562719
vt 0.633774817 0.464915544
vt 0.692046046 0.464915544
vt 0.678601027 0.496562719
vt 0.688280463 0.492479801
vt 0.692046046 0.48326838
vt 0.485521346 0.163024753
vt 0.482382745 0.0671060532
vt 0.478839934 0.100954995
vt 0.479714066 0.161461532
vt 0.702265322 0.363706827
vt 0.701298535 0.364673555
vt 0.73842293 0.364673555
vt 0.737456143 0.363706738
vt 0.644644797 0.363706768
vt 0.645611763 0.364673555
vt 0.645611763 0.345466763
vt 0.644644797 0.34643358
vt 0.609454036 0.34643358
vt 0.608487189 0.345466763
vt 0.608487189 0.364673555
vt 0.609454036 0.363706768
vt 0.644644797 0.317558885
vt 0.645611763 0.316592157
vt 0.608487189 0.316592157
vt 0.609453976 0.317558855
vt 0.598239362 0.363706768
vt 0.59920609 0.364673525
vt 0.59920609 0.345466763
vt 0.598239362 0.34643358
vt 0.598239362 0.34643358
vt 0.59920609 0.345466763
vt 0.562081695 0.345466763
vt 0.563048244 0.34643358
vt 0.563048303 0.34643358
vt 0.562081695 0.345466763
vt 0.562081695 0.364673555
vt 0.563048303 0.363706768
vt 0.563048303 0.363706738
vt 0.562081695 0.364673525
vt 0.59920609 0.364673525
vt 0.598239362 0.363706768
vt 0.691050649 0.363706768
vt 0.692017436 0.364673555
vt 0.692017436 0.345466763
vt 0.691050649 0.34643358
vt 0.65585953 0.34643358
vt 0.654892802 0.345466763
vt 0.654892802 0.364673555
vt 0.65585953 0.363706768
vt 0.654892802 0.364673555
vt 0.692017436 0.364673525
vt 0.691050649 0.363706768
vt 0.65585947 0.363706768
vt 0.691050649 0.34643358
vt 0.692017436 0.345466763
vt 0.654892802 0.345466763
vt 0.65585953 0.34643358
vt 0.737456203 0.363706768
vt 0.73842293 0.364673555
vt 0.73842293 0.345466763
vt 0.737456203 0.34643358
vt 0.702265263 0.334832102
vt 0.701298535 0.335798919
vt 0.73842293 0.335798919
vt 0.737456203 0.334832132
vt 0.702265263 0.34643358
vt 0.701298535 0.345466763
vt 0.701298535 0.364673555
vt 0.702265263 0.363706768
vt 0.748670936 0.34643358
vt 0.747704029 0.345466763
vt 0.747704029 0.364673555
vt 0.748670936 0.363706768
vt 0.644644797 0.334832132
vt 0.645611763 0.335798919
vt 0.645611763 0.316592157
vt 0.644644797 0.317558885
vt 0.609454036 0.363706768
vt 0.608487189 0.364673555
vt 0.645611763 0.364673555
vt 0.644644797 0.363706768
vt 0.609454036 0.317558885
vt 0.608487189 0.316592157
vt 0.608487189 0.335798919
vt 0.609454036 0.334832132
vt 0.644644797 0.288684309
vt 0.645611763 0.287717521
vt 0.608487189 0.287717521
vt 0.609454036 0.288684309
vt 0.598239362 0.334832132
vt 0.59920609 0.335798919
vt 0.59920609 0.316592157
vt 0.598239362 0.317558885
vt 0.563048363 0.317558885
vt 0.562081695 0.316592157
vt 0.562081695 0.335798919
vt 0.563048363 0.334832102
vt 0.563048363 0.334832132
vt 0.562081695 0.335798919
vt 0.59920609 0.335798919
vt 0.598239362 0.334832132
vt 0.691050649 0.334832132
vt 0.692017436 0.335798919
vt 0.692017436 0.316592157
vt 0.691050649 0.317558885
vt 0.65585953 0.317558885
vt 0.654892802 0.316592157
vt 0.654892802 0.335798919
vt 0.65585953 0.334832132
vt 0.65585947 0.334832102
vt 0.654892802 0.335798919
vt 0.692017436 0.335798919
vt 0.691050649 0.334832132
vt 0.691050649 0.317558914
vt 0.692017436 0.316592157
vt 0.654892802 0.316592157
vt 0.65585953 0.317558885
vt 0.737456203 0.334832132
vt 0.73842293 0.335798919
vt 0.73842293 0.316592157
vt 0.737456203 0.317558885
vt 0.737456203 0.317558885
vt 0.73842293 0.316592157
vt 0.701298535 0.316592157
vt 0.702265263 0.317558885
vt 0.702265263 0.317558885
vt 0.701298535 0.316592157
vt 0.701298535 0.335798919
vt 0.702265263 0.334832132
vt 0.737456143 0.288684279
vt 0.73842293 0.287717521
vt 0.701298475 0.287717521
vt 0.702265263 0.288684309
vt 0.748670936 0.317558885
vt 0.747704029 0.316592157
vt 0.747704029 0.335798919
vt 0.748670936 0.334832132
vt 0.644644797 0.305957526
vt 0.645611763 0.306924284
vt 0.645611763 0.287717521
vt 0.644644797 0.288684309
vt 0.644644737 0.34643355
vt 0.645611763 0.345466763
vt 0.608487248 0.345466793
vt 0.609454036 0.34643358
vt 0.609454036 0.288684309
vt 0.608487189 0.287717521
vt 0.608487189 0.306924284
vt 0.609454036 0.305957496
vt 0.609454095 0.334832132
vt 0.608487129 0.335798919
vt 0.645611763 0.335798919
vt 0.644644797 0.334832132
vt 0.609454036 0.305957526
vt 0.608487189 0.306924284
vt 0.645611763 0.306924284
vt 0.644644797 0.305957526
vt 0.598239362 0.305957496
vt 0.59920609 0.306924284
vt 0.59920609 0.287717521
vt 0.598239362 0.288684309
vt 0.598239362 0.317558885
vt 0.59920609 0.316592157
vt 0.562081695 0.316592157
vt 0.563048303 0.317558855
vt 0.563048363 0.288684309
vt 0.562081695 0.287717551
vt 0.562081695 0.306924284
vt 0.563048363 0.305957496
vt 0.563048363 0.305957496
vt 0.562081695 0.306924284
vt 0.59920609 0.306924284
vt 0.598239362 0.305957496
vt 0.598239362 0.288684309
vt 0.59920609 0.287717521
vt 0.562081695 0.287717551
vt 0.563048363 0.288684309
vt 0.691050649 0.305957496
vt 0.692017436 0.306924284
vt 0.692017436 0.287717521
vt 0.691050649 0.288684309
vt 0.65585953 0.288684309
vt 0.654892802 0.287717521
vt 0.654892802 0.306924284
vt 0.65585953 0.305957496
vt 0.65585959 0.305957496
vt 0.654892802 0.306924313
vt 0.692017436 0.306924284
vt 0.691050708 0.305957496
vt 0.691050649 0.288684309
vt 0.692017436 0.287717521
vt 0.654892802 0.287717521
vt 0.65585953 0.288684309
vt 0.737456203 0.305957526
vt 0.73842293 0.306924284
vt 0.73842293 0.287717521
vt 0.737456203 0.288684309
vt 0.702265263 0.288684309
vt 0.701298535 0.287717521
vt 0.701298535 0.306924284
vt 0.702265263 0.305957496
vt 0.702265203 0.305957466
vt 0.701298535 0.306924284
vt 0.73842293 0.306924284
vt 0.737456203 0.305957556
vt 0.737456203 0.34643358
vt 0.73842293 0.345466763
vt 0.701298535 0.345466733
vt 0.702265263 0.34643358
vt 0.0326976478 0.34080866
vt 0.0498053133 0.340727478
vt 0.0483793616 0.339310348
vt 0.0341052413 0.339375973
vt 0.0498053133 0.340727478
vt 0.0496758223 0.317117244
vt 0.0482701063 0.318547457
vt 0.0483793616 0.339310348
vt 0.0496758223 0.317117244
vt 0.0325853527 0.317180485
vt 0.03400895 0.318599582
vt 0.0482701063 0.318547457
vt 0.0325853527 0.317180485
vt 0.0326976478 0.34080866
vt 0.0341052413 0.339375973
vt 0.03400895 0.318599582
vt 0.032543391 0.305255473
vt 0.0496322811 0.305202425
vt 0.048212558 0.303785056
vt 0.0339535177 0.303825468
vt 0.0496322811 0.305202425
vt 0.049577415 0.281621188
vt 0.0481675863 0.283046722
vt 0.048212558 0.303785056
vt 0.049577415 0.281621188
vt 0.0324949026 0.281637222
vt 0.0339135528 0.283058912
vt 0.0481675863 0.283046722
vt 0.0324949026 0.281637222
vt 0.032543391 0.305255473
vt 0.0339535177 0.303825468
vt 0.0339135528 0.283058912
vt 0.0324885845 0.26971668
vt 0.0495698154 0.269709706
vt 0.0481565297 0.268288761
vt 0.0339029729 0.268289417
vt 0.0495698154 0.269709706
vt 0.0495988429 0.246117115
vt 0.0481842458 0.247541413
vt 0.0481565297 0.268288761
vt 0.0495988429 0.246117115
vt 0.0325167775 0.246099621
vt 0.0339299142 0.247523531
vt 0.0481842458 0.247541413
vt 0.0325167775 0.246099621
vt 0.0324885845 0.26971668
vt 0.0339029729 0.268289417
vt 0.0339299142 0.247523531
vt 0.748670936 0.288684309
vt 0.747704029 0.287717521
vt 0.747704029 0.306924284
vt 0.748670936 0.305957496
vt 0.588968992 0.26252839
vt 0.584793925 0.266708702
vt 0.818565249 0.266708702
vt 0.81439507 0.262533247
vt 0.915670633 0.0575260669
vt 0.910790861 0.0623681098
vt 0.914177001 0.0683120489
vt 0.920135319 0.063639462
vt 0.914048195 0.169634432
vt 0.908656836 0.164801687
vt 0.903798223 0.167965353
vt 0.909120202 0.173759833
vt 0.822324753 0.167746633
vt 0.814532936 0.167734742
vt 0.814399958 0.254712999
vt 0.822192013 0.254724979
vt 0.909246922 0.0527104884
vt 0.904533267 0.0586140752
vt 0.910790861 0.0623681098
vt 0.915670633 0.0575260669
vt 0.918126583 0.164083213
vt 0.912020862 0.160531238
vt 0.908656836 0.164801687
vt 0.914048195 0.169634432
vt 0.815051615 0.0577033572
vt 0.903798223 0.167965353
vt 0.904533267 0.0586140752
vt 0.814532936 0.167734742
vt 0.789994359 0.109546855
vt 0.702219009 0.0574558377
vt 0.702151835 0.109468639
vt 0.789643884 0.221709579
vt 0.589538753 0.0573999211
vt 0.814399958 0.254712999
vt 0.614253163 0.109352365
vt 0.728533268 0.229220033
vt 0.728487849 0.221621722
vt 0.701744139 0.244494826
vt 0.674941778 0.229217917
vt 0.588964224 0.254699409
vt 0.61381948 0.221707508
vt 0.675017118 0.221618116
vt 0.589176118 0.167497814
vt 0.499831527 0.167023361
vt 0.499963641 0.057569474
vt 0.499963641 0.057569474
vt 0.491660208 0.159517884
vt 0.49023062 0.0672004521
vt 0.903778017 0.175727516
vt 0.903798223 0.167965353
vt 0.814532936 0.167734742
vt 0.81451261 0.175496936
vt 0.921012521 0.156983063
vt 0.91387713 0.153845996
vt 0.912020862 0.160531238
vt 0.918126583 0.164083213
vt 0.922017813 0.0682796091
vt 0.914177001 0.0683120489
vt 0.91387713 0.153845996
vt 0.921693563 0.153916568
vt 0.904533267 0.0586140752
vt 0.91387713 0.153845996
vt 0.914177001 0.0683120489
vt 0.304377794 0.411340475
vt 0.273720056 0.411338508
vt 0.273721755 0.384411156
vt 0.304379463 0.384413064
vt 0.8151443 0.0498887748
vt 0.904533267 0.0586140752
vt 0.904615402 0.0508339852
vt 0.815051675 0.0577033609
vt 0.814999342 0.0498533696
vt 0.8151443 0.0498887748
vt 0.769792557 0.0497545451
vt 0.702219009 0.0574558377
vt 0.724667072 0.0496627688
vt 0.679808378 0.0496132821
vt 0.634750664 0.0495965928
vt 0.589538693 0.0573999137
vt 0.589689434 0.0495942682
vt 0.544811606 0.0496930629
vt 0.499948442 0.0497808903
vt 0.499963641 0.057569474
vt 0.912020862 0.160531238
vt 0.91387713 0.153845996
vt 0.903798223 0.167965353
vt 0.908656836 0.164801687
vt 0.488822073 0.0563901216
vt 0.484303057 0.0624744892
vt 0.49023062 0.0672004521
vt 0.493668228 0.0612770766
vt 0.489559442 0.168612972
vt 0.494459182 0.172780871
vt 0.499831527 0.167023361
vt 0.494993597 0.163818598
vt 0.58126682 0.167521954
vt 0.581154287 0.254695773
vt 0.588964224 0.254699409
vt 0.589176118 0.167497814
vt 0.495292395 0.0516209453
vt 0.488822073 0.0563901216
vt 0.493668228 0.0612770766
vt 0.499963641 0.057569474
vt 0.485521346 0.163024753
vt 0.489559442 0.168612972
vt 0.494993597 0.163818598
vt 0.491660237 0.159517884
vt 0.499790251 0.174792424
vt 0.589134812 0.175266862
vt 0.589176118 0.167497814
vt 0.499831527 0.167023361
vt 0.482382745 0.0671060532
vt 0.485521346 0.163024753
vt 0.491660208 0.159517884
vt 0.49023062 0.0672004521
vt 0.588964224 0.254699409
vt 0.588968992 0.26252839
vt 0.81439507 0.262533247
vt 0.814399958 0.254712999
vt 0.934049249 0.363706768
vt 0.969240189 0.363706768
vt 0.969240189 0.34643358
vt 0.934049249 0.34643358
vt 0.887675762 0.363706768
vt 0.922866821 0.363706768
vt 0.922866821 0.34643358
vt 0.887675762 0.34643358
vt 0.748670876 0.363706768
vt 0.783861876 0.363706768
vt 0.783861876 0.34643358
vt 0.748670936 0.34643358
vt 0.702265322 0.363706827
vt 0.737456203 0.363706768
vt 0.737456203 0.34643358
vt 0.702265263 0.34643358
vt 0.65585947 0.363706768
vt 0.691050649 0.363706768
vt 0.691050649 0.34643358
vt 0.65585953 0.34643358
vt 0.609454036 0.363706768
vt 0.644644797 0.363706768
vt 0.644644797 0.34643358
vt 0.609454036 0.34643358
vt 0.563048303 0.363706738
vt 0.598239362 0.363706768
vt 0.598239362 0.34643358
vt 0.563048303 0.34643358
vt 0.887675762 0.317558885
vt 0.887675762 0.334832132
vt 0.922866821 0.334832132
vt 0.922866821 0.317558885
vt 0.87739563 0.306924284
vt 0.876428843 0.305957526
vt 0.841238081 0.305957496
vt 0.840271354 0.306924284
vt 0.748670936 0.334832132
vt 0.783861876 0.334832132
vt 0.783861876 0.317558885
vt 0.748670936 0.317558885
vt 0.702265263 0.334832102
vt 0.737456203 0.334832132
vt 0.737456203 0.317558885
vt 0.702265263 0.317558885
vt 0.65585947 0.334832102
vt 0.691050649 0.334832132
vt 0.691050649 0.317558885
vt 0.65585953 0.317558885
vt 0.609454095 0.334832132
vt 0.644644797 0.334832132
vt 0.644644797 0.317558885
vt 0.609454036 0.317558885
vt 0.563048363 0.334832132
vt 0.598239362 0.334832132
vt 0.598239362 0.317558885
vt 0.563048363 0.317558885
vt 0.934049249 0.334832162
vt 0.969240189 0.334832132
vt 0.969240189 0.317558885
vt 0.934049249 0.317558885
vt 0.887675703 0.305957496
vt 0.922866821 0.305957526
vt 0.922866821 0.288684279
vt 0.887675762 0.288684309
vt 0.841238081 0.305957496
vt 0.876428843 0.305957556
vt 0.876428843 0.288684309
vt 0.841238022 0.288684309
vt 0.748670936 0.305957496
vt 0.783861876 0.305957496
vt 0.783861876 0.288684309
vt 0.748670936 0.288684309
vt 0.702265203 0.305957466
vt 0.737456203 0.305957526
vt 0.737456203 0.288684309
vt 0.702265263 0.288684309
vt 0.65585953 0.288684309
vt 0.65585959 0.305957496
vt 0.691050649 0.305957496
vt 0.691050649 0.288684309
vt 0.609454036 0.305957526
vt 0.644644797 0.305957526
vt 0.644644797 0.288684309
vt 0.609454036 0.288684309
vt 0.563048363 0.305957496
vt 0.598239362 0.305957496
vt 0.598239362 0.288684309
vt 0.563048363 0.288684309
vt 0.840271473 0.229968339
vt 0.841238022 0.230935082
vt 0.876428843 0.230935067
vt 0.87739563 0.229968324
vt 0.437902689 0.264034212
vt 0.437620878 0.229841635
vt 0.446446985 0.229772687
vt 0.446660042 0.26396668
vt 0.438138723 0.292276025
vt 0.446854502 0.292203218
vt 0.438343644 0.320374668
vt 0.447029263 0.320325226
vt 0.447130114 0.348401219
vt 0.438444167 0.348422229
vt 0.447190642 0.381837368
vt 0.438464105 0.381848335
vt 0.922509074 0.493625045
vt 0.932378292 0.441480011
vt 0.922518015 0.441478372
vt 0.932373345 0.470395297
vt 0.93236959 0.493626654
vt 0.891353667 0.253740907
vt 0.891353667 0.253740907
vt 0.891353667 0.224086493
vt 0.891353667 0.224086493
vt 0.934049249 0.248208314
vt 0.934049249 0.230935127
vt 0.933082461 0.229968324
vt 0.933082461 0.249175072
vt 0.421251357 0.264200985
vt 0.401239276 0.230290666
vt 0.420861304 0.230033964
vt 0.401380032 0.24105081
vt 0.412153512 0.264308512
vt 0.412510395 0.292606294
vt 0.421571702 0.292461544
vt 0.402093887 0.291366905
vt 0.412803829 0.311212897
vt 0.421863437 0.32048142
vt 0.412888527 0.320545495
vt 0.421953529 0.34844768
vt 0.412958682 0.339094251
vt 0.412959695 0.348449439
vt 0.42188412 0.38180387
vt 0.412871957 0.381719977
vt 0.394792378 0.293267787
vt 0.412755489 0.311576188
vt 0.397435695 0.291482836
vt 0.395072937 0.311774313
vt 0.381561339 0.293515921
vt 0.412834048 0.320760787
vt 0.397396952 0.290282786
vt 0.395157993 0.32089752
vt 0.412936538 0.339330852
vt 0.381732464 0.31188935
vt 0.372597992 0.293611646
vt 0.336893857 0.291103631
vt 0.346192062 0.293936729
vt 0.346192062 0.311974376
vt 0.337113619 0.310735166
vt 0.346468747 0.321192592
vt 0.372615546 0.311990499
vt 0.395267308 0.339394331
vt 0.381806791 0.320998996
vt 0.37278676 0.321045846
vt 0.38191849 0.339419901
vt 0.372906089 0.339458823
vt 0.395286053 0.34852314
vt 0.381934136 0.348539919
vt 0.395266473 0.367026657
vt 0.381931812 0.3669568
vt 0.372913122 0.348539352
vt 0.346405655 0.339445949
vt 0.372916609 0.366934806
vt 0.336795598 0.381277204
vt 0.346254528 0.366824031
vt 0.337113589 0.341785043
vt 0.346379399 0.34848395
vt 0.346468747 0.321192592
vt 0.372786731 0.321045816
vt 0.346192062 0.311974376
vt 0.429601312 0.264111757
vt 0.420861304 0.230033964
vt 0.429260015 0.229929209
vt 0.421251357 0.264200985
vt 0.421571702 0.292461544
vt 0.429879248 0.292359114
vt 0.421863437 0.32048142
vt 0.430120647 0.320425868
vt 0.430218279 0.348437846
vt 0.421953529 0.34844768
vt 0.430193901 0.381837398
vt 0.42188412 0.38180387
vt 0.437902689 0.264034212
vt 0.429260015 0.229929209
vt 0.437620878 0.229841635
vt 0.429601312 0.264111757
vt 0.429879248 0.292359114
vt 0.438138723 0.292276025
vt 0.430120617 0.320425838
vt 0.438343614 0.320374668
vt 0.438444167 0.348422229
vt 0.430218279 0.348437876
vt 0.438464105 0.381848335
vt 0.430193901 0.381837398
vt 0.528482378 0.235600054
vt 0.527357161 0.236727744
vt 0.516027629 0.236687452
vt 0.514904499 0.235552326
vt 0.514876127 0.254320443
vt 0.515999436 0.253189176
vt 0.527319312 0.253205538
vt 0.528441131 0.254336804
vt 0.528441131 0.254336804
vt 0.527319312 0.253205538
vt 0.527357161 0.236727744
vt 0.528482378 0.235600054
vt 0.446660072 0.263966709
vt 0.446446985 0.229772687
vt 0.483040601 0.229708865
vt 0.483050227 0.263782114
vt 0.446854502 0.292203218
vt 0.483097166 0.292003721
vt 0.447029263 0.320325226
vt 0.514876127 0.254320443
vt 0.514904499 0.235552326
vt 0.533034086 0.229856178
vt 0.528482378 0.235600054
vt 0.528441131 0.254336804
vt 0.532973468 0.254352301
vt 0.514862299 0.263777405
vt 0.528427184 0.263798535
vt 0.532957196 0.263798535
vt 0.528404355 0.282513946
vt 0.514858425 0.28251639
vt 0.532930851 0.282524228
vt 0.514857352 0.291957378
vt 0.52840209 0.291961253
vt 0.532924652 0.291955739
vt 0.528402984 0.310643852
vt 0.532921553 0.310647964
vt 0.483180046 0.320164084
vt 0.514878988 0.31066376
vt 0.528412998 0.320075631
vt 0.532928646 0.320063651
vt 0.514890015 0.320089549
vt 0.528440893 0.338731498
vt 0.532954335 0.338728786
vt 0.483269572 0.348280787
vt 0.447130114 0.348401219
vt 0.5149315 0.338769555
vt 0.528463542 0.348153561
vt 0.532974899 0.348134816
vt 0.514955342 0.348185539
vt 0.528517127 0.36679998
vt 0.533081889 0.381507784
vt 0.499233216 0.381653458
vt 0.447190642 0.381837368
vt 0.515017927 0.366855532
vt 0.887675762 0.27708295
vt 0.887675762 0.259809673
vt 0.886708975 0.258842975
vt 0.886708975 0.278049678
vt 0.886708975 0.287717521
vt 0.887675762 0.288684309
vt 0.922866821 0.288684279
vt 0.923833609 0.287717521
vt 0.922866821 0.259809673
vt 0.922866821 0.27708295
vt 0.923833609 0.278049678
vt 0.923833609 0.258842975
vt 0.886709034 0.258842975
vt 0.887675703 0.259809643
vt 0.922866821 0.259809673
vt 0.923833609 0.258842975
vt 0.934049249 0.27708292
vt 0.934049249 0.259809673
vt 0.933082461 0.258842915
vt 0.933082461 0.278049678
vt 0.969240189 0.259809673
vt 0.969240189 0.27708295
vt 0.970206976 0.278049678
vt 0.970206976 0.258842975
vt 0.970206976 0.249175072
vt 0.969240189 0.248208314
vt 0.934049249 0.248208314
vt 0.933082461 0.249175087
vt 0.933082461 0.287717491
vt 0.934049249 0.288684309
vt 0.969240189 0.288684309
vt 0.970206976 0.287717521
vt 0.876428843 0.259809673
vt 0.876428843 0.27708295
vt 0.87739563 0.278049678
vt 0.87739563 0.258842975
vt 0.528427184 0.263798535
vt 0.527303934 0.264927447
vt 0.515985787 0.264908373
vt 0.514862299 0.263777405
vt 0.514862299 0.263777405
vt 0.515985787 0.264908373
vt 0.515979171 0.281385034
vt 0.514858425 0.28251639
vt 0.514858425 0.28251639
vt 0.515979171 0.281385034
vt 0.527283013 0.281386107
vt 0.528404355 0.282513946
vt 0.528404355 0.282513946
vt 0.527283013 0.281386107
vt 0.527303934 0.264927447
vt 0.528427184 0.263798535
vt 0.786374748 0.163002074
vt 0.786374748 0.117059484
vt 0.768150151 0.117059484
vt 0.768150151 0.163002163
vt 0.768150151 0.215933084
vt 0.786374748 0.215933084
vt 0.146928281 0.380428791
vt 0.157256067 0.380109787
vt 0.156205654 0.339271754
vt 0.145950586 0.33949545
vt 0.155604929 0.30455929
vt 0.145440072 0.304662049
vt 0.15551728 0.27004087
vt 0.145368308 0.269987136
vt 0.156159818 0.228942841
vt 0.145965382 0.22863403
vt 0.157256067 0.380109787
vt 0.167614192 0.379779398
vt 0.166501462 0.339015067
vt 0.156205654 0.339271754
vt 0.165782362 0.304438949
vt 0.155604929 0.30455929
vt 0.165676951 0.270099401
vt 0.15551728 0.27004087
vt 0.166310996 0.229253009
vt 0.156159818 0.228942841
vt 0.167614192 0.379779398
vt 0.191799134 0.379053265
vt 0.190564156 0.340065747
vt 0.166503549 0.339020073
vt 0.199430436 0.337669134
vt 0.196248502 0.339854687
vt 0.165782362 0.304438949
vt 0.215464681 0.33725673
vt 0.196324676 0.341289043
vt 0.198874593 0.315044969
vt 0.269514263 0.339950919
vt 0.198718101 0.303912431
vt 0.165676951 0.270099401
vt 0.21513027 0.31483382
vt 0.19852981 0.281289369
vt 0.214997947 0.303741843
vt 0.198500216 0.270139724
vt 0.166310996 0.229253024
vt 0.21483174 0.281242192
vt 0.198554605 0.247535571
vt 0.214762986 0.247613639
vt 0.214801788 0.270128846
vt 0.226359814 0.337099761
vt 0.258203536 0.336549789
vt 0.226092726 0.31466037
vt 0.25789687 0.314334214
vt 0.269088328 0.3087852
vt 0.225986958 0.303683251
vt 0.257801771 0.303415626
vt 0.225832641 0.281158596
vt 0.257749677 0.281151146
vt 0.269032478 0.281107485
vt 0.225812644 0.270148307
vt 0.257774413 0.270184338
vt 0.257982731 0.247780174
vt 0.269514263 0.230265632
vt 0.225740939 0.247607425
vt 0.289492607 0.229203582
vt 0.28606829 0.229203582
vt 0.28606829 0.252318501
vt 0.289492607 0.252318501
vt 0.292916685 0.229203582
vt 0.289492607 0.229203582
vt 0.289492607 0.252318501
vt 0.292916685 0.252318501
vt 0.282644153 0.229203582
vt 0.279220045 0.229203582
vt 0.279219925 0.252318501
vt 0.282644153 0.252318501
vt 0.28606829 0.229203582
vt 0.282644153 0.229203582
vt 0.282644153 0.252318501
vt 0.28606829 0.252318501
vt 0.304418743 0.229388505
vt 0.300994754 0.229388505
vt 0.300994754 0.252503544
vt 0.304418862 0.252503544
vt 0.307843029 0.229388505
vt 0.304418743 0.229388505
vt 0.304418862 0.252503544
vt 0.307843029 0.252503544
vt 0.297570527 0.229388505
vt 0.294146359 0.229388505
vt 0.29414624 0.252503544
vt 0.297570527 0.252503544
vt 0.300994754 0.229388505
vt 0.297570527 0.229388505
vt 0.297570527 0.252503544
vt 0.300994754 0.252503544
vt 0.319092304 0.229564071
vt 0.315668076 0.229564071
vt 0.315668076 0.252679229
vt 0.319092304 0.252679229
vt 0.322516471 0.229564071
vt 0.319092304 0.229564071
vt 0.319092304 0.252679229
vt 0.322516471 0.252679229
vt 0.312243968 0.229564071
vt 0.308819801 0.229564071
vt 0.308819681 0.252679229
vt 0.312243968 0.252679229
vt 0.315668076 0.229564071
vt 0.312243968 0.229564071
vt 0.312243968 0.252679229
vt 0.315668076 0.252679229
vt 0.139963359 0.488223016
vt 0.180746615 0.484912783
vt 0.181672424 0.496320784
vt 0.148095161 0.499046057
vt 0.140889347 0.499630958
vt 0.0912506282 0.487715244
vt 0.139963359 0.488223016
vt 0.139851421 0.498964489
vt 0.0911386907 0.498456597
vt 0.0912506282 0.487715244
vt 0.0548456013 0.483507544
vt 0.0549679101 0.481621444
vt 0.0915279686 0.485497355
vt 0.180746615 0.484912783
vt 0.139963359 0.488223016
vt 0.139931291 0.485927224
vt 0.180496126 0.482773602
vt 0.139963359 0.488223016
vt 0.0912506282 0.487715244
vt 0.0915279686 0.485497355
vt 0.139931291 0.485927224
vt 0.0915279686 0.485497355
vt 0.0549679101 0.481621444
vt 0.0559638441 0.470946312
vt 0.0921042264 0.474317908
vt 0.234677047 0.510322213
vt 0.397887886 0.510321915
vt 0.397887886 0.492690325
vt 0.234677047 0.492690623
vt 0.0548456013 0.483507544
vt 0.0912506282 0.487715244
vt 0.0897600651 0.497943401
vt 0.0536732972 0.49364078
vt 0.678031087 0.00787539128
vt 0.683963656 0.00763366651
vt 0.684813797 0.0227100123
vt 0.678835988 0.0381659418
vt 0.724232435 0.0223228354
vt 0.749990225 0.0379576981
vt 0.724465966 0.00695881154
vt 0.750026226 0.00679240748
vt 0.685738444 0.00753223523
vt 0.722757816 0.00700147264
vt 0.723116159 0.0213260278
vt 0.685852051 0.0217506774
vt 0.724232435 0.0223228354
vt 0.723116159 0.0213260278
vt 0.722757816 0.00700147264
vt 0.724465966 0.00695881154
vt 0.684813797 0.0227100123
vt 0.685852051 0.0217506774
vt 0.723116159 0.0213260278
vt 0.724232435 0.0223228354
vt 0.683963656 0.00763366651
vt 0.685738444 0.00753223523
vt 0.685852051 0.0217506774
vt 0.684813797 0.0227100123
vt 0.841238022 0.248208255
vt 0.841238022 0.230935067
vt 0.840271354 0.229968324
vt 0.840271354 0.249175072
vt 0.876428843 0.230935067
vt 0.876428843 0.248208255
vt 0.87739563 0.249175072
vt 0.87739563 0.229968324
vt 0.840271294 0.249175057
vt 0.87739563 0.249175072
vt 0.876428843 0.24820824
vt 0.841237962 0.248208255
vt 0.969240189 0.230935127
vt 0.969240189 0.248208314
vt 0.970206976 0.249175072
vt 0.970206976 0.229968324
vt 0.970206976 0.306924284
vt 0.969240189 0.305957496
vt 0.934049308 0.305957556
vt 0.933082461 0.306924284
vt 0.933082461 0.258842915
vt 0.934049249 0.259809673
vt 0.969240189 0.259809673
vt 0.970206976 0.258842975
vt 0.923801422 0.224086493
vt 0.919124484 0.224086493
vt 0.919124484 0.253740966
vt 0.923833609 0.258842975
vt 0.891353667 0.253740907
vt 0.886708975 0.258842975
vt 0.891353667 0.224086493
vt 0.886676788 0.224086493
vt 0.933082581 0.229968339
vt 0.970206976 0.229968324
vt 0.974847496 0.224086493
vt 0.970206976 0.249175072
vt 0.933082461 0.249175072
vt 0.974847496 0.249175072
vt 0.933082461 0.258842915
vt 0.923833609 0.278049678
vt 0.970206976 0.258842975
vt 0.974847496 0.258842975
vt 0.970206976 0.278049678
vt 0.933082461 0.278049678
vt 0.974847496 0.278049678
vt 0.923833609 0.287717521
vt 0.886708975 0.278049678
vt 0.970206976 0.287717521
vt 0.974847496 0.287717521
vt 0.933082461 0.287717521
vt 0.970206976 0.306924284
vt 0.974847496 0.306924284
vt 0.923833609 0.306924284
vt 0.886708975 0.287717521
vt 0.933082461 0.306924284
vt 0.970206976 0.316592157
vt 0.974847496 0.316592157
vt 0.933082461 0.316592157
vt 0.970206976 0.335798919
vt 0.974847496 0.335798919
vt 0.923833609 0.316592157
vt 0.886708975 0.316592157
vt 0.923833609 0.335798919
vt 0.886708975 0.306924284
vt 0.933082461 0.335798919
vt 0.970206976 0.345466763
vt 0.974847496 0.345466763
vt 0.933082521 0.345466793
vt 0.970206976 0.364673525
vt 0.974847496 0.379806876
vt 0.928442001 0.379806876
vt 0.933082461 0.364673555
vt 0.923833609 0.345466763
vt 0.923833609 0.364673555
vt 0.886708975 0.345466763
vt 0.886708975 0.364673555
vt 0.882036209 0.379806876
vt 0.886708975 0.335798919
vt 0.87739563 0.364673555
vt 0.835630715 0.379806817
vt 0.87739563 0.345466763
vt 0.840271354 0.364673555
vt 0.87739563 0.335798919
vt 0.840271354 0.345466763
vt 0.830990076 0.364673525
vt 0.789224863 0.379806876
vt 0.87739563 0.316592157
vt 0.840271413 0.335798949
vt 0.830990076 0.345466763
vt 0.793865502 0.364673525
vt 0.87739563 0.306924284
vt 0.840271354 0.316592157
vt 0.830990076 0.335798919
vt 0.793865502 0.345466763
vt 0.87739563 0.287717521
vt 0.840271354 0.306924284
vt 0.830990076 0.316592157
vt 0.793865502 0.335798919
vt 0.87739563 0.278049678
vt 0.840271354 0.287717521
vt 0.830990076 0.306924284
vt 0.793865502 0.316592157
vt 0.87739563 0.258842975
vt 0.840271413 0.278049707
vt 0.87739563 0.249175072
vt 0.840271235 0.258842915
vt 0.87739563 0.229968324
vt 0.832516193 0.224086493
vt 0.840271354 0.229968324
vt 0.832516193 0.254009008
vt 0.840271354 0.249175072
vt 0.832516193 0.278049678
vt 0.830990076 0.287717521
vt 0.793865502 0.287717521
vt 0.789224863 0.278049678
vt 0.784828544 0.287717521
vt 0.743063509 0.278049678
vt 0.784828544 0.306924284
vt 0.747704029 0.287717521
vt 0.793865502 0.306924284
vt 0.73842293 0.287717521
vt 0.747704029 0.306924313
vt 0.696657956 0.278049678
vt 0.701298535 0.287717521
vt 0.73842293 0.306924284
vt 0.692017436 0.287717521
vt 0.701298535 0.306924284
vt 0.650252104 0.278049678
vt 0.654892802 0.287717521
vt 0.692017436 0.306924284
vt 0.645611763 0.287717521
vt 0.654892802 0.306924284
vt 0.603846729 0.278049678
vt 0.608487189 0.287717521
vt 0.645611763 0.306924284
vt 0.59920609 0.287717521
vt 0.608487189 0.306924284
vt 0.557441056 0.278049678
vt 0.562081695 0.287717551
vt 0.562081695 0.306924284
vt 0.557441056 0.306924284
vt 0.59920609 0.306924284
vt 0.562081695 0.316592157
vt 0.557441056 0.316592157
vt 0.59920609 0.316592157
vt 0.562081695 0.335798919
vt 0.557441056 0.335798919
vt 0.608487189 0.316592157
vt 0.645611763 0.316592157
vt 0.608487189 0.335798919
vt 0.59920609 0.335798919
vt 0.562081695 0.345466763
vt 0.557440937 0.345466763
vt 0.59920609 0.345466763
vt 0.562081695 0.364673555
vt 0.557440937 0.379806817
vt 0.603846729 0.379806817
vt 0.59920609 0.364673525
vt 0.608487189 0.364673555
vt 0.650252104 0.379806817
vt 0.608487189 0.345466763
vt 0.645611763 0.345466763
vt 0.645611763 0.364673555
vt 0.645611763 0.335798919
vt 0.654892802 0.364673555
vt 0.696657956 0.379806817
vt 0.654892802 0.345466763
vt 0.692017436 0.364673555
vt 0.654892802 0.335798919
vt 0.692017436 0.345466763
vt 0.701298535 0.364673555
vt 0.743063509 0.379806817
vt 0.654892802 0.316592157
vt 0.692017436 0.316592157
vt 0.692017436 0.335798919
vt 0.701298535 0.345466763
vt 0.73842293 0.364673555
vt 0.701298535 0.335798919
vt 0.73842293 0.345466763
vt 0.701298535 0.316592157
vt 0.73842293 0.316592157
vt 0.73842293 0.335798919
vt 0.747704029 0.364673555
vt 0.747704029 0.345466733
vt 0.784828544 0.364673555
vt 0.784828544 0.345466763
vt 0.784828544 0.335798919
vt 0.747704029 0.335798919
vt 0.784828544 0.316592157
vt 0.747704029 0.316592157
vt 0.891353667 0.253740907
vt 0.919124484 0.253740966
vt 0.919124484 0.224086493
vt 0.891353667 0.224086493
vt 0.922866821 0.27708295
vt 0.887675762 0.27708295
vt 0.886708915 0.278049678
vt 0.923833609 0.278049678
vt 0.919124484 0.224086493
vt 0.919124484 0.224086493
vt 0.919124484 0.253740966
vt 0.919124484 0.253740966
vt 0.919124484 0.253740966
vt 0.919124484 0.253740966
vt 0.891353667 0.253740907
vt 0.891353667 0.253740907
vt 0.514904499 0.235552326
vt 0.516027629 0.236687452
vt 0.515999436 0.253189176
vt 0.514876127 0.254320443
vt 0.516078174 0.349307805
vt 0.527349353 0.349282682
vt 0.52739507 0.365680635
vt 0.516130388 0.36572367
vt 0.516013026 0.321213841
vt 0.527296245 0.321203619
vt 0.527319193 0.337610215
vt 0.516046464 0.337638855
vt 0.51598084 0.29308483
vt 0.527281642 0.293089479
vt 0.527281642 0.30951941
vt 0.515996277 0.30953294
vt 0.515985787 0.264908373
vt 0.527303934 0.264927447
vt 0.527283013 0.281386107
vt 0.515979171 0.281385034
vt 0.516027629 0.236687452
vt 0.527357161 0.236727744
vt 0.527319312 0.253205538
vt 0.515999436 0.253189176
vt 0.934049308 0.27708295
vt 0.969240189 0.27708295
vt 0.969240189 0.259809673
vt 0.934049249 0.259809673
vt 0.887675762 0.27708295
vt 0.922866821 0.27708295
vt 0.922866821 0.259809673
vt 0.887675762 0.259809673
vt 0.841238022 0.27708295
vt 0.876428843 0.27708295
vt 0.876428843 0.259809673
vt 0.841237962 0.259809673
vt 0.0481565297 0.268288761
vt 0.0481842458 0.247541413
vt 0.0339299142 0.247523531
vt 0.0339029729 0.268289417
vt 0.048212558 0.303785056
vt 0.0481675863 0.283046722
vt 0.0339135528 0.283058912
vt 0.0339535177 0.303825468
vt 0.0483793616 0.339310348
vt 0.0482701063 0.318547457
vt 0.03400895 0.318599582
vt 0.0341052413 0.339375973
vt 0.328924716 0.372481138
vt 0.328924835 0.378707021
vt 0.306524485 0.372481018
vt 0.284225106 0.378707021
vt 0.286092818 0.372481048
vt 0.295307398 0.35778594
vt 0.286092937 0.343470097
vt 0.295307398 0.356012464
vt 0.295307398 0.343470097
vt 0.306524485 0.35778594
vt 0.328924716 0.372481138
vt 0.317741692 0.35778594
vt 0.327056974 0.372481138
vt 0.317741811 0.343470097
vt 0.327057242 0.343470216
vt 0.83600837 0.476739407
vt 0.836008251 0.470515132
vt 0.768789768 0.470516622
vt 0.768790007 0.476741105
vt 0.768790364 0.493626654
vt 0.880696774 0.476738304
vt 0.922509074 0.493625015
vt 0.922518015 0.441478372
vt 0.880684376 0.441471487
vt 0.768790364 0.493626654
vt 0.768790007 0.476741105
vt 0.768416643 0.476740986
vt 0.747003853 0.493626475
vt 0.765317976 0.470889956
vt 0.747004569 0.470515847
vt 0.768416882 0.470516562
vt 0.757873237 0.470516086
vt 0.695966125 0.114786223
vt 0.697861373 0.11502251
vt 0.696876526 0.122920528
vt 0.694917083 0.122497618
vt 0.681952596 0.120910466
vt 0.68287921 0.113203332
vt 0.694917083 0.122497618
vt 0.69427675 0.130427763
vt 0.696876526 0.122920528
vt 0.703376532 0.119869485
vt 0.703376532 0.130768269
vt 0.696308374 0.138108283
vt 0.702561975 0.14163655
vt 0.696700096 0.146057859
vt 0.694322586 0.138383523
vt 0.696308374 0.138108283
vt 0.694792449 0.146151796
vt 0.681624174 0.146752402
vt 0.681275964 0.13899751
vt 0.694322586 0.138383523
vt 0.69427675 0.130427763
vt 0.693110704 0.130384102
vt 0.694917083 0.122497618
vt 0.696876526 0.122920528
vt 0.696308374 0.138108283
vt 0.694322586 0.138383523
vt 0.693110704 0.130384102
vt 0.69427675 0.130427763
vt 0.694322586 0.138383523
vt 0.680998504 0.129930958
vt 0.681275964 0.13899751
vt 0.693110704 0.130384102
vt 0.680998504 0.129930958
vt 0.681952596 0.120910466
vt 0.694917083 0.122497618
vt 0.934049249 0.248208314
vt 0.969240189 0.248208314
vt 0.969240189 0.230935127
vt 0.934049249 0.230935127
vt 0.868050158 0.230935067
vt 0.841238022 0.230935067
vt 0.841237962 0.248208255
vt 0.876428843 0.248208255
vt 0.876428843 0.230935067
vt 0.214801788 0.270128846
vt 0.213453054 0.268767327
vt 0.199850649 0.268778354
vt 0.198500216 0.270139724
vt 0.198500216 0.270139724
vt 0.199850649 0.268778354
vt 0.199891925 0.248905599
vt 0.198554605 0.247535571
vt 0.198554605 0.247535571
vt 0.199891925 0.248905599
vt 0.213421255 0.248964041
vt 0.214762986 0.247613639
vt 0.214762986 0.247613639
vt 0.213421255 0.248964041
vt 0.213453054 0.268767327
vt 0.214801788 0.270128846
vt 0.256481171 0.249251515
vt 0.256307662 0.268709719
vt 0.257774413 0.270184338
vt 0.257982731 0.247780174
vt 0.227280915 0.268665999
vt 0.227229178 0.249104202
vt 0.225740939 0.247607425
vt 0.225812644 0.270148307
vt 0.257774413 0.270184338
vt 0.256307662 0.268709689
vt 0.22728093 0.268666029
vt 0.225812644 0.270148307
vt 0.257982731 0.247780174
vt 0.225740939 0.247607425
vt 0.227229178 0.249104217
vt 0.256481171 0.249251515
vt 0.227229178 0.249104217
vt 0.227280915 0.268665999
vt 0.256307662 0.268709689
vt 0.256481171 0.249251515
vt 0.213421255 0.248964041
vt 0.199891925 0.248905599
vt 0.199850649 0.268778354
vt 0.213453054 0.268767327
vt 0.381934136 0.348539919
vt 0.395286053 0.34852314
vt 0.394178987 0.34963721
vt 0.383039117 0.349652261
vt 0.395286053 0.34852314
vt 0.395266473 0.367026657
vt 0.394164562 0.365905106
vt 0.394178987 0.34963721
vt 0.395266473 0.367026657
vt 0.381931812 0.3669568
vt 0.383038044 0.365852416
vt 0.394164562 0.365905106
vt 0.381931812 0.3669568
vt 0.381934136 0.348539919
vt 0.383039117 0.349652261
vt 0.383038044 0.365852416
vt 0.347646564 0.365746379
vt 0.346254528 0.366824031
vt 0.346379399 0.34848395
vt 0.347752929 0.349573851
vt 0.371620744 0.349707156
vt 0.372913122 0.348539352
vt 0.372916609 0.366934806
vt 0.371620685 0.365762383
vt 0.372786731 0.321045816
vt 0.371588439 0.322264493
vt 0.347688496 0.322381496
vt 0.346468747 0.321192592
vt 0.371620774 0.349707186
vt 0.371620685 0.365762383
vt 0.347646564 0.365746379
vt 0.347752929 0.349573851
vt 0.383039117 0.349652261
vt 0.394178987 0.34963721
vt 0.394164562 0.365905106
vt 0.383038044 0.365852416
vt 0.214997947 0.303741843
vt 0.213640273 0.302395195
vt 0.200055063 0.302538127
vt 0.198718101 0.303912431
vt 0.198718101 0.303912431
vt 0.200055063 0.302538127
vt 0.1998882 0.282649696
vt 0.19852981 0.281289369
vt 0.19852981 0.281289369
vt 0.1998882 0.282649696
vt 0.213490427 0.282603353
vt 0.21483174 0.281242192
vt 0.21483174 0.281242192
vt 0.213490427 0.282603353
vt 0.213640273 0.302395195
vt 0.214997947 0.303741843
vt 0.256281376 0.282622069
vt 0.256328404 0.301960438
vt 0.257801771 0.303415626
vt 0.257749677 0.281151146
vt 0.236737072 0.301996678
vt 0.227436692 0.302185923
vt 0.225986958 0.303683251
vt 0.257801771 0.303415626
vt 0.247214317 0.301941067
vt 0.256328404 0.301960438
vt 0.227436692 0.302185923
vt 0.227307975 0.282644272
vt 0.225832641 0.281158596
vt 0.225986958 0.303683251
vt 0.247141749 0.282709539
vt 0.256281376 0.282622069
vt 0.257749677 0.281151146
vt 0.236636251 0.282745361
vt 0.225832641 0.281158596
vt 0.227307975 0.282644272
vt 0.236636251 0.282745361
vt 0.227307975 0.282644272
vt 0.227436692 0.302185923
vt 0.236737072 0.301996678
vt 0.247141749 0.282709539
vt 0.247214317 0.301941067
vt 0.256281376 0.282622069
vt 0.256328404 0.301960438
vt 0.213490427 0.282603353
vt 0.1998882 0.282649696
vt 0.200055063 0.302538127
vt 0.213640273 0.302395195
vt 0.381806791 0.320998996
vt 0.395157993 0.32089752
vt 0.394058257 0.322018296
vt 0.382918984 0.322104156
vt 0.395157993 0.32089752
vt 0.395267308 0.339394331
vt 0.394156337 0.338280916
vt 0.394058257 0.322018296
vt 0.395267308 0.339394331
vt 0.38191849 0.339419901
vt 0.383018792 0.33830747
vt 0.394156337 0.338280916
vt 0.38191849 0.339419901
vt 0.381806791 0.320998996
vt 0.382918984 0.322104156
vt 0.383018792 0.33830747
vt 0.347775161 0.338373214
vt 0.346405655 0.339445949
vt 0.346468747 0.321192592
vt 0.347688496 0.322381496
vt 0.371588439 0.322264493
vt 0.37278676 0.321045846
vt 0.372906089 0.339458823
vt 0.371611565 0.338295192
vt 0.347568154 0.294990599
vt 0.346192062 0.293936729
vt 0.372597992 0.293611646
vt 0.371323615 0.294789135
vt 0.371588439 0.322264493
vt 0.371611565 0.338295192
vt 0.347775161 0.338373214
vt 0.347688496 0.322381496
vt 0.382918984 0.322104156
vt 0.394058257 0.322018296
vt 0.394156337 0.338280916
vt 0.383018792 0.33830747
vt 0.215464681 0.33725673
vt 0.21411711 0.335933805
vt 0.200724244 0.336275637
vt 0.199430436 0.337669134
vt 0.199430436 0.337669134
vt 0.200724244 0.336275637
vt 0.200243711 0.316392809
vt 0.198874593 0.315044969
vt 0.198874593 0.315044969
vt 0.200243711 0.316392809
vt 0.213809699 0.316208124
vt 0.21513027 0.31483382
vt 0.21513027 0.31483382
vt 0.213809699 0.316208124
vt 0.21411711 0.335933805
vt 0.215464681 0.33725673
vt 0.25644809 0.315815628
vt 0.256712437 0.335111499
vt 0.258203536 0.336549789
vt 0.25789687 0.314334214
vt 0.237110287 0.335332066
vt 0.22780472 0.335592628
vt 0.226359814 0.337099761
vt 0.258203536 0.336549789
vt 0.247593641 0.335184306
vt 0.256712437 0.335111499
vt 0.22780472 0.335592628
vt 0.227572829 0.316122949
vt 0.226092726 0.31466037
vt 0.226359814 0.337099761
vt 0.24733597 0.315994918
vt 0.25644809 0.315815628
vt 0.25789687 0.314334214
vt 0.236865044 0.316134244
vt 0.226092726 0.31466037
vt 0.227572829 0.316122949
vt 0.236865044 0.316134244
vt 0.227572829 0.316122949
vt 0.22780472 0.335592628
vt 0.237110287 0.335332066
vt 0.24733597 0.315994918
vt 0.247593641 0.335184306
vt 0.25644809 0.315815628
vt 0.256712437 0.335111499
vt 0.213809699 0.316208124
vt 0.200243711 0.316392809
vt 0.200724244 0.336275637
vt 0.21411711 0.335933805
vt 0.381561339 0.293515921
vt 0.394792378 0.293267787
vt 0.393712521 0.294401318
vt 0.382667482 0.294605792
vt 0.394792378 0.293267787
vt 0.395072937 0.311774313
vt 0.393956602 0.310668558
vt 0.393712521 0.294401318
vt 0.395072937 0.311774313
vt 0.381732464 0.31188935
vt 0.382825881 0.310768902
vt 0.393956602 0.310668558
vt 0.381732464 0.31188935
vt 0.381561339 0.293515921
vt 0.382667482 0.294605792
vt 0.382825881 0.310768902
vt 0.371323586 0.294789135
vt 0.372597992 0.293611646
vt 0.372615546 0.311990499
vt 0.37151283 0.310775459
vt 0.371620655 0.365762383
vt 0.372916609 0.366934806
vt 0.346254528 0.366824031
vt 0.347646564 0.365746379
vt 0.371611595 0.338295221
vt 0.372906089 0.339458823
vt 0.346405655 0.339445949
vt 0.347775161 0.338373214
vt 0.371323615 0.294789135
vt 0.37151283 0.310775459
vt 0.347637296 0.310946286
vt 0.347568154 0.294990599
vt 0.382667482 0.294605792
vt 0.393712521 0.294401318
vt 0.393956602 0.310668558
vt 0.382825881 0.310768902
vt 0.124596059 0.162784934
vt 0.177515268 0.135792688
vt 0.124596059 0.135792688
vt 0.177515268 0.149398088
vt 0.351843983 0.162784934
vt 0.298924685 0.149398088
vt 0.298924685 0.135792688
vt 0.351843983 0.135792688
vt 0.748659015 0.203923017
vt 0.749119759 0.128551155
vt 0.763067126 0.128635332
vt 0.762612164 0.204011545
vt 0.212161332 0.387494415
vt 0.212161452 0.384407312
vt 0.243064135 0.384409249
vt 0.235508174 0.387495816
vt 0.235506535 0.411336303
vt 0.243062437 0.41133666
vt 0.212161332 0.387494415
vt 0.181503624 0.387490988
vt 0.181503803 0.384405494
vt 0.212161452 0.384407312
vt 0.362536341 0.262646466
vt 0.362600207 0.287411958
vt 0.389536321 0.271738976
vt 0.368159175 0.259394228
vt 0.368146181 0.252800643
vt 0.389536321 0.240343392
vt 0.362438798 0.224816322
vt 0.362502635 0.249578476
vt 0.356875777 0.252829701
vt 0.335421652 0.240482956
vt 0.335583568 0.271878064
vt 0.356896728 0.259423256
vt 0.557646215 0.452934921
vt 0.555679202 0.452934921
vt 0.555679202 0.459783316
vt 0.557646215 0.480552107
vt 0.551526368 0.459783316
vt 0.469737232 0.480552047
vt 0.469737232 0.440640807
vt 0.469737232 0.408762336
vt 0.508635581 0.388961971
vt 0.551526368 0.388961911
vt 0.469737232 0.38896209
vt 0.63160342 0.203956649
vt 0.617654562 0.204052582
vt 0.617136121 0.128668964
vt 0.631090462 0.128577366
vt 0.304379463 0.384413064
vt 0.311933964 0.411340892
vt 0.304377794 0.411340475
vt 0.311935484 0.387499064
vt 0.335282564 0.387495577
vt 0.335282087 0.384410053
vt 0.335282564 0.387495577
vt 0.335282087 0.384410053
vt 0.365939975 0.384405494
vt 0.365940332 0.387491047
vt 0.368146181 0.252800643
vt 0.362502635 0.249578476
vt 0.356875777 0.252829701
vt 0.368159175 0.259394228
vt 0.356896728 0.259423256
vt 0.362536341 0.262646466
vt 0.356896728 0.259423256
vt 0.335583568 0.271878064
vt 0.362600207 0.287411958
vt 0.362536341 0.262646466
vt 0.362502635 0.249578476
vt 0.362438798 0.224816322
vt 0.335421652 0.240482956
vt 0.356875777 0.252829701
vt 0.384444952 0.388205856
vt 0.46623385 0.414343953
vt 0.46623385 0.388205916
vt 0.384444535 0.459027112
vt 0.46623385 0.437550157
vt 0.46623385 0.479795754
vt 0.378324717 0.479795814
vt 0.380292028 0.459027112
vt 0.378324717 0.452178717
vt 0.380292028 0.452178717
vt 0.79483223 0.288684309
vt 0.79483223 0.305957556
vt 0.830023289 0.305957496
vt 0.830023289 0.288684309
vt 0.749119759 0.128551155
vt 0.708293319 0.128302872
vt 0.709157586 0.112326577
vt 0.749905825 0.114626318
vt 0.690132201 0.203425348
vt 0.748659015 0.203923017
vt 0.749202251 0.217972696
vt 0.690137088 0.220255747
vt 0.631068468 0.218007058
vt 0.63160342 0.203956649
vt 0.631090462 0.128577366
vt 0.630296826 0.11465016
vt 0.671072304 0.112326577
vt 0.671982408 0.128304467
vt 0.631090462 0.128577366
vt 0.671982408 0.128304467
vt 0.672029555 0.143976182
vt 0.63160342 0.203956649
vt 0.690117478 0.154077113
vt 0.690132201 0.203425348
vt 0.749119759 0.128551155
vt 0.708197951 0.1439711
vt 0.708293319 0.128302872
vt 0.748659015 0.203923017
vt 0.690132201 0.203425348
vt 0.690117478 0.154077113
vt 0.243062437 0.41133666
vt 0.243064135 0.384409249
vt 0.273721755 0.384411156
vt 0.273720056 0.411338508
vt 0.79483223 0.34643358
vt 0.79483223 0.363706768
vt 0.830023289 0.363706768
vt 0.830023289 0.34643358
vt 0.840271413 0.287717551
vt 0.841238081 0.288684338
vt 0.876428843 0.288684309
vt 0.87739563 0.287717521
vt 0.347752899 0.349573821
vt 0.346379399 0.34848395
vt 0.372913122 0.348539352
vt 0.371620774 0.349707186
vt 0.841238022 0.27708295
vt 0.841237962 0.259809673
vt 0.840271354 0.258842915
vt 0.840271354 0.278049678
vt 0.37151286 0.310775489
vt 0.372615546 0.311990499
vt 0.346192062 0.311974376
vt 0.347637326 0.310946316
vt 0.347637326 0.310946316
vt 0.346192062 0.311974376
vt 0.346192062 0.293936729
vt 0.347568154 0.294990599
vt 0.368159175 0.259394228
vt 0.389536321 0.271738976
vt 0.389536321 0.240343392
vt 0.368146181 0.252800643
vt 0.934049308 0.305957556
vt 0.969240189 0.305957496
vt 0.969240189 0.288684309
vt 0.934049249 0.288684309
vt 0.922866821 0.334832132
vt 0.887675762 0.334832132
vt 0.886708975 0.335798919
vt 0.923833609 0.335798919
vt 0.180496126 0.482773602
vt 0.139931291 0.485927224
vt 0.139497042 0.474189401
vt 0.17953825 0.470946312
vt 0.139931291 0.485927224
vt 0.0915279686 0.485497355
vt 0.0921042264 0.474317908
vt 0.139497042 0.474189401
vt 0.958017707 0.55565083
vt 0.979434371 0.555650711
vt 0.979434371 0.445527881
vt 0.958016992 0.488516748
vt 0.979433835 0.389569789
vt 0.958016396 0.430245757
vt 0.873474002 0.389570892
vt 0.882602096 0.431046873
vt 0.875985622 0.435856462
vt 0.873474598 0.443691611
vt 0.791684985 0.420562148
vt 0.873474002 0.388948351
vt 0.791684985 0.3889485
vt 0.79168582 0.462959766
vt 0.873474956 0.462958306
vt 0.868326724 0.00693010725
vt 0.92910862 0.00700077601
vt 0.929072499 0.0381660052
vt 0.868290424 0.0380953029
vt 0.750026226 0.00679240748
vt 0.749990225 0.0379576981
vt 0.674012125 0.00731199887
vt 0.561096191 0.0381193906
vt 0.674012125 0.0381193906
vt 0.560830534 0.00731199887
vt 0.474242806 0.0381193906
vt 0.473976851 0.00731199887
vt 0.736569762 0.464720428
vt 0.784385085 0.464720428
vt 0.784385026 0.385729283
vt 0.754166067 0.385729283
vt 0.736569762 0.385729283
vt 0.0877560079 0.0120037496
vt 0.197882533 0.0120050013
vt 0.197882533 0.00577902794
vt 0.0877560079 0.00577768683
vt 0.0311731696 0.0120041072
vt 0.0311731696 0.00577813387
vt 0.309122026 0.0134421289
vt 0.202789158 0.0134420097
vt 0.202789158 0.00721618533
vt 0.309122026 0.00721618533
vt 0.0877560079 0.0123768151
vt 0.197882533 0.0186015666
vt 0.197882533 0.0123755038
vt 0.0877560079 0.0186029375
vt 0.0317958593 0.0123765469
vt 0.0317958593 0.0186025202
vt 0.20316112 0.0140639842
vt 0.309122026 0.0140646994
vt 0.309122026 0.0202905238
vt 0.20316112 0.0202898085
vt 0.0877560079 0.0123768151
vt 0.197882533 0.0123755038
vt 0.197882533 0.0120050013
vt 0.0877560079 0.0120037496
vt 0.0317958593 0.0123765469
vt 0.0311731696 0.0120041072
vt 0.202789158 0.0134420097
vt 0.309122026 0.0134421289
vt 0.309122026 0.0140646994
vt 0.20316112 0.0140639842
vt 0.3106848 0.0140676796
vt 0.3106848 0.020293653
vt 0.31006211 0.020293653
vt 0.31006211 0.0140676796
vt 0.644311965 0.449514538
vt 0.644311965 0.454085499
vt 0.564248443 0.45408535
vt 0.564248443 0.449514598
vt 0.68696177 0.449440241
vt 0.72894752 0.449440241
vt 0.72894752 0.454011053
vt 0.648883879 0.454011112
vt 0.648883879 0.4494403
vt 0.563347816 0.218811721
vt 0.563347816 0.187745035
vt 0.481558621 0.187745035
vt 0.481558621 0.218808398
vt 0.264291584 0.377093375
vt 0.237592906 0.377093375
vt 0.237862289 0.374249101
vt 0.264022171 0.374249101
vt 0.25094223 0.372767657
vt 0.68696177 0.449440241
vt 0.648883879 0.4494403
vt 0.648883879 0.448221385
vt 0.68696177 0.448221385
vt 0.72894752 0.449440241
vt 0.72894752 0.448221385
vt 0.644311965 0.388183624
vt 0.644311965 0.448295593
vt 0.564248443 0.448295653
vt 0.564248562 0.388183683
vt 0.644311965 0.449514538
vt 0.564248443 0.449514598
vt 0.564248443 0.448295653
vt 0.644311965 0.448295593
vt 0.230049193 0.348437786
vt 0.230441093 0.372856289
vt 0.227406144 0.372781247
vt 0.227138638 0.348484486
vt 0.199040025 0.372827858
vt 0.198648065 0.348409325
vt 0.201683193 0.348484486
vt 0.201950461 0.372781247
vt 0.227406144 0.372781247
vt 0.201950461 0.372781247
vt 0.214647651 0.371245414
vt 0.227406144 0.375520736
vt 0.201950461 0.375520736
vt 0.201683193 0.348484486
vt 0.227138638 0.348484486
vt 0.214441597 0.350020379
vt 0.201683193 0.345745116
vt 0.227138877 0.345745116
vt 0.214647651 0.371245414
vt 0.201950461 0.372781247
vt 0.201683193 0.348484486
vt 0.214441597 0.350020379
vt 0.227406144 0.372781247
vt 0.214647651 0.371245414
vt 0.214441597 0.350020379
vt 0.227138638 0.348484486
vt 0.234982014 0.374190211
vt 0.235477209 0.350026131
vt 0.238357484 0.35008502
vt 0.237862289 0.374249101
vt 0.266407132 0.350026011
vt 0.266902417 0.374190211
vt 0.264022171 0.374249101
vt 0.263527006 0.35008502
vt 0.238357484 0.35008502
vt 0.263527006 0.35008502
vt 0.25094223 0.35162434
vt 0.238357484 0.347376317
vt 0.263527006 0.347376317
vt 0.25094223 0.35162434
vt 0.263527006 0.35008502
vt 0.264022171 0.374249101
vt 0.25094223 0.372767657
vt 0.238357484 0.35008502
vt 0.25094223 0.35162434
vt 0.25094223 0.372767657
vt 0.237862289 0.374249101
vt 0.345700294 0.450330675
vt 0.345700294 0.457415134
vt 0.310385793 0.457414418
vt 0.310385793 0.450330853
vt 0.273141265 0.453885674
vt 0.273127049 0.445726424
vt 0.28129223 0.44569698
vt 0.281306446 0.453885674
vt 0.299552828 0.452783644
vt 0.29247579 0.456850797
vt 0.2883946 0.449778616
vt 0.29549709 0.44569698
vt 0.29247579 0.456850797
vt 0.285413295 0.460943609
vt 0.281306446 0.453885674
vt 0.2883946 0.449778616
vt 0.345699579 0.443246245
vt 0.345700294 0.450330675
vt 0.310385793 0.450330853
vt 0.310385793 0.443246603
vt 0.345700294 0.457415134
vt 0.345699579 0.464496672
vt 0.310385793 0.464495957
vt 0.310385793 0.457414418
vt 0.0255571604 0.12292102
vt 0.0255571604 0.0531138629
vt 0.0239372849 0.0514544547
vt 0.0239372849 0.124704808
vt 0.0255571622 0.0531138629
vt 0.449451387 0.0531138629
vt 0.451071203 0.0514544547
vt 0.0239372849 0.0514544547
vt 0.449451387 0.12292102
vt 0.451071203 0.124704808
vt 0.451071203 0.0514544547
vt 0.449451387 0.0531138629
vt 0.449451417 0.122921027
vt 0.0255571604 0.12292102
vt 0.0239372849 0.124704808
vt 0.451071203 0.124704808
vt 0.464913458 0.165546894
vt 0.464913279 0.207731843
vt 0.469065934 0.21188435
vt 0.469065934 0.161394492
vt 0.335404098 0.439101517
vt 0.23453936 0.434120893
vt 0.335404098 0.434120893
vt 0.25997439 0.439101517
vt 0.248412043 0.479631543
vt 0.23453936 0.484612048
vt 0.335405231 0.479631543
vt 0.335405231 0.484612048
vt 0.948375344 0.0428246111
vt 0.976456165 0.0428246111
vt 0.976456404 0.104175538
vt 0.948375344 0.104175538
vt 0.936513066 0.0439028442
vt 0.936513066 0.0428246111
vt 0.948375344 0.0428246111
vt 0.948375344 0.104175538
vt 0.934356272 0.104175538
vt 0.934356272 0.0439030081
vt 0.353746504 0.154545993
vt 0.353746504 0.158698559
vt 0.458065212 0.158698797
vt 0.462217659 0.154546589
vt 0.299561977 0.214580402
vt 0.462218732 0.218735442
vt 0.458065033 0.214581698
vt 0.299561977 0.218111277
vt 0.299561977 0.218733937
vt 0.464913279 0.207731843
vt 0.464913458 0.165546894
vt 0.458065212 0.165546894
vt 0.458065212 0.207731843
vt 0.321586668 0.0121718049
vt 0.316369295 0.0121718049
vt 0.316369295 0.00864157081
vt 0.321586668 0.00864169002
vt 0.458065212 0.158698797
vt 0.353746504 0.158698559
vt 0.353746504 0.165546715
vt 0.458065212 0.165546894
vt 0.353746504 0.165546715
vt 0.458065212 0.207731843
vt 0.458065212 0.165546894
vt 0.353746504 0.167513907
vt 0.299602807 0.167513818
vt 0.175385386 0.167513818
vt 0.0169232488 0.207731664
vt 0.121242225 0.167513818
vt 0.121242225 0.165546715
vt 0.0169232488 0.165546626
vt 0.11518681 0.464145899
vt 0.0537793636 0.462900758
vt 0.0537793636 0.464145899
vt 0.115187019 0.393324912
vt 0.00671294332 0.393324912
vt 0.0491099358 0.462900758
vt 0.0491099358 0.494190395
vt 0.0067127049 0.494190395
vt 0.458065212 0.207731843
vt 0.299561977 0.214580402
vt 0.458065033 0.214581698
vt 0.299561977 0.209361762
vt 0.175401866 0.209362313
vt 0.0169232488 0.207731664
vt 0.175401866 0.214580402
vt 0.0169232488 0.214580581
vt 0.94778347 0.0278099477
vt 0.97586453 0.0197989941
vt 0.976456165 0.0218730271
vt 0.948375344 0.0298839211
vt 0.990475297 0.0519139171
vt 0.990475297 0.104175538
vt 0.976456404 0.104175538
vt 0.988318384 0.0519139171
vt 0.976456165 0.0428246111
vt 0.988318384 0.0428245068
vt 0.976456165 0.030962348
vt 0.976456165 0.0428246111
vt 0.948375344 0.0428246111
vt 0.948375344 0.030962348
vt 0.976456165 0.030962348
vt 0.948375344 0.030962348
vt 0.948375344 0.0298839211
vt 0.976456165 0.0218730271
vt 0.0100749731 0.165546626
vt 0.00592252612 0.161394119
vt 0.00592252612 0.211884111
vt 0.0100749731 0.207731664
vt 0.272100925 0.427866042
vt 0.272100925 0.422885209
vt 0.372965485 0.422885209
vt 0.347530454 0.427866042
vt 0.359092921 0.468395829
vt 0.372965485 0.473376393
vt 0.272098422 0.473376393
vt 0.272098422 0.468395829
vt 0.121242225 0.154546291
vt 0.0127708018 0.154545993
vt 0.0169232488 0.15869835
vt 0.121242225 0.158698648
vt 0.175401866 0.214580402
vt 0.0169232488 0.214580581
vt 0.0127702653 0.218733564
vt 0.175401866 0.218111068
vt 0.175401866 0.218736365
vt 0.0100749731 0.207731664
vt 0.0169232488 0.207731664
vt 0.0169232488 0.165546626
vt 0.0100749731 0.165546626
vt 0.0169232488 0.15869835
vt 0.0169232488 0.165546626
vt 0.121242225 0.165546715
vt 0.121242225 0.158698648
vt 0.321586668 0.0121718049
vt 0.321586818 0.00864170957
vt 0.445808172 0.00864157081
vt 0.445808172 0.0121718049
vt 0.445808172 0.0121718049
vt 0.445808172 0.0173890293
vt 0.321586668 0.0173892677
vt 0.321586668 0.0121718049
vt 0.445808172 0.0180116892
vt 0.321586668 0.0180114508
vt 0.321586668 0.0173892677
vt 0.445808172 0.0173890293
vt 0.991528809 0.14122045
vt 0.993959188 0.14122045
vt 0.993959188 0.209141821
vt 0.978161454 0.209141821
vt 0.991528809 0.140005216
vt 0.978161454 0.140005216
vt 0.978828132 0.123085245
vt 0.978161454 0.125422433
vt 0.946516871 0.116394863
vt 0.94718349 0.11405763
vt 0.93071866 0.15024811
vt 0.946516871 0.209141821
vt 0.93071866 0.209141821
vt 0.933149219 0.150248051
vt 0.946516871 0.140005216
vt 0.933149219 0.140005216
vt 0.946516871 0.126637653
vt 0.978161454 0.126637653
vt 0.978161454 0.140005216
vt 0.946516871 0.140005216
vt 0.228523225 0.49435097
vt 0.186126143 0.463061213
vt 0.186126143 0.494128108
vt 0.228523165 0.393485427
vt 0.120049119 0.393485427
vt 0.181456715 0.463061213
vt 0.120049119 0.464306474
vt 0.181456715 0.464306474
vt 0.878638148 0.215202272
vt 0.836490989 0.215202272
vt 0.832216144 0.200217128
vt 0.874362946 0.200217128
vt 0.922671318 0.215153635
vt 0.880524218 0.215153635
vt 0.876249313 0.200168312
vt 0.918396235 0.200168312
vt 0.279824913 0.257061452
vt 0.320354998 0.268623888
vt 0.320354998 0.294848323
vt 0.279825151 0.294848442
vt 0.878643632 0.183590055
vt 0.874368489 0.19857499
vt 0.832221746 0.19857499
vt 0.836496592 0.183590055
vt 0.922451138 0.183888823
vt 0.918176115 0.198874012
vt 0.876029134 0.198874012
vt 0.880304098 0.183888823
vt 0.319534302 0.328212798
vt 0.279004306 0.339775264
vt 0.279004306 0.301988274
vt 0.319534302 0.301988274
vt 0.0419384837 0.143107504
vt 0.0462208688 0.143106461
vt 0.0462219417 0.147999182
vt 0.0325269699 0.143109813
vt 0.0325269699 0.14802371
vt 0.0900669992 0.147661135
vt 0.0962316692 0.142116129
vt 0.0962316692 0.147661135
vt 0.0900671184 0.137223542
vt 0.0962317884 0.137223542
vt 0.0325269699 0.137564868
vt 0.025475353 0.148002535
vt 0.025475353 0.137564868
vt 0.0325269699 0.143109813
vt 0.0325269699 0.14802371
vt 0.109585017 0.142116129
vt 0.109585017 0.147661135
vt 0.105410695 0.142116129
vt 0.0962316692 0.147661135
vt 0.0962316692 0.142116129
vt 0.0854103863 0.147661135
vt 0.0854103863 0.137223542
vt 0.0900671184 0.137223542
vt 0.0900669992 0.147661135
vt 0.0337001979 0.375745922
vt 0.0378746092 0.375750601
vt 0.0361919701 0.371811897
vt 0.0453711748 0.371811897
vt 0.0470535159 0.375749946
vt 0.415122151 0.144018829
vt 0.401768714 0.144018829
vt 0.401768714 0.149563834
vt 0.415122151 0.149563834
vt 0.401768714 0.144018829
vt 0.415122151 0.144018829
vt 0.412631601 0.140084103
vt 0.403452337 0.140081272
vt 0.425178796 0.144954011
vt 0.41812709 0.149846733
vt 0.425178796 0.149867892
vt 0.425178796 0.139409006
vt 0.41812709 0.139409006
vt 0.390947461 0.149563834
vt 0.395604104 0.149563834
vt 0.395604104 0.139126167
vt 0.390947461 0.139126167
vt 0.395604104 0.149563834
vt 0.401768714 0.149563834
vt 0.401768714 0.144018829
vt 0.395604104 0.139126167
vt 0.401768714 0.139126167
vt 0.425178796 0.144954011
vt 0.429353058 0.144954011
vt 0.425178796 0.139409006
vt 0.438532025 0.139409006
vt 0.438532025 0.144954011
vt 0.0396836996 0.369251519
vt 0.0413272679 0.365414619
vt 0.0439660549 0.369251519
vt 0.0302722156 0.369251519
vt 0.0319164097 0.365414619
vt 0.384157956 0.149563834
vt 0.377993345 0.149563834
vt 0.377993345 0.144671112
vt 0.384157956 0.139126167
vt 0.377993345 0.139126167
vt 0.109585017 0.142116129
vt 0.109585017 0.137202322
vt 0.116636604 0.137223542
vt 0.109585017 0.147661135
vt 0.116636753 0.147661135
vt 0.0453711748 0.377883315
vt 0.0378746092 0.38182196
vt 0.0470535159 0.381821364
vt 0.0361919105 0.377883315
vt 0.0337001979 0.381817311
vt 0.374051392 0.144668788
vt 0.364639997 0.149585053
vt 0.364639997 0.144671112
vt 0.378335118 0.149560466
vt 0.378333867 0.14466773
vt 0.388814718 0.139126167
vt 0.388814718 0.149563834
vt 0.384157956 0.149563834
vt 0.384157956 0.139126167
vt 0.368814409 0.144671112
vt 0.377993345 0.139126167
vt 0.377993345 0.144671112
vt 0.364639997 0.139126167
vt 0.364639997 0.144671112
vt 0.43459028 0.144951671
vt 0.425178796 0.144954011
vt 0.425178796 0.149867892
vt 0.438873887 0.14984329
vt 0.438872665 0.144950628
vt 0.449353456 0.139409006
vt 0.444696695 0.139409006
vt 0.444696695 0.149846733
vt 0.449353456 0.149846733
vt 0.444696695 0.149846733
vt 0.438532025 0.144954011
vt 0.438532025 0.149846733
vt 0.444696695 0.139409006
vt 0.438532025 0.139409006
vt 0.458181202 0.14546217
vt 0.460672885 0.14152813
vt 0.462355524 0.145466834
vt 0.46985209 0.14152813
vt 0.47153455 0.145466223
vt 0.0756732821 0.142147899
vt 0.0827248693 0.137255058
vt 0.0756732821 0.137233958
vt 0.0756732821 0.147692904
vt 0.0827250183 0.147692785
vt 0.0269107223 0.38182196
vt 0.0207461119 0.38182196
vt 0.0207461119 0.376929253
vt 0.0269107223 0.371384263
vt 0.0207461119 0.371384323
vt 0.364639997 0.144671112
vt 0.364639997 0.149585053
vt 0.357588351 0.149563834
vt 0.364639997 0.139126167
vt 0.357588351 0.139126167
vt 0.345438242 0.405454785
vt 0.349720657 0.405454785
vt 0.34708184 0.401617914
vt 0.336026788 0.405454785
vt 0.337671041 0.401617914
vt 0.0315675139 0.371384263
vt 0.0315675139 0.38182196
vt 0.0269107223 0.38182196
vt 0.0269107223 0.371384263
vt 0.00739276409 0.376929253
vt 0.0073928237 0.371384323
vt 0.0207461119 0.371384323
vt 0.0207461119 0.376929253
vt 0.349380165 0.395547748
vt 0.347696513 0.39948523
vt 0.338517308 0.399482429
vt 0.336026788 0.395547748
vt 0.0714989603 0.142147779
vt 0.0623198748 0.142147779
vt 0.0623198748 0.147692904
vt 0.0756732821 0.147692904
vt 0.0756732821 0.142147899
vt 0.320200205 0.399480581
vt 0.322691977 0.395546645
vt 0.324374616 0.39948529
vt 0.331871152 0.395546645
vt 0.333553553 0.399484664
vt 0.0210878849 0.358792722
vt 0.0281395018 0.358792722
vt 0.0281395018 0.36923036
vt 0.0210878849 0.364337683
vt 0.0210878849 0.369251579
vt 0.0116764307 0.364335358
vt 0.00739276409 0.369227052
vt 0.00739395618 0.364334345
vt 0.0210878849 0.364337683
vt 0.0210878849 0.369251579
vt 0.0514986515 0.147692904
vt 0.0561552644 0.147692904
vt 0.0561553836 0.137255177
vt 0.0514986515 0.137255177
vt 0.0623198748 0.142147779
vt 0.062319994 0.137255177
vt 0.0561553836 0.137255177
vt 0.0561552644 0.147692904
vt 0.0623198748 0.147692904
vt 0.345438242 0.411424518
vt 0.349720657 0.411424518
vt 0.34708184 0.407587588
vt 0.336026788 0.411424518
vt 0.337671041 0.407587588
vt 0.100173533 0.142118469
vt 0.0958911777 0.142119572
vt 0.0958899558 0.137226969
vt 0.109585017 0.142116129
vt 0.109585017 0.137202322
vt 0.0396836996 0.363281935
vt 0.0439660549 0.363281935
vt 0.0413272679 0.359444976
vt 0.0302722156 0.363281995
vt 0.0319164097 0.359445035
vt 0.329611719 0.405454874
vt 0.331255317 0.401618034
vt 0.333894104 0.405454785
vt 0.320200205 0.405454874
vt 0.321844518 0.401618034
vt 0.0662617981 0.142150104
vt 0.0619781613 0.1372585
vt 0.0619794428 0.142151222
vt 0.0756732821 0.142147899
vt 0.0756732821 0.137233958
vt 0.32448262 0.407587647
vt 0.322838992 0.411424577
vt 0.320200205 0.407587647
vt 0.333894104 0.407587588
vt 0.33224982 0.411424518
vt 0.946516871 0.116394863
vt 0.978161454 0.125422433
vt 0.978161454 0.126637653
vt 0.946516871 0.126637653
vt 0.978161454 0.140005216
vt 0.978161454 0.209141821
vt 0.946516871 0.209141821
vt 0.946516871 0.140005216
vt 0.0255571604 0.12292102
vt 0.449451387 0.12292102
vt 0.449451387 0.0531138629
vt 0.0255571622 0.0531138629
vt 0.445808172 0.0121718049
vt 0.445808172 0.00864157081
vt 0.451025754 0.00864157081
vt 0.451025754 0.0121718049
vt 0.0239372849 0.124704808
vt 0.0239372849 0.0514544547
vt 0.00461325049 0.0281074941
vt 0.451071203 0.0514544547
vt 0.470395267 0.0281074941
vt 0.451071203 0.124704808
vt 0.00461325049 0.132636398
vt 0.470395267 0.132636398
vt 0.173138231 0.127229527
vt 0.173138231 0.132636398
vt 0.301870227 0.127229527
vt 0.301870227 0.132636398
vt 0.089795202 0.340475708
vt 0.146928281 0.380428791
vt 0.145954251 0.339498669
vt 0.0507959723 0.382163256
vt 0.145440072 0.304662049
vt 0.0504968762 0.352656782
vt 0.0895691216 0.305072278
vt 0.145368308 0.269987106
vt 0.0498053133 0.340727478
vt 0.0270314217 0.352765948
vt 0.0326976478 0.34080866
vt 0.0325853527 0.317180485
vt 0.0496758223 0.317117244
vt 0.0268701613 0.317193866
vt 0.0895011425 0.269740164
vt 0.145969421 0.228614703
vt 0.0496322811 0.305202425
vt 0.032543391 0.305255473
vt 0.0268288553 0.305278867
vt 0.0324949026 0.281637222
vt 0.049577415 0.281621188
vt 0.02678141 0.281636238
vt 0.0895186961 0.246222347
vt 0.0696918964 0.227513477
vt 0.0495698154 0.269709706
vt 0.0495988429 0.246117115
vt 0.0324885845 0.26971668
vt 0.0267762244 0.269725114
vt 0.0325167775 0.246099621
vt 0.0268288553 0.227442637
vt 0.68696177 0.448221385
vt 0.648883879 0.448221385
vt 0.656000853 0.419999659
vt 0.656000853 0.391684413
vt 0.648883998 0.388109386
vt 0.681566298 0.391684413
vt 0.68696177 0.388109386
vt 0.681566298 0.419999659
vt 0.696224093 0.391684413
vt 0.696224093 0.419999659
vt 0.721789777 0.391684413
vt 0.72894752 0.448221385
vt 0.72894752 0.388109386
vt 0.721789777 0.419999659
vn -0 1 0
vn -0 1 0
vn -0 1 0
vn -0 1 0
vn -0 1 0
vn -0 1 0
vn -0 1 0
vn -0 1 0
vn -0 1 0
vn -0 1 0
vn -0 1 0
vn -0 1 0
vn -0 0 -1
vn -0 0 -1
vn -0 0 -1
vn -0 1 0
vn -0 1 0
vn -0 1 0
vn -0 1 0
vn -0 1 0
vn -0 1 0
vn -0 1 0
vn -0 1 0
vn -0 1 0
vn -0 1 0
vn -0 1 0
vn -0 1 0
vn -0 1 0
vn -0 1 0
vn -0 1 0
vn -0 1 0
vn -0 1 0
vn -0 1 0
vn -0 1 0
vn -0 1 0
vn -0 1 0
vn -0 1 0
vn -0 1 0
vn -0 1 0
vn -0 1 0
vn -0 1 0
vn -0.388643265 0 -0.921388328
vn -0.388643265 0 -0.921388328
vn -0.388643265 0 -0.921388328
vn -0.388643265 0 -0.921388328
vn -0.38864398 0 -0.92138803
vn -0.38864398 0 -0.92138803
vn -0.388643771 0 -0.921388149
vn -0.388643771 0 -0.921388149
vn -0.388643801 0 -0.92138803
vn -0.388643801 0 -0.92138803
vn -0.388643771 0 -0.921388149
vn -0.388643771 0 -0.921388149
vn -0.388643652 0 -0.921388149
vn -0.388643652 0 -0.921388149
vn -0.388643771 0 -0.92138803
vn -0.388643771 0 -0.92138803
vn -0.388642848 0 -0.921388447
vn -0.388642848 0 -0.921388447
vn -0.388642848 0 -0.921388447
vn -0.388642848 0 -0.921388447
vn -0.925652564 0 -0.378374636
vn -0.925652564 0 -0.378374636
vn -0.925652564 0 -0.378374636
vn -0.925652564 0 -0.378374636
vn -0.925651968 0 -0.378375888
vn -0.925651968 0 -0.378375888
vn -0.925651789 0 -0.378376633
vn -0.925651789 0 -0.378376633
vn -0.925652087 0 -0.378375769
vn -0.925652087 0 -0.378375769
vn -0.925652266 0 -0.378375202
vn -0.925652266 0 -0.378375202
vn -0.925651968 0 -0.378376126
vn -0.925651968 0 -0.378376126
vn -0.925652266 0 -0.378375202
vn -0.925652266 0 -0.378375202
vn -0.925652802 0 -0.378374159
vn -0.925652802 0 -0.378374159
vn -0.925652802 0 -0.378374159
vn -0.925652802 0 -0.378374159
vn -0 1 0
vn -0 1 0
vn -0 1 0
vn -0 1 0
vn -0 1 0
vn -0 -0.790357649 -0.612645805
vn -0 -0.790357649 -0.612645805
vn -0 -0.790357649 -0.612645805
vn -0 -0.790357649 -0.612645805
vn 0.790355802 0 -0.612648189
vn 0.790355802 0 -0.612648189
vn 0.790355802 0 -0.612648189
vn 0.790355802 0 -0.612648189
vn -0 -0.790353537 -0.61265099
vn -0 -0.790353537 -0.61265099
vn -0 -0.790353537 -0.61265099
vn -0 -0.790353537 -0.61265099
vn -0.790350854 0 -0.612654388
vn -0.790350854 0 -0.612654388
vn -0.790350854 0 -0.612654388
vn -0.790350854 0 -0.612654388
vn -0 0.79035306 -0.612651706
vn -0 0.79035306 -0.612651706
vn -0 0.79035306 -0.612651706
vn -0 0.79035306 -0.612651706
vn -0 1 0
vn -0 1 0
vn -0 1 0
vn -0 1 0
vn -0 1 0
vn -0 1 0
vn -0 1 0
vn -0 1 0
vn -0 1 0
vn -0 1 0
vn -0 1 0
vn -0 1 0
vn -0 1 0
vn -0 1 0
vn -0 1 0
vn -0 1 0
vn -0 1 0
vn -0 1 0
vn -0 1 0
vn -0 1 0
vn 0.790355265 0 -0.612648785
vn 0.790355265 0 -0.612648785
vn 0.790355265 0 -0.612648785
vn 0.790355265 0 -0.612648785
vn -0.790356755 0 -0.612646818
vn -0.790356755 0 -0.612646818
vn -0.790356755 0 -0.612646818
vn -0.790356755 0 -0.612646818
vn -0 -0.790353537 -0.61265099
vn -0 -0.790353537 -0.61265099
vn -0 -0.790353537 -0.61265099
vn -0 -0.790353537 -0.61265099
vn -0 0.790359318 -0.61264354
vn -0 0.790359318 -0.61264354
vn -0 0.790359318 -0.61264354
vn -0 0.790359318 -0.61264354
vn -0 0 -1
vn -0 0 -1
vn -0 0 -1
vn -0 0 -1
vn 0.790353417 0 -0.612651229
vn 0.790353417 0 -0.612651229
vn 0.790353417 0 -0.612651229
vn 0.790353417 0 -0.612651229
vn -0 0.790355742 -0.612648249
vn -0 0.790355742 -0.612648249
vn -0 0.790355742 -0.612648249
vn -0 0.790355742 -0.612648249
vn -0.790354967 0 -0.612649143
vn -0.790354967 0 -0.612649143
vn -0.790354967 0 -0.612649143
vn -0.790354967 0 -0.612649143
vn -0 -0.790358603 -0.612644374
vn -0 -0.790358603 -0.612644374
vn -0 -0.790358603 -0.612644374
vn -0 -0.790358603 -0.612644374
vn -0 0 -1
vn -0 0 -1
vn -0 0 -1
vn -0 0 -1
vn 0.790356398 0 -0.612647355
vn 0.790356398 0 -0.612647355
vn 0.790356398 0 -0.612647355
vn 0.790356398 0 -0.612647355
vn -0 0.79035455 -0.612649679
vn -0 0.79035455 -0.612649679
vn -0 0.79035455 -0.612649679
vn -0 0.79035455 -0.612649679
vn -0.790355504 0 -0.612648547
vn -0.790355504 0 -0.612648547
vn -0.790355504 0 -0.612648547
vn -0.790355504 0 -0.612648547
vn -0 0.79035157 -0.612653673
vn -0 0.79035157 -0.612653673
vn -0 0.79035157 -0.612653673
vn -0 0.79035157 -0.612653673
vn -0.790358245 0 -0.61264497
vn -0.790358245 0 -0.61264497
vn -0.790358245 0 -0.61264497
vn -0.790358245 0 -0.61264497
vn -0 -0.790353537 -0.61265105
vn -0 -0.790353537 -0.61265105
vn -0 -0.790353537 -0.61265105
vn -0 -0.790353537 -0.61265105
vn 0.790355504 0 -0.612648606
vn 0.790355504 0 -0.612648606
vn 0.790355504 0 -0.612648606
vn 0.790355504 0 -0.612648606
vn -0.790351033 0 -0.612654328
vn -0.790351033 0 -0.612654328
vn -0.790351033 0 -0.612654328
vn -0.790351033 0 -0.612654328
vn 0.790355563 0 -0.612648368
vn 0.790355563 0 -0.612648368
vn 0.790355563 0 -0.612648368
vn 0.790355563 0 -0.612648368
vn -0.790352285 0 -0.6126526
vn -0.790352285 0 -0.6126526
vn -0.790352285 0 -0.6126526
vn -0.790352285 0 -0.6126526
vn -0 -0.790355563 -0.612648427
vn -0 -0.790355563 -0.612648427
vn -0 -0.790355563 -0.612648427
vn -0 -0.790355563 -0.612648427
vn -0 0.790353537 -0.61265099
vn -0 0.790353537 -0.61265099
vn -0 0.790353537 -0.61265099
vn -0 0.790353537 -0.61265099
vn -0 0.790355325 -0.612648666
vn -0 0.790355325 -0.612648666
vn -0 0.790355325 -0.612648666
vn -0 0.790355325 -0.612648666
vn 0.790353835 0 -0.612650573
vn 0.790353835 0 -0.612650573
vn 0.790353835 0 -0.612650573
vn 0.790353835 0 -0.612650573
vn -0.790358007 0 -0.612645149
vn -0.790358007 0 -0.612645149
vn -0.790358007 0 -0.612645149
vn -0.790358007 0 -0.612645149
vn -0 0.790358603 -0.612644494
vn -0 0.790358603 -0.612644494
vn -0 0.790358603 -0.612644494
vn -0 0.790358603 -0.612644494
vn 0.790355623 0 -0.612648249
vn 0.790355623 0 -0.612648249
vn 0.790355623 0 -0.612648249
vn 0.790355623 0 -0.612648249
vn -0 -0.790350676 -0.612654746
vn -0 -0.790350676 -0.612654746
vn -0 -0.790350676 -0.612654746
vn -0 -0.790350676 -0.612654746
vn -0.790355742 0 -0.612648189
vn -0.790355742 0 -0.612648189
vn -0.790355742 0 -0.612648189
vn -0.790355742 0 -0.612648189
vn -0.790358007 0 -0.612645149
vn -0.790358007 0 -0.612645149
vn -0.790358007 0 -0.612645149
vn -0.790358007 0 -0.612645149
vn -0 -0.790352166 -0.612652957
vn -0 -0.790352166 -0.612652957
vn -0 -0.790352166 -0.612652957
vn -0 -0.790352166 -0.612652957
vn -0 0.790351629 -0.612653553
vn -0 0.790351629 -0.612653553
vn -0 0.790351629 -0.612653553
vn -0 0.790351629 -0.612653553
vn 0.790352046 0 -0.612652957
vn 0.790352046 0 -0.612652957
vn 0.790352046 0 -0.612652957
vn 0.790352046 0 -0.612652957
vn -0.790350378 0 -0.612655222
vn -0.790350378 0 -0.612655222
vn -0.790350378 0 -0.612655222
vn -0.790350378 0 -0.612655222
vn -0 -0.790352762 -0.612652123
vn -0 -0.790352762 -0.612652123
vn -0 -0.790352762 -0.612652123
vn -0 -0.790352762 -0.612652123
vn -0 0.790355921 -0.612647831
vn -0 0.790355921 -0.612647831
vn -0 0.790355921 -0.612647831
vn -0 0.790355921 -0.612647831
vn 0.790355444 0 -0.612648666
vn 0.790355444 0 -0.612648666
vn 0.790355444 0 -0.612648666
vn 0.790355444 0 -0.612648666
vn -0.790351689 0 -0.612653434
vn -0.790351689 0 -0.612653434
vn -0.790351689 0 -0.612653434
vn -0.790351689 0 -0.612653434
vn -0 -0.790353537 -0.61265099
vn -0 -0.790353537 -0.61265099
vn -0 -0.790353537 -0.61265099
vn -0 -0.790353537 -0.61265099
vn 0.790355504 0 -0.612648427
vn 0.790355504 0 -0.612648427
vn 0.790355504 0 -0.612648427
vn 0.790355504 0 -0.612648427
vn -0.790353239 0 -0.612651289
vn -0.790353239 0 -0.612651289
vn -0.790353239 0 -0.612651289
vn -0.790353239 0 -0.612651289
vn -0 -0.790358484 -0.612644613
vn -0 -0.790358484 -0.612644613
vn -0 -0.790358484 -0.612644613
vn -0 -0.790358484 -0.612644613
vn -0 0 -1
vn -0 0 -1
vn -0 0 -1
vn -0 0 -1
vn -0 0.790356696 -0.612646997
vn -0 0.790356696 -0.612646997
vn -0 0.790356696 -0.612646997
vn -0 0.790356696 -0.612646997
vn 0.790356219 0 -0.612647593
vn 0.790356219 0 -0.612647593
vn 0.790356219 0 -0.612647593
vn 0.790356219 0 -0.612647593
vn -0 -0.790354133 -0.612650216
vn -0 -0.790354133 -0.612650216
vn -0 -0.790354133 -0.612650216
vn -0 -0.790354133 -0.612650216
vn -0.790358245 0 -0.612644911
vn -0.790358245 0 -0.612644911
vn -0.790358245 0 -0.612644911
vn -0.790358245 0 -0.612644911
vn -0 -0.790354371 -0.612649858
vn -0 -0.790354371 -0.612649858
vn -0 -0.790354371 -0.612649858
vn -0 -0.790354371 -0.612649858
vn -0 0.790357351 -0.612646043
vn -0 0.790357351 -0.612646043
vn -0 0.790357351 -0.612646043
vn -0 0.790357351 -0.612646043
vn -0 0.790347815 -0.612658381
vn -0 0.790347815 -0.612658381
vn -0 0.790347815 -0.612658381
vn -0 0.790347815 -0.612658381
vn -0 0.790349782 -0.612655997
vn -0 0.790349782 -0.612655997
vn -0 0.790349782 -0.612655997
vn -0 0.790349782 -0.612655997
vn -0 -0.790359139 -0.612643778
vn -0 -0.790359139 -0.612643778
vn -0 -0.790359139 -0.612643778
vn -0 -0.790359139 -0.612643778
vn -0.707104683 -0.707108855 0
vn -0.707104683 -0.707108855 0
vn -0.707104683 -0.707108855 0
vn -0.707104683 -0.707108855 0
vn -0.707099974 0 0.707113564
vn -0.707099974 0 0.707113564
vn -0.707099974 0 0.707113564
vn -0.707099974 0 0.707113564
vn -0.707100153 0.707113385 0
vn -0.707100153 0.707113385 0
vn -0.707100153 0.707113385 0
vn -0.707100153 0.707113385 0
vn -0.707106411 0 -0.707107067
vn -0.707106411 0 -0.707107067
vn -0.707106411 0 -0.707107067
vn -0.707106411 0 -0.707107067
vn -0.707102418 -0.70711112 0
vn -0.707102418 -0.70711112 0
vn -0.707102418 -0.70711112 0
vn -0.707102418 -0.70711112 0
vn -0.707099795 0 0.707113743
vn -0.707099795 0 0.707113743
vn -0.707099795 0 0.707113743
vn -0.707099795 0 0.707113743
vn -0.707102418 0.70711112 0
vn -0.707102418 0.70711112 0
vn -0.707102418 0.70711112 0
vn -0.707102418 0.70711112 0
vn -0.707099795 0 -0.707113743
vn -0.707099795 0 -0.707113743
vn -0.707099795 0 -0.707113743
vn -0.707099795 0 -0.707113743
vn -0.707102418 -0.70711112 0
vn -0.707102418 -0.70711112 0
vn -0.707102418 -0.70711112 0
vn -0.707102418 -0.70711112 0
vn -0.707106352 0 0.707107127
vn -0.707106352 0 0.707107127
vn -0.707106352 0 0.707107127
vn -0.707106352 0 0.707107127
vn -0.707102418 0.70711112 0
vn -0.707102418 0.70711112 0
vn -0.707102418 0.70711112 0
vn -0.707102418 0.70711112 0
vn -0.707106173 0 -0.707107365
vn -0.707106173 0 -0.707107365
vn -0.707106173 0 -0.707107365
vn -0.707106173 0 -0.707107365
vn -0 1 0
vn -0 1 0
vn -0 1 0
vn -0 1 0
vn -0.790357828 0 -0.612645566
vn -0.790357828 0 -0.612645566
vn -0.790357828 0 -0.612645566
vn -0.790357828 0 -0.612645566
vn -0 1 0
vn -0 1 0
vn -0 1 0
vn -0 1 0
vn -0 1 0
vn -0 1 0
vn -0 1 0
vn -0 1 0
vn -0 1 0
vn -0 1 0
vn -0 1 0
vn -0 1 0
vn -0 1 0
vn -0 1 0
vn -0 1 0
vn -0 1 0
vn -0 1 0
vn -0 1 0
vn -0 1 0
vn -0 1 0
vn -0 1 0
vn -0 1 0
vn 0.388643175 0 -0.921388328
vn 0.388643175 0 -0.921388328
vn 0.388643175 0 -0.921388328
vn 0.388643175 0 -0.921388328
vn 0.388644189 0 -0.921387851
vn 0.388644189 0 -0.921387851
vn 0.388643682 0 -0.921388149
vn 0.388643682 0 -0.921388149
vn 0.388643801 0 -0.92138803
vn 0.388643801 0 -0.92138803
vn 0.388643742 0 -0.921388149
vn 0.388643742 0 -0.921388149
vn 0.925652564 0 -0.378374636
vn 0.925652564 0 -0.378374636
vn 0.925652564 0 -0.378374636
vn 0.925652564 0 -0.378374636
vn 0.925651968 0 -0.378375888
vn 0.925651968 0 -0.378375888
vn 0.925651789 0 -0.378376633
vn 0.925651789 0 -0.378376633
vn 0.925652087 0 -0.378375769
vn 0.925652087 0 -0.378375769
vn 0.925652146 0 -0.3783755
vn 0.925652146 0 -0.3783755
vn -0 -1 0
vn -0 -1 0
vn -0 -1 0
vn -0 -1 0
vn -0 -1 0
vn -0 -1 0
vn -0 -1 0
vn -0 -1 0
vn -0 -1 0
vn -0 -1 0
vn -0 -1 0
vn -0 1 0
vn -0 1 0
vn -0 1 0
vn -0 1 0
vn -0 0.790353656 -0.612650931
vn -0 0.790353656 -0.612650931
vn -0 0.790353656 -0.612650931
vn -0 0.790353656 -0.612650931
vn -0.790351093 0 -0.61265415
vn -0.790351093 0 -0.61265415
vn -0.790351093 0 -0.61265415
vn -0.790351093 0 -0.61265415
vn 0.790353775 0 -0.612650752
vn 0.790353775 0 -0.612650752
vn 0.790353775 0 -0.612650752
vn 0.790353775 0 -0.612650752
vn -0 -0.790352643 -0.612652183
vn -0 -0.790352643 -0.612652183
vn -0 -0.790352643 -0.612652183
vn -0 -0.790352643 -0.612652183
vn -0.790353775 0 -0.612650752
vn -0.790353775 0 -0.612650752
vn -0.790353775 0 -0.612650752
vn -0.790353775 0 -0.612650752
vn -0 -0.790353537 -0.61265099
vn -0 -0.790353537 -0.61265099
vn -0 -0.790353537 -0.61265099
vn -0 -0.790353537 -0.61265099
vn 0.79035908 0 -0.612643898
vn 0.79035908 0 -0.612643898
vn 0.79035908 0 -0.612643898
vn 0.79035908 0 -0.612643898
vn -0 0.790353537 -0.61265099
vn -0 0.790353537 -0.61265099
vn -0 0.790353537 -0.61265099
vn -0 0.790353537 -0.61265099
vn -0.790351033 0 -0.612654388
vn -0.790351033 0 -0.612654388
vn -0.790351033 0 -0.612654388
vn -0.790351033 0 -0.612654388
vn 0.790356338 0 -0.612647474
vn 0.790356338 0 -0.612647474
vn 0.790356338 0 -0.612647474
vn 0.790356338 0 -0.612647474
vn -0 0.790355206 -0.612648904
vn -0 0.790355206 -0.612648904
vn -0 0.790355206 -0.612648904
vn -0 0.790355206 -0.612648904
vn -0 -0.79035455 -0.612649739
vn -0 -0.79035455 -0.612649739
vn -0 -0.79035455 -0.612649739
vn -0 -0.79035455 -0.612649739
vn -0.790356338 0 -0.612647474
vn -0.790356338 0 -0.612647474
vn -0.790356338 0 -0.612647474
vn -0.790356338 0 -0.612647474
vn -0 0.790354609 -0.612649679
vn -0 0.790354609 -0.612649679
vn -0 0.790354609 -0.612649679
vn -0 0.790354609 -0.612649679
vn 0.790356338 0 -0.612647474
vn 0.790356338 0 -0.612647474
vn 0.790356338 0 -0.612647474
vn 0.790356338 0 -0.612647474
vn 0.790357828 0 -0.612645626
vn 0.790357828 0 -0.612645626
vn 0.790357828 0 -0.612645626
vn 0.790357828 0 -0.612645626
vn -0.790351093 0 -0.61265415
vn -0.790351093 0 -0.61265415
vn -0.790351093 0 -0.61265415
vn -0.790351093 0 -0.61265415
vn -0 0.790353656 -0.612650931
vn -0 0.790353656 -0.612650931
vn -0 0.790353656 -0.612650931
vn -0 0.790353656 -0.612650931
vn 0.790353835 0 -0.612650633
vn 0.790353835 0 -0.612650633
vn 0.790353835 0 -0.612650633
vn 0.790353835 0 -0.612650633
vn -0 -0.790353119 -0.612651587
vn -0 -0.790353119 -0.612651587
vn -0 -0.790353119 -0.612651587
vn -0 -0.790353119 -0.612651587
vn -0.790354133 0 -0.612650335
vn -0.790354133 0 -0.612650335
vn -0.790354133 0 -0.612650335
vn -0.790354133 0 -0.612650335
vn 0.790353835 0 -0.612650633
vn 0.790353835 0 -0.612650633
vn 0.790353835 0 -0.612650633
vn 0.790353835 0 -0.612650633
vn -0 0.790356457 -0.612647235
vn -0 0.790356457 -0.612647235
vn -0 0.790356457 -0.612647235
vn -0 0.790356457 -0.612647235
vn -0.790353775 0 -0.612650752
vn -0.790353775 0 -0.612650752
vn -0.790353775 0 -0.612650752
vn -0.790353775 0 -0.612650752
vn 0.79035908 0 -0.612643898
vn 0.79035908 0 -0.612643898
vn 0.79035908 0 -0.612643898
vn 0.79035908 0 -0.612643898
vn -0 0.790355742 -0.612648249
vn -0 0.790355742 -0.612648249
vn -0 0.790355742 -0.612648249
vn -0 0.790355742 -0.612648249
vn -0 -0.790358484 -0.612644613
vn -0 -0.790358484 -0.612644613
vn -0 -0.790358484 -0.612644613
vn -0 -0.790358484 -0.612644613
vn -0.790355802 0 -0.612648189
vn -0.790355802 0 -0.612648189
vn -0.790355802 0 -0.612648189
vn -0.790355802 0 -0.612648189
vn -0 -0.790351748 -0.612653375
vn -0 -0.790351748 -0.612653375
vn -0 -0.790351748 -0.612653375
vn -0 -0.790351748 -0.612653375
vn 0.790356696 0 -0.612647057
vn 0.790356696 0 -0.612647057
vn 0.790356696 0 -0.612647057
vn 0.790356696 0 -0.612647057
vn -0 -0.79035157 -0.612653673
vn -0 -0.79035157 -0.612653673
vn -0 -0.79035157 -0.612653673
vn -0 -0.79035157 -0.612653673
vn 0.790357828 0 -0.612645626
vn 0.790357828 0 -0.612645626
vn 0.790357828 0 -0.612645626
vn 0.790357828 0 -0.612645626
vn -0.790353835 0 -0.612650633
vn -0.790353835 0 -0.612650633
vn -0.790353835 0 -0.612650633
vn -0.790353835 0 -0.612650633
vn -0 -0.790353656 -0.612650931
vn -0 -0.790353656 -0.612650931
vn -0 -0.790353656 -0.612650931
vn -0 -0.790353656 -0.612650931
vn 0.79035908 0 -0.612643957
vn 0.79035908 0 -0.612643957
vn 0.79035908 0 -0.612643957
vn 0.79035908 0 -0.612643957
vn -0 0.790353656 -0.612650931
vn -0 0.790353656 -0.612650931
vn -0 0.790353656 -0.612650931
vn -0 0.790353656 -0.612650931
vn -0 0.790356398 -0.612647295
vn -0 0.790356398 -0.612647295
vn -0 0.790356398 -0.612647295
vn -0 0.790356398 -0.612647295
vn -0.790353835 0 -0.612650633
vn -0.790353835 0 -0.612650633
vn -0.790353835 0 -0.612650633
vn -0.790353835 0 -0.612650633
vn -0 -0.790355504 -0.612648427
vn -0 -0.790355504 -0.612648427
vn -0 -0.790355504 -0.612648427
vn -0 -0.790355504 -0.612648427
vn 0.790348351 0 -0.612657666
vn 0.790348351 0 -0.612657666
vn 0.790348351 0 -0.612657666
vn 0.790348351 0 -0.612657666
vn -0 0.790354431 -0.612649858
vn -0 0.790354431 -0.612649858
vn -0 0.790354431 -0.612649858
vn -0 0.790354431 -0.612649858
vn -0 -0.790353179 -0.612651467
vn -0 -0.790353179 -0.612651467
vn -0 -0.790353179 -0.612651467
vn -0 -0.790353179 -0.612651467
vn -0.790353715 0 -0.612650812
vn -0.790353715 0 -0.612650812
vn -0.790353715 0 -0.612650812
vn -0.790353715 0 -0.612650812
vn 0.790356338 0 -0.612647474
vn 0.790356338 0 -0.612647474
vn 0.790356338 0 -0.612647474
vn 0.790356338 0 -0.612647474
vn -0 0.790357649 -0.612645805
vn -0 0.790357649 -0.612645805
vn -0 0.790357649 -0.612645805
vn -0 0.790357649 -0.612645805
vn -0 -0.790354729 -0.612649441
vn -0 -0.790354729 -0.612649441
vn -0 -0.790354729 -0.612649441
vn -0 -0.790354729 -0.612649441
vn -0.790356517 0 -0.612647235
vn -0.790356517 0 -0.612647235
vn -0.790356517 0 -0.612647235
vn -0.790356517 0 -0.612647235
vn 0.790357709 0 -0.612645626
vn 0.790357709 0 -0.612645626
vn 0.790357709 0 -0.612645626
vn 0.790357709 0 -0.612645626
vn -0 0.790356398 -0.612647235
vn -0 0.790356398 -0.612647235
vn -0 0.790356398 -0.612647235
vn -0 0.790356398 -0.612647235
vn -0 -0.790352464 -0.612652361
vn -0 -0.790352464 -0.612652361
vn -0 -0.790352464 -0.612652361
vn -0 -0.790352464 -0.612652361
vn 0.707105696 -0.707107782 0
vn 0.707105696 -0.707107782 0
vn 0.707105696 -0.707107782 0
vn 0.707105696 -0.707107782 0
vn 0.70709914 0 0.707114339
vn 0.70709914 0 0.707114339
vn 0.70709914 0 0.707114339
vn 0.70709914 0 0.707114339
vn 0.707101941 0.707111537 0
vn 0.707101941 0.707111537 0
vn 0.707101941 0.707111537 0
vn 0.707101941 0.707111537 0
vn 0.707102358 0 -0.70711118
vn 0.707102358 0 -0.70711118
vn 0.707102358 0 -0.70711118
vn 0.707102358 0 -0.70711118
vn 0.707102835 -0.707110703 0
vn 0.707102835 -0.707110703 0
vn 0.707102835 -0.707110703 0
vn 0.707102835 -0.707110703 0
vn 0.70709902 0 0.707114518
vn 0.70709902 0 0.707114518
vn 0.70709902 0 0.707114518
vn 0.70709902 0 0.707114518
vn 0.707100272 0.707113206 0
vn 0.707100272 0.707113206 0
vn 0.707100272 0.707113206 0
vn 0.707100272 0.707113206 0
vn 0.707105577 0 -0.707107961
vn 0.707105577 0 -0.707107961
vn 0.707105577 0 -0.707107961
vn 0.707105577 0 -0.707107961
vn 0.707101822 -0.707111657 0
vn 0.707101822 -0.707111657 0
vn 0.707101822 -0.707111657 0
vn 0.707101822 -0.707111657 0
vn 0.707105577 0 0.707107961
vn 0.707105577 0 0.707107961
vn 0.707105577 0 0.707107961
vn 0.707105577 0 0.707107961
vn 0.707103491 0.707109988 0
vn 0.707103491 0.707109988 0
vn 0.707103491 0.707109988 0
vn 0.707103491 0.707109988 0
vn 0.707105339 0 -0.70710814
vn 0.707105339 0 -0.70710814
vn 0.707105339 0 -0.70710814
vn 0.707105339 0 -0.70710814
vn 0.790358305 0 -0.612644732
vn 0.790358305 0 -0.612644732
vn 0.790358305 0 -0.612644732
vn 0.790358305 0 -0.612644732
vn -0 1 0
vn -0 1 0
vn -0 1 0
vn -0 1 0
vn 0.924942136 0 0.380108148
vn 0.924942136 0 0.380108148
vn 0.924942136 0 0.380108148
vn 0.924942136 0 0.380108148
vn 0.317765057 0 -0.94816947
vn 0.317765057 0 -0.94816947
vn 0.317765057 0 -0.94816947
vn 0.317765057 0 -0.94816947
vn 1 0 0
vn 1 0 0
vn 1 0 0
vn 1 0 0
vn 0.401651204 0 0.915792704
vn 0.401651204 0 0.915792704
vn 0.401651204 0 0.915792704
vn 0.401651204 0 0.915792704
vn 0.792903781 0 -0.609346807
vn 0.792903781 0 -0.609346807
vn 0.792903781 0 -0.609346807
vn 0.792903781 0 -0.609346807
vn -0 1 0
vn -0 1 0
vn -0 1 0
vn -0 1 0
vn -0.0215483233 0.99976784 0
vn -0 0.999946952 -0.0103002796
vn -0 0.999946952 -0.0103002796
vn -0.0215485319 0.99976784 0
vn -0 1 0
vn -0.0041104774 0.999965787 0.00718333293
vn 0.0215485319 0.99976784 0
vn -0.0041104774 0.999965787 0.00718333293
vn -0.00152435992 0.999923706 0.0122581208
vn -0.0041104774 0.999965787 0.00718333293
vn 0.00191726314 0.999499321 0.0315808803
vn 0.00191726314 0.999499321 0.0315808803
vn 0.0215485319 0.99976784 0
vn 0.00152434048 0.999923706 0.0122570638
vn -0 1 0
vn -0 1 0
vn -0 1 0
vn -0 1 0
vn -0 1 0
vn -0 1 0
vn -0 0 -1
vn -0 0 -1
vn -0 0 -1
vn -0 0 -1
vn 0.997860372 0 -0.0653801113
vn 0.997860372 0 -0.0653801113
vn 0.997860372 0 -0.0653801113
vn 0.997860372 0 -0.0653801113
vn 1 0 0
vn 1 0 0
vn 1 0 0
vn 1 0 0
vn -0 1 0
vn -0 1 0
vn -0 1 0
vn 0.496652633 0 0.867949367
vn 0.496652633 0 0.867949367
vn 0.496652633 0 0.867949367
vn 0.496652633 0 0.867949367
vn -0 0 1
vn -0 0 1
vn -0 0 1
vn -0 0 1
vn -0.00166896335 -0.00293644611 0.999994278
vn -0.00166896335 -0.00293644611 0.999994278
vn -0.00166896335 -0.00293644611 0.999994278
vn -0 0.000555631123 0.999999881
vn -0 0.000555631123 0.999999881
vn -0 0.000555631123 0.999999881
vn 0.00115950312 -0.00294662709 0.999994993
vn 0.000515246531 -0.00295510446 0.999995589
vn 0.000515246531 -0.00295510446 0.999995589
vn 0.000515246531 -0.00295510446 0.999995589
vn -0 0 1
vn -0 0 1
vn -0 1 0
vn -0 1 0
vn -0 1 0
vn -0 1 0
vn -0.924942136 0 0.380108148
vn -0.924942136 0 0.380108148
vn -0.924942136 0 0.380108148
vn -0.924942136 0 0.380108148
vn -0.317765057 0 -0.94816947
vn -0.317765057 0 -0.94816947
vn -0.317765057 0 -0.94816947
vn -0.317765057 0 -0.94816947
vn -1 0 0
vn -1 0 0
vn -1 0 0
vn -1 0 0
vn -0.401651204 0 0.915792704
vn -0.401651204 0 0.915792704
vn -0.401651204 0 0.915792704
vn -0.401651204 0 0.915792704
vn -0.792903781 0 -0.609346807
vn -0.792903781 0 -0.609346807
vn -0.792903781 0 -0.609346807
vn -0.792903781 0 -0.609346807
vn -0 0 -1
vn -0 0 -1
vn -0 0 -1
vn -0 0 -1
vn -0.999985933 0 -0.00531618251
vn -0.999985933 0 -0.00531618251
vn -0.999985933 0 -0.00531618251
vn -0.999985933 0 -0.00531618251
vn -0 0 -1
vn -0 0 -1
vn -0 0 -1
vn -0 0 -1
vn -0 0 -1
vn -0 0 -1
vn -0 0 -1
vn -0 0 -1
vn -0 0 -1
vn -0 0 -1
vn -0 0 -1
vn -0 0 -1
vn -0 0 -1
vn -0 0 -1
vn -0 0 -1
vn -0 0 -1
vn -0 0 -1
vn -0 0 -1
vn -0 0 -1
vn -0 0 -1
vn -0 0 -1
vn -0 0 -1
vn -0 0 -1
vn -0 0 -1
vn -0 0 -1
vn -0 0 -1
vn -0 0 -1
vn -0 0 -1
vn -0 0 -1
vn -0 0 -1
vn -0 0 -1
vn -0 0 -1
vn -0 0 -1
vn -0 0 -1
vn -0 0 -1
vn -0 0 -1
vn -0 0.790358603 -0.612644374
vn -0 0.790358603 -0.612644374
vn -0 0.790358603 -0.612644374
vn -0 0.790358603 -0.612644374
vn -0 0 -1
vn -0 0 -1
vn -0 0 -1
vn -0 0 -1
vn -0 0 -1
vn -0 0 -1
vn -0 0 -1
vn -0 0 -1
vn -0 0 -1
vn -0 0 -1
vn -0 0 -1
vn -0 0 -1
vn -0 0 -1
vn -0 0 -1
vn -0 0 -1
vn -0 0 -1
vn -0 0 -1
vn -0 0 -1
vn -0 0 -1
vn -0 0 -1
vn -0 0 -1
vn -0 0 -1
vn -0 0 -1
vn -0 0 -1
vn -0 0 -1
vn -0 0 -1
vn -0 0 -1
vn -0 0 -1
vn -0 0 -1
vn -0 0 -1
vn -0 0 -1
vn -0 0 -1
vn -0 0 -1
vn -0 0 -1
vn -0 0 -1
vn -0 0 -1
vn -0 0 -1
vn -0 0 -1
vn -0 0 -1
vn -0 0 -1
vn -0 0 -1
vn -0 0 -1
vn -0 0 -1
vn -0 0 -1
vn -0 0 -1
vn -0 0 -1
vn -0 0 -1
vn -0 0 -1
vn -0 0 -1
vn -0 0 -1
vn -0 0 -1
vn -0 0 -1
vn -0 -0.790357053 -0.612646401
vn -0 -0.790357053 -0.612646401
vn -0 -0.790357053 -0.612646401
vn -0 -0.790357053 -0.612646401
vn -0.995690405 0 0.0927400813
vn -0.995690405 0 0.0927400813
vn -0.995690405 0 0.0927400813
vn -0.995690405 0 0.0927400813
vn -0.995690405 0 0.0927399173
vn -0.995690405 0 0.0927399173
vn -0.995690644 0 0.0927374437
vn -0.995690644 0 0.0927374437
vn -0.995690525 0 0.0927386656
vn -0.995690525 0 0.0927386656
vn -0.995690525 0 0.0927386656
vn -0.995690525 0 0.0927386656
vn 1 0 0
vn 1 0 0
vn 1 0 0
vn 1 0 0
vn 1 0 0
vn -1 0 0
vn -1 0 0
vn -1 0 0
vn -1 0 0
vn 0.790355265 0 -0.612648904
vn 0.790355265 0 -0.612648904
vn 0.790355265 0 -0.612648904
vn 0.790355265 0 -0.612648904
vn -0 0 1
vn -0 0 1
vn -0 0 1
vn -0 0 1
vn -0 0 1
vn -0 0 1
vn -0 0 1
vn -0 0 1
vn -0 0 1
vn -0 0 1
vn -0 0 1
vn -0 0 1
vn -0 0 1
vn -0 0 1
vn -0 0 1
vn -0 0 1
vn -0 0 1
vn -0 0 1
vn -0 0 1
vn -0 0 1
vn -0 0 1
vn -0 0 1
vn -0 0 1
vn -0 0 1
vn -0 0 1
vn -0 0 1
vn -0 0 1
vn -0 0 1
vn -0 0 1
vn -0 0 1
vn -0 0 1
vn -0 0 1
vn -0 0 1
vn -0 0 1
vn -0 0 1
vn -0 0 1
vn -0 0 1
vn -0 0 1
vn -0 0 1
vn -0 0 1
vn -0 0 1
vn -0 0 1
vn -0 0 1
vn -0 0 1
vn -0 0 1
vn -0 0 1
vn -0 0 1
vn -0 0 1
vn -0 0 1
vn -0 0 1
vn -0 0 1
vn -0 0 1
vn -0.305196822 0 0.952289343
vn -0.305196822 0 0.952289343
vn -0.305196822 0 0.952289343
vn -0.305196822 0 0.952289343
vn -0.305196673 0 0.952289343
vn -0.305196673 0 0.952289343
vn -0.305196673 0 0.952289343
vn -0.305196673 0 0.952289343
vn -0.305196643 0 0.952289343
vn -0.305196643 0 0.952289343
vn -0.305196613 0 0.952289402
vn -0.305196613 0 0.952289402
vn -0.808889031 0 0.587961376
vn -0.808889031 0 0.587961376
vn -0.808889031 0 0.587961376
vn -0.808889031 0 0.587961376
vn -0.808888733 0 0.587961733
vn -0.808888733 0 0.587961733
vn -0.808888733 0 0.587961733
vn -0.808888733 0 0.587961733
vn -0.808888733 0 0.587961733
vn -0.808888733 0 0.587961733
vn -0.808888733 0 0.587961733
vn -0.808888733 0 0.587961733
vn -0.707103491 -0.707109988 0
vn -0.707103491 -0.707109988 0
vn -0.707103491 -0.707109988 0
vn -0.707103491 -0.707109988 0
vn -0.707101285 0.707112253 0
vn -0.707101285 0.707112253 0
vn -0.707101285 0.707112253 0
vn -0.707101285 0.707112253 0
vn -0.707106173 0 -0.707107306
vn -0.707106173 0 -0.707107306
vn -0.707106173 0 -0.707107306
vn -0.707106173 0 -0.707107306
vn -1 0 0
vn -1 0 0
vn -1 0 0
vn -1 0 0
vn -1 0 0
vn -1 0 0
vn -1 0 0
vn -1 0 0
vn -1 0 0
vn -1 0 0
vn -1 0 0
vn -1 0 0
vn -1 0 0
vn -1 0 0
vn -1 0 0
vn -1 0 0
vn -1 0 0
vn -1 0 0
vn -1 0 0
vn -1 0 0
vn -1 0 0
vn -1 0 0
vn -1 0 0
vn -1 0 0
vn -1 0 0
vn -1 0 0
vn -1 0 0
vn -1 0 0
vn -1 0 0
vn -1 0 0
vn -1 0 0
vn -1 0 0
vn -1 0 0
vn -1 0 0
vn -1 0 0
vn -1 0 0
vn -1 0 0
vn -1 0 0
vn -1 0 0
vn -1 0 0
vn -1 0 0
vn -1 0 0
vn 0.790353179 0 -0.612651527
vn 0.790353179 0 -0.612651527
vn 0.790353179 0 -0.612651527
vn 0.790353179 0 -0.612651527
vn -0 -0.790352762 -0.612652123
vn -0 -0.790352762 -0.612652123
vn -0 -0.790352762 -0.612652123
vn -0 -0.790352762 -0.612652123
vn -0.790350735 0 -0.612654746
vn -0.790350735 0 -0.612654746
vn -0.790350735 0 -0.612654746
vn -0.790350735 0 -0.612654746
vn -0 -0.790353537 -0.61265099
vn -0 -0.790353537 -0.61265099
vn -0 -0.790353537 -0.61265099
vn -0 -0.790353537 -0.61265099
vn 0.790362775 0 -0.61263901
vn 0.790362775 0 -0.61263901
vn 0.790362775 0 -0.61263901
vn 0.790362775 0 -0.61263901
vn -0.790351868 0 -0.612653255
vn -0.790351868 0 -0.612653255
vn -0.790351868 0 -0.612653255
vn -0.790351868 0 -0.612653255
vn -0 0.790354013 -0.612650514
vn -0 0.790354013 -0.612650514
vn -0 0.790354013 -0.612650514
vn -0 0.790354013 -0.612650514
vn -0 -0.790353537 -0.61265099
vn -0 -0.790353537 -0.61265099
vn -0 -0.790353537 -0.61265099
vn -0 -0.790353537 -0.61265099
vn -0.790357709 0 -0.612645566
vn -0.790357709 0 -0.612645566
vn -0.790357709 0 -0.612645566
vn -0.790357709 0 -0.612645566
vn -0.707102835 -0.707110703 0
vn -0.707102835 -0.707110703 0
vn -0.707102835 -0.707110703 0
vn -0.707102835 -0.707110703 0
vn -0.707099915 0 0.707113624
vn -0.707099915 0 0.707113624
vn -0.707099915 0 0.707113624
vn -0.707099915 0 0.707113624
vn -0.707100749 0.707112789 0
vn -0.707100749 0.707112789 0
vn -0.707100749 0.707112789 0
vn -0.707100749 0.707112789 0
vn -0.707100034 0 -0.707113445
vn -0.707100034 0 -0.707113445
vn -0.707100034 0 -0.707113445
vn -0.707100034 0 -0.707113445
vn -0 0 -1
vn -0 0 -1
vn -0 0 -1
vn -0 0 -1
vn -0 0 -1
vn -0 0 -1
vn 0.808888018 0 0.587962747
vn 0.808888018 0 0.587962747
vn 0.808888018 0 0.587962747
vn 0.808888018 0 0.587962747
vn 0.808888733 0 0.587961733
vn 0.808888733 0 0.587961733
vn 0.808888793 0 0.587961674
vn 0.808888793 0 0.587961674
vn 0.808888793 0 0.587961674
vn 0.808888793 0 0.587961674
vn 0.305197388 0 0.952289104
vn 0.305197388 0 0.952289104
vn 0.305197388 0 0.952289104
vn 0.305197388 0 0.952289104
vn 0.305196643 0 0.952289343
vn 0.305196643 0 0.952289343
vn 0.305196613 0 0.952289402
vn 0.305196613 0 0.952289402
vn 0.305196613 0 0.952289402
vn 0.305196613 0 0.952289402
vn -0 0 1
vn -0 0 1
vn -0 0 1
vn -0 0 1
vn -0 0 1
vn -0 0 1
vn -0 0 1
vn -0 0 1
vn -0 0 1
vn -0 0 1
vn -0 0 1
vn -0 0 1
vn -0 0 1
vn -0 0 1
vn -0 0 1
vn -0 0 1
vn -0 0 1
vn -0 0 1
vn -0 0 1
vn -0 0 1
vn -0 0 1
vn -0 0 1
vn -0 0 1
vn -0 0 1
vn -0 0 1
vn -0 0 1
vn -0 0 1
vn -0 0 1
vn -0 0 1
vn -0 0 1
vn -0 0 1
vn -0 0 1
vn -0 0 1
vn -0 0 1
vn -0 0 1
vn -0 0 1
vn -0 0 1
vn -0 0 -1
vn -0 0 -1
vn -0 0 -1
vn -0 0 -1
vn -1 0 0
vn -1 0 0
vn -1 0 0
vn -1 0 0
vn -0 0 1
vn -0 0 1
vn -0 0 1
vn -0 0 1
vn 1 0 0
vn 1 0 0
vn 1 0 0
vn 1 0 0
vn -0 0 -1
vn -0 0 -1
vn -0 0 -1
vn -0 0 -1
vn -1 0 0
vn -1 0 0
vn -1 0 0
vn -1 0 0
vn -0 0 1
vn -0 0 1
vn -0 0 1
vn -0 0 1
vn 1 0 0
vn 1 0 0
vn 1 0 0
vn 1 0 0
vn -0 0 -1
vn -0 0 -1
vn -0 0 -1
vn -0 0 -1
vn -1 0 0
vn -1 0 0
vn -1 0 0
vn -1 0 0
vn -0 0 1
vn -0 0 1
vn -0 0 1
vn -0 0 1
vn 1 0 0
vn 1 0 0
vn 1 0 0
vn 1 0 0
vn 1 0 0
vn 1 0 0
vn 1 0 0
vn 1 0 0
vn 1 0 0
vn -0 1 0
vn -0 1 0
vn -0 1 0
vn -0 1 0
vn -0 0 -1
vn -0 0 -1
vn -0 0 -1
vn -0 0 -1
vn -0 0 -1
vn -0 0 -1
vn -0 0 -1
vn -0 0 -1
vn -0 0 -1
vn -0 0 -1
vn -0 0 -1
vn -0 0 -1
vn 1 0 0
vn 1 0 0
vn 1 0 0
vn 1 0 0
vn -0 0 -1
vn -0 0 -1
vn -0 0 -1
vn -0 0 -1
vn -1 0 0
vn -1 0 0
vn -1 0 0
vn -1 0 0
vn -0 0 -1
vn -0 0 -1
vn -0 0 -1
vn -0 0 -1
vn -0 0 -1
vn -0 0 -1
vn -0 0 -1
vn -0 0 -1
vn -0 0 -1
vn -0 0 -1
vn -0 0 -1
vn -0 0 -1
vn -1 0 0
vn -1 0 0
vn -1 0 0
vn -1 0 0
vn -0 -1 0
vn -0 -1 0
vn -0 -1 0
vn -0 -1 0
vn 1 0 0
vn 1 0 0
vn 1 0 0
vn 1 0 0
vn 0.790354967 0 -0.612649262
vn 0.790354967 0 -0.612649262
vn 0.790354967 0 -0.612649262
vn 0.790354967 0 -0.612649262
vn -0.790357828 0 -0.612645626
vn -0.790357828 0 -0.612645626
vn -0.790357828 0 -0.612645626
vn -0.790357828 0 -0.612645626
vn -0 0.790356994 -0.61264652
vn -0 0.790356994 -0.61264652
vn -0 0.790356994 -0.61264652
vn -0 0.790356994 -0.61264652
vn -0.790351868 0 -0.612653315
vn -0.790351868 0 -0.612653315
vn -0.790351868 0 -0.612653315
vn -0.790351868 0 -0.612653315
vn -0 0.790355265 -0.612648726
vn -0 0.790355265 -0.612648726
vn -0 0.790355265 -0.612648726
vn -0 0.790355265 -0.612648726
vn -0 -0.790353656 -0.612650931
vn -0 -0.790353656 -0.612650931
vn -0 -0.790353656 -0.612650931
vn -0 -0.790353656 -0.612650931
vn -0 0 -1
vn -0 0 -1
vn -0 0 -1
vn -0 0 -1
vn -0 0 -1
vn -0 0 -1
vn -0 0 -1
vn -0 0 -1
vn -0 0 -1
vn -0 0 -1
vn -0 0 -1
vn -0 0 -1
vn -0 0 -1
vn -0 0 -1
vn -0 0 -1
vn -0 0 -1
vn -0 0 -1
vn -0 0 -1
vn -0 0 -1
vn -0 0 -1
vn -0 0 -1
vn -0 0 -1
vn -0 0 -1
vn -0 0 -1
vn -0 0 -1
vn -0 0 -1
vn -0 0 -1
vn -0 0 -1
vn -0 0 -1
vn -0 0 -1
vn -0 0 -1
vn -0 0 -1
vn -0 0 -1
vn -0 0 -1
vn -0 0 -1
vn -0 0 -1
vn -0 0 -1
vn -0 0 -1
vn -0 0 -1
vn -0 0 -1
vn -0 0 -1
vn -0 0 -1
vn -0 0 -1
vn -0 0 -1
vn -0 0 -1
vn -0 0 -1
vn -0 0 -1
vn -0 0 -1
vn -0 0 -1
vn -0 0 -1
vn -0 0 -1
vn -0 0 -1
vn -0 0 -1
vn -0 0 -1
vn -0 0 -1
vn -0 0 -1
vn -0 0 -1
vn -0 0 -1
vn -0 0 -1
vn -0 0 -1
vn -0 0 -1
vn -0 0 -1
vn -0 0 -1
vn -0 0 -1
vn -0 0 -1
vn -0 0 -1
vn -0 0 -1
vn -0 0 -1
vn -0 0 -1
vn -0 0 -1
vn -0 0 -1
vn -0 0 -1
vn -0 0 -1
vn -0 0 -1
vn -0 0 -1
vn -0 0 -1
vn -0 0 -1
vn -0 0 -1
vn -0 0 -1
vn -0 0 -1
vn -0 0 -1
vn -0 0 -1
vn -0 0 -1
vn -0 0 -1
vn -0 0 -1
vn -0 0 -1
vn -0 0 -1
vn -0 0 -1
vn -0 0 -1
vn -0 0 -1
vn -0 0 -1
vn -0 0 -1
vn -0 0 -1
vn -0 0 -1
vn -0 0 -1
vn -0 0 -1
vn -0 0 -1
vn -0 0 -1
vn -0 0 -1
vn -0 0 -1
vn -0 0 -1
vn -0 0 -1
vn -0 0 -1
vn -0 0 -1
vn -0 0 -1
vn -0 0 -1
vn -0 0 -1
vn -0 0 -1
vn -0 0 -1
vn -0 0 -1
vn -0 0 -1
vn -0 0 -1
vn -0 0 -1
vn -0 0 -1
vn -0 0 -1
vn -0 0 -1
vn -0 0 -1
vn -0 0 -1
vn -0 0 -1
vn -0 0 -1
vn -0 0 -1
vn -0 0 -1
vn -0 0 -1
vn -0 0 -1
vn -0 0 -1
vn -0 0 -1
vn -0 0 -1
vn -0 0 -1
vn -0 0 -1
vn -0 0 -1
vn -0 0 -1
vn -0 0 -1
vn -0 0 -1
vn -0 0 -1
vn -0 0 -1
vn -0 0 -1
vn -0 0 -1
vn -0 0 -1
vn -0 0 -1
vn -0 0 -1
vn -0 0 -1
vn -0 0 -1
vn -0 0 -1
vn -0 0 -1
vn -0 0 -1
vn -0 0 -1
vn -0 0 -1
vn -0 0 -1
vn -0 0 -1
vn -0 0 -1
vn -0 0 -1
vn -0 0 -1
vn -0 0 -1
vn -0 0 -1
vn -0 0 -1
vn -0 0 -1
vn -0 0 -1
vn -0 0 -1
vn -0 0 -1
vn -0 0 -1
vn -0 0 -1
vn -0 0 -1
vn -0 0 -1
vn -0 0 -1
vn -0 0 -1
vn -0 0 -1
vn -0 0 -1
vn -0 0 -1
vn -0 0 -1
vn -0 0 -1
vn -0 0.790354967 -0.612649202
vn -0 0.790354967 -0.612649202
vn -0 0.790354967 -0.612649202
vn -0 0.790354967 -0.612649202
vn 1 0 0
vn 1 0 0
vn 1 0 0
vn 1 0 0
vn -0 -1 0
vn -0 -1 0
vn -0 -1 0
vn -0 -1 0
vn -0.707100034 0 0.707113445
vn -0.707100034 0 0.707113445
vn -0.707100034 0 0.707113445
vn -0.707100034 0 0.707113445
vn -1 0 0
vn -1 0 0
vn -1 0 0
vn -1 0 0
vn -1 0 0
vn -1 0 0
vn -1 0 0
vn -1 0 0
vn -1 0 0
vn -1 0 0
vn -1 0 0
vn -1 0 0
vn -1 0 0
vn -1 0 0
vn -1 0 0
vn -1 0 0
vn -1 0 0
vn -1 0 0
vn -1 0 0
vn -1 0 0
vn -0 0 -1
vn -0 0 -1
vn -0 0 -1
vn -0 0 -1
vn -0 0 -1
vn -0 0 -1
vn -0 0 -1
vn -0 0 -1
vn -0 0 -1
vn -0 0 -1
vn -0 0 -1
vn -0 0 -1
vn 1 0 0
vn 1 0 0
vn 1 0 0
vn 1 0 0
vn 1 0 0
vn 1 0 0
vn 1 0 0
vn 1 0 0
vn 1 0 0
vn 1 0 0
vn 1 0 0
vn 1 0 0
vn -0 0 -1
vn -0 0 -1
vn -0 0 -1
vn -0 0 -1
vn -0 0 -1
vn -0 0 -1
vn -0 0 -1
vn -0 0 -1
vn -0 0 -1
vn -0 0 -1
vn -0 0 -1
vn -0 0 -1
vn -0 0 -1
vn -0 0 -1
vn -0 0 -1
vn -0 0 -1
vn -0 0 -1
vn -0 0 -1
vn -0 0 -1
vn -0 0 -1
vn -0 0 -1
vn -0 0 -1
vn -0 0 -1
vn -0 0 -1
vn 1 0 0
vn 1 0 0
vn 1 0 0
vn 1 0 0
vn 1 0 0
vn 1 0 0
vn 1 0 0
vn 1 0 0
vn 0.90523988 0 -0.4249008
vn 0.90523988 0 -0.4249008
vn 0.90523988 0 -0.4249008
vn 0.90523988 0 -0.4249008
vn 0.90523994 0 -0.42490074
vn 0.90523994 0 -0.42490074
vn 0.90523994 0 -0.42490074
vn -0 1 0
vn -0 1 0
vn -0 1 0
vn -0 1 0
vn -0 1 0
vn -0 1 0
vn -0.90523994 0 -0.42490074
vn -0.90523994 0 -0.42490074
vn -0.90523994 0 -0.42490074
vn -0.90523994 0 -0.42490074
vn -0.905240059 0 -0.424900591
vn -0.905240059 0 -0.424900591
vn -0.905240059 0 -0.424900591
vn 0.364987135 0 -0.93101263
vn 0.364987135 0 -0.93101263
vn 0.364987135 0 -0.93101263
vn 0.364987135 0 -0.93101263
vn -0.364986986 0 -0.93101263
vn -0.364986986 0 -0.93101263
vn -0.364986986 0 -0.93101263
vn -0.364986986 0 -0.93101263
vn -0.364987016 0 -0.93101263
vn -0.364987016 0 -0.93101263
vn -0.364987016 0 -0.93101263
vn 0.364987046 0 -0.93101263
vn 0.364987046 0 -0.93101263
vn 0.364987046 0 -0.93101263
vn 0.364987046 0 -0.93101263
vn -0 0 -1
vn -0 0 -1
vn -0 0 -1
vn -0 0 -1
vn -0 0 -1
vn -0 0 -1
vn -0 0 -1
vn -0 0 -1
vn -0 0 -1
vn -0 -0.707112074 0.707101405
vn -0 -0.707112074 0.707101405
vn -0 -0.707112074 0.707101405
vn -0 -0.707112074 0.707101405
vn 0.707104385 0 0.707109153
vn 0.707104385 0 0.707109153
vn 0.707104385 0 0.707109153
vn 0.707104385 0 0.707109153
vn -0 0.707110941 0.707102537
vn -0 0.707110941 0.707102537
vn -0 0.707110941 0.707102537
vn -0 0.707110941 0.707102537
vn -0.707104385 0 0.707109153
vn -0.707104385 0 0.707109153
vn -0.707104385 0 0.707109153
vn -0.707104385 0 0.707109153
vn -0.790352285 0 0.61265254
vn -0.790352285 0 0.61265254
vn -0.790352285 0 0.61265254
vn -0.790352285 0 0.61265254
vn 0.790351689 0 0.612653375
vn 0.790351689 0 0.612653375
vn 0.790351689 0 0.612653375
vn 0.790351689 0 0.612653375
vn -0 -0.790354133 0.612650216
vn -0 -0.790354133 0.612650216
vn -0 -0.790354133 0.612650216
vn -0 -0.790354133 0.612650216
vn -0 0.790354133 0.612650216
vn -0 0.790354133 0.612650216
vn -0 0.790354133 0.612650216
vn -0 0.790354133 0.612650216
vn -0 0 1
vn -0 0 1
vn -0 0 1
vn -0 0 1
vn -0 0 1
vn -0 0 1
vn -0 0 1
vn -0 0 1
vn -0 -0.707110941 0.707102537
vn -0 -0.707110941 0.707102537
vn -0 -0.707110941 0.707102537
vn -0 -0.707110941 0.707102537
vn -0.707106352 0 0.707107186
vn -0.707106352 0 0.707107186
vn -0.707106352 0 0.707107186
vn -0.707106352 0 0.707107186
vn -0 0.707110941 0.707102537
vn -0 0.707110941 0.707102537
vn -0 0.707110941 0.707102537
vn -0 0.707110941 0.707102537
vn 0.707105756 0 0.707107723
vn 0.707105756 0 0.707107723
vn 0.707105756 0 0.707107723
vn 0.707105756 0 0.707107723
vn 0.790353775 0 0.612650752
vn 0.790353775 0 0.612650752
vn 0.790353775 0 0.612650752
vn 0.790353775 0 0.612650752
vn -0.790349245 0 0.612656653
vn -0.790349245 0 0.612656653
vn -0.790349245 0 0.612656653
vn -0.790349245 0 0.612656653
vn -0 -0.790354133 0.612650216
vn -0 -0.790354133 0.612650216
vn -0 -0.790354133 0.612650216
vn -0 -0.790354133 0.612650216
vn -0 0 1
vn -0 0 1
vn -0 0 1
vn -0 0 1
vn -0 0 1
vn -0 0 1
vn -0 0 1
vn -0 0 1
vn -0 -0.707112074 0.707101405
vn -0 -0.707112074 0.707101405
vn -0 -0.707112074 0.707101405
vn -0 -0.707112074 0.707101405
vn 0.707104564 0 0.707108915
vn 0.707104564 0 0.707108915
vn 0.707104564 0 0.707108915
vn 0.707104564 0 0.707108915
vn -0 0.707110941 0.707102537
vn -0 0.707110941 0.707102537
vn -0 0.707110941 0.707102537
vn -0 0.707110941 0.707102537
vn -0.707104564 0 0.707108915
vn -0.707104564 0 0.707108915
vn -0.707104564 0 0.707108915
vn -0.707104564 0 0.707108915
vn -0.790352523 0 0.612652302
vn -0.790352523 0 0.612652302
vn -0.790352523 0 0.612652302
vn -0.790352523 0 0.612652302
vn -0 -0.790355623 0.612648368
vn -0 -0.790355623 0.612648368
vn -0 -0.790355623 0.612648368
vn -0 -0.790352583 0.612652302
vn -0 -0.790352583 0.612652302
vn -0 -0.790352583 0.612652302
vn 0.790351868 0 0.612653196
vn 0.790351868 0 0.612653196
vn 0.790351868 0 0.612653196
vn 0.790351868 0 0.612653196
vn -0 0.790353417 0.612651229
vn -0 0.790352523 0.612652302
vn -0 0.790353417 0.612651229
vn -0 0.790353417 0.612651229
vn -0 0.790354371 0.612649918
vn -0 0.790355504 0.612648427
vn -0 0 1
vn -0 0 1
vn -0 0 1
vn -0 0 1
vn -0 0 1
vn -0 0 1
vn -0 0 1
vn -0 0 1
vn -0 0 1
vn -0 0 1
vn -0 0 1
vn -0 0 1
vn -0 -0.707110941 0.707102537
vn -0 -0.707110941 0.707102537
vn -0 -0.707110941 0.707102537
vn -0 -0.707110941 0.707102537
vn -0.70710659 0 0.707106948
vn -0.70710659 0 0.707106948
vn -0.70710659 0 0.707106948
vn -0.70710659 0 0.707106948
vn -0 0.707110941 0.707102537
vn -0 0.707110941 0.707102537
vn -0 0.707110941 0.707102537
vn -0 0.707110941 0.707102537
vn 0.707105935 0 0.707107544
vn 0.707105935 0 0.707107544
vn 0.707105935 0 0.707107544
vn 0.707105935 0 0.707107544
vn 0.790354013 0 0.612650514
vn 0.790354013 0 0.612650514
vn 0.790354013 0 0.612650514
vn 0.790354013 0 0.612650514
vn -0.790349364 0 0.612656474
vn -0.790349364 0 0.612656474
vn -0.790349364 0 0.612656474
vn -0.790349364 0 0.612656474
vn -0 -0.790354729 0.612649381
vn -0 -0.790354729 0.612649381
vn -0 -0.790354729 0.612649381
vn -0 -0.790354729 0.612649381
vn -0 0 1
vn -0 0 1
vn -0 0 1
vn -0 0 1
vn -0 0 1
vn -0 0 1
vn -0 0 1
vn -0 0 1
vn -0 -0.707110941 0.707102537
vn -0 -0.707110941 0.707102537
vn -0 -0.707110941 0.707102537
vn -0 -0.707110941 0.707102537
vn 0.707104683 0 0.707108855
vn 0.707104683 0 0.707108855
vn 0.707104683 0 0.707108855
vn 0.707104683 0 0.707108855
vn -0 0.707110941 0.707102537
vn -0 0.707110941 0.707102537
vn -0 0.707110941 0.707102537
vn -0 0.707110941 0.707102537
vn -0.707104683 0 0.707108855
vn -0.707104683 0 0.707108855
vn -0.707104683 0 0.707108855
vn -0.707104683 0 0.707108855
vn -0.790353239 0 0.612651408
vn -0.790353239 0 0.612651408
vn -0.790353239 0 0.612651408
vn -0.790353239 0 0.612651408
vn -0 -0.790355623 0.612648368
vn -0 -0.790355623 0.612648368
vn -0 -0.790355623 0.612648368
vn -0 -0.790352583 0.612652302
vn -0 -0.790352583 0.612652302
vn -0 -0.790352583 0.612652302
vn 0.790351868 0 0.612653196
vn 0.790351868 0 0.612653196
vn 0.790351868 0 0.612653196
vn 0.790351868 0 0.612653196
vn -0 0.790354848 0.612649441
vn -0 0.790353954 0.612650514
vn -0 0.790354848 0.612649441
vn -0 0.790354848 0.612649441
vn -0 0.790354848 0.612649381
vn -0 0.790355504 0.612648427
vn -0 0 1
vn -0 0 1
vn -0 0 1
vn -0 0 1
vn -0 0 1
vn -0 0 1
vn -0 0 1
vn -0 0 1
vn -0 0 1
vn -0 0 1
vn -0 0 1
vn -0 0 1
vn -0 -0.707110941 0.707102537
vn -0 -0.707110941 0.707102537
vn -0 -0.707110941 0.707102537
vn -0 -0.707110941 0.707102537
vn -0.70710665 0 0.707106888
vn -0.70710665 0 0.707106888
vn -0.70710665 0 0.707106888
vn -0.70710665 0 0.707106888
vn -0 0.707110941 0.707102537
vn -0 0.707110941 0.707102537
vn -0 0.707110941 0.707102537
vn -0 0.707110941 0.707102537
vn 0.707106054 0 0.707107425
vn 0.707106054 0 0.707107425
vn 0.707106054 0 0.707107425
vn 0.707106054 0 0.707107425
vn -0.790349364 0 0.612656474
vn -0.790349364 0 0.612656474
vn -0.790349364 0 0.612656474
vn -0.790349364 0 0.612656474
vn -0 0.790354133 0.612650216
vn -0 0.790354133 0.612650216
vn -0 0.790354133 0.612650216
vn -0 0.790354133 0.612650216
vn -0 0.790354729 0.612649381
vn -0 0.790354729 0.612649381
vn -0 0.790354729 0.612649381
vn -0 0.790354729 0.612649381
vn -0 0 1
vn -0 0 1
vn -0 0 1
vn -0 0 1
vn -0 0 1
vn -0 0 1
vn -0 0 1
vn -0 0 1
vn -0 0 1
vn -0 0 1
vn -0 0 1
vn -0 0 1
vn -0 0 1
vn -0 0 1
vn -0 0 1
vn -0 0 1
vn -1 0 0
vn -1 0 0
vn -1 0 0
vn -1 0 0
vn -1 0 0
vn -1 0 0
vn -1 0 0
vn -1 0 0
vn -0.999993443 -0.0010992802 -0.00346918125
vn -0.999993443 -0.0010992802 -0.00346918125
vn -0.496653229 0 -0.867949069
vn -0.496653229 0 -0.867949069
vn -0.496653229 0 -0.867949069
vn -0.496653229 0 -0.867949069
vn -0.117625199 0.97154969 0.205561489
vn -0.117625199 0.97154969 0.205561489
vn -0.117625199 0.97154969 0.205561489
vn -0.117625199 0.97154969 0.205561489
vn -0.117624447 0.971549809 -0.205561459
vn -0.117624447 0.971549809 -0.205561459
vn -0.117624447 0.971549809 -0.205561459
vn -0.117624447 0.971549809 -0.205561459
vn 0.236857116 0.971544564 0
vn 0.236857116 0.971544564 0
vn 0.236857116 0.971544564 0
vn 0.236857116 0.971544564 0
vn -1 0 0
vn -1 0 0
vn -1 0 0
vn -1 0 0
vn -1 0 0
vn -1 0 0
vn -1 0 0
vn -1 0 0
vn -1 0 0
vn -1 0 0
vn -1 0 0
vn 1 0 0
vn 1 0 0
vn 1 0 0
vn 1 0 0
vn 0.999935389 0 -0.0113644321
vn 0.999935389 0 -0.0113644321
vn 0.999935389 0 -0.0113644321
vn 0.999935389 0 -0.0113644321
vn 0.999873161 -0.0158501491 0.001582606
vn 0.999873161 -0.0158501491 0.001582606
vn 0.496652812 0 -0.867949247
vn 0.496652812 0 -0.867949247
vn 0.496652812 0 -0.867949247
vn 0.496652812 0 -0.867949247
vn -0 1 0
vn -0 1 0
vn -0 1 0
vn -0 1 0
vn -0 1 0
vn -0 1 0
vn 0.117625199 0.97154969 0.205561489
vn 0.117625199 0.97154969 0.205561489
vn 0.117625199 0.97154969 0.205561489
vn 0.117625199 0.97154969 0.205561489
vn 0.117624447 0.971549809 -0.205561459
vn 0.117624447 0.971549809 -0.205561459
vn 0.117624447 0.971549809 -0.205561459
vn 0.117624447 0.971549809 -0.205561459
vn 1 0 0
vn 1 0 0
vn 1 0 0
vn 1 0 0
vn 1 0 0
vn 1 0 0
vn 1 0 0
vn 1 0 0
vn 1 0 0
vn 1 0 0
vn -0 0 -1
vn -0 0 -1
vn -0 0 -1
vn -0 0 -1
vn -0 0 1
vn -0 0 1
vn -0 0 1
vn -0 0 1
vn -0 0 -1
vn -0 0 -1
vn -0 0 -1
vn -0 0 -1
vn -0 0 -1
vn -0 0 -1
vn -0 0 1
vn -0 0 1
vn -0 0 1
vn -0 0 1
vn 0.0502896979 0.998734653 3.18343518E-05
vn 0.0502896979 0.998734653 3.18343518E-05
vn 0.0502896979 0.998734653 3.18343518E-05
vn 0.0502896979 0.998734653 3.18343518E-05
vn 0.0380425341 0.999269664 0.00360507914
vn 0.0380425341 0.999269664 0.00360507914
vn -0.0502771735 0.998735368 0
vn -0.0502771735 0.998735368 0
vn -0.0502771735 0.998735368 0
vn -0.0502771735 0.998735368 0
vn -0.0380539894 0.999269187 0.00361860264
vn -0.0380539894 0.999269187 0.00361860264
vn -0.496652633 0 0.867949367
vn -0.496652633 0 0.867949367
vn -0.496652633 0 0.867949367
vn -0.496652633 0 0.867949367
vn -0 0 -1
vn -0 0 -1
vn -0 0 -1
vn -0 0 -1
vn -0 -0.790355802 -0.612648189
vn -0 -0.790355802 -0.612648189
vn -0 -0.790355802 -0.612648189
vn -0 -0.790355802 -0.612648189
vn -0 -0.790354729 0.612649381
vn -0 -0.790354729 0.612649381
vn -0 -0.790354729 0.612649381
vn -0 -0.790354729 0.612649381
vn 0.7903561 0 -0.612647653
vn 0.7903561 0 -0.612647653
vn 0.7903561 0 -0.612647653
vn 0.7903561 0 -0.612647653
vn -0 0.790354729 0.612649381
vn -0 0.790354729 0.612649381
vn -0 0.790354729 0.612649381
vn -0 0.790354729 0.612649381
vn 0.790354669 0 0.61264956
vn 0.790354669 0 0.61264956
vn 0.790354669 0 0.61264956
vn 0.790354669 0 0.61264956
vn -0.236857116 0.971544564 0
vn -0.236857116 0.971544564 0
vn -0.236857116 0.971544564 0
vn -0.236857116 0.971544564 0
vn -0 0 -1
vn -0 0 -1
vn -0 0 -1
vn -0 0 -1
vn -0 0.79035306 -0.612651706
vn -0 0.79035306 -0.612651706
vn -0 0.79035306 -0.612651706
vn -0 0.79035306 -0.612651706
vn -1 0 0
vn -1 0 0
vn -1 0 0
vn -1 0 0
vn -0 -1 0
vn -0 -1 0
vn -0 -1 0
vn -0 -1 0
vn -0 1 0
vn -0 1 0
vn -0 1 0
vn -0 1 0
vn -0 1 0
vn -0 1 0
vn -0 1 0
vn -0 1 0
vn -0 1 0
vn -0 1 0
vn 0.00361424685 0.999993086 0.000893177872
vn -0.00701964507 0.999975443 5.34340361E-05
vn -0.00701964507 0.999975443 5.34340361E-05
vn 0.00361424685 0.999993086 0.000893177872
vn 0.00361424685 0.999993086 0.000893177872
vn -0 0 -1
vn -0 0 -1
vn -0 0 -1
vn -0 0 -1
vn -0 0 -1
vn -0 0 -1
vn 1 0 0
vn 1 0 0
vn 1 0 0
vn 1 0 0
vn 1 0 0
vn 1 0 0
vn -1 0 0
vn -1 0 0
vn -1 0 0
vn -1 0 0
vn -1 0 0
vn -0 0 -1
vn -0 0 -1
vn -0 0 -1
vn -0 0 -1
vn -0 0 -1
vn -0 0 -1
vn 1 0 0
vn 1 0 0
vn 1 0 0
vn 1 0 0
vn -0 -5.00341266E-05 1
vn -0 -5.00341266E-05 1
vn -0 -5.00341266E-05 1
vn -0 -5.00341266E-05 1
vn -0 -5.0930088E-05 1
vn -0 -5.0930088E-05 1
vn -1 0 0
vn -1 0 0
vn -1 0 0
vn -1 0 0
vn -0 1 0
vn -0 1 0
vn -0 1 0
vn -0 1 0
vn -0 1 0
vn -0 1 0
vn -0 1 0
vn -0 1 0
vn -0 1 0
vn -0 1 0
vn -0 0 1
vn -0 0 1
vn -0 0 1
vn -0 0 1
vn -0 1 0
vn -0 1 0
vn -0 1 0
vn -0 1 0
vn -0 1 0
vn -0 1 0
vn -0 1 0
vn -0 1 0
vn -0 1 0
vn 1 0 0
vn 1 0 0
vn 1 0 0
vn 1 0 0
vn -0 0 1
vn -0 0 1
vn -0 0 1
vn -0 0 1
vn -0 0 1
vn 1 0 0
vn 1 0 0
vn 1 0 0
vn 1 0 0
vn 1 0 0
vn 1 0 0
vn -0 1 0
vn -0 1 0
vn -0 1 0
vn -0 1 0
vn -1 0 0
vn -1 0 0
vn -1 0 0
vn -1 0 0
vn -1 0 0
vn -1 0 0
vn -1 0 0
vn -1 0 0
vn 1 0 0
vn 1 0 0
vn 1 0 0
vn 1 0 0
vn -0 0 -1
vn -0 0 -1
vn -0 0 -1
vn -0 0 -1
vn -0 0 -1
vn -0 0 1
vn -0 0 1
vn -0 0 1
vn -0 0 1
vn -0 0 1
vn 0.210416377 0.977611899 0
vn 0.210416377 0.977611899 0
vn 0.210416377 0.977611899 0
vn 0.210416377 0.977611899 0
vn -0.210416228 0.977611899 0
vn -0.210416228 0.977611899 0
vn -0.210416228 0.977611899 0
vn -0.210416228 0.977611899 0
vn -1 0 0
vn -1 0 0
vn -1 0 0
vn -1 0 0
vn 1 0 0
vn 1 0 0
vn 1 0 0
vn 1 0 0
vn -0 0 -1
vn -0 0 -1
vn -0 0 -1
vn -0 0 -1
vn -0 0 -1
vn 0.210416406 0.977611899 0
vn 0.210416406 0.977611899 0
vn 0.210416406 0.977611899 0
vn 0.210416406 0.977611899 0
vn -0.210416228 0.977611899 0
vn -0.210416228 0.977611899 0
vn -0.210416228 0.977611899 0
vn -0.210416228 0.977611899 0
vn 0.866132259 0 -0.499814808
vn 0.866132259 0 -0.499814808
vn 0.866132259 0 -0.499814808
vn 0.866132259 0 -0.499814808
vn -0 -0.00102375238 0.999999523
vn -0 -0.00102375238 0.999999523
vn -0 -0.00102375238 0.999999523
vn -0 -0.00102375238 0.999999523
vn -0.86613065 -0.00102650921 -0.499816567
vn -0.86613065 -0.00102650921 -0.499816567
vn -0.86613065 -0.00102650921 -0.499816567
vn -0.86613065 -0.00102650921 -0.499816567
vn 0.866131186 -0.00102689664 -0.499815643
vn 0.866131186 -0.00102689664 -0.499815643
vn 0.866131186 -0.00102689664 -0.499815643
vn 0.866131186 -0.00102689664 -0.499815643
vn -0.866132259 0 -0.499814808
vn -0.866132259 0 -0.499814808
vn -0.866132259 0 -0.499814808
vn -0.866132259 0 -0.499814808
vn -0 0 1
vn -0 0 1
vn -0 0 1
vn -0 0 1
vn -0.977633536 0 0.210315675
vn -0.977633536 0 0.210315675
vn -0.977633536 0 0.210315675
vn -0.977633536 0 0.210315675
vn -0 -0.97656703 0.215213329
vn -0 -0.97656703 0.215213329
vn -0 -0.97656703 0.215213329
vn -0 -0.97656703 0.215213329
vn 0.977633655 0 0.210315347
vn 0.977633655 0 0.210315347
vn 0.977633655 0 0.210315347
vn 0.977633655 0 0.210315347
vn -0 0.973068774 0.230515003
vn -0 0.973068774 0.230515003
vn -0 0.973068774 0.230515003
vn -0 0.973068774 0.230515003
vn -0 1 0
vn -0 1 0
vn -0 1 0
vn -0 1 0
vn -1 0 0
vn -1 0 0
vn -1 0 0
vn -1 0 0
vn -1 0 0
vn -1 0 0
vn -1 0 0
vn -1 0 0
vn -1 0 0
vn -1 0 0
vn -1 0 0
vn -1 0 0
vn -0 0 1
vn -0 0 1
vn -0 0 1
vn -0 0 1
vn -0 0 1
vn -0 0 1
vn -0 1 0
vn -0 1 0
vn -0 1 0
vn -0 1 0
vn -0 1 0
vn -0 1 0
vn -0 1 0
vn -0 1 0
vn -0 1 0
vn 1 0 0
vn 1 0 0
vn 1 0 0
vn 1 0 0
vn 1 0 0
vn 1 0 0
vn 1 0 0
vn 1 0 0
vn -0 0 1
vn -0 0 1
vn -0 0 1
vn -0 0 1
vn -0 1 0
vn -0 1 0
vn -0 1 0
vn -0 1 0
vn -0 1 0
vn -0 1 0
vn -0 1 0
vn -0 1 0
vn -0 1 0
vn -0 1 0
vn -0 0 -1
vn -0 0 -1
vn -0 0 -1
vn -0 0 -1
vn -0 0 -1
vn -0 0 -1
vn -0 0 -1
vn -0 0 -1
vn -0 0 -1
vn -0 0 -1
vn -0 0 -1
vn -0 0 -1
vn -0 0 -1
vn -0 0 -1
vn -0 0 -1
vn -0 0 -1
vn -0 -0.96163398 -0.274335682
vn -0 -0.96163398 -0.274335682
vn -0 -0.96163398 -0.274335682
vn -0 -0.96163398 -0.274335682
vn -0 0 -1
vn -0 0 -1
vn -0 0 -1
vn -0 0 -1
vn -0 0 -1
vn -0 0 -1
vn -0 -1 0
vn -0 -1 0
vn -0 -1 0
vn -0 -1 0
vn 1 0 0
vn 1 0 0
vn 1 0 0
vn 1 0 0
vn -0 1 0
vn -0 1 0
vn -0 1 0
vn -0 1 0
vn 1 0 0
vn 1 0 0
vn 1 0 0
vn 1 0 0
vn 1 0 0
vn 1 0 0
vn 1 0 0
vn 1 0 0
vn -0 1 0
vn -0 1 0
vn -0 1 0
vn -0 1 0
vn -0 1 0
vn -0 1 0
vn -0 1 0
vn -0 1 0
vn -0 1 0
vn -1 0 0
vn -1 0 0
vn -1 0 0
vn -1 0 0
vn -0 0 1
vn -0 0 1
vn -0 0 1
vn -0 0 1
vn -0 1 0
vn -0 1 0
vn -0 1 0
vn -0 1 0
vn -0 0 -1
vn -0 0 -1
vn -0 0 -1
vn -0 0 -1
vn -0 1 0
vn -0 1 0
vn -0 1 0
vn -0 1 0
vn -0 0 1
vn -0 0 1
vn -0 0 1
vn -0 0 1
vn -0 0 1
vn -0 0 1
vn -0 -0.96163398 -0.274335682
vn -0 -0.96163398 -0.274335682
vn -0 -0.96163398 -0.274335682
vn -0 -0.96163398 -0.274335682
vn -0 0 -1
vn -0 0 -1
vn -0 0 -1
vn -0 0 -1
vn -0 0 -1
vn -0 0 -1
vn -0 -1 0
vn -0 -1 0
vn -0 -1 0
vn -0 -1 0
vn -0 0 -1
vn -0 0 -1
vn -0 0 -1
vn -0 0 -1
vn -0 0 -1
vn -0 0 -1
vn -0 0 -1
vn -0 0 -1
vn -1 0 0
vn -1 0 0
vn -1 0 0
vn -1 0 0
vn -1 0 0
vn -1 0 0
vn -1 0 0
vn -1 0 0
vn -1 0 0
vn -1 0 0
vn -1 0 0
vn -1 0 0
vn 1 0 0
vn 1 0 0
vn 1 0 0
vn 1 0 0
vn 1 0 0
vn 1 0 0
vn 1 0 0
vn 1 0 0
vn 1 0 0
vn 1 0 0
vn 1 0 0
vn 1 0 0
vn -0 0.823950291 -0.566662133
vn -0 0.823950291 -0.566662133
vn -0 0.823950291 -0.566662133
vn -0.000213817431 0.823909402 -0.566721559
vn -0.000213817431 0.823909402 -0.566721559
vn -0 1 0
vn -0 1 0
vn -0 1 0
vn -0 1 0
vn -0 1 0
vn 0.000134477959 1 -0.000198384369
vn 0.000134477959 1 -0.000198384369
vn 0.000134477959 1 -0.000198384369
vn 0.000134477959 1 -0.000198384369
vn -0.000437394949 0.999999881 0
vn -0 0.845397174 0.534138262
vn -0 0.845397174 0.534138262
vn -0 0.845397174 0.534138262
vn 0.000362117979 0.844883144 0.534950912
vn 0.000362117979 0.844883144 0.534950912
vn -0 0 1
vn -0 0 1
vn -0 0 1
vn -0 0 1
vn -1 0 0
vn -1 0 0
vn -1 0 0
vn -1 0 0
vn -1 0 0
vn -0 0.844963312 0.534824371
vn -0 0.844963312 0.534824371
vn -0 0.844963312 0.534824371
vn -0 0.844963312 0.534824371
vn 1 0 0
vn 1 0 0
vn 1 0 0
vn 1 0 0
vn 0.000437394949 0.999999881 0
vn 0.000437394949 0.999999881 0
vn 0.000437394949 0.999999881 0
vn -0 1 -0.000304393616
vn -0 1 -0.000304393616
vn -0 0 1
vn -0 0 1
vn -0 0 1
vn -0 0 1
vn -0 1 0
vn -0 1 0
vn -0 1 0
vn -0 1 0
vn -0 1 0
vn -0 0.845395625 0.534140527
vn -0 0.845395625 0.534140527
vn -0 0.845395625 0.534140527
vn -0.00036151745 0.844883144 0.534950912
vn -0.00036151745 0.844883144 0.534950912
vn 1 0 0
vn 1 0 0
vn 1 0 0
vn 1 0 0
vn 1 0 0
vn -0 1 0
vn -0 1 0
vn -0 1 0
vn -0 1 0
vn -0 1 0
vn -0.000437394949 0.999999881 0
vn -0.000437394949 0.999999881 0
vn -0.000437394949 0.999999881 0
vn -0 1 -0.000304094108
vn -0 1 -0.000304094108
vn -1 0 0
vn -1 0 0
vn -1 0 0
vn -1 0 0
vn -1 0 0
vn -0.000213817329 0.823909104 -0.566721916
vn -0.000213817329 0.823909104 -0.566721916
vn -0.000213817329 0.823909104 -0.566721916
vn -0.000213817329 0.823909104 -0.566721916
vn -0 0.823948622 -0.566664577
vn -0 0 1
vn -0 0 1
vn -0 0 1
vn -0 0 1
vn 0.00036151745 0.844883144 0.534950912
vn 0.00036151745 0.844883144 0.534950912
vn 0.00036151745 0.844883144 0.534950912
vn 0.00036151745 0.844883144 0.534950912
vn -0 0.845395625 0.534140527
vn 0.000213817388 0.823909223 -0.566721678
vn 0.000213817388 0.823909223 -0.566721678
vn 0.000213817388 0.823909223 -0.566721678
vn 0.000213817388 0.823909223 -0.566721678
vn -0 0.823948622 -0.566664577
vn -0 0 1
vn -0 0 1
vn -0 0 1
vn -0 0 1
vn -0 1 0
vn -0 1 0
vn -0 1 0
vn -0 1 0
vn -0 1 0
vn 1 0 0
vn 1 0 0
vn 1 0 0
vn 1 0 0
vn 1 0 0
vn 0.000437394949 0.999999881 0
vn 0.000437394949 0.999999881 0
vn 0.000437394949 0.999999881 0
vn -0 1 -0.000304093905
vn -0 1 -0.000304093905
vn -0 1 0
vn -0 1 0
vn -0 1 0
vn -0 1 0
vn -0 1 0
vn -0.000437394949 0.999999881 0
vn -0.000437394949 0.999999881 0
vn -0.000437394949 0.999999881 0
vn -0 1 -0.00030439382
vn -0 1 -0.00030439382
vn -1 0 0
vn -1 0 0
vn -1 0 0
vn -1 0 0
vn -1 0 0
vn -0 0 1
vn -0 0 1
vn -0 0 1
vn -0 0 1
vn -0 0.844963312 0.534824371
vn -0 0.844963312 0.534824371
vn -0 0.844963312 0.534824371
vn -0 0.844963312 0.534824371
vn -1 0 0
vn -1 0 0
vn -1 0 0
vn -1 0 0
vn -0.000362117862 0.844882846 0.534951091
vn -0.000362117862 0.844882846 0.534951091
vn -0.000362117862 0.844882846 0.534951091
vn -0.000362117862 0.844882846 0.534951091
vn -0 0.845397174 0.534138262
vn 1 0 0
vn 1 0 0
vn 1 0 0
vn 1 0 0
vn 1 0 0
vn -0.000134477858 1 -0.000198384238
vn -0.000134477858 1 -0.000198384238
vn -0.000134477858 1 -0.000198384238
vn -0.000134477858 1 -0.000198384238
vn 0.000437394949 0.999999881 0
vn -0 0.823950291 -0.566662133
vn -0 0.823950291 -0.566662133
vn -0 0.823950291 -0.566662133
vn 0.000213817329 0.823909104 -0.566721916
vn 0.000213817329 0.823909104 -0.566721916
vn -0 0 1
vn -0 0 1
vn -0 0 1
vn -0 0 1
vn -0 1 0
vn -0 1 0
vn -0 1 0
vn -0 1 0
vn -0 1 0
vn -1 0 0
vn -1 0 0
vn -1 0 0
vn -1 0 0
vn -1 0 0
vn -0 0.823950291 -0.566662133
vn -0 0.823950291 -0.566662133
vn -0 0.823950291 -0.566662133
vn -0.000213817431 0.823909402 -0.566721559
vn -0.000213817431 0.823909402 -0.566721559
vn -1 0 0
vn -1 0 0
vn -1 0 0
vn -1 0 0
vn -1 0 0
vn 1 0 0
vn 1 0 0
vn 1 0 0
vn 1 0 0
vn 1 0 0
vn -0 0.823950291 -0.566662133
vn -0 0.823950291 -0.566662133
vn -0 0.823950291 -0.566662133
vn 0.000213817329 0.823909104 -0.566721916
vn 0.000213817329 0.823909104 -0.566721916
vn 1 0 0
vn 1 0 0
vn 1 0 0
vn 1 0 0
vn 1 0 0
vn -1 0 0
vn -1 0 0
vn -1 0 0
vn -1 0 0
vn 1 0 0
vn 1 0 0
vn 1 0 0
vn 1 0 0
vn -0 0 1
vn -0 0 1
vn -0 0 1
vn -0 0 1
vn -1 0 0
vn -1 0 0
vn -1 0 0
vn -1 0 0
vn -0 0 1
vn -0 0 1
vn -0 0 1
vn -0 0 1
vn -0 0 1
vn -0 0 1
vn -0 0 1
vn -0 0 1
vn -0 0 1
vn -0 0 1
vn -0 0 1
vn -0 0 1
vn 1 0 0
vn 0.999935627 -0.00783317909 0.00821072329
vn 0.999837995 0 0.0180001669
vn 0.999935627 -0.00783317909 0.00821072329
vn 0.999837995 0 0.0180005804
vn 1 0 0
vn 1 0 0
vn 0.999837995 0 0.0180005804
vn 1 0 0
vn 1 0 0
vn 1 0 0
vn 1 0 0
vn 1 0 0
vn 1 0 0
vn 1 0 0
vn 0.999809325 0.0143026756 0.0132975867
vn 1 0 0
vn 1 0 0
vn 1 0 0
vn 1 0 0
vn 1 0 0
vn 1 0 0
vn 1 0 0
vn 1 0 0
vn 1 0 0
vn 1 0 0
vn 1 0 0
vn 1 0 0
vn 1 0 0
vn 1 0 0
vn -0 1 0
vn -0 1 0
vn -0 1 0
vn -0 1 0
vn -0 1 0
vn -0 1 0
vn -0 1 0
vn -0 1 0
vn -0 1 0
vn -0 1 0
vn -0 1 0
vn -0 1 0
vn -0 1 0
vn -0 1 0
g U17_LP_0
f 3/3/3 2/2/2 1/1/1
f 6/6/6 5/5/5 4/4/4
f 9/9/9 8/8/8 7/7/7
f 12/12/12 11/11/11 10/10/10
f 15/15/15 14/14/14 13/13/13
f 18/18/18 17/17/17 16/16/16
f 21/21/21 20/20/20 19/19/19
f 20/20/20 22/22/22 19/19/19
f 19/19/19 22/22/22 23/23/23
f 26/26/26 25/25/25 24/24/24
f 27/27/27 26/26/26 24/24/24
f 30/30/30 29/29/29 28/28/28
f 29/29/29 31/31/31 28/28/28
f 28/28/28 31/31/31 32/32/32
f 33/33/33 28/28/28 32/32/32
f 36/36/36 35/35/35 34/34/34
f 37/37/37 36/36/36 34/34/34
f 40/40/40 39/39/39 38/38/38
f 41/41/41 40/40/40 38/38/38
f 44/44/44 43/43/43 42/42/42
f 45/45/45 44/44/44 42/42/42
f 46/46/46 44/44/44 45/45/45
f 47/47/47 46/46/46 45/45/45
f 48/48/48 46/46/46 47/47/47
f 49/49/49 48/48/48 47/47/47
f 50/50/50 48/48/48 49/49/49
f 51/51/51 50/50/50 49/49/49
f 52/52/52 50/50/50 51/51/51
f 53/53/53 52/52/52 51/51/51
f 54/54/54 52/52/52 53/53/53
f 55/55/55 54/54/54 53/53/53
f 56/56/56 54/54/54 55/55/55
f 57/57/57 56/56/56 55/55/55
f 58/58/58 56/56/56 57/57/57
f 59/59/59 58/58/58 57/57/57
f 60/60/60 58/58/58 59/59/59
f 61/61/61 60/60/60 59/59/59
f 64/64/64 63/63/63 62/62/62
f 65/65/65 64/64/64 62/62/62
f 66/66/66 64/64/64 65/65/65
f 67/67/67 66/66/66 65/65/65
f 68/68/68 66/66/66 67/67/67
f 69/69/69 68/68/68 67/67/67
f 70/70/70 68/68/68 69/69/69
f 71/71/71 70/70/70 69/69/69
f 72/72/72 70/70/70 71/71/71
f 73/73/73 72/72/72 71/71/71
f 74/74/74 72/72/72 73/73/73
f 75/75/75 74/74/74 73/73/73
f 76/76/76 74/74/74 75/75/75
f 77/77/77 76/76/76 75/75/75
f 78/78/78 76/76/76 77/77/77
f 79/79/79 78/78/78 77/77/77
f 80/80/80 78/78/78 79/79/79
f 81/81/81 80/80/80 79/79/79
f 84/84/84 83/83/83 82/82/82
f 82/82/82 83/83/83 85/85/85
f 83/83/83 86/86/86 85/85/85
f 89/89/89 88/88/88 87/87/87
f 90/90/90 89/89/89 87/87/87
f 93/93/93 92/92/92 91/91/91
f 94/94/94 93/93/93 91/91/91
f 97/97/97 96/96/96 95/95/95
f 98/98/98 97/97/97 95/95/95
f 101/101/101 100/100/100 99/99/99
f 102/102/102 101/101/101 99/99/99
f 105/105/105 104/104/104 103/103/103
f 106/106/106 105/105/105 103/103/103
f 109/109/109 108/108/108 107/107/107
f 110/110/110 109/109/109 107/107/107
f 111/111/111 109/109/109 110/110/110
f 112/112/112 111/111/111 110/110/110
f 113/113/113 111/111/111 112/112/112
f 114/114/114 113/113/113 112/112/112
f 115/115/115 113/113/113 114/114/114
f 116/116/116 115/115/115 114/114/114
f 117/117/117 115/115/115 116/116/116
f 118/118/118 117/117/117 116/116/116
f 117/117/117 118/118/118 119/119/119
f 120/120/120 117/117/117 119/119/119
f 120/120/120 119/119/119 121/121/121
f 122/122/122 120/120/120 121/121/121
f 122/122/122 121/121/121 123/123/123
f 124/124/124 122/122/122 123/123/123
f 124/124/124 123/123/123 125/125/125
f 126/126/126 124/124/124 125/125/125
f 129/129/129 128/128/128 127/127/127
f 130/130/130 129/129/129 127/127/127
f 133/133/133 132/132/132 131/131/131
f 134/134/134 133/133/133 131/131/131
f 137/137/137 136/136/136 135/135/135
f 138/138/138 137/137/137 135/135/135
f 141/141/141 140/140/140 139/139/139
f 142/142/142 141/141/141 139/139/139
f 145/145/145 144/144/144 143/143/143
f 146/146/146 145/145/145 143/143/143
f 149/149/149 148/148/148 147/147/147
f 150/150/150 149/149/149 147/147/147
f 153/153/153 152/152/152 151/151/151
f 154/154/154 153/153/153 151/151/151
f 157/157/157 156/156/156 155/155/155
f 158/158/158 157/157/157 155/155/155
f 161/161/161 160/160/160 159/159/159
f 162/162/162 161/161/161 159/159/159
f 165/165/165 164/164/164 163/163/163
f 166/166/166 165/165/165 163/163/163
f 169/169/169 168/168/168 167/167/167
f 170/170/170 169/169/169 167/167/167
f 173/173/173 172/172/172 171/171/171
f 174/174/174 173/173/173 171/171/171
f 177/177/177 176/176/176 175/175/175
f 178/178/178 177/177/177 175/175/175
f 181/181/181 180/180/180 179/179/179
f 182/182/182 181/181/181 179/179/179
f 185/185/185 184/184/184 183/183/183
f 186/186/186 185/185/185 183/183/183
f 189/189/189 188/188/188 187/187/187
f 190/190/190 189/189/189 187/187/187
f 193/193/193 192/192/192 191/191/191
f 194/194/194 193/193/193 191/191/191
f 197/197/197 196/196/196 195/195/195
f 198/198/198 197/197/197 195/195/195
f 201/201/201 200/200/200 199/199/199
f 202/202/202 201/201/201 199/199/199
f 205/205/205 204/204/204 203/203/203
f 206/206/206 205/205/205 203/203/203
f 209/209/209 208/208/208 207/207/207
f 210/210/210 209/209/209 207/207/207
f 213/213/213 212/212/212 211/211/211
f 214/214/214 213/213/213 211/211/211
f 217/217/217 216/216/216 215/215/215
f 218/218/218 217/217/217 215/215/215
f 221/221/221 220/220/220 219/219/219
f 222/222/222 221/221/221 219/219/219
f 225/225/225 224/224/224 223/223/223
f 226/226/226 225/225/225 223/223/223
f 229/229/229 228/228/228 227/227/227
f 230/230/230 229/229/229 227/227/227
f 233/233/233 232/232/232 231/231/231
f 234/234/234 233/233/233 231/231/231
f 237/237/237 236/236/236 235/235/235
f 238/238/238 237/237/237 235/235/235
f 241/241/241 240/240/240 239/239/239
f 242/242/242 241/241/241 239/239/239
f 245/245/245 244/244/244 243/243/243
f 246/246/246 245/245/245 243/243/243
f 249/249/249 248/248/248 247/247/247
f 250/250/250 249/249/249 247/247/247
f 253/253/253 252/252/252 251/251/251
f 254/254/254 253/253/253 251/251/251
f 257/257/257 256/256/256 255/255/255
f 258/258/258 257/257/257 255/255/255
f 261/261/261 260/260/260 259/259/259
f 262/262/262 261/261/261 259/259/259
f 265/265/265 264/264/264 263/263/263
f 266/266/266 265/265/265 263/263/263
f 269/269/269 268/268/268 267/267/267
f 270/270/270 269/269/269 267/267/267
f 273/273/273 272/272/272 271/271/271
f 274/274/274 273/273/273 271/271/271
f 277/277/277 276/276/276 275/275/275
f 278/278/278 277/277/277 275/275/275
f 281/281/281 280/280/280 279/279/279
f 282/282/282 281/281/281 279/279/279
f 285/285/285 284/284/284 283/283/283
f 286/286/286 285/285/285 283/283/283
f 289/289/289 288/288/288 287/287/287
f 290/290/290 289/289/289 287/287/287
f 293/293/293 292/292/292 291/291/291
f 294/294/294 293/293/293 291/291/291
f 297/297/297 296/296/296 295/295/295
f 298/298/298 297/297/297 295/295/295
f 301/301/301 300/300/300 299/299/299
f 302/302/302 301/301/301 299/299/299
f 305/305/305 304/304/304 303/303/303
f 306/306/306 305/305/305 303/303/303
f 309/309/309 308/308/308 307/307/307
f 310/310/310 309/309/309 307/307/307
f 313/313/313 312/312/312 311/311/311
f 314/314/314 313/313/313 311/311/311
f 317/317/317 316/316/316 315/315/315
f 318/318/318 317/317/317 315/315/315
f 321/321/321 320/320/320 319/319/319
f 322/322/322 321/321/321 319/319/319
f 325/325/325 324/324/324 323/323/323
f 326/326/326 325/325/325 323/323/323
f 329/329/329 328/328/328 327/327/327
f 330/330/330 329/329/329 327/327/327
f 333/333/333 332/332/332 331/331/331
f 334/334/334 333/333/333 331/331/331
f 337/337/337 336/336/336 335/335/335
f 338/338/338 337/337/337 335/335/335
f 341/341/341 340/340/340 339/339/339
f 342/342/342 341/341/341 339/339/339
f 345/345/345 344/344/344 343/343/343
f 346/346/346 345/345/345 343/343/343
f 349/349/349 348/348/348 347/347/347
f 350/350/350 349/349/349 347/347/347
f 353/353/353 352/352/352 351/351/351
f 354/354/354 353/353/353 351/351/351
f 357/357/357 356/356/356 355/355/355
f 358/358/358 357/357/357 355/355/355
f 361/361/361 360/360/360 359/359/359
f 362/362/362 361/361/361 359/359/359
f 365/365/365 364/364/364 363/363/363
f 366/366/366 365/365/365 363/363/363
f 369/369/369 368/368/368 367/367/367
f 370/370/370 369/369/369 367/367/367
f 373/373/373 372/372/372 371/371/371
f 374/374/374 373/373/373 371/371/371
f 377/377/377 376/376/376 375/375/375
f 378/378/378 377/377/377 375/375/375
f 381/381/381 380/380/380 379/379/379
f 382/382/382 381/381/381 379/379/379
f 385/385/385 384/384/384 383/383/383
f 386/386/386 385/385/385 383/383/383
f 389/389/389 388/388/388 387/387/387
f 390/390/390 389/389/389 387/387/387
f 393/393/393 392/392/392 391/391/391
f 394/394/394 393/393/393 391/391/391
f 397/397/397 396/396/396 395/395/395
f 398/398/398 397/397/397 395/395/395
f 401/401/401 400/400/400 399/399/399
f 402/402/402 401/401/401 399/399/399
f 402/402/402 399/399/399 403/403/403
f 399/399/399 404/404/404 403/403/403
f 407/407/407 406/406/406 405/405/405
f 408/408/408 407/407/407 405/405/405
f 411/411/411 410/410/410 409/409/409
f 412/412/412 411/411/411 409/409/409
f 415/415/415 414/414/414 413/413/413
f 414/414/414 416/416/416 413/413/413
f 414/414/414 417/417/417 416/416/416
f 417/417/417 418/418/418 416/416/416
f 417/417/417 419/419/419 418/418/418
f 419/419/419 420/420/420 418/418/418
f 419/419/419 421/421/421 420/420/420
f 421/421/421 422/422/422 420/420/420
f 421/421/421 423/423/423 422/422/422
f 423/423/423 424/424/424 422/422/422
f 427/427/427 426/426/426 425/425/425
f 426/426/426 428/428/428 425/425/425
f 426/426/426 429/429/429 428/428/428
f 429/429/429 430/430/430 428/428/428
f 429/429/429 431/431/431 430/430/430
f 431/431/431 432/432/432 430/430/430
f 431/431/431 433/433/433 432/432/432
f 433/433/433 434/434/434 432/432/432
f 433/433/433 435/435/435 434/434/434
f 435/435/435 436/436/436 434/434/434
f 439/439/439 438/438/438 437/437/437
f 438/438/438 440/440/440 437/437/437
f 440/440/440 438/438/438 441/441/441
f 438/438/438 442/442/442 441/441/441
f 442/442/442 443/443/443 441/441/441
f 443/443/443 442/442/442 444/444/444
f 442/442/442 445/445/445 444/444/444
f 444/444/444 445/445/445 446/446/446
f 447/447/447 444/444/444 446/446/446
f 450/450/450 449/449/449 448/448/448
f 451/451/451 450/450/450 448/448/448
f 454/454/454 453/453/453 452/452/452
f 455/455/455 454/454/454 452/452/452
f 458/458/458 457/457/457 456/456/456
f 459/459/459 458/458/458 456/456/456
f 462/462/462 461/461/461 460/460/460
f 463/463/463 462/462/462 460/460/460
f 466/466/466 465/465/465 464/464/464
f 467/467/467 466/466/466 464/464/464
f 470/470/470 469/469/469 468/468/468
f 471/471/471 470/470/470 468/468/468
f 474/474/474 473/473/473 472/472/472
f 475/475/475 474/474/474 472/472/472
f 478/478/478 477/477/477 476/476/476
f 479/479/479 478/478/478 476/476/476
f 482/482/482 481/481/481 480/480/480
f 483/483/483 482/482/482 480/480/480
f 486/486/486 485/485/485 484/484/484
f 487/487/487 486/486/486 484/484/484
f 490/490/490 489/489/489 488/488/488
f 491/491/491 490/490/490 488/488/488
f 494/494/494 493/493/493 492/492/492
f 495/495/495 494/494/494 492/492/492
f 498/498/498 497/497/497 496/496/496
f 499/499/499 498/498/498 496/496/496
f 502/502/502 501/501/501 500/500/500
f 503/503/503 502/502/502 500/500/500
f 506/506/506 505/505/505 504/504/504
f 507/507/507 506/506/506 504/504/504
f 510/510/510 509/509/509 508/508/508
f 511/511/511 510/510/510 508/508/508
f 514/514/514 513/513/513 512/512/512
f 515/515/515 514/514/514 512/512/512
f 518/518/518 517/517/517 516/516/516
f 519/519/519 518/518/518 516/516/516
f 522/522/522 521/521/521 520/520/520
f 523/523/523 522/522/522 520/520/520
f 526/526/526 525/525/525 524/524/524
f 527/527/527 526/526/526 524/524/524
f 530/530/530 529/529/529 528/528/528
f 531/531/531 530/530/530 528/528/528
f 534/534/534 533/533/533 532/532/532
f 535/535/535 534/534/534 532/532/532
f 538/538/538 537/537/537 536/536/536
f 539/539/539 538/538/538 536/536/536
f 542/542/542 541/541/541 540/540/540
f 543/543/543 542/542/542 540/540/540
f 546/546/546 545/545/545 544/544/544
f 547/547/547 546/546/546 544/544/544
f 550/550/550 549/549/549 548/548/548
f 551/551/551 550/550/550 548/548/548
f 554/554/554 553/553/553 552/552/552
f 555/555/555 554/554/554 552/552/552
f 558/558/558 557/557/557 556/556/556
f 559/559/559 558/558/558 556/556/556
f 562/562/562 561/561/561 560/560/560
f 563/563/563 562/562/562 560/560/560
f 566/566/566 565/565/565 564/564/564
f 567/567/567 566/566/566 564/564/564
f 570/570/570 569/569/569 568/568/568
f 571/571/571 570/570/570 568/568/568
f 574/574/574 573/573/573 572/572/572
f 575/575/575 574/574/574 572/572/572
f 578/578/578 577/577/577 576/576/576
f 579/579/579 578/578/578 576/576/576
f 582/582/582 581/581/581 580/580/580
f 583/583/583 582/582/582 580/580/580
f 586/586/586 585/585/585 584/584/584
f 587/587/587 586/586/586 584/584/584
f 590/590/590 589/589/589 588/588/588
f 591/591/591 590/590/590 588/588/588
f 594/594/594 593/593/593 592/592/592
f 595/595/595 594/594/594 592/592/592
f 598/598/598 597/597/597 596/596/596
f 599/599/599 598/598/598 596/596/596
f 602/602/602 601/601/601 600/600/600
f 603/603/603 602/602/602 600/600/600
f 606/606/606 605/605/605 604/604/604
f 607/607/607 606/606/606 604/604/604
f 610/610/610 609/609/609 608/608/608
f 611/611/611 610/610/610 608/608/608
f 614/614/614 613/613/613 612/612/612
f 615/615/615 614/614/614 612/612/612
f 618/618/618 617/617/617 616/616/616
f 619/619/619 618/618/618 616/616/616
f 622/622/622 621/621/621 620/620/620
f 623/623/623 622/622/622 620/620/620
f 626/626/626 625/625/625 624/624/624
f 627/627/627 626/626/626 624/624/624
f 630/630/630 629/629/629 628/628/628
f 631/631/631 630/630/630 628/628/628
f 634/634/634 633/633/633 632/632/632
f 635/635/635 634/634/634 632/632/632
f 638/638/638 637/637/637 636/636/636
f 639/639/639 638/638/638 636/636/636
f 642/642/642 641/641/641 640/640/640
f 643/643/643 642/642/642 640/640/640
f 646/646/646 645/645/645 644/644/644
f 647/647/647 646/646/646 644/644/644
f 650/650/650 649/649/649 648/648/648
f 651/651/651 650/650/650 648/648/648
f 654/654/654 653/653/653 652/652/652
f 655/655/655 654/654/654 652/652/652
f 658/658/658 657/657/657 656/656/656
f 659/659/659 658/658/658 656/656/656
f 662/662/662 661/661/661 660/660/660
f 663/663/663 662/662/662 660/660/660
f 666/666/666 665/665/665 664/664/664
f 667/667/667 666/666/666 664/664/664
f 670/670/670 669/669/669 668/668/668
f 671/671/671 670/670/670 668/668/668
f 674/674/674 673/673/673 672/672/672
f 675/675/675 674/674/674 672/672/672
f 678/678/678 677/677/677 676/676/676
f 679/679/679 678/678/678 676/676/676
f 682/682/682 681/681/681 680/680/680
f 683/683/683 682/682/682 680/680/680
f 686/686/686 685/685/685 684/684/684
f 687/687/687 686/686/686 684/684/684
f 690/690/690 689/689/689 688/688/688
f 691/691/691 690/690/690 688/688/688
f 694/694/694 693/693/693 692/692/692
f 695/695/695 694/694/694 692/692/692
f 698/698/698 697/697/697 696/696/696
f 699/699/699 698/698/698 696/696/696
f 702/702/702 701/701/701 700/700/700
f 703/703/703 702/702/702 700/700/700
f 706/706/706 705/705/705 704/704/704
f 707/707/707 706/706/706 704/704/704
f 710/710/710 709/709/709 708/708/708
f 711/711/711 710/710/710 708/708/708
f 714/714/714 713/713/713 712/712/712
f 715/715/715 714/714/714 712/712/712
f 718/718/718 717/717/717 716/716/716
f 719/719/719 718/718/718 716/716/716
f 722/722/722 721/721/721 720/720/720
f 723/723/723 722/722/722 720/720/720
f 726/726/726 725/725/725 724/724/724
f 727/727/727 726/726/726 724/724/724
f 730/730/730 729/729/729 728/728/728
f 729/729/729 731/731/731 728/728/728
f 728/728/728 731/731/731 732/732/732
f 733/733/733 728/728/728 732/732/732
f 734/734/734 733/733/733 732/732/732
f 732/732/732 731/731/731 735/735/735
f 736/736/736 733/733/733 734/734/734
f 731/731/731 737/737/737 735/735/735
f 738/738/738 736/736/736 734/734/734
f 737/737/737 739/739/739 735/735/735
f 739/739/739 740/740/740 735/735/735
f 739/739/739 737/737/737 741/741/741
f 741/741/741 737/737/737 742/742/742
f 737/737/737 743/743/743 742/742/742
f 743/743/743 744/744/744 742/742/742
f 744/744/744 743/743/743 738/738/738
f 744/744/744 745/745/745 742/742/742
f 743/743/743 746/746/746 738/738/738
f 746/746/746 736/736/736 738/738/738
f 746/746/746 747/747/747 736/736/736
f 747/747/747 748/748/748 736/736/736
f 747/747/747 750/750/750 749/749/749
f 750/750/750 751/751/751 749/749/749
f 754/754/754 753/753/753 752/752/752
f 755/755/755 754/754/754 752/752/752
f 758/758/758 757/757/757 756/756/756
f 759/759/759 758/758/758 756/756/756
f 762/762/762 761/761/761 760/760/760
f 763/763/763 762/762/762 760/760/760
f 766/766/766 765/765/765 764/764/764
f 765/765/765 729/729/729 764/764/764
f 769/769/769 768/768/768 767/767/767
f 770/770/770 769/769/769 767/767/767
f 773/773/773 772/772/772 771/771/771
f 772/772/772 774/774/774 771/771/771
f 776/776/776 774/774/774 775/775/775
f 774/774/774 777/777/777 775/775/775
f 774/774/774 778/778/778 777/777/777
f 778/778/778 779/779/779 777/777/777
f 778/778/778 780/780/780 779/779/779
f 780/780/780 778/778/778 781/781/781
f 778/778/778 782/782/782 781/781/781
f 781/781/781 782/782/782 783/783/783
f 782/782/782 784/784/784 783/783/783
f 785/785/785 784/784/784 782/782/782
f 786/786/786 785/785/785 782/782/782
f 789/789/789 788/788/788 787/787/787
f 790/790/790 789/789/789 787/787/787
f 793/793/793 792/792/792 791/791/791
f 794/794/794 793/793/793 791/791/791
f 797/797/797 796/796/796 795/795/795
f 798/798/798 797/797/797 795/795/795
f 801/801/801 800/800/800 799/799/799
f 802/802/802 801/801/801 799/799/799
f 805/805/805 804/804/804 803/803/803
f 806/806/806 805/805/805 803/803/803
f 809/809/809 808/808/808 807/807/807
f 810/810/810 809/809/809 807/807/807
f 813/813/813 812/812/812 811/811/811
f 814/814/814 813/813/813 811/811/811
f 817/817/817 816/816/816 815/815/815
f 818/818/818 817/817/817 815/815/815
f 821/821/821 820/820/820 819/819/819
f 822/822/822 821/821/821 819/819/819
f 825/825/825 824/824/824 823/823/823
f 826/826/826 825/825/825 823/823/823
f 829/829/829 828/828/828 827/827/827
f 830/830/830 829/829/829 827/827/827
f 833/833/833 832/832/832 831/831/831
f 834/834/834 833/833/833 831/831/831
f 837/837/837 836/836/836 835/835/835
f 838/838/838 837/837/837 835/835/835
f 841/841/841 840/840/840 839/839/839
f 842/842/842 841/841/841 839/839/839
f 845/845/845 844/844/844 843/843/843
f 846/846/846 845/845/845 843/843/843
f 849/849/849 848/848/848 847/847/847
f 850/850/850 849/849/849 847/847/847
f 853/853/853 852/852/852 851/851/851
f 854/854/854 853/853/853 851/851/851
f 857/857/857 856/856/856 855/855/855
f 858/858/858 857/857/857 855/855/855
f 861/861/861 860/860/860 859/859/859
f 862/862/862 861/861/861 859/859/859
f 865/865/865 864/864/864 863/863/863
f 866/866/866 865/865/865 863/863/863
f 869/869/869 868/868/868 867/867/867
f 870/870/870 869/869/869 867/867/867
f 873/873/873 872/872/872 871/871/871
f 874/874/874 873/873/873 871/871/871
f 877/877/877 876/876/876 875/875/875
f 878/878/878 877/877/877 875/875/875
f 881/881/881 880/880/880 879/879/879
f 882/882/882 881/881/881 879/879/879
f 885/885/885 884/884/884 883/883/883
f 886/886/886 885/885/885 883/883/883
f 889/889/889 888/888/888 887/887/887
f 890/890/890 889/889/889 887/887/887
f 893/893/893 892/892/892 891/891/891
f 894/894/894 893/893/893 891/891/891
f 897/897/897 896/896/896 895/895/895
f 898/898/898 897/897/897 895/895/895
f 901/901/901 900/900/900 899/899/899
f 902/902/902 901/901/901 899/899/899
f 905/905/905 904/904/904 903/903/903
f 906/906/906 905/905/905 903/903/903
f 909/909/909 908/908/908 907/907/907
f 910/910/910 909/909/909 907/907/907
f 913/913/913 912/912/912 911/911/911
f 914/914/914 913/913/913 911/911/911
f 917/917/917 916/916/916 915/915/915
f 918/918/918 917/917/917 915/915/915
f 915/915/915 919/919/919 918/918/918
f 919/919/919 920/920/920 918/918/918
f 919/919/919 921/921/921 920/920/920
f 921/921/921 922/922/922 920/920/920
f 922/922/922 921/921/921 923/923/923
f 921/921/921 924/924/924 923/923/923
f 923/923/923 924/924/924 925/925/925
f 924/924/924 926/926/926 925/925/925
f 929/929/929 928/928/928 927/927/927
f 928/928/928 930/930/930 927/927/927
f 931/931/931 927/927/927 930/930/930
f 934/934/934 933/933/933 932/932/932
f 935/935/935 934/934/934 932/932/932
f 938/938/938 937/937/937 936/936/936
f 939/939/939 938/938/938 936/936/936
f 942/942/942 941/941/941 940/940/940
f 941/941/941 943/943/943 940/940/940
f 943/943/943 944/944/944 940/940/940
f 944/944/944 945/945/945 940/940/940
f 944/944/944 943/943/943 945/945/945
f 945/945/945 946/946/946 940/940/940
f 943/943/943 947/947/947 945/945/945
f 945/945/945 948/948/948 946/946/946
f 948/948/948 949/949/949 946/946/946
f 948/948/948 950/950/950 949/949/949
f 949/949/949 950/950/950 951/951/951
f 950/950/950 952/952/952 951/951/951
f 952/952/952 953/953/953 951/951/951
f 951/951/951 953/953/953 954/954/954
f 953/953/953 955/955/955 954/954/954
f 945/945/945 947/947/947 956/956/956
f 945/945/945 956/956/956 957/957/957
f 947/947/947 958/958/958 956/956/956
f 956/956/956 959/959/959 957/957/957
f 958/958/958 960/960/960 956/956/956
f 957/957/957 959/959/959 961/961/961
f 958/958/958 962/962/962 960/960/960
f 959/959/959 963/963/963 961/961/961
f 961/961/961 963/963/963 964/964/964
f 959/959/959 965/965/965 963/963/963
f 962/962/962 966/966/966 960/960/960
f 960/960/960 966/966/966 965/965/965
f 962/962/962 967/967/967 966/966/966
f 967/967/967 968/968/968 966/966/966
f 968/968/968 967/967/967 969/969/969
f 967/967/967 970/970/970 969/969/969
f 969/969/969 970/970/970 971/971/971
f 966/966/966 972/972/972 965/965/965
f 963/963/963 973/973/973 964/964/964
f 965/965/965 974/974/974 963/963/963
f 965/965/965 972/972/972 974/974/974
f 964/964/964 973/973/973 953/953/953
f 972/972/972 975/975/975 974/974/974
f 974/974/974 975/975/975 976/976/976
f 975/975/975 977/977/977 976/976/976
f 973/973/973 978/978/978 953/953/953
f 973/973/973 976/976/976 978/978/978
f 953/953/953 978/978/978 955/955/955
f 976/976/976 979/979/979 978/978/978
f 976/976/976 977/977/977 979/979/979
f 978/978/978 980/980/980 955/955/955
f 980/980/980 981/981/981 955/955/955
f 977/977/977 982/982/982 979/979/979
f 979/979/979 982/982/982 981/981/981
f 977/977/977 983/983/983 982/982/982
f 981/981/981 984/984/984 955/955/955
f 982/982/982 984/984/984 981/981/981
f 984/984/984 985/985/985 955/955/955
f 984/984/984 986/986/986 985/985/985
f 987/987/987 985/985/985 986/986/986
f 983/983/983 988/988/988 982/982/982
f 988/988/988 987/987/987 986/986/986
f 983/983/983 987/987/987 988/988/988
f 983/983/983 989/989/989 987/987/987
f 989/989/989 970/970/970 987/987/987
f 991/991/991 989/989/989 990/990/990
f 972/972/972 991/991/991 990/990/990
f 994/994/994 993/993/993 992/992/992
f 993/993/993 995/995/995 992/992/992
f 995/995/995 996/996/996 992/992/992
f 996/996/996 997/997/997 992/992/992
f 996/996/996 998/998/998 997/997/997
f 998/998/998 999/999/999 997/997/997
f 999/999/999 998/998/998 1000/1000/1000
f 998/998/998 1001/1001/1001 1000/1000/1000
f 1000/1000/1000 1001/1001/1001 1002/1002/1002
f 1001/1001/1001 1003/1003/1003 1002/1002/1002
f 1006/1006/1006 1005/1005/1005 1004/1004/1004
f 1005/1005/1005 1007/1007/1007 1004/1004/1004
f 1007/1007/1007 1008/1008/1008 1004/1004/1004
f 1008/1008/1008 1009/1009/1009 1004/1004/1004
f 1008/1008/1008 1010/1010/1010 1009/1009/1009
f 1010/1010/1010 1011/1011/1011 1009/1009/1009
f 1011/1011/1011 1010/1010/1010 1012/1012/1012
f 1010/1010/1010 1013/1013/1013 1012/1012/1012
f 1012/1012/1012 1013/1013/1013 1014/1014/1014
f 1013/1013/1013 1015/1015/1015 1014/1014/1014
f 1018/1018/1018 1017/1017/1017 1016/1016/1016
f 1019/1019/1019 1018/1018/1018 1016/1016/1016
f 1022/1022/1022 1021/1021/1021 1020/1020/1020
f 1023/1023/1023 1022/1022/1022 1020/1020/1020
f 1026/1026/1026 1025/1025/1025 1024/1024/1024
f 1027/1027/1027 1026/1026/1026 1024/1024/1024
f 1030/1030/1030 1029/1029/1029 1028/1028/1028
f 1031/1031/1031 1030/1030/1030 1028/1028/1028
f 1031/1031/1031 1028/1028/1028 1032/1032/1032
f 1033/1033/1033 1031/1031/1031 1032/1032/1032
f 1033/1033/1033 1032/1032/1032 1034/1034/1034
f 1035/1035/1035 1030/1030/1030 1031/1031/1031
f 1035/1035/1035 1036/1036/1036 1030/1030/1030
f 1037/1037/1037 1030/1030/1030 1036/1036/1036
f 1038/1038/1038 1037/1037/1037 1036/1036/1036
f 1037/1037/1037 1038/1038/1038 1039/1039/1039
f 1040/1040/1040 1037/1037/1037 1039/1039/1039
f 1041/1041/1041 1035/1035/1035 1031/1031/1031
f 1039/1039/1039 1035/1035/1035 1041/1041/1041
f 1041/1041/1041 1031/1031/1031 1033/1033/1033
f 1040/1040/1040 1039/1039/1039 1042/1042/1042
f 1042/1042/1042 1039/1039/1039 1041/1041/1041
f 1043/1043/1043 1040/1040/1040 1042/1042/1042
f 1043/1043/1043 1042/1042/1042 1044/1044/1044
f 1045/1045/1045 1041/1041/1041 1033/1033/1033
f 1046/1046/1046 1043/1043/1043 1044/1044/1044
f 1047/1047/1047 1045/1045/1045 1033/1033/1033
f 1044/1044/1044 1045/1045/1045 1047/1047/1047
f 1046/1046/1046 1044/1044/1044 1048/1048/1048
f 1048/1048/1048 1044/1044/1044 1047/1047/1047
f 1049/1049/1049 1046/1046/1046 1048/1048/1048
f 1049/1049/1049 1048/1048/1048 1050/1050/1050
f 1051/1051/1051 1049/1049/1049 1050/1050/1050
f 1047/1047/1047 1033/1033/1033 1052/1052/1052
f 1053/1053/1053 1047/1047/1047 1052/1052/1052
f 1052/1052/1052 1033/1033/1033 1034/1034/1034
f 1051/1051/1051 1050/1050/1050 1054/1054/1054
f 1055/1055/1055 1051/1051/1051 1054/1054/1054
f 1050/1050/1050 1053/1053/1053 1056/1056/1056
f 1054/1054/1054 1050/1050/1050 1056/1056/1056
f 1056/1056/1056 1053/1053/1053 1052/1052/1052
f 1055/1055/1055 1054/1054/1054 1057/1057/1057
f 1058/1058/1058 1055/1055/1055 1057/1057/1057
f 1052/1052/1052 1034/1034/1034 1059/1059/1059
f 1056/1056/1056 1052/1052/1052 1059/1059/1059
f 1034/1034/1034 1060/1060/1060 1059/1059/1059
f 1061/1061/1061 1056/1056/1056 1059/1059/1059
f 1058/1058/1058 1057/1057/1057 1062/1062/1062
f 1063/1063/1063 1058/1058/1058 1062/1062/1062
f 1057/1057/1057 1061/1061/1061 1064/1064/1064
f 1062/1062/1062 1057/1057/1057 1064/1064/1064
f 1064/1064/1064 1061/1061/1061 1059/1059/1059
f 1063/1063/1063 1062/1062/1062 1065/1065/1065
f 1066/1066/1066 1063/1063/1063 1065/1065/1065
f 1066/1066/1066 1065/1065/1065 1067/1067/1067
f 1059/1059/1059 1060/1060/1060 1067/1067/1067
f 1064/1064/1064 1059/1059/1059 1067/1067/1067
f 1060/1060/1060 1068/1068/1068 1067/1067/1067
f 1065/1065/1065 1069/1069/1069 1067/1067/1067
f 1069/1069/1069 1064/1064/1064 1067/1067/1067
f 1072/1072/1072 1071/1071/1071 1070/1070/1070
f 1073/1073/1073 1072/1072/1072 1070/1070/1070
f 1076/1076/1076 1075/1075/1075 1074/1074/1074
f 1077/1077/1077 1076/1076/1076 1074/1074/1074
f 1080/1080/1080 1079/1079/1079 1078/1078/1078
f 1081/1081/1081 1080/1080/1080 1078/1078/1078
f 1084/1084/1084 1083/1083/1083 1082/1082/1082
f 1085/1085/1085 1084/1084/1084 1082/1082/1082
f 1088/1088/1088 1087/1087/1087 1086/1086/1086
f 1089/1089/1089 1088/1088/1088 1086/1086/1086
f 1092/1092/1092 1091/1091/1091 1090/1090/1090
f 1093/1093/1093 1092/1092/1092 1090/1090/1090
f 1096/1096/1096 1095/1095/1095 1094/1094/1094
f 1097/1097/1097 1096/1096/1096 1094/1094/1094
f 1100/1100/1100 1099/1099/1099 1098/1098/1098
f 1101/1101/1101 1100/1100/1100 1098/1098/1098
f 1104/1104/1104 1103/1103/1103 1102/1102/1102
f 1105/1105/1105 1104/1104/1104 1102/1102/1102
f 1108/1108/1108 1107/1107/1107 1106/1106/1106
f 1109/1109/1109 1108/1108/1108 1106/1106/1106
f 1112/1112/1112 1111/1111/1111 1110/1110/1110
f 1113/1113/1113 1112/1112/1112 1110/1110/1110
f 1116/1116/1116 1115/1115/1115 1114/1114/1114
f 1117/1117/1117 1116/1116/1116 1114/1114/1114
f 1120/1120/1120 1119/1119/1119 1118/1118/1118
f 1121/1121/1121 1120/1120/1120 1118/1118/1118
f 1124/1124/1124 1123/1123/1123 1122/1122/1122
f 1125/1125/1125 1124/1124/1124 1122/1122/1122
f 1125/1125/1125 1122/1122/1122 1126/1126/1126
f 1122/1122/1122 1127/1127/1127 1126/1126/1126
f 1130/1130/1130 1129/1129/1129 1128/1128/1128
f 1131/1131/1131 1130/1130/1130 1128/1128/1128
f 1132/1132/1132 1130/1130/1130 1131/1131/1131
f 1133/1133/1133 1132/1132/1132 1131/1131/1131
f 1134/1134/1134 1132/1132/1132 1133/1133/1133
f 1135/1135/1135 1134/1134/1134 1133/1133/1133
f 1136/1136/1136 1134/1134/1134 1135/1135/1135
f 1137/1137/1137 1136/1136/1136 1135/1135/1135
f 1140/1140/1140 1139/1139/1139 1138/1138/1138
f 1141/1141/1141 1140/1140/1140 1138/1138/1138
f 1142/1142/1142 1140/1140/1140 1141/1141/1141
f 1143/1143/1143 1142/1142/1142 1141/1141/1141
f 1144/1144/1144 1142/1142/1142 1143/1143/1143
f 1145/1145/1145 1144/1144/1144 1143/1143/1143
f 1146/1146/1146 1144/1144/1144 1145/1145/1145
f 1147/1147/1147 1146/1146/1146 1145/1145/1145
f 1150/1150/1150 1149/1149/1149 1148/1148/1148
f 1151/1151/1151 1150/1150/1150 1148/1148/1148
f 1150/1150/1150 1151/1151/1151 1152/1152/1152
f 1153/1153/1153 1150/1150/1150 1152/1152/1152
f 1152/1152/1152 1151/1151/1151 1154/1154/1154
f 1155/1155/1155 1153/1153/1153 1152/1152/1152
f 1156/1156/1156 1153/1153/1153 1155/1155/1155
f 1157/1157/1157 1152/1152/1152 1154/1154/1154
f 1155/1155/1155 1158/1158/1158 1156/1156/1156
f 1159/1159/1159 1157/1157/1157 1154/1154/1154
f 1159/1159/1159 1154/1154/1154 1160/1160/1160
f 1161/1161/1161 1157/1157/1157 1159/1159/1159
f 1162/1162/1162 1159/1159/1159 1160/1160/1160
f 1163/1163/1163 1161/1161/1161 1159/1159/1159
f 1164/1164/1164 1162/1162/1162 1160/1160/1160
f 1164/1164/1164 1160/1160/1160 1165/1165/1165
f 1166/1166/1166 1162/1162/1162 1164/1164/1164
f 1167/1167/1167 1164/1164/1164 1165/1165/1165
f 1168/1168/1168 1167/1167/1167 1165/1165/1165
f 1169/1169/1169 1166/1166/1166 1164/1164/1164
f 1170/1170/1170 1155/1155/1155 1161/1161/1161
f 1155/1155/1155 1170/1170/1170 1158/1158/1158
f 1171/1171/1171 1158/1158/1158 1170/1170/1170
f 1172/1172/1172 1170/1170/1170 1161/1161/1161
f 1172/1172/1172 1161/1161/1161 1163/1163/1163
f 1158/1158/1158 1171/1171/1171 1173/1173/1173
f 1174/1174/1174 1158/1158/1158 1173/1173/1173
f 1175/1175/1175 1172/1172/1172 1163/1163/1163
f 1175/1175/1175 1163/1163/1163 1166/1166/1166
f 1173/1173/1173 1172/1172/1172 1175/1175/1175
f 1176/1176/1176 1173/1173/1173 1175/1175/1175
f 1174/1174/1174 1173/1173/1173 1176/1176/1176
f 1177/1177/1177 1175/1175/1175 1166/1166/1166
f 1177/1177/1177 1166/1166/1166 1169/1169/1169
f 1174/1174/1174 1176/1176/1176 1178/1178/1178
f 1179/1179/1179 1174/1174/1174 1178/1178/1178
f 1180/1180/1180 1177/1177/1177 1169/1169/1169
f 1178/1178/1178 1177/1177/1177 1180/1180/1180
f 1180/1180/1180 1169/1169/1169 1168/1168/1168
f 1181/1181/1181 1178/1178/1178 1180/1180/1180
f 1179/1179/1179 1178/1178/1178 1181/1181/1181
f 1179/1179/1179 1181/1181/1181 1182/1182/1182
f 1183/1183/1183 1179/1179/1179 1182/1182/1182
f 1184/1184/1184 1180/1180/1180 1168/1168/1168
f 1182/1182/1182 1184/1184/1184 1183/1183/1183
f 1184/1184/1184 1168/1168/1168 1165/1165/1165
f 1183/1183/1183 1184/1184/1184 1165/1165/1165
f 1187/1187/1187 1186/1186/1186 1185/1185/1185
f 1188/1188/1188 1187/1187/1187 1185/1185/1185
f 1191/1191/1191 1190/1190/1190 1189/1189/1189
f 1192/1192/1192 1191/1191/1191 1189/1189/1189
f 1195/1195/1195 1194/1194/1194 1193/1193/1193
f 1196/1196/1196 1195/1195/1195 1193/1193/1193
f 1199/1199/1199 1198/1198/1198 1197/1197/1197
f 1200/1200/1200 1199/1199/1199 1197/1197/1197
f 1203/1203/1203 1202/1202/1202 1201/1201/1201
f 1204/1204/1204 1203/1203/1203 1201/1201/1201
f 1207/1207/1207 1206/1206/1206 1205/1205/1205
f 1208/1208/1208 1207/1207/1207 1205/1205/1205
f 1211/1211/1211 1210/1210/1210 1209/1209/1209
f 1212/1212/1212 1211/1211/1211 1209/1209/1209
f 1215/1215/1215 1214/1214/1214 1213/1213/1213
f 1216/1216/1216 1215/1215/1215 1213/1213/1213
f 1219/1219/1219 1218/1218/1218 1217/1217/1217
f 1220/1220/1220 1219/1219/1219 1217/1217/1217
f 1223/1223/1223 1222/1222/1222 1221/1221/1221
f 1224/1224/1224 1223/1223/1223 1221/1221/1221
f 1227/1227/1227 1226/1226/1226 1225/1225/1225
f 1228/1228/1228 1227/1227/1227 1225/1225/1225
f 1231/1231/1231 1230/1230/1230 1229/1229/1229
f 1232/1232/1232 1231/1231/1231 1229/1229/1229
f 1235/1235/1235 1234/1234/1234 1233/1233/1233
f 1236/1236/1236 1235/1235/1235 1233/1233/1233
f 1233/1233/1233 1237/1237/1237 1236/1236/1236
f 1240/1240/1240 1239/1239/1239 1238/1238/1238
f 1241/1241/1241 1240/1240/1240 1238/1238/1238
f 1244/1244/1244 1243/1243/1243 1242/1242/1242
f 1245/1245/1245 1244/1244/1244 1242/1242/1242
f 1248/1248/1248 1247/1247/1247 1246/1246/1246
f 1249/1249/1249 1248/1248/1248 1246/1246/1246
f 1252/1252/1252 1251/1251/1251 1250/1250/1250
f 1253/1253/1253 1252/1252/1252 1250/1250/1250
f 1256/1256/1256 1255/1255/1255 1254/1254/1254
f 1257/1257/1257 1256/1256/1256 1254/1254/1254
f 1260/1260/1260 1259/1259/1259 1258/1258/1258
f 1261/1261/1261 1260/1260/1260 1258/1258/1258
f 1264/1264/1264 1263/1263/1263 1262/1262/1262
f 1265/1265/1265 1264/1264/1264 1262/1262/1262
f 1268/1268/1268 1267/1267/1267 1266/1266/1266
f 1269/1269/1269 1268/1268/1268 1266/1266/1266
f 1270/1270/1270 1268/1268/1268 1269/1269/1269
f 1271/1271/1271 1270/1270/1270 1269/1269/1269
f 1272/1272/1272 1270/1270/1270 1271/1271/1271
f 1273/1273/1273 1272/1272/1272 1271/1271/1271
f 1276/1276/1276 1275/1275/1275 1274/1274/1274
f 1277/1277/1277 1276/1276/1276 1274/1274/1274
f 1280/1280/1280 1279/1279/1279 1278/1278/1278
f 1281/1281/1281 1280/1280/1280 1278/1278/1278
f 1284/1284/1284 1283/1283/1283 1282/1282/1282
f 1285/1285/1285 1284/1284/1284 1282/1282/1282
f 1288/1288/1288 1287/1287/1287 1286/1286/1286
f 1289/1289/1289 1288/1288/1288 1286/1286/1286
f 1292/1292/1292 1291/1291/1291 1290/1290/1290
f 1293/1293/1293 1292/1292/1292 1290/1290/1290
f 1296/1296/1296 1295/1295/1295 1294/1294/1294
f 1297/1297/1297 1296/1296/1296 1294/1294/1294
f 1300/1300/1300 1299/1299/1299 1298/1298/1298
f 1301/1301/1301 1300/1300/1300 1298/1298/1298
f 1304/1304/1304 1303/1303/1303 1302/1302/1302
f 1305/1305/1305 1304/1304/1304 1302/1302/1302
f 1308/1308/1308 1307/1307/1307 1306/1306/1306
f 1309/1309/1309 1308/1308/1308 1306/1306/1306
f 1312/1312/1312 1311/1311/1311 1310/1310/1310
f 1313/1313/1313 1312/1312/1312 1310/1310/1310
f 1316/1316/1316 1315/1315/1315 1314/1314/1314
f 1317/1317/1317 1316/1316/1316 1314/1314/1314
f 1318/1318/1318 1316/1316/1316 1317/1317/1317
f 1319/1319/1319 1318/1318/1318 1317/1317/1317
f 1320/1320/1320 1318/1318/1318 1319/1319/1319
f 1321/1321/1321 1320/1320/1320 1319/1319/1319
f 1314/1314/1314 1322/1322/1322 1317/1317/1317
f 1322/1322/1322 1314/1314/1314 1323/1323/1323
f 1314/1314/1314 1324/1324/1324 1323/1323/1323
f 1323/1323/1323 1324/1324/1324 1325/1325/1325
f 1322/1322/1322 1326/1326/1326 1317/1317/1317
f 1324/1324/1324 1327/1327/1327 1325/1325/1325
f 1326/1326/1326 1328/1328/1328 1317/1317/1317
f 1326/1326/1326 1325/1325/1325 1328/1328/1328
f 1317/1317/1317 1328/1328/1328 1329/1329/1329
f 1325/1325/1325 1327/1327/1327 1330/1330/1330
f 1325/1325/1325 1330/1330/1330 1328/1328/1328
f 1327/1327/1327 1331/1331/1331 1330/1330/1330
f 1330/1330/1330 1331/1331/1331 1332/1332/1332
f 1328/1328/1328 1333/1333/1333 1329/1329/1329
f 1331/1331/1331 1334/1334/1334 1332/1332/1332
f 1329/1329/1329 1333/1333/1333 1335/1335/1335
f 1329/1329/1329 1335/1335/1335 1336/1336/1336
f 1332/1332/1332 1334/1334/1334 1337/1337/1337
f 1334/1334/1334 1338/1338/1338 1337/1337/1337
f 1333/1333/1333 1332/1332/1332 1339/1339/1339
f 1332/1332/1332 1337/1337/1337 1339/1339/1339
f 1333/1333/1333 1339/1339/1339 1335/1335/1335
f 1337/1337/1337 1338/1338/1338 1340/1340/1340
f 1338/1338/1338 1341/1341/1341 1340/1340/1340
f 1335/1335/1335 1339/1339/1339 1342/1342/1342
f 1335/1335/1335 1343/1343/1343 1336/1336/1336
f 1339/1339/1339 1344/1344/1344 1342/1342/1342
f 1340/1340/1340 1341/1341/1341 1345/1345/1345
f 1341/1341/1341 1346/1346/1346 1345/1345/1345
f 1340/1340/1340 1345/1345/1345 1347/1347/1347
f 1344/1344/1344 1340/1340/1340 1347/1347/1347
f 1345/1345/1345 1346/1346/1346 1348/1348/1348
f 1346/1346/1346 1349/1349/1349 1348/1348/1348
f 1342/1342/1342 1344/1344/1344 1350/1350/1350
f 1344/1344/1344 1347/1347/1347 1350/1350/1350
f 1342/1342/1342 1350/1350/1350 1351/1351/1351
f 1350/1350/1350 1347/1347/1347 1352/1352/1352
f 1353/1353/1353 1342/1342/1342 1351/1351/1351
f 1347/1347/1347 1354/1354/1354 1352/1352/1352
f 1348/1348/1348 1349/1349/1349 1355/1355/1355
f 1349/1349/1349 1356/1356/1356 1355/1355/1355
f 1348/1348/1348 1355/1355/1355 1357/1357/1357
f 1354/1354/1354 1348/1348/1348 1357/1357/1357
f 1355/1355/1355 1356/1356/1356 1358/1358/1358
f 1356/1356/1356 1359/1359/1359 1358/1358/1358
f 1358/1358/1358 1359/1359/1359 1360/1360/1360
f 1361/1361/1361 1358/1358/1358 1360/1360/1360
f 1352/1352/1352 1354/1354/1354 1362/1362/1362
f 1354/1354/1354 1357/1357/1357 1362/1362/1362
f 1357/1357/1357 1361/1361/1361 1363/1363/1363
f 1362/1362/1362 1357/1357/1357 1363/1363/1363
f 1363/1363/1363 1361/1361/1361 1360/1360/1360
f 1352/1352/1352 1362/1362/1362 1364/1364/1364
f 1365/1365/1365 1363/1363/1363 1360/1360/1360
f 1366/1366/1366 1365/1365/1365 1360/1360/1360
f 1367/1367/1367 1352/1352/1352 1364/1364/1364
f 1368/1368/1368 1365/1365/1365 1366/1366/1366
f 1364/1364/1364 1365/1365/1365 1368/1368/1368
f 1368/1368/1368 1366/1366/1366 1369/1369/1369
f 1370/1370/1370 1364/1364/1364 1368/1368/1368
f 1367/1367/1367 1364/1364/1364 1370/1370/1370
f 1371/1371/1371 1368/1368/1368 1369/1369/1369
f 1372/1372/1372 1367/1367/1367 1370/1370/1370
f 1351/1351/1351 1367/1367/1367 1372/1372/1372
f 1372/1372/1372 1370/1370/1370 1373/1373/1373
f 1374/1374/1374 1371/1371/1371 1369/1369/1369
f 1373/1373/1373 1371/1371/1371 1374/1374/1374
f 1374/1374/1374 1369/1369/1369 1375/1375/1375
f 1376/1376/1376 1351/1351/1351 1372/1372/1372
f 1353/1353/1353 1351/1351/1351 1376/1376/1376
f 1377/1377/1377 1372/1372/1372 1373/1373/1373
f 1378/1378/1378 1373/1373/1373 1374/1374/1374
f 1377/1377/1377 1373/1373/1373 1378/1378/1378
f 1379/1379/1379 1374/1374/1374 1375/1375/1375
f 1380/1380/1380 1353/1353/1353 1376/1376/1376
f 1343/1343/1343 1353/1353/1353 1380/1380/1380
f 1380/1380/1380 1376/1376/1376 1381/1381/1381
f 1382/1382/1382 1377/1377/1377 1378/1378/1378
f 1381/1381/1381 1377/1377/1377 1382/1382/1382
f 1382/1382/1382 1378/1378/1378 1383/1383/1383
f 1384/1384/1384 1343/1343/1343 1380/1380/1380
f 1336/1336/1336 1343/1343/1343 1384/1384/1384
f 1385/1385/1385 1380/1380/1380 1381/1381/1381
f 1386/1386/1386 1381/1381/1381 1382/1382/1382
f 1385/1385/1385 1381/1381/1381 1386/1386/1386
f 1387/1387/1387 1382/1382/1382 1383/1383/1383
f 1388/1388/1388 1336/1336/1336 1384/1384/1384
f 1388/1388/1388 1384/1384/1384 1389/1389/1389
f 1319/1319/1319 1336/1336/1336 1388/1388/1388
f 1390/1390/1390 1385/1385/1385 1386/1386/1386
f 1389/1389/1389 1385/1385/1385 1390/1390/1390
f 1390/1390/1390 1386/1386/1386 1391/1391/1391
f 1392/1392/1392 1319/1319/1319 1388/1388/1388
f 1393/1393/1393 1388/1388/1388 1389/1389/1389
f 1394/1394/1394 1319/1319/1319 1392/1392/1392
f 1321/1321/1321 1319/1319/1319 1394/1394/1394
f 1394/1394/1394 1392/1392/1392 1395/1395/1395
f 1396/1396/1396 1321/1321/1321 1394/1394/1394
f 1397/1397/1397 1321/1321/1321 1396/1396/1396
f 1398/1398/1398 1397/1397/1397 1396/1396/1396
f 1399/1399/1399 1397/1397/1397 1398/1398/1398
f 1400/1400/1400 1399/1399/1399 1398/1398/1398
f 1400/1400/1400 1394/1394/1394 1395/1395/1395
f 1400/1400/1400 1395/1395/1395 1399/1399/1399
f 1399/1399/1399 1395/1395/1395 1401/1401/1401
f 1395/1395/1395 1393/1393/1393 1401/1401/1401
f 1393/1393/1393 1389/1389/1389 1401/1401/1401
f 1402/1402/1402 1389/1389/1389 1390/1390/1390
f 1389/1389/1389 1402/1402/1402 1401/1401/1401
f 1402/1402/1402 1403/1403/1403 1401/1401/1401
f 1403/1403/1403 1404/1404/1404 1401/1401/1401
f 1404/1404/1404 1403/1403/1403 1405/1405/1405
f 1406/1406/1406 1404/1404/1404 1405/1405/1405
f 1405/1405/1405 1403/1403/1403 1407/1407/1407
f 1408/1408/1408 1406/1406/1406 1405/1405/1405
f 1403/1403/1403 1409/1409/1409 1407/1407/1407
f 1409/1409/1409 1390/1390/1390 1391/1391/1391
f 1410/1410/1410 1406/1406/1406 1408/1408/1408
f 1410/1410/1410 1408/1408/1408 1411/1411/1411
f 1412/1412/1412 1406/1406/1406 1410/1410/1410
f 1413/1413/1413 1412/1412/1412 1410/1410/1410
f 1414/1414/1414 1410/1410/1410 1411/1411/1411
f 1415/1415/1415 1412/1412/1412 1413/1413/1413
f 1415/1415/1415 1413/1413/1413 1416/1416/1416
f 1417/1417/1417 1412/1412/1412 1415/1415/1415
f 1418/1418/1418 1417/1417/1417 1415/1415/1415
f 1419/1419/1419 1415/1415/1415 1416/1416/1416
f 1420/1420/1420 1417/1417/1417 1418/1418/1418
f 1420/1420/1420 1418/1418/1418 1421/1421/1421
f 1422/1422/1422 1417/1417/1417 1420/1420/1420
f 1423/1423/1423 1422/1422/1422 1420/1420/1420
f 1424/1424/1424 1420/1420/1420 1421/1421/1421
f 1425/1425/1425 1422/1422/1422 1423/1423/1423
f 1425/1425/1425 1423/1423/1423 1426/1426/1426
f 1427/1427/1427 1422/1422/1422 1425/1425/1425
f 1428/1428/1428 1427/1427/1427 1425/1425/1425
f 1427/1427/1427 1428/1428/1428 1429/1429/1429
f 1430/1430/1430 1427/1427/1427 1429/1429/1429
f 1431/1431/1431 1425/1425/1425 1426/1426/1426
f 1430/1430/1430 1429/1429/1429 1432/1432/1432
f 1433/1433/1433 1430/1430/1430 1432/1432/1432
f 1432/1432/1432 1429/1429/1429 1434/1434/1434
f 1429/1429/1429 1431/1431/1431 1434/1434/1434
f 1433/1433/1433 1432/1432/1432 1435/1435/1435
f 1436/1436/1436 1433/1433/1433 1435/1435/1435
f 1431/1431/1431 1426/1426/1426 1437/1437/1437
f 1434/1434/1434 1431/1431/1431 1437/1437/1437
f 1437/1437/1437 1426/1426/1426 1438/1438/1438
f 1434/1434/1434 1437/1437/1437 1439/1439/1439
f 1426/1426/1426 1424/1424/1424 1438/1438/1438
f 1440/1440/1440 1434/1434/1434 1439/1439/1439
f 1436/1436/1436 1435/1435/1435 1441/1441/1441
f 1442/1442/1442 1436/1436/1436 1441/1441/1441
f 1441/1441/1441 1435/1435/1435 1443/1443/1443
f 1435/1435/1435 1440/1440/1440 1443/1443/1443
f 1442/1442/1442 1441/1441/1441 1444/1444/1444
f 1445/1445/1445 1442/1442/1442 1444/1444/1444
f 1446/1446/1446 1445/1445/1445 1444/1444/1444
f 1447/1447/1447 1446/1446/1446 1444/1444/1444
f 1447/1447/1447 1448/1448/1448 1446/1446/1446
f 1447/1447/1447 1443/1443/1443 1448/1448/1448
f 1446/1446/1446 1448/1448/1448 1449/1449/1449
f 1443/1443/1443 1440/1440/1440 1450/1450/1450
f 1443/1443/1443 1450/1450/1450 1448/1448/1448
f 1440/1440/1440 1439/1439/1439 1450/1450/1450
f 1450/1450/1450 1439/1439/1439 1451/1451/1451
f 1448/1448/1448 1452/1452/1452 1449/1449/1449
f 1439/1439/1439 1453/1453/1453 1451/1451/1451
f 1452/1452/1452 1454/1454/1454 1449/1449/1449
f 1452/1452/1452 1451/1451/1451 1454/1454/1454
f 1449/1449/1449 1454/1454/1454 1455/1455/1455
f 1451/1451/1451 1456/1456/1456 1454/1454/1454
f 1451/1451/1451 1453/1453/1453 1456/1456/1456
f 1454/1454/1454 1457/1457/1457 1455/1455/1455
f 1453/1453/1453 1458/1458/1458 1456/1456/1456
f 1453/1453/1453 1438/1438/1438 1458/1458/1458
f 1456/1456/1456 1458/1458/1458 1459/1459/1459
f 1457/1457/1457 1460/1460/1460 1455/1455/1455
f 1457/1457/1457 1459/1459/1459 1460/1460/1460
f 1461/1461/1461 1455/1455/1455 1460/1460/1460
f 1438/1438/1438 1462/1462/1462 1458/1458/1458
f 1438/1438/1438 1424/1424/1424 1462/1462/1462
f 1424/1424/1424 1421/1421/1421 1462/1462/1462
f 1462/1462/1462 1421/1421/1421 1463/1463/1463
f 1458/1458/1458 1464/1464/1464 1459/1459/1459
f 1421/1421/1421 1419/1419/1419 1463/1463/1463
f 1459/1459/1459 1465/1465/1465 1460/1460/1460
f 1459/1459/1459 1464/1464/1464 1465/1465/1465
f 1466/1466/1466 1461/1461/1461 1460/1460/1460
f 1464/1464/1464 1467/1467/1467 1465/1465/1465
f 1464/1464/1464 1463/1463/1463 1467/1467/1467
f 1465/1465/1465 1467/1467/1467 1468/1468/1468
f 1463/1463/1463 1419/1419/1419 1469/1469/1469
f 1463/1463/1463 1469/1469/1469 1467/1467/1467
f 1419/1419/1419 1416/1416/1416 1469/1469/1469
f 1469/1469/1469 1416/1416/1416 1470/1470/1470
f 1416/1416/1416 1414/1414/1414 1470/1470/1470
f 1467/1467/1467 1471/1471/1471 1468/1468/1468
f 1466/1466/1466 1472/1472/1472 1461/1461/1461
f 1466/1466/1466 1468/1468/1468 1472/1472/1472
f 1375/1375/1375 1461/1461/1461 1472/1472/1472
f 1468/1468/1468 1473/1473/1473 1472/1472/1472
f 1468/1468/1468 1471/1471/1471 1473/1473/1473
f 1474/1474/1474 1375/1375/1375 1472/1472/1472
f 1474/1474/1474 1379/1379/1379 1375/1375/1375
f 1383/1383/1383 1379/1379/1379 1474/1474/1474
f 1475/1475/1475 1383/1383/1383 1474/1474/1474
f 1387/1387/1387 1383/1383/1383 1475/1475/1475
f 1476/1476/1476 1387/1387/1387 1475/1475/1475
f 1476/1476/1476 1475/1475/1475 1473/1473/1473
f 1391/1391/1391 1387/1387/1387 1476/1476/1476
f 1471/1471/1471 1477/1477/1477 1473/1473/1473
f 1477/1477/1477 1476/1476/1476 1473/1473/1473
f 1471/1471/1471 1470/1470/1470 1477/1477/1477
f 1478/1478/1478 1391/1391/1391 1476/1476/1476
f 1409/1409/1409 1391/1391/1391 1478/1478/1478
f 1407/1407/1407 1409/1409/1409 1478/1478/1478
f 1470/1470/1470 1479/1479/1479 1477/1477/1477
f 1407/1407/1407 1478/1478/1478 1479/1479/1479
f 1470/1470/1470 1414/1414/1414 1479/1479/1479
f 1411/1411/1411 1407/1407/1407 1479/1479/1479
f 1414/1414/1414 1411/1411/1411 1479/1479/1479
f 1482/1482/1482 1481/1481/1481 1480/1480/1480
f 1483/1483/1483 1482/1482/1482 1480/1480/1480
f 1486/1486/1486 1485/1485/1485 1484/1484/1484
f 1487/1487/1487 1486/1486/1486 1484/1484/1484
f 1490/1490/1490 1489/1489/1489 1488/1488/1488
f 1491/1491/1491 1490/1490/1490 1488/1488/1488
f 1494/1494/1494 1493/1493/1493 1492/1492/1492
f 1495/1495/1495 1494/1494/1494 1492/1492/1492
f 1498/1498/1498 1497/1497/1497 1496/1496/1496
f 1499/1499/1499 1498/1498/1498 1496/1496/1496
f 1502/1502/1502 1501/1501/1501 1500/1500/1500
f 1503/1503/1503 1502/1502/1502 1500/1500/1500
f 1506/1506/1506 1505/1505/1505 1504/1504/1504
f 1507/1507/1507 1506/1506/1506 1504/1504/1504
f 1510/1510/1510 1509/1509/1509 1508/1508/1508
f 1511/1511/1511 1510/1510/1510 1508/1508/1508
f 1514/1514/1514 1513/1513/1513 1512/1512/1512
f 1515/1515/1515 1514/1514/1514 1512/1512/1512
f 1518/1518/1518 1517/1517/1517 1516/1516/1516
f 1519/1519/1519 1518/1518/1518 1516/1516/1516
f 1522/1522/1522 1521/1521/1521 1520/1520/1520
f 1523/1523/1523 1522/1522/1522 1520/1520/1520
f 1526/1526/1526 1525/1525/1525 1524/1524/1524
f 1527/1527/1527 1526/1526/1526 1524/1524/1524
f 1530/1530/1530 1529/1529/1529 1528/1528/1528
f 1531/1531/1531 1530/1530/1530 1528/1528/1528
f 1534/1534/1534 1533/1533/1533 1532/1532/1532
f 1535/1535/1535 1534/1534/1534 1532/1532/1532
f 1538/1538/1538 1537/1537/1537 1536/1536/1536
f 1539/1539/1539 1538/1538/1538 1536/1536/1536
f 1542/1542/1542 1541/1541/1541 1540/1540/1540
f 1543/1543/1543 1542/1542/1542 1540/1540/1540
f 1546/1546/1546 1545/1545/1545 1544/1544/1544
f 1547/1547/1547 1545/1545/1545 1546/1546/1546
f 1548/1548/1548 1547/1547/1547 1546/1546/1546
f 1549/1549/1549 1548/1548/1548 1546/1546/1546
f 1550/1550/1550 1548/1548/1548 1549/1549/1549
f 1550/1550/1550 1549/1549/1549 1551/1551/1551
f 1551/1551/1551 1552/1552/1552 1550/1550/1550
f 1553/1553/1553 1549/1549/1549 1546/1546/1546
f 1553/1553/1553 1546/1546/1546 1554/1554/1554
f 1555/1555/1555 1553/1553/1553 1554/1554/1554
f 1557/1557/1557 1555/1555/1555 1556/1556/1556
f 1556/1556/1556 1558/1558/1558 1557/1557/1557
f 1561/1561/1561 1560/1560/1560 1559/1559/1559
f 1562/1562/1562 1561/1561/1561 1559/1559/1559
f 1562/1562/1562 1559/1559/1559 1563/1563/1563
f 1563/1563/1563 1559/1559/1559 1564/1564/1564
f 1565/1565/1565 1563/1563/1563 1564/1564/1564
f 1566/1566/1566 1565/1565/1565 1564/1564/1564
f 1567/1567/1567 1566/1566/1566 1564/1564/1564
f 1570/1570/1570 1569/1569/1569 1568/1568/1568
f 1571/1571/1571 1570/1570/1570 1568/1568/1568
f 1572/1572/1572 1570/1570/1570 1571/1571/1571
f 1572/1572/1572 1571/1571/1571 1573/1573/1573
f 1572/1572/1572 1574/1574/1574 1570/1570/1570
f 1572/1572/1572 1573/1573/1573 1575/1575/1575
f 1575/1575/1575 1574/1574/1574 1572/1572/1572
f 1578/1578/1578 1577/1577/1577 1576/1576/1576
f 1579/1579/1579 1578/1578/1578 1576/1576/1576
f 1576/1576/1576 1581/1581/1581 1580/1580/1580
f 1582/1582/1582 1576/1576/1576 1580/1580/1580
f 1585/1585/1585 1584/1584/1584 1583/1583/1583
f 1586/1586/1586 1585/1585/1585 1583/1583/1583
f 1586/1586/1586 1583/1583/1583 1587/1587/1587
f 1588/1588/1588 1586/1586/1586 1587/1587/1587
f 1591/1591/1591 1590/1590/1590 1589/1589/1589
f 1590/1590/1590 1592/1592/1592 1589/1589/1589
f 1594/1594/1594 1593/1593/1593 1592/1592/1592
f 1595/1595/1595 1594/1594/1594 1592/1592/1592
f 1598/1598/1598 1597/1597/1597 1596/1596/1596
f 1599/1599/1599 1598/1598/1598 1596/1596/1596
f 1602/1602/1602 1601/1601/1601 1600/1600/1600
f 1603/1603/1603 1602/1602/1602 1600/1600/1600
f 1602/1602/1602 1605/1605/1605 1604/1604/1604
f 1605/1605/1605 1606/1606/1606 1604/1604/1604
f 1609/1609/1609 1608/1608/1608 1607/1607/1607
f 1610/1610/1610 1609/1609/1609 1607/1607/1607
f 1613/1613/1613 1612/1612/1612 1611/1611/1611
f 1614/1614/1614 1613/1613/1613 1611/1611/1611
f 1617/1617/1617 1616/1616/1616 1615/1615/1615
f 1615/1615/1615 1618/1618/1618 1617/1617/1617
f 1615/1615/1615 1619/1619/1619 1618/1618/1618
f 1622/1622/1622 1621/1621/1621 1620/1620/1620
f 1623/1623/1623 1622/1622/1622 1620/1620/1620
f 1626/1626/1626 1625/1625/1625 1624/1624/1624
f 1627/1627/1627 1626/1626/1626 1624/1624/1624
f 1630/1630/1630 1629/1629/1629 1628/1628/1628
f 1631/1631/1631 1630/1630/1630 1628/1628/1628
f 1634/1634/1634 1633/1633/1633 1632/1632/1632
f 1635/1635/1635 1634/1634/1634 1632/1632/1632
f 1638/1638/1638 1637/1637/1637 1636/1636/1636
f 1639/1639/1639 1638/1638/1638 1636/1636/1636
f 1642/1642/1642 1641/1641/1641 1640/1640/1640
f 1643/1643/1643 1642/1642/1642 1640/1640/1640
f 1646/1646/1646 1645/1645/1645 1644/1644/1644
f 1647/1647/1647 1646/1646/1646 1644/1644/1644
f 1650/1650/1650 1649/1649/1649 1648/1648/1648
f 1651/1651/1651 1650/1650/1650 1648/1648/1648
f 1654/1654/1654 1653/1653/1653 1652/1652/1652
f 1655/1655/1655 1654/1654/1654 1652/1652/1652
f 1658/1658/1658 1657/1657/1657 1656/1656/1656
f 1659/1659/1659 1658/1658/1658 1656/1656/1656
f 1662/1662/1662 1661/1661/1661 1660/1660/1660
f 1663/1663/1663 1662/1662/1662 1660/1660/1660
f 1666/1666/1666 1665/1665/1665 1664/1664/1664
f 1667/1667/1667 1666/1666/1666 1664/1664/1664
f 1670/1670/1670 1669/1669/1669 1668/1668/1668
f 1671/1671/1671 1670/1670/1670 1668/1668/1668
f 1674/1674/1674 1673/1673/1673 1672/1672/1672
f 1675/1675/1675 1674/1674/1674 1672/1672/1672
f 1678/1678/1678 1677/1677/1677 1676/1676/1676
f 1679/1679/1679 1678/1678/1678 1676/1676/1676
f 1682/1682/1682 1681/1681/1681 1680/1680/1680
f 1683/1683/1683 1682/1682/1682 1680/1680/1680
f 1686/1686/1686 1685/1685/1685 1684/1684/1684
f 1687/1687/1687 1686/1686/1686 1684/1684/1684
f 1690/1690/1690 1689/1689/1689 1688/1688/1688
f 1691/1691/1691 1690/1690/1690 1688/1688/1688
f 1694/1694/1694 1693/1693/1693 1692/1692/1692
f 1695/1695/1695 1694/1694/1694 1692/1692/1692
f 1698/1698/1698 1697/1697/1697 1696/1696/1696
f 1699/1699/1699 1698/1698/1698 1696/1696/1696
f 1702/1702/1702 1701/1701/1701 1700/1700/1700
f 1703/1703/1703 1702/1702/1702 1700/1700/1700
f 1706/1706/1706 1705/1705/1705 1704/1704/1704
f 1707/1707/1707 1706/1706/1706 1704/1704/1704
f 1710/1710/1710 1709/1709/1709 1708/1708/1708
f 1711/1711/1711 1710/1710/1710 1708/1708/1708
f 1714/1714/1714 1713/1713/1713 1712/1712/1712
f 1715/1715/1715 1714/1714/1714 1712/1712/1712
f 1718/1718/1718 1717/1717/1717 1716/1716/1716
f 1718/1718/1718 1716/1716/1716 1719/1719/1719
f 1716/1716/1716 1720/1720/1720 1719/1719/1719
f 1720/1720/1720 1721/1721/1721 1719/1719/1719
f 1724/1724/1724 1723/1723/1723 1722/1722/1722
f 1725/1725/1725 1724/1724/1724 1722/1722/1722
f 1728/1728/1728 1727/1727/1727 1726/1726/1726
f 1728/1728/1728 1726/1726/1726 1729/1729/1729
f 1728/1728/1728 1729/1729/1729 1730/1730/1730
f 1730/1730/1730 1729/1729/1729 1731/1731/1731
f 1734/1734/1734 1733/1733/1733 1732/1732/1732
f 1732/1732/1732 1735/1735/1735 1734/1734/1734
f 1732/1732/1732 1736/1736/1736 1735/1735/1735
f 1736/1736/1736 1737/1737/1737 1735/1735/1735
f 1736/1736/1736 1738/1738/1738 1737/1737/1737
f 1738/1738/1738 1739/1739/1739 1737/1737/1737
f 1742/1742/1742 1741/1741/1741 1740/1740/1740
f 1743/1743/1743 1742/1742/1742 1740/1740/1740
f 1746/1746/1746 1745/1745/1745 1744/1744/1744
f 1747/1747/1747 1746/1746/1746 1744/1744/1744
f 1750/1750/1750 1749/1749/1749 1748/1748/1748
f 1751/1751/1751 1750/1750/1750 1748/1748/1748
f 1754/1754/1754 1753/1753/1753 1752/1752/1752
f 1755/1755/1755 1754/1754/1754 1752/1752/1752
f 1758/1758/1758 1757/1757/1757 1756/1756/1756
f 1759/1759/1759 1758/1758/1758 1756/1756/1756
f 1762/1762/1762 1761/1761/1761 1760/1760/1760
f 1763/1763/1763 1762/1762/1762 1760/1760/1760
f 1766/1766/1766 1765/1765/1765 1764/1764/1764
f 1767/1767/1767 1766/1766/1766 1764/1764/1764
f 1770/1770/1770 1769/1769/1769 1768/1768/1768
f 1771/1771/1771 1770/1770/1770 1768/1768/1768
f 1774/1774/1774 1773/1773/1773 1772/1772/1772
f 1775/1775/1775 1774/1774/1774 1772/1772/1772
f 1778/1778/1778 1777/1777/1777 1776/1776/1776
f 1779/1779/1779 1778/1778/1778 1776/1776/1776
f 1782/1782/1782 1781/1781/1781 1780/1780/1780
f 1783/1783/1783 1782/1782/1782 1780/1780/1780
f 1786/1786/1786 1785/1785/1785 1784/1784/1784
f 1787/1787/1787 1786/1786/1786 1784/1784/1784
f 1790/1790/1790 1789/1789/1789 1788/1788/1788
f 1791/1791/1791 1790/1790/1790 1788/1788/1788
f 1794/1794/1794 1793/1793/1793 1792/1792/1792
f 1795/1795/1795 1794/1794/1794 1792/1792/1792
f 1798/1798/1798 1797/1797/1797 1796/1796/1796
f 1799/1799/1799 1798/1798/1798 1796/1796/1796
f 1802/1802/1802 1801/1801/1801 1800/1800/1800
f 1802/1802/1802 1800/1800/1800 1803/1803/1803
f 1800/1800/1800 1804/1804/1804 1803/1803/1803
f 1804/1804/1804 1805/1805/1805 1803/1803/1803
f 1808/1808/1808 1807/1807/1807 1806/1806/1806
f 1809/1809/1809 1808/1808/1808 1806/1806/1806
f 1812/1812/1812 1811/1811/1811 1810/1810/1810
f 1812/1812/1812 1810/1810/1810 1813/1813/1813
f 1812/1812/1812 1813/1813/1813 1814/1814/1814
f 1814/1814/1814 1813/1813/1813 1815/1815/1815
f 1818/1818/1818 1817/1817/1817 1816/1816/1816
f 1816/1816/1816 1819/1819/1819 1818/1818/1818
f 1816/1816/1816 1820/1820/1820 1819/1819/1819
f 1820/1820/1820 1821/1821/1821 1819/1819/1819
f 1820/1820/1820 1822/1822/1822 1821/1821/1821
f 1822/1822/1822 1823/1823/1823 1821/1821/1821
f 1826/1826/1826 1825/1825/1825 1824/1824/1824
f 1827/1827/1827 1826/1826/1826 1824/1824/1824
f 1830/1830/1830 1829/1829/1829 1828/1828/1828
f 1831/1831/1831 1830/1830/1830 1828/1828/1828
f 1834/1834/1834 1833/1833/1833 1832/1832/1832
f 1835/1835/1835 1834/1834/1834 1832/1832/1832
f 1838/1838/1838 1837/1837/1837 1836/1836/1836
f 1839/1839/1839 1838/1838/1838 1836/1836/1836
f 1842/1842/1842 1841/1841/1841 1840/1840/1840
f 1843/1843/1843 1842/1842/1842 1840/1840/1840
f 1846/1846/1846 1845/1845/1845 1844/1844/1844
f 1847/1847/1847 1846/1846/1846 1844/1844/1844
f 1850/1850/1850 1849/1849/1849 1848/1848/1848
f 1851/1851/1851 1850/1850/1850 1848/1848/1848
f 1854/1854/1854 1853/1853/1853 1852/1852/1852
f 1855/1855/1855 1854/1854/1854 1852/1852/1852
f 1858/1858/1858 1857/1857/1857 1856/1856/1856
f 1859/1859/1859 1858/1858/1858 1856/1856/1856
f 1862/1862/1862 1861/1861/1861 1860/1860/1860
f 1863/1863/1863 1862/1862/1862 1860/1860/1860
f 1866/1866/1866 1865/1865/1865 1864/1864/1864
f 1865/1865/1865 1867/1867/1867 1864/1864/1864
f 1864/1864/1864 1867/1867/1867 1868/1868/1868
f 1867/1867/1867 1865/1865/1865 1869/1869/1869
f 1867/1867/1867 1869/1869/1869 1868/1868/1868
f 1865/1865/1865 1870/1870/1870 1869/1869/1869
f 1869/1869/1869 1870/1870/1870 1868/1868/1868
f 1870/1870/1870 1871/1871/1871 1868/1868/1868
f 1874/1874/1874 1873/1873/1873 1872/1872/1872
f 1875/1875/1875 1874/1874/1874 1872/1872/1872
f 1878/1878/1878 1877/1877/1877 1876/1876/1876
f 1879/1879/1879 1878/1878/1878 1876/1876/1876
f 1879/1879/1879 1880/1880/1880 1878/1878/1878
f 1880/1880/1880 1881/1881/1881 1878/1878/1878
f 1884/1884/1884 1883/1883/1883 1882/1882/1882
f 1885/1885/1885 1884/1884/1884 1882/1882/1882
f 1888/1888/1888 1887/1887/1887 1886/1886/1886
f 1889/1889/1889 1888/1888/1888 1886/1886/1886
f 1892/1892/1892 1891/1891/1891 1890/1890/1890
f 1893/1893/1893 1892/1892/1892 1890/1890/1890
f 1896/1896/1896 1895/1895/1895 1894/1894/1894
f 1897/1897/1897 1896/1896/1896 1894/1894/1894
f 1900/1900/1900 1899/1899/1899 1898/1898/1898
f 1901/1901/1901 1900/1900/1900 1898/1898/1898
f 1900/1900/1900 1901/1901/1901 1902/1902/1902
f 1901/1901/1901 1903/1903/1903 1902/1902/1902
f 1903/1903/1903 1904/1904/1904 1902/1902/1902
f 1904/1904/1904 1905/1905/1905 1902/1902/1902
f 1905/1905/1905 1906/1906/1906 1902/1902/1902
f 1902/1902/1902 1906/1906/1906 1907/1907/1907
f 1906/1906/1906 1905/1905/1905 1908/1908/1908
f 1911/1911/1911 1910/1910/1910 1909/1909/1909
f 1912/1912/1912 1911/1911/1911 1909/1909/1909
f 1915/1915/1915 1914/1914/1914 1913/1913/1913
f 1914/1914/1914 1916/1916/1916 1913/1913/1913
f 1913/1913/1913 1916/1916/1916 1917/1917/1917
f 1918/1918/1918 1913/1913/1913 1917/1917/1917
f 1921/1921/1921 1920/1920/1920 1919/1919/1919
f 1922/1922/1922 1921/1921/1921 1919/1919/1919
f 1925/1925/1925 1924/1924/1924 1923/1923/1923
f 1923/1923/1923 1926/1926/1926 1925/1925/1925
f 1926/1926/1926 1927/1927/1927 1925/1925/1925
f 1926/1926/1926 1928/1928/1928 1927/1927/1927
f 1931/1931/1931 1930/1930/1930 1929/1929/1929
f 1932/1932/1932 1931/1931/1931 1929/1929/1929
f 1935/1935/1935 1934/1934/1934 1933/1933/1933
f 1936/1936/1936 1935/1935/1935 1933/1933/1933
f 1939/1939/1939 1938/1938/1938 1937/1937/1937
f 1937/1937/1937 1938/1938/1938 1940/1940/1940
f 1938/1938/1938 1941/1941/1941 1940/1940/1940
f 1940/1940/1940 1941/1941/1941 1942/1942/1942
f 1942/1942/1942 1943/1943/1943 1940/1940/1940
f 1943/1943/1943 1944/1944/1944 1940/1940/1940
f 1944/1944/1944 1943/1943/1943 1945/1945/1945
f 1946/1946/1946 1944/1944/1944 1945/1945/1945
f 1949/1949/1949 1948/1948/1948 1947/1947/1947
f 1950/1950/1950 1949/1949/1949 1947/1947/1947
f 1953/1953/1953 1952/1952/1952 1951/1951/1951
f 1954/1954/1954 1953/1953/1953 1951/1951/1951
f 1957/1957/1957 1956/1956/1956 1955/1955/1955
f 1958/1958/1958 1957/1957/1957 1955/1955/1955
f 1959/1959/1959 1958/1958/1958 1955/1955/1955
f 1960/1960/1960 1959/1959/1959 1955/1955/1955
f 1963/1963/1963 1962/1962/1962 1961/1961/1961
f 1964/1964/1964 1963/1963/1963 1961/1961/1961
f 1967/1967/1967 1966/1966/1966 1965/1965/1965
f 1968/1968/1968 1967/1967/1967 1965/1965/1965
f 1969/1969/1969 1967/1967/1967 1968/1968/1968
f 1970/1970/1970 1969/1969/1969 1968/1968/1968
f 1973/1973/1973 1972/1972/1972 1971/1971/1971
f 1972/1972/1972 1974/1974/1974 1971/1971/1971
f 1974/1974/1974 1972/1972/1972 1975/1975/1975
f 1972/1972/1972 1976/1976/1976 1975/1975/1975
f 1979/1979/1979 1978/1978/1978 1977/1977/1977
f 1980/1980/1980 1979/1979/1979 1977/1977/1977
f 1983/1983/1983 1982/1982/1982 1981/1981/1981
f 1984/1984/1984 1983/1983/1983 1981/1981/1981
f 1987/1987/1987 1986/1986/1986 1985/1985/1985
f 1988/1988/1988 1987/1987/1987 1985/1985/1985
f 1991/1991/1991 1990/1990/1990 1989/1989/1989
f 1992/1992/1992 1991/1991/1991 1989/1989/1989
f 1995/1995/1995 1994/1994/1994 1993/1993/1993
f 1996/1996/1996 1995/1995/1995 1993/1993/1993
f 1999/1999/1999 1998/1998/1998 1997/1997/1997
f 2000/2000/2000 1999/1999/1999 1997/1997/1997
f 2003/2003/2003 2002/2002/2002 2001/2001/2001
f 2004/2004/2004 2003/2003/2003 2001/2001/2001
f 2007/2007/2007 2006/2006/2006 2005/2005/2005
f 2008/2008/2008 2007/2007/2007 2005/2005/2005
f 2011/2011/2011 2010/2010/2010 2009/2009/2009
f 2012/2012/2012 2011/2011/2011 2009/2009/2009
f 2015/2015/2015 2014/2014/2014 2013/2013/2013
f 2016/2016/2016 2015/2015/2015 2013/2013/2013
f 2019/2019/2019 2018/2018/2018 2017/2017/2017
f 2020/2020/2020 2019/2019/2019 2017/2017/2017
f 2023/2023/2023 2022/2022/2022 2021/2021/2021
f 2024/2024/2024 2023/2023/2023 2021/2021/2021
f 2027/2027/2027 2026/2026/2026 2025/2025/2025
f 2028/2028/2028 2027/2027/2027 2025/2025/2025
f 2029/2029/2029 2027/2027/2027 2028/2028/2028
f 2030/2030/2030 2029/2029/2029 2028/2028/2028
f 2031/2031/2031 2029/2029/2029 2030/2030/2030
f 2032/2032/2032 2031/2031/2031 2030/2030/2030
f 2032/2032/2032 2033/2033/2033 2031/2031/2031
f 2034/2034/2034 2031/2031/2031 2033/2033/2033
f 2035/2035/2035 2031/2031/2031 2034/2034/2034
f 2031/2031/2031 2035/2035/2035 2036/2036/2036
f 2035/2035/2035 2037/2037/2037 2036/2036/2036
f 2035/2035/2035 2034/2034/2034 2038/2038/2038
f 2034/2034/2034 2039/2039/2039 2038/2038/2038
f 2042/2042/2042 2041/2041/2041 2040/2040/2040
f 2043/2043/2043 2042/2042/2042 2040/2040/2040
f 2043/2043/2043 2040/2040/2040 2044/2044/2044
f 2044/2044/2044 2045/2045/2045 2043/2043/2043
f 2048/2048/2048 2047/2047/2047 2046/2046/2046
f 2047/2047/2047 2049/2049/2049 2046/2046/2046
f 2047/2047/2047 2050/2050/2050 2049/2049/2049
f 2050/2050/2050 2051/2051/2051 2049/2049/2049
f 2054/2054/2054 2053/2053/2053 2052/2052/2052
f 2055/2055/2055 2054/2054/2054 2052/2052/2052
f 2056/2056/2056 2055/2055/2055 2052/2052/2052
f 2059/2059/2059 2058/2058/2058 2057/2057/2057
f 2060/2060/2060 2059/2059/2059 2057/2057/2057
f 2060/2060/2060 2057/2057/2057 2061/2061/2061
f 2062/2062/2062 2060/2060/2060 2061/2061/2061
f 2065/2065/2065 2064/2064/2064 2063/2063/2063
f 2066/2066/2066 2065/2065/2065 2063/2063/2063
f 2069/2069/2069 2068/2068/2068 2067/2067/2067
f 2068/2068/2068 2070/2070/2070 2067/2067/2067
f 2067/2067/2067 2070/2070/2070 2071/2071/2071
f 2070/2070/2070 2072/2072/2072 2071/2071/2071
f 2075/2075/2075 2074/2074/2074 2073/2073/2073
f 2076/2076/2076 2075/2075/2075 2073/2073/2073
f 2079/2079/2079 2078/2078/2078 2077/2077/2077
f 2080/2080/2080 2079/2079/2079 2077/2077/2077
f 2080/2080/2080 2077/2077/2077 2081/2081/2081
f 2082/2082/2082 2080/2080/2080 2081/2081/2081
f 2085/2085/2085 2084/2084/2084 2083/2083/2083
f 2086/2086/2086 2085/2085/2085 2083/2083/2083
f 2089/2089/2089 2088/2088/2088 2087/2087/2087
f 2090/2090/2090 2089/2089/2089 2087/2087/2087
f 2093/2093/2093 2092/2092/2092 2091/2091/2091
f 2094/2094/2094 2093/2093/2093 2091/2091/2091
f 2097/2097/2097 2096/2096/2096 2095/2095/2095
f 2097/2097/2097 2095/2095/2095 2098/2098/2098
f 2098/2098/2098 2095/2095/2095 2099/2099/2099
f 2102/2102/2102 2101/2101/2101 2100/2100/2100
f 2103/2103/2103 2102/2102/2102 2100/2100/2100
f 2106/2106/2106 2105/2105/2105 2104/2104/2104
f 2107/2107/2107 2106/2106/2106 2104/2104/2104
f 2108/2108/2108 2106/2106/2106 2107/2107/2107
f 2111/2111/2111 2110/2110/2110 2109/2109/2109
f 2112/2112/2112 2111/2111/2111 2109/2109/2109
f 2112/2112/2112 2109/2109/2109 2113/2113/2113
f 2114/2114/2114 2112/2112/2112 2113/2113/2113
f 2117/2117/2117 2116/2116/2116 2115/2115/2115
f 2118/2118/2118 2117/2117/2117 2115/2115/2115
f 2121/2121/2121 2120/2120/2120 2119/2119/2119
f 2122/2122/2122 2121/2121/2121 2119/2119/2119
f 2125/2125/2125 2124/2124/2124 2123/2123/2123
f 2126/2126/2126 2125/2125/2125 2123/2123/2123
f 2129/2129/2129 2128/2128/2128 2127/2127/2127
f 2130/2130/2130 2129/2129/2129 2127/2127/2127
f 2133/2133/2133 2132/2132/2132 2131/2131/2131
f 2131/2131/2131 2132/2132/2132 2134/2134/2134
f 2132/2132/2132 2135/2135/2135 2134/2134/2134
f 2138/2138/2138 2137/2137/2137 2136/2136/2136
f 2136/2136/2136 2137/2137/2137 2139/2139/2139
f 2137/2137/2137 2140/2140/2140 2139/2139/2139
f 2143/2143/2143 2142/2142/2142 2141/2141/2141
f 2144/2144/2144 2143/2143/2143 2141/2141/2141
f 2147/2147/2147 2146/2146/2146 2145/2145/2145
f 2148/2148/2148 2147/2147/2147 2145/2145/2145
f 2151/2151/2151 2150/2150/2150 2149/2149/2149
f 2152/2152/2152 2151/2151/2151 2149/2149/2149
f 2155/2155/2155 2154/2154/2154 2153/2153/2153
f 2156/2156/2156 2155/2155/2155 2153/2153/2153
f 2159/2159/2159 2158/2158/2158 2157/2157/2157
f 2157/2157/2157 2158/2158/2158 2160/2160/2160
f 2158/2158/2158 2161/2161/2161 2160/2160/2160
f 2164/2164/2164 2163/2163/2163 2162/2162/2162
f 2165/2165/2165 2164/2164/2164 2162/2162/2162
f 2168/2168/2168 2167/2167/2167 2166/2166/2166
f 2169/2169/2169 2168/2168/2168 2166/2166/2166
f 2172/2172/2172 2171/2171/2171 2170/2170/2170
f 2173/2173/2173 2172/2172/2172 2170/2170/2170
f 2176/2176/2176 2175/2175/2175 2174/2174/2174
f 2177/2177/2177 2176/2176/2176 2174/2174/2174
f 2180/2180/2180 2179/2179/2179 2178/2178/2178
f 2181/2181/2181 2180/2180/2180 2178/2178/2178
f 2184/2184/2184 2183/2183/2183 2182/2182/2182
f 2185/2185/2185 2184/2184/2184 2182/2182/2182
f 2188/2188/2188 2187/2187/2187 2186/2186/2186
f 2189/2189/2189 2188/2188/2188 2186/2186/2186
f 2192/2192/2192 2191/2191/2191 2190/2190/2190
f 2193/2193/2193 2192/2192/2192 2190/2190/2190
f 2196/2196/2196 2195/2195/2195 2194/2194/2194
f 2197/2197/2197 2196/2196/2196 2194/2194/2194
f 2200/2200/2200 2199/2199/2199 2198/2198/2198
f 2201/2201/2201 2200/2200/2200 2198/2198/2198
f 2204/2204/2204 2203/2203/2203 2202/2202/2202
f 2205/2205/2205 2204/2204/2204 2202/2202/2202
f 2208/2208/2208 2207/2207/2207 2206/2206/2206
f 2209/2209/2209 2208/2208/2208 2206/2206/2206
f 2212/2212/2212 2211/2211/2211 2210/2210/2210
f 2213/2213/2213 2212/2212/2212 2210/2210/2210
f 2216/2216/2216 2215/2215/2215 2214/2214/2214
f 2215/2215/2215 2217/2217/2217 2214/2214/2214
f 2215/2215/2215 2218/2218/2218 2217/2217/2217
f 2215/2215/2215 2219/2219/2219 2218/2218/2218
f 2220/2220/2220 2218/2218/2218 2219/2219/2219
f 2220/2220/2220 2219/2219/2219 2221/2221/2221
f 2224/2224/2224 2223/2223/2223 2222/2222/2222
f 2225/2225/2225 2224/2224/2224 2222/2222/2222
f 2228/2228/2228 2227/2227/2227 2226/2226/2226
f 2229/2229/2229 2228/2228/2228 2226/2226/2226
f 2230/2230/2230 2229/2229/2229 2226/2226/2226
f 2231/2231/2231 2230/2230/2230 2226/2226/2226
f 2234/2234/2234 2233/2233/2233 2232/2232/2232
f 2235/2235/2235 2234/2234/2234 2232/2232/2232
f 2238/2238/2238 2237/2237/2237 2236/2236/2236
f 2237/2237/2237 2239/2239/2239 2236/2236/2236
f 2237/2237/2237 2240/2240/2240 2239/2239/2239
f 2243/2243/2243 2242/2242/2242 2241/2241/2241
f 2244/2244/2244 2243/2243/2243 2241/2241/2241
f 2247/2247/2247 2246/2246/2246 2245/2245/2245
f 2248/2248/2248 2247/2247/2247 2245/2245/2245
f 2251/2251/2251 2250/2250/2250 2249/2249/2249
f 2252/2252/2252 2251/2251/2251 2249/2249/2249
f 2255/2255/2255 2254/2254/2254 2253/2253/2253
f 2254/2254/2254 2256/2256/2256 2253/2253/2253
f 2254/2254/2254 2257/2257/2257 2256/2256/2256
f 2257/2257/2257 2254/2254/2254 2258/2258/2258
f 2254/2254/2254 2259/2259/2259 2258/2258/2258
f 2258/2258/2258 2259/2259/2259 2260/2260/2260
f 2260/2260/2260 2259/2259/2259 2261/2261/2261
f 2259/2259/2259 2262/2262/2262 2261/2261/2261
f 2265/2265/2265 2264/2264/2264 2263/2263/2263
f 2264/2264/2264 2266/2266/2266 2263/2263/2263
f 2267/2267/2267 2266/2266/2266 2264/2264/2264
f 2268/2268/2268 2267/2267/2267 2264/2264/2264
f 2268/2268/2268 2269/2269/2269 2267/2267/2267
f 2269/2269/2269 2270/2270/2270 2267/2267/2267
f 2273/2273/2273 2272/2272/2272 2271/2271/2271
f 2272/2272/2272 2274/2274/2274 2271/2271/2271
f 2274/2274/2274 2275/2275/2275 2271/2271/2271
f 2275/2275/2275 2276/2276/2276 2271/2271/2271
f 2275/2275/2275 2277/2277/2277 2276/2276/2276
f 2277/2277/2277 2278/2278/2278 2276/2276/2276
f 2281/2281/2281 2280/2280/2280 2279/2279/2279
f 2282/2282/2282 2281/2281/2281 2279/2279/2279
f 2285/2285/2285 2284/2284/2284 2283/2283/2283
f 2286/2286/2286 2285/2285/2285 2283/2283/2283
f 2287/2287/2287 2285/2285/2285 2286/2286/2286
f 2288/2288/2288 2287/2287/2287 2286/2286/2286
f 2291/2291/2291 2290/2290/2290 2289/2289/2289
f 2292/2292/2292 2291/2291/2291 2289/2289/2289
f 2295/2295/2295 2294/2294/2294 2293/2293/2293
f 2296/2296/2296 2295/2295/2295 2293/2293/2293
f 2299/2299/2299 2298/2298/2298 2297/2297/2297
f 2300/2300/2300 2299/2299/2299 2297/2297/2297
f 2303/2303/2303 2302/2302/2302 2301/2301/2301
f 2304/2304/2304 2303/2303/2303 2301/2301/2301
f 2305/2305/2305 2303/2303/2303 2304/2304/2304
f 2306/2306/2306 2303/2303/2303 2305/2305/2305
f 2306/2306/2306 2305/2305/2305 2307/2307/2307
f 2305/2305/2305 2308/2308/2308 2307/2307/2307
f 2311/2311/2311 2310/2310/2310 2309/2309/2309
f 2312/2312/2312 2311/2311/2311 2309/2309/2309
f 2315/2315/2315 2314/2314/2314 2313/2313/2313
f 2316/2316/2316 2315/2315/2315 2313/2313/2313
f 2317/2317/2317 2315/2315/2315 2316/2316/2316
f 2320/2320/2320 2319/2319/2319 2318/2318/2318
f 2321/2321/2321 2320/2320/2320 2318/2318/2318
f 2324/2324/2324 2323/2323/2323 2322/2322/2322
f 2325/2325/2325 2324/2324/2324 2322/2322/2322
f 2328/2328/2328 2327/2327/2327 2326/2326/2326
f 2329/2329/2329 2328/2328/2328 2326/2326/2326
f 2332/2332/2332 2331/2331/2331 2330/2330/2330
f 2333/2333/2333 2332/2332/2332 2330/2330/2330
f 2336/2336/2336 2335/2335/2335 2334/2334/2334
f 2337/2337/2337 2336/2336/2336 2334/2334/2334
f 2340/2340/2340 2339/2339/2339 2338/2338/2338
f 2341/2341/2341 2340/2340/2340 2338/2338/2338
f 2341/2341/2341 2338/2338/2338 2342/2342/2342
f 2343/2343/2343 2341/2341/2341 2342/2342/2342
f 2346/2346/2346 2345/2345/2345 2344/2344/2344
f 2347/2347/2347 2346/2346/2346 2344/2344/2344
f 2350/2350/2350 2349/2349/2349 2348/2348/2348
f 2349/2349/2349 2351/2351/2351 2348/2348/2348
f 2349/2349/2349 2352/2352/2352 2351/2351/2351
f 2352/2352/2352 2353/2353/2353 2351/2351/2351
f 2356/2356/2356 2355/2355/2355 2354/2354/2354
f 2357/2357/2357 2356/2356/2356 2354/2354/2354
f 2360/2360/2360 2359/2359/2359 2358/2358/2358
f 2359/2359/2359 2361/2361/2361 2358/2358/2358
f 2362/2362/2362 2361/2361/2361 2359/2359/2359
f 2363/2363/2363 2362/2362/2362 2359/2359/2359
f 2364/2364/2364 2362/2362/2362 2363/2363/2363
f 2365/2365/2365 2364/2364/2364 2363/2363/2363
f 2368/2368/2368 2367/2367/2367 2366/2366/2366
f 2369/2369/2369 2368/2368/2368 2366/2366/2366
f 2372/2372/2372 2371/2371/2371 2370/2370/2370
f 2373/2373/2373 2372/2372/2372 2370/2370/2370
f 2376/2376/2376 2375/2375/2375 2374/2374/2374
f 2377/2377/2377 2376/2376/2376 2374/2374/2374
f 2380/2380/2380 2379/2379/2379 2378/2378/2378
f 2381/2381/2381 2380/2380/2380 2378/2378/2378
f 2384/2384/2384 2383/2383/2383 2382/2382/2382
f 2385/2385/2385 2384/2384/2384 2382/2382/2382
f 2388/2388/2388 2387/2387/2387 2386/2386/2386
f 2389/2389/2389 2388/2388/2388 2386/2386/2386
f 2392/2392/2392 2391/2391/2391 2390/2390/2390
f 2390/2390/2390 2393/2393/2393 2392/2392/2392
f 2393/2393/2393 2394/2394/2394 2392/2392/2392
f 2397/2397/2397 2396/2396/2396 2395/2395/2395
f 2396/2396/2396 2398/2398/2398 2395/2395/2395
f 2399/2399/2399 2398/2398/2398 2396/2396/2396
f 2402/2402/2402 2401/2401/2401 2400/2400/2400
f 2401/2401/2401 2403/2403/2403 2400/2400/2400
f 2401/2401/2401 2404/2404/2404 2403/2403/2403
f 2407/2407/2407 2406/2406/2406 2405/2405/2405
f 2408/2408/2408 2406/2406/2406 2407/2407/2407
f 2409/2409/2409 2408/2408/2408 2407/2407/2407
f 2412/2412/2412 2411/2411/2411 2410/2410/2410
f 2413/2413/2413 2412/2412/2412 2410/2410/2410
f 2416/2416/2416 2415/2415/2415 2414/2414/2414
f 2416/2416/2416 2417/2417/2417 2415/2415/2415
f 2417/2417/2417 2418/2418/2418 2415/2415/2415
f 2421/2421/2421 2420/2420/2420 2419/2419/2419
f 2422/2422/2422 2421/2421/2421 2419/2419/2419
f 2425/2425/2425 2424/2424/2424 2423/2423/2423
f 2426/2426/2426 2425/2425/2425 2423/2423/2423
f 2429/2429/2429 2428/2428/2428 2427/2427/2427
f 2427/2427/2427 2428/2428/2428 2430/2430/2430
f 2428/2428/2428 2431/2431/2431 2430/2430/2430
f 2434/2434/2434 2433/2433/2433 2432/2432/2432
f 2435/2435/2435 2434/2434/2434 2432/2432/2432
f 2438/2438/2438 2437/2437/2437 2436/2436/2436
f 2439/2439/2439 2438/2438/2438 2436/2436/2436
f 2440/2440/2440 2438/2438/2438 2439/2439/2439
f 2443/2443/2443 2442/2442/2442 2441/2441/2441
f 2443/2443/2443 2444/2444/2444 2442/2442/2442
f 2444/2444/2444 2445/2445/2445 2442/2442/2442
f 2448/2448/2448 2447/2447/2447 2446/2446/2446
f 2446/2446/2446 2447/2447/2447 2449/2449/2449
f 2447/2447/2447 2450/2450/2450 2449/2449/2449
f 2453/2453/2453 2452/2452/2452 2451/2451/2451
f 2453/2453/2453 2451/2451/2451 2454/2454/2454
f 2455/2455/2455 2453/2453/2453 2454/2454/2454
f 2458/2458/2458 2457/2457/2457 2456/2456/2456
f 2458/2458/2458 2456/2456/2456 2459/2459/2459
f 2460/2460/2460 2458/2458/2458 2459/2459/2459
f 2463/2463/2463 2462/2462/2462 2461/2461/2461
f 2462/2462/2462 2464/2464/2464 2461/2461/2461
f 2464/2464/2464 2462/2462/2462 2465/2465/2465
f 2468/2468/2468 2467/2467/2467 2466/2466/2466
f 2467/2467/2467 2469/2469/2469 2466/2466/2466
f 2466/2466/2466 2469/2469/2469 2470/2470/2470
f 2473/2473/2473 2472/2472/2472 2471/2471/2471
f 2474/2474/2474 2473/2473/2473 2471/2471/2471
f 2477/2477/2477 2476/2476/2476 2475/2475/2475
f 2476/2476/2476 2478/2478/2478 2475/2475/2475
f 2475/2475/2475 2478/2478/2478 2479/2479/2479
f 2482/2482/2482 2481/2481/2481 2480/2480/2480
f 2483/2483/2483 2482/2482/2482 2480/2480/2480
f 2483/2483/2483 2480/2480/2480 2484/2484/2484
f 2487/2487/2487 2486/2486/2486 2485/2485/2485
f 2488/2488/2488 2487/2487/2487 2485/2485/2485
f 2491/2491/2491 2490/2490/2490 2489/2489/2489
f 2489/2489/2489 2490/2490/2490 2492/2492/2492
f 2490/2490/2490 2493/2493/2493 2492/2492/2492
f 2496/2496/2496 2495/2495/2495 2494/2494/2494
f 2495/2495/2495 2496/2496/2496 2497/2497/2497
f 2496/2496/2496 2498/2498/2498 2497/2497/2497
f 2501/2501/2501 2500/2500/2500 2499/2499/2499
f 2499/2499/2499 2500/2500/2500 2502/2502/2502
f 2500/2500/2500 2503/2503/2503 2502/2502/2502
f 2506/2506/2506 2505/2505/2505 2504/2504/2504
f 2506/2506/2506 2504/2504/2504 2507/2507/2507
f 2508/2508/2508 2506/2506/2506 2507/2507/2507
f 2511/2511/2511 2510/2510/2510 2509/2509/2509
f 2511/2511/2511 2509/2509/2509 2512/2512/2512
f 2513/2513/2513 2511/2511/2511 2512/2512/2512
f 2516/2516/2516 2515/2515/2515 2514/2514/2514
f 2516/2516/2516 2514/2514/2514 2517/2517/2517
f 2518/2518/2518 2516/2516/2516 2517/2517/2517
f 2521/2521/2521 2520/2520/2520 2519/2519/2519
f 2522/2522/2522 2521/2521/2521 2519/2519/2519
f 2525/2525/2525 2524/2524/2524 2523/2523/2523
f 2526/2526/2526 2525/2525/2525 2523/2523/2523
f 2529/2529/2529 2528/2528/2528 2527/2527/2527
f 2530/2530/2530 2529/2529/2529 2527/2527/2527
f 2533/2533/2533 2532/2532/2532 2531/2531/2531
f 2534/2534/2534 2533/2533/2533 2531/2531/2531
f 2534/2534/2534 2531/2531/2531 2535/2535/2535
f 2538/2538/2538 2537/2537/2537 2536/2536/2536
f 2539/2539/2539 2537/2537/2537 2538/2538/2538
f 2540/2540/2540 2539/2539/2539 2538/2538/2538
f 2543/2543/2543 2542/2542/2542 2541/2541/2541
f 2544/2544/2544 2543/2543/2543 2541/2541/2541
f 2545/2545/2545 2543/2543/2543 2544/2544/2544
f 2548/2548/2548 2547/2547/2547 2546/2546/2546
f 2549/2549/2549 2546/2546/2546 2547/2547/2547
f 2550/2550/2550 2549/2549/2549 2547/2547/2547
f 2553/2553/2553 2552/2552/2552 2551/2551/2551
f 2554/2554/2554 2553/2553/2553 2551/2551/2551
f 2557/2557/2557 2556/2556/2556 2555/2555/2555
f 2557/2557/2557 2555/2555/2555 2558/2558/2558
f 2555/2555/2555 2559/2559/2559 2558/2558/2558
f 2562/2562/2562 2561/2561/2561 2560/2560/2560
f 2562/2562/2562 2560/2560/2560 2563/2563/2563
f 2564/2564/2564 2562/2562/2562 2563/2563/2563
f 2567/2567/2567 2566/2566/2566 2565/2565/2565
f 2565/2565/2565 2568/2568/2568 2567/2567/2567
f 2568/2568/2568 2569/2569/2569 2567/2567/2567
f 2572/2572/2572 2571/2571/2571 2570/2570/2570
f 2572/2572/2572 2570/2570/2570 2573/2573/2573
f 2574/2574/2574 2572/2572/2572 2573/2573/2573
f 2577/2577/2577 2576/2576/2576 2575/2575/2575
f 2575/2575/2575 2576/2576/2576 2578/2578/2578
f 2576/2576/2576 2579/2579/2579 2578/2578/2578
f 2582/2582/2582 2581/2581/2581 2580/2580/2580
f 2583/2583/2583 2580/2580/2580 2581/2581/2581
f 2584/2584/2584 2583/2583/2583 2581/2581/2581
f 2587/2587/2587 2586/2586/2586 2585/2585/2585
f 2585/2585/2585 2586/2586/2586 2588/2588/2588
f 2586/2586/2586 2589/2589/2589 2588/2588/2588
f 2592/2592/2592 2591/2591/2591 2590/2590/2590
f 2593/2593/2593 2592/2592/2592 2590/2590/2590
f 2596/2596/2596 2595/2595/2595 2594/2594/2594
f 2597/2597/2597 2596/2596/2596 2594/2594/2594
f 2600/2600/2600 2599/2599/2599 2598/2598/2598
f 2601/2601/2601 2600/2600/2600 2598/2598/2598
f 2604/2604/2604 2603/2603/2603 2602/2602/2602
f 2605/2605/2605 2604/2604/2604 2602/2602/2602
f 2608/2608/2608 2607/2607/2607 2606/2606/2606
f 2609/2609/2609 2607/2607/2607 2608/2608/2608
f 2610/2610/2610 2609/2609/2609 2608/2608/2608
f 2609/2609/2609 2610/2610/2610 2611/2611/2611
f 2612/2612/2612 2608/2608/2608 2606/2606/2606
f 2610/2610/2610 2613/2613/2613 2611/2611/2611
f 2612/2612/2612 2606/2606/2606 2614/2614/2614
f 2606/2606/2606 2611/2611/2611 2614/2614/2614
f 2615/2615/2615 2612/2612/2612 2614/2614/2614
f 2611/2611/2611 2613/2613/2613 2616/2616/2616
f 2611/2611/2611 2616/2616/2616 2614/2614/2614
f 2615/2615/2615 2614/2614/2614 2616/2616/2616
f 2613/2613/2613 2617/2617/2617 2616/2616/2616
f 2617/2617/2617 2615/2615/2615 2616/2616/2616
f 2620/2620/2620 2619/2619/2619 2618/2618/2618
f 2618/2618/2618 2619/2619/2619 2621/2621/2621
f 2622/2622/2622 2620/2620/2620 2618/2618/2618
f 2623/2623/2623 2618/2618/2618 2621/2621/2621
f 2624/2624/2624 2622/2622/2622 2618/2618/2618
f 2625/2625/2625 2622/2622/2622 2624/2624/2624
f 2623/2623/2623 2626/2626/2626 2618/2618/2618
f 2618/2618/2618 2626/2626/2626 2624/2624/2624
f 2623/2623/2623 2627/2627/2627 2626/2626/2626
f 2627/2627/2627 2628/2628/2628 2626/2626/2626
f 2628/2628/2628 2627/2627/2627 2629/2629/2629
f 2626/2626/2626 2630/2630/2630 2624/2624/2624
f 2627/2627/2627 2631/2631/2631 2629/2629/2629
f 2632/2632/2632 2625/2625/2625 2624/2624/2624
f 2633/2633/2633 2625/2625/2625 2632/2632/2632
f 2630/2630/2630 2634/2634/2634 2624/2624/2624
f 2630/2630/2630 2629/2629/2629 2634/2634/2634
f 2624/2624/2624 2634/2634/2634 2632/2632/2632
f 2629/2629/2629 2631/2631/2631 2635/2635/2635
f 2629/2629/2629 2635/2635/2635 2634/2634/2634
f 2631/2631/2631 2636/2636/2636 2635/2635/2635
f 2635/2635/2635 2636/2636/2636 2637/2637/2637
f 2634/2634/2634 2638/2638/2638 2632/2632/2632
f 2636/2636/2636 2639/2639/2639 2637/2637/2637
f 2640/2640/2640 2633/2633/2633 2632/2632/2632
f 2640/2640/2640 2641/2641/2641 2633/2633/2633
f 2638/2638/2638 2642/2642/2642 2632/2632/2632
f 2638/2638/2638 2637/2637/2637 2642/2642/2642
f 2632/2632/2632 2642/2642/2642 2640/2640/2640
f 2642/2642/2642 2643/2643/2643 2640/2640/2640
f 2640/2640/2640 2643/2643/2643 2641/2641/2641
f 2637/2637/2637 2644/2644/2644 2642/2642/2642
f 2637/2637/2637 2639/2639/2639 2644/2644/2644
f 2639/2639/2639 2645/2645/2645 2644/2644/2644
f 2643/2643/2643 2646/2646/2646 2641/2641/2641
f 2644/2644/2644 2645/2645/2645 2646/2646/2646
f 2646/2646/2646 2647/2647/2647 2641/2641/2641
f 2645/2645/2645 2647/2647/2647 2646/2646/2646
f 2650/2650/2650 2649/2649/2649 2648/2648/2648
f 2650/2650/2650 2651/2651/2651 2649/2649/2649
f 2651/2651/2651 2652/2652/2652 2649/2649/2649
f 2651/2651/2651 2653/2653/2653 2652/2652/2652
f 2653/2653/2653 2654/2654/2654 2652/2652/2652
f 2655/2655/2655 2650/2650/2650 2648/2648/2648
f 2653/2653/2653 2655/2655/2655 2654/2654/2654
f 2655/2655/2655 2648/2648/2648 2654/2654/2654
f 2656/2656/2656 2654/2654/2654 2648/2648/2648
f 2657/2657/2657 2656/2656/2656 2648/2648/2648
f 2656/2656/2656 2658/2658/2658 2654/2654/2654
f 2657/2657/2657 2648/2648/2648 2659/2659/2659
f 2658/2658/2658 2660/2660/2660 2654/2654/2654
f 2661/2661/2661 2657/2657/2657 2659/2659/2659
f 2661/2661/2661 2659/2659/2659 2660/2660/2660
f 2658/2658/2658 2661/2661/2661 2660/2660/2660
