g building_CSSZ_LP
v 9.44514465 31.8475342 7.55139542
v 9.09907913 31.9833584 7.93920708
v 7.55722427 32.3662224 7.93920708
v 9.34378433 31.8733444 7.79610062
v 9.09907913 31.9833584 7.93920708
v 9.44514465 31.8475342 7.55139542
v -7.55722427 32.3662224 7.93920708
v -9.09907913 31.9833584 7.93920708
v -9.34378433 31.8733444 7.79610062
v -40.2382889 25.6514301 -7.63465786
v -40.2577629 25.6514301 -7.41361618
v -40.1244202 25.6514301 -7.41362095
v -40.2382889 25.6514301 7.63465977
v -40.1244202 25.6514301 7.41362095
v -40.2577629 25.6514301 7.41361809
v 4.797575 32.3662224 7.93920708
v 6.17739964 32.4477119 7.93920708
v 7.55722427 32.3662224 7.93920708
v -4.797575 32.3662224 7.93920708
v -7.55722427 32.3662224 7.93920708
v -6.17739964 32.4477119 7.93920708
v 34.5056648 27.09091 -6.81668472
v 33.9962311 27.09091 -6.30725288
v -34.5056648 27.09091 -6.81668472
v -34.5056648 27.09091 -6.81668472
v -34.5056648 26.8475704 -6.81668425
v 34.5056648 26.8475704 -6.81668472
v -33.9962311 27.09091 -6.30725288
v -34.5056648 27.09091 -6.81668472
v 33.9962311 27.09091 -6.30725288
v -34.5056648 27.09091 -6.81668472
v 34.5056648 26.8475704 -6.81668472
v 34.5056648 27.09091 -6.81668472
v -34.0486031 29.2377434 -6.30725336
v -34.0486031 30.0428772 -6.30725336
v -34.0486031 30.0428772 7.78359127
v -34.0486031 29.2377434 7.78359127
v 9.2895298 29.2377434 7.78359127
v 9.2895298 30.0428772 7.78359127
v 34.2632408 30.0428772 7.78359127
v 34.2632408 29.2377434 7.78359127
v -9.39622307 30.0428772 7.28359127
v -9.39622307 30.0428772 7.78359127
v -34.0486031 30.0428772 7.78359127
v -33.5486031 30.0428772 7.28359127
v -34.0486031 30.0428772 -6.30725336
v -33.5486031 30.0428772 -5.80725336
v 34.2632408 30.0428772 -6.30725336
v 33.7632408 30.0428772 -5.80725336
v 34.2632408 30.0428772 7.78359127
v 33.7632408 30.0428772 7.28359127
v 9.2895298 30.0428772 7.78359127
v 9.2895298 30.0428772 7.28359127
v -33.5486031 30.0428772 -5.80725336
v -33.5486031 29.7351112 -5.80725336
v -33.5486031 29.7351112 7.28359127
v -33.5486031 30.0428772 7.28359127
v 9.2895298 30.0428772 7.28359127
v 9.2895298 29.7351112 7.28359127
v 33.7632408 29.7351112 7.28359127
v 33.7632408 30.0428772 7.28359127
v -33.5486031 30.0428772 7.28359127
v -33.5486031 29.7351112 7.28359127
v -9.39622307 29.7351112 7.28359127
v -9.39622307 30.0428772 7.28359127
v 33.7632408 30.0428772 -5.80725336
v 33.7632408 29.7351112 -5.80725336
v -33.5486031 29.7351112 -5.80725336
v -33.5486031 30.0428772 -5.80725336
v -34.0486031 29.2377434 7.78359127
v -34.0486031 30.0428772 7.78359127
v -9.39622307 30.0428772 7.78359127
v -9.39622307 29.2377434 7.78359318
v 34.2632408 29.2377434 -6.30725336
v 34.2632408 30.0428772 -6.30725336
v -34.0486031 30.0428772 -6.30725336
v -34.0486031 29.2377434 -6.30725336
v -33.5486031 29.7351112 7.28359127
v -9.39622307 29.7351112 1.48271465
v -9.39622307 29.7351112 7.28359127
v -33.5486031 29.7351112 -5.80725336
v 33.7632408 29.7351112 -5.80725336
v 9.28953171 29.7351112 1.48271465
v 9.2895298 29.7351112 7.28359127
v 33.7632408 29.7351112 7.28359127
v 34.2632408 29.2377434 7.78359127
v 34.2632408 30.0428772 7.78359127
v 34.2632408 30.0428772 -6.30725336
v 34.2632408 29.2377434 -6.30725336
v 33.7632408 30.0428772 7.28359127
v 33.7632408 29.7351112 7.28359127
v 33.7632408 29.7351112 -5.80725336
v 33.7632408 30.0428772 -5.80725336
v -34.5056648 26.8475704 8.23335648
v -40.5080109 26.8475704 8.23335648
v -40.5080109 26.9971218 8.23335648
v -34.5056648 26.9971218 8.23335648
v 34.5056648 26.8475704 8.23335648
v 34.5056648 26.9971218 8.23335648
v 40.4885368 26.8475704 8.23335743
v 40.4885368 26.9971218 8.23335743
v -34.5056648 26.9971218 7.78359032
v -40.0584564 26.9971218 7.78359032
v -40.0584564 26.8475704 7.78359032
v -34.5056648 26.8475704 7.78359032
v 34.5056648 26.9971218 7.78359079
v 34.5056648 26.8475704 7.78359079
v 40.0389824 26.9971218 7.78359127
v 40.0389824 26.8475704 7.78359127
v -40.5080109 26.8475704 -8.23335648
v -40.5080109 26.9971218 -8.23335648
v -40.5080109 26.9971218 8.23335648
v -40.5080109 26.8475704 8.23335648
v 40.4885368 26.8475704 -8.23335743
v 40.4885368 26.8475704 8.23335743
v 40.4885368 26.9971218 8.23335743
v 40.4885368 26.9971218 -8.23335743
v 40.0389824 26.9971218 -7.78358936
v 40.0389824 26.8475704 -7.78358936
v -40.0584564 26.8475704 -7.78358841
v -40.0584564 26.9971218 -7.78358841
v 40.4885368 26.8475704 -8.23335743
v 40.4885368 26.9971218 -8.23335743
v -40.5080109 26.9971218 -8.23335648
v -40.5080109 26.8475704 -8.23335648
v 40.0389824 26.8475704 7.78359127
v 34.5056648 26.8475704 7.78359079
v 34.5056648 26.8475704 -6.81668472
v 40.0389824 26.8475704 -7.78358936
v -40.0584564 26.8475704 -7.78358841
v -34.5056648 26.8475704 -6.81668425
v -34.5056648 26.8475704 7.78359032
v -40.0584564 26.8475704 7.78359032
v 40.0389824 26.9971218 7.78359127
v 40.0389824 26.9971218 -7.78358936
v 40.0389824 26.8475704 -7.78358936
v 40.0389824 26.8475704 7.78359127
v -40.0584564 26.9971218 7.78359032
v -40.0584564 26.9971218 -7.78358841
v -40.0584564 26.8475704 -7.78358841
v -40.0584564 26.8475704 7.78359032
v 9.55249214 0.000314380799 7.82510948
v 9.55252266 25.651432 7.82511044
v 15.0280704 25.651432 7.82511044
v 15.0280399 0.000314380799 7.82510948
v -27.3475151 0.000314619218 7.82510948
v -27.3475113 25.651432 7.82511044
v -21.8719635 25.651432 7.82511044
v -21.8719597 0.000314380799 7.82510948
v 33.9276772 25.651432 7.98072529
v 34.152523 25.651432 7.82511044
v 34.1524925 0.000314380799 7.82510948
v 33.9276772 0.000314615492 7.98072433
v 33.4780693 25.651432 7.82511044
v 33.702858 25.651432 7.98072529
v 33.7028618 0.000314615492 7.98072433
v 33.4780426 0.000314619218 7.82510948
v 33.702858 25.651432 7.98072529
v 33.9276772 25.651432 7.98072529
v 33.9276772 0.000314615492 7.98072433
v 33.7028618 0.000314615492 7.98072433
v 27.7776775 25.651432 7.98072529
v 28.0025234 25.651432 7.82511044
v 28.0024929 0.000314380799 7.82510948
v 27.7776775 0.000314615492 7.98072433
v 27.328043 25.651432 7.82511044
v 27.5528584 25.651432 7.98072529
v 27.5528622 0.000314615492 7.98072433
v 27.3280411 0.000314380799 7.82510948
v 27.5528584 25.651432 7.98072529
v 27.7776775 25.651432 7.98072529
v 27.7776775 0.000314615492 7.98072433
v 27.5528622 0.000314615492 7.98072433
v 21.6276779 25.651432 7.98072529
v 21.8525238 25.651432 7.82511044
v 21.8524933 0.000314380799 7.82510948
v 21.6276779 0.000314615492 7.98072433
v 21.1780434 25.651432 7.82511044
v 21.4028587 25.651432 7.98072529
v 21.4028625 0.000314615492 7.98072433
v 21.1780396 0.000314380799 7.82510948
v 21.4028587 25.651432 7.98072529
v 21.6276779 25.651432 7.98072529
v 21.6276779 0.000314615492 7.98072433
v 21.4028625 0.000314615492 7.98072433
v 15.4776764 25.651432 7.98072529
v 15.7025223 25.651432 7.82511044
v 15.7024918 0.000314380799 7.82510948
v 15.4776764 0.000314615492 7.98072433
v 15.0280704 25.651432 7.82511044
v 15.2528572 25.651432 7.98072529
v 15.252861 0.000314615492 7.98072433
v 15.0280399 0.000314380799 7.82510948
v 15.2528572 25.651432 7.98072529
v 15.4776764 25.651432 7.98072529
v 15.4776764 0.000314615492 7.98072433
v 15.252861 0.000314615492 7.98072433
v 9.32767677 25.651432 7.98072529
v 9.55252266 25.651432 7.82511044
v 9.55249214 0.000314380799 7.82510948
v 9.32767677 0.000314615492 7.98072433
v 8.87804222 25.651432 7.82511044
v 9.10285759 25.651432 7.98072529
v 9.1028614 0.000314615492 7.98072433
v 8.87804222 0.000314619218 7.82510948
v 9.10285759 25.651432 7.98072529
v 9.32767677 25.651432 7.98072529
v 9.32767677 0.000314615492 7.98072433
v 9.1028614 0.000314615492 7.98072433
v 3.17767715 25.651432 7.98072529
v 3.40249252 25.651432 7.82511044
v 3.40249252 0.000314619218 7.82510948
v 3.17767715 0.000314615492 7.98072433
v 2.72803879 25.651432 7.82511044
v 2.95285797 25.651432 7.98072529
v 2.95286179 0.000314615492 7.98072433
v 2.72803879 0.000314619218 7.82510948
v 2.95285797 25.651432 7.98072529
v 3.17767715 25.651432 7.98072529
v 3.17767715 0.000314615492 7.98072433
v 2.95286179 0.000314615492 7.98072433
v -9.1223259 25.651432 7.98072529
v -8.89751053 25.651432 7.82511044
v -8.89750862 0.000314619218 7.82510948
v -9.1223259 0.000314615492 7.98072433
v -9.57196045 25.651432 7.82511044
v -9.34714508 25.651432 7.98072529
v -9.34714127 0.000314615492 7.98072433
v -9.57196045 0.000314619218 7.82510948
v -9.34714508 25.651432 7.98072529
v -9.1223259 25.651432 7.98072529
v -9.1223259 0.000314615492 7.98072433
v -9.34714127 0.000314615492 7.98072433
v -15.2723274 25.651432 7.98072529
v -15.0475121 25.651432 7.82511044
v -15.0475121 0.000314619218 7.82510948
v -15.2723274 0.000314615492 7.98072433
v -15.721962 25.651432 7.82511044
v -15.4971466 25.651432 7.98072529
v -15.4971428 0.000314615492 7.98072433
v -15.721962 0.000314619218 7.82510948
v -15.4971466 25.651432 7.98072529
v -15.2723274 25.651432 7.98072529
v -15.2723274 0.000314615492 7.98072433
v -15.4971428 0.000314615492 7.98072433
v -21.4223289 25.651432 7.98072529
v -21.1975136 25.651432 7.82511044
v -21.1975136 0.000314619218 7.82510948
v -21.4223289 0.000314615492 7.98072433
v -21.8719635 25.651432 7.82511044
v -21.6471481 25.651432 7.98072529
v -21.6471443 0.000314615492 7.98072433
v -21.8719597 0.000314380799 7.82510948
v -21.6471481 25.651432 7.98072529
v -21.4223289 25.651432 7.98072529
v -21.4223289 0.000314615492 7.98072433
v -21.6471443 0.000314615492 7.98072433
v -27.5723305 25.651432 7.98072529
v -27.3475113 25.651432 7.82511044
v -27.3475151 0.000314619218 7.82510948
v -27.5723305 0.000314615492 7.98072433
v -28.021965 25.651432 7.82511044
v -27.7971497 25.651432 7.98072529
v -27.7971458 0.000314615492 7.98072433
v -28.021965 0.000314619218 7.82510948
v -27.7971497 25.651432 7.98072529
v -27.5723305 25.651432 7.98072529
v -27.5723305 0.000314615492 7.98072433
v -27.7971458 0.000314615492 7.98072433
v -33.722332 25.651432 7.98072529
v -33.4975166 25.651432 7.82511044
v -33.4975166 0.000314619218 7.82510948
v -33.722332 0.000314615492 7.98072433
v -34.1719666 25.651432 7.82511044
v -33.9471512 25.651432 7.98072529
v -33.9471474 0.000314615492 7.98072433
v -34.1719589 0.000314380799 7.82510948
v -33.9471512 25.651432 7.98072529
v -33.722332 25.651432 7.98072529
v -33.722332 0.000314615492 7.98072433
v -33.9471474 0.000314615492 7.98072433
v -39.6475143 25.6514301 7.98072529
v -39.8922234 25.6514301 7.98072338
v -39.8922234 26.8475704 7.98072529
v -39.6475143 26.8475704 7.98072529
v 39.6280403 25.6514301 7.98072529
v 39.6280403 26.8475704 7.98072529
v 39.8922234 26.8475704 7.98072529
v 39.8922234 25.6514301 7.98072529
v -39.8922234 25.6514301 7.98072338
v -40.1369286 26.8475704 7.87936497
v -39.8922234 26.8475704 7.98072529
v -40.1369286 25.6514301 7.87936497
v -39.8922234 0.000527612865 7.98072338
v -40.1369286 0.000527612865 7.87936306
v -39.6475143 25.6514301 7.98072529
v -39.6475143 25.6514301 7.82511044
v -39.8922234 25.6514301 7.98072338
v 39.6280403 25.6514263 7.82510853
v 39.6280403 25.6514301 7.98072529
v 39.8922234 25.6514301 7.98072529
v 39.8922234 25.6514301 7.98072529
v 39.8922234 26.8475704 7.98072529
v 40.1369286 26.8475704 7.87936497
v 40.1369286 25.6514301 7.87936497
v 39.8922234 0.000527612865 7.98072338
v 40.1369286 0.000527612865 7.87936306
v 39.6280403 0.000314380799 7.82510948
v 39.6280403 25.6514263 7.82510853
v 39.8922234 25.6514301 7.98072529
v 39.8922234 0.000527612865 7.98072338
v -39.6280403 0.000527381897 7.82510853
v -39.8922234 0.000527612865 7.98072338
v -39.8922234 25.6514301 7.98072338
v -39.6280403 25.6514263 7.82510853
v -8.89750862 0.000314619218 7.82510948
v -8.89751053 25.651432 7.82511044
v -3.42195892 25.651432 7.82511044
v -3.42196131 0.000314619218 7.82510948
v -2.747509 0.000314619218 7.82510948
v -2.747509 25.651432 7.82511044
v 2.72803879 25.651432 7.82511044
v 2.72803879 0.000314619218 7.82510948
v 21.8525238 25.651432 7.82511044
v 27.328043 25.651432 7.82511044
v 27.3280411 0.000314380799 7.82510948
v 21.8524933 0.000314380799 7.82510948
v 28.0024929 0.000314380799 7.82510948
v 28.0025234 25.651432 7.82511044
v 33.4780693 25.651432 7.82511044
v 33.4780426 0.000314619218 7.82510948
v 15.7024918 0.000314380799 7.82510948
v 15.7025223 25.651432 7.82511044
v 21.1780434 25.651432 7.82511044
v 21.1780396 0.000314380799 7.82510948
v 34.152523 25.651432 7.82511044
v 39.6280403 25.6514263 7.82510853
v 39.6280403 0.000314380799 7.82510948
v 34.1524925 0.000314380799 7.82510948
v -21.1975136 0.000314619218 7.82510948
v -21.1975136 25.651432 7.82511044
v -15.721962 25.651432 7.82511044
v -15.721962 0.000314619218 7.82510948
v -33.4975166 0.000314619218 7.82510948
v -33.4975166 25.651432 7.82511044
v -28.021965 25.651432 7.82511044
v -28.021965 0.000314619218 7.82510948
v -39.6475067 0.000314380799 7.82510948
v -39.6475143 25.6514301 7.82511044
v -34.1719666 25.651432 7.82511044
v -34.1719589 0.000314380799 7.82510948
v -15.0475121 0.000314619218 7.82510948
v -15.0475121 25.651432 7.82511044
v -9.57196045 25.651432 7.82511044
v -9.57196045 0.000314619218 7.82510948
v 3.40249252 0.000314619218 7.82510948
v 3.40249252 25.651432 7.82511044
v 8.87804222 25.651432 7.82511044
v 8.87804222 0.000314619218 7.82510948
v 9.44514465 31.8475342 1.48271465
v 9.44514465 31.0479832 7.55139542
v 9.44514465 31.8475342 7.55139542
v 9.44514465 29.7351112 1.48271465
v 9.44514465 29.7351112 7.28721237
v 3.06526947 31.8475342 1.48271465
v 4.797575 32.2647438 1.48271465
v 4.797575 32.3662224 7.93920708
v 3.06526947 31.9490147 7.93920708
v 1.33296394 32.2647438 1.48271465
v 3.06526947 31.8475342 1.48271465
v 3.06526947 31.9490147 7.93920708
v 1.33296394 32.3662224 7.93920708
v 6.17739964 32.3462334 1.48271465
v 7.55722427 32.2647438 1.48271465
v 7.55722427 32.3662224 7.93920708
v 6.17739964 32.4477119 7.93920708
v 4.797575 32.2647438 1.48271465
v 6.17739964 32.3462334 1.48271465
v 6.17739964 32.4477119 7.93920708
v 4.797575 32.3662224 7.93920708
v -0.00163501501 32.3462334 1.48271465
v 1.33296394 32.2647438 1.48271465
v 1.33296394 32.3662224 7.93920708
v 0.00163501501 32.4477119 7.93920708
v 9.44514465 31.8475342 7.55139542
v 7.55722427 32.3662224 7.93920708
v 7.55722427 32.2647438 1.48271465
v 9.44514465 31.8475342 1.48271465
v -3.06526947 31.8475342 1.48271465
v -3.06526947 31.9490147 7.93920708
v -4.797575 32.3662224 7.93920708
v -4.797575 32.2647438 1.48271465
v -1.33296394 32.2647438 1.48271465
v -1.33296394 32.3662224 7.93920708
v -3.06526947 31.9490147 7.93920708
v -3.06526947 31.8475342 1.48271465
v -6.17739964 32.3462334 1.48271465
v -6.17739964 32.4477119 7.93920708
v -7.55722427 32.3662224 7.93920708
v -7.55722427 32.2647438 1.48271465
v -4.797575 32.2647438 1.48271465
v -4.797575 32.3662224 7.93920708
v -6.17739964 32.4477119 7.93920708
v -6.17739964 32.3462334 1.48271465
v -0.00163501501 32.3462334 1.48271465
v 0.00163501501 32.4477119 7.93920708
v -1.33296394 32.3662224 7.93920708
v -1.33296394 32.2647438 1.48271465
v -9.44514465 31.8475342 7.55139542
v -7.55722427 32.3662224 7.93920708
v -9.34378433 31.8733444 7.79610062
v -7.55722427 32.2647438 1.48271465
v -9.44514465 31.8475342 1.48271465
v 6.17739964 32.3462334 1.48271465
v 4.797575 32.2647438 1.48271465
v 7.55722427 32.2647438 1.48271465
v 9.44514465 31.8475342 1.48271465
v 3.06526947 31.8475342 1.48271465
v 9.44514465 29.7351112 1.48271465
v 3.06526947 29.7351112 1.48271465
v -0.00163501501 31.8475342 1.48271465
v 0.00163501501 29.7351112 1.48271465
v 1.33296394 32.2647438 1.48271465
v -3.06526947 29.7351112 1.48271465
v -0.00163501501 32.2647438 1.48271465
v -0.00163501501 32.3462334 1.48271465
v -1.33296394 32.2647438 1.48271465
v -3.06526947 31.8475342 1.48271465
v -9.44514465 29.7351112 1.48271465
v -9.44514465 31.8475342 1.48271465
v -4.797575 32.2647438 1.48271465
v -7.55722427 32.2647438 1.48271465
v -6.17739964 32.3462334 1.48271465
v 39.6280403 0.000314567413 -7.82510948
v 39.6280403 25.6514263 -7.82510853
v 34.1524925 25.651432 -7.82510853
v 34.1524925 0.000314567413 -7.82510948
v 21.1780434 0.000314805831 -7.82510948
v 21.1780434 25.651432 -7.82510853
v 15.7024918 25.651432 -7.82510853
v 15.7024918 0.000314567413 -7.82510948
v -9.57196045 0.000314805831 -7.82510948
v -9.57196426 25.651432 -7.82510853
v -15.0475121 25.651432 -7.82510853
v -15.0475121 0.000314805831 -7.82510948
v 27.3280411 0.000314567413 -7.82510948
v 27.3280411 25.651432 -7.82510853
v 21.8524933 25.651432 -7.82510853
v 21.8524933 0.000314567413 -7.82510948
v -34.1719589 0.000314567413 -7.82510948
v -34.1719704 25.651432 -7.82510853
v -39.6475143 25.6514301 -7.82510853
v -39.6475067 0.000314567413 -7.82510948
v 33.9276772 25.651432 -7.98072338
v 33.9276772 0.000314805831 -7.98072433
v 34.1524925 0.000314567413 -7.82510948
v 34.1524925 25.651432 -7.82510853
v 33.4780388 25.651432 -7.82510853
v 33.4780388 0.000314567413 -7.82510948
v 33.7028618 0.000314805831 -7.98072433
v 33.702858 25.651432 -7.98072338
v 33.702858 25.651432 -7.98072338
v 33.7028618 0.000314805831 -7.98072433
v 33.9276772 0.000314805831 -7.98072433
v 33.9276772 25.651432 -7.98072338
v 27.7776775 25.651432 -7.98072338
v 27.7776775 0.000314805831 -7.98072433
v 28.0024929 0.000314567413 -7.82510948
v 28.0024929 25.651432 -7.82510853
v 27.3280411 25.651432 -7.82510853
v 27.3280411 0.000314567413 -7.82510948
v 27.5528622 0.000314805831 -7.98072433
v 27.5528584 25.651432 -7.98072338
v 27.5528584 25.651432 -7.98072338
v 27.5528622 0.000314805831 -7.98072433
v 27.7776775 0.000314805831 -7.98072433
v 27.7776775 25.651432 -7.98072338
v 21.6276779 25.651432 -7.98072338
v 21.6276779 0.000314805831 -7.98072433
v 21.8524933 0.000314567413 -7.82510948
v 21.8524933 25.651432 -7.82510853
v 21.1780434 25.651432 -7.82510853
v 21.1780434 0.000314805831 -7.82510948
v 21.4028625 0.000314805831 -7.98072433
v 21.4028587 25.651432 -7.98072338
v 21.4028587 25.651432 -7.98072338
v 21.4028625 0.000314805831 -7.98072433
v 21.6276779 0.000314805831 -7.98072433
v 21.6276779 25.651432 -7.98072338
v 15.4776764 25.651432 -7.98072338
v 15.4776764 0.000314805831 -7.98072433
v 15.7024918 0.000314567413 -7.82510948
v 15.7024918 25.651432 -7.82510853
v 15.0280418 25.651432 -7.82510853
v 15.0280399 0.000314567413 -7.82510948
v 15.252861 0.000314805831 -7.98072433
v 15.2528572 25.651432 -7.98072338
v 15.2528572 25.651432 -7.98072338
v 15.252861 0.000314805831 -7.98072433
v 15.4776764 0.000314805831 -7.98072433
v 15.4776764 25.651432 -7.98072338
v 9.32767677 25.651432 -7.98072338
v 9.32767677 0.000314805831 -7.98072433
v 9.55249214 0.000314567413 -7.82510948
v 9.55249214 25.651432 -7.82510853
v 8.87804031 25.651432 -7.82510853
v 8.87804031 0.000314448203 -7.82510948
v 9.1028614 0.000314805831 -7.98072433
v 9.10285759 25.651432 -7.98072338
v 9.10285759 25.651432 -7.98072338
v 9.1028614 0.000314805831 -7.98072433
v 9.32767677 0.000314805831 -7.98072433
v 9.32767677 25.651432 -7.98072338
v -9.1223259 25.651432 -7.98072338
v -9.1223259 0.000314805831 -7.98072433
v -8.89751053 0.000314805831 -7.82510948
v -8.89751053 25.651432 -7.82510853
v -9.57196426 25.651432 -7.82510853
v -9.57196045 0.000314805831 -7.82510948
v -9.34714127 0.000314805831 -7.98072433
v -9.34714508 25.651432 -7.98072338
v -9.34714508 25.651432 -7.98072338
v -9.34714127 0.000314805831 -7.98072433
v -9.1223259 0.000314805831 -7.98072433
v -9.1223259 25.651432 -7.98072338
v -15.2723274 25.651432 -7.98072338
v -15.2723274 0.000314805831 -7.98072433
v -15.0475121 0.000314805831 -7.82510948
v -15.0475121 25.651432 -7.82510853
v -15.7219658 25.651432 -7.82510853
v -15.7219601 0.000314567413 -7.82510948
v -15.4971428 0.000314805831 -7.98072433
v -15.4971466 25.651432 -7.98072338
v -15.4971466 25.651432 -7.98072338
v -15.4971428 0.000314805831 -7.98072433
v -15.2723274 0.000314805831 -7.98072433
v -15.2723274 25.651432 -7.98072338
v -21.4223289 25.651432 -7.98072338
v -21.4223289 0.000314805831 -7.98072433
v -21.1975136 0.000314805831 -7.82510948
v -21.1975136 25.651432 -7.82510853
v -21.8719635 25.651432 -7.82510853
v -21.8719597 0.000314567413 -7.82510948
v -21.6471443 0.000314805831 -7.98072433
v -21.6471481 25.651432 -7.98072338
v -21.6471481 25.651432 -7.98072338
v -21.6471443 0.000314805831 -7.98072433
v -21.4223289 0.000314805831 -7.98072433
v -21.4223289 25.651432 -7.98072338
v -27.5723305 25.651432 -7.98072338
v -27.5723305 0.000314805831 -7.98072433
v -27.3475075 0.000314567413 -7.82510948
v -27.3475151 25.651432 -7.82510853
v -28.0219688 25.651432 -7.82510853
v -28.0219612 0.000314567413 -7.82510948
v -27.7971458 0.000314805831 -7.98072433
v -27.7971497 25.651432 -7.98072338
v -27.7971497 25.651432 -7.98072338
v -27.7971458 0.000314805831 -7.98072433
v -27.5723305 0.000314805831 -7.98072433
v -27.5723305 25.651432 -7.98072338
v -33.722332 25.651432 -7.98072338
v -33.722332 0.000314805831 -7.98072433
v -33.4975166 0.000314805831 -7.82510948
v -33.4975166 25.651432 -7.82510853
v -34.1719704 25.651432 -7.82510853
v -34.1719589 0.000314567413 -7.82510948
v -33.9471474 0.000314805831 -7.98072433
v -33.9471512 25.651432 -7.98072338
v -33.9471512 25.651432 -7.98072338
v -33.9471474 0.000314805831 -7.98072433
v -33.722332 0.000314805831 -7.98072433
v -33.722332 25.651432 -7.98072338
v -39.6475143 25.6514301 -7.98072338
v -39.8922234 26.8475704 -7.98072338
v -39.8922234 25.6514301 -7.98072338
v -39.6475143 26.8475704 -7.98072338
v 39.6280403 25.6514301 -7.98072338
v 39.6280403 26.8475704 -7.98072338
v 39.8922234 26.8475704 -7.98072338
v 39.8922234 25.6514301 -7.98072338
v -39.8922234 25.6514301 -7.98072338
v -39.8922234 26.8475704 -7.98072338
v -40.1369286 26.8475704 -7.87936306
v -40.1369286 25.6514301 -7.87936306
v -39.8922234 0.000527612865 -7.98072338
v -40.1369286 0.000527612865 -7.87936306
v -39.6475143 25.6514301 -7.98072338
v -39.8922234 25.6514301 -7.98072338
v -39.6475143 25.6514301 -7.82510853
v 39.6280403 25.6514263 -7.82510853
v 39.6280403 25.6514301 -7.98072338
v 39.8922234 25.6514301 -7.98072338
v 39.8922234 25.6514301 -7.98072338
v 40.1369286 26.8475704 -7.87936306
v 39.8922234 26.8475704 -7.98072338
v 40.1369286 25.6514301 -7.87936306
v 39.8922234 0.000527612865 -7.98072338
v 40.1369286 0.000527612865 -7.87936306
v 39.6280403 0.000314567413 -7.82510948
v 39.8922234 0.000527612865 -7.98072338
v 39.8922234 25.6514301 -7.98072338
v 39.6280403 25.6514263 -7.82510853
v -39.6280403 0.000527381897 -7.82510853
v -39.6280403 25.6514263 -7.82510853
v -39.8922234 25.6514301 -7.98072338
v -39.8922234 0.000527612865 -7.98072338
v 15.0280399 0.000314567413 -7.82510948
v 15.0280418 25.651432 -7.82510853
v 9.55249214 25.651432 -7.82510853
v 9.55249214 0.000314567413 -7.82510948
v 33.4780388 0.000314567413 -7.82510948
v 33.4780388 25.651432 -7.82510853
v 28.0024929 25.651432 -7.82510853
v 28.0024929 0.000314567413 -7.82510948
v -21.8719597 0.000314567413 -7.82510948
v -21.8719635 25.651432 -7.82510853
v -27.3475151 25.651432 -7.82510853
v -27.3475075 0.000314567413 -7.82510948
v -28.0219612 0.000314567413 -7.82510948
v -28.0219688 25.651432 -7.82510853
v -33.4975166 25.651432 -7.82510853
v -33.4975166 0.000314805831 -7.82510948
v -15.7219601 0.000314567413 -7.82510948
v -15.7219658 25.651432 -7.82510853
v -21.1975136 25.651432 -7.82510853
v -21.1975136 0.000314805831 -7.82510948
v -8.89751053 0.000314805831 -7.82510948
v 8.87804031 0.000314448203 -7.82510948
v 8.87804031 25.651432 -7.82510853
v -8.89751053 25.651432 -7.82510853
v -9.44514465 31.8475342 1.48271465
v -9.44514465 31.8475342 7.55139542
v -9.44514465 31.0479908 7.55139542
v -9.44514465 29.7351112 1.48271465
v -9.44514465 29.7351112 7.28721237
v -40.2577629 26.8475704 7.41361809
v -40.2577629 25.6514301 7.41361809
v -40.2577629 25.6514301 -7.41361618
v -40.2577629 26.8475704 -7.41361618
v -40.2382889 25.6514301 -7.63465786
v -40.2382889 26.8475704 -7.63465786
v -40.2577629 26.8475704 -7.41361618
v -40.2577629 25.6514301 -7.41361618
v -40.1369286 25.6514301 -7.87936306
v -40.1369286 26.8475704 -7.87936306
v -40.2382889 26.8475704 -7.63465786
v -40.2382889 25.6514301 -7.63465786
v -40.1369286 0.000527612865 -7.87936306
v -40.2382889 0.000527612865 -7.63465786
v -40.2382889 25.6514301 7.63465977
v -40.2577629 25.6514301 7.41361809
v -40.2577629 26.8475704 7.41361809
v -40.2382889 26.8475704 7.63465977
v -40.1369286 25.6514301 7.87936497
v -40.2382889 26.8475704 7.63465977
v -40.1369286 26.8475704 7.87936497
v -40.2382889 25.6514301 7.63465977
v -40.1369286 0.000527612865 7.87936306
v -40.2382889 0.000527612865 7.63465786
v -40.2382889 0.000527612865 -7.63465786
v -40.2382889 25.6514301 -7.63465786
v -40.1244202 25.6514301 -7.41362095
v -40.1244202 0.000527621945 -7.41361713
v -40.2382889 0.000527612865 7.63465786
v -40.1244202 0.000527145108 7.41361713
v -40.1244202 25.6514301 7.41362095
v -40.2382889 25.6514301 7.63465977
v -40.1244202 0.000527621945 -7.41361713
v -40.1244202 25.6514301 -7.41362095
v -40.1244202 25.651432 -1.93806875
v -40.1244202 0.000527145108 -1.93806875
v -40.1244202 0.000527621945 1.9380697
v -40.1244202 25.651432 1.93806994
v -40.1244202 25.6514301 7.41362095
v -40.1244202 0.000527145108 7.41361713
v -40.2577629 25.6514301 -1.73126614
v -40.2577629 0.000315761776 -1.7312665
v -40.1244202 0.000527145108 -1.93806875
v -40.1244202 25.651432 -1.93806875
v -40.1244202 25.6514301 -1.29858613
v -40.1244202 0.000315756392 -1.29858649
v -40.2577629 0.000315759098 -1.50645113
v -40.2577629 25.6514301 -1.50644696
v -40.2577629 25.6514301 -1.50644696
v -40.2577629 0.000315759098 -1.50645113
v -40.2577629 0.000315761776 -1.7312665
v -40.2577629 25.6514301 -1.73126614
v -40.2577629 25.6514301 1.73126733
v -40.1244202 25.651432 1.93806994
v -40.1244202 0.000527621945 1.9380697
v -40.2577629 0.000315720506 1.73126698
v -40.1244202 25.6514301 1.29858732
v -40.2577629 25.6514301 1.50644815
v -40.2577629 0.000315723184 1.50645161
v -40.1244202 0.000315725425 1.29858696
v -40.2577629 25.6514301 1.50644815
v -40.2577629 25.6514301 1.73126733
v -40.2577629 0.000315720506 1.73126698
v -40.2577629 0.000315723184 1.50645161
v -40.1244202 0.000315756392 -1.29858649
v -40.1244202 25.6514301 -1.29858613
v -40.1244202 25.6514301 1.29858732
v -40.1244202 0.000315725425 1.29858696
v 11.0361118 22.4633808 8.66134453
v 11.035799 23.3379116 8.66134453
v 11.0358028 23.3369884 9.51135063
v 11.0361042 22.4633827 9.51135063
v 11.0361118 22.4633808 8.66134453
v 11.0361118 22.4633808 7.82510948
v 12.1905155 22.4643059 7.82510948
v 12.1905155 22.4643059 9.51135063
v 11.0361042 22.4633827 9.51135063
v 12.1905155 22.4643059 9.51135063
v 11.0361042 22.4633827 9.51135063
v 11.0358028 23.3369884 9.51135063
v 12.1905155 23.3369884 9.51135063
v 6.68283272 20.7411442 7.82510948
v 7.81676674 20.7411442 7.82510948
v 7.81675911 20.7411442 8.66134453
v 6.68283272 20.7411442 9.51135063
v 7.81675911 20.7411442 9.51135063
v 7.81676674 20.7411442 7.82510948
v 8.56556892 21.1420231 8.66134453
v 7.81675911 20.7411442 8.66134453
v 11.0361118 22.4633808 7.82510948
v 11.0361118 22.4633808 8.66134453
v 11.0361118 18.7193794 8.66134453
v 11.0358028 18.7193546 7.82509422
v 12.1905193 18.7193546 7.82411003
v 12.1905155 18.7203064 9.51135063
v 11.0361042 18.7193832 9.51135063
v 7.81647682 21.6147461 8.66134453
v 8.56556892 21.1420231 8.66134453
v 7.81675911 20.7411442 8.66134453
v 11.035799 23.3379116 8.66134453
v 11.0361118 22.4633808 8.66134453
v 7.81675911 20.7411442 9.51135063
v 7.81675911 20.7411442 8.66134453
v 10.267786 19.1813049 8.6613369
v 11.0361042 18.7193832 9.51135063
v 11.0361118 18.7193794 8.66134453
v 7.81677437 21.6138229 9.51135063
v 6.68283272 20.7411442 9.51135063
v 6.68285561 21.6138229 9.51135063
v 7.81675911 20.7411442 9.51135063
v 11.0358028 19.592989 9.51135063
v 11.0361042 18.7193832 9.51135063
v 12.1905155 18.7203064 9.51135063
v 12.1905155 19.592989 9.51135063
v 8.56556892 21.1420231 8.66134453
v 10.267786 19.1813049 8.6613369
v 7.81675911 20.7411442 8.66134453
v 11.035799 19.5939064 8.66134453
v 11.0361118 18.7193794 8.66134453
v 7.81675911 16.9971428 7.82510948
v 8.56556892 17.3980236 8.66134453
v 7.81675911 16.9971428 8.66134453
v 11.0358028 18.7193546 7.82509422
v 11.0361118 18.7193794 8.66134453
v 6.68283272 16.9971428 7.82510948
v 7.81675911 16.9971428 7.82510948
v 7.81675911 16.9971428 8.66134453
v 6.68283272 16.9971428 9.51135063
v 7.81675911 16.9971428 9.51135063
v 10.267786 19.1813049 8.6613369
v 11.0361118 18.7193794 8.66134453
v 8.56556892 17.3980236 8.66134453
v 7.81647682 17.8707466 8.66134453
v 7.81675911 16.9971428 8.66134453
v 11.0361118 14.9753799 8.66134453
v 11.0358028 14.9753609 7.82509422
v 12.1905155 14.9763069 7.82510948
v 12.1905155 14.9763069 9.51135063
v 11.0361042 14.9753828 9.51135063
v 8.56556892 17.3980236 8.66134453
v 10.267786 15.4373055 8.6613369
v 7.81675911 16.9971428 8.66134453
v 11.035799 15.849906 8.66134453
v 11.0361118 14.9753799 8.66134453
v 7.81675911 16.9971428 9.51135063
v 7.81675911 16.9971428 8.66134453
v 10.267786 15.4373055 8.6613369
v 11.0361042 14.9753828 9.51135063
v 11.0361118 14.9753799 8.66134453
v 7.81677437 17.8698215 9.51135063
v 6.68283272 16.9971428 9.51135063
v 6.68285561 17.8698215 9.51135063
v 7.81675911 16.9971428 9.51135063
v 11.0358028 15.8489885 9.51135063
v 11.0361042 14.9753828 9.51135063
v 12.1905155 14.9763069 9.51135063
v 12.1905155 15.8489885 9.51135063
v 11.0358028 14.9753609 7.82509422
v 11.0361118 14.9753799 8.66134453
v 8.56556892 13.6540251 8.66134453
v 7.81675911 13.2531452 7.82510948
v 7.81675911 13.2531452 8.66134453
v 8.56556892 13.6540251 8.66134453
v 10.2677822 11.6933079 8.6613369
v 7.81675911 13.2531452 8.66134453
v 11.035799 12.1059084 8.66134453
v 11.0361118 11.2313805 8.66134453
v 11.0361042 11.2313833 9.51135063
v 11.0361118 11.2313805 8.66134453
v 12.1905155 11.2323074 9.51135063
v 12.1905155 11.2323074 7.82510948
v 11.035799 11.2313643 7.82412529
v 7.81675911 13.2531452 9.51135063
v 7.81675911 13.2531452 8.66134453
v 10.2677822 11.6933079 8.6613369
v 11.0361042 11.2313833 9.51135063
v 11.0361118 11.2313805 8.66134453
v 6.68283272 13.2531452 7.82510948
v 7.81675911 13.2531452 7.82510948
v 7.81675911 13.2531452 8.66134453
v 6.68283272 13.2531452 9.51135063
v 7.81675911 13.2531452 9.51135063
v 12.1905155 11.2323074 9.51135063
v 11.0358028 12.104991 9.51135063
v 12.1905155 12.104991 9.51135063
v 11.0361042 11.2313833 9.51135063
v 7.81675911 13.2531452 9.51135063
v 7.81677437 14.1258249 9.51135063
v 6.68283272 13.2531452 9.51135063
v 6.68285561 14.1258249 9.51135063
v 11.0361118 7.48738432 8.66134453
v 11.0361042 7.48738432 9.51135063
v 10.24753 7.96146536 8.66134453
v 7.81675911 9.50914192 9.51135063
v 7.81675911 9.50914192 8.66134453
v 11.035799 11.2313643 7.82412529
v 11.0361118 11.2313805 8.66134453
v 8.56556892 9.91002369 8.66134453
v 7.81675911 9.50914192 7.82510948
v 7.81675911 9.50914192 8.66134453
v 11.035799 8.36191368 8.66134453
v 11.0361118 7.48738432 8.66134453
v 10.24753 7.96146536 8.66134453
v 8.56556892 9.91002369 8.66134453
v 7.81675911 9.50914192 8.66134453
v 6.68283272 9.50914192 7.82510948
v 7.81675911 9.50914192 7.82510948
v 7.81675911 9.50914192 8.66134453
v 6.68283272 9.50914192 9.51135063
v 7.81675911 9.50914192 9.51135063
v 10.267786 15.4373055 8.6613369
v 11.0361118 14.9753799 8.66134453
v 8.56556892 13.6540251 8.66134453
v 7.81647682 14.126749 8.66134453
v 7.81675911 13.2531452 8.66134453
v 11.0361118 7.48738432 8.66134453
v 11.0361118 7.48738432 7.82510948
v 12.1905155 7.48830795 7.82510948
v 12.1905155 7.48830795 9.51135063
v 11.0361042 7.48738432 9.51135063
v 10.2677822 11.6933079 8.6613369
v 11.0361118 11.2313805 8.66134453
v 8.56556892 9.91002369 8.66134453
v 7.81647682 10.3827467 8.66134453
v 7.81675911 9.50914192 8.66134453
v 12.1905155 7.48830795 9.51135063
v 11.0358028 8.36099052 9.51135063
v 12.1905155 8.36099052 9.51135063
v 11.0361042 7.48738432 9.51135063
v 7.81675911 9.50914192 9.51135063
v 7.81677437 10.3818226 9.51135063
v 6.68285561 10.3818226 9.51135063
v 6.68283272 9.50914192 9.51135063
v 6.68283272 5.76514864 9.51135063
v 7.81675911 5.76514721 8.66134453
v 7.81675911 5.76514864 9.51135063
v 6.68283272 5.76514864 7.82510948
v 7.81675911 5.76514721 7.82510948
v 11.0361118 3.74338794 8.66134453
v 11.0361118 3.74338794 7.82510948
v 12.1905155 3.74431157 7.82510948
v 12.1905155 3.74431157 9.51135063
v 11.0361042 3.74338794 9.51135063
v 7.81675911 5.76514721 7.82510948
v 8.56556892 6.1660285 8.66134453
v 7.81675911 5.76514721 8.66134453
v 11.0361118 7.48738432 7.82510948
v 11.0361118 7.48738432 8.66134453
v 8.56556892 6.1660285 8.66134453
v 10.24753 4.21746922 8.66134453
v 7.81675911 5.76514721 8.66134453
v 11.035799 4.61791611 8.66134453
v 11.0361118 3.74338794 8.66134453
v 11.0361118 3.74338794 8.66134453
v 11.0361042 3.74338794 9.51135063
v 10.24753 4.21746922 8.66134453
v 7.81675911 5.76514864 9.51135063
v 7.81675911 5.76514721 8.66134453
v 12.1905155 11.2323074 9.51135063
v 12.1905155 12.104991 9.51135063
v 12.1905155 12.104991 7.82510948
v 12.1905155 11.2323074 7.82510948
v 6.68285561 17.8698215 9.51135063
v 6.68283272 16.9971428 9.51135063
v 6.68283272 16.9971428 7.82510948
v 6.68285561 17.8698215 7.82510948
v 12.1905155 7.48830795 9.51135063
v 12.1905155 8.36099052 9.51135063
v 12.1905155 8.36099052 7.82510948
v 12.1905155 7.48830795 7.82510948
v 12.1905155 14.9763069 9.51135063
v 12.1905155 15.8489885 9.51135063
v 12.1905155 15.8489885 7.82510948
v 12.1905155 14.9763069 7.82510948
v 6.68283272 9.50914192 9.51135063
v 6.68283272 9.50914192 7.82510948
v 6.68285561 10.3818226 7.82510948
v 6.68285561 10.3818226 9.51135063
v 6.68285561 21.6138229 9.51135063
v 6.68283272 20.7411442 9.51135063
v 6.68283272 20.7411442 7.82510948
v 6.68285561 21.6138229 7.82510948
v 6.68285561 14.1258249 9.51135063
v 6.68283272 13.2531452 9.51135063
v 6.68283272 13.2531452 7.82510948
v 6.68285561 14.1258249 7.82510948
v 12.1905155 18.7203064 9.51135063
v 12.1905155 19.592989 9.51135063
v 12.1905155 19.592989 7.82510948
v 12.1905193 18.7193546 7.82411003
v 12.1905155 22.4643059 9.51135063
v 12.1905155 23.3369884 9.51135063
v 12.1905155 23.3369884 7.82510948
v 12.1905155 22.4643059 7.82510948
v 10.24753 7.96146536 8.66134453
v 11.0361118 7.48738432 8.66134453
v 8.56556892 6.1660285 8.66134453
v 7.81647682 6.63875294 8.66134453
v 7.81675911 5.76514721 8.66134453
v 12.1905155 3.74431157 9.51135063
v 11.0358028 4.6169939 9.51135063
v 12.1905155 4.6169939 9.51135063
v 11.0361042 3.74338794 9.51135063
v 7.81675911 5.76514864 9.51135063
v 7.81677437 6.6378293 9.51135063
v 6.68285561 6.6378293 9.51135063
v 6.68283272 5.76514864 9.51135063
v 12.1905155 3.74431157 9.51135063
v 12.1905155 4.6169939 9.51135063
v 12.1905155 4.6169939 7.82510948
v 12.1905155 3.74431157 7.82510948
v 6.68283272 5.76514864 9.51135063
v 6.68283272 5.76514864 7.82510948
v 6.68285561 6.6378293 7.82510948
v 6.68285561 6.6378293 9.51135063
v 6.68283272 2.0211494 9.51135063
v 7.81675911 2.0211494 8.66134453
v 7.81675911 2.0211494 9.51135063
v 6.68283272 2.0211494 7.82510948
v 7.81675911 2.0211494 7.82510948
v 11.0361118 -0.000609203184 8.66134453
v 11.0361118 -0.000609203184 7.82510948
v 12.1905155 0.000314380799 7.82510948
v 12.1905155 0.000314380828 9.51135063
v 11.0361042 -0.000609203184 9.51135063
v 7.81675911 2.0211494 7.82510948
v 8.56556892 2.42202997 8.66134453
v 7.81675911 2.0211494 8.66134453
v 11.0361118 3.74338794 7.82510948
v 11.0361118 3.74338794 8.66134453
v 8.56556892 2.42202997 8.66134453
v 10.24753 0.47347188 8.66134453
v 7.81675911 2.0211494 8.66134453
v 11.035799 0.873920023 8.66134453
v 11.0361118 -0.000609203184 8.66134453
v 11.0361118 -0.000609203184 8.66134453
v 11.0361042 -0.000609203184 9.51135063
v 10.24753 0.47347188 8.66134453
v 7.81675911 2.0211494 9.51135063
v 7.81675911 2.0211494 8.66134453
v 10.24753 4.21746922 8.66134453
v 11.0361118 3.74338794 8.66134453
v 8.56556892 2.42202997 8.66134453
v 7.81647682 2.89475274 8.66134453
v 7.81675911 2.0211494 8.66134453
v 12.1905155 0.000314380828 9.51135063
v 11.0358028 0.872996449 9.51135063
v 12.1905155 0.872996449 9.51135063
v 11.0361042 -0.000609203184 9.51135063
v 7.81675911 2.0211494 9.51135063
v 7.81677437 2.89382911 9.51135063
v 6.68285561 2.89382911 9.51135063
v 6.68283272 2.0211494 9.51135063
v 12.1905155 0.000314380828 9.51135063
v 12.1905155 0.872996449 9.51135063
v 12.1905155 0.872996449 7.82510948
v 12.1905155 0.000314380799 7.82510948
v 6.68283272 2.0211494 9.51135063
v 6.68283272 2.0211494 7.82510948
v 6.68285561 2.89382911 7.82510948
v 6.68285561 2.89382911 9.51135063
v -2.74751282 3.8645246 -9.82510948
v -2.74751282 3.96501207 -9.82510948
v -2.74751282 3.33700228 -7.82510948
v -2.74751282 3.23651481 -7.82510948
v -2.69749808 3.8645246 -9.82510948
v -1.40047038 3.8645246 -9.82510948
v -1.40047038 3.23651481 -7.82510948
v -2.69749808 3.23651481 -7.82510948
v 2.65268183 3.8645246 -9.82510948
v 2.65268183 3.96501207 -9.82510948
v 2.65268183 3.33700228 -7.82510948
v 2.65268183 3.23651481 -7.82510948
v -1.35044026 3.8645246 -9.82510948
v -0.049672246 3.8645246 -9.82510948
v -0.049672246 3.23651481 -7.82510948
v -1.35044026 3.23651481 -7.82510948
v -1.35044026 3.23651481 -7.82510948
v -1.35044026 3.33700228 -7.82510948
v -1.35044026 3.96501207 -9.82510948
v -1.35044026 3.8645246 -9.82510948
v 0.000335447723 3.8645246 -9.82510948
v 1.30300009 3.8645246 -9.82510948
v 1.30300009 3.23651481 -7.82510948
v 0.000335447723 3.23651481 -7.82510948
v 1.35301948 3.8645246 -9.82510948
v 2.65268183 3.8645246 -9.82510948
v 2.65268183 3.23651481 -7.82510948
v 1.35301948 3.23651481 -7.82510948
v -2.74751282 3.33700228 -7.82510948
v -2.74751282 3.96501207 -9.82510948
v -2.69749808 3.96501207 -9.82510948
v -2.69749808 3.33700228 -7.82510948
v -1.40047038 3.96501207 -9.82510948
v -1.35044026 3.96501207 -9.82510948
v -1.35044026 3.33700228 -7.82510948
v -1.40047038 3.33700228 -7.82510948
v -0.049672246 3.96501207 -9.82510948
v 0.000335447723 3.96501207 -9.82510948
v 0.000335447723 3.33700228 -7.82510948
v -0.049672246 3.33700228 -7.82510948
v 1.30300009 3.96501207 -9.82510948
v 1.35301948 3.96501207 -9.82510948
v 1.35301948 3.33700228 -7.82510948
v 1.30300009 3.33700228 -7.82510948
v 2.65268183 3.96501207 -9.82510948
v 2.70266032 3.96501207 -9.82510948
v 2.70266032 3.33700228 -7.82510948
v 2.65268183 3.33700228 -7.82510948
v 1.30300009 3.8645246 -9.82510948
v 1.30300009 3.96501207 -9.82510948
v 1.30300009 3.33700228 -7.82510948
v 1.30300009 3.23651481 -7.82510948
v -2.69749808 3.23651481 -7.82510948
v -2.69749808 3.33700228 -7.82510948
v -2.69749808 3.96501207 -9.82510948
v -2.69749808 3.8645246 -9.82510948
v -0.049672246 3.8645246 -9.82510948
v -0.049672246 3.96501207 -9.82510948
v -0.049672246 3.33700228 -7.82510948
v -0.049672246 3.23651481 -7.82510948
v 2.70266032 3.23651481 -7.82510948
v 2.70266032 3.33700228 -7.82510948
v 2.70266032 3.96501207 -9.82510948
v 2.70266032 3.8645246 -9.82510948
v -1.40047038 3.8645246 -9.82510948
v -1.40047038 3.96501207 -9.82510948
v -1.40047038 3.33700228 -7.82510948
v -1.40047038 3.23651481 -7.82510948
v 1.35301948 3.23651481 -7.82510948
v 1.35301948 3.33700228 -7.82510948
v 1.35301948 3.96501207 -9.82510948
v 1.35301948 3.8645246 -9.82510948
v 0.000335447723 3.23651481 -7.82510948
v 0.000335447723 3.33700228 -7.82510948
v 0.000335447723 3.96501207 -9.82510948
v 0.000335447723 3.8645246 -9.82510948
v 40.1369286 25.6514301 -7.87936306
v 40.2382889 26.8475704 -7.63465786
v 40.1369286 26.8475704 -7.87936306
v 40.2382889 25.6514301 -7.63465786
v 40.1369286 0.000527612865 -7.87936306
v 40.2382889 0.000527612865 -7.63465786
v 40.2382889 25.6514301 -7.63465786
v 40.2382889 26.8475704 -7.41361713
v 40.2382889 26.8475704 -7.63465786
v 40.2382889 25.6514301 -7.41361713
v 40.2382889 25.6514301 7.41361904
v 40.2382889 26.8475704 7.41361904
v 40.2382889 25.6514301 7.63465786
v 40.2382889 26.8475704 7.63465977
v 40.2382889 25.6514301 -7.63465786
v 40.1049461 25.6514301 -7.41361713
v 40.2382889 25.6514301 -7.41361713
v 40.1049461 25.6514301 7.41361904
v 40.2382889 25.6514301 7.41361904
v 40.2382889 25.6514301 7.63465786
v 40.1369286 25.6514301 7.87936497
v 40.1369286 26.8475704 7.87936497
v 40.2382889 26.8475704 7.63465977
v 40.2382889 25.6514301 7.63465786
v 40.1369286 0.000527612865 7.87936306
v 40.2382889 0.000527612865 7.63465786
v 40.2382889 0.000527612865 -7.63465786
v 40.1244202 0.000315005193 -7.41361618
v 40.1244202 25.6514301 -7.41362095
v 40.2382889 25.6514301 -7.63465786
v 40.2382889 0.000527612865 7.63465786
v 40.2382889 25.6514301 7.63465786
v 40.1244202 25.6514301 7.41362095
v 40.1244202 0.000527612865 7.41362095
v 40.1244202 0.000527612865 7.41362095
v 40.1244202 25.6514301 7.41362095
v 40.1244202 25.651432 1.93637979
v 40.1244202 0.000315718236 1.93806958
v 40.2577629 25.6514301 -1.73126614
v 40.1244202 25.651432 -1.93806875
v 40.1244202 0.000315764453 -1.93806911
v 40.2577629 0.000315761776 -1.7312665
v 40.1244202 25.6514301 -1.29858613
v 40.2577629 25.6514301 -1.50644696
v 40.2577629 0.000315759098 -1.50645113
v 40.1244202 0.000315756392 -1.29858649
v 40.2577629 25.6514301 -1.50644696
v 40.2577629 25.6514301 -1.73126614
v 40.2577629 0.000315761776 -1.7312665
v 40.2577629 0.000315759098 -1.50645113
v 40.2577629 25.6514301 1.73126733
v 40.2577629 0.000315720506 1.73126698
v 40.1244202 0.000315718236 1.93806958
v 40.1244202 25.651432 1.93637979
v 40.1244202 25.6514301 1.29858732
v 40.1244202 0.000315725425 1.29858696
v 40.2577629 0.000315723184 1.50645161
v 40.2577629 25.6514301 1.50644815
v 40.2577629 25.6514301 1.50644815
v 40.2577629 0.000315723184 1.50645161
v 40.2577629 0.000315720506 1.73126698
v 40.2577629 25.6514301 1.73126733
v 40.1244202 0.000315764453 -1.93806911
v 40.1244202 25.651432 -1.93806875
v 40.1244202 25.6514301 -7.41362095
v 40.1244202 0.000315005193 -7.41361618
v 40.1244202 0.000315756392 -1.29858649
v 40.1244202 0.000315725425 1.29858696
v 40.1244202 25.6514301 1.29858732
v 40.1244202 25.6514301 -1.29858613
v 3.06526947 31.9490147 7.93920708
v 9.34378433 31.8733444 7.79610062
v 9.09907913 31.0479832 7.93920708
v -9.09907913 31.0479908 7.89746094
v 9.09907913 26.9971218 7.89746094
v -9.09907913 26.9971218 7.89746094
v -0.00163501501 31.8475342 7.93920708
v 1.33296394 32.3662224 7.93920708
v 0.00163501501 32.4477119 7.93920708
v -1.33296394 32.3662224 7.93920708
v -3.06526947 31.9490147 7.93920708
v -9.34378433 31.8733444 7.79610062
v 9.44514465 26.9971218 7.55139542
v 9.34378433 26.9971218 7.79610062
v 9.34378433 31.8733444 7.79610062
v 9.44514465 31.8475342 7.55139542
v 9.34378433 26.9971218 7.79610062
v 9.09907913 26.9971218 7.89746094
v 9.09907913 31.0479832 7.93920708
v 9.34378433 31.8733444 7.79610062
v -9.44514465 26.9971218 7.55139542
v -9.44514465 31.8475342 7.55139542
v -9.34378433 31.8733444 7.79610062
v -9.34378433 26.9971218 7.79610062
v -9.34378433 26.9971218 7.79610062
v -9.34378433 31.8733444 7.79610062
v -9.09907913 31.0479908 7.89746094
v -9.09907913 26.9971218 7.89746094
v 7.55722427 32.3662224 7.93920708
v 9.34378433 31.8733444 7.79610062
v 3.06526947 31.9490147 7.93920708
v 4.797575 32.3662224 7.93920708
v -7.55722427 32.3662224 7.93920708
v -4.797575 32.3662224 7.93920708
v -3.06526947 31.9490147 7.93920708
v -9.34378433 31.8733444 7.79610062
v 33.9962311 29.2377434 7.78359222
v 33.9962311 27.09091 7.78359127
v 9.41342163 27.09091 7.78359222
v 9.41342163 29.2377434 7.78359318
v 33.9962311 27.09091 7.78359127
v 34.5056648 27.09091 7.8972559
v 9.41342163 27.09091 7.89725685
v 9.41342163 27.09091 7.78359222
v 34.5056648 27.09091 7.8972559
v 34.5056648 26.8475704 7.8972559
v 9.41342163 26.8475704 7.89725685
v 9.41342163 27.09091 7.89725685
v -33.9962311 27.09091 7.78359127
v -33.996048 29.2377434 7.78359222
v -9.39622307 29.2377434 7.78359318
v -9.39622307 27.09091 7.78359222
v -34.5056648 27.09091 7.8972559
v -33.9962311 27.09091 7.78359127
v -9.39622307 27.09091 7.78359222
v -9.39622307 27.09091 7.89725685
v -34.5056648 26.8475704 7.8972559
v -34.5056648 27.09091 7.8972559
v -9.39622307 27.09091 7.89725685
v -9.39622307 26.8475704 7.89725685
v 34.5056648 27.09091 -6.81668472
v 34.5056648 27.09091 7.8972559
v 33.9962311 27.09091 7.78359127
v 33.9962311 27.09091 -6.30725288
v 34.5056648 26.8475704 -6.81668472
v 34.5056648 26.8475704 7.8972559
v 34.5056648 27.09091 7.8972559
v 34.5056648 27.09091 -6.81668472
v -33.9962349 29.2377434 -6.30725288
v -33.9962311 27.09091 -6.30725288
v 33.9962311 27.09091 -6.30725288
v 33.9962349 29.2377434 -6.30725288
v -33.9962311 27.09091 7.78359127
v -34.5056648 27.09091 7.8972559
v -34.5056648 27.09091 -6.81668472
v -33.9962311 27.09091 -6.30725288
v -34.5056648 27.09091 7.8972559
v -34.5056648 26.8475704 7.8972559
v -34.5056648 26.8475704 -6.81668425
v -34.5056648 27.09091 -6.81668472
v -33.996048 29.2377434 7.78359222
v -33.9962311 27.09091 7.78359127
v -33.9962311 27.09091 -6.30725288
v -33.9962349 29.2377434 -6.30725288
v 33.9962311 27.09091 -6.30725288
v 33.9962311 27.09091 7.78359127
v 33.9962311 29.2377434 7.78359222
v 33.9962349 29.2377434 -6.30725288
v -34.5056648 26.9971218 8.23335648
v -40.5080109 26.9971218 8.23335648
v -40.0584564 26.9971218 7.78359032
v -40.5080109 26.9971218 -8.23335648
v -34.5056648 26.9971218 7.78359032
v -40.0584564 26.9971218 -7.78358841
v 34.5056648 26.9971218 8.23335648
v 34.5056648 26.9971218 7.78359079
v 40.4885368 26.9971218 8.23335743
v 40.0389824 26.9971218 7.78359127
v 40.4885368 26.9971218 -8.23335743
v 40.0389824 26.9971218 -7.78358936
vt 0.952269495 0.894256294
vt 0.95029974 0.896013975
vt 0.95029974 0.90384531
vt 0.951026559 0.894771099
vt 0.95029974 0.896013975
vt 0.952269495 0.894256294
vt 0.95029974 0.980613232
vt 0.95029974 0.988444507
vt 0.951026559 0.989687324
vt 0.914679766 0.852060318
vt 0.915802479 0.852060318
vt 0.915802419 0.852060318
vt 0.992234409 0.852060318
vt 0.991111636 0.852060318
vt 0.991111636 0.852060318
vt 0.727755904 0.712637663
vt 0.734764278 0.713051558
vt 0.741772532 0.712637663
vt 0.67902106 0.712637663
vt 0.665004492 0.712637663
vt 0.672012806 0.713051558
vt 0.986887097 0.683327079
vt 0.984329879 0.684503675
vt 0.986958385 0.684564173
vt 0.880605459 0.858933449
vt 0.88060534 0.857697487
vt 0.530088782 0.857697487
vt 0.878017962 0.858933389
vt 0.8806054 0.858933389
vt 0.53267622 0.858933389
vt 0.986958385 0.684564173
vt 0.986954927 0.683327019
vt 0.986887097 0.683327079
vt 0.539891183 0.978987813
vt 0.539891183 0.978987813
vt 0.539891183 0.910881281
vt 0.539891183 0.910881281
vt 0.760010719 0.910881281
vt 0.760010719 0.910881281
vt 0.886855006 0.910881281
vt 0.886855006 0.910881281
vt 0.665103555 0.91329813
vt 0.665103555 0.910881281
vt 0.539891183 0.910881281
vt 0.542430878 0.91329813
vt 0.539891183 0.978987813
vt 0.542430878 0.976571143
vt 0.886855006 0.978987813
vt 0.884315431 0.976571143
vt 0.886855006 0.910881281
vt 0.884315431 0.91329813
vt 0.760010719 0.910881281
vt 0.760010719 0.91329813
vt 0.542430878 0.976571143
vt 0.542430878 0.976571143
vt 0.542430878 0.91329813
vt 0.542430878 0.91329813
vt 0.760010719 0.91329813
vt 0.760010719 0.91329813
vt 0.884315431 0.91329813
vt 0.884315431 0.91329813
vt 0.542430878 0.91329813
vt 0.542430878 0.91329813
vt 0.665103555 0.91329813
vt 0.665103555 0.91329813
vt 0.884315431 0.976571143
vt 0.884315431 0.976571143
vt 0.542430878 0.976571143
vt 0.542430878 0.976571143
vt 0.539891183 0.910881281
vt 0.539891183 0.910881281
vt 0.665103555 0.910881281
vt 0.665103555 0.910881281
vt 0.886855006 0.978987813
vt 0.886855006 0.978987813
vt 0.539891183 0.978987813
vt 0.539891183 0.978987813
vt 0.542430878 0.91329813
vt 0.665103555 0.941335857
vt 0.665103555 0.91329813
vt 0.542430878 0.976571143
vt 0.884315431 0.976571143
vt 0.760010719 0.941335857
vt 0.760010719 0.91329813
vt 0.884315431 0.91329813
vt 0.886855006 0.910881281
vt 0.886855006 0.910881281
vt 0.886855006 0.978987813
vt 0.886855006 0.978987813
vt 0.884315431 0.91329813
vt 0.884315431 0.91329813
vt 0.884315431 0.976571143
vt 0.884315431 0.976571143
vt 0.906255722 0.988137364
vt 0.939361215 0.98724997
vt 0.93894726 0.98684442
vt 0.906244457 0.987322032
vt 0.534326315 0.988182306
vt 0.534337282 0.987366736
vt 0.501293659 0.987299562
vt 0.501713276 0.986892521
vt 0.906219661 0.984880805
vt 0.936488986 0.984422743
vt 0.936089933 0.984029472
vt 0.906206965 0.984067142
vt 0.534361601 0.984924197
vt 0.534374118 0.984110117
vt 0.504178762 0.984469175
vt 0.504583955 0.98407495
vt 0.939361215 0.896985769
vt 0.938947797 0.897389114
vt 0.93894726 0.98684442
vt 0.939361215 0.98724997
vt 0.501339018 0.897033036
vt 0.501293659 0.987299562
vt 0.501713276 0.986892521
vt 0.501746535 0.897435427
vt 0.504180133 0.899867415
vt 0.504583001 0.900264621
vt 0.936099887 0.900220513
vt 0.936508536 0.899822056
vt 0.501339018 0.897033036
vt 0.501746535 0.897435427
vt 0.938947797 0.897389114
vt 0.939361215 0.896985769
vt 0.504583955 0.98407495
vt 0.534374118 0.984110117
vt 0.534382522 0.905463815
vt 0.504583001 0.900264621
vt 0.936099887 0.900220513
vt 0.906191111 0.905422926
vt 0.906206965 0.984067142
vt 0.936089933 0.984029472
vt 0.504178762 0.984469175
vt 0.504180133 0.899867415
vt 0.504583001 0.900264621
vt 0.504583955 0.98407495
vt 0.936488986 0.984422743
vt 0.936508536 0.899822056
vt 0.936099887 0.900220513
vt 0.936089933 0.984029472
vt 0.751906753 0.544069827
vt 0.751906872 0.674354792
vt 0.779717863 0.674354792
vt 0.779717684 0.544069827
vt 0.564487338 0.544069827
vt 0.564487338 0.674354792
vt 0.592298269 0.674354792
vt 0.592298269 0.544069827
vt 0.875711083 0.674354792
vt 0.876853228 0.674354792
vt 0.87685287 0.544069827
vt 0.875711083 0.544069827
vt 0.87342757 0.674354792
vt 0.874569178 0.674354792
vt 0.874569178 0.544069827
vt 0.873427331 0.544069827
vt 0.874569178 0.674354792
vt 0.875711083 0.674354792
vt 0.875711083 0.544069827
vt 0.874569178 0.544069827
vt 0.844474614 0.674354792
vt 0.845616579 0.674354792
vt 0.845616519 0.544069827
vt 0.844474614 0.544069827
vt 0.842190802 0.674354792
vt 0.843332827 0.674354792
vt 0.843332827 0.544069827
vt 0.842190802 0.544069827
vt 0.843332827 0.674354792
vt 0.844474614 0.674354792
vt 0.844474614 0.544069827
vt 0.843332827 0.544069827
vt 0.813238025 0.674354792
vt 0.81437999 0.674354792
vt 0.814379871 0.544069827
vt 0.813238025 0.544069827
vt 0.810954273 0.674354792
vt 0.812096119 0.674354792
vt 0.812096238 0.544069827
vt 0.810954273 0.544069827
vt 0.812096119 0.674354792
vt 0.813238025 0.674354792
vt 0.813238025 0.544069827
vt 0.812096238 0.544069827
vt 0.782001495 0.674354792
vt 0.78314352 0.674354792
vt 0.783143342 0.544069827
vt 0.782001495 0.544069827
vt 0.779717863 0.674354792
vt 0.78085959 0.674354792
vt 0.78085959 0.544069827
vt 0.779717684 0.544069827
vt 0.78085959 0.674354792
vt 0.782001495 0.674354792
vt 0.782001495 0.544069827
vt 0.78085959 0.544069827
vt 0.750764906 0.674354792
vt 0.751906872 0.674354792
vt 0.751906753 0.544069827
vt 0.750764906 0.544069827
vt 0.748481214 0.674354792
vt 0.749623001 0.674354792
vt 0.749623001 0.544069827
vt 0.748481214 0.544069827
vt 0.749623001 0.674354792
vt 0.750764906 0.674354792
vt 0.750764906 0.544069827
vt 0.749623001 0.544069827
vt 0.719528258 0.674354792
vt 0.720670164 0.674354792
vt 0.720670164 0.544069827
vt 0.719528258 0.544069827
vt 0.717244565 0.674354792
vt 0.718386412 0.674354792
vt 0.718386412 0.544069827
vt 0.717244565 0.544069827
vt 0.718386412 0.674354792
vt 0.719528258 0.674354792
vt 0.719528258 0.544069827
vt 0.718386412 0.544069827
vt 0.65705514 0.674354792
vt 0.658197045 0.674354792
vt 0.658197045 0.544069827
vt 0.65705514 0.544069827
vt 0.654771447 0.674354792
vt 0.655913293 0.674354792
vt 0.655913293 0.544069827
vt 0.654771447 0.544069827
vt 0.655913293 0.674354792
vt 0.65705514 0.674354792
vt 0.65705514 0.544069827
vt 0.655913293 0.544069827
vt 0.62581861 0.674354792
vt 0.626960456 0.674354792
vt 0.626960456 0.544069827
vt 0.62581861 0.544069827
vt 0.623534858 0.674354792
vt 0.624676704 0.674354792
vt 0.624676704 0.544069827
vt 0.623534858 0.544069827
vt 0.624676704 0.674354792
vt 0.62581861 0.674354792
vt 0.62581861 0.544069827
vt 0.624676704 0.544069827
vt 0.594582081 0.674354792
vt 0.595723927 0.674354792
vt 0.595723927 0.544069827
vt 0.594582081 0.544069827
vt 0.592298269 0.674354792
vt 0.593440115 0.674354792
vt 0.593440235 0.544069827
vt 0.592298269 0.544069827
vt 0.593440115 0.674354792
vt 0.594582081 0.674354792
vt 0.594582081 0.544069827
vt 0.593440235 0.544069827
vt 0.563345432 0.674354792
vt 0.564487338 0.674354792
vt 0.564487338 0.544069827
vt 0.563345432 0.544069827
vt 0.56106174 0.674354792
vt 0.562203526 0.674354792
vt 0.562203526 0.544069827
vt 0.56106174 0.544069827
vt 0.562203526 0.674354792
vt 0.563345432 0.674354792
vt 0.563345432 0.544069827
vt 0.562203526 0.544069827
vt 0.532108903 0.674354792
vt 0.533250749 0.674354792
vt 0.533250749 0.544069827
vt 0.532108903 0.544069827
vt 0.529825151 0.674354792
vt 0.530967116 0.674354792
vt 0.530967116 0.544069827
vt 0.529825151 0.544069827
vt 0.530967116 0.674354792
vt 0.532108903 0.674354792
vt 0.532108903 0.544069827
vt 0.530967116 0.544069827
vt 0.50201416 0.674354792
vt 0.500771284 0.674354792
vt 0.500771284 0.680430114
vt 0.50201416 0.680430114
vt 0.90466398 0.674354792
vt 0.90466398 0.680430114
vt 0.9060058 0.680430114
vt 0.9060058 0.674354792
vt 0.500771284 0.674354792
vt 0.499528468 0.680430114
vt 0.500771284 0.680430114
vt 0.499528468 0.674354792
vt 0.500771284 0.544070899
vt 0.499528468 0.544070899
vt 0.50201416 0.674354792
vt 0.50201416 0.674354792
vt 0.500771284 0.674354792
vt 0.90466398 0.674354792
vt 0.90466398 0.674354792
vt 0.9060058 0.674354792
vt 0.9060058 0.674354792
vt 0.9060058 0.680430114
vt 0.907248616 0.680430114
vt 0.907248616 0.674354792
vt 0.9060058 0.544070899
vt 0.907248616 0.544070899
vt 0.90466398 0.544069827
vt 0.90466398 0.674354792
vt 0.9060058 0.674354792
vt 0.9060058 0.544070899
vt 0.502113104 0.544070899
vt 0.500771284 0.544070899
vt 0.500771284 0.674354792
vt 0.502113104 0.674354792
vt 0.658197045 0.544069827
vt 0.658197045 0.674354792
vt 0.686007917 0.674354792
vt 0.686007917 0.544069827
vt 0.689433575 0.544069827
vt 0.689433575 0.674354792
vt 0.717244565 0.674354792
vt 0.717244565 0.544069827
vt 0.81437999 0.674354792
vt 0.842190802 0.674354792
vt 0.842190802 0.544069827
vt 0.814379871 0.544069827
vt 0.845616519 0.544069827
vt 0.845616579 0.674354792
vt 0.87342757 0.674354792
vt 0.873427331 0.544069827
vt 0.783143342 0.544069827
vt 0.78314352 0.674354792
vt 0.810954273 0.674354792
vt 0.810954273 0.544069827
vt 0.876853228 0.674354792
vt 0.90466398 0.674354792
vt 0.90466398 0.544069827
vt 0.87685287 0.544069827
vt 0.595723927 0.544069827
vt 0.595723927 0.674354792
vt 0.623534858 0.674354792
vt 0.623534858 0.544069827
vt 0.533250749 0.544069827
vt 0.533250749 0.674354792
vt 0.56106174 0.674354792
vt 0.56106174 0.544069827
vt 0.502014279 0.544069827
vt 0.50201416 0.674354792
vt 0.529825151 0.674354792
vt 0.529825151 0.544069827
vt 0.626960456 0.544069827
vt 0.626960456 0.674354792
vt 0.654771447 0.674354792
vt 0.654771447 0.544069827
vt 0.720670164 0.544069827
vt 0.720670164 0.674354792
vt 0.748481214 0.674354792
vt 0.748481214 0.544069827
vt 0.537270546 0.715589345
vt 0.506447077 0.711528361
vt 0.506447077 0.715589345
vt 0.537270546 0.70486021
vt 0.507788956 0.70486021
vt 0.983093023 0.926660419
vt 0.983093023 0.917861819
vt 0.95029974 0.917861819
vt 0.95029974 0.926660419
vt 0.983093023 0.935458899
vt 0.983093023 0.926660419
vt 0.95029974 0.926660419
vt 0.950299799 0.935458899
vt 0.983093023 0.910853565
vt 0.983093023 0.90384531
vt 0.95029974 0.90384531
vt 0.95029974 0.910853565
vt 0.983093023 0.917861819
vt 0.983093023 0.910853565
vt 0.95029974 0.910853565
vt 0.95029974 0.917861819
vt 0.983093023 0.942237735
vt 0.983093023 0.935458899
vt 0.950299799 0.935458899
vt 0.95029974 0.942220926
vt 0.952269495 0.894256294
vt 0.95029974 0.90384531
vt 0.983093023 0.90384531
vt 0.983093023 0.894256294
vt 0.983093023 0.957798123
vt 0.95029974 0.957798123
vt 0.95029974 0.966596842
vt 0.983093023 0.966596842
vt 0.983093023 0.948999524
vt 0.95029968 0.948999465
vt 0.95029974 0.957798123
vt 0.983093023 0.957798123
vt 0.983093023 0.973604977
vt 0.950299859 0.973605096
vt 0.95029974 0.980613232
vt 0.983093023 0.980613232
vt 0.983093023 0.966596842
vt 0.95029974 0.966596842
vt 0.950299859 0.973605096
vt 0.983093023 0.973604977
vt 0.983093023 0.942237735
vt 0.95029974 0.942220926
vt 0.95029968 0.948999465
vt 0.983093023 0.948999524
vt 0.952269495 0.990202308
vt 0.95029974 0.980613232
vt 0.951026559 0.989687324
vt 0.983093023 0.980613232
vt 0.983093023 0.990202308
vt 0.673971236 0.888845742
vt 0.680979669 0.888432026
vt 0.666963041 0.888432026
vt 0.657374084 0.886312842
vt 0.689778209 0.886312842
vt 0.657374084 0.875583649
vt 0.689778209 0.875583649
vt 0.705355406 0.886312842
vt 0.705338836 0.875583708
vt 0.698576748 0.888432026
vt 0.720915854 0.875583649
vt 0.705355406 0.888432026
vt 0.705355406 0.888845742
vt 0.712117374 0.888432026
vt 0.720915854 0.886312842
vt 0.753320038 0.875583649
vt 0.753320038 0.886312842
vt 0.729714572 0.888432026
vt 0.743731081 0.888432026
vt 0.736722827 0.888845742
vt 0.504071534 0.718926609
vt 0.504071534 0.849211395
vt 0.531882524 0.849211395
vt 0.531882524 0.718926609
vt 0.597781241 0.718926609
vt 0.597781241 0.849211395
vt 0.625592232 0.849211395
vt 0.625592232 0.718926609
vt 0.753964067 0.718926609
vt 0.753964126 0.849211395
vt 0.781775117 0.849211395
vt 0.781775117 0.718926609
vt 0.566544652 0.718926609
vt 0.566544652 0.849211395
vt 0.594355762 0.849211395
vt 0.594355762 0.718926609
vt 0.878910422 0.718926609
vt 0.878910542 0.849211395
vt 0.906721354 0.849211395
vt 0.906721354 0.718926609
vt 0.53302443 0.849211395
vt 0.53302443 0.718926609
vt 0.531882524 0.718926609
vt 0.531882524 0.849211395
vt 0.535308123 0.849211395
vt 0.535308123 0.718926609
vt 0.534166217 0.718926609
vt 0.534166217 0.849211395
vt 0.534166217 0.849211395
vt 0.534166217 0.718926609
vt 0.53302443 0.718926609
vt 0.53302443 0.849211395
vt 0.56426096 0.849211395
vt 0.56426096 0.718926609
vt 0.563119113 0.718926609
vt 0.563119113 0.849211395
vt 0.566544652 0.849211395
vt 0.566544652 0.718926609
vt 0.565402806 0.718926609
vt 0.565402865 0.849211395
vt 0.565402865 0.849211395
vt 0.565402806 0.718926609
vt 0.56426096 0.718926609
vt 0.56426096 0.849211395
vt 0.595497549 0.849211395
vt 0.595497549 0.718926609
vt 0.594355762 0.718926609
vt 0.594355762 0.849211395
vt 0.597781241 0.849211395
vt 0.597781241 0.718926609
vt 0.596639454 0.718926609
vt 0.596639454 0.849211395
vt 0.596639454 0.849211395
vt 0.596639454 0.718926609
vt 0.595497549 0.718926609
vt 0.595497549 0.849211395
vt 0.626734078 0.849211395
vt 0.626734078 0.718926609
vt 0.625592232 0.718926609
vt 0.625592232 0.849211395
vt 0.62901783 0.849211395
vt 0.62901783 0.718926609
vt 0.627875924 0.718926609
vt 0.627875924 0.849211395
vt 0.627875924 0.849211395
vt 0.627875924 0.718926609
vt 0.626734078 0.718926609
vt 0.626734078 0.849211395
vt 0.657970726 0.849211395
vt 0.657970726 0.718926609
vt 0.65682888 0.718926609
vt 0.65682888 0.849211395
vt 0.660254478 0.849211395
vt 0.660254478 0.718926609
vt 0.659112573 0.718926609
vt 0.659112573 0.849211395
vt 0.659112573 0.849211395
vt 0.659112573 0.718926609
vt 0.657970726 0.718926609
vt 0.657970726 0.849211395
vt 0.751680374 0.849211395
vt 0.751680374 0.718926609
vt 0.750538528 0.718926609
vt 0.750538528 0.849211395
vt 0.753964126 0.849211395
vt 0.753964067 0.718926609
vt 0.75282228 0.718926609
vt 0.75282228 0.849211395
vt 0.75282228 0.849211395
vt 0.75282228 0.718926609
vt 0.751680374 0.718926609
vt 0.751680374 0.849211395
vt 0.782917023 0.849211395
vt 0.782917023 0.718926609
vt 0.781775117 0.718926609
vt 0.781775117 0.849211395
vt 0.785200715 0.849211395
vt 0.785200715 0.718926609
vt 0.784058869 0.718926609
vt 0.784058869 0.849211395
vt 0.784058869 0.849211395
vt 0.784058869 0.718926609
vt 0.782917023 0.718926609
vt 0.782917023 0.849211395
vt 0.814153552 0.849211395
vt 0.814153552 0.718926609
vt 0.813011765 0.718926609
vt 0.813011765 0.849211395
vt 0.816437304 0.849211395
vt 0.816437304 0.718926609
vt 0.815295398 0.718926609
vt 0.815295398 0.849211395
vt 0.815295398 0.849211395
vt 0.815295398 0.718926609
vt 0.814153552 0.718926609
vt 0.814153552 0.849211395
vt 0.845390141 0.849211395
vt 0.845390141 0.718926609
vt 0.844248295 0.718926609
vt 0.844248295 0.849211395
vt 0.847673893 0.849211395
vt 0.847673893 0.718926609
vt 0.846532047 0.718926609
vt 0.846532047 0.849211395
vt 0.846532047 0.849211395
vt 0.846532047 0.718926609
vt 0.845390141 0.718926609
vt 0.845390141 0.849211395
vt 0.87662673 0.849211395
vt 0.87662673 0.718926609
vt 0.875484884 0.718926609
vt 0.875484884 0.849211395
vt 0.878910542 0.849211395
vt 0.878910422 0.718926609
vt 0.877768636 0.718926609
vt 0.877768636 0.849211395
vt 0.877768636 0.849211395
vt 0.877768636 0.718926609
vt 0.87662673 0.718926609
vt 0.87662673 0.849211395
vt 0.906721354 0.849211395
vt 0.907964349 0.855286837
vt 0.907964349 0.849211395
vt 0.906721354 0.855286837
vt 0.504071534 0.849211395
vt 0.504071534 0.855286837
vt 0.502729774 0.855286837
vt 0.502729774 0.849211395
vt 0.907964349 0.849211395
vt 0.907964349 0.855286837
vt 0.909207225 0.855286837
vt 0.909207225 0.849211395
vt 0.907964349 0.718927622
vt 0.909207225 0.718927622
vt 0.906721354 0.849211395
vt 0.907964349 0.849211395
vt 0.906721354 0.849211395
vt 0.504071534 0.849211395
vt 0.504071534 0.849211395
vt 0.502729774 0.849211395
vt 0.502729774 0.849211395
vt 0.501486838 0.855286837
vt 0.502729774 0.855286837
vt 0.501486838 0.849211395
vt 0.502729774 0.718927622
vt 0.501486838 0.718927622
vt 0.504071534 0.718926609
vt 0.502729774 0.718927622
vt 0.502729774 0.849211395
vt 0.504071534 0.849211395
vt 0.906622529 0.718927622
vt 0.906622529 0.849211395
vt 0.907964349 0.849211395
vt 0.907964349 0.718927622
vt 0.62901783 0.718926609
vt 0.62901783 0.849211395
vt 0.65682888 0.849211395
vt 0.65682888 0.718926609
vt 0.535308123 0.718926609
vt 0.535308123 0.849211395
vt 0.563119113 0.849211395
vt 0.563119113 0.718926609
vt 0.816437304 0.718926609
vt 0.816437304 0.849211395
vt 0.844248295 0.849211395
vt 0.844248295 0.718926609
vt 0.847673893 0.718926609
vt 0.847673893 0.849211395
vt 0.875484884 0.849211395
vt 0.875484884 0.718926609
vt 0.785200715 0.718926609
vt 0.785200715 0.849211395
vt 0.813011765 0.849211395
vt 0.813011765 0.718926609
vt 0.750538528 0.718926609
vt 0.660254478 0.718926609
vt 0.660254478 0.849211395
vt 0.750538528 0.849211395
vt 0.867107332 0.714501083
vt 0.89793092 0.714501083
vt 0.89793092 0.710440159
vt 0.867107332 0.70377183
vt 0.89658916 0.70377183
vt 0.991111636 0.858135581
vt 0.991111636 0.852060318
vt 0.915802479 0.852060318
vt 0.915802479 0.858135581
vt 0.914679766 0.852060318
vt 0.914679766 0.858135581
vt 0.915802479 0.858135581
vt 0.915802479 0.852060318
vt 0.91343677 0.852060318
vt 0.91343677 0.858135581
vt 0.914679766 0.858135581
vt 0.914679766 0.852060318
vt 0.91343677 0.721776366
vt 0.914679766 0.721776366
vt 0.992234409 0.852060318
vt 0.991111636 0.852060318
vt 0.991111636 0.858135581
vt 0.992234409 0.858135581
vt 0.993477166 0.852060318
vt 0.992234409 0.858135581
vt 0.993477166 0.858135581
vt 0.992234409 0.852060318
vt 0.993477166 0.721776366
vt 0.992234409 0.721776366
vt 0.914679766 0.721776366
vt 0.914679766 0.852060318
vt 0.915802419 0.852060318
vt 0.915802479 0.721776366
vt 0.992234409 0.721776366
vt 0.991111636 0.721776366
vt 0.991111636 0.852060318
vt 0.992234409 0.852060318
vt 0.915802479 0.721776366
vt 0.915802419 0.852060318
vt 0.943613291 0.852060318
vt 0.943613291 0.721776366
vt 0.963300765 0.721776366
vt 0.963300765 0.852060318
vt 0.991111636 0.852060318
vt 0.991111636 0.721776366
vt 0.944663644 0.852060318
vt 0.944663644 0.721775293
vt 0.943613291 0.721776366
vt 0.943613291 0.852060318
vt 0.946861446 0.852060318
vt 0.946861446 0.721775293
vt 0.94580555 0.721775293
vt 0.945805609 0.852060318
vt 0.945805609 0.852060318
vt 0.94580555 0.721775293
vt 0.944663644 0.721775293
vt 0.944663644 0.852060318
vt 0.962250352 0.852060318
vt 0.963300765 0.852060318
vt 0.963300765 0.721776366
vt 0.962250352 0.721775293
vt 0.960052729 0.852060318
vt 0.961108446 0.852060318
vt 0.961108446 0.721775293
vt 0.960052729 0.721775293
vt 0.961108446 0.852060318
vt 0.962250352 0.852060318
vt 0.962250352 0.721775293
vt 0.961108446 0.721775293
vt 0.946861446 0.721775293
vt 0.946861446 0.852060318
vt 0.960052729 0.852060318
vt 0.960052729 0.721775293
vt 0.642124116 0.8816728
vt 0.642126441 0.877252936
vt 0.637830377 0.877255499
vt 0.637828231 0.881670535
vt 0.642124116 0.8816728
vt 0.646350324 0.881675124
vt 0.646347344 0.887509584
vt 0.637825251 0.887504995
vt 0.637828231 0.881670535
vt 0.63199389 0.88166523
vt 0.637828231 0.881670535
vt 0.637830377 0.877255499
vt 0.631994486 0.877254546
vt 0.584476352 0.713706195
vt 0.590207279 0.713706791
vt 0.590207636 0.709480464
vt 0.584477186 0.705184221
vt 0.590208113 0.705184698
vt 0.590207279 0.713706791
vt 0.594500303 0.709480822
vt 0.590207636 0.709480464
vt 0.608659744 0.713708341
vt 0.608660102 0.709482133
vt 0.60942173 0.70948118
vt 0.609420896 0.713707268
vt 0.615257025 0.713711321
vt 0.615255356 0.705184221
vt 0.609420896 0.705184937
vt 0.918240607 0.716683686
vt 0.914348125 0.714472413
vt 0.914346814 0.718764961
vt 0.918244779 0.698229015
vt 0.914346814 0.700312495
vt 0.590208113 0.705184698
vt 0.590207636 0.709480464
vt 0.604890764 0.709481776
vt 0.609420896 0.705184937
vt 0.60942173 0.70948118
vt 0.877353609 0.882643223
vt 0.873480737 0.876881719
vt 0.872136652 0.880896866
vt 0.878697574 0.878628314
vt 0.895276308 0.878303766
vt 0.896623135 0.874284863
vt 0.901932955 0.876067102
vt 0.900588989 0.88008213
vt 0.947607875 0.715219736
vt 0.943779707 0.702667594
vt 0.943881452 0.717350364
vt 0.947607875 0.700485885
vt 0.943863571 0.698137343
vt 0.854277074 0.705808759
vt 0.84998405 0.71003449
vt 0.854276717 0.710034966
vt 0.835826039 0.705806971
vt 0.835824251 0.710033298
vt 0.860007882 0.705809236
vt 0.854277074 0.705808759
vt 0.854276717 0.710034966
vt 0.860007167 0.714331269
vt 0.85427624 0.714330792
vt 0.973800004 0.715140343
vt 0.977690279 0.717462897
vt 0.97768867 0.703303337
vt 0.973796248 0.701091945
vt 0.977690279 0.699010432
vt 0.835062504 0.71003449
vt 0.835063338 0.705808043
vt 0.829227448 0.705809236
vt 0.829228878 0.714331269
vt 0.835063338 0.714330554
vt 0.953474581 0.715219736
vt 0.949646473 0.702667594
vt 0.949748158 0.717350364
vt 0.953474581 0.700485885
vt 0.949730277 0.698137343
vt 0.85427624 0.714330792
vt 0.854276717 0.710034966
vt 0.839593232 0.710033655
vt 0.835063338 0.714330554
vt 0.835062504 0.71003449
vt 0.825477064 0.88255465
vt 0.821604073 0.876793087
vt 0.820260108 0.880808175
vt 0.826821029 0.878539562
vt 0.843399763 0.878215075
vt 0.84474647 0.874196172
vt 0.850056291 0.87597847
vt 0.848712325 0.879993498
vt 0.764315009 0.705153584
vt 0.76431334 0.709379911
vt 0.778473139 0.709381104
vt 0.782766163 0.705155253
vt 0.782765806 0.709381461
vt 0.941741228 0.715219736
vt 0.93791312 0.702667594
vt 0.938014746 0.717350364
vt 0.941741228 0.700485885
vt 0.937996864 0.698137343
vt 0.763552487 0.713677049
vt 0.763551712 0.709380984
vt 0.757718027 0.713678122
vt 0.757716537 0.70515573
vt 0.763552487 0.705149531
vt 0.782765329 0.713677526
vt 0.782765806 0.709381461
vt 0.768082559 0.70938015
vt 0.763552487 0.713677049
vt 0.763551712 0.709380984
vt 0.788496971 0.70515573
vt 0.782766163 0.705155253
vt 0.782765806 0.709381461
vt 0.788496256 0.713678122
vt 0.782765329 0.713677526
vt 0.850056291 0.885020792
vt 0.843399644 0.887257338
vt 0.848712325 0.88903594
vt 0.84474647 0.883238494
vt 0.826821029 0.887581944
vt 0.825477064 0.891596973
vt 0.821604073 0.885835409
vt 0.820260108 0.889850497
vt 0.554162383 0.709550858
vt 0.554163098 0.713847101
vt 0.558812618 0.709550321
vt 0.573376119 0.713847339
vt 0.573376596 0.709551573
vt 0.554925799 0.70531863
vt 0.554924011 0.709549963
vt 0.569083691 0.709551096
vt 0.573376834 0.705325127
vt 0.573376596 0.709551573
vt 0.935874104 0.700496316
vt 0.932129979 0.698147714
vt 0.932043731 0.702797294
vt 0.935874104 0.715229928
vt 0.932147741 0.717360675
vt 0.579107761 0.705325723
vt 0.573376834 0.705325127
vt 0.573376596 0.709551573
vt 0.579106927 0.713848174
vt 0.573376119 0.713847339
vt 0.979752004 0.715140343
vt 0.983642399 0.717462897
vt 0.983640969 0.703303337
vt 0.979748666 0.701091945
vt 0.983642399 0.699010432
vt 0.554162383 0.709550858
vt 0.554161549 0.70532465
vt 0.548327208 0.705325723
vt 0.548328638 0.713848174
vt 0.554163098 0.713847101
vt 0.967847824 0.715140343
vt 0.9717381 0.717462897
vt 0.971736789 0.703303337
vt 0.967844129 0.701091945
vt 0.9717381 0.699010432
vt 0.901442587 0.884918511
vt 0.894786 0.887155056
vt 0.900098681 0.888933599
vt 0.896132827 0.883136332
vt 0.878207207 0.887479603
vt 0.87686342 0.891494751
vt 0.871646464 0.889748275
vt 0.87299037 0.885733247
vt 0.650617838 0.714494824
vt 0.644887507 0.710198343
vt 0.64488703 0.714494348
vt 0.650618672 0.705972612
vt 0.644887745 0.705972135
vt 0.625673175 0.710197985
vt 0.62567246 0.705971658
vt 0.619838119 0.705972612
vt 0.619839549 0.714494824
vt 0.625674009 0.714493871
vt 0.644887745 0.705972135
vt 0.64059484 0.710198224
vt 0.644887507 0.710198343
vt 0.62643522 0.705970228
vt 0.626434863 0.710196793
vt 0.924134672 0.715229928
vt 0.920304418 0.702797294
vt 0.920408249 0.717360675
vt 0.924134672 0.700496316
vt 0.920390427 0.698147833
vt 0.625673175 0.710197985
vt 0.625674009 0.714493871
vt 0.63032347 0.710197031
vt 0.64488703 0.714494348
vt 0.644887507 0.710198343
vt 0.850056291 0.885020792
vt 0.848712325 0.88903594
vt 0.856470346 0.891632915
vt 0.85781455 0.887617826
vt 0.820260108 0.880808175
vt 0.821604073 0.876793087
vt 0.813845813 0.874196172
vt 0.812501907 0.878211319
vt 0.901442587 0.884918511
vt 0.900098681 0.888933599
vt 0.907856643 0.891530752
vt 0.909200847 0.887515604
vt 0.850056291 0.87597847
vt 0.848712325 0.879993498
vt 0.856470346 0.882590592
vt 0.85781455 0.878575683
vt 0.87299037 0.885733247
vt 0.86523217 0.883136332
vt 0.863888204 0.887151301
vt 0.871646464 0.889748275
vt 0.872136652 0.880896866
vt 0.873480737 0.876881719
vt 0.865722358 0.874284863
vt 0.864378452 0.878300071
vt 0.820260108 0.889850497
vt 0.821604073 0.885835409
vt 0.813845813 0.883238494
vt 0.812501907 0.887253582
vt 0.901932955 0.876067102
vt 0.900588989 0.88008213
vt 0.908347011 0.882679462
vt 0.909697175 0.878661394
vt 0.63199389 0.88166523
vt 0.631994486 0.877254546
vt 0.623472214 0.877253056
vt 0.623471618 0.881663561
vt 0.961788654 0.715076506
vt 0.965781271 0.717460394
vt 0.965780079 0.703300595
vt 0.961887538 0.701089323
vt 0.965781271 0.699007809
vt 0.800423503 0.874849081
vt 0.793766856 0.877085626
vt 0.799079537 0.87886405
vt 0.795113683 0.873066723
vt 0.777188122 0.877410114
vt 0.775844276 0.881425142
vt 0.77062732 0.879678726
vt 0.771971285 0.875663698
vt 0.800423503 0.874849081
vt 0.799079537 0.87886405
vt 0.806837559 0.881461203
vt 0.808181703 0.877446175
vt 0.771971285 0.875663698
vt 0.764213026 0.873066723
vt 0.76286906 0.877081871
vt 0.77062732 0.879678726
vt 0.793866396 0.705020368
vt 0.799596846 0.709316969
vt 0.799597323 0.705021083
vt 0.793865681 0.713542819
vt 0.799596608 0.713543296
vt 0.818811178 0.709317505
vt 0.818811893 0.713543534
vt 0.824646235 0.713542819
vt 0.824644566 0.705020368
vt 0.818810225 0.70502156
vt 0.799596608 0.713543296
vt 0.803889751 0.709317207
vt 0.799596846 0.709316969
vt 0.818049014 0.713545144
vt 0.818049371 0.709318697
vt 0.930004537 0.715229928
vt 0.926173985 0.702797294
vt 0.926277995 0.717360675
vt 0.930004537 0.700496316
vt 0.926260114 0.698147833
vt 0.818811178 0.709317505
vt 0.818810225 0.70502156
vt 0.814160764 0.709318221
vt 0.799597323 0.705021083
vt 0.799596846 0.709316969
vt 0.955707788 0.715076506
vt 0.959700286 0.717460394
vt 0.959698915 0.703300595
vt 0.955806613 0.701089203
vt 0.959700286 0.699007809
vt 0.800423503 0.883891225
vt 0.793766856 0.88612783
vt 0.799079537 0.887906373
vt 0.795113683 0.882109165
vt 0.777188122 0.886452317
vt 0.775844276 0.890467405
vt 0.77062732 0.888721049
vt 0.771971285 0.884705901
vt 0.800423503 0.883891225
vt 0.799079537 0.887906373
vt 0.806837559 0.890503466
vt 0.808181703 0.886488318
vt 0.771971285 0.884705901
vt 0.764213026 0.882109165
vt 0.76286906 0.886124194
vt 0.77062732 0.888721049
vt 0.588408113 0.887754261
vt 0.588408113 0.887754261
vt 0.588408113 0.87759608
vt 0.588408113 0.87759608
vt 0.588662028 0.887754261
vt 0.595249772 0.887754261
vt 0.595249772 0.87759608
vt 0.588662028 0.87759608
vt 0.615836263 0.887754261
vt 0.615836263 0.887754261
vt 0.615836263 0.87759608
vt 0.615836263 0.87759608
vt 0.595504045 0.887754261
vt 0.602110624 0.887754261
vt 0.602110624 0.87759608
vt 0.595504045 0.87759608
vt 0.595504045 0.87759608
vt 0.595504045 0.87759608
vt 0.595504045 0.887754261
vt 0.595504045 0.887754261
vt 0.602364659 0.887754261
vt 0.608981013 0.887754261
vt 0.608981013 0.87759608
vt 0.602364659 0.87759608
vt 0.609235048 0.887754261
vt 0.615836263 0.887754261
vt 0.615836263 0.87759608
vt 0.609235048 0.87759608
vt 0.588408113 0.87759608
vt 0.588408113 0.887754261
vt 0.588662028 0.887754261
vt 0.588662028 0.87759608
vt 0.595249772 0.887754261
vt 0.595504045 0.887754261
vt 0.595504045 0.87759608
vt 0.595249772 0.87759608
vt 0.602110624 0.887754261
vt 0.602364659 0.887754261
vt 0.602364659 0.87759608
vt 0.602110624 0.87759608
vt 0.608981013 0.887754261
vt 0.609235048 0.887754261
vt 0.609235048 0.87759608
vt 0.608981013 0.87759608
vt 0.615836263 0.887754261
vt 0.61609 0.887754261
vt 0.61609 0.87759608
vt 0.615836263 0.87759608
vt 0.608981013 0.887754261
vt 0.608981013 0.887754261
vt 0.608981013 0.87759608
vt 0.608981013 0.87759608
vt 0.588662028 0.87759608
vt 0.588662028 0.87759608
vt 0.588662028 0.887754261
vt 0.588662028 0.887754261
vt 0.602110624 0.887754261
vt 0.602110624 0.887754261
vt 0.602110624 0.87759608
vt 0.602110624 0.87759608
vt 0.61609 0.87759608
vt 0.61609 0.87759608
vt 0.61609 0.887754261
vt 0.61609 0.887754261
vt 0.595249772 0.887754261
vt 0.595249772 0.887754261
vt 0.595249772 0.87759608
vt 0.595249772 0.87759608
vt 0.609235048 0.87759608
vt 0.609235048 0.87759608
vt 0.609235048 0.887754261
vt 0.609235048 0.887754261
vt 0.602364659 0.87759608
vt 0.602364659 0.87759608
vt 0.602364659 0.887754261
vt 0.602364659 0.887754261
vt 0.992352426 0.674880445
vt 0.991109371 0.680955648
vt 0.992352426 0.680955648
vt 0.991109371 0.674880445
vt 0.992352426 0.544596493
vt 0.991109371 0.544596493
vt 0.991109371 0.674880445
vt 0.989986777 0.680955648
vt 0.991109371 0.680955648
vt 0.989986777 0.674880445
vt 0.914677501 0.674880445
vt 0.914677501 0.680955648
vt 0.913554847 0.674880445
vt 0.913554847 0.680955648
vt 0.991109371 0.674880445
vt 0.989986777 0.674880445
vt 0.989986777 0.674880445
vt 0.914677501 0.674880445
vt 0.914677501 0.674880445
vt 0.913554847 0.674880445
vt 0.912311912 0.674880445
vt 0.912311912 0.680955648
vt 0.913554847 0.680955648
vt 0.913554847 0.674880445
vt 0.912311912 0.544596493
vt 0.913554847 0.544596493
vt 0.991109371 0.544596493
vt 0.989986777 0.54459542
vt 0.989986777 0.674880445
vt 0.991109371 0.674880445
vt 0.913554847 0.544596493
vt 0.913554847 0.674880445
vt 0.914677501 0.674880445
vt 0.914677501 0.544596493
vt 0.914677501 0.544596493
vt 0.914677501 0.674880445
vt 0.942496955 0.674880445
vt 0.942488432 0.54459542
vt 0.961125553 0.674880445
vt 0.962175965 0.674880445
vt 0.962175965 0.54459542
vt 0.961125553 0.54459542
vt 0.95892787 0.674880445
vt 0.959983587 0.674880445
vt 0.959983587 0.54459542
vt 0.95892787 0.54459542
vt 0.959983587 0.674880445
vt 0.961125553 0.674880445
vt 0.961125553 0.54459542
vt 0.959983587 0.54459542
vt 0.943538666 0.674880445
vt 0.943538666 0.54459542
vt 0.942488432 0.54459542
vt 0.942496955 0.674880445
vt 0.945736468 0.674880445
vt 0.945736468 0.54459542
vt 0.944680691 0.54459542
vt 0.944680691 0.674880445
vt 0.944680691 0.674880445
vt 0.944680691 0.54459542
vt 0.943538666 0.54459542
vt 0.943538666 0.674880445
vt 0.962175965 0.54459542
vt 0.962175965 0.674880445
vt 0.989986777 0.674880445
vt 0.989986777 0.54459542
vt 0.95892787 0.54459542
vt 0.945736468 0.54459542
vt 0.945736468 0.674880445
vt 0.95892787 0.674880445
vt 0.718957365 0.710518599
vt 0.750846684 0.710134268
vt 0.749603808 0.705942154
vt 0.657173216 0.705966651
vt 0.749603808 0.685367286
vt 0.657173276 0.685367286
vt 0.703380167 0.710003138
vt 0.710158825 0.712637663
vt 0.703396797 0.713051558
vt 0.696618259 0.712637663
vt 0.6878196 0.710518599
vt 0.655930281 0.710134208
vt 0.751361609 0.685367286
vt 0.750846684 0.685367286
vt 0.750846624 0.710134268
vt 0.751361609 0.710003078
vt 0.750846684 0.685367286
vt 0.749603808 0.685367286
vt 0.749690115 0.705942214
vt 0.750846624 0.710134268
vt 0.655415535 0.685367286
vt 0.655415535 0.710003078
vt 0.65593034 0.710134268
vt 0.65593034 0.685367286
vt 0.65593034 0.685367286
vt 0.65593034 0.710134268
vt 0.657173276 0.705942214
vt 0.657173276 0.685367286
vt 0.741772532 0.712637663
vt 0.750846684 0.710134268
vt 0.718957365 0.710518599
vt 0.727755904 0.712637663
vt 0.665004492 0.712637663
vt 0.67902106 0.712637663
vt 0.6878196 0.710518599
vt 0.655930281 0.710134208
vt 0.879915655 0.697711825
vt 0.879915655 0.686807752
vt 0.755056679 0.686807752
vt 0.755056679 0.697711825
vt 0.879915655 0.686807752
vt 0.882503152 0.686807752
vt 0.755056679 0.686807752
vt 0.755056679 0.686807752
vt 0.882503152 0.686807752
vt 0.882503152 0.68557179
vt 0.755056679 0.68557179
vt 0.755056679 0.686807752
vt 0.526061475 0.686929584
vt 0.526062548 0.697833657
vt 0.651007831 0.697833657
vt 0.651007831 0.686929584
vt 0.523474038 0.686929584
vt 0.526061475 0.686929584
vt 0.651007831 0.686929584
vt 0.651007831 0.686929584
vt 0.523474038 0.685693622
vt 0.523474038 0.686929584
vt 0.651007831 0.686929584
vt 0.651007831 0.685693622
vt 0.986887097 0.683327079
vt 0.912221074 0.684562981
vt 0.912798464 0.684562981
vt 0.984367549 0.684562981
vt 0.986954927 0.683327019
vt 0.912221074 0.683327019
vt 0.912221074 0.684562981
vt 0.986887097 0.683327079
vt 0.878017962 0.869837403
vt 0.878017962 0.858933389
vt 0.53267622 0.858933389
vt 0.532676101 0.869837403
vt 0.992990792 0.864701033
vt 0.993568122 0.864701033
vt 0.918834269 0.864701033
vt 0.921421766 0.864701033
vt 0.993568122 0.864701033
vt 0.993568122 0.863465011
vt 0.918834269 0.863465011
vt 0.918834269 0.864701033
vt 0.992990792 0.875605106
vt 0.992990792 0.864701033
vt 0.921421766 0.864701033
vt 0.921421766 0.875605106
vt 0.984367549 0.684562981
vt 0.912798464 0.684562981
vt 0.912798464 0.695467114
vt 0.984367549 0.695467114
vt 0.906244457 0.987322032
vt 0.93894726 0.98684442
vt 0.936488986 0.984422743
vt 0.938947797 0.897389114
vt 0.906219661 0.984880805
vt 0.936508536 0.899822056
vt 0.534337282 0.987366736
vt 0.534361601 0.984924197
vt 0.501713276 0.986892521
vt 0.504178762 0.984469175
vt 0.501746535 0.897435427
vt 0.504180133 0.899867415
vn 0.239138633 0.963048637 -0.123895384
vn 0.239138633 0.963048637 -0.123895384
vn 0.239138633 0.963048637 -0.123895384
vn 0.453665525 0.886154592 0.09443295
vn 0.453665525 0.886154592 0.09443295
vn 0.453665525 0.886154592 0.09443295
vn -0.228578389 0.92053622 -0.31680432
vn -0.228578389 0.92053622 -0.31680432
vn -0.228578389 0.92053622 -0.31680432
vn -1.57149825E-05 -1 0
vn -1.57149825E-05 -1 0
vn -1.57149825E-05 -1 0
vn -0 -1 0
vn -0 -1 0
vn -0 -1 0
vn -0 0 1
vn -0 0 1
vn -0 0 1
vn -0 0 1
vn -0 0 1
vn -0 0 1
vn -0 1 0
vn -0 1 0
vn -0 1 0
vn -0 0 -1
vn -0 0 -1
vn -0 0 -1
vn -0 1 0
vn -0 1 0
vn -0 1 0
vn -0 0 -1
vn -0 0 -1
vn -0 0 -1
vn -1 0 0
vn -1 0 0
vn -1 0 0
vn -1 0 0
vn -0 0 1
vn -0 0 1
vn -0 0 1
vn -0 0 1
vn -0 1 0
vn -0 1 0
vn -0 1 0
vn -0 1 0
vn -0 1 0
vn -0 1 0
vn -0 1 0
vn -0 1 0
vn -0 1 0
vn -0 1 0
vn -0 1 0
vn -0 1 0
vn 1 0 0
vn 1 0 0
vn 1 0 0
vn 1 0 0
vn -0 0 -1
vn -0 0 -1
vn -0 0 -1
vn -0 0 -1
vn -0 0 -1
vn -0 0 -1
vn -0 0 -1
vn -0 0 -1
vn -0 0 1
vn -0 0 1
vn -0 0 1
vn -0 0 1
vn -0 0 1
vn -0 0 1
vn -0 0 1
vn -0 0 1
vn -0 0 -1
vn -0 0 -1
vn -0 0 -1
vn -0 0 -1
vn -0 1 0
vn -0 1 0
vn -0 1 0
vn -0 1 0
vn -0 1 0
vn -0 1 0
vn -0 1 0
vn -0 1 0
vn 1 0 0
vn 1 0 0
vn 1 0 0
vn 1 0 0
vn -1 0 0
vn -1 0 0
vn -1 0 0
vn -1 0 0
vn -0 0 1
vn -0 0 1
vn -0 0 1
vn -0 0 1
vn -0 0 1
vn -0 0 1
vn -0 0 1
vn -0 0 1
vn -0 0 -1
vn -0 0 -1
vn -0 0 -1
vn -0 0 -1
vn -0 0 -1
vn -0 0 -1
vn -0 0 -1
vn -0 0 -1
vn -1 0 0
vn -1 0 0
vn -1 0 0
vn -1 0 0
vn 1 0 0
vn 1 0 0
vn 1 0 0
vn 1 0 0
vn -0 0 1
vn -0 0 1
vn -0 0 1
vn -0 0 1
vn -0 0 -1
vn -0 0 -1
vn -0 0 -1
vn -0 0 -1
vn -0 1 0
vn -0 1 0
vn -0 1 0
vn -0 1 0
vn -0 1 0
vn -0 1 0
vn -0 1 0
vn -0 1 0
vn 1 0 0
vn 1 0 0
vn 1 0 0
vn 1 0 0
vn 1 0 0
vn 1 0 0
vn 1 0 0
vn 1 0 0
vn -0 0 1
vn -0 0 1
vn -0 0 1
vn -0 0 1
vn -0 0 1
vn -0 0 1
vn -0 0 1
vn -0 0 1
vn 0.569118619 0 0.822255433
vn 0.569118619 0 0.822255433
vn 0.569118619 0 0.822255433
vn 0.569118619 0 0.822255433
vn -0.569167435 0 0.822221637
vn -0.569167435 0 0.822221637
vn -0.569167435 0 0.822221637
vn -0.569167435 0 0.822221637
vn -0 0 1
vn -0 0 1
vn -0 0 1
vn -0 0 1
vn 0.569118619 0 0.822255433
vn 0.569118619 0 0.822255433
vn 0.569118619 0 0.822255433
vn 0.569118619 0 0.822255433
vn -0.569138944 0 0.822241306
vn -0.569138944 0 0.822241306
vn -0.569138944 0 0.822241306
vn -0.569138944 0 0.822241306
vn -0 0 1
vn -0 0 1
vn -0 0 1
vn -0 0 1
vn 0.569118619 0 0.822255433
vn 0.569118619 0 0.822255433
vn 0.569118619 0 0.822255433
vn 0.569118619 0 0.822255433
vn -0.569138944 0 0.822241306
vn -0.569138944 0 0.822241306
vn -0.569138944 0 0.822241306
vn -0.569138944 0 0.822241306
vn -0 0 1
vn -0 0 1
vn -0 0 1
vn -0 0 1
vn 0.569118619 0 0.822255433
vn 0.569118619 0 0.822255433
vn 0.569118619 0 0.822255433
vn 0.569118619 0 0.822255433
vn -0.569165409 0 0.822223008
vn -0.569165409 0 0.822223008
vn -0.569165409 0 0.822223008
vn -0.569165409 0 0.822223008
vn -0 0 1
vn -0 0 1
vn -0 0 1
vn -0 0 1
vn 0.569118619 0 0.822255433
vn 0.569118619 0 0.822255433
vn 0.569118619 0 0.822255433
vn 0.569118619 0 0.822255433
vn -0.569140971 0 0.822239935
vn -0.569140971 0 0.822239935
vn -0.569140971 0 0.822239935
vn -0.569140971 0 0.822239935
vn -0 0 1
vn -0 0 1
vn -0 0 1
vn -0 0 1
vn 0.569144547 0 0.822237432
vn 0.569144547 0 0.822237432
vn 0.569144547 0 0.822237432
vn 0.569144547 0 0.822237432
vn -0.569134414 0 0.822244465
vn -0.569134414 0 0.822244465
vn -0.569134414 0 0.822244465
vn -0.569134414 0 0.822244465
vn -0 0 1
vn -0 0 1
vn -0 0 1
vn -0 0 1
vn 0.569143057 0 0.822238564
vn 0.569143057 0 0.822238564
vn 0.569143057 0 0.822238564
vn 0.569143057 0 0.822238564
vn -0.569140971 0 0.822239935
vn -0.569140971 0 0.822239935
vn -0.569140971 0 0.822239935
vn -0.569140971 0 0.822239935
vn -0 0 1
vn -0 0 1
vn -0 0 1
vn -0 0 1
vn 0.569145024 0 0.822237134
vn 0.569145024 0 0.822237134
vn 0.569145024 0 0.822237134
vn 0.569145024 0 0.822237134
vn -0.569140971 0 0.822239935
vn -0.569140971 0 0.822239935
vn -0.569140971 0 0.822239935
vn -0.569140971 0 0.822239935
vn -0 0 1
vn -0 0 1
vn -0 0 1
vn -0 0 1
vn 0.56914711 0 0.822235703
vn 0.56914711 0 0.822235703
vn 0.56914711 0 0.822235703
vn 0.56914711 0 0.822235703
vn -0.569143057 0 0.822238564
vn -0.569143057 0 0.822238564
vn -0.569143057 0 0.822238564
vn -0.569143057 0 0.822238564
vn -0 0 1
vn -0 0 1
vn -0 0 1
vn -0 0 1
vn 0.569138944 0 0.822241306
vn 0.569138944 0 0.822241306
vn 0.569138944 0 0.822241306
vn 0.569138944 0 0.822241306
vn -0.569138944 0 0.822241306
vn -0.569138944 0 0.822241306
vn -0.569138944 0 0.822241306
vn -0.569138944 0 0.822241306
vn -0 0 1
vn -0 0 1
vn -0 0 1
vn -0 0 1
vn 0.569143057 0 0.822238564
vn 0.569143057 0 0.822238564
vn 0.569143057 0 0.822238564
vn 0.569143057 0 0.822238564
vn -0.569151163 0 0.822232842
vn -0.569151163 0 0.822232842
vn -0.569151163 0 0.822232842
vn -0.569151163 0 0.822232842
vn -0 0 1
vn -0 0 1
vn -0 0 1
vn -0 0 1
vn -0 0 1
vn -0 0 1
vn -0 0 1
vn -0 0 1
vn -0 0 1
vn -0 0 1
vn -0 0 1
vn -0 0 1
vn -0.382681042 0 0.923880517
vn -0.382681042 0 0.923880517
vn -0.382681042 0 0.923880517
vn -0.382681042 0 0.923880517
vn -0.382677197 0 0.923882186
vn -0.382677197 0 0.923882186
vn -0 -1 1.22567617E-05
vn -0 -1 1.22567617E-05
vn -0 -1 0
vn -0 -1 1.22567617E-05
vn -0 -1 1.22567617E-05
vn -0 -1 2.4513598E-05
vn 0.38268429 0 0.923879206
vn 0.38268429 0 0.923879206
vn 0.38268429 0 0.923879206
vn 0.38268429 0 0.923879206
vn 0.382680178 0 0.923880816
vn 0.382680178 0 0.923880816
vn -0.50753969 0 0.861628354
vn -0.50753969 0 0.861628354
vn -0.50753969 0 0.861628354
vn -0.50753969 0 0.861628354
vn 0.507535338 0 0.861630976
vn 0.507535338 0 0.861630976
vn 0.507535338 0 0.861630976
vn 0.507535338 0 0.861630976
vn -0 0 1
vn -0 0 1
vn -0 0 1
vn -0 0 1
vn -0 0 1
vn -0 0 1
vn -0 0 1
vn -0 0 1
vn -0 0 1
vn -0 0 1
vn -0 0 1
vn -0 0 1
vn -0 0 1
vn -0 0 1
vn -0 0 1
vn -0 0 1
vn -0 0 1
vn -0 0 1
vn -0 0 1
vn -0 0 1
vn -0 0 1
vn -0 0 1
vn -0 0 1
vn -0 0 1
vn -0 0 1
vn -0 0 1
vn -0 0 1
vn -0 0 1
vn -0 0 1
vn -0 0 1
vn -0 0 1
vn -0 0 1
vn -0 0 1
vn -0 0 1
vn -0 0 1
vn -0 0 1
vn -0 0 1
vn -0 0 1
vn -0 0 1
vn -0 0 1
vn -0 0 1
vn -0 0 1
vn -0 0 1
vn -0 0 1
vn 1 0 0
vn 1 0 0
vn 1 0 0
vn 1 0 0
vn 1 0 0
vn -0.234118313 0.972088099 -0.0152787343
vn -0.234118313 0.972088099 -0.0152787343
vn -0.234118313 0.972088099 -0.0152787343
vn -0.234118313 0.972088099 -0.0152787343
vn 0.234118313 0.972088099 -0.0152787389
vn 0.234118313 0.972088099 -0.0152787389
vn 0.234118313 0.972088099 -0.0152787389
vn 0.234118313 0.972088099 -0.0152787389
vn 0.0589480996 0.998137712 -0.0156880263
vn 0.0589480996 0.998137712 -0.0156880263
vn 0.0589480996 0.998137712 -0.0156880263
vn 0.0589480996 0.998137712 -0.0156880263
vn -0.0589480996 0.998137712 -0.0156880207
vn -0.0589480996 0.998137712 -0.0156880207
vn -0.0589480996 0.998137712 -0.0156880207
vn -0.0589480996 0.998137712 -0.0156880207
vn 0.0610128529 0.998013496 -0.0157015231
vn 0.0610128529 0.998013496 -0.0157015231
vn 0.0610128529 0.998013496 -0.0157015231
vn 0.0610128529 0.998013496 -0.0157015231
vn 0.239815801 0.970786512 -0.00786525942
vn 0.239815801 0.970786512 -0.00786525942
vn 0.239815801 0.970786512 -0.00786525942
vn 0.239815801 0.970786512 -0.00786525942
vn 0.234118313 0.972088099 -0.0152787343
vn 0.234118313 0.972088099 -0.0152787343
vn 0.234118313 0.972088099 -0.0152787343
vn 0.234118313 0.972088099 -0.0152787343
vn -0.234118313 0.972088099 -0.0152787389
vn -0.234118313 0.972088099 -0.0152787389
vn -0.234118313 0.972088099 -0.0152787389
vn -0.234118313 0.972088099 -0.0152787389
vn -0.0589480996 0.998137712 -0.0156880263
vn -0.0589480996 0.998137712 -0.0156880263
vn -0.0589480996 0.998137712 -0.0156880263
vn -0.0589480996 0.998137712 -0.0156880263
vn 0.0589480996 0.998137712 -0.0156880207
vn 0.0589480996 0.998137712 -0.0156880207
vn 0.0589480996 0.998137712 -0.0156880207
vn 0.0589480996 0.998137712 -0.0156880207
vn -0.0610128678 0.998013973 -0.0156706236
vn -0.0610128678 0.998013973 -0.0156706236
vn -0.0610128678 0.998013973 -0.0156706236
vn -0.0610128678 0.998013973 -0.0156706236
vn -0.266593069 0.963769257 0.00876988098
vn -0.266593069 0.963769257 0.00876988098
vn -0.266593069 0.963769257 0.00876988098
vn -0.239815801 0.970786512 -0.0078652706
vn -0.239815801 0.970786512 -0.0078652706
vn -0 0 -1
vn -0 0 -1
vn -0 0 -1
vn -0 0 -1
vn -0 0 -1
vn -0 0 -1
vn -0 0 -1
vn -0 0 -1
vn -0 0 -1
vn -0 0 -1
vn -0 0 -1
vn -0 0 -1
vn -0 0 -1
vn -0 0 -1
vn -0 0 -1
vn -0 0 -1
vn -0 0 -1
vn -0 0 -1
vn -0 0 -1
vn -0 0 -1
vn -0 0 -1
vn -0 0 -1
vn -0 0 -1
vn -0 0 -1
vn -0 0 -1
vn -0 0 -1
vn -0 0 -1
vn -0 0 -1
vn -0 0 -1
vn -0 0 -1
vn -0 0 -1
vn -0 0 -1
vn -0 0 -1
vn -0 0 -1
vn -0 0 -1
vn -0 0 -1
vn -0 0 -1
vn -0 0 -1
vn -0 0 -1
vn -0 0 -1
vn 0.569143593 0 -0.822238207
vn 0.569143593 0 -0.822238207
vn 0.569143593 0 -0.822238207
vn 0.569143593 0 -0.822238207
vn -0.569134414 0 -0.822244525
vn -0.569134414 0 -0.822244525
vn -0.569134414 0 -0.822244525
vn -0.569134414 0 -0.822244525
vn -0 0 -1
vn -0 0 -1
vn -0 0 -1
vn -0 0 -1
vn 0.569143474 0 -0.822238207
vn 0.569143474 0 -0.822238207
vn 0.569143474 0 -0.822238207
vn 0.569143474 0 -0.822238207
vn -0.569138467 0 -0.822241664
vn -0.569138467 0 -0.822241664
vn -0.569138467 0 -0.822241664
vn -0.569138467 0 -0.822241664
vn -0 0 -1
vn -0 0 -1
vn -0 0 -1
vn -0 0 -1
vn 0.569143355 0 -0.822238266
vn 0.569143355 0 -0.822238266
vn 0.569143355 0 -0.822238266
vn 0.569143355 0 -0.822238266
vn -0.569143057 0 -0.822238564
vn -0.569143057 0 -0.822238564
vn -0.569143057 0 -0.822238564
vn -0.569143057 0 -0.822238564
vn -0 0 -1
vn -0 0 -1
vn -0 0 -1
vn -0 0 -1
vn 0.569143295 0 -0.822238326
vn 0.569143295 0 -0.822238326
vn 0.569143295 0 -0.822238326
vn 0.569143295 0 -0.822238326
vn -0.569140732 0 -0.822240114
vn -0.569140732 0 -0.822240114
vn -0.569140732 0 -0.822240114
vn -0.569140732 0 -0.822240114
vn -0 0 -1
vn -0 0 -1
vn -0 0 -1
vn -0 0 -1
vn 0.569145262 0 -0.822237074
vn 0.569145262 0 -0.822237074
vn 0.569145262 0 -0.822237074
vn 0.569145262 0 -0.822237074
vn -0.569137692 0 -0.8222422
vn -0.569137692 0 -0.8222422
vn -0.569137692 0 -0.8222422
vn -0.569137692 0 -0.8222422
vn -0 0 -1
vn -0 0 -1
vn -0 0 -1
vn -0 0 -1
vn 0.56914407 0 -0.822237849
vn 0.56914407 0 -0.822237849
vn 0.56914407 0 -0.822237849
vn 0.56914407 0 -0.822237849
vn -0.569137931 0 -0.822242081
vn -0.569137931 0 -0.822242081
vn -0.569137931 0 -0.822242081
vn -0.569137931 0 -0.822242081
vn -0 0 -1
vn -0 0 -1
vn -0 0 -1
vn -0 0 -1
vn 0.569145024 0 -0.822237134
vn 0.569145024 0 -0.822237134
vn 0.569145024 0 -0.822237134
vn 0.569145024 0 -0.822237134
vn -0.569139242 0 -0.822241187
vn -0.569139242 0 -0.822241187
vn -0.569139242 0 -0.822241187
vn -0.569139242 0 -0.822241187
vn -0 0 -1
vn -0 0 -1
vn -0 0 -1
vn -0 0 -1
vn 0.56914711 0 -0.822235703
vn 0.56914711 0 -0.822235703
vn 0.56914711 0 -0.822235703
vn 0.56914711 0 -0.822235703
vn -0.569143355 0 -0.822238266
vn -0.569143355 0 -0.822238266
vn -0.569143355 0 -0.822238266
vn -0.569143355 0 -0.822238266
vn -0 0 -1
vn -0 0 -1
vn -0 0 -1
vn -0 0 -1
vn 0.569134474 0 -0.822244465
vn 0.569134474 0 -0.822244465
vn 0.569134474 0 -0.822244465
vn 0.569134474 0 -0.822244465
vn -0.569139421 0 -0.822241068
vn -0.569139421 0 -0.822241068
vn -0.569139421 0 -0.822241068
vn -0.569139421 0 -0.822241068
vn -0 0 -1
vn -0 0 -1
vn -0 0 -1
vn -0 0 -1
vn 0.569143057 0 -0.822238564
vn 0.569143057 0 -0.822238564
vn 0.569143057 0 -0.822238564
vn 0.569143057 0 -0.822238564
vn -0.569143593 0 -0.822238207
vn -0.569143593 0 -0.822238207
vn -0.569143593 0 -0.822238207
vn -0.569143593 0 -0.822238207
vn -0 0 -1
vn -0 0 -1
vn -0 0 -1
vn -0 0 -1
vn -0 0 -1
vn -0 0 -1
vn -0 0 -1
vn -0 0 -1
vn -0 0 -1
vn -0 0 -1
vn -0 0 -1
vn -0 0 -1
vn -0.38268429 0 -0.923879206
vn -0.38268429 0 -0.923879206
vn -0.38268429 0 -0.923879206
vn -0.38268429 0 -0.923879206
vn -0.382680178 0 -0.923880816
vn -0.382680178 0 -0.923880816
vn -0 -1 -1.22568226E-05
vn -0 -1 0
vn -0 -1 -1.22568226E-05
vn -0 -1 -1.22568226E-05
vn -0 -1 -1.22568226E-05
vn -0 -1 -2.45138817E-05
vn 0.38268429 0 -0.923879206
vn 0.38268429 0 -0.923879206
vn 0.38268429 0 -0.923879206
vn 0.38268429 0 -0.923879206
vn 0.382680178 0 -0.923880816
vn 0.382680178 0 -0.923880816
vn -0.507535756 0 -0.861630678
vn -0.507535756 0 -0.861630678
vn -0.507535756 0 -0.861630678
vn -0.507535756 0 -0.861630678
vn 0.507537007 0 -0.861629963
vn 0.507537007 0 -0.861629963
vn 0.507537007 0 -0.861629963
vn 0.507537007 0 -0.861629963
vn -0 0 -1
vn -0 0 -1
vn -0 0 -1
vn -0 0 -1
vn -0 0 -1
vn -0 0 -1
vn -0 0 -1
vn -0 0 -1
vn -0 0 -1
vn -0 0 -1
vn -0 0 -1
vn -0 0 -1
vn -0 0 -1
vn -0 0 -1
vn -0 0 -1
vn -0 0 -1
vn -0 0 -1
vn -0 0 -1
vn -0 0 -1
vn -0 0 -1
vn -0 0 -1
vn -0 0 -1
vn -0 0 -1
vn -0 0 -1
vn -1 0 0
vn -1 0 0
vn -1 0 0
vn -1 0 0
vn -1 0 0
vn -0.993843675 -0.110791303 0
vn -0.993843675 -0.110791303 0
vn -0.993843675 -0.110791303 0
vn -0.993843675 -0.110791303 0
vn -0.996141851 0 -0.0877570659
vn -0.996141851 0 -0.0877570659
vn -0.996141851 0 -0.0877570659
vn -0.996141851 0 -0.0877570659
vn -0.923877895 0 -0.382687509
vn -0.923877895 0 -0.382687509
vn -0.923877895 0 -0.382687509
vn -0.923877895 0 -0.382687509
vn -0.923879802 0 -0.382682741
vn -0.923879802 0 -0.382682741
vn -0.996141851 0 0.0877570659
vn -0.996141851 0 0.0877570659
vn -0.996141851 0 0.0877570659
vn -0.996141851 0 0.0877570659
vn -0.923877895 0 0.382687509
vn -0.923877895 0 0.382687509
vn -0.923877895 0 0.382687509
vn -0.923877895 0 0.382687509
vn -0.923879802 0 0.382682741
vn -0.923879802 0 0.382682741
vn -0.888970196 0 0.457965195
vn -0.888970196 0 0.457965195
vn -0.888970196 0 0.457965195
vn -0.888970196 0 0.457965195
vn -0.888978779 0 -0.457948476
vn -0.888978779 0 -0.457948476
vn -0.888978779 0 -0.457948476
vn -0.888978779 0 -0.457948476
vn -1 0 0
vn -1 0 0
vn -1 0 0
vn -1 0 0
vn -1 0 0
vn -1 0 0
vn -1 0 0
vn -1 0 0
vn -0.840435326 0 -0.54191184
vn -0.840435326 0 -0.54191184
vn -0.840435326 0 -0.54191184
vn -0.840435326 0 -0.54191184
vn -0.841698408 0 0.539947927
vn -0.841698408 0 0.539947927
vn -0.841698408 0 0.539947927
vn -0.841698408 0 0.539947927
vn -1 0 0
vn -1 0 0
vn -1 0 0
vn -1 0 0
vn -0.840439141 0 0.54190582
vn -0.840439141 0 0.54190582
vn -0.840439141 0 0.54190582
vn -0.840439141 0 0.54190582
vn -0.841698408 0 -0.539947867
vn -0.841698408 0 -0.539947867
vn -0.841698408 0 -0.539947867
vn -0.841698408 0 -0.539947867
vn -1 0 0
vn -1 0 0
vn -1 0 0
vn -1 0 0
vn -1 0 0
vn -1 0 0
vn -1 0 0
vn -1 0 0
vn -1 -0.000351327122 0
vn -1 -0.000351327122 0
vn -1 -0.000351327122 0
vn -1 -0.000351327122 0
vn -0.000801727467 0.999999762 0
vn -0.000801727467 0.999999762 0
vn -0.000801727467 0.999999762 0
vn -0.000801727467 0.999999762 0
vn -0.000796950422 0.999999762 0
vn -0 0 1
vn -0 0 1
vn -0 0 1
vn -0 0 1
vn -0 1 0
vn -0 1 0
vn -0 1 0
vn -0 1 0
vn -0 1 0
vn -0.471978366 0.881610155 0
vn -0.471978366 0.881610155 0
vn -0.471978366 0.881610155 0
vn -0.471672028 0.881774127 -0.000176029207
vn -0.471672028 0.881774127 -0.000176029207
vn -0.000256391475 0.999999881 -0.000386957836
vn -0.000256391475 0.999999881 -0.000386957836
vn -0.000256391475 0.999999881 -0.000386957836
vn -0.000256391475 0.999999881 -0.000386957836
vn -0.000798894209 0.999999762 0
vn -0 0 1
vn -0 0 1
vn -0 0 1
vn -0 0 1
vn -0 0 1
vn 0.533990026 0.845410883 -0.011623973
vn 0.533990026 0.845410883 -0.011623973
vn 0.533990026 0.845410883 -0.011623973
vn 0.533990026 0.845410883 -0.011623973
vn 0.515258431 0.857034922 0
vn -0 0 1
vn -0 0 1
vn -0 0 1
vn -0 0 1
vn -0 0 1
vn -0 0 1
vn -0 0 1
vn -0 0 1
vn -0 0 1
vn -0 0 1
vn -0 0 1
vn -0 0 1
vn -0 0 1
vn -0.471974194 0.88161236 0
vn -0.471974194 0.88161236 0
vn -0.471974194 0.88161236 0
vn -0.471688688 0.881765187 -9.19057056E-05
vn -0.471688688 0.881765187 -9.19057056E-05
vn -0 1 0
vn -0 1 0
vn -0 1 0
vn -0 1 0
vn -0 1 0
vn -0 0 1
vn -0 0 1
vn -0 0 1
vn -0 0 1
vn -0 0 1
vn -0.000809257384 0.999999762 0
vn -0.000809257384 0.999999762 0
vn -0.000809257384 0.999999762 0
vn -0.000809257384 0.999999762 0
vn -0.000798894209 0.999999762 0
vn -0 0 1
vn -0 0 1
vn -0 0 1
vn -0 0 1
vn -0 0 1
vn 0.533989787 0.845411062 -0.0116229709
vn 0.533989787 0.845411062 -0.0116229709
vn 0.533989787 0.845411062 -0.0116229709
vn 0.533989787 0.845411062 -0.0116229709
vn 0.515258431 0.857034922 0
vn -0 0 1
vn -0 0 1
vn -0 0 1
vn -0 0 1
vn -0 0 1
vn -0 0 1
vn -0 0 1
vn -0 0 1
vn -0.471688688 0.881765187 -8.83708635E-05
vn -0.471688688 0.881765187 -8.83708635E-05
vn -0.471688688 0.881765187 -8.83708635E-05
vn -0.471688688 0.881765187 -8.83708635E-05
vn -0.471974194 0.88161236 0
vn -0 0 1
vn -0 0 1
vn -0 0 1
vn -0 0 1
vn -0 0 1
vn -0.000800837995 0.999999762 0
vn -0.000800837995 0.999999762 0
vn -0.000800837995 0.999999762 0
vn -0.000807401317 0.999999762 0
vn -0.000807401317 0.999999762 0
vn 0.533990562 0.845410526 -0.0116239768
vn 0.533990562 0.845410526 -0.0116239768
vn 0.533990562 0.845410526 -0.0116239768
vn 0.533990562 0.845410526 -0.0116239768
vn 0.515256226 0.857036233 0
vn -0 1 0
vn -0 1 0
vn -0 1 0
vn -0 1 0
vn -0 1 0
vn -0 0 1
vn -0 0 1
vn -0 0 1
vn -0 0 1
vn -0 0 1
vn -0 0 1
vn -0 0 1
vn -0 0 1
vn 0.515241206 0.857045174 0
vn 0.515241206 0.857045174 0
vn 0.515241206 0.857045174 0
vn 0.534055293 0.84536469 -0.0119830072
vn 0.534055293 0.84536469 -0.0119830072
vn -0.471690029 0.881764472 -8.58402418E-05
vn -0.471690029 0.881764472 -8.58402418E-05
vn -0.471690029 0.881764472 -8.58402418E-05
vn -0.471690029 0.881764472 -8.58402418E-05
vn -0.471978366 0.881610155 0
vn -0 0 1
vn -0 0 1
vn -0 0 1
vn -0 0 1
vn -0 0 1
vn -0 1 0
vn -0 1 0
vn -0 1 0
vn -0 1 0
vn -0 1 0
vn -0 0 1
vn -0 0 1
vn -0 0 1
vn -0 0 1
vn -0 0 1
vn -0.000799762434 0.999999762 0
vn -0.000799762434 0.999999762 0
vn -0.000799762434 0.999999762 0
vn -0.000799762434 0.999999762 0
vn -0.000800837995 0.999999762 0
vn -0 0 1
vn -0 0 1
vn -0 0 1
vn -0 0 1
vn -0 0 1
vn -0 0 1
vn -0 0 1
vn -0 0 1
vn -0 0 1
vn -0 0 1
vn -0 0 1
vn -0 0 1
vn -0 0 1
vn -0 1 0
vn -0 1 0
vn -0 1 0
vn -0 1 0
vn -0 1 0
vn -0.000800089911 0.999999762 0
vn -0.000800089911 0.999999762 0
vn -0.000800089911 0.999999762 0
vn -0.000800089911 0.999999762 0
vn -0.000799866102 0.999999762 0
vn -0.471977323 0.881610632 0
vn -0.471977323 0.881610632 0
vn -0.471977323 0.881610632 0
vn -0.471671581 0.881774366 -0.000175675508
vn -0.471671581 0.881774366 -0.000175675508
vn -0 0 1
vn -0 0 1
vn -0 0 1
vn -0 0 1
vn -0 0 1
vn 0.515241206 0.857045174 0
vn 0.515241206 0.857045174 0
vn 0.515241206 0.857045174 0
vn 0.534055769 0.845364273 -0.0119836722
vn 0.534055769 0.845364273 -0.0119836722
vn 1 0 0
vn 1 0 0
vn 1 0 0
vn 1 0 0
vn -1 2.62275134E-05 0
vn -1 2.62275134E-05 0
vn -1 2.62275134E-05 0
vn -1 2.62275134E-05 0
vn 1 0 0
vn 1 0 0
vn 1 0 0
vn 1 0 0
vn 1 0 0
vn 1 0 0
vn 1 0 0
vn 1 0 0
vn -1 2.62274461E-05 0
vn -1 2.62274461E-05 0
vn -1 2.62274461E-05 0
vn -1 2.62274461E-05 0
vn -1 2.62275134E-05 0
vn -1 2.62275134E-05 0
vn -1 2.62275134E-05 0
vn -1 2.62275134E-05 0
vn -1 2.62274807E-05 0
vn -1 2.62274807E-05 0
vn -1 2.62274807E-05 0
vn -1 2.62274807E-05 0
vn 1 0 0
vn 1 0 0
vn 1 0 0
vn 1 0 0
vn 1 0 0
vn 1 0 0
vn 1 0 0
vn 1 0 0
vn -0 0 1
vn -0 0 1
vn -0 0 1
vn -0 0 1
vn -0 0 1
vn -0 0 1
vn -0 0 1
vn -0 0 1
vn -0 0 1
vn -0 0 1
vn -0 0 1
vn -0 0 1
vn -0 0 1
vn 1 0 0
vn 1 0 0
vn 1 0 0
vn 1 0 0
vn -1 2.62274461E-05 0
vn -1 2.62274461E-05 0
vn -1 2.62274461E-05 0
vn -1 2.62274461E-05 0
vn -0 1 0
vn -0 1 0
vn -0 1 0
vn -0 1 0
vn -0 1 0
vn -0.000800052891 0.999999762 0
vn -0.000800052891 0.999999762 0
vn -0.000800052891 0.999999762 0
vn -0.000800052891 0.999999762 0
vn -0.000800047535 0.999999762 0
vn -0.471976578 0.881611109 0
vn -0.471976578 0.881611109 0
vn -0.471976578 0.881611109 0
vn -0.471672028 0.881774127 -0.000175321969
vn -0.471672028 0.881774127 -0.000175321969
vn -0 0 1
vn -0 0 1
vn -0 0 1
vn -0 0 1
vn -0 0 1
vn 0.515240788 0.857045412 0
vn 0.515240788 0.857045412 0
vn 0.515240788 0.857045412 0
vn 0.534055531 0.845364511 -0.0119823329
vn 0.534055531 0.845364511 -0.0119823329
vn -0 0 1
vn -0 0 1
vn -0 0 1
vn -0 0 1
vn -0 0 1
vn -0 0 1
vn -0 0 1
vn -0 0 1
vn -0 0 1
vn -0 0 1
vn -0 0 1
vn -0 0 1
vn -0 0 1
vn 1 0 0
vn 1 0 0
vn 1 0 0
vn 1 0 0
vn -1 2.62274752E-05 0
vn -1 2.62274752E-05 0
vn -1 2.62274752E-05 0
vn -1 2.62274752E-05 0
vn -1 0 0
vn -1 0 0
vn -1 0 0
vn -1 0 0
vn -0 0.95407033 0.29958269
vn -0 0.95407033 0.29958269
vn -0 0.95407033 0.29958269
vn -0 0.95407033 0.29958269
vn -1 0 0
vn -1 0 0
vn -1 0 0
vn -1 0 0
vn -0 0.95407033 0.29958266
vn -0 0.95407033 0.29958266
vn -0 0.95407033 0.29958266
vn -0 0.95407033 0.29958266
vn 1 0 0
vn 1 0 0
vn 1 0 0
vn 1 0 0
vn -0 0.95407021 0.299582809
vn -0 0.95407021 0.299582809
vn -0 0.95407021 0.299582809
vn -0 0.95407021 0.299582809
vn -0 0.95407033 0.29958269
vn -0 0.95407033 0.29958269
vn -0 0.95407033 0.29958269
vn -0 0.95407033 0.29958269
vn -0 0.95407033 0.29958272
vn -0 0.95407033 0.29958272
vn -0 0.95407033 0.29958272
vn -0 0.95407033 0.29958272
vn -0 0.95407033 0.29958272
vn -0 0.95407033 0.29958272
vn -0 0.95407033 0.29958272
vn -0 0.95407033 0.29958272
vn -0 0.95407033 0.29958272
vn -0 0.95407033 0.29958272
vn -0 0.95407033 0.29958272
vn -0 0.95407033 0.29958272
vn -0 0.95407033 0.29958275
vn -0 0.95407033 0.29958275
vn -0 0.95407033 0.29958275
vn -0 0.95407033 0.29958275
vn -0 0.954069972 0.299583673
vn -0 0.954069972 0.299583673
vn -0 0.954069972 0.299583673
vn -0 0.954069972 0.299583673
vn -1 0 0
vn -1 0 0
vn -1 0 0
vn -1 0 0
vn 1 0 0
vn 1 0 0
vn 1 0 0
vn 1 0 0
vn -1 0 0
vn -1 0 0
vn -1 0 0
vn -1 0 0
vn 1 0 0
vn 1 0 0
vn 1 0 0
vn 1 0 0
vn -1 0 0
vn -1 0 0
vn -1 0 0
vn -1 0 0
vn 1 0 0
vn 1 0 0
vn 1 0 0
vn 1 0 0
vn 1 0 0
vn 1 0 0
vn 1 0 0
vn 1 0 0
vn 0.923877895 0 -0.382687509
vn 0.923877895 0 -0.382687509
vn 0.923877895 0 -0.382687509
vn 0.923877895 0 -0.382687509
vn 0.923879802 0 -0.382682741
vn 0.923879802 0 -0.382682741
vn 1 0 0
vn 1 0 0
vn 1 0 0
vn 1 0 0
vn 1 0 0
vn 1 0 0
vn 1 0 0
vn 1 0 0
vn -0 -1 0
vn -0 -1 0
vn -0 -1 0
vn -0 -1 0
vn -0 -1 0
vn -0 -1 0
vn 0.923878491 0 0.38268587
vn 0.923878491 0 0.38268587
vn 0.923878491 0 0.38268587
vn 0.923878491 0 0.38268587
vn 0.923880339 0 0.382681489
vn 0.923880339 0 0.382681489
vn 0.888971329 0 0.4579629
vn 0.888971329 0 0.4579629
vn 0.888971329 0 0.4579629
vn 0.888971329 0 0.4579629
vn 0.888968468 0 -0.457968265
vn 0.888968468 0 -0.457968265
vn 0.888968468 0 -0.457968265
vn 0.888968468 0 -0.457968265
vn 1 0 0
vn 1 0 0
vn 1 0 0
vn 1 0 0
vn 0.840431333 0 -0.541918099
vn 0.840431333 0 -0.541918099
vn 0.840431333 0 -0.541918099
vn 0.840431333 0 -0.541918099
vn 0.841698408 0 0.539947927
vn 0.841698408 0 0.539947927
vn 0.841698408 0 0.539947927
vn 0.841698408 0 0.539947927
vn 1 0 0
vn 1 0 0
vn 1 0 0
vn 1 0 0
vn 0.839418411 1.78969476E-05 0.543485761
vn 0.839418411 1.78969476E-05 0.543485761
vn 0.839418411 1.78969476E-05 0.543485761
vn 0.839418411 1.78969476E-05 0.543485761
vn 0.841698408 0 -0.539947867
vn 0.841698408 0 -0.539947867
vn 0.841698408 0 -0.539947867
vn 0.841698408 0 -0.539947867
vn 1 0 0
vn 1 0 0
vn 1 0 0
vn 1 0 0
vn 1 0 0
vn 1 0 0
vn 1 0 0
vn 1 0 0
vn 1 0 0
vn 1 0 0
vn 1 0 0
vn 1 0 0
vn -0.00108640012 0.0301764701 0.999543965
vn -0.00108640012 0.0301764701 0.999543965
vn -0.00108640012 0.0301764701 0.999543965
vn -0.00108640012 0.0301764701 0.999543965
vn -0.00114697323 -0.00515268371 0.999986053
vn -0.00114697323 -0.00515268371 0.999986053
vn -0.00108640012 0.0301764701 0.999543965
vn -0 0 1
vn -0 0 1
vn -0 0 1
vn -0.00108640012 0.0301764701 0.999543965
vn -0.00108640012 0.0301764701 0.999543965
vn 0.923879623 0 0.382683218
vn 0.923879623 0 0.382683218
vn 0.923879623 0 0.382683218
vn 0.923879623 0 0.382683218
vn 0.452479571 -0.00417020125 0.891764998
vn 0.452479571 -0.00417020125 0.891764998
vn 0.452479571 -0.00417020125 0.891764998
vn 0.452479571 -0.00417020125 0.891764998
vn -0.923879743 0 0.382683098
vn -0.923879743 0 0.382683098
vn -0.923879743 0 0.382683098
vn -0.923879743 0 0.382683098
vn -0.382682979 0 0.923879743
vn -0.382682979 0 0.923879743
vn -0.382682979 0 0.923879743
vn -0.382682979 0 0.923879743
vn 0.0143483682 -0.154484287 0.987891078
vn 0.0143483682 -0.154484287 0.987891078
vn 0.0143483682 -0.154484287 0.987891078
vn 0.0143483682 -0.154484287 0.987891078
vn -0.0143483682 -0.154484287 0.987891078
vn -0.0143483682 -0.154484287 0.987891078
vn -0.0143483682 -0.154484287 0.987891078
vn -0.0143483682 -0.154484287 0.987891078
vn -0 0 1
vn -0 0 1
vn -0 0 1
vn -0 0 1
vn -0 1 0
vn -0 1 0
vn -0 1 0
vn -0 1 0
vn -0 0 1
vn -0 0 1
vn -0 0 1
vn -0 0 1
vn -0 0 1
vn -0 0 1
vn -0 0 1
vn -0 0 1
vn -0 1 0
vn -0 1 0
vn -0 1 0
vn -0 1 0
vn -0 0 1
vn -0 0 1
vn -0 0 1
vn -0 0 1
vn -0 1 0
vn -0 1 0
vn -0 1 0
vn -0 1 0
vn 1 0 0
vn 1 0 0
vn 1 0 0
vn 1 0 0
vn -0 0 -1
vn -0 0 -1
vn -0 0 -1
vn -0 0 -1
vn -0 1 0
vn -0 1 0
vn -0 1 0
vn -0 1 0
vn -1 0 0
vn -1 0 0
vn -1 0 0
vn -1 0 0
vn -1 4.17570191E-05 0
vn -1 4.17570191E-05 0
vn -1 4.17570191E-05 0
vn -1 4.17570191E-05 0
vn 1 0 0
vn 1 0 0
vn 1 0 0
vn 1 0 0
vn -0 1 0
vn -0 1 0
vn -0 1 0
vn -0 1 0
vn -0 1 0
vn -0 1 0
vn -0 1 0
vn -0 1 0
vn -0 1 0
vn -0 1 0
vn -0 1 0
vn -0 1 0
g building_CSSZ_LP_0
f 3/3/3 2/2/2 1/1/1
f 6/6/6 5/5/5 4/4/4
f 9/9/9 8/8/8 7/7/7
f 12/12/12 11/11/11 10/10/10
f 15/15/15 14/14/14 13/13/13
f 18/18/18 17/17/17 16/16/16
f 21/21/21 20/20/20 19/19/19
f 24/24/24 23/23/23 22/22/22
f 27/27/27 26/26/26 25/25/25
f 30/30/30 29/29/29 28/28/28
f 33/33/33 32/32/32 31/31/31
f 36/36/36 35/35/35 34/34/34
f 37/37/37 36/36/36 34/34/34
f 40/40/40 39/39/39 38/38/38
f 41/41/41 40/40/40 38/38/38
f 44/44/44 43/43/43 42/42/42
f 45/45/45 44/44/44 42/42/42
f 46/46/46 44/44/44 45/45/45
f 47/47/47 46/46/46 45/45/45
f 48/48/48 46/46/46 47/47/47
f 49/49/49 48/48/48 47/47/47
f 50/50/50 48/48/48 49/49/49
f 51/51/51 50/50/50 49/49/49
f 52/52/52 50/50/50 51/51/51
f 53/53/53 52/52/52 51/51/51
f 56/56/56 55/55/55 54/54/54
f 57/57/57 56/56/56 54/54/54
f 60/60/60 59/59/59 58/58/58
f 61/61/61 60/60/60 58/58/58
f 64/64/64 63/63/63 62/62/62
f 65/65/65 64/64/64 62/62/62
f 68/68/68 67/67/67 66/66/66
f 69/69/69 68/68/68 66/66/66
f 72/72/72 71/71/71 70/70/70
f 73/73/73 72/72/72 70/70/70
f 76/76/76 75/75/75 74/74/74
f 77/77/77 76/76/76 74/74/74
f 80/80/80 79/79/79 78/78/78
f 79/79/79 81/81/81 78/78/78
f 82/82/82 81/81/81 79/79/79
f 83/83/83 82/82/82 79/79/79
f 82/82/82 83/83/83 84/84/84
f 85/85/85 82/82/82 84/84/84
f 88/88/88 87/87/87 86/86/86
f 89/89/89 88/88/88 86/86/86
f 92/92/92 91/91/91 90/90/90
f 93/93/93 92/92/92 90/90/90
f 96/96/96 95/95/95 94/94/94
f 97/97/97 96/96/96 94/94/94
f 97/97/97 94/94/94 98/98/98
f 99/99/99 97/97/97 98/98/98
f 99/99/99 98/98/98 100/100/100
f 101/101/101 99/99/99 100/100/100
f 104/104/104 103/103/103 102/102/102
f 105/105/105 104/104/104 102/102/102
f 105/105/105 102/102/102 106/106/106
f 107/107/107 105/105/105 106/106/106
f 107/107/107 106/106/106 108/108/108
f 109/109/109 107/107/107 108/108/108
f 112/112/112 111/111/111 110/110/110
f 113/113/113 112/112/112 110/110/110
f 116/116/116 115/115/115 114/114/114
f 117/117/117 116/116/116 114/114/114
f 120/120/120 119/119/119 118/118/118
f 121/121/121 120/120/120 118/118/118
f 124/124/124 123/123/123 122/122/122
f 125/125/125 124/124/124 122/122/122
f 128/128/128 127/127/127 126/126/126
f 129/129/129 128/128/128 126/126/126
f 129/129/129 130/130/130 128/128/128
f 130/130/130 131/131/131 128/128/128
f 131/131/131 130/130/130 132/132/132
f 130/130/130 133/133/133 132/132/132
f 136/136/136 135/135/135 134/134/134
f 137/137/137 136/136/136 134/134/134
f 140/140/140 139/139/139 138/138/138
f 141/141/141 140/140/140 138/138/138
f 144/144/144 143/143/143 142/142/142
f 145/145/145 144/144/144 142/142/142
f 148/148/148 147/147/147 146/146/146
f 149/149/149 148/148/148 146/146/146
f 152/152/152 151/151/151 150/150/150
f 153/153/153 152/152/152 150/150/150
f 156/156/156 155/155/155 154/154/154
f 157/157/157 156/156/156 154/154/154
f 160/160/160 159/159/159 158/158/158
f 161/161/161 160/160/160 158/158/158
f 164/164/164 163/163/163 162/162/162
f 165/165/165 164/164/164 162/162/162
f 168/168/168 167/167/167 166/166/166
f 169/169/169 168/168/168 166/166/166
f 172/172/172 171/171/171 170/170/170
f 173/173/173 172/172/172 170/170/170
f 176/176/176 175/175/175 174/174/174
f 177/177/177 176/176/176 174/174/174
f 180/180/180 179/179/179 178/178/178
f 181/181/181 180/180/180 178/178/178
f 184/184/184 183/183/183 182/182/182
f 185/185/185 184/184/184 182/182/182
f 188/188/188 187/187/187 186/186/186
f 189/189/189 188/188/188 186/186/186
f 192/192/192 191/191/191 190/190/190
f 193/193/193 192/192/192 190/190/190
f 196/196/196 195/195/195 194/194/194
f 197/197/197 196/196/196 194/194/194
f 200/200/200 199/199/199 198/198/198
f 201/201/201 200/200/200 198/198/198
f 204/204/204 203/203/203 202/202/202
f 205/205/205 204/204/204 202/202/202
f 208/208/208 207/207/207 206/206/206
f 209/209/209 208/208/208 206/206/206
f 212/212/212 211/211/211 210/210/210
f 213/213/213 212/212/212 210/210/210
f 216/216/216 215/215/215 214/214/214
f 217/217/217 216/216/216 214/214/214
f 220/220/220 219/219/219 218/218/218
f 221/221/221 220/220/220 218/218/218
f 224/224/224 223/223/223 222/222/222
f 225/225/225 224/224/224 222/222/222
f 228/228/228 227/227/227 226/226/226
f 229/229/229 228/228/228 226/226/226
f 232/232/232 231/231/231 230/230/230
f 233/233/233 232/232/232 230/230/230
f 236/236/236 235/235/235 234/234/234
f 237/237/237 236/236/236 234/234/234
f 240/240/240 239/239/239 238/238/238
f 241/241/241 240/240/240 238/238/238
f 244/244/244 243/243/243 242/242/242
f 245/245/245 244/244/244 242/242/242
f 248/248/248 247/247/247 246/246/246
f 249/249/249 248/248/248 246/246/246
f 252/252/252 251/251/251 250/250/250
f 253/253/253 252/252/252 250/250/250
f 256/256/256 255/255/255 254/254/254
f 257/257/257 256/256/256 254/254/254
f 260/260/260 259/259/259 258/258/258
f 261/261/261 260/260/260 258/258/258
f 264/264/264 263/263/263 262/262/262
f 265/265/265 264/264/264 262/262/262
f 268/268/268 267/267/267 266/266/266
f 269/269/269 268/268/268 266/266/266
f 272/272/272 271/271/271 270/270/270
f 273/273/273 272/272/272 270/270/270
f 276/276/276 275/275/275 274/274/274
f 277/277/277 276/276/276 274/274/274
f 280/280/280 279/279/279 278/278/278
f 281/281/281 280/280/280 278/278/278
f 284/284/284 283/283/283 282/282/282
f 285/285/285 284/284/284 282/282/282
f 285/285/285 282/282/282 286/286/286
f 287/287/287 285/285/285 286/286/286
f 288/288/288 287/287/287 286/286/286
f 289/289/289 288/288/288 286/286/286
f 292/292/292 291/291/291 290/290/290
f 291/291/291 293/293/293 290/290/290
f 290/290/290 293/293/293 294/294/294
f 293/293/293 295/295/295 294/294/294
f 298/298/298 297/297/297 296/296/296
f 297/297/297 299/299/299 296/296/296
f 299/299/299 300/300/300 296/296/296
f 299/299/299 301/301/301 300/300/300
f 304/304/304 303/303/303 302/302/302
f 305/305/305 304/304/304 302/302/302
f 305/305/305 302/302/302 306/306/306
f 307/307/307 305/305/305 306/306/306
f 310/310/310 309/309/309 308/308/308
f 311/311/311 310/310/310 308/308/308
f 314/314/314 313/313/313 312/312/312
f 315/315/315 314/314/314 312/312/312
f 318/318/318 317/317/317 316/316/316
f 319/319/319 318/318/318 316/316/316
f 318/318/318 319/319/319 320/320/320
f 321/321/321 318/318/318 320/320/320
f 322/322/322 321/321/321 320/320/320
f 323/323/323 322/322/322 320/320/320
f 326/326/326 325/325/325 324/324/324
f 327/327/327 326/326/326 324/324/324
f 330/330/330 329/329/329 328/328/328
f 331/331/331 330/330/330 328/328/328
f 334/334/334 333/333/333 332/332/332
f 335/335/335 334/334/334 332/332/332
f 338/338/338 337/337/337 336/336/336
f 339/339/339 338/338/338 336/336/336
f 342/342/342 341/341/341 340/340/340
f 343/343/343 342/342/342 340/340/340
f 346/346/346 345/345/345 344/344/344
f 347/347/347 346/346/346 344/344/344
f 350/350/350 349/349/349 348/348/348
f 351/351/351 350/350/350 348/348/348
f 354/354/354 353/353/353 352/352/352
f 355/355/355 354/354/354 352/352/352
f 358/358/358 357/357/357 356/356/356
f 359/359/359 358/358/358 356/356/356
f 362/362/362 361/361/361 360/360/360
f 361/361/361 363/363/363 360/360/360
f 364/364/364 363/363/363 361/361/361
f 367/367/367 366/366/366 365/365/365
f 368/368/368 367/367/367 365/365/365
f 371/371/371 370/370/370 369/369/369
f 372/372/372 371/371/371 369/369/369
f 375/375/375 374/374/374 373/373/373
f 376/376/376 375/375/375 373/373/373
f 379/379/379 378/378/378 377/377/377
f 380/380/380 379/379/379 377/377/377
f 383/383/383 382/382/382 381/381/381
f 384/384/384 383/383/383 381/381/381
f 387/387/387 386/386/386 385/385/385
f 388/388/388 387/387/387 385/385/385
f 391/391/391 390/390/390 389/389/389
f 392/392/392 391/391/391 389/389/389
f 395/395/395 394/394/394 393/393/393
f 396/396/396 395/395/395 393/393/393
f 399/399/399 398/398/398 397/397/397
f 400/400/400 399/399/399 397/397/397
f 403/403/403 402/402/402 401/401/401
f 404/404/404 403/403/403 401/401/401
f 407/407/407 406/406/406 405/405/405
f 408/408/408 407/407/407 405/405/405
f 411/411/411 410/410/410 409/409/409
f 410/410/410 412/412/412 409/409/409
f 412/412/412 413/413/413 409/409/409
f 416/416/416 415/415/415 414/414/414
f 416/416/416 417/417/417 415/415/415
f 417/417/417 418/418/418 415/415/415
f 418/418/418 417/417/417 419/419/419
f 420/420/420 418/418/418 419/419/419
f 421/421/421 418/418/418 420/420/420
f 422/422/422 421/421/421 420/420/420
f 423/423/423 418/418/418 421/421/421
f 421/421/421 422/422/422 424/424/424
f 425/425/425 423/423/423 421/421/421
f 423/423/423 425/425/425 426/426/426
f 425/425/425 427/427/427 426/426/426
f 427/427/427 425/425/425 421/421/421
f 428/428/428 427/427/427 421/421/421
f 428/428/428 421/421/421 424/424/424
f 428/428/428 424/424/424 429/429/429
f 430/430/430 428/428/428 429/429/429
f 428/428/428 430/430/430 431/431/431
f 430/430/430 432/432/432 431/431/431
f 431/431/431 432/432/432 433/433/433
f 436/436/436 435/435/435 434/434/434
f 437/437/437 436/436/436 434/434/434
f 440/440/440 439/439/439 438/438/438
f 441/441/441 440/440/440 438/438/438
f 444/444/444 443/443/443 442/442/442
f 445/445/445 444/444/444 442/442/442
f 448/448/448 447/447/447 446/446/446
f 449/449/449 448/448/448 446/446/446
f 452/452/452 451/451/451 450/450/450
f 453/453/453 452/452/452 450/450/450
f 456/456/456 455/455/455 454/454/454
f 457/457/457 456/456/456 454/454/454
f 460/460/460 459/459/459 458/458/458
f 461/461/461 460/460/460 458/458/458
f 464/464/464 463/463/463 462/462/462
f 465/465/465 464/464/464 462/462/462
f 468/468/468 467/467/467 466/466/466
f 469/469/469 468/468/468 466/466/466
f 472/472/472 471/471/471 470/470/470
f 473/473/473 472/472/472 470/470/470
f 476/476/476 475/475/475 474/474/474
f 477/477/477 476/476/476 474/474/474
f 480/480/480 479/479/479 478/478/478
f 481/481/481 480/480/480 478/478/478
f 484/484/484 483/483/483 482/482/482
f 485/485/485 484/484/484 482/482/482
f 488/488/488 487/487/487 486/486/486
f 489/489/489 488/488/488 486/486/486
f 492/492/492 491/491/491 490/490/490
f 493/493/493 492/492/492 490/490/490
f 496/496/496 495/495/495 494/494/494
f 497/497/497 496/496/496 494/494/494
f 500/500/500 499/499/499 498/498/498
f 501/501/501 500/500/500 498/498/498
f 504/504/504 503/503/503 502/502/502
f 505/505/505 504/504/504 502/502/502
f 508/508/508 507/507/507 506/506/506
f 509/509/509 508/508/508 506/506/506
f 512/512/512 511/511/511 510/510/510
f 513/513/513 512/512/512 510/510/510
f 516/516/516 515/515/515 514/514/514
f 517/517/517 516/516/516 514/514/514
f 520/520/520 519/519/519 518/518/518
f 521/521/521 520/520/520 518/518/518
f 524/524/524 523/523/523 522/522/522
f 525/525/525 524/524/524 522/522/522
f 528/528/528 527/527/527 526/526/526
f 529/529/529 528/528/528 526/526/526
f 532/532/532 531/531/531 530/530/530
f 533/533/533 532/532/532 530/530/530
f 536/536/536 535/535/535 534/534/534
f 537/537/537 536/536/536 534/534/534
f 540/540/540 539/539/539 538/538/538
f 541/541/541 540/540/540 538/538/538
f 544/544/544 543/543/543 542/542/542
f 545/545/545 544/544/544 542/542/542
f 548/548/548 547/547/547 546/546/546
f 549/549/549 548/548/548 546/546/546
f 552/552/552 551/551/551 550/550/550
f 553/553/553 552/552/552 550/550/550
f 556/556/556 555/555/555 554/554/554
f 557/557/557 556/556/556 554/554/554
f 560/560/560 559/559/559 558/558/558
f 561/561/561 560/560/560 558/558/558
f 564/564/564 563/563/563 562/562/562
f 565/565/565 564/564/564 562/562/562
f 568/568/568 567/567/567 566/566/566
f 569/569/569 568/568/568 566/566/566
f 572/572/572 571/571/571 570/570/570
f 573/573/573 572/572/572 570/570/570
f 576/576/576 575/575/575 574/574/574
f 575/575/575 577/577/577 574/574/574
f 574/574/574 577/577/577 578/578/578
f 577/577/577 579/579/579 578/578/578
f 579/579/579 580/580/580 578/578/578
f 580/580/580 581/581/581 578/578/578
f 584/584/584 583/583/583 582/582/582
f 585/585/585 584/584/584 582/582/582
f 585/585/585 582/582/582 586/586/586
f 587/587/587 585/585/585 586/586/586
f 590/590/590 589/589/589 588/588/588
f 591/591/591 590/590/590 588/588/588
f 592/592/592 591/591/591 588/588/588
f 593/593/593 591/591/591 592/592/592
f 596/596/596 595/595/595 594/594/594
f 595/595/595 597/597/597 594/594/594
f 594/594/594 597/597/597 598/598/598
f 597/597/597 599/599/599 598/598/598
f 602/602/602 601/601/601 600/600/600
f 603/603/603 602/602/602 600/600/600
f 606/606/606 605/605/605 604/604/604
f 607/607/607 606/606/606 604/604/604
f 610/610/610 609/609/609 608/608/608
f 611/611/611 610/610/610 608/608/608
f 614/614/614 613/613/613 612/612/612
f 615/615/615 614/614/614 612/612/612
f 618/618/618 617/617/617 616/616/616
f 619/619/619 618/618/618 616/616/616
f 622/622/622 621/621/621 620/620/620
f 623/623/623 622/622/622 620/620/620
f 626/626/626 625/625/625 624/624/624
f 627/627/627 626/626/626 624/624/624
f 630/630/630 629/629/629 628/628/628
f 631/631/631 630/630/630 628/628/628
f 634/634/634 633/633/633 632/632/632
f 635/635/635 634/634/634 632/632/632
f 635/635/635 636/636/636 634/634/634
f 639/639/639 638/638/638 637/637/637
f 637/637/637 640/640/640 639/639/639
f 643/643/643 642/642/642 641/641/641
f 644/644/644 643/643/643 641/641/641
f 647/647/647 646/646/646 645/645/645
f 648/648/648 647/647/647 645/645/645
f 648/648/648 645/645/645 649/649/649
f 650/650/650 648/648/648 649/649/649
f 653/653/653 652/652/652 651/651/651
f 654/654/654 653/653/653 651/651/651
f 657/657/657 656/656/656 655/655/655
f 656/656/656 658/658/658 655/655/655
f 655/655/655 658/658/658 659/659/659
f 658/658/658 660/660/660 659/659/659
f 663/663/663 662/662/662 661/661/661
f 664/664/664 663/663/663 661/661/661
f 667/667/667 666/666/666 665/665/665
f 668/668/668 667/667/667 665/665/665
f 671/671/671 670/670/670 669/669/669
f 672/672/672 671/671/671 669/669/669
f 675/675/675 674/674/674 673/673/673
f 676/676/676 675/675/675 673/673/673
f 679/679/679 678/678/678 677/677/677
f 680/680/680 679/679/679 677/677/677
f 683/683/683 682/682/682 681/681/681
f 684/684/684 683/683/683 681/681/681
f 687/687/687 686/686/686 685/685/685
f 688/688/688 687/687/687 685/685/685
f 691/691/691 690/690/690 689/689/689
f 692/692/692 691/691/691 689/689/689
f 695/695/695 694/694/694 693/693/693
f 696/696/696 695/695/695 693/693/693
f 699/699/699 698/698/698 697/697/697
f 700/700/700 699/699/699 697/697/697
f 703/703/703 702/702/702 701/701/701
f 704/704/704 703/703/703 701/701/701
f 707/707/707 706/706/706 705/705/705
f 708/708/708 707/707/707 705/705/705
f 711/711/711 710/710/710 709/709/709
f 712/712/712 711/711/711 709/709/709
f 712/712/712 709/709/709 713/713/713
f 716/716/716 715/715/715 714/714/714
f 717/717/717 716/716/716 714/714/714
f 720/720/720 719/719/719 718/718/718
f 720/720/720 718/718/718 721/721/721
f 722/722/722 720/720/720 721/721/721
f 725/725/725 724/724/724 723/723/723
f 723/723/723 724/724/724 726/726/726
f 724/724/724 727/727/727 726/726/726
f 730/730/730 729/729/729 728/728/728
f 731/731/731 730/730/730 728/728/728
f 731/731/731 728/728/728 732/732/732
f 735/735/735 734/734/734 733/733/733
f 733/733/733 734/734/734 736/736/736
f 734/734/734 737/737/737 736/736/736
f 740/740/740 739/739/739 738/738/738
f 741/741/741 740/740/740 738/738/738
f 740/740/740 741/741/741 742/742/742
f 745/745/745 744/744/744 743/743/743
f 744/744/744 746/746/746 743/743/743
f 743/743/743 746/746/746 747/747/747
f 746/746/746 748/748/748 747/747/747
f 747/747/747 748/748/748 749/749/749
f 750/750/750 747/747/747 749/749/749
f 753/753/753 752/752/752 751/751/751
f 752/752/752 754/754/754 751/751/751
f 755/755/755 754/754/754 752/752/752
f 758/758/758 757/757/757 756/756/756
f 756/756/756 757/757/757 759/759/759
f 757/757/757 760/760/760 759/759/759
f 763/763/763 762/762/762 761/761/761
f 763/763/763 761/761/761 764/764/764
f 765/765/765 763/763/763 764/764/764
f 768/768/768 767/767/767 766/766/766
f 769/769/769 768/768/768 766/766/766
f 770/770/770 768/768/768 769/769/769
f 773/773/773 772/772/772 771/771/771
f 774/774/774 773/773/773 771/771/771
f 774/774/774 771/771/771 775/775/775
f 778/778/778 777/777/777 776/776/776
f 777/777/777 779/779/779 776/776/776
f 780/780/780 779/779/779 777/777/777
f 783/783/783 782/782/782 781/781/781
f 784/784/784 783/783/783 781/781/781
f 783/783/783 784/784/784 785/785/785
f 788/788/788 787/787/787 786/786/786
f 787/787/787 789/789/789 786/786/786
f 786/786/786 789/789/789 790/790/790
f 789/789/789 791/791/791 790/790/790
f 790/790/790 791/791/791 792/792/792
f 793/793/793 790/790/790 792/792/792
f 796/796/796 795/795/795 794/794/794
f 797/797/797 796/796/796 794/794/794
f 798/798/798 796/796/796 797/797/797
f 801/801/801 800/800/800 799/799/799
f 800/800/800 802/802/802 799/799/799
f 803/803/803 802/802/802 800/800/800
f 806/806/806 805/805/805 804/804/804
f 806/806/806 807/807/807 805/805/805
f 807/807/807 808/808/808 805/805/805
f 811/811/811 810/810/810 809/809/809
f 812/812/812 811/811/811 809/809/809
f 811/811/811 812/812/812 813/813/813
f 816/816/816 815/815/815 814/814/814
f 816/816/816 814/814/814 817/817/817
f 818/818/818 816/816/816 817/817/817
f 821/821/821 820/820/820 819/819/819
f 820/820/820 822/822/822 819/819/819
f 823/823/823 822/822/822 820/820/820
f 824/824/824 823/823/823 820/820/820
f 825/825/825 823/823/823 824/824/824
f 826/826/826 825/825/825 824/824/824
f 829/829/829 828/828/828 827/827/827
f 828/828/828 829/829/829 830/830/830
f 829/829/829 831/831/831 830/830/830
f 834/834/834 833/833/833 832/832/832
f 835/835/835 834/834/834 832/832/832
f 836/836/836 834/834/834 835/835/835
f 839/839/839 838/838/838 837/837/837
f 839/839/839 837/837/837 840/840/840
f 841/841/841 839/839/839 840/840/840
f 844/844/844 843/843/843 842/842/842
f 844/844/844 842/842/842 845/845/845
f 846/846/846 844/844/844 845/845/845
f 849/849/849 848/848/848 847/847/847
f 850/850/850 849/849/849 847/847/847
f 851/851/851 849/849/849 850/850/850
f 854/854/854 853/853/853 852/852/852
f 855/855/855 854/854/854 852/852/852
f 855/855/855 852/852/852 856/856/856
f 859/859/859 858/858/858 857/857/857
f 860/860/860 859/859/859 857/857/857
f 861/861/861 859/859/859 860/860/860
f 864/864/864 863/863/863 862/862/862
f 863/863/863 865/865/865 862/862/862
f 866/866/866 865/865/865 863/863/863
f 867/867/867 866/866/866 863/863/863
f 866/866/866 867/867/867 868/868/868
f 869/869/869 866/866/866 868/868/868
f 872/872/872 871/871/871 870/870/870
f 871/871/871 873/873/873 870/870/870
f 871/871/871 874/874/874 873/873/873
f 877/877/877 876/876/876 875/875/875
f 878/878/878 877/877/877 875/875/875
f 878/878/878 875/875/875 879/879/879
f 882/882/882 881/881/881 880/880/880
f 880/880/880 881/881/881 883/883/883
f 881/881/881 884/884/884 883/883/883
f 887/887/887 886/886/886 885/885/885
f 886/886/886 888/888/888 885/885/885
f 886/886/886 889/889/889 888/888/888
f 892/892/892 891/891/891 890/890/890
f 891/891/891 892/892/892 893/893/893
f 892/892/892 894/894/894 893/893/893
f 897/897/897 896/896/896 895/895/895
f 898/898/898 897/897/897 895/895/895
f 901/901/901 900/900/900 899/899/899
f 902/902/902 901/901/901 899/899/899
f 905/905/905 904/904/904 903/903/903
f 906/906/906 905/905/905 903/903/903
f 909/909/909 908/908/908 907/907/907
f 910/910/910 909/909/909 907/907/907
f 913/913/913 912/912/912 911/911/911
f 914/914/914 913/913/913 911/911/911
f 917/917/917 916/916/916 915/915/915
f 918/918/918 917/917/917 915/915/915
f 921/921/921 920/920/920 919/919/919
f 922/922/922 921/921/921 919/919/919
f 925/925/925 924/924/924 923/923/923
f 926/926/926 925/925/925 923/923/923
f 929/929/929 928/928/928 927/927/927
f 930/930/930 929/929/929 927/927/927
f 933/933/933 932/932/932 931/931/931
f 934/934/934 933/933/933 931/931/931
f 935/935/935 933/933/933 934/934/934
f 938/938/938 937/937/937 936/936/936
f 937/937/937 939/939/939 936/936/936
f 940/940/940 939/939/939 937/937/937
f 941/941/941 940/940/940 937/937/937
f 940/940/940 941/941/941 942/942/942
f 943/943/943 940/940/940 942/942/942
f 946/946/946 945/945/945 944/944/944
f 947/947/947 946/946/946 944/944/944
f 950/950/950 949/949/949 948/948/948
f 951/951/951 950/950/950 948/948/948
f 954/954/954 953/953/953 952/952/952
f 953/953/953 955/955/955 952/952/952
f 953/953/953 956/956/956 955/955/955
f 959/959/959 958/958/958 957/957/957
f 960/960/960 959/959/959 957/957/957
f 960/960/960 957/957/957 961/961/961
f 964/964/964 963/963/963 962/962/962
f 962/962/962 963/963/963 965/965/965
f 963/963/963 966/966/966 965/965/965
f 969/969/969 968/968/968 967/967/967
f 968/968/968 970/970/970 967/967/967
f 968/968/968 971/971/971 970/970/970
f 974/974/974 973/973/973 972/972/972
f 973/973/973 974/974/974 975/975/975
f 974/974/974 976/976/976 975/975/975
f 979/979/979 978/978/978 977/977/977
f 980/980/980 979/979/979 977/977/977
f 981/981/981 979/979/979 980/980/980
f 984/984/984 983/983/983 982/982/982
f 983/983/983 985/985/985 982/982/982
f 986/986/986 985/985/985 983/983/983
f 987/987/987 986/986/986 983/983/983
f 986/986/986 987/987/987 988/988/988
f 989/989/989 986/986/986 988/988/988
f 992/992/992 991/991/991 990/990/990
f 993/993/993 992/992/992 990/990/990
f 996/996/996 995/995/995 994/994/994
f 997/997/997 996/996/996 994/994/994
f 1000/1000/1000 999/999/999 998/998/998
f 1001/1001/1001 1000/1000/1000 998/998/998
f 1004/1004/1004 1003/1003/1003 1002/1002/1002
f 1005/1005/1005 1004/1004/1004 1002/1002/1002
f 1008/1008/1008 1007/1007/1007 1006/1006/1006
f 1009/1009/1009 1008/1008/1008 1006/1006/1006
f 1012/1012/1012 1011/1011/1011 1010/1010/1010
f 1013/1013/1013 1012/1012/1012 1010/1010/1010
f 1016/1016/1016 1015/1015/1015 1014/1014/1014
f 1017/1017/1017 1016/1016/1016 1014/1014/1014
f 1020/1020/1020 1019/1019/1019 1018/1018/1018
f 1021/1021/1021 1020/1020/1020 1018/1018/1018
f 1024/1024/1024 1023/1023/1023 1022/1022/1022
f 1025/1025/1025 1024/1024/1024 1022/1022/1022
f 1028/1028/1028 1027/1027/1027 1026/1026/1026
f 1029/1029/1029 1028/1028/1028 1026/1026/1026
f 1032/1032/1032 1031/1031/1031 1030/1030/1030
f 1033/1033/1033 1032/1032/1032 1030/1030/1030
f 1036/1036/1036 1035/1035/1035 1034/1034/1034
f 1037/1037/1037 1036/1036/1036 1034/1034/1034
f 1040/1040/1040 1039/1039/1039 1038/1038/1038
f 1041/1041/1041 1040/1040/1040 1038/1038/1038
f 1044/1044/1044 1043/1043/1043 1042/1042/1042
f 1045/1045/1045 1044/1044/1044 1042/1042/1042
f 1048/1048/1048 1047/1047/1047 1046/1046/1046
f 1049/1049/1049 1048/1048/1048 1046/1046/1046
f 1052/1052/1052 1051/1051/1051 1050/1050/1050
f 1053/1053/1053 1052/1052/1052 1050/1050/1050
f 1056/1056/1056 1055/1055/1055 1054/1054/1054
f 1057/1057/1057 1056/1056/1056 1054/1054/1054
f 1060/1060/1060 1059/1059/1059 1058/1058/1058
f 1061/1061/1061 1060/1060/1060 1058/1058/1058
f 1064/1064/1064 1063/1063/1063 1062/1062/1062
f 1065/1065/1065 1064/1064/1064 1062/1062/1062
f 1068/1068/1068 1067/1067/1067 1066/1066/1066
f 1069/1069/1069 1068/1068/1068 1066/1066/1066
f 1072/1072/1072 1071/1071/1071 1070/1070/1070
f 1073/1073/1073 1072/1072/1072 1070/1070/1070
f 1076/1076/1076 1075/1075/1075 1074/1074/1074
f 1075/1075/1075 1077/1077/1077 1074/1074/1074
f 1074/1074/1074 1077/1077/1077 1078/1078/1078
f 1077/1077/1077 1079/1079/1079 1078/1078/1078
f 1082/1082/1082 1081/1081/1081 1080/1080/1080
f 1081/1081/1081 1083/1083/1083 1080/1080/1080
f 1083/1083/1083 1081/1081/1081 1084/1084/1084
f 1081/1081/1081 1085/1085/1085 1084/1084/1084
f 1084/1084/1084 1085/1085/1085 1086/1086/1086
f 1085/1085/1085 1087/1087/1087 1086/1086/1086
f 1090/1090/1090 1089/1089/1089 1088/1088/1088
f 1089/1089/1089 1090/1090/1090 1091/1091/1091
f 1090/1090/1090 1092/1092/1092 1091/1091/1091
f 1091/1091/1091 1092/1092/1092 1093/1093/1093
f 1096/1096/1096 1095/1095/1095 1094/1094/1094
f 1097/1097/1097 1096/1096/1096 1094/1094/1094
f 1097/1097/1097 1094/1094/1094 1098/1098/1098
f 1099/1099/1099 1097/1097/1097 1098/1098/1098
f 1102/1102/1102 1101/1101/1101 1100/1100/1100
f 1103/1103/1103 1102/1102/1102 1100/1100/1100
f 1106/1106/1106 1105/1105/1105 1104/1104/1104
f 1107/1107/1107 1106/1106/1106 1104/1104/1104
f 1110/1110/1110 1109/1109/1109 1108/1108/1108
f 1111/1111/1111 1110/1110/1110 1108/1108/1108
f 1114/1114/1114 1113/1113/1113 1112/1112/1112
f 1115/1115/1115 1114/1114/1114 1112/1112/1112
f 1118/1118/1118 1117/1117/1117 1116/1116/1116
f 1119/1119/1119 1118/1118/1118 1116/1116/1116
f 1122/1122/1122 1121/1121/1121 1120/1120/1120
f 1123/1123/1123 1122/1122/1122 1120/1120/1120
f 1126/1126/1126 1125/1125/1125 1124/1124/1124
f 1127/1127/1127 1126/1126/1126 1124/1124/1124
f 1130/1130/1130 1129/1129/1129 1128/1128/1128
f 1131/1131/1131 1130/1130/1130 1128/1128/1128
f 1134/1134/1134 1133/1133/1133 1132/1132/1132
f 1135/1135/1135 1134/1134/1134 1132/1132/1132
f 1138/1138/1138 1137/1137/1137 1136/1136/1136
f 1139/1139/1139 1138/1138/1138 1136/1136/1136
f 1142/1142/1142 1141/1141/1141 1140/1140/1140
f 1143/1143/1143 1142/1142/1142 1140/1140/1140
f 1146/1146/1146 1145/1145/1145 1144/1144/1144
f 1144/1144/1144 1147/1147/1147 1146/1146/1146
f 1146/1146/1146 1147/1147/1147 1148/1148/1148
f 1147/1147/1147 1149/1149/1149 1148/1148/1148
f 1144/1144/1144 1150/1150/1150 1147/1147/1147
f 1150/1150/1150 1144/1144/1144 1151/1151/1151
f 1152/1152/1152 1150/1150/1150 1151/1151/1151
f 1150/1150/1150 1152/1152/1152 1153/1153/1153
f 1154/1154/1154 1150/1150/1150 1153/1153/1153
f 1150/1150/1150 1154/1154/1154 1147/1147/1147
f 1154/1154/1154 1155/1155/1155 1147/1147/1147
f 1158/1158/1158 1157/1157/1157 1156/1156/1156
f 1159/1159/1159 1158/1158/1158 1156/1156/1156
f 1162/1162/1162 1161/1161/1161 1160/1160/1160
f 1163/1163/1163 1162/1162/1162 1160/1160/1160
f 1166/1166/1166 1165/1165/1165 1164/1164/1164
f 1167/1167/1167 1166/1166/1166 1164/1164/1164
f 1170/1170/1170 1169/1169/1169 1168/1168/1168
f 1171/1171/1171 1170/1170/1170 1168/1168/1168
f 1174/1174/1174 1173/1173/1173 1172/1172/1172
f 1175/1175/1175 1174/1174/1174 1172/1172/1172
f 1178/1178/1178 1177/1177/1177 1176/1176/1176
f 1179/1179/1179 1178/1178/1178 1176/1176/1176
f 1182/1182/1182 1181/1181/1181 1180/1180/1180
f 1183/1183/1183 1182/1182/1182 1180/1180/1180
f 1186/1186/1186 1185/1185/1185 1184/1184/1184
f 1187/1187/1187 1186/1186/1186 1184/1184/1184
f 1190/1190/1190 1189/1189/1189 1188/1188/1188
f 1191/1191/1191 1190/1190/1190 1188/1188/1188
f 1194/1194/1194 1193/1193/1193 1192/1192/1192
f 1195/1195/1195 1194/1194/1194 1192/1192/1192
f 1198/1198/1198 1197/1197/1197 1196/1196/1196
f 1199/1199/1199 1198/1198/1198 1196/1196/1196
f 1202/1202/1202 1201/1201/1201 1200/1200/1200
f 1203/1203/1203 1202/1202/1202 1200/1200/1200
f 1206/1206/1206 1205/1205/1205 1204/1204/1204
f 1207/1207/1207 1206/1206/1206 1204/1204/1204
f 1210/1210/1210 1209/1209/1209 1208/1208/1208
f 1211/1211/1211 1210/1210/1210 1208/1208/1208
f 1214/1214/1214 1213/1213/1213 1212/1212/1212
f 1215/1215/1215 1214/1214/1214 1212/1212/1212
f 1218/1218/1218 1217/1217/1217 1216/1216/1216
f 1219/1219/1219 1218/1218/1218 1216/1216/1216
f 1222/1222/1222 1221/1221/1221 1220/1220/1220
f 1223/1223/1223 1222/1222/1222 1220/1220/1220
f 1226/1226/1226 1225/1225/1225 1224/1224/1224
f 1227/1227/1227 1226/1226/1226 1224/1224/1224
f 1230/1230/1230 1229/1229/1229 1228/1228/1228
f 1231/1231/1231 1230/1230/1230 1228/1228/1228
f 1234/1234/1234 1233/1233/1233 1232/1232/1232
f 1233/1233/1233 1234/1234/1234 1235/1235/1235
f 1236/1236/1236 1234/1234/1234 1232/1232/1232
f 1234/1234/1234 1237/1237/1237 1235/1235/1235
f 1236/1236/1236 1232/1232/1232 1238/1238/1238
f 1239/1239/1239 1236/1236/1236 1238/1238/1238
f 1239/1239/1239 1238/1238/1238 1240/1240/1240
f 1241/1241/1241 1239/1239/1239 1240/1240/1240
f 1235/1235/1235 1237/1237/1237 1242/1242/1242
f 1241/1241/1241 1240/1240/1240 1242/1242/1242
f 1237/1237/1237 1243/1243/1243 1242/1242/1242
f 1243/1243/1243 1241/1241/1241 1242/1242/1242
