g other-buildings_LP
v 392.680481 52.0330811 -65.92453
v 392.639954 52.0330811 -66.9236755
v 392.644104 51.7035408 -66.4660339
v 392.644104 51.7035408 -66.4660339
v 392.680481 51.6758385 -65.924408
v 392.680481 52.0330811 -65.92453
v 392.64679 61.582962 -68.6430359
v 391.647278 61.582962 -68.6548767
v 392.646545 53.4830513 -68.64328
v 384.725403 61.582962 -68.7341003
v 384.725403 53.4830666 -68.7343445
v 385.725647 61.582962 -68.7228699
v 391.647278 61.582962 -68.6548767
v 388.686096 66.0828934 -68.6886902
v 392.646545 53.4830513 -68.64328
v 385.725647 61.582962 -68.7228699
v 384.725403 53.4830666 -68.7343445
v 384.725403 47.8331375 -68.7343445
v 392.646545 47.8739014 -68.64328
v 392.646545 46.8738976 -68.64328
v 384.725403 46.8331413 -68.7343445
v 384.725403 37.2832794 -68.7343445
v 392.646545 37.2832794 -68.64328
v 384.713684 61.582962 -67.7342224
v 384.725403 53.4830666 -68.7343445
v 384.725403 61.582962 -68.7341003
v 384.645569 61.582962 -61.8127098
v 384.634338 61.582962 -60.8125877
v 384.634338 53.4830666 -60.8127098
v 392.635315 61.582962 -67.6434021
v 392.64679 61.582962 -68.6430359
v 392.646545 53.4830513 -68.64328
v 384.17804 42.5831985 -24.8448162
v 379.18634 40.0832291 -19.5673504
v 378.967346 40.0832291 -24.6872234
v 379.18634 40.0832291 -19.5673504
v 384.17804 42.5831985 -24.8448162
v 386.546204 40.0832291 -19.5685711
v 394.768616 42.0832024 -24.985075
v 399.493958 40.0832291 -19.3102703
v 392.986389 40.0832291 -19.3609295
v 394.768616 42.0832024 -24.985075
v 399.727844 40.0832291 -25.1485271
v 399.493958 40.0832291 -19.3102703
v 379.549377 49.0377808 -66.0645447
v 379.522278 48.6331215 -67.0641785
v 379.522278 49.0331192 -67.0643005
v 397.297913 49.0331192 -66.9635925
v 397.297913 48.6331215 -66.9635925
v 397.338684 49.0331192 -65.964447
v 379.549377 49.0377808 -66.0645447
v 384.634827 51.6772346 -60.8127098
v 379.737854 49.0331192 -59.0701561
v 379.549377 49.0377808 -66.0645447
v 384.695618 51.6772423 -66.1783142
v 384.634827 51.6772346 -60.8127098
v 395.238586 52.5330658 -28.4963055
v 400.566711 49.0331116 -33.1298485
v 400.747864 49.0331116 -24.1814861
v 389.638977 52.5317688 -21.9178143
v 389.241028 52.5330658 -28.3327312
v 395.516907 49.0331116 -24.0090008
v 393.507141 49.0331192 -17.6672039
v 389.638977 52.5317688 -21.9178143
v 395.516907 49.0331116 -24.0090008
v 386.174377 49.0331192 -17.9361248
v 389.638977 52.5317688 -21.9178143
v 393.507141 49.0331192 -17.6672039
v 389.638977 52.5317688 -21.9178143
v 383.534973 49.0331192 -23.8174725
v 389.241028 52.5330658 -28.3327312
v 386.174377 49.0331192 -17.9361248
v 383.534973 49.0331192 -23.8174725
v 389.638977 52.5317688 -21.9178143
v 378.003235 49.0331192 -23.6523113
v 377.630432 49.0331192 -32.3702049
v 383.242981 52.5330658 -28.1686687
v 379.737854 49.0331192 -59.0701561
v 384.634827 51.6772346 -60.8127098
v 380.135071 49.0331116 -59.099575
v 392.555969 51.6772346 -60.7217674
v 397.600403 49.0331116 -59.5083885
v 397.048157 49.0331192 -59.5201073
v 388.671448 66.5828857 -67.4020691
v 388.640198 79.5827179 -64.7298279
v 387.404114 64.6499939 -67.8138123
v 388.640198 79.5827179 -64.7298279
v 388.671448 66.5828857 -67.4020691
v 389.947083 64.6515045 -67.7845154
v 391.724915 64.6472778 -65.9664001
v 388.640198 79.5827179 -64.7298279
v 389.947083 64.6515045 -67.7845154
v 388.640198 79.5827179 -64.7298279
v 389.876526 64.6515045 -61.64645
v 388.610413 66.5828857 -62.0580711
v 388.640198 79.5827179 -64.7298279
v 388.610413 66.5828857 -62.0580711
v 387.334045 64.6499939 -61.6753807
v 385.968079 66.5828857 -64.7586365
v 388.640198 79.5827179 -64.7298279
v 385.557434 64.6542206 -63.4943504
v 388.640198 79.5827179 -64.7298279
v 385.968079 66.5828857 -64.7586365
v 385.585266 64.6472778 -66.0368347
v 388.640198 79.5827179 -64.7298279
v 391.724915 64.6472778 -65.9664001
v 391.312805 66.5828857 -64.6974792
v 388.640198 79.5827179 -64.7298279
v 391.312805 66.5828857 -64.6974792
v 391.694397 64.6542206 -63.4239159
v 385.557434 64.6542206 -63.4943504
v 388.640198 79.5827179 -64.7298279
v 387.334045 64.6499939 -61.6753807
v 384.231262 62.0829544 -69.2400818
v 385.585266 64.6472778 -66.0368347
v 384.213928 62.0829544 -67.7400818
v 387.404114 64.6499939 -67.8138123
v 384.231262 62.0829544 -69.2400818
v 385.731018 62.0829544 -69.2226257
v 384.231262 62.0829544 -69.2400818
v 387.404114 64.6499939 -67.8138123
v 385.585266 64.6472778 -66.0368347
v 388.640198 79.5827179 -64.7298279
v 385.585266 64.6472778 -66.0368347
v 387.404114 64.6499939 -67.8138123
v 393.152649 62.0829468 -69.1372986
v 393.135559 62.0829544 -67.6376648
v 391.724915 64.6472778 -65.9664001
v 391.652649 62.0829544 -69.1546326
v 393.152649 62.0829468 -69.1372986
v 389.947083 64.6515045 -67.7845154
v 393.152649 62.0829468 -69.1372986
v 391.724915 64.6472778 -65.9664001
v 389.947083 64.6515045 -67.7845154
v 393.05011 62.0829468 -60.2159081
v 391.55011 62.0829544 -60.233242
v 389.876526 64.6515045 -61.64645
v 391.694397 64.6542206 -63.4239159
v 393.067444 62.0829544 -61.7160301
v 393.05011 62.0829468 -60.2159081
v 389.876526 64.6515045 -61.64645
v 391.694397 64.6542206 -63.4239159
v 393.05011 62.0829468 -60.2159081
v 384.128967 62.0829544 -60.3186913
v 387.334045 64.6499939 -61.6753807
v 385.628723 62.0829544 -60.3013573
v 385.557434 64.6542206 -63.4943504
v 384.128967 62.0829544 -60.3186913
v 384.146301 62.0829544 -61.8185692
v 384.128967 62.0829544 -60.3186913
v 385.557434 64.6542206 -63.4943504
v 387.334045 64.6499939 -61.6753807
v 388.640198 79.5827179 -64.7298279
v 391.694397 64.6542206 -63.4239159
v 389.876526 64.6515045 -61.64645
v 214.962234 47.7433357 -96.8577576
v 216.358231 47.7433357 -96.8991394
v 209.998856 43.7473869 -91.5516052
v 214.774734 47.7433357 -103.198212
v 214.962234 47.7433357 -96.8577576
v 209.998856 43.7473869 -91.5516052
v 195.859451 47.7433357 -102.637299
v 200.865311 43.7473869 -91.2808533
v 196.033035 47.7433357 -96.2966003
v 196.033035 47.7433357 -96.2966003
v 200.865311 43.7473869 -91.2808533
v 194.201248 47.7433357 -96.2170105
v 208.976639 48.9348717 -104.358734
v 209.060623 48.9348717 -101.531464
v 205.288895 49.443821 -102.834442
v 201.517166 48.9348717 -104.137665
v 205.288895 49.443821 -102.834442
v 201.601151 48.9348717 -101.31015
v 201.517166 48.9348717 -104.137665
v 208.976639 48.9348717 -104.358734
v 205.288895 49.443821 -102.834442
v 205.288895 49.443821 -102.834442
v 209.060623 48.9348717 -101.531464
v 201.601151 48.9348717 -101.31015
v 209.633133 46.8129501 -100.431122
v 209.060623 48.4591713 -101.531464
v 209.272537 47.6846809 -102.952606
v 209.060623 48.4591713 -101.531464
v 208.976639 48.4591637 -104.358734
v 209.272537 47.6846809 -102.952606
v 209.272537 47.6846809 -102.952606
v 208.976639 48.4591637 -104.358734
v 210.426102 43.7473869 -107.599335
v 201.601151 48.4591713 -101.31015
v 201.120682 46.8419647 -100.198334
v 201.329178 47.742054 -102.797699
v 201.601151 48.4591713 -101.31015
v 201.329178 47.742054 -102.797699
v 201.517166 48.4591713 -104.137665
v 199.929031 43.7473869 -107.288177
v 201.517166 48.4591713 -104.137665
v 201.329178 47.742054 -102.797699
v 221.198318 33.7637405 -80.8200378
v 221.192703 33.7637405 -81.0198669
v 221.198318 33.3637466 -80.8200378
v 190.065994 33.7637405 -80.0971375
v 190.071854 33.7637405 -79.8971863
v 190.071854 33.3637466 -79.8971863
v 202.843826 42.1316986 -74.3876648
v 197.63533 39.3959274 -69.5951843
v 197.360672 39.3959274 -78.8632507
v 214.232498 39.3959274 -70.0872498
v 208.748611 42.1316986 -74.5627136
v 213.957352 39.3959274 -79.3551941
v 190.528152 42.7636261 -80.1109314
v 190.26619 42.9473915 -80.1031189
v 195.722488 47.1008415 -80.2685242
v 190.26619 42.9473915 -80.1031189
v 189.624344 43.3473892 -80.0840759
v 195.722488 47.1008415 -80.2685242
v 220.992508 42.9473915 -81.0140076
v 220.655838 42.363636 -81.0039978
v 220.655838 42.7636261 -81.0039978
v 221.634109 43.7473869 -81.0331726
v 220.992508 42.9473915 -81.0140076
v 220.655838 42.7636261 -81.0039978
v 221.634109 43.3473892 -81.0331726
v 220.992508 42.9473915 -81.0140076
v 221.634109 43.7473869 -81.0331726
v 207.31575 43.7473869 -107.50705
v 207.219559 43.8332443 -107.11496
v 206.689041 44.2473793 -107.488495
v 203.665604 44.2473793 -107.398895
v 203.677078 44.2473793 -107.009979
v 203.039139 43.7473869 -107.380341
v 204.062332 46.4985771 -107.410736
v 204.322342 46.1865005 -107.418304
v 204.322342 46.4985771 -107.418304
v 206.292557 46.4985771 -107.476776
v 206.032791 46.4985771 -107.468964
v 206.032791 46.1865005 -107.468964
v 191.264969 41.9636421 -76.9102478
v 190.623611 42.363636 -76.8912048
v 197.413162 46.1220207 -77.0927429
v 209.272537 47.6846809 -102.952606
v 214.774734 47.7433357 -103.198212
v 209.633133 46.8129501 -100.431122
v 201.329178 47.742054 -102.797699
v 201.120682 46.8419647 -100.198334
v 195.859451 47.7433357 -102.637299
v 195.859451 47.7433357 -102.637299
v 200.865311 43.7473869 -91.2808533
v 209.998856 43.7473869 -91.5516052
v 209.633133 46.8129501 -100.431122
v 214.774734 47.7433357 -103.198212
v 436.476379 34.3581009 -113.920502
v 438.615051 34.3581009 -113.461884
v 436.476379 33.0312881 -113.920502
v 438.615051 34.3581009 -113.461884
v 447.854065 34.3581009 -123.454559
v 447.776428 34.3581009 -120.38559
v 18.9057083 17.1702805 -318.150452
v 30.4905472 29.8838329 -300.615204
v 30.4905472 17.1702805 -300.615204
v 16.7026138 36.8838348 -321.485138
v 16.7026138 17.1702805 -321.485138
v 18.9057083 36.8838348 -318.150452
v 30.4905472 29.8838329 -300.615204
v 30.4905472 36.8838348 -300.615204
v 133.737732 35.8896866 -278.585449
v 134.045486 34.2946548 -280.053528
v 133.737732 34.2946548 -278.585449
v 133.737732 34.2946548 -278.585449
v 134.045486 32.4988327 -280.053528
v 133.737732 32.4988327 -278.585449
v 134.045486 32.4988327 -280.053528
v 134.045486 30.8953247 -280.053528
v 133.737732 30.8953247 -278.585449
v 134.045486 26.8955345 -280.053528
v 133.737732 26.8955345 -278.585449
v 132.547455 44.89431 -298.341064
v 131.764465 44.0943108 -298.505219
v 132.547455 44.0943108 -298.341064
v 125.008987 44.0943108 -299.921387
v 131.764465 41.89431 -298.505219
v 125.008987 41.89431 -299.921387
v 122.892372 44.89431 -293.723816
v 123.675354 44.0943108 -293.559662
v 122.892372 44.0943108 -293.723816
v 131.213821 44.89431 -291.97934
v 131.213821 44.0943108 -291.97934
v 130.430832 44.0943108 -292.143494
v 148.280106 38.4984818 -304.217316
v 146.571777 38.4984779 -290.348297
v 145.57869 38.4984779 -290.485779
v 138.003586 38.4984703 -280.75116
v 138.003662 39.4984703 -280.751862
v 137.51326 39.4984741 -280.849304
v 142.057739 38.8331871 -289.606659
v 143.602814 38.4984779 -289.484985
v 140.51265 38.4984779 -289.728333
v 144.681793 38.4984779 -301.459076
v 143.136703 38.8331871 -301.58075
v 141.591629 38.4984779 -301.702423
v 107.260391 24.6953239 -284.136017
v 107.260391 24.2953243 -284.136017
v 106.771027 24.2953243 -284.238586
v 107.260391 24.2953243 -284.136017
v 106.771027 23.6953239 -284.238586
v 107.260391 23.6953239 -284.136017
v 106.771027 21.4953232 -284.238586
v 106.771027 23.6953239 -284.238586
v 107.260391 21.4953232 -284.136017
v 106.771027 20.4953232 -284.238586
v 107.260391 20.4953232 -284.136017
v 99.9357529 24.695322 -285.262817
v 98.4518661 24.695322 -285.982574
v 101.583786 24.6953239 -285.326019
v 397.338684 49.0331192 -65.964447
v 397.338196 49.6331177 -65.964447
v 397.297913 49.6331177 -66.9635925
v 397.297913 49.0331192 -66.9635925
v 397.297913 49.6331177 -66.9635925
v 397.338196 49.6331177 -65.964447
v 392.680481 52.0330811 -65.92453
v 392.639954 52.0330811 -66.9236755
v 379.548889 49.6377792 -66.0645447
v 384.695618 52.02314 -66.1783142
v 384.695618 51.6772423 -66.1783142
v 379.549377 49.0377808 -66.0645447
v 384.700256 49.0331268 -67.1786804
v 384.700745 52.0377426 -67.1788025
v 379.522278 49.6377716 -67.0643005
v 379.522278 49.0331192 -67.0643005
v 379.548889 49.6377792 -66.0645447
v 379.549377 49.0377808 -66.0645447
v 379.522278 49.0331192 -67.0643005
v 379.522278 49.6377716 -67.0643005
v 378.054504 31.2833557 -31.9814129
v 381.587463 31.2833557 -32.1431541
v 381.587463 37.2832794 -32.1431541
v 378.054504 37.2832794 -31.9814129
v 381.587463 37.2832794 -32.1431541
v 382.492737 37.2832794 -31.583952
v 378.679504 37.2832794 -31.4095135
v 378.054504 37.2832794 -31.9814129
v 379.18634 37.2832794 -19.5673504
v 378.611389 37.2832794 -18.9672527
v 379.49054 37.2832794 -38.3319969
v 382.492737 37.2832794 -31.583952
v 378.890198 37.2832794 -38.2060204
v 379.55426 37.2832794 -50.6314354
v 378.954651 37.2832794 -50.6892967
v 380.635071 37.2832794 -59.5464745
v 381.369934 37.2832794 -60.2034569
v 380.712463 37.2832794 -60.1540184
v 380.129211 37.2832794 -59.5081444
v 380.635071 31.2833557 -59.5464745
v 380.635071 37.2832794 -59.5464745
v 378.954651 37.2832794 -50.6892967
v 378.954651 31.2833557 -50.6892967
v 380.635071 31.2833557 -59.5464745
v 380.129211 31.2833557 -59.5081444
v 380.129211 37.2832794 -59.5081444
v 380.635071 37.2832794 -59.5464745
v 379.941223 31.2833557 -66.6541443
v 379.941223 37.2832794 -66.6541443
v 380.129211 37.2832794 -59.5081444
v 380.129211 31.2833557 -59.5081444
v 379.941223 31.2833557 -66.6541443
v 384.091858 31.2833557 -66.6064148
v 384.091858 37.2832794 -66.6064148
v 379.941223 37.2832794 -66.6541443
v 384.091858 31.2833557 -66.6064148
v 384.134827 31.2833557 -69.341156
v 384.134827 37.2832794 -69.341156
v 384.091858 37.2832794 -66.6064148
v 393.256897 31.2833557 -69.2364197
v 393.210754 31.2833557 -66.528656
v 393.210754 37.2832794 -66.528656
v 393.256897 37.2832794 -69.2364197
v 393.210754 31.2833557 -66.528656
v 396.913635 31.2833557 -66.5602722
v 396.913635 37.2832794 -66.5602722
v 393.210754 37.2832794 -66.528656
v 396.913635 37.2832794 -66.5602722
v 397.182922 37.2832794 -59.9174461
v 396.557922 37.2832794 -60.5307274
v 396.337952 37.2832794 -65.9554138
v 397.182922 31.2833557 -59.9174461
v 396.531067 31.2833557 -59.9312401
v 396.531067 37.2832794 -59.9312401
v 397.182922 37.2832794 -59.9174461
v 398.722473 37.2832794 -51.3128319
v 396.531067 37.2832794 -59.9312401
v 396.531067 31.2833557 -59.9312401
v 398.722473 31.2833557 -51.3128319
v 395.755432 46.8331337 -60.547451
v 395.754944 37.2832794 -60.5475731
v 398.126282 37.2832794 -51.2212791
v 398.12677 46.8331337 -51.221035
v 398.816956 37.2832794 -38.8809471
v 398.817444 46.8331337 -38.8809471
v 398.12677 46.8331337 -51.221035
v 398.126282 37.2832794 -51.2212791
v 396.629211 31.2833557 -32.5557518
v 400.17511 31.2833557 -32.712368
v 400.17511 37.2832794 -32.712368
v 396.629211 37.2832794 -32.5557518
v 386.442444 31.2833557 -18.3343182
v 386.442444 37.2832794 -18.3343182
v 393.211731 37.2832794 -18.085783
v 393.211731 31.2833557 -18.085783
v 399.424377 37.2832794 -38.7682762
v 398.722473 37.2832794 -51.3128319
v 398.722473 31.2833557 -51.3128319
v 399.424377 31.2833557 -38.7682762
v 399.493958 37.2832794 -19.3102703
v 400.070129 37.2832794 -18.7057781
v 393.424622 37.2832794 -18.7575359
v 392.986389 37.2832794 -19.3609295
v 393.211731 37.2832794 -18.085783
v 393.424622 37.2832794 -18.7575359
v 392.777649 37.2832794 -18.7022381
v 386.836975 37.2832794 -18.9200115
v 386.442444 37.2832794 -18.3343182
v 386.546204 37.2832794 -19.5685711
v 386.157532 37.2832794 -18.9685955
v 386.157532 37.2832794 -18.9685955
v 378.611389 37.2832794 -18.9672527
v 379.18634 37.2832794 -19.5673504
v 393.424622 31.2833557 -18.7575359
v 393.211731 31.2833557 -18.085783
v 393.211731 37.2832794 -18.085783
v 393.424622 37.2832794 -18.7575359
v 400.070129 37.2832794 -18.7057781
v 399.493958 37.2832794 -19.3102703
v 399.727844 37.2832794 -25.1485271
v 400.328186 37.2832794 -25.1426678
v 399.587219 37.2832794 -32.0857811
v 400.17511 37.2832794 -32.712368
v 396.629211 37.2832794 -32.5557518
v 395.682434 37.2832794 -31.9131756
v 398.816956 37.2832794 -38.8809471
v 395.682434 37.2832794 -31.9131756
v 399.424377 37.2832794 -38.7682762
v 398.722473 37.2832794 -51.3128319
v 398.126282 37.2832794 -51.2212791
v 396.531067 37.2832794 -59.9312401
v 395.754944 37.2832794 -60.5475731
v 386.442444 31.2833557 -18.3343182
v 386.157532 31.2833557 -18.9685955
v 386.157532 37.2832794 -18.9685955
v 386.442444 37.2832794 -18.3343182
v 392.778381 46.8331337 -18.702116
v 392.777649 37.2832794 -18.7022381
v 386.836975 37.2832794 -18.9200115
v 386.837463 46.8331337 -18.9197674
v 384.693665 37.2832794 -65.9994812
v 380.557434 37.2832794 -66.0469666
v 379.941223 37.2832794 -66.6541443
v 384.091858 37.2832794 -66.6064148
v 380.712463 37.2832794 -60.1540184
v 380.129211 37.2832794 -59.5081444
v 379.941223 37.2832794 -66.6541443
v 380.557434 37.2832794 -66.0469666
v 384.091858 37.2832794 -66.6064148
v 384.725403 37.2832794 -68.7343445
v 384.693665 37.2832794 -65.9994812
v 384.134827 37.2832794 -69.341156
v 392.646545 37.2832794 -68.64328
v 393.256897 37.2832794 -69.2364197
v 393.210754 37.2832794 -66.528656
v 392.61554 37.2832794 -65.9234314
v 393.256897 37.2832794 -69.2364197
v 384.134827 37.2832794 -69.341156
v 384.134827 31.2833557 -69.341156
v 393.256897 31.2833557 -69.2364197
v 378.954651 37.2832794 -50.6892967
v 378.890198 37.2832794 -38.2060204
v 378.890198 31.2833557 -38.2060204
v 378.954651 31.2833557 -50.6892967
v 378.611389 37.2832794 -18.9672527
v 386.157532 37.2832794 -18.9685955
v 386.157532 31.2833557 -18.9685955
v 378.611389 31.2833557 -18.9672527
v 393.210754 37.2832794 -66.528656
v 396.913635 37.2832794 -66.5602722
v 396.337952 37.2832794 -65.9554138
v 392.61554 37.2832794 -65.9234314
v 396.531067 37.2832794 -59.9312401
v 395.754944 37.2832794 -60.5475731
v 396.557922 37.2832794 -60.5307274
v 397.182922 37.2832794 -59.9174461
v 392.986389 40.0832291 -19.3609295
v 392.986389 37.2832794 -19.3609295
v 392.777649 37.2832794 -18.7022381
v 392.778381 46.8331337 -18.702116
v 393.424622 37.2832794 -18.7575359
v 400.070129 37.2832794 -18.7057781
v 400.070129 31.2833557 -18.7057781
v 393.424622 31.2833557 -18.7575359
v 384.725403 53.4830666 -68.7343445
v 384.700745 52.0377426 -67.1788025
v 384.700256 49.0331268 -67.1786804
v 384.725403 47.8331375 -68.7343445
v 384.700745 48.6331215 -67.1786804
v 384.700256 49.0331268 -67.1786804
v 384.693665 47.8331375 -65.9994812
v 384.725403 46.8331413 -68.7343445
v 384.693665 46.8331337 -65.9994812
v 384.693665 37.2832794 -65.9994812
v 384.725403 37.2832794 -68.7343445
v 380.712952 46.8331261 -60.1538963
v 381.370422 46.8331337 -60.2034569
v 381.369934 37.2832794 -60.2034569
v 380.712463 37.2832794 -60.1540184
v 378.679993 46.8331337 -31.4093914
v 378.96759 46.8331337 -24.6872234
v 378.967346 40.0832291 -24.6872234
v 378.679504 37.2832794 -31.4095135
v 379.18634 37.2832794 -19.5673504
v 379.18634 40.0832291 -19.5673504
v 379.49054 37.2832794 -38.3319969
v 379.491028 46.8331337 -38.3318748
v 382.493469 46.8331337 -31.583952
v 382.492737 37.2832794 -31.583952
v 398.817444 46.8331337 -38.8809471
v 398.816956 37.2832794 -38.8809471
v 395.682434 37.2832794 -31.9131756
v 395.682678 46.8331337 -31.9131756
v 384.634827 51.6772346 -60.8127098
v 384.695618 51.6772423 -66.1783142
v 384.695618 52.02314 -66.1783142
v 384.634338 53.4830666 -60.8127098
v 384.695618 52.02314 -66.1783142
v 384.700745 52.0377426 -67.1788025
v 384.725403 53.4830666 -68.7343445
v 384.725403 53.4830666 -68.7343445
v 384.645569 61.582962 -61.8127098
v 384.713684 61.582962 -67.7342224
v 384.680237 66.0828934 -64.7736511
v 392.646545 37.2832794 -68.64328
v 392.61554 37.2832794 -65.9234314
v 392.638489 46.8331337 -65.9236755
v 392.646545 46.8738976 -68.64328
v 392.646545 47.8739014 -68.64328
v 392.638489 47.8331375 -65.9236755
v 392.640442 48.6331215 -66.9235535
v 392.640198 49.0331192 -66.9235535
v 392.639954 52.0330811 -66.9236755
v 392.640198 49.0331192 -66.9235535
v 392.646545 53.4830513 -68.64328
v 392.680481 52.0330811 -65.92453
v 392.555969 53.4830513 -60.7217674
v 392.555969 51.6772346 -60.7217674
v 392.680481 51.6758385 -65.924408
v 392.567444 61.582962 -61.7218895
v 392.555969 61.582962 -60.7217674
v 392.635315 61.582962 -67.6434021
v 392.601379 66.0828934 -64.6824646
v 392.646545 53.4830513 -68.64328
v 379.522278 49.6377716 -67.0643005
v 384.700745 52.0377426 -67.1788025
v 384.695618 52.02314 -66.1783142
v 379.548889 49.6377792 -66.0645447
v 391.555725 61.582962 -60.7333641
v 392.555969 61.582962 -60.7217674
v 392.555969 53.4830513 -60.7217674
v 388.589661 55.0330353 -60.7670555
v 392.555969 51.6772346 -60.7217674
v 385.634583 61.582962 -60.8013573
v 388.595032 66.0828934 -60.7671776
v 384.634338 53.4830666 -60.8127098
v 384.634827 51.6772346 -60.8127098
v 384.634338 61.582962 -60.8125877
v 379.18634 40.0832291 -19.5673504
v 386.546204 40.0832291 -19.5685711
v 386.546204 37.2832794 -19.5685711
v 379.18634 37.2832794 -19.5673504
v 386.546204 40.0832291 -19.5685711
v 384.17804 42.5831985 -24.8448162
v 384.178284 46.8331337 -24.8448162
v 386.837463 46.8331337 -18.9197674
v 399.493958 40.0832291 -19.3102703
v 399.727844 40.0832291 -25.1485271
v 399.727844 37.2832794 -25.1485271
v 399.493958 37.2832794 -19.3102703
v 399.493958 37.2832794 -19.3102703
v 392.986389 37.2832794 -19.3609295
v 392.986389 40.0832291 -19.3609295
v 399.493958 40.0832291 -19.3102703
v 379.49054 37.2832794 -38.3319969
v 379.55426 37.2832794 -50.6314354
v 379.554993 46.8331337 -50.6311913
v 379.491028 46.8331337 -38.3318748
v 399.587219 37.2832794 -32.0857811
v 399.727844 37.2832794 -25.1485271
v 399.727844 40.0832291 -25.1485271
v 399.728333 46.8331337 -25.1485271
v 399.587463 46.8331337 -32.085659
v 399.728333 46.8331337 -25.1485271
v 399.727844 40.0832291 -25.1485271
v 394.768616 42.0832024 -24.985075
v 394.768616 46.8331337 -24.9851971
v 399.587463 46.8331337 -32.085659
v 395.682678 46.8331337 -31.9131756
v 395.682434 37.2832794 -31.9131756
v 399.587219 37.2832794 -32.0857811
v 396.337952 37.2832794 -65.9554138
v 396.557922 37.2832794 -60.5307274
v 396.56012 46.8331337 -60.5287743
v 396.33844 46.8331337 -65.9555359
v 392.778381 46.8331337 -18.702116
v 394.768616 46.8331337 -24.9851971
v 394.768616 42.0832024 -24.985075
v 392.986389 40.0832291 -19.3609295
v 400.328186 37.2832794 -25.1426678
v 400.17511 37.2832794 -32.712368
v 400.17511 31.2833557 -32.712368
v 400.328186 31.2833557 -25.1426678
v 396.33844 46.8331337 -65.9555359
v 392.638489 46.8331337 -65.9236755
v 392.61554 37.2832794 -65.9234314
v 396.337952 37.2832794 -65.9554138
v 396.629211 37.2832794 -32.5557518
v 399.424377 37.2832794 -38.7682762
v 399.424377 31.2833557 -38.7682762
v 396.629211 31.2833557 -32.5557518
v 395.755432 46.8331337 -60.547451
v 396.56012 46.8331337 -60.5287743
v 396.557922 37.2832794 -60.5307274
v 395.754944 37.2832794 -60.5475731
v 397.182922 31.2833557 -59.9174461
v 397.182922 37.2832794 -59.9174461
v 396.913635 37.2832794 -66.5602722
v 396.913635 31.2833557 -66.5602722
v 397.338196 49.6331177 -65.964447
v 397.338684 49.0331192 -65.964447
v 392.680481 51.6758385 -65.924408
v 392.680481 52.0330811 -65.92453
v 379.554993 46.8331337 -50.6311913
v 379.55426 37.2832794 -50.6314354
v 381.369934 37.2832794 -60.2034569
v 381.370422 46.8331337 -60.2034569
v 378.054504 31.2833557 -31.9814129
v 378.054504 37.2832794 -31.9814129
v 378.611389 37.2832794 -18.9672527
v 378.611389 31.2833557 -18.9672527
v 384.17804 42.5831985 -24.8448162
v 378.967346 40.0832291 -24.6872234
v 378.96759 46.8331337 -24.6872234
v 384.178284 46.8331337 -24.8448162
v 380.712463 37.2832794 -60.1540184
v 380.557434 37.2832794 -66.0469666
v 380.557434 46.8331337 -66.0469666
v 380.712952 46.8331261 -60.1538963
v 378.890198 37.2832794 -38.2060204
v 381.587463 37.2832794 -32.1431541
v 381.587463 31.2833557 -32.1431541
v 378.890198 31.2833557 -38.2060204
v 400.070129 37.2832794 -18.7057781
v 400.328186 37.2832794 -25.1426678
v 400.328186 31.2833557 -25.1426678
v 400.070129 31.2833557 -18.7057781
v 386.836975 37.2832794 -18.9200115
v 386.546204 37.2832794 -19.5685711
v 386.546204 40.0832291 -19.5685711
v 386.837463 46.8331337 -18.9197674
v 378.679993 46.8331337 -31.4093914
v 378.679504 37.2832794 -31.4095135
v 382.492737 37.2832794 -31.583952
v 382.493469 46.8331337 -31.583952
v 392.640198 49.0331192 -66.9235535
v 397.297913 49.0331192 -66.9635925
v 397.297913 49.6331177 -66.9635925
v 392.639954 52.0330811 -66.9236755
v 392.640198 49.0331192 -66.9235535
v 392.640442 48.6331215 -66.9235535
v 397.297913 48.6331215 -66.9635925
v 397.297913 49.0331192 -66.9635925
v 397.338684 49.0331192 -65.964447
v 397.297913 48.6331215 -66.9635925
v 397.600403 48.6331215 -59.5082664
v 397.600403 49.0331116 -59.5083885
v 397.600403 49.0331116 -59.5083885
v 397.600403 48.6331215 -59.5082664
v 397.048645 48.6331215 -59.5201073
v 397.048157 49.0331192 -59.5201073
v 397.048157 49.0331192 -59.5201073
v 397.048645 48.6331215 -59.5201073
v 399.119202 48.6331215 -51.3735008
v 399.11969 49.0331116 -51.3735008
v 399.829651 49.0331116 -38.6930809
v 399.829651 48.6331215 -38.6930809
v 397.261047 48.6331215 -32.9839745
v 397.260559 49.0331116 -32.9837303
v 397.260559 49.0331116 -32.9837303
v 397.261047 48.6331215 -32.9839745
v 400.566956 48.6331215 -33.1302147
v 400.566711 49.0331116 -33.1298485
v 400.566711 49.0331116 -33.1298485
v 400.566956 48.6331215 -33.1302147
v 400.747864 48.6331215 -24.1816082
v 400.747864 49.0331116 -24.1814861
v 395.516907 49.0331116 -24.0090008
v 395.516907 48.6331215 -24.0090008
v 393.507629 48.6331215 -17.667326
v 393.507141 49.0331192 -17.6672039
v 393.507141 49.0331192 -17.6672039
v 393.507629 48.6331215 -17.667326
v 386.174377 48.6331215 -17.9358807
v 386.174377 49.0331192 -17.9361248
v 386.174377 49.0331192 -17.9361248
v 386.174377 48.6331215 -17.9358807
v 383.534973 48.6331215 -23.8173504
v 383.534973 49.0331192 -23.8174725
v 383.534973 49.0331192 -23.8174725
v 383.534973 48.6331215 -23.8173504
v 378.003235 48.6331215 -23.6524334
v 378.003235 49.0331192 -23.6523113
v 378.003235 49.0331192 -23.6523113
v 378.003235 48.6331215 -23.6524334
v 377.630432 48.6331215 -32.3700829
v 377.630432 49.0331192 -32.3702049
v 380.135071 49.0331116 -59.099575
v 380.135559 48.6331215 -59.0996971
v 379.737854 48.6331215 -59.070034
v 379.737854 49.0331192 -59.0701561
v 379.522278 49.0331192 -67.0643005
v 379.522278 48.6331215 -67.0641785
v 384.700745 48.6331215 -67.1786804
v 384.700256 49.0331268 -67.1786804
v 399.11969 49.0331116 -51.3735008
v 399.119202 48.6331215 -51.3735008
v 399.829651 48.6331215 -38.6930809
v 399.829651 49.0331116 -38.6930809
v 400.747864 49.0331116 -24.1814861
v 400.747864 48.6331215 -24.1816082
v 395.516907 48.6331215 -24.0090008
v 395.516907 49.0331116 -24.0090008
v 377.630432 49.0331192 -32.3702049
v 377.630432 48.6331215 -32.3700829
v 380.972229 48.6331215 -32.5227928
v 380.972229 49.0377808 -32.5226707
v 380.972229 49.0377808 -32.5226707
v 380.972229 48.6331215 -32.5227928
v 378.477844 48.6331215 -38.1311913
v 378.477844 49.0331192 -38.1313133
v 378.477844 49.0331192 -38.1313133
v 378.477844 48.6331215 -38.1311913
v 378.548157 48.6331215 -50.7286034
v 378.547424 49.0331116 -50.7286034
v 378.547424 49.0331116 -50.7286034
v 378.548157 48.6331215 -50.7286034
v 380.135559 48.6331215 -59.0996971
v 380.135071 49.0331116 -59.099575
v 379.737854 49.0331192 -59.0701561
v 379.737854 48.6331215 -59.070034
v 379.522278 48.6331215 -67.0641785
v 379.549377 49.0377808 -66.0645447
v 397.260559 49.0331116 -32.9837303
v 389.241028 52.5330658 -28.3327312
v 389.088196 55.0330429 -31.7486248
v 393.173889 52.0330734 -32.3661766
v 389.241028 52.5330658 -28.3327312
v 383.242981 52.5330658 -28.1686687
v 377.630432 49.0331192 -32.3702049
v 380.972229 49.0377808 -32.5226707
v 395.516907 49.0331116 -24.0090008
v 389.241028 52.5330658 -28.3327312
v 395.238586 52.5330658 -28.4963055
v 400.747864 49.0331116 -24.1814861
v 380.972229 49.0377808 -32.5226707
v 385.03009 52.035408 -32.1355858
v 389.088196 55.0330429 -31.7486248
v 389.241028 52.5330658 -28.3327312
v 378.003235 49.0331192 -23.6523113
v 383.242981 52.5330658 -28.1686687
v 389.241028 52.5330658 -28.3327312
v 383.534973 49.0331192 -23.8174725
v 385.03009 52.035408 -32.1355858
v 383.771545 52.0330734 -38.208828
v 389.065979 55.0330353 -38.2865868
v 389.088196 55.0330429 -31.7486248
v 393.173889 52.0330734 -32.3661766
v 394.447815 52.0330734 -38.4898338
v 399.829651 49.0331116 -38.6930809
v 397.260559 49.0331116 -32.9837303
v 392.680481 51.6758385 -65.924408
v 397.600403 49.0331116 -59.5083885
v 392.555969 51.6772346 -60.7217674
v 397.338684 49.0331192 -65.964447
v 383.694153 52.0330734 -50.8273582
v 383.771545 52.0330734 -38.208828
v 378.477844 49.0331192 -38.1313133
v 378.547424 49.0331116 -50.7286034
v 394.447815 52.0330734 -38.4898338
v 389.065979 55.0330353 -38.2865868
v 388.840637 55.0330353 -50.9261131
v 393.980286 52.0330734 -51.149868
v 400.566711 49.0331116 -33.1298485
v 395.238586 52.5330658 -28.4963055
v 389.241028 52.5330658 -28.3327312
v 397.260559 49.0331116 -32.9837303
v 383.694153 52.0330734 -50.8273582
v 378.547424 49.0331116 -50.7286034
v 380.135071 49.0331116 -59.099575
v 384.634827 51.6772346 -60.8127098
v 393.980286 52.0330734 -51.149868
v 388.840637 55.0330353 -50.9261131
v 388.589661 55.0330353 -60.7670555
v 392.555969 51.6772346 -60.7217674
v 399.11969 49.0331116 -51.3735008
v 393.980286 52.0330734 -51.149868
v 392.555969 51.6772346 -60.7217674
v 397.048157 49.0331192 -59.5201073
v 399.829651 49.0331116 -38.6930809
v 394.447815 52.0330734 -38.4898338
v 393.980286 52.0330734 -51.149868
v 399.11969 49.0331116 -51.3735008
v 389.088196 55.0330429 -31.7486248
v 389.065979 55.0330353 -38.2865868
v 394.447815 52.0330734 -38.4898338
v 393.173889 52.0330734 -32.3661766
v 388.840637 55.0330353 -50.9261131
v 383.694153 52.0330734 -50.8273582
v 384.634827 51.6772346 -60.8127098
v 388.589661 55.0330353 -60.7670555
v 388.840637 55.0330353 -50.9261131
v 389.065979 55.0330353 -38.2865868
v 383.771545 52.0330734 -38.208828
v 383.694153 52.0330734 -50.8273582
v 380.972229 49.0377808 -32.5226707
v 378.477844 49.0331192 -38.1313133
v 383.771545 52.0330734 -38.208828
v 385.03009 52.035408 -32.1355858
v 397.297913 48.6331215 -66.9635925
v 392.640442 48.6331215 -66.9235535
v 392.638489 47.8331375 -65.9236755
v 396.33844 47.8331375 -65.9555359
v 397.048645 48.6331215 -59.5201073
v 395.755432 47.8331299 -60.547451
v 398.12677 47.8331299 -51.221035
v 399.119202 48.6331215 -51.3735008
v 398.12677 47.8331299 -51.221035
v 398.817444 47.8331299 -38.8809471
v 399.829651 48.6331215 -38.6930809
v 399.119202 48.6331215 -51.3735008
v 400.566956 48.6331215 -33.1302147
v 399.587463 47.8331375 -32.085659
v 399.728333 47.8331375 -25.1485271
v 400.747864 48.6331215 -24.1816082
v 399.587463 47.8331375 -32.085659
v 400.566956 48.6331215 -33.1302147
v 397.261047 48.6331215 -32.9839745
v 395.682678 47.8331375 -31.9131756
v 397.297913 48.6331215 -66.9635925
v 396.33844 47.8331375 -65.9555359
v 396.56012 47.8331375 -60.5287743
v 397.600403 48.6331215 -59.5082664
v 394.768616 47.8331375 -24.9851971
v 395.516907 48.6331215 -24.0090008
v 400.747864 48.6331215 -24.1816082
v 399.728333 47.8331375 -25.1485271
v 393.507629 48.6331215 -17.667326
v 395.516907 48.6331215 -24.0090008
v 394.768616 47.8331375 -24.9851971
v 392.778381 47.8331375 -18.702116
v 392.778381 47.8331375 -18.702116
v 386.837463 47.8331299 -18.9197674
v 386.174377 48.6331215 -17.9358807
v 393.507629 48.6331215 -17.667326
v 378.003235 48.6331215 -23.6524334
v 383.534973 48.6331215 -23.8173504
v 384.178284 47.8331299 -24.8448162
v 378.96759 47.8331375 -24.6872234
v 378.679993 47.8331375 -31.4093914
v 377.630432 48.6331215 -32.3700829
v 378.003235 48.6331215 -23.6524334
v 378.96759 47.8331375 -24.6872234
v 378.679993 47.8331375 -31.4093914
v 382.493469 47.8331299 -31.583952
v 380.972229 48.6331215 -32.5227928
v 377.630432 48.6331215 -32.3700829
v 379.491028 47.8331375 -38.3318748
v 378.477844 48.6331215 -38.1311913
v 380.972229 48.6331215 -32.5227928
v 382.493469 47.8331299 -31.583952
v 379.554993 47.8331299 -50.6311913
v 378.548157 48.6331215 -50.7286034
v 378.477844 48.6331215 -38.1311913
v 379.491028 47.8331375 -38.3318748
v 381.370422 47.8331375 -60.2034569
v 380.712952 47.8331299 -60.1538963
v 379.737854 48.6331215 -59.070034
v 380.135559 48.6331215 -59.0996971
v 379.737854 48.6331215 -59.070034
v 380.712952 47.8331299 -60.1538963
v 380.557434 47.8331375 -66.0469666
v 379.522278 48.6331215 -67.0641785
v 379.522278 48.6331215 -67.0641785
v 380.557434 47.8331375 -66.0469666
v 384.693665 47.8331375 -65.9994812
v 384.700745 48.6331215 -67.1786804
v 397.261047 48.6331215 -32.9839745
v 399.829651 48.6331215 -38.6930809
v 398.817444 47.8331299 -38.8809471
v 395.682678 47.8331375 -31.9131756
v 380.135559 48.6331215 -59.0996971
v 378.548157 48.6331215 -50.7286034
v 379.554993 47.8331299 -50.6311913
v 381.370422 47.8331375 -60.2034569
v 386.837463 47.8331299 -18.9197674
v 384.178284 47.8331299 -24.8448162
v 383.534973 48.6331215 -23.8173504
v 386.174377 48.6331215 -17.9358807
v 397.600403 48.6331215 -59.5082664
v 396.56012 47.8331375 -60.5287743
v 395.755432 47.8331299 -60.547451
v 397.048645 48.6331215 -59.5201073
v 393.101379 66.5828857 -64.6767273
v 393.067444 62.0829544 -61.7160301
v 391.694397 64.6542206 -63.4239159
v 391.312805 66.5828857 -64.6974792
v 393.101379 66.5828857 -64.6767273
v 391.312805 66.5828857 -64.6974792
v 391.724915 64.6472778 -65.9664001
v 393.135559 62.0829544 -67.6376648
v 388.589417 66.5828857 -60.2674217
v 388.595032 66.0828934 -60.7671776
v 385.634583 61.582962 -60.8013573
v 385.628723 62.0829544 -60.3013573
v 388.610413 66.5828857 -62.0580711
v 389.876526 64.6515045 -61.64645
v 391.55011 62.0829544 -60.233242
v 388.589417 66.5828857 -60.2674217
v 385.585266 64.6472778 -66.0368347
v 385.968079 66.5828857 -64.7586365
v 384.180237 66.5828857 -64.7795105
v 384.213928 62.0829544 -67.7400818
v 388.671448 66.5828857 -67.4020691
v 387.404114 64.6499939 -67.8138123
v 385.731018 62.0829544 -69.2226257
v 388.691956 66.5828857 -69.1886902
v 388.671448 66.5828857 -67.4020691
v 388.691956 66.5828857 -69.1886902
v 391.652649 62.0829544 -69.1546326
v 389.947083 64.6515045 -67.7845154
v 387.334045 64.6499939 -61.6753807
v 388.610413 66.5828857 -62.0580711
v 388.589417 66.5828857 -60.2674217
v 385.628723 62.0829544 -60.3013573
v 384.180237 66.5828857 -64.7795105
v 385.968079 66.5828857 -64.7586365
v 385.557434 64.6542206 -63.4943504
v 384.146301 62.0829544 -61.8185692
v 384.634338 61.582962 -60.8125877
v 384.128967 62.0829544 -60.3186913
v 385.628723 62.0829544 -60.3013573
v 385.634583 61.582962 -60.8013573
v 392.64679 61.582962 -68.6430359
v 392.635315 61.582962 -67.6434021
v 393.135559 62.0829544 -67.6376648
v 393.152649 62.0829468 -69.1372986
v 384.725403 61.582962 -68.7341003
v 385.725647 61.582962 -68.7228699
v 385.731018 62.0829544 -69.2226257
v 384.231262 62.0829544 -69.2400818
v 384.634338 61.582962 -60.8125877
v 384.645569 61.582962 -61.8127098
v 384.146301 62.0829544 -61.8185692
v 384.128967 62.0829544 -60.3186913
v 391.555725 61.582962 -60.7333641
v 388.595032 66.0828934 -60.7671776
v 388.589417 66.5828857 -60.2674217
v 391.55011 62.0829544 -60.233242
v 392.555969 61.582962 -60.7217674
v 391.555725 61.582962 -60.7333641
v 391.55011 62.0829544 -60.233242
v 393.05011 62.0829468 -60.2159081
v 392.601379 66.0828934 -64.6824646
v 392.567444 61.582962 -61.7218895
v 393.067444 62.0829544 -61.7160301
v 393.101379 66.5828857 -64.6767273
v 392.555969 61.582962 -60.7217674
v 393.05011 62.0829468 -60.2159081
v 393.067444 62.0829544 -61.7160301
v 392.567444 61.582962 -61.7218895
v 392.635315 61.582962 -67.6434021
v 392.601379 66.0828934 -64.6824646
v 393.101379 66.5828857 -64.6767273
v 393.135559 62.0829544 -67.6376648
v 384.231262 62.0829544 -69.2400818
v 384.213928 62.0829544 -67.7400818
v 384.713684 61.582962 -67.7342224
v 384.725403 61.582962 -68.7341003
v 384.680237 66.0828934 -64.7736511
v 384.713684 61.582962 -67.7342224
v 384.213928 62.0829544 -67.7400818
v 384.180237 66.5828857 -64.7795105
v 384.645569 61.582962 -61.8127098
v 384.680237 66.0828934 -64.7736511
v 384.180237 66.5828857 -64.7795105
v 384.146301 62.0829544 -61.8185692
v 391.647278 61.582962 -68.6548767
v 391.652649 62.0829544 -69.1546326
v 388.691956 66.5828857 -69.1886902
v 388.686096 66.0828934 -68.6886902
v 392.64679 61.582962 -68.6430359
v 393.152649 62.0829468 -69.1372986
v 391.652649 62.0829544 -69.1546326
v 391.647278 61.582962 -68.6548767
v 380.557434 46.8331337 -66.0469666
v 380.557434 37.2832794 -66.0469666
v 384.693665 37.2832794 -65.9994812
v 384.693665 46.8331337 -65.9994812
v 395.682678 46.8331337 -31.9131756
v 395.682678 47.8331375 -31.9131756
v 398.817444 47.8331299 -38.8809471
v 398.817444 46.8331337 -38.8809471
v 398.12677 46.8331337 -51.221035
v 398.12677 47.8331299 -51.221035
v 395.755432 47.8331299 -60.547451
v 395.755432 46.8331337 -60.547451
v 392.778381 46.8331337 -18.702116
v 392.778381 47.8331375 -18.702116
v 394.768616 47.8331375 -24.9851971
v 394.768616 46.8331337 -24.9851971
v 380.557434 46.8331337 -66.0469666
v 380.557434 47.8331375 -66.0469666
v 380.712952 47.8331299 -60.1538963
v 380.712952 46.8331261 -60.1538963
v 380.712952 46.8331261 -60.1538963
v 380.712952 47.8331299 -60.1538963
v 381.370422 47.8331375 -60.2034569
v 381.370422 46.8331337 -60.2034569
v 396.33844 46.8331337 -65.9555359
v 396.33844 47.8331375 -65.9555359
v 392.638489 47.8331375 -65.9236755
v 392.638489 46.8331337 -65.9236755
v 394.768616 46.8331337 -24.9851971
v 394.768616 47.8331375 -24.9851971
v 399.728333 47.8331375 -25.1485271
v 399.728333 46.8331337 -25.1485271
v 395.755432 46.8331337 -60.547451
v 395.755432 47.8331299 -60.547451
v 396.56012 47.8331375 -60.5287743
v 396.56012 46.8331337 -60.5287743
v 382.493469 46.8331337 -31.583952
v 382.493469 47.8331299 -31.583952
v 378.679993 47.8331375 -31.4093914
v 378.679993 46.8331337 -31.4093914
v 384.693665 46.8331337 -65.9994812
v 384.693665 47.8331375 -65.9994812
v 380.557434 47.8331375 -66.0469666
v 380.557434 46.8331337 -66.0469666
v 386.837463 46.8331337 -18.9197674
v 386.837463 47.8331299 -18.9197674
v 392.778381 47.8331375 -18.702116
v 392.778381 46.8331337 -18.702116
v 399.728333 46.8331337 -25.1485271
v 399.728333 47.8331375 -25.1485271
v 399.587463 47.8331375 -32.085659
v 399.587463 46.8331337 -32.085659
v 378.679993 46.8331337 -31.4093914
v 378.679993 47.8331375 -31.4093914
v 378.96759 47.8331375 -24.6872234
v 378.96759 46.8331337 -24.6872234
v 384.178284 46.8331337 -24.8448162
v 384.178284 47.8331299 -24.8448162
v 386.837463 47.8331299 -18.9197674
v 386.837463 46.8331337 -18.9197674
v 398.817444 46.8331337 -38.8809471
v 398.817444 47.8331299 -38.8809471
v 398.12677 47.8331299 -51.221035
v 398.12677 46.8331337 -51.221035
v 379.491028 46.8331337 -38.3318748
v 379.491028 47.8331375 -38.3318748
v 382.493469 47.8331299 -31.583952
v 382.493469 46.8331337 -31.583952
v 396.56012 46.8331337 -60.5287743
v 396.56012 47.8331375 -60.5287743
v 396.33844 47.8331375 -65.9555359
v 396.33844 46.8331337 -65.9555359
v 378.96759 46.8331337 -24.6872234
v 378.96759 47.8331375 -24.6872234
v 384.178284 47.8331299 -24.8448162
v 384.178284 46.8331337 -24.8448162
v 381.370422 46.8331337 -60.2034569
v 381.370422 47.8331375 -60.2034569
v 379.554993 47.8331299 -50.6311913
v 379.554993 46.8331337 -50.6311913
v 399.587463 46.8331337 -32.085659
v 399.587463 47.8331375 -32.085659
v 395.682678 47.8331375 -31.9131756
v 395.682678 46.8331337 -31.9131756
v 379.554993 46.8331337 -50.6311913
v 379.554993 47.8331299 -50.6311913
v 379.491028 47.8331375 -38.3318748
v 379.491028 46.8331337 -38.3318748
v 392.646545 49.5296707 -68.643158
v 392.615051 49.5296707 -65.9082947
v 393.215637 50.3296623 -65.9165955
v 393.253235 50.3296623 -69.2362976
v 384.68219 49.5296707 -65.9994812
v 384.713684 49.5296707 -68.7343445
v 384.134827 50.3296623 -69.341156
v 384.082581 50.3296623 -66.0092468
v 393.253235 50.3296623 -69.2362976
v 384.725403 50.3296623 -68.7343445
v 384.134827 50.3296623 -69.341156
v 392.646545 50.3296623 -68.64328
v 393.215637 50.3296623 -65.9165955
v 392.61554 50.3296623 -65.9234314
v 393.253235 50.3296623 -69.2362976
v 384.082581 50.3296623 -66.0092468
v 384.134827 50.3296623 -69.341156
v 384.681946 50.3296623 -65.9996033
v 393.215637 44.6774788 -65.9165955
v 392.61554 44.6774788 -65.9234314
v 392.646545 44.6774788 -68.64328
v 393.253235 44.6774788 -69.2362976
v 393.253235 44.6774788 -69.2362976
v 384.725403 44.6774788 -68.7343445
v 384.134827 44.6774788 -69.341156
v 384.082581 44.6774788 -66.0092468
v 384.134827 44.6774788 -69.341156
v 384.681946 44.6774788 -65.9996033
v 384.134827 50.3296623 -69.341156
v 384.713684 49.5296707 -68.7343445
v 392.646545 49.5296707 -68.643158
v 393.253235 50.3296623 -69.2362976
v 392.646545 43.877491 -68.64328
v 392.615295 43.8774834 -65.9231873
v 393.215637 44.6774788 -65.9165955
v 393.253235 44.6774788 -69.2362976
v 384.134827 44.6774788 -69.341156
v 384.082581 44.6774788 -66.0092468
v 384.68219 43.8774834 -65.9994812
v 384.713684 43.8774834 -68.7343445
v 392.646545 43.877491 -68.64328
v 393.253235 44.6774788 -69.2362976
v 384.134827 44.6774788 -69.341156
v 384.713684 43.8774834 -68.7343445
v 388.691956 66.5828857 -69.1886902
v 385.731018 62.0829544 -69.2226257
v 385.725647 61.582962 -68.7228699
v 388.686096 66.0828934 -68.6886902
v 216.83284 47.7433357 -80.8908386
v 216.358231 47.7433357 -96.8991394
v 221.046463 43.7473869 -100.841766
v 221.634109 43.7473869 -81.0331726
v 221.046463 43.7473869 -100.841766
v 221.046463 43.3473892 -100.841766
v 221.634109 43.3473892 -81.0331726
v 221.634109 43.7473869 -81.0331726
v 220.992508 42.9473915 -81.0140076
v 221.634109 43.3473892 -81.0331726
v 221.046463 43.3473892 -100.841766
v 220.423416 42.9473915 -100.21933
v 220.423416 42.9473915 -100.21933
v 220.423416 38.5555649 -100.21933
v 220.992508 38.5555649 -81.0140076
v 220.992508 42.9473915 -81.0140076
v 220.992508 38.5555649 -81.0140076
v 220.423416 38.5555649 -100.21933
v 220.720535 38.5555649 -100.582123
v 221.300369 38.5555649 -81.0230408
v 219.026688 38.5555649 -100.18161
v 219.324539 38.5555649 -100.540619
v 220.423416 38.5555649 -100.21933
v 220.575027 38.155571 -100.427704
v 220.720535 38.5555649 -100.582123
v 219.324539 38.5555649 -100.540619
v 219.179031 38.155571 -100.3862
v 220.423416 38.5555649 -100.21933
v 220.423416 42.9473915 -100.21933
v 219.026688 42.9473915 -100.18161
v 219.026688 38.5555649 -100.18161
v 220.423416 42.9473915 -100.21933
v 221.046463 43.3473892 -100.841766
v 219.650467 43.3473892 -100.800385
v 219.026688 42.9473915 -100.18161
v 214.774734 47.7433357 -103.198212
v 219.441238 43.7473869 -107.866669
v 219.650467 43.7473869 -100.800385
v 214.962234 47.7433357 -96.8577576
v 221.046463 43.7473869 -100.841766
v 216.358231 47.7433357 -96.8991394
v 214.962234 47.7433357 -96.8577576
v 219.650467 43.7473869 -100.800385
v 219.441238 43.7473869 -107.866669
v 214.774734 47.7433357 -103.198212
v 209.272537 47.6846809 -102.952606
v 210.426102 43.7473869 -107.599335
v 219.441238 43.7473869 -107.866669
v 219.441238 43.3473892 -107.866669
v 219.650467 43.3473892 -100.800385
v 219.650467 43.7473869 -100.800385
v 209.790359 42.9473915 -107.37912
v 209.802078 42.9473915 -106.976776
v 210.426102 43.3473892 -107.599335
v 210.414139 43.3473892 -108.001678
v 218.817459 42.9473915 -107.243988
v 219.441238 43.3473892 -107.866669
v 210.426102 43.3473892 -107.599335
v 209.802078 42.9473915 -106.976776
v 220.655838 42.7636261 -81.0039978
v 220.655838 42.363636 -81.0039978
v 220.760574 42.363636 -77.4798279
v 220.760574 42.7636261 -77.4798279
v 220.760574 42.363636 -77.4798279
v 220.655838 42.363636 -81.0039978
v 220.014481 41.9636421 -80.9849548
v 220.119217 41.9636421 -77.4607849
v 220.119217 41.9636421 -77.4607849
v 220.014481 33.7637405 -80.9849548
v 220.119217 33.7637405 -77.4607849
v 220.014481 38.155571 -80.9849548
v 220.014481 41.9636421 -80.9849548
v 221.192703 33.7637405 -81.0198669
v 220.014481 33.7637405 -80.9849548
v 220.992508 34.1637421 -81.0140076
v 221.342361 34.1637421 -81.0243835
v 215.598953 46.9083557 -76.5292664
v 213.994949 45.9242134 -76.4819031
v 213.909256 45.9233742 -79.3772888
v 215.470291 46.9083557 -80.8501892
v 210.363602 43.7473869 -79.2487488
v 216.358231 47.7433357 -96.8991394
v 209.998856 43.7473869 -91.5516052
v 216.83284 47.7433357 -80.8908386
v 213.994949 45.9242134 -76.4819031
v 213.994949 38.9959412 -76.4819031
v 213.957352 39.3959274 -79.3551941
v 213.909256 45.9233742 -79.3772888
v 209.998856 43.7473869 -91.5516052
v 210.363602 43.7473869 -79.2487488
v 210.363602 43.3473892 -79.2487488
v 209.998856 43.3473892 -91.5516052
v 209.998856 43.3473892 -91.5516052
v 210.363602 43.3473892 -79.2487488
v 211.004959 42.9473915 -79.2676697
v 210.640457 42.9473915 -91.5705261
v 221.046463 43.3473892 -100.841766
v 221.046463 43.7473869 -100.841766
v 219.650467 43.7473869 -100.800385
v 219.650467 43.3473892 -100.800385
v 220.992508 34.1637421 -81.0140076
v 220.423416 34.1637421 -100.21933
v 220.762772 34.1637421 -100.579681
v 221.342361 34.1637421 -81.0243835
v 220.423416 34.1637421 -100.21933
v 219.366776 34.1637421 -100.5383
v 219.027176 34.1637421 -100.177948
v 219.027176 34.1637421 -100.177948
v 219.157059 34.1637421 -107.604218
v 219.366776 34.1637421 -100.5383
v 218.817459 34.1637421 -107.243988
v 209.802322 34.1637421 -106.98056
v 210.141678 34.1637421 -107.337128
v 210.129959 34.1637421 -107.739471
v 209.790359 34.1637421 -107.37912
v 209.790359 34.1637421 -107.37912
v 200.215897 34.1637421 -107.445526
v 200.534744 34.1637421 -107.10849
v 200.228104 34.1637421 -107.043304
v 200.546463 34.1637421 -106.706146
v 190.991531 34.1637421 -106.769379
v 191.309647 34.1637421 -106.43222
v 191.514725 34.1637421 -99.5187683
v 191.154373 34.1637421 -99.8581238
v 219.027176 34.1637421 -100.177948
v 219.027176 38.155571 -100.177948
v 218.817459 38.155571 -107.243988
v 218.817459 34.1637421 -107.243988
v 219.027176 34.1637421 -100.177948
v 220.423416 34.1637421 -100.21933
v 220.423416 38.155571 -100.21933
v 219.027176 38.155571 -100.177948
v 220.575027 38.155571 -100.427704
v 219.179031 38.155571 -100.3862
v 219.027176 38.155571 -100.177948
v 220.423416 38.155571 -100.21933
v 220.992508 38.155571 -81.0140076
v 221.150711 38.155571 -81.0186462
v 220.423416 34.1637421 -100.21933
v 220.992508 34.1637421 -81.0140076
v 220.992508 38.155571 -81.0140076
v 220.423416 38.155571 -100.21933
v 219.324539 38.5555649 -100.540619
v 219.115311 38.5555649 -107.606781
v 218.969559 38.155571 -107.452484
v 219.179031 38.155571 -100.3862
v 219.026688 38.5555649 -100.18161
v 219.115311 38.5555649 -107.606781
v 219.324539 38.5555649 -100.540619
v 218.817459 38.5555649 -107.243988
v 209.802078 38.5555649 -106.976776
v 210.09993 38.5555649 -107.339569
v 209.790359 38.5555649 -107.37912
v 210.087723 38.5555649 -107.741791
v 200.576981 38.5555649 -107.106049
v 200.174393 38.5555649 -107.447845
v 210.087723 38.5555649 -107.741791
v 219.026688 42.9473915 -100.18161
v 218.817459 42.9473915 -107.243988
v 218.817459 38.5555649 -107.243988
v 219.026688 38.5555649 -100.18161
v 219.026688 42.9473915 -100.18161
v 219.650467 43.3473892 -100.800385
v 219.441238 43.3473892 -107.866669
v 218.817459 42.9473915 -107.243988
v 218.817459 42.9473915 -107.243988
v 209.802078 42.9473915 -106.976776
v 209.802078 38.5555649 -106.976776
v 218.817459 38.5555649 -107.243988
v 209.802078 42.9473915 -106.976776
v 209.790359 42.9473915 -107.37912
v 209.790359 38.5555649 -107.37912
v 209.802078 38.5555649 -106.976776
v 209.790359 42.9473915 -107.37912
v 200.576492 42.9473915 -107.105927
v 200.576981 38.5555649 -107.106049
v 209.790359 38.5555649 -107.37912
v 200.576492 42.9473915 -107.105927
v 200.588699 42.9473915 -106.703705
v 200.588699 38.5555649 -106.703705
v 200.576981 38.5555649 -107.106049
v 200.588699 42.9473915 -106.703705
v 191.351639 42.9473915 -106.429901
v 191.351639 38.5555649 -106.429901
v 200.588699 38.5555649 -106.703705
v 191.351639 42.9473915 -106.429901
v 191.514725 42.9473915 -99.5187683
v 191.514725 38.5555649 -99.5187683
v 191.351639 38.5555649 -106.429901
v 191.514725 42.9473915 -99.5187683
v 189.691971 42.9473915 -99.460907
v 189.691971 38.5555649 -99.460907
v 191.514725 38.5555649 -99.5187683
v 189.691971 42.9473915 -99.460907
v 190.26619 42.9473915 -80.1031189
v 190.26619 38.5555649 -80.1031189
v 189.691971 38.5555649 -99.460907
v 189.691971 42.9473915 -99.460907
v 189.032791 43.3473892 -100.04538
v 189.624344 43.3473892 -80.0840759
v 190.26619 42.9473915 -80.1031189
v 189.032791 43.3473892 -100.04538
v 189.032791 43.7473869 -100.04538
v 189.624344 43.7473869 -80.0840759
v 189.624344 43.3473892 -80.0840759
v 189.032791 43.7473869 -100.04538
v 194.201248 47.7433357 -96.2170105
v 194.675125 47.7433357 -80.2338562
v 189.624344 43.7473869 -80.0840759
v 219.115311 38.5555649 -107.606781
v 210.09993 38.5555649 -107.339569
v 209.954178 38.155571 -107.185272
v 218.969559 38.155571 -107.452484
v 209.942459 38.155571 -107.587616
v 209.954178 38.155571 -107.185272
v 210.09993 38.5555649 -107.339569
v 210.087723 38.5555649 -107.741791
v 210.087723 38.5555649 -107.741791
v 200.174393 38.5555649 -107.447845
v 200.328934 38.155571 -107.30246
v 209.942459 38.155571 -107.587616
v 200.174393 38.5555649 -107.447845
v 200.1866 38.5555649 -107.045624
v 200.340652 38.155571 -106.899994
v 200.328934 38.155571 -107.30246
v 200.1866 38.5555649 -107.045624
v 190.949295 38.5555649 -106.77182
v 191.103592 38.155571 -106.626434
v 200.340652 38.155571 -106.899994
v 190.949295 38.5555649 -106.77182
v 191.154373 38.5555649 -99.8581238
v 191.308914 38.155571 -99.712738
v 191.103592 38.155571 -106.626434
v 191.154373 38.5555649 -99.8581238
v 189.289871 38.5555649 -99.802948
v 189.444412 38.155571 -99.6574402
v 191.308914 38.155571 -99.712738
v 189.289871 38.5555649 -99.802948
v 189.874344 38.5555649 -80.0915222
v 190.024246 38.155571 -80.0959167
v 189.444412 38.155571 -99.6574402
v 189.691971 38.5555649 -99.460907
v 190.26619 38.5555649 -80.1031189
v 189.874344 38.5555649 -80.0915222
v 189.289871 38.5555649 -99.802948
v 191.514725 38.5555649 -99.5187683
v 189.691971 38.5555649 -99.460907
v 191.154373 38.5555649 -99.8581238
v 191.351639 38.5555649 -106.429901
v 191.514725 38.5555649 -99.5187683
v 191.154373 38.5555649 -99.8581238
v 190.949295 38.5555649 -106.77182
v 200.588699 38.5555649 -106.703705
v 200.1866 38.5555649 -107.045624
v 200.576981 38.5555649 -107.106049
v 200.174393 38.5555649 -107.447845
v 218.817459 38.155571 -107.243988
v 209.802322 38.155571 -106.98056
v 209.802322 34.1637421 -106.98056
v 218.817459 34.1637421 -107.243988
v 209.802322 38.155571 -106.98056
v 209.790359 38.155571 -107.37912
v 209.790359 34.1637421 -107.37912
v 209.802322 34.1637421 -106.98056
v 209.790359 38.155571 -107.37912
v 200.534744 38.155571 -107.10849
v 200.534744 34.1637421 -107.10849
v 209.790359 34.1637421 -107.37912
v 200.534744 38.155571 -107.10849
v 200.546463 38.155571 -106.706146
v 200.546463 34.1637421 -106.706146
v 200.534744 34.1637421 -107.10849
v 200.546463 38.155571 -106.706146
v 191.309647 38.155571 -106.43222
v 191.309647 34.1637421 -106.43222
v 200.546463 34.1637421 -106.706146
v 191.309647 38.155571 -106.43222
v 191.514725 38.155571 -99.5187683
v 191.514725 34.1637421 -99.5187683
v 191.309647 34.1637421 -106.43222
v 191.514725 38.155571 -99.5187683
v 189.691971 38.155571 -99.460907
v 189.691971 34.1637421 -99.460907
v 191.514725 34.1637421 -99.5187683
v 191.308914 38.155571 -99.712738
v 189.691971 38.155571 -99.460907
v 191.514725 38.155571 -99.5187683
v 189.444412 38.155571 -99.6574402
v 190.024246 38.155571 -80.0959167
v 190.26619 38.155571 -80.1031189
v 189.691971 38.155571 -99.460907
v 191.103592 38.155571 -106.626434
v 191.308914 38.155571 -99.712738
v 191.514725 38.155571 -99.5187683
v 191.309647 38.155571 -106.43222
v 200.340652 38.155571 -106.899994
v 200.546463 38.155571 -106.706146
v 200.328934 38.155571 -107.30246
v 200.340652 38.155571 -106.899994
v 200.534744 38.155571 -107.10849
v 209.942459 38.155571 -107.587616
v 200.534744 38.155571 -107.10849
v 209.790359 38.155571 -107.37912
v 209.954178 38.155571 -107.185272
v 209.790359 38.155571 -107.37912
v 209.802322 38.155571 -106.98056
v 218.817459 38.155571 -107.243988
v 218.969559 38.155571 -107.452484
v 219.179031 38.155571 -100.3862
v 219.027176 38.155571 -100.177948
v 219.157059 34.1637421 -107.604218
v 219.012039 33.7637405 -107.449921
v 219.221268 33.7637405 -100.383759
v 219.366776 34.1637421 -100.5383
v 219.366776 34.1637421 -100.5383
v 219.221268 33.7637405 -100.383759
v 220.617264 33.7637405 -100.42514
v 220.762772 34.1637421 -100.579681
v 219.221268 33.7637405 -100.383759
v 219.221268 33.3637466 -100.383759
v 220.617264 33.3637466 -100.42514
v 220.617264 33.7637405 -100.42514
v 219.221268 33.3637466 -100.383759
v 219.366776 33.3637466 -100.5383
v 220.762772 33.3637466 -100.579681
v 220.617264 33.3637466 -100.42514
v 221.198318 33.3637466 -80.8200378
v 221.352859 33.3637466 -80.6746521
v 220.220291 33.3637466 -80.7909851
v 220.374588 33.3637466 -80.6454773
v 219.366776 33.3637466 -100.5383
v 219.221268 32.9637604 -100.383759
v 220.617264 32.9637604 -100.42514
v 220.762772 33.3637466 -100.579681
v 219.221268 32.9637604 -100.383759
v 219.221268 29.9637985 -100.383759
v 220.617264 29.9637985 -100.425262
v 220.617264 32.9637604 -100.42514
v 201.601151 48.9348717 -101.31015
v 209.060623 48.9348717 -101.531464
v 209.060623 48.4591713 -101.531464
v 201.601151 48.4591713 -101.31015
v 201.517166 48.9348717 -104.137665
v 201.601151 48.9348717 -101.31015
v 201.601151 48.4591713 -101.31015
v 201.517166 48.4591713 -104.137665
v 208.976639 48.9348717 -104.358734
v 201.517166 48.9348717 -104.137665
v 201.517166 48.4591713 -104.137665
v 208.976639 48.4591637 -104.358734
v 209.060623 48.9348717 -101.531464
v 208.976639 48.9348717 -104.358734
v 208.976639 48.4591637 -104.358734
v 209.060623 48.4591713 -101.531464
v 201.601151 48.4591713 -101.31015
v 209.060623 48.4591713 -101.531464
v 209.633133 46.8129501 -100.431122
v 201.120682 46.8419647 -100.198334
v 190.691971 43.7473869 -107.014252
v 199.929031 43.7473869 -107.288177
v 201.329178 47.742054 -102.797699
v 195.859451 47.7433357 -102.637299
v 190.897293 43.7473869 -100.1008
v 190.691971 43.7473869 -107.014252
v 195.859451 47.7433357 -102.637299
v 196.033035 47.7433357 -96.2966003
v 189.032791 43.7473869 -100.04538
v 190.897293 43.7473869 -100.1008
v 196.033035 47.7433357 -96.2966003
v 194.201248 47.7433357 -96.2170105
v 189.032791 43.7473869 -100.04538
v 189.032791 43.3473892 -100.04538
v 190.897293 43.3473892 -100.1008
v 190.897293 43.7473869 -100.1008
v 190.897293 43.3473892 -100.1008
v 190.691971 43.3473892 -107.014252
v 190.691971 43.7473869 -107.014252
v 190.897293 43.7473869 -100.1008
v 190.691971 43.3473892 -107.014252
v 199.929031 43.3473892 -107.288177
v 199.929031 43.7473869 -107.288177
v 190.691971 43.7473869 -107.014252
v 191.514725 42.9473915 -99.5187683
v 191.351639 42.9473915 -106.429901
v 190.691971 43.3473892 -107.014252
v 190.897293 43.3473892 -100.1008
v 191.514725 42.9473915 -99.5187683
v 190.897293 43.3473892 -100.1008
v 189.032791 43.3473892 -100.04538
v 189.691971 42.9473915 -99.460907
v 191.351639 42.9473915 -106.429901
v 200.588699 42.9473915 -106.703705
v 199.929031 43.3473892 -107.288177
v 190.691971 43.3473892 -107.014252
v 200.588699 42.9473915 -106.703705
v 200.576492 42.9473915 -107.105927
v 199.917313 43.3473892 -107.690521
v 199.929031 43.3473892 -107.288177
v 209.790359 42.9473915 -107.37912
v 210.414139 43.3473892 -108.001678
v 199.917313 43.3473892 -107.690521
v 200.576492 42.9473915 -107.105927
v 199.917313 44.2473793 -107.690521
v 199.917313 43.3473892 -107.690521
v 210.414139 43.3473892 -108.001678
v 210.414139 44.2473793 -108.001678
v 219.012039 33.7637405 -107.449921
v 219.012039 33.3637466 -107.449921
v 219.221268 33.3637466 -100.383759
v 219.221268 33.7637405 -100.383759
v 219.012039 33.7637405 -107.449921
v 209.99617 33.7637405 -107.182465
v 209.99617 33.3637466 -107.182465
v 219.012039 33.3637466 -107.449921
v 209.99617 33.7637405 -107.182465
v 209.984207 33.7637405 -107.58493
v 209.984207 33.3637466 -107.58493
v 209.99617 33.3637466 -107.182465
v 209.984207 33.7637405 -107.58493
v 200.370682 33.7637405 -107.299896
v 200.370682 33.3637466 -107.299896
v 209.984207 33.3637466 -107.58493
v 200.370682 33.7637405 -107.299896
v 200.382889 33.7637405 -106.897675
v 200.382889 33.3637466 -106.897675
v 200.370682 33.3637466 -107.299896
v 200.382889 33.7637405 -106.897675
v 191.145828 33.7637405 -106.623871
v 191.145828 33.3637466 -106.623871
v 200.382889 33.3637466 -106.897675
v 191.145828 33.7637405 -106.623871
v 191.350662 33.7637405 -99.7101746
v 191.350662 33.3637466 -99.7101746
v 191.145828 33.3637466 -106.623871
v 191.350662 33.7637405 -99.7101746
v 189.48616 33.7637405 -99.6548767
v 189.48616 33.3637466 -99.6548767
v 191.350662 33.3637466 -99.7101746
v 189.48616 33.7637405 -99.6548767
v 190.065994 33.7637405 -80.0971375
v 190.071854 33.3637466 -79.8971863
v 189.48616 33.3637466 -99.6548767
v 190.071854 33.7637405 -79.8971863
v 190.975662 33.7637405 -79.9240417
v 190.975662 33.3637466 -79.9240417
v 190.071854 33.3637466 -79.8971863
v 190.975662 33.7637405 -79.9240417
v 191.071121 33.7637405 -76.7044373
v 191.071121 33.3637466 -76.7044373
v 190.975662 33.3637466 -79.9240417
v 191.071121 33.7637405 -76.7044373
v 197.860672 33.7637405 -76.9058533
v 197.860672 33.3637466 -76.9058533
v 191.071121 33.3637466 -76.7044373
v 197.860672 33.7637405 -76.9058533
v 198.064529 33.7637405 -70.0118103
v 198.064529 33.3637466 -70.0118103
v 197.860672 33.3637466 -76.9058533
v 198.064529 33.7637405 -70.0118103
v 213.778641 33.7637405 -70.4777527
v 213.778641 33.3637466 -70.4777527
v 198.064529 33.3637466 -70.0118103
v 213.778641 33.7637405 -70.4777527
v 213.60701 33.7637405 -76.2701111
v 213.60701 33.3637466 -76.2701111
v 213.778641 33.3637466 -70.4777527
v 213.60701 33.7637405 -76.2701111
v 216.570145 33.7637405 -76.3580017
v 216.570145 33.3637466 -76.3580017
v 213.60701 33.3637466 -76.2701111
v 216.570145 33.7637405 -76.3580017
v 216.546219 33.7637405 -77.1548767
v 216.546219 33.3637466 -77.1548767
v 216.570145 33.3637466 -76.3580017
v 216.546219 33.7637405 -77.1548767
v 220.325027 33.7637405 -77.2668152
v 220.325027 33.3637466 -77.2668152
v 216.546219 33.3637466 -77.1548767
v 220.325027 33.7637405 -77.2668152
v 220.220291 33.7637405 -80.7909851
v 220.220291 33.3637466 -80.7909851
v 220.325027 33.3637466 -77.2668152
v 220.220291 33.7637405 -80.7909851
v 221.198318 33.7637405 -80.8200378
v 221.198318 33.3637466 -80.8200378
v 220.220291 33.3637466 -80.7909851
v 221.192703 33.7637405 -81.0198669
v 220.617264 33.7637405 -100.42514
v 220.617264 33.3637466 -100.42514
v 221.198318 33.3637466 -80.8200378
v 220.617264 29.9637985 -100.425262
v 221.198318 29.9637985 -80.8200378
v 221.198318 32.9637604 -80.8200378
v 220.617264 32.9637604 -100.42514
v 221.198318 29.9637985 -80.8200378
v 220.220291 29.9637985 -80.7909851
v 220.220291 32.9637604 -80.7909851
v 221.198318 32.9637604 -80.8200378
v 220.220291 29.9637985 -80.7909851
v 220.325027 29.9637985 -77.2668152
v 220.325027 32.9637604 -77.2668152
v 220.220291 32.9637604 -80.7909851
v 220.325027 29.9637985 -77.2668152
v 216.546219 29.9637985 -77.1548767
v 216.546219 32.9637604 -77.1548767
v 220.325027 32.9637604 -77.2668152
v 216.546219 29.9637985 -77.1548767
v 216.570145 29.9637985 -76.3580017
v 216.570145 32.9637604 -76.3580017
v 216.546219 32.9637604 -77.1548767
v 216.570145 29.9637985 -76.3580017
v 213.60701 29.9637985 -76.2701111
v 213.60701 32.9637604 -76.2701111
v 216.570145 32.9637604 -76.3580017
v 213.60701 29.9637985 -76.2701111
v 213.778641 29.9637985 -70.4777527
v 213.778641 32.9637604 -70.4777527
v 213.60701 32.9637604 -76.2701111
v 213.778641 29.9637985 -70.4777527
v 198.064529 29.9637985 -70.0118103
v 198.064529 32.9637604 -70.0118103
v 213.778641 32.9637604 -70.4777527
v 198.064529 29.9637985 -70.0118103
v 197.860672 29.9637985 -76.9058533
v 197.860672 32.9637604 -76.9058533
v 198.064529 32.9637604 -70.0118103
v 197.860672 29.9637985 -76.9058533
v 191.071121 29.9637985 -76.7044373
v 191.071121 32.9637604 -76.7044373
v 197.860672 32.9637604 -76.9058533
v 191.071121 29.9637985 -76.7044373
v 190.975662 29.9637985 -79.9240417
v 190.975662 32.9637604 -79.9240417
v 191.071121 32.9637604 -76.7044373
v 190.975662 29.9637985 -79.9240417
v 190.071854 29.9637985 -79.8971863
v 190.071854 32.9637604 -79.8971863
v 190.975662 32.9637604 -79.9240417
v 190.071854 29.9637985 -79.8971863
v 189.48616 29.9637985 -99.6548767
v 189.48616 32.9637604 -99.6548767
v 190.071854 32.9637604 -79.8971863
v 189.48616 29.9637985 -99.6548767
v 191.350662 29.9637985 -99.7101746
v 191.350662 32.9637604 -99.7101746
v 189.48616 32.9637604 -99.6548767
v 191.350662 29.9637985 -99.7101746
v 191.145828 29.9637985 -106.623871
v 191.14534 32.9637604 -106.623749
v 191.350662 32.9637604 -99.7101746
v 191.145828 29.9637985 -106.623871
v 200.382889 29.9637985 -106.897675
v 200.382889 32.9637604 -106.897675
v 191.14534 32.9637604 -106.623749
v 200.382889 29.9637985 -106.897675
v 200.370682 29.9637985 -107.299896
v 200.370682 32.9637604 -107.299896
v 200.382889 32.9637604 -106.897675
v 200.370682 29.9637985 -107.299896
v 209.984207 29.9637985 -107.58493
v 209.984207 32.9637604 -107.58493
v 200.370682 32.9637604 -107.299896
v 209.984207 29.9637985 -107.58493
v 209.99617 29.9637985 -107.182465
v 209.99617 32.9637604 -107.182465
v 209.984207 32.9637604 -107.58493
v 209.99617 29.9637985 -107.182465
v 219.012039 29.9637985 -107.449921
v 219.012039 32.9637604 -107.449921
v 209.99617 32.9637604 -107.182465
v 219.012039 29.9637985 -107.449921
v 219.221268 29.9637985 -100.383759
v 219.221268 32.9637604 -100.383759
v 219.012039 32.9637604 -107.449921
v 200.382889 33.7637405 -106.897675
v 200.228104 34.1637421 -107.043304
v 190.991531 34.1637421 -106.769379
v 191.145828 33.7637405 -106.623871
v 200.382889 33.7637405 -106.897675
v 200.370682 33.7637405 -107.299896
v 200.215897 34.1637421 -107.445526
v 200.228104 34.1637421 -107.043304
v 200.370682 33.7637405 -107.299896
v 209.984207 33.7637405 -107.58493
v 210.129959 34.1637421 -107.739471
v 200.215897 34.1637421 -107.445526
v 209.984207 33.7637405 -107.58493
v 209.99617 33.7637405 -107.182465
v 210.141678 34.1637421 -107.337128
v 210.129959 34.1637421 -107.739471
v 209.99617 33.7637405 -107.182465
v 219.012039 33.7637405 -107.449921
v 219.157059 34.1637421 -107.604218
v 210.141678 34.1637421 -107.337128
v 189.691971 34.1637421 -99.460907
v 191.154373 34.1637421 -99.8581238
v 191.514725 34.1637421 -99.5187683
v 189.332108 34.1637421 -99.8005066
v 190.26619 34.1637421 -80.1031189
v 189.916336 34.1637421 -80.0927429
v 189.691971 34.1637421 -99.460907
v 191.154373 34.1637421 -99.8581238
v 189.332108 34.1637421 -99.8005066
v 189.48616 33.7637405 -99.6548767
v 191.350662 33.7637405 -99.7101746
v 191.154373 34.1637421 -99.8581238
v 191.350662 33.7637405 -99.7101746
v 191.145828 33.7637405 -106.623871
v 190.991531 34.1637421 -106.769379
v 189.691971 38.155571 -99.460907
v 190.26619 38.155571 -80.1031189
v 190.26619 34.1637421 -80.1031189
v 189.691971 34.1637421 -99.460907
v 189.926346 33.3637466 -79.7428894
v 190.830154 33.3637466 -79.7697449
v 190.975662 32.9637604 -79.9240417
v 190.071854 32.9637604 -79.8971863
v 190.830154 33.3637466 -79.7697449
v 190.925369 33.3637466 -76.5500183
v 191.071121 32.9637604 -76.7044373
v 190.975662 32.9637604 -79.9240417
v 190.975662 33.3637466 -79.9240417
v 191.071121 33.3637466 -76.7044373
v 190.925369 33.3637466 -76.5500183
v 190.830154 33.3637466 -79.7697449
v 190.071854 33.3637466 -79.8971863
v 190.975662 33.3637466 -79.9240417
v 190.830154 33.3637466 -79.7697449
v 189.926346 33.3637466 -79.7428894
v 189.48616 33.3637466 -99.6548767
v 189.332108 33.3637466 -99.8005066
v 191.196609 33.3637466 -99.8556824
v 191.350662 33.3637466 -99.7101746
v 190.925369 33.3637466 -76.5500183
v 197.715164 33.3637466 -76.7514343
v 197.860672 32.9637604 -76.9058533
v 191.071121 32.9637604 -76.7044373
v 191.071121 33.3637466 -76.7044373
v 197.860672 33.3637466 -76.9058533
v 197.715164 33.3637466 -76.7514343
v 190.925369 33.3637466 -76.5500183
v 197.715164 33.3637466 -76.7514343
v 197.91951 33.3637466 -69.8575134
v 198.064529 32.9637604 -70.0118103
v 197.860672 32.9637604 -76.9058533
v 197.860672 33.3637466 -76.9058533
v 197.91951 33.3637466 -69.8575134
v 197.715164 33.3637466 -76.7514343
v 198.064529 33.3637466 -70.0118103
v 213.933182 33.3637466 -70.3322449
v 213.778641 33.3637466 -70.4777527
v 213.761063 33.3637466 -76.1244812
v 213.60701 33.3637466 -76.2701111
v 197.91951 33.3637466 -69.8575134
v 213.933182 33.3637466 -70.3322449
v 213.778641 32.9637604 -70.4777527
v 198.064529 32.9637604 -70.0118103
v 213.933182 33.3637466 -70.3322449
v 213.761063 33.3637466 -76.1244812
v 213.60701 32.9637604 -76.2701111
v 213.778641 32.9637604 -70.4777527
v 213.761063 33.3637466 -76.1244812
v 216.723953 33.3637466 -76.2123718
v 216.570145 32.9637604 -76.3580017
v 213.60701 32.9637604 -76.2701111
v 216.723953 33.3637466 -76.2123718
v 216.700272 33.3637466 -77.0091248
v 216.546219 32.9637604 -77.1548767
v 216.570145 32.9637604 -76.3580017
v 216.700272 33.3637466 -77.0091248
v 220.479324 33.3637466 -77.1214294
v 220.325027 32.9637604 -77.2668152
v 216.546219 32.9637604 -77.1548767
v 220.479324 33.3637466 -77.1214294
v 220.374588 33.3637466 -80.6454773
v 220.220291 32.9637604 -80.7909851
v 220.325027 32.9637604 -77.2668152
v 220.374588 33.3637466 -80.6454773
v 221.352859 33.3637466 -80.6746521
v 221.198318 32.9637604 -80.8200378
v 220.220291 32.9637604 -80.7909851
v 221.352859 33.3637466 -80.6746521
v 220.762772 33.3637466 -100.579681
v 220.617264 32.9637604 -100.42514
v 221.198318 32.9637604 -80.8200378
v 221.342361 34.1637421 -81.0243835
v 220.762772 34.1637421 -100.579681
v 220.617264 33.7637405 -100.42514
v 221.192703 33.7637405 -81.0198669
v 221.198318 33.7637405 -80.8200378
v 220.220291 33.7637405 -80.7909851
v 220.014481 33.7637405 -80.9849548
v 221.192703 33.7637405 -81.0198669
v 220.119217 33.7637405 -77.4607849
v 220.014481 33.7637405 -80.9849548
v 220.220291 33.7637405 -80.7909851
v 220.325027 33.7637405 -77.2668152
v 220.325027 33.3637466 -77.2668152
v 220.220291 33.3637466 -80.7909851
v 220.374588 33.3637466 -80.6454773
v 220.479324 33.3637466 -77.1214294
v 216.546219 33.3637466 -77.1548767
v 220.325027 33.3637466 -77.2668152
v 220.479324 33.3637466 -77.1214294
v 216.700272 33.3637466 -77.0091248
v 216.570145 33.3637466 -76.3580017
v 216.546219 33.3637466 -77.1548767
v 216.700272 33.3637466 -77.0091248
v 216.723953 33.3637466 -76.2123718
v 213.60701 33.3637466 -76.2701111
v 213.761063 33.3637466 -76.1244812
v 189.48616 32.9637604 -99.6548767
v 191.350662 32.9637604 -99.7101746
v 191.196609 33.3637466 -99.8556824
v 189.332108 33.3637466 -99.8005066
v 191.350662 32.9637604 -99.7101746
v 191.14534 32.9637604 -106.623749
v 190.991531 33.3637466 -106.769379
v 191.196609 33.3637466 -99.8556824
v 191.14534 32.9637604 -106.623749
v 200.382889 32.9637604 -106.897675
v 200.228104 33.3637466 -107.043182
v 190.991531 33.3637466 -106.769379
v 200.382889 32.9637604 -106.897675
v 200.370682 32.9637604 -107.299896
v 200.216385 33.3637466 -107.445526
v 200.228104 33.3637466 -107.043182
v 200.370682 32.9637604 -107.299896
v 209.984207 32.9637604 -107.58493
v 210.129959 33.3637466 -107.739471
v 200.216385 33.3637466 -107.445526
v 209.984207 32.9637604 -107.58493
v 209.99617 32.9637604 -107.182465
v 210.141678 33.3637466 -107.337128
v 210.129959 33.3637466 -107.739471
v 209.99617 32.9637604 -107.182465
v 219.012039 32.9637604 -107.449921
v 219.157059 33.3637466 -107.604218
v 210.141678 33.3637466 -107.337128
v 219.012039 32.9637604 -107.449921
v 219.221268 32.9637604 -100.383759
v 219.366776 33.3637466 -100.5383
v 219.157059 33.3637466 -107.604218
v 219.221268 33.3637466 -100.383759
v 219.157059 33.3637466 -107.604218
v 219.366776 33.3637466 -100.5383
v 219.012039 33.3637466 -107.449921
v 210.141678 33.3637466 -107.337128
v 209.99617 33.3637466 -107.182465
v 210.129959 33.3637466 -107.739471
v 209.984207 33.3637466 -107.58493
v 200.216385 33.3637466 -107.445526
v 200.370682 33.3637466 -107.299896
v 200.228104 33.3637466 -107.043182
v 200.382889 33.3637466 -106.897675
v 190.991531 33.3637466 -106.769379
v 191.145828 33.3637466 -106.623871
v 191.196609 33.3637466 -99.8556824
v 191.350662 33.3637466 -99.7101746
v 189.332108 33.3637466 -99.8005066
v 189.926346 33.3637466 -79.7428894
v 190.071854 32.9637604 -79.8971863
v 189.48616 32.9637604 -99.6548767
v 190.065994 33.7637405 -80.0971375
v 191.169754 33.7637405 -80.1299744
v 190.975662 33.7637405 -79.9240417
v 190.071854 33.7637405 -79.8971863
v 189.332108 34.1637421 -99.8005066
v 189.916336 34.1637421 -80.0927429
v 190.065994 33.7637405 -80.0971375
v 189.48616 33.7637405 -99.6548767
v 191.071121 33.7637405 -76.7044373
v 191.264969 33.7637405 -76.9102478
v 198.05452 33.7637405 -77.1116638
v 197.860672 33.7637405 -76.9058533
v 191.071121 33.7637405 -76.7044373
v 190.975662 33.7637405 -79.9240417
v 191.169754 33.7637405 -80.1299744
v 191.264969 33.7637405 -76.9102478
v 191.264969 38.5555649 -76.9102478
v 191.264969 41.9636421 -76.9102478
v 197.413162 46.1220207 -77.0927429
v 197.413162 39.3959274 -77.0927429
v 191.264969 38.155571 -76.9102478
v 198.05452 38.5959396 -77.1116638
v 191.264969 33.7637405 -76.9102478
v 198.05452 33.7637405 -77.1116638
v 190.623611 42.363636 -76.8912048
v 195.808914 47.1061668 -77.0450134
v 190.623611 42.7636261 -76.8912048
v 191.169754 38.5555649 -80.1299744
v 191.169754 41.9636421 -80.1299744
v 191.264969 41.9636421 -76.9102478
v 191.264969 38.5555649 -76.9102478
v 191.169754 38.155571 -80.1299744
v 191.264969 38.155571 -76.9102478
v 191.169754 33.7637405 -80.1299744
v 191.264969 33.7637405 -76.9102478
v 221.300369 38.5555649 -81.0230408
v 220.720535 38.5555649 -100.582123
v 220.575027 38.155571 -100.427704
v 221.150711 38.155571 -81.0186462
v 201.517166 48.4591713 -104.137665
v 199.929031 43.7473869 -107.288177
v 210.426102 43.7473869 -107.599335
v 208.976639 48.4591637 -104.358734
v 197.860672 33.7637405 -76.9058533
v 198.05452 33.7637405 -77.1116638
v 198.258621 33.7637405 -70.2177429
v 198.064529 33.7637405 -70.0118103
v 213.778641 33.7637405 -70.4777527
v 213.57283 33.7637405 -70.6716003
v 213.60701 33.7637405 -76.2701111
v 213.401199 33.7637405 -76.4639587
v 198.05452 33.7637405 -77.1116638
v 198.05452 38.5959396 -77.1116638
v 198.258621 38.5959396 -70.2177429
v 198.258621 33.7637405 -70.2177429
v 198.05452 38.5959396 -77.1116638
v 197.413162 38.9959412 -77.0927429
v 197.63533 38.9959412 -69.5951843
v 198.258621 38.5959396 -70.2177429
v 197.413162 38.9959412 -77.0927429
v 197.413162 39.3959274 -77.0927429
v 197.63533 39.3959274 -69.5951843
v 197.63533 38.9959412 -69.5951843
v 214.232498 39.3959274 -70.0872498
v 197.63533 39.3959274 -69.5951843
v 202.843826 42.1316986 -74.3876648
v 208.748611 42.1316986 -74.5627136
v 197.360672 39.3959274 -78.8632507
v 213.957352 39.3959274 -79.3551941
v 208.748611 42.1316986 -74.5627136
v 202.843826 42.1316986 -74.3876648
v 191.169754 41.9636421 -80.1299744
v 190.528152 42.363636 -80.1109314
v 190.623611 42.363636 -76.8912048
v 191.264969 41.9636421 -76.9102478
v 190.528152 42.363636 -80.1109314
v 190.528152 42.7636261 -80.1109314
v 190.623611 42.7636261 -76.8912048
v 190.623611 42.363636 -76.8912048
v 190.528152 42.7636261 -80.1109314
v 195.722488 47.1008415 -80.2685242
v 195.808914 47.1061668 -77.0450134
v 190.623611 42.7636261 -76.8912048
v 189.916336 34.1637421 -80.0927429
v 190.26619 34.1637421 -80.1031189
v 191.169754 33.7637405 -80.1299744
v 190.065994 33.7637405 -80.0971375
v 190.024246 38.155571 -80.0959167
v 189.874344 38.5555649 -80.0915222
v 190.26619 38.5555649 -80.1031189
v 190.26619 38.155571 -80.1031189
v 191.169754 38.5555649 -80.1299744
v 191.169754 38.155571 -80.1299744
v 190.26619 34.1637421 -80.1031189
v 191.169754 33.7637405 -80.1299744
v 191.169754 41.9636421 -80.1299744
v 190.26619 38.5555649 -80.1031189
v 190.528152 42.363636 -80.1109314
v 190.528152 42.7636261 -80.1109314
v 190.26619 42.9473915 -80.1031189
v 189.624344 43.3473892 -80.0840759
v 189.624344 43.7473869 -80.0840759
v 194.675125 47.7433357 -80.2338562
v 195.722488 47.1008415 -80.2685242
v 210.426102 43.3473892 -107.599335
v 219.441238 43.3473892 -107.866669
v 219.441238 43.7473869 -107.866669
v 210.426102 43.7473869 -107.599335
v 194.201248 47.7433357 -96.2170105
v 200.865311 43.7473869 -91.2808533
v 201.230301 43.7473869 -78.9779968
v 195.722488 47.1008415 -80.2685242
v 194.675125 47.7433357 -80.2338562
v 197.360672 46.1220207 -78.8632507
v 195.808914 47.1061668 -77.0450134
v 197.413162 46.1220207 -77.0927429
v 201.230301 43.7473869 -78.9779968
v 200.865311 43.7473869 -91.2808533
v 200.865311 43.3473892 -91.2808533
v 201.230301 43.3473892 -78.9779968
v 200.865311 43.7473869 -91.2808533
v 209.998856 43.7473869 -91.5516052
v 209.998856 43.3473892 -91.5516052
v 200.865311 43.3473892 -91.2808533
v 200.223953 42.9473915 -91.2618103
v 210.640457 42.9473915 -91.5705261
v 198.258621 38.5959396 -70.2177429
v 213.57283 38.5959396 -70.6716003
v 213.57283 33.7637405 -70.6716003
v 198.258621 33.7637405 -70.2177429
v 213.57283 38.5959396 -70.6716003
v 213.401199 38.5959396 -76.4639587
v 213.401199 33.7637405 -76.4639587
v 213.57283 33.7637405 -70.6716003
v 216.340408 46.2928848 -77.3488464
v 220.119217 41.9636421 -77.4607849
v 220.119217 33.7637405 -77.4607849
v 216.340408 33.7637405 -77.3488464
v 220.325027 33.7637405 -77.2668152
v 216.546219 33.7637405 -77.1548767
v 216.340408 33.7637405 -77.3488464
v 220.119217 33.7637405 -77.4607849
v 216.546219 33.7637405 -77.1548767
v 216.570145 33.7637405 -76.3580017
v 216.364334 33.7637405 -76.5519714
v 216.340408 33.7637405 -77.3488464
v 216.570145 33.7637405 -76.3580017
v 213.60701 33.7637405 -76.2701111
v 213.401199 33.7637405 -76.4639587
v 216.364334 33.7637405 -76.5519714
v 220.014481 38.155571 -80.9849548
v 220.992508 34.1637421 -81.0140076
v 220.014481 33.7637405 -80.9849548
v 220.992508 38.155571 -81.0140076
v 220.992508 38.5555649 -81.0140076
v 220.014481 41.9636421 -80.9849548
v 220.655838 42.363636 -81.0039978
v 220.992508 42.9473915 -81.0140076
v 221.300369 38.5555649 -81.0230408
v 220.992508 38.155571 -81.0140076
v 221.150711 38.155571 -81.0186462
v 207.31575 43.7473869 -107.50705
v 206.689041 44.2473793 -107.488495
v 203.665604 44.2473793 -107.398895
v 203.039139 43.7473869 -107.380341
v 221.634109 43.7473869 -81.0331726
v 220.655838 42.7636261 -81.0039978
v 215.470291 46.9083557 -80.8501892
v 216.83284 47.7433357 -80.8908386
v 200.865311 43.3473892 -91.2808533
v 200.223953 42.9473915 -91.2618103
v 200.588455 42.9473915 -78.9589539
v 201.230301 43.3473892 -78.9779968
v 200.206131 42.9473915 -91.865448
v 200.223953 42.9473915 -91.2618103
v 210.640457 42.9473915 -91.5705261
v 210.622635 42.9473915 -92.1741638
v 214.232498 39.3959274 -70.0872498
v 214.232498 38.9959412 -70.0872498
v 197.63533 38.9959412 -69.5951843
v 197.63533 39.3959274 -69.5951843
v 214.232498 38.9959412 -70.0872498
v 213.57283 38.5959396 -70.6716003
v 198.217117 38.5959396 -70.212738
v 197.63533 38.9959412 -69.5951843
v 214.232498 38.9959412 -70.0872498
v 213.957352 38.9959412 -79.3551941
v 213.401199 38.5959396 -76.4639587
v 213.57283 38.5959396 -70.6716003
v 214.232498 39.3959274 -70.0872498
v 213.957352 39.3959274 -79.3551941
v 213.957352 38.9959412 -79.3551941
v 214.232498 38.9959412 -70.0872498
v 210.622635 39.3959274 -92.1741638
v 200.206131 42.9473915 -91.865448
v 210.622635 42.9473915 -92.1741638
v 200.206131 39.3959274 -91.865448
v 210.622635 29.9637985 -92.1741638
v 200.206131 29.9637985 -91.865448
v 206.292557 46.4985771 -107.476776
v 206.359695 46.4985771 -105.211884
v 206.100174 46.4985771 -105.204193
v 206.032791 46.4985771 -107.468964
v 206.032791 46.1865005 -107.468964
v 206.100174 46.1865005 -105.204193
v 206.359695 46.4985771 -105.211884
v 206.292557 46.4985771 -107.476776
v 204.208328 45.0774231 -107.415131
v 204.236649 45.0774231 -106.452118
v 203.677078 44.2473793 -107.009979
v 203.665604 44.2473793 -107.398895
v 206.032791 46.4985771 -107.468964
v 206.100174 46.4985771 -105.204193
v 205.749344 46.9282303 -105.193817
v 205.681961 46.9282303 -107.45871
v 206.146805 45.0774231 -107.472504
v 206.175125 45.0774231 -106.509613
v 206.100174 46.1865005 -105.204193
v 206.032791 46.1865005 -107.468964
v 205.681961 46.9282303 -107.45871
v 205.749344 46.9282303 -105.193817
v 205.244705 47.0876427 -105.178802
v 205.177567 47.0876427 -107.443817
v 206.689041 44.2473793 -107.488495
v 207.219559 43.8332443 -107.11496
v 206.175125 45.0774231 -106.509613
v 206.146805 45.0774231 -107.472504
v 205.177567 47.0876427 -107.443817
v 205.244705 47.0876427 -105.178802
v 204.740067 46.9282303 -105.16391
v 204.672928 46.9282303 -107.42868
v 204.672928 46.9282303 -107.42868
v 204.740067 46.9282303 -105.16391
v 204.388748 46.4985771 -105.15329
v 204.322342 46.4985771 -107.418304
v 204.322342 46.4985771 -107.418304
v 204.388748 46.4985771 -105.15329
v 204.129715 46.4985771 -105.145844
v 204.062332 46.4985771 -107.410736
v 204.062332 46.4985771 -107.410736
v 204.129715 46.4985771 -105.145844
v 204.388748 46.1865005 -105.15329
v 204.322342 46.1865005 -107.418304
v 204.322342 46.1865005 -107.418304
v 204.388748 46.1865005 -105.15329
v 204.236649 45.0774231 -106.452118
v 204.208328 45.0774231 -107.415131
v 204.208328 45.0774231 -107.415131
v 203.665604 44.2473793 -107.398895
v 206.689041 44.2473793 -107.488495
v 206.146805 45.0774231 -107.472504
v 204.322342 46.1865005 -107.418304
v 204.208328 45.0774231 -107.415131
v 206.146805 45.0774231 -107.472504
v 206.032791 46.1865005 -107.468964
v 206.032791 46.4985771 -107.468964
v 204.322342 46.4985771 -107.418304
v 204.322342 46.1865005 -107.418304
v 206.032791 46.1865005 -107.468964
v 206.032791 46.4985771 -107.468964
v 204.672928 46.9282303 -107.42868
v 204.322342 46.4985771 -107.418304
v 205.681961 46.9282303 -107.45871
v 205.177567 47.0876427 -107.443817
v 197.360672 46.1220207 -78.8632507
v 197.360672 39.3959274 -78.8632507
v 197.413162 39.3959274 -77.0927429
v 197.413162 46.1220207 -77.0927429
v 210.640457 42.9473915 -91.5705261
v 211.004959 42.9473915 -79.2676697
v 211.004959 39.3959274 -79.2676697
v 210.622635 42.9473915 -92.1741638
v 210.622635 39.3959274 -92.1741638
v 210.622635 29.9637985 -92.1741638
v 211.02327 39.3959274 -78.6643982
v 211.02327 29.9637985 -78.6643982
v 200.223953 29.9637985 -91.2618103
v 200.206131 39.3959274 -91.865448
v 200.206131 29.9637985 -91.865448
v 200.588455 39.3959274 -78.9589539
v 200.206131 42.9473915 -91.865448
v 200.223953 42.9473915 -91.2618103
v 200.588455 42.9473915 -78.9589539
v 200.606766 39.3959274 -78.3555603
v 200.606766 29.9637985 -78.3555603
v 197.360672 46.1220207 -78.8632507
v 200.588455 42.9473915 -78.9589539
v 200.588455 39.3959274 -78.9589539
v 197.360672 39.3959274 -78.8632507
v 197.360672 46.1220207 -78.8632507
v 201.230301 43.7473869 -78.9779968
v 201.230301 43.3473892 -78.9779968
v 200.588455 42.9473915 -78.9589539
v 213.994949 45.9242134 -76.4819031
v 215.598953 46.9083557 -76.5292664
v 216.364334 46.2928848 -76.5519714
v 213.994949 38.9959412 -76.4819031
v 216.364334 33.7637405 -76.5519714
v 213.401199 38.5959396 -76.4639587
v 213.401199 33.7637405 -76.4639587
v 216.364334 46.2928848 -76.5519714
v 216.340408 46.2928848 -77.3488464
v 216.340408 33.7637405 -77.3488464
v 216.364334 33.7637405 -76.5519714
v 215.598953 46.9083557 -76.5292664
v 216.340408 46.2928848 -77.3488464
v 216.364334 46.2928848 -76.5519714
v 215.470291 46.9083557 -80.8501892
v 220.760574 42.7636261 -77.4798279
v 220.655838 42.7636261 -81.0039978
v 211.004959 39.3959274 -79.2676697
v 211.004959 42.9473915 -79.2676697
v 213.909256 45.9233742 -79.3772888
v 213.957352 39.3959274 -79.3551941
v 220.760574 42.7636261 -77.4798279
v 220.760574 42.363636 -77.4798279
v 220.119217 41.9636421 -77.4607849
v 216.340408 46.2928848 -77.3488464
v 210.363602 43.7473869 -79.2487488
v 213.909256 45.9233742 -79.3772888
v 211.004959 42.9473915 -79.2676697
v 210.363602 43.3473892 -79.2487488
v 200.606766 39.3959274 -78.3555603
v 200.606766 29.9637985 -78.3555603
v 211.02327 29.9637985 -78.6643982
v 211.02327 39.3959274 -78.6643982
v 210.414139 44.2473793 -108.001678
v 210.426102 44.2473793 -107.599335
v 199.929031 44.2473793 -107.288177
v 199.917313 44.2473793 -107.690521
v 199.917313 44.2473793 -107.690521
v 199.929031 44.2473793 -107.288177
v 199.929031 43.3473892 -107.288177
v 199.917313 43.3473892 -107.690521
v 210.414139 43.3473892 -108.001678
v 210.426102 43.3473892 -107.599335
v 210.426102 44.2473793 -107.599335
v 210.414139 44.2473793 -108.001678
v 210.426102 44.2473793 -107.599335
v 210.426102 43.3473892 -107.599335
v 199.929031 43.3473892 -107.288177
v 199.929031 44.2473793 -107.288177
v 526.25592 38.5899353 -122.040253
v 526.25592 48.1749763 -122.040253
v 467.46051 48.1749763 -123.532074
v 467.46051 38.5899353 -123.532074
v 524.981262 48.1749763 -71.7881775
v 524.981262 38.5899353 -71.7881775
v 505.47345 38.5899353 -72.2831726
v 505.47345 41.9561615 -72.2831726
v 466.079163 48.1749763 -73.2828064
v 497.751526 41.9561615 -72.4141541
v 466.079163 38.5899353 -73.2828064
v 497.751526 41.9561615 -72.4141541
v 499.329895 38.5899353 -72.4391785
v 466.079163 48.1749763 -73.2828064
v 466.079163 38.5899353 -73.2828064
v 466.16095 38.5899353 -76.4959412
v 466.16095 46.2842674 -76.4959412
v 466.495422 48.1749763 -88.5485535
v 466.495422 46.2842674 -88.5485535
v 525.270081 38.5899353 -121.103119
v 468.397522 38.5899353 -122.546234
v 468.397522 30.0300903 -122.546234
v 525.270081 30.0300903 -121.103119
v 525.270081 30.0300903 -121.103119
v 524.043762 30.0300903 -72.7740173
v 524.043762 38.5899353 -72.7740173
v 525.270081 38.5899353 -121.103119
v 524.043762 30.0300903 -72.7740173
v 505.49762 30.0300903 -73.2448425
v 505.49762 38.5899353 -73.2448425
v 524.043762 38.5899353 -72.7740173
v 487.270813 57.792778 -107.508026
v 486.78302 57.792778 -88.2789001
v 486.78302 48.1749763 -88.2789001
v 487.270813 48.1749763 -107.508026
v 486.78302 57.792778 -88.2789001
v 504.089661 48.1749763 -87.8396912
v 486.78302 48.1749763 -88.2789001
v 504.089661 50.8679581 -87.8396912
v 504.089661 57.792778 -87.8396912
v 487.270813 57.792778 -107.508026
v 487.270813 48.1749763 -107.508026
v 504.577209 48.1749763 -107.068939
v 504.577209 50.8679581 -107.068939
v 504.577209 57.792778 -107.068939
v 486.78302 57.792778 -88.2789001
v 487.270813 57.792778 -107.508026
v 504.577209 57.792778 -107.068939
v 504.089661 57.792778 -87.8396912
v 510.121399 50.8679581 -117.030243
v 510.073059 50.8679581 -115.107391
v 510.073059 48.1749763 -115.107391
v 510.121399 48.1749763 -117.030243
v 510.073059 50.8679581 -115.107391
v 504.784729 50.8679581 -115.241669
v 504.784729 48.1749763 -115.241669
v 510.073059 48.1749763 -115.107391
v 510.073059 50.8679581 -115.107391
v 504.577209 50.8679581 -107.068939
v 504.784729 50.8679581 -115.241669
v 509.169983 50.8679581 -79.5329285
v 504.089661 50.8679581 -87.8396912
v 503.881897 50.8679581 -79.6670837
v 514.448059 50.8679581 -116.920502
v 510.121399 50.8679581 -117.030243
v 513.448059 50.8679581 -77.5003357
v 509.121399 50.8679581 -77.6100769
v 510.121399 48.1749763 -117.030243
v 514.448059 48.1749763 -116.920502
v 514.448059 50.8679581 -116.920502
v 510.121399 50.8679581 -117.030243
v 513.448059 48.1749763 -77.5003357
v 509.121399 48.1749763 -77.6100769
v 509.121399 50.8679581 -77.6100769
v 513.448059 50.8679581 -77.5003357
v 509.121399 48.1749763 -77.6100769
v 509.169983 48.1749763 -79.5329285
v 509.169983 50.8679581 -79.5329285
v 509.121399 50.8679581 -77.6100769
v 509.169983 48.1749763 -79.5329285
v 503.881897 48.1749763 -79.6670837
v 503.881897 50.8679581 -79.6670837
v 509.169983 50.8679581 -79.5329285
v 504.089661 50.8679581 -87.8396912
v 503.881897 50.8679581 -79.6670837
v 503.881897 48.1749763 -79.6670837
v 504.089661 48.1749763 -87.8396912
v 462.54425 46.2842674 -104.351288
v 464.56427 46.2842674 -106.690887
v 464.56427 48.1749763 -106.690887
v 462.54425 48.1749763 -104.351288
v 461.243469 46.2842674 -101.547333
v 462.54425 46.2842674 -104.351288
v 462.54425 48.1749763 -104.351288
v 461.243469 48.1749763 -101.547333
v 461.243469 48.1749763 -101.547333
v 460.764709 48.1749763 -98.6093445
v 460.764709 46.2842674 -98.6093445
v 461.243469 46.2842674 -101.547333
v 462.222961 46.2842674 -92.7775574
v 461.079895 46.2842674 -95.6492615
v 461.079895 48.1749763 -95.6492615
v 462.222961 48.1749763 -92.7775574
v 464.110168 46.2842674 -90.3294373
v 462.222961 46.2842674 -92.7775574
v 462.222961 48.1749763 -92.7775574
v 464.110168 48.1749763 -90.3294373
v 466.495422 46.2842674 -88.5485535
v 464.110168 46.2842674 -90.3294373
v 464.110168 48.1749763 -90.3294373
v 466.495422 48.1749763 -88.5485535
v 461.079895 46.2842674 -95.6492615
v 460.764709 46.2842674 -98.6093445
v 460.764709 48.1749763 -98.6093445
v 461.079895 48.1749763 -95.6492615
v 464.56427 46.2842674 -106.690887
v 467.044983 46.2842674 -108.336639
v 467.044983 48.1749763 -108.336639
v 464.56427 48.1749763 -106.690887
v 467.044983 46.2842674 -108.336639
v 467.46051 48.1749763 -123.532074
v 467.044983 48.1749763 -108.336639
v 467.393616 46.2842674 -120.891571
v 467.393616 38.5899353 -120.891571
v 467.46051 38.5899353 -123.532074
v 510.121399 48.1749763 -117.030243
v 510.073059 48.1749763 -115.107391
v 504.784729 48.1749763 -115.241669
v 467.46051 48.1749763 -123.532074
v 526.25592 48.1749763 -122.040253
v 514.448059 48.1749763 -116.920502
v 513.448059 48.1749763 -77.5003357
v 524.981262 48.1749763 -71.7881775
v 509.121399 48.1749763 -77.6100769
v 466.079163 48.1749763 -73.2828064
v 509.169983 48.1749763 -79.5329285
v 503.881897 48.1749763 -79.6670837
v 487.270813 48.1749763 -107.508026
v 504.577209 48.1749763 -107.068939
v 470.028381 48.1749763 -98.3249207
v 467.044983 48.1749763 -108.336639
v 464.56427 48.1749763 -106.690887
v 462.54425 48.1749763 -104.351288
v 461.243469 48.1749763 -101.547333
v 460.764709 48.1749763 -98.6093445
v 461.079895 48.1749763 -95.6492615
v 462.222961 48.1749763 -92.7775574
v 464.110168 48.1749763 -90.3294373
v 466.495422 48.1749763 -88.5485535
v 486.78302 48.1749763 -88.2789001
v 504.089661 48.1749763 -87.8396912
v 514.448059 48.1749763 -116.920502
v 513.448059 48.1749763 -77.5003357
v 513.448059 50.8679581 -77.5003357
v 514.448059 50.8679581 -116.920502
v 526.25592 48.1749763 -122.040253
v 526.25592 38.5899353 -122.040253
v 524.981262 38.5899353 -71.7881775
v 524.981262 48.1749763 -71.7881775
v 468.330383 38.5899353 -119.905731
v 468.397522 38.5899353 -122.546234
v 467.46051 38.5899353 -123.532074
v 467.393616 38.5899353 -120.891571
v 526.25592 38.5899353 -122.040253
v 467.46051 38.5899353 -123.532074
v 468.397522 38.5899353 -122.546234
v 525.270081 38.5899353 -121.103119
v 504.784729 50.8679581 -115.241669
v 504.577209 50.8679581 -107.068939
v 504.577209 48.1749763 -107.068939
v 504.784729 48.1749763 -115.241669
v 505.47345 38.5899353 -72.2831726
v 524.981262 38.5899353 -71.7881775
v 524.043762 38.5899353 -72.7740173
v 505.49762 38.5899353 -73.2448425
v 524.981262 38.5899353 -71.7881775
v 526.25592 38.5899353 -122.040253
v 525.270081 38.5899353 -121.103119
v 504.089661 57.792778 -87.8396912
v 504.577209 57.792778 -107.068939
v 504.577209 50.8679581 -107.068939
v 504.089661 50.8679581 -87.8396912
v 467.393616 46.2842674 -120.891571
v 442.576477 46.2842674 -121.521332
v 442.576477 38.5899353 -121.521332
v 467.393616 38.5899353 -120.891571
v 442.576477 46.2842674 -121.521332
v 442.552063 39.551712 -120.559662
v 442.576477 38.5899353 -121.521332
v 442.552063 45.3224869 -120.559662
v 442.576477 46.2842674 -121.521332
v 441.449768 46.2842674 -77.1228943
v 441.474426 45.3224869 -78.0844421
v 441.474426 45.3224869 -78.0844421
v 441.449768 38.5899353 -77.1228943
v 441.474426 39.551712 -78.0844421
v 442.552063 45.3224869 -120.559662
v 443.513245 45.3224869 -120.53537
v 443.513245 39.551712 -120.53537
v 442.552063 39.551712 -120.559662
v 443.513245 45.3224869 -120.53537
v 442.435852 45.3224869 -78.0600281
v 442.435852 39.551712 -78.0600281
v 443.513245 39.551712 -120.53537
v 442.435852 45.3224869 -78.0600281
v 441.474426 45.3224869 -78.0844421
v 441.474426 39.551712 -78.0844421
v 442.435852 39.551712 -78.0600281
v 466.16095 38.5899353 -76.4959412
v 441.449768 38.5899353 -77.1228943
v 441.449768 46.2842674 -77.1228943
v 466.16095 46.2842674 -76.4959412
v 442.576477 38.5899353 -121.521332
v 442.552063 39.551712 -120.559662
v 441.474426 39.551712 -78.0844421
v 441.449768 38.5899353 -77.1228943
v 468.397522 38.5899353 -122.546234
v 468.330383 38.5899353 -119.905731
v 468.330383 30.0300903 -119.905731
v 468.397522 30.0300903 -122.546234
v 468.330383 38.5899353 -119.905731
v 447.499817 38.5899353 -120.434296
v 447.499817 30.0300903 -120.434296
v 468.330383 30.0300903 -119.905731
v 499.353821 30.0300903 -73.4006042
v 467.065002 30.0300903 -74.2198181
v 467.065002 38.5899353 -74.2198181
v 499.353821 38.5899353 -73.4006042
v 467.065002 30.0300903 -74.2198181
v 467.14679 30.0300903 -77.4329529
v 467.14679 38.5899353 -77.4329529
v 467.065002 38.5899353 -74.2198181
v 467.14679 30.0300903 -77.4329529
v 446.422424 30.0300903 -77.9588318
v 446.422424 38.5899353 -77.9588318
v 467.14679 38.5899353 -77.4329529
v 447.499817 30.0300903 -120.434296
v 447.499817 38.5899353 -120.434296
v 446.422424 38.5899353 -77.9588318
v 446.422424 30.0300903 -77.9588318
v 436.679016 30.0300903 -121.909271
v 447.854065 30.0300903 -123.454559
v 447.854065 34.3581009 -123.454559
v 436.679016 34.3581009 -121.909271
v 435.576965 30.0300903 -78.4759216
v 435.576965 33.0312881 -78.4759216
v 437.715637 34.3581009 -78.0175476
v 437.715637 30.0300903 -78.0175476
v 437.715637 30.0300903 -78.0175476
v 437.715637 34.3581009 -78.0175476
v 437.699524 34.3581009 -77.3739929
v 437.699524 30.0300903 -77.3739929
v 435.576965 33.0312881 -78.4759216
v 435.576965 30.0300903 -78.4759216
v 436.679016 30.0300903 -121.909271
v 436.476379 33.0312881 -113.920502
v 436.679016 34.3581009 -121.909271
v 436.476379 34.3581009 -113.920502
v 436.679016 30.0300903 -121.909271
v 447.854065 34.3581009 -123.454559
v 436.476379 34.3581009 -113.920502
v 436.679016 34.3581009 -121.909271
v 438.615051 34.3581009 -113.461884
v 447.776428 34.3581009 -120.38559
v 437.715637 34.3581009 -78.0175476
v 446.699768 34.3581009 -77.9517517
v 437.715637 34.3581009 -78.0175476
v 446.67926 34.3581009 -77.1462097
v 437.699524 34.3581009 -77.3739929
v 437.699524 30.0300903 -77.3739929
v 437.699524 34.3581009 -77.3739929
v 446.67926 34.3581009 -77.1462097
v 446.67926 30.0300903 -77.1462097
v 446.67926 30.0300903 -77.1462097
v 446.67926 34.3581009 -77.1462097
v 446.699768 34.3581009 -77.9517517
v 446.699768 30.0300903 -77.9517517
v 467.044983 46.2842674 -108.336639
v 442.576477 46.2842674 -121.521332
v 467.393616 46.2842674 -120.891571
v 464.56427 46.2842674 -106.690887
v 462.54425 46.2842674 -104.351288
v 461.243469 46.2842674 -101.547333
v 460.764709 46.2842674 -98.6093445
v 441.449768 46.2842674 -77.1228943
v 461.079895 46.2842674 -95.6492615
v 462.222961 46.2842674 -92.7775574
v 464.110168 46.2842674 -90.3294373
v 466.16095 46.2842674 -76.4959412
v 466.495422 46.2842674 -88.5485535
v 442.552063 39.551712 -120.559662
v 443.513245 39.551712 -120.53537
v 442.435852 39.551712 -78.0600281
v 441.474426 39.551712 -78.0844421
v 437.715637 34.3581009 -78.0175476
v 435.576965 33.0312881 -78.4759216
v 436.476379 33.0312881 -113.920502
v 438.615051 34.3581009 -113.461884
v 447.854065 34.3581009 -123.454559
v 447.854065 30.0300903 -123.454559
v 447.776428 30.0300903 -120.38559
v 447.776428 34.3581009 -120.38559
v 552.867004 50.1312943 -24.3188152
v 497.525208 50.1312943 -61.115078
v 497.525208 41.9561615 -61.115078
v 505.062805 41.9561615 -56.1037254
v 552.867004 30.0300903 -24.3188152
v 505.062805 30.0300903 -56.1037254
v 487.229309 50.1312943 -45.6297264
v 497.525208 41.9561615 -61.115078
v 497.525208 50.1312943 -61.115078
v 489.382385 41.9561615 -48.8680077
v 487.229309 30.0300903 -45.6297264
v 489.382385 30.0300903 -48.8680077
v 542.571106 50.1312943 -8.83370686
v 542.571106 30.0300903 -8.83370686
v 487.229309 30.0300903 -45.6297264
v 487.229309 50.1312943 -45.6297264
v 489.382385 30.0300903 -48.8680077
v 488.981995 30.0300903 -49.134243
v 488.981995 41.9561615 -49.134243
v 489.382385 41.9561615 -48.8680077
v 552.867004 30.0300903 -24.3188152
v 542.571106 30.0300903 -8.83370686
v 542.571106 50.1312943 -8.83370686
v 552.867004 50.1312943 -24.3188152
v 499.329895 38.5899353 -72.4391785
v 497.751526 41.9561615 -72.4141541
v 497.751526 30.0300903 -72.4141541
v 499.327698 30.0300903 -72.3742371
v 497.751526 41.9561615 -72.4141541
v 497.541077 30.0300903 -64.1126404
v 497.751526 30.0300903 -72.4141541
v 497.541077 41.9561615 -64.1126404
v 497.476868 30.0300903 -62.9025536
v 497.476868 41.9561615 -62.9025536
v 497.228821 30.0300903 -61.7687645
v 497.476868 30.0300903 -62.9025536
v 497.476868 41.9561615 -62.9025536
v 497.228821 41.9561615 -61.7687645
v 496.894592 30.0300903 -61.0564842
v 497.228821 30.0300903 -61.7687645
v 497.228821 41.9561615 -61.7687645
v 496.894592 41.9561615 -61.0564842
v 496.894592 41.9561615 -61.0564842
v 488.981995 41.9561615 -49.134243
v 488.981995 30.0300903 -49.134243
v 496.894592 30.0300903 -61.0564842
v 505.062805 30.0300903 -56.1037254
v 505.49762 38.5899353 -73.2448425
v 505.49762 30.0300903 -73.2448425
v 505.47345 38.5899353 -72.2831726
v 505.47345 41.9561615 -72.2831726
v 505.062805 41.9561615 -56.1037254
v 466.079163 38.5899353 -73.2828064
v 499.329895 38.5899353 -72.4391785
v 499.353821 38.5899353 -73.4006042
v 467.065002 38.5899353 -74.2198181
v 499.353821 38.5899353 -73.4006042
v 499.329895 38.5899353 -72.4391785
v 499.327698 30.0300903 -72.3742371
v 499.353821 30.0300903 -73.4006042
v 487.229309 50.1312943 -45.6297264
v 497.525208 50.1312943 -61.115078
v 552.867004 50.1312943 -24.3188152
v 542.571106 50.1312943 -8.83370686
v 496.894592 41.9561615 -61.0564842
v 497.228821 41.9561615 -61.7687645
v 497.525208 41.9561615 -61.115078
v 489.382385 41.9561615 -48.8680077
v 488.981995 41.9561615 -49.134243
v 497.228821 41.9561615 -61.7687645
v 497.476868 41.9561615 -62.9025536
v 497.525208 41.9561615 -61.115078
v 505.062805 41.9561615 -56.1037254
v 497.541077 41.9561615 -64.1126404
v 505.47345 41.9561615 -72.2831726
v 497.751526 41.9561615 -72.4141541
v 443.513245 45.3224869 -120.53537
v 442.552063 45.3224869 -120.559662
v 441.474426 45.3224869 -78.0844421
v 442.435852 45.3224869 -78.0600281
v 444.345764 38.5899353 -114.513031
v 444.345764 34.7428131 -114.513031
v 444.334045 34.7428131 -114.032562
v 444.334045 38.5899353 -114.032562
v 443.86554 34.7428131 -114.52536
v 442.880676 38.5899353 -114.550385
v 442.868469 38.5899353 -114.069794
v 443.853333 34.7428131 -114.044647
v 442.868469 38.5899353 -114.069794
v 444.334045 38.5899353 -114.032562
v 444.334045 34.7428131 -114.032562
v 443.853333 34.7428131 -114.044647
v 443.86554 34.7428131 -114.52536
v 444.345764 34.7428131 -114.513031
v 444.345764 38.5899353 -114.513031
v 442.880676 38.5899353 -114.550385
v 444.498108 38.5899353 -120.510468
v 444.498108 34.7428131 -120.510468
v 444.486389 34.7428131 -120.029877
v 444.486389 38.5899353 -120.029877
v 444.017639 34.7428131 -120.522797
v 443.032776 38.5899353 -120.547699
v 443.020813 38.5899353 -120.067108
v 444.005188 34.7428131 -120.041962
v 443.020813 38.5899353 -120.067108
v 444.486389 38.5899353 -120.029877
v 444.486389 34.7428131 -120.029877
v 444.005188 34.7428131 -120.041962
v 444.017639 34.7428131 -120.522797
v 444.498108 34.7428131 -120.510468
v 444.498108 38.5899353 -120.510468
v 443.032776 38.5899353 -120.547699
v 444.194153 38.5899353 -108.513641
v 444.194153 34.7428131 -108.513641
v 444.181702 34.7428131 -108.032928
v 444.181702 38.5899353 -108.032928
v 443.712952 34.7428131 -108.525726
v 442.728577 38.5899353 -108.550751
v 442.716125 38.5899353 -108.07016
v 443.701233 34.7428131 -108.045135
v 442.716125 38.5899353 -108.07016
v 444.181702 38.5899353 -108.032928
v 444.181702 34.7428131 -108.032928
v 443.701233 34.7428131 -108.045135
v 443.712952 34.7428131 -108.525726
v 444.194153 34.7428131 -108.513641
v 444.194153 38.5899353 -108.513641
v 442.728577 38.5899353 -108.550751
v 444.041565 38.5899353 -102.514008
v 444.041565 34.7428131 -102.514008
v 444.029602 34.7428131 -102.033295
v 444.029602 38.5899353 -102.033295
v 443.560852 34.7428131 -102.52597
v 442.575989 38.5899353 -102.551117
v 442.563782 38.5899353 -102.070404
v 443.548889 34.7428131 -102.045502
v 442.563782 38.5899353 -102.070404
v 444.029602 38.5899353 -102.033295
v 444.029602 34.7428131 -102.033295
v 443.548889 34.7428131 -102.045502
v 443.560852 34.7428131 -102.52597
v 444.041565 34.7428131 -102.514008
v 444.041565 38.5899353 -102.514008
v 442.575989 38.5899353 -102.551117
v 443.889465 38.5899353 -96.5144958
v 443.889465 34.7428131 -96.5144958
v 443.877502 34.7428131 -96.033905
v 443.877502 38.5899353 -96.033905
v 443.408752 34.7428131 -96.5267029
v 442.424377 38.5899353 -96.5518494
v 442.411926 38.5899353 -96.0710144
v 443.396545 34.7428131 -96.0458679
v 442.411926 38.5899353 -96.0710144
v 443.877502 38.5899353 -96.033905
v 443.877502 34.7428131 -96.033905
v 443.396545 34.7428131 -96.0458679
v 443.408752 34.7428131 -96.5267029
v 443.889465 34.7428131 -96.5144958
v 443.889465 38.5899353 -96.5144958
v 442.424377 38.5899353 -96.5518494
v 443.737366 38.5899353 -90.5149841
v 443.737366 34.7428131 -90.5149841
v 443.724915 34.7428131 -90.0341492
v 443.724915 38.5899353 -90.0341492
v 443.256653 34.7428131 -90.5270691
v 442.27179 38.5899353 -90.5522156
v 442.259583 38.5899353 -90.0713806
v 443.24469 34.7428131 -90.0464783
v 442.259583 38.5899353 -90.0713806
v 443.724915 38.5899353 -90.0341492
v 443.724915 34.7428131 -90.0341492
v 443.24469 34.7428131 -90.0464783
v 443.256653 34.7428131 -90.5270691
v 443.737366 34.7428131 -90.5149841
v 443.737366 38.5899353 -90.5149841
v 442.27179 38.5899353 -90.5522156
v 443.585022 38.5899353 -84.5153503
v 443.585022 34.7428131 -84.5153503
v 443.572815 34.7428131 -84.0345154
v 443.572815 38.5899353 -84.0345154
v 443.104065 34.7428131 -84.5274353
v 442.119446 38.5899353 -84.5524597
v 442.107239 38.5899353 -84.0717468
v 443.092346 34.7428131 -84.0468445
v 442.107239 38.5899353 -84.0717468
v 443.572815 38.5899353 -84.0345154
v 443.572815 34.7428131 -84.0345154
v 443.092346 34.7428131 -84.0468445
v 443.104065 34.7428131 -84.5274353
v 443.585022 34.7428131 -84.5153503
v 443.585022 38.5899353 -84.5153503
v 442.119446 38.5899353 -84.5524597
v 443.432678 38.5899353 -78.5157166
v 443.432678 34.7428131 -78.5157166
v 443.420715 34.7428131 -78.0352478
v 443.420715 38.5899353 -78.0352478
v 442.952454 34.7428131 -78.5279236
v 441.96759 38.5899353 -78.5530701
v 441.955139 38.5899353 -78.0723572
v 442.940002 34.7428131 -78.0472107
v 441.955139 38.5899353 -78.0723572
v 443.420715 38.5899353 -78.0352478
v 443.420715 34.7428131 -78.0352478
v 442.940002 34.7428131 -78.0472107
v 442.952454 34.7428131 -78.5279236
v 443.432678 34.7428131 -78.5157166
v 443.432678 38.5899353 -78.5157166
v 441.96759 38.5899353 -78.5530701
v 447.499817 34.7428131 -120.434296
v 442.908997 34.7428131 -120.550751
v 442.908997 34.3581009 -120.550751
v 447.499817 34.3581009 -120.434296
v 442.908997 34.7428131 -120.550751
v 441.810852 34.7428131 -77.2696228
v 441.810852 34.3581009 -77.2696228
v 442.908997 34.3581009 -120.550751
v 441.810852 34.7428131 -77.2696228
v 446.401917 34.7428131 -77.1531677
v 446.401917 34.3581009 -77.1531677
v 441.810852 34.3581009 -77.2696228
v 442.908997 34.7428131 -120.550751
v 447.499817 34.7428131 -120.434296
v 446.401917 34.7428131 -77.1531677
v 441.810852 34.7428131 -77.2696228
v 177.026932 44.0267258 281.237701
v 172.215408 44.0267258 266.609833
v 172.215408 47.8423119 266.609833
v 177.026932 47.8423119 281.237701
v 183.449051 44.026722 279.091644
v 177.026932 44.0267258 281.237701
v 177.026932 47.8423119 281.237701
v 183.449051 47.8423119 279.091644
v 177.026932 47.8423119 281.237701
v 172.215408 47.8423119 266.609833
v 178.638016 47.8423119 264.463593
v 183.449051 47.8423119 279.091644
v 178.638016 47.8423119 264.463593
v 172.215408 47.8423119 266.609833
v 172.215408 44.0267258 266.609833
v 178.638016 44.026722 264.463593
v 183.449051 47.8423119 279.091644
v 178.638016 47.8423119 264.463593
v 178.638016 44.026722 264.463593
v 183.449051 44.026722 279.091644
v 213.71199 51.1441917 261.933929
v 215.850174 44.026722 268.434662
v 215.850174 49.2233543 268.434662
v 213.71199 44.026722 261.933929
v 211.573807 44.026722 255.433197
v 211.573807 49.2233543 255.433197
v 181.311111 51.1441917 272.590851
v 183.449051 49.2233543 279.091644
v 183.449051 44.026722 279.091644
v 181.311111 44.026722 272.590851
v 179.172684 44.026722 266.090118
v 211.573807 44.026722 255.433197
v 211.573807 49.2233543 255.433197
v 179.172684 49.2233582 266.090118
v 215.850174 49.2233543 268.434662
v 183.449051 49.2233543 279.091644
v 181.311111 51.1441917 272.590851
v 213.71199 51.1441917 261.933929
v 179.172684 44.026722 266.090118
v 179.172684 49.2233582 266.090118
v 181.311111 51.1441917 272.590851
v 181.311111 44.026722 272.590851
v 213.71199 51.1441917 261.933929
v 181.311111 51.1441917 272.590851
v 179.172684 49.2233582 266.090118
v 211.573807 49.2233543 255.433197
v 215.850174 44.026722 268.434662
v 183.449051 44.026722 279.091644
v 183.449051 49.2233543 279.091644
v 215.850174 49.2233543 268.434662
v -541.592712 13.3208771 -257.135223
v -540.82074 14.0335541 -258.290619
v -537.635925 14.0335541 -256.58847
v -538.167908 13.3208771 -255.304535
v -550.016052 13.3208694 -277.470917
v -548.653015 14.0335464 -277.199921
v -549.007263 14.0335464 -273.606293
v -550.396912 13.3208694 -273.606293
v -534.451843 13.3208694 -293.03537
v -534.180603 14.0335464 -291.672333
v -537.636169 14.0335464 -290.624237
v -538.167908 13.3208694 -291.908051
v -512.285339 13.3208694 -281.187225
v -513.569275 14.0335464 -280.655365
v -515.271423 14.0335464 -283.839935
v -514.11615 13.3208694 -284.61203
v -538.167908 13.3208771 -255.304535
v -537.635925 14.0335541 -256.58847
v -534.180603 14.0335541 -255.540253
v -534.451599 13.3208771 -254.177338
v -550.396912 13.3208694 -273.606293
v -549.007263 14.0335464 -273.606293
v -548.653259 14.0335464 -270.012665
v -550.016296 13.3208694 -269.741669
v -538.167908 13.3208694 -291.908051
v -537.636169 14.0335464 -290.624237
v -540.82074 14.0335464 -288.921844
v -541.592957 13.3208694 -290.077362
v -514.11615 13.3208694 -284.61203
v -515.271423 14.0335464 -283.839935
v -517.562195 14.0335464 -286.631195
v -516.579529 13.3208694 -287.613861
v -514.115906 13.3208771 -262.600677
v -515.271423 14.0335541 -263.372772
v -513.569031 14.0335464 -266.557343
v -512.285339 13.3208694 -266.025482
v -548.888855 13.3208694 -266.025482
v -547.604919 14.0335464 -266.557343
v -545.903015 14.0335541 -263.37265
v -547.058289 13.3208771 -262.600555
v -550.016296 13.3208694 -269.741669
v -548.653259 14.0335464 -270.012665
v -547.604919 14.0335464 -266.557343
v -548.888855 13.3208694 -266.025482
v -541.592957 13.3208694 -290.077362
v -540.82074 14.0335464 -288.921844
v -543.612 14.0335464 -286.631195
v -544.594666 13.3208694 -287.613983
v -516.579529 13.3208694 -287.613861
v -517.562195 14.0335464 -286.631195
v -520.353699 14.0335464 -288.921967
v -519.581726 13.3208694 -290.077362
v -512.285339 13.3208694 -266.025482
v -513.569031 14.0335464 -266.557343
v -512.521179 14.0335464 -270.012665
v -511.158386 13.3208694 -269.741547
v -547.058289 13.3208694 -284.61203
v -545.902771 14.0335464 -283.839935
v -547.604919 14.0335464 -280.655365
v -548.888611 13.3208694 -281.187225
v -544.594666 13.3208694 -287.613983
v -543.612 14.0335464 -286.631195
v -545.902771 14.0335464 -283.839935
v -547.058289 13.3208694 -284.61203
v -519.581726 13.3208694 -290.077362
v -520.353699 14.0335464 -288.921967
v -523.538025 14.0335464 -290.624237
v -523.006531 13.3208694 -291.907928
v -511.158386 13.3208694 -269.741547
v -512.521179 14.0335464 -270.012665
v -512.166931 14.0335464 -273.606415
v -510.777527 13.3208694 -273.606293
v -526.722595 13.3208771 -254.177216
v -526.993591 14.0335541 -255.540253
v -523.538269 14.0335541 -256.58847
v -523.006287 13.3208771 -255.304657
v -547.058289 13.3208771 -262.600555
v -545.903015 14.0335541 -263.37265
v -543.612244 14.0335541 -260.58139
v -544.594666 13.3208771 -259.598724
v -530.587097 13.3208694 -293.415985
v -530.587341 14.0335464 -292.026215
v -534.180603 14.0335464 -291.672333
v -534.451843 13.3208694 -293.03537
v -523.006531 13.3208694 -291.907928
v -523.538025 14.0335464 -290.624237
v -526.993835 14.0335464 -291.672333
v -526.722595 13.3208694 -293.03537
v -510.777527 13.3208694 -273.606293
v -512.166931 14.0335464 -273.606415
v -512.520935 14.0335464 -277.199921
v -511.157898 13.3208694 -277.471039
v -523.006287 13.3208771 -255.304657
v -523.538269 14.0335541 -256.58847
v -520.353455 14.0335541 -258.290741
v -519.581482 13.3208771 -257.135223
v -544.594666 13.3208771 -259.598724
v -543.612244 14.0335541 -260.58139
v -540.82074 14.0335541 -258.290619
v -541.592712 13.3208771 -257.135223
v -548.888611 13.3208694 -281.187225
v -547.604919 14.0335464 -280.655365
v -548.653015 14.0335464 -277.199921
v -550.016052 13.3208694 -277.470917
v -526.722595 13.3208694 -293.03537
v -526.993835 14.0335464 -291.672333
v -530.587341 14.0335464 -292.026215
v -530.587097 13.3208694 -293.415985
v -511.157898 13.3208694 -277.471039
v -512.520935 14.0335464 -277.199921
v -513.569275 14.0335464 -280.655365
v -512.285339 13.3208694 -281.187225
v -519.581482 13.3208771 -257.135223
v -520.353455 14.0335541 -258.290741
v -517.562195 14.0335541 -260.581512
v -516.579529 13.3208771 -259.598846
v -530.587097 13.3208771 -253.7966
v -530.587097 14.0335541 -255.186249
v -526.993591 14.0335541 -255.540253
v -526.722595 13.3208771 -254.177216
v -522.647156 16.8909302 -288.461151
v -523.538025 14.0335464 -290.624237
v -522.814636 14.6141281 -289.928925
v -522.400085 15.9458084 -288.922821
v -523.538025 14.0335464 -290.624237
v -520.353699 14.0335464 -288.921967
v -521.333679 14.6141281 -289.137177
v -522.814636 14.6141281 -289.928925
v -520.353699 14.0335464 -288.921967
v -522.647156 16.8909302 -288.461151
v -522.400085 15.9458084 -288.922821
v -521.333679 14.6141281 -289.137177
v -515.271423 14.0335464 -283.839935
v -517.566589 16.8909302 -284.29184
v -517.162048 15.9458084 -284.623993
v -516.094421 14.6141281 -284.413788
v -517.566589 16.8909302 -284.29184
v -517.562195 14.0335464 -286.631195
v -517.159851 14.6141281 -285.712128
v -517.162048 15.9458084 -284.623993
v -517.562195 14.0335464 -286.631195
v -515.271423 14.0335464 -283.839935
v -516.094421 14.6141281 -284.413788
v -517.159851 14.6141281 -285.712128
v -520.353699 14.0335464 -288.921967
v -517.562195 14.0335464 -286.631195
v -518.486023 14.5809326 -286.97702
v -519.834167 14.5809326 -288.083344
v -517.562195 14.0335464 -286.631195
v -520.139587 16.8950348 -286.336517
v -519.730896 15.9687195 -286.834686
v -518.486023 14.5809326 -286.97702
v -520.139587 16.8950348 -286.336517
v -520.353699 14.0335464 -288.921967
v -519.834167 14.5809326 -288.083344
v -519.730896 15.9687195 -286.834686
v -534.180603 14.0335541 -255.540253
v -537.635925 14.0335541 -256.58847
v -536.648865 14.583374 -256.618866
v -534.984558 14.5833664 -256.113983
v -537.635925 14.0335541 -256.58847
v -535.375671 16.894783 -257.820892
v -535.559998 15.967041 -257.212494
v -536.648865 14.583374 -256.618866
v -535.375671 16.894783 -257.820892
v -534.180603 14.0335541 -255.540253
v -534.984558 14.5833664 -256.113983
v -535.559998 15.967041 -257.212494
v -534.180603 14.0335464 -291.672333
v -530.587341 14.0335464 -292.026215
v -531.487488 14.5833664 -291.620331
v -533.218445 14.5833664 -291.449921
v -530.587341 14.0335464 -292.026215
v -532.204041 16.894783 -290.022552
v -532.266296 15.967041 -290.655243
v -531.487488 14.5833664 -291.620331
v -532.204041 16.894783 -290.022552
v -534.180603 14.0335464 -291.672333
v -533.218445 14.5833664 -291.449921
v -532.266296 15.967041 -290.655243
v -520.353455 14.0335541 -258.290741
v -523.538269 14.0335541 -256.58847
v -522.861755 14.5833664 -257.308075
v -521.32782 14.583374 -258.127899
v -523.538269 14.0335541 -256.58847
v -522.810974 16.894783 -259.058441
v -522.511414 15.967041 -258.497772
v -522.861755 14.5833664 -257.308075
v -522.810974 16.894783 -259.058441
v -520.353455 14.0335541 -258.290741
v -521.32782 14.583374 -258.127899
v -522.511414 15.967041 -258.497772
v -512.521179 14.0335464 -270.012665
v -513.569031 14.0335464 -266.557343
v -513.599548 14.5833664 -267.544525
v -513.09491 14.5833664 -269.208832
v -513.569031 14.0335464 -266.557343
v -514.801697 16.894783 -268.817841
v -514.193298 15.967041 -268.63327
v -513.599548 14.5833664 -267.544525
v -514.801697 16.894783 -268.817841
v -512.521179 14.0335464 -270.012665
v -513.09491 14.5833664 -269.208832
v -514.193298 15.967041 -268.63327
v -545.902771 14.0335464 -283.839935
v -543.612 14.0335464 -286.631195
v -543.961853 14.5833664 -285.707489
v -545.065125 14.5833664 -284.363007
v -543.612 14.0335464 -286.631195
v -543.338318 16.894783 -284.071014
v -543.829773 15.967041 -284.474335
v -543.961853 14.5833664 -285.707489
v -543.338318 16.894783 -284.071014
v -545.902771 14.0335464 -283.839935
v -545.065125 14.5833664 -284.363007
v -543.829773 15.967041 -284.474335
v -515.271423 14.0335464 -283.839935
v -513.569275 14.0335464 -280.655365
v -514.289001 14.5833664 -281.331879
v -515.108826 14.5833664 -282.865692
v -513.569275 14.0335464 -280.655365
v -516.039246 16.894783 -281.382294
v -515.478455 15.967041 -281.682098
v -514.289001 14.5833664 -281.331879
v -516.039246 16.894783 -281.382294
v -515.271423 14.0335464 -283.839935
v -515.108826 14.5833664 -282.865692
v -515.478455 15.967041 -281.682098
v -548.653259 14.0335464 -270.012665
v -549.007263 14.0335464 -273.606293
v -548.601257 14.5833664 -272.70578
v -548.430603 14.5833664 -270.975067
v -549.007263 14.0335464 -273.606293
v -547.003357 16.894783 -271.989471
v -547.636169 15.967041 -271.927216
v -548.601257 14.5833664 -272.70578
v -547.003357 16.894783 -271.989471
v -548.653259 14.0335464 -270.012665
v -548.430603 14.5833664 -270.975067
v -547.636169 15.967041 -271.927216
v -540.82074 14.0335541 -258.290619
v -543.612244 14.0335541 -260.58139
v -542.688171 14.583374 -260.231781
v -541.343689 14.583374 -259.128387
v -543.612244 14.0335541 -260.58139
v -541.051941 16.894783 -260.85495
v -541.455261 15.967041 -260.363495
v -542.688171 14.583374 -260.231781
v -541.051941 16.894783 -260.85495
v -540.82074 14.0335541 -258.290619
v -541.343689 14.583374 -259.128387
v -541.455261 15.967041 -260.363495
v -526.993835 14.0335464 -291.672333
v -523.538025 14.0335464 -290.624237
v -524.52533 14.5833664 -290.593719
v -526.189636 14.5833664 -291.09848
v -523.538025 14.0335464 -290.624237
v -525.798767 16.894783 -289.391693
v -525.613953 15.967041 -290.000092
v -524.52533 14.5833664 -290.593719
v -525.798767 16.894783 -289.391693
v -526.993835 14.0335464 -291.672333
v -526.189636 14.5833664 -291.09848
v -525.613953 15.967041 -290.000092
v -526.993591 14.0335541 -255.540253
v -530.587097 14.0335541 -255.186249
v -529.686707 14.583374 -255.592255
v -527.95575 14.5833664 -255.762665
v -530.587097 14.0335541 -255.186249
v -528.970154 16.894783 -257.190033
v -528.907898 15.967041 -256.557343
v -529.686707 14.583374 -255.592255
v -528.970154 16.894783 -257.190033
v -526.993591 14.0335541 -255.540253
v -527.95575 14.5833664 -255.762665
v -528.907898 15.967041 -256.557343
v -540.82074 14.0335464 -288.921844
v -537.636169 14.0335464 -290.624237
v -538.312683 14.5833664 -289.90451
v -539.846375 14.5833664 -289.084686
v -537.636169 14.0335464 -290.624237
v -538.363464 16.894783 -288.154266
v -538.663025 15.967041 -288.714813
v -538.312683 14.5833664 -289.90451
v -538.363464 16.894783 -288.154266
v -540.82074 14.0335464 -288.921844
v -539.846375 14.5833664 -289.084686
v -538.663025 15.967041 -288.714813
v -515.271423 14.0335541 -263.372772
v -517.562195 14.0335541 -260.581512
v -517.212585 14.583374 -261.505096
v -516.10907 14.583374 -262.849579
v -517.562195 14.0335541 -260.581512
v -517.835876 16.894783 -263.141571
v -517.344421 15.967041 -262.738129
v -517.212585 14.583374 -261.505096
v -517.835876 16.894783 -263.141571
v -515.271423 14.0335541 -263.372772
v -516.10907 14.583374 -262.849579
v -517.344421 15.967041 -262.738129
v -548.653015 14.0335464 -277.199921
v -547.604919 14.0335464 -280.655365
v -547.574402 14.5833664 -279.668182
v -548.079529 14.5833664 -278.003754
v -547.604919 14.0335464 -280.655365
v -546.372498 16.894783 -278.394745
v -546.980896 15.967041 -278.579315
v -547.574402 14.5833664 -279.668182
v -546.372498 16.894783 -278.394745
v -548.653015 14.0335464 -277.199921
v -548.079529 14.5833664 -278.003754
v -546.980896 15.967041 -278.579315
v -512.520935 14.0335464 -277.199921
v -512.166931 14.0335464 -273.606415
v -512.573181 14.5833664 -274.506683
v -512.743347 14.5833664 -276.237518
v -512.166931 14.0335464 -273.606415
v -514.170837 16.894783 -275.223236
v -513.538269 15.967041 -275.28537
v -512.573181 14.5833664 -274.506683
v -514.170837 16.894783 -275.223236
v -512.520935 14.0335464 -277.199921
v -512.743347 14.5833664 -276.237518
v -513.538269 15.967041 -275.28537
v -545.903015 14.0335541 -263.37265
v -547.604919 14.0335464 -266.557343
v -546.885437 14.5833664 -265.880707
v -546.065369 14.583374 -264.346893
v -547.604919 14.0335464 -266.557343
v -545.134949 16.894783 -265.830292
v -545.695984 15.967041 -265.530609
v -546.885437 14.5833664 -265.880707
v -545.134949 16.894783 -265.830292
v -545.903015 14.0335541 -263.37265
v -546.065369 14.583374 -264.346893
v -545.695984 15.967041 -265.530609
v -549.007263 14.0335464 -273.606293
v -548.653015 14.0335464 -277.199921
v -548.477234 14.6141281 -276.212128
v -548.641541 14.6141281 -274.540619
v -548.653015 14.0335464 -277.199921
v -547.349792 16.8909302 -275.257294
v -547.870789 15.9458084 -275.308563
v -548.477234 14.6141281 -276.212128
v -547.349792 16.8909302 -275.257294
v -549.007263 14.0335464 -273.606293
v -548.641541 14.6141281 -274.540619
v -547.870789 15.9458084 -275.308563
v -513.569275 14.0335464 -280.655365
v -512.520935 14.0335464 -277.199921
v -513.061707 14.6141281 -278.044891
v -513.5495 14.6141281 -279.652191
v -512.520935 14.0335464 -277.199921
v -514.468933 16.8909302 -278.495697
v -513.967712 15.9458084 -278.647797
v -513.061707 14.6141281 -278.044891
v -514.468933 16.8909302 -278.495697
v -513.569275 14.0335464 -280.655365
v -513.5495 14.6141281 -279.652191
v -513.967712 15.9458084 -278.647797
v -513.569031 14.0335464 -266.557343
v -515.271423 14.0335541 -263.372772
v -515.056091 14.6141357 -264.352631
v -514.264343 14.6141281 -265.833954
v -515.271423 14.0335541 -263.372772
v -515.732361 16.8909302 -265.666229
v -515.270691 15.9458084 -265.419403
v -515.056091 14.6141357 -264.352631
v -515.732361 16.8909302 -265.666229
v -513.569031 14.0335464 -266.557343
v -514.264343 14.6141281 -265.833954
v -515.270691 15.9458084 -265.419403
v -543.612244 14.0335541 -260.58139
v -545.903015 14.0335541 -263.37265
v -545.080017 14.6141357 -262.79892
v -544.014099 14.6141357 -261.50058
v -545.903015 14.0335541 -263.37265
v -543.607361 16.8909378 -262.920624
v -544.012146 15.945816 -262.588715
v -545.080017 14.6141357 -262.79892
v -543.607361 16.8909378 -262.920624
v -543.612244 14.0335541 -260.58139
v -544.014099 14.6141357 -261.50058
v -544.012146 15.945816 -262.588715
v -530.587097 14.0335541 -255.186249
v -534.180603 14.0335541 -255.540253
v -533.19281 14.6141357 -255.716522
v -531.521667 14.6141357 -255.551727
v -534.180603 14.0335541 -255.540253
v -532.237976 16.8909378 -256.843719
v -532.28949 15.945816 -256.322723
v -533.19281 14.6141357 -255.716522
v -532.237976 16.8909378 -256.843719
v -530.587097 14.0335541 -255.186249
v -531.521667 14.6141357 -255.551727
v -532.28949 15.945816 -256.322723
v -537.636169 14.0335464 -290.624237
v -534.180603 14.0335464 -291.672333
v -535.025574 14.6141281 -291.131561
v -536.632996 14.6141281 -290.644012
v -534.180603 14.0335464 -291.672333
v -535.476501 16.8909302 -289.724823
v -535.628601 15.9458084 -290.225677
v -535.025574 14.6141281 -291.131561
v -535.476501 16.8909302 -289.724823
v -537.636169 14.0335464 -290.624237
v -536.632996 14.6141281 -290.644012
v -535.628601 15.9458084 -290.225677
v -517.562195 14.0335541 -260.581512
v -520.353455 14.0335541 -258.290741
v -519.779724 14.6141357 -259.113617
v -518.481384 14.6141357 -260.179169
v -520.353455 14.0335541 -258.290741
v -519.901794 16.8909378 -260.585907
v -519.569275 15.945816 -260.181366
v -519.779724 14.6141357 -259.113617
v -519.901794 16.8909378 -260.585907
v -517.562195 14.0335541 -260.581512
v -518.481384 14.6141357 -260.179169
v -519.569275 15.945816 -260.181366
v -547.604919 14.0335464 -280.655365
v -545.902771 14.0335464 -283.839935
v -546.118103 14.6141281 -282.859833
v -546.909607 14.6141281 -281.378632
v -545.902771 14.0335464 -283.839935
v -545.441833 16.8909302 -281.546356
v -545.903748 15.9458084 -281.793182
v -546.118103 14.6141281 -282.859833
v -545.441833 16.8909302 -281.546356
v -547.604919 14.0335464 -280.655365
v -546.909607 14.6141281 -281.378632
v -545.903748 15.9458084 -281.793182
v -512.166931 14.0335464 -273.606415
v -512.521179 14.0335464 -270.012665
v -512.697205 14.6141281 -271.000458
v -512.532654 14.6141281 -272.671967
v -512.521179 14.0335464 -270.012665
v -513.824646 16.8909302 -271.955292
v -513.30365 15.9458084 -271.904022
v -512.697205 14.6141281 -271.000458
v -513.824646 16.8909302 -271.955292
v -512.166931 14.0335464 -273.606415
v -512.532654 14.6141281 -272.671967
v -513.30365 15.9458084 -271.904022
v -547.604919 14.0335464 -266.557343
v -548.653259 14.0335464 -270.012665
v -548.112488 14.6141281 -269.167572
v -547.624939 14.6141281 -267.560516
v -548.653259 14.0335464 -270.012665
v -546.705505 16.8909302 -268.716888
v -547.206238 15.9458084 -268.564911
v -548.112488 14.6141281 -269.167572
v -546.705505 16.8909302 -268.716888
v -547.604919 14.0335464 -266.557343
v -547.624939 14.6141281 -267.560516
v -547.206238 15.9458084 -268.564911
v -530.587341 14.0335464 -292.026215
v -526.993835 14.0335464 -291.672333
v -527.981384 14.6141281 -291.496185
v -529.652771 14.6141281 -291.660858
v -526.993835 14.0335464 -291.672333
v -528.936218 16.8909302 -290.368866
v -528.884949 15.9458008 -290.889862
v -527.981384 14.6141281 -291.496185
v -528.936218 16.8909302 -290.368866
v -530.587341 14.0335464 -292.026215
v -529.652771 14.6141281 -291.660858
v -528.884949 15.9458008 -290.889862
v -537.635925 14.0335541 -256.58847
v -540.82074 14.0335541 -258.290619
v -539.840759 14.6141357 -258.075409
v -538.359558 14.6141357 -257.283783
v -540.82074 14.0335541 -258.290619
v -538.527283 16.8909378 -258.751434
v -538.774109 15.945816 -258.289764
v -539.840759 14.6141357 -258.075409
v -538.527283 16.8909378 -258.751434
v -537.635925 14.0335541 -256.58847
v -538.359558 14.6141357 -257.283783
v -538.774109 15.945816 -258.289764
v -523.538269 14.0335541 -256.58847
v -526.993591 14.0335541 -255.540253
v -526.148376 14.6141357 -256.081024
v -524.541199 14.6141357 -256.568573
v -526.993591 14.0335541 -255.540253
v -525.697449 16.8909378 -257.487885
v -525.545593 15.945816 -256.986908
v -526.148376 14.6141357 -256.081024
v -525.697449 16.8909378 -257.487885
v -523.538269 14.0335541 -256.58847
v -524.541199 14.6141357 -256.568573
v -525.545593 15.945816 -256.986908
v -543.612 14.0335464 -286.631195
v -540.82074 14.0335464 -288.921844
v -541.394714 14.6141281 -288.098846
v -542.69281 14.6141281 -287.033417
v -540.82074 14.0335464 -288.921844
v -541.272644 16.8909302 -286.626678
v -541.604919 15.9458084 -287.031342
v -541.394714 14.6141281 -288.098846
v -541.272644 16.8909302 -286.626678
v -543.612 14.0335464 -286.631195
v -542.69281 14.6141281 -287.033417
v -541.604919 15.9458084 -287.031342
v -534.451599 13.3208771 -254.177338
v -534.180603 14.0335541 -255.540253
v -530.587097 14.0335541 -255.186249
v -530.587097 13.3208771 -253.7966
v -531.667664 45.020752 -262.635712
v -531.897888 29.8968353 -260.300873
v -536.889587 29.8968353 -261.815155
v -535.78363 45.020752 -263.884369
v -531.607605 54.8987617 -263.244843
v -527.564636 54.8987617 -263.643158
v -527.387146 45.020752 -263.057343
v -531.667664 45.020752 -262.635712
v -529.566833 54.8987617 -283.967743
v -533.609314 54.8987617 -283.56955
v -533.787048 45.0207443 -284.155243
v -529.506531 45.0207443 -284.576874
v -545.899841 16.4363022 -281.791229
v -541.602234 16.4363022 -287.028046
v -539.068787 29.8968277 -283.941254
v -542.378113 29.8968353 -279.908783
v -532.289246 16.4363022 -256.326874
v -531.897888 29.8968353 -260.300873
v -526.70575 29.8968353 -260.812347
v -525.547058 16.4363022 -256.990936
v -515.274353 16.4363022 -265.421356
v -518.796082 29.8968353 -267.303925
v -517.281677 29.8968353 -272.295868
v -513.3078 16.4363022 -271.904388
v -517.165466 16.4363022 -284.621307
v -513.971619 16.4363022 -278.646576
v -517.793152 29.8968353 -277.487274
v -520.252136 29.8968277 -282.087982
v -547.202332 16.4363022 -268.566132
v -543.381287 29.8968353 -269.725311
v -540.922058 29.8968353 -265.124603
v -544.008972 16.4363022 -262.591278
v -513.3078 16.4363022 -271.904388
v -517.281677 29.8968353 -272.295868
v -517.793152 29.8968353 -277.487274
v -513.971619 16.4363022 -278.646576
v -535.62738 16.4363022 -290.221771
v -534.467957 29.8968277 -286.40036
v -539.068787 29.8968277 -283.941254
v -541.602234 16.4363022 -287.028046
v -544.008972 16.4363022 -262.591278
v -540.922058 29.8968353 -265.124603
v -536.889587 29.8968353 -261.815155
v -538.771912 16.4363022 -258.293427
v -529.27655 29.8968277 -286.911713
v -534.467957 29.8968277 -286.40036
v -535.62738 16.4363022 -290.221771
v -528.885193 16.4363022 -290.885712
v -522.402039 16.4363022 -288.919159
v -524.284851 29.8968277 -285.39743
v -529.27655 29.8968277 -286.911713
v -528.885193 16.4363022 -290.885712
v -545.899841 16.4363022 -281.791229
v -542.378113 29.8968353 -279.908783
v -543.892517 29.8968353 -274.916718
v -547.866394 16.4363022 -275.308197
v -538.771912 16.4363022 -258.293427
v -536.889587 29.8968353 -261.815155
v -531.897888 29.8968353 -260.300873
v -532.289246 16.4363022 -256.326874
v -521.404968 54.8987617 -268.698334
v -520.865417 45.0207481 -268.409882
v -523.593933 45.020752 -265.08493
v -523.982117 54.8987617 -265.558197
v -519.572205 16.4363022 -260.184418
v -522.105408 29.8968353 -263.271332
v -518.796082 29.8968353 -267.303925
v -515.274353 16.4363022 -265.421356
v -525.547058 16.4363022 -256.990936
v -526.70575 29.8968353 -260.812347
v -522.105408 29.8968353 -263.271332
v -519.572205 16.4363022 -260.184418
v -547.866394 16.4363022 -275.308197
v -543.892517 29.8968353 -274.916718
v -543.381287 29.8968353 -269.725311
v -547.202332 16.4363022 -268.566132
v -520.225769 54.8987617 -272.585785
v -519.616638 45.0207481 -272.525726
v -520.865417 45.0207481 -268.409882
v -521.404968 54.8987617 -268.698334
v -533.787048 45.0207443 -284.155243
v -537.580505 45.0207443 -282.127655
v -539.068787 29.8968277 -283.941254
v -534.467957 29.8968277 -286.40036
v -539.108582 45.0207481 -266.613007
v -535.78363 45.020752 -263.884369
v -536.889587 29.8968353 -261.815155
v -540.922058 29.8968353 -265.124603
v -525.390808 45.0207443 -283.328217
v -524.284851 29.8968277 -285.39743
v -520.252136 29.8968277 -282.087982
v -522.065857 45.0207443 -280.599579
v -538.635437 54.8987617 -267.001312
v -539.108582 45.0207481 -266.613007
v -541.135925 45.0207481 -270.406342
v -540.550232 54.8987617 -270.584076
v -529.562439 58.4757729 -284.010468
v -533.621765 58.4757729 -283.610687
v -533.609314 54.8987617 -283.56955
v -529.566833 54.8987617 -283.967743
v -535.51532 58.4757767 -264.3862
v -535.495056 54.8987617 -264.424164
v -538.635437 54.8987617 -267.001312
v -538.66864 58.4757767 -266.973969
v -529.562439 58.4757729 -284.010468
v -529.566833 54.8987617 -283.967743
v -525.679138 54.8987617 -282.788544
v -525.658875 58.4757729 -282.826385
v -522.505554 58.4757729 -280.238617
v -522.538757 54.8987617 -280.211395
v -520.623718 54.8987617 -276.628632
v -520.582703 58.4757729 -276.641205
v -523.954773 58.4757767 -265.524872
v -521.367126 58.4757729 -268.67807
v -521.404968 54.8987617 -268.698334
v -523.982117 54.8987617 -265.558197
v -531.611755 58.4757767 -263.202118
v -527.552429 58.4757767 -263.601898
v -527.564636 54.8987617 -263.643158
v -531.607605 54.8987617 -263.244843
v -540.991394 58.4757729 -274.630951
v -540.948425 54.8987617 -274.626801
v -539.769226 54.8987617 -278.514252
v -539.807312 58.4757729 -278.534637
v -520.1828 58.4757729 -272.581512
v -520.225769 54.8987617 -272.585785
v -521.404968 54.8987617 -268.698334
v -521.367126 58.4757729 -268.67807
v -537.219421 58.4757729 -281.687714
v -537.192078 54.8987617 -281.65451
v -533.609314 54.8987617 -283.56955
v -533.621765 58.4757729 -283.610687
v -525.658875 58.4757729 -282.826385
v -525.679138 54.8987617 -282.788544
v -522.538757 54.8987617 -280.211395
v -522.505554 58.4757729 -280.238617
v -527.552429 58.4757767 -263.601898
v -523.954773 58.4757767 -265.524872
v -523.982117 54.8987617 -265.558197
v -527.564636 54.8987617 -263.643158
v -520.582703 58.4757729 -276.641205
v -520.623718 54.8987617 -276.628632
v -520.225769 54.8987617 -272.585785
v -520.1828 58.4757729 -272.581512
v -531.611755 58.4757767 -263.202118
v -531.607605 54.8987617 -263.244843
v -535.495056 54.8987617 -264.424164
v -535.51532 58.4757767 -264.3862
v -540.591492 58.4757729 -270.571503
v -540.550232 54.8987617 -270.584076
v -540.948425 54.8987617 -274.626801
v -540.991394 58.4757729 -274.630951
v -539.807312 58.4757729 -278.534637
v -539.769226 54.8987617 -278.514252
v -537.192078 54.8987617 -281.65451
v -537.219421 58.4757729 -281.687714
v -519.616638 45.0207481 -272.525726
v -517.281677 29.8968353 -272.295868
v -518.796082 29.8968353 -267.303925
v -520.865417 45.0207481 -268.409882
v -537.580505 45.0207443 -282.127655
v -540.309021 45.0207481 -278.802704
v -542.378113 29.8968353 -279.908783
v -539.068787 29.8968277 -283.941254
v -523.593933 45.020752 -265.08493
v -522.105408 29.8968353 -263.271332
v -526.70575 29.8968353 -260.812347
v -527.387146 45.020752 -263.057343
v -529.506531 45.0207443 -284.576874
v -529.27655 29.8968277 -286.911713
v -524.284851 29.8968277 -285.39743
v -525.390808 45.0207443 -283.328217
v -519.616638 45.0207481 -272.525726
v -520.038025 45.0207481 -276.806366
v -517.793152 29.8968353 -277.487274
v -517.281677 29.8968353 -272.295868
v -522.538757 54.8987617 -280.211395
v -525.679138 54.8987617 -282.788544
v -525.390808 45.0207443 -283.328217
v -522.065857 45.0207443 -280.599579
v -529.566833 54.8987617 -283.967743
v -529.506531 45.0207443 -284.576874
v -525.390808 45.0207443 -283.328217
v -525.679138 54.8987617 -282.788544
v -520.865417 45.0207481 -268.409882
v -518.796082 29.8968353 -267.303925
v -522.105408 29.8968353 -263.271332
v -523.593933 45.020752 -265.08493
v -522.065857 45.0207443 -280.599579
v -520.252136 29.8968277 -282.087982
v -517.793152 29.8968353 -277.487274
v -520.038025 45.0207481 -276.806366
v -539.769226 54.8987617 -278.514252
v -540.309021 45.0207481 -278.802704
v -537.580505 45.0207443 -282.127655
v -537.192078 54.8987617 -281.65451
v -538.66864 58.4757767 -266.973969
v -538.635437 54.8987617 -267.001312
v -540.550232 54.8987617 -270.584076
v -540.591492 58.4757729 -270.571503
v -539.108582 45.0207481 -266.613007
v -540.922058 29.8968353 -265.124603
v -543.381287 29.8968353 -269.725311
v -541.135925 45.0207481 -270.406342
v -522.538757 54.8987617 -280.211395
v -522.065857 45.0207443 -280.599579
v -520.038025 45.0207481 -276.806366
v -520.623718 54.8987617 -276.628632
v -541.5578 45.0207481 -274.686737
v -543.892517 29.8968353 -274.916718
v -542.378113 29.8968353 -279.908783
v -540.309021 45.0207481 -278.802704
v -533.787048 45.0207443 -284.155243
v -534.467957 29.8968277 -286.40036
v -529.27655 29.8968277 -286.911713
v -529.506531 45.0207443 -284.576874
v -527.387146 45.020752 -263.057343
v -526.70575 29.8968353 -260.812347
v -531.897888 29.8968353 -260.300873
v -531.667664 45.020752 -262.635712
v -543.892517 29.8968353 -274.916718
v -541.5578 45.0207481 -274.686737
v -541.135925 45.0207481 -270.406342
v -543.381287 29.8968353 -269.725311
v -535.495056 54.8987617 -264.424164
v -535.78363 45.020752 -263.884369
v -539.108582 45.0207481 -266.613007
v -538.635437 54.8987617 -267.001312
v -540.948425 54.8987617 -274.626801
v -541.5578 45.0207481 -274.686737
v -540.309021 45.0207481 -278.802704
v -539.769226 54.8987617 -278.514252
v -537.192078 54.8987617 -281.65451
v -537.580505 45.0207443 -282.127655
v -533.787048 45.0207443 -284.155243
v -533.609314 54.8987617 -283.56955
v -527.564636 54.8987617 -263.643158
v -523.982117 54.8987617 -265.558197
v -523.593933 45.020752 -265.08493
v -527.387146 45.020752 -263.057343
v -520.225769 54.8987617 -272.585785
v -520.623718 54.8987617 -276.628632
v -520.038025 45.0207481 -276.806366
v -519.616638 45.0207481 -272.525726
v -531.607605 54.8987617 -263.244843
v -531.667664 45.020752 -262.635712
v -535.78363 45.020752 -263.884369
v -535.495056 54.8987617 -264.424164
v -540.948425 54.8987617 -274.626801
v -540.550232 54.8987617 -270.584076
v -541.135925 45.0207481 -270.406342
v -541.5578 45.0207481 -274.686737
v -540.382507 63.246315 -278.84201
v -537.632996 63.246315 -282.191864
v -537.308289 64.3180847 -281.796356
v -539.930847 64.3180847 -278.600677
v -529.548767 64.3180847 -284.150116
v -529.498474 63.246315 -284.659515
v -525.351501 63.246315 -283.401581
v -525.592712 64.3180847 -282.950165
v -520.575623 43.7559586 -272.620209
v -520.960144 43.7559586 -276.526703
v -520.961121 64.384079 -276.526337
v -520.576111 64.384079 -272.620331
v -524.205505 64.384079 -265.830292
v -521.715271 64.384079 -268.864349
v -521.243103 64.3180847 -268.611908
v -523.865662 64.3180847 -265.416351
v -541.215515 63.246315 -270.382294
v -541.64032 63.246315 -274.694916
v -541.130798 64.3180847 -274.644745
v -540.725525 64.3180847 -270.530853
v -522.001404 63.246315 -280.652313
v -519.958923 63.246315 -276.830292
v -520.448425 64.3180847 -276.681854
v -522.397156 64.3180847 -280.327606
v -527.36322 63.246315 -262.977875
v -531.67572 63.246315 -262.55307
v -531.625427 64.3180847 -263.062469
v -527.511658 64.3180847 -263.467621
v -533.811218 63.246315 -284.234711
v -529.498474 63.246315 -284.659515
v -529.548767 64.3180847 -284.150116
v -533.662781 64.3180847 -283.744965
v -537.632996 63.246315 -282.191864
v -533.811218 63.246315 -284.234711
v -533.662781 64.3180847 -283.744965
v -537.308289 64.3180847 -281.796356
v -519.533875 63.246315 -272.517792
v -520.791687 63.246315 -268.370575
v -521.243103 64.3180847 -268.611908
v -520.043396 64.3180847 -272.567841
v -539.172791 63.246315 -266.560394
v -541.215515 63.246315 -270.382294
v -540.725525 64.3180847 -270.530853
v -538.777039 64.3180847 -266.884979
v -539.930847 64.3180847 -278.600677
v -541.130798 64.3180847 -274.644745
v -541.64032 63.246315 -274.694916
v -540.382507 63.246315 -278.84201
v -519.958923 63.246315 -276.830292
v -519.533875 63.246315 -272.517792
v -520.043396 64.3180847 -272.567841
v -520.448425 64.3180847 -276.681854
v -520.791687 63.246315 -268.370575
v -523.541199 63.246315 -265.020721
v -523.865662 64.3180847 -265.416351
v -521.243103 64.3180847 -268.611908
v -531.67572 63.246315 -262.55307
v -535.822937 63.246315 -263.811005
v -535.581482 64.3180847 -264.262543
v -531.625427 64.3180847 -263.062469
v -523.541199 63.246315 -265.020721
v -527.36322 63.246315 -262.977875
v -527.511658 64.3180847 -263.467621
v -523.865662 64.3180847 -265.416351
v -525.351501 63.246315 -283.401581
v -522.001404 63.246315 -280.652313
v -522.397156 64.3180847 -280.327606
v -525.592712 64.3180847 -282.950165
v -535.822937 63.246315 -263.811005
v -539.172791 63.246315 -266.560394
v -538.777039 64.3180847 -266.884979
v -535.581482 64.3180847 -264.262543
v -539.458679 64.384079 -278.348358
v -536.968933 64.384079 -281.382294
v -536.969177 43.7559586 -281.382904
v -539.459167 43.7559586 -278.348724
v -533.507263 64.384079 -283.232513
v -533.507507 43.7559586 -283.233124
v -536.969177 43.7559586 -281.382904
v -536.968933 64.384079 -281.382294
v -524.205505 64.384079 -265.830292
v -524.205017 43.7559586 -265.829803
v -521.715027 43.7559586 -268.863983
v -521.715271 64.384079 -268.864349
v -522.810486 43.7559586 -279.988373
v -525.84491 43.7559586 -282.478485
v -525.845154 64.384079 -282.477753
v -522.811218 64.384079 -279.987885
v -531.573425 43.7559586 -263.594574
v -527.666931 43.7559586 -263.97934
v -527.667175 64.384079 -263.980072
v -531.573181 64.384079 -263.595428
v -540.598083 64.384079 -274.592255
v -540.598816 43.7559586 -274.592255
v -540.21405 43.7559586 -270.686005
v -540.213318 64.384079 -270.686249
v -522.810486 43.7559586 -279.988373
v -522.811218 64.384079 -279.987885
v -520.961121 64.384079 -276.526337
v -520.960144 43.7559586 -276.526703
v -533.507263 64.384079 -283.232513
v -529.601257 64.384079 -283.617157
v -529.601013 43.7559586 -283.617889
v -533.507507 43.7559586 -283.233124
v -527.666931 43.7559586 -263.97934
v -524.205017 43.7559586 -265.829803
v -524.205505 64.384079 -265.830292
v -527.667175 64.384079 -263.980072
v -520.575623 43.7559586 -272.620209
v -520.576111 64.384079 -272.620331
v -521.715271 64.384079 -268.864349
v -521.715027 43.7559586 -268.863983
v -535.329285 64.384079 -264.734711
v -538.36322 64.384079 -267.224701
v -538.363708 43.7559586 -267.224213
v -535.329529 43.7559586 -264.7341
v -540.598083 64.384079 -274.592255
v -539.458679 64.384079 -278.348358
v -539.459167 43.7559586 -278.348724
v -540.598816 43.7559586 -274.592255
v -535.329285 64.384079 -264.734711
v -535.329529 43.7559586 -264.7341
v -531.573425 43.7559586 -263.594574
v -531.573181 64.384079 -263.595428
v -522.810486 43.7559586 -279.988373
v -520.960144 43.7559586 -276.526703
v -516.663757 13.7210922 -277.829926
v -519.340027 13.7210922 -282.836761
v -521.715027 43.7559586 -268.863983
v -524.205017 43.7559586 -265.829803
v -521.356873 13.7210922 -262.3591
v -517.755066 13.7210922 -266.747528
v -520.960144 43.7559586 -276.526703
v -520.575623 43.7559586 -272.620209
v -516.107361 13.7210922 -272.180145
v -516.663757 13.7210922 -277.829926
v -520.575623 43.7559586 -272.620209
v -521.715027 43.7559586 -268.863983
v -517.755066 13.7210922 -266.747528
v -516.107361 13.7210922 -272.180145
v -536.969177 43.7559586 -281.382904
v -533.507507 43.7559586 -283.233124
v -534.810974 13.7210922 -287.529755
v -539.817322 13.7210922 -284.853485
v -540.598816 43.7559586 -274.592255
v -539.459167 43.7559586 -278.348724
v -543.419128 13.7210922 -280.465057
v -545.067078 13.7210922 -275.032318
v -538.363708 43.7559586 -267.224213
v -540.21405 43.7559586 -270.686005
v -544.510437 13.7210922 -269.38266
v -541.834412 13.7210922 -264.375946
v -529.601013 43.7559586 -283.617889
v -529.601257 64.384079 -283.617157
v -525.845154 64.384079 -282.477753
v -525.84491 43.7559586 -282.478485
v -534.810974 13.7210922 -287.529755
v -533.507507 43.7559586 -283.233124
v -529.601013 43.7559586 -283.617889
v -529.160828 13.7210922 -288.086273
v -531.573425 43.7559586 -263.594574
v -535.329529 43.7559586 -264.7341
v -537.445984 13.7210922 -260.774384
v -532.013367 13.7210922 -259.126434
v -527.666931 43.7559586 -263.97934
v -531.573425 43.7559586 -263.594574
v -532.013367 13.7210922 -259.126434
v -526.363464 13.7210922 -259.682831
v -540.21405 43.7559586 -270.686005
v -540.598816 43.7559586 -274.592255
v -545.067078 13.7210922 -275.032318
v -544.510437 13.7210922 -269.38266
v -524.205017 43.7559586 -265.829803
v -527.666931 43.7559586 -263.97934
v -526.363464 13.7210922 -259.682831
v -521.356873 13.7210922 -262.3591
v -539.459167 43.7559586 -278.348724
v -536.969177 43.7559586 -281.382904
v -539.817322 13.7210922 -284.853485
v -543.419128 13.7210922 -280.465057
v -535.329529 43.7559586 -264.7341
v -538.363708 43.7559586 -267.224213
v -541.834412 13.7210922 -264.375946
v -537.445984 13.7210922 -260.774384
v -525.84491 43.7559586 -282.478485
v -522.810486 43.7559586 -279.988373
v -519.340027 13.7210922 -282.836761
v -523.72821 13.7210922 -286.438202
v -540.21405 43.7559586 -270.686005
v -538.363708 43.7559586 -267.224213
v -538.36322 64.384079 -267.224701
v -540.213318 64.384079 -270.686249
v -527.667175 64.384079 -263.980072
v -524.205505 64.384079 -265.830292
v -523.865662 64.3180847 -265.416351
v -527.511658 64.3180847 -263.467621
v -531.573181 64.384079 -263.595428
v -527.667175 64.384079 -263.980072
v -527.511658 64.3180847 -263.467621
v -531.625427 64.3180847 -263.062469
v -535.329285 64.384079 -264.734711
v -531.573181 64.384079 -263.595428
v -531.625427 64.3180847 -263.062469
v -535.581482 64.3180847 -264.262543
v -538.36322 64.384079 -267.224701
v -535.329285 64.384079 -264.734711
v -535.581482 64.3180847 -264.262543
v -538.777039 64.3180847 -266.884979
v -540.213318 64.384079 -270.686249
v -538.36322 64.384079 -267.224701
v -538.777039 64.3180847 -266.884979
v -540.725525 64.3180847 -270.530853
v -540.598083 64.384079 -274.592255
v -540.213318 64.384079 -270.686249
v -540.725525 64.3180847 -270.530853
v -541.130798 64.3180847 -274.644745
v -539.458679 64.384079 -278.348358
v -540.598083 64.384079 -274.592255
v -541.130798 64.3180847 -274.644745
v -539.930847 64.3180847 -278.600677
v -536.968933 64.384079 -281.382294
v -539.458679 64.384079 -278.348358
v -539.930847 64.3180847 -278.600677
v -537.308289 64.3180847 -281.796356
v -533.507263 64.384079 -283.232513
v -536.968933 64.384079 -281.382294
v -537.308289 64.3180847 -281.796356
v -533.662781 64.3180847 -283.744965
v -529.601257 64.384079 -283.617157
v -533.507263 64.384079 -283.232513
v -533.662781 64.3180847 -283.744965
v -529.548767 64.3180847 -284.150116
v -525.845154 64.384079 -282.477753
v -529.601257 64.384079 -283.617157
v -529.548767 64.3180847 -284.150116
v -525.592712 64.3180847 -282.950165
v -522.811218 64.384079 -279.987885
v -525.845154 64.384079 -282.477753
v -525.592712 64.3180847 -282.950165
v -522.397156 64.3180847 -280.327606
v -520.961121 64.384079 -276.526337
v -522.811218 64.384079 -279.987885
v -522.397156 64.3180847 -280.327606
v -520.448425 64.3180847 -276.681854
v -520.576111 64.384079 -272.620331
v -520.961121 64.384079 -276.526337
v -520.448425 64.3180847 -276.681854
v -520.043396 64.3180847 -272.567841
v -521.243103 64.3180847 -268.611908
v -521.715271 64.384079 -268.864349
v -520.576111 64.384079 -272.620331
v -520.043396 64.3180847 -272.567841
v -517.165466 16.4363022 -284.621307
v -520.252136 29.8968277 -282.087982
v -524.284851 29.8968277 -285.39743
v -522.402039 16.4363022 -288.919159
v -529.601013 43.7559586 -283.617889
v -525.84491 43.7559586 -282.478485
v -523.72821 13.7210922 -286.438202
v -529.160828 13.7210922 -288.086273
v -529.558289 62.8008537 -284.053314
v -533.63446 62.8008537 -283.651947
v -533.621765 58.4757729 -283.610687
v -529.562439 58.4757729 -284.010468
v -529.498474 63.246315 -284.659515
v -529.558289 62.8008537 -284.053314
v -525.638611 62.8008537 -282.864349
v -525.351501 63.246315 -283.401581
v -529.498474 63.246315 -284.659515
v -533.811218 63.246315 -284.234711
v -533.63446 62.8008537 -283.651947
v -529.558289 62.8008537 -284.053314
v -537.247009 62.8008537 -281.721039
v -537.219421 58.4757729 -281.687714
v -533.621765 58.4757729 -283.610687
v -533.63446 62.8008537 -283.651947
v -533.811218 63.246315 -284.234711
v -537.632996 63.246315 -282.191864
v -537.247009 62.8008537 -281.721039
v -533.63446 62.8008537 -283.651947
v -537.247009 62.8008537 -281.721039
v -539.845154 62.8008537 -278.554901
v -539.807312 58.4757729 -278.534637
v -537.219421 58.4757729 -281.687714
v -540.382507 63.246315 -278.84201
v -539.845154 62.8008537 -278.554901
v -537.247009 62.8008537 -281.721039
v -537.632996 63.246315 -282.191864
v -541.034119 62.8008537 -274.635223
v -540.991394 58.4757729 -274.630951
v -539.807312 58.4757729 -278.534637
v -539.845154 62.8008537 -278.554901
v -541.64032 63.246315 -274.694916
v -541.034119 62.8008537 -274.635223
v -539.845154 62.8008537 -278.554901
v -540.382507 63.246315 -278.84201
v -540.632507 62.8008537 -270.559052
v -540.591492 58.4757729 -270.571503
v -540.991394 58.4757729 -274.630951
v -541.034119 62.8008537 -274.635223
v -541.64032 63.246315 -274.694916
v -541.215515 63.246315 -270.382294
v -540.632507 62.8008537 -270.559052
v -541.034119 62.8008537 -274.635223
v -540.632507 62.8008537 -270.559052
v -538.701843 62.8008537 -266.946747
v -538.66864 58.4757767 -266.973969
v -540.591492 58.4757729 -270.571503
v -535.535828 62.8008537 -264.348236
v -535.51532 58.4757767 -264.3862
v -538.66864 58.4757767 -266.973969
v -538.701843 62.8008537 -266.946747
v -541.215515 63.246315 -270.382294
v -539.172791 63.246315 -266.560394
v -538.701843 62.8008537 -266.946747
v -540.632507 62.8008537 -270.559052
v -535.822937 63.246315 -263.811005
v -535.535828 62.8008537 -264.348236
v -538.701843 62.8008537 -266.946747
v -539.172791 63.246315 -266.560394
v -531.61615 62.8008537 -263.159271
v -531.611755 58.4757767 -263.202118
v -535.51532 58.4757767 -264.3862
v -535.535828 62.8008537 -264.348236
v -531.61615 62.8008537 -263.159271
v -527.539734 62.8008537 -263.560638
v -527.552429 58.4757767 -263.601898
v -531.611755 58.4757767 -263.202118
v -531.67572 63.246315 -262.55307
v -531.61615 62.8008537 -263.159271
v -535.535828 62.8008537 -264.348236
v -535.822937 63.246315 -263.811005
v -531.67572 63.246315 -262.55307
v -527.36322 63.246315 -262.977875
v -527.539734 62.8008537 -263.560638
v -531.61615 62.8008537 -263.159271
v -527.539734 62.8008537 -263.560638
v -523.927429 62.8008537 -265.491547
v -523.954773 58.4757767 -265.524872
v -527.552429 58.4757767 -263.601898
v -527.36322 63.246315 -262.977875
v -523.541199 63.246315 -265.020721
v -523.927429 62.8008537 -265.491547
v -527.539734 62.8008537 -263.560638
v -523.927429 62.8008537 -265.491547
v -521.329041 62.8008537 -268.657684
v -521.367126 58.4757729 -268.67807
v -523.954773 58.4757767 -265.524872
v -520.140076 62.8008537 -272.577362
v -520.1828 58.4757729 -272.581512
v -521.367126 58.4757729 -268.67807
v -521.329041 62.8008537 -268.657684
v -523.541199 63.246315 -265.020721
v -520.791687 63.246315 -268.370575
v -521.329041 62.8008537 -268.657684
v -523.927429 62.8008537 -265.491547
v -520.541443 62.8008537 -276.653656
v -520.582703 58.4757729 -276.641205
v -520.1828 58.4757729 -272.581512
v -520.140076 62.8008537 -272.577362
v -520.791687 63.246315 -268.370575
v -519.533875 63.246315 -272.517792
v -520.140076 62.8008537 -272.577362
v -521.329041 62.8008537 -268.657684
v -519.958923 63.246315 -276.830292
v -520.541443 62.8008537 -276.653656
v -520.140076 62.8008537 -272.577362
v -519.533875 63.246315 -272.517792
v -522.472351 62.8008537 -280.265961
v -522.505554 58.4757729 -280.238617
v -520.582703 58.4757729 -276.641205
v -520.541443 62.8008537 -276.653656
v -522.001404 63.246315 -280.652313
v -522.472351 62.8008537 -280.265961
v -520.541443 62.8008537 -276.653656
v -519.958923 63.246315 -276.830292
v -525.638611 62.8008537 -282.864349
v -525.658875 58.4757729 -282.826385
v -522.505554 58.4757729 -280.238617
v -522.472351 62.8008537 -280.265961
v -525.351501 63.246315 -283.401581
v -525.638611 62.8008537 -282.864349
v -522.472351 62.8008537 -280.265961
v -522.001404 63.246315 -280.652313
v -525.638611 62.8008537 -282.864349
v -529.558289 62.8008537 -284.053314
v -529.562439 58.4757729 -284.010468
v -525.658875 58.4757729 -282.826385
v -516.579529 13.3208771 -259.598846
v -517.562195 14.0335541 -260.581512
v -515.271423 14.0335541 -263.372772
v -514.115906 13.3208771 -262.600677
v -656.567322 156.153488 -114.608246
v -655.534851 156.153488 -112.11618
v -655.397888 155.496078 -112.253021
v -656.373718 155.496078 -114.608124
v -816.454407 111.991173 -118.902802
v -815.685242 111.991173 -119.671967
v -818.183167 111.991173 -120.706757
v -818.183167 111.991173 -119.618866
v -819.911926 111.991173 -118.902802
v -820.681213 111.991173 -119.672089
v -821.715881 111.991173 -117.17392
v -820.628113 111.991173 -117.17392
v -821.715881 111.991173 -117.17392
v -820.681213 111.991173 -114.675995
v -819.912048 111.991173 -115.44516
v -819.912048 111.991173 -115.44516
v -819.93866 108.724892 -115.418671
v -820.665222 108.724892 -117.17392
v -820.628113 111.991173 -117.17392
v -819.911926 111.991173 -118.902802
v -820.628113 111.991173 -117.17392
v -820.665222 108.724892 -117.17392
v -819.938416 108.724892 -118.929169
v -818.183167 111.991173 -119.618866
v -818.183167 111.991173 -120.706757
v -820.681213 111.991173 -119.672089
v -819.911926 111.991173 -118.902802
v -818.183289 111.991173 -114.728973
v -816.454285 111.991173 -115.44516
v -816.42804 108.724892 -115.418671
v -818.183411 108.724892 -114.691742
v -650.687439 155.496078 -112.253021
v -650.740173 151.345306 -112.305389
v -653.042908 151.345276 -111.351532
v -653.042908 155.496078 -111.277313
v -653.043152 151.068024 -117.867889
v -653.042908 151.068024 -119.318451
v -656.373474 151.068024 -117.938934
v -655.347839 151.068024 -116.9133
v -656.373718 155.496078 -114.608124
v -656.299255 151.345291 -114.608246
v -655.345886 151.345276 -116.910858
v -655.398132 155.496078 -116.963348
v -656.370056 151.345276 -117.935394
v -655.345886 151.345276 -116.910858
v -656.299255 151.345291 -114.608246
v -657.74823 151.345276 -114.608124
v -653.042908 151.345276 -119.313568
v -655.345886 151.345276 -116.910858
v -653.042664 151.345291 -117.864716
v -649.715515 151.345276 -117.935516
v -650.740417 151.345276 -116.910858
v -653.042908 151.345276 -119.313568
v -649.712341 155.496078 -114.608124
v -649.786316 151.345291 -114.608124
v -650.740173 151.345306 -112.305389
v -650.687439 155.496078 -112.253021
v -655.397888 155.496078 -112.253021
v -655.345642 151.345306 -112.305389
v -656.299255 151.345291 -114.608246
v -656.373718 155.496078 -114.608124
v -648.337585 151.345276 -114.608124
v -649.786316 151.345291 -114.608124
v -650.740417 151.345276 -116.910858
v -649.715515 151.345276 -117.935516
v -650.687683 155.496078 -116.963348
v -650.740417 151.345276 -116.910858
v -649.786316 151.345291 -114.608124
v -649.712341 155.496078 -114.608124
v -653.042908 155.496078 -111.277313
v -653.042908 151.345276 -111.351532
v -655.345642 151.345306 -112.305389
v -655.397888 155.496078 -112.253021
v -653.042908 151.068024 -111.348358
v -653.042908 151.068024 -109.897919
v -649.712097 151.068024 -111.277435
v -650.737732 151.068024 -112.30307
v -648.332458 151.068024 -114.608124
v -649.782898 151.068024 -114.608246
v -649.712097 151.068024 -117.938934
v -650.737732 151.068024 -116.9133
v -655.398132 155.496078 -116.963348
v -655.345886 151.345276 -116.910858
v -653.042664 151.345291 -117.864716
v -653.042664 155.496078 -117.938934
v -657.74823 151.345276 -114.608124
v -656.299255 151.345291 -114.608246
v -655.345642 151.345306 -112.305389
v -656.3703 151.345276 -111.280975
v -656.3703 151.345276 -111.280975
v -653.042908 151.345276 -111.351532
v -653.042664 151.345276 -109.902802
v -650.740417 151.345276 -116.910858
v -650.687683 155.496078 -116.963348
v -653.042664 155.496078 -117.938934
v -653.042664 151.345291 -117.864716
v -655.347839 151.068024 -112.303192
v -656.373474 151.068024 -111.277557
v -653.042908 151.068024 -109.897919
v -653.042908 151.068024 -111.348358
v -656.302673 151.068024 -114.608124
v -656.373474 151.068024 -111.277557
v -657.753113 151.068024 -114.608246
v -655.347839 151.068024 -116.9133
v -656.373474 151.068024 -117.938934
v -653.042664 151.345276 -109.902802
v -653.042908 151.345276 -111.351532
v -650.740173 151.345306 -112.305389
v -649.715759 151.345276 -111.280975
v -650.737732 151.068024 -116.9133
v -649.712097 151.068024 -117.938934
v -653.042908 151.068024 -119.318451
v -653.043152 151.068024 -117.867889
v -656.370056 151.345276 -117.935394
v -656.373474 151.068024 -117.938934
v -653.042908 151.068024 -119.318451
v -653.042908 151.345276 -119.313568
v -649.715759 151.345276 -111.280975
v -649.712097 151.068024 -111.277435
v -653.042908 151.068024 -109.897919
v -653.042664 151.345276 -109.902802
v -649.715759 151.345276 -111.280975
v -650.740173 151.345306 -112.305389
v -649.786316 151.345291 -114.608124
v -648.337585 151.345276 -114.608124
v -653.042908 151.345276 -119.313568
v -653.042908 151.068024 -119.318451
v -649.712097 151.068024 -117.938934
v -649.715515 151.345276 -117.935516
v -648.337585 151.345276 -114.608124
v -648.332458 151.068024 -114.608124
v -649.712097 151.068024 -111.277435
v -649.715759 151.345276 -111.280975
v -653.042664 151.345276 -109.902802
v -653.042908 151.068024 -109.897919
v -656.373474 151.068024 -111.277557
v -656.3703 151.345276 -111.280975
v -648.337585 151.345276 -114.608124
v -649.715515 151.345276 -117.935516
v -649.712097 151.068024 -117.938934
v -648.332458 151.068024 -114.608124
v -657.74823 151.345276 -114.608124
v -657.753113 151.068024 -114.608246
v -656.373474 151.068024 -117.938934
v -656.370056 151.345276 -117.935394
v -656.3703 151.345276 -111.280975
v -656.373474 151.068024 -111.277557
v -657.753113 151.068024 -114.608246
v -657.74823 151.345276 -114.608124
v -650.687439 155.496078 -112.253021
v -650.550964 156.153488 -112.116058
v -649.518494 156.153488 -114.608124
v -649.712341 155.496078 -114.608124
v -656.567322 156.153488 -114.608246
v -655.534851 156.153488 -117.100311
v -654.702332 156.153503 -116.267426
v -655.389587 156.153488 -114.608124
v -653.042908 156.153473 -112.261688
v -653.042908 156.153488 -111.08371
v -655.534851 156.153488 -112.11618
v -654.702332 156.153473 -112.948822
v -655.534851 156.153488 -112.11618
v -655.389587 156.153488 -114.608124
v -656.567322 156.153488 -114.608246
v -656.373718 155.496078 -114.608124
v -655.398132 155.496078 -116.963348
v -655.534851 156.153488 -117.100311
v -656.567322 156.153488 -114.608246
v -650.687683 155.496078 -116.963348
v -649.712341 155.496078 -114.608124
v -649.518494 156.153488 -114.608124
v -650.55072 156.153488 -117.100311
v -650.55072 156.153488 -117.100311
v -653.042664 156.153488 -118.132538
v -653.042664 155.496078 -117.938934
v -650.687683 155.496078 -116.963348
v -653.042908 156.153503 -116.954681
v -653.042664 156.153488 -118.132538
v -650.55072 156.153488 -117.100311
v -651.383484 156.153503 -116.267548
v -654.702332 156.153503 -116.267426
v -655.534851 156.153488 -117.100311
v -653.042664 156.153488 -118.132538
v -653.042908 156.153503 -116.954681
v -650.696228 156.153488 -114.608246
v -649.518494 156.153488 -114.608124
v -650.550964 156.153488 -112.116058
v -651.383728 156.153473 -112.948822
v -653.042664 156.153488 -118.132538
v -655.534851 156.153488 -117.100311
v -655.398132 155.496078 -116.963348
v -653.042664 155.496078 -117.938934
v -651.383484 156.153503 -116.267548
v -650.55072 156.153488 -117.100311
v -649.518494 156.153488 -114.608124
v -650.696228 156.153488 -114.608246
v -655.534851 156.153488 -112.11618
v -653.042908 156.153488 -111.08371
v -653.042908 155.496078 -111.277313
v -655.397888 155.496078 -112.253021
v -651.383728 156.153473 -112.948822
v -650.550964 156.153488 -112.116058
v -653.042908 156.153488 -111.08371
v -653.042908 156.153473 -112.261688
v -653.042908 151.068024 -111.348358
v -650.737732 151.068024 -112.30307
v -650.70282 146.712982 -112.267914
v -653.042664 146.712997 -111.298676
v -650.70282 146.712982 -112.267914
v -650.667419 142.257248 -112.232758
v -653.042908 142.257248 -111.248871
v -653.042664 146.712997 -111.298676
v -650.667419 142.257248 -112.232758
v -650.632507 137.801483 -112.197601
v -653.042908 137.801483 -111.199188
v -653.042908 142.257248 -111.248871
v -650.632507 137.801483 -112.197601
v -650.597107 133.345764 -112.162445
v -653.042908 133.345764 -111.149384
v -653.042908 137.801483 -111.199188
v -819.911926 111.991173 -118.902802
v -819.938416 108.724892 -118.929169
v -818.183289 108.724892 -119.656097
v -818.183167 111.991173 -119.618866
v -818.183289 111.991173 -114.728973
v -818.183289 111.991173 -113.641205
v -815.684998 111.991173 -114.675873
v -816.454285 111.991173 -115.44516
v -655.347839 151.068024 -116.9133
v -656.302673 151.068024 -114.608124
v -656.352478 146.712982 -114.608124
v -655.38324 146.712982 -116.948456
v -656.352478 146.712982 -114.608124
v -656.402039 142.257248 -114.608124
v -655.418396 142.257248 -116.98349
v -655.38324 146.712982 -116.948456
v -656.402039 142.257248 -114.608124
v -656.451843 137.801483 -114.608124
v -655.453552 137.801483 -117.018768
v -655.418396 142.257248 -116.98349
v -656.451843 137.801483 -114.608124
v -656.501648 133.345764 -114.608124
v -655.488464 133.345764 -117.053925
v -655.453552 137.801483 -117.018768
v -655.488464 133.345764 -117.053925
v -656.501648 133.345764 -114.608124
v -657.595886 20.0544357 -114.608124
v -656.26239 20.0544357 -117.827484
v -649.782898 151.068024 -114.608246
v -649.733582 146.712982 -114.608124
v -650.70282 146.712982 -112.267914
v -650.737732 151.068024 -112.30307
v -649.733582 146.712982 -114.608124
v -649.683533 142.257248 -114.608246
v -650.667419 142.257248 -112.232758
v -650.70282 146.712982 -112.267914
v -649.683533 142.257248 -114.608246
v -649.633728 137.801483 -114.608246
v -650.632507 137.801483 -112.197601
v -650.667419 142.257248 -112.232758
v -649.633728 137.801483 -114.608246
v -649.584167 133.345764 -114.608124
v -650.597107 133.345764 -112.162445
v -650.632507 137.801483 -112.197601
v -655.488708 133.345764 -112.162445
v -653.042908 133.345764 -111.149384
v -653.042908 20.0544357 -110.055389
v -656.26239 20.0544357 -111.388885
v -653.042908 133.345764 -111.149384
v -650.597107 133.345764 -112.162445
v -649.823669 20.0544357 -111.388885
v -653.042908 20.0544357 -110.055389
v -655.347839 151.068024 -112.303192
v -655.382996 146.712982 -112.268036
v -656.352478 146.712982 -114.608124
v -656.302673 151.068024 -114.608124
v -655.382996 146.712982 -112.268036
v -655.418152 142.257248 -112.23288
v -656.402039 142.257248 -114.608124
v -656.352478 146.712982 -114.608124
v -655.418152 142.257248 -112.23288
v -655.453552 137.801483 -112.197601
v -656.451843 137.801483 -114.608124
v -656.402039 142.257248 -114.608124
v -655.453552 137.801483 -112.197601
v -655.488708 133.345764 -112.162445
v -656.501648 133.345764 -114.608124
v -656.451843 137.801483 -114.608124
v -653.042908 133.345764 -118.066986
v -655.488464 133.345764 -117.053925
v -656.26239 20.0544357 -117.827484
v -653.042664 20.0544357 -119.16098
v -816.454407 111.991173 -118.902802
v -816.42804 108.724892 -118.929169
v -815.701233 108.724892 -117.17392
v -815.738342 111.991173 -117.174042
v -650.737732 151.068024 -116.9133
v -650.702576 146.712982 -116.948456
v -649.733582 146.712982 -114.608124
v -649.782898 151.068024 -114.608246
v -650.702576 146.712982 -116.948456
v -650.667664 142.257248 -116.98349
v -649.683533 142.257248 -114.608246
v -649.733582 146.712982 -114.608124
v -650.667664 142.257248 -116.98349
v -650.632507 137.801483 -117.018768
v -649.633728 137.801483 -114.608246
v -649.683533 142.257248 -114.608246
v -650.632507 137.801483 -117.018768
v -650.597107 133.345764 -117.053925
v -649.584167 133.345764 -114.608124
v -649.633728 137.801483 -114.608246
v -653.042664 20.0544357 -119.16098
v -649.823669 20.0544357 -117.827484
v -650.597107 133.345764 -117.053925
v -653.042908 133.345764 -118.066986
v -815.738342 111.991173 -117.174042
v -814.650574 111.991173 -117.173798
v -815.685242 111.991173 -119.671967
v -816.454407 111.991173 -118.902802
v -653.042908 151.068024 -111.348358
v -653.042664 146.712997 -111.298676
v -655.382996 146.712982 -112.268036
v -655.347839 151.068024 -112.303192
v -653.042664 146.712997 -111.298676
v -653.042908 142.257248 -111.248871
v -655.418152 142.257248 -112.23288
v -655.382996 146.712982 -112.268036
v -653.042908 142.257248 -111.248871
v -653.042908 137.801483 -111.199188
v -655.453552 137.801483 -112.197601
v -655.418152 142.257248 -112.23288
v -653.042908 137.801483 -111.199188
v -653.042908 133.345764 -111.149384
v -655.488708 133.345764 -112.162445
v -655.453552 137.801483 -112.197601
v -818.183289 111.991173 -114.728973
v -818.183411 108.724892 -114.691742
v -819.93866 108.724892 -115.418671
v -819.912048 111.991173 -115.44516
v -816.42804 108.724892 -118.929169
v -816.454407 111.991173 -118.902802
v -818.183167 111.991173 -119.618866
v -818.183289 108.724892 -119.656097
v -655.347839 151.068024 -116.9133
v -655.38324 146.712982 -116.948456
v -653.042664 146.712982 -117.917694
v -653.043152 151.068024 -117.867889
v -655.38324 146.712982 -116.948456
v -655.418396 142.257248 -116.98349
v -653.042908 142.257248 -117.967499
v -653.042664 146.712982 -117.917694
v -655.418396 142.257248 -116.98349
v -655.453552 137.801483 -117.018768
v -653.042908 137.801483 -118.017303
v -653.042908 142.257248 -117.967499
v -655.453552 137.801483 -117.018768
v -655.488464 133.345764 -117.053925
v -653.042908 133.345764 -118.066986
v -653.042908 137.801483 -118.017303
v -648.490173 20.0544357 -114.608124
v -649.584167 133.345764 -114.608124
v -650.597107 133.345764 -117.053925
v -649.823669 20.0544357 -117.827484
v -815.738342 111.991173 -117.174042
v -815.701233 108.724892 -117.17392
v -816.42804 108.724892 -115.418671
v -816.454285 111.991173 -115.44516
v -656.501648 133.345764 -114.608124
v -655.488708 133.345764 -112.162445
v -656.26239 20.0544357 -111.388885
v -657.595886 20.0544357 -114.608124
v -650.702576 146.712982 -116.948456
v -650.737732 151.068024 -116.9133
v -653.043152 151.068024 -117.867889
v -653.042664 146.712982 -117.917694
v -650.667664 142.257248 -116.98349
v -650.702576 146.712982 -116.948456
v -653.042664 146.712982 -117.917694
v -653.042908 142.257248 -117.967499
v -650.632507 137.801483 -117.018768
v -650.667664 142.257248 -116.98349
v -653.042908 142.257248 -117.967499
v -653.042908 137.801483 -118.017303
v -650.597107 133.345764 -117.053925
v -650.632507 137.801483 -117.018768
v -653.042908 137.801483 -118.017303
v -653.042908 133.345764 -118.066986
v -816.454285 111.991173 -115.44516
v -815.684998 111.991173 -114.675873
v -814.650574 111.991173 -117.173798
v -815.738342 111.991173 -117.174042
v -650.696228 156.153488 -114.608246
v -650.696228 151.237854 -114.608246
v -651.383484 151.237854 -116.267548
v -651.383484 156.153503 -116.267548
v -651.383484 156.153503 -116.267548
v -651.383484 151.237854 -116.267548
v -653.042908 151.237854 -116.954681
v -653.042908 156.153503 -116.954681
v -653.042908 156.153473 -112.261688
v -653.042908 151.237854 -112.261688
v -651.383728 151.237854 -112.948822
v -651.383728 156.153473 -112.948822
v -654.702332 156.153503 -116.267426
v -654.702332 151.237854 -116.267426
v -655.389587 151.237854 -114.608124
v -655.389587 156.153488 -114.608124
v -651.383728 156.153473 -112.948822
v -651.383728 151.237854 -112.948822
v -650.696228 151.237854 -114.608246
v -650.696228 156.153488 -114.608246
v -654.702332 156.153473 -112.948822
v -654.702332 151.237854 -112.948822
v -653.042908 151.237854 -112.261688
v -653.042908 156.153473 -112.261688
v -653.042908 156.153503 -116.954681
v -653.042908 151.237854 -116.954681
v -654.702332 151.237854 -116.267426
v -654.702332 156.153503 -116.267426
v -655.389587 156.153488 -114.608124
v -655.389587 151.237854 -114.608124
v -654.702332 151.237854 -112.948822
v -654.702332 156.153473 -112.948822
v -819.912048 111.991173 -115.44516
v -820.681213 111.991173 -114.675995
v -818.183289 111.991173 -113.641205
v -818.183289 111.991173 -114.728973
v -650.550964 156.153488 -112.116058
v -650.687439 155.496078 -112.253021
v -653.042908 155.496078 -111.277313
v -653.042908 156.153488 -111.08371
v -654.702332 151.237854 -116.267426
v -653.042908 151.237854 -116.954681
v -651.383484 151.237854 -116.267548
v -650.696228 151.237854 -114.608246
v -655.389587 151.237854 -114.608124
v -651.383728 151.237854 -112.948822
v -654.702332 151.237854 -112.948822
v -653.042908 151.237854 -112.261688
v -820.826477 115.80526 -117.17392
v -820.052429 115.80526 -115.304779
v -819.949768 115.31221 -115.40744
v -820.681458 115.31221 -117.17392
v -818.183289 98.6994858 -119.768036
v -818.183289 13.7309875 -120.588593
v -815.76886 13.7309875 -119.588348
v -816.348938 98.6994858 -119.00827
v -820.777527 98.6994858 -117.17392
v -820.017517 98.6994858 -115.339691
v -820.597839 13.7309875 -114.759491
v -821.597961 13.7309875 -117.17392
v -816.348938 98.6994858 -119.00827
v -815.76886 13.7309875 -119.588348
v -814.768738 13.7309875 -117.17392
v -815.589172 98.6994858 -117.174042
v -820.017517 98.6994858 -115.339691
v -818.183411 98.6994858 -114.579803
v -818.183289 13.7309875 -113.759369
v -820.597839 13.7309875 -114.759491
v -818.183289 98.6994858 -119.768036
v -820.017639 98.6994858 -119.00827
v -820.597717 13.7309875 -119.58847
v -818.183289 13.7309875 -120.588593
v -818.183411 98.6994858 -114.579803
v -816.34906 98.6994858 -115.339569
v -815.768738 13.7309875 -114.759491
v -818.183289 13.7309875 -113.759369
v -816.34906 98.6994858 -115.339569
v -815.589172 98.6994858 -117.174042
v -814.768738 13.7309875 -117.17392
v -815.768738 13.7309875 -114.759491
v -816.416809 115.31221 -115.40744
v -816.455994 112.199127 -115.446869
v -818.183167 112.199104 -114.731537
v -818.183289 115.31221 -114.675873
v -820.681458 115.31221 -117.17392
v -820.625671 112.19912 -117.17392
v -819.910461 112.199104 -118.901093
v -819.949646 115.31221 -118.940277
v -820.678772 112.199104 -119.669403
v -819.910461 112.199104 -118.901093
v -820.625671 112.19912 -117.17392
v -821.712219 112.199104 -117.17392
v -821.712219 112.199104 -117.17392
v -819.910461 112.199127 -115.446747
v -820.678772 112.199104 -114.678436
v -815.685242 115.31221 -117.17392
v -815.740906 112.19912 -117.17392
v -816.455994 112.199127 -115.446869
v -816.416809 115.31221 -115.40744
v -819.949768 115.31221 -115.40744
v -819.910461 112.199127 -115.446747
v -820.625671 112.19912 -117.17392
v -820.681458 115.31221 -117.17392
v -814.654236 112.199104 -117.17392
v -816.456238 112.199104 -118.90097
v -815.687927 112.199104 -119.669403
v -815.740906 112.19912 -117.17392
v -815.687927 112.199104 -114.678436
v -816.455994 112.199127 -115.446869
v -814.654236 112.199104 -117.17392
v -818.183044 112.199104 -113.644989
v -816.455994 112.199127 -115.446869
v -818.183167 112.199104 -114.731537
v -816.416931 115.31221 -118.940277
v -816.456238 112.199104 -118.90097
v -815.740906 112.19912 -117.17392
v -815.685242 115.31221 -117.17392
v -818.183167 112.199104 -120.703094
v -818.183289 112.19912 -119.616302
v -819.910461 112.199104 -118.901093
v -820.678772 112.199104 -119.669403
v -818.183289 115.31221 -114.675873
v -818.183167 112.199104 -114.731537
v -819.910461 112.199127 -115.446747
v -819.949768 115.31221 -115.40744
v -819.949646 115.31221 -118.940277
v -819.910461 112.199104 -118.901093
v -818.183289 112.19912 -119.616302
v -818.183289 115.31221 -119.671967
v -816.456238 112.199104 -118.90097
v -816.416931 115.31221 -118.940277
v -818.183289 115.31221 -119.671967
v -818.183289 112.19912 -119.616302
v -820.678772 112.199104 -119.669403
v -820.681213 111.991173 -119.672089
v -818.183167 111.991173 -120.706757
v -818.183167 112.199104 -120.703094
v -820.678772 112.199104 -114.678436
v -819.910461 112.199127 -115.446747
v -818.183167 112.199104 -114.731537
v -818.183044 112.199104 -113.644989
v -815.687927 112.199104 -114.678436
v -815.684998 111.991173 -114.675873
v -818.183289 111.991173 -113.641205
v -818.183044 112.199104 -113.644989
v -818.183167 112.199104 -120.703094
v -818.183167 111.991173 -120.706757
v -815.685242 111.991173 -119.671967
v -815.687927 112.199104 -119.669403
v -815.687927 112.199104 -119.669403
v -816.456238 112.199104 -118.90097
v -818.183289 112.19912 -119.616302
v -818.183167 112.199104 -120.703094
v -814.654236 112.199104 -117.17392
v -814.650574 111.991173 -117.173798
v -815.684998 111.991173 -114.675873
v -815.687927 112.199104 -114.678436
v -818.183044 112.199104 -113.644989
v -818.183289 111.991173 -113.641205
v -820.681213 111.991173 -114.675995
v -820.678772 112.199104 -114.678436
v -814.654236 112.199104 -117.17392
v -815.687927 112.199104 -119.669403
v -815.685242 111.991173 -119.671967
v -814.650574 111.991173 -117.173798
v -821.712219 112.199104 -117.17392
v -821.715881 111.991173 -117.17392
v -820.681213 111.991173 -119.672089
v -820.678772 112.199104 -119.669403
v -820.678772 112.199104 -114.678436
v -820.681213 111.991173 -114.675995
v -821.715881 111.991173 -117.17392
v -821.712219 112.199104 -117.17392
v -816.416809 115.31221 -115.40744
v -816.314148 115.80526 -115.304901
v -815.539978 115.80526 -117.17392
v -815.685242 115.31221 -117.17392
v -820.826477 115.80526 -117.17392
v -820.052307 115.80526 -119.042938
v -819.427673 115.805275 -118.418427
v -819.94342 115.80526 -117.17392
v -818.183289 115.805252 -115.41391
v -818.183167 115.80526 -114.530731
v -820.052429 115.80526 -115.304779
v -819.427795 115.805252 -115.929413
v -820.052429 115.80526 -115.304779
v -819.94342 115.80526 -117.17392
v -820.826477 115.80526 -117.17392
v -820.681458 115.31221 -117.17392
v -819.949646 115.31221 -118.940277
v -820.052307 115.80526 -119.042938
v -820.826477 115.80526 -117.17392
v -816.416931 115.31221 -118.940277
v -815.685242 115.31221 -117.17392
v -815.539978 115.80526 -117.17392
v -816.314026 115.80526 -119.042938
v -816.314026 115.80526 -119.042938
v -818.183044 115.80526 -119.81723
v -818.183289 115.31221 -119.671967
v -816.416931 115.31221 -118.940277
v -818.183411 115.805275 -118.933807
v -818.183044 115.80526 -119.81723
v -816.314026 115.80526 -119.042938
v -816.938904 115.805275 -118.418304
v -819.427673 115.805275 -118.418427
v -820.052307 115.80526 -119.042938
v -818.183044 115.80526 -119.81723
v -818.183411 115.805275 -118.933807
v -816.423279 115.80526 -117.17392
v -815.539978 115.80526 -117.17392
v -816.314148 115.80526 -115.304901
v -816.938782 115.805252 -115.929413
v -818.183044 115.80526 -119.81723
v -820.052307 115.80526 -119.042938
v -819.949646 115.31221 -118.940277
v -818.183289 115.31221 -119.671967
v -816.938904 115.805275 -118.418304
v -816.314026 115.80526 -119.042938
v -815.539978 115.80526 -117.17392
v -816.423279 115.80526 -117.17392
v -820.052429 115.80526 -115.304779
v -818.183167 115.80526 -114.530731
v -818.183289 115.31221 -114.675873
v -819.949768 115.31221 -115.40744
v -816.938782 115.805252 -115.929413
v -816.314148 115.80526 -115.304901
v -818.183167 115.80526 -114.530731
v -818.183289 115.805252 -115.41391
v -816.42804 108.724892 -115.418671
v -816.40155 105.383095 -115.392426
v -818.183167 105.383095 -114.65451
v -818.183411 108.724892 -114.691742
v -816.40155 105.383095 -115.392426
v -816.375305 102.041283 -115.366058
v -818.183289 102.041283 -114.617157
v -818.183167 105.383095 -114.65451
v -816.375305 102.041283 -115.366058
v -816.34906 98.6994858 -115.339569
v -818.183411 98.6994858 -114.579803
v -818.183289 102.041283 -114.617157
v -820.665222 108.724892 -117.17392
v -820.702698 105.383095 -117.17392
v -819.964905 105.383095 -118.955414
v -819.938416 108.724892 -118.929169
v -820.702698 105.383095 -117.17392
v -820.740173 102.041283 -117.17392
v -819.99115 102.041283 -118.981903
v -819.964905 105.383095 -118.955414
v -820.740173 102.041283 -117.17392
v -820.777527 98.6994858 -117.17392
v -820.017639 98.6994858 -119.00827
v -819.99115 102.041283 -118.981903
v -815.701233 108.724892 -117.17392
v -815.663757 105.383095 -117.17392
v -816.40155 105.383095 -115.392426
v -816.42804 108.724892 -115.418671
v -815.663757 105.383095 -117.17392
v -815.626648 102.041283 -117.17392
v -816.375305 102.041283 -115.366058
v -816.40155 105.383095 -115.392426
v -815.626648 102.041283 -117.17392
v -815.589172 98.6994858 -117.174042
v -816.34906 98.6994858 -115.339569
v -816.375305 102.041283 -115.366058
v -819.93866 108.724892 -115.418671
v -819.964661 105.383095 -115.392426
v -820.702698 105.383095 -117.17392
v -820.665222 108.724892 -117.17392
v -819.964661 105.383095 -115.392426
v -819.991028 102.041283 -115.366058
v -820.740173 102.041283 -117.17392
v -820.702698 105.383095 -117.17392
v -819.991028 102.041283 -115.366058
v -820.017517 98.6994858 -115.339691
v -820.777527 98.6994858 -117.17392
v -820.740173 102.041283 -117.17392
v -816.42804 108.724892 -118.929169
v -816.401794 105.383095 -118.955414
v -815.663757 105.383095 -117.17392
v -815.701233 108.724892 -117.17392
v -816.401794 105.383095 -118.955414
v -816.375183 102.041283 -118.981903
v -815.626648 102.041283 -117.17392
v -815.663757 105.383095 -117.17392
v -816.375183 102.041283 -118.981903
v -816.348938 98.6994858 -119.00827
v -815.589172 98.6994858 -117.174042
v -815.626648 102.041283 -117.17392
v -818.183411 108.724892 -114.691742
v -818.183167 105.383095 -114.65451
v -819.964661 105.383095 -115.392426
v -819.93866 108.724892 -115.418671
v -818.183167 105.383095 -114.65451
v -818.183289 102.041283 -114.617157
v -819.991028 102.041283 -115.366058
v -819.964661 105.383095 -115.392426
v -818.183289 102.041283 -114.617157
v -818.183411 98.6994858 -114.579803
v -820.017517 98.6994858 -115.339691
v -819.991028 102.041283 -115.366058
v -819.938416 108.724892 -118.929169
v -819.964905 105.383095 -118.955414
v -818.183289 105.383095 -119.693329
v -818.183289 108.724892 -119.656097
v -819.964905 105.383095 -118.955414
v -819.99115 102.041283 -118.981903
v -818.183167 102.041283 -119.730682
v -818.183289 105.383095 -119.693329
v -819.99115 102.041283 -118.981903
v -820.017639 98.6994858 -119.00827
v -818.183289 98.6994858 -119.768036
v -818.183167 102.041283 -119.730682
v -816.401794 105.383095 -118.955414
v -816.42804 108.724892 -118.929169
v -818.183289 108.724892 -119.656097
v -818.183289 105.383095 -119.693329
v -816.375183 102.041283 -118.981903
v -816.401794 105.383095 -118.955414
v -818.183289 105.383095 -119.693329
v -818.183167 102.041283 -119.730682
v -816.348938 98.6994858 -119.00827
v -816.375183 102.041283 -118.981903
v -818.183167 102.041283 -119.730682
v -818.183289 98.6994858 -119.768036
v -820.017639 98.6994858 -119.00827
v -820.777527 98.6994858 -117.17392
v -821.597961 13.7309875 -117.17392
v -820.597717 13.7309875 -119.58847
v -816.423279 115.80526 -117.17392
v -816.423279 112.118546 -117.17392
v -816.938904 112.118546 -118.418304
v -816.938904 115.805275 -118.418304
v -816.938904 115.805275 -118.418304
v -816.938904 112.118546 -118.418304
v -818.183411 112.118546 -118.933807
v -818.183411 115.805275 -118.933807
v -818.183289 115.805252 -115.41391
v -818.183289 112.118546 -115.41391
v -816.938782 112.118546 -115.929413
v -816.938782 115.805252 -115.929413
v -819.427673 115.805275 -118.418427
v -819.427673 112.118546 -118.418427
v -819.94342 112.118546 -117.17392
v -819.94342 115.80526 -117.17392
v -816.938782 115.805252 -115.929413
v -816.938782 112.118546 -115.929413
v -816.423279 112.118546 -117.17392
v -816.423279 115.80526 -117.17392
v -819.427795 115.805252 -115.929413
v -819.427795 112.118546 -115.929413
v -818.183289 112.118546 -115.41391
v -818.183289 115.805252 -115.41391
v -818.183411 115.805275 -118.933807
v -818.183411 112.118546 -118.933807
v -819.427673 112.118546 -118.418427
v -819.427673 115.805275 -118.418427
v -819.94342 115.80526 -117.17392
v -819.94342 112.118546 -117.17392
v -819.427795 112.118546 -115.929413
v -819.427795 115.805252 -115.929413
v -816.314148 115.80526 -115.304901
v -816.416809 115.31221 -115.40744
v -818.183289 115.31221 -114.675873
v -818.183167 115.80526 -114.530731
v -819.427673 112.118546 -118.418427
v -818.183411 112.118546 -118.933807
v -816.938904 112.118546 -118.418304
v -819.94342 112.118546 -117.17392
v -816.423279 112.118546 -117.17392
v -819.427795 112.118546 -115.929413
v -816.938782 112.118546 -115.929413
v -818.183289 112.118546 -115.41391
v -649.823669 20.0544357 -111.388885
v -650.597107 133.345764 -112.162445
v -649.584167 133.345764 -114.608124
v -648.490173 20.0544357 -114.608124
v 122.097168 35.394165 -28.0728264
v 127.019524 35.394165 -29.6721916
v 131.942139 35.394165 -28.0728283
v 134.984634 35.394165 -23.8856945
v 119.055176 35.394165 -23.8855724
v 134.98439 35.394165 -18.7097912
v 119.054932 35.394165 -18.7097912
v 122.097168 35.394165 -14.5225353
v 131.942154 35.394165 -14.5225353
v 127.019768 35.394165 -12.9232922
v 119.054932 35.394165 -18.7097912
v 122.097168 35.394165 -14.5225353
v 122.097168 35.094162 -14.5225353
v 119.054932 35.094162 -18.7097912
v 127.019524 35.394165 -29.6721916
v 122.097168 35.394165 -28.0728264
v 122.097168 35.094162 -28.0728264
v 127.019524 35.094162 -29.6721916
v 134.98439 35.394165 -18.7097912
v 134.984634 35.394165 -23.8856945
v 134.984634 35.094162 -23.8856945
v 134.98439 35.094162 -18.7097912
v 122.097168 35.394165 -14.5225353
v 127.019768 35.394165 -12.9232922
v 127.019768 35.094162 -12.9232922
v 122.097168 35.094162 -14.5225353
v 122.097168 35.394165 -28.0728264
v 119.055176 35.394165 -23.8855724
v 119.055176 35.094162 -23.8855724
v 122.097168 35.094162 -28.0728264
v 134.984634 35.394165 -23.8856945
v 131.942139 35.394165 -28.0728283
v 131.942139 35.094162 -28.0728283
v 134.984634 35.094162 -23.8856945
v 127.019768 35.394165 -12.9232922
v 131.942154 35.394165 -14.5225353
v 131.942154 35.094162 -14.5225353
v 127.019768 35.094162 -12.9232922
v 119.055176 35.394165 -23.8855724
v 119.054932 35.394165 -18.7097912
v 119.054932 35.094162 -18.7097912
v 119.055176 35.094162 -23.8855724
v 131.942139 35.394165 -28.0728283
v 127.019524 35.394165 -29.6721916
v 127.019524 35.094162 -29.6721916
v 131.942139 35.094162 -28.0728283
v 131.942154 35.394165 -14.5225353
v 134.98439 35.394165 -18.7097912
v 134.98439 35.094162 -18.7097912
v 131.942154 35.094162 -14.5225353
v 124.585892 31.6941662 -24.6477928
v 127.019768 31.6941662 -25.4384823
v 129.453644 31.6941662 -24.6476727
v 123.081543 31.6941662 -22.5772724
v 130.958023 31.6941662 -22.5772724
v 123.081543 31.6941662 -20.0180912
v 130.957779 31.6941662 -20.017971
v 124.585892 31.6941662 -17.947813
v 129.453644 31.6941662 -17.947691
v 127.019768 31.6941662 -17.1568813
v 127.019768 31.6941662 -25.4384823
v 127.019768 31.1941662 -25.4849377
v 129.480942 31.1941662 -24.6852551
v 129.453644 31.6941662 -24.6476727
v 130.957779 31.6941662 -20.017971
v 131.001968 31.1941662 -20.0036144
v 129.480957 31.1941662 -17.9101086
v 129.453644 31.6941662 -17.947691
v 124.585892 31.6941662 -17.947813
v 124.558594 31.1941662 -17.9102306
v 123.037354 31.1941662 -20.0037365
v 123.081543 31.6941662 -20.0180912
v 124.585892 31.6941662 -24.6477928
v 124.558594 31.1941662 -24.6853771
v 127.019768 31.1941662 -25.4849377
v 127.019768 31.6941662 -25.4384823
v 130.958023 31.6941662 -22.5772724
v 131.002213 31.1941662 -22.5916271
v 131.001968 31.1941662 -20.0036144
v 130.957779 31.6941662 -20.017971
v 127.019768 31.6941662 -17.1568813
v 127.019768 31.1941662 -17.1104259
v 124.558594 31.1941662 -17.9102306
v 124.585892 31.6941662 -17.947813
v 123.081543 31.6941662 -22.5772724
v 123.037354 31.1941662 -22.5916271
v 124.558594 31.1941662 -24.6853771
v 124.585892 31.6941662 -24.6477928
v 129.453644 31.6941662 -24.6476727
v 129.480942 31.1941662 -24.6852551
v 131.002213 31.1941662 -22.5916271
v 130.958023 31.6941662 -22.5772724
v 129.453644 31.6941662 -17.947691
v 129.480957 31.1941662 -17.9101086
v 127.019768 31.1941662 -17.1104259
v 127.019768 31.6941662 -17.1568813
v 123.081543 31.6941662 -20.0180912
v 123.037354 31.1941662 -20.0037365
v 123.037354 31.1941662 -22.5916271
v 123.081543 31.6941662 -22.5772724
v 127.019768 31.1941662 -27.5792046
v 123.327576 31.1941662 -26.3793983
v 123.327881 30.5941677 -26.3789787
v 127.019768 30.5941677 -27.5786858
v 132.993668 31.1941662 -19.3566036
v 132.993668 31.1941662 -23.23876
v 132.993179 30.5941677 -23.2385998
v 132.993179 30.5941677 -19.3567638
v 123.327576 31.1941662 -16.2159634
v 127.019768 31.1941662 -15.0162792
v 127.019768 30.5941677 -15.016798
v 123.327881 30.5941677 -16.216383
v 123.327576 31.1941662 -26.3793983
v 121.045898 31.1941662 -23.23876
v 121.046387 30.5941677 -23.2385998
v 123.327881 30.5941677 -26.3789787
v 132.993668 31.1941662 -23.23876
v 130.711716 31.1941662 -26.3795223
v 130.711411 30.5941677 -26.3791027
v 132.993179 30.5941677 -23.2385998
v 127.019768 31.1941662 -15.0162792
v 130.711731 31.1941662 -16.2159634
v 130.711426 30.5941677 -16.216383
v 127.019768 30.5941677 -15.016798
v 121.045898 31.1941662 -23.23876
v 121.045898 31.1941662 -19.3566036
v 121.046387 30.5941677 -19.3567638
v 121.046387 30.5941677 -23.2385998
v 130.711716 31.1941662 -26.3795223
v 127.019768 31.1941662 -27.5792046
v 127.019768 30.5941677 -27.5786858
v 130.711411 30.5941677 -26.3791027
v 132.993668 31.1941662 -19.3566036
v 132.993179 30.5941677 -19.3567638
v 130.711426 30.5941677 -16.216383
v 130.711731 31.1941662 -16.2159634
v 121.045898 31.1941662 -19.3566036
v 123.327576 31.1941662 -16.2159634
v 123.327881 30.5941677 -16.216383
v 121.046387 30.5941677 -19.3567638
v 130.704544 30.5941677 -26.3877716
v 130.704544 30.5941677 -26.4877701
v 130.704544 35.094162 -26.4877701
v 130.704544 35.094162 -26.3877716
v 130.791168 30.5941677 -26.5377693
v 130.877762 30.5941677 -26.4877701
v 130.877762 35.094162 -26.4877701
v 130.791168 35.094162 -26.5377693
v 130.877762 30.5941677 -26.3877716
v 130.791168 30.5941677 -26.3377705
v 130.791168 35.094162 -26.3377705
v 130.877762 35.094162 -26.3877716
v 130.791168 30.5941677 -26.3377705
v 130.704544 30.5941677 -26.3877716
v 130.704544 35.094162 -26.3877716
v 130.791168 35.094162 -26.3377705
v 130.704544 30.5941677 -26.4877701
v 130.791168 30.5941677 -26.5377693
v 130.791168 35.094162 -26.5377693
v 130.704544 35.094162 -26.4877701
v 130.877762 30.5941677 -26.4877701
v 130.877762 30.5941677 -26.3877716
v 130.877762 35.094162 -26.3877716
v 130.877762 35.094162 -26.4877701
v 131.942139 35.094162 -28.0728283
v 127.019524 35.094162 -29.6721916
v 122.097168 35.094162 -28.0728264
v 134.984634 35.094162 -23.8856945
v 119.055176 35.094162 -23.8855724
v 134.98439 35.094162 -18.7097912
v 119.054932 35.094162 -18.7097912
v 131.942154 35.094162 -14.5225353
v 122.097168 35.094162 -14.5225353
v 127.019768 35.094162 -12.9232922
v 130.488403 31.1941662 -23.3282528
v 130.491302 31.1941662 -23.4782238
v 130.491302 35.094162 -23.4782238
v 130.488403 35.094162 -23.3282528
v 130.62262 31.1941662 -23.5507069
v 130.751068 31.1941662 -23.4732189
v 130.751068 35.094162 -23.4732189
v 130.62262 35.094162 -23.5507069
v 130.748184 31.1941662 -23.3232479
v 130.616837 31.1941662 -23.2507648
v 130.616837 35.094162 -23.2507648
v 130.748184 35.094162 -23.3232479
v 130.616837 31.1941662 -23.2507648
v 130.488403 31.1941662 -23.3282528
v 130.488403 35.094162 -23.3282528
v 130.616837 35.094162 -23.2507648
v 130.491302 31.1941662 -23.4782238
v 130.62262 31.1941662 -23.5507069
v 130.62262 35.094162 -23.5507069
v 130.491302 35.094162 -23.4782238
v 130.751068 31.1941662 -23.4732189
v 130.748184 31.1941662 -23.3232479
v 130.748184 35.094162 -23.3232479
v 130.751068 35.094162 -23.4732189
v 123.278061 31.1941662 -23.2945442
v 123.288773 31.1941662 -23.4441605
v 123.288773 35.094162 -23.4441605
v 123.278061 35.094162 -23.2945442
v 123.423721 31.1941662 -23.5096951
v 123.547943 31.1941662 -23.4256172
v 123.547943 35.094162 -23.4256172
v 123.423721 35.094162 -23.5096951
v 123.537216 31.1941662 -23.2759972
v 123.402283 31.1941662 -23.2104645
v 123.402283 35.094162 -23.2104645
v 123.537216 35.094162 -23.2759972
v 123.402283 31.1941662 -23.2104645
v 123.278061 31.1941662 -23.2945442
v 123.278061 35.094162 -23.2945442
v 123.402283 35.094162 -23.2104645
v 123.288773 31.1941662 -23.4441605
v 123.423721 31.1941662 -23.5096951
v 123.423721 35.094162 -23.5096951
v 123.288773 35.094162 -23.4441605
v 123.547943 31.1941662 -23.4256172
v 123.537216 31.1941662 -23.2759972
v 123.537216 35.094162 -23.2759972
v 123.547943 35.094162 -23.4256172
v 126.874397 31.1941662 -16.9761124
v 126.949158 31.1941662 -17.1061573
v 126.949158 35.094162 -17.1061573
v 126.874397 35.094162 -16.9761124
v 127.099167 31.1941662 -17.1064301
v 127.174416 31.1941662 -16.9766674
v 127.174416 35.094162 -16.9766674
v 127.099167 35.094162 -17.1064301
v 127.09964 31.1941662 -16.8466282
v 126.949646 31.1941662 -16.8463497
v 126.949646 35.094162 -16.8463497
v 127.09964 35.094162 -16.8466282
v 126.949646 31.1941662 -16.8463497
v 126.874397 31.1941662 -16.9761124
v 126.874397 35.094162 -16.9761124
v 126.949646 35.094162 -16.8463497
v 126.949158 31.1941662 -17.1061573
v 127.099167 31.1941662 -17.1064301
v 127.099167 35.094162 -17.1064301
v 126.949158 35.094162 -17.1061573
v 127.174416 31.1941662 -16.9766674
v 127.09964 31.1941662 -16.8466282
v 127.09964 35.094162 -16.8466282
v 127.174416 35.094162 -16.9766674
v 123.209808 30.5941677 -26.4984512
v 123.209808 30.5941677 -26.5984497
v 123.209808 35.094162 -26.5984497
v 123.209808 35.094162 -26.4984512
v 123.296417 30.5941677 -26.6484509
v 123.383011 30.5941677 -26.5984497
v 123.383011 35.094162 -26.5984497
v 123.296417 35.094162 -26.6484509
v 123.383011 30.5941677 -26.4984512
v 123.296417 30.5941677 -26.448452
v 123.296417 35.094162 -26.448452
v 123.383011 35.094162 -26.4984512
v 123.296417 30.5941677 -26.448452
v 123.209808 30.5941677 -26.4984512
v 123.209808 35.094162 -26.4984512
v 123.296417 35.094162 -26.448452
v 123.209808 30.5941677 -26.5984497
v 123.296417 30.5941677 -26.6484509
v 123.296417 35.094162 -26.6484509
v 123.209808 35.094162 -26.5984497
v 123.383011 30.5941677 -26.5984497
v 123.383011 30.5941677 -26.4984512
v 123.383011 35.094162 -26.4984512
v 123.383011 35.094162 -26.5984497
v 120.822235 30.5941677 -19.256691
v 120.822235 30.5941677 -19.3566895
v 120.822235 35.094162 -19.3566895
v 120.822235 35.094162 -19.256691
v 120.908844 30.5941677 -19.4066887
v 120.995438 30.5941677 -19.3566895
v 120.995438 35.094162 -19.3566895
v 120.908844 35.094162 -19.4066887
v 120.995438 30.5941677 -19.256691
v 120.908844 30.5941677 -19.2066898
v 120.908844 35.094162 -19.2066898
v 120.995438 35.094162 -19.256691
v 120.908844 30.5941677 -19.2066898
v 120.822235 30.5941677 -19.256691
v 120.822235 35.094162 -19.256691
v 120.908844 35.094162 -19.2066898
v 120.822235 30.5941677 -19.3566895
v 120.908844 30.5941677 -19.4066887
v 120.908844 35.094162 -19.4066887
v 120.822235 35.094162 -19.3566895
v 120.995438 30.5941677 -19.3566895
v 120.995438 30.5941677 -19.256691
v 120.995438 35.094162 -19.256691
v 120.995438 35.094162 -19.3566895
v 126.909737 30.5941677 -14.7977886
v 126.909737 30.5941677 -14.8977871
v 126.909737 35.094162 -14.8977871
v 126.909737 35.094162 -14.7977886
v 126.996346 30.5941677 -14.9477863
v 127.082939 30.5941677 -14.8977871
v 127.082939 35.094162 -14.8977871
v 126.996346 35.094162 -14.9477863
v 127.082939 30.5941677 -14.7977886
v 126.996346 30.5941677 -14.7477894
v 126.996346 35.094162 -14.7477894
v 127.082939 35.094162 -14.7977886
v 126.996346 30.5941677 -14.7477894
v 126.909737 30.5941677 -14.7977886
v 126.909737 35.094162 -14.7977886
v 126.996346 35.094162 -14.7477894
v 126.909737 30.5941677 -14.8977871
v 126.996346 30.5941677 -14.9477863
v 126.996346 35.094162 -14.9477863
v 126.909737 35.094162 -14.8977871
v 127.082939 30.5941677 -14.8977871
v 127.082939 30.5941677 -14.7977886
v 127.082939 35.094162 -14.7977886
v 127.082939 35.094162 -14.8977871
v 133.119644 30.5941677 -19.3023682
v 133.119644 30.5941677 -19.4023666
v 133.119644 35.094162 -19.4023666
v 133.119644 35.094162 -19.3023682
v 133.206253 30.5941677 -19.4523659
v 133.292862 30.5941677 -19.4023666
v 133.292862 35.094162 -19.4023666
v 133.206253 35.094162 -19.4523659
v 133.292862 30.5941677 -19.3023682
v 133.206253 30.5941677 -19.2523689
v 133.206253 35.094162 -19.2523689
v 133.292862 35.094162 -19.3023682
v 133.206253 30.5941677 -19.2523689
v 133.119644 30.5941677 -19.3023682
v 133.119644 35.094162 -19.3023682
v 133.206253 35.094162 -19.2523689
v 133.119644 30.5941677 -19.4023666
v 133.206253 30.5941677 -19.4523659
v 133.206253 35.094162 -19.4523659
v 133.119644 35.094162 -19.4023666
v 133.292862 30.5941677 -19.4023666
v 133.292862 30.5941677 -19.3023682
v 133.292862 35.094162 -19.3023682
v 133.292862 35.094162 -19.4023666
v 130.605576 30.5941677 -19.1916866
v 130.605576 30.5941677 -19.2916851
v 130.605576 35.094162 -19.2916851
v 130.605576 35.094162 -19.1916866
v 130.692184 30.5941677 -19.3416843
v 130.778793 30.5941677 -19.2916851
v 130.778793 35.094162 -19.2916851
v 130.692184 35.094162 -19.3416843
v 130.778793 30.5941677 -19.1916866
v 130.692184 30.5941677 -19.1416874
v 130.692184 35.094162 -19.1416874
v 130.778793 35.094162 -19.1916866
v 130.692184 30.5941677 -19.1416874
v 130.605576 30.5941677 -19.1916866
v 130.605576 35.094162 -19.1916866
v 130.692184 35.094162 -19.1416874
v 130.605576 30.5941677 -19.2916851
v 130.692184 30.5941677 -19.3416843
v 130.692184 35.094162 -19.3416843
v 130.605576 35.094162 -19.2916851
v 130.778793 30.5941677 -19.2916851
v 130.778793 30.5941677 -19.1916866
v 130.778793 35.094162 -19.1916866
v 130.778793 35.094162 -19.2916851
v 123.079208 30.5941677 -19.4446735
v 123.079208 30.5941677 -19.544672
v 123.079208 35.094162 -19.544672
v 123.079208 35.094162 -19.4446735
v 123.165817 30.5941677 -19.5946712
v 123.252411 30.5941677 -19.544672
v 123.252411 35.094162 -19.544672
v 123.165817 35.094162 -19.5946712
v 123.252411 30.5941677 -19.4446735
v 123.165817 30.5941677 -19.3946743
v 123.165817 35.094162 -19.3946743
v 123.252411 35.094162 -19.4446735
v 123.165817 30.5941677 -19.3946743
v 123.079208 30.5941677 -19.4446735
v 123.079208 35.094162 -19.4446735
v 123.165817 35.094162 -19.3946743
v 123.079208 30.5941677 -19.544672
v 123.165817 30.5941677 -19.5946712
v 123.165817 35.094162 -19.5946712
v 123.079208 35.094162 -19.544672
v 123.252411 30.5941677 -19.544672
v 123.252411 30.5941677 -19.4446735
v 123.252411 35.094162 -19.4446735
v 123.252411 35.094162 -19.544672
v 126.95636 30.5941677 -25.6520119
v 126.95636 30.5941677 -25.7520103
v 126.95636 35.094162 -25.7520103
v 126.95636 35.094162 -25.6520119
v 127.042969 30.5941677 -25.8020096
v 127.129562 30.5941677 -25.7520103
v 127.129562 35.094162 -25.7520103
v 127.042969 35.094162 -25.8020096
v 127.129562 30.5941677 -25.6520119
v 127.042969 30.5941677 -25.6020126
v 127.042969 35.094162 -25.6020126
v 127.129562 35.094162 -25.6520119
v 127.042969 30.5941677 -25.6020126
v 126.95636 30.5941677 -25.6520119
v 126.95636 35.094162 -25.6520119
v 127.042969 35.094162 -25.6020126
v 126.95636 30.5941677 -25.7520103
v 127.042969 30.5941677 -25.8020096
v 127.042969 35.094162 -25.8020096
v 126.95636 35.094162 -25.7520103
v 127.129562 30.5941677 -25.7520103
v 127.129562 30.5941677 -25.6520119
v 127.129562 35.094162 -25.6520119
v 127.129562 35.094162 -25.7520103
v 16.7026138 36.8838348 -321.485138
v 16.7026138 39.883831 -321.485138
v 18.9057083 39.883831 -318.150452
v 18.9057083 36.8838348 -318.150452
v 67.4819412 33.3838348 -346.761688
v 67.4819412 17.1702805 -346.761688
v 67.4819412 17.1702805 -334.420624
v 67.4819412 33.3838348 -334.420624
v 50.2760391 36.8838348 -349.061432
v 47.7478409 36.8838348 -347.443512
v 47.7478409 17.1702805 -347.443512
v 50.2760391 17.1702805 -349.061432
v 50.4141312 36.8838348 -309.132385
v 49.0771255 36.8838348 -309.362183
v 49.0771255 26.3838329 -309.362183
v 50.4141312 26.3838329 -309.132385
v 57.7788467 36.8838348 -347.910675
v 57.3610001 36.8838348 -345.891235
v 57.3610001 17.1702805 -345.891235
v 57.7788467 17.1702805 -347.910675
v 49.0771255 36.8838348 -309.362183
v 48.9726639 36.8838348 -309.069702
v 48.9726639 26.3838329 -309.069702
v 49.0771255 26.3838329 -309.362183
v 24.2054214 36.8838348 -328.238373
v 21.8866348 36.8838348 -326.295563
v 21.8866348 17.1702805 -326.295563
v 24.2054214 17.1702805 -328.238373
v 67.4819412 33.3838348 -346.761688
v 64.0460892 33.3838348 -346.761688
v 64.0460892 17.1702805 -346.761688
v 67.4819412 17.1702805 -346.761688
v 26.9352493 36.8838348 -329.552521
v 24.2054214 36.8838348 -328.238373
v 24.2054214 17.1702805 -328.238373
v 26.9352493 17.1702805 -329.552521
v 40.4910049 36.8838348 -311.221466
v 40.4910049 36.8838348 -311.952637
v 40.4910049 26.3838329 -311.952637
v 40.4910049 26.3838329 -311.221466
v 30.2091141 36.8838348 -330.117096
v 26.9352493 36.8838348 -329.552521
v 26.9352493 17.1702805 -329.552521
v 30.2091141 17.1702805 -330.117096
v 40.4910049 36.8838348 -311.952637
v 39.2498856 36.8838348 -314.108643
v 39.2498856 26.3838329 -314.108643
v 40.4910049 26.3838329 -311.952637
v 29.60569 36.8838348 -334.055176
v 32.7933731 36.8838348 -328.843567
v 32.7933731 17.1702805 -328.843567
v 29.60569 17.1702805 -334.055176
v 39.2498856 36.8838348 -314.108643
v 35.3067398 36.8838348 -314.782318
v 35.3067398 26.3838329 -314.782318
v 39.2498856 26.3838329 -314.108643
v 32.7933731 36.8838348 -328.843567
v 31.5481644 36.8838348 -328.003357
v 31.5481644 17.1702805 -328.003357
v 32.7933731 17.1702805 -328.843567
v 35.3067398 36.8838348 -314.782318
v 31.1486282 36.8838348 -311.570343
v 31.1486282 26.3838329 -311.570343
v 35.3067398 26.3838329 -314.782318
v 31.5481644 36.8838348 -328.003357
v 30.2091141 36.8838348 -330.117096
v 30.2091141 17.1702805 -330.117096
v 31.5481644 17.1702805 -328.003357
v 31.1486282 36.8838348 -311.570343
v 27.2963638 36.8838348 -317.413483
v 27.2963638 26.3838329 -317.413483
v 31.1486282 26.3838329 -311.570343
v 21.8866348 36.8838348 -326.295563
v 20.1118851 36.8838348 -323.60321
v 20.1118851 17.1702805 -323.60321
v 21.8866348 17.1702805 -326.295563
v 27.2963638 36.8838348 -317.413483
v 55.9752579 36.8838348 -336.506012
v 55.9752579 26.3838329 -336.506012
v 27.2963638 26.3838329 -317.413483
v 20.1118851 36.8838348 -323.60321
v 16.7026138 36.8838348 -321.485138
v 16.7026138 17.1702805 -321.485138
v 20.1118851 17.1702805 -323.60321
v 61.8716812 36.8838348 -335.423187
v 61.8716812 33.3838348 -335.423187
v 55.9752579 36.8838348 -336.506012
v 55.9752579 26.3838329 -336.506012
v 61.8716812 26.3838329 -335.423187
v 65.7761612 26.3838329 -334.746735
v 67.4819412 33.3838348 -334.420624
v 67.4819412 17.1702805 -334.420624
v 65.7761612 17.1702805 -334.746735
v 51.0834122 36.8838348 -347.799805
v 50.2760391 36.8838348 -349.061432
v 50.2760391 17.1702805 -349.061432
v 51.0834122 17.1702805 -347.799805
v 64.0460892 36.8838348 -346.761688
v 64.0460892 33.3838348 -346.761688
v 61.8716812 33.3838348 -335.423187
v 61.8716812 36.8838348 -335.423187
v 48.5552139 36.8838348 -346.181915
v 29.60569 36.8838348 -334.055176
v 29.60569 17.1702805 -334.055176
v 48.5552139 17.1702805 -346.181915
v 55.1500626 36.8838348 -345.891235
v 53.1880875 36.8838348 -349.146698
v 53.1880875 17.1702805 -349.146698
v 55.1500626 17.1702805 -345.891235
v 48.4921646 36.8838348 -299.961334
v 50.4141312 36.8838348 -309.132385
v 50.4141312 26.3838329 -309.132385
v 48.4921646 29.8838329 -299.961334
v 50.4141312 17.1702805 -309.132385
v 47.8404007 29.8838329 -297.112488
v 47.8404007 17.1702805 -297.112488
v 53.9484024 17.1702805 -326.527771
v 53.9484024 26.3838329 -326.527771
v 48.5552139 36.8838348 -346.181915
v 48.5552139 17.1702805 -346.181915
v 47.7478409 17.1702805 -347.443512
v 47.7478409 36.8838348 -347.443512
v 57.7788467 17.1702805 -347.910675
v 64.0460892 17.1702805 -346.761688
v 64.0460892 33.3838348 -346.761688
v 64.0460892 36.8838348 -346.761688
v 57.7788467 36.8838348 -347.910675
v 64.0460892 33.3838348 -346.761688
v 67.4819412 33.3838348 -346.761688
v 67.4819412 33.3838348 -334.420624
v 61.8716812 33.3838348 -335.423187
v 48.9726639 36.8838348 -309.069702
v 40.4910049 36.8838348 -311.221466
v 40.4910049 26.3838329 -311.221466
v 48.9726639 26.3838329 -309.069702
v 49.0771255 26.3838329 -309.362183
v 53.9484024 26.3838329 -326.527771
v 50.4141312 26.3838329 -309.132385
v 39.2498856 26.3838329 -314.108643
v 40.4910049 26.3838329 -311.952637
v 48.9726639 26.3838329 -309.069702
v 40.4910049 26.3838329 -311.221466
v 35.3067398 26.3838329 -314.782318
v 55.9752579 26.3838329 -336.506012
v 31.1486282 26.3838329 -311.570343
v 27.2963638 26.3838329 -317.413483
v 61.8716812 26.3838329 -335.423187
v 65.7761612 26.3838329 -334.746735
v 30.4905472 36.8838348 -300.615204
v 31.1945877 36.8838348 -303.429199
v 31.1945877 29.8838329 -303.429199
v 30.4905472 29.8838329 -300.615204
v 54.9241104 36.8838348 -345.491211
v 54.9241104 36.4838333 -345.491211
v 53.0575943 36.4838333 -348.588318
v 53.0575943 36.8838348 -348.588318
v 19.4662552 36.8838348 -318.027649
v 19.4662552 36.4838333 -318.027649
v 30.3231583 36.4838333 -301.594208
v 30.3231583 36.8838348 -301.594208
v 19.0250931 39.883831 -318.695404
v 19.0250931 39.4838333 -318.695404
v 21.7446365 39.4838333 -320.38385
v 21.7446365 39.883831 -320.38385
v 22.3039932 36.8838348 -320.260284
v 22.3039932 39.883831 -320.260284
v 20.1118851 39.883831 -323.60321
v 20.1118851 36.8838348 -323.60321
v 20.1118851 36.8838348 -323.60321
v 20.1118851 39.883831 -323.60321
v 16.7026138 39.883831 -321.485138
v 16.7026138 36.8838348 -321.485138
v 18.9057083 36.8838348 -318.150452
v 18.9057083 39.883831 -318.150452
v 22.3039932 39.883831 -320.260284
v 22.3039932 36.8838348 -320.260284
v 55.8883133 36.8838348 -336.92868
v 55.8883133 36.4838333 -336.92868
v 61.5535965 36.4838333 -335.888275
v 61.5535965 36.8838348 -335.888275
v 57.6867142 36.8838348 -345.491211
v 57.6867142 36.4838333 -345.491211
v 54.9241104 36.4838333 -345.491211
v 54.9241104 36.8838348 -345.491211
v 30.3231583 36.8838348 -301.594208
v 30.3231583 36.4838333 -301.594208
v 30.899147 36.4838333 -303.896393
v 30.899147 36.8838348 -303.896393
v 26.7432022 36.8838348 -317.525787
v 26.7432022 36.4838333 -317.525787
v 55.8883133 36.4838333 -336.92868
v 55.8883133 36.8838348 -336.92868
v 58.0913162 36.8838348 -347.446716
v 58.0913162 36.4838333 -347.446716
v 57.6867142 36.4838333 -345.491211
v 57.6867142 36.8838348 -345.491211
v 30.899147 36.8838348 -303.896393
v 30.899147 36.4838333 -303.896393
v 48.1820145 36.4838333 -300.431458
v 48.1820145 36.8838348 -300.431458
v 20.5905838 36.8838348 -323.602631
v 20.5905838 36.4838333 -323.602631
v 22.8633194 36.4838333 -320.136749
v 22.8633194 36.8838348 -320.136749
v 63.5772781 36.8838348 -346.440948
v 63.5772781 36.4838333 -346.440948
v 58.0913162 36.4838333 -347.446716
v 58.0913162 36.8838348 -347.446716
v 48.1820145 36.8838348 -300.431458
v 48.1820145 36.4838333 -300.431458
v 49.9375381 36.4838333 -308.808441
v 49.9375381 36.8838348 -308.808441
v 22.8633194 36.8838348 -320.136749
v 22.8633194 36.4838333 -320.136749
v 19.4662552 36.4838333 -318.027649
v 19.4662552 36.8838348 -318.027649
v 31.1945877 36.8838348 -303.429199
v 48.4921646 36.8838348 -299.961334
v 48.4921646 29.8838329 -299.961334
v 31.1945877 29.8838329 -303.429199
v 49.9375381 36.8838348 -308.808441
v 49.9375381 36.4838333 -308.808441
v 49.3407364 36.4838333 -308.911011
v 49.3407364 36.8838348 -308.911011
v 53.1880875 36.8838348 -349.146698
v 51.0834122 36.8838348 -347.799805
v 51.0834122 17.1702805 -347.799805
v 53.1880875 17.1702805 -349.146698
v 53.0575943 36.8838348 -348.588318
v 53.0575943 36.4838333 -348.588318
v 50.9621048 36.4838333 -347.247284
v 50.9621048 36.8838348 -347.247284
v 57.3610001 36.8838348 -345.891235
v 55.1500626 36.8838348 -345.891235
v 55.1500626 17.1702805 -345.891235
v 57.3610001 17.1702805 -345.891235
v 49.3407364 36.8838348 -308.911011
v 49.3407364 36.4838333 -308.911011
v 49.2269974 36.4838333 -308.592499
v 49.2269974 36.8838348 -308.592499
v 51.0834122 17.1702805 -347.799805
v 50.2760391 17.1702805 -349.061432
v 47.7478409 17.1702805 -347.443512
v 48.5552139 17.1702805 -346.181915
v 54.9241104 36.8838348 -345.491211
v 55.1500626 36.8838348 -345.891235
v 57.3610001 36.8838348 -345.891235
v 57.6867142 36.8838348 -345.491211
v 57.7788467 36.8838348 -347.910675
v 58.0913162 36.8838348 -347.446716
v 64.0460892 36.8838348 -346.761688
v 63.5772781 36.8838348 -346.440948
v 61.8716812 36.8838348 -335.423187
v 61.5535965 36.8838348 -335.888275
v 55.9752579 36.8838348 -336.506012
v 55.8883133 36.8838348 -336.92868
v 27.2963638 36.8838348 -317.413483
v 26.7432022 36.8838348 -317.525787
v 53.0575943 36.8838348 -348.588318
v 55.1500626 36.8838348 -345.891235
v 54.9241104 36.8838348 -345.491211
v 53.1880875 36.8838348 -349.146698
v 50.9621048 36.8838348 -347.247284
v 51.0834122 36.8838348 -347.799805
v 50.1547318 36.8838348 -348.508911
v 50.2760391 36.8838348 -349.061432
v 48.3003616 36.8838348 -347.322235
v 47.7478409 36.8838348 -347.443512
v 49.1077347 36.8838348 -346.060608
v 47.7478409 36.8838348 -347.443512
v 48.5552139 36.8838348 -346.181915
v 30.1514359 36.8838348 -333.929535
v 29.60569 36.8838348 -334.055176
v 33.3342056 36.8838348 -328.725952
v 32.7933731 36.8838348 -328.843567
v 31.4305801 36.8838348 -327.441467
v 31.5481644 36.8838348 -328.003357
v 38.9970779 36.8838348 -313.746033
v 40.4910049 36.8838348 -311.952637
v 40.0909805 36.8838348 -311.845734
v 39.2498856 36.8838348 -314.108643
v 35.4123611 36.8838348 -314.358459
v 35.3067398 36.8838348 -314.782318
v 31.0519791 36.8838348 -310.990234
v 31.1486282 36.8838348 -311.570343
v 26.7432022 36.8838348 -317.525787
v 27.2963638 36.8838348 -317.413483
v 40.0909805 36.8838348 -311.845734
v 40.4910049 36.8838348 -311.221466
v 40.0909805 36.8838348 -310.910248
v 48.9726639 36.8838348 -309.069702
v 49.2269974 36.8838348 -308.592499
v 49.2269974 36.8838348 -308.592499
v 49.0771255 36.8838348 -309.362183
v 49.3407364 36.8838348 -308.911011
v 49.3407364 36.8838348 -308.911011
v 49.0771255 36.8838348 -309.362183
v 50.4141312 36.8838348 -309.132385
v 49.9375381 36.8838348 -308.808441
v 49.9375381 36.8838348 -308.808441
v 50.4141312 36.8838348 -309.132385
v 48.4921646 36.8838348 -299.961334
v 48.1820145 36.8838348 -300.431458
v 31.1945877 36.8838348 -303.429199
v 30.899147 36.8838348 -303.896393
v 30.4905472 36.8838348 -300.615204
v 30.3231583 36.8838348 -301.594208
v 18.9057083 36.8838348 -318.150452
v 19.4662552 36.8838348 -318.027649
v 22.3039932 36.8838348 -320.260284
v 22.8633194 36.8838348 -320.136749
v 20.5905838 36.8838348 -323.602631
v 20.1118851 36.8838348 -323.60321
v 21.8866348 36.8838348 -326.295563
v 22.1883926 36.8838348 -326.02655
v 24.2054214 36.8838348 -328.238373
v 24.4239883 36.8838348 -327.899658
v 26.9352493 36.8838348 -329.552521
v 27.0583572 36.8838348 -329.167816
v 30.2091141 36.8838348 -330.117096
v 30.0140457 36.8838348 -329.677551
v 31.5481644 36.8838348 -328.003357
v 31.4305801 36.8838348 -327.441467
v 22.8633194 36.8838348 -320.136749
v 22.3039932 36.8838348 -320.260284
v 20.1118851 36.8838348 -323.60321
v 20.5905838 36.8838348 -323.602631
v 27.0583572 36.4838333 -329.167816
v 30.0140457 36.4838333 -329.677551
v 31.4305801 36.4838333 -327.441467
v 24.4239883 36.4838333 -327.899658
v 22.1883926 36.4838333 -326.02655
v 26.7432022 36.4838333 -317.525787
v 20.5905838 36.4838333 -323.602631
v 22.8633194 36.4838333 -320.136749
v 55.8883133 36.4838333 -336.92868
v 33.3342056 36.4838333 -328.725952
v 30.1514359 36.4838333 -333.929535
v 49.1077347 36.4838333 -346.060608
v 50.9621048 36.4838333 -347.247284
v 54.9241104 36.4838333 -345.491211
v 53.0575943 36.4838333 -348.588318
v 61.5535965 36.4838333 -335.888275
v 57.6867142 36.4838333 -345.491211
v 63.5772781 36.4838333 -346.440948
v 58.0913162 36.4838333 -347.446716
v 49.1077347 36.4838333 -346.060608
v 50.1547318 36.4838333 -348.508911
v 48.3003616 36.4838333 -347.322235
v 49.2269974 36.4838333 -308.592499
v 49.3407364 36.4838333 -308.911011
v 49.9375381 36.4838333 -308.808441
v 48.1820145 36.4838333 -300.431458
v 30.899147 36.4838333 -303.896393
v 49.2269974 36.4838333 -308.592499
v 40.0909805 36.4838333 -310.910248
v 31.0519791 36.4838333 -310.990234
v 26.7432022 36.4838333 -317.525787
v 22.8633194 36.4838333 -320.136749
v 30.3231583 36.4838333 -301.594208
v 19.4662552 36.4838333 -318.027649
v 40.0909805 36.4838333 -311.845734
v 40.0909805 36.4838333 -310.910248
v 38.9970779 36.4838333 -313.746033
v 35.4123611 36.4838333 -314.358459
v 31.0519791 36.8838348 -310.990234
v 31.0519791 36.4838333 -310.990234
v 26.7432022 36.4838333 -317.525787
v 26.7432022 36.8838348 -317.525787
v 22.1883926 36.8838348 -326.02655
v 22.1883926 36.4838333 -326.02655
v 20.5905838 36.4838333 -323.602631
v 20.5905838 36.8838348 -323.602631
v 49.1077347 36.8838348 -346.060608
v 49.1077347 36.4838333 -346.060608
v 30.1514359 36.4838333 -333.929535
v 30.1514359 36.8838348 -333.929535
v 50.9621048 36.8838348 -347.247284
v 50.9621048 36.4838333 -347.247284
v 50.1547318 36.4838333 -348.508911
v 50.1547318 36.8838348 -348.508911
v 31.4305801 36.8838348 -327.441467
v 31.4305801 36.4838333 -327.441467
v 30.0140457 36.4838333 -329.677551
v 30.0140457 36.8838348 -329.677551
v 61.5535965 36.8838348 -335.888275
v 61.5535965 36.4838333 -335.888275
v 63.5772781 36.4838333 -346.440948
v 63.5772781 36.8838348 -346.440948
v 48.3003616 36.8838348 -347.322235
v 48.3003616 36.4838333 -347.322235
v 49.1077347 36.4838333 -346.060608
v 49.1077347 36.8838348 -346.060608
v 33.3342056 36.8838348 -328.725952
v 33.3342056 36.4838333 -328.725952
v 31.4305801 36.4838333 -327.441467
v 31.4305801 36.8838348 -327.441467
v 35.4123611 36.8838348 -314.358459
v 35.4123611 36.4838333 -314.358459
v 31.0519791 36.4838333 -310.990234
v 31.0519791 36.8838348 -310.990234
v 30.1514359 36.8838348 -333.929535
v 30.1514359 36.4838333 -333.929535
v 33.3342056 36.4838333 -328.725952
v 33.3342056 36.8838348 -328.725952
v 38.9970779 36.8838348 -313.746033
v 38.9970779 36.4838333 -313.746033
v 35.4123611 36.4838333 -314.358459
v 35.4123611 36.8838348 -314.358459
v 30.0140457 36.8838348 -329.677551
v 30.0140457 36.4838333 -329.677551
v 27.0583572 36.4838333 -329.167816
v 27.0583572 36.8838348 -329.167816
v 40.0909805 36.8838348 -311.845734
v 40.0909805 36.4838333 -311.845734
v 38.9970779 36.4838333 -313.746033
v 38.9970779 36.8838348 -313.746033
v 27.0583572 36.8838348 -329.167816
v 27.0583572 36.4838333 -329.167816
v 24.4239883 36.4838333 -327.899658
v 24.4239883 36.8838348 -327.899658
v 40.0909805 36.8838348 -310.910248
v 40.0909805 36.4838333 -310.910248
v 40.0909805 36.4838333 -311.845734
v 40.0909805 36.8838348 -311.845734
v 24.4239883 36.8838348 -327.899658
v 24.4239883 36.4838333 -327.899658
v 22.1883926 36.4838333 -326.02655
v 22.1883926 36.8838348 -326.02655
v 49.2269974 36.8838348 -308.592499
v 49.2269974 36.4838333 -308.592499
v 40.0909805 36.4838333 -310.910248
v 40.0909805 36.8838348 -310.910248
v 50.1547318 36.8838348 -348.508911
v 50.1547318 36.4838333 -348.508911
v 48.3003616 36.4838333 -347.322235
v 48.3003616 36.8838348 -347.322235
v 17.2630997 39.883831 -321.362427
v 16.7026138 39.883831 -321.485138
v 20.1118851 39.883831 -323.60321
v 19.9914322 39.883831 -323.057465
v 22.3039932 39.883831 -320.260284
v 21.7446365 39.883831 -320.38385
v 19.0250931 39.883831 -318.695404
v 16.7026138 39.883831 -321.485138
v 17.2630997 39.883831 -321.362427
v 18.9057083 39.883831 -318.150452
v 21.7446365 39.883831 -320.38385
v 22.3039932 39.883831 -320.260284
v 21.7446365 39.4838333 -320.38385
v 19.0250931 39.4838333 -318.695404
v 17.2630997 39.4838333 -321.362427
v 19.9914322 39.4838333 -323.057465
v 19.9914322 39.883831 -323.057465
v 19.9914322 39.4838333 -323.057465
v 17.2630997 39.4838333 -321.362427
v 17.2630997 39.883831 -321.362427
v 21.7446365 39.883831 -320.38385
v 21.7446365 39.4838333 -320.38385
v 19.9914322 39.4838333 -323.057465
v 19.9914322 39.883831 -323.057465
v 17.2630997 39.883831 -321.362427
v 17.2630997 39.4838333 -321.362427
v 19.0250931 39.4838333 -318.695404
v 19.0250931 39.883831 -318.695404
v 30.4905472 29.8838329 -300.615204
v 47.8404007 29.8838329 -297.112488
v 47.8404007 17.1702805 -297.112488
v 30.4905472 17.1702805 -300.615204
v 48.4921646 29.8838329 -299.961334
v 47.8404007 29.8838329 -297.112488
v 30.4905472 29.8838329 -300.615204
v 31.1945877 29.8838329 -303.429199
v 65.7761612 17.1702805 -334.746735
v 53.9484024 17.1702805 -326.527771
v 53.9484024 26.3838329 -326.527771
v 65.7761612 26.3838329 -334.746735
v 109.087982 23.6955318 -285.285492
v 109.087982 26.8955326 -285.285492
v 134.045486 26.8955345 -280.053528
v 134.045486 23.6955338 -280.053528
v 109.087982 23.6955318 -285.285492
v 134.045486 23.6955338 -280.053528
v 133.737717 23.6955338 -278.585449
v 108.78022 23.6955318 -283.817383
v 108.78022 23.6955318 -283.817383
v 133.737717 23.6955338 -278.585449
v 133.737717 21.6955338 -278.585449
v 108.78022 21.6955318 -283.817383
v 133.737732 38.8905869 -278.585449
v 133.737732 35.8896866 -278.585449
v 132.563248 35.8896866 -278.831665
v 132.563248 37.6944885 -278.831665
v 109.954697 37.6944885 -283.571198
v 109.954697 35.8896866 -283.571198
v 132.563248 34.2946548 -278.831665
v 133.737732 35.8896866 -278.585449
v 133.737732 34.2946548 -278.585449
v 132.563248 32.4988327 -278.831665
v 133.737732 32.4988327 -278.585449
v 132.563248 30.8953247 -278.831665
v 133.737732 30.8953247 -278.585449
v 109.954697 32.4988289 -283.571198
v 109.954697 34.2946548 -283.571198
v 108.78022 34.2946548 -283.817383
v 108.78022 38.8905869 -283.817383
v 132.563248 37.6944885 -278.831665
v 133.737732 38.8905869 -278.585449
v 108.78022 30.8953228 -283.817383
v 109.954697 30.8953228 -283.571198
v 108.78022 26.8955326 -283.817383
v 132.563248 28.0920563 -278.831665
v 133.737732 26.8955345 -278.585449
v 109.954697 28.0920544 -283.571198
v 109.087982 41.0943146 -285.285492
v 108.78022 41.0943146 -283.817383
v 133.737732 41.0943146 -278.585449
v 134.045486 41.0943146 -280.053528
v 109.087982 38.8905869 -285.285492
v 109.087982 41.0943146 -285.285492
v 134.045486 41.0943146 -280.053528
v 134.045486 38.8905869 -280.053528
v 108.78022 42.0943146 -283.817383
v 133.737732 42.0943146 -278.585449
v 133.737732 41.0943146 -278.585449
v 108.78022 41.0943146 -283.817383
v 108.78022 38.8905869 -283.817383
v 109.087982 38.8905869 -285.285492
v 134.045486 38.8905869 -280.053528
v 133.737732 38.8905869 -278.585449
v 122.094299 26.8955326 -313.211029
v 120.863251 23.6955318 -307.338684
v 122.094299 23.6955318 -313.211029
v 120.863251 26.8955326 -307.338684
v 122.094299 30.8953228 -313.211029
v 120.863251 30.8953228 -307.338684
v 122.094299 34.2946548 -313.211029
v 120.863251 34.2946548 -307.338684
v 122.094299 37.6944885 -313.211029
v 120.863251 37.6944885 -307.338684
v 122.094299 42.0943146 -313.211029
v 120.863251 42.0943146 -307.338684
v 120.863251 45.0943146 -307.338684
v 122.094299 45.0943146 -313.211029
v 126.735603 26.8955326 -306.107635
v 127.966652 23.6955318 -311.97998
v 126.735603 23.6955318 -306.107635
v 127.966652 26.8955326 -311.97998
v 126.735603 30.8953228 -306.107635
v 127.966652 30.8953228 -311.97998
v 126.735603 34.2946548 -306.107635
v 127.966652 34.2946548 -311.97998
v 126.735603 37.6944885 -306.107635
v 127.966652 37.6944885 -311.97998
v 126.735603 42.0943146 -306.107635
v 127.966652 42.0943146 -311.97998
v 127.966652 45.0943146 -311.97998
v 126.735603 45.0943146 -306.107635
v 120.863251 26.8955326 -307.338684
v 114.012169 23.6955318 -308.774902
v 120.863251 23.6955318 -307.338684
v 114.012169 26.8955326 -308.774902
v 120.863251 30.8953228 -307.338684
v 114.012169 30.8953228 -308.774902
v 120.863251 34.2946548 -307.338684
v 114.012169 34.2946548 -308.774902
v 120.863251 37.6944885 -307.338684
v 114.012169 37.6944885 -308.774902
v 120.863251 42.0943146 -307.338684
v 114.012169 42.0943146 -308.774902
v 127.966652 26.8955326 -311.97998
v 122.094299 23.6955318 -313.211029
v 127.966652 23.6955318 -311.97998
v 122.094299 26.8955326 -313.211029
v 127.966652 30.8953228 -311.97998
v 122.094299 30.8953228 -313.211029
v 127.966652 34.2946548 -311.97998
v 122.094299 34.2946548 -313.211029
v 127.966652 37.6944885 -311.97998
v 122.094299 37.6944885 -313.211029
v 127.966652 42.0943146 -311.97998
v 122.094299 42.0943146 -313.211029
v 122.094299 45.0943146 -313.211029
v 127.966652 45.0943146 -311.97998
v 138.969681 26.8955345 -303.542938
v 126.735603 23.6955318 -306.107635
v 138.969681 23.6955338 -303.542938
v 126.735603 26.8955326 -306.107635
v 138.969681 30.8953247 -303.542938
v 126.735603 30.8953228 -306.107635
v 138.969681 34.2946548 -303.542938
v 126.735603 34.2946548 -306.107635
v 138.969681 37.8199959 -303.542938
v 126.735603 37.6944885 -306.107635
v 138.969681 42.0943146 -303.542938
v 126.735603 42.0943146 -306.107635
v 120.781181 42.0943146 -306.947174
v 114.321594 41.8943138 -308.301331
v 114.321594 42.0943146 -308.301331
v 120.781181 41.8943138 -306.947174
v 126.653542 42.0943146 -305.716125
v 126.653542 41.8943138 -305.716125
v 138.496109 42.0943146 -303.233521
v 138.496109 41.8943138 -303.233521
v 114.321594 42.0943146 -308.301331
v 114.321594 41.8943138 -308.301331
v 109.253784 41.8943138 -284.126801
v 109.253784 42.0943146 -284.126801
v 108.78022 42.0943146 -283.817383
v 108.78022 41.0943146 -283.817383
v 109.087982 41.0943146 -285.285492
v 114.012169 42.0943146 -308.774902
v 109.087982 38.8905869 -285.285492
v 114.012169 37.6944885 -308.774902
v 109.087982 34.2946548 -285.285492
v 114.012169 34.2946548 -308.774902
v 108.78022 34.2946548 -283.817383
v 108.78022 38.8905869 -283.817383
v 108.78022 30.8953228 -283.817383
v 109.087982 30.8953228 -285.285492
v 108.78022 26.8955326 -283.817383
v 114.012169 30.8953228 -308.774902
v 109.087982 26.8955326 -285.285492
v 114.012169 26.8955326 -308.774902
v 109.087982 23.6955318 -285.285492
v 114.012169 23.6955318 -308.774902
v 134.045486 41.0943146 -280.053528
v 138.969681 37.8199959 -303.542938
v 134.045486 38.8905869 -280.053528
v 138.969681 42.0943146 -303.542938
v 133.737732 42.0943146 -278.585449
v 133.737732 41.0943146 -278.585449
v 133.737732 38.8905869 -278.585449
v 134.045486 38.8905869 -280.053528
v 134.045486 34.2946548 -280.053528
v 133.737732 35.8896866 -278.585449
v 98.3834152 35.8896942 -299.790375
v 110.030243 20.4953232 -297.348785
v 110.030243 35.8896866 -297.348785
v 98.3834152 20.495327 -299.790375
v 81.7450943 20.4953213 -303.278351
v 81.7450943 35.8896828 -303.278351
v 110.030243 35.8896866 -297.348785
v 110.030243 20.4953232 -297.348785
v 107.260391 20.4953232 -284.136017
v 107.260391 35.8896866 -284.136017
v 131.764465 44.0943108 -298.505219
v 130.430832 44.0943108 -292.143494
v 131.213821 44.0943108 -291.97934
v 132.547455 44.0943108 -298.341064
v 132.547455 44.89431 -298.341064
v 132.547455 44.0943108 -298.341064
v 131.213821 44.0943108 -291.97934
v 131.213821 44.89431 -291.97934
v 122.892372 44.89431 -293.723816
v 122.892372 44.0943108 -293.723816
v 124.226006 44.0943108 -300.085541
v 124.226006 44.89431 -300.085541
v 131.213821 44.89431 -291.97934
v 130.430832 44.0943108 -292.143494
v 123.675354 44.0943108 -293.559662
v 122.892372 44.89431 -293.723816
v 124.226006 44.89431 -300.085541
v 124.226006 44.0943108 -300.085541
v 125.008987 44.0943108 -299.921387
v 131.764465 44.0943108 -298.505219
v 132.547455 44.89431 -298.341064
v 124.226006 44.0943108 -300.085541
v 122.892372 44.0943108 -293.723816
v 123.675354 44.0943108 -293.559662
v 125.008987 44.0943108 -299.921387
v 131.764465 44.0943108 -298.505219
v 131.764465 41.89431 -298.505219
v 130.430832 41.89431 -292.143494
v 130.430832 44.0943108 -292.143494
v 123.675354 44.0943108 -293.559662
v 123.675354 41.89431 -293.559662
v 125.008987 41.89431 -299.921387
v 125.008987 44.0943108 -299.921387
v 130.430832 44.0943108 -292.143494
v 130.430832 41.89431 -292.143494
v 123.675354 41.89431 -293.559662
v 123.675354 44.0943108 -293.559662
v 122.892372 44.89431 -293.723816
v 124.226006 44.89431 -300.085541
v 132.547455 44.89431 -298.341064
v 131.213821 44.89431 -291.97934
v 121.854683 42.7943153 -293.941345
v 122.851341 42.2943153 -293.528076
v 119.523674 42.2943153 -294.225677
v 120.602402 42.7943153 -294.203888
v 120.602402 42.7943153 -294.203888
v 119.523674 42.2943153 -294.225677
v 120.939377 42.2943153 -300.978851
v 121.936028 42.7943153 -300.565582
v 123.188316 42.7943153 -300.30307
v 121.854683 42.7943153 -293.941345
v 120.602402 42.7943153 -294.203888
v 121.936028 42.7943153 -300.565582
v 121.936028 42.7943153 -300.565582
v 120.939377 42.2943153 -300.978851
v 124.267044 42.2943153 -300.281281
v 123.188316 42.7943153 -300.30307
v 119.523674 42.2943153 -294.225677
v 122.851341 42.2943153 -293.528076
v 122.851341 42.0943184 -293.528076
v 119.523674 42.0943184 -294.225677
v 122.851341 42.2943153 -293.528076
v 124.267044 42.2943153 -300.281281
v 124.267044 42.0943184 -300.281281
v 122.851341 42.0943184 -293.528076
v 124.267044 42.2943153 -300.281281
v 120.939377 42.2943153 -300.978851
v 120.939377 42.0943184 -300.978851
v 124.267044 42.0943184 -300.281281
v 120.939377 42.2943153 -300.978851
v 119.523674 42.2943153 -294.225677
v 119.523674 42.0943184 -294.225677
v 120.939377 42.0943184 -300.978851
v 126.735603 45.0943146 -306.107635
v 120.863251 45.0943146 -307.338684
v 122.094299 45.0943146 -313.211029
v 127.966652 45.0943146 -311.97998
v 120.863251 42.0943146 -307.338684
v 120.863251 45.0943146 -307.338684
v 126.735603 45.0943146 -306.107635
v 126.735603 42.0943146 -306.107635
v 120.781181 41.8943138 -306.947174
v 109.253784 41.8943138 -284.126801
v 114.321594 41.8943138 -308.301331
v 126.653542 41.8943138 -305.716125
v 133.428299 41.8943138 -279.05899
v 138.496109 41.8943138 -303.233521
v 133.653992 41.8943138 -280.13559
v 133.653992 42.0943146 -280.13559
v 138.496109 41.8943138 -303.233521
v 138.496109 42.0943146 -303.233521
v 133.653992 41.8943138 -280.13559
v 133.428299 42.0943146 -279.05899
v 133.428299 41.8943138 -279.05899
v 109.253784 42.0943146 -284.126801
v 109.253784 41.8943138 -284.126801
v 133.428299 41.8943138 -279.05899
v 133.428299 42.0943146 -279.05899
v 123.188316 42.7943153 -300.30307
v 124.267044 42.2943153 -300.281281
v 122.851341 42.2943153 -293.528076
v 121.854683 42.7943153 -293.941345
v 138.20546 41.0943184 -278.17514
v 144.092789 41.0943222 -277.027008
v 144.584625 42.0943222 -276.941833
v 137.714828 42.0943146 -278.270599
v 138.205154 39.4984741 -278.172485
v 137.714523 38.4984703 -278.267944
v 144.092789 39.4984779 -277.027008
v 144.584625 38.4984779 -276.941833
v 144.092789 41.0943222 -277.027008
v 137.714828 42.0943146 -278.270599
v 145.016251 42.0943222 -276.339478
v 137.166077 42.0943146 -277.86673
v 144.584625 42.0943222 -276.941833
v 144.831161 42.0943222 -279.059631
v 145.016251 42.0943222 -276.339478
v 145.28627 42.0943222 -278.498505
v 146.082916 42.0943222 -279.0979
v 146.088745 42.0943222 -278.479614
v 144.831161 42.0943222 -279.059631
v 138.147339 26.8955345 -277.675842
v 138.147339 23.6955338 -277.675842
v 137.166077 23.6955338 -277.86673
v 137.656708 26.8955345 -277.771301
v 137.166077 27.6937943 -277.86673
v 137.656708 28.4920559 -277.771301
v 137.166077 31.6970787 -277.86673
v 138.147339 28.4920559 -277.675842
v 144.034988 26.8955383 -276.530365
v 137.656708 30.8953247 -277.771301
v 137.656708 32.4988327 -277.771301
v 137.166077 35.0921707 -277.86673
v 138.147339 30.8953247 -277.675842
v 144.034988 28.4920597 -276.530365
v 144.52562 26.8955383 -276.434906
v 144.034988 23.6955376 -276.530365
v 145.016251 23.6955376 -276.339478
v 145.016251 26.8955383 -276.339478
v 144.52562 28.4920597 -276.434906
v 145.016251 29.6936951 -276.339478
v 144.034988 30.8953285 -276.530365
v 138.147339 32.4988327 -277.675842
v 137.656708 34.2946548 -277.771301
v 144.52562 30.8953285 -276.434906
v 137.656708 35.8896828 -277.771301
v 137.166077 42.0943146 -277.86673
v 144.52562 32.4988365 -276.434906
v 145.016251 33.3967476 -276.339478
v 144.034988 32.4988365 -276.530365
v 138.147339 34.2946548 -277.675842
v 144.034988 34.2946587 -276.530365
v 144.52562 34.2946587 -276.434906
v 138.147339 35.8896866 -277.675842
v 144.52562 35.8896904 -276.434906
v 145.016251 36.7920914 -276.339478
v 144.034988 35.8896904 -276.530365
v 137.656708 37.6944847 -277.771301
v 138.147339 37.6944885 -277.675842
v 144.034988 37.6944923 -276.530365
v 144.52562 37.6944923 -276.434906
v 144.52562 39.4984779 -276.434906
v 145.016251 42.0943222 -276.339478
v 144.034988 39.4984779 -276.530365
v 144.034164 41.0943222 -276.530548
v 138.147339 39.4984741 -277.675842
v 138.147339 41.0943184 -277.675842
v 137.656708 39.4984703 -277.771301
v 145.57869 38.4984779 -290.485779
v 145.37944 38.4984779 -288.000153
v 138.366837 38.4984741 -288.181946
v 140.341034 38.4984741 -305.141479
v 148.280106 38.4984818 -304.217316
v 144.935684 38.4984779 -318.701172
v 149.898865 38.4984779 -318.123413
v 145.340622 38.4984818 -322.179779
v 142.364716 38.4984741 -322.526184
v 140.341034 38.4984741 -305.141479
v 142.364716 23.6955338 -322.526184
v 142.364716 38.4984741 -322.526184
v 140.341019 23.6955338 -305.141479
v 138.366837 38.4984741 -288.181946
v 138.366821 23.6955338 -288.181946
v 137.51326 39.4984741 -280.849304
v 138.366837 39.4984741 -288.181946
v 137.51326 23.6955338 -280.849304
v 137.166077 31.6970787 -277.86673
v 137.166077 27.6937943 -277.86673
v 137.166077 23.6955338 -277.86673
v 137.166077 35.0921707 -277.86673
v 137.51326 42.0943146 -280.849304
v 137.166077 42.0943146 -277.86673
v 142.364716 38.4984741 -322.526184
v 142.364716 23.6955338 -322.526184
v 145.340607 23.6955338 -322.179779
v 145.340622 38.4984818 -322.179779
v 148.280106 42.094326 -304.217316
v 148.280106 38.4984818 -304.217316
v 152.749924 42.094326 -303.697021
v 152.749924 23.6955318 -303.697021
v 148.280106 23.6955318 -304.217316
v 145.340622 38.4984818 -322.179779
v 145.340607 23.6955338 -322.179779
v 144.935684 23.6955338 -318.701172
v 144.935684 38.4984779 -318.701172
v 146.87561 41.0943184 -276.618713
v 152.762436 41.0943222 -275.473419
v 152.820541 41.0943222 -275.972595
v 146.933426 41.0943184 -277.115356
v 146.875626 26.8955345 -276.618713
v 146.875626 23.6955338 -276.618713
v 145.894348 23.6955338 -276.809631
v 146.384979 26.8955345 -276.714172
v 145.894348 26.8955345 -276.809631
v 145.894348 27.6937943 -276.809631
v 146.384979 27.6937943 -276.714172
v 145.894348 28.4920559 -276.809631
v 146.875626 27.6937943 -276.618713
v 152.76326 26.8955421 -275.473267
v 146.384979 28.4920559 -276.714172
v 145.894348 30.8953247 -276.809631
v 146.384979 30.8953247 -276.714172
v 145.894348 32.4988327 -276.809631
v 146.87561 28.4920559 -276.618713
v 152.76326 27.6938 -275.473267
v 146.384979 32.4988327 -276.714172
v 145.894348 34.2946548 -276.809631
v 146.87561 30.8953247 -276.618713
v 146.384979 34.2946548 -276.714172
v 145.894348 35.8896866 -276.809631
v 153.253891 26.8955402 -275.377808
v 152.76326 23.6955395 -275.473267
v 153.744522 23.6955395 -275.282349
v 153.744522 26.8955402 -275.282349
v 153.253891 27.6938 -275.377808
v 153.744522 28.0929317 -275.282349
v 152.76326 28.4920616 -275.473267
v 146.87561 32.4988327 -276.618713
v 146.384979 35.8896866 -276.714172
v 145.894348 37.6944885 -276.809631
v 153.253891 28.4920616 -275.377808
v 152.76326 30.8953304 -275.473267
v 153.253891 30.8953304 -275.377808
v 153.744522 31.6970844 -275.282349
v 152.76326 32.4988365 -275.473267
v 146.87561 34.2946548 -276.618713
v 146.384979 37.6944885 -276.714172
v 145.894348 42.0943184 -276.809631
v 153.253891 32.4988365 -275.377808
v 152.76326 34.2946625 -275.473267
v 146.87561 35.8896866 -276.618713
v 153.253891 34.2946625 -275.377808
v 153.744522 35.0921745 -275.282349
v 152.76326 35.8896904 -275.473267
v 153.253891 35.8896904 -275.377808
v 152.76326 37.6944923 -275.473267
v 153.253891 37.6944923 -275.377808
v 153.744522 42.0943222 -275.282349
v 146.87561 37.6944885 -276.618713
v 152.76326 39.4984779 -275.473267
v 153.253891 39.4984779 -275.377808
v 152.762436 41.0943222 -275.473419
v 146.87561 39.4984741 -276.618713
v 146.87561 41.0943184 -276.618713
v 146.384979 39.4984741 -276.714172
v 138.147339 41.0943184 -277.675842
v 144.034164 41.0943222 -276.530548
v 144.092789 41.0943222 -277.027008
v 138.20546 41.0943184 -278.17514
v 152.385925 42.094326 -291.159851
v 152.385925 23.6955338 -291.159851
v 155.365799 23.6955376 -290.812958
v 155.365799 42.094326 -290.812958
v 155.365799 42.094326 -290.812958
v 154.866409 26.8955345 -278.326904
v 154.866409 42.094326 -278.326904
v 155.365799 23.6955376 -290.812958
v 154.866409 23.6955376 -278.326904
v 152.749924 42.094326 -303.697021
v 152.749924 23.6955318 -303.697021
v 152.385925 23.6955338 -291.159851
v 152.385925 42.094326 -291.159851
v 154.866409 42.094326 -278.326904
v 154.099792 26.8955364 -278.33432
v 154.099792 42.0943222 -278.33432
v 154.866409 26.8955345 -278.326904
v 154.099792 23.6955376 -278.33432
v 154.866409 23.6955376 -278.326904
v 145.687515 26.8955383 -278.489075
v 145.687515 23.6955376 -278.489075
v 138.272507 26.8955345 -278.670715
v 138.272507 23.6955299 -278.670715
v 153.744522 42.0943222 -275.282349
v 154.099792 42.0943222 -278.33432
v 154.099792 26.8955364 -278.33432
v 153.784714 26.8955402 -275.57959
v 153.744522 28.0929317 -275.282349
v 153.744522 31.6970844 -275.282349
v 153.744522 26.8955402 -275.282349
v 153.744522 23.6955395 -275.282349
v 153.779221 26.8955402 -275.580322
v 153.779221 23.6955395 -275.580322
v 137.714828 42.0943146 -278.270599
v 138.003891 42.0943146 -280.753845
v 138.003662 39.4984703 -280.751862
v 137.714523 38.4984703 -278.267944
v 138.003586 38.4984703 -280.75116
v 137.51326 39.4984741 -280.849304
v 138.003662 39.4984703 -280.751862
v 138.003891 42.0943146 -280.753845
v 137.51326 42.0943146 -280.849304
v 137.714828 42.0943146 -278.270599
v 137.166077 42.0943146 -277.86673
v 137.51326 42.0943146 -280.849304
v 138.003891 42.0943146 -280.753845
v 138.003586 38.4984703 -280.75116
v 138.003662 39.4984703 -280.751862
v 138.771759 39.4984741 -287.707458
v 138.771759 38.4984741 -287.707458
v 146.097824 38.4984779 -279.098358
v 144.831146 38.4984779 -279.059631
v 146.391006 38.4984779 -287.393066
v 138.003586 38.4984703 -280.75116
v 138.771759 38.4984741 -287.707458
v 144.584625 38.4984779 -276.941833
v 137.714523 38.4984703 -278.267944
v 144.935684 38.4984779 -318.701172
v 144.935684 23.6955338 -318.701172
v 149.898865 23.6955338 -318.123413
v 149.898865 38.4984779 -318.123413
v 146.097824 38.4984779 -279.098358
v 146.391006 38.4984779 -287.393066
v 146.367859 42.0943222 -287.397919
v 146.082916 42.0943222 -279.0979
v 146.367859 42.0943222 -287.397919
v 146.391006 38.4984779 -287.393066
v 145.276855 39.4984779 -287.510773
v 145.27684 42.0943222 -287.510773
v 145.27684 42.0943222 -287.510773
v 145.276855 39.4984779 -287.510773
v 145.37944 39.4984779 -288.000153
v 145.57869 42.0943222 -290.485779
v 145.37944 38.4984779 -288.000153
v 145.57869 38.4984779 -290.485779
v 145.57869 42.0943222 -290.485779
v 145.57869 38.4984779 -290.485779
v 146.571777 38.4984779 -290.348297
v 146.571762 42.0943222 -290.348297
v 146.571762 42.0943222 -290.348297
v 146.571777 38.4984779 -290.348297
v 148.280106 38.4984818 -304.217316
v 148.280106 42.094326 -304.217316
v 146.367859 42.0943222 -287.397919
v 145.27684 42.0943222 -287.510773
v 145.57869 42.0943222 -290.485779
v 146.571762 42.0943222 -290.348297
v 152.385925 42.094326 -291.159851
v 152.749924 42.094326 -303.697021
v 148.280106 42.094326 -304.217316
v 154.099792 42.0943222 -278.33432
v 155.365799 42.094326 -290.812958
v 154.866409 42.094326 -278.326904
v 153.598267 42.0943222 -278.339783
v 146.082916 42.0943222 -279.0979
v 153.744522 42.0943222 -275.282349
v 146.589462 42.0943222 -278.470856
v 146.088745 42.0943222 -278.479614
v 146.4431 42.0943184 -277.213501
v 145.894348 42.0943184 -276.809631
v 153.3116 42.0943222 -275.877197
v 145.28627 29.6936951 -278.498505
v 145.28627 27.6937981 -278.498505
v 145.050949 27.6937981 -276.637451
v 145.016251 29.6936951 -276.339478
v 145.28627 33.3967476 -278.498505
v 145.050949 26.8955383 -276.637451
v 145.016251 33.3967476 -276.339478
v 145.016251 26.8955383 -276.339478
v 145.016251 23.6955376 -276.339478
v 145.050949 23.6955376 -276.637451
v 145.28627 36.7920914 -278.498505
v 145.016251 36.7920914 -276.339478
v 145.28627 42.0943222 -278.498505
v 145.016251 42.0943222 -276.339478
v 145.894348 26.8955345 -276.809631
v 145.050949 26.8955383 -276.637451
v 145.050949 27.6937981 -276.637451
v 145.894348 27.6937943 -276.809631
v 145.050949 27.6937981 -276.637451
v 145.28627 27.6937981 -278.498505
v 146.088745 27.6937943 -278.479614
v 145.894348 27.6937943 -276.809631
v 145.28627 42.0943222 -278.498505
v 146.088745 42.0943222 -278.479614
v 146.088745 27.6937943 -278.479614
v 145.28627 27.6937981 -278.498505
v 145.894348 27.6937943 -276.809631
v 146.088745 27.6937943 -278.479614
v 146.088745 28.4920559 -278.479614
v 145.894348 28.4920559 -276.809631
v 146.088745 30.8953247 -278.479614
v 145.894348 30.8953247 -276.809631
v 146.088745 32.4988327 -278.479614
v 145.894348 32.4988327 -276.809631
v 146.088745 34.2946548 -278.479614
v 145.894348 34.2946548 -276.809631
v 146.088745 35.8896866 -278.479614
v 145.894348 35.8896866 -276.809631
v 146.088745 37.6944885 -278.479614
v 145.894348 37.6944885 -276.809631
v 146.088745 42.0943222 -278.479614
v 145.894348 42.0943184 -276.809631
v 144.034988 26.8955383 -276.530365
v 144.034988 23.6955376 -276.530365
v 144.069672 23.6955376 -276.828369
v 144.069672 26.8955383 -276.828369
v 145.687515 26.8955383 -278.489075
v 138.272507 26.8955345 -278.670715
v 138.182037 26.8955345 -277.973816
v 145.050949 26.8955383 -276.637451
v 145.894348 26.8955345 -276.809631
v 145.929031 26.8955345 -277.107605
v 154.099792 26.8955364 -278.33432
v 146.910309 26.8955345 -276.916718
v 152.797943 26.8955402 -275.77124
v 153.779221 26.8955402 -275.580322
v 146.875626 26.8955345 -276.618713
v 152.76326 26.8955421 -275.473267
v 138.147339 26.8955345 -277.675842
v 138.272507 26.8955345 -278.670715
v 138.272507 23.6955299 -278.670715
v 138.147339 23.6955338 -277.675842
v 144.069672 26.8955383 -276.828369
v 138.182037 26.8955345 -277.973816
v 138.147339 26.8955345 -277.675842
v 144.034988 26.8955383 -276.530365
v 138.147339 39.4984741 -277.675842
v 138.205154 39.4984741 -278.172485
v 144.092789 39.4984779 -277.027008
v 144.034988 39.4984779 -276.530365
v 138.205154 39.4984741 -278.172485
v 137.714523 38.4984703 -278.267944
v 144.584625 38.4984779 -276.941833
v 144.092789 39.4984779 -277.027008
v 138.147339 41.0943184 -277.675842
v 138.20546 41.0943184 -278.17514
v 138.205154 39.4984741 -278.172485
v 138.147339 39.4984741 -277.675842
v 144.831161 42.0943222 -279.059631
v 144.831146 38.4984779 -279.059631
v 146.097824 38.4984779 -279.098358
v 146.082916 42.0943222 -279.0979
v 144.831146 38.4984779 -279.059631
v 144.831161 42.0943222 -279.059631
v 144.584625 42.0943222 -276.941833
v 144.584625 38.4984779 -276.941833
v 144.034164 41.0943222 -276.530548
v 144.034988 39.4984779 -276.530365
v 144.092789 39.4984779 -277.027008
v 144.092789 41.0943222 -277.027008
v 138.771759 39.4984741 -287.707458
v 138.003662 39.4984703 -280.751862
v 137.51326 39.4984741 -280.849304
v 138.366837 39.4984741 -288.181946
v 145.37944 39.4984779 -288.000153
v 145.276855 39.4984779 -287.510773
v 149.898865 23.6955338 -318.123413
v 148.280106 23.6955318 -304.217316
v 148.280106 38.4984818 -304.217316
v 149.898865 38.4984779 -318.123413
v 152.76326 26.8955421 -275.473267
v 152.76326 23.6955395 -275.473267
v 152.797943 23.6955395 -275.77124
v 152.797943 26.8955402 -275.77124
v 145.894348 26.8955345 -276.809631
v 145.894348 23.6955338 -276.809631
v 145.929031 23.6955338 -277.107605
v 145.929031 26.8955345 -277.107605
v 146.875626 23.6955338 -276.618713
v 146.875626 26.8955345 -276.618713
v 146.910309 26.8955345 -276.916718
v 146.910309 23.6955338 -276.916718
v 146.87561 39.4984741 -276.618713
v 146.933426 39.4984741 -277.115356
v 152.82106 39.4984779 -275.96991
v 152.76326 39.4984779 -275.473267
v 152.820541 41.0943222 -275.972595
v 152.82106 39.4984779 -275.96991
v 146.933426 39.4984741 -277.115356
v 146.933426 41.0943184 -277.115356
v 146.87561 39.4984741 -276.618713
v 146.87561 41.0943184 -276.618713
v 146.933426 41.0943184 -277.115356
v 146.933426 39.4984741 -277.115356
v 146.933426 39.4984741 -277.115356
v 146.933426 41.0943184 -277.115356
v 146.4431 41.0943184 -277.213501
v 146.4431 38.4984779 -277.213501
v 153.3116 38.4984818 -275.877197
v 152.82106 39.4984779 -275.96991
v 153.3116 42.0943222 -275.877197
v 152.820541 41.0943222 -275.972595
v 152.76326 39.4984779 -275.473267
v 152.82106 39.4984779 -275.96991
v 152.820541 41.0943222 -275.972595
v 152.762436 41.0943222 -275.473419
v 138.366837 38.4984741 -288.181946
v 145.37944 38.4984779 -288.000153
v 145.37944 39.4984779 -288.000153
v 138.366837 39.4984741 -288.181946
v 138.771759 38.4984741 -287.707458
v 138.771759 39.4984741 -287.707458
v 145.276855 39.4984779 -287.510773
v 146.391006 38.4984779 -287.393066
v 142.057739 38.8331871 -289.606659
v 140.51265 38.4984779 -289.728333
v 141.591629 38.4984779 -301.702423
v 143.136703 38.8331871 -301.58075
v 137.783493 34.6944885 -306.484528
v 137.783493 23.6955338 -306.484528
v 138.616821 23.6955338 -313.643219
v 138.616821 34.6944885 -313.643219
v 137.783493 23.6955338 -306.484528
v 137.783493 34.6944885 -306.484528
v 140.595764 34.6944885 -306.157166
v 140.595764 23.6955338 -306.157166
v 137.783493 34.6944885 -306.484528
v 138.616821 34.6944885 -313.643219
v 141.429077 34.6944885 -313.315857
v 140.595764 34.6944885 -306.157166
v 138.616821 34.6944885 -313.643219
v 138.616821 23.6955338 -313.643219
v 141.429077 23.6955338 -313.315857
v 141.429077 34.6944885 -313.315857
v 144.681793 38.4984779 -301.459076
v 143.602814 38.4984779 -289.484985
v 142.057739 38.8331871 -289.606659
v 143.136703 38.8331871 -301.58075
v 134.436981 23.6955338 -279.971466
v 134.045486 23.6955338 -280.053528
v 134.045486 26.8955345 -280.053528
v 134.436981 26.8955345 -279.971466
v 136.984467 23.6955338 -279.437408
v 134.436981 28.4920559 -279.971466
v 134.045486 30.8953247 -280.053528
v 136.984467 26.8955345 -279.437408
v 137.375961 23.6955338 -279.355347
v 137.375961 26.8955345 -279.355347
v 136.984467 28.4920559 -279.437408
v 137.375961 28.4920559 -279.355347
v 134.436981 30.8953247 -279.971466
v 134.045486 32.4988327 -280.053528
v 136.984467 30.8953247 -279.437408
v 137.375961 30.8953247 -279.355347
v 134.436981 32.4988327 -279.971466
v 134.045486 34.2946548 -280.053528
v 136.984467 32.4988327 -279.437408
v 137.375961 32.4988327 -279.355347
v 134.436981 34.2946548 -279.971466
v 136.984467 34.2946548 -279.437408
v 137.375961 34.2946548 -279.355347
v 134.436981 35.8896866 -279.971466
v 134.045486 38.8905869 -280.053528
v 136.984467 35.8896866 -279.437408
v 137.375961 35.8896866 -279.355347
v 134.436981 37.6944885 -279.971466
v 136.984467 37.6944885 -279.437408
v 137.375961 38.8905907 -279.355347
v 137.375961 38.8905907 -279.355347
v 134.045486 38.8905869 -280.053528
v 138.969681 37.8199959 -303.542938
v 140.309921 37.8199959 -303.261993
v 99.9357529 24.695322 -285.262817
v 99.9357529 23.695322 -285.262817
v 98.4518661 23.695322 -285.982574
v 98.4518661 24.695322 -285.982574
v 99.9357529 24.695322 -285.262817
v 101.583786 24.6953239 -285.326019
v 101.583786 23.6953239 -285.326019
v 99.9357529 23.695322 -285.262817
v 104.422089 23.6953239 -284.731018
v 102.99926 23.6953239 -285.029297
v 104.422089 24.2953243 -284.731018
v 102.99926 24.6953239 -285.029297
v 101.583786 23.6953239 -285.326019
v 101.583786 24.6953239 -285.326019
v 104.422089 24.6953239 -284.731018
v 107.260391 24.6953239 -284.136017
v 106.771027 24.2953243 -284.238586
v 106.281662 25.6953239 -284.341187
v 103.639107 25.6953239 -284.895142
v 102.758255 25.6953239 -285.079803
v 103.639107 27.4953232 -284.895142
v 106.281662 25.6953239 -284.341187
v 107.260391 27.4953232 -284.136017
v 106.281662 27.4953232 -284.341187
v 107.260391 29.0953236 -284.136017
v 106.281662 29.0953236 -284.341187
v 107.260391 30.8953228 -284.136017
v 106.281662 30.8953228 -284.341187
v 106.281662 27.4953232 -284.341187
v 107.260391 35.8896866 -284.136017
v 106.281662 29.0953236 -284.341187
v 106.281662 32.4988289 -284.341187
v 103.639107 29.0953236 -284.895142
v 102.758247 27.4953232 -285.079803
v 103.639107 30.8953228 -284.895142
v 106.281662 30.8953228 -284.341187
v 102.758247 29.0953236 -285.079803
v 100.115692 27.4953213 -285.633789
v 100.115692 25.695322 -285.633789
v 99.2348404 25.695322 -285.81842
v 98.4518661 24.695322 -285.982574
v 103.639107 32.4988289 -284.895142
v 102.758247 30.8953228 -285.079803
v 103.639107 34.2946548 -284.895142
v 106.281662 34.2946548 -284.341187
v 102.758247 32.4988289 -285.079803
v 100.115692 30.8953209 -285.633789
v 100.115692 29.0953217 -285.633789
v 106.281662 32.4988289 -284.341187
v 99.2348404 27.4953213 -285.81842
v 102.758247 34.2946548 -285.079803
v 100.115692 34.294651 -285.633789
v 95.6135559 35.8896866 -286.577576
v 99.2348404 29.0953217 -285.81842
v 100.115692 32.4988289 -285.633789
v 99.2348404 30.8953209 -285.81842
v 99.2348404 32.4988289 -285.81842
v 96.5922775 27.4953213 -286.372406
v 96.5922775 30.8953209 -286.372406
v 99.2348404 34.294651 -285.81842
v 96.5922775 34.294651 -286.372406
v 96.5922775 32.4988289 -286.372406
v 95.6135559 25.695322 -286.577576
v 96.5922775 29.0953217 -286.372406
v 96.5922775 25.695322 -286.372406
v 95.6135559 25.695322 -286.577576
v 95.6135559 24.695322 -286.577576
v 95.6135559 23.695322 -286.577576
v 98.4518661 23.695322 -285.982574
v 95.6135559 21.4953213 -286.577576
v 98.4518661 21.4953213 -285.982574
v 95.6135559 20.4953175 -286.577576
v 98.4518661 20.4953213 -285.982574
v 106.771027 23.6953239 -284.238586
v 106.935165 23.6953239 -285.021576
v 106.935165 24.2953243 -285.021576
v 106.771027 24.2953243 -284.238586
v 98.4518661 21.4953213 -285.982574
v 99.2080002 20.4953213 -286.641449
v 98.4518661 20.4953213 -285.982574
v 99.2080002 21.4953213 -286.641449
v 98.4518661 23.695322 -285.982574
v 99.2080002 23.695322 -286.641449
v 98.4518661 21.4953213 -285.982574
v 106.771027 24.2953243 -284.238586
v 106.935165 24.2953243 -285.021576
v 104.586227 24.2953243 -285.513977
v 104.422089 24.2953243 -284.731018
v 104.422089 21.4953232 -284.731018
v 104.422089 20.4953232 -284.731018
v 102.99926 20.4953232 -285.029297
v 102.99926 21.4953232 -285.029297
v 104.422089 23.6953239 -284.731018
v 102.99926 21.4953232 -285.029297
v 104.422089 23.6953239 -284.731018
v 104.586227 23.6953239 -285.513977
v 104.586227 21.4953232 -285.513977
v 104.422089 21.4953232 -284.731018
v 104.422089 21.4953232 -284.731018
v 104.586227 20.4953232 -285.513977
v 104.422089 20.4953232 -284.731018
v 102.99926 21.4953232 -285.029297
v 102.99926 20.4953232 -285.029297
v 101.583786 20.4953232 -285.326019
v 101.583786 21.4953232 -285.326019
v 102.99926 23.6953239 -285.029297
v 106.935165 24.2953243 -285.021576
v 104.586227 23.6953239 -285.513977
v 104.586227 24.2953243 -285.513977
v 106.935165 23.6953239 -285.021576
v 104.586227 21.4953232 -285.513977
v 106.935165 21.4953232 -285.021576
v 104.586227 20.4953232 -285.513977
v 106.935165 20.4953232 -285.021576
v 106.771027 20.4953232 -284.238586
v 106.935165 20.4953232 -285.021576
v 106.935165 21.4953232 -285.021576
v 106.771027 21.4953232 -284.238586
v 106.935165 23.6953239 -285.021576
v 106.771027 23.6953239 -284.238586
v 104.422089 24.2953243 -284.731018
v 104.586227 24.2953243 -285.513977
v 104.586227 23.6953239 -285.513977
v 104.422089 23.6953239 -284.731018
v 101.583786 20.4953232 -285.326019
v 101.155922 20.4953232 -286.233093
v 101.155922 21.4953232 -286.233093
v 101.583786 21.4953232 -285.326019
v 101.583786 21.4953232 -285.326019
v 101.155922 23.6953239 -286.233093
v 101.583786 23.6953239 -285.326019
v 99.2080002 21.4953213 -286.641449
v 99.2080002 23.695322 -286.641449
v 101.155922 23.6953239 -286.233093
v 101.155922 21.4953232 -286.233093
v 99.2080002 20.4953213 -286.641449
v 101.155922 20.4953232 -286.233093
v 107.568153 20.4953232 -285.604095
v 107.568146 35.8896866 -285.604095
v 109.087982 34.2946548 -285.285492
v 109.087982 20.4953232 -285.285492
v 109.087982 34.2946548 -285.285492
v 107.568146 35.8896866 -285.604095
v 107.670738 35.8896866 -286.093445
v 109.190575 35.8896866 -285.774841
v 109.190575 35.8896866 -285.774841
v 107.670738 35.8896866 -286.093445
v 107.670738 34.8896866 -286.093445
v 109.190575 34.8896866 -285.774841
v 109.190575 34.8896866 -285.774841
v 107.670738 34.8896866 -286.093445
v 110.030243 34.8896866 -297.348785
v 111.550079 34.8896866 -297.030182
v 111.550079 34.8896866 -297.030182
v 110.030243 34.8896866 -297.348785
v 110.030243 20.4953232 -297.348785
v 111.550079 20.4953232 -297.030182
v 95.6135559 35.8896866 -286.577576
v 78.9752274 35.8896828 -290.065552
v 81.7450943 35.8896828 -303.278351
v 98.3834152 35.8896942 -299.790375
v 78.9752274 23.695322 -290.065552
v 95.6135559 20.4953175 -286.577576
v 78.9752274 20.4953175 -290.065552
v 95.6135559 23.695322 -286.577576
v 78.9752274 25.695322 -290.065552
v 95.6135559 25.695322 -286.577576
v 78.9752274 27.695322 -290.065552
v 95.6135559 27.695322 -286.577576
v 78.9752274 29.695322 -290.065552
v 95.6135559 29.695322 -286.577576
v 78.9752274 35.8896828 -290.065552
v 95.6135559 35.8896866 -286.577576
v 47.6560173 24.1953259 -296.631134
v 78.9752274 24.1953259 -290.065552
v 79.0778122 24.1953259 -290.554901
v 47.758606 24.1953259 -297.120483
v 47.758606 24.1953259 -297.120483
v 79.0778122 24.1953259 -290.554901
v 79.0778122 20.4953175 -290.554901
v 47.758606 20.4953213 -297.120483
v 47.6560173 35.8896866 -296.631134
v 78.9752274 35.8896828 -290.065552
v 78.9752274 24.1953259 -290.065552
v 47.6560173 24.1953259 -296.631134
v 82.4599457 20.4953213 -306.688354
v 81.7450943 20.4953213 -303.278351
v 81.7450943 35.8896828 -303.278351
v 82.4599457 35.8896828 -306.688354
v 82.4599457 35.8896828 -306.688354
v 56.0317612 35.8896828 -312.228607
v 56.0317612 20.4953194 -312.228607
v 82.4599457 20.4953213 -306.688354
v 56.0317612 35.8896828 -312.228607
v 54.9025269 35.8896828 -306.841949
v 54.9025307 20.4953194 -306.841949
v 56.0317612 20.4953194 -312.228607
v 56.0317612 35.8896828 -312.228607
v 82.4599457 35.8896828 -306.688354
v 81.7450943 35.8896828 -303.278351
v 54.9025269 35.8896828 -306.841949
v 79.0778122 35.8896828 -290.554901
v 50.0114975 35.8896866 -307.867279
v 47.758606 35.8896866 -297.120483
v 78.9752274 35.8896828 -290.065552
v 47.6560173 35.8896866 -296.631134
v 54.9025269 35.8896828 -306.841949
v 50.0114975 35.8896866 -307.867279
v 50.0114975 20.4953213 -307.867279
v 54.9025307 20.4953194 -306.841949
v 47.758606 35.8896866 -297.120483
v 47.6560173 35.8896866 -296.631134
v 47.6560173 24.1953259 -296.631134
v 47.758606 24.1953259 -297.120483
v 50.0114975 35.8896866 -307.867279
v 50.0114975 20.4953213 -307.867279
v 47.758606 20.4953213 -297.120483
v 78.9752274 35.8896828 -290.065552
v 79.0778122 35.8896828 -290.554901
v 79.0778122 24.1953259 -290.554901
v 78.9752274 24.1953259 -290.065552
v -1193.20361 270.665741 1766.25159
v -1193.20361 270.665741 1757.11633
v -1193.20361 274.200684 1757.11633
v -1193.20361 274.200684 1766.25159
v -1193.20361 270.665741 1757.11633
v -1184.07129 270.665741 1757.11633
v -1184.07129 274.200684 1757.11633
v -1193.20361 274.200684 1757.11633
v -1184.07129 270.665741 1757.11633
v -1184.07129 270.665741 1766.25159
v -1184.07129 274.200684 1766.25159
v -1184.07129 274.200684 1757.11633
v -1184.07129 270.665741 1766.25159
v -1193.20361 270.665741 1766.25159
v -1193.20361 274.200684 1766.25159
v -1184.07129 274.200684 1766.25159
v -1189.55164 274.200684 1760.76831
v -1184.07129 274.200684 1757.11633
v -1187.72327 274.200684 1760.76831
v -1193.20361 274.200684 1757.11633
v -1189.55164 274.200684 1762.59961
v -1193.20361 274.200684 1766.25159
v -1187.72327 274.200684 1760.76831
v -1184.07129 274.200684 1766.25159
v -1187.72327 274.200684 1762.59961
v -1189.55164 274.200684 1762.59961
v -1185.34961 283.754395 1764.51184
v -1185.60498 283.204315 1764.71753
v -1185.60498 283.204315 1758.65039
v -1185.34961 283.754395 1758.85608
v -1185.34961 283.754395 1758.85608
v -1184.9707 283.381012 1758.01624
v -1184.9707 283.381012 1765.35168
v -1185.34961 283.754395 1764.51184
v -1185.34961 283.754395 1758.85608
v -1185.60498 283.204315 1758.65039
v -1186.21753 287.792267 1759.26318
v -1185.83435 287.376953 1759.34094
v -1185.83435 287.376953 1759.34094
v -1185.57483 287.885071 1758.62036
v -1184.9707 283.381012 1758.01624
v -1185.34961 283.754395 1758.85608
v -1185.83435 287.376953 1759.34094
v -1186.21753 287.792267 1759.26318
v -1186.21753 287.792267 1764.10474
v -1185.83435 287.376953 1764.02698
v -1185.83435 287.376953 1764.02698
v -1185.57483 287.885071 1764.74756
v -1185.57483 287.885071 1758.62036
v -1185.83435 287.376953 1759.34094
v -1185.83435 287.376953 1764.02698
v -1186.21753 287.792267 1764.10474
v -1185.60498 283.204315 1764.71753
v -1185.34961 283.754395 1764.51184
v -1185.34961 283.754395 1764.51184
v -1184.9707 283.381012 1765.35168
v -1185.57483 287.885071 1764.74756
v -1185.83435 287.376953 1764.02698
v -1191.92529 283.754395 1758.85608
v -1191.66992 283.204315 1758.65039
v -1191.66992 283.204315 1764.71753
v -1191.92529 283.754395 1764.51184
v -1191.92529 283.754395 1764.51184
v -1192.3042 283.381012 1765.35168
v -1192.3042 283.381012 1758.01624
v -1191.92529 283.754395 1758.85608
v -1191.92529 283.754395 1764.51184
v -1191.66992 283.204315 1764.71753
v -1191.05737 287.792267 1764.10474
v -1191.44055 287.376953 1764.02698
v -1191.44055 287.376953 1764.02698
v -1191.70007 287.885071 1764.74756
v -1192.3042 283.381012 1765.35168
v -1191.92529 283.754395 1764.51184
v -1191.44055 287.376953 1764.02698
v -1191.05737 287.792267 1764.10474
v -1191.05737 287.792267 1759.26318
v -1191.44055 287.376953 1759.34094
v -1191.44055 287.376953 1759.34094
v -1191.70007 287.885071 1758.62036
v -1191.70007 287.885071 1764.74756
v -1191.44055 287.376953 1764.02698
v -1191.44055 287.376953 1759.34094
v -1191.05737 287.792267 1759.26318
v -1191.66992 283.204315 1758.65039
v -1191.92529 283.754395 1758.85608
v -1191.92529 283.754395 1758.85608
v -1192.3042 283.381012 1758.01624
v -1191.70007 287.885071 1758.62036
v -1191.44055 287.376953 1759.34094
v -1191.46436 283.754395 1764.97278
v -1191.66992 283.204315 1764.71753
v -1185.60498 283.204315 1764.71753
v -1185.81055 283.754395 1764.97278
v -1185.81055 283.754395 1764.97278
v -1184.9707 283.381012 1765.35168
v -1192.3042 283.381012 1765.35168
v -1191.46436 283.754395 1764.97278
v -1185.81055 283.754395 1764.97278
v -1185.60498 283.204315 1764.71753
v -1186.21753 287.792267 1764.10474
v -1186.29529 287.376953 1764.48792
v -1186.29529 287.376953 1764.48792
v -1185.57483 287.885071 1764.74756
v -1184.9707 283.381012 1765.35168
v -1185.81055 283.754395 1764.97278
v -1186.29529 287.376953 1764.48792
v -1186.21753 287.792267 1764.10474
v -1191.05737 287.792267 1764.10474
v -1190.97961 287.376953 1764.48792
v -1190.97961 287.376953 1764.48792
v -1191.70007 287.885071 1764.74756
v -1185.57483 287.885071 1764.74756
v -1186.29529 287.376953 1764.48792
v -1190.97961 287.376953 1764.48792
v -1191.05737 287.792267 1764.10474
v -1191.66992 283.204315 1764.71753
v -1191.46436 283.754395 1764.97278
v -1191.46436 283.754395 1764.97278
v -1192.3042 283.381012 1765.35168
v -1191.70007 287.885071 1764.74756
v -1190.97961 287.376953 1764.48792
v -1185.81055 283.754395 1758.39514
v -1185.60498 283.204315 1758.65039
v -1191.66992 283.204315 1758.65039
v -1191.46436 283.754395 1758.39514
v -1191.46436 283.754395 1758.39514
v -1192.3042 283.381012 1758.01624
v -1184.9707 283.381012 1758.01624
v -1185.81055 283.754395 1758.39514
v -1191.46436 283.754395 1758.39514
v -1191.66992 283.204315 1758.65039
v -1191.05737 287.792267 1759.26318
v -1190.97961 287.376953 1758.88
v -1190.97961 287.376953 1758.88
v -1191.70007 287.885071 1758.62036
v -1192.3042 283.381012 1758.01624
v -1191.46436 283.754395 1758.39514
v -1190.97961 287.376953 1758.88
v -1191.05737 287.792267 1759.26318
v -1186.21753 287.792267 1759.26318
v -1186.29529 287.376953 1758.88
v -1186.29529 287.376953 1758.88
v -1185.57483 287.885071 1758.62036
v -1191.70007 287.885071 1758.62036
v -1190.97961 287.376953 1758.88
v -1186.29529 287.376953 1758.88
v -1186.21753 287.792267 1759.26318
v -1185.60498 283.204315 1758.65039
v -1185.81055 283.754395 1758.39514
v -1185.81055 283.754395 1758.39514
v -1184.9707 283.381012 1758.01624
v -1185.57483 287.885071 1758.62036
v -1186.29529 287.376953 1758.88
v -1190.75537 316.240784 1764.28174
v -1191.06226 315.705505 1764.10962
v -1186.21265 315.705505 1764.10962
v -1186.51953 316.240784 1764.28174
v -1186.51953 316.240784 1764.28174
v -1185.57971 315.891815 1764.74255
v -1191.69519 315.891815 1764.74255
v -1190.75537 316.240784 1764.28174
v -1186.51953 316.240784 1764.28174
v -1186.21265 315.705505 1764.10962
v -1188.03503 321.277527 1762.28662
v -1188.0564 320.948547 1762.74438
v -1188.0564 320.948547 1762.74438
v -1187.40845 321.503815 1762.91333
v -1185.57971 315.891815 1764.74255
v -1186.51953 316.240784 1764.28174
v -1188.0564 320.948547 1762.74438
v -1188.03503 321.277527 1762.28662
v -1189.23987 321.277527 1762.28662
v -1189.21851 320.948547 1762.74438
v -1189.21851 320.948547 1762.74438
v -1189.86646 321.503815 1762.91333
v -1187.40845 321.503815 1762.91333
v -1188.0564 320.948547 1762.74438
v -1189.21851 320.948547 1762.74438
v -1189.23987 321.277527 1762.28662
v -1191.06226 315.705505 1764.10962
v -1190.75537 316.240784 1764.28174
v -1190.75537 316.240784 1764.28174
v -1191.69519 315.891815 1764.74255
v -1189.86646 321.503815 1762.91333
v -1189.21851 320.948547 1762.74438
v -1185.89612 292.964661 1763.96936
v -1186.21912 292.498657 1764.10315
v -1186.21912 292.498657 1759.26477
v -1185.89612 292.964661 1759.39856
v -1185.89612 292.964661 1759.39856
v -1185.57324 292.498657 1758.61877
v -1185.57324 292.498657 1764.74915
v -1185.89612 292.964661 1763.96936
v -1185.89612 292.964661 1759.39856
v -1186.21912 292.498657 1759.26477
v -1186.21265 315.705505 1759.2583
v -1185.89612 315.332672 1759.39856
v -1185.89612 315.332672 1759.39856
v -1185.57971 315.891815 1758.62537
v -1185.57324 292.498657 1758.61877
v -1185.89612 292.964661 1759.39856
v -1185.89612 315.332672 1759.39856
v -1186.21265 315.705505 1759.2583
v -1186.21265 315.705505 1764.10962
v -1185.89612 315.332672 1763.96936
v -1185.89612 315.332672 1763.96936
v -1185.57971 315.891815 1764.74255
v -1185.57971 315.891815 1758.62537
v -1185.89612 315.332672 1759.39856
v -1185.89612 315.332672 1763.96936
v -1186.21265 315.705505 1764.10962
v -1186.21912 292.498657 1764.10315
v -1185.89612 292.964661 1763.96936
v -1185.89612 292.964661 1763.96936
v -1185.57324 292.498657 1764.74915
v -1185.57971 315.891815 1764.74255
v -1185.89612 315.332672 1763.96936
v -1191.37878 292.964661 1759.39856
v -1191.05579 292.498657 1759.26477
v -1191.05579 292.498657 1764.10315
v -1191.37878 292.964661 1763.96936
v -1191.37878 292.964661 1763.96936
v -1191.70166 292.498657 1764.74915
v -1191.70166 292.498657 1758.61877
v -1191.37878 292.964661 1759.39856
v -1191.37878 292.964661 1763.96936
v -1191.05579 292.498657 1764.10315
v -1191.06226 315.705505 1764.10962
v -1191.37878 315.332672 1763.96936
v -1191.37878 315.332672 1763.96936
v -1191.69519 315.891815 1764.74255
v -1191.70166 292.498657 1764.74915
v -1191.37878 292.964661 1763.96936
v -1191.37878 315.332672 1763.96936
v -1191.06226 315.705505 1764.10962
v -1191.06226 315.705505 1759.2583
v -1191.37878 315.332672 1759.39856
v -1191.37878 315.332672 1759.39856
v -1191.69519 315.891815 1758.62537
v -1191.69519 315.891815 1764.74255
v -1191.37878 315.332672 1763.96936
v -1191.37878 315.332672 1759.39856
v -1191.06226 315.705505 1759.2583
v -1191.05579 292.498657 1759.26477
v -1191.37878 292.964661 1759.39856
v -1191.37878 292.964661 1759.39856
v -1191.70166 292.498657 1758.61877
v -1191.69519 315.891815 1758.62537
v -1191.37878 315.332672 1759.39856
v -1190.922 292.964661 1764.42615
v -1191.05579 292.498657 1764.10315
v -1186.21912 292.498657 1764.10315
v -1186.35291 292.964661 1764.42615
v -1186.35291 292.964661 1764.42615
v -1185.57324 292.498657 1764.74915
v -1191.70166 292.498657 1764.74915
v -1190.922 292.964661 1764.42615
v -1186.35291 292.964661 1764.42615
v -1186.21265 315.705505 1764.10962
v -1186.35291 315.332672 1764.42615
v -1186.21912 292.498657 1764.10315
v -1186.35291 288.304688 1764.42615
v -1186.21753 287.792267 1764.10474
v -1186.35291 292.032654 1764.42615
v -1186.35291 315.332672 1764.42615
v -1185.57971 315.891815 1764.74255
v -1185.57324 292.498657 1764.74915
v -1186.35291 292.964661 1764.42615
v -1186.35291 315.332672 1764.42615
v -1186.21265 315.705505 1764.10962
v -1191.06226 315.705505 1764.10962
v -1190.922 315.332672 1764.42615
v -1190.922 315.332672 1764.42615
v -1191.69519 315.891815 1764.74255
v -1185.57971 315.891815 1764.74255
v -1186.35291 315.332672 1764.42615
v -1190.922 315.332672 1764.42615
v -1191.06226 315.705505 1764.10962
v -1191.05579 292.498657 1764.10315
v -1190.922 292.964661 1764.42615
v -1190.922 292.964661 1764.42615
v -1191.70166 292.498657 1764.74915
v -1191.69519 315.891815 1764.74255
v -1190.922 315.332672 1764.42615
v -1188.17847 336.768677 1762.59998
v -1187.3988 336.302673 1762.92297
v -1189.8761 336.302673 1762.92297
v -1189.09644 336.768677 1762.59998
v -1188.17847 339.564667 1762.59998
v -1187.45801 340.299713 1762.86365
v -1187.3988 336.302673 1762.92297
v -1188.17847 336.768677 1762.59998
v -1189.09644 339.564667 1762.59998
v -1189.81689 340.299713 1762.86365
v -1187.45801 340.299713 1762.86365
v -1188.17847 339.564667 1762.59998
v -1189.09644 336.768677 1762.59998
v -1189.8761 336.302673 1762.92297
v -1189.81689 340.299713 1762.86365
v -1189.09644 339.564667 1762.59998
v -1186.51953 316.240784 1759.08618
v -1186.21265 315.705505 1759.2583
v -1191.06226 315.705505 1759.2583
v -1190.75537 316.240784 1759.08618
v -1190.75537 316.240784 1759.08618
v -1191.69519 315.891815 1758.62537
v -1185.57971 315.891815 1758.62537
v -1186.51953 316.240784 1759.08618
v -1190.75537 316.240784 1759.08618
v -1191.06226 315.705505 1759.2583
v -1189.23987 321.277527 1761.0813
v -1189.21851 320.948547 1760.62354
v -1189.21851 320.948547 1760.62354
v -1189.86646 321.503815 1760.45459
v -1191.69519 315.891815 1758.62537
v -1190.75537 316.240784 1759.08618
v -1189.21851 320.948547 1760.62354
v -1189.23987 321.277527 1761.0813
v -1188.03503 321.277527 1761.0813
v -1188.0564 320.948547 1760.62354
v -1188.0564 320.948547 1760.62354
v -1187.40845 321.503815 1760.45459
v -1189.86646 321.503815 1760.45459
v -1189.21851 320.948547 1760.62354
v -1188.0564 320.948547 1760.62354
v -1188.03503 321.277527 1761.0813
v -1186.21265 315.705505 1759.2583
v -1186.51953 316.240784 1759.08618
v -1186.51953 316.240784 1759.08618
v -1185.57971 315.891815 1758.62537
v -1187.40845 321.503815 1760.45459
v -1188.0564 320.948547 1760.62354
v -1186.04053 316.240784 1763.80273
v -1186.21265 315.705505 1764.10962
v -1186.21265 315.705505 1759.2583
v -1186.04053 316.240784 1759.56519
v -1186.04053 316.240784 1759.56519
v -1185.57971 315.891815 1758.62537
v -1185.57971 315.891815 1764.74255
v -1186.04053 316.240784 1763.80273
v -1186.04053 316.240784 1759.56519
v -1186.21265 315.705505 1759.2583
v -1188.03503 321.277527 1761.0813
v -1187.57739 320.948547 1761.10266
v -1187.57739 320.948547 1761.10266
v -1187.40845 321.503815 1760.45459
v -1185.57971 315.891815 1758.62537
v -1186.04053 316.240784 1759.56519
v -1187.57739 320.948547 1761.10266
v -1188.03503 321.277527 1761.0813
v -1188.03503 321.277527 1762.28662
v -1187.57739 320.948547 1762.26526
v -1187.57739 320.948547 1762.26526
v -1187.40845 321.503815 1762.91333
v -1187.40845 321.503815 1760.45459
v -1187.57739 320.948547 1761.10266
v -1187.57739 320.948547 1762.26526
v -1188.03503 321.277527 1762.28662
v -1186.21265 315.705505 1764.10962
v -1186.04053 316.240784 1763.80273
v -1186.04053 316.240784 1763.80273
v -1185.57971 315.891815 1764.74255
v -1187.40845 321.503815 1762.91333
v -1187.57739 320.948547 1762.26526
v -1191.23438 316.240784 1759.56519
v -1191.06226 315.705505 1759.2583
v -1191.06226 315.705505 1764.10962
v -1191.23438 316.240784 1763.80273
v -1191.23438 316.240784 1763.80273
v -1191.69519 315.891815 1764.74255
v -1191.69519 315.891815 1758.62537
v -1191.23438 316.240784 1759.56519
v -1191.23438 316.240784 1763.80273
v -1191.06226 315.705505 1764.10962
v -1189.23987 321.277527 1762.28662
v -1189.69751 320.948547 1762.26526
v -1189.69751 320.948547 1762.26526
v -1189.86646 321.503815 1762.91333
v -1191.69519 315.891815 1764.74255
v -1191.23438 316.240784 1763.80273
v -1189.69751 320.948547 1762.26526
v -1189.23987 321.277527 1762.28662
v -1189.23987 321.277527 1761.0813
v -1189.69751 320.948547 1761.10266
v -1189.69751 320.948547 1761.10266
v -1189.86646 321.503815 1760.45459
v -1189.86646 321.503815 1762.91333
v -1189.69751 320.948547 1762.26526
v -1189.69751 320.948547 1761.10266
v -1189.23987 321.277527 1761.0813
v -1191.06226 315.705505 1759.2583
v -1191.23438 316.240784 1759.56519
v -1191.23438 316.240784 1759.56519
v -1191.69519 315.891815 1758.62537
v -1189.86646 321.503815 1760.45459
v -1189.69751 320.948547 1761.10266
v -1189.81689 340.299713 1762.86365
v -1189.81689 340.299713 1760.50427
v -1187.45801 340.299713 1760.50427
v -1187.45801 340.299713 1762.86365
v -1189.09644 336.768677 1760.76794
v -1189.8761 336.302673 1760.44495
v -1187.3988 336.302673 1760.44495
v -1188.17847 336.768677 1760.76794
v -1189.09644 339.564667 1760.76794
v -1189.81689 340.299713 1760.50427
v -1189.8761 336.302673 1760.44495
v -1189.09644 336.768677 1760.76794
v -1188.17847 339.564667 1760.76794
v -1187.45801 340.299713 1760.50427
v -1189.81689 340.299713 1760.50427
v -1189.09644 339.564667 1760.76794
v -1188.17847 336.768677 1760.76794
v -1187.3988 336.302673 1760.44495
v -1187.45801 340.299713 1760.50427
v -1188.17847 339.564667 1760.76794
v -1187.72168 336.768677 1761.22473
v -1187.3988 336.302673 1760.44495
v -1187.3988 336.302673 1762.92297
v -1187.72168 336.768677 1762.14319
v -1187.72168 339.564667 1761.22473
v -1187.45801 340.299713 1760.50427
v -1187.3988 336.302673 1760.44495
v -1187.72168 336.768677 1761.22473
v -1187.72168 339.564667 1762.14319
v -1187.45801 340.299713 1762.86365
v -1187.45801 340.299713 1760.50427
v -1187.72168 339.564667 1761.22473
v -1187.72168 336.768677 1762.14319
v -1187.3988 336.302673 1762.92297
v -1187.45801 340.299713 1762.86365
v -1187.72168 339.564667 1762.14319
v -1189.55322 336.768677 1762.14319
v -1189.8761 336.302673 1762.92297
v -1189.8761 336.302673 1760.44495
v -1189.55322 336.768677 1761.22473
v -1189.55322 339.564667 1762.14319
v -1189.81689 340.299713 1762.86365
v -1189.8761 336.302673 1762.92297
v -1189.55322 336.768677 1762.14319
v -1189.55322 339.564667 1761.22473
v -1189.81689 340.299713 1760.50427
v -1189.81689 340.299713 1762.86365
v -1189.55322 339.564667 1762.14319
v -1189.55322 336.768677 1761.22473
v -1189.8761 336.302673 1760.44495
v -1189.81689 340.299713 1760.50427
v -1189.55322 339.564667 1761.22473
v -1184.59399 274.662415 1757.1781
v -1184.38843 274.112335 1757.43347
v -1192.88647 274.112335 1757.43347
v -1192.68091 274.662415 1757.1781
v -1192.68091 274.662415 1757.1781
v -1193.52075 274.289062 1756.79919
v -1183.75415 274.289062 1756.79919
v -1184.59399 274.662415 1757.1781
v -1192.68091 274.662415 1757.1781
v -1192.88647 274.112335 1757.43347
v -1192.2782 278.658325 1758.04187
v -1192.19617 278.284973 1757.66296
v -1192.19617 278.284973 1757.66296
v -1192.91248 278.835052 1757.40771
v -1193.52075 274.289062 1756.79919
v -1192.68091 274.662415 1757.1781
v -1192.19617 278.284973 1757.66296
v -1192.2782 278.658325 1758.04187
v -1184.9967 278.658325 1758.04187
v -1185.07874 278.284973 1757.66296
v -1185.07874 278.284973 1757.66296
v -1184.36243 278.835052 1757.40771
v -1192.91248 278.835052 1757.40771
v -1192.19617 278.284973 1757.66296
v -1185.07874 278.284973 1757.66296
v -1184.9967 278.658325 1758.04187
v -1184.38843 274.112335 1757.43347
v -1184.59399 274.662415 1757.1781
v -1184.59399 274.662415 1757.1781
v -1183.75415 274.289062 1756.79919
v -1184.36243 278.835052 1757.40771
v -1185.07874 278.284973 1757.66296
v -1185.20227 279.208435 1757.78662
v -1184.9967 278.658325 1758.04187
v -1192.2782 278.658325 1758.04187
v -1192.07263 279.208435 1757.78662
v -1192.07263 279.208435 1757.78662
v -1192.91248 278.835052 1757.40771
v -1184.36243 278.835052 1757.40771
v -1185.20227 279.208435 1757.78662
v -1192.07263 279.208435 1757.78662
v -1192.2782 278.658325 1758.04187
v -1191.66992 283.204315 1758.65039
v -1191.58789 282.830963 1758.27148
v -1191.58789 282.830963 1758.27148
v -1192.3042 283.381012 1758.01624
v -1192.91248 278.835052 1757.40771
v -1192.07263 279.208435 1757.78662
v -1191.58789 282.830963 1758.27148
v -1191.66992 283.204315 1758.65039
v -1185.60498 283.204315 1758.65039
v -1185.68701 282.830963 1758.27148
v -1185.68701 282.830963 1758.27148
v -1184.9707 283.381012 1758.01624
v -1192.3042 283.381012 1758.01624
v -1191.58789 282.830963 1758.27148
v -1185.68701 282.830963 1758.27148
v -1185.60498 283.204315 1758.65039
v -1184.9967 278.658325 1758.04187
v -1185.20227 279.208435 1757.78662
v -1185.20227 279.208435 1757.78662
v -1184.36243 278.835052 1757.40771
v -1184.9707 283.381012 1758.01624
v -1185.68701 282.830963 1758.27148
v -1192.68091 274.662415 1766.18982
v -1192.88647 274.112335 1765.93445
v -1184.38843 274.112335 1765.93445
v -1184.59399 274.662415 1766.18982
v -1184.59399 274.662415 1766.18982
v -1183.75415 274.289062 1766.56873
v -1193.52075 274.289062 1766.56873
v -1192.68091 274.662415 1766.18982
v -1184.59399 274.662415 1766.18982
v -1184.38843 274.112335 1765.93445
v -1184.9967 278.658325 1765.32605
v -1185.07874 278.284973 1765.70496
v -1185.07874 278.284973 1765.70496
v -1184.36243 278.835052 1765.96021
v -1183.75415 274.289062 1766.56873
v -1184.59399 274.662415 1766.18982
v -1185.07874 278.284973 1765.70496
v -1184.9967 278.658325 1765.32605
v -1192.2782 278.658325 1765.32605
v -1192.19617 278.284973 1765.70496
v -1192.19617 278.284973 1765.70496
v -1192.91248 278.835052 1765.96021
v -1184.36243 278.835052 1765.96021
v -1185.07874 278.284973 1765.70496
v -1192.19617 278.284973 1765.70496
v -1192.2782 278.658325 1765.32605
v -1192.88647 274.112335 1765.93445
v -1192.68091 274.662415 1766.18982
v -1192.68091 274.662415 1766.18982
v -1193.52075 274.289062 1766.56873
v -1192.91248 278.835052 1765.96021
v -1192.19617 278.284973 1765.70496
v -1192.07263 279.208435 1765.5813
v -1192.2782 278.658325 1765.32605
v -1184.9967 278.658325 1765.32605
v -1185.20227 279.208435 1765.5813
v -1185.20227 279.208435 1765.5813
v -1184.36243 278.835052 1765.96021
v -1192.91248 278.835052 1765.96021
v -1192.07263 279.208435 1765.5813
v -1185.20227 279.208435 1765.5813
v -1184.9967 278.658325 1765.32605
v -1185.60498 283.204315 1764.71753
v -1185.68701 282.830963 1765.09644
v -1185.68701 282.830963 1765.09644
v -1184.9707 283.381012 1765.35168
v -1184.36243 278.835052 1765.96021
v -1185.20227 279.208435 1765.5813
v -1185.68701 282.830963 1765.09644
v -1185.60498 283.204315 1764.71753
v -1191.66992 283.204315 1764.71753
v -1191.58789 282.830963 1765.09644
v -1191.58789 282.830963 1765.09644
v -1192.3042 283.381012 1765.35168
v -1184.9707 283.381012 1765.35168
v -1185.68701 282.830963 1765.09644
v -1191.58789 282.830963 1765.09644
v -1191.66992 283.204315 1764.71753
v -1192.2782 278.658325 1765.32605
v -1192.07263 279.208435 1765.5813
v -1192.07263 279.208435 1765.5813
v -1192.91248 278.835052 1765.96021
v -1192.3042 283.381012 1765.35168
v -1191.58789 282.830963 1765.09644
v -1193.14185 274.662415 1757.63904
v -1192.88647 274.112335 1757.43347
v -1192.88647 274.112335 1765.93445
v -1193.14185 274.662415 1765.72888
v -1193.14185 274.662415 1765.72888
v -1193.52075 274.289062 1766.56873
v -1193.52075 274.289062 1756.79919
v -1193.14185 274.662415 1757.63904
v -1193.14185 274.662415 1765.72888
v -1192.88647 274.112335 1765.93445
v -1192.2782 278.658325 1765.32605
v -1192.6571 278.284973 1765.24402
v -1192.6571 278.284973 1765.24402
v -1192.91248 278.835052 1765.96021
v -1193.52075 274.289062 1766.56873
v -1193.14185 274.662415 1765.72888
v -1192.6571 278.284973 1765.24402
v -1192.2782 278.658325 1765.32605
v -1192.2782 278.658325 1758.04187
v -1192.6571 278.284973 1758.1239
v -1192.6571 278.284973 1758.1239
v -1192.91248 278.835052 1757.40771
v -1192.91248 278.835052 1765.96021
v -1192.6571 278.284973 1765.24402
v -1192.6571 278.284973 1758.1239
v -1192.2782 278.658325 1758.04187
v -1192.88647 274.112335 1757.43347
v -1193.14185 274.662415 1757.63904
v -1193.14185 274.662415 1757.63904
v -1193.52075 274.289062 1756.79919
v -1192.91248 278.835052 1757.40771
v -1192.6571 278.284973 1758.1239
v -1192.53357 279.208435 1758.24756
v -1192.2782 278.658325 1758.04187
v -1192.2782 278.658325 1765.32605
v -1192.53357 279.208435 1765.12036
v -1192.53357 279.208435 1765.12036
v -1192.91248 278.835052 1765.96021
v -1192.91248 278.835052 1757.40771
v -1192.53357 279.208435 1758.24756
v -1192.53357 279.208435 1765.12036
v -1192.2782 278.658325 1765.32605
v -1191.66992 283.204315 1764.71753
v -1192.04883 282.830963 1764.6355
v -1192.04883 282.830963 1764.6355
v -1192.3042 283.381012 1765.35168
v -1192.91248 278.835052 1765.96021
v -1192.53357 279.208435 1765.12036
v -1192.04883 282.830963 1764.6355
v -1191.66992 283.204315 1764.71753
v -1191.66992 283.204315 1758.65039
v -1192.04883 282.830963 1758.73242
v -1192.04883 282.830963 1758.73242
v -1192.3042 283.381012 1758.01624
v -1192.3042 283.381012 1765.35168
v -1192.04883 282.830963 1764.6355
v -1192.04883 282.830963 1758.73242
v -1191.66992 283.204315 1758.65039
v -1192.2782 278.658325 1758.04187
v -1192.53357 279.208435 1758.24756
v -1192.53357 279.208435 1758.24756
v -1192.91248 278.835052 1757.40771
v -1192.3042 283.381012 1758.01624
v -1192.04883 282.830963 1758.73242
v -1184.13306 274.662415 1765.72888
v -1184.38843 274.112335 1765.93445
v -1184.38843 274.112335 1757.43347
v -1184.13306 274.662415 1757.63904
v -1184.13306 274.662415 1757.63904
v -1183.75415 274.289062 1756.79919
v -1183.75415 274.289062 1766.56873
v -1184.13306 274.662415 1765.72888
v -1184.13306 274.662415 1757.63904
v -1184.38843 274.112335 1757.43347
v -1184.9967 278.658325 1758.04187
v -1184.6178 278.284973 1758.1239
v -1184.6178 278.284973 1758.1239
v -1184.36243 278.835052 1757.40771
v -1183.75415 274.289062 1756.79919
v -1184.13306 274.662415 1757.63904
v -1184.6178 278.284973 1758.1239
v -1184.9967 278.658325 1758.04187
v -1184.9967 278.658325 1765.32605
v -1184.6178 278.284973 1765.24402
v -1184.6178 278.284973 1765.24402
v -1184.36243 278.835052 1765.96021
v -1184.36243 278.835052 1757.40771
v -1184.6178 278.284973 1758.1239
v -1184.6178 278.284973 1765.24402
v -1184.9967 278.658325 1765.32605
v -1184.38843 274.112335 1765.93445
v -1184.13306 274.662415 1765.72888
v -1184.13306 274.662415 1765.72888
v -1183.75415 274.289062 1766.56873
v -1184.36243 278.835052 1765.96021
v -1184.6178 278.284973 1765.24402
v -1184.74133 279.208435 1765.12036
v -1184.9967 278.658325 1765.32605
v -1184.9967 278.658325 1758.04187
v -1184.74133 279.208435 1758.24756
v -1184.74133 279.208435 1758.24756
v -1184.36243 278.835052 1757.40771
v -1184.36243 278.835052 1765.96021
v -1184.74133 279.208435 1765.12036
v -1184.74133 279.208435 1758.24756
v -1184.9967 278.658325 1758.04187
v -1185.60498 283.204315 1758.65039
v -1185.22607 282.830963 1758.73242
v -1185.22607 282.830963 1758.73242
v -1184.9707 283.381012 1758.01624
v -1184.36243 278.835052 1757.40771
v -1184.74133 279.208435 1758.24756
v -1185.22607 282.830963 1758.73242
v -1185.60498 283.204315 1758.65039
v -1185.60498 283.204315 1764.71753
v -1185.22607 282.830963 1764.6355
v -1185.22607 282.830963 1764.6355
v -1184.9707 283.381012 1765.35168
v -1184.9707 283.381012 1758.01624
v -1185.22607 282.830963 1758.73242
v -1185.22607 282.830963 1764.6355
v -1185.60498 283.204315 1764.71753
v -1184.9967 278.658325 1765.32605
v -1184.74133 279.208435 1765.12036
v -1184.74133 279.208435 1765.12036
v -1184.36243 278.835052 1765.96021
v -1184.9707 283.381012 1765.35168
v -1185.22607 282.830963 1764.6355
v -1185.89612 288.304688 1763.96936
v -1186.21753 287.792267 1764.10474
v -1186.21753 287.792267 1759.26318
v -1185.89612 288.304688 1759.39856
v -1185.89612 288.304688 1759.39856
v -1185.57483 287.885071 1758.62036
v -1185.57483 287.885071 1764.74756
v -1185.89612 288.304688 1763.96936
v -1185.89612 288.304688 1759.39856
v -1186.21753 287.792267 1759.26318
v -1186.21912 292.498657 1759.26477
v -1185.89612 292.032654 1759.39856
v -1185.89612 292.032654 1759.39856
v -1185.57324 292.498657 1758.61877
v -1185.57483 287.885071 1758.62036
v -1185.89612 288.304688 1759.39856
v -1185.89612 292.032654 1759.39856
v -1186.21912 292.498657 1759.26477
v -1186.21912 292.498657 1764.10315
v -1185.89612 292.032654 1763.96936
v -1185.89612 292.032654 1763.96936
v -1185.57324 292.498657 1764.74915
v -1185.57324 292.498657 1758.61877
v -1185.89612 292.032654 1759.39856
v -1185.89612 292.032654 1763.96936
v -1186.21912 292.498657 1764.10315
v -1186.21753 287.792267 1764.10474
v -1185.89612 288.304688 1763.96936
v -1185.89612 288.304688 1763.96936
v -1185.57483 287.885071 1764.74756
v -1185.57324 292.498657 1764.74915
v -1185.89612 292.032654 1763.96936
v -1191.37878 288.304688 1759.39856
v -1191.05737 287.792267 1759.26318
v -1191.05737 287.792267 1764.10474
v -1191.37878 288.304688 1763.96936
v -1191.37878 288.304688 1763.96936
v -1191.70007 287.885071 1764.74756
v -1191.70007 287.885071 1758.62036
v -1191.37878 288.304688 1759.39856
v -1191.37878 288.304688 1763.96936
v -1191.05737 287.792267 1764.10474
v -1191.05579 292.498657 1764.10315
v -1191.37878 292.032654 1763.96936
v -1191.37878 292.032654 1763.96936
v -1191.70166 292.498657 1764.74915
v -1191.70007 287.885071 1764.74756
v -1191.37878 288.304688 1763.96936
v -1191.37878 292.032654 1763.96936
v -1191.05579 292.498657 1764.10315
v -1191.05579 292.498657 1759.26477
v -1191.37878 292.032654 1759.39856
v -1191.37878 292.032654 1759.39856
v -1191.70166 292.498657 1758.61877
v -1191.70166 292.498657 1764.74915
v -1191.37878 292.032654 1763.96936
v -1191.37878 292.032654 1759.39856
v -1191.05579 292.498657 1759.26477
v -1191.05737 287.792267 1759.26318
v -1191.37878 288.304688 1759.39856
v -1191.37878 288.304688 1759.39856
v -1191.70007 287.885071 1758.62036
v -1191.70166 292.498657 1758.61877
v -1191.37878 292.032654 1759.39856
v -1190.922 288.304688 1764.42615
v -1191.05737 287.792267 1764.10474
v -1186.21753 287.792267 1764.10474
v -1186.35291 288.304688 1764.42615
v -1186.35291 288.304688 1764.42615
v -1185.57483 287.885071 1764.74756
v -1191.70007 287.885071 1764.74756
v -1190.922 288.304688 1764.42615
v -1186.35291 292.032654 1764.42615
v -1185.57324 292.498657 1764.74915
v -1185.57483 287.885071 1764.74756
v -1186.35291 288.304688 1764.42615
v -1186.35291 292.032654 1764.42615
v -1186.21912 292.498657 1764.10315
v -1191.05579 292.498657 1764.10315
v -1190.922 292.032654 1764.42615
v -1190.922 292.032654 1764.42615
v -1191.70166 292.498657 1764.74915
v -1185.57324 292.498657 1764.74915
v -1186.35291 292.032654 1764.42615
v -1190.922 292.032654 1764.42615
v -1191.05579 292.498657 1764.10315
v -1191.05737 287.792267 1764.10474
v -1190.922 288.304688 1764.42615
v -1190.922 288.304688 1764.42615
v -1191.70007 287.885071 1764.74756
v -1191.70166 292.498657 1764.74915
v -1190.922 292.032654 1764.42615
v -1186.35291 288.304688 1758.94177
v -1186.21753 287.792267 1759.26318
v -1191.05737 287.792267 1759.26318
v -1190.922 288.304688 1758.94177
v -1190.922 288.304688 1758.94177
v -1191.70007 287.885071 1758.62036
v -1185.57483 287.885071 1758.62036
v -1186.35291 288.304688 1758.94177
v -1190.922 288.304688 1758.94177
v -1191.05737 287.792267 1759.26318
v -1191.05579 292.498657 1759.26477
v -1190.922 292.032654 1758.94177
v -1190.922 292.032654 1758.94177
v -1191.70166 292.498657 1758.61877
v -1191.70007 287.885071 1758.62036
v -1190.922 288.304688 1758.94177
v -1190.922 292.032654 1758.94177
v -1191.05579 292.498657 1759.26477
v -1186.21912 292.498657 1759.26477
v -1186.35291 292.032654 1758.94177
v -1186.35291 292.032654 1758.94177
v -1185.57324 292.498657 1758.61877
v -1191.70166 292.498657 1758.61877
v -1190.922 292.032654 1758.94177
v -1186.35291 292.032654 1758.94177
v -1186.21912 292.498657 1759.26477
v -1186.21753 287.792267 1759.26318
v -1186.35291 288.304688 1758.94177
v -1186.35291 288.304688 1758.94177
v -1185.57483 287.885071 1758.62036
v -1185.57324 292.498657 1758.61877
v -1186.35291 292.032654 1758.94177
v -1186.35291 292.964661 1758.94177
v -1186.21912 292.498657 1759.26477
v -1191.05579 292.498657 1759.26477
v -1190.922 292.964661 1758.94177
v -1190.922 292.964661 1758.94177
v -1191.70166 292.498657 1758.61877
v -1185.57324 292.498657 1758.61877
v -1186.35291 292.964661 1758.94177
v -1190.922 292.964661 1758.94177
v -1191.05579 292.498657 1759.26477
v -1191.06226 315.705505 1759.2583
v -1190.922 315.332672 1758.94177
v -1190.922 315.332672 1758.94177
v -1191.69519 315.891815 1758.62537
v -1191.70166 292.498657 1758.61877
v -1190.922 292.964661 1758.94177
v -1190.922 315.332672 1758.94177
v -1191.06226 315.705505 1759.2583
v -1186.21265 315.705505 1759.2583
v -1186.35291 315.332672 1758.94177
v -1186.35291 315.332672 1758.94177
v -1185.57971 315.891815 1758.62537
v -1191.69519 315.891815 1758.62537
v -1190.922 315.332672 1758.94177
v -1186.35291 315.332672 1758.94177
v -1186.21265 315.705505 1759.2583
v -1186.21912 292.498657 1759.26477
v -1186.35291 292.964661 1758.94177
v -1186.35291 292.964661 1758.94177
v -1185.57324 292.498657 1758.61877
v -1185.57971 315.891815 1758.62537
v -1186.35291 315.332672 1758.94177
v -1189.55322 321.856659 1762.14319
v -1189.86646 321.503815 1762.91333
v -1189.86646 321.503815 1760.45459
v -1189.55322 321.856659 1761.22473
v -1189.55322 324.652679 1762.14319
v -1189.8761 325.118652 1762.92297
v -1189.86646 321.503815 1762.91333
v -1189.55322 321.856659 1762.14319
v -1189.55322 324.652679 1761.22473
v -1189.8761 325.118652 1760.44495
v -1189.8761 325.118652 1762.92297
v -1189.55322 324.652679 1762.14319
v -1189.55322 321.856659 1761.22473
v -1189.86646 321.503815 1760.45459
v -1189.8761 325.118652 1760.44495
v -1189.55322 324.652679 1761.22473
v -1189.55322 325.584686 1762.14319
v -1189.8761 325.118652 1762.92297
v -1189.8761 325.118652 1760.44495
v -1189.55322 325.584686 1761.22473
v -1189.55322 328.380676 1762.14319
v -1189.8761 328.846649 1762.92297
v -1189.8761 325.118652 1762.92297
v -1189.55322 325.584686 1762.14319
v -1189.55322 328.380676 1761.22473
v -1189.8761 328.846649 1760.44495
v -1189.8761 328.846649 1762.92297
v -1189.55322 328.380676 1762.14319
v -1189.55322 325.584686 1761.22473
v -1189.8761 325.118652 1760.44495
v -1189.8761 328.846649 1760.44495
v -1189.55322 328.380676 1761.22473
v -1189.55322 329.312683 1762.14319
v -1189.8761 328.846649 1762.92297
v -1189.8761 328.846649 1760.44495
v -1189.55322 329.312683 1761.22473
v -1189.55322 332.108673 1762.14319
v -1189.8761 332.574646 1762.92297
v -1189.8761 328.846649 1762.92297
v -1189.55322 329.312683 1762.14319
v -1189.55322 332.108673 1761.22473
v -1189.8761 332.574646 1760.44495
v -1189.8761 332.574646 1762.92297
v -1189.55322 332.108673 1762.14319
v -1189.55322 329.312683 1761.22473
v -1189.8761 328.846649 1760.44495
v -1189.8761 332.574646 1760.44495
v -1189.55322 332.108673 1761.22473
v -1189.55322 333.04068 1762.14319
v -1189.8761 332.574646 1762.92297
v -1189.8761 332.574646 1760.44495
v -1189.55322 333.04068 1761.22473
v -1189.55322 335.83667 1762.14319
v -1189.8761 336.302673 1762.92297
v -1189.8761 332.574646 1762.92297
v -1189.55322 333.04068 1762.14319
v -1189.55322 335.83667 1761.22473
v -1189.8761 336.302673 1760.44495
v -1189.8761 336.302673 1762.92297
v -1189.55322 335.83667 1762.14319
v -1189.55322 333.04068 1761.22473
v -1189.8761 332.574646 1760.44495
v -1189.8761 336.302673 1760.44495
v -1189.55322 335.83667 1761.22473
v -1187.72168 321.856659 1761.22473
v -1187.40845 321.503815 1760.45459
v -1187.40845 321.503815 1762.91333
v -1187.72168 321.856659 1762.14319
v -1187.72168 324.652679 1761.22473
v -1187.3988 325.118652 1760.44495
v -1187.40845 321.503815 1760.45459
v -1187.72168 321.856659 1761.22473
v -1187.72168 324.652679 1762.14319
v -1187.3988 325.118652 1762.92297
v -1187.3988 325.118652 1760.44495
v -1187.72168 324.652679 1761.22473
v -1187.72168 321.856659 1762.14319
v -1187.40845 321.503815 1762.91333
v -1187.3988 325.118652 1762.92297
v -1187.72168 324.652679 1762.14319
v -1187.72168 325.584686 1761.22473
v -1187.3988 325.118652 1760.44495
v -1187.3988 325.118652 1762.92297
v -1187.72168 325.584686 1762.14319
v -1187.72168 328.380676 1761.22473
v -1187.3988 328.846649 1760.44495
v -1187.3988 325.118652 1760.44495
v -1187.72168 325.584686 1761.22473
v -1187.72168 328.380676 1762.14319
v -1187.3988 328.846649 1762.92297
v -1187.3988 328.846649 1760.44495
v -1187.72168 328.380676 1761.22473
v -1187.72168 325.584686 1762.14319
v -1187.3988 325.118652 1762.92297
v -1187.3988 328.846649 1762.92297
v -1187.72168 328.380676 1762.14319
v -1187.72168 329.312683 1761.22473
v -1187.3988 328.846649 1760.44495
v -1187.3988 328.846649 1762.92297
v -1187.72168 329.312683 1762.14319
v -1187.72168 332.108673 1761.22473
v -1187.3988 332.574646 1760.44495
v -1187.3988 328.846649 1760.44495
v -1187.72168 329.312683 1761.22473
v -1187.72168 332.108673 1762.14319
v -1187.3988 332.574646 1762.92297
v -1187.3988 332.574646 1760.44495
v -1187.72168 332.108673 1761.22473
v -1187.72168 329.312683 1762.14319
v -1187.3988 328.846649 1762.92297
v -1187.3988 332.574646 1762.92297
v -1187.72168 332.108673 1762.14319
v -1187.72168 333.04068 1761.22473
v -1187.3988 332.574646 1760.44495
v -1187.3988 332.574646 1762.92297
v -1187.72168 333.04068 1762.14319
v -1187.72168 335.83667 1761.22473
v -1187.3988 336.302673 1760.44495
v -1187.3988 332.574646 1760.44495
v -1187.72168 333.04068 1761.22473
v -1187.72168 335.83667 1762.14319
v -1187.3988 336.302673 1762.92297
v -1187.3988 336.302673 1760.44495
v -1187.72168 335.83667 1761.22473
v -1187.72168 333.04068 1762.14319
v -1187.3988 332.574646 1762.92297
v -1187.3988 336.302673 1762.92297
v -1187.72168 335.83667 1762.14319
v -1189.09644 321.856659 1760.76794
v -1189.86646 321.503815 1760.45459
v -1187.40845 321.503815 1760.45459
v -1188.17847 321.856659 1760.76794
v -1189.09644 324.652679 1760.76794
v -1189.8761 325.118652 1760.44495
v -1189.86646 321.503815 1760.45459
v -1189.09644 321.856659 1760.76794
v -1188.17847 324.652679 1760.76794
v -1187.3988 325.118652 1760.44495
v -1189.8761 325.118652 1760.44495
v -1189.09644 324.652679 1760.76794
v -1188.17847 321.856659 1760.76794
v -1187.40845 321.503815 1760.45459
v -1187.3988 325.118652 1760.44495
v -1188.17847 324.652679 1760.76794
v -1188.17847 325.584686 1760.76794
v -1187.3988 328.846649 1760.44495
v -1188.17847 328.380676 1760.76794
v -1189.09644 325.584686 1760.76794
v -1189.8761 325.118652 1760.44495
v -1187.3988 325.118652 1760.44495
v -1188.17847 325.584686 1760.76794
v -1189.09644 328.380676 1760.76794
v -1189.8761 328.846649 1760.44495
v -1189.8761 325.118652 1760.44495
v -1189.09644 325.584686 1760.76794
v -1188.17847 328.380676 1760.76794
v -1187.3988 328.846649 1760.44495
v -1189.8761 328.846649 1760.44495
v -1189.09644 328.380676 1760.76794
v -1189.09644 329.312683 1760.76794
v -1189.8761 328.846649 1760.44495
v -1187.3988 328.846649 1760.44495
v -1188.17847 329.312683 1760.76794
v -1189.09644 332.108673 1760.76794
v -1189.8761 332.574646 1760.44495
v -1189.8761 328.846649 1760.44495
v -1189.09644 329.312683 1760.76794
v -1188.17847 332.108673 1760.76794
v -1187.3988 332.574646 1760.44495
v -1189.8761 332.574646 1760.44495
v -1189.09644 332.108673 1760.76794
v -1188.17847 329.312683 1760.76794
v -1187.3988 328.846649 1760.44495
v -1187.3988 332.574646 1760.44495
v -1188.17847 332.108673 1760.76794
v -1189.09644 333.04068 1760.76794
v -1189.8761 332.574646 1760.44495
v -1187.3988 332.574646 1760.44495
v -1188.17847 333.04068 1760.76794
v -1189.09644 335.83667 1760.76794
v -1189.8761 336.302673 1760.44495
v -1189.8761 332.574646 1760.44495
v -1189.09644 333.04068 1760.76794
v -1188.17847 335.83667 1760.76794
v -1187.3988 336.302673 1760.44495
v -1189.8761 336.302673 1760.44495
v -1189.09644 335.83667 1760.76794
v -1188.17847 333.04068 1760.76794
v -1187.3988 332.574646 1760.44495
v -1187.3988 336.302673 1760.44495
v -1188.17847 335.83667 1760.76794
v -1188.17847 321.856659 1762.59998
v -1187.40845 321.503815 1762.91333
v -1189.86646 321.503815 1762.91333
v -1189.09644 321.856659 1762.59998
v -1188.17847 324.652679 1762.59998
v -1187.3988 325.118652 1762.92297
v -1187.40845 321.503815 1762.91333
v -1188.17847 321.856659 1762.59998
v -1189.09644 324.652679 1762.59998
v -1189.8761 325.118652 1762.92297
v -1187.3988 325.118652 1762.92297
v -1188.17847 324.652679 1762.59998
v -1189.09644 321.856659 1762.59998
v -1189.86646 321.503815 1762.91333
v -1189.8761 325.118652 1762.92297
v -1189.09644 324.652679 1762.59998
v -1188.17847 325.584686 1762.59998
v -1187.3988 325.118652 1762.92297
v -1189.8761 325.118652 1762.92297
v -1189.09644 325.584686 1762.59998
v -1188.17847 328.380676 1762.59998
v -1187.3988 328.846649 1762.92297
v -1187.3988 325.118652 1762.92297
v -1188.17847 325.584686 1762.59998
v -1189.09644 328.380676 1762.59998
v -1189.8761 328.846649 1762.92297
v -1187.3988 328.846649 1762.92297
v -1188.17847 328.380676 1762.59998
v -1189.09644 325.584686 1762.59998
v -1189.8761 325.118652 1762.92297
v -1189.8761 328.846649 1762.92297
v -1189.09644 328.380676 1762.59998
v -1188.17847 329.312683 1762.59998
v -1187.3988 328.846649 1762.92297
v -1189.8761 328.846649 1762.92297
v -1189.09644 329.312683 1762.59998
v -1188.17847 332.108673 1762.59998
v -1187.3988 332.574646 1762.92297
v -1187.3988 328.846649 1762.92297
v -1188.17847 329.312683 1762.59998
v -1189.09644 332.108673 1762.59998
v -1189.8761 332.574646 1762.92297
v -1187.3988 332.574646 1762.92297
v -1188.17847 332.108673 1762.59998
v -1189.09644 329.312683 1762.59998
v -1189.8761 328.846649 1762.92297
v -1189.8761 332.574646 1762.92297
v -1189.09644 332.108673 1762.59998
v -1188.17847 333.04068 1762.59998
v -1187.3988 332.574646 1762.92297
v -1189.8761 332.574646 1762.92297
v -1189.09644 333.04068 1762.59998
v -1188.17847 335.83667 1762.59998
v -1187.3988 336.302673 1762.92297
v -1187.3988 332.574646 1762.92297
v -1188.17847 333.04068 1762.59998
v -1189.09644 335.83667 1762.59998
v -1189.8761 336.302673 1762.92297
v -1187.3988 336.302673 1762.92297
v -1188.17847 335.83667 1762.59998
v -1189.09644 333.04068 1762.59998
v -1189.8761 332.574646 1762.92297
v -1189.8761 336.302673 1762.92297
v -1189.09644 335.83667 1762.59998
v -1189.42834 340.299713 1761.22729
v -1188.63745 340.299713 1760.77075
v -1188.63745 341.894684 1760.77075
v -1189.42834 341.894684 1761.22729
v -1188.63745 340.299713 1760.77075
v -1187.84656 340.299713 1761.22729
v -1187.84656 341.894684 1761.22729
v -1188.63745 341.894684 1760.77075
v -1187.84656 340.299713 1762.14062
v -1188.63745 340.299713 1762.59717
v -1188.63745 341.894684 1762.59717
v -1187.84656 341.894684 1762.14062
v -1189.42834 340.299713 1762.14062
v -1189.42834 340.299713 1761.22729
v -1189.42834 341.894684 1761.22729
v -1189.42834 341.894684 1762.14062
v -1187.84656 340.299713 1761.22729
v -1187.84656 340.299713 1762.14062
v -1187.84656 341.894684 1762.14062
v -1187.84656 341.894684 1761.22729
v -1188.63745 340.299713 1762.59717
v -1189.42834 340.299713 1762.14062
v -1189.42834 341.894684 1762.14062
v -1188.63745 341.894684 1762.59717
v -1188.63745 341.894684 1760.77075
v -1187.84656 341.894684 1761.22729
v -1188.13293 342.12912 1761.3927
v -1188.63745 342.12912 1761.10144
v -1187.84656 341.894684 1762.14062
v -1188.63745 341.894684 1762.59717
v -1188.63745 342.12912 1762.26648
v -1188.13293 342.12912 1761.97522
v -1189.42834 341.894684 1762.14062
v -1189.42834 341.894684 1761.22729
v -1189.14197 342.12912 1761.3927
v -1189.14197 342.12912 1761.97522
v -1187.84656 341.894684 1761.22729
v -1187.84656 341.894684 1762.14062
v -1188.13293 342.12912 1761.97522
v -1188.13293 342.12912 1761.3927
v -1188.63745 341.894684 1762.59717
v -1189.42834 341.894684 1762.14062
v -1189.14197 342.12912 1761.97522
v -1188.63745 342.12912 1762.26648
v -1189.42834 341.894684 1761.22729
v -1188.63745 341.894684 1760.77075
v -1188.63745 342.12912 1761.10144
v -1189.14197 342.12912 1761.3927
v -1188.13293 357.973114 1761.3927
v -1188.13293 357.973114 1761.97522
v -1188.13293 358.603363 1761.97522
v -1188.13293 358.603363 1761.3927
v -1188.63745 357.973114 1762.26648
v -1189.14197 357.973114 1761.97522
v -1189.14197 358.603363 1761.97522
v -1188.63745 358.603363 1762.26648
v -1189.14197 357.973114 1761.3927
v -1188.63745 357.973114 1761.10144
v -1188.63745 358.603363 1761.10144
v -1189.14197 358.603363 1761.3927
v -1188.63745 357.973114 1761.10144
v -1188.13293 357.973114 1761.3927
v -1188.13293 358.603363 1761.3927
v -1188.63745 358.603363 1761.10144
v -1188.13293 357.973114 1761.97522
v -1188.63745 357.973114 1762.26648
v -1188.63745 358.603363 1762.26648
v -1188.13293 358.603363 1761.97522
v -1189.14197 357.973114 1761.97522
v -1189.14197 357.973114 1761.3927
v -1189.14197 358.603363 1761.3927
v -1189.14197 358.603363 1761.97522
v -1189.14197 358.603363 1761.3927
v -1188.63745 358.603363 1761.10144
v -1188.13293 358.603363 1761.3927
v -1189.14197 358.603363 1761.97522
v -1188.13293 358.603363 1761.97522
v -1188.63745 358.603363 1762.26648
v -1189.14197 342.12912 1761.97522
v -1189.14197 342.12912 1761.3927
v -1189.14197 344.92511 1761.3927
v -1189.14197 344.92511 1761.97522
v -1189.14197 349.585114 1761.3927
v -1189.14197 349.585114 1761.97522
v -1189.14197 354.245117 1761.3927
v -1189.14197 354.245117 1761.97522
v -1189.14197 357.041077 1761.3927
v -1189.14197 357.041077 1761.97522
v -1188.13293 342.12912 1761.97522
v -1188.63745 342.12912 1762.26648
v -1188.63745 344.92511 1762.26648
v -1188.13293 344.92511 1761.97522
v -1188.63745 349.585114 1762.26648
v -1188.13293 349.585114 1761.97522
v -1188.63745 354.245117 1762.26648
v -1188.13293 354.245117 1761.97522
v -1188.63745 357.041077 1762.26648
v -1188.13293 357.041077 1761.97522
v -1188.63745 342.12912 1761.10144
v -1188.13293 342.12912 1761.3927
v -1188.13293 344.92511 1761.3927
v -1188.63745 344.92511 1761.10144
v -1188.13293 349.585114 1761.3927
v -1188.63745 349.585114 1761.10144
v -1188.13293 354.245117 1761.3927
v -1188.63745 354.245117 1761.10144
v -1188.13293 357.041077 1761.3927
v -1188.63745 357.041077 1761.10144
v -1189.14197 342.12912 1761.3927
v -1188.63745 342.12912 1761.10144
v -1188.63745 344.92511 1761.10144
v -1189.14197 344.92511 1761.3927
v -1188.63745 349.585114 1761.10144
v -1189.14197 349.585114 1761.3927
v -1188.63745 354.245117 1761.10144
v -1189.14197 354.245117 1761.3927
v -1188.63745 357.041077 1761.10144
v -1189.14197 357.041077 1761.3927
v -1188.63745 342.12912 1762.26648
v -1189.14197 342.12912 1761.97522
v -1189.14197 344.92511 1761.97522
v -1188.63745 344.92511 1762.26648
v -1189.14197 349.585114 1761.97522
v -1188.63745 349.585114 1762.26648
v -1189.14197 354.245117 1761.97522
v -1188.63745 354.245117 1762.26648
v -1189.14197 357.041077 1761.97522
v -1188.63745 357.041077 1762.26648
v -1188.13293 342.12912 1761.3927
v -1188.13293 342.12912 1761.97522
v -1188.13293 344.92511 1761.97522
v -1188.13293 344.92511 1761.3927
v -1188.13293 349.585114 1761.97522
v -1188.13293 349.585114 1761.3927
v -1188.13293 354.245117 1761.97522
v -1188.13293 354.245117 1761.3927
v -1188.13293 357.041077 1761.97522
v -1188.13293 357.041077 1761.3927
v -1189.48669 357.507111 1762.17432
v -1189.48669 357.507111 1761.1936
v -1189.14197 357.973114 1761.3927
v -1189.14197 357.973114 1761.97522
v -1187.78821 357.507111 1762.17432
v -1188.63745 357.507111 1762.66467
v -1188.63745 357.973114 1762.26648
v -1188.13293 357.973114 1761.97522
v -1188.63745 357.507111 1760.70325
v -1187.78821 357.507111 1761.1936
v -1188.13293 357.973114 1761.3927
v -1188.63745 357.973114 1761.10144
v -1189.48669 357.507111 1761.1936
v -1188.63745 357.507111 1760.70325
v -1188.63745 357.973114 1761.10144
v -1189.14197 357.973114 1761.3927
v -1188.63745 357.507111 1762.66467
v -1189.48669 357.507111 1762.17432
v -1189.14197 357.973114 1761.97522
v -1188.63745 357.973114 1762.26648
v -1187.78821 357.507111 1761.1936
v -1187.78821 357.507111 1762.17432
v -1188.13293 357.973114 1761.97522
v -1188.13293 357.973114 1761.3927
v -1188.13293 357.041077 1761.3927
v -1188.13293 357.041077 1761.97522
v -1187.78821 357.507111 1762.17432
v -1187.78821 357.507111 1761.1936
v -1188.63745 357.041077 1762.26648
v -1189.14197 357.041077 1761.97522
v -1189.48669 357.507111 1762.17432
v -1188.63745 357.507111 1762.66467
v -1189.14197 357.041077 1761.3927
v -1188.63745 357.041077 1761.10144
v -1188.63745 357.507111 1760.70325
v -1189.48669 357.507111 1761.1936
v -1188.63745 357.041077 1761.10144
v -1188.13293 357.041077 1761.3927
v -1187.78821 357.507111 1761.1936
v -1188.63745 357.507111 1760.70325
v -1188.13293 357.041077 1761.97522
v -1188.63745 357.041077 1762.26648
v -1188.63745 357.507111 1762.66467
v -1187.78821 357.507111 1762.17432
v -1189.14197 357.041077 1761.97522
v -1189.14197 357.041077 1761.3927
v -1189.48669 357.507111 1761.1936
v -1189.48669 357.507111 1762.17432
v -1187.72327 274.200684 1760.76831
v -1187.72327 320.948547 1760.76831
v -1189.55164 320.948547 1760.76831
v -1189.55164 274.200684 1760.76831
v -1189.55164 274.200684 1762.59961
v -1189.55164 320.948547 1762.59961
v -1187.72327 320.948547 1762.59961
v -1187.72327 274.200684 1762.59961
v -1189.55164 274.200684 1760.76831
v -1189.55164 320.948547 1760.76831
v -1189.55164 320.948547 1762.59961
v -1189.55164 274.200684 1762.59961
v -1187.72327 274.200684 1762.59961
v -1187.72327 320.948547 1762.59961
v -1187.72327 320.948547 1760.76831
v -1187.72327 274.200684 1760.76831
v -1189.09644 336.768677 1762.59998
v -1189.09644 339.564667 1762.59998
v -1188.17847 339.564667 1762.59998
v -1188.17847 336.768677 1762.59998
v -1189.09644 321.856659 1762.59998
v -1189.09644 324.652679 1762.59998
v -1188.17847 324.652679 1762.59998
v -1188.17847 321.856659 1762.59998
v -1189.09644 325.584686 1762.59998
v -1189.09644 328.380676 1762.59998
v -1188.17847 328.380676 1762.59998
v -1188.17847 325.584686 1762.59998
v -1189.09644 329.312683 1762.59998
v -1189.09644 332.108673 1762.59998
v -1188.17847 332.108673 1762.59998
v -1188.17847 329.312683 1762.59998
v -1189.09644 333.04068 1762.59998
v -1189.09644 335.83667 1762.59998
v -1188.17847 335.83667 1762.59998
v -1188.17847 333.04068 1762.59998
v -1189.55322 336.768677 1761.22473
v -1189.55322 339.564667 1761.22473
v -1189.55322 339.564667 1762.14319
v -1189.55322 336.768677 1762.14319
v -1189.55322 321.856659 1761.22473
v -1189.55322 324.652679 1761.22473
v -1189.55322 324.652679 1762.14319
v -1189.55322 321.856659 1762.14319
v -1189.55322 325.584686 1761.22473
v -1189.55322 328.380676 1761.22473
v -1189.55322 328.380676 1762.14319
v -1189.55322 325.584686 1762.14319
v -1189.55322 329.312683 1761.22473
v -1189.55322 332.108673 1761.22473
v -1189.55322 332.108673 1762.14319
v -1189.55322 329.312683 1762.14319
v -1189.55322 333.04068 1761.22473
v -1189.55322 335.83667 1761.22473
v -1189.55322 335.83667 1762.14319
v -1189.55322 333.04068 1762.14319
v -1188.17847 336.768677 1760.76794
v -1188.17847 339.564667 1760.76794
v -1189.09644 339.564667 1760.76794
v -1189.09644 336.768677 1760.76794
v -1188.17847 333.04068 1760.76794
v -1188.17847 335.83667 1760.76794
v -1189.09644 335.83667 1760.76794
v -1189.09644 333.04068 1760.76794
v -1188.17847 325.584686 1760.76794
v -1188.17847 328.380676 1760.76794
v -1189.09644 328.380676 1760.76794
v -1189.09644 325.584686 1760.76794
v -1188.17847 329.312683 1760.76794
v -1188.17847 332.108673 1760.76794
v -1189.09644 332.108673 1760.76794
v -1189.09644 329.312683 1760.76794
v -1188.17847 321.856659 1760.76794
v -1188.17847 324.652679 1760.76794
v -1189.09644 324.652679 1760.76794
v -1189.09644 321.856659 1760.76794
v -1187.72168 321.856659 1762.14319
v -1187.72168 324.652679 1762.14319
v -1187.72168 324.652679 1761.22473
v -1187.72168 321.856659 1761.22473
v -1187.72168 325.584686 1762.14319
v -1187.72168 328.380676 1762.14319
v -1187.72168 328.380676 1761.22473
v -1187.72168 325.584686 1761.22473
v -1187.72168 329.312683 1762.14319
v -1187.72168 332.108673 1762.14319
v -1187.72168 332.108673 1761.22473
v -1187.72168 329.312683 1761.22473
v -1187.72168 333.04068 1762.14319
v -1187.72168 335.83667 1762.14319
v -1187.72168 335.83667 1761.22473
v -1187.72168 333.04068 1761.22473
v -1187.72168 336.768677 1762.14319
v -1187.72168 339.564667 1762.14319
v -1187.72168 339.564667 1761.22473
v -1187.72168 336.768677 1761.22473
v -1191.97424 299.961151 1765.53247
v -1191.10962 299.60672 1766.37329
v -1191.29688 298.566956 1767.08154
v -1192.34875 297.881622 1766.94885
v -1193.02612 299.275818 1765.39978
v -1193.21338 298.236053 1766.10803
v -1191.14185 298.23584 1766.46167
v -1190.98718 299.094482 1765.87683
v -1191.70117 299.387177 1765.1825
v -1192.0105 297.669861 1766.35217
v -1192.56982 298.821228 1765.073
v -1192.72449 297.962585 1765.65771
v -1191.97424 299.961151 1765.53247
v -1191.70117 299.387177 1765.1825
v -1190.98718 299.094482 1765.87683
v -1191.10962 299.60672 1766.37329
v -1191.29688 298.566956 1767.08154
v -1191.14185 298.23584 1766.46167
v -1192.0105 297.669861 1766.35217
v -1192.34875 297.881622 1766.94885
v -1193.21338 298.236053 1766.10803
v -1192.72449 297.962585 1765.65771
v -1192.56982 298.821228 1765.073
v -1193.02612 299.275818 1765.39978
v -1191.10962 299.60672 1766.37329
v -1190.98718 299.094482 1765.87683
v -1191.14185 298.23584 1766.46167
v -1191.29688 298.566956 1767.08154
v -1192.34875 297.881622 1766.94885
v -1192.0105 297.669861 1766.35217
v -1192.72449 297.962585 1765.65771
v -1193.21338 298.236053 1766.10803
v -1193.02612 299.275818 1765.39978
v -1192.56982 298.821228 1765.073
v -1191.70117 299.387177 1765.1825
v -1191.97424 299.961151 1765.53247
v -1184.74109 308.986084 1764.79907
v -1184.3009 307.848724 1765.17163
v -1184.99133 307.107239 1765.92688
v -1185.8717 309.381866 1765.18188
v -1186.12195 307.503021 1766.30957
v -1186.56213 308.64032 1765.93713
v -1185.35376 307.004425 1765.31689
v -1184.78357 307.616791 1764.69324
v -1185.14709 308.556 1764.38562
v -1186.08081 308.882843 1764.70166
v -1186.28735 307.331268 1765.63293
v -1186.65088 308.270477 1765.32532
v -1185.8717 309.381866 1765.18188
v -1186.08081 308.882843 1764.70166
v -1185.14709 308.556 1764.38562
v -1184.74109 308.986084 1764.79907
v -1184.3009 307.848724 1765.17163
v -1184.78357 307.616791 1764.69324
v -1185.35376 307.004425 1765.31689
v -1184.99133 307.107239 1765.92688
v -1186.12195 307.503021 1766.30957
v -1186.28735 307.331268 1765.63293
v -1186.65088 308.270477 1765.32532
v -1186.56213 308.64032 1765.93713
v -1184.74109 308.986084 1764.79907
v -1185.14709 308.556 1764.38562
v -1184.78357 307.616791 1764.69324
v -1184.3009 307.848724 1765.17163
v -1184.99133 307.107239 1765.92688
v -1185.35376 307.004425 1765.31689
v -1186.28735 307.331268 1765.63293
v -1186.12195 307.503021 1766.30957
v -1186.56213 308.64032 1765.93713
v -1186.65088 308.270477 1765.32532
v -1186.08081 308.882843 1764.70166
v -1185.8717 309.381866 1765.18188
v -1188.96875 311.785156 1756.98376
v -1188.422 312.937683 1756.96997
v -1189.07886 313.977295 1757.2948
v -1190.17224 311.672211 1757.32227
v -1190.28235 313.86438 1757.63342
v -1190.82898 312.711792 1757.64709
v -1188.98352 313.690521 1757.94702
v -1188.44104 312.832001 1757.67883
v -1188.89258 311.880219 1757.69019
v -1189.88635 311.786957 1757.96973
v -1189.97729 313.597229 1758.22668
v -1190.42883 312.645447 1758.23804
v -1190.28235 313.86438 1757.63342
v -1189.97729 313.597229 1758.22668
v -1190.42883 312.645447 1758.23804
v -1190.82898 312.711792 1757.64709
v -1190.17224 311.672211 1757.32227
v -1189.88635 311.786957 1757.96973
v -1188.89258 311.880219 1757.69019
v -1188.96875 311.785156 1756.98376
v -1188.422 312.937683 1756.96997
v -1188.44104 312.832001 1757.67883
v -1188.98352 313.690521 1757.94702
v -1189.07886 313.977295 1757.2948
v -1190.82898 312.711792 1757.64709
v -1190.42883 312.645447 1758.23804
v -1189.88635 311.786957 1757.96973
v -1190.17224 311.672211 1757.32227
v -1188.96875 311.785156 1756.98376
v -1188.89258 311.880219 1757.69019
v -1188.44104 312.832001 1757.67883
v -1188.422 312.937683 1756.96997
v -1189.07886 313.977295 1757.2948
v -1188.98352 313.690521 1757.94702
v -1189.97729 313.597229 1758.22668
v -1190.28235 313.86438 1757.63342
v -1193.29626 297.147949 1766.34424
v -1193.29626 297.147949 1757.02368
v -1193.20361 297.520508 1757.11633
v -1193.20361 297.520508 1766.25159
v -1193.29626 297.147949 1757.02368
v -1183.97864 297.147949 1757.02368
v -1184.07129 297.520508 1757.11633
v -1193.20361 297.520508 1757.11633
v -1183.97864 297.147949 1757.02368
v -1183.97864 297.147949 1766.34424
v -1184.07129 297.520508 1766.25159
v -1184.07129 297.520508 1757.11633
v -1183.97864 297.147949 1766.34424
v -1193.29626 297.147949 1766.34424
v -1193.20361 297.520508 1766.25159
v -1184.07129 297.520508 1766.25159
v -1184.07129 297.520508 1757.11633
v -1184.07129 297.520508 1766.25159
v -1193.20361 297.520508 1766.25159
v -1193.20361 297.520508 1757.11633
v -1193.29626 301.807983 1766.34424
v -1193.29626 301.807983 1757.02368
v -1193.20361 302.180511 1757.11633
v -1193.20361 302.180511 1766.25159
v -1193.29626 301.807983 1757.02368
v -1183.97864 301.807983 1757.02368
v -1184.07129 302.180511 1757.11633
v -1193.20361 302.180511 1757.11633
v -1183.97864 301.807983 1757.02368
v -1183.97864 301.807983 1766.34424
v -1184.07129 302.180511 1766.25159
v -1184.07129 302.180511 1757.11633
v -1183.97864 301.807983 1766.34424
v -1193.29626 301.807983 1766.34424
v -1193.20361 302.180511 1766.25159
v -1184.07129 302.180511 1766.25159
v -1184.07129 302.180511 1757.11633
v -1184.07129 302.180511 1766.25159
v -1193.20361 302.180511 1766.25159
v -1193.20361 302.180511 1757.11633
v -1193.29626 306.467987 1766.34424
v -1193.29626 306.467987 1757.02368
v -1193.20361 306.840546 1757.11633
v -1193.20361 306.840546 1766.25159
v -1193.29626 306.467987 1757.02368
v -1183.97864 306.467987 1757.02368
v -1184.07129 306.840546 1757.11633
v -1193.20361 306.840546 1757.11633
v -1183.97864 306.467987 1757.02368
v -1183.97864 306.467987 1766.34424
v -1184.07129 306.840546 1766.25159
v -1184.07129 306.840546 1757.11633
v -1183.97864 306.467987 1766.34424
v -1193.29626 306.467987 1766.34424
v -1193.20361 306.840546 1766.25159
v -1184.07129 306.840546 1766.25159
v -1184.07129 306.840546 1757.11633
v -1184.07129 306.840546 1766.25159
v -1193.20361 306.840546 1766.25159
v -1193.20361 306.840546 1757.11633
v -1193.29626 311.12796 1766.34424
v -1193.29626 311.12796 1757.02368
v -1193.20361 311.500519 1757.11633
v -1193.20361 311.500519 1766.25159
v -1193.29626 311.12796 1757.02368
v -1183.97864 311.12796 1757.02368
v -1184.07129 311.500519 1757.11633
v -1193.20361 311.500519 1757.11633
v -1183.97864 311.12796 1757.02368
v -1183.97864 311.12796 1766.34424
v -1184.07129 311.500519 1766.25159
v -1184.07129 311.500519 1757.11633
v -1183.97864 311.12796 1766.34424
v -1193.29626 311.12796 1766.34424
v -1193.20361 311.500519 1766.25159
v -1184.07129 311.500519 1766.25159
v -1184.07129 311.500519 1757.11633
v -1184.07129 311.500519 1766.25159
v -1193.20361 311.500519 1766.25159
v -1193.20361 311.500519 1757.11633
v -1193.29626 315.787964 1766.34424
v -1193.29626 315.787964 1757.02368
v -1193.20361 316.160522 1757.11633
v -1193.20361 316.160522 1766.25159
v -1193.29626 315.787964 1757.02368
v -1183.97864 315.787964 1757.02368
v -1184.07129 316.160522 1757.11633
v -1193.20361 316.160522 1757.11633
v -1183.97864 315.787964 1757.02368
v -1183.97864 315.787964 1766.34424
v -1184.07129 316.160522 1766.25159
v -1184.07129 316.160522 1757.11633
v -1183.97864 315.787964 1766.34424
v -1193.29626 315.787964 1766.34424
v -1193.20361 316.160522 1766.25159
v -1184.07129 316.160522 1766.25159
v -1184.07129 316.160522 1757.11633
v -1184.07129 316.160522 1766.25159
v -1193.20361 316.160522 1766.25159
v -1193.20361 316.160522 1757.11633
v 131.001968 31.1941662 -20.0036144
v 130.711731 31.1941662 -16.2159634
v 129.480957 31.1941662 -17.9101086
v 127.019768 31.1941662 -17.1104259
v 132.993668 31.1941662 -19.3566036
v 127.019768 31.1941662 -15.0162792
v 132.993668 31.1941662 -23.23876
v 124.558594 31.1941662 -17.9102306
v 131.002213 31.1941662 -22.5916271
v 123.327576 31.1941662 -16.2159634
v 130.711716 31.1941662 -26.3795223
v 123.037354 31.1941662 -20.0037365
v 129.480942 31.1941662 -24.6852551
v 121.045898 31.1941662 -19.3566036
v 127.019768 31.1941662 -27.5792046
v 123.037354 31.1941662 -22.5916271
v 127.019768 31.1941662 -25.4849377
v 121.045898 31.1941662 -23.23876
v 123.327576 31.1941662 -26.3793983
v 124.558594 31.1941662 -24.6853771
v 138.496109 42.0943146 -303.233521
v 133.737732 42.0943146 -278.585449
v 133.653992 42.0943146 -280.13559
v 133.428299 42.0943146 -279.05899
v 138.969681 42.0943146 -303.542938
v 108.78022 42.0943146 -283.817383
v 126.653542 42.0943146 -305.716125
v 109.253784 42.0943146 -284.126801
v 126.735603 42.0943146 -306.107635
v 114.012169 42.0943146 -308.774902
v 120.781181 42.0943146 -306.947174
v 114.321594 42.0943146 -308.301331
v 120.863251 42.0943146 -307.338684
v 106.950966 35.8896866 -284.609558
v 107.260391 35.8896866 -284.136017
v 95.6135559 35.8896866 -286.577576
v 96.0871201 35.8896866 -286.886993
v 98.3834152 35.8896942 -299.790375
v 109.556686 35.8896866 -297.039368
v 110.030243 35.8896866 -297.348785
v 98.6928329 35.8896866 -299.316803
vt 0.509172201 0.32875222
vt 0.509172201 0.332163304
vt 0.510297418 0.330602884
vt 0.510297418 0.330602884
vt 0.510390818 0.328751087
vt 0.509172201 0.32875222
vt 0.405604124 0.930089414
vt 0.409180254 0.92975843
vt 0.40565598 0.901078045
vt 0.433289766 0.929195285
vt 0.433333904 0.901126206
vt 0.429904193 0.929409742
vt 0.409180254 0.92975843
vt 0.419808447 0.945331514
vt 0.40565598 0.901078045
vt 0.429904193 0.929409742
vt 0.433333904 0.901126206
vt 0.433142543 0.881727636
vt 0.405801624 0.881723344
vt 0.405831307 0.878203392
vt 0.433200359 0.878272355
vt 0.433458984 0.845087767
vt 0.40626806 0.844882131
vt 0.436623096 0.929007113
vt 0.433333904 0.901126206
vt 0.433289766 0.929195285
vt 0.343954563 0.930008113
vt 0.347603709 0.930045426
vt 0.347906768 0.900492549
vt 0.401945412 0.930411279
vt 0.405604124 0.930089414
vt 0.40565598 0.901078045
vt 0.841141462 0.511349976
vt 0.864651144 0.503871024
vt 0.849849343 0.494973987
vt 0.864651144 0.503871024
vt 0.841141462 0.511349976
vt 0.855243206 0.528140843
vt 0.843710303 0.578618109
vt 0.866276085 0.580774665
vt 0.855449319 0.561564982
vt 0.843710303 0.578618109
vt 0.851842105 0.592290461
vt 0.866276085 0.580774665
vt 0.651455045 0.190598086
vt 0.651592672 0.199165478
vt 0.654981613 0.199243069
vt 0.728792071 0.142536953
vt 0.729375899 0.141802013
vt 0.727155387 0.139772028
vt 0.651455045 0.190598086
vt 0.665036857 0.151192963
vt 0.636282206 0.154878765
vt 0.651455045 0.190598086
vt 0.679009497 0.176348031
vt 0.665036857 0.151192963
vt 0.665441453 0.0287991576
vt 0.680045426 0.0313729867
vt 0.672920406 0.01679953
vt 0.647579134 0.0191574115
vt 0.650456011 0.0344358385
vt 0.663373291 0.0166904647
vt 0.65256834 0.00534053287
vt 0.647579134 0.0191574115
vt 0.663373291 0.0166904647
vt 0.637559533 0.0106363073
vt 0.647579134 0.0191574115
vt 0.65256834 0.00534053287
vt 0.647579134 0.0191574115
vt 0.632045627 0.0243683159
vt 0.650456011 0.0344358385
vt 0.637559533 0.0106363073
vt 0.632045627 0.0243683159
vt 0.647579134 0.0191574115
vt 0.622419894 0.0284485836
vt 0.621727586 0.0446613021
vt 0.634374797 0.0362410173
vt 0.636282206 0.154878765
vt 0.665036857 0.151192963
vt 0.637705207 0.152451769
vt 0.703092396 0.131854519
vt 0.719176054 0.119815879
vt 0.718476653 0.118998133
vt 0.769121468 0.265885025
vt 0.745567739 0.328709245
vt 0.770883143 0.268535107
vt 0.745567739 0.328709245
vt 0.769121468 0.265885025
vt 0.770693004 0.249710664
vt 0.757468939 0.249017924
vt 0.745567739 0.328709245
vt 0.770693004 0.249710664
vt 0.745567739 0.328709245
vt 0.75206989 0.270362467
vt 0.755030632 0.277819633
vt 0.745567739 0.328709245
vt 0.755030632 0.277819633
vt 0.758971393 0.276397049
vt 0.762958288 0.279242277
vt 0.745567739 0.328709245
vt 0.760298967 0.27651614
vt 0.745567739 0.328709245
vt 0.762958288 0.279242277
vt 0.769437969 0.273649216
vt 0.745567739 0.328709245
vt 0.757468939 0.249017924
vt 0.754160821 0.264194846
vt 0.745567739 0.328709245
vt 0.754160821 0.264194846
vt 0.752865195 0.265823126
vt 0.760298967 0.27651614
vt 0.745567739 0.328709245
vt 0.758971393 0.276397049
vt 0.776295424 0.274674594
vt 0.769437969 0.273649216
vt 0.775376737 0.275674582
vt 0.770883143 0.268535107
vt 0.776295424 0.274674594
vt 0.775804937 0.273332417
vt 0.776295424 0.274674594
vt 0.770883143 0.268535107
vt 0.769437969 0.273649216
vt 0.745567739 0.328709245
vt 0.769437969 0.273649216
vt 0.770883143 0.268535107
vt 0.766179919 0.216206938
vt 0.756247342 0.221732736
vt 0.757468939 0.249017924
vt 0.777383745 0.21669291
vt 0.766179919 0.216206938
vt 0.770693004 0.249710664
vt 0.766179919 0.216206938
vt 0.757468939 0.249017924
vt 0.770693004 0.249710664
vt 0.746586978 0.26848492
vt 0.746728837 0.269526213
vt 0.75206989 0.270362467
vt 0.752865195 0.265823126
vt 0.747657895 0.267759174
vt 0.746586978 0.26848492
vt 0.75206989 0.270362467
vt 0.752865195 0.265823126
vt 0.746586978 0.26848492
vt 0.759336591 0.278623462
vt 0.758971393 0.276397049
vt 0.759535849 0.278613538
vt 0.760298967 0.27651614
vt 0.759336591 0.278623462
vt 0.759133279 0.278402001
vt 0.759336591 0.278623462
vt 0.760298967 0.27651614
vt 0.758971393 0.276397049
vt 0.745567739 0.328709245
vt 0.752865195 0.265823126
vt 0.75206989 0.270362467
vt 0.215743095 0.928719461
vt 0.215908557 0.933377028
vt 0.237194851 0.908888519
vt 0.194762588 0.924821258
vt 0.215743095 0.928719461
vt 0.237194851 0.908888519
vt 0.194792554 0.862452507
vt 0.237002 0.877011895
vt 0.215811208 0.85861975
vt 0.215811208 0.85861975
vt 0.237002 0.877011895
vt 0.216178074 0.852505028
vt 0.19244507 0.903296113
vt 0.199168935 0.90350163
vt 0.195837498 0.893596232
vt 0.192334592 0.883865476
vt 0.195837498 0.893596232
vt 0.199152365 0.883664668
vt 0.192334592 0.883865476
vt 0.19244507 0.903296113
vt 0.195837498 0.893596232
vt 0.195837498 0.893596232
vt 0.199168935 0.90350163
vt 0.199152365 0.883664668
vt 0.204760969 0.907675445
vt 0.199415877 0.90437007
vt 0.195486873 0.907084644
vt 0.199415877 0.90437007
vt 0.192179069 0.903972745
vt 0.195486873 0.907084644
vt 0.195486873 0.907084644
vt 0.192179069 0.903972745
vt 0.175225303 0.909940362
vt 0.199427351 0.882815897
vt 0.204655156 0.87957567
vt 0.195197389 0.880225003
vt 0.199427351 0.882815897
vt 0.195197389 0.880225003
vt 0.19202058 0.883155704
vt 0.174949184 0.877209663
vt 0.19202058 0.883155704
vt 0.195197389 0.880225003
vt 0.934602499 0.51890415
vt 0.934258819 0.519298255
vt 0.935686409 0.518851221
vt 0.570865035 0.904106796
vt 0.571205437 0.904507875
vt 0.572287083 0.904580832
vt 0.309819609 0.944643617
vt 0.326997668 0.924429417
vt 0.292700946 0.92419368
vt 0.326997668 0.984418571
vt 0.309862852 0.964270771
vt 0.29269433 0.984219849
vt 0.538896501 0.904913008
vt 0.538022697 0.90439105
vt 0.540668249 0.927068293
vt 0.538022697 0.90439105
vt 0.535432518 0.904169738
vt 0.540668249 0.927068293
vt 0.901584208 0.518548012
vt 0.90370512 0.517577887
vt 0.902543902 0.5176754
vt 0.897768557 0.518276036
vt 0.901584208 0.518548012
vt 0.902543902 0.5176754
vt 0.898995936 0.518711984
vt 0.901584208 0.518548012
vt 0.897768557 0.518276036
vt 0.304290563 0.631942511
vt 0.303113133 0.631518424
vt 0.302270502 0.634102285
vt 0.302167594 0.64538753
vt 0.301339418 0.646297455
vt 0.30397746 0.647758663
vt 0.293947786 0.642627299
vt 0.295133799 0.642669618
vt 0.294292003 0.642349422
vt 0.293963879 0.636855066
vt 0.294305146 0.637129068
vt 0.295145988 0.636811912
vt 0.777631581 0.579623163
vt 0.776480377 0.581635833
vt 0.799224138 0.593962669
vt 0.195486873 0.907084644
vt 0.194762588 0.924821258
vt 0.204760969 0.907675445
vt 0.195197389 0.880225003
vt 0.204655156 0.87957567
vt 0.194792554 0.862452507
vt 0.194792554 0.862452507
vt 0.237002 0.877011895
vt 0.237194851 0.908888519
vt 0.204760969 0.907675445
vt 0.194762588 0.924821258
vt 0.756197512 0.157084689
vt 0.761810184 0.154995427
vt 0.753230393 0.155749068
vt 0.761810184 0.154995427
vt 0.784590662 0.188065901
vt 0.790878356 0.183108717
vt 0.165968463 0.307236254
vt 0.122399658 0.38557452
vt 0.167260408 0.382829607
vt 0.0917077512 0.294978887
vt 0.166666433 0.292244583
vt 0.0935109183 0.309943944
vt 0.122399658 0.38557452
vt 0.0976449773 0.384638727
vt 0.932024717 0.346686602
vt 0.927661121 0.340535402
vt 0.926748693 0.345931947
vt 0.926748693 0.345931947
vt 0.920760751 0.339946806
vt 0.920389235 0.345455527
vt 0.920760751 0.339946806
vt 0.914772987 0.339850754
vt 0.91466409 0.345265269
vt 0.900542557 0.339891344
vt 0.900557876 0.345227957
vt 0.81367749 0.818877399
vt 0.810157657 0.817777336
vt 0.811799109 0.818981469
vt 0.806352854 0.794520855
vt 0.802494287 0.818490148
vt 0.799061716 0.795614898
vt 0.812941313 0.869648397
vt 0.809871435 0.867504656
vt 0.811103523 0.869158208
vt 0.816538393 0.83923775
vt 0.813970685 0.839411259
vt 0.811938941 0.841168284
vt 0.915683091 0.0619524047
vt 0.913789034 0.0157026574
vt 0.911958694 0.0139730629
vt 0.28565076 0.378334194
vt 0.284125239 0.381385297
vt 0.28565076 0.382148117
vt 0.790202498 0.301300496
vt 0.784781754 0.30165872
vt 0.795614123 0.301735997
vt 0.784781754 0.259591043
vt 0.790193379 0.260026425
vt 0.795614123 0.25966832
vt 0.649787247 0.95664984
vt 0.649457812 0.955688715
vt 0.648000956 0.955652297
vt 0.649457812 0.955688715
vt 0.648657262 0.954173565
vt 0.649742007 0.954382837
vt 0.649495006 0.949361801
vt 0.648657262 0.954173565
vt 0.650595129 0.949541688
vt 0.649821341 0.947154343
vt 0.650931001 0.947322309
vt 0.626336038 0.957042098
vt 0.62114805 0.95694381
vt 0.631459355 0.957467735
vt 0.382625729 0.8899315
vt 0.384110808 0.890057981
vt 0.385361493 0.887882292
vt 0.384539515 0.886615753
vt 0.385361493 0.887882292
vt 0.384110808 0.890057981
vt 0.397922456 0.898405254
vt 0.399687678 0.895748079
vt 0.4539648 0.888047934
vt 0.441838115 0.896707296
vt 0.442272544 0.896356523
vt 0.455182791 0.887931049
vt 0.438216597 0.88612479
vt 0.439087272 0.89553529
vt 0.452868611 0.886286855
vt 0.453453451 0.885146856
vt 0.4539648 0.888047934
vt 0.455182791 0.887931049
vt 0.453453451 0.885146856
vt 0.452868611 0.886286855
vt 0.590764523 0.782569289
vt 0.590914071 0.770456851
vt 0.569555819 0.770715892
vt 0.570447326 0.782913804
vt 0.569555819 0.770715892
vt 0.567357063 0.77088809
vt 0.56827116 0.783094049
vt 0.570447326 0.782913804
vt 0.569336295 0.824158728
vt 0.571334898 0.826177955
vt 0.567455828 0.746326089
vt 0.567357063 0.77088809
vt 0.569761634 0.746555865
vt 0.567388237 0.703365803
vt 0.569473803 0.703193605
vt 0.569268823 0.671877384
vt 0.567153931 0.670237362
vt 0.568031907 0.669135571
vt 0.570224762 0.670755148
vt 0.589607 0.671931088
vt 0.569268823 0.671877384
vt 0.569473803 0.703193605
vt 0.590291679 0.702846944
vt 0.589607 0.671931088
vt 0.589232624 0.670488656
vt 0.570224762 0.670755148
vt 0.569268823 0.671877384
vt 0.588809669 0.648434997
vt 0.57049346 0.648628354
vt 0.570224762 0.670755148
vt 0.589232624 0.670488656
vt 0.588809669 0.648434997
vt 0.588481963 0.635896564
vt 0.570358157 0.636370242
vt 0.57049346 0.648628354
vt 0.441752046 0.825534225
vt 0.433612138 0.825232148
vt 0.433427542 0.843075156
vt 0.441089243 0.843390822
vt 0.406373322 0.825232148
vt 0.398387045 0.825424075
vt 0.398812532 0.843117595
vt 0.4063389 0.842923164
vt 0.770362318 0.341852665
vt 0.769956946 0.352946222
vt 0.788116097 0.353342503
vt 0.788336933 0.342509449
vt 0.788116097 0.353342503
vt 0.788194656 0.373682797
vt 0.790444314 0.372379363
vt 0.790087104 0.353374839
vt 0.769338727 0.373242497
vt 0.768913329 0.375127047
vt 0.789311409 0.375167012
vt 0.788194656 0.373682797
vt 0.788895845 0.406265646
vt 0.789311409 0.375167012
vt 0.768913329 0.375127047
vt 0.767982602 0.405746251
vt 0.823916435 0.374014974
vt 0.791448832 0.373842508
vt 0.7909922 0.4064852
vt 0.823977351 0.406802297
vt 0.790642738 0.449824303
vt 0.824026406 0.449992627
vt 0.823977351 0.406802297
vt 0.7909922 0.4064852
vt 0.766944766 0.474633932
vt 0.767099857 0.486768991
vt 0.787290037 0.487246782
vt 0.788367748 0.474997222
vt 0.890715539 0.533102155
vt 0.869533062 0.532473385
vt 0.869473755 0.556329727
vt 0.889589548 0.55551219
vt 0.788282752 0.450059354
vt 0.788895845 0.406265646
vt 0.767982602 0.405746251
vt 0.766578972 0.449967712
vt 0.873069167 0.577731431
vt 0.874059081 0.579587758
vt 0.869132638 0.558746159
vt 0.865980566 0.558588207
vt 0.869473755 0.556329727
vt 0.869132638 0.558746159
vt 0.866922677 0.556362092
vt 0.866778791 0.532666028
vt 0.869533062 0.532473385
vt 0.865986645 0.530218244
vt 0.869021356 0.529969871
vt 0.869021356 0.529969871
vt 0.8738693 0.504407108
vt 0.87256074 0.506346285
vt 0.889068902 0.556637585
vt 0.889589548 0.55551219
vt 0.869473755 0.556329727
vt 0.869132638 0.558746159
vt 0.786368191 0.53317374
vt 0.788357735 0.531304598
vt 0.788586915 0.511807919
vt 0.78662318 0.511885107
vt 0.789488912 0.487525523
vt 0.787290037 0.487246782
vt 0.788367748 0.474997222
vt 0.790596187 0.475194275
vt 0.790642738 0.449824303
vt 0.790596187 0.475194275
vt 0.788282752 0.450059354
vt 0.788895845 0.406265646
vt 0.7909922 0.4064852
vt 0.789311409 0.375167012
vt 0.791448832 0.373842508
vt 0.890715539 0.533102155
vt 0.890239179 0.531812549
vt 0.869021356 0.529969871
vt 0.869533062 0.532473385
vt 0.83078748 0.556698978
vt 0.866922677 0.556362092
vt 0.866778791 0.532666028
vt 0.83084619 0.534590542
vt 0.568578959 0.634286582
vt 0.568509877 0.648618281
vt 0.57049346 0.648628354
vt 0.570358157 0.636370242
vt 0.568031907 0.669135571
vt 0.570224762 0.670755148
vt 0.57049346 0.648628354
vt 0.568509877 0.648618281
vt 0.441089243 0.843390822
vt 0.433458984 0.845087767
vt 0.443018317 0.845369756
vt 0.433427542 0.843075156
vt 0.40626806 0.844882131
vt 0.4063389 0.842923164
vt 0.398812532 0.843117595
vt 0.396782666 0.84495914
vt 0.4063389 0.842923164
vt 0.433427542 0.843075156
vt 0.433612138 0.825232148
vt 0.406373322 0.825232148
vt 0.569473803 0.703193605
vt 0.569761634 0.746555865
vt 0.591306388 0.746578515
vt 0.590291679 0.702846944
vt 0.8738693 0.504407108
vt 0.869021356 0.529969871
vt 0.890239179 0.531812549
vt 0.893559992 0.507047594
vt 0.788336933 0.342509449
vt 0.788116097 0.353342503
vt 0.790087104 0.353374839
vt 0.790100038 0.340463817
vt 0.789311409 0.375167012
vt 0.791448832 0.373842508
vt 0.790444314 0.372379363
vt 0.788194656 0.373682797
vt 0.855449319 0.561564982
vt 0.865980566 0.558588207
vt 0.866922677 0.556362092
vt 0.83078748 0.556698978
vt 0.869132638 0.558746159
vt 0.874059081 0.579587758
vt 0.892214954 0.576747477
vt 0.889068902 0.556637585
vt 0.433333904 0.901126206
vt 0.439087272 0.89553529
vt 0.438216597 0.88612479
vt 0.433142543 0.881727636
vt 0.438367635 0.88468802
vt 0.438216597 0.88612479
vt 0.442573726 0.881955683
vt 0.433200359 0.878272355
vt 0.442654848 0.878437519
vt 0.443018317 0.845369756
vt 0.433458984 0.845087767
vt 0.5347929 0.668106616
vt 0.534658849 0.670257986
vt 0.567153931 0.670237362
vt 0.568031907 0.669135571
vt 0.535488307 0.784504056
vt 0.536349595 0.807494581
vt 0.55941397 0.806630492
vt 0.56827116 0.783094049
vt 0.569336295 0.824158728
vt 0.559679866 0.824304163
vt 0.567455828 0.746326089
vt 0.534202099 0.746298313
vt 0.534947991 0.771595061
vt 0.567357063 0.77088809
vt 0.824026406 0.449992627
vt 0.790642738 0.449824303
vt 0.790596187 0.475194275
vt 0.823003411 0.476193398
vt 0.46009475 0.895325303
vt 0.442272544 0.896356523
vt 0.441838115 0.896707296
vt 0.46022445 0.901459396
vt 0.441838115 0.896707296
vt 0.439087272 0.89553529
vt 0.433333904 0.901126206
vt 0.433333904 0.901126206
vt 0.456785053 0.929032385
vt 0.436623096 0.929007113
vt 0.446684271 0.944340408
vt 0.40626806 0.844882131
vt 0.396782666 0.84495914
vt 0.396388769 0.878001034
vt 0.405831307 0.878203392
vt 0.405801624 0.881723344
vt 0.396335274 0.881529272
vt 0.399813116 0.884412408
vt 0.399850875 0.88589263
vt 0.399687678 0.895748079
vt 0.399850875 0.88589263
vt 0.40565598 0.901078045
vt 0.395922065 0.895680189
vt 0.37681511 0.900789499
vt 0.376883924 0.894187212
vt 0.395934641 0.894372404
vt 0.380157083 0.93037647
vt 0.376508355 0.930340469
vt 0.401945412 0.930411279
vt 0.390949726 0.947163165
vt 0.40565598 0.901078045
vt 0.452868611 0.886286855
vt 0.439087272 0.89553529
vt 0.441838115 0.896707296
vt 0.4539648 0.888047934
vt 0.372858644 0.930304408
vt 0.376508355 0.930340469
vt 0.37681511 0.900789499
vt 0.362280846 0.906295538
vt 0.376883924 0.894187212
vt 0.35125342 0.930082917
vt 0.361887246 0.946611941
vt 0.347906768 0.900492549
vt 0.347976029 0.893903852
vt 0.347603709 0.930045426
vt 0.864651144 0.503871024
vt 0.855243206 0.528140843
vt 0.865986645 0.530218244
vt 0.87256074 0.506346285
vt 0.855243206 0.528140843
vt 0.841141462 0.511349976
vt 0.827450693 0.512494147
vt 0.83084619 0.534590542
vt 0.797683358 0.531461
vt 0.798009753 0.512000263
vt 0.788586915 0.511807919
vt 0.788357735 0.531304598
vt 0.873069167 0.577731431
vt 0.865980566 0.558588207
vt 0.855449319 0.561564982
vt 0.866276085 0.580774665
vt 0.567455828 0.746326089
vt 0.567388237 0.703365803
vt 0.534455001 0.703471661
vt 0.534202099 0.746298313
vt 0.789488912 0.487525523
vt 0.788586915 0.511807919
vt 0.798009753 0.512000263
vt 0.821114719 0.513155222
vt 0.822301924 0.48940438
vt 0.830724835 0.594616294
vt 0.851842105 0.592290461
vt 0.843710303 0.578618109
vt 0.829202831 0.578517914
vt 0.822301924 0.48940438
vt 0.823003411 0.476193398
vt 0.790596187 0.475194275
vt 0.789488912 0.487525523
vt 0.790087104 0.353374839
vt 0.790444314 0.372379363
vt 0.823786497 0.371373028
vt 0.823276043 0.352599412
vt 0.83078748 0.556698978
vt 0.829202831 0.578517914
vt 0.843710303 0.578618109
vt 0.855449319 0.561564982
vt 0.78662318 0.511885107
vt 0.787290037 0.487246782
vt 0.767099857 0.486768991
vt 0.76684165 0.511681616
vt 0.823276043 0.352599412
vt 0.823007524 0.339850694
vt 0.790100038 0.340463817
vt 0.790087104 0.353374839
vt 0.788367748 0.474997222
vt 0.788282752 0.450059354
vt 0.766578972 0.449967712
vt 0.766944766 0.474633932
vt 0.823916435 0.374014974
vt 0.823786497 0.371373028
vt 0.790444314 0.372379363
vt 0.791448832 0.373842508
vt 0.769338727 0.373242497
vt 0.788194656 0.373682797
vt 0.788116097 0.353342503
vt 0.769956946 0.352946222
vt 0.384110808 0.890057981
vt 0.382625729 0.8899315
vt 0.396876246 0.899019182
vt 0.397922456 0.898405254
vt 0.534455001 0.703471661
vt 0.567388237 0.703365803
vt 0.567153931 0.670237362
vt 0.534658849 0.670257986
vt 0.590764523 0.782569289
vt 0.570447326 0.782913804
vt 0.571334898 0.826177955
vt 0.591306388 0.825928032
vt 0.841141462 0.511349976
vt 0.849849343 0.494973987
vt 0.827450693 0.494648039
vt 0.827450693 0.512494147
vt 0.568031907 0.669135571
vt 0.568509877 0.648618281
vt 0.535390317 0.647767842
vt 0.5347929 0.668106616
vt 0.569761634 0.746555865
vt 0.569555819 0.770715892
vt 0.590914071 0.770456851
vt 0.591306388 0.746578515
vt 0.786368191 0.53317374
vt 0.78662318 0.511885107
vt 0.76684165 0.511681616
vt 0.766579032 0.532929182
vt 0.866778791 0.532666028
vt 0.865986645 0.530218244
vt 0.855243206 0.528140843
vt 0.83084619 0.534590542
vt 0.535488307 0.784504056
vt 0.56827116 0.783094049
vt 0.567357063 0.77088809
vt 0.534947991 0.771595061
vt 0.399850875 0.88589263
vt 0.384539515 0.886615753
vt 0.385361493 0.887882292
vt 0.399687678 0.895748079
vt 0.740674496 0.144666776
vt 0.740856886 0.14364621
vt 0.729375899 0.141802013
vt 0.728792071 0.142536953
vt 0.727155387 0.139772028
vt 0.729375899 0.141802013
vt 0.719878137 0.119751319
vt 0.719176054 0.119815879
vt 0.719176054 0.119815879
vt 0.719878137 0.119751319
vt 0.720319986 0.118371591
vt 0.718476653 0.118998133
vt 0.718476653 0.118998133
vt 0.720319986 0.118371591
vt 0.711669564 0.0883903652
vt 0.710448146 0.0888017267
vt 0.693078697 0.0486635305
vt 0.693540394 0.0480354615
vt 0.680567563 0.0345336534
vt 0.6784271 0.0356660895
vt 0.6784271 0.0356660895
vt 0.680567563 0.0345336534
vt 0.67956394 0.0314602628
vt 0.680045426 0.0313729867
vt 0.680045426 0.0313729867
vt 0.67956394 0.0314602628
vt 0.67287147 0.0171309877
vt 0.672920406 0.01679953
vt 0.663373291 0.0166904647
vt 0.664149463 0.0150620155
vt 0.652318835 0.00539143384
vt 0.65256834 0.00534053287
vt 0.65256834 0.00534053287
vt 0.652318835 0.00539143384
vt 0.637758732 0.0103773242
vt 0.637559533 0.0106363073
vt 0.637559533 0.0106363073
vt 0.637758732 0.0103773242
vt 0.630632162 0.0232390463
vt 0.632045627 0.0243683159
vt 0.632045627 0.0243683159
vt 0.630632162 0.0232390463
vt 0.622588098 0.0287412107
vt 0.622419894 0.0284485836
vt 0.622419894 0.0284485836
vt 0.622588098 0.0287412107
vt 0.622181535 0.0444863178
vt 0.621727586 0.0446613021
vt 0.637705207 0.152451769
vt 0.634239614 0.153551087
vt 0.635097921 0.154567689
vt 0.636282206 0.154878765
vt 0.654981613 0.199243069
vt 0.651592672 0.199165478
vt 0.633451164 0.249084428
vt 0.637406588 0.250437111
vt 0.710448146 0.0888017267
vt 0.711669564 0.0883903652
vt 0.693540394 0.0480354615
vt 0.693078697 0.0486635305
vt 0.672920406 0.01679953
vt 0.67287147 0.0171309877
vt 0.664149463 0.0150620155
vt 0.663373291 0.0166904647
vt 0.621727586 0.0446613021
vt 0.622181535 0.0444863178
vt 0.622567773 0.048435729
vt 0.62512219 0.0484719388
vt 0.62512219 0.0484719388
vt 0.622567773 0.048435729
vt 0.617804468 0.0680320561
vt 0.618618488 0.0683376193
vt 0.618618488 0.0683376193
vt 0.617804468 0.0680320561
vt 0.623080492 0.116116025
vt 0.624530852 0.115869217
vt 0.624530852 0.115869217
vt 0.623080492 0.116116025
vt 0.634239614 0.153551087
vt 0.637705207 0.152451769
vt 0.636282206 0.154878765
vt 0.635097921 0.154567689
vt 0.651592672 0.199165478
vt 0.651455045 0.190598086
vt 0.6784271 0.0356660895
vt 0.650456011 0.0344358385
vt 0.65280205 0.0451111682
vt 0.665031374 0.0409466289
vt 0.650456011 0.0344358385
vt 0.634374797 0.0362410173
vt 0.621727586 0.0446613021
vt 0.62512219 0.0484719388
vt 0.663373291 0.0166904647
vt 0.650456011 0.0344358385
vt 0.665441453 0.0287991576
vt 0.672920406 0.01679953
vt 0.62512219 0.0484719388
vt 0.639944434 0.047061678
vt 0.65280205 0.0451111682
vt 0.650456011 0.0344358385
vt 0.622419894 0.0284485836
vt 0.634374797 0.0362410173
vt 0.650456011 0.0344358385
vt 0.632045627 0.0243683159
vt 0.639944434 0.047061678
vt 0.638970554 0.0662501901
vt 0.657599449 0.0624446906
vt 0.65280205 0.0451111682
vt 0.665031374 0.0409466289
vt 0.67541343 0.0564141832
vt 0.693078697 0.0486635305
vt 0.6784271 0.0356660895
vt 0.710876584 0.147357091
vt 0.719176054 0.119815879
vt 0.703092396 0.131854519
vt 0.727155387 0.139772028
vt 0.648274958 0.111314923
vt 0.638970554 0.0662501901
vt 0.618618488 0.0683376193
vt 0.624530852 0.115869217
vt 0.67541343 0.0564141832
vt 0.657599449 0.0624446906
vt 0.67038101 0.104696132
vt 0.690912664 0.0971697941
vt 0.680045426 0.0313729867
vt 0.665441453 0.0287991576
vt 0.650456011 0.0344358385
vt 0.6784271 0.0356660895
vt 0.648274958 0.111314923
vt 0.624530852 0.115869217
vt 0.637705207 0.152451769
vt 0.665036857 0.151192963
vt 0.690912664 0.0971697941
vt 0.67038101 0.104696132
vt 0.684837759 0.141441137
vt 0.703092396 0.131854519
vt 0.710448146 0.0888017267
vt 0.690912664 0.0971697941
vt 0.703092396 0.131854519
vt 0.718476653 0.118998133
vt 0.693078697 0.0486635305
vt 0.67541343 0.0564141832
vt 0.690912664 0.0971697941
vt 0.710448146 0.0888017267
vt 0.65280205 0.0451111682
vt 0.657599449 0.0624446906
vt 0.67541343 0.0564141832
vt 0.665031374 0.0409466289
vt 0.67038101 0.104696132
vt 0.648274958 0.111314923
vt 0.665036857 0.151192963
vt 0.684837759 0.141441137
vt 0.67038101 0.104696132
vt 0.657599449 0.0624446906
vt 0.638970554 0.0662501901
vt 0.648274958 0.111314923
vt 0.62512219 0.0484719388
vt 0.618618488 0.0683376193
vt 0.638970554 0.0662501901
vt 0.639944434 0.047061678
vt 0.729375899 0.141802013
vt 0.740856886 0.14364621
vt 0.741526484 0.140637234
vt 0.732170224 0.138029143
vt 0.720319986 0.118371591
vt 0.725961268 0.120219015
vt 0.715924382 0.0868734941
vt 0.711669564 0.0883903652
vt 0.715924382 0.0868734941
vt 0.696438491 0.0458571501
vt 0.693540394 0.0480354615
vt 0.711669564 0.0883903652
vt 0.67956394 0.0314602628
vt 0.680226088 0.0304400586
vt 0.673631668 0.0167282037
vt 0.67287147 0.0171309877
vt 0.680226088 0.0304400586
vt 0.67956394 0.0314602628
vt 0.680567563 0.0345336534
vt 0.681913912 0.0314607546
vt 0.729375899 0.141802013
vt 0.732170224 0.138029143
vt 0.725044966 0.121643804
vt 0.719878137 0.119751319
vt 0.665826797 0.0122914091
vt 0.664149463 0.0150620155
vt 0.67287147 0.0171309877
vt 0.673631668 0.0167282037
vt 0.652318835 0.00539143384
vt 0.664149463 0.0150620155
vt 0.665826797 0.0122914091
vt 0.652353346 0.00407008454
vt 0.652353346 0.00407008454
vt 0.636772215 0.00882178638
vt 0.637758732 0.0103773242
vt 0.652318835 0.00539143384
vt 0.622588098 0.0287412107
vt 0.630632162 0.0232390463
vt 0.628073156 0.021339763
vt 0.621769309 0.0286468361
vt 0.620996833 0.0438074581
vt 0.622181535 0.0444863178
vt 0.622588098 0.0287412107
vt 0.621769309 0.0286468361
vt 0.620996833 0.0438074581
vt 0.619383931 0.0464110523
vt 0.622567773 0.048435729
vt 0.622181535 0.0444863178
vt 0.613781095 0.0675596371
vt 0.617804468 0.0680320561
vt 0.622567773 0.048435729
vt 0.619383931 0.0464110523
vt 0.61789757 0.117120527
vt 0.623080492 0.116116025
vt 0.617804468 0.0680320561
vt 0.613781095 0.0675596371
vt 0.628467441 0.160533667
vt 0.630138218 0.162227944
vt 0.635097921 0.154567689
vt 0.634239614 0.153551087
vt 0.635097921 0.154567689
vt 0.630138218 0.162227944
vt 0.638343573 0.200459599
vt 0.651592672 0.199165478
vt 0.651592672 0.199165478
vt 0.638343573 0.200459599
vt 0.619621634 0.242042527
vt 0.633451164 0.249084428
vt 0.680567563 0.0345336534
vt 0.693540394 0.0480354615
vt 0.696438491 0.0458571501
vt 0.681913912 0.0314607546
vt 0.634239614 0.153551087
vt 0.623080492 0.116116025
vt 0.61789757 0.117120527
vt 0.628467441 0.160533667
vt 0.636772215 0.00882178638
vt 0.628073156 0.021339763
vt 0.630632162 0.0232390463
vt 0.637758732 0.0103773242
vt 0.719878137 0.119751319
vt 0.725044966 0.121643804
vt 0.725961268 0.120219015
vt 0.720319986 0.118371591
vt 0.747776389 0.261595964
vt 0.747657895 0.267759174
vt 0.752865195 0.265823126
vt 0.754160821 0.264194846
vt 0.747776389 0.261595964
vt 0.754160821 0.264194846
vt 0.757468939 0.249017924
vt 0.756247342 0.221732736
vt 0.753803551 0.278092265
vt 0.753276467 0.27844283
vt 0.759737492 0.278913558
vt 0.759535849 0.278613538
vt 0.755030632 0.277819633
vt 0.75206989 0.270362467
vt 0.746728837 0.269526213
vt 0.753803551 0.278092265
vt 0.769437969 0.273649216
vt 0.762958288 0.279242277
vt 0.764111221 0.280121088
vt 0.775376737 0.275674582
vt 0.769121468 0.265885025
vt 0.770883143 0.268535107
vt 0.775804937 0.273332417
vt 0.777992368 0.265278518
vt 0.769121468 0.265885025
vt 0.777992368 0.265278518
vt 0.777383745 0.21669291
vt 0.770693004 0.249710664
vt 0.758971393 0.276397049
vt 0.755030632 0.277819633
vt 0.753803551 0.278092265
vt 0.759535849 0.278613538
vt 0.764111221 0.280121088
vt 0.762958288 0.279242277
vt 0.760298967 0.27651614
vt 0.759133279 0.278402001
vt 0.759389579 0.27847594
vt 0.759336591 0.278623462
vt 0.759535849 0.278613538
vt 0.759737492 0.278913558
vt 0.764525652 0.21048224
vt 0.753056943 0.215778455
vt 0.756247342 0.221732736
vt 0.766179919 0.216206938
vt 0.776585758 0.274786383
vt 0.776665926 0.274013907
vt 0.775804937 0.273332417
vt 0.776295424 0.274674594
vt 0.759389579 0.27847594
vt 0.758892 0.27857998
vt 0.759133279 0.278402001
vt 0.759336591 0.278623462
vt 0.74565202 0.269488692
vt 0.753276467 0.27844283
vt 0.753803551 0.278092265
vt 0.746728837 0.269526213
vt 0.746382833 0.268358827
vt 0.74565202 0.269488692
vt 0.746728837 0.269526213
vt 0.746586978 0.26848492
vt 0.745567739 0.259877205
vt 0.746897221 0.267917782
vt 0.747657895 0.267759174
vt 0.747776389 0.261595964
vt 0.746382833 0.268358827
vt 0.746586978 0.26848492
vt 0.747657895 0.267759174
vt 0.746897221 0.267917782
vt 0.753056943 0.215778455
vt 0.745567739 0.259877205
vt 0.747776389 0.261595964
vt 0.756247342 0.221732736
vt 0.776295424 0.274674594
vt 0.775376737 0.275674582
vt 0.776457429 0.276276767
vt 0.776585758 0.274786383
vt 0.764499128 0.28072539
vt 0.776457429 0.276276767
vt 0.775376737 0.275674582
vt 0.764111221 0.280121088
vt 0.758892 0.27857998
vt 0.764499128 0.28072539
vt 0.764111221 0.280121088
vt 0.759133279 0.278402001
vt 0.780986309 0.204332665
vt 0.777383745 0.21669291
vt 0.777992368 0.265278518
vt 0.781357467 0.26396215
vt 0.764525652 0.21048224
vt 0.766179919 0.216206938
vt 0.777383745 0.21669291
vt 0.780986309 0.204332665
vt 0.535390317 0.647767842
vt 0.568509877 0.648618281
vt 0.568578959 0.634286582
vt 0.535716474 0.633533597
vt 0.683076322 0.0303366184
vt 0.681913912 0.0314607546
vt 0.696438491 0.0458571501
vt 0.698995352 0.0440757275
vt 0.719334543 0.0855756328
vt 0.715924382 0.0868734941
vt 0.725961268 0.120219015
vt 0.728618801 0.119504325
vt 0.652529418 0.00171214668
vt 0.652353346 0.00407008454
vt 0.665826797 0.0122914091
vt 0.666957974 0.010351547
vt 0.630158126 0.19887729
vt 0.638343573 0.200459599
vt 0.630138218 0.162227944
vt 0.624854565 0.163807005
vt 0.624854565 0.163807005
vt 0.630138218 0.162227944
vt 0.628467441 0.160533667
vt 0.624209464 0.161374316
vt 0.733982205 0.136149481
vt 0.732170224 0.138029143
vt 0.741526484 0.140637234
vt 0.742143273 0.138431534
vt 0.666957974 0.010351547
vt 0.665826797 0.0122914091
vt 0.673631668 0.0167282037
vt 0.67510432 0.0155469952
vt 0.728618801 0.119504325
vt 0.725961268 0.120219015
vt 0.725044966 0.121643804
vt 0.728090167 0.121309511
vt 0.617544293 0.0458887145
vt 0.619383931 0.0464110523
vt 0.620996833 0.0438074581
vt 0.619475245 0.0433568284
vt 0.610344291 0.237252474
vt 0.619621634 0.242042527
vt 0.638343573 0.200459599
vt 0.630158126 0.19887729
vt 0.635446787 0.0067766821
vt 0.636772215 0.00882178638
vt 0.652353346 0.00407008454
vt 0.652529418 0.00171214668
vt 0.67510432 0.0155469952
vt 0.673631668 0.0167282037
vt 0.680226088 0.0304400586
vt 0.681300461 0.0295815691
vt 0.619475245 0.0433568284
vt 0.620996833 0.0438074581
vt 0.621769309 0.0286468361
vt 0.619954109 0.0280664451
vt 0.626297057 0.0199848805
vt 0.628073156 0.021339763
vt 0.636772215 0.00882178638
vt 0.635446787 0.0067766821
vt 0.698995352 0.0440757275
vt 0.696438491 0.0458571501
vt 0.715924382 0.0868734941
vt 0.719334543 0.0855756328
vt 0.61034435 0.0672739446
vt 0.613781095 0.0675596371
vt 0.619383931 0.0464110523
vt 0.617544293 0.0458887145
vt 0.728090167 0.121309511
vt 0.725044966 0.121643804
vt 0.732170224 0.138029143
vt 0.733982205 0.136149481
vt 0.619954109 0.0280664451
vt 0.621769309 0.0286468361
vt 0.628073156 0.021339763
vt 0.626297057 0.0199848805
vt 0.624209464 0.161374316
vt 0.628467441 0.160533667
vt 0.61789757 0.117120527
vt 0.613645256 0.117813125
vt 0.681300461 0.0295815691
vt 0.680226088 0.0304400586
vt 0.681913912 0.0314607546
vt 0.683076322 0.0303366184
vt 0.613645256 0.117813125
vt 0.61789757 0.117120527
vt 0.613781095 0.0675596371
vt 0.61034435 0.0672739446
vt 0.604519844 0.280323297
vt 0.606641829 0.275684834
vt 0.604933679 0.274934888
vt 0.60166508 0.278831363
vt 0.606641829 0.324922413
vt 0.603664994 0.313835233
vt 0.599631131 0.314352751
vt 0.602585793 0.325998962
vt 0.60166508 0.278831363
vt 0.597733438 0.314334989
vt 0.599631131 0.314352751
vt 0.600299239 0.279394567
vt 0.604933679 0.274934888
vt 0.60378021 0.274166763
vt 0.60166508 0.278831363
vt 0.602585793 0.325998962
vt 0.599631131 0.314352751
vt 0.599924266 0.326479495
vt 0.601939142 0.634301543
vt 0.600785971 0.633533597
vt 0.59730494 0.638760388
vt 0.5986709 0.638197303
vt 0.5986709 0.638197303
vt 0.594730735 0.673695982
vt 0.596628129 0.673714459
vt 0.599579692 0.685359538
vt 0.596628129 0.673714459
vt 0.596918285 0.685839534
vt 0.599631131 0.314352751
vt 0.603664994 0.313835233
vt 0.604519844 0.280323297
vt 0.60166508 0.278831363
vt 0.601524651 0.639689922
vt 0.60363543 0.635077357
vt 0.601939142 0.634301543
vt 0.5986709 0.638197303
vt 0.596628129 0.673714459
vt 0.599579692 0.685359538
vt 0.60363543 0.68428427
vt 0.600661755 0.673197925
vt 0.601524651 0.639689922
vt 0.5986709 0.638197303
vt 0.596628129 0.673714459
vt 0.600661755 0.673197925
vt 0.777992368 0.265278518
vt 0.775804937 0.273332417
vt 0.776665926 0.274013907
vt 0.781357467 0.26396215
vt 0.27227366 0.941639662
vt 0.215908557 0.933377028
vt 0.198982894 0.952814639
vt 0.269019008 0.964020073
vt 0.896984339 0.587134778
vt 0.897974193 0.586938739
vt 0.898995936 0.518711984
vt 0.897768557 0.518276036
vt 0.901584208 0.518548012
vt 0.898995936 0.518711984
vt 0.897974193 0.586938739
vt 0.900606513 0.58606869
vt 0.900606513 0.58606869
vt 0.915919006 0.586210251
vt 0.917060792 0.518937528
vt 0.901584208 0.518548012
vt 0.917060792 0.518937528
vt 0.915919006 0.586210251
vt 0.916940749 0.586529911
vt 0.917431295 0.519356787
vt 0.915744126 0.590806305
vt 0.91684556 0.589792669
vt 0.915919006 0.586210251
vt 0.91817522 0.586459935
vt 0.916940749 0.586529911
vt 0.91684556 0.589792669
vt 0.918064058 0.590350568
vt 0.915919006 0.586210251
vt 0.900606513 0.58606869
vt 0.901171565 0.590502262
vt 0.915744126 0.590806305
vt 0.900606513 0.58606869
vt 0.897974193 0.586938739
vt 0.899489701 0.588900626
vt 0.901171565 0.590502262
vt 0.194762588 0.924821258
vt 0.174467057 0.941010296
vt 0.198247582 0.947458327
vt 0.215743095 0.928719461
vt 0.198982894 0.952814639
vt 0.215908557 0.933377028
vt 0.215743095 0.928719461
vt 0.198247582 0.947458327
vt 0.174467057 0.941010296
vt 0.194762588 0.924821258
vt 0.195486873 0.907084644
vt 0.175225303 0.909940362
vt 0.857886374 0.280096233
vt 0.856373727 0.280105859
vt 0.854596674 0.307116121
vt 0.856131136 0.307215422
vt 0.851054728 0.244559824
vt 0.851005018 0.245359913
vt 0.853676736 0.246351197
vt 0.852985203 0.246036813
vt 0.853188992 0.280050159
vt 0.856373727 0.280105859
vt 0.853676736 0.246351197
vt 0.851005018 0.245359913
vt 0.988991439 0.276221603
vt 0.9889974 0.275012195
vt 0.978018284 0.275159538
vt 0.97833091 0.276169002
vt 0.978018284 0.275159538
vt 0.9889974 0.275012195
vt 0.988999367 0.272685111
vt 0.976926029 0.273074448
vt 0.976926029 0.273074448
vt 0.988999367 0.244586989
vt 0.976843238 0.244508684
vt 0.988966107 0.25973177
vt 0.988999367 0.272685111
vt 0.934258819 0.519298255
vt 0.93388021 0.515447915
vt 0.932659328 0.518945694
vt 0.933210671 0.519492388
vt 0.288360357 0.937767267
vt 0.289270073 0.931060493
vt 0.278950065 0.929658413
vt 0.272959232 0.935674846
vt 0.28104642 0.914841354
vt 0.215908557 0.933377028
vt 0.237194851 0.908888519
vt 0.27227366 0.941639662
vt 0.0520693138 0.861348927
vt 0.0327401124 0.864384592
vt 0.0349787883 0.871679425
vt 0.0533426479 0.869466484
vt 0.0501751937 0.921217442
vt 0.0492265373 0.88008666
vt 0.0482806079 0.879966259
vt 0.0488385074 0.921248257
vt 0.0488385074 0.921248257
vt 0.0482806079 0.879966259
vt 0.046256844 0.879230201
vt 0.046305567 0.921295345
vt 0.897974193 0.586938739
vt 0.896984339 0.587134778
vt 0.898832381 0.589429915
vt 0.899489701 0.588900626
vt 0.932659328 0.518945694
vt 0.932781279 0.586428583
vt 0.933962703 0.586678803
vt 0.933210671 0.519492388
vt 0.932781279 0.586428583
vt 0.93371588 0.590112269
vt 0.932583988 0.591279387
vt 0.816526294 0.305382222
vt 0.816604733 0.279290378
vt 0.815347612 0.303902179
vt 0.817815423 0.279339701
vt 0.818344533 0.246932209
vt 0.817158282 0.247492328
vt 0.816940129 0.246708587
vt 0.818006873 0.246105343
vt 0.818006873 0.246105343
vt 0.816448033 0.213066027
vt 0.817397952 0.213498175
vt 0.816629469 0.21231398
vt 0.817823827 0.21264796
vt 0.815325677 0.182127193
vt 0.816360414 0.182010159
vt 0.814827383 0.159499273
vt 0.813816786 0.160762772
vt 0.816526294 0.305382222
vt 0.831262589 0.306254536
vt 0.832471669 0.279762834
vt 0.817815423 0.279339701
vt 0.932583988 0.591279387
vt 0.932781279 0.586428583
vt 0.91876483 0.586317062
vt 0.918724537 0.59103477
vt 0.91817522 0.586459935
vt 0.918064058 0.590350568
vt 0.918724537 0.59103477
vt 0.91876483 0.586317062
vt 0.918593049 0.518962681
vt 0.918399572 0.519197285
vt 0.932781279 0.586428583
vt 0.932659328 0.518945694
vt 0.918593049 0.518962681
vt 0.91876483 0.586317062
vt 0.833358169 0.305572897
vt 0.834826052 0.279761225
vt 0.833219886 0.279708207
vt 0.831804454 0.305766702
vt 0.834392965 0.307344019
vt 0.834826052 0.279761225
vt 0.833358169 0.305572897
vt 0.836043835 0.279877663
vt 0.835351288 0.24628301
vt 0.834322214 0.246752501
vt 0.835165203 0.245480075
vt 0.834160268 0.246010661
vt 0.834073067 0.213372558
vt 0.833024025 0.212589473
vt 0.834160268 0.246010661
vt 0.8516047 0.308734685
vt 0.853188992 0.280050159
vt 0.836043835 0.279877663
vt 0.834392965 0.307344019
vt 0.8516047 0.308734685
vt 0.854596674 0.307116121
vt 0.856373727 0.280105859
vt 0.853188992 0.280050159
vt 0.853188992 0.280050159
vt 0.851005018 0.245359913
vt 0.835351288 0.24628301
vt 0.836043835 0.279877663
vt 0.851005018 0.245359913
vt 0.851054728 0.244559824
vt 0.835165203 0.245480075
vt 0.835351288 0.24628301
vt 0.851054728 0.244559824
vt 0.849557281 0.212992698
vt 0.834073067 0.213372558
vt 0.835165203 0.245480075
vt 0.849557281 0.212992698
vt 0.849293053 0.212192878
vt 0.834403336 0.212578028
vt 0.834073067 0.213372558
vt 0.849293053 0.212192878
vt 0.84790802 0.179279253
vt 0.832899988 0.180702135
vt 0.834403336 0.212578028
vt 0.84790802 0.179279253
vt 0.844972253 0.156637102
vt 0.830694616 0.15817073
vt 0.832899988 0.180702135
vt 0.538515806 0.830182612
vt 0.537896872 0.836108804
vt 0.55322969 0.836191654
vt 0.553167999 0.830147147
vt 0.537896872 0.836108804
vt 0.538022697 0.90439105
vt 0.553556979 0.904177964
vt 0.55322969 0.836191654
vt 0.537896872 0.836108804
vt 0.535267591 0.835353315
vt 0.535432518 0.904169738
vt 0.538022697 0.90439105
vt 0.535267591 0.835353315
vt 0.534202099 0.835202813
vt 0.534202099 0.904721677
vt 0.535432518 0.904169738
vt 0.198972493 0.832165718
vt 0.216178074 0.852505028
vt 0.271730751 0.845461011
vt 0.268830448 0.822890282
vt 0.834826052 0.279761225
vt 0.834322214 0.246752501
vt 0.832828104 0.246721908
vt 0.833219886 0.279708207
vt 0.833115518 0.245808184
vt 0.832828104 0.246721908
vt 0.834322214 0.246752501
vt 0.834160268 0.246010661
vt 0.834160268 0.246010661
vt 0.833024025 0.212589473
vt 0.8320961 0.212883189
vt 0.833115518 0.245808184
vt 0.833024025 0.212589473
vt 0.833169997 0.2119129
vt 0.831699848 0.212072223
vt 0.8320961 0.212883189
vt 0.833169997 0.2119129
vt 0.831667542 0.180767015
vt 0.830265939 0.180979714
vt 0.831699848 0.212072223
vt 0.831667542 0.180767015
vt 0.829752147 0.159493431
vt 0.828423381 0.159151077
vt 0.830265939 0.180979714
vt 0.554297447 0.83134526
vt 0.554413915 0.836001217
vt 0.555648506 0.836075425
vt 0.555615902 0.830777287
vt 0.554413915 0.836001217
vt 0.554065287 0.903715611
vt 0.554842412 0.903891921
vt 0.555648506 0.836075425
vt 0.55322969 0.836191654
vt 0.553556979 0.904177964
vt 0.554065287 0.903715611
vt 0.554413915 0.836001217
vt 0.553167999 0.830147147
vt 0.55322969 0.836191654
vt 0.554297447 0.83134526
vt 0.832899988 0.180702135
vt 0.830694616 0.15817073
vt 0.829752147 0.159493431
vt 0.831667542 0.180767015
vt 0.834403336 0.212578028
vt 0.833169997 0.2119129
vt 0.834073067 0.213372558
vt 0.833024025 0.212589473
vt 0.832471669 0.279762834
vt 0.832365453 0.246861607
vt 0.818344533 0.246932209
vt 0.817815423 0.279339701
vt 0.832365453 0.246861607
vt 0.832388222 0.245724887
vt 0.818006873 0.246105343
vt 0.818344533 0.246932209
vt 0.832388222 0.245724887
vt 0.831410527 0.213159442
vt 0.817397952 0.213498175
vt 0.818006873 0.246105343
vt 0.831410527 0.213159442
vt 0.831092238 0.212118208
vt 0.817823827 0.21264796
vt 0.817397952 0.213498175
vt 0.831092238 0.212118208
vt 0.829558134 0.181144685
vt 0.816360414 0.182010159
vt 0.817823827 0.21264796
vt 0.829558134 0.181144685
vt 0.827800393 0.158540353
vt 0.814827383 0.159499273
vt 0.816360414 0.182010159
vt 0.556324482 0.829917908
vt 0.556363821 0.836111844
vt 0.570413947 0.836168408
vt 0.570268273 0.829782963
vt 0.555615902 0.830777287
vt 0.556363821 0.836111844
vt 0.556324482 0.829917908
vt 0.555648506 0.836075425
vt 0.554842412 0.903891921
vt 0.555123985 0.904196084
vt 0.556363821 0.836111844
vt 0.830265939 0.180979714
vt 0.828423381 0.159151077
vt 0.827800393 0.158540353
vt 0.829558134 0.181144685
vt 0.831699848 0.212072223
vt 0.831092238 0.212118208
vt 0.8320961 0.212883189
vt 0.831699848 0.212072223
vt 0.831410527 0.213159442
vt 0.833115518 0.245808184
vt 0.831410527 0.213159442
vt 0.832388222 0.245724887
vt 0.832828104 0.246721908
vt 0.832388222 0.245724887
vt 0.832365453 0.246861607
vt 0.832471669 0.279762834
vt 0.833219886 0.279708207
vt 0.831804454 0.305766702
vt 0.831262589 0.306254536
vt 0.816604733 0.279290378
vt 0.815123856 0.279215515
vt 0.813818276 0.304300964
vt 0.815347612 0.303902179
vt 0.93371588 0.590112269
vt 0.934984744 0.590815723
vt 0.935241759 0.586615205
vt 0.933962703 0.586678803
vt 0.934984744 0.590815723
vt 0.936294496 0.59102267
vt 0.936554968 0.586651862
vt 0.935241759 0.586615205
vt 0.936294496 0.59102267
vt 0.93690443 0.590687513
vt 0.937023163 0.586720049
vt 0.936554968 0.586651862
vt 0.935686409 0.518851221
vt 0.936115324 0.518839777
vt 0.935708523 0.515953362
vt 0.936205983 0.516319335
vt 0.93690443 0.590687513
vt 0.938324809 0.591367364
vt 0.938398838 0.586688459
vt 0.937023163 0.586720049
vt 0.938324809 0.591367364
vt 0.948718309 0.591569483
vt 0.948812425 0.586730897
vt 0.938398838 0.586688459
vt 0.199152365 0.883664668
vt 0.199168935 0.90350163
vt 0.199415877 0.90437007
vt 0.199427351 0.882815897
vt 0.192334592 0.883865476
vt 0.199152365 0.883664668
vt 0.199427351 0.882815897
vt 0.19202058 0.883155704
vt 0.19244507 0.903296113
vt 0.192334592 0.883865476
vt 0.19202058 0.883155704
vt 0.192179069 0.903972745
vt 0.199168935 0.90350163
vt 0.19244507 0.903296113
vt 0.192179069 0.903972745
vt 0.199415877 0.90437007
vt 0.199427351 0.882815897
vt 0.199415877 0.90437007
vt 0.204760969 0.907675445
vt 0.204655156 0.87957567
vt 0.174467072 0.845208406
vt 0.174949184 0.877209663
vt 0.195197389 0.880225003
vt 0.194792554 0.862452507
vt 0.197941154 0.839222133
vt 0.174467072 0.845208406
vt 0.194792554 0.862452507
vt 0.215811208 0.85861975
vt 0.198972493 0.832165718
vt 0.197941154 0.839222133
vt 0.215811208 0.85861975
vt 0.216178074 0.852505028
vt 0.534202099 0.835202813
vt 0.535267591 0.835353315
vt 0.536734879 0.831964195
vt 0.535959601 0.831587315
vt 0.847329378 0.158458054
vt 0.85055244 0.178331941
vt 0.851834774 0.178210586
vt 0.848482966 0.15826419
vt 0.85055244 0.178331941
vt 0.851860106 0.211025894
vt 0.853277862 0.210963354
vt 0.851834774 0.178210586
vt 0.844972253 0.156637102
vt 0.84790802 0.179279253
vt 0.85055244 0.178331941
vt 0.847329378 0.158458054
vt 0.538515806 0.830182612
vt 0.536734879 0.831964195
vt 0.535267591 0.835353315
vt 0.537896872 0.836108804
vt 0.84790802 0.179279253
vt 0.849293053 0.212192878
vt 0.851860106 0.211025894
vt 0.85055244 0.178331941
vt 0.849293053 0.212192878
vt 0.849557281 0.212992698
vt 0.851232708 0.211375341
vt 0.851860106 0.211025894
vt 0.851054728 0.244559824
vt 0.852985203 0.246036813
vt 0.851232708 0.211375341
vt 0.849557281 0.212992698
vt 0.851852655 0.21148777
vt 0.851232708 0.211375341
vt 0.852985203 0.246036813
vt 0.853607416 0.245868325
vt 0.815123856 0.279215515
vt 0.813721895 0.279148489
vt 0.812419295 0.304175019
vt 0.813818276 0.304300964
vt 0.815123856 0.279215515
vt 0.815710783 0.247482017
vt 0.814486027 0.24749054
vt 0.813721895 0.279148489
vt 0.815710783 0.247482017
vt 0.815819025 0.246449709
vt 0.814479828 0.246453255
vt 0.814486027 0.24749054
vt 0.815819025 0.246449709
vt 0.815376163 0.213364899
vt 0.814086199 0.213406503
vt 0.814479828 0.246453255
vt 0.815376163 0.213364899
vt 0.815237343 0.212368488
vt 0.814058423 0.212401092
vt 0.814086199 0.213406503
vt 0.815237343 0.212368488
vt 0.813975632 0.182250559
vt 0.812694788 0.182351738
vt 0.814058423 0.212401092
vt 0.813975632 0.182250559
vt 0.812407076 0.160369694
vt 0.811168671 0.160449654
vt 0.812694788 0.182351738
vt 0.572784781 0.830166817
vt 0.572972834 0.83602494
vt 0.574317575 0.836004317
vt 0.574135363 0.829996347
vt 0.572972834 0.83602494
vt 0.570865035 0.904106796
vt 0.572287083 0.904580832
vt 0.574317575 0.836004317
vt 0.571205437 0.904507875
vt 0.571070552 0.907134652
vt 0.572253704 0.907247126
vt 0.572287083 0.904580832
vt 0.767266572 0.550610662
vt 0.77763778 0.550447524
vt 0.777637303 0.549132288
vt 0.76721704 0.54931438
vt 0.77763778 0.550447524
vt 0.800424159 0.55017966
vt 0.800402045 0.548764467
vt 0.777637303 0.549132288
vt 0.911996484 0.60192579
vt 0.912095547 0.624859869
vt 0.913493395 0.624791086
vt 0.913317263 0.601857781
vt 0.912095547 0.624859869
vt 0.912120879 0.678385556
vt 0.913490534 0.678328633
vt 0.913493395 0.624791086
vt 0.912120879 0.678385556
vt 0.912537575 0.697404027
vt 0.91384536 0.697420657
vt 0.913490534 0.678328633
vt 0.951823831 0.24338755
vt 0.96155411 0.243401155
vt 0.96164912 0.242149085
vt 0.951824546 0.242071092
vt 0.96155411 0.243401155
vt 0.963956654 0.243747219
vt 0.964043081 0.242361143
vt 0.96164912 0.242149085
vt 0.963956654 0.243747219
vt 0.976819396 0.243810222
vt 0.976790071 0.242485315
vt 0.964043081 0.242361143
vt 0.976819396 0.243810222
vt 0.988288283 0.243926957
vt 0.988308012 0.242621318
vt 0.976790071 0.242485315
vt 0.934520245 0.516036391
vt 0.934602499 0.51890415
vt 0.935686409 0.518851221
vt 0.935708523 0.515953362
vt 0.934258819 0.519298255
vt 0.935241759 0.586615205
vt 0.936554968 0.586651862
vt 0.935686409 0.518851221
vt 0.948812425 0.586730897
vt 0.947826147 0.518836319
vt 0.937482238 0.518962562
vt 0.938398838 0.586688459
vt 0.947826147 0.518836319
vt 0.947747409 0.515494704
vt 0.937502146 0.515736043
vt 0.937482238 0.518962562
vt 0.988593459 0.230888367
vt 0.9769786 0.230636269
vt 0.976757944 0.240605801
vt 0.988378942 0.24077116
vt 0.9769786 0.230636269
vt 0.964402199 0.230252445
vt 0.964156866 0.240252629
vt 0.976757944 0.240605801
vt 0.964402199 0.230252445
vt 0.961742103 0.230293408
vt 0.961636126 0.240382567
vt 0.964156866 0.240252629
vt 0.961742103 0.230293408
vt 0.951867998 0.230211541
vt 0.951785088 0.240204021
vt 0.961636126 0.240382567
vt 0.925700188 0.697451115
vt 0.92560029 0.678165436
vt 0.915466249 0.678224802
vt 0.915716171 0.697502792
vt 0.92560029 0.678165436
vt 0.925700188 0.624477625
vt 0.915514648 0.624651849
vt 0.915466249 0.678224802
vt 0.925700188 0.624477625
vt 0.92520982 0.601487398
vt 0.915209949 0.601700723
vt 0.915514648 0.624651849
vt 0.800098121 0.536598027
vt 0.777406096 0.537298679
vt 0.777651489 0.547266662
vt 0.800365627 0.546693623
vt 0.777406096 0.537298679
vt 0.766811252 0.537595034
vt 0.767087281 0.547462821
vt 0.777651489 0.547266662
vt 0.584347427 0.90791291
vt 0.584474504 0.904809773
vt 0.57408011 0.904500663
vt 0.574051917 0.907491267
vt 0.584474504 0.904809773
vt 0.586668909 0.836081088
vt 0.576217175 0.835979879
vt 0.57408011 0.904500663
vt 0.586668909 0.836081088
vt 0.586620688 0.829602122
vt 0.576200724 0.829679668
vt 0.576217175 0.835979879
vt 0.799916208 0.161106125
vt 0.801244438 0.183007285
vt 0.810862005 0.182502016
vt 0.80941534 0.160530046
vt 0.801244438 0.183007285
vt 0.802404583 0.212757185
vt 0.812130094 0.212508023
vt 0.810862005 0.182502016
vt 0.802404583 0.212757185
vt 0.802395999 0.213929713
vt 0.812423646 0.213727817
vt 0.812130094 0.212508023
vt 0.802395999 0.213929713
vt 0.802457571 0.246098384
vt 0.812707841 0.246202439
vt 0.812423646 0.213727817
vt 0.802457571 0.246098384
vt 0.802258193 0.247322068
vt 0.812516391 0.247477204
vt 0.812707841 0.246202439
vt 0.802258193 0.247322068
vt 0.801214755 0.278625846
vt 0.811722279 0.279051036
vt 0.812516391 0.247477204
vt 0.801214755 0.278625846
vt 0.799916208 0.303435534
vt 0.810444653 0.303986639
vt 0.811722279 0.279051036
vt 0.815237343 0.212368488
vt 0.816629469 0.21231398
vt 0.815325677 0.182127193
vt 0.813975632 0.182250559
vt 0.815237343 0.212368488
vt 0.815376163 0.213364899
vt 0.816448033 0.213066027
vt 0.816629469 0.21231398
vt 0.815376163 0.213364899
vt 0.815819025 0.246449709
vt 0.816940129 0.246708587
vt 0.816448033 0.213066027
vt 0.815819025 0.246449709
vt 0.815710783 0.247482017
vt 0.817158282 0.247492328
vt 0.816940129 0.246708587
vt 0.815710783 0.247482017
vt 0.815123856 0.279215515
vt 0.816604733 0.279290378
vt 0.817158282 0.247492328
vt 0.570413947 0.836168408
vt 0.571430504 0.830979824
vt 0.570268273 0.829782963
vt 0.57163161 0.835971057
vt 0.569247723 0.904430151
vt 0.569813788 0.903890967
vt 0.570413947 0.836168408
vt 0.571430504 0.830979824
vt 0.57163161 0.835971057
vt 0.572972834 0.83602494
vt 0.572784781 0.830166817
vt 0.813816786 0.160762772
vt 0.812407076 0.160369694
vt 0.813975632 0.182250559
vt 0.815325677 0.182127193
vt 0.556363821 0.836111844
vt 0.555123985 0.904196084
vt 0.569247723 0.904430151
vt 0.570413947 0.836168408
vt 0.572711408 0.904602587
vt 0.572764993 0.906893969
vt 0.574051917 0.907491267
vt 0.57408011 0.904500663
vt 0.767666519 0.548813403
vt 0.777635634 0.548658669
vt 0.777651489 0.547266662
vt 0.767087281 0.547462821
vt 0.76721704 0.54931438
vt 0.777637303 0.549132288
vt 0.777635634 0.548658669
vt 0.767666519 0.548813403
vt 0.572287083 0.904580832
vt 0.572253704 0.907247126
vt 0.572764993 0.906893969
vt 0.572711408 0.904602587
vt 0.574317575 0.836004317
vt 0.574810684 0.835945487
vt 0.574737012 0.830350101
vt 0.574135363 0.829996347
vt 0.777635634 0.548658669
vt 0.799884379 0.548193872
vt 0.800365627 0.546693623
vt 0.777651489 0.547266662
vt 0.777637303 0.549132288
vt 0.800402045 0.548764467
vt 0.799884379 0.548193872
vt 0.777635634 0.548658669
vt 0.91381532 0.602293313
vt 0.914042652 0.624715626
vt 0.915514648 0.624651849
vt 0.915209949 0.601700723
vt 0.913317263 0.601857781
vt 0.914042652 0.624715626
vt 0.91381532 0.602293313
vt 0.913493395 0.624791086
vt 0.914010704 0.678292513
vt 0.913490534 0.678328633
vt 0.914323032 0.696959794
vt 0.91384536 0.697420657
vt 0.914042652 0.624715626
vt 0.914010704 0.678292513
vt 0.915466249 0.678224802
vt 0.915514648 0.624651849
vt 0.914010704 0.678292513
vt 0.914323032 0.696959794
vt 0.915716171 0.697502792
vt 0.915466249 0.678224802
vt 0.952312708 0.241584957
vt 0.961678565 0.241761655
vt 0.961636126 0.240382567
vt 0.951785088 0.240204021
vt 0.961678565 0.241761655
vt 0.964109123 0.241709247
vt 0.964156866 0.240252629
vt 0.961636126 0.240382567
vt 0.964109123 0.241709247
vt 0.976779699 0.242017508
vt 0.976757944 0.240605801
vt 0.964156866 0.240252629
vt 0.976779699 0.242017508
vt 0.987828195 0.242126226
vt 0.988378942 0.24077116
vt 0.976757944 0.240605801
vt 0.936205983 0.516319335
vt 0.936115324 0.518839777
vt 0.937482238 0.518962562
vt 0.937502146 0.515736043
vt 0.936115324 0.518839777
vt 0.937023163 0.586720049
vt 0.938398838 0.586688459
vt 0.937482238 0.518962562
vt 0.933210671 0.519492388
vt 0.933962703 0.586678803
vt 0.935241759 0.586615205
vt 0.934258819 0.519298255
vt 0.934602499 0.51890415
vt 0.934520245 0.516036391
vt 0.93388021 0.515447915
vt 0.934258819 0.519298255
vt 0.976843238 0.244508684
vt 0.988999367 0.244586989
vt 0.988288283 0.243926957
vt 0.976819396 0.243810222
vt 0.976790071 0.242485315
vt 0.988308012 0.242621318
vt 0.987828195 0.242126226
vt 0.976779699 0.242017508
vt 0.964043081 0.242361143
vt 0.976790071 0.242485315
vt 0.976779699 0.242017508
vt 0.964109123 0.241709247
vt 0.96164912 0.242149085
vt 0.964043081 0.242361143
vt 0.964109123 0.241709247
vt 0.961678565 0.241761655
vt 0.951824546 0.242071092
vt 0.952312708 0.241584957
vt 0.576217175 0.835979879
vt 0.576200724 0.829679668
vt 0.574737012 0.830350101
vt 0.574810684 0.835945487
vt 0.80941534 0.160530046
vt 0.810862005 0.182502016
vt 0.812231481 0.182391688
vt 0.810755789 0.160946935
vt 0.810862005 0.182502016
vt 0.812130094 0.212508023
vt 0.813521028 0.212349787
vt 0.812231481 0.182391688
vt 0.812130094 0.212508023
vt 0.812423646 0.213727817
vt 0.813762784 0.21338287
vt 0.813521028 0.212349787
vt 0.812423646 0.213727817
vt 0.812707841 0.246202439
vt 0.814115226 0.246486828
vt 0.813762784 0.21338287
vt 0.812707841 0.246202439
vt 0.812516391 0.247477204
vt 0.8139413 0.247580275
vt 0.814115226 0.246486828
vt 0.812516391 0.247477204
vt 0.811722279 0.279051036
vt 0.813220501 0.279121488
vt 0.8139413 0.247580275
vt 0.811722279 0.279051036
vt 0.810444653 0.303986639
vt 0.811937511 0.303563952
vt 0.813220501 0.279121488
vt 0.812419295 0.304175019
vt 0.813220501 0.279121488
vt 0.811937511 0.303563952
vt 0.813721895 0.279148489
vt 0.8139413 0.247580275
vt 0.814486027 0.24749054
vt 0.814115226 0.246486828
vt 0.814479828 0.246453255
vt 0.813762784 0.21338287
vt 0.814086199 0.213406503
vt 0.813521028 0.212349787
vt 0.814058423 0.212401092
vt 0.812231481 0.182391688
vt 0.812694788 0.182351738
vt 0.810755789 0.160946935
vt 0.811168671 0.160449654
vt 0.574810684 0.835945487
vt 0.572711408 0.904602587
vt 0.57408011 0.904500663
vt 0.576217175 0.835979879
vt 0.570865035 0.904106796
vt 0.570417881 0.907704532
vt 0.571070552 0.907134652
vt 0.571205437 0.904507875
vt 0.57163161 0.835971057
vt 0.569813788 0.903890967
vt 0.570865035 0.904106796
vt 0.572972834 0.83602494
vt 0.77763778 0.550447524
vt 0.77764976 0.551136613
vt 0.801142752 0.550917983
vt 0.800424159 0.55017966
vt 0.77763778 0.550447524
vt 0.767266572 0.550610662
vt 0.766579032 0.551269114
vt 0.77764976 0.551136613
vt 0.777726352 0.567751169
vt 0.777631581 0.579623163
vt 0.799224138 0.593962669
vt 0.799062967 0.570525646
vt 0.777745128 0.566332579
vt 0.801279545 0.567696869
vt 0.77764976 0.551136613
vt 0.801142752 0.550917983
vt 0.776480377 0.581635833
vt 0.793883443 0.597364247
vt 0.776468992 0.582920194
vt 0.766744435 0.567661226
vt 0.76664257 0.579180241
vt 0.777631581 0.579623163
vt 0.777726352 0.567751169
vt 0.766702414 0.566342294
vt 0.777745128 0.566332579
vt 0.766579032 0.551269114
vt 0.77764976 0.551136613
vt 0.917431295 0.519356787
vt 0.916940749 0.586529911
vt 0.91817522 0.586459935
vt 0.918399572 0.519197285
vt 0.19202058 0.883155704
vt 0.174949184 0.877209663
vt 0.175225303 0.909940362
vt 0.192179069 0.903972745
vt 0.911996484 0.60192579
vt 0.91134733 0.601282239
vt 0.911352098 0.624939442
vt 0.912095547 0.624859869
vt 0.912120879 0.678385556
vt 0.911410689 0.678418875
vt 0.912537575 0.697404027
vt 0.911908865 0.698073804
vt 0.91134733 0.601282239
vt 0.894837081 0.601299822
vt 0.894523621 0.624953449
vt 0.911352098 0.624939442
vt 0.894837081 0.601299822
vt 0.892411292 0.601378322
vt 0.891955733 0.62528187
vt 0.894523621 0.624953449
vt 0.892411292 0.601378322
vt 0.891135991 0.601353347
vt 0.8906672 0.625269473
vt 0.891955733 0.62528187
vt 0.326997668 0.984418571
vt 0.326997668 0.924429417
vt 0.309819609 0.944643617
vt 0.309862852 0.964270771
vt 0.292700946 0.92419368
vt 0.29269433 0.984219849
vt 0.309862852 0.964270771
vt 0.309819609 0.944643617
vt 0.76664257 0.579180241
vt 0.766603172 0.581498444
vt 0.776480377 0.581635833
vt 0.777631581 0.579623163
vt 0.766603172 0.581498444
vt 0.766579032 0.582726538
vt 0.776468992 0.582920194
vt 0.776480377 0.581635833
vt 0.269292533 0.826237917
vt 0.272233486 0.849917054
vt 0.283511847 0.848497391
vt 0.280560136 0.82483238
vt 0.569813788 0.903890967
vt 0.569247723 0.904430151
vt 0.570417881 0.907704532
vt 0.570865035 0.904106796
vt 0.554842412 0.903891921
vt 0.554065287 0.903715611
vt 0.553556979 0.904177964
vt 0.555123985 0.904196084
vt 0.553585529 0.907399416
vt 0.555045366 0.907398522
vt 0.569247723 0.904430151
vt 0.570417881 0.907704532
vt 0.54150033 0.907392144
vt 0.553556979 0.904177964
vt 0.5400877 0.905115247
vt 0.538896501 0.904913008
vt 0.538022697 0.90439105
vt 0.535432518 0.904169738
vt 0.534202099 0.904721677
vt 0.536675096 0.926105678
vt 0.540668249 0.927068293
vt 0.853676736 0.246351197
vt 0.856373727 0.280105859
vt 0.857886374 0.280096233
vt 0.855178654 0.246231124
vt 0.216178074 0.852505028
vt 0.237002 0.877011895
vt 0.280068129 0.871735096
vt 0.272233486 0.849917054
vt 0.271730751 0.845461011
vt 0.278120875 0.8558442
vt 0.283511847 0.848497391
vt 0.284318537 0.855084836
vt 0.0506428033 0.835119903
vt 0.0510532707 0.793397665
vt 0.0496973433 0.793384373
vt 0.0496571809 0.835347295
vt 0.955813169 0.486364961
vt 0.98698318 0.486364961
vt 0.98698318 0.485000491
vt 0.955813169 0.485000521
vt 0.953624487 0.483636022
vt 0.989172876 0.483636022
vt 0.894523621 0.624953449
vt 0.894591093 0.678798676
vt 0.911410689 0.678418875
vt 0.911352098 0.624939442
vt 0.894591093 0.678798676
vt 0.895570874 0.698492765
vt 0.911908865 0.698073804
vt 0.911410689 0.678418875
vt 0.963512897 0.288053364
vt 0.976926029 0.273074448
vt 0.976843238 0.244508684
vt 0.963904321 0.244432226
vt 0.976819396 0.243810222
vt 0.963956654 0.243747219
vt 0.963904321 0.244432226
vt 0.976843238 0.244508684
vt 0.963956654 0.243747219
vt 0.96155411 0.243401155
vt 0.961423576 0.244149879
vt 0.963904321 0.244432226
vt 0.96155411 0.243401155
vt 0.951823831 0.24338755
vt 0.951091707 0.244038135
vt 0.961423576 0.244149879
vt 0.918559074 0.515516996
vt 0.932659328 0.518945694
vt 0.93388021 0.515447915
vt 0.918593049 0.518962681
vt 0.917060792 0.518937528
vt 0.90513736 0.515332043
vt 0.90370512 0.517577887
vt 0.901584208 0.518548012
vt 0.917431295 0.519356787
vt 0.918593049 0.518962681
vt 0.918399572 0.519197285
vt 0.304290563 0.631942511
vt 0.302270502 0.634102285
vt 0.302167594 0.64538753
vt 0.30397746 0.647758663
vt 0.897768557 0.518276036
vt 0.902543902 0.5176754
vt 0.902166367 0.49464798
vt 0.896984339 0.496619314
vt 0.0496973433 0.793384373
vt 0.0471261963 0.793369234
vt 0.047607407 0.836246908
vt 0.0496571809 0.835347295
vt 0.953624725 0.481575996
vt 0.953624487 0.483636022
vt 0.989172876 0.483636022
vt 0.989173055 0.481575996
vt 0.89063412 0.67934376
vt 0.891966403 0.679186523
vt 0.891955733 0.62528187
vt 0.8906672 0.625269473
vt 0.891966403 0.679186523
vt 0.894591093 0.678798676
vt 0.894434988 0.625712335
vt 0.891955733 0.62528187
vt 0.891966403 0.679186523
vt 0.893863678 0.707396448
vt 0.895570874 0.698492765
vt 0.894591093 0.678798676
vt 0.89063412 0.67934376
vt 0.89264977 0.70748347
vt 0.893863678 0.707396448
vt 0.891966403 0.679186523
vt 0.989173055 0.469461232
vt 0.953624725 0.481575996
vt 0.989173055 0.481575996
vt 0.953624666 0.469461262
vt 0.989173055 0.437286347
vt 0.953624666 0.437286347
vt 0.280700773 0.378334194
vt 0.272971362 0.378334194
vt 0.272971332 0.37921983
vt 0.280700326 0.379220694
vt 0.295145988 0.636811912
vt 0.293457061 0.629954219
vt 0.292274952 0.630256891
vt 0.293963879 0.636855066
vt 0.29899314 0.64343369
vt 0.297770947 0.64647758
vt 0.301339418 0.646297455
vt 0.302167594 0.64538753
vt 0.280700326 0.379220694
vt 0.272971332 0.37921983
vt 0.272971332 0.381112278
vt 0.280700773 0.381113142
vt 0.299042046 0.636075974
vt 0.297766596 0.633005083
vt 0.293457061 0.629954219
vt 0.295145988 0.636811912
vt 0.280700773 0.381113142
vt 0.272971332 0.381112278
vt 0.272971153 0.382918268
vt 0.280700952 0.382918388
vt 0.302270502 0.634102285
vt 0.303113133 0.631518424
vt 0.297766596 0.633005083
vt 0.299042046 0.636075974
vt 0.280700952 0.382918388
vt 0.272971153 0.382918268
vt 0.272971362 0.384724259
vt 0.280700356 0.384724379
vt 0.280700356 0.384724379
vt 0.272971362 0.384724259
vt 0.272970617 0.386617869
vt 0.280700386 0.386616409
vt 0.280700386 0.386616409
vt 0.272970617 0.386617869
vt 0.272971302 0.387501866
vt 0.280700743 0.387503684
vt 0.293947786 0.642627299
vt 0.292274952 0.649247587
vt 0.293459892 0.649547815
vt 0.295133799 0.642669618
vt 0.295133799 0.642669618
vt 0.293459892 0.649547815
vt 0.297770947 0.64647758
vt 0.29899314 0.64343369
vt 0.29899314 0.64343369
vt 0.302167594 0.64538753
vt 0.302270502 0.634102285
vt 0.299042046 0.636075974
vt 0.295133799 0.642669618
vt 0.29899314 0.64343369
vt 0.299042046 0.636075974
vt 0.295145988 0.636811912
vt 0.294305146 0.637129068
vt 0.294292003 0.642349422
vt 0.295133799 0.642669618
vt 0.295145988 0.636811912
vt 0.294305146 0.637129068
vt 0.292983949 0.641276121
vt 0.294292003 0.642349422
vt 0.292991698 0.638196468
vt 0.292501509 0.639734626
vt 0.0568970554 0.847113431
vt 0.0359101221 0.845963657
vt 0.0356073603 0.851490498
vt 0.0565942936 0.852640271
vt 0.046305567 0.921295345
vt 0.046256844 0.879230201
vt 0.0350729153 0.879361928
vt 0.0463134311 0.923360884
vt 0.0341661088 0.923407316
vt 0.00171216298 0.922988713
vt 0.0355823636 0.87680918
vt 0.00233805855 0.876463115
vt 0.00174515159 0.793981016
vt 0.0347524881 0.79134953
vt 0.00171216193 0.791865647
vt 0.0357389152 0.836427391
vt 0.0471122488 0.791267514
vt 0.0471261963 0.793369234
vt 0.047607407 0.836246908
vt 0.0359204561 0.839118183
vt 0.00244853669 0.839244783
vt 0.0568970554 0.847113431
vt 0.047607407 0.836246908
vt 0.0357389152 0.836427391
vt 0.0359101221 0.845963657
vt 0.0568970554 0.847113431
vt 0.0506428033 0.835119903
vt 0.0496571809 0.835347295
vt 0.047607407 0.836246908
vt 0.952455521 0.286573499
vt 0.958014309 0.290111423
vt 0.960730135 0.288001955
vt 0.952859461 0.262325317
vt 0.961423576 0.244149879
vt 0.95082581 0.260891914
vt 0.951091707 0.244038135
vt 0.960730135 0.288001955
vt 0.963512897 0.288053364
vt 0.963904321 0.244432226
vt 0.961423576 0.244149879
vt 0.288360357 0.937767267
vt 0.285044849 0.940880954
vt 0.287885129 0.941267312
vt 0.272959232 0.935674846
vt 0.282308549 0.961038351
vt 0.269747287 0.959332347
vt 0.0350729153 0.879361928
vt 0.046256844 0.879230201
vt 0.0533426479 0.869466484
vt 0.0349787883 0.871679425
vt 0.97833091 0.276169002
vt 0.978018284 0.275159538
vt 0.976926029 0.273074448
vt 0.963512897 0.288053364
vt 0.0492265373 0.88008666
vt 0.0533426479 0.869466484
vt 0.046256844 0.879230201
vt 0.0482806079 0.879966259
vt 0.0359204561 0.839118183
vt 0.00244853669 0.839244783
vt 0.00233805855 0.876463115
vt 0.0355823636 0.87680918
vt 0.853607416 0.245868325
vt 0.853136659 0.245982796
vt 0.851365447 0.211430371
vt 0.851852655 0.21148777
vt 0.851852655 0.21148777
vt 0.851365447 0.211430371
vt 0.851860106 0.211025894
vt 0.851232708 0.211375341
vt 0.852985203 0.246036813
vt 0.853676736 0.246351197
vt 0.853136659 0.245982796
vt 0.853607416 0.245868325
vt 0.853136659 0.245982796
vt 0.853676736 0.246351197
vt 0.851860106 0.211025894
vt 0.851365447 0.211430371
vt 0.0344086364 0.587215543
vt 0.00171208929 0.587215543
vt 0.00171209802 0.787843049
vt 0.0344085917 0.787843049
vt 0.272970408 0.198573336
vt 0.305835128 0.198654547
vt 0.305835128 0.132952005
vt 0.294346929 0.132850319
vt 0.273729473 0.00171215378
vt 0.29428044 0.107012674
vt 0.305468827 0.00204633689
vt 0.29428044 0.107012674
vt 0.305423111 0.109067827
vt 0.816538453 0.601282358
vt 0.783841908 0.601282239
vt 0.783841908 0.612246454
vt 0.810088813 0.612246513
vt 0.816538393 0.653376222
vt 0.810088754 0.653376222
vt 0.0376896188 0.590496123
vt 0.0376893543 0.784562588
vt 0.0668886974 0.784562588
vt 0.0668889135 0.59049654
vt 0.340530217 0.37107417
vt 0.339632362 0.19866325
vt 0.309170455 0.198734149
vt 0.31000337 0.371233135
vt 0.339632362 0.19866325
vt 0.339560628 0.132885963
vt 0.309211522 0.13291882
vt 0.309170455 0.198734149
vt 0.340530396 0.503005207
vt 0.340530396 0.437389523
vt 0.307722211 0.437389523
vt 0.307721972 0.503005207
vt 0.340530396 0.437389523
vt 0.307722211 0.378334135
vt 0.307722211 0.437389523
vt 0.316908389 0.378334254
vt 0.340530366 0.378334135
vt 0.340530396 0.503005207
vt 0.307721972 0.503005207
vt 0.307722002 0.56205982
vt 0.316908419 0.56205976
vt 0.340530157 0.56205976
vt 0.0607675537 0.992447138
vt 0.0607675537 0.926831663
vt 0.00171293737 0.926831722
vt 0.00171211816 0.992447793
vt 0.606919646 0.0542069003
vt 0.606919467 0.0476455912
vt 0.597733438 0.047645621
vt 0.597733438 0.0542069562
vt 0.606919467 0.0476455912
vt 0.606919646 0.0296001099
vt 0.597733438 0.0296001378
vt 0.597733438 0.047645621
vt 0.89560461 0.762883902
vt 0.913650811 0.790771246
vt 0.913649976 0.762883484
vt 0.895607233 0.884274542
vt 0.913649976 0.856387079
vt 0.913651466 0.884274483
vt 0.880842209 0.756322622
vt 0.895605922 0.756322622
vt 0.880842686 0.890835822
vt 0.895606339 0.890835822
vt 0.597733438 0.0542069562
vt 0.597733438 0.0689709112
vt 0.606919467 0.0689708516
vt 0.606919646 0.0542069003
vt 0.597733676 0.203485042
vt 0.597733676 0.218248993
vt 0.606919646 0.218248934
vt 0.606919646 0.203485012
vt 0.597733676 0.218248993
vt 0.597733438 0.224810332
vt 0.606920123 0.224810302
vt 0.606919646 0.218248934
vt 0.597733438 0.224810332
vt 0.597733676 0.242854968
vt 0.606920123 0.242854953
vt 0.606920123 0.224810302
vt 0.606920123 0.270742506
vt 0.606920123 0.242854953
vt 0.597733676 0.242854968
vt 0.597733676 0.270742506
vt 0.810088813 0.715471029
vt 0.810088754 0.726015031
vt 0.816538334 0.726015031
vt 0.816538393 0.715471029
vt 0.810088754 0.704927087
vt 0.810088813 0.715471029
vt 0.816538393 0.715471029
vt 0.816538393 0.704927027
vt 0.816538393 0.704927027
vt 0.816538393 0.69477278
vt 0.810088754 0.69477278
vt 0.810088754 0.704927087
vt 0.810088813 0.674074769
vt 0.810088813 0.684618294
vt 0.816538393 0.684618294
vt 0.816538393 0.674074829
vt 0.810088813 0.663530469
vt 0.810088813 0.674074769
vt 0.816538393 0.674074829
vt 0.816538393 0.663530469
vt 0.810088754 0.653376222
vt 0.810088813 0.663530469
vt 0.816538393 0.663530469
vt 0.816538393 0.653376222
vt 0.810088813 0.684618294
vt 0.810088754 0.69477278
vt 0.816538393 0.69477278
vt 0.816538393 0.684618294
vt 0.810088754 0.726015031
vt 0.810088813 0.736170053
vt 0.816538393 0.736170113
vt 0.816538334 0.726015031
vt 0.810088813 0.736170053
vt 0.816538393 0.788024127
vt 0.816538393 0.736170113
vt 0.810088754 0.779013991
vt 0.783841908 0.779014051
vt 0.783841908 0.788024247
vt 0.627445698 0.767930448
vt 0.634015203 0.767924905
vt 0.634005487 0.749900341
vt 0.608979464 0.621911645
vt 0.608935356 0.82250762
vt 0.627444506 0.782695889
vt 0.761958003 0.782863677
vt 0.780417562 0.822704017
vt 0.761959255 0.768106639
vt 0.780417621 0.621650517
vt 0.755072832 0.768042088
vt 0.755253315 0.749996066
vt 0.661867321 0.69083941
vt 0.661835015 0.749768078
vt 0.694692016 0.632891655
vt 0.660823703 0.621829927
vt 0.666655064 0.613518596
vt 0.674811184 0.606839299
vt 0.684486628 0.602653503
vt 0.694546103 0.601282239
vt 0.704609334 0.602621377
vt 0.714296818 0.60677439
vt 0.722473681 0.61342597
vt 0.728331506 0.621715248
vt 0.727433264 0.690906465
vt 0.727333009 0.749946773
vt 0.597733438 0.0689709112
vt 0.597733676 0.203485042
vt 0.606919646 0.203485012
vt 0.606919467 0.0689708516
vt 0.272970408 0.374909908
vt 0.306601167 0.374695927
vt 0.305835128 0.198654547
vt 0.272970408 0.198573336
vt 0.16673705 0.688259065
vt 0.16673781 0.67924881
vt 0.163457319 0.675967932
vt 0.163457319 0.684978127
vt 0.0344086364 0.587215543
vt 0.0344085917 0.787843049
vt 0.0376893543 0.784562588
vt 0.0376896188 0.590496123
vt 0.606919646 0.0296001099
vt 0.606919408 0.00171214633
vt 0.597733438 0.00171217404
vt 0.597733438 0.0296001378
vt 0.305835128 0.132952005
vt 0.305835128 0.198654547
vt 0.309170455 0.198734149
vt 0.309211522 0.13291882
vt 0.305835128 0.198654547
vt 0.306601167 0.374695927
vt 0.31000337 0.371233135
vt 0.340530157 0.627675772
vt 0.340530157 0.56205976
vt 0.316908419 0.56205976
vt 0.316908419 0.627675772
vt 0.955371439 0.685965478
vt 0.955371559 0.60128212
vt 0.929124534 0.60128212
vt 0.929124534 0.685965478
vt 0.338436395 0.795726776
vt 0.311383188 0.792376697
vt 0.307722032 0.796290159
vt 0.334722936 0.792056084
vt 0.338436395 0.795726776
vt 0.338436961 0.631663799
vt 0.334723473 0.635334134
vt 0.334723473 0.635334134
vt 0.307722032 0.631100059
vt 0.311383188 0.635013342
vt 0.334722936 0.792056084
vt 0.333124995 0.79028362
vt 0.312947243 0.790441811
vt 0.311383188 0.792376697
vt 0.333124995 0.79028362
vt 0.333125234 0.637107074
vt 0.31294769 0.636948824
vt 0.312947243 0.790441811
vt 0.333125234 0.637107074
vt 0.334723473 0.635334134
vt 0.311383188 0.635013342
vt 0.31294769 0.636948824
vt 0.957251966 0.0860340223
vt 0.957252026 0.00171210547
vt 0.931005061 0.0017122135
vt 0.931005061 0.0860341266
vt 0.307722032 0.796290159
vt 0.311383188 0.792376697
vt 0.311383188 0.635013342
vt 0.307722032 0.631100059
vt 0.59430927 0.308423311
vt 0.59430927 0.299413115
vt 0.565109909 0.299413115
vt 0.565109968 0.308423311
vt 0.59430927 0.299413115
vt 0.59430927 0.228332981
vt 0.565109909 0.228332981
vt 0.565109909 0.299413115
vt 0.333340496 0.109452628
vt 0.336166382 0.00609111274
vt 0.308773577 0.00534229632
vt 0.306757808 0.107917659
vt 0.565109909 0.00171214284
vt 0.565109909 0.0126763294
vt 0.59430927 0.0126763312
vt 0.59430927 0.00171214412
vt 0.565109909 0.0126763294
vt 0.565109909 0.0833940879
vt 0.59430927 0.0833940357
vt 0.59430927 0.0126763312
vt 0.565109909 0.228332981
vt 0.59430927 0.228332981
vt 0.59430927 0.0833940357
vt 0.565109909 0.0833940879
vt 0.745567739 0.18397826
vt 0.781501174 0.200908393
vt 0.784590662 0.188065901
vt 0.755001903 0.177627251
vt 0.745567739 0.0215026978
vt 0.755150259 0.024797935
vt 0.76282233 0.0235863887
vt 0.752669215 0.0123391598
vt 0.752669215 0.0123391598
vt 0.76282233 0.0235863887
vt 0.762524962 0.0232467391
vt 0.757103503 0.00935132336
vt 0.755150259 0.024797935
vt 0.745567739 0.0215026978
vt 0.745567739 0.18397826
vt 0.753230393 0.155749068
vt 0.755001903 0.177627251
vt 0.756197512 0.157084689
vt 0.745567739 0.18397826
vt 0.784590662 0.188065901
vt 0.756197512 0.157084689
vt 0.755001903 0.177627251
vt 0.761810184 0.154995427
vt 0.790878356 0.183108717
vt 0.76282233 0.0235863887
vt 0.796491861 0.0224453229
vt 0.76282233 0.0235863887
vt 0.794632316 0.0197985005
vt 0.762524962 0.0232467391
vt 0.757103503 0.00935132336
vt 0.762524962 0.0232467391
vt 0.794632316 0.0197985005
vt 0.792290688 0.00177557417
vt 0.792290688 0.00177557417
vt 0.794632316 0.0197985005
vt 0.796491861 0.0224453229
vt 0.796151042 0.00171213935
vt 0.800018489 0.0445560329
vt 0.884599507 0.00171217276
vt 0.799916029 0.00171217276
vt 0.808335543 0.0503828824
vt 0.815021634 0.0585359931
vt 0.819214821 0.068210341
vt 0.820593178 0.0782705992
vt 0.884599864 0.153212875
vt 0.819262147 0.0883375183
vt 0.81511569 0.0980313122
vt 0.808468282 0.106216431
vt 0.800277948 0.153212428
vt 0.800180256 0.11208304
vt 0.311383188 0.792376697
vt 0.312947243 0.790441811
vt 0.31294769 0.636948824
vt 0.311383188 0.635013342
vt 0.76282233 0.0235863887
vt 0.755150259 0.024797935
vt 0.753230393 0.155749068
vt 0.761810184 0.154995427
vt 0.784590662 0.188065901
vt 0.781501174 0.200908393
vt 0.79303956 0.199375421
vt 0.790878356 0.183108717
vt 0.00212279684 0.0658415928
vt 0.00362605066 0.293398708
vt 0.0315085538 0.293240309
vt 0.0313885882 0.262266755
vt 0.0709651709 0.0653976798
vt 0.0722328946 0.262003303
vt 0.00396728655 0.356694818
vt 0.0315085538 0.293240309
vt 0.00362605066 0.293398708
vt 0.031898804 0.343422979
vt 0.0724496692 0.357376844
vt 0.0726661608 0.344219923
vt 0.00171214365 0.583109021
vt 0.0701945797 0.583791256
vt 0.0724496692 0.357376844
vt 0.00396728655 0.356694818
vt 0.0726661608 0.344219923
vt 0.0727046877 0.342712343
vt 0.0327602997 0.342528611
vt 0.031898804 0.343422979
vt 0.0709651709 0.0653976798
vt 0.070554547 0.00171206053
vt 0.00171211828 0.00215597218
vt 0.00212279684 0.0658415928
vt 0.305423111 0.109067827
vt 0.29428044 0.107012674
vt 0.330838472 0.119549476
vt 0.332397491 0.113716118
vt 0.95082587 0.334217906
vt 0.979153097 0.29353565
vt 0.95082587 0.29353568
vt 0.979153097 0.334217906
vt 0.983286738 0.29353565
vt 0.983286738 0.334217906
vt 0.987245798 0.29353568
vt 0.983286738 0.29353565
vt 0.983286738 0.334217906
vt 0.987245798 0.334217906
vt 0.0730813891 0.294845343
vt 0.0731022805 0.292220771
vt 0.0333199315 0.291904211
vt 0.0331805013 0.294522882
vt 0.0331805013 0.294522882
vt 0.0327602997 0.342528611
vt 0.0727046877 0.342712343
vt 0.0730813891 0.294845343
vt 0.951165199 0.215127692
vt 0.980364561 0.156637087
vt 0.951165199 0.156637087
vt 0.980364561 0.159918562
vt 0.991847456 0.159918562
vt 0.991847456 0.215127677
vt 0.305468827 0.00204633689
vt 0.305423111 0.109067827
vt 0.306757808 0.107917659
vt 0.308773577 0.00534229632
vt 0.306757808 0.107917659
vt 0.305423111 0.109067827
vt 0.332397491 0.113716118
vt 0.333340496 0.109452628
vt 0.139960468 0.449025661
vt 0.0765266195 0.449025214
vt 0.0765267238 0.675727069
vt 0.139959797 0.67572695
vt 0.0331805013 0.294522882
vt 0.0333199315 0.291904211
vt 0.0315085538 0.293240309
vt 0.031898804 0.343422979
vt 0.0327602997 0.342528611
vt 0.987881303 0.0382810161
vt 0.987133563 0.03439321
vt 0.986813962 0.0404845029
vt 0.960676312 0.0569213629
vt 0.9870193 0.0302610565
vt 0.960676312 0.00171217276
vt 0.987020135 0.00193390879
vt 0.333124995 0.79028362
vt 0.334722936 0.792056084
vt 0.334723473 0.635334134
vt 0.333125234 0.637107074
vt 0.843661964 0.326477647
vt 0.843661964 0.313354343
vt 0.842022479 0.313354343
vt 0.842022479 0.326477647
vt 0.845300674 0.313354313
vt 0.848661304 0.326477677
vt 0.850249946 0.326070845
vt 0.846889734 0.312947392
vt 0.850249946 0.326070845
vt 0.854635477 0.323667258
vt 0.848328173 0.312159032
vt 0.846889734 0.312947392
vt 0.845300674 0.313354313
vt 0.843661964 0.313354343
vt 0.843661964 0.326477647
vt 0.848661304 0.326477677
vt 0.328435659 0.814033508
vt 0.328435689 0.800910175
vt 0.326795787 0.800910175
vt 0.326795816 0.814033508
vt 0.330075175 0.800910175
vt 0.333435833 0.814033508
vt 0.335024446 0.813626528
vt 0.331664741 0.800503373
vt 0.335024446 0.813626528
vt 0.339410335 0.811223626
vt 0.333104789 0.799714446
vt 0.331664741 0.800503373
vt 0.330075175 0.800910175
vt 0.328435689 0.800910175
vt 0.328435659 0.814033508
vt 0.333435833 0.814033508
vt 0.0619617477 0.898162067
vt 0.0619617701 0.885038733
vt 0.0603213795 0.885038733
vt 0.0603213795 0.898162067
vt 0.0636037514 0.885038733
vt 0.0669627264 0.898162067
vt 0.0685514808 0.897755623
vt 0.065192312 0.884631693
vt 0.0685514808 0.897755623
vt 0.0729370639 0.895352185
vt 0.0666300431 0.88384378
vt 0.065192312 0.884631693
vt 0.0636037514 0.885038733
vt 0.0619617701 0.885038733
vt 0.0619617477 0.898162067
vt 0.0669627264 0.898162067
vt 0.0619616695 0.827190816
vt 0.0619616769 0.814067483
vt 0.0603213497 0.814067483
vt 0.0603213459 0.827190816
vt 0.0636020005 0.814067483
vt 0.0669626668 0.827190816
vt 0.0685516968 0.826783836
vt 0.0651901737 0.813660502
vt 0.0685516968 0.826783836
vt 0.0729375631 0.824379206
vt 0.0666284859 0.812871933
vt 0.0651901737 0.813660502
vt 0.0636020005 0.814067483
vt 0.0619616769 0.814067483
vt 0.0619616695 0.827190816
vt 0.0669626668 0.827190816
vt 0.0619612634 0.844933808
vt 0.0619613305 0.831810474
vt 0.0603214428 0.831810474
vt 0.0603213757 0.844933748
vt 0.0636016652 0.831810474
vt 0.0669606328 0.844933808
vt 0.0685501918 0.844527066
vt 0.0651911572 0.831403553
vt 0.0685501918 0.844527066
vt 0.072936058 0.842124164
vt 0.0666304305 0.830614984
vt 0.0651911572 0.831403553
vt 0.0636016652 0.831810474
vt 0.0619613305 0.831810474
vt 0.0619612634 0.844933808
vt 0.0669606328 0.844933808
vt 0.889664888 0.140941367
vt 0.889664888 0.127818078
vt 0.888024151 0.127818063
vt 0.888024151 0.140941367
vt 0.891305268 0.127818063
vt 0.894665897 0.140941381
vt 0.896255314 0.140534282
vt 0.892893791 0.127410993
vt 0.896255314 0.140534282
vt 0.900639713 0.138130426
vt 0.89433068 0.126623183
vt 0.892893791 0.127410993
vt 0.891305268 0.127818063
vt 0.889664888 0.127818078
vt 0.889664888 0.140941367
vt 0.894665897 0.140941381
vt 0.061962273 0.86267674
vt 0.061962314 0.849553525
vt 0.060321629 0.849553525
vt 0.06032148 0.862676799
vt 0.0636034533 0.849553525
vt 0.066963166 0.862676799
vt 0.0685524419 0.862269938
vt 0.065192014 0.849146366
vt 0.0685524419 0.862269938
vt 0.072937794 0.859866142
vt 0.0666296929 0.848358333
vt 0.065192014 0.849146366
vt 0.0636034533 0.849553525
vt 0.061962314 0.849553525
vt 0.061962273 0.86267674
vt 0.066963166 0.862676799
vt 0.0619608276 0.880419374
vt 0.0619608313 0.8672961
vt 0.0603213422 0.8672961
vt 0.0603213422 0.880419433
vt 0.0635994896 0.8672961
vt 0.0669601485 0.880419433
vt 0.0685492679 0.880012631
vt 0.0651886091 0.866889298
vt 0.0685492679 0.880012631
vt 0.0729346871 0.877608895
vt 0.0666270405 0.866100907
vt 0.0651886091 0.866889298
vt 0.0635994896 0.8672961
vt 0.0619608313 0.8672961
vt 0.0619608276 0.880419374
vt 0.0669601485 0.880419433
vt 0.160028324 0.82848376
vt 0.144062892 0.828433216
vt 0.14338468 0.829096615
vt 0.159963325 0.829872608
vt 0.144062892 0.828433216
vt 0.14406465 0.677453399
vt 0.143384695 0.676789701
vt 0.14338468 0.829096615
vt 0.14406465 0.677453399
vt 0.160033017 0.677380383
vt 0.15996857 0.675968051
vt 0.143384695 0.676789701
vt 0.144062892 0.828433216
vt 0.160028324 0.82848376
vt 0.160033017 0.677380383
vt 0.14406465 0.677453399
vt 0.610346317 0.266876489
vt 0.61034441 0.319405168
vt 0.623360097 0.319405556
vt 0.623362005 0.266876966
vt 0.646521568 0.25397113
vt 0.623423815 0.253861398
vt 0.623362005 0.266876966
vt 0.646459639 0.266986698
vt 0.623362005 0.266876966
vt 0.623360097 0.319405556
vt 0.646459639 0.319515467
vt 0.646459639 0.266986698
vt 0.646459639 0.319515467
vt 0.623360097 0.319405556
vt 0.623298287 0.332421094
vt 0.646397829 0.332531035
vt 0.646459639 0.266986698
vt 0.646459639 0.319515467
vt 0.659475446 0.319515467
vt 0.659475327 0.266986698
vt 0.216036037 0.68351531
vt 0.190900251 0.661230266
vt 0.19241865 0.680768371
vt 0.216288686 0.65989542
vt 0.24129799 0.662125468
vt 0.239604712 0.681116879
vt 0.215792239 0.796222329
vt 0.192418873 0.79859668
vt 0.190824896 0.817367196
vt 0.215543315 0.819466114
vt 0.257337362 0.799595833
vt 0.25764823 0.681164324
vt 0.239604712 0.681116879
vt 0.239160269 0.799111366
vt 0.19241865 0.680768371
vt 0.192418873 0.79859668
vt 0.215792239 0.796222329
vt 0.216036037 0.68351531
vt 0.240326285 0.817930579
vt 0.239160269 0.799111366
vt 0.215792239 0.796222329
vt 0.215543315 0.819466114
vt 0.216036037 0.68351531
vt 0.215792239 0.796222329
vt 0.239160269 0.799111366
vt 0.239604712 0.681116879
vt 0.174467102 0.680768371
vt 0.174467117 0.79859674
vt 0.192418873 0.79859668
vt 0.19241865 0.680768371
vt 0.849440098 0.361790895
vt 0.853206098 0.36556083
vt 0.862649918 0.357646286
vt 0.859595418 0.353278965
vt 0.829753816 0.435211033
vt 0.834901333 0.433831364
vt 0.83275944 0.42169717
vt 0.827450752 0.422161937
vt 0.88353014 0.488934487
vt 0.884905457 0.483785748
vt 0.8733235 0.479581058
vt 0.871075153 0.484412163
vt 0.875114799 0.849394262
vt 0.869967461 0.848013937
vt 0.865751088 0.859591305
vt 0.8705796 0.861845016
vt 0.859595418 0.353278965
vt 0.862649918 0.357646286
vt 0.873324037 0.351492852
vt 0.871075869 0.346661627
vt 0.827450752 0.422161937
vt 0.83275944 0.42169717
vt 0.832759678 0.409375638
vt 0.827450752 0.408911198
vt 0.871075153 0.484412163
vt 0.8733235 0.479581058
vt 0.862648785 0.473426849
vt 0.859594345 0.477794051
vt 0.8705796 0.861845016
vt 0.865751088 0.859591305
vt 0.859586596 0.870259762
vt 0.863950789 0.873317838
vt 0.863950551 0.786121011
vt 0.859586656 0.789179325
vt 0.865751326 0.799847782
vt 0.8705796 0.797594011
vt 0.829753757 0.395861655
vt 0.834901154 0.397242099
vt 0.839116991 0.385664523
vt 0.834288478 0.383410692
vt 0.827450752 0.408911198
vt 0.832759678 0.409375638
vt 0.834901154 0.397242099
vt 0.829753757 0.395861655
vt 0.859594345 0.477794051
vt 0.862648785 0.473426849
vt 0.85320586 0.465512514
vt 0.849439502 0.469283015
vt 0.863950789 0.873317838
vt 0.859586596 0.870259762
vt 0.85166204 0.87969476
vt 0.85542804 0.883464813
vt 0.8705796 0.797594011
vt 0.865751326 0.799847782
vt 0.869967043 0.811424673
vt 0.875113487 0.810044467
vt 0.840917408 0.459135801
vt 0.845281661 0.456077367
vt 0.839117646 0.445408821
vt 0.834289134 0.447662324
vt 0.849439502 0.469283015
vt 0.85320586 0.465512514
vt 0.845281661 0.456077367
vt 0.840917408 0.459135801
vt 0.85542804 0.883464813
vt 0.85166204 0.87969476
vt 0.842219591 0.887609422
vt 0.845272541 0.891976178
vt 0.875113487 0.810044467
vt 0.869967043 0.811424673
vt 0.872108817 0.823559105
vt 0.877416492 0.823093891
vt 0.821336865 0.756322622
vt 0.819962502 0.761471629
vt 0.831543922 0.76567626
vt 0.833792746 0.760845184
vt 0.834288478 0.383410692
vt 0.839116991 0.385664523
vt 0.845281303 0.374996185
vt 0.840917885 0.371937662
vt 0.896581948 0.491223603
vt 0.897040427 0.485913962
vt 0.884905457 0.483785748
vt 0.88353014 0.488934487
vt 0.845272541 0.891976178
vt 0.842219591 0.887609422
vt 0.831543922 0.893762887
vt 0.833792925 0.89859432
vt 0.877416492 0.823093891
vt 0.872108817 0.823559105
vt 0.872108817 0.83588016
vt 0.877417803 0.836344838
vt 0.833792746 0.760845184
vt 0.831543922 0.76567626
vt 0.842219353 0.771829844
vt 0.845272779 0.767462492
vt 0.840917885 0.371937662
vt 0.845281303 0.374996185
vt 0.853206098 0.36556083
vt 0.849440098 0.361790895
vt 0.834289134 0.447662324
vt 0.839117646 0.445408821
vt 0.834901333 0.433831364
vt 0.829753816 0.435211033
vt 0.833792925 0.89859432
vt 0.831543922 0.893762887
vt 0.819962502 0.897967637
vt 0.821338177 0.903116167
vt 0.877417803 0.836344838
vt 0.872108817 0.83588016
vt 0.869967461 0.848013937
vt 0.875114799 0.849394262
vt 0.845272779 0.767462492
vt 0.842219353 0.771829844
vt 0.85166204 0.779744387
vt 0.855428696 0.775974333
vt 0.883530438 0.342139393
vt 0.884905219 0.347287953
vt 0.897040963 0.345159829
vt 0.896581292 0.339850605
vt 0.83987987 0.875228286
vt 0.842219591 0.887609422
vt 0.843341351 0.883816659
vt 0.842248619 0.878052831
vt 0.842219591 0.887609422
vt 0.85166204 0.87969476
vt 0.847731709 0.880136728
vt 0.843341351 0.883816659
vt 0.85166204 0.87969476
vt 0.83987987 0.875228286
vt 0.842248619 0.878052831
vt 0.847731709 0.880136728
vt 0.865751088 0.859591305
vt 0.853151679 0.859426141
vt 0.85634315 0.861270607
vt 0.862209201 0.861351311
vt 0.853151679 0.859426141
vt 0.859586596 0.870259762
vt 0.859342813 0.866312206
vt 0.85634315 0.861270607
vt 0.859586596 0.870259762
vt 0.865751088 0.859591305
vt 0.862209201 0.861351311
vt 0.859342813 0.866312206
vt 0.85166204 0.87969476
vt 0.859586596 0.870259762
vt 0.855884194 0.871311069
vt 0.852058113 0.875866294
vt 0.859586596 0.870259762
vt 0.846703887 0.86748457
vt 0.849651098 0.869960427
vt 0.855884194 0.871311069
vt 0.846703887 0.86748457
vt 0.85166204 0.87969476
vt 0.852058113 0.875866294
vt 0.849651098 0.869960427
vt 0.873324037 0.351492852
vt 0.862649918 0.357646286
vt 0.866496027 0.357923061
vt 0.871635854 0.354960233
vt 0.862649918 0.357646286
vt 0.873778641 0.364618301
vt 0.871863186 0.361294001
vt 0.866496027 0.357923061
vt 0.873778641 0.364618301
vt 0.873324037 0.351492852
vt 0.871635854 0.354960233
vt 0.871863186 0.361294001
vt 0.884905457 0.483785748
vt 0.897040427 0.485913962
vt 0.894268394 0.483233809
vt 0.888424456 0.482209027
vt 0.897040427 0.485913962
vt 0.892976642 0.473425537
vt 0.892314017 0.477204651
vt 0.894268394 0.483233809
vt 0.892976642 0.473425537
vt 0.884905457 0.483785748
vt 0.888424456 0.482209027
vt 0.892314017 0.477204651
vt 0.842219353 0.771829844
vt 0.831543922 0.76567626
vt 0.833231926 0.769143641
vt 0.838371873 0.772106647
vt 0.831543922 0.76567626
vt 0.831089497 0.778801858
vt 0.833005428 0.775477767
vt 0.833231926 0.769143641
vt 0.831089497 0.778801858
vt 0.842219353 0.771829844
vt 0.838371873 0.772106647
vt 0.833005428 0.775477767
vt 0.869967043 0.811424673
vt 0.865751326 0.799847782
vt 0.864813685 0.803588629
vt 0.866843402 0.809162855
vt 0.865751326 0.799847782
vt 0.856960773 0.809605241
vt 0.860565782 0.808292389
vt 0.864813685 0.803588629
vt 0.856960773 0.809605241
vt 0.869967043 0.811424673
vt 0.866843402 0.809162855
vt 0.860565782 0.808292389
vt 0.845281661 0.456077367
vt 0.85320586 0.465512514
vt 0.852805972 0.461676598
vt 0.8489905 0.457133412
vt 0.85320586 0.465512514
vt 0.858125925 0.453335494
vt 0.855187833 0.455802888
vt 0.852805972 0.461676598
vt 0.858125925 0.453335494
vt 0.845281661 0.456077367
vt 0.8489905 0.457133412
vt 0.855187833 0.455802888
vt 0.865751088 0.859591305
vt 0.869967461 0.848013937
vt 0.866843402 0.850275755
vt 0.864813268 0.855850279
vt 0.869967461 0.848013937
vt 0.856960773 0.84983325
vt 0.86056596 0.851146519
vt 0.866843402 0.850275755
vt 0.856960773 0.84983325
vt 0.865751088 0.859591305
vt 0.864813268 0.855850279
vt 0.86056596 0.851146519
vt 0.832759678 0.409375638
vt 0.83275944 0.42169717
vt 0.834920704 0.418502629
vt 0.834921002 0.412570179
vt 0.83275944 0.42169717
vt 0.844358623 0.415536612
vt 0.840521574 0.415536851
vt 0.834920704 0.418502629
vt 0.844358623 0.415536612
vt 0.832759678 0.409375638
vt 0.834921002 0.412570179
vt 0.840521574 0.415536851
vt 0.853206098 0.36556083
vt 0.845281303 0.374996185
vt 0.848991334 0.373939842
vt 0.852806985 0.369396329
vt 0.845281303 0.374996185
vt 0.858125448 0.377737969
vt 0.855187476 0.375270367
vt 0.848991334 0.373939842
vt 0.858125448 0.377737969
vt 0.853206098 0.36556083
vt 0.852806985 0.369396329
vt 0.855187476 0.375270367
vt 0.831543922 0.893762887
vt 0.842219591 0.887609422
vt 0.838372707 0.887332499
vt 0.83323282 0.890295029
vt 0.842219591 0.887609422
vt 0.831089497 0.880637407
vt 0.833006501 0.883961141
vt 0.838372707 0.887332499
vt 0.831089497 0.880637407
vt 0.831543922 0.893762887
vt 0.83323282 0.890295029
vt 0.833006501 0.883961141
vt 0.897040963 0.345159829
vt 0.884905219 0.347287953
vt 0.888424575 0.348864883
vt 0.894268394 0.347839773
vt 0.884905219 0.347287953
vt 0.89297688 0.357647926
vt 0.892313957 0.35386914
vt 0.888424575 0.348864883
vt 0.89297688 0.357647926
vt 0.897040963 0.345159829
vt 0.894268394 0.347839773
vt 0.892313957 0.35386914
vt 0.862648785 0.473426849
vt 0.8733235 0.479581058
vt 0.871635377 0.476113141
vt 0.866496027 0.473150283
vt 0.8733235 0.479581058
vt 0.873778045 0.466455281
vt 0.871862173 0.469779134
vt 0.871635377 0.476113141
vt 0.873778045 0.466455281
vt 0.862648785 0.473426849
vt 0.866496027 0.473150283
vt 0.871862173 0.469779134
vt 0.859586656 0.789179325
vt 0.85166204 0.779744387
vt 0.85206157 0.783579767
vt 0.855877638 0.78812319
vt 0.85166204 0.779744387
vt 0.84674257 0.79192096
vt 0.849680185 0.789453387
vt 0.85206157 0.783579767
vt 0.84674257 0.79192096
vt 0.859586656 0.789179325
vt 0.855877638 0.78812319
vt 0.849680185 0.789453387
vt 0.834901333 0.433831364
vt 0.839117646 0.445408821
vt 0.840055168 0.441667914
vt 0.838024378 0.436092734
vt 0.839117646 0.445408821
vt 0.847907722 0.435650587
vt 0.844302535 0.436963618
vt 0.840055168 0.441667914
vt 0.847907722 0.435650587
vt 0.834901333 0.433831364
vt 0.838024378 0.436092734
vt 0.844302535 0.436963618
vt 0.872108817 0.83588016
vt 0.872108817 0.823559105
vt 0.869946957 0.826752841
vt 0.869947791 0.832685649
vt 0.872108817 0.823559105
vt 0.860509634 0.829719663
vt 0.864346206 0.829719067
vt 0.869946957 0.826752841
vt 0.860509634 0.829719663
vt 0.872108817 0.83588016
vt 0.869947791 0.832685649
vt 0.864346206 0.829719067
vt 0.839116991 0.385664523
vt 0.834901154 0.397242099
vt 0.838024616 0.394979954
vt 0.840055048 0.389405191
vt 0.834901154 0.397242099
vt 0.847907901 0.395422339
vt 0.844301999 0.394109488
vt 0.838024616 0.394979954
vt 0.847907901 0.395422339
vt 0.839116991 0.385664523
vt 0.840055048 0.389405191
vt 0.844301999 0.394109488
vt 0.83275944 0.42169717
vt 0.834901333 0.433831364
vt 0.836480796 0.430205494
vt 0.835485458 0.424562901
vt 0.834901333 0.433831364
vt 0.844654977 0.425853997
vt 0.841024756 0.426494539
vt 0.836480796 0.430205494
vt 0.844654977 0.425853997
vt 0.83275944 0.42169717
vt 0.835485458 0.424562901
vt 0.841024756 0.426494539
vt 0.869967461 0.848013937
vt 0.872108817 0.83588016
vt 0.869383335 0.838745356
vt 0.868387163 0.844388306
vt 0.872108817 0.83588016
vt 0.860213161 0.840036929
vt 0.863843322 0.840677679
vt 0.869383335 0.838745356
vt 0.860213161 0.840036929
vt 0.869967461 0.848013937
vt 0.868387163 0.844388306
vt 0.863843322 0.840677679
vt 0.865751326 0.799847782
vt 0.859586656 0.789179325
vt 0.859342635 0.793126523
vt 0.862209201 0.798087776
vt 0.859586656 0.789179325
vt 0.853151023 0.800012469
vt 0.856342494 0.798168123
vt 0.859342635 0.793126523
vt 0.853151023 0.800012469
vt 0.865751326 0.799847782
vt 0.862209201 0.798087776
vt 0.856342494 0.798168123
vt 0.845281303 0.374996185
vt 0.839116991 0.385664523
vt 0.842658699 0.383904845
vt 0.84552604 0.378943205
vt 0.839116991 0.385664523
vt 0.851717293 0.385828823
vt 0.848525286 0.383985221
vt 0.842658699 0.383904845
vt 0.851717293 0.385828823
vt 0.845281303 0.374996185
vt 0.84552604 0.378943205
vt 0.848525286 0.383985221
vt 0.884905219 0.347287953
vt 0.873324037 0.351492852
vt 0.877168298 0.352422923
vt 0.882552803 0.350467712
vt 0.873324037 0.351492852
vt 0.882866085 0.359722078
vt 0.881607413 0.356257528
vt 0.877168298 0.352422923
vt 0.882866085 0.359722078
vt 0.884905219 0.347287953
vt 0.882552803 0.350467712
vt 0.881607413 0.356257528
vt 0.8733235 0.479581058
vt 0.884905457 0.483785748
vt 0.882553875 0.480606169
vt 0.877167642 0.47865063
vt 0.884905457 0.483785748
vt 0.882865787 0.471351385
vt 0.881607354 0.474816144
vt 0.882553875 0.480606169
vt 0.882865787 0.471351385
vt 0.8733235 0.479581058
vt 0.877167642 0.47865063
vt 0.881607354 0.474816144
vt 0.85166204 0.779744387
vt 0.842219353 0.771829844
vt 0.843340456 0.775621951
vt 0.847731709 0.779302657
vt 0.842219353 0.771829844
vt 0.839879215 0.784210801
vt 0.84224838 0.781386316
vt 0.843340456 0.775621951
vt 0.839879215 0.784210801
vt 0.85166204 0.779744387
vt 0.847731709 0.779302657
vt 0.84224838 0.781386316
vt 0.839117646 0.445408821
vt 0.845281661 0.456077367
vt 0.845525444 0.452129483
vt 0.842659414 0.447168618
vt 0.845281661 0.456077367
vt 0.851717353 0.445243895
vt 0.848525167 0.447088122
vt 0.845525444 0.452129483
vt 0.851717353 0.445243895
vt 0.839117646 0.445408821
vt 0.842659414 0.447168618
vt 0.848525167 0.447088122
vt 0.872108817 0.823559105
vt 0.869967043 0.811424673
vt 0.868387163 0.815050423
vt 0.869382858 0.820693016
vt 0.869967043 0.811424673
vt 0.860212922 0.819402039
vt 0.863843083 0.818761408
vt 0.868387163 0.815050423
vt 0.860212922 0.819402039
vt 0.872108817 0.823559105
vt 0.869382858 0.820693016
vt 0.863843083 0.818761408
vt 0.834901154 0.397242099
vt 0.832759678 0.409375638
vt 0.835485339 0.406509787
vt 0.836481094 0.40086785
vt 0.832759678 0.409375638
vt 0.844655216 0.405219138
vt 0.841025412 0.404578388
vt 0.835485339 0.406509787
vt 0.844655216 0.405219138
vt 0.834901154 0.397242099
vt 0.836481094 0.40086785
vt 0.841025412 0.404578388
vt 0.819962502 0.897967637
vt 0.831543922 0.893762887
vt 0.827700555 0.892832696
vt 0.822315097 0.894787967
vt 0.831543922 0.893762887
vt 0.82200247 0.885533273
vt 0.823260605 0.888998151
vt 0.827700555 0.892832696
vt 0.82200247 0.885533273
vt 0.819962502 0.897967637
vt 0.822315097 0.894787967
vt 0.823260605 0.888998151
vt 0.862649918 0.357646286
vt 0.853206098 0.36556083
vt 0.857136309 0.365119219
vt 0.861527503 0.361439168
vt 0.853206098 0.36556083
vt 0.864987969 0.370027989
vt 0.862620056 0.367202878
vt 0.857136309 0.365119219
vt 0.864987969 0.370027989
vt 0.862649918 0.357646286
vt 0.861527503 0.361439168
vt 0.862620056 0.367202878
vt 0.831543922 0.76567626
vt 0.819962502 0.761471629
vt 0.82231468 0.764651299
vt 0.827700138 0.76660651
vt 0.819962502 0.761471629
vt 0.822002947 0.773905993
vt 0.823260605 0.770440996
vt 0.82231468 0.764651299
vt 0.822002947 0.773905993
vt 0.831543922 0.76567626
vt 0.827700138 0.76660651
vt 0.823260605 0.770440996
vt 0.85320586 0.465512514
vt 0.862648785 0.473426849
vt 0.861526847 0.469634175
vt 0.85713619 0.465954036
vt 0.862648785 0.473426849
vt 0.864988208 0.461045563
vt 0.862619877 0.463870585
vt 0.861526847 0.469634175
vt 0.864988208 0.461045563
vt 0.85320586 0.465512514
vt 0.85713619 0.465954036
vt 0.862619877 0.463870585
vt 0.871075869 0.346661627
vt 0.873324037 0.351492852
vt 0.884905219 0.347287953
vt 0.883530438 0.342139393
vt 0.402022034 0.169083282
vt 0.456862062 0.169065148
vt 0.456114054 0.15012525
vt 0.401516885 0.154000267
vt 0.368697524 0.169076666
vt 0.368415922 0.182066798
vt 0.401526093 0.184168369
vt 0.402022034 0.169083282
vt 0.343954682 0.0701804757
vt 0.349435747 0.0818516538
vt 0.378696442 0.0689127594
vt 0.372259885 0.0564726628
vt 0.48372066 0.0591367781
vt 0.474361032 0.0389443338
vt 0.432452917 0.0606444143
vt 0.439707339 0.0773536414
vt 0.505747914 0.16901578
vt 0.456862062 0.169065148
vt 0.45614025 0.188014343
vt 0.504710615 0.191746339
vt 0.497520059 0.236330926
vt 0.45054847 0.225285754
vt 0.445748687 0.243320525
vt 0.49142307 0.257945806
vt 0.474419028 0.299150258
vt 0.48375383 0.278937221
vt 0.43971312 0.260776162
vt 0.432473093 0.277498007
vt 0.497471511 0.101715922
vt 0.450531691 0.112857059
vt 0.454028994 0.131338254
vt 0.501954079 0.123814307
vt 0.49142307 0.257945806
vt 0.445748687 0.243320525
vt 0.43971312 0.260776162
vt 0.48375383 0.278937221
vt 0.463227242 0.0197069924
vt 0.424068719 0.0449066237
vt 0.432452917 0.0606444143
vt 0.474361032 0.0389443338
vt 0.501954079 0.123814307
vt 0.454028994 0.131338254
vt 0.456114054 0.15012525
vt 0.504664958 0.146288455
vt 0.414737552 0.030376913
vt 0.424068719 0.0449066237
vt 0.463227242 0.0197069924
vt 0.450323224 0.00171208323
vt 0.463307142 0.318408728
vt 0.424103498 0.293256223
vt 0.414786696 0.307794988
vt 0.450421393 0.336426347
vt 0.48372066 0.0591367781
vt 0.439707339 0.0773536414
vt 0.445756286 0.0948151276
vt 0.491421074 0.0801131576
vt 0.504664958 0.146288455
vt 0.456114054 0.15012525
vt 0.456862062 0.169065148
vt 0.505747914 0.16901578
vt 0.365276337 0.207610548
vt 0.397542953 0.213917255
vt 0.400028795 0.199143961
vt 0.367275506 0.194920704
vt 0.501955509 0.214224294
vt 0.454025686 0.206801385
vt 0.45054847 0.225285754
vt 0.497520059 0.236330926
vt 0.504710615 0.191746339
vt 0.45614025 0.188014343
vt 0.454025686 0.206801385
vt 0.501955509 0.214224294
vt 0.491421074 0.0801131576
vt 0.445756286 0.0948151276
vt 0.450531691 0.112857059
vt 0.497471511 0.101715922
vt 0.362440228 0.220110998
vt 0.394104123 0.228398576
vt 0.397542953 0.213917255
vt 0.365276337 0.207610548
vt 0.378696442 0.0689127594
vt 0.384568423 0.0820027739
vt 0.432452917 0.0606444143
vt 0.424068719 0.0449066237
vt 0.400017232 0.139018625
vt 0.401516885 0.154000267
vt 0.456114054 0.15012525
vt 0.454028994 0.131338254
vt 0.378728837 0.269278586
vt 0.424103498 0.293256223
vt 0.432473093 0.277498007
vt 0.384604931 0.256164283
vt 0.367258459 0.14323853
vt 0.400017232 0.139018625
vt 0.397525489 0.124240741
vt 0.365262389 0.130553216
vt 0.687332153 0.562435687
vt 0.687822163 0.548529863
vt 0.675625741 0.548129022
vt 0.675137997 0.56197691
vt 0.689389706 0.46505779
vt 0.677187145 0.465000749
vt 0.677089632 0.478858501
vt 0.689291835 0.478972524
vt 0.687332153 0.339850605
vt 0.675137877 0.340307832
vt 0.675625384 0.354157478
vt 0.687821627 0.353757054
vt 0.688246012 0.367665678
vt 0.6760481 0.368008882
vt 0.676405728 0.381862015
vt 0.68860513 0.381575406
vt 0.689291418 0.423313737
vt 0.689127803 0.409400523
vt 0.676926315 0.409572452
vt 0.677089036 0.423428446
vt 0.689422071 0.451142818
vt 0.689389527 0.437228948
vt 0.677186608 0.437285304
vt 0.677219391 0.451143235
vt 0.688900471 0.506798983
vt 0.676699758 0.50657022
vt 0.676407039 0.520424724
vt 0.688606441 0.520711303
vt 0.688899279 0.395487756
vt 0.676698565 0.395716697
vt 0.676926315 0.409572452
vt 0.689127803 0.409400523
vt 0.688246965 0.534621239
vt 0.676048994 0.53427738
vt 0.675625741 0.548129022
vt 0.687822163 0.548529863
vt 0.687821627 0.353757054
vt 0.675625384 0.354157478
vt 0.6760481 0.368008882
vt 0.688246012 0.367665678
vt 0.689389527 0.437228948
vt 0.689291418 0.423313737
vt 0.677089036 0.423428446
vt 0.677186608 0.437285304
vt 0.68860513 0.381575406
vt 0.676405728 0.381862015
vt 0.676698565 0.395716697
vt 0.688899279 0.395487756
vt 0.689422071 0.451142818
vt 0.677219391 0.451143235
vt 0.677187145 0.465000749
vt 0.689389706 0.46505779
vt 0.689128995 0.492886394
vt 0.676927388 0.49271512
vt 0.676699758 0.50657022
vt 0.688900471 0.506798983
vt 0.688606441 0.520711303
vt 0.676407039 0.520424724
vt 0.676048994 0.53427738
vt 0.688246965 0.534621239
vt 0.394104123 0.228398576
vt 0.445748687 0.243320525
vt 0.45054847 0.225285754
vt 0.397542953 0.213917255
vt 0.384568423 0.0820027739
vt 0.389732838 0.0956467986
vt 0.439707339 0.0773536414
vt 0.432452917 0.0606444143
vt 0.400028795 0.199143961
vt 0.454025686 0.206801385
vt 0.45614025 0.188014343
vt 0.401526093 0.184168369
vt 0.372297376 0.281726927
vt 0.414786696 0.307794988
vt 0.424103498 0.293256223
vt 0.378728837 0.269278586
vt 0.394104123 0.228398576
vt 0.389763057 0.24250403
vt 0.43971312 0.260776162
vt 0.445748687 0.243320525
vt 0.354430228 0.244468749
vt 0.349434674 0.256333798
vt 0.378728837 0.269278586
vt 0.384604931 0.256164283
vt 0.343954653 0.268034905
vt 0.372297376 0.281726927
vt 0.378728837 0.269278586
vt 0.349434674 0.256333798
vt 0.397542953 0.213917255
vt 0.45054847 0.225285754
vt 0.454025686 0.206801385
vt 0.400028795 0.199143961
vt 0.384604931 0.256164283
vt 0.432473093 0.277498007
vt 0.43971312 0.260776162
vt 0.389763057 0.24250403
vt 0.358791858 0.105778053
vt 0.389732838 0.0956467986
vt 0.384568423 0.0820027739
vt 0.354428798 0.0937121734
vt 0.689291835 0.478972524
vt 0.677089632 0.478858501
vt 0.676927388 0.49271512
vt 0.689128995 0.492886394
vt 0.400017232 0.139018625
vt 0.454028994 0.131338254
vt 0.450531691 0.112857059
vt 0.397525489 0.124240741
vt 0.354430228 0.244468749
vt 0.384604931 0.256164283
vt 0.389763057 0.24250403
vt 0.358798176 0.232396916
vt 0.394079179 0.109754935
vt 0.445756286 0.0948151276
vt 0.439707339 0.0773536414
vt 0.389732838 0.0956467986
vt 0.378696442 0.0689127594
vt 0.424068719 0.0449066237
vt 0.414737552 0.030376913
vt 0.372259885 0.0564726628
vt 0.401526093 0.184168369
vt 0.45614025 0.188014343
vt 0.456862062 0.169065148
vt 0.402022034 0.169083282
vt 0.445756286 0.0948151276
vt 0.394079179 0.109754935
vt 0.397525489 0.124240741
vt 0.450531691 0.112857059
vt 0.368407547 0.156088576
vt 0.401516885 0.154000267
vt 0.400017232 0.139018625
vt 0.367258459 0.14323853
vt 0.362425804 0.118060417
vt 0.394079179 0.109754935
vt 0.389732838 0.0956467986
vt 0.358791858 0.105778053
vt 0.354428798 0.0937121734
vt 0.384568423 0.0820027739
vt 0.378696442 0.0689127594
vt 0.349435747 0.0818516538
vt 0.368415922 0.182066798
vt 0.367275506 0.194920704
vt 0.400028795 0.199143961
vt 0.401526093 0.184168369
vt 0.362440228 0.220110998
vt 0.358798176 0.232396916
vt 0.389763057 0.24250403
vt 0.394104123 0.228398576
vt 0.368697524 0.169076666
vt 0.402022034 0.169083282
vt 0.401516885 0.154000267
vt 0.368407547 0.156088576
vt 0.362425804 0.118060417
vt 0.365262389 0.130553216
vt 0.397525489 0.124240741
vt 0.394079179 0.109754935
vt 0.749146879 0.370660603
vt 0.745121837 0.35979706
vt 0.742240727 0.360945493
vt 0.745893478 0.371688455
vt 0.733158827 0.556918323
vt 0.735689998 0.558550894
vt 0.740722835 0.549046397
vt 0.738064289 0.547760308
vt 0.420092523 0.431804687
vt 0.417915791 0.418033987
vt 0.349248439 0.426268041
vt 0.350611955 0.438705951
vt 0.751279771 0.484161645
vt 0.749536037 0.500212491
vt 0.751551211 0.500513315
vt 0.753469825 0.484372675
vt 0.755897224 0.397882551
vt 0.752811849 0.383118868
vt 0.749024212 0.38403663
vt 0.751571536 0.398595184
vt 0.745103419 0.539237142
vt 0.749104559 0.528396547
vt 0.745860994 0.527371109
vt 0.742226422 0.538096368
vt 0.759536445 0.467442751
vt 0.759994209 0.449549645
vt 0.755022526 0.449554682
vt 0.754633784 0.467207253
vt 0.740735412 0.349980831
vt 0.735691428 0.340469778
vt 0.733160019 0.342105597
vt 0.738077223 0.351275206
vt 0.745121837 0.35979706
vt 0.740735412 0.349980831
vt 0.738077223 0.351275206
vt 0.742240727 0.360945493
vt 0.752781451 0.515976489
vt 0.755870044 0.501222432
vt 0.751551211 0.500513315
vt 0.748999178 0.515055895
vt 0.758167028 0.414247096
vt 0.755897224 0.397882551
vt 0.751571536 0.398595184
vt 0.75347507 0.414737761
vt 0.745893478 0.371688455
vt 0.749024212 0.38403663
vt 0.752811849 0.383118868
vt 0.749146879 0.370660603
vt 0.749104559 0.528396547
vt 0.752781451 0.515976489
vt 0.748999178 0.515055895
vt 0.745860994 0.527371109
vt 0.755870044 0.501222432
vt 0.758159041 0.484850228
vt 0.753469825 0.484372675
vt 0.751551211 0.500513315
vt 0.759994209 0.449549645
vt 0.759553671 0.431648672
vt 0.754647195 0.431898385
vt 0.755022526 0.449554682
vt 0.758159041 0.484850228
vt 0.759536445 0.467442751
vt 0.754633784 0.467207253
vt 0.753469825 0.484372675
vt 0.740722835 0.549046397
vt 0.745103419 0.539237142
vt 0.742226422 0.538096368
vt 0.738064289 0.547760308
vt 0.759553671 0.431648672
vt 0.758167028 0.414247096
vt 0.75347507 0.414737761
vt 0.754647195 0.431898385
vt 0.349245161 0.551446557
vt 0.347637206 0.563854456
vt 0.415305436 0.573103249
vt 0.417916507 0.559677243
vt 0.345846981 0.576240897
vt 0.412315696 0.586097658
vt 0.415305436 0.573103249
vt 0.347637206 0.563854456
vt 0.352432877 0.46369493
vt 0.423067659 0.460072279
vt 0.421827763 0.4458417
vt 0.351684541 0.451179981
vt 0.415312439 0.404606402
vt 0.412311405 0.391611278
vt 0.34584868 0.401477158
vt 0.347640038 0.413860768
vt 0.424078137 0.488856077
vt 0.423832327 0.474434108
vt 0.352837026 0.476252735
vt 0.352887541 0.488854975
vt 0.350608796 0.539006531
vt 0.420101166 0.54590416
vt 0.421813756 0.531868041
vt 0.351680994 0.526531219
vt 0.415312439 0.404606402
vt 0.347640038 0.413860768
vt 0.349248439 0.426268041
vt 0.417915791 0.418033987
vt 0.345846981 0.576240897
vt 0.343954742 0.588613451
vt 0.408981264 0.59855932
vt 0.412315696 0.586097658
vt 0.423832327 0.474434108
vt 0.423067659 0.460072279
vt 0.352432877 0.46369493
vt 0.352837026 0.476252735
vt 0.420092523 0.431804687
vt 0.350611955 0.438705951
vt 0.351684541 0.451179981
vt 0.421827763 0.4458417
vt 0.352835089 0.501458347
vt 0.352429956 0.514015973
vt 0.42306456 0.517637849
vt 0.423821896 0.503278852
vt 0.350608796 0.539006531
vt 0.349245161 0.551446557
vt 0.417916507 0.559677243
vt 0.420101166 0.54590416
vt 0.352835089 0.501458347
vt 0.423821896 0.503278852
vt 0.424078137 0.488856077
vt 0.352887541 0.488854975
vt 0.415312439 0.404606402
vt 0.417915791 0.418033987
vt 0.519168019 0.393731803
vt 0.514208257 0.375424594
vt 0.421827763 0.4458417
vt 0.423067659 0.460072279
vt 0.528752923 0.45028764
vt 0.526448548 0.431230724
vt 0.417915791 0.418033987
vt 0.420092523 0.431804687
vt 0.523232818 0.412343591
vt 0.519168019 0.393731803
vt 0.420092523 0.431804687
vt 0.421827763 0.4458417
vt 0.526448548 0.431230724
vt 0.523232818 0.412343591
vt 0.415305436 0.573103249
vt 0.412315696 0.586097658
vt 0.508330047 0.620211482
vt 0.514202654 0.602272034
vt 0.420101166 0.54590416
vt 0.417916507 0.559677243
vt 0.519183517 0.583913505
vt 0.523264766 0.565261126
vt 0.42306456 0.517637849
vt 0.421813756 0.531868041
vt 0.52642864 0.54639852
vt 0.528753102 0.527322769
vt 0.408971697 0.379152596
vt 0.343954742 0.389105827
vt 0.34584868 0.401477158
vt 0.412311405 0.391611278
vt 0.508330047 0.620211482
vt 0.412315696 0.586097658
vt 0.408981264 0.59855932
vt 0.501489341 0.637791932
vt 0.424078137 0.488856077
vt 0.423821896 0.503278852
vt 0.5302037 0.508108199
vt 0.530777872 0.488803208
vt 0.423832327 0.474434108
vt 0.424078137 0.488856077
vt 0.530777872 0.488803208
vt 0.530222118 0.469501436
vt 0.421813756 0.531868041
vt 0.420101166 0.54590416
vt 0.523264766 0.565261126
vt 0.52642864 0.54639852
vt 0.423067659 0.460072279
vt 0.423832327 0.474434108
vt 0.530222118 0.469501436
vt 0.528752923 0.45028764
vt 0.417916507 0.559677243
vt 0.415305436 0.573103249
vt 0.514202654 0.602272034
vt 0.519183517 0.583913505
vt 0.423821896 0.503278852
vt 0.42306456 0.517637849
vt 0.528753102 0.527322769
vt 0.5302037 0.508108199
vt 0.412311405 0.391611278
vt 0.415312439 0.404606402
vt 0.514208257 0.375424594
vt 0.508305132 0.357425213
vt 0.421813756 0.531868041
vt 0.42306456 0.517637849
vt 0.352429956 0.514015973
vt 0.351680994 0.526531219
vt 0.752344966 0.467098892
vt 0.751279771 0.484161645
vt 0.753469825 0.484372675
vt 0.754633784 0.467207253
vt 0.752701819 0.449549645
vt 0.752344966 0.467098892
vt 0.754633784 0.467207253
vt 0.755022526 0.449554682
vt 0.752359211 0.431997985
vt 0.752701819 0.449549645
vt 0.755022526 0.449554682
vt 0.754647195 0.431898385
vt 0.751287341 0.414940715
vt 0.752359211 0.431997985
vt 0.754647195 0.431898385
vt 0.75347507 0.414737761
vt 0.749555349 0.398894906
vt 0.751287341 0.414940715
vt 0.75347507 0.414737761
vt 0.751571536 0.398595184
vt 0.747255087 0.384425491
vt 0.749555349 0.398894906
vt 0.751571536 0.398595184
vt 0.749024212 0.38403663
vt 0.744372666 0.37214154
vt 0.747255087 0.384425491
vt 0.749024212 0.38403663
vt 0.745893478 0.371688455
vt 0.740897655 0.361466318
vt 0.744372666 0.37214154
vt 0.745893478 0.371688455
vt 0.742240727 0.360945493
vt 0.736847699 0.351868957
vt 0.740897655 0.361466318
vt 0.742240727 0.360945493
vt 0.738077223 0.351275206
vt 0.732088387 0.342984021
vt 0.736847699 0.351868957
vt 0.738077223 0.351275206
vt 0.733160019 0.342105597
vt 0.736836791 0.547164798
vt 0.732088387 0.556041896
vt 0.733158827 0.556918323
vt 0.738064289 0.547760308
vt 0.740883529 0.537579715
vt 0.736836791 0.547164798
vt 0.738064289 0.547760308
vt 0.742226422 0.538096368
vt 0.744343281 0.526921093
vt 0.740883529 0.537579715
vt 0.742226422 0.538096368
vt 0.745860994 0.527371109
vt 0.74723345 0.51466924
vt 0.744343281 0.526921093
vt 0.745860994 0.527371109
vt 0.748999178 0.515055895
vt 0.751551211 0.500513315
vt 0.749536037 0.500212491
vt 0.74723345 0.51466924
vt 0.748999178 0.515055895
vt 0.474419028 0.299150258
vt 0.432473093 0.277498007
vt 0.424103498 0.293256223
vt 0.463307142 0.318408728
vt 0.408971697 0.379152596
vt 0.412311405 0.391611278
vt 0.508305132 0.357425213
vt 0.501451612 0.339850664
vt 0.158132002 0.672543645
vt 0.158539087 0.658578217
vt 0.143789932 0.658177376
vt 0.143384814 0.672085762
vt 0.735689998 0.558550894
vt 0.737524271 0.559168935
vt 0.742404878 0.549865186
vt 0.740722835 0.549046397
vt 0.735691428 0.340469778
vt 0.740735412 0.349980831
vt 0.742423773 0.349170119
vt 0.73752737 0.339850664
vt 0.158891678 0.644609272
vt 0.144141227 0.644266546
vt 0.143789932 0.658177376
vt 0.158539087 0.658578217
vt 0.740735412 0.349980831
vt 0.745121837 0.35979706
vt 0.746955395 0.359058231
vt 0.742423773 0.349170119
vt 0.158891678 0.644609272
vt 0.159189656 0.630641699
vt 0.144438103 0.630355299
vt 0.144141227 0.644266546
vt 0.749146879 0.370660603
vt 0.751214325 0.36997965
vt 0.746955395 0.359058231
vt 0.745121837 0.35979706
vt 0.159433678 0.616671026
vt 0.144680917 0.616441607
vt 0.144438103 0.630355299
vt 0.159189656 0.630641699
vt 0.752811849 0.383118868
vt 0.755217612 0.382534504
vt 0.751214325 0.36997965
vt 0.749146879 0.370660603
vt 0.159623519 0.602700353
vt 0.144870102 0.60252887
vt 0.144680917 0.616441607
vt 0.159433678 0.616671026
vt 0.752811849 0.383118868
vt 0.755897224 0.397882551
vt 0.758647084 0.397417247
vt 0.755217612 0.382534504
vt 0.159623519 0.602700353
vt 0.159759507 0.588729441
vt 0.14500545 0.588614106
vt 0.144870102 0.60252887
vt 0.159841105 0.574757457
vt 0.145086706 0.574699342
vt 0.14500545 0.588614106
vt 0.159759507 0.588729441
vt 0.755897224 0.397882551
vt 0.758167028 0.414247096
vt 0.761150002 0.413933188
vt 0.758647084 0.397417247
vt 0.759553671 0.431648672
vt 0.762670696 0.431486815
vt 0.761150002 0.413933188
vt 0.758167028 0.414247096
vt 0.159868628 0.560785234
vt 0.145114124 0.5607844
vt 0.145086706 0.574699342
vt 0.159841105 0.574757457
vt 0.159868628 0.560785234
vt 0.159841433 0.546812832
vt 0.145087257 0.546870291
vt 0.145114124 0.5607844
vt 0.759994209 0.449549645
vt 0.763154685 0.449550301
vt 0.762670696 0.431486815
vt 0.759553671 0.431648672
vt 0.759994209 0.449549645
vt 0.759536445 0.467442751
vt 0.762651563 0.467615575
vt 0.763154685 0.449550301
vt 0.159841433 0.546812832
vt 0.159760162 0.53284061
vt 0.14500621 0.532955289
vt 0.145087257 0.546870291
vt 0.759536445 0.467442751
vt 0.758159041 0.484850228
vt 0.761140049 0.485175073
vt 0.762651563 0.467615575
vt 0.159760162 0.53284061
vt 0.159624606 0.518869281
vt 0.144871086 0.51904124
vt 0.14500621 0.532955289
vt 0.159434438 0.504898369
vt 0.144681901 0.505127788
vt 0.144871086 0.51904124
vt 0.159624606 0.518869281
vt 0.758159041 0.484850228
vt 0.755870044 0.501222432
vt 0.758618772 0.501689255
vt 0.761140049 0.485175073
vt 0.159190208 0.490928173
vt 0.144438535 0.491214335
vt 0.144681901 0.505127788
vt 0.159434438 0.504898369
vt 0.755870044 0.501222432
vt 0.752781451 0.515976489
vt 0.755187988 0.516555846
vt 0.758618772 0.501689255
vt 0.749104559 0.528396547
vt 0.751165986 0.52907598
vt 0.755187988 0.516555846
vt 0.752781451 0.515976489
vt 0.158891678 0.476959229
vt 0.144141212 0.477303535
vt 0.144438535 0.491214335
vt 0.159190208 0.490928173
vt 0.745103419 0.539237142
vt 0.746928096 0.53998512
vt 0.751165986 0.52907598
vt 0.749104559 0.528396547
vt 0.158538982 0.462991387
vt 0.143789932 0.463392496
vt 0.144141212 0.477303535
vt 0.158891678 0.476959229
vt 0.740722835 0.549046397
vt 0.742404878 0.549865186
vt 0.746928096 0.53998512
vt 0.745103419 0.539237142
vt 0.158538982 0.462991387
vt 0.158132091 0.449025095
vt 0.143384695 0.449483633
vt 0.143789932 0.463392496
vt 0.855428696 0.775974333
vt 0.85166204 0.779744387
vt 0.859586656 0.789179325
vt 0.863950551 0.786121011
vt 0.980279744 0.618721187
vt 0.981761396 0.62640661
vt 0.983774841 0.626097083
vt 0.981997252 0.618382752
vt 0.816538334 0.89360261
vt 0.813153148 0.891866207
vt 0.812585115 0.899754882
vt 0.816007495 0.900125742
vt 0.81615299 0.908726037
vt 0.81253314 0.9087556
vt 0.812591672 0.91716516
vt 0.816088796 0.917297125
vt 0.812591672 0.91716516
vt 0.811874688 0.92527467
vt 0.815188706 0.925519168
vt 0.785227716 0.230249494
vt 0.796370864 0.230249166
vt 0.796342432 0.223769024
vt 0.785200179 0.223866507
vt 0.785116255 0.217483521
vt 0.785200179 0.223866507
vt 0.796342432 0.223769024
vt 0.796257257 0.21728909
vt 0.816007495 0.900125742
vt 0.812585115 0.899754882
vt 0.81253314 0.9087556
vt 0.81615299 0.908726037
vt 0.785200179 0.2366326
vt 0.785115838 0.243016019
vt 0.796257257 0.243210346
vt 0.796342432 0.236729816
vt 0.662936509 0.307650834
vt 0.680191338 0.307827622
vt 0.680043578 0.297075719
vt 0.663161755 0.297028214
vt 0.684642136 0.262712598
vt 0.681706965 0.262458295
vt 0.682091475 0.268906027
vt 0.685083926 0.268678099
vt 0.664247751 0.277305812
vt 0.678739369 0.277102411
vt 0.678291738 0.269297361
vt 0.665063441 0.268888801
vt 0.681418598 0.268998981
vt 0.678291738 0.269297361
vt 0.678739369 0.277102411
vt 0.682352781 0.275804818
vt 0.681255102 0.262447
vt 0.678291738 0.269297361
vt 0.67826432 0.262176901
vt 0.682123482 0.254580379
vt 0.678738177 0.255367547
vt 0.681255102 0.262447
vt 0.662899613 0.318299711
vt 0.68016839 0.318686813
vt 0.680191338 0.307827622
vt 0.662936509 0.307650834
vt 0.663602829 0.286783904
vt 0.679554164 0.286660165
vt 0.678739369 0.277102411
vt 0.664247751 0.277305812
vt 0.684915185 0.319375604
vt 0.68016839 0.318686813
vt 0.679804742 0.328559279
vt 0.684649587 0.330582738
vt 0.662899613 0.328682721
vt 0.679804742 0.328559279
vt 0.68016839 0.318686813
vt 0.662899613 0.318299711
vt 0.663161755 0.297028214
vt 0.680043578 0.297075719
vt 0.679554164 0.286660165
vt 0.663602829 0.286783904
vt 0.690098822 0.296656162
vt 0.685461521 0.297059715
vt 0.685473084 0.308056712
vt 0.690269232 0.308059156
vt 0.6856094 0.31994164
vt 0.69014281 0.319472164
vt 0.686240554 0.330502212
vt 0.690790117 0.328210652
vt 0.665063441 0.268888801
vt 0.678291738 0.269297361
vt 0.67826432 0.262176901
vt 0.665912926 0.261205465
vt 0.682352781 0.275804818
vt 0.678739369 0.277102411
vt 0.679554164 0.286660165
vt 0.68396318 0.28627646
vt 0.68396318 0.28627646
vt 0.680043578 0.297075719
vt 0.684672832 0.297090769
vt 0.678738177 0.255367547
vt 0.666787148 0.253861159
vt 0.665912926 0.261205465
vt 0.67826432 0.262176901
vt 0.689064443 0.285602897
vt 0.68463254 0.286147505
vt 0.685461521 0.297059715
vt 0.690098822 0.296656162
vt 0.686867297 0.275269568
vt 0.68463254 0.286147505
vt 0.682990551 0.275152147
vt 0.685083926 0.268678099
vt 0.682091475 0.268906027
vt 0.684672832 0.297090769
vt 0.680043578 0.297075719
vt 0.680191338 0.307827622
vt 0.684787869 0.308026046
vt 0.685860634 0.256749392
vt 0.683006525 0.254810989
vt 0.681706965 0.262458295
vt 0.684642136 0.262712598
vt 0.681418598 0.268998981
vt 0.682091475 0.268906027
vt 0.681706965 0.262458295
vt 0.681255102 0.262447
vt 0.684787869 0.308026046
vt 0.685473084 0.308056712
vt 0.685461521 0.297059715
vt 0.684672832 0.297090769
vt 0.684787869 0.308026046
vt 0.680191338 0.307827622
vt 0.68016839 0.318686813
vt 0.684915185 0.319375604
vt 0.681255102 0.262447
vt 0.681706965 0.262458295
vt 0.683006525 0.254810989
vt 0.682123482 0.254580379
vt 0.684915185 0.319375604
vt 0.6856094 0.31994164
vt 0.685473084 0.308056712
vt 0.684787869 0.308026046
vt 0.684672832 0.297090769
vt 0.685461521 0.297059715
vt 0.68463254 0.286147505
vt 0.68396318 0.28627646
vt 0.684915185 0.319375604
vt 0.684649587 0.330582738
vt 0.686240554 0.330502212
vt 0.6856094 0.31994164
vt 0.682352781 0.275804818
vt 0.682990551 0.275152147
vt 0.682091475 0.268906027
vt 0.681418598 0.268998981
vt 0.68396318 0.28627646
vt 0.68463254 0.286147505
vt 0.682990551 0.275152147
vt 0.682352781 0.275804818
vt 0.984703124 0.642541289
vt 0.982561588 0.642392397
vt 0.981676042 0.650749028
vt 0.983675063 0.651164889
vt 0.980279744 0.618721187
vt 0.978788197 0.613273859
vt 0.976138234 0.614014387
vt 0.977190614 0.620020926
vt 0.978727221 0.634376407
vt 0.982524693 0.634340882
vt 0.981761396 0.62640661
vt 0.978166759 0.626983821
vt 0.981761396 0.62640661
vt 0.977190614 0.620020926
vt 0.980279744 0.618721187
vt 0.981997252 0.618382752
vt 0.980258346 0.612946451
vt 0.978788197 0.613273859
vt 0.980279744 0.618721187
vt 0.981136084 0.658555984
vt 0.983675063 0.651164889
vt 0.981676042 0.650749028
vt 0.979086697 0.658092618
vt 0.976721525 0.601398051
vt 0.977990866 0.607681453
vt 0.979487479 0.607415259
vt 0.97838974 0.60128206
vt 0.975246906 0.608340502
vt 0.977990866 0.607681453
vt 0.976721525 0.601398051
vt 0.974339068 0.602966428
vt 0.976138234 0.614014387
vt 0.978788197 0.613273859
vt 0.977990866 0.607681453
vt 0.975246906 0.608340502
vt 0.977949381 0.649484515
vt 0.981676042 0.650749028
vt 0.982561588 0.642392397
vt 0.978682339 0.64198035
vt 0.977990866 0.607681453
vt 0.978788197 0.613273859
vt 0.980258346 0.612946451
vt 0.979487479 0.607415259
vt 0.976600885 0.655814886
vt 0.979086697 0.658092618
vt 0.981676042 0.650749028
vt 0.977949381 0.649484515
vt 0.981761396 0.62640661
vt 0.982524693 0.634340882
vt 0.984620631 0.634237766
vt 0.983774841 0.626097083
vt 0.978682339 0.64198035
vt 0.982561588 0.642392397
vt 0.982524693 0.634340882
vt 0.978727221 0.634376407
vt 0.932507277 0.27327764
vt 0.932395577 0.281788111
vt 0.947250187 0.282047302
vt 0.947363555 0.273408681
vt 0.947297454 0.174432397
vt 0.932099342 0.174172327
vt 0.931987166 0.18294242
vt 0.947187066 0.183071092
vt 0.153396055 0.88908118
vt 0.168594256 0.889340699
vt 0.168708563 0.880441725
vt 0.153508738 0.88031131
vt 0.714361787 0.30777508
vt 0.729559958 0.308035523
vt 0.729675591 0.299005687
vt 0.714475811 0.298875988
vt 0.785116255 0.217483521
vt 0.796257257 0.21728909
vt 0.796115696 0.210810304
vt 0.7849769 0.211102054
vt 0.813628912 0.933190823
vt 0.810774088 0.93326813
vt 0.809992909 0.937922359
vt 0.81224519 0.938153982
vt 0.932396412 0.24774617
vt 0.932507813 0.256256729
vt 0.947364151 0.256127298
vt 0.947251081 0.247487187
vt 0.947187543 0.200352401
vt 0.931987703 0.200482547
vt 0.932100117 0.209251925
vt 0.947298169 0.208992675
vt 0.153509006 0.862771034
vt 0.168708891 0.862641037
vt 0.168594703 0.853741467
vt 0.153396502 0.85400188
vt 0.714475572 0.281075567
vt 0.729675353 0.28094545
vt 0.729559422 0.271915555
vt 0.714361429 0.272175908
vt 0.20394659 0.388323069
vt 0.212976813 0.388222963
vt 0.210120693 0.00175606937
vt 0.198234543 0.00188784115
vt 0.932209611 0.2902973
vt 0.947061479 0.290685713
vt 0.947250187 0.282047302
vt 0.932395577 0.281788111
vt 0.947482049 0.165793926
vt 0.932286739 0.165403545
vt 0.932099342 0.174172327
vt 0.947297454 0.174432397
vt 0.153208733 0.897850096
vt 0.168404192 0.898239613
vt 0.168594256 0.889340699
vt 0.153396055 0.88908118
vt 0.714171469 0.316674113
vt 0.729366839 0.317063391
vt 0.729559958 0.308035523
vt 0.714361787 0.30777508
vt 0.222006604 0.388189584
vt 0.23103705 0.388222963
vt 0.233893618 0.00175609672
vt 0.222006828 0.00171215914
vt 0.23103705 0.388222963
vt 0.240066841 0.388323069
vt 0.245779544 0.00188788213
vt 0.233893618 0.00175609672
vt 0.932544708 0.2647672
vt 0.947401643 0.264767677
vt 0.947364151 0.256127298
vt 0.932507813 0.256256729
vt 0.94715029 0.191712126
vt 0.931949973 0.191712558
vt 0.931987703 0.200482547
vt 0.947187543 0.200352401
vt 0.153546467 0.871541083
vt 0.168746904 0.871541083
vt 0.168708891 0.862641037
vt 0.153509006 0.862771034
vt 0.714513659 0.289975584
vt 0.729713976 0.289975315
vt 0.729675353 0.28094545
vt 0.714475572 0.281075567
vt 0.194918334 0.388489932
vt 0.20394659 0.388323069
vt 0.198234543 0.00188784115
vt 0.186348841 0.00210750173
vt 0.784781575 0.255777806
vt 0.795917332 0.256166756
vt 0.796115279 0.249689341
vt 0.7849769 0.24939771
vt 0.931950033 0.298804253
vt 0.946797907 0.299322277
vt 0.947061479 0.290685713
vt 0.932209611 0.2902973
vt 0.947740912 0.157157153
vt 0.932549357 0.156637102
vt 0.932286739 0.165403545
vt 0.947482049 0.165793926
vt 0.152946472 0.906616211
vt 0.168138057 0.907136381
vt 0.168404192 0.898239613
vt 0.153208733 0.897850096
vt 0.713905513 0.325570792
vt 0.729096949 0.32608965
vt 0.729366839 0.317063391
vt 0.714171469 0.316674113
vt 0.186348841 0.00210750173
vt 0.174467072 0.00241493504
vt 0.185890958 0.388723493
vt 0.194918334 0.388489932
vt 0.81208837 0.942697585
vt 0.809850454 0.942845345
vt 0.810998261 0.948582709
vt 0.813113809 0.947061241
vt 0.932507277 0.27327764
vt 0.947363555 0.273408681
vt 0.947401643 0.264767677
vt 0.932544708 0.2647672
vt 0.947187066 0.183071092
vt 0.931987166 0.18294242
vt 0.931949973 0.191712558
vt 0.94715029 0.191712126
vt 0.153508738 0.88031131
vt 0.168708563 0.880441725
vt 0.168746904 0.871541083
vt 0.153546467 0.871541083
vt 0.714475811 0.298875988
vt 0.729675591 0.299005687
vt 0.729713976 0.289975315
vt 0.714513659 0.289975584
vt 0.785200179 0.2366326
vt 0.796342432 0.236729816
vt 0.796370864 0.230249166
vt 0.785227716 0.230249494
vt 0.795917332 0.204332665
vt 0.784781575 0.204721957
vt 0.7849769 0.211102054
vt 0.796115696 0.210810304
vt 0.932396412 0.24774617
vt 0.947251081 0.247487187
vt 0.947062314 0.238847569
vt 0.932210445 0.239238784
vt 0.947298169 0.208992675
vt 0.932100117 0.209251925
vt 0.932287216 0.218020931
vt 0.947482586 0.217632353
vt 0.153396502 0.85400188
vt 0.168594703 0.853741467
vt 0.168404371 0.844842732
vt 0.153209016 0.845232487
vt 0.714361429 0.272175908
vt 0.729559422 0.271915555
vt 0.72936666 0.262887865
vt 0.71417129 0.263277203
vt 0.257663697 0.00210748124
vt 0.249095306 0.388489932
vt 0.258122683 0.388723433
vt 0.26954636 0.00241492828
vt 0.7849769 0.24939771
vt 0.796115279 0.249689341
vt 0.796257257 0.243210346
vt 0.785115838 0.243016019
vt 0.212976813 0.388222963
vt 0.222006604 0.388189584
vt 0.222006828 0.00171215914
vt 0.210120693 0.00175606937
vt 0.946797848 0.230211511
vt 0.931950033 0.230731055
vt 0.932210445 0.239238784
vt 0.947062314 0.238847569
vt 0.932549357 0.226787195
vt 0.947740853 0.226268575
vt 0.947482586 0.217632353
vt 0.932287216 0.218020931
vt 0.168138057 0.835946679
vt 0.152946532 0.836466193
vt 0.153209016 0.845232487
vt 0.168404371 0.844842732
vt 0.72909683 0.253861398
vt 0.713905454 0.25438121
vt 0.71417129 0.263277203
vt 0.72936666 0.262887865
vt 0.81224519 0.938153982
vt 0.809992909 0.937922359
vt 0.809850454 0.942845345
vt 0.81208837 0.942697585
vt 0.977949381 0.649484515
vt 0.959384024 0.647699416
vt 0.958795846 0.654204845
vt 0.976600885 0.655814886
vt 0.974339068 0.602966428
vt 0.958795846 0.604212523
vt 0.959251165 0.609891355
vt 0.975246906 0.608340502
vt 0.978727221 0.634376407
vt 0.960026443 0.634471536
vt 0.95980829 0.641086936
vt 0.978682339 0.64198035
vt 0.976138234 0.614014387
vt 0.959626138 0.615681827
vt 0.959899545 0.621679902
vt 0.977190614 0.620020926
vt 0.978682339 0.64198035
vt 0.95980829 0.641086936
vt 0.959384024 0.647699416
vt 0.977949381 0.649484515
vt 0.978166759 0.626983821
vt 0.960045278 0.627967179
vt 0.960026443 0.634471536
vt 0.978727221 0.634376407
vt 0.975246906 0.608340502
vt 0.959251165 0.609891355
vt 0.959626138 0.615681827
vt 0.976138234 0.614014387
vt 0.977190614 0.620020926
vt 0.959899545 0.621679902
vt 0.960045278 0.627967179
vt 0.978166759 0.626983821
vt 0.815188706 0.925519168
vt 0.811874688 0.92527467
vt 0.810774088 0.93326813
vt 0.813628912 0.933190823
vt 0.982561588 0.642392397
vt 0.984703124 0.642541289
vt 0.984620631 0.634237766
vt 0.982524693 0.634340882
vt 0.823807418 0.316491067
vt 0.823807657 0.322617948
vt 0.828139246 0.326950878
vt 0.834265709 0.326950878
vt 0.828139782 0.31215924
vt 0.838598073 0.322617948
vt 0.834266245 0.31215924
vt 0.838597894 0.316491932
vt 0.933278441 0.8599298
vt 0.934309006 0.865618408
vt 0.93580699 0.865384042
vt 0.934545696 0.859665334
vt 0.549539864 0.629934072
vt 0.543113887 0.340147138
vt 0.534202039 0.340377718
vt 0.542769372 0.630109251
vt 0.563083887 0.62973386
vt 0.569856763 0.629708886
vt 0.569856524 0.339850664
vt 0.560941875 0.339883626
vt 0.596943736 0.630109251
vt 0.60551101 0.340377718
vt 0.596599221 0.340147167
vt 0.590173662 0.629934072
vt 0.569856763 0.629708886
vt 0.576628983 0.62973392
vt 0.578771651 0.339883626
vt 0.569856524 0.339850664
vt 0.549539864 0.629934072
vt 0.556311429 0.629808903
vt 0.552026987 0.33998245
vt 0.543113887 0.340147138
vt 0.576628983 0.62973392
vt 0.583401442 0.629808903
vt 0.587686062 0.33998245
vt 0.578771651 0.339883626
vt 0.583401442 0.629808903
vt 0.590173662 0.629934072
vt 0.596599221 0.340147167
vt 0.587686062 0.33998245
vt 0.797348917 0.93813467
vt 0.807195723 0.937759876
vt 0.807592452 0.931959152
vt 0.796727598 0.93184793
vt 0.79581666 0.91709888
vt 0.808465421 0.917008042
vt 0.808561981 0.908952773
vt 0.795599937 0.909126103
vt 0.812035918 0.908784389
vt 0.808561981 0.908952773
vt 0.808465421 0.917008042
vt 0.811952055 0.917140961
vt 0.811952055 0.917140961
vt 0.808158278 0.924795032
vt 0.811416805 0.925185382
vt 0.798024416 0.943894923
vt 0.807268262 0.943040371
vt 0.807195723 0.937759876
vt 0.797348917 0.93813467
vt 0.796205521 0.924766719
vt 0.808158278 0.924795032
vt 0.808465421 0.917008042
vt 0.79581666 0.91709888
vt 0.809504867 0.942868471
vt 0.807746708 0.948185205
vt 0.810332835 0.948771417
vt 0.807268262 0.943040371
vt 0.809493482 0.937860191
vt 0.807195723 0.937759876
vt 0.809504867 0.942868471
vt 0.810293078 0.932772577
vt 0.807195723 0.937759876
vt 0.807592452 0.931959152
vt 0.798745751 0.949427724
vt 0.807746708 0.948185205
vt 0.807268262 0.943040371
vt 0.798024416 0.943894923
vt 0.812056482 0.900163829
vt 0.808514774 0.900826812
vt 0.808561981 0.908952773
vt 0.812035918 0.908784389
vt 0.796727598 0.93184793
vt 0.807592452 0.931959152
vt 0.808158278 0.924795032
vt 0.796205521 0.924766719
vt 0.795599937 0.909126103
vt 0.808561981 0.908952773
vt 0.808514774 0.900826812
vt 0.795530438 0.901103497
vt 0.808326066 0.893337429
vt 0.795530438 0.89324522
vt 0.795530438 0.901103497
vt 0.808514774 0.900826812
vt 0.812035918 0.908784389
vt 0.81253314 0.9087556
vt 0.812585115 0.899754882
vt 0.812056482 0.900163829
vt 0.811416805 0.925185382
vt 0.808158278 0.924795032
vt 0.807592452 0.931959152
vt 0.810293078 0.932772577
vt 0.809493482 0.937860191
vt 0.809992909 0.937922359
vt 0.810774088 0.93326813
vt 0.810293078 0.932772577
vt 0.812056482 0.900163829
vt 0.812585115 0.899754882
vt 0.813153148 0.891866207
vt 0.811968625 0.891808867
vt 0.811968625 0.891808867
vt 0.808326066 0.893337429
vt 0.808514774 0.900826812
vt 0.812056482 0.900163829
vt 0.809504867 0.942868471
vt 0.809850454 0.942845345
vt 0.809992909 0.937922359
vt 0.809493482 0.937860191
vt 0.810293078 0.932772577
vt 0.810774088 0.93326813
vt 0.811874688 0.92527467
vt 0.811416805 0.925185382
vt 0.809504867 0.942868471
vt 0.810332835 0.948771417
vt 0.810998261 0.948582709
vt 0.809850454 0.942845345
vt 0.811952055 0.917140961
vt 0.812591672 0.91716516
vt 0.81253314 0.9087556
vt 0.812035918 0.908784389
vt 0.811416805 0.925185382
vt 0.811874688 0.92527467
vt 0.812591672 0.91716516
vt 0.811952055 0.917140961
vt 0.936516941 0.877686739
vt 0.934911013 0.877591312
vt 0.93423605 0.883860528
vt 0.935740173 0.884164453
vt 0.933278441 0.8599298
vt 0.932033837 0.855826855
vt 0.930060625 0.856284857
vt 0.930933535 0.860779524
vt 0.932040036 0.871574223
vt 0.934880733 0.871548831
vt 0.934309006 0.865618408
vt 0.931631804 0.86602807
vt 0.934309006 0.865618408
vt 0.930933535 0.860779524
vt 0.933278441 0.8599298
vt 0.934545696 0.859665334
vt 0.933152199 0.855573475
vt 0.932033837 0.855826855
vt 0.933278441 0.8599298
vt 0.933833838 0.889714241
vt 0.935740173 0.884164453
vt 0.93423605 0.883860528
vt 0.932295024 0.889365911
vt 0.930534363 0.846819699
vt 0.931490481 0.851561785
vt 0.932622731 0.851370096
vt 0.931795418 0.846732557
vt 0.929412782 0.852041423
vt 0.931490481 0.851561785
vt 0.930534363 0.846819699
vt 0.928733885 0.848003805
vt 0.930060625 0.856284857
vt 0.932033837 0.855826855
vt 0.931490481 0.851561785
vt 0.929412782 0.852041423
vt 0.93144387 0.882908642
vt 0.93423605 0.883860528
vt 0.934911013 0.877591312
vt 0.932000458 0.87727946
vt 0.931490481 0.851561785
vt 0.932033837 0.855826855
vt 0.933152199 0.855573475
vt 0.932622731 0.851370096
vt 0.930428684 0.887655735
vt 0.932295024 0.889365911
vt 0.93423605 0.883860528
vt 0.93144387 0.882908642
vt 0.934309006 0.865618408
vt 0.934880733 0.871548831
vt 0.93644762 0.871457279
vt 0.93580699 0.865384042
vt 0.932000458 0.87727946
vt 0.934911013 0.877591312
vt 0.934880733 0.871548831
vt 0.932040036 0.871574223
vt 0.816214204 0.549943745
vt 0.80481565 0.549748898
vt 0.804731667 0.556326687
vt 0.816131473 0.556424558
vt 0.303953618 0.586678326
vt 0.292554975 0.586483479
vt 0.292469174 0.593158662
vt 0.303869069 0.593255699
vt 0.292783171 0.555978537
vt 0.304181755 0.556172967
vt 0.304268718 0.54940027
vt 0.292868853 0.549303293
vt 0.816131294 0.56938529
vt 0.804731429 0.56948185
vt 0.80481565 0.576059222
vt 0.816214204 0.575864792
vt 0.3038688 0.606411278
vt 0.292468905 0.606508732
vt 0.292554528 0.613183975
vt 0.303953171 0.612988234
vt 0.292868912 0.535953224
vt 0.304268748 0.53585583
vt 0.304181874 0.52908361
vt 0.29278326 0.52927804
vt 0.816352308 0.54346472
vt 0.80495584 0.543172836
vt 0.80481565 0.549748898
vt 0.816214204 0.549943745
vt 0.304094136 0.580102265
vt 0.292697579 0.579809964
vt 0.292554975 0.586483479
vt 0.303953618 0.586678326
vt 0.292640507 0.562651992
vt 0.304037035 0.56294471
vt 0.304181755 0.556172967
vt 0.292783171 0.555978537
vt 0.816103935 0.562904954
vt 0.804703772 0.562904477
vt 0.804731429 0.56948185
vt 0.816131294 0.56938529
vt 0.303840846 0.599833488
vt 0.292440563 0.599833488
vt 0.292468905 0.606508732
vt 0.3038688 0.606411278
vt 0.292897463 0.542628944
vt 0.304297715 0.542628467
vt 0.304268748 0.53585583
vt 0.292868912 0.535953224
vt 0.816545963 0.536986947
vt 0.805152476 0.536598086
vt 0.80495584 0.543172836
vt 0.816352308 0.54346472
vt 0.304290533 0.573527098
vt 0.292896926 0.573138237
vt 0.292697579 0.579809964
vt 0.304094136 0.580102265
vt 0.292440563 0.569323719
vt 0.3038342 0.569713891
vt 0.304037035 0.56294471
vt 0.292640507 0.562651992
vt 0.816131473 0.556424558
vt 0.804731667 0.556326687
vt 0.804703772 0.562904477
vt 0.816103935 0.562904954
vt 0.303869069 0.593255699
vt 0.292469174 0.593158662
vt 0.292440563 0.599833488
vt 0.303840846 0.599833488
vt 0.292868853 0.549303293
vt 0.304268718 0.54940027
vt 0.304297715 0.542628467
vt 0.292897463 0.542628944
vt 0.816214204 0.575864792
vt 0.80481565 0.576059222
vt 0.804955959 0.582636178
vt 0.816352487 0.582343876
vt 0.303953171 0.612988234
vt 0.292554528 0.613183975
vt 0.292697191 0.619857907
vt 0.304093748 0.619565129
vt 0.29278326 0.52927804
vt 0.304181874 0.52908361
vt 0.304036975 0.522311807
vt 0.292640388 0.522604108
vt 0.805152357 0.589210451
vt 0.816546023 0.58882159
vt 0.816352487 0.582343876
vt 0.804955959 0.582636178
vt 0.292896926 0.626530051
vt 0.304290593 0.626139879
vt 0.304093748 0.619565129
vt 0.292697191 0.619857907
vt 0.3038342 0.515542209
vt 0.292440563 0.515931904
vt 0.292640388 0.522604108
vt 0.304036975 0.522311807
vt 0.556311429 0.629808903
vt 0.563083887 0.62973386
vt 0.560941875 0.339883626
vt 0.552026987 0.33998245
vt 0.93144387 0.882908642
vt 0.917522252 0.881555259
vt 0.917075813 0.886434078
vt 0.930428684 0.887655735
vt 0.928733885 0.848003805
vt 0.917075813 0.84895128
vt 0.917421877 0.853211045
vt 0.929412782 0.852041423
vt 0.932040036 0.871574223
vt 0.918015003 0.871635139
vt 0.917846024 0.876596451
vt 0.932000458 0.87727946
vt 0.930060625 0.856284857
vt 0.917708516 0.857550263
vt 0.917925477 0.862045348
vt 0.930933535 0.860779524
vt 0.932000458 0.87727946
vt 0.917846024 0.876596451
vt 0.917522252 0.881555259
vt 0.93144387 0.882908642
vt 0.931631804 0.86602807
vt 0.918033659 0.866759002
vt 0.918015003 0.871635139
vt 0.932040036 0.871574223
vt 0.929412782 0.852041423
vt 0.917421877 0.853211045
vt 0.917708516 0.857550263
vt 0.930060625 0.856284857
vt 0.930933535 0.860779524
vt 0.917925477 0.862045348
vt 0.918033659 0.866759002
vt 0.931631804 0.86602807
vt 0.934911013 0.877591312
vt 0.936516941 0.877686739
vt 0.93644762 0.871457279
vt 0.934880733 0.871548831
vt 0.788030446 0.305161327
vt 0.784781873 0.308410048
vt 0.784781754 0.313004881
vt 0.792625725 0.305160463
vt 0.788030386 0.316254467
vt 0.795874655 0.308410257
vt 0.792625487 0.316254467
vt 0.795874715 0.313005328
vt 0.245779544 0.00188788213
vt 0.240066841 0.388323069
vt 0.249095306 0.388489932
vt 0.257663697 0.00210748124
vt 0.535144448 0.968966901
vt 0.545534909 0.983297884
vt 0.562378585 0.988745749
vt 0.579203129 0.983267009
vt 0.535148919 0.951265693
vt 0.58960402 0.96895206
vt 0.545553565 0.936953008
vt 0.56238097 0.931482792
vt 0.589603722 0.951258063
vt 0.579214215 0.936936021
vt 0.545553565 0.936953008
vt 0.56238097 0.931482792
vt 0.562380493 0.93049258
vt 0.544971585 0.936151862
vt 0.545534909 0.983297884
vt 0.535144448 0.968966901
vt 0.534202039 0.969272494
vt 0.544952989 0.98409909
vt 0.58960402 0.96895206
vt 0.579203129 0.983267009
vt 0.579785466 0.984067917
vt 0.590545654 0.96925801
vt 0.56238097 0.931482792
vt 0.579214215 0.936936021
vt 0.579795957 0.936135173
vt 0.562380493 0.93049258
vt 0.535144448 0.968966901
vt 0.535148919 0.951265693
vt 0.534207106 0.950959444
vt 0.534202039 0.969272494
vt 0.579203129 0.983267009
vt 0.562378585 0.988745749
vt 0.56237942 0.989736259
vt 0.579785466 0.984067917
vt 0.579214215 0.936936021
vt 0.589603722 0.951258063
vt 0.590545595 0.950952411
vt 0.579795957 0.936135173
vt 0.535148919 0.951265693
vt 0.545553565 0.936953008
vt 0.544971585 0.936151862
vt 0.534207106 0.950959444
vt 0.562378585 0.988745749
vt 0.545534909 0.983297884
vt 0.544952989 0.98409909
vt 0.56237942 0.989736259
vt 0.589603722 0.951258063
vt 0.58960402 0.96895206
vt 0.590545654 0.96925801
vt 0.590545595 0.950952411
vt 0.11228402 0.963572741
vt 0.107435182 0.956992805
vt 0.0995980874 0.954614222
vt 0.112337731 0.971755981
vt 0.0918576196 0.957295299
vt 0.107613139 0.978442669
vt 0.0871192515 0.963967562
vt 0.0998871997 0.98113364
vt 0.087181434 0.972167134
vt 0.092030704 0.978777349
vt 0.107435182 0.956992805
vt 0.108408168 0.955625594
vt 0.0995696709 0.952982962
vt 0.0995980874 0.954614222
vt 0.0871192515 0.963967562
vt 0.0855866298 0.963491857
vt 0.0856335312 0.972683787
vt 0.087181434 0.972167134
vt 0.0998871997 0.98113364
vt 0.0999115109 0.982764423
vt 0.108579718 0.979733467
vt 0.107613139 0.978442669
vt 0.11228402 0.963572741
vt 0.113824017 0.963054955
vt 0.108408168 0.955625594
vt 0.107435182 0.956992805
vt 0.0918576196 0.957295299
vt 0.0908887908 0.956006765
vt 0.0855866298 0.963491857
vt 0.0871192515 0.963967562
vt 0.092030704 0.978777349
vt 0.091065906 0.980142415
vt 0.0999115109 0.982764423
vt 0.0998871997 0.98113364
vt 0.112337731 0.971755981
vt 0.11387144 0.972235203
vt 0.113824017 0.963054955
vt 0.11228402 0.963572741
vt 0.0995980874 0.954614222
vt 0.0995696709 0.952982962
vt 0.0908887908 0.956006765
vt 0.0918576196 0.957295299
vt 0.087181434 0.972167134
vt 0.0856335312 0.972683787
vt 0.091065906 0.980142415
vt 0.092030704 0.978777349
vt 0.107613139 0.978442669
vt 0.108579718 0.979733467
vt 0.11387144 0.972235203
vt 0.112337731 0.971755981
vt 0.112784676 0.949412525
vt 0.120909549 0.960730612
vt 0.122920968 0.960072637
vt 0.114003532 0.947688103
vt 0.0785296559 0.961257041
vt 0.0864440426 0.950092018
vt 0.0851801187 0.948414266
vt 0.0765265375 0.960622311
vt 0.100084901 0.990225017
vt 0.0866877213 0.986342847
vt 0.0854681358 0.988070309
vt 0.100137308 0.992342293
vt 0.120909549 0.960730612
vt 0.120924734 0.974462986
vt 0.122926854 0.975095332
vt 0.122920968 0.960072637
vt 0.0864440426 0.950092018
vt 0.0994023308 0.945528924
vt 0.0993519872 0.943412483
vt 0.0851801187 0.948414266
vt 0.0866877213 0.986342847
vt 0.0785407647 0.975015223
vt 0.0765265375 0.97567445
vt 0.0854681358 0.988070309
vt 0.120924734 0.974462986
vt 0.113038898 0.985640287
vt 0.114305384 0.987315476
vt 0.122926854 0.975095332
vt 0.0994023308 0.945528924
vt 0.112784676 0.949412525
vt 0.114003532 0.947688103
vt 0.0993519872 0.943412483
vt 0.0785296559 0.961257041
vt 0.0765265375 0.960622311
vt 0.0765265375 0.97567445
vt 0.0785407647 0.975015223
vt 0.113038898 0.985640287
vt 0.100084901 0.990225017
vt 0.100137308 0.992342293
vt 0.114305384 0.987315476
vt 0.163634017 0.567758381
vt 0.1632929 0.567758381
vt 0.1632929 0.583108723
vt 0.163634017 0.583108723
vt 0.164998516 0.567758381
vt 0.164657414 0.567758381
vt 0.164657414 0.583108723
vt 0.164998516 0.583108723
vt 0.164316297 0.567758381
vt 0.163975209 0.567758381
vt 0.163975209 0.583108723
vt 0.164316297 0.583108723
vt 0.163975209 0.567758381
vt 0.163634017 0.567758381
vt 0.163634017 0.583108723
vt 0.163975209 0.583108723
vt 0.165339693 0.567758381
vt 0.164998516 0.567758381
vt 0.164998516 0.583108723
vt 0.165339693 0.583108723
vt 0.164657414 0.567758381
vt 0.164316297 0.567758381
vt 0.164316297 0.583108723
vt 0.164657414 0.583108723
vt 0.721221745 0.977812409
vt 0.721222103 0.960156322
vt 0.710845172 0.945872486
vt 0.710844278 0.992096364
vt 0.694054306 0.940416753
vt 0.694051921 0.997550964
vt 0.677262306 0.945871174
vt 0.677260697 0.992094338
vt 0.666884184 0.960154414
vt 0.666884184 0.977810323
vt 0.16636306 0.640810192
vt 0.165851384 0.640810192
vt 0.165851384 0.654113889
vt 0.16636306 0.654113889
vt 0.165339723 0.640810192
vt 0.164828002 0.640810192
vt 0.164828002 0.654113889
vt 0.165339723 0.654113889
vt 0.164316326 0.640810192
vt 0.163804576 0.640810192
vt 0.163804576 0.654113889
vt 0.164316326 0.654113889
vt 0.163804576 0.640810192
vt 0.163292915 0.640810192
vt 0.163292915 0.654113889
vt 0.163804576 0.654113889
vt 0.165851384 0.640810192
vt 0.165339723 0.640810192
vt 0.165339723 0.654113889
vt 0.165851384 0.654113889
vt 0.164828002 0.640810192
vt 0.164316326 0.640810192
vt 0.164316326 0.654113889
vt 0.164828002 0.654113889
vt 0.163804576 0.624082267
vt 0.1632929 0.624082267
vt 0.1632929 0.637385905
vt 0.163804576 0.637385905
vt 0.16585134 0.624082267
vt 0.165339664 0.624082267
vt 0.165339664 0.637385905
vt 0.16585134 0.637385905
vt 0.164827973 0.624082267
vt 0.164316267 0.624082267
vt 0.164316267 0.637385905
vt 0.164827973 0.637385905
vt 0.164316267 0.624082267
vt 0.163804576 0.624082267
vt 0.163804576 0.637385905
vt 0.164316267 0.637385905
vt 0.16636309 0.624082267
vt 0.16585134 0.624082267
vt 0.16585134 0.637385905
vt 0.16636309 0.637385905
vt 0.165339664 0.624082267
vt 0.164827973 0.624082267
vt 0.164827973 0.637385905
vt 0.165339664 0.637385905
vt 0.163804576 0.657538176
vt 0.1632929 0.657538176
vt 0.1632929 0.670841813
vt 0.163804576 0.670841813
vt 0.165851325 0.657538176
vt 0.165339619 0.657538176
vt 0.165339619 0.670841813
vt 0.165851325 0.670841813
vt 0.164827928 0.657538176
vt 0.164316267 0.657538176
vt 0.164316267 0.670841813
vt 0.164827928 0.670841813
vt 0.164316267 0.657538176
vt 0.163804576 0.657538176
vt 0.163804576 0.670841813
vt 0.164316267 0.670841813
vt 0.166363031 0.657538176
vt 0.165851325 0.657538176
vt 0.165851325 0.670841813
vt 0.166363031 0.670841813
vt 0.165339619 0.657538176
vt 0.164827928 0.657538176
vt 0.164827928 0.670841813
vt 0.165339619 0.670841813
vt 0.170810655 0.567758381
vt 0.170469537 0.567758381
vt 0.170469537 0.583108723
vt 0.170810655 0.583108723
vt 0.170128405 0.567758381
vt 0.169787303 0.567758381
vt 0.169787303 0.583108723
vt 0.170128405 0.583108723
vt 0.169446185 0.567758381
vt 0.169105098 0.567758381
vt 0.169105098 0.583108723
vt 0.169446185 0.583108723
vt 0.169105098 0.567758381
vt 0.168763965 0.567758381
vt 0.168763965 0.583108723
vt 0.169105098 0.583108723
vt 0.170469537 0.567758381
vt 0.170128405 0.567758381
vt 0.170128405 0.583108723
vt 0.170469537 0.583108723
vt 0.169787303 0.567758381
vt 0.169446185 0.567758381
vt 0.169446185 0.583108723
vt 0.169787303 0.583108723
vt 0.165339604 0.58653301
vt 0.164998487 0.58653301
vt 0.164998487 0.601883411
vt 0.165339604 0.601883411
vt 0.164657354 0.58653301
vt 0.164316252 0.58653301
vt 0.164316252 0.601883411
vt 0.164657354 0.601883411
vt 0.163975134 0.58653301
vt 0.163634047 0.58653301
vt 0.163634047 0.601883411
vt 0.163975134 0.601883411
vt 0.163634047 0.58653301
vt 0.1632929 0.58653301
vt 0.1632929 0.601883411
vt 0.163634047 0.601883411
vt 0.164998487 0.58653301
vt 0.164657354 0.58653301
vt 0.164657354 0.601883411
vt 0.164998487 0.601883411
vt 0.164316252 0.58653301
vt 0.163975134 0.58653301
vt 0.163975134 0.601883411
vt 0.164316252 0.601883411
vt 0.169446215 0.58653301
vt 0.169105098 0.58653301
vt 0.169105098 0.601883411
vt 0.169446215 0.601883411
vt 0.170810655 0.58653301
vt 0.170469567 0.58653301
vt 0.170469567 0.601883411
vt 0.170810655 0.601883411
vt 0.17012845 0.58653301
vt 0.169787347 0.58653301
vt 0.169787347 0.601883411
vt 0.17012845 0.601883411
vt 0.169787347 0.58653301
vt 0.169446215 0.58653301
vt 0.169446215 0.601883411
vt 0.169787347 0.601883411
vt 0.169105098 0.58653301
vt 0.168763965 0.58653301
vt 0.168763965 0.601883411
vt 0.169105098 0.601883411
vt 0.170469567 0.58653301
vt 0.17012845 0.58653301
vt 0.17012845 0.601883411
vt 0.170469567 0.601883411
vt 0.169105083 0.605307639
vt 0.168763965 0.605307639
vt 0.168763965 0.62065804
vt 0.169105083 0.62065804
vt 0.170469612 0.605307639
vt 0.17012848 0.605307639
vt 0.17012848 0.62065804
vt 0.170469612 0.62065804
vt 0.169787362 0.605307639
vt 0.169446215 0.605307639
vt 0.169446215 0.62065804
vt 0.169787362 0.62065804
vt 0.169446215 0.605307639
vt 0.169105083 0.605307639
vt 0.169105083 0.62065804
vt 0.169446215 0.62065804
vt 0.170810744 0.605307639
vt 0.170469612 0.605307639
vt 0.170469612 0.62065804
vt 0.170810744 0.62065804
vt 0.17012848 0.605307639
vt 0.169787362 0.605307639
vt 0.169787362 0.62065804
vt 0.17012848 0.62065804
vt 0.0706543475 0.60599035
vt 0.0703132376 0.60599035
vt 0.0703132376 0.621340692
vt 0.0706543475 0.621340692
vt 0.0720188692 0.60599035
vt 0.0716777369 0.60599035
vt 0.0716777369 0.621340692
vt 0.0720188692 0.621340692
vt 0.0713366196 0.60599035
vt 0.0709954873 0.60599035
vt 0.0709954873 0.621340692
vt 0.0713366196 0.621340692
vt 0.0709954873 0.60599035
vt 0.0706543475 0.60599035
vt 0.0706543475 0.621340692
vt 0.0709954873 0.621340692
vt 0.0723600164 0.60599035
vt 0.0720188692 0.60599035
vt 0.0720188692 0.621340692
vt 0.0723600164 0.621340692
vt 0.0716777369 0.60599035
vt 0.0713366196 0.60599035
vt 0.0713366196 0.621340692
vt 0.0716777369 0.621340692
vt 0.072359927 0.587215662
vt 0.0720188096 0.587215662
vt 0.0720188096 0.602566063
vt 0.072359927 0.602566063
vt 0.0716776699 0.587215662
vt 0.0713365823 0.587215662
vt 0.0713365823 0.602566063
vt 0.0716776699 0.602566063
vt 0.0709954649 0.587215662
vt 0.0706543699 0.587215662
vt 0.0706543699 0.602566063
vt 0.0709954649 0.602566063
vt 0.0706543699 0.587215662
vt 0.0703132376 0.587215662
vt 0.0703132376 0.602566063
vt 0.0706543699 0.602566063
vt 0.0720188096 0.587215662
vt 0.0716776699 0.587215662
vt 0.0716776699 0.602566063
vt 0.0720188096 0.602566063
vt 0.0713365823 0.587215662
vt 0.0709954649 0.587215662
vt 0.0709954649 0.602566063
vt 0.0713365823 0.602566063
vt 0.165339604 0.605307639
vt 0.164998487 0.605307639
vt 0.164998487 0.62065804
vt 0.165339604 0.62065804
vt 0.164657354 0.605307639
vt 0.164316252 0.605307639
vt 0.164316252 0.62065804
vt 0.164657354 0.62065804
vt 0.163975134 0.605307639
vt 0.163634047 0.605307639
vt 0.163634047 0.62065804
vt 0.163975134 0.62065804
vt 0.163634047 0.605307639
vt 0.163292915 0.605307639
vt 0.163292915 0.62065804
vt 0.163634047 0.62065804
vt 0.164998487 0.605307639
vt 0.164657354 0.605307639
vt 0.164657354 0.62065804
vt 0.164998487 0.62065804
vt 0.164316252 0.605307639
vt 0.163975134 0.605307639
vt 0.163975134 0.62065804
vt 0.164316252 0.62065804
vt 0.0917077512 0.294978887
vt 0.0803353414 0.296336114
vt 0.0822294801 0.311365724
vt 0.0935109183 0.309943944
vt 0.120035872 0.0297656916
vt 0.156777814 0.0296343062
vt 0.155766711 0.00171212817
vt 0.119082861 0.00304051652
vt 0.09482719 0.0861857831
vt 0.0929733664 0.0961521491
vt 0.159054309 0.0965645909
vt 0.158093065 0.0888262391
vt 0.692846537 0.339850754
vt 0.692846477 0.344478369
vt 0.72866416 0.344478428
vt 0.7286641 0.339850754
vt 0.104178168 0.0503760092
vt 0.102436714 0.0559633374
vt 0.158121705 0.0605162904
vt 0.157310992 0.0547202937
vt 0.692846477 0.344478369
vt 0.692846477 0.345537782
vt 0.72866416 0.345537841
vt 0.72866416 0.344478428
vt 0.0864270926 0.254332036
vt 0.0881493241 0.266749412
vt 0.168118417 0.263761014
vt 0.168909073 0.251249731
vt 0.120035872 0.0297656916
vt 0.11542698 0.0341011249
vt 0.157316729 0.0379582383
vt 0.156777814 0.0296343062
vt 0.087425001 0.240437582
vt 0.0864270926 0.254332036
vt 0.168909073 0.251249731
vt 0.169684604 0.238333434
vt 0.692846477 0.375387043
vt 0.692846477 0.377881229
vt 0.72866416 0.377881199
vt 0.72866416 0.375387043
vt 0.0887220055 0.225799054
vt 0.087425001 0.240437582
vt 0.169684604 0.238333434
vt 0.170289427 0.223863915
vt 0.692846477 0.377881229
vt 0.692846477 0.386367291
vt 0.72866416 0.386367321
vt 0.72866416 0.377881199
vt 0.0929537117 0.184839979
vt 0.0920174122 0.208795398
vt 0.171042785 0.205204353
vt 0.167937696 0.18143259
vt 0.692846477 0.386367291
vt 0.692846537 0.400013
vt 0.728664219 0.400013059
vt 0.72866416 0.386367321
vt 0.0920174122 0.208795398
vt 0.0902773291 0.215062901
vt 0.170721814 0.212554857
vt 0.171042785 0.205204353
vt 0.692846537 0.400013
vt 0.692846537 0.417936146
vt 0.7286641 0.417936206
vt 0.728664219 0.400013059
vt 0.0902773291 0.215062901
vt 0.0887220055 0.225799054
vt 0.170289427 0.223863915
vt 0.170721814 0.212554857
vt 0.692846537 0.417936146
vt 0.692846477 0.44181022
vt 0.7286641 0.44181022
vt 0.7286641 0.417936206
vt 0.0881493241 0.266749412
vt 0.0898869336 0.279577971
vt 0.16734311 0.27668348
vt 0.168118417 0.263761014
vt 0.692846477 0.44181022
vt 0.692846417 0.559336066
vt 0.7286641 0.559336066
vt 0.7286641 0.44181022
vt 0.0898869336 0.279577971
vt 0.0917077512 0.294978887
vt 0.166666433 0.292244583
vt 0.16734311 0.27668348
vt 0.840413928 0.973787725
vt 0.84041363 0.961848497
vt 0.819963694 0.973788261
vt 0.81996274 0.937970638
vt 0.840413034 0.937970102
vt 0.853930414 0.937969744
vt 0.859854519 0.96184814
vt 0.859854519 0.906540453
vt 0.853930354 0.906540453
vt 0.0965047032 0.0813804269
vt 0.09482719 0.0861857831
vt 0.158093065 0.0888262391
vt 0.159846187 0.0865594
vt 0.106606923 0.0348919854
vt 0.11542698 0.0341011249
vt 0.106460467 0.00736643467
vt 0.0988305509 0.00972391851
vt 0.0911906213 0.101480618
vt 0.0929537117 0.184839979
vt 0.167937696 0.18143259
vt 0.162133172 0.0982568786
vt 0.100638308 0.0622473657
vt 0.0984240174 0.0736177787
vt 0.159213334 0.0785880759
vt 0.15887545 0.0670089871
vt 0.8199628 0.611251235
vt 0.8199628 0.64321512
vt 0.855780363 0.643215179
vt 0.843841136 0.611251235
vt 0.887209713 0.64321506
vt 0.843841434 0.60128212
vt 0.887209952 0.60128355
vt 0.887209713 0.703766644
vt 0.855780423 0.703766644
vt 0.0911906213 0.101480618
vt 0.162133172 0.0982568786
vt 0.159054309 0.0965645909
vt 0.0929733664 0.0961521491
vt 0.157310992 0.0547202937
vt 0.157316729 0.0379582383
vt 0.11542698 0.0341011249
vt 0.106606923 0.0348919854
vt 0.104178168 0.0503760092
vt 0.11542698 0.0341011249
vt 0.120035872 0.0297656916
vt 0.119082861 0.00304051652
vt 0.106460467 0.00736643467
vt 0.692846477 0.345537782
vt 0.692846477 0.375387043
vt 0.72866416 0.375387043
vt 0.72866416 0.345537841
vt 0.864490509 0.252040148
vt 0.904023767 0.205758944
vt 0.861310542 0.248678118
vt 0.896545112 0.270972192
vt 0.888076901 0.271523654
vt 0.863857448 0.252889693
vt 0.886000752 0.272905886
vt 0.905911922 0.280895323
vt 0.928525627 0.181141183
vt 0.904651821 0.298774123
vt 0.928525686 0.298667014
vt 0.914304614 0.166445166
vt 0.905002952 0.156637117
vt 0.0976449773 0.384638727
vt 0.097214967 0.392518699
vt 0.117432021 0.39152199
vt 0.122399658 0.38557452
vt 0.501102626 0.671069026
vt 0.500433266 0.672055662
vt 0.512439549 0.673164546
vt 0.513101041 0.672612846
vt 0.475672364 0.82734257
vt 0.475520968 0.828371227
vt 0.515851259 0.88359201
vt 0.516348004 0.883801162
vt 0.321769387 0.802258134
vt 0.321021944 0.802957475
vt 0.320914894 0.813832641
vt 0.321692944 0.814662457
vt 0.0879863501 0.264307588
vt 0.0765265748 0.265733868
vt 0.0784271285 0.28100425
vt 0.0898869336 0.279577971
vt 0.0898869336 0.279577971
vt 0.0784271285 0.28100425
vt 0.0803353414 0.296336114
vt 0.0917077512 0.294978887
vt 0.0935109183 0.309943944
vt 0.0822294801 0.311365724
vt 0.0841251388 0.326407552
vt 0.0954065919 0.324985802
vt 0.471411079 0.68289578
vt 0.472676814 0.682561159
vt 0.460817993 0.666883111
vt 0.459866822 0.666734219
vt 0.497156471 0.66377151
vt 0.496054441 0.66359663
vt 0.500433266 0.672055662
vt 0.501102626 0.671069026
vt 0.516348004 0.883801162
vt 0.515851259 0.88359201
vt 0.5078969 0.882904053
vt 0.508607745 0.883681118
vt 0.459153891 0.803473115
vt 0.460531801 0.803613305
vt 0.472676814 0.682561159
vt 0.471411079 0.68289578
vt 0.501887977 0.659207523
vt 0.500968575 0.659183681
vt 0.496054441 0.66359663
vt 0.497156471 0.66377151
vt 0.508607745 0.883681118
vt 0.5078969 0.882904053
vt 0.499314964 0.943544626
vt 0.499895483 0.944312394
vt 0.489670634 0.813908815
vt 0.489110529 0.812798202
vt 0.474819899 0.811372995
vt 0.474704117 0.812806249
vt 0.489767313 0.643293202
vt 0.489643097 0.644296885
vt 0.500968575 0.659183681
vt 0.501887977 0.659207523
vt 0.499895483 0.944312394
vt 0.499314964 0.943544626
vt 0.470362186 0.939671278
vt 0.469744503 0.940374076
vt 0.463648885 0.835714161
vt 0.464485079 0.836909056
vt 0.475520968 0.828371227
vt 0.475672364 0.82734257
vt 0.097214967 0.392518699
vt 0.0985118896 0.445600897
vt 0.119574174 0.44508636
vt 0.117432021 0.39152199
vt 0.469744503 0.940374076
vt 0.470362186 0.939671278
vt 0.470616311 0.938280046
vt 0.469604135 0.938030005
vt 0.0984240174 0.0736177787
vt 0.0965047032 0.0813804269
vt 0.159846187 0.0865594
vt 0.159213334 0.0785880759
vt 0.513101041 0.672612846
vt 0.512439549 0.673164546
vt 0.511942863 0.681288064
vt 0.512773097 0.680701852
vt 0.102436714 0.0559633374
vt 0.100638308 0.0622473657
vt 0.15887545 0.0670089871
vt 0.158121705 0.0605162904
vt 0.469604135 0.938030005
vt 0.470616311 0.938280046
vt 0.471442074 0.937758386
vt 0.470334381 0.937520206
vt 0.159846187 0.0865594
vt 0.158093065 0.0888262391
vt 0.159054309 0.0965645909
vt 0.162133172 0.0982568786
vt 0.501102626 0.671069026
vt 0.501936793 0.669877768
vt 0.498749793 0.66401118
vt 0.497156471 0.66377151
vt 0.50382632 0.659379363
vt 0.501887977 0.659207523
vt 0.490023345 0.641216218
vt 0.489767313 0.643293202
vt 0.457915217 0.666456282
vt 0.459866822 0.666734219
vt 0.46997261 0.683278203
vt 0.471411079 0.68289578
vt 0.457915217 0.801961541
vt 0.459153891 0.803473115
vt 0.513101041 0.672612846
vt 0.501936793 0.669877768
vt 0.501102626 0.671069026
vt 0.514579892 0.671378434
vt 0.512773097 0.680701852
vt 0.514082015 0.679685831
vt 0.516817987 0.681644261
vt 0.518176138 0.68063581
vt 0.516416371 0.688653052
vt 0.51764816 0.689809859
vt 0.512278438 0.689070404
vt 0.51764816 0.689809859
vt 0.513498962 0.690291286
vt 0.505915821 0.766922832
vt 0.507195413 0.768390417
vt 0.484879494 0.765892327
vt 0.486030579 0.767198682
vt 0.484237999 0.772416711
vt 0.485608846 0.771315038
vt 0.465215594 0.898320079
vt 0.469621152 0.905606151
vt 0.470466942 0.904461503
vt 0.463648885 0.898756325
vt 0.467481017 0.884999275
vt 0.466182768 0.884135723
vt 0.483449548 0.874886572
vt 0.48147133 0.874531806
vt 0.467225134 0.853698075
vt 0.466968626 0.855603993
vt 0.470466942 0.904461503
vt 0.47179386 0.906443477
vt 0.473187149 0.905558109
vt 0.469099194 0.936489224
vt 0.470334381 0.937520206
vt 0.470334381 0.937520206
vt 0.467995256 0.936799943
vt 0.469604135 0.938030005
vt 0.469604135 0.938030005
vt 0.467995256 0.936799943
vt 0.468161851 0.941872001
vt 0.469744503 0.940374076
vt 0.469744503 0.940374076
vt 0.468161851 0.941872001
vt 0.501097858 0.94588238
vt 0.499895483 0.944312394
vt 0.509790182 0.88507098
vt 0.508607745 0.883681118
vt 0.519356608 0.885430038
vt 0.516348004 0.883801162
vt 0.476020277 0.825232208
vt 0.475672364 0.82734257
vt 0.464044154 0.833661735
vt 0.463648885 0.835714161
vt 0.489670634 0.813908815
vt 0.4904854 0.815563917
vt 0.496763557 0.805067062
vt 0.495365113 0.804513931
vt 0.499080002 0.794196904
vt 0.4976089 0.794080973
vt 0.498488754 0.783143282
vt 0.497054994 0.783456504
vt 0.494069546 0.771909773
vt 0.493060797 0.773272514
vt 0.485608846 0.771315038
vt 0.484237999 0.772416711
vt 0.474704117 0.812806249
vt 0.476065993 0.814349771
vt 0.4904854 0.815563917
vt 0.489670634 0.813908815
vt 0.495688528 0.783756196
vt 0.492377669 0.774121046
vt 0.483483881 0.773065567
vt 0.496189803 0.793967664
vt 0.494039387 0.803978324
vt 0.460531801 0.803613305
vt 0.489110529 0.812798202
vt 0.474819899 0.811372995
vt 0.472676814 0.682561159
vt 0.484261364 0.765109897
vt 0.505288959 0.766210973
vt 0.511501014 0.688439786
vt 0.511942863 0.681288064
vt 0.500433266 0.672055662
vt 0.512439549 0.673164546
vt 0.460817993 0.666883111
vt 0.496054441 0.66359663
vt 0.489643097 0.644296885
vt 0.500968575 0.659183681
vt 0.511501014 0.688439786
vt 0.51613158 0.682061851
vt 0.51577431 0.688160479
vt 0.471442074 0.937758386
vt 0.470616311 0.938280046
vt 0.470362186 0.939671278
vt 0.499314964 0.943544626
vt 0.5078969 0.882904053
vt 0.471442074 0.937758386
vt 0.474219233 0.904959619
vt 0.484418809 0.875063419
vt 0.468307137 0.852870047
vt 0.464485079 0.836909056
vt 0.515851259 0.88359201
vt 0.475520968 0.828371227
vt 0.471303552 0.903514683
vt 0.474219233 0.904959619
vt 0.466411531 0.897995353
vt 0.468540221 0.885664701
vt 0.483449548 0.874886572
vt 0.484418809 0.875063419
vt 0.468307137 0.852870047
vt 0.467225134 0.853698075
vt 0.495365113 0.804513931
vt 0.494039387 0.803978324
vt 0.489110529 0.812798202
vt 0.489670634 0.813908815
vt 0.512278438 0.689070404
vt 0.511501014 0.688439786
vt 0.505288959 0.766210973
vt 0.505915821 0.766922832
vt 0.512773097 0.680701852
vt 0.511942863 0.681288064
vt 0.51613158 0.682061851
vt 0.516817987 0.681644261
vt 0.484237999 0.772416711
vt 0.483483881 0.773065567
vt 0.492377669 0.774121046
vt 0.493060797 0.773272514
vt 0.459866822 0.666734219
vt 0.460817993 0.666883111
vt 0.489643097 0.644296885
vt 0.489767313 0.643293202
vt 0.516416371 0.688653052
vt 0.51577431 0.688160479
vt 0.511501014 0.688439786
vt 0.512278438 0.689070404
vt 0.484879494 0.765892327
vt 0.484261364 0.765109897
vt 0.483483881 0.773065567
vt 0.484237999 0.772416711
vt 0.467481017 0.884999275
vt 0.468540221 0.885664701
vt 0.484418809 0.875063419
vt 0.483449548 0.874886572
vt 0.505915821 0.766922832
vt 0.505288959 0.766210973
vt 0.484261364 0.765109897
vt 0.484879494 0.765892327
vt 0.465215594 0.898320079
vt 0.466411531 0.897995353
vt 0.468540221 0.885664701
vt 0.467481017 0.884999275
vt 0.493060797 0.773272514
vt 0.492377669 0.774121046
vt 0.495688528 0.783756196
vt 0.497054994 0.783456504
vt 0.470466942 0.904461503
vt 0.471303552 0.903514683
vt 0.466411531 0.897995353
vt 0.465215594 0.898320079
vt 0.497054994 0.783456504
vt 0.495688528 0.783756196
vt 0.496189803 0.793967664
vt 0.4976089 0.794080973
vt 0.473187149 0.905558109
vt 0.474219233 0.904959619
vt 0.471303552 0.903514683
vt 0.470466942 0.904461503
vt 0.4976089 0.794080973
vt 0.496189803 0.793967664
vt 0.494039387 0.803978324
vt 0.495365113 0.804513931
vt 0.470334381 0.937520206
vt 0.471442074 0.937758386
vt 0.474219233 0.904959619
vt 0.473187149 0.905558109
vt 0.516817987 0.681644261
vt 0.51613158 0.682061851
vt 0.51577431 0.688160479
vt 0.516416371 0.688653052
vt 0.309404403 0.801509023
vt 0.307726294 0.799714446
vt 0.307721943 0.815452933
vt 0.309324443 0.813949764
vt 0.32337147 0.816451967
vt 0.321692944 0.814662457
vt 0.321769387 0.802258134
vt 0.307726294 0.799714446
vt 0.309404403 0.801509023
vt 0.32337147 0.800759614
vt 0.321692944 0.814662457
vt 0.32337147 0.816451967
vt 0.320914894 0.813832641
vt 0.321021944 0.802957475
vt 0.310180128 0.802338839
vt 0.310069382 0.813250721
vt 0.309324443 0.813949764
vt 0.310069382 0.813250721
vt 0.310180128 0.802338839
vt 0.309404403 0.801509023
vt 0.321692944 0.814662457
vt 0.320914894 0.813832641
vt 0.310069382 0.813250721
vt 0.309324443 0.813949764
vt 0.309404403 0.801509023
vt 0.310180128 0.802338839
vt 0.321021944 0.802957475
vt 0.321769387 0.802258134
vt 0.122399658 0.38557452
vt 0.128443345 0.444853663
vt 0.171042785 0.442136884
vt 0.167260408 0.382829607
vt 0.119574174 0.44508636
vt 0.128443345 0.444853663
vt 0.122399658 0.38557452
vt 0.117432021 0.39152199
vt 0.887209713 0.752898216
vt 0.887209713 0.703766644
vt 0.855780423 0.703766644
vt 0.855780482 0.752898276
vt 0.927991688 0.756322682
vt 0.917075872 0.756322682
vt 0.917075932 0.84330833
vt 0.927991807 0.84330833
vt 0.927991688 0.756322682
vt 0.927991807 0.84330833
vt 0.933108568 0.84330833
vt 0.933108568 0.756322682
vt 0.933108568 0.756322682
vt 0.933108568 0.84330833
vt 0.939930975 0.84330833
vt 0.939930975 0.756322682
vt 0.940243781 0.34756574
vt 0.932024717 0.346686602
vt 0.931382537 0.350495815
vt 0.936852098 0.350943327
vt 0.937965035 0.429628909
vt 0.931708515 0.429661751
vt 0.926233232 0.350056291
vt 0.932024717 0.346686602
vt 0.926748693 0.345931947
vt 0.920117378 0.349725306
vt 0.920389235 0.345455527
vt 0.914545715 0.349540383
vt 0.91466409 0.345265269
vt 0.919935524 0.429690599
vt 0.926171422 0.429684252
vt 0.926185191 0.43386212
vt 0.942193627 0.433733463
vt 0.936852098 0.350943327
vt 0.940243781 0.34756574
vt 0.914361656 0.43386212
vt 0.91436404 0.429691821
vt 0.900465131 0.4338471
vt 0.904755116 0.349453837
vt 0.900557876 0.345227957
vt 0.904627442 0.429681808
vt 0.955059826 0.433594823
vt 0.960311115 0.433580935
vt 0.956141293 0.34449476
vt 0.950892031 0.344741881
vt 0.947390139 0.433722168
vt 0.955059826 0.433594823
vt 0.950892031 0.344741881
vt 0.943244219 0.345333099
vt 0.963838041 0.433646441
vt 0.95964396 0.344330311
vt 0.956141293 0.34449476
vt 0.960311115 0.433580935
vt 0.942193627 0.433733463
vt 0.947390139 0.433722168
vt 0.943244219 0.345333099
vt 0.940243781 0.34756574
vt 0.0874424279 0.856413841
vt 0.0765265673 0.835946679
vt 0.0765265673 0.856413841
vt 0.087442413 0.835946679
vt 0.101086512 0.856413841
vt 0.101086512 0.835946679
vt 0.11268232 0.856413841
vt 0.11268232 0.835946679
vt 0.124279849 0.856413841
vt 0.124279819 0.835946679
vt 0.13928853 0.856413841
vt 0.13928853 0.835946679
vt 0.149522111 0.835946679
vt 0.149522141 0.856413841
vt 0.0874424204 0.897348166
vt 0.0765265748 0.876880944
vt 0.0765265822 0.897348166
vt 0.0874424279 0.876880944
vt 0.10108652 0.897348166
vt 0.10108652 0.876880944
vt 0.112682328 0.897348166
vt 0.112682328 0.876880944
vt 0.124279849 0.897348166
vt 0.124279849 0.876880944
vt 0.13928853 0.897348166
vt 0.13928853 0.876880944
vt 0.149522141 0.876880944
vt 0.149522141 0.897348166
vt 0.67779994 0.936992586
vt 0.666884124 0.913114071
vt 0.666884184 0.936992645
vt 0.6778 0.91311413
vt 0.691444039 0.936992586
vt 0.691444039 0.913114011
vt 0.703039825 0.936992466
vt 0.703039825 0.91311413
vt 0.714637339 0.936992526
vt 0.714637399 0.91311419
vt 0.729646087 0.936992645
vt 0.729646087 0.91311419
vt 0.0874424279 0.876880944
vt 0.0765265673 0.856413841
vt 0.0765265748 0.876880944
vt 0.0874424279 0.856413841
vt 0.10108652 0.876880944
vt 0.101086512 0.856413841
vt 0.112682328 0.876880944
vt 0.11268232 0.856413841
vt 0.124279849 0.876880944
vt 0.124279849 0.856413841
vt 0.13928853 0.876880944
vt 0.13928853 0.856413841
vt 0.149522141 0.856413841
vt 0.149522141 0.876880944
vt 0.0874424428 0.939988196
vt 0.0765265822 0.897348166
vt 0.0765265897 0.939988196
vt 0.0874424204 0.897348166
vt 0.101086527 0.939988196
vt 0.10108652 0.897348166
vt 0.112682328 0.939988196
vt 0.112682328 0.897348166
vt 0.124707982 0.939988196
vt 0.124279849 0.897348166
vt 0.13928853 0.939988196
vt 0.13928853 0.897348166
vt 0.905220628 0.981390059
vt 0.882604778 0.980690181
vt 0.88226068 0.981032729
vt 0.905227244 0.980700135
vt 0.925814748 0.981392682
vt 0.925810993 0.980703413
vt 0.967710197 0.980990589
vt 0.967356741 0.980640948
vt 0.88226068 0.981032729
vt 0.882604778 0.980690181
vt 0.882579863 0.895999193
vt 0.882231295 0.89564991
vt 0.729646087 0.826128423
vt 0.726234913 0.826128423
vt 0.726234853 0.831245244
vt 0.729646087 0.91311419
vt 0.718717456 0.831245363
vt 0.714637399 0.91311419
vt 0.703039825 0.831245363
vt 0.703039825 0.91311413
vt 0.703039885 0.826128483
vt 0.718717515 0.826128423
vt 0.691444039 0.826128364
vt 0.691444039 0.831245303
vt 0.67779994 0.826128423
vt 0.691444039 0.913114011
vt 0.67779994 0.831245363
vt 0.6778 0.91311413
vt 0.666884065 0.831245303
vt 0.666884124 0.913114071
vt 0.593504608 0.834718943
vt 0.604673743 0.916587889
vt 0.601021945 0.834718943
vt 0.590093195 0.91658777
vt 0.590093434 0.829602182
vt 0.593504608 0.829602301
vt 0.940243781 0.34756574
vt 0.943244219 0.345333099
vt 0.927661121 0.340535402
vt 0.932024717 0.346686602
vt 0.561685562 0.23868233
vt 0.50917232 0.279275626
vt 0.561685562 0.279275507
vt 0.509172261 0.238682434
vt 0.509172261 0.180691943
vt 0.561685503 0.180692047
vt 0.561685562 0.279275507
vt 0.50917232 0.279275626
vt 0.50917232 0.3253268
vt 0.561685562 0.3253268
vt 0.810157657 0.817777336
vt 0.811938941 0.841168284
vt 0.813970685 0.839411259
vt 0.811799109 0.818981469
vt 0.81367749 0.818877399
vt 0.811799109 0.818981469
vt 0.813970685 0.839411259
vt 0.816538393 0.83923775
vt 0.812941313 0.869648397
vt 0.811103523 0.869158208
vt 0.808168948 0.888081074
vt 0.810474992 0.888384581
vt 0.816538393 0.83923775
vt 0.811938941 0.841168284
vt 0.809871435 0.867504656
vt 0.812941313 0.869648397
vt 0.808437526 0.791448474
vt 0.805859029 0.791942298
vt 0.806352854 0.794520855
vt 0.810157657 0.817777336
vt 0.81367749 0.818877399
vt 0.808168948 0.888081074
vt 0.811103523 0.869158208
vt 0.809871435 0.867504656
vt 0.8058483 0.887781322
vt 0.810157657 0.817777336
vt 0.802494287 0.818490148
vt 0.803031981 0.841350317
vt 0.811938941 0.841168284
vt 0.809871435 0.867504656
vt 0.802304745 0.866632402
vt 0.799061775 0.886683702
vt 0.8058483 0.887781322
vt 0.811938941 0.841168284
vt 0.803031981 0.841350317
vt 0.802304745 0.866632402
vt 0.809871435 0.867504656
vt 0.752034545 0.562760353
vt 0.729861736 0.562760293
vt 0.729861736 0.591763437
vt 0.752034545 0.591763437
vt 0.679608345 0.590925515
vt 0.675536811 0.592252851
vt 0.688192427 0.592050374
vt 0.684106708 0.590893269
vt 0.684106708 0.590893269
vt 0.688192427 0.592050374
vt 0.688170493 0.56631285
vt 0.684075356 0.5676018
vt 0.67958039 0.567715585
vt 0.679608345 0.590925515
vt 0.684106708 0.590893269
vt 0.684075356 0.5676018
vt 0.684075356 0.5676018
vt 0.688170493 0.56631285
vt 0.675514102 0.566518903
vt 0.67958039 0.567715585
vt 0.688192427 0.592050374
vt 0.675536811 0.592252851
vt 0.675137877 0.592705607
vt 0.688568652 0.592428565
vt 0.675536811 0.592252851
vt 0.675514102 0.566518903
vt 0.675137877 0.566140652
vt 0.675137877 0.592705607
vt 0.675514102 0.566518903
vt 0.688170493 0.56631285
vt 0.688569427 0.565860033
vt 0.675137877 0.566140652
vt 0.688170493 0.56631285
vt 0.688192427 0.592050374
vt 0.688568652 0.592428565
vt 0.688569427 0.565860033
vt 0.799916148 0.312159061
vt 0.799916148 0.332626283
vt 0.820383251 0.332626313
vt 0.820383251 0.312159032
vt 0.13928853 0.917815387
vt 0.149522141 0.917815387
vt 0.149522141 0.897348166
vt 0.13928853 0.897348166
vt 0.905227244 0.980700135
vt 0.882579863 0.895999193
vt 0.882604778 0.980690181
vt 0.925810993 0.980703413
vt 0.967287302 0.895986974
vt 0.967356741 0.980640948
vt 0.96721369 0.899625421
vt 0.967841804 0.899567723
vt 0.967356741 0.980640948
vt 0.967710197 0.980990589
vt 0.96721369 0.899625421
vt 0.967677176 0.895686388
vt 0.967287302 0.895986974
vt 0.882231295 0.89564991
vt 0.882579863 0.895999193
vt 0.967287302 0.895986974
vt 0.967677176 0.895686388
vt 0.67958039 0.567715585
vt 0.675514102 0.566518903
vt 0.675536811 0.592252851
vt 0.679608345 0.590925515
vt 0.15854457 0.947924018
vt 0.159119606 0.926137924
vt 0.155373365 0.923872888
vt 0.15505223 0.950275302
vt 0.164328277 0.947419047
vt 0.167624488 0.949064434
vt 0.165438041 0.926529408
vt 0.169343546 0.924807608
vt 0.159119606 0.926137924
vt 0.15505223 0.950275302
vt 0.153263867 0.923465908
vt 0.152946383 0.951091826
vt 0.155373365 0.923872888
vt 0.156503782 0.916252255
vt 0.153263867 0.923465908
vt 0.154573858 0.916690886
vt 0.155629724 0.912093341
vt 0.152946383 0.913259149
vt 0.156503782 0.916252255
vt 0.946765184 0.837176979
vt 0.946765125 0.826261103
vt 0.943355083 0.826261103
vt 0.945060194 0.837176919
vt 0.943355143 0.839899957
vt 0.945060194 0.842622995
vt 0.943355083 0.853555977
vt 0.946765184 0.842622995
vt 0.96722573 0.837176919
vt 0.945060194 0.850821018
vt 0.945060194 0.856290936
vt 0.943355083 0.865137339
vt 0.946765184 0.850821018
vt 0.96722573 0.842622995
vt 0.968930721 0.837176979
vt 0.96722573 0.826261103
vt 0.970635712 0.826261103
vt 0.970635653 0.837176979
vt 0.968930721 0.842622995
vt 0.970635712 0.846722007
vt 0.96722573 0.850821018
vt 0.946765184 0.856290936
vt 0.945060134 0.862416804
vt 0.968930721 0.850821018
vt 0.945060194 0.867857814
vt 0.943355083 0.889023006
vt 0.968930721 0.856290936
vt 0.970635712 0.8593539
vt 0.96722579 0.856290936
vt 0.946765184 0.862416804
vt 0.96722573 0.862416804
vt 0.968930781 0.862416804
vt 0.946765184 0.867857814
vt 0.968930721 0.867857814
vt 0.970635772 0.870936096
vt 0.96722579 0.867857814
vt 0.945060194 0.874014318
vt 0.946765184 0.874014318
vt 0.96722573 0.874014318
vt 0.968930721 0.874014318
vt 0.968930721 0.88016814
vt 0.970635772 0.889023066
vt 0.96722573 0.88016814
vt 0.967222869 0.885611832
vt 0.946765184 0.88016808
vt 0.946765184 0.885611832
vt 0.945060194 0.88016808
vt 0.911958694 0.0139730629
vt 0.911613584 0.00529013481
vt 0.888079107 0.00334098772
vt 0.88802433 0.062031813
vt 0.915683091 0.0619524047
vt 0.898502946 0.110845067
vt 0.915922523 0.110759541
vt 0.898554862 0.123154581
vt 0.88802433 0.123198926
vt 0.0887928978 0.738854468
vt 0.139288619 0.679151297
vt 0.0887928978 0.679151297
vt 0.139288619 0.738854408
vt 0.0887928978 0.797097445
vt 0.139288723 0.797097445
vt 0.0853816643 0.822279453
vt 0.0853816643 0.797097445
vt 0.139288619 0.822279453
vt 0.111993797 0.832522333
vt 0.12564978 0.832522333
vt 0.139288619 0.832522273
vt 0.100412406 0.832522273
vt 0.0765266418 0.822279453
vt 0.0765267536 0.832522333
vt 0.621201634 0.597857952
vt 0.671697557 0.597857952
vt 0.671697557 0.587638021
vt 0.621201575 0.587638021
vt 0.608935356 0.510889947
vt 0.621201575 0.510889947
vt 0.608935356 0.495539486
vt 0.671697557 0.495539486
vt 0.671697557 0.510889947
vt 0.621201575 0.587638021
vt 0.671697557 0.587638021
vt 0.671697557 0.5756917
vt 0.621201575 0.5756917
vt 0.571156502 0.313015193
vt 0.571101248 0.334308177
vt 0.571908891 0.335368037
vt 0.572050273 0.312037915
vt 0.934415162 0.100374289
vt 0.934415162 0.0894584581
vt 0.931005061 0.0894584581
vt 0.932710111 0.100374289
vt 0.931005061 0.100374289
vt 0.931005061 0.10309732
vt 0.932710111 0.10309732
vt 0.931005061 0.105820343
vt 0.934415162 0.103097312
vt 0.954875648 0.100374296
vt 0.932710111 0.105820343
vt 0.931005061 0.114018366
vt 0.932710111 0.114018366
vt 0.931005061 0.119488239
vt 0.934415102 0.105820335
vt 0.954875648 0.10309732
vt 0.932710111 0.119488247
vt 0.931005061 0.125614151
vt 0.934415102 0.114018358
vt 0.932710111 0.125614151
vt 0.931005061 0.131055146
vt 0.956580639 0.100374281
vt 0.954875588 0.0894584656
vt 0.95828557 0.0894584507
vt 0.95828563 0.100374289
vt 0.956580639 0.103097312
vt 0.95828563 0.104458831
vt 0.954875648 0.105820343
vt 0.934415102 0.119488254
vt 0.932710171 0.131055117
vt 0.931005061 0.137211666
vt 0.956580639 0.105820335
vt 0.954875648 0.114018373
vt 0.956580639 0.114018373
vt 0.95828563 0.11675331
vt 0.954875648 0.119488254
vt 0.934415102 0.125614151
vt 0.932710171 0.137211666
vt 0.93100512 0.152220353
vt 0.956580639 0.119488247
vt 0.954875648 0.125614166
vt 0.934415102 0.131055146
vt 0.956580639 0.125614151
vt 0.958285689 0.128334641
vt 0.954875648 0.131055146
vt 0.956580698 0.131055117
vt 0.954875648 0.137211651
vt 0.956580698 0.137211666
vt 0.958285689 0.152220353
vt 0.934415102 0.137211651
vt 0.954875648 0.143365413
vt 0.956580698 0.143365413
vt 0.954872787 0.14880915
vt 0.934415162 0.143365413
vt 0.934415162 0.14880915
vt 0.932710171 0.143365383
vt 0.159170181 0.946788788
vt 0.159839377 0.927076697
vt 0.159119606 0.926137924
vt 0.15854457 0.947924018
vt 0.608935356 0.452754617
vt 0.671697557 0.452754617
vt 0.671697497 0.442520887
vt 0.608935356 0.442520887
vt 0.608935356 0.442520887
vt 0.660781682 0.399894297
vt 0.608935416 0.399894297
vt 0.671697497 0.442520887
vt 0.671697497 0.399894297
vt 0.608935356 0.495539486
vt 0.671697557 0.495539486
vt 0.671697557 0.452754617
vt 0.608935356 0.452754617
vt 0.608935416 0.399894297
vt 0.660781682 0.397279114
vt 0.608935416 0.397279114
vt 0.660781682 0.399894297
vt 0.671697497 0.397279114
vt 0.671697497 0.399894297
vt 0.660780489 0.368575245
vt 0.671697438 0.368578404
vt 0.660796106 0.343271136
vt 0.671711802 0.343277246
vt 0.958285689 0.152220353
vt 0.968766928 0.152220383
vt 0.968767107 0.100374296
vt 0.959308863 0.100374289
vt 0.95828563 0.104458831
vt 0.95828563 0.11675331
vt 0.95828563 0.100374289
vt 0.95828557 0.0894584507
vt 0.959308982 0.100374289
vt 0.959308982 0.0894584432
vt 0.15505223 0.950275302
vt 0.156560853 0.958274603
vt 0.164846286 0.957756221
vt 0.167624488 0.949064434
vt 0.168225631 0.957513332
vt 0.164796159 0.959450781
vt 0.164846286 0.957756221
vt 0.156560853 0.958274603
vt 0.155998379 0.959190786
vt 0.15505223 0.950275302
vt 0.152946383 0.951091826
vt 0.155998379 0.959190786
vt 0.156560853 0.958274603
vt 0.710481048 0.254702806
vt 0.708022594 0.254057586
vt 0.703054607 0.271653652
vt 0.7059533 0.271904856
vt 0.89063412 0.739138126
vt 0.894913495 0.739750326
vt 0.892789662 0.710907757
vt 0.918701291 0.736608386
vt 0.918738306 0.712734878
vt 0.894945085 0.747023284
vt 0.918738306 0.745136261
vt 0.621201575 0.5756917
vt 0.671697557 0.5756917
vt 0.671697557 0.558646858
vt 0.621201575 0.558646858
vt 0.710481048 0.327514917
vt 0.707728684 0.296724528
vt 0.694500446 0.297856033
vt 0.697141707 0.328711063
vt 0.694500446 0.297856033
vt 0.707728684 0.296724528
vt 0.70393604 0.293071479
vt 0.694214523 0.293748289
vt 0.923099756 0.00171215856
vt 0.914252877 0.00312952045
vt 0.914525807 0.00483361026
vt 0.924622655 0.0119436337
vt 0.911613584 0.00529013481
vt 0.911958694 0.0139730629
vt 0.924622655 0.0119436337
vt 0.911958694 0.0139730629
vt 0.913789034 0.0157026574
vt 0.925237954 0.0151132559
vt 0.925237954 0.0151132559
vt 0.913789034 0.0157026574
vt 0.915683091 0.0619524047
vt 0.927580893 0.061349567
vt 0.32289809 0.880479455
vt 0.326632231 0.88024348
vt 0.326008916 0.870062172
vt 0.322605401 0.870395243
vt 0.302898616 0.866836429
vt 0.303366959 0.824054182
vt 0.318673164 0.822890282
vt 0.295308381 0.910318434
vt 0.292694449 0.86761266
vt 0.292694449 0.9102391
vt 0.297018677 0.910368025
vt 0.322737873 0.908808649
vt 0.296103328 0.920769393
vt 0.320925862 0.910876811
vt 0.322633654 0.910915196
vt 0.32125333 0.915182471
vt 0.323068649 0.916633844
vt 0.297660023 0.91880089
vt 0.170715258 0.469486028
vt 0.170715153 0.462664008
vt 0.164316162 0.462663978
vt 0.163293004 0.469485998
vt 0.170715153 0.482117832
vt 0.164316162 0.45994097
vt 0.1632929 0.482117832
vt 0.1632929 0.45994097
vt 0.1632929 0.449025154
vt 0.164316162 0.449025154
vt 0.170715153 0.493699968
vt 0.163293004 0.493699968
vt 0.170715153 0.511786878
vt 0.1632929 0.511786878
vt 0.529961407 0.644732594
vt 0.530684352 0.641886711
vt 0.528045177 0.641216278
vt 0.527322233 0.644062281
vt 0.528045177 0.641216278
vt 0.521665812 0.641717315
vt 0.521600544 0.644454777
vt 0.527322233 0.644062281
vt 0.1632929 0.564334035
vt 0.166031063 0.564334035
vt 0.166031063 0.515211165
vt 0.1632929 0.515211165
vt 0.527322233 0.644062281
vt 0.521600544 0.644454777
vt 0.521786928 0.647171378
vt 0.527508557 0.646778882
vt 0.522347987 0.655350149
vt 0.528069675 0.654957652
vt 0.522722363 0.660807252
vt 0.528444052 0.660414696
vt 0.523141682 0.666918874
vt 0.528863311 0.666526258
vt 0.523514092 0.672347069
vt 0.529235721 0.671954572
vt 0.523935437 0.678489029
vt 0.529657066 0.678096533
vt 0.524962664 0.693462729
vt 0.530684352 0.693070233
vt 0.171020359 0.526113451
vt 0.170477509 0.515211165
vt 0.169455379 0.515262008
vt 0.169998243 0.526164293
vt 0.660780489 0.368575245
vt 0.660796106 0.343271136
vt 0.658412457 0.343019336
vt 0.654415071 0.366550326
vt 0.65506798 0.369407564
vt 0.656085551 0.369496375
vt 0.660781682 0.397279114
vt 0.655497253 0.372848958
vt 0.651959121 0.392999709
vt 0.651369452 0.396358192
vt 0.654478788 0.372749329
vt 0.650940776 0.39289999
vt 0.660798073 0.339850724
vt 0.660796106 0.343271136
vt 0.671711802 0.343277246
vt 0.67171371 0.339856833
vt 0.169998243 0.526164293
vt 0.169455379 0.546617627
vt 0.17047748 0.546566844
vt 0.171020359 0.526113451
vt 0.163696215 0.94662255
vt 0.164328277 0.947419047
vt 0.165438041 0.926529408
vt 0.164602548 0.927328289
vt 0.164328277 0.947419047
vt 0.167624488 0.949064434
vt 0.169343546 0.924807608
vt 0.165438041 0.926529408
vt 0.159170181 0.946788788
vt 0.15854457 0.947924018
vt 0.164328277 0.947419047
vt 0.163696215 0.94662255
vt 0.156503782 0.916252255
vt 0.170035183 0.916189611
vt 0.170020819 0.910560608
vt 0.155629724 0.912093341
vt 0.170035183 0.916189611
vt 0.156503782 0.916252255
vt 0.155373365 0.923872888
vt 0.169343546 0.924807608
vt 0.159839377 0.927076697
vt 0.164602548 0.927328289
vt 0.165438041 0.926529408
vt 0.159119606 0.926137924
vt 0.703054607 0.271653652
vt 0.708022594 0.254057586
vt 0.706807673 0.253861398
vt 0.701547801 0.271345705
vt 0.702385545 0.293368667
vt 0.70393604 0.293071479
vt 0.671697557 0.558646858
vt 0.671697557 0.510889947
vt 0.621201575 0.510889947
vt 0.621201575 0.558646858
vt 0.170478612 0.560957968
vt 0.170478612 0.550041914
vt 0.169455349 0.550041914
vt 0.169455349 0.560957968
vt 0.170810625 0.634998083
vt 0.170810625 0.624082267
vt 0.169787362 0.624082267
vt 0.169787362 0.634998083
vt 0.934415162 0.0894584581
vt 0.934415162 0.100374289
vt 0.935438514 0.100374289
vt 0.935438514 0.0894584507
vt 0.565860927 0.312791616
vt 0.565110028 0.311847657
vt 0.565109909 0.334872574
vt 0.565947473 0.334073663
vt 0.571908891 0.335368037
vt 0.578403115 0.335937232
vt 0.57840848 0.312039346
vt 0.572050273 0.312037915
vt 0.565860927 0.312791616
vt 0.571156502 0.313015193
vt 0.572050273 0.312037915
vt 0.565110028 0.311847657
vt 0.590687513 0.334011078
vt 0.585243821 0.334011078
vt 0.585243762 0.335716873
vt 0.594098687 0.335716873
vt 0.594098866 0.311847746
vt 0.590687633 0.313550681
vt 0.581832767 0.311847597
vt 0.585243881 0.313554049
vt 0.565947473 0.334073663
vt 0.565109909 0.334872574
vt 0.571908891 0.335368037
vt 0.571101248 0.334308177
vt 0.698409379 0.271415591
vt 0.699239194 0.293486953
vt 0.702385545 0.293368667
vt 0.701547801 0.271345705
vt 0.7059533 0.271904856
vt 0.703054607 0.271653652
vt 0.70393604 0.293071479
vt 0.707728684 0.296724528
vt 0.790202498 0.301300496
vt 0.795614123 0.301735997
vt 0.795614123 0.25966832
vt 0.790193379 0.260026425
vt 0.942265153 0.457269818
vt 0.901001453 0.450426698
vt 0.900465131 0.477461874
vt 0.938612938 0.478741616
vt 0.901001453 0.450426698
vt 0.942265153 0.457269818
vt 0.9502002 0.453886747
vt 0.900465131 0.437286288
vt 0.942265153 0.457269818
vt 0.938612938 0.478741616
vt 0.943617821 0.48381412
vt 0.9502002 0.453886747
vt 0.938612938 0.478741616
vt 0.900465131 0.477461874
vt 0.901613235 0.488274187
vt 0.943617821 0.48381412
vt 0.784781754 0.259591043
vt 0.784781754 0.30165872
vt 0.790202498 0.301300496
vt 0.790193379 0.260026425
vt 0.302933156 0.512117743
vt 0.304297626 0.512117803
vt 0.304297626 0.501201928
vt 0.302933156 0.501201868
vt 0.2940543 0.512117803
vt 0.302933097 0.495755881
vt 0.304297626 0.487557769
vt 0.29405427 0.501202047
vt 0.29268977 0.512117803
vt 0.29268977 0.501202047
vt 0.29405427 0.495755881
vt 0.29268977 0.495755881
vt 0.302933156 0.487557888
vt 0.304297626 0.482088
vt 0.29405427 0.487557769
vt 0.29268977 0.487557888
vt 0.302933097 0.482088
vt 0.304297686 0.475962073
vt 0.29405427 0.482088
vt 0.292689711 0.482088
vt 0.302933156 0.475961953
vt 0.29405427 0.475962073
vt 0.292689711 0.475962073
vt 0.302933156 0.470521033
vt 0.304297626 0.460284352
vt 0.29405427 0.470521033
vt 0.29268977 0.470521033
vt 0.302933156 0.464364409
vt 0.29405427 0.464364618
vt 0.29268977 0.460284352
vt 0.29268977 0.460284352
vt 0.304297626 0.460284352
vt 0.304297626 0.378334135
vt 0.299626499 0.378334135
vt 0.626336038 0.957042098
vt 0.626484096 0.954625249
vt 0.621604383 0.953124762
vt 0.62114805 0.95694381
vt 0.626336038 0.957042098
vt 0.631459355 0.957467735
vt 0.63139087 0.953834474
vt 0.626484096 0.954625249
vt 0.640554726 0.954061866
vt 0.636244535 0.954168558
vt 0.641261935 0.955855012
vt 0.636357844 0.957436442
vt 0.63139087 0.953834474
vt 0.631459355 0.957467735
vt 0.641200066 0.957245708
vt 0.649787247 0.95664984
vt 0.648000956 0.955652297
vt 0.647344649 0.960043311
vt 0.63864702 0.960694492
vt 0.635636508 0.960789323
vt 0.638979852 0.966785908
vt 0.647344649 0.960043311
vt 0.651549339 0.965312958
vt 0.648185015 0.965922654
vt 0.652683139 0.971008182
vt 0.649021149 0.971569777
vt 0.653726399 0.977911115
vt 0.649815142 0.978314161
vt 0.648185015 0.965922654
vt 0.654837608 0.997981369
vt 0.649021149 0.971569777
vt 0.650278449 0.984544277
vt 0.639335752 0.972433567
vt 0.635867655 0.966938078
vt 0.639728427 0.979020417
vt 0.649815142 0.978314161
vt 0.636120617 0.972598016
vt 0.626466274 0.96704489
vt 0.626526535 0.960745633
vt 0.623558342 0.96062547
vt 0.62114805 0.95694381
vt 0.640007317 0.985040128
vt 0.636402786 0.979162276
vt 0.640245199 0.991899967
vt 0.650666773 0.991648138
vt 0.636628032 0.985143304
vt 0.626488209 0.979356945
vt 0.626454771 0.972779274
vt 0.650278449 0.984544277
vt 0.623305261 0.967002213
vt 0.636850476 0.991936505
vt 0.626566768 0.992043734
vt 0.608935297 0.997981369
vt 0.623214602 0.972771287
vt 0.626525402 0.985306323
vt 0.623175859 0.9793697
vt 0.623159766 0.985321641
vt 0.613583148 0.966673672
vt 0.61321187 0.979270816
vt 0.623140454 0.992068172
vt 0.612904191 0.991985977
vt 0.613059342 0.985236466
vt 0.610225976 0.959852755
vt 0.613377929 0.972577572
vt 0.61392653 0.960109293
vt 0.610225976 0.959852755
vt 0.610545456 0.956231833
vt 0.610810757 0.952656209
vt 0.621604383 0.953124762
vt 0.611090422 0.944666803
vt 0.621538222 0.945402384
vt 0.61125803 0.94083935
vt 0.621907711 0.942001581
vt 0.648657262 0.954173565
vt 0.647250891 0.95366323
vt 0.647162855 0.954480052
vt 0.648000956 0.955652297
vt 0.621538222 0.945402384
vt 0.625121236 0.94268024
vt 0.621907711 0.942001581
vt 0.624638975 0.945681393
vt 0.621604383 0.953124762
vt 0.624218702 0.951710463
vt 0.621538222 0.945402384
vt 0.648000956 0.955652297
vt 0.647162855 0.954480052
vt 0.642234683 0.954506159
vt 0.641261935 0.955855012
vt 0.640603304 0.948351264
vt 0.640932143 0.945907593
vt 0.637249351 0.945288777
vt 0.6368137 0.947925806
vt 0.640554726 0.954061866
vt 0.6368137 0.947925806
vt 0.640554726 0.954061866
vt 0.642210901 0.953528523
vt 0.642491341 0.948553264
vt 0.640603304 0.948351264
vt 0.640603304 0.948351264
vt 0.642778218 0.946257532
vt 0.640932143 0.945907593
vt 0.6368137 0.947925806
vt 0.637249351 0.945288777
vt 0.633395731 0.944513023
vt 0.632812381 0.947239459
vt 0.636244535 0.954168558
vt 0.647162855 0.954480052
vt 0.642210901 0.953528523
vt 0.642234683 0.954506159
vt 0.647250891 0.95366323
vt 0.642491341 0.948553264
vt 0.647754014 0.949080884
vt 0.642778218 0.946257532
vt 0.648047566 0.946897209
vt 0.649821341 0.947154343
vt 0.648047566 0.946897209
vt 0.647754014 0.949080884
vt 0.649495006 0.949361801
vt 0.647250891 0.95366323
vt 0.648657262 0.954173565
vt 0.641261935 0.955855012
vt 0.642234683 0.954506159
vt 0.642210901 0.953528523
vt 0.640554726 0.954061866
vt 0.633395731 0.944513023
vt 0.630702019 0.94384712
vt 0.630125523 0.946574986
vt 0.632812381 0.947239459
vt 0.632812381 0.947239459
vt 0.629166543 0.952163815
vt 0.63139087 0.953834474
vt 0.624638975 0.945681393
vt 0.624218702 0.951710463
vt 0.629166543 0.952163815
vt 0.630125523 0.946574986
vt 0.625121236 0.94268024
vt 0.630702019 0.94384712
vt 0.298382193 0.659895301
vt 0.289464444 0.711645842
vt 0.29560864 0.707183421
vt 0.303602368 0.660794854
vt 0.29560864 0.707183421
vt 0.289464444 0.711645842
vt 0.2896263 0.71334368
vt 0.294899523 0.712841213
vt 0.294899523 0.712841213
vt 0.2896263 0.71334368
vt 0.289949864 0.716739535
vt 0.295223117 0.716237009
vt 0.295223117 0.716237009
vt 0.289949864 0.716739535
vt 0.29367125 0.755791426
vt 0.298944563 0.755288899
vt 0.298944563 0.755288899
vt 0.29367125 0.755791426
vt 0.298329085 0.804672062
vt 0.303602338 0.804169536
vt 0.998288035 0.552638352
vt 0.998288035 0.49464798
vt 0.952236772 0.49464798
vt 0.952236891 0.552638352
vt 0.743986368 0.996701539
vt 0.733070433 0.938711166
vt 0.733070433 0.996701539
vt 0.743986249 0.938711166
vt 0.750808716 0.996701539
vt 0.750808835 0.938711166
vt 0.757631004 0.996701539
vt 0.757631123 0.938711107
vt 0.764453471 0.996701539
vt 0.764453471 0.938711166
vt 0.785583675 0.996701539
vt 0.785583675 0.938711166
vt 0.648967445 0.826128304
vt 0.648918152 0.935647249
vt 0.649775028 0.936514974
vt 0.650694907 0.826142311
vt 0.650694907 0.826142311
vt 0.649775028 0.936514974
vt 0.662540138 0.936647773
vt 0.663459778 0.826248646
vt 0.608935356 0.826128364
vt 0.608935237 0.935670733
vt 0.648918152 0.935647249
vt 0.648967445 0.826128304
vt 0.509172201 0.168807
vt 0.509172261 0.180691943
vt 0.561685503 0.180692047
vt 0.561685503 0.168807
vt 0.561685503 0.168807
vt 0.561685443 0.0766955987
vt 0.509172201 0.0766954869
vt 0.509172201 0.168807
vt 0.561685443 0.0766955987
vt 0.561685443 0.0579212233
vt 0.509172142 0.0579212271
vt 0.509172201 0.0766954869
vt 0.791006744 0.918239832
vt 0.791006744 0.826128364
vt 0.779121578 0.826128364
vt 0.772232294 0.918239832
vt 0.73477602 0.826128364
vt 0.772232294 0.93528682
vt 0.73477608 0.93528682
vt 0.733070433 0.826128364
vt 0.733070433 0.93528682
vt 0.561685443 0.0579212233
vt 0.561685443 0.0408741012
vt 0.509172142 0.0408741012
vt 0.509172142 0.0579212271
vt 0.561685443 0.00341787655
vt 0.561685443 0.00171214819
vt 0.521793604 0.00171214994
vt 0.521793604 0.00341787818
vt 0.561685443 0.0408741012
vt 0.509172142 0.0408741012
vt 0.509172142 0.00341787888
vt 0.608935237 0.935670733
vt 0.60897392 0.937415123
vt 0.649775028 0.936514974
vt 0.648918152 0.935647249
vt 0.977668047 0.739495695
vt 0.977700353 0.689389884
vt 0.969344735 0.700103581
vt 0.969343901 0.733009219
vt 0.977700353 0.689389884
vt 0.929124713 0.701619267
vt 0.937443614 0.708112299
vt 0.969344735 0.700103581
vt 0.929124713 0.701619267
vt 0.929124713 0.751682639
vt 0.937485576 0.740963697
vt 0.937443614 0.708112299
vt 0.929124713 0.751682639
vt 0.977668047 0.739495695
vt 0.969343901 0.733009219
vt 0.937485576 0.740963697
vt 0.95615679 0.716746211
vt 0.937443614 0.708112299
vt 0.950664759 0.718435764
vt 0.969344735 0.700103581
vt 0.9561131 0.722697496
vt 0.969343901 0.733009219
vt 0.950664759 0.718435764
vt 0.937485576 0.740963697
vt 0.95044893 0.724341631
vt 0.9561131 0.722697496
vt 0.382179856 0.69998318
vt 0.381752968 0.6977368
vt 0.365320504 0.709532559
vt 0.367013276 0.710229993
vt 0.253239155 0.422727376
vt 0.255878389 0.42115739
vt 0.232443675 0.421297461
vt 0.235146135 0.422926068
vt 0.367013276 0.710229993
vt 0.365320504 0.709532559
vt 0.374600083 0.720171392
vt 0.374399126 0.718754351
vt 0.252113611 0.434330374
vt 0.254771322 0.435896695
vt 0.255878389 0.42115739
vt 0.253239155 0.422727376
vt 0.374399126 0.718754351
vt 0.374600083 0.720171392
vt 0.38959682 0.712632596
vt 0.387784451 0.7111305
vt 0.236665294 0.434702933
vt 0.234026328 0.43654111
vt 0.254771322 0.435896695
vt 0.252113611 0.434330374
vt 0.387784451 0.7111305
vt 0.38959682 0.712632596
vt 0.381752968 0.6977368
vt 0.382179856 0.69998318
vt 0.235146135 0.422926068
vt 0.232443675 0.421297461
vt 0.234026328 0.43654111
vt 0.236665294 0.434702933
vt 0.425615698 0.685110748
vt 0.426136136 0.682519794
vt 0.402377039 0.688449681
vt 0.403831422 0.690281987
vt 0.20772025 0.428371131
vt 0.209495127 0.42589283
vt 0.18920204 0.434573054
vt 0.192094639 0.434758663
vt 0.403831422 0.690281987
vt 0.402377039 0.688449681
vt 0.408046514 0.706129968
vt 0.408501923 0.703880787
vt 0.210634783 0.439237028
vt 0.213598192 0.440105826
vt 0.209495127 0.42589283
vt 0.20772025 0.428371131
vt 0.408501923 0.703880787
vt 0.408046514 0.706129968
vt 0.428529561 0.701957345
vt 0.42718026 0.699851096
vt 0.197292656 0.443948835
vt 0.195666656 0.445923269
vt 0.213598192 0.440105826
vt 0.210634783 0.439237028
vt 0.42718026 0.699851096
vt 0.428529561 0.701957345
vt 0.426136136 0.682519794
vt 0.425615698 0.685110748
vt 0.192094639 0.434758663
vt 0.18920204 0.434573054
vt 0.195666656 0.445923269
vt 0.197292656 0.443948835
vt 0.402397096 0.690935969
vt 0.402377039 0.688449681
vt 0.381752968 0.6977368
vt 0.383357048 0.699100137
vt 0.230130628 0.423439056
vt 0.232443675 0.421297461
vt 0.209495127 0.42589283
vt 0.212398529 0.42689693
vt 0.383357048 0.699100137
vt 0.381752968 0.6977368
vt 0.38959682 0.712632596
vt 0.38973096 0.710642517
vt 0.231072485 0.435281813
vt 0.234026328 0.43654111
vt 0.232443675 0.421297461
vt 0.230130628 0.423439056
vt 0.38973096 0.710642517
vt 0.38959682 0.712632596
vt 0.408046514 0.706129968
vt 0.406356305 0.704314411
vt 0.215884492 0.438030005
vt 0.213598192 0.440105826
vt 0.234026328 0.43654111
vt 0.231072485 0.435281813
vt 0.406356305 0.704314411
vt 0.408046514 0.706129968
vt 0.402377039 0.688449681
vt 0.402397096 0.690935969
vt 0.212398529 0.42689693
vt 0.209495127 0.42589283
vt 0.213598192 0.440105826
vt 0.215884492 0.438030005
vt 0.450577557 0.684161067
vt 0.451952368 0.681752503
vt 0.426136136 0.682519794
vt 0.427302897 0.684734344
vt 0.274778247 0.426330209
vt 0.277575165 0.425565243
vt 0.255878389 0.42115739
vt 0.258118033 0.423226982
vt 0.427302897 0.684734344
vt 0.426136136 0.682519794
vt 0.428529561 0.701957345
vt 0.429343075 0.699586809
vt 0.271539271 0.436357468
vt 0.273529112 0.437969297
vt 0.277575165 0.425565243
vt 0.274778247 0.426330209
vt 0.429343075 0.699586809
vt 0.428529561 0.701957345
vt 0.449189872 0.701199293
vt 0.44857046 0.699057281
vt 0.257500976 0.434437007
vt 0.254771322 0.435896695
vt 0.273529112 0.437969297
vt 0.271539271 0.436357468
vt 0.44857046 0.699057281
vt 0.449189872 0.701199293
vt 0.451952368 0.681752503
vt 0.450577557 0.684161067
vt 0.258118033 0.423226982
vt 0.255878389 0.42115739
vt 0.254771322 0.435896695
vt 0.257500976 0.434437007
vt 0.42447713 0.799286366
vt 0.424685717 0.797758639
vt 0.411475301 0.800893128
vt 0.412722379 0.802342355
vt 0.240520135 0.518568814
vt 0.242118239 0.516556084
vt 0.226806611 0.518903553
vt 0.229201883 0.520344079
vt 0.412722379 0.802342355
vt 0.411475301 0.800893128
vt 0.420461982 0.81819433
vt 0.420976847 0.815789104
vt 0.24052161 0.533380687
vt 0.244455755 0.534711897
vt 0.242118239 0.516556084
vt 0.240520135 0.518568814
vt 0.420976847 0.815789104
vt 0.420461982 0.81819433
vt 0.427523017 0.816687882
vt 0.425719887 0.81473738
vt 0.235465363 0.534045458
vt 0.232226297 0.53646028
vt 0.244455755 0.534711897
vt 0.24052161 0.533380687
vt 0.425719887 0.81473738
vt 0.427523017 0.816687882
vt 0.424685717 0.797758639
vt 0.42447713 0.799286366
vt 0.229201883 0.520344079
vt 0.226806611 0.518903553
vt 0.232226297 0.53646028
vt 0.235465363 0.534045458
vt 0.394993901 0.730685353
vt 0.395381421 0.728540063
vt 0.379460454 0.73339361
vt 0.380522013 0.734644413
vt 0.251922339 0.452240199
vt 0.254515499 0.450654954
vt 0.235577658 0.451741219
vt 0.238399848 0.453100234
vt 0.380522013 0.734644413
vt 0.379460454 0.73339361
vt 0.397533625 0.807425201
vt 0.397424519 0.805176497
vt 0.255767643 0.514223516
vt 0.257626683 0.515841126
vt 0.254515499 0.450654954
vt 0.251922339 0.452240199
vt 0.397424519 0.805176497
vt 0.397533625 0.807425201
vt 0.411475301 0.800893128
vt 0.410940975 0.800412059
vt 0.243724689 0.514920712
vt 0.242118239 0.516556084
vt 0.257626683 0.515841126
vt 0.255767643 0.514223516
vt 0.410940975 0.800412059
vt 0.411475301 0.800893128
vt 0.395381421 0.728540063
vt 0.394993901 0.730685353
vt 0.238399848 0.453100234
vt 0.235577658 0.451741219
vt 0.242118239 0.516556084
vt 0.243724689 0.514920712
vt 0.429885507 0.723077238
vt 0.430861115 0.720948517
vt 0.412599534 0.72406286
vt 0.414114535 0.725490987
vt 0.214639068 0.456564575
vt 0.216825947 0.454494596
vt 0.199047327 0.458256185
vt 0.201633006 0.459104866
vt 0.414114535 0.725490987
vt 0.412599534 0.72406286
vt 0.424685717 0.797758639
vt 0.424630851 0.796717823
vt 0.224622563 0.518177688
vt 0.226806611 0.518903553
vt 0.216825947 0.454494596
vt 0.214639068 0.456564575
vt 0.424630851 0.796717823
vt 0.424685717 0.797758639
vt 0.438517332 0.797168255
vt 0.438269973 0.795517802
vt 0.212321565 0.521217942
vt 0.210685775 0.523803949
vt 0.226806611 0.518903553
vt 0.224622563 0.518177688
vt 0.438269973 0.795517802
vt 0.438517332 0.797168255
vt 0.430861115 0.720948517
vt 0.429885507 0.723077238
vt 0.201633006 0.459104866
vt 0.199047327 0.458256185
vt 0.210685775 0.523803949
vt 0.212321565 0.521217942
vt 0.411870509 0.72629118
vt 0.412599534 0.72406286
vt 0.395381421 0.728540063
vt 0.396789759 0.729766846
vt 0.233081684 0.453645617
vt 0.235577658 0.451741219
vt 0.216825947 0.454494596
vt 0.219676897 0.455522954
vt 0.396789759 0.729766846
vt 0.411475301 0.800893128
vt 0.411271513 0.799419284
vt 0.395381421 0.728540063
vt 0.391239822 0.714126587
vt 0.38959682 0.712632596
vt 0.395491481 0.726689875
vt 0.240218192 0.515261292
vt 0.242118239 0.516556084
vt 0.235577658 0.451741219
vt 0.233081684 0.453645617
vt 0.411271513 0.799419284
vt 0.411475301 0.800893128
vt 0.424685717 0.797758639
vt 0.424423188 0.796587765
vt 0.228297442 0.516961694
vt 0.226806611 0.518903553
vt 0.242118239 0.516556084
vt 0.240218192 0.515261292
vt 0.424423188 0.796587765
vt 0.424685717 0.797758639
vt 0.412599534 0.72406286
vt 0.411870509 0.72629118
vt 0.219676897 0.455522954
vt 0.216825947 0.454494596
vt 0.226806611 0.518903553
vt 0.228297442 0.516961694
vt 0.248123601 0.617101252
vt 0.252785236 0.613402128
vt 0.237411886 0.614781082
vt 0.242593721 0.617596388
vt 0.249750644 0.634557426
vt 0.25509432 0.639142632
vt 0.252785236 0.613402128
vt 0.248123601 0.617101252
vt 0.243811727 0.634936333
vt 0.239185274 0.639966905
vt 0.25509432 0.639142632
vt 0.249750644 0.634557426
vt 0.242593721 0.617596388
vt 0.237411886 0.614781082
vt 0.239185274 0.639966905
vt 0.243811727 0.634936333
vt 0.45243457 0.801858723
vt 0.454491109 0.799651027
vt 0.438517332 0.797168255
vt 0.438696206 0.79825139
vt 0.271468163 0.519092917
vt 0.274528891 0.517414391
vt 0.257626683 0.515841126
vt 0.259458989 0.517401516
vt 0.438696206 0.79825139
vt 0.438517332 0.797168255
vt 0.434840322 0.817412794
vt 0.436872244 0.815638721
vt 0.264359951 0.532720745
vt 0.266775399 0.534494162
vt 0.274528891 0.517414391
vt 0.271468163 0.519092917
vt 0.436872244 0.815638721
vt 0.434840322 0.817412794
vt 0.440465301 0.819678187
vt 0.440871507 0.817366481
vt 0.260224581 0.532410443
vt 0.256691605 0.5340662
vt 0.266775399 0.534494162
vt 0.264359951 0.532720745
vt 0.440871507 0.817366481
vt 0.440465301 0.819678187
vt 0.454491109 0.799651027
vt 0.45243457 0.801858723
vt 0.259458989 0.517401516
vt 0.257626683 0.515841126
vt 0.256691605 0.5340662
vt 0.260224581 0.532410443
vt 0.411562771 0.801979125
vt 0.411475301 0.800893128
vt 0.397533625 0.807425201
vt 0.399968207 0.808824956
vt 0.255625308 0.517793357
vt 0.257626683 0.515841126
vt 0.242118239 0.516556084
vt 0.244138986 0.518135428
vt 0.399968207 0.808824956
vt 0.397533625 0.807425201
vt 0.415298939 0.821807623
vt 0.414273232 0.819680214
vt 0.253088415 0.532404065
vt 0.256691605 0.5340662
vt 0.257626683 0.515841126
vt 0.255625308 0.517793357
vt 0.414273232 0.819680214
vt 0.415298939 0.821807623
vt 0.420461982 0.81819433
vt 0.418220848 0.816986084
vt 0.248090878 0.532570481
vt 0.244455755 0.534711897
vt 0.256691605 0.5340662
vt 0.253088415 0.532404065
vt 0.418220848 0.816986084
vt 0.420461982 0.81819433
vt 0.411475301 0.800893128
vt 0.411562771 0.801979125
vt 0.244138986 0.518135428
vt 0.242118239 0.516556084
vt 0.244455755 0.534711897
vt 0.248090878 0.532570481
vt 0.437721491 0.79904151
vt 0.438517332 0.797168255
vt 0.424685717 0.797758639
vt 0.425291687 0.799126625
vt 0.225370198 0.520837128
vt 0.226806611 0.518903553
vt 0.210685775 0.523803949
vt 0.214050859 0.52479583
vt 0.425291687 0.799126625
vt 0.424685717 0.797758639
vt 0.427523017 0.816687882
vt 0.428992063 0.814507127
vt 0.228484198 0.535555482
vt 0.232226297 0.53646028
vt 0.226806611 0.518903553
vt 0.225370198 0.520837128
vt 0.428992063 0.814507127
vt 0.427523017 0.816687882
vt 0.434840322 0.817412794
vt 0.433826536 0.814959764
vt 0.224039003 0.536744177
vt 0.222040549 0.53902334
vt 0.232226297 0.53646028
vt 0.228484198 0.535555482
vt 0.433826536 0.814959764
vt 0.434840322 0.817412794
vt 0.438517332 0.797168255
vt 0.437721491 0.79904151
vt 0.214050859 0.52479583
vt 0.210685775 0.523803949
vt 0.222040549 0.53902334
vt 0.224039003 0.536744177
vt 0.257390052 0.656470895
vt 0.274389952 0.653906047
vt 0.271826178 0.636909842
vt 0.25509432 0.639142632
vt 0.279170036 0.613084853
vt 0.283699632 0.60905236
vt 0.268144071 0.61149919
vt 0.273597389 0.613973081
vt 0.281845599 0.630432546
vt 0.287408829 0.634466767
vt 0.283699632 0.60905236
vt 0.279170036 0.613084853
vt 0.2760095 0.631361246
vt 0.271826178 0.636909842
vt 0.287408829 0.634466767
vt 0.281845599 0.630432546
vt 0.273597389 0.613973081
vt 0.268144071 0.61149919
vt 0.271826178 0.636909842
vt 0.2760095 0.631361246
vt 0.263609409 0.615360558
vt 0.268144071 0.61149919
vt 0.252785236 0.613402128
vt 0.258064926 0.616063476
vt 0.265983015 0.632745206
vt 0.271826178 0.636909842
vt 0.268144071 0.61149919
vt 0.263609409 0.615360558
vt 0.259820759 0.633594394
vt 0.25509432 0.639142632
vt 0.271826178 0.636909842
vt 0.265983015 0.632745206
vt 0.258064926 0.616063476
vt 0.252785236 0.613402128
vt 0.25509432 0.639142632
vt 0.259820759 0.633594394
vt 0.232645452 0.618292332
vt 0.237411886 0.614781082
vt 0.221848205 0.615718603
vt 0.227067724 0.618657708
vt 0.234016687 0.635514379
vt 0.239185274 0.639966905
vt 0.237411886 0.614781082
vt 0.232645452 0.618292332
vt 0.228203639 0.635916293
vt 0.223694935 0.640968859
vt 0.239185274 0.639966905
vt 0.234016687 0.635514379
vt 0.227067724 0.618657708
vt 0.221848205 0.615718603
vt 0.223694935 0.640968859
vt 0.228203639 0.635916293
vt 0.453410834 0.643964171
vt 0.454491109 0.641216159
vt 0.419139922 0.646261811
vt 0.420481473 0.648086727
vt 0.284564793 0.40094465
vt 0.287408829 0.400243163
vt 0.259338558 0.393029094
vt 0.261450917 0.395077914
vt 0.420481473 0.648086727
vt 0.419139922 0.646261811
vt 0.423103988 0.664053142
vt 0.423794657 0.662155688
vt 0.280606866 0.410831153
vt 0.282374054 0.412926286
vt 0.287408829 0.400243163
vt 0.284564793 0.40094465
vt 0.423794657 0.662155688
vt 0.423103988 0.664053142
vt 0.453862846 0.661673486
vt 0.452934116 0.659419656
vt 0.260131031 0.405799896
vt 0.257476866 0.40691945
vt 0.282374054 0.412926286
vt 0.280606866 0.410831153
vt 0.452934116 0.659419656
vt 0.453862846 0.661673486
vt 0.454491109 0.641216159
vt 0.453410834 0.643964171
vt 0.261450917 0.395077914
vt 0.259338558 0.393029094
vt 0.257476866 0.40691945
vt 0.260131031 0.405799896
vt 0.452607989 0.664271355
vt 0.453862846 0.661673486
vt 0.423103988 0.664053142
vt 0.424368441 0.666065931
vt 0.279530525 0.413637191
vt 0.282374054 0.412926286
vt 0.257476866 0.40691945
vt 0.259644717 0.408987731
vt 0.424368441 0.666065931
vt 0.423103988 0.664053142
vt 0.426136136 0.682519794
vt 0.426908672 0.680532277
vt 0.27575922 0.423577309
vt 0.277575165 0.425565243
vt 0.282374054 0.412926286
vt 0.279530525 0.413637191
vt 0.426908672 0.680532277
vt 0.426136136 0.682519794
vt 0.451952368 0.681752503
vt 0.451185077 0.679550469
vt 0.258551091 0.419891298
vt 0.255878389 0.42115739
vt 0.277575165 0.425565243
vt 0.27575922 0.423577309
vt 0.451185077 0.679550469
vt 0.451952368 0.681752503
vt 0.453862846 0.661673486
vt 0.452607989 0.664271355
vt 0.259644717 0.408987731
vt 0.257476866 0.40691945
vt 0.255878389 0.42115739
vt 0.258551091 0.419891298
vt 0.389638454 0.659455895
vt 0.389413178 0.6572209
vt 0.364506632 0.671833634
vt 0.366139889 0.672902822
vt 0.227181241 0.394254059
vt 0.229441285 0.39214772
vt 0.200397938 0.399099559
vt 0.2032336 0.399877161
vt 0.366139889 0.672902822
vt 0.364506632 0.671833634
vt 0.373283088 0.684342027
vt 0.373200476 0.682621121
vt 0.228248641 0.405370772
vt 0.230927035 0.406590879
vt 0.229441285 0.39214772
vt 0.227181241 0.394254059
vt 0.373200476 0.682621121
vt 0.373283088 0.684342027
vt 0.396155089 0.67229706
vt 0.394547522 0.671024024
vt 0.206979692 0.410160035
vt 0.205035701 0.412290603
vt 0.230927035 0.406590879
vt 0.228248641 0.405370772
vt 0.394547522 0.671024024
vt 0.396155089 0.67229706
vt 0.389413178 0.6572209
vt 0.389638454 0.659455895
vt 0.2032336 0.399877161
vt 0.200397938 0.399099559
vt 0.205035701 0.412290603
vt 0.206979692 0.410160035
vt 0.396273345 0.674653232
vt 0.396155089 0.67229706
vt 0.373283088 0.684342027
vt 0.374930769 0.685515583
vt 0.228656933 0.40868324
vt 0.230927035 0.406590879
vt 0.205035701 0.412290603
vt 0.207902744 0.413162082
vt 0.374930769 0.685515583
vt 0.373283088 0.684342027
vt 0.381752968 0.6977368
vt 0.381762773 0.695968926
vt 0.229662687 0.420024037
vt 0.232443675 0.421297461
vt 0.230927035 0.406590879
vt 0.228656933 0.40868324
vt 0.381762773 0.695968926
vt 0.381752968 0.6977368
vt 0.402377039 0.688449681
vt 0.400767803 0.68700242
vt 0.211540058 0.423746049
vt 0.209495127 0.42589283
vt 0.232443675 0.421297461
vt 0.229662687 0.420024037
vt 0.400767803 0.68700242
vt 0.402377039 0.688449681
vt 0.396155089 0.67229706
vt 0.396273345 0.674653232
vt 0.207902744 0.413162082
vt 0.205035701 0.412290603
vt 0.209495127 0.42589283
vt 0.211540058 0.423746049
vt 0.418869555 0.648791492
vt 0.419139922 0.646261811
vt 0.389413178 0.6572209
vt 0.390898377 0.65864265
vt 0.198753402 0.401530921
vt 0.200397938 0.399099559
vt 0.174466819 0.411845803
vt 0.177383929 0.411953717
vt 0.390898377 0.65864265
vt 0.389413178 0.6572209
vt 0.396155089 0.67229706
vt 0.3964535 0.670449257
vt 0.202218443 0.411731601
vt 0.205035701 0.412290603
vt 0.200397938 0.399099559
vt 0.198753402 0.401530921
vt 0.3964535 0.670449257
vt 0.396155089 0.67229706
vt 0.423103988 0.664053142
vt 0.421700299 0.662318408
vt 0.183253691 0.420796096
vt 0.181954518 0.42319712
vt 0.205035701 0.412290603
vt 0.202218443 0.411731601
vt 0.421700299 0.662318408
vt 0.423103988 0.664053142
vt 0.419139922 0.646261811
vt 0.418869555 0.648791492
vt 0.177383929 0.411953717
vt 0.174466819 0.411845803
vt 0.181954518 0.42319712
vt 0.183253691 0.420796096
vt 0.422671378 0.666609228
vt 0.423103988 0.664053142
vt 0.396155089 0.67229706
vt 0.397639364 0.673894763
vt 0.20333527 0.414752811
vt 0.205035701 0.412290603
vt 0.181954518 0.42319712
vt 0.184875503 0.423316032
vt 0.397639364 0.673894763
vt 0.396155089 0.67229706
vt 0.402377039 0.688449681
vt 0.402763724 0.686499536
vt 0.206629977 0.425195038
vt 0.209495127 0.42589283
vt 0.205035701 0.412290603
vt 0.20333527 0.414752811
vt 0.402763724 0.686499536
vt 0.402377039 0.688449681
vt 0.426136136 0.682519794
vt 0.424805164 0.680686474
vt 0.190572351 0.432268798
vt 0.18920204 0.434573054
vt 0.209495127 0.42589283
vt 0.206629977 0.425195038
vt 0.424805164 0.680686474
vt 0.426136136 0.682519794
vt 0.423103988 0.664053142
vt 0.422671378 0.666609228
vt 0.184875503 0.423316032
vt 0.181954518 0.42319712
vt 0.18920204 0.434573054
vt 0.190572351 0.432268798
vt 0.365057677 0.6738078
vt 0.364506632 0.671833634
vt 0.343954712 0.689912796
vt 0.345806837 0.690556288
vt 0.256716281 0.394371629
vt 0.259338558 0.393029094
vt 0.229441285 0.39214772
vt 0.232086286 0.393746883
vt 0.345806837 0.690556288
vt 0.343954712 0.689912796
vt 0.354867995 0.699592412
vt 0.354336858 0.698086202
vt 0.255137712 0.405221224
vt 0.257476866 0.40691945
vt 0.259338558 0.393029094
vt 0.256716281 0.394371629
vt 0.354336858 0.698086202
vt 0.354867995 0.699592412
vt 0.373283088 0.684342027
vt 0.371625513 0.683477521
vt 0.233304828 0.404854953
vt 0.230927035 0.406590879
vt 0.257476866 0.40691945
vt 0.255137712 0.405221224
vt 0.371625513 0.683477521
vt 0.373283088 0.684342027
vt 0.364506632 0.671833634
vt 0.365057677 0.6738078
vt 0.232086286 0.393746883
vt 0.229441285 0.39214772
vt 0.230927035 0.406590879
vt 0.233304828 0.404854953
vt 0.373786926 0.686446488
vt 0.373283088 0.684342027
vt 0.354867995 0.699592412
vt 0.356678098 0.700235367
vt 0.254843295 0.408356905
vt 0.257476866 0.40691945
vt 0.230927035 0.406590879
vt 0.233575702 0.408179224
vt 0.356678098 0.700235367
vt 0.354867995 0.699592412
vt 0.365320504 0.709532559
vt 0.364903897 0.708089113
vt 0.253441274 0.419465989
vt 0.255878389 0.42115739
vt 0.257476866 0.40691945
vt 0.254843295 0.408356905
vt 0.364903897 0.708089113
vt 0.365320504 0.709532559
vt 0.381752968 0.6977368
vt 0.380068302 0.696682215
vt 0.234910116 0.419484317
vt 0.232443675 0.421297461
vt 0.255878389 0.42115739
vt 0.253441274 0.419465989
vt 0.380068302 0.696682215
vt 0.381752968 0.6977368
vt 0.373283088 0.684342027
vt 0.373786926 0.686446488
vt 0.233575702 0.408179224
vt 0.230927035 0.406590879
vt 0.232443675 0.421297461
vt 0.234910116 0.419484317
vt 0.389606297 0.71508193
vt 0.38959682 0.712632596
vt 0.374600083 0.720171392
vt 0.37582314 0.721182406
vt 0.251964152 0.437448829
vt 0.254771322 0.435896695
vt 0.234026328 0.43654111
vt 0.236978099 0.43800053
vt 0.37582314 0.721182406
vt 0.374600083 0.720171392
vt 0.379460454 0.73339361
vt 0.379801691 0.731808186
vt 0.252108335 0.44912684
vt 0.254515499 0.450654954
vt 0.254771322 0.435896695
vt 0.251964152 0.437448829
vt 0.379801691 0.731808186
vt 0.379460454 0.73339361
vt 0.395381421 0.728540063
vt 0.393998146 0.726893306
vt 0.237856507 0.449853212
vt 0.235577658 0.451741219
vt 0.254515499 0.450654954
vt 0.252108335 0.44912684
vt 0.393998146 0.726893306
vt 0.395381421 0.728540063
vt 0.38959682 0.712632596
vt 0.389606297 0.71508193
vt 0.236978099 0.43800053
vt 0.234026328 0.43654111
vt 0.235577658 0.451741219
vt 0.237856507 0.449853212
vt 0.427734584 0.704515994
vt 0.428529561 0.701957345
vt 0.408046514 0.706129968
vt 0.409677923 0.708049238
vt 0.211482435 0.442418694
vt 0.213598192 0.440105826
vt 0.195666656 0.445923269
vt 0.198308408 0.446329355
vt 0.409677923 0.708049238
vt 0.408046514 0.706129968
vt 0.412599534 0.72406286
vt 0.412817299 0.721998096
vt 0.214117303 0.453352183
vt 0.216825947 0.454494596
vt 0.213598192 0.440105826
vt 0.211482435 0.442418694
vt 0.412817299 0.721998096
vt 0.412599534 0.72406286
vt 0.430861115 0.720948517
vt 0.429896832 0.718932569
vt 0.201007932 0.456437856
vt 0.199047327 0.458256185
vt 0.216825947 0.454494596
vt 0.214117303 0.453352183
vt 0.429896832 0.718932569
vt 0.430861115 0.720948517
vt 0.428529561 0.701957345
vt 0.427734584 0.704515994
vt 0.198308408 0.446329355
vt 0.195666656 0.445923269
vt 0.199047327 0.458256185
vt 0.201007932 0.456437856
vt 0.407667279 0.708713591
vt 0.408046514 0.706129968
vt 0.38959682 0.712632596
vt 0.391239822 0.714126587
vt 0.231426761 0.438567191
vt 0.234026328 0.43654111
vt 0.213598192 0.440105826
vt 0.216655046 0.441060901
vt 0.232964233 0.450351238
vt 0.235577658 0.451741219
vt 0.234026328 0.43654111
vt 0.231426761 0.438567191
vt 0.395491481 0.726689875
vt 0.395381421 0.728540063
vt 0.412599534 0.72406286
vt 0.411378175 0.722173035
vt 0.218871161 0.452516556
vt 0.216825947 0.454494596
vt 0.235577658 0.451741219
vt 0.232964233 0.450351238
vt 0.411378175 0.722173035
vt 0.412599534 0.72406286
vt 0.408046514 0.706129968
vt 0.407667279 0.708713591
vt 0.216655046 0.441060901
vt 0.213598192 0.440105826
vt 0.216825947 0.454494596
vt 0.218871161 0.452516556
vt 0.448141098 0.703386605
vt 0.449189872 0.701199293
vt 0.428529561 0.701957345
vt 0.429905623 0.704280317
vt 0.271020174 0.438897401
vt 0.273529112 0.437969297
vt 0.254771322 0.435896695
vt 0.257309139 0.437734306
vt 0.429905623 0.704280317
vt 0.428529561 0.701957345
vt 0.430861115 0.720948517
vt 0.431316167 0.718764901
vt 0.270416319 0.449360102
vt 0.272705823 0.450752765
vt 0.273529112 0.437969297
vt 0.271020174 0.438897401
vt 0.431316167 0.718764901
vt 0.430861115 0.720948517
vt 0.449415833 0.719500721
vt 0.448625654 0.71756655
vt 0.256942064 0.448987454
vt 0.254515499 0.450654954
vt 0.272705823 0.450752765
vt 0.270416319 0.449360102
vt 0.448625654 0.71756655
vt 0.449415833 0.719500721
vt 0.449189872 0.701199293
vt 0.448141098 0.703386605
vt 0.257309139 0.437734306
vt 0.254771322 0.435896695
vt 0.254515499 0.450654954
vt 0.256942064 0.448987454
vt 0.448478907 0.721405745
vt 0.449415833 0.719500721
vt 0.430861115 0.720948517
vt 0.432258815 0.722665966
vt 0.270339936 0.452104777
vt 0.272705823 0.450752765
vt 0.254515499 0.450654954
vt 0.257072091 0.452239275
vt 0.432258815 0.722665966
vt 0.430861115 0.720948517
vt 0.438517332 0.797168255
vt 0.4389323 0.796668172
vt 0.27237609 0.515208721
vt 0.274528891 0.517414391
vt 0.272705823 0.450752765
vt 0.270339936 0.452104777
vt 0.4389323 0.796668172
vt 0.438517332 0.797168255
vt 0.454491109 0.799651027
vt 0.453908384 0.797296703
vt 0.25965032 0.514698207
vt 0.257626683 0.515841126
vt 0.274528891 0.517414391
vt 0.27237609 0.515208721
vt 0.453908384 0.797296703
vt 0.454491109 0.799651027
vt 0.449415833 0.719500721
vt 0.448478907 0.721405745
vt 0.257072091 0.452239275
vt 0.254515499 0.450654954
vt 0.257626683 0.515841126
vt 0.25965032 0.514698207
vt 0.229048371 0.539136827
vt 0.232226297 0.53646028
vt 0.222040549 0.53902334
vt 0.225363061 0.539967418
vt 0.230128914 0.551424384
vt 0.234107032 0.553580105
vt 0.232226297 0.53646028
vt 0.229048371 0.539136827
vt 0.225987211 0.551652014
vt 0.222300261 0.553950727
vt 0.234107032 0.553580105
vt 0.230128914 0.551424384
vt 0.225363061 0.539967418
vt 0.222040549 0.53902334
vt 0.222300261 0.553950727
vt 0.225987211 0.551652014
vt 0.230332881 0.556229353
vt 0.234107032 0.553580105
vt 0.222300261 0.553950727
vt 0.226087749 0.556360126
vt 0.230661839 0.569770515
vt 0.234998837 0.572263718
vt 0.234107032 0.553580105
vt 0.230332881 0.556229353
vt 0.225968912 0.569861948
vt 0.221634865 0.572425842
vt 0.234998837 0.572263718
vt 0.230661839 0.569770515
vt 0.226087749 0.556360126
vt 0.222300261 0.553950727
vt 0.221634865 0.572425842
vt 0.225968912 0.569861948
vt 0.230757132 0.575108647
vt 0.234998837 0.572263718
vt 0.221634865 0.572425842
vt 0.225963473 0.575191379
vt 0.231220737 0.590081275
vt 0.236005276 0.592749715
vt 0.234998837 0.572263718
vt 0.230757132 0.575108647
vt 0.226060763 0.590266407
vt 0.221347302 0.593217909
vt 0.236005276 0.592749715
vt 0.231220737 0.590081275
vt 0.225963473 0.575191379
vt 0.221634865 0.572425842
vt 0.221347302 0.593217909
vt 0.226060763 0.590266407
vt 0.231420845 0.595906198
vt 0.236005276 0.592749715
vt 0.221347302 0.593217909
vt 0.22618033 0.596108139
vt 0.232261807 0.612044513
vt 0.237411886 0.614781082
vt 0.236005276 0.592749715
vt 0.231420845 0.595906198
vt 0.226764157 0.612390101
vt 0.221848205 0.615718603
vt 0.237411886 0.614781082
vt 0.232261807 0.612044513
vt 0.22618033 0.596108139
vt 0.221347302 0.593217909
vt 0.221848205 0.615718603
vt 0.226764157 0.612390101
vt 0.252955645 0.536168993
vt 0.256691605 0.5340662
vt 0.244455755 0.534711897
vt 0.248577073 0.536457956
vt 0.25419113 0.549044251
vt 0.258301109 0.550987422
vt 0.256691605 0.5340662
vt 0.252955645 0.536168993
vt 0.249907672 0.549565256
vt 0.246249273 0.552477956
vt 0.258301109 0.550987422
vt 0.25419113 0.549044251
vt 0.248577073 0.536457956
vt 0.244455755 0.534711897
vt 0.246249273 0.552477956
vt 0.249907672 0.549565256
vt 0.254780889 0.553975523
vt 0.258301109 0.550987422
vt 0.246249273 0.552477956
vt 0.250459433 0.554534614
vt 0.256811768 0.567424953
vt 0.261413366 0.56936413
vt 0.258301109 0.550987422
vt 0.254780889 0.553975523
vt 0.252177685 0.568102658
vt 0.248253435 0.571218431
vt 0.261413366 0.56936413
vt 0.256811768 0.567424953
vt 0.250459433 0.554534614
vt 0.246249273 0.552477956
vt 0.248253435 0.571218431
vt 0.252177685 0.568102658
vt 0.257567406 0.572708845
vt 0.261413366 0.56936413
vt 0.248253435 0.571218431
vt 0.252852142 0.573387325
vt 0.259807587 0.587446153
vt 0.264839411 0.589595079
vt 0.261413366 0.56936413
vt 0.257567406 0.572708845
vt 0.25474143 0.588168025
vt 0.250452548 0.591540933
vt 0.264839411 0.589595079
vt 0.259807587 0.587446153
vt 0.252852142 0.573387325
vt 0.248253435 0.571218431
vt 0.250452548 0.591540933
vt 0.25474143 0.588168025
vt 0.260591418 0.593186319
vt 0.264839411 0.589595079
vt 0.250452548 0.591540933
vt 0.25545007 0.593896151
vt 0.26280418 0.609115362
vt 0.268144071 0.61149919
vt 0.264839411 0.589595079
vt 0.260591418 0.593186319
vt 0.257381231 0.60982722
vt 0.252785236 0.613402128
vt 0.268144071 0.61149919
vt 0.26280418 0.609115362
vt 0.25545007 0.593896151
vt 0.250452548 0.591540933
vt 0.252785236 0.613402128
vt 0.257381231 0.60982722
vt 0.26387611 0.536041975
vt 0.266775399 0.534494162
vt 0.256691605 0.5340662
vt 0.260191828 0.536012471
vt 0.265747368 0.547349811
vt 0.269781947 0.548793256
vt 0.266775399 0.534494162
vt 0.26387611 0.536041975
vt 0.261728197 0.548073292
vt 0.258301109 0.550987422
vt 0.269781947 0.548793256
vt 0.265747368 0.547349811
vt 0.260191828 0.536012471
vt 0.256691605 0.5340662
vt 0.258301109 0.550987422
vt 0.261728197 0.548073292
vt 0.262504607 0.552759647
vt 0.261413366 0.56936413
vt 0.265131652 0.566016614
vt 0.266639084 0.551945329
vt 0.269781947 0.548793256
vt 0.258301109 0.550987422
vt 0.262504607 0.552759647
vt 0.269707441 0.565016985
vt 0.274467677 0.566598833
vt 0.269781947 0.548793256
vt 0.266639084 0.551945329
vt 0.265131652 0.566016614
vt 0.261413366 0.56936413
vt 0.274467677 0.566598833
vt 0.269707441 0.565016985
vt 0.270834267 0.570236504
vt 0.274467677 0.566598833
vt 0.261413366 0.56936413
vt 0.266153902 0.571234226
vt 0.274050176 0.584959686
vt 0.279282421 0.586849868
vt 0.274467677 0.566598833
vt 0.270834267 0.570236504
vt 0.268971801 0.585972846
vt 0.264839411 0.589595079
vt 0.279282421 0.586849868
vt 0.274050176 0.584959686
vt 0.266153902 0.571234226
vt 0.261413366 0.56936413
vt 0.264839411 0.589595079
vt 0.268971801 0.585972846
vt 0.275156826 0.590728045
vt 0.279282421 0.586849868
vt 0.264839411 0.589595079
vt 0.269995123 0.591713011
vt 0.278150707 0.606814623
vt 0.283699632 0.60905236
vt 0.279282421 0.586849868
vt 0.275156826 0.590728045
vt 0.272664309 0.607732832
vt 0.268144071 0.61149919
vt 0.283699632 0.60905236
vt 0.278150707 0.606814623
vt 0.269995123 0.591713011
vt 0.264839411 0.589595079
vt 0.268144071 0.61149919
vt 0.272664309 0.607732832
vt 0.240709975 0.537215352
vt 0.244455755 0.534711897
vt 0.232226297 0.53646028
vt 0.236342609 0.537839174
vt 0.242084011 0.550373316
vt 0.246249273 0.552477956
vt 0.244455755 0.534711897
vt 0.240709975 0.537215352
vt 0.237767518 0.550807178
vt 0.234107032 0.553580105
vt 0.246249273 0.552477956
vt 0.242084011 0.550373316
vt 0.236342609 0.537839174
vt 0.232226297 0.53646028
vt 0.234107032 0.553580105
vt 0.237767518 0.550807178
vt 0.242540836 0.555372357
vt 0.246249273 0.552477956
vt 0.234107032 0.553580105
vt 0.238193065 0.555774629
vt 0.243775234 0.568992972
vt 0.248253435 0.571218431
vt 0.246249273 0.552477956
vt 0.242540836 0.555372357
vt 0.239107311 0.569393694
vt 0.234998837 0.572263718
vt 0.248253435 0.571218431
vt 0.243775234 0.568992972
vt 0.238193065 0.555774629
vt 0.234107032 0.553580105
vt 0.234998837 0.572263718
vt 0.239107311 0.569393694
vt 0.244211942 0.574318469
vt 0.248253435 0.571218431
vt 0.234998837 0.572263718
vt 0.239464119 0.574710906
vt 0.245567337 0.589139521
vt 0.250452548 0.591540933
vt 0.248253435 0.571218431
vt 0.244211942 0.574318469
vt 0.240478516 0.589594245
vt 0.236005276 0.592749715
vt 0.250452548 0.591540933
vt 0.245567337 0.589139521
vt 0.239464119 0.574710906
vt 0.234998837 0.572263718
vt 0.236005276 0.592749715
vt 0.240478516 0.589594245
vt 0.246057063 0.594898462
vt 0.250452548 0.591540933
vt 0.236005276 0.592749715
vt 0.240895003 0.595353901
vt 0.247570351 0.610845089
vt 0.252785236 0.613402128
vt 0.250452548 0.591540933
vt 0.246057063 0.594898462
vt 0.242142588 0.611361086
vt 0.237411886 0.614781082
vt 0.252785236 0.613402128
vt 0.247570351 0.610845089
vt 0.240895003 0.595353901
vt 0.236005276 0.592749715
vt 0.237411886 0.614781082
vt 0.242142588 0.611361086
vt 0.957693875 0.756678879
vt 0.955290377 0.756533206
vt 0.955026925 0.760587692
vt 0.957444429 0.760793447
vt 0.955290377 0.756533206
vt 0.952912271 0.756413698
vt 0.952744067 0.760449708
vt 0.955026925 0.760587692
vt 0.950526237 0.756322682
vt 0.948138058 0.756358206
vt 0.948208392 0.760390878
vt 0.950474262 0.760412574
vt 0.945761681 0.756424844
vt 0.943355083 0.756525636
vt 0.943528116 0.760644257
vt 0.945947766 0.760468185
vt 0.952912271 0.756413698
vt 0.950526237 0.756322682
vt 0.950474262 0.760412574
vt 0.952744067 0.760449708
vt 0.948138058 0.756358206
vt 0.945761681 0.756424844
vt 0.945947766 0.760468185
vt 0.948208392 0.760390878
vt 0.955026925 0.760587692
vt 0.952744067 0.760449708
vt 0.952688992 0.761564076
vt 0.954877079 0.76167345
vt 0.950474262 0.760412574
vt 0.948208392 0.760390878
vt 0.948226333 0.761505544
vt 0.950458109 0.761530638
vt 0.945947766 0.760468185
vt 0.943528116 0.760644257
vt 0.943971157 0.761626005
vt 0.946022034 0.761556745
vt 0.952744067 0.760449708
vt 0.950474262 0.760412574
vt 0.950458109 0.761530638
vt 0.952688992 0.761564076
vt 0.948208392 0.760390878
vt 0.945947766 0.760468185
vt 0.946022034 0.761556745
vt 0.948226333 0.761505544
vt 0.957444429 0.760793447
vt 0.955026925 0.760587692
vt 0.954877079 0.76167345
vt 0.956942856 0.761784375
vt 0.951695859 0.81817013
vt 0.950347126 0.818234324
vt 0.950472534 0.81961453
vt 0.95168668 0.81953615
vt 0.948953331 0.818353415
vt 0.947520256 0.818682611
vt 0.947885513 0.820182681
vt 0.949214637 0.819816649
vt 0.954285502 0.818532288
vt 0.953023672 0.818278432
vt 0.952883422 0.819613338
vt 0.954083204 0.81980437
vt 0.953023672 0.818278432
vt 0.951695859 0.81817013
vt 0.95168668 0.81953615
vt 0.952883422 0.819613338
vt 0.950347126 0.818234324
vt 0.948953331 0.818353415
vt 0.949214637 0.819816649
vt 0.950472534 0.81961453
vt 0.947520256 0.818682611
vt 0.946189821 0.819104671
vt 0.946549416 0.820521951
vt 0.947885513 0.820182681
vt 0.946549416 0.820521951
vt 0.946174979 0.821848929
vt 0.947137058 0.822836816
vt 0.947885513 0.820182681
vt 0.948473632 0.822497666
vt 0.948847592 0.821170509
vt 0.946022034 0.761556745
vt 0.943971157 0.761626005
vt 0.943497121 0.772109449
vt 0.945777416 0.772158384
vt 0.943355083 0.790504217
vt 0.945628822 0.790474415
vt 0.944096982 0.807874143
vt 0.946119905 0.807716608
vt 0.945423484 0.816624284
vt 0.94706583 0.816376328
vt 0.950458109 0.761530638
vt 0.948226333 0.761505544
vt 0.948053718 0.772194982
vt 0.950326562 0.772223771
vt 0.947891653 0.790461957
vt 0.950148344 0.790467739
vt 0.948118806 0.807619274
vt 0.950103283 0.807581306
vt 0.948654473 0.816225052
vt 0.950242698 0.81616497
vt 0.954877079 0.76167345
vt 0.952688992 0.761564076
vt 0.952598572 0.772245884
vt 0.954871416 0.772260249
vt 0.952403247 0.790491581
vt 0.954659939 0.790534139
vt 0.952081263 0.807602227
vt 0.954062641 0.807685137
vt 0.951801598 0.816110909
vt 0.953354836 0.816211164
vt 0.956942856 0.761784375
vt 0.954877079 0.76167345
vt 0.954871416 0.772260249
vt 0.957148612 0.772262335
vt 0.954659939 0.790534139
vt 0.956923187 0.790594697
vt 0.954062641 0.807685137
vt 0.956056774 0.807830632
vt 0.953354836 0.816211164
vt 0.95489192 0.816344559
vt 0.948226333 0.761505544
vt 0.946022034 0.761556745
vt 0.945777416 0.772158384
vt 0.948053718 0.772194982
vt 0.945628822 0.790474415
vt 0.947891653 0.790461957
vt 0.946119905 0.807716608
vt 0.948118806 0.807619274
vt 0.94706583 0.816376328
vt 0.948654473 0.816225052
vt 0.952688992 0.761564076
vt 0.950458109 0.761530638
vt 0.950326562 0.772223771
vt 0.952598572 0.772245884
vt 0.950148344 0.790467739
vt 0.952403247 0.790491581
vt 0.950103283 0.807581306
vt 0.952081263 0.807602227
vt 0.950242698 0.81616497
vt 0.951801598 0.816110909
vt 0.94729352 0.817507744
vt 0.94533962 0.818040013
vt 0.946189821 0.819104671
vt 0.947520256 0.818682611
vt 0.950302541 0.817242742
vt 0.948842824 0.817273319
vt 0.948953331 0.818353415
vt 0.950347126 0.818234324
vt 0.953246057 0.817280948
vt 0.951778889 0.817121625
vt 0.951695859 0.81817013
vt 0.953023672 0.818278432
vt 0.954957902 0.817549109
vt 0.953246057 0.817280948
vt 0.953023672 0.818278432
vt 0.954285502 0.818532288
vt 0.948842824 0.817273319
vt 0.94729352 0.817507744
vt 0.947520256 0.818682611
vt 0.948953331 0.818353415
vt 0.951778889 0.817121625
vt 0.950302541 0.817242742
vt 0.950347126 0.818234324
vt 0.951695859 0.81817013
vt 0.951801598 0.816110909
vt 0.950242698 0.81616497
vt 0.950302541 0.817242742
vt 0.951778889 0.817121625
vt 0.948654473 0.816225052
vt 0.94706583 0.816376328
vt 0.94729352 0.817507744
vt 0.948842824 0.817273319
vt 0.95489192 0.816344559
vt 0.953354836 0.816211164
vt 0.953246057 0.817280948
vt 0.954957902 0.817549109
vt 0.953354836 0.816211164
vt 0.951801598 0.816110909
vt 0.951778889 0.817121625
vt 0.953246057 0.817280948
vt 0.950242698 0.81616497
vt 0.948654473 0.816225052
vt 0.948842824 0.817273319
vt 0.950302541 0.817242742
vt 0.94706583 0.816376328
vt 0.945423484 0.816624284
vt 0.94533962 0.818040013
vt 0.94729352 0.817507744
vt 0.279803216 0.659895182
vt 0.279803216 0.81620127
vt 0.286040217 0.81620127
vt 0.286040217 0.659895182
vt 0.267319173 0.659895182
vt 0.267319173 0.81620127
vt 0.273556173 0.81620127
vt 0.273556173 0.659895182
vt 0.261072546 0.659895182
vt 0.261072546 0.81620127
vt 0.267319173 0.81620127
vt 0.267319173 0.659895182
vt 0.273556173 0.659895182
vt 0.273556173 0.81620127
vt 0.279803216 0.81620127
vt 0.279803216 0.659895182
vt 0.242593721 0.617596388
vt 0.243811727 0.634936333
vt 0.249750644 0.634557426
vt 0.248123601 0.617101252
vt 0.236342609 0.537839174
vt 0.237767518 0.550807178
vt 0.242084011 0.550373316
vt 0.240709975 0.537215352
vt 0.238193065 0.555774629
vt 0.239107311 0.569393694
vt 0.243775234 0.568992972
vt 0.242540836 0.555372357
vt 0.239464119 0.574710906
vt 0.240478516 0.589594245
vt 0.245567337 0.589139521
vt 0.244211942 0.574318469
vt 0.240895003 0.595353901
vt 0.242142588 0.611361086
vt 0.247570351 0.610845089
vt 0.246057063 0.594898462
vt 0.227067724 0.618657708
vt 0.228203639 0.635916293
vt 0.234016687 0.635514379
vt 0.232645452 0.618292332
vt 0.225363061 0.539967418
vt 0.225987211 0.551652014
vt 0.230128914 0.551424384
vt 0.229048371 0.539136827
vt 0.226087749 0.556360126
vt 0.225968912 0.569861948
vt 0.230661839 0.569770515
vt 0.230332881 0.556229353
vt 0.225963473 0.575191379
vt 0.226060763 0.590266407
vt 0.231220737 0.590081275
vt 0.230757132 0.575108647
vt 0.22618033 0.596108139
vt 0.226764157 0.612390101
vt 0.232261807 0.612044513
vt 0.231420845 0.595906198
vt 0.273597389 0.613973081
vt 0.2760095 0.631361246
vt 0.281845599 0.630432546
vt 0.279170036 0.613084853
vt 0.269995123 0.591713011
vt 0.272664309 0.607732832
vt 0.278150707 0.606814623
vt 0.275156826 0.590728045
vt 0.262504607 0.552759647
vt 0.265131652 0.566016614
vt 0.269707441 0.565016985
vt 0.266639084 0.551945329
vt 0.266153902 0.571234226
vt 0.268971801 0.585972846
vt 0.274050176 0.584959686
vt 0.270834267 0.570236504
vt 0.260191828 0.536012471
vt 0.261728197 0.548073292
vt 0.265747368 0.547349811
vt 0.26387611 0.536041975
vt 0.248577073 0.536457956
vt 0.249907672 0.549565256
vt 0.25419113 0.549044251
vt 0.252955645 0.536168993
vt 0.250459433 0.554534614
vt 0.252177685 0.568102658
vt 0.256811768 0.567424953
vt 0.254780889 0.553975523
vt 0.252852142 0.573387325
vt 0.25474143 0.588168025
vt 0.259807587 0.587446153
vt 0.257567406 0.572708845
vt 0.25545007 0.593896151
vt 0.257381231 0.60982722
vt 0.26280418 0.609115362
vt 0.260591418 0.593186319
vt 0.258064926 0.616063476
vt 0.259820759 0.633594394
vt 0.265983015 0.632745206
vt 0.263609409 0.615360558
vt 0.597265959 0.729383349
vt 0.599790275 0.729842544
vt 0.602345586 0.728379905
vt 0.603224576 0.725031257
vt 0.597327113 0.726428628
vt 0.599402606 0.724334121
vt 0.605107009 0.715826094
vt 0.601283848 0.712041974
vt 0.596095741 0.713461697
vt 0.603742361 0.721029043
vt 0.594731033 0.718664169
vt 0.598553717 0.722447932
vt 0.597265959 0.729383349
vt 0.596469164 0.729980469
vt 0.599900842 0.731215775
vt 0.599790275 0.729842544
vt 0.602345586 0.728379905
vt 0.603330672 0.729618788
vt 0.605107009 0.726474464
vt 0.603224576 0.725031257
vt 0.599402606 0.724334121
vt 0.598553717 0.722447932
vt 0.595883191 0.725923657
vt 0.597327113 0.726428628
vt 0.599790275 0.729842544
vt 0.599900842 0.731215775
vt 0.603330672 0.729618788
vt 0.602345586 0.728379905
vt 0.603224576 0.725031257
vt 0.603742361 0.721029043
vt 0.598553717 0.722447932
vt 0.599402606 0.724334121
vt 0.597327113 0.726428628
vt 0.595883191 0.725923657
vt 0.596469164 0.729980469
vt 0.597265959 0.729383349
vt 0.0697059184 0.792169094
vt 0.0678345487 0.79218924
vt 0.066678606 0.794520795
vt 0.0711309612 0.793389082
vt 0.0694213882 0.796249628
vt 0.0710477456 0.795250654
vt 0.0653635263 0.79685396
vt 0.0603214242 0.800715089
vt 0.0611444823 0.807012498
vt 0.0670097396 0.809447467
vt 0.0699323341 0.798101008
vt 0.0720514432 0.805586159
vt 0.0711309612 0.793389082
vt 0.0720181465 0.793035567
vt 0.0701117143 0.791267037
vt 0.0697059184 0.792169094
vt 0.0678345487 0.79218924
vt 0.0675033256 0.791276813
vt 0.065626733 0.793144941
vt 0.066678606 0.794520795
vt 0.0694213882 0.796249628
vt 0.0699323341 0.798101008
vt 0.0720514432 0.795736492
vt 0.0710477456 0.795250654
vt 0.0697059184 0.792169094
vt 0.0701117143 0.791267037
vt 0.0675033256 0.791276813
vt 0.0678345487 0.79218924
vt 0.066678606 0.794520795
vt 0.0653635263 0.79685396
vt 0.0699323341 0.798101008
vt 0.0694213882 0.796249628
vt 0.0710477456 0.795250654
vt 0.0720514432 0.795736492
vt 0.0720181465 0.793035567
vt 0.0711309612 0.793389082
vt 0.597341299 0.69729203
vt 0.601583779 0.699249864
vt 0.603389323 0.695907891
vt 0.597553611 0.693002403
vt 0.602258146 0.69241339
vt 0.599323571 0.690396607
vt 0.604867876 0.70448631
vt 0.602482736 0.700354397
vt 0.597711802 0.700354397
vt 0.595326424 0.704485893
vt 0.602482498 0.708617389
vt 0.597711802 0.708617389
vt 0.602258146 0.69241339
vt 0.603637695 0.691352546
vt 0.599456191 0.689263642
vt 0.599323571 0.690396607
vt 0.597553611 0.693002403
vt 0.595982909 0.691999674
vt 0.594730675 0.696012735
vt 0.597341299 0.69729203
vt 0.601583779 0.699249864
vt 0.602482736 0.700354397
vt 0.60510838 0.69604069
vt 0.603389323 0.695907891
vt 0.599323571 0.690396607
vt 0.599456191 0.689263642
vt 0.595982909 0.691999674
vt 0.597553611 0.693002403
vt 0.597341299 0.69729203
vt 0.597711802 0.700354397
vt 0.602482736 0.700354397
vt 0.601583779 0.699249864
vt 0.603389323 0.695907891
vt 0.60510838 0.69604069
vt 0.603637695 0.691352546
vt 0.602258146 0.69241339
vt 0.894901454 0.335914403
vt 0.894901454 0.302321941
vt 0.89407438 0.303146422
vt 0.894073486 0.335090369
vt 0.894901454 0.302321941
vt 0.861310422 0.302198291
vt 0.86213851 0.303084791
vt 0.89407438 0.303146422
vt 0.861310422 0.302198291
vt 0.861310422 0.336038053
vt 0.862137496 0.335150212
vt 0.86213851 0.303084791
vt 0.861310422 0.336038053
vt 0.894901454 0.335914403
vt 0.894073486 0.335090369
vt 0.862137496 0.335150212
vt 0.86213851 0.303084791
vt 0.862137496 0.335150212
vt 0.894073486 0.335090369
vt 0.89407438 0.303146422
vt 0.377545685 0.984427154
vt 0.377545655 0.950587392
vt 0.376718581 0.951474786
vt 0.376717597 0.983540177
vt 0.377545655 0.950587392
vt 0.343954653 0.950711071
vt 0.344782591 0.951534629
vt 0.376718581 0.951474786
vt 0.343954653 0.950711071
vt 0.343954653 0.984303474
vt 0.344781727 0.983478606
vt 0.344782591 0.951534629
vt 0.343954653 0.984303474
vt 0.377545685 0.984427154
vt 0.376717597 0.983540177
vt 0.344781727 0.983478606
vt 0.344782591 0.951534629
vt 0.344781727 0.983478606
vt 0.376717597 0.983540177
vt 0.376718581 0.951474786
vt 0.726437449 0.596599817
vt 0.726437449 0.562760115
vt 0.725610256 0.563647449
vt 0.725609362 0.5957129
vt 0.726437449 0.562760115
vt 0.692846298 0.562883735
vt 0.693674386 0.563707352
vt 0.725610256 0.563647449
vt 0.692846298 0.562883735
vt 0.692846298 0.596476197
vt 0.693673432 0.595651269
vt 0.693674386 0.563707352
vt 0.692846298 0.596476197
vt 0.726437449 0.596599817
vt 0.725609362 0.5957129
vt 0.693673432 0.595651269
vt 0.693674386 0.563707352
vt 0.693673432 0.595651269
vt 0.725609362 0.5957129
vt 0.725610256 0.563647449
vt 0.414628148 0.950703144
vt 0.380969465 0.950587749
vt 0.381824642 0.951444864
vt 0.413799971 0.951529562
vt 0.380969465 0.950587749
vt 0.380969465 0.98423636
vt 0.381797642 0.983409882
vt 0.381824642 0.951444864
vt 0.380969465 0.98423636
vt 0.414628148 0.984351695
vt 0.41377297 0.983495057
vt 0.381797642 0.983409882
vt 0.414628148 0.984351695
vt 0.414628148 0.950703144
vt 0.413799971 0.951529562
vt 0.41377297 0.983495057
vt 0.381797642 0.983409882
vt 0.41377297 0.983495057
vt 0.413799971 0.951529562
vt 0.381824642 0.951444864
vt 0.451711327 0.950703144
vt 0.418052673 0.950587749
vt 0.418907851 0.951444864
vt 0.45088318 0.951529562
vt 0.418052673 0.950587749
vt 0.418052673 0.9842363
vt 0.41888085 0.983409882
vt 0.418907851 0.951444864
vt 0.418052673 0.9842363
vt 0.451711357 0.984351695
vt 0.450856179 0.983494997
vt 0.41888085 0.983409882
vt 0.451711357 0.984351695
vt 0.451711327 0.950703144
vt 0.45088318 0.951529562
vt 0.450856179 0.983494997
vt 0.41888085 0.983409882
vt 0.450856179 0.983494997
vt 0.45088318 0.951529562
vt 0.418907851 0.951444864
vt 0.0855866298 0.963491857
vt 0.0785407647 0.975015223
vt 0.0856335312 0.972683787
vt 0.091065906 0.980142415
vt 0.0785296559 0.961257041
vt 0.0866877213 0.986342847
vt 0.0864440426 0.950092018
vt 0.0999115109 0.982764423
vt 0.0908887908 0.956006765
vt 0.100084901 0.990225017
vt 0.0994023308 0.945528924
vt 0.108579718 0.979733467
vt 0.0995696709 0.952982962
vt 0.113038898 0.985640287
vt 0.112784676 0.949412525
vt 0.11387144 0.972235203
vt 0.108408168 0.955625594
vt 0.120924734 0.974462986
vt 0.120909549 0.960730612
vt 0.113824017 0.963054955
vt 0.967710197 0.980990589
vt 0.969117641 0.894318819
vt 0.967841804 0.899567723
vt 0.967677176 0.895686388
vt 0.969107747 0.982375085
vt 0.880842268 0.894260287
vt 0.925814748 0.981392682
vt 0.882231295 0.89564991
vt 0.925821304 0.982771873
vt 0.880863547 0.982410371
vt 0.905220628 0.981390059
vt 0.88226068 0.981032729
vt 0.905209363 0.982771873
vt 0.465013295 0.993993342
vt 0.463648796 0.995357692
vt 0.504242122 0.995357811
vt 0.502877474 0.993993282
vt 0.504242122 0.949306548
vt 0.465013295 0.950671077
vt 0.463648796 0.949306548
vt 0.502877593 0.950671077
vn 0.998228133 -0.0436576605 -0.0404310413
vn 0.998228133 -0.0436576605 -0.0404310413
vn 0.998228133 -0.0436576605 -0.0404310413
vn 0.997739792 -2.21301671E-05 -0.0671970248
vn 0.997739792 -2.21301671E-05 -0.0671970248
vn 0.997739792 -2.21301671E-05 -0.0671970248
vn 0.0118454453 3.20374384E-05 -0.999929905
vn 0.0118454453 3.20374384E-05 -0.999929905
vn 0.0118454453 3.20374384E-05 -0.999929905
vn 0.0112274503 3.01331038E-05 -0.999936938
vn 0.0112274503 3.01331038E-05 -0.999936938
vn 0.0112274503 3.01331038E-05 -0.999936938
vn 0.0114813903 4.12264599E-05 -0.999934077
vn 0.0114813903 4.12264599E-05 -0.999934077
vn 0.0114895049 0 -0.999933958
vn 0.0114895049 0 -0.999933958
vn 0.0114895049 0 -0.999933958
vn 0.0114956461 0 -0.999933958
vn 0.0114956461 0 -0.999933958
vn 0.0114956005 0 -0.999933958
vn 0.0114956005 0 -0.999933958
vn 0.0114956005 0 -0.999933958
vn 0.0114956005 0 -0.999933958
vn -0.999930978 0 -0.0117556918
vn -0.999930978 0 -0.0117556918
vn -0.999930978 0 -0.0117556918
vn -0.999937177 0 -0.0112104462
vn -0.999937177 0 -0.0112104462
vn -0.999937177 0 -0.0112104462
vn 0.99993372 -3.04943042E-05 0.0115173692
vn 0.99993372 -3.04943042E-05 0.0115173692
vn 0.99993372 -3.04943042E-05 0.0115173692
vn -0.432040066 0.901665032 0.0184799787
vn -0.432040066 0.901665032 0.0184799787
vn -0.432040066 0.901665032 0.0184799787
vn 7.10148815E-05 0.903704286 0.42815724
vn 7.10148815E-05 0.903704286 0.42815724
vn 7.10148815E-05 0.903704286 0.42815724
vn -0.00260310946 0.942457497 0.334315836
vn -0.00260310946 0.942457497 0.334315836
vn -0.00260310946 0.942457497 0.334315836
vn 0.374396443 0.927147388 0.0149989529
vn 0.374396443 0.927147388 0.0149989529
vn 0.374396443 0.927147388 0.0149989529
vn -0.999633312 0 0.0270808544
vn -0.999633312 0 0.0270808544
vn -0.999633312 0 0.0270808544
vn 0.999169707 0 -0.040741954
vn 0.999169707 0 -0.040741954
vn 0.999169707 0 -0.040741954
vn -0.471405655 0.881816268 0.0132921096
vn -0.471405655 0.881816268 0.0132921096
vn -0.471405655 0.881816268 0.0132921096
vn -0.456452101 0.889732957 -0.00517330598
vn -0.456452101 0.889732957 -0.00517330598
vn -0.456452101 0.889732957 -0.00517330598
vn 0.542305946 0.840109289 -0.0109786913
vn 0.542305946 0.840109289 -0.0109786913
vn 0.542305946 0.840109289 -0.0109786913
vn 0.503050089 0.863700151 -0.0310288984
vn 0.503050089 0.863700151 -0.0310288984
vn 0.503050089 0.863700151 -0.0310288984
vn 0.548621356 0.8177948 0.173856959
vn 0.548621356 0.8177948 0.173856959
vn 0.548621356 0.8177948 0.173856959
vn -0.0237694867 0.761155546 0.648133636
vn -0.0237694867 0.761155546 0.648133636
vn -0.0237694867 0.761155546 0.648133636
vn -0.504386067 0.862904847 0.031462796
vn -0.504386067 0.862904847 0.031462796
vn -0.504386067 0.862904847 0.031462796
vn -0.538037658 0.807597101 0.241458982
vn -0.538037658 0.807597101 0.241458982
vn -0.538037658 0.807597101 0.241458982
vn -0.541420639 0.840433061 0.0231509134
vn -0.541420639 0.840433061 0.0231509134
vn -0.541420639 0.840433061 0.0231509134
vn 0.0655271113 0.461606979 0.884661019
vn 0.0655271113 0.461606979 0.884661019
vn 0.0655271113 0.461606979 0.884661019
vn -0.0195613317 0.385905027 0.922331095
vn -0.0195613317 0.385905027 0.922331095
vn -0.0195613317 0.385905027 0.922331095
vn 0.0111022377 0.201355934 -0.979455233
vn 0.0111022377 0.201355934 -0.979455233
vn 0.0111022377 0.201355934 -0.979455233
vn 0.0112257982 0.201361105 -0.979452729
vn 0.0112257982 0.201361105 -0.979452729
vn 0.0112257982 0.201361105 -0.979452729
vn 0.700565875 0.201371402 -0.684585273
vn 0.700565875 0.201371402 -0.684585273
vn 0.700565875 0.201371402 -0.684585273
vn -0.0113156177 0.201333821 0.979457378
vn -0.0113156177 0.201333821 0.979457378
vn -0.0113156177 0.201333821 0.979457378
vn -0.0112134367 0.201320335 0.979461312
vn -0.0112134367 0.201320335 0.979461312
vn -0.0112134367 0.201320335 0.979461312
vn -0.979457736 0.201351076 -0.0109622218
vn -0.979457736 0.201351076 -0.0109622218
vn -0.979457736 0.201351076 -0.0109622218
vn -0.979450226 0.201351747 -0.0116091976
vn -0.979450226 0.201351747 -0.0116091976
vn -0.979450226 0.201351747 -0.0116091976
vn 0.979450107 0.201390326 0.0109320199
vn 0.979450107 0.201390326 0.0109320199
vn 0.979450107 0.201390326 0.0109320199
vn 0.979443431 0.201390222 0.0115112234
vn 0.979443431 0.201390222 0.0115112234
vn 0.979443431 0.201390222 0.0115112234
vn -0.700507045 0.201318562 0.68466109
vn -0.700507045 0.201318562 0.68466109
vn -0.700507045 0.201318562 0.68466109
vn -0.878958702 0.476789683 -0.0101535125
vn -0.878958702 0.476789683 -0.0101535125
vn -0.878958702 0.476789683 -0.0101535125
vn 0.0102338726 0.475953668 -0.879410803
vn 0.0102338726 0.475953668 -0.879410803
vn 0.0102338726 0.475953668 -0.879410803
vn -0.43464148 0.783730686 -0.4436813
vn -0.43464148 0.783730686 -0.4436813
vn -0.43464148 0.783730686 -0.4436813
vn -0.684678495 0.201347202 -0.700481713
vn -0.684678495 0.201347202 -0.700481713
vn -0.684678495 0.201347202 -0.700481713
vn 0.878874898 0.476947129 0.0100155892
vn 0.878874898 0.476947129 0.0100155892
vn 0.878874898 0.476947129 0.0100155892
vn 0.0101670036 0.475874305 -0.879454553
vn 0.0101670036 0.475874305 -0.879454553
vn 0.0101670036 0.475874305 -0.879454553
vn 0.445050716 0.783661127 -0.433364898
vn 0.445050716 0.783661127 -0.433364898
vn 0.445050716 0.783661127 -0.433364898
vn -0.0101531176 0.476928532 0.878883421
vn -0.0101531176 0.476928532 0.878883421
vn -0.0101531176 0.476928532 0.878883421
vn 0.879243553 0.476264238 0.0101601053
vn 0.879243553 0.476264238 0.0101601053
vn 0.879243553 0.476264238 0.0101601053
vn 0.433726519 0.783615291 0.444779009
vn 0.433726519 0.783615291 0.444779009
vn 0.433726519 0.783615291 0.444779009
vn -0.010159675 0.477114648 0.878782272
vn -0.010159675 0.477114648 0.878782272
vn -0.010159675 0.477114648 0.878782272
vn -0.879389465 0.475994706 -0.0101597561
vn -0.879389465 0.475994706 -0.0101597561
vn -0.879389465 0.475994706 -0.0101597561
vn -0.443505228 0.783635199 0.434993058
vn -0.443505228 0.783635199 0.434993058
vn -0.443505228 0.783635199 0.434993058
vn 0.684645772 0.201350376 0.700512767
vn 0.684645772 0.201350376 0.700512767
vn 0.684645772 0.201350376 0.700512767
vn 0.0181509685 0.790456414 0.612249315
vn 0.0181509685 0.790456414 0.612249315
vn 0.0181509685 0.790456414 0.612249315
vn -0.615132749 0.78821367 0.0181913581
vn -0.615132749 0.78821367 0.0181913581
vn -0.615132749 0.78821367 0.0181913581
vn 0.648038149 0.761401236 -0.0177400783
vn 0.648038149 0.761401236 -0.0177400783
vn 0.648038149 0.761401236 -0.0177400783
vn 0.0263822619 0.794095695 0.607219875
vn 0.0263822619 0.794095695 0.607219875
vn 0.0263822619 0.794095695 0.607219875
vn 0.135084644 0.990825951 -0.00401238678
vn 0.135084644 0.990825951 -0.00401238678
vn 0.135084644 0.990825951 -0.00401238678
vn -0.135087192 0.990825593 0.00401203707
vn -0.135087192 0.990825593 0.00401203707
vn -0.135087192 0.990825593 0.00401203707
vn -0.0100303879 0.940935791 -0.338436484
vn -0.0100303879 0.940935791 -0.338436484
vn -0.0100303879 0.940935791 -0.338436484
vn 0.0100423284 0.940927029 0.338460743
vn 0.0100423284 0.940927029 0.338460743
vn 0.0100423284 0.940927029 0.338460743
vn 0.949823439 0.311518639 -0.0281352475
vn 0.949823439 0.311518639 -0.0281352475
vn 0.949823439 0.311518639 -0.0281352475
vn 0.949778616 0.311648786 -0.0282083619
vn 0.949778616 0.311648786 -0.0282083619
vn 0.949778616 0.311648786 -0.0282083619
vn 0.949792922 0.311602384 -0.0282392222
vn 0.949792922 0.311602384 -0.0282392222
vn 0.949792922 0.311602384 -0.0282392222
vn -0.952716172 0.302535385 0.0283577275
vn -0.952716172 0.302535385 0.0283577275
vn -0.952716172 0.302535385 0.0283577275
vn -0.952691436 0.302619934 0.028290242
vn -0.952691436 0.302619934 0.028290242
vn -0.952691436 0.302619934 0.028290242
vn -0.95278728 0.302332968 0.0281273499
vn -0.95278728 0.302332968 0.0281273499
vn -0.95278728 0.302332968 0.0281273499
vn 0.99960655 0 -0.0280514304
vn 0.99960655 0 -0.0280514304
vn 0.99960655 0 -0.0280514304
vn -0.999574244 0 0.0291773416
vn -0.999574244 0 0.0291773416
vn -0.999574244 0 0.0291773416
vn -0.455209136 0.890282333 0.013491217
vn -0.455209136 0.890282333 0.013491217
vn -0.455209136 0.890282333 0.013491217
vn 0.45517537 0.890299261 -0.013514501
vn 0.45517537 0.890299261 -0.013514501
vn 0.45517537 0.890299261 -0.013514501
vn 0.0300454181 0.000320985389 0.999548495
vn 0.0300454181 0.000320985389 0.999548495
vn 0.0300454181 0.000320985389 0.999548495
vn 0.0299458187 0.00046557482 0.999551356
vn 0.0299458187 0.00046557482 0.999551356
vn 0.0299458187 0.00046557482 0.999551356
vn 0.0297228787 0 0.999558151
vn 0.0297228787 0 0.999558151
vn 0.0297228787 0 0.999558151
vn 0.029607296 0.000176236237 0.999561608
vn 0.029607296 0.000176236237 0.999561608
vn 0.029607296 0.000176236237 0.999561608
vn 0.029858876 0 0.999554098
vn 0.029858876 0 0.999554098
vn 0.029858876 0 0.999554098
vn 0.623222411 0.781830788 -0.0182901565
vn 0.623222411 0.781830788 -0.0182901565
vn 0.623222411 0.781830788 -0.0182901565
vn -0.62336421 0.781715214 0.0183921475
vn -0.62336421 0.781715214 0.0183921475
vn -0.62336421 0.781715214 0.0183921475
vn -0.0290977787 0 -0.999576628
vn -0.0290977787 0 -0.999576628
vn -0.0290977787 0 -0.999576628
vn -0.0300607812 0 -0.999548018
vn -0.0300607812 0 -0.999548018
vn -0.0300607812 0 -0.999548018
vn 0.0296734963 0 0.999559581
vn 0.0296734963 0 0.999559581
vn 0.0296734963 0 0.999559581
vn 0.00448153215 0.945299625 0.326172501
vn 0.00448153215 0.945299625 0.326172501
vn 0.00448153215 0.945299625 0.326172501
vn 0.00983700436 0.944661379 0.327899486
vn 0.0108857919 0.944956899 0.327013731
vn 0.00983700436 0.944661379 0.327899486
vn 0.00974443741 0.944600523 0.328077674
vn 0.0108857919 0.944956899 0.327013731
vn 0.0108857919 0.944956899 0.327013731
vn 0.0108857919 0.944956899 0.327013731
vn 0.00448298967 0.945299983 0.326171458
vn -0.209671542 0 0.977771878
vn -0.209671542 0 0.977771878
vn -0.209671542 0 0.977771878
vn -0 1 0
vn -0 1 0
vn -0 1 0
vn -0.834356129 0 0.551225841
vn -0.834356248 0 0.551225603
vn -0.834356248 0 0.551225603
vn -0.834356129 0 0.551225841
vn -0.834356129 0 0.551225841
vn -0.834356129 0 0.551225841
vn -0.834356129 0 0.551225841
vn -0.834356129 0 0.551225841
vn 0.97872901 0 0.205157354
vn 0.97872901 0 0.205157354
vn 0.97872901 0 0.205157354
vn 0.978726029 0 0.20517166
vn 0.978726029 0 0.20517166
vn 0.978726029 0 0.20517166
vn 0.978726387 0 0.205170184
vn 0.978726387 0 0.205170184
vn 0.978726387 0 0.205170184
vn 0.978726029 0 0.205171764
vn 0.978726029 0 0.205171764
vn 0.205189884 0 -0.978722155
vn 0.205189884 0 -0.978722155
vn 0.205189884 0 -0.978722155
vn 0.205172673 0 -0.978725791
vn 0.205172673 0 -0.978725791
vn 0.205172673 0 -0.978725791
vn -0.205194697 0 0.978721261
vn -0.205194697 0 0.978721261
vn -0.205194697 0 0.978721261
vn -0.205189884 0 0.978722155
vn -0.205189884 0 0.978722155
vn -0.205189884 0 0.978722155
vn -0 1 0
vn -0 1 0
vn -0 1 0
vn 0.194878399 -0.000671363086 -0.980827212
vn 0.194878399 -0.000671363086 -0.980827212
vn 0.194878399 -0.000671363086 -0.980827212
vn -0.078504689 0 0.996913791
vn -0.078504689 0 0.996913791
vn -0.078504689 0 0.996913791
vn 0.0785052627 -5.88288494E-05 -0.996913671
vn 0.0785052627 -5.88288494E-05 -0.996913671
vn 0.0785052627 -5.88288494E-05 -0.996913671
vn -0.205144614 0 0.978731632
vn -0.205144614 0 0.978731632
vn -0.205141053 0 0.978732407
vn -0.205141053 0 0.978732407
vn -0.205141053 0 0.978732407
vn -0.205141053 0 0.978732407
vn -0.205140516 0 0.978732526
vn -0.205140516 0 0.978732526
vn -0.205140516 0 0.978732526
vn -0.205139875 0 0.978732646
vn -0.205139875 0 0.978732646
vn -0 1 0
vn -0 1 0
vn -0 1 0
vn 0.999178827 0.000406519801 -0.0405136943
vn 0.999178827 0.000406519801 -0.0405136943
vn 0.999178827 0.000406519801 -0.0405136943
vn 0.999178827 0.000406519801 -0.0405136943
vn 0.457823038 0.888850451 -0.0185168665
vn 0.457823038 0.888850451 -0.0185168665
vn 0.457823038 0.888850451 -0.0185168665
vn 0.457823038 0.888850451 -0.0185168665
vn 0.0220944993 1.25313318E-05 0.999755919
vn 0.0220944993 1.25313318E-05 0.999755919
vn 0.0220944993 1.25313318E-05 0.999755919
vn 0.0220944993 1.25313318E-05 0.999755919
vn -0.022087818 -2.93851899E-05 -0.999756038
vn -0.022087818 -2.93851899E-05 -0.999756038
vn -0.022087818 -2.93851899E-05 -0.999756038
vn -0.022087818 -2.93851899E-05 -0.999756038
vn -0.999639988 -0.000405284285 0.0268296991
vn -0.999639988 -0.000405284285 0.0268296991
vn -0.999639988 -0.000405284285 0.0268296991
vn -0.999639988 -0.000405284285 0.0268296991
vn -0.045732718 0 -0.9989537
vn -0.045732718 0 -0.9989537
vn -0.045732718 0 -0.9989537
vn -0.045732718 0 -0.9989537
vn -0 1 0
vn -0 1 0
vn -0 1 0
vn -0 1 0
vn -0 1 0
vn -0 1 0
vn -0 1 0
vn -0 1 0
vn -0 1 0
vn -0 1 0
vn -0 1 0
vn -0 1 0
vn -0 1 0
vn -0 1 0
vn -0 1 0
vn -0.982473671 0 -0.186401278
vn -0.982473671 0 -0.186401278
vn -0.982473671 0 -0.186401278
vn -0.982473671 0 -0.186401278
vn 0.0755546764 0 0.997141659
vn 0.0755546764 0 0.997141659
vn 0.0755546764 0 0.997141659
vn 0.0755546764 0 0.997141659
vn -0.999654174 0 0.0262980293
vn -0.999654174 0 0.0262980293
vn -0.999654174 0 0.0262980293
vn -0.999654174 0 0.0262980293
vn 0.0114986459 0 -0.999933958
vn 0.0114986459 0 -0.999933958
vn 0.0114986459 0 -0.999933958
vn 0.0114986459 0 -0.999933958
vn -0.999876618 0 -0.0157104395
vn -0.999876618 0 -0.0157104395
vn -0.999876618 0 -0.0157104395
vn -0.999876618 0 -0.0157104395
vn 0.999854803 0 0.0170385856
vn 0.999854803 0 0.0170385856
vn 0.999854803 0 0.0170385856
vn 0.999854803 0 0.0170385856
vn -0.00853804033 0 -0.999963522
vn -0.00853804033 0 -0.999963522
vn -0.00853804033 0 -0.999963522
vn -0.00853804033 0 -0.999963522
vn -0 1 0
vn -0 1 0
vn -0 1 0
vn -0 1 0
vn -0.0211573672 0 0.999776185
vn -0.0211573672 0 0.999776185
vn -0.0211573672 0 0.999776185
vn -0.0211573672 0 0.999776185
vn 0.969161212 0 -0.246427625
vn 0.969161212 0 -0.246427625
vn 0.969161212 0 -0.246427625
vn 0.969161212 0 -0.246427625
vn 0.969162583 -4.48303108E-05 -0.246421933
vn 0.969162583 -4.48303108E-05 -0.246421933
vn 0.969162583 -4.48303108E-05 -0.246421933
vn 0.969162583 -4.48303108E-05 -0.246421933
vn 0.998437345 -5.03211122E-05 -0.0558828749
vn 0.998437345 -5.03211122E-05 -0.0558828749
vn 0.998437345 -5.03211122E-05 -0.0558828749
vn 0.998437345 -5.03211122E-05 -0.0558828749
vn -0.0441257022 0 -0.999025941
vn -0.0441257022 0 -0.999025941
vn -0.0441257022 0 -0.999025941
vn -0.0441257022 0 -0.999025941
vn -0.0366903655 0 0.999326706
vn -0.0366903655 0 0.999326706
vn -0.0366903655 0 0.999326706
vn -0.0366903655 0 0.999326706
vn 0.998438299 0 -0.0558662228
vn 0.998438299 0 -0.0558662228
vn 0.998438299 0 -0.0558662228
vn 0.998438299 0 -0.0558662228
vn -0 1 0
vn -0 1 0
vn -0 1 0
vn -0 1 0
vn -0 1 0
vn -0 1 0
vn -0 1 0
vn -0 1 0
vn -0 1 0
vn -0 1 0
vn -0 1 0
vn -0 1 0
vn -0 1 0
vn -0 1 0
vn 0.953272164 0 0.302113026
vn 0.953272164 0 0.302113026
vn 0.953272164 0 0.302113026
vn 0.953272164 0 0.302113026
vn -0 1 0
vn -0 1 0
vn -0 1 0
vn -0 1 0
vn -0 1 0
vn -0 1 0
vn -0 1 0
vn -0 1 0
vn -0 1 0
vn -0 1 0
vn -0 1 0
vn -0 1 0
vn -0 1 0
vn -0 1 0
vn -0 1 0
vn -0.912195265 0 0.409755647
vn -0.912195265 0 0.409755647
vn -0.912195265 0 0.409755647
vn -0.912195265 0 0.409755647
vn -0.0366223417 -1.66639456E-05 0.999329209
vn -0.0366223417 -1.66639456E-05 0.999329209
vn -0.0366223417 -1.66639456E-05 0.999329209
vn -0.0366223417 -1.66639456E-05 0.999329209
vn -0 1 0
vn -0 1 0
vn -0 1 0
vn -0 1 0
vn -0 1 0
vn -0 1 0
vn -0 1 0
vn -0 1 0
vn -0 1 0
vn -0 1 0
vn -0 1 0
vn -0 1 0
vn -0 1 0
vn -0 1 0
vn -0 1 0
vn -0 1 0
vn 0.0114808418 0 -0.999934077
vn 0.0114808418 0 -0.999934077
vn 0.0114808418 0 -0.999934077
vn 0.0114808418 0 -0.999934077
vn -0.999986649 0 -0.0051631541
vn -0.999986649 0 -0.0051631541
vn -0.999986649 0 -0.0051631541
vn -0.999986649 0 -0.0051631541
vn 0.000177941401 0 1
vn 0.000177941401 0 1
vn 0.000177941401 0 1
vn 0.000177941401 0 1
vn -0 1 0
vn -0 1 0
vn -0 1 0
vn -0 1 0
vn -0 1 0
vn -0 1 0
vn -0 1 0
vn -0 1 0
vn 0.953356326 -5.95133824E-05 0.301847368
vn 0.953356326 -5.95133824E-05 0.301847368
vn 0.953356326 -5.95133824E-05 0.301847368
vn 0.953356326 -5.95133824E-05 0.301847368
vn -0.00778819947 0 0.999969721
vn -0.00778819947 0 0.999969721
vn -0.00778819947 0 0.999969721
vn -0.00778819947 0 0.999969721
vn -0.999872088 5.61993547E-05 -0.0159922671
vn -0.999872088 5.61993547E-05 -0.0159922671
vn -0.999872088 5.61993547E-05 -0.0159922671
vn -0.999872088 5.61993547E-05 -0.0159922671
vn -0.999898553 -0.00825524051 -0.0116041042
vn -0.999883771 -0.00122055528 -0.0152013907
vn -0.999898553 -0.00825524051 -0.0116041042
vn -0.999932766 0 -0.0115997875
vn -0.999932766 0 -0.0115997875
vn -0.999932766 0 -0.0115997875
vn -0.999932766 0 -0.0115997875
vn 0.0750774518 -1.03253569E-05 0.99717772
vn 0.0750774518 -1.03253569E-05 0.99717772
vn 0.0750774518 -1.03253569E-05 0.99717772
vn 0.0750774518 -1.03253569E-05 0.99717772
vn -0.999085665 4.45758633E-05 0.0427549183
vn -0.999085665 4.45758633E-05 0.0427549183
vn -0.999085665 4.45758633E-05 0.0427549183
vn -0.999085665 4.45758633E-05 0.0427549183
vn -0.999085784 3.30622024E-05 0.0427510291
vn -0.999085784 3.30622024E-05 0.0427510291
vn -0.913650274 5.58147658E-05 0.406501114
vn -0.913650274 5.58147658E-05 0.406501114
vn -0.913650274 5.58147658E-05 0.406501114
vn -0.913650274 5.58147658E-05 0.406501114
vn 0.911962509 -3.49239162E-05 0.410273582
vn 0.911962509 -3.49239162E-05 0.410273582
vn 0.911962509 -3.49239162E-05 0.410273582
vn 0.911962509 -3.49239162E-05 0.410273582
vn -0.999935627 -0.000226935663 -0.0113468654
vn -0.999935627 -0.000226935663 -0.0113468654
vn -0.999935627 -0.000226935663 -0.0113468654
vn -0.999935627 -0.000226935663 -0.0113468654
vn -0.999940753 0.00153044518 -0.0107798288
vn -0.999940753 0.00153044518 -0.0107798288
vn -0.999940753 0.00153044518 -0.0107798288
vn -0.999933958 -3.00554802E-05 -0.0114955837
vn -0.999933958 0.00013513396 -0.0114978375
vn -0.999933958 0.00013513396 -0.0114978375
vn -0.999933958 0.00013513396 -0.0114978375
vn 0.999973536 -0.00119887036 0.0071753338
vn 0.999973536 -0.00119887036 0.0071753338
vn 0.999973536 -0.00119887036 0.0071753338
vn 0.999973536 -0.00119887036 0.0071753338
vn 0.999994755 0.00128528324 0.0029732713
vn 0.999994755 0.00128528324 0.0029732713
vn 0.999994755 0.00128528324 0.0029732713
vn 0.999994397 0.000610342715 0.00328288833
vn 0.999992967 2.84115704E-05 0.00375984469
vn 0.999992967 2.84115704E-05 0.00375984469
vn 0.999992967 2.84115704E-05 0.00375984469
vn 0.999713361 0 0.0239395704
vn 0.99993372 0 0.0115117412
vn 0.999713361 0 0.0239395704
vn 0.999713361 0 0.0239395704
vn 0.999934316 0 0.0114611965
vn 0.99993372 0 0.0115117412
vn 0.999934316 0 0.0114611965
vn 0.999934316 0 0.0114611965
vn 0.999934554 -1.49002844E-05 0.0114434194
vn -0.420267463 0.907331944 0.011131024
vn -0.420267463 0.907331944 0.011131024
vn -0.420267463 0.907331944 0.011131024
vn -0.420267463 0.907331944 0.011131024
vn -0.0114824688 5.50783952E-05 0.999934077
vn -0.011447222 1.81460873E-05 0.999934554
vn -0.011447222 1.81460873E-05 0.999934554
vn -0.0114824688 5.50783952E-05 0.999934077
vn -0.011417551 0 0.999934793
vn -0.0114824688 5.50783952E-05 0.999934077
vn -0.0114823375 -4.12298614E-05 0.999934077
vn -0.0115406197 0 0.999933481
vn -0.0115406197 0 0.999933481
vn -0.011483361 1.71993943E-05 0.999934077
vn 0.000165858975 0 1
vn 0.000165858975 0 1
vn 0.000165858975 0 1
vn 0.000165858975 0 1
vn -0.912322283 2.53215458E-05 0.409472853
vn -0.912322283 2.53215458E-05 0.409472853
vn -0.912322283 2.53215458E-05 0.409472853
vn -0.912322283 2.53215458E-05 0.409472853
vn 0.999198496 0 0.0400311388
vn 0.999198496 0 0.0400311388
vn 0.999198496 0 0.0400311388
vn 0.999198496 0 0.0400311388
vn -0.00778439362 0 0.999969721
vn -0.00778439362 0 0.999969721
vn -0.00778439362 0 0.999969721
vn -0.00778439362 0 0.999969721
vn -0.999986529 6.40086873E-05 -0.00519006746
vn -0.999986529 6.40086873E-05 -0.00519006746
vn -0.999986529 6.40086873E-05 -0.00519006746
vn -0.999986529 6.40086873E-05 -0.00519006746
vn 0.999794543 0 -0.0202697143
vn 0.999794543 0 -0.0202697143
vn 0.999794543 0 -0.0202697143
vn 0.999794424 -4.47747843E-05 -0.0202742368
vn 0.999794424 -4.47747843E-05 -0.0202742368
vn 0.032929223 0 0.999457657
vn 0.032929223 0 0.999457657
vn 0.032929223 0 0.999457657
vn 0.032929223 0 0.999457657
vn -0.0441446863 0 -0.999025106
vn -0.0441446863 0 -0.999025106
vn -0.0441446863 0 -0.999025106
vn -0.0441446863 0 -0.999025106
vn 0.999172747 -0.00013659228 -0.0406667441
vn 0.999172747 -0.00013659228 -0.0406667441
vn 0.999172747 -0.00013659228 -0.0406667441
vn 0.999172747 -0.00013659228 -0.0406667441
vn 0.953303218 -5.5870798E-05 0.302014589
vn 0.953303218 -5.5870798E-05 0.302014589
vn 0.953303218 -5.5870798E-05 0.302014589
vn 0.953303218 -5.5870798E-05 0.302014589
vn 0.999795616 0 -0.0202183519
vn 0.999795616 0 -0.0202183519
vn 0.999795616 0 -0.0202183519
vn 0.999795616 0 -0.0202183519
vn -0.00860111136 0 -0.999963045
vn -0.00860111136 0 -0.999963045
vn -0.00860111136 0 -0.999963045
vn -0.00860111136 0 -0.999963045
vn 0.911947548 0 0.410306633
vn 0.911947548 0 0.410306633
vn 0.911947548 0 0.410306633
vn 0.911947548 0 0.410306633
vn -0.0220901966 -0.000105391569 0.999755919
vn -0.0220901966 -0.000105391569 0.999755919
vn -0.0220901966 -0.000105391569 0.999755919
vn -0.0220901966 -0.000105391569 0.999755919
vn 0.999179304 0 -0.0405052826
vn 0.999179304 0 -0.0405052826
vn 0.999179304 0 -0.0405052826
vn 0.999179304 0 -0.0405052826
vn 0.00865395181 0.000136921153 0.999962568
vn 0.00865395181 0.000136921153 0.999962568
vn 0.00865395181 0.000136921153 0.999962568
vn 0.00865395181 0.000136921153 0.999962568
vn -0.982484043 6.51893497E-05 -0.186346754
vn -0.982484043 6.51893497E-05 -0.186346754
vn -0.982484043 6.51893497E-05 -0.186346754
vn -0.982484043 6.51893497E-05 -0.186346754
vn -0.999085784 0 0.0427520946
vn -0.999085784 0 0.0427520946
vn -0.999085784 0 0.0427520946
vn -0.999085784 0 0.0427520946
vn 0.0302307364 0 0.999542952
vn 0.0302307364 0 0.999542952
vn 0.0302307364 0 0.999542952
vn 0.0302307364 0 0.999542952
vn -0.999653101 2.53931885E-05 0.0263408851
vn -0.999653101 2.53931885E-05 0.0263408851
vn -0.999653101 2.53931885E-05 0.0263408851
vn -0.999653101 2.53931885E-05 0.0263408851
vn -0.913663149 0 0.406472117
vn -0.913663149 0 0.406472117
vn -0.913663149 0 0.406472117
vn -0.913663149 0 0.406472117
vn 0.999197304 0 0.0400585942
vn 0.999197304 0 0.0400585942
vn 0.999197304 0 0.0400585942
vn 0.999197304 0 0.0400585942
vn -0.912457049 2.79189026E-05 0.409172446
vn -0.912457049 2.79189026E-05 0.409172446
vn -0.912457049 2.79189026E-05 0.409172446
vn -0.912457049 2.79189026E-05 0.409172446
vn -0.0457122773 0 -0.998954654
vn -0.0457122773 0 -0.998954654
vn -0.0457122773 0 -0.998954654
vn -0.0457122773 0 -0.998954654
vn -0.00859158207 -3.63992222E-05 -0.999963164
vn -0.00859158207 -3.63992222E-05 -0.999963164
vn -0.00859158207 -3.63992222E-05 -0.999963164
vn -0.00859158207 -3.63992222E-05 -0.999963164
vn -0.0085962154 -1.63800814E-05 -0.999963045
vn -0.0085962154 -1.63800814E-05 -0.999963045
vn -0.0085962154 -1.63800814E-05 -0.999963045
vn -0.0085962154 -1.63800814E-05 -0.999963045
vn 0.999178231 -0.0003171477 -0.0405291431
vn 0.999178231 -0.0003171477 -0.0405291431
vn 0.999178231 -0.0003171477 -0.0405291431
vn 0.999178231 -0.0003171477 -0.0405291431
vn -0.0213341564 0.000138175979 0.99977237
vn -0.0213341564 0.000138175979 0.99977237
vn -0.0213341564 0.000138175979 0.99977237
vn -0.0213341564 0.000138175979 0.99977237
vn 0.96917218 0 -0.246384323
vn 0.96917218 0 -0.246384323
vn 0.96917218 0 -0.246384323
vn 0.96917218 0 -0.246384323
vn 0.911937356 0.000429584266 0.410329163
vn 0.911937356 0.000429584266 0.410329163
vn 0.911937356 0.000429584266 0.410329163
vn 0.911937356 0.000429584266 0.410329163
vn -0.0441721343 0.000726235681 -0.999023676
vn -0.0441721343 0.000726235681 -0.999023676
vn -0.0441721343 0.000726235681 -0.999023676
vn -0.0441721343 0.000726235681 -0.999023676
vn 0.999795496 0.000317532045 -0.0202240217
vn 0.999795496 0.000317532045 -0.0202240217
vn 0.999795496 0.000317532045 -0.0202240217
vn 0.999795496 0.000317532045 -0.0202240217
vn 0.953287542 0.000537587563 0.302064002
vn 0.953287542 0.000537587563 0.302064002
vn 0.953287542 0.000537587563 0.302064002
vn 0.953287542 0.000537587563 0.302064002
vn -0.0366231166 0.000129965993 0.999329209
vn -0.0366231166 0.000129965993 0.999329209
vn -0.0366231166 0.000129965993 0.999329209
vn -0.0366231166 0.000129965993 0.999329209
vn -0.912341893 0.00018639995 0.409428954
vn -0.912341893 0.00018639995 0.409428954
vn -0.912341893 0.00018639995 0.409428954
vn -0.912341893 0.00018639995 0.409428954
vn 0.0298215337 0 0.999555171
vn 0.0298215337 0 0.999555171
vn 0.0298215337 0 0.999555171
vn 0.0298215337 0 0.999555171
vn -0.999087095 0 0.0427208394
vn -0.999087095 0 0.0427208394
vn -0.999087095 0 0.0427208394
vn -0.999087095 0 0.0427208394
vn 0.0741196573 5.98215593E-05 0.997249305
vn 0.0741196573 5.98215593E-05 0.997249305
vn 0.0741196573 5.98215593E-05 0.997249305
vn 0.0741196573 5.98215593E-05 0.997249305
vn -0.0220950283 -0.000176760237 -0.999755919
vn -0.0220950283 -0.000176760237 -0.999755919
vn -0.0220950283 -0.000176760237 -0.999755919
vn -0.0220950283 -0.000176760237 -0.999755919
vn 0.998434842 -0.000609754119 -0.0559231639
vn 0.998434842 -0.000609754119 -0.0559231639
vn 0.998434842 -0.000609754119 -0.0559231639
vn 0.998434842 -0.000609754119 -0.0559231639
vn 0.0329679623 -0.000153063913 0.999456346
vn 0.0329679623 -0.000153063913 0.999456346
vn 0.0329679623 -0.000153063913 0.999456346
vn 0.0329679623 -0.000153063913 0.999456346
vn -0.0456134677 0 -0.998959184
vn -0.0456134677 0 -0.998959184
vn -0.0456134677 0 -0.998959184
vn -0.0456134677 0 -0.998959184
vn -0.913709402 0 0.406368345
vn -0.913709402 0 0.406368345
vn -0.913709402 0 0.406368345
vn -0.913709402 0 0.406368345
vn -0.999984145 -0.000916350458 -0.00555062247
vn -0.999984145 -0.000916350458 -0.00555062247
vn -0.999984145 -0.000916350458 -0.00555062247
vn -0.999984145 -0.000916350458 -0.00555062247
vn -0.982487261 -0.00146856403 -0.18632406
vn -0.982487261 -0.00146856403 -0.18632406
vn -0.982487261 -0.00146856403 -0.18632406
vn -0.982487261 -0.00146856403 -0.18632406
vn -0.999636769 0.000192796055 0.0269484613
vn -0.999636769 0.000192796055 0.0269484613
vn -0.999636769 0.000192796055 0.0269484613
vn -0.999636769 0.000192796055 0.0269484613
vn 0.567523718 0.676356137 0.469530851
vn 0.567523718 0.676356137 0.469530851
vn 0.567523718 0.676356137 0.469530851
vn 0.567523718 0.676356137 0.469530851
vn -0.0213720016 0.785043895 -0.619071364
vn -0.0213720016 0.785043895 -0.619071364
vn -0.0213720016 0.785043895 -0.619071364
vn -0.0213720016 0.785043895 -0.619071364
vn 0.0183825288 0.788933516 0.614203453
vn 0.0183825288 0.788933516 0.614203453
vn 0.0183825288 0.788933516 0.614203453
vn 0.0183825288 0.788933516 0.614203453
vn -0.541372299 0.666741312 0.512222528
vn -0.541372299 0.666741312 0.512222528
vn -0.541372299 0.666741312 0.512222528
vn -0.541372299 0.666741312 0.512222528
vn 0.017873155 0.779667199 0.625938892
vn 0.017873155 0.779667199 0.625938892
vn 0.017873155 0.779667199 0.625938892
vn 0.017873155 0.779667199 0.625938892
vn -0.540290236 0.839698076 0.0547151193
vn -0.540290236 0.839698076 0.0547151193
vn -0.540290236 0.839698076 0.0547151193
vn -0.540290236 0.839698076 0.0547151193
vn 0.537787139 0.824790955 0.174656257
vn 0.537787139 0.824790955 0.174656257
vn 0.537787139 0.824790955 0.174656257
vn 0.537787139 0.824790955 0.174656257
vn 0.462182283 0.886718869 0.0108260717
vn 0.462182283 0.886718869 0.0108260717
vn 0.462182283 0.886718869 0.0108260717
vn 0.49321866 0.869675577 -0.0199943278
vn -0.498261005 0.867027044 0.00015598422
vn -0.498261005 0.867027044 0.00015598422
vn -0.498261005 0.867027044 0.00015598422
vn -0.498261005 0.867027044 0.00015598422
vn 0.494909197 0.868838966 -0.0135540972
vn 0.494909197 0.868838966 -0.0135540972
vn 0.494909197 0.868838966 -0.0135540972
vn 0.494909197 0.868838966 -0.0135540972
vn -0.0206593294 0.783816934 -0.620648205
vn -0.0206593294 0.783816934 -0.620648205
vn -0.0206593294 0.783816934 -0.620648205
vn -0.0206593294 0.783816934 -0.620648205
vn -0.515259802 0.852555811 -0.0874974951
vn -0.515259802 0.852555811 -0.0874974951
vn -0.515259802 0.852555811 -0.0874974951
vn -0.515259802 0.852555811 -0.0874974951
vn 0.570320487 0.81890732 -0.0642290562
vn 0.570320487 0.81890732 -0.0642290562
vn 0.570320487 0.81890732 -0.0642290562
vn 0.570320487 0.81890732 -0.0642290562
vn 0.510942936 0.851489604 -0.117909692
vn 0.510942936 0.851489604 -0.117909692
vn 0.510942936 0.851489604 -0.117909692
vn 0.510942936 0.851489604 -0.117909692
vn 0.49454388 0.86884886 -0.0229785871
vn 0.49454388 0.86884886 -0.0229785871
vn 0.49454388 0.86884886 -0.0229785871
vn 0.49454388 0.86884886 -0.0229785871
vn 0.537823021 0.841379702 0.053165596
vn 0.537823021 0.841379702 0.053165596
vn 0.537823021 0.841379702 0.053165596
vn 0.537823021 0.841379702 0.053165596
vn -0.572337091 0.819287598 -0.0346128792
vn -0.572337091 0.819287598 -0.0346128792
vn -0.572337091 0.819287598 -0.0346128792
vn -0.572337091 0.819287598 -0.0346128792
vn -0.498161495 0.867063701 0.00597086782
vn -0.498161495 0.867063701 0.00597086782
vn -0.498161495 0.867063701 0.00597086782
vn -0.498161495 0.867063701 0.00597086782
vn -0.535864115 0.826670468 0.171655342
vn -0.535864115 0.826670468 0.171655342
vn -0.535864115 0.826670468 0.171655342
vn -0.535864115 0.826670468 0.171655342
vn -0.00537540019 -0.780811012 -0.624744177
vn -0.00537540019 -0.780811012 -0.624744177
vn -0.00537540019 -0.780811012 -0.624744177
vn -0.00537540019 -0.780811012 -0.624744177
vn 0.605502844 -0.780815542 -0.153926387
vn 0.605502844 -0.780815542 -0.153926387
vn 0.605502844 -0.780815542 -0.153926387
vn 0.605502844 -0.780815542 -0.153926387
vn 0.623806238 -0.780798078 -0.0349312015
vn 0.623806238 -0.780798078 -0.0349312015
vn 0.623806238 -0.780798078 -0.0349312015
vn 0.623806238 -0.780798078 -0.0349312015
vn 0.62452513 -0.780902207 -0.0126486318
vn 0.62452513 -0.780902207 -0.0126486318
vn 0.62452513 -0.780902207 -0.0126486318
vn 0.62452513 -0.780902207 -0.0126486318
vn -0.0275826845 -0.780927837 -0.624012053
vn -0.0275826845 -0.780927837 -0.624012053
vn -0.0275826845 -0.780927837 -0.624012053
vn -0.0275826845 -0.780927837 -0.624012053
vn 0.624627113 -0.780509531 -0.0254151039
vn 0.624627113 -0.780509531 -0.0254151039
vn 0.624627113 -0.780509531 -0.0254151039
vn 0.624627113 -0.780509531 -0.0254151039
vn 0.0205796584 -0.780922234 0.624289095
vn 0.0205796584 -0.780922234 0.624289095
vn 0.0205796584 -0.780922234 0.624289095
vn 0.0205796584 -0.780922234 0.624289095
vn 0.592643857 -0.783277631 0.187748387
vn 0.592643857 -0.783277631 0.187748387
vn 0.592643857 -0.783277631 0.187748387
vn 0.592643857 -0.783277631 0.187748387
vn -0.0227615032 -0.783129632 0.621441722
vn -0.0227615032 -0.783129632 0.621441722
vn -0.0227615032 -0.783129632 0.621441722
vn -0.0227615032 -0.783129632 0.621441722
vn 0.0186702274 -0.782853127 0.621926427
vn 0.0186702274 -0.782853127 0.621926427
vn 0.0186702274 -0.782853127 0.621926427
vn 0.0186702274 -0.782853127 0.621926427
vn -0.621224225 -0.783182204 0.0265719723
vn -0.621224225 -0.783182204 0.0265719723
vn -0.621224225 -0.783182204 0.0265719723
vn -0.621224225 -0.783182204 0.0265719723
vn -0.0284143779 -0.783141911 -0.621193469
vn -0.0284143779 -0.783141911 -0.621193469
vn -0.0284143779 -0.783141911 -0.621193469
vn -0.0284143779 -0.783141911 -0.621193469
vn -0.568056226 -0.783232212 0.252704412
vn -0.568056226 -0.783232212 0.252704412
vn -0.568056226 -0.783232212 0.252704412
vn -0.568056226 -0.783232212 0.252704412
vn -0.620994627 -0.783807695 -0.00334739755
vn -0.620994627 -0.783807695 -0.00334739755
vn -0.620994627 -0.783807695 -0.00334739755
vn -0.620994627 -0.783807695 -0.00334739755
vn 0.0465540178 -0.783299804 0.619898498
vn 0.0465540178 -0.783299804 0.619898498
vn 0.0465540178 -0.783299804 0.619898498
vn 0.0465540178 -0.783299804 0.619898498
vn -0.622317255 -0.782588482 0.0166292302
vn -0.622317255 -0.782588482 0.0166292302
vn -0.622317255 -0.782588482 0.0166292302
vn -0.622317255 -0.782588482 0.0166292302
vn -0.00422675209 -0.809216976 -0.587494671
vn -0.00422675209 -0.809216976 -0.587494671
vn -0.00422675209 -0.809216976 -0.587494671
vn -0.00422675209 -0.809216976 -0.587494671
vn 0.569649577 -0.780907571 0.256286591
vn 0.569649577 -0.780907571 0.256286591
vn 0.569649577 -0.780907571 0.256286591
vn 0.569649577 -0.780907571 0.256286591
vn -0.610963821 -0.783133686 -0.115864947
vn -0.610963821 -0.783133686 -0.115864947
vn -0.610963821 -0.783133686 -0.115864947
vn -0.610963821 -0.783133686 -0.115864947
vn -0.567259669 -0.783202708 0.254577935
vn -0.567259669 -0.783202708 0.254577935
vn -0.567259669 -0.783202708 0.254577935
vn -0.567259669 -0.783202708 0.254577935
vn -0.0140645439 -0.780102253 0.625494003
vn -0.0140645439 -0.780102253 0.625494003
vn -0.0140645439 -0.780102253 0.625494003
vn -0.0140645439 -0.780102253 0.625494003
vn -0.00968200061 0.549666047 0.835328341
vn -0.00968200061 0.549666047 0.835328341
vn -0.00968200061 0.549666047 0.835328341
vn -0.00968200061 0.549666047 0.835328341
vn 0.0096582938 0.549695492 -0.835309327
vn 0.0096582938 0.549695492 -0.835309327
vn 0.0096582938 0.549695492 -0.835309327
vn 0.0096582938 0.549695492 -0.835309327
vn 0.726492465 -0.481679052 0.490095943
vn 0.726492465 -0.481679052 0.490095943
vn 0.726492465 -0.481679052 0.490095943
vn 0.726492465 -0.481679052 0.490095943
vn 0.835321605 0.549674034 0.00980908051
vn 0.835321605 0.549674034 0.00980908051
vn 0.835321605 0.549674034 0.00980908051
vn 0.835321605 0.549674034 0.00980908051
vn 0.00971475523 0.549657404 -0.835333705
vn 0.00971475523 0.549657404 -0.835333705
vn 0.00971475523 0.549657404 -0.835333705
vn 0.00971475523 0.549657404 -0.835333705
vn -0.835301399 0.549708426 -0.00960214622
vn -0.835301399 0.549708426 -0.00960214622
vn -0.835301399 0.549708426 -0.00960214622
vn -0.835301399 0.549708426 -0.00960214622
vn 0.835303843 0.549707174 0.00945728272
vn 0.835303843 0.549707174 0.00945728272
vn 0.835303843 0.549707174 0.00945728272
vn 0.835303843 0.549707174 0.00945728272
vn -0.835326552 0.549666643 -0.00980784744
vn -0.835326552 0.549666643 -0.00980784744
vn -0.835326552 0.549666643 -0.00980784744
vn -0.835326552 0.549666643 -0.00980784744
vn -0.00969707314 0.549688756 0.83531332
vn -0.00969707314 0.549688756 0.83531332
vn -0.00969707314 0.549688756 0.83531332
vn -0.00969707314 0.549688756 0.83531332
vn -0.00808195677 -0.707005978 0.707161367
vn -0.00808195677 -0.707005978 0.707161367
vn -0.00808195677 -0.707005978 0.707161367
vn -0.00808195677 -0.707005978 0.707161367
vn 0.706894279 -0.707273066 0.00807932299
vn 0.706894279 -0.707273066 0.00807932299
vn 0.706894279 -0.707273066 0.00807932299
vn 0.706894279 -0.707273066 0.00807932299
vn 0.00811305176 -0.707140386 -0.707026601
vn 0.00811305176 -0.707140386 -0.707026601
vn 0.00811305176 -0.707140386 -0.707026601
vn 0.00811305176 -0.707140386 -0.707026601
vn -0.707407653 -0.706759632 -0.00808285363
vn -0.707407653 -0.706759632 -0.00808285363
vn -0.707407653 -0.706759632 -0.00808285363
vn -0.707407653 -0.706759632 -0.00808285363
vn -0.737492859 -0.481654227 0.473406196
vn -0.737492859 -0.481654227 0.473406196
vn -0.737492859 -0.481654227 0.473406196
vn -0.737492859 -0.481654227 0.473406196
vn -0.00818262901 -0.707211316 0.706954956
vn -0.00818262901 -0.707211316 0.706954956
vn -0.00818262901 -0.707211316 0.706954956
vn -0.00818262901 -0.707211316 0.706954956
vn 0.490089029 -0.481679291 -0.726496935
vn 0.490089029 -0.481679291 -0.726496935
vn 0.490089029 -0.481679291 -0.726496935
vn 0.490089029 -0.481679291 -0.726496935
vn 0.70706141 -0.7071051 0.00815530401
vn 0.70706141 -0.7071051 0.00815530401
vn 0.70706141 -0.7071051 0.00815530401
vn 0.70706141 -0.7071051 0.00815530401
vn 0.473166108 -0.481756151 0.737580478
vn 0.473166108 -0.481756151 0.737580478
vn 0.473166108 -0.481756151 0.737580478
vn 0.473166108 -0.481756151 0.737580478
vn -0.707133412 -0.707032323 -0.00821814407
vn -0.707133412 -0.707032323 -0.00821814407
vn -0.707133412 -0.707032323 -0.00821814407
vn -0.707133412 -0.707032323 -0.00821814407
vn -0.490232944 -0.481609315 0.726446211
vn -0.490232944 -0.481609315 0.726446211
vn -0.490232944 -0.481609315 0.726446211
vn -0.490232944 -0.481609315 0.726446211
vn -0.473370999 -0.481676996 -0.737500548
vn -0.473370999 -0.481676996 -0.737500548
vn -0.473370999 -0.481676996 -0.737500548
vn -0.473370999 -0.481676996 -0.737500548
vn -0.726509094 -0.481736749 -0.490014583
vn -0.726509094 -0.481736749 -0.490014583
vn -0.726509094 -0.481736749 -0.490014583
vn -0.726509094 -0.481736749 -0.490014583
vn 0.00825091358 -0.707085252 -0.707080126
vn 0.00825091358 -0.707085252 -0.707080126
vn 0.00825091358 -0.707085252 -0.707080126
vn 0.00825091358 -0.707085252 -0.707080126
vn 0.0114795649 0 -0.999934077
vn 0.0114795649 0 -0.999934077
vn 0.0114795649 0 -0.999934077
vn 0.0114795649 0 -0.999934077
vn 0.911956906 0 0.410286009
vn 0.911956906 0 0.410286009
vn 0.911956906 0 0.410286009
vn 0.911956906 0 0.410286009
vn 0.969163835 0 -0.246417582
vn 0.969163835 0 -0.246417582
vn 0.969163835 0 -0.246417582
vn 0.969163835 0 -0.246417582
vn 0.953316748 0 0.301972002
vn 0.953316748 0 0.301972002
vn 0.953316748 0 0.301972002
vn 0.953316748 0 0.301972002
vn -0.999652028 0 0.0263815653
vn -0.999652028 0 0.0263815653
vn -0.999652028 0 0.0263815653
vn -0.999652028 0 0.0263815653
vn 0.0751686245 0 0.997170866
vn 0.0751686245 0 0.997170866
vn 0.0751686245 0 0.997170866
vn 0.0751686245 0 0.997170866
vn -0.00861066114 0 -0.999962926
vn -0.00861066114 0 -0.999962926
vn -0.00861066114 0 -0.999962926
vn -0.00861066114 0 -0.999962926
vn 0.0329133831 0 0.999458253
vn 0.0329133831 0 0.999458253
vn 0.0329133831 0 0.999458253
vn 0.0329133831 0 0.999458253
vn -0.023203738 0 0.999730766
vn -0.023203738 0 0.999730766
vn -0.023203738 0 0.999730766
vn -0.023203738 0 0.999730766
vn -0.0457267091 0 -0.998953938
vn -0.0457267091 0 -0.998953938
vn -0.0457267091 0 -0.998953938
vn -0.0457267091 0 -0.998953938
vn 0.0114795882 0 -0.999934077
vn 0.0114795882 0 -0.999934077
vn 0.0114795882 0 -0.999934077
vn 0.0114795882 0 -0.999934077
vn -0.0366115049 0 0.999329567
vn -0.0366115049 0 0.999329567
vn -0.0366115049 0 0.999329567
vn -0.0366115049 0 0.999329567
vn 0.999793947 0 -0.0203023497
vn 0.999793947 0 -0.0203023497
vn 0.999793947 0 -0.0203023497
vn 0.999793947 0 -0.0203023497
vn -0.999086022 0 0.0427441671
vn -0.999086022 0 0.0427441671
vn -0.999086022 0 0.0427441671
vn -0.999086022 0 0.0427441671
vn -0.912328899 0 0.409458041
vn -0.912328899 0 0.409458041
vn -0.912328899 0 0.409458041
vn -0.912328899 0 0.409458041
vn 0.998437345 0 -0.0558827408
vn 0.998437345 0 -0.0558827408
vn 0.998437345 0 -0.0558827408
vn 0.998437345 0 -0.0558827408
vn -0.913642049 0 0.406519592
vn -0.913642049 0 0.406519592
vn -0.913642049 0 0.406519592
vn -0.913642049 0 0.406519592
vn 0.999166727 0 -0.0408151075
vn 0.999166727 0 -0.0408151075
vn 0.999166727 0 -0.0408151075
vn 0.999166727 0 -0.0408151075
vn 0.0302302148 0 0.999542952
vn 0.0302302148 0 0.999542952
vn 0.0302302148 0 0.999542952
vn 0.0302302148 0 0.999542952
vn -0.982486606 0 -0.186333299
vn -0.982486606 0 -0.186333299
vn -0.982486606 0 -0.186333299
vn -0.982486606 0 -0.186333299
vn -0.0441291966 0 -0.999025822
vn -0.0441291966 0 -0.999025822
vn -0.0441291966 0 -0.999025822
vn -0.0441291966 0 -0.999025822
vn -0.999986529 0 -0.00520279864
vn -0.999986529 0 -0.00520279864
vn -0.999986529 0 -0.00520279864
vn -0.999986529 0 -0.00520279864
vn 0.799863935 -0.600111902 0.00913181435
vn 0.799863935 -0.600111902 0.00913181435
vn 0.799863935 -0.600111902 0.00913181435
vn 0.799863935 -0.600111902 0.00913181435
vn -0.803074181 -0.595775962 -0.0110789659
vn -0.803074181 -0.595775962 -0.0110789659
vn -0.803074181 -0.595775962 -0.0110789659
vn -0.803074181 -0.595775962 -0.0110789659
vn -0 1 0
vn -0 1 0
vn -0 1 0
vn -0 1 0
vn -0 1 0
vn -0 1 0
vn -0 1 0
vn -0 1 0
vn -0 1 0
vn -0 1 0
vn -0 1 0
vn -0 1 0
vn -0 1 0
vn -0 1 0
vn -0 1 0
vn -0 1 0
vn -0 1 0
vn -0 1 0
vn -0 1 0
vn -0 1 0
vn 0.00919653103 -0.600066841 -0.799897015
vn 0.00919653103 -0.600066841 -0.799897015
vn 0.00919653103 -0.600066841 -0.799897015
vn 0.00919653103 -0.600066841 -0.799897015
vn 0.799879074 -0.600091994 0.00911392737
vn 0.799879074 -0.600091994 0.00911392737
vn 0.799879074 -0.600091994 0.00911392737
vn 0.799879074 -0.600091994 0.00911392737
vn -0.803074956 -0.59577477 -0.0110890437
vn -0.803074956 -0.59577477 -0.0110890437
vn -0.803074956 -0.59577477 -0.0110890437
vn -0.803074956 -0.59577477 -0.0110890437
vn 0.00919145904 -0.600029051 -0.799925387
vn 0.00919145904 -0.600029051 -0.799925387
vn 0.00919145904 -0.600029051 -0.799925387
vn 0.00919145904 -0.600029051 -0.799925387
vn 0.737472534 -0.481633484 -0.473459005
vn 0.737472534 -0.481633484 -0.473459005
vn 0.737472534 -0.481633484 -0.473459005
vn 0.737472534 -0.481633484 -0.473459005
vn 0.639267385 0.768750787 -0.0189589579
vn 0.639267385 0.768750787 -0.0189589579
vn 0.639267385 0.768750787 -0.0189589579
vn 0.639267385 0.768750787 -0.0189589579
vn 0.999560177 0 -0.029653715
vn 0.999560177 0 -0.029653715
vn 0.999560177 0 -0.029653715
vn 0.999560177 0 -0.029653715
vn 0.528840184 -0.848576665 -0.0156797748
vn 0.528840184 -0.848576665 -0.0156797748
vn 0.528840184 -0.848576665 -0.0156797748
vn 0.528840184 -0.848576665 -0.0156797748
vn 0.99956125 0 -0.0296194255
vn 0.99956125 0 -0.0296194255
vn 0.99956125 0 -0.0296194255
vn 0.99956125 0 -0.0296194255
vn -0 1 0
vn -0 1 0
vn -0 1 0
vn -0 1 0
vn -0 1 0
vn -0 1 0
vn -0 1 0
vn -0.0278245863 -0.351190686 -0.935890436
vn -0.0278245863 -0.351190686 -0.935890436
vn -0.0278245863 -0.351190686 -0.935890436
vn -0.0278245863 -0.351190686 -0.935890436
vn -0.0269960742 0 -0.999635577
vn -0.0269960742 0 -0.999635577
vn -0.0269960742 0 -0.999635577
vn -0.0269960742 0 -0.999635577
vn -0.0156551581 -0.833206475 -0.552740335
vn -0.0156551581 -0.833206475 -0.552740335
vn -0.0156551581 -0.833206475 -0.552740335
vn -0.0156551581 -0.833206475 -0.552740335
vn 0.639311254 0.768715382 -0.0189185683
vn 0.639311254 0.768715382 -0.0189185683
vn 0.639311254 0.768715382 -0.0189185683
vn 0.639311254 0.768715382 -0.0189185683
vn -0.0214659236 0.689304888 -0.72415334
vn -0.0214659236 0.689304888 -0.72415334
vn -0.0214659236 0.689304888 -0.72415334
vn -0.0214659236 0.689304888 -0.72415334
vn -0.0262777489 0.752894163 -0.657616794
vn -0.0262777489 0.752894163 -0.657616794
vn -0.0262777489 0.752894163 -0.657616794
vn -0.0262777489 0.752894163 -0.657616794
vn 0.999561846 0 -0.0295975804
vn 0.999561846 0 -0.0295975804
vn 0.999561846 0 -0.0295975804
vn 0.999561846 0 -0.0295975804
vn 0.528614104 -0.848719597 -0.0155620305
vn 0.528614104 -0.848719597 -0.0155620305
vn 0.528614104 -0.848719597 -0.0155620305
vn 0.528614104 -0.848719597 -0.0155620305
vn -0.0163649619 -0.833685458 -0.551997125
vn -0.0163649619 -0.833685458 -0.551997125
vn -0.0163649619 -0.833685458 -0.551997125
vn -0.0163649619 -0.833685458 -0.551997125
vn 0.999558628 0 -0.0297058765
vn 0.999558628 0 -0.0297058765
vn 0.999558628 0 -0.0297058765
vn 0.999558628 0 -0.0297058765
vn 0.528781414 -0.848612547 -0.0157148894
vn 0.528781414 -0.848612547 -0.0157148894
vn 0.528781414 -0.848612547 -0.0157148894
vn 0.528781414 -0.848612547 -0.0157148894
vn 0.999558628 0 -0.029707117
vn 0.999558628 0 -0.029707117
vn 0.999558628 0 -0.029707117
vn 0.999558628 0 -0.029707117
vn 0.999558747 0 -0.0297033675
vn 0.0296250284 0.000174674264 0.999561012
vn 0.0296250284 0.000174674264 0.999561012
vn 0.0296250284 0.000174674264 0.999561012
vn 0.0296250284 0.000174674264 0.999561012
vn -0.522838652 0.852292001 0.0154299419
vn -0.522838652 0.852292001 0.0154299419
vn -0.522838652 0.852292001 0.0154299419
vn -0.522838652 0.852292001 0.0154299419
vn -0.522678196 0.852389932 0.0154584441
vn -0.522678196 0.852389932 0.0154584441
vn -0.522678196 0.852389932 0.0154584441
vn -0.522107005 0.852739453 0.0154796354
vn -0.999770701 -0.00353884487 0.0211211294
vn -0.999770701 -0.00353884487 0.0211211294
vn -0.999770701 -0.00353884487 0.0211211294
vn -0.999770701 -0.00353884487 0.0211211294
vn -0.999560773 0 0.0296339374
vn -0.999560773 0 0.0296339374
vn -0.999560773 0 0.0296339374
vn -0.999560773 0 0.0296339374
vn -0.528717995 -0.848652899 0.0156700965
vn -0.528717995 -0.848652899 0.0156700965
vn -0.528717995 -0.848652899 0.0156700965
vn -0.528717995 -0.848652899 0.0156700965
vn -0.0296306964 0 -0.999560893
vn -0.0296306964 0 -0.999560893
vn -0.0296306964 0 -0.999560893
vn -0.0296306964 0 -0.999560893
vn -0 1 0
vn -0 1 0
vn -0 1 0
vn -0 1 0
vn -0 1 0
vn -0 1 0
vn -0 1 0
vn -0 1 0
vn -0 1 0
vn -0 1 0
vn -0 1 0
vn -0 1 0
vn -0 1 0
vn -0 1 0
vn -0 1 0
vn -0 1 0
vn -0 1 0
vn -0 1 0
vn -0 1 0
vn -0 1 0
vn -0 1 0
vn -0 1 0
vn -0 1 0
vn -0 1 0
vn 0.99955982 0 -0.0296666399
vn 0.99955982 0 -0.0296666399
vn 0.99955982 0 -0.0296666399
vn 0.99955982 0 -0.0296666399
vn -0.0296250526 0 -0.999561012
vn -0.0296250526 0 -0.999561012
vn -0.0296250526 0 -0.999561012
vn -0.0296250526 0 -0.999561012
vn -0 -1 0
vn -0 -1 0
vn -0 -1 0
vn -0 -1 0
vn -0 -1 0
vn -0 -1 0
vn 0.99956125 0 -0.0296191294
vn 0.99956125 0 -0.0296191294
vn 0.99956125 0 -0.0296191294
vn 0.99956125 0 -0.0296191294
vn 0.9358114 -0.351408899 -0.0277255736
vn 0.9358114 -0.351408899 -0.0277255736
vn 0.9358114 -0.351408899 -0.0277255736
vn 0.9358114 -0.351408899 -0.0277255736
vn -0 1 0
vn -0 1 0
vn -0 1 0
vn -0 1 0
vn -0 1 0
vn -0 1 0
vn -0 1 0
vn -0 1 0
vn -0 1 0
vn -0 1 0
vn -0 1 0
vn 0.999561489 0 -0.0296124537
vn 0.999561489 0 -0.0296124537
vn 0.999561489 0 -0.0296124537
vn 0.999561489 0 -0.0296124537
vn 0.528649628 -0.848695755 -0.0156578366
vn 0.528649628 -0.848695755 -0.0156578366
vn 0.528649628 -0.848695755 -0.0156578366
vn 0.528649628 -0.848695755 -0.0156578366
vn -0.0296265539 0 -0.999561012
vn -0.0296265539 0 -0.999561012
vn -0.0296265539 0 -0.999561012
vn -0.0296265539 0 -0.999561012
vn 0.99957639 0 -0.0291058924
vn 0.99957639 0 -0.0291058924
vn 0.99957639 0 -0.0291058924
vn 0.99957639 0 -0.0291058924
vn -0.0296313781 1.33399326E-05 -0.999560893
vn -0.0296313781 1.33399326E-05 -0.999560893
vn -0.0296313781 1.33399326E-05 -0.999560893
vn -0.0296313781 1.33399326E-05 -0.999560893
vn -0.999557912 -5.5978282E-05 0.0297313482
vn -0.999557912 -5.5978282E-05 0.0297313482
vn -0.999557912 -5.5978282E-05 0.0297313482
vn -0.999557912 -5.5978282E-05 0.0297313482
vn -0.0296288524 0 -0.999560893
vn -0.0296288524 0 -0.999560893
vn -0.0296288524 0 -0.999560893
vn -0.0296288524 0 -0.999560893
vn -0.999721706 0 0.0235910714
vn -0.999721706 0 0.0235910714
vn -0.999721706 0 0.0235910714
vn -0.999721706 0 0.0235910714
vn -0.0317278169 0 -0.999496579
vn -0.0317278169 0 -0.999496579
vn -0.0317278169 0 -0.999496579
vn -0.0317278169 0 -0.999496579
vn -0.999560297 0 0.0296501853
vn -0.999560297 0 0.0296501853
vn -0.999560297 0 0.0296501853
vn -0.999560297 0 0.0296501853
vn -0.528665006 -0.848685801 0.0156739689
vn -0.528665006 -0.848685801 0.0156739689
vn -0.528665006 -0.848685801 0.0156739689
vn -0.528665006 -0.848685801 0.0156739689
vn -0.999561131 0 0.0296216775
vn -0.999561131 0 0.0296216775
vn -0.999561131 0 0.0296216775
vn -0.999561131 0 0.0296216775
vn -0.620025158 0.784366608 0.0183783565
vn -0.620025158 0.784366608 0.0183783565
vn -0.620025158 0.784366608 0.0183783565
vn -0.620025158 0.784366608 0.0183783565
vn -0.02774214 -0.350943357 -0.935985565
vn -0.02774214 -0.350943357 -0.935985565
vn -0.02774214 -0.350943357 -0.935985565
vn -0.02774214 -0.350943357 -0.935985565
vn 0.935891211 -0.351188719 -0.0278226398
vn 0.935891211 -0.351188719 -0.0278226398
vn 0.935891211 -0.351188719 -0.0278226398
vn 0.935891211 -0.351188719 -0.0278226398
vn -0.027759593 -0.35080713 -0.93603617
vn -0.027759593 -0.35080713 -0.93603617
vn -0.027759593 -0.35080713 -0.93603617
vn -0.027759593 -0.35080713 -0.93603617
vn -0.935989678 -0.350926459 0.0278211962
vn -0.935989678 -0.350926459 0.0278211962
vn -0.935989678 -0.350926459 0.0278211962
vn -0.935989678 -0.350926459 0.0278211962
vn -0.0277294684 -0.351146221 -0.935909986
vn -0.0277294684 -0.351146221 -0.935909986
vn -0.0277294684 -0.351146221 -0.935909986
vn -0.0277294684 -0.351146221 -0.935909986
vn -0.935886204 -0.351205498 0.0277792737
vn -0.935886204 -0.351205498 0.0277792737
vn -0.935886204 -0.351205498 0.0277792737
vn -0.935886204 -0.351205498 0.0277792737
vn -0.0277276486 -0.351057678 -0.935943186
vn -0.0277276486 -0.351057678 -0.935943186
vn -0.0277276486 -0.351057678 -0.935943186
vn -0.0277276486 -0.351057678 -0.935943186
vn -0.935866773 -0.351259977 0.0277451314
vn -0.935866773 -0.351259977 0.0277451314
vn -0.935866773 -0.351259977 0.0277451314
vn -0.935866773 -0.351259977 0.0277451314
vn -0 1 0
vn -0 1 0
vn -0 1 0
vn -0 1 0
vn -0 1 0
vn -0 1 0
vn -0 1 0
vn -0 1 0
vn -0 1 0
vn -0 1 0
vn -0 1 0
vn -0 1 0
vn -0 1 0
vn -0 1 0
vn -0 1 0
vn -0.0292081404 0 -0.99957329
vn -0.0292081404 0 -0.99957329
vn -0.0292081404 0 -0.99957329
vn -0.0292081404 0 -0.99957329
vn 0.999549091 0 -0.0300248489
vn 0.999549091 0 -0.0300248489
vn 0.999549091 0 -0.0300248489
vn 0.999549091 0 -0.0300248489
vn -0.0292270333 0 -0.999572814
vn -0.0292270333 0 -0.999572814
vn -0.0292270333 0 -0.999572814
vn -0.0292270333 0 -0.999572814
vn -0.999575436 0 0.0291354507
vn -0.999575436 0 0.0291354507
vn -0.999575436 0 0.0291354507
vn -0.999575436 0 0.0291354507
vn -0.0296428055 0 -0.999560535
vn -0.0296428055 0 -0.999560535
vn -0.0296428055 0 -0.999560535
vn -0.0296428055 0 -0.999560535
vn -0.999560297 0 0.0296515953
vn -0.999560297 0 0.0296515953
vn -0.999560297 0 0.0296515953
vn -0.999560297 0 0.0296515953
vn -0.0317279212 0 -0.999496579
vn -0.0317279212 0 -0.999496579
vn -0.0317279212 0 -0.999496579
vn -0.0317279212 0 -0.999496579
vn -0 -1 0
vn -0 -1 0
vn -0 -1 0
vn -0 -1 0
vn -0 -1 0
vn -0 -1 0
vn -0 -1 0
vn -0 -1 0
vn -0 -1 0
vn -0 -1 0
vn -0 -1 0
vn -0 -1 0
vn -0 -1 0
vn 1.18396438E-05 -1 0
vn 1.18396438E-05 -1 0
vn 1.18396438E-05 -1 0
vn -0 -1 0
vn -0 -1 0
vn -0 -1 0
vn -0 -1 0
vn -0 -1 0
vn -0 -1 0
vn -0 -1 0
vn -0 -1 0
vn -1.0666794E-05 -1 0
vn -1.0666794E-05 -1 0
vn 0.936091483 -0.350660324 -0.0277492609
vn 0.936091483 -0.350660324 -0.0277492609
vn 0.936091483 -0.350660324 -0.0277492609
vn 0.936091483 -0.350660324 -0.0277492609
vn -0.0277396757 -0.351452082 -0.93579483
vn -0.0277396757 -0.351452082 -0.93579483
vn -0.0277396757 -0.351452082 -0.93579483
vn -0.0277396757 -0.351452082 -0.93579483
vn -0.0296302699 0 -0.999560893
vn -0.0296302699 0 -0.999560893
vn -0.0296302699 0 -0.999560893
vn -0.0296302699 0 -0.999560893
vn -0 1 0
vn -0 1 0
vn -0 1 0
vn -0 1 0
vn -2.04146181E-05 1 0
vn -2.04146181E-05 1 0
vn -0 1 0
vn -0 1 0
vn -0.0277402699 -0.351464659 -0.935790002
vn -0.0277402699 -0.351464659 -0.935790002
vn -0.0277402699 -0.351464659 -0.935790002
vn -0.0277402699 -0.351464659 -0.935790002
vn -0.0296739414 2.18514815E-05 -0.999559581
vn -0.0296739414 2.18514815E-05 -0.999559581
vn -0.0296739414 2.18514815E-05 -0.999559581
vn -0.0296739414 2.18514815E-05 -0.999559581
vn 0.0296557248 0 0.999560177
vn 0.0296557248 0 0.999560177
vn 0.0296557248 0 0.999560177
vn 0.0296557248 0 0.999560177
vn -0.999559224 0 0.0296866223
vn -0.999559224 0 0.0296866223
vn -0.999559224 0 0.0296866223
vn -0.999559224 0 0.0296866223
vn -0.0296230577 0 -0.999561131
vn -0.0296230577 0 -0.999561131
vn -0.0296230577 0 -0.999561131
vn -0.0296230577 0 -0.999561131
vn 0.999558985 0 -0.0296943057
vn 0.999558985 0 -0.0296943057
vn 0.999558985 0 -0.0296943057
vn 0.999558985 0 -0.0296943057
vn 0.024537066 0.561404884 0.827177405
vn 0.024537066 0.561404884 0.827177405
vn 0.024537066 0.561404884 0.827177405
vn 0.024537066 0.561404884 0.827177405
vn -0.0194644649 0.749867022 -0.66130209
vn -0.0194644649 0.749867022 -0.66130209
vn -0.0194644649 0.749867022 -0.66130209
vn -0.0194644649 0.749867022 -0.66130209
vn -0.621576726 0.783151686 0.0177703146
vn -0.621576726 0.783151686 0.0177703146
vn -0.621576726 0.783151686 0.0177703146
vn -0.621576726 0.783151686 0.0177703146
vn -0.025791306 0.707622528 -0.706119776
vn -0.025791306 0.707622528 -0.706119776
vn -0.025791306 0.707622528 -0.706119776
vn -0.025791306 0.707622528 -0.706119776
vn -0.02971071 0 -0.999558508
vn -0.02971071 0 -0.999558508
vn -0.02971071 0 -0.999558508
vn -0.02971071 0 -0.999558508
vn -0.999559224 0 0.0296867397
vn -0.999559224 0 0.0296867397
vn -0.999559224 0 0.0296867397
vn -0.999559224 0 0.0296867397
vn -0.0296420269 0 -0.999560535
vn -0.0296420269 0 -0.999560535
vn -0.0296420269 0 -0.999560535
vn -0.0296420269 0 -0.999560535
vn -0.540217996 -0.841401994 0.0143952612
vn -0.540217996 -0.841401994 0.0143952612
vn -0.540217996 -0.841401994 0.0143952612
vn -0.540217996 -0.841401994 0.0143952612
vn -0.0169837214 -0.833147764 -0.552789629
vn -0.0169837214 -0.833147764 -0.552789629
vn -0.0169837214 -0.833147764 -0.552789629
vn -0.0169837214 -0.833147764 -0.552789629
vn -0.0163682904 -0.833623409 -0.552090704
vn -0.0163682904 -0.833623409 -0.552090704
vn -0.0163682904 -0.833623409 -0.552090704
vn -0.0163682904 -0.833623409 -0.552090704
vn -0.528716087 -0.848653138 0.0157176554
vn -0.528716087 -0.848653138 0.0157176554
vn -0.528716087 -0.848653138 0.0157176554
vn -0.528716087 -0.848653138 0.0157176554
vn -0.0163646508 -0.833682299 -0.552001715
vn -0.0163646508 -0.833682299 -0.552001715
vn -0.0163646508 -0.833682299 -0.552001715
vn -0.0163646508 -0.833682299 -0.552001715
vn -0.0296300165 0 -0.999560893
vn -0.0296300165 0 -0.999560893
vn -0.0296300165 0 -0.999560893
vn -0.0296300165 0 -0.999560893
vn 0.999561846 0 -0.0295985397
vn 0.999561846 0 -0.0295985397
vn 0.999561846 0 -0.0295985397
vn 0.999561846 0 -0.0295985397
vn -0.0296521243 0 -0.999560297
vn -0.0296521243 0 -0.999560297
vn -0.0296521243 0 -0.999560297
vn -0.0296521243 0 -0.999560297
vn 0.999558747 0 -0.0297018234
vn 0.999558747 0 -0.0297018234
vn 0.999558747 0 -0.0297018234
vn 0.999558747 0 -0.0297018234
vn -0.0296362154 0 -0.999560773
vn -0.0296362154 0 -0.999560773
vn -0.0296362154 0 -0.999560773
vn -0.0296362154 0 -0.999560773
vn -0.999539733 0 0.0303355865
vn -0.999539733 0 0.0303355865
vn -0.999539733 0 0.0303355865
vn -0.999539733 0 0.0303355865
vn -0.0296288654 0 -0.999560893
vn -0.0296288654 0 -0.999560893
vn -0.0296288654 0 -0.999560893
vn -0.0296288654 0 -0.999560893
vn -0.99956125 0 0.0296168756
vn -0.99956125 0 0.0296168756
vn -0.99956125 0 0.0296168756
vn -0.99956125 0 0.0296168756
vn -0.02964494 0 -0.999560416
vn -0.02964494 0 -0.999560416
vn -0.02964494 0 -0.999560416
vn -0.02964494 0 -0.999560416
vn -0.999560773 8.51741715E-05 0.0296333674
vn -0.999560773 8.51741715E-05 0.0296333674
vn -0.999560773 8.51741715E-05 0.0296333674
vn -0.999560773 8.51741715E-05 0.0296333674
vn 0.0297004431 0 0.999558866
vn 0.0297004431 0 0.999558866
vn 0.0297004431 0 0.999558866
vn 0.0297004431 0 0.999558866
vn -0.999560654 0 0.0296377987
vn -0.999560654 0 0.0296377987
vn -0.999560654 0 0.0296377987
vn -0.999560654 0 0.0296377987
vn 0.0296525154 0 0.999560297
vn 0.0296525154 0 0.999560297
vn 0.0296525154 0 0.999560297
vn 0.0296525154 0 0.999560297
vn -0.999563038 0 0.0295576863
vn -0.999563038 0 0.0295576863
vn -0.999563038 0 0.0295576863
vn -0.999563038 0 0.0295576863
vn 0.0296380967 0 0.999560654
vn 0.0296380967 0 0.999560654
vn 0.0296380967 0 0.999560654
vn 0.0296380967 0 0.999560654
vn 0.99956125 0 -0.0296199713
vn 0.99956125 0 -0.0296199713
vn 0.99956125 0 -0.0296199713
vn 0.99956125 0 -0.0296199713
vn 0.0296480302 0 0.999560416
vn 0.0296480302 0 0.999560416
vn 0.0296480302 0 0.999560416
vn 0.0296480302 0 0.999560416
vn 0.999549091 0 -0.0300256498
vn 0.999549091 0 -0.0300256498
vn 0.999549091 0 -0.0300256498
vn 0.999549091 0 -0.0300256498
vn 0.029609492 0 0.999561489
vn 0.029609492 0 0.999561489
vn 0.029609492 0 0.999561489
vn 0.029609492 0 0.999561489
vn 0.999558508 0 -0.0297111217
vn 0.999558508 0 -0.0297111217
vn 0.999558508 0 -0.0297111217
vn 0.999558508 0 -0.0297111217
vn 0.0296922605 0 0.999559104
vn 0.0296922605 0 0.999559104
vn 0.0296922605 0 0.999559104
vn 0.0296922605 0 0.999559104
vn 0.999560773 -0.000385602849 -0.0296322834
vn 0.999560773 -0.000385602849 -0.0296322834
vn 0.999560773 -0.000385602849 -0.0296322834
vn 0.999560773 -0.000385602849 -0.0296322834
vn 0.999561012 0 -0.0296252277
vn 0.999561012 0 -0.0296252277
vn 0.999561012 0 -0.0296252277
vn 0.999561012 0 -0.0296252277
vn 0.0296919588 0 0.999559104
vn 0.0296919588 0 0.999559104
vn 0.0296919588 0 0.999559104
vn 0.0296919588 0 0.999559104
vn 0.999558628 0 -0.0297067016
vn 0.999558628 0 -0.0297067016
vn 0.999558628 0 -0.0297067016
vn 0.999558628 0 -0.0297067016
vn 0.0296096392 0 0.999561489
vn 0.0296096392 0 0.999561489
vn 0.0296096392 0 0.999561489
vn 0.0296096392 0 0.999561489
vn 0.999549568 0 -0.0300113689
vn 0.999549568 0 -0.0300113689
vn 0.999549568 0 -0.0300113689
vn 0.999549568 0 -0.0300113689
vn 0.0296483599 0 0.999560416
vn 0.0296483599 0 0.999560416
vn 0.0296483599 0 0.999560416
vn 0.0296483599 0 0.999560416
vn 0.99956125 0 -0.0296179559
vn 0.99956125 0 -0.0296179559
vn 0.99956125 0 -0.0296179559
vn 0.99956125 0 -0.0296179559
vn 0.0296381805 0 0.999560654
vn 0.0296381805 0 0.999560654
vn 0.0296381805 0 0.999560654
vn 0.0296381805 0 0.999560654
vn -0.999563038 0 0.0295575317
vn -0.999563038 0 0.0295575317
vn -0.999563038 0 0.0295575317
vn -0.999563038 0 0.0295575317
vn 0.0296525247 0 0.999560297
vn 0.0296525247 0 0.999560297
vn 0.0296525247 0 0.999560297
vn 0.0296525247 0 0.999560297
vn -0.999560773 0 0.029636642
vn -0.999560773 0 0.029636642
vn -0.999560773 0 0.029636642
vn -0.999560773 0 0.029636642
vn 0.0297008567 0 0.999558866
vn 0.0297008567 0 0.999558866
vn 0.0297008567 0 0.999558866
vn 0.0297008567 0 0.999558866
vn -0.999560893 0 0.0296311658
vn -0.999560893 0 0.0296311658
vn -0.999560893 0 0.0296311658
vn -0.999560893 0 0.0296311658
vn -0.0296451449 0 -0.999560416
vn -0.0296451449 0 -0.999560416
vn -0.0296451449 0 -0.999560416
vn -0.0296451449 0 -0.999560416
vn -0.999560297 -8.19659253E-05 0.0296501834
vn -0.999560297 -8.19659253E-05 0.0296501834
vn -0.999560297 -8.19659253E-05 0.0296501834
vn -0.999560297 -8.19659253E-05 0.0296501834
vn -0.0296346508 1.76123576E-05 -0.999560773
vn -0.0296346508 1.76123576E-05 -0.999560773
vn -0.0296346508 1.76123576E-05 -0.999560773
vn -0.0296346508 1.76123576E-05 -0.999560773
vn -0.999539733 0 0.0303354282
vn -0.999539733 0 0.0303354282
vn -0.999539733 0 0.0303354282
vn -0.999539733 0 0.0303354282
vn -0.0296362769 0 -0.999560773
vn -0.0296362769 0 -0.999560773
vn -0.0296362769 0 -0.999560773
vn -0.0296362769 0 -0.999560773
vn 0.999558508 0 -0.0297112428
vn 0.999558508 0 -0.0297112428
vn 0.999558508 0 -0.0297112428
vn 0.999558508 0 -0.0297112428
vn -0.0296520386 0 -0.999560297
vn -0.0296520386 0 -0.999560297
vn -0.0296520386 0 -0.999560297
vn -0.0296520386 0 -0.999560297
vn 0.999561846 0 -0.0295973308
vn 0.999561846 0 -0.0295973308
vn 0.999561846 0 -0.0295973308
vn 0.999561846 0 -0.0295973308
vn -0.0277474709 -0.351293415 -0.935854137
vn -0.0277474709 -0.351293415 -0.935854137
vn -0.0277474709 -0.351293415 -0.935854137
vn -0.0277474709 -0.351293415 -0.935854137
vn -0.93567127 -0.351728767 0.0283965319
vn -0.93567127 -0.351728767 0.0283965319
vn -0.93567127 -0.351728767 0.0283965319
vn -0.93567127 -0.351728767 0.0283965319
vn -0.0277459305 -0.351412356 -0.935809553
vn -0.0277459305 -0.351412356 -0.935809553
vn -0.0277459305 -0.351412356 -0.935809553
vn -0.0277459305 -0.351412356 -0.935809553
vn 0.935836494 -0.351356298 -0.0275460463
vn 0.935836494 -0.351356298 -0.0275460463
vn 0.935836494 -0.351356298 -0.0275460463
vn 0.935836494 -0.351356298 -0.0275460463
vn -0.0277432632 -0.351332843 -0.935839534
vn -0.0277432632 -0.351332843 -0.935839534
vn -0.0277432632 -0.351332843 -0.935839534
vn -0.0277432632 -0.351332843 -0.935839534
vn -0 1 0
vn -0 1 0
vn -0 1 0
vn -0 1 0
vn -0 1 0
vn -0 1 0
vn -0 1 0
vn -0.0286142156 -0.355381787 -0.934283137
vn -0.0286142156 -0.355381787 -0.934283137
vn -0.0286142156 -0.355381787 -0.934283137
vn -0.0286142156 -0.355381787 -0.934283137
vn -0.918902218 -0.39372769 0.024437191
vn -0.918902218 -0.39372769 0.024437191
vn -0.918902218 -0.39372769 0.024437191
vn -0.918902218 -0.39372769 0.024437191
vn -0.999560297 0 0.0296502933
vn -0.999560297 0 0.0296502933
vn -0.999560297 0 0.0296502933
vn -0.999560297 0 0.0296502933
vn 0.0278111063 -0.350953013 0.935980082
vn 0.0278111063 -0.350953013 0.935980082
vn 0.0278111063 -0.350953013 0.935980082
vn 0.0278111063 -0.350953013 0.935980082
vn -0.935811222 -0.351410955 0.0277088284
vn -0.935811222 -0.351410955 0.0277088284
vn -0.935811222 -0.351410955 0.0277088284
vn -0.935811222 -0.351410955 0.0277088284
vn -0 1 0
vn -0 1 0
vn -0 1 0
vn -0 1 0
vn -0 1 0
vn -0 1 0
vn -0 1 0
vn -0 1 0
vn -0 1 0
vn -0 1 0
vn -0 1 0
vn -0 1 0
vn 0.0277632736 -0.351205617 0.935886621
vn 0.0277632736 -0.351205617 0.935886621
vn 0.0277632736 -0.351205617 0.935886621
vn 0.0277632736 -0.351205617 0.935886621
vn -0 1 0
vn -0 1 0
vn -0 1 0
vn -0 1 0
vn -0.936093271 -0.350658238 0.027715262
vn -0.936093271 -0.350658238 0.027715262
vn -0.936093271 -0.350658238 0.027715262
vn -0.936093271 -0.350658238 0.027715262
vn -0 1 0
vn -0 1 0
vn -0 1 0
vn -0 1 0
vn -0 1 0
vn -0 1 0
vn -0 1 0
vn -0 1 0
vn 0.0277488548 -0.351080626 0.935934007
vn 0.0277488548 -0.351080626 0.935934007
vn 0.0277488548 -0.351080626 0.935934007
vn 0.0277488548 -0.351080626 0.935934007
vn 0.935980976 -0.350953102 -0.0277738199
vn 0.935980976 -0.350953102 -0.0277738199
vn 0.935980976 -0.350953102 -0.0277738199
vn 0.935980976 -0.350953102 -0.0277738199
vn 0.0277588274 -0.351400703 0.935813487
vn 0.0277588274 -0.351400703 0.935813487
vn 0.0277588274 -0.351400703 0.935813487
vn 0.0277588274 -0.351400703 0.935813487
vn 0.936282814 -0.350131452 -0.0279710703
vn 0.936282814 -0.350131452 -0.0279710703
vn 0.936282814 -0.350131452 -0.0279710703
vn 0.936282814 -0.350131452 -0.0279710703
vn 0.0277668126 -0.351301253 0.93585068
vn 0.0277668126 -0.351301253 0.93585068
vn 0.0277668126 -0.351301253 0.93585068
vn 0.0277668126 -0.351301253 0.93585068
vn 0.935983181 -0.350944072 -0.027817212
vn 0.935983181 -0.350944072 -0.027817212
vn 0.935983181 -0.350944072 -0.027817212
vn 0.935983181 -0.350944072 -0.027817212
vn 0.0278578997 -0.351081163 0.93593055
vn 0.0278578997 -0.351081163 0.93593055
vn 0.0278578997 -0.351081163 0.93593055
vn 0.0278578997 -0.351081163 0.93593055
vn 0.935842752 -0.351324499 -0.0277389623
vn 0.935842752 -0.351324499 -0.0277389623
vn 0.935842752 -0.351324499 -0.0277389623
vn 0.935842752 -0.351324499 -0.0277389623
vn 0.936013877 -0.350867361 -0.0277488455
vn 0.936013877 -0.350867361 -0.0277488455
vn 0.936013877 -0.350867361 -0.0277488455
vn 0.936013877 -0.350867361 -0.0277488455
vn -0 1 0
vn -0 1 0
vn -0 1 0
vn -0 1 0
vn -0 1 0
vn -0 1 0
vn -0 1 0
vn -0 1 0
vn -0 1 0
vn -0 1 0
vn -0 1 0
vn -0 1 0
vn -0 1 0
vn -0 1 0
vn -0 1 0
vn -0 1 0
vn -0 1 0
vn -0 1 0
vn -0 1 0
vn -0 1 0
vn -0 1 0
vn -0 1 0
vn -0.0277257562 -0.35127905 -0.935860157
vn -0.0277257562 -0.35127905 -0.935860157
vn -0.0277257562 -0.35127905 -0.935860157
vn -0.0277257562 -0.35127905 -0.935860157
vn -0.936263561 -0.350197434 0.027788613
vn -0.936263561 -0.350197434 0.027788613
vn -0.936263561 -0.350197434 0.027788613
vn -0.936263561 -0.350197434 0.027788613
vn -0.0277465656 -0.3512972 -0.935852766
vn -0.0277465656 -0.3512972 -0.935852766
vn -0.0277465656 -0.3512972 -0.935852766
vn -0.0277465656 -0.3512972 -0.935852766
vn -0.935797334 -0.351439148 0.0278205071
vn -0.935797334 -0.351439148 0.0278205071
vn -0.935797334 -0.351439148 0.0278205071
vn -0.935797334 -0.351439148 0.0278205071
vn -0.0277464222 -0.351431608 -0.935802341
vn -0.0277464222 -0.351431608 -0.935802341
vn -0.0277464222 -0.351431608 -0.935802341
vn -0.0277464222 -0.351431608 -0.935802341
vn 0.935833871 -0.351366758 -0.0275025107
vn 0.935833871 -0.351366758 -0.0275025107
vn 0.935833871 -0.351366758 -0.0275025107
vn 0.935833871 -0.351366758 -0.0275025107
vn -0.0277431477 -0.35134393 -0.935835361
vn -0.0277431477 -0.35134393 -0.935835361
vn -0.0277431477 -0.35134393 -0.935835361
vn -0.0277431477 -0.35134393 -0.935835361
vn 0.936086595 -0.350673348 -0.0277502369
vn 0.936086595 -0.350673348 -0.0277502369
vn 0.936086595 -0.350673348 -0.0277502369
vn 0.936086595 -0.350673348 -0.0277502369
vn -0 1 0
vn -0 1 0
vn -0 1 0
vn -0 1 0
vn -0 1 0
vn -0 1 0
vn -0 1 0
vn -0 1 0
vn -0 1 0
vn -0 1 0
vn -1.57818322E-05 1 0
vn -1.57818322E-05 1 0
vn -0 1 0
vn -0 1 0
vn -0 1 0
vn -0 1 0
vn -0.936034858 -0.350812346 0.0277394485
vn -0.936034858 -0.350812346 0.0277394485
vn -0.936034858 -0.350812346 0.0277394485
vn -0.936034858 -0.350812346 0.0277394485
vn -0 1 0
vn -0 1 0
vn -0 1 0
vn -0 1 0
vn -0.936152697 -0.350496411 0.027753545
vn -0.936152697 -0.350496411 0.027753545
vn -0.936152697 -0.350496411 0.027753545
vn -0.936152697 -0.350496411 0.027753545
vn -0 1 0
vn -0 1 0
vn -0 1 0
vn -0 1 0
vn -0 1 0
vn -0 1 0
vn -0 1 0
vn -0 1 0
vn 0.029669676 0 0.9995597
vn 0.029669676 0 0.9995597
vn 0.029669676 0 0.9995597
vn 0.029669676 0 0.9995597
vn 0.0296525154 0 0.999560297
vn 0.0296525154 0 0.999560297
vn 0.0296525154 0 0.999560297
vn 0.0296525154 0 0.999560297
vn 0.0296956319 -4.95153909E-05 0.999558985
vn 0.0296956319 -4.95153909E-05 0.999558985
vn 0.0296956319 -4.95153909E-05 0.999558985
vn -0.999563158 0 0.0295560844
vn -0.999563158 0 0.0295560844
vn -0.999563158 0 0.0295560844
vn -0.999563158 0 0.0295560844
vn -0.999563038 0 0.0295583252
vn -0.999563038 0 0.0295583252
vn -0.999563038 0 0.0295583252
vn -0.999563038 0 0.0295583252
vn 0.936015248 -0.350863248 -0.0277556647
vn 0.936015248 -0.350863248 -0.0277556647
vn 0.936015248 -0.350863248 -0.0277556647
vn 0.936015248 -0.350863248 -0.0277556647
vn -0.0245176293 0.561371922 -0.827200353
vn -0.0245176293 0.561371922 -0.827200353
vn -0.0245176293 0.561371922 -0.827200353
vn -0.0245176293 0.561371922 -0.827200353
vn -0 1 0
vn -0 1 0
vn -0 1 0
vn -0 1 0
vn -0 1 0
vn -0 1 0
vn -0 1 0
vn -0 1 0
vn -0.999561965 0 0.0295932777
vn -0.999561965 0 0.0295932777
vn -0.999561965 0 0.0295932777
vn -0.999561965 0 0.0295932777
vn -0.528849304 -0.848571181 0.0156637318
vn -0.528849304 -0.848571181 0.0156637318
vn -0.528849304 -0.848571181 0.0156637318
vn -0.528849304 -0.848571181 0.0156637318
vn -0.99956125 0 0.0296177026
vn -0.99956125 0 0.0296177026
vn -0.99956125 0 0.0296177026
vn -0.99956125 0 0.0296177026
vn 0.015060585 0.861226976 0.507997334
vn 0.015060585 0.861226976 0.507997334
vn 0.015060585 0.861226976 0.507997334
vn 0.015060585 0.861226976 0.507997334
vn -0.0150577649 0.861229539 -0.507993102
vn -0.0150577649 0.861229539 -0.507993102
vn -0.0150577649 0.861229539 -0.507993102
vn -0.0150577649 0.861229539 -0.507993102
vn -0.52871412 -0.848655641 0.0156543255
vn -0.52871412 -0.848655641 0.0156543255
vn -0.52871412 -0.848655641 0.0156543255
vn -0.52871412 -0.848655641 0.0156543255
vn -0.999560893 0 0.0296311807
vn -0.999560893 0 0.0296311807
vn -0.999560893 0 0.0296311807
vn -0.999560893 0 0.0296311807
vn -0.641088188 0.767268538 0.0174641889
vn -0.641088188 0.767268538 0.0174641889
vn -0.641088188 0.767268538 0.0174641889
vn -0.641088188 0.767268538 0.0174641889
vn 0.0297143925 7.86929959E-05 0.999558389
vn 0.0297143925 7.86929959E-05 0.999558389
vn 0.0297143925 7.86929959E-05 0.999558389
vn 0.0297143925 7.86929959E-05 0.999558389
vn 0.0296482705 6.01637439E-05 0.999560416
vn 0.0296482705 6.01637439E-05 0.999560416
vn 0.0296482705 6.01637439E-05 0.999560416
vn 0.0296482705 6.01637439E-05 0.999560416
vn 0.0297087505 0 0.999558628
vn 0.0297085084 0 0.999558628
vn 0.0297085084 0 0.999558628
vn 0.0297085084 0 0.999558628
vn 0.0296920203 0 0.999559104
vn 0.0298086889 0 0.999555647
vn 0.0298086889 0 0.999555647
vn 0.0298086889 0 0.999555647
vn 0.0298086889 0 0.999555647
vn 0.0312467646 -0.00184197049 0.99951005
vn 0.0312467646 -0.00184197049 0.99951005
vn 0.0312467646 -0.00184197049 0.99951005
vn 0.0312467646 -0.00184197049 0.99951005
vn -0.029641049 0 -0.999560535
vn -0.029641049 0 -0.999560535
vn -0.029641049 0 -0.999560535
vn -0.029641049 0 -0.999560535
vn 0.522627175 0.85242027 -0.0155077092
vn 0.522627175 0.85242027 -0.0155077092
vn 0.522627175 0.85242027 -0.0155077092
vn 0.522627175 0.85242027 -0.0155077092
vn 0.522458553 0.852524042 -0.015489907
vn 0.522548139 0.852469862 -0.0154457502
vn 0.522548139 0.852469862 -0.0154457502
vn 0.522548139 0.852469862 -0.0154457502
vn 0.999560177 0 -0.0296540633
vn 0.999560177 0 -0.0296540633
vn 0.999560177 0 -0.0296540633
vn 0.999560177 0 -0.0296540633
vn 0.0296306871 0 0.999560893
vn 0.0296306871 0 0.999560893
vn 0.0296306871 0 0.999560893
vn 0.0296306871 0 0.999560893
vn 0.0296270791 0.000156032082 0.999561012
vn 0.0296270791 0.000156032082 0.999561012
vn 0.0296233427 0 0.999561131
vn 0.0296233427 0 0.999561131
vn 0.0296233427 0 0.999561131
vn 0.0296233427 0 0.999561131
vn 0.99956125 0 -0.0296172593
vn 0.99956125 0 -0.0296172593
vn 0.99956125 0 -0.0296172593
vn 0.99956125 0 -0.0296172593
vn 0.0296098217 0 0.999561489
vn 0.0296098217 0 0.999561489
vn 0.0296098217 0 0.999561489
vn 0.0296098217 0 0.999561489
vn -0 1 0
vn -0 1 0
vn -0 1 0
vn -0 1 0
vn -0 1 0
vn -0 1 0
vn -0 1 0
vn -0 1 0
vn -0 1 0
vn -0 1 0
vn -0 1 0
vn -0 1 0
vn 0.0296923015 0 0.999559104
vn 0.0296923015 0 0.999559104
vn 0.0296923015 0 0.999559104
vn 0.0296923015 0 0.999559104
vn 0.0293207113 1.02264084E-05 0.999570072
vn 0.0296870507 0 0.999559224
vn 0.0296870507 0 0.999559224
vn 0.0297189113 0 0.99955827
vn 0.0293207113 1.02264084E-05 0.999570072
vn 0.0293207113 1.02264084E-05 0.999570072
vn 0.0293207113 1.02264084E-05 0.999570072
vn -0.0296179578 0 -0.99956125
vn -0.0296179578 0 -0.99956125
vn -0.0296179578 0 -0.99956125
vn -0.0296179578 0 -0.99956125
vn 0.0297301579 0.000108184358 0.999557912
vn 0.0297301579 0.000108184358 0.999557912
vn 0.0297301579 0.000108184358 0.999557912
vn 0.0297301579 0.000108184358 0.999557912
vn 0.52864188 -0.848700285 -0.015672816
vn 0.52864188 -0.848700285 -0.015672816
vn 0.52864188 -0.848700285 -0.015672816
vn 0.52864188 -0.848700285 -0.015672816
vn -0 -1 0
vn -0 -1 0
vn -0 -1 0
vn -0 -1 0
vn 0.0296345055 0 0.999560773
vn 0.0296345055 0 0.999560773
vn 0.0296345055 0 0.999560773
vn 0.0296345055 0 0.999560773
vn 0.0164659303 -0.832831621 0.553281546
vn 0.0164659303 -0.832831621 0.553281546
vn 0.0164659303 -0.832831621 0.553281546
vn 0.0164659303 -0.832831621 0.553281546
vn 0.528668165 -0.848683715 -0.0156834461
vn 0.528668165 -0.848683715 -0.0156834461
vn 0.528668165 -0.848683715 -0.0156834461
vn 0.528668165 -0.848683715 -0.0156834461
vn 0.999559581 0 -0.0296745915
vn 0.999559581 0 -0.0296745915
vn 0.999559581 0 -0.0296745915
vn 0.999559581 0 -0.0296745915
vn 0.0296241902 0 0.999561131
vn 0.0296241902 0 0.999561131
vn 0.0296241902 0 0.999561131
vn 0.0296241902 0 0.999561131
vn 0.0296241492 0 0.999561131
vn 0.0296241492 0 0.999561131
vn -0 1 0
vn -0 1 0
vn -0 1 0
vn -0 1 0
vn 0.768254399 -0.639738023 -0.0228132103
vn 0.768254399 -0.639738023 -0.0228132103
vn 0.768254399 -0.639738023 -0.0228132103
vn 0.768254399 -0.639738023 -0.0228132103
vn -0.836504936 0.547406316 0.0246145446
vn -0.836504936 0.547406316 0.0246145446
vn -0.836504936 0.547406316 0.0246145446
vn -0.836504936 0.547406316 0.0246145446
vn 0.77410233 0.632641435 -0.0230328403
vn 0.77410233 0.632641435 -0.0230328403
vn 0.77410233 0.632641435 -0.0230328403
vn 0.77410233 0.632641435 -0.0230328403
vn 0.994336545 0.102106027 -0.029482482
vn 0.994336545 0.102106027 -0.029482482
vn 0.994336545 0.102106027 -0.029482482
vn 0.994336545 0.102106027 -0.029482482
vn 0.301031739 0.953572214 -0.0089404257
vn 0.301031739 0.953572214 -0.0089404257
vn 0.301031739 0.953572214 -0.0089404257
vn 0.301031739 0.953572214 -0.0089404257
vn 0.768997788 0.62641722 -0.127451017
vn 0.768997788 0.62641722 -0.127451017
vn 0.768997788 0.62641722 -0.127451017
vn 0.768997788 0.62641722 -0.127451017
vn -0.300967276 0.953592777 0.00892278086
vn -0.300967276 0.953592777 0.00892278086
vn -0.300967276 0.953592777 0.00892278086
vn -0.300967276 0.953592777 0.00892278086
vn -0.773993611 0.632782102 0.0228166226
vn -0.773993611 0.632782102 0.0228166226
vn -0.773993611 0.632782102 0.0228166226
vn -0.773993611 0.632782102 0.0228166226
vn -0 1 0
vn -0 1 0
vn -0 1 0
vn -0 1 0
vn -0.768414557 -0.63955003 0.0226922259
vn -0.768414557 -0.63955003 0.0226922259
vn -0.768414557 -0.63955003 0.0226922259
vn -0.768414557 -0.63955003 0.0226922259
vn -0.994331121 0.102247089 0.0291737989
vn -0.994331121 0.102247089 0.0291737989
vn -0.994331121 0.102247089 0.0291737989
vn -0.994331121 0.102247089 0.0291737989
vn -0.0296070073 -0.000148128194 -0.999561608
vn -0.0296070073 -0.000148128194 -0.999561608
vn -0.0296070073 -0.000148128194 -0.999561608
vn -0.0296070073 -0.000148128194 -0.999561608
vn -0.0295937005 0.000165827325 -0.999561965
vn -0.0295937005 0.000165827325 -0.999561965
vn -0.0295937005 0.000165827325 -0.999561965
vn -0.0295937005 0.000165827325 -0.999561965
vn -0.0296045076 0 -0.999561727
vn -0.0296045076 0 -0.999561727
vn -0.0296045076 0 -0.999561727
vn -0.0296045076 0 -0.999561727
vn -0.0296573881 -0.000117481657 -0.999560058
vn -0.0296573881 -0.000117481657 -0.999560058
vn -0.0296573881 -0.000117481657 -0.999560058
vn -0.0296573881 -0.000117481657 -0.999560058
vn -0.0297456924 -0.000758569222 -0.999557197
vn 0.999560893 0 -0.0296317227
vn 0.999560893 0 -0.0296317227
vn 0.999560893 0 -0.0296317227
vn 0.999560893 0 -0.0296317227
vn -0.999561727 -1.58939729E-05 0.0296034776
vn -0.999561369 0 0.0296153706
vn -0.999561608 0 0.029608205
vn -0.999561727 -1.58939729E-05 0.0296034776
vn -0.999561608 0 0.029608205
vn -0.999561608 0 0.029608205
vn -0.9995597 -4.26818297E-05 0.0296727661
vn -0.9995597 -4.26818297E-05 0.0296727661
vn 0.999561608 0 -0.0296066813
vn 0.999561727 1.58492621E-05 -0.0296034627
vn 0.999561608 0 -0.0296066813
vn 0.999561727 1.58492621E-05 -0.0296034627
vn 0.999561727 1.58492621E-05 -0.0296034627
vn 0.999561727 1.58492621E-05 -0.0296034627
vn 0.999561369 0 -0.0296153706
vn 0.999559462 4.18333184E-05 -0.0296785552
vn 0.999559462 4.18333184E-05 -0.0296785552
vn 0.0296368077 0 0.999560654
vn 0.0296368077 0 0.999560654
vn 0.0296368077 0 0.999560654
vn 0.0296368077 0 0.999560654
vn 0.029645998 0 0.999560416
vn 0.029645998 0 0.999560416
vn 0.029645998 0 0.999560416
vn 0.029645998 0 0.999560416
vn 0.0295595229 0 0.999563038
vn 0.0295739286 -9.63948987E-05 0.999562562
vn 0.0295595229 0 0.999563038
vn 0.0295595229 0 0.999563038
vn 0.0295595229 0 0.999563038
vn 0.0297705531 4.93934167E-05 0.99955672
vn 0.0297705531 4.93934167E-05 0.99955672
vn 0.999550164 0 -0.0299900845
vn 0.999550164 0 -0.0299900845
vn 0.999550164 0 -0.0299900845
vn 0.999550164 0 -0.0299900845
vn 0.626299143 0.779359102 -0.0186770204
vn 0.626299143 0.779359102 -0.0186770204
vn 0.626299143 0.779359102 -0.0186770204
vn 0.626299143 0.779359102 -0.0186770204
vn 0.623740792 0.78142184 -0.0180929694
vn 0.623740792 0.78142184 -0.0180929694
vn 0.0324514434 0.00234538619 0.999470532
vn 0.0324514434 0.00234538619 0.999470532
vn 0.0324514434 0.00234538619 0.999470532
vn 0.0324514434 0.00234538619 0.999470532
vn 0.0296438783 3.02214103E-05 0.999560535
vn 0.0296438783 3.02214103E-05 0.999560535
vn 0.0296438783 3.02214103E-05 0.999560535
vn 0.0296438783 3.02214103E-05 0.999560535
vn 0.033748474 0.00342464121 0.999424458
vn 0.033748474 0.00342464121 0.999424458
vn 0.033748474 0.00342464121 0.999424458
vn 0.033748474 0.00342464121 0.999424458
vn -0.0296358876 0 -0.999560773
vn -0.0296358876 0 -0.999560773
vn -0.0296358876 0 -0.999560773
vn -0.0296358876 0 -0.999560773
vn -0 1 0
vn -0 1 0
vn -0 1 0
vn -0 1 0
vn -0.99957639 0 0.0291058514
vn -0.99957639 0 0.0291058514
vn -0.99957639 0 0.0291058514
vn -0.99957639 0 0.0291058514
vn 0.999557674 0 -0.029737113
vn 0.999557674 0 -0.029737113
vn 0.999557674 0 -0.029737113
vn 0.999557674 0 -0.029737113
vn 0.0296292994 0 0.999560893
vn 0.0296292994 0 0.999560893
vn 0.0296292994 0 0.999560893
vn 0.0296292994 0 0.999560893
vn 0.0253649391 0 -0.999678254
vn 0.0253649391 0 -0.999678254
vn 0.0253649391 0 -0.999678254
vn 0.0253649391 0 -0.999678254
vn -0.025366053 0 0.999678254
vn -0.025366053 0 0.999678254
vn -0.025366053 0 0.999678254
vn -0.025366053 0 0.999678254
vn -0.0243920814 0.00617695041 0.99968338
vn -0.0243920814 0.00617695041 0.99968338
vn -0.0268626697 -0.00520624872 0.999625564
vn -0.0268626697 -0.00520624872 0.999625564
vn -0.0268626697 -0.00520624872 0.999625564
vn -0.999675989 0 -0.0254519396
vn -0.999675989 0 -0.0254519396
vn -0.999675989 0 -0.0254519396
vn -0.999675989 0 -0.0254519396
vn -0.999621153 0.00172159332 -0.0274707805
vn -0.999621153 0.00172159332 -0.0274707805
vn 0.0253663827 0 -0.999678254
vn 0.0253663827 0 -0.999678254
vn 0.0253663827 0 -0.999678254
vn 0.0253663827 0 -0.999678254
vn 0.999678254 0 0.0253661051
vn 0.999678254 0 0.0253661051
vn 0.999678254 0 0.0253661051
vn 0.999678254 0 0.0253661051
vn -0.0253785364 0 0.999677896
vn -0.0253785364 0 0.999677896
vn -0.0253785364 0 0.999677896
vn -0.0253785364 0 0.999677896
vn -0.999678373 0 -0.0253587607
vn -0.999678373 0 -0.0253587607
vn -0.999678373 0 -0.0253587607
vn -0.999678373 0 -0.0253587607
vn -0.025369959 0 0.999678135
vn -0.025369959 0 0.999678135
vn -0.025369959 0 0.999678135
vn -0.025369959 0 0.999678135
vn -0.0253698211 0 0.999678135
vn 0.0253631808 0 -0.999678254
vn 0.0253631808 0 -0.999678254
vn 0.0253631808 0 -0.999678254
vn 0.0253631808 0 -0.999678254
vn 0.025363205 0 -0.999678254
vn -0 1 0
vn -0 1 0
vn -0 1 0
vn -0 1 0
vn -0.999684453 0 -0.0251218379
vn -0.999684453 0 -0.0251218379
vn -0.999684453 0 -0.0251218379
vn -0.999684453 0 -0.0251218379
vn 0.0253831632 0 -0.999677777
vn 0.0253831632 0 -0.999677777
vn 0.0253831632 0 -0.999677777
vn 0.0253831632 0 -0.999677777
vn -0 1 0
vn -0 1 0
vn -0 1 0
vn -0 1 0
vn -0 1 0
vn -0 1 0
vn -0 1 0
vn -0 1 0
vn -0 1 0
vn -0 1 0
vn 0.0253557879 0 -0.999678493
vn 0.0253557879 0 -0.999678493
vn 0.0253557879 0 -0.999678493
vn 0.0253557879 0 -0.999678493
vn -0.0253557879 0 0.999678493
vn -0.0253557879 0 0.999678493
vn -0.0253557879 0 0.999678493
vn -0.0253557879 0 0.999678493
vn -0.999680877 0 -0.0252631456
vn -0.999680877 0 -0.0252631456
vn -0.999680877 0 -0.0252631456
vn -0.999680877 0 -0.0252631456
vn -0.0253611673 0 0.999678373
vn -0.0253611673 0 0.999678373
vn -0.0253611673 0 0.999678373
vn -0.0253611673 0 0.999678373
vn -0.999676943 0 -0.0254167859
vn -0.999676943 0 -0.0254167859
vn -0.999676943 0 -0.0254167859
vn -0.999676943 0 -0.0254167859
vn -0.756909907 0 -0.653519154
vn -0.756909907 0 -0.653519154
vn -0.756909907 0 -0.653519154
vn -0.756909907 0 -0.653519154
vn -0.907138586 0 -0.420831949
vn -0.907138586 0 -0.420831949
vn -0.907138586 0 -0.420831949
vn -0.907138586 0 -0.420831949
vn -0.986981094 0 -0.160836339
vn -0.986981094 0 -0.160836339
vn -0.986981094 0 -0.160836339
vn -0.986981094 0 -0.160836339
vn -0.929102778 0 0.369821727
vn -0.929102778 0 0.369821727
vn -0.929102778 0 0.369821727
vn -0.929102778 0 0.369821727
vn -0.791990578 0 0.610533357
vn -0.791990578 0 0.610533357
vn -0.791990578 0 0.610533357
vn -0.791990578 0 0.610533357
vn -0.598266006 0 0.801297486
vn -0.598266006 0 0.801297486
vn -0.598266006 0 0.801297486
vn -0.598266006 0 0.801297486
vn -0.994378507 0 0.105884276
vn -0.994378507 0 0.105884276
vn -0.994378507 0 0.105884276
vn -0.994378507 0 0.105884276
vn -0.552824497 0 -0.833297729
vn -0.552824497 0 -0.833297729
vn -0.552824497 0 -0.833297729
vn -0.552824497 0 -0.833297729
vn -0.999619961 -0.00153779134 -0.0275245663
vn -0.999619961 -0.00153779134 -0.0275245663
vn -0.999619961 -0.00153779134 -0.0275245663
vn -0.999619961 -0.00153779134 -0.0275245663
vn -0.999679089 0 -0.0253336467
vn -0.999679089 0 -0.0253336467
vn -0 1 0
vn -0 1 0
vn -0 1 0
vn -0 1 0
vn -0 1 0
vn -0 1 0
vn -0 1 0
vn -0 1 0
vn -0 1 0
vn -0 1 0
vn -0 1 0
vn -0 1 0
vn -0 1 0
vn -0 1 0
vn -0 1 0
vn -0 1 0
vn -0 1 0
vn -0 1 0
vn -0 1 0
vn -0 1 0
vn -0 1 0
vn -0 1 0
vn -0 1 0
vn -0 1 0
vn -0 1 0
vn -0 1 0
vn 0.999678373 0 0.0253596641
vn 0.999678373 0 0.0253596641
vn 0.999678373 0 0.0253596641
vn 0.999678373 0 0.0253596641
vn 0.999678493 0 0.0253573824
vn 0.999678493 0 0.0253573824
vn 0.999678493 0 0.0253573824
vn 0.999678493 0 0.0253573824
vn -0 -1 0
vn -0 -1 0
vn -0 -1 0
vn -0 -1 0
vn -0 -1 0
vn -0 -1 0
vn -0 -1 0
vn -0 -1 0
vn -0.999677777 0 -0.0253831148
vn -0.999677777 0 -0.0253831148
vn -0.999677777 0 -0.0253831148
vn -0.999677777 0 -0.0253831148
vn -0 -1 0
vn -0 -1 0
vn -0 -1 0
vn -0 -1 0
vn -0 -1 0
vn -0 -1 0
vn -0 -1 0
vn 0.999678731 0 0.0253466498
vn 0.999678731 0 0.0253466498
vn 0.999678731 0 0.0253466498
vn 0.999678731 0 0.0253466498
vn 0.0253678598 0 -0.999678135
vn 0.0253678598 0 -0.999678135
vn 0.0253678598 0 -0.999678135
vn 0.0253678598 0 -0.999678135
vn -0.999678135 0 -0.0253693555
vn -0.999678135 0 -0.0253693555
vn -0.999678135 0 -0.0253693555
vn -0.999678135 0 -0.0253693555
vn -0.999678254 -0.000128525266 -0.0253662132
vn -0.999672294 0 -0.0255986378
vn -0.999678254 -0.000128525266 -0.0253662132
vn -0.999672294 0 -0.0255986378
vn -0.999672294 0 -0.0255986378
vn -0.999672294 0 -0.0255986378
vn -0.0252655838 0 0.999680758
vn -0.0252655838 0 0.999680758
vn -0.0252655838 0 0.999680758
vn -0.0252655838 0 0.999680758
vn -0.999678493 0 -0.0253565516
vn -0.999678493 0 -0.0253565516
vn -0.999678493 0 -0.0253565516
vn -0.999678493 0 -0.0253565516
vn 0.0253846459 0 -0.999677777
vn 0.0253846459 0 -0.999677777
vn 0.0253846459 0 -0.999677777
vn 0.0253846459 0 -0.999677777
vn -0.0253630765 0 0.999678254
vn -0.0253630765 0 0.999678254
vn -0.0253630765 0 0.999678254
vn -0.0253630765 0 0.999678254
vn -0.999678254 0.000128526008 -0.0253656302
vn -0.999678254 0.000128526008 -0.0253656302
vn -0.999678254 0.000128526008 -0.0253656302
vn -0.999678254 0.000128526008 -0.0253656302
vn -0.999676943 0 -0.0254187174
vn -0.999676943 0 -0.0254187174
vn -0.999676943 0 -0.0254187174
vn -0.999676943 0 -0.0254187174
vn 0.0253663063 0 -0.999678254
vn 0.0253663063 0 -0.999678254
vn 0.0253663063 0 -0.999678254
vn 0.0253663063 0 -0.999678254
vn -0.025363287 0 0.999678254
vn -0.025363287 0 0.999678254
vn -0.025363287 0 0.999678254
vn -0.025363287 0 0.999678254
vn -0.999676108 0 -0.025449764
vn -0.999676108 0 -0.025449764
vn -0.999676108 0 -0.025449764
vn -0.999676108 0 -0.025449764
vn -0.0253667254 0 0.999678254
vn -0.0253667254 0 0.999678254
vn -0.0253667254 0 0.999678254
vn -0.0253667254 0 0.999678254
vn -0.999678493 0 -0.0253571756
vn -0.999678493 0 -0.0253571756
vn -0.999678493 0 -0.0253571756
vn -0.999678493 0 -0.0253571756
vn -0.136976838 0 -0.9905743
vn -0.136976838 0 -0.9905743
vn -0.136976838 0 -0.9905743
vn -0.136976838 0 -0.9905743
vn -0.209569857 0 0.977793634
vn -0.209569857 0 0.977793634
vn -0.209569857 0 0.977793634
vn -0.209569857 0 0.977793634
vn -0.999687076 0 -0.0250170771
vn -0.999687076 0 -0.0250170771
vn -0.999687076 0 -0.0250170771
vn -0.999687076 0 -0.0250170771
vn -0.999678254 1.19851402E-05 -0.0253651962
vn -0.999678254 1.19851402E-05 -0.0253651962
vn -0.999678254 1.19851402E-05 -0.0253651962
vn -0.999678254 1.19851402E-05 -0.0253651962
vn -0.999678373 0 -0.0253597237
vn -0.999678373 0 -0.0253597237
vn -0.999678373 0 -0.0253597237
vn -0 1 0
vn -0 1 0
vn -0 1 0
vn -0 1 0
vn -0 1 0
vn -0 1 0
vn -0 1 0
vn -0 1 0
vn -0 1 0
vn -0 1 0
vn -0.0253582038 0 0.999678373
vn -0.0253582038 0 0.999678373
vn -0.0253582038 0 0.999678373
vn -0.0253582038 0 0.999678373
vn 0.999676228 0 0.0254464522
vn 0.999676228 0 0.0254464522
vn 0.999676228 0 0.0254464522
vn 0.999676228 0 0.0254464522
vn -0 1 0
vn -0 1 0
vn -0 1 0
vn -0 1 0
vn -0 1 0
vn -0 1 0
vn -0 1 0
vn -0 1 0
vn -0 1 0
vn -0 1 0
vn -0 1 0
vn -0 1 0
vn -0 1 0
vn -0 1 0
vn -0 1 0
vn -0 1 0
vn -0 1 0
vn -0.525067985 0.850955963 -0.0133238453
vn -0.525067985 0.850955963 -0.0133238453
vn -0.525067985 0.850955963 -0.0133238453
vn -0.525067985 0.850955963 -0.0133238453
vn 0.999680042 0 0.0252927709
vn 0.999680042 0 0.0252927709
vn 0.999680042 0 0.0252927709
vn 0.999680042 0 0.0252927709
vn 0.553673506 2.97611477E-05 -0.83273387
vn 0.553673506 2.97611477E-05 -0.83273387
vn 0.553673506 2.97611477E-05 -0.83273387
vn 0.553673506 2.97611477E-05 -0.83273387
vn 0.553680301 0 -0.83272934
vn 0.553680301 0 -0.83272934
vn -0.832736015 0 -0.553670228
vn -0.832736015 0 -0.553670228
vn -0.832736015 0 -0.553670228
vn -0.832736015 0 -0.553670228
vn -0.832735837 0 -0.553670406
vn -0.832735837 0 -0.553670406
vn -0.553673625 0 0.832733691
vn -0.553673625 0 0.832733691
vn -0.553673625 0 0.832733691
vn -0.553673625 0 0.832733691
vn -0.553718686 0 0.832703769
vn -0.553718686 0 0.832703769
vn -0.553718686 0 0.832703769
vn -0.553718686 0 0.832703769
vn 0.832732379 0 0.553675711
vn 0.832732379 0 0.553675711
vn 0.832732379 0 0.553675711
vn 0.832732379 0 0.553675711
vn 0.00133806968 -0.00317021646 -0.999994159
vn 0.00133806968 -0.00317021646 -0.999994159
vn 0.00133806968 -0.00317021646 -0.999994159
vn 0.00133806968 -0.00317021646 -0.999994159
vn -0.99967885 0 -0.0253418908
vn -0.99967885 0 -0.0253418908
vn -0.99967885 0 -0.0253418908
vn -0.99967885 0 -0.0253418908
vn -0.998593867 0 -0.0530112348
vn -0.998593867 0 -0.0530112348
vn -0.976897836 0 -0.21370703
vn -0.976897836 0 -0.21370703
vn -0.976897836 0 -0.21370703
vn -0.976897836 0 -0.21370703
vn -0.90529722 0 -0.4247787
vn -0.90529722 0 -0.4247787
vn -0.90529722 0 -0.4247787
vn -0.90529722 0 -0.4247787
vn -0.833195627 0 -0.552978396
vn -0.833195627 0 -0.552978396
vn -0.833195627 0 -0.552978396
vn -0.833195627 0 -0.552978396
vn 0.999678612 -2.48436372E-05 0.0253516827
vn 0.999678612 -2.48436372E-05 0.0253516827
vn 0.999678612 -2.48436372E-05 0.0253516827
vn 0.999678612 -2.48436372E-05 0.0253516827
vn 0.999678135 0 0.0253698528
vn 0.999678135 0 0.0253698528
vn -0 -1 0
vn -0 -1 0
vn -0 -1 0
vn -0 -1 0
vn -0.999684215 3.28269671E-05 -0.0251304246
vn -0.999684215 3.28269671E-05 -0.0251304246
vn -0.999684215 3.28269671E-05 -0.0251304246
vn -0.999684215 3.28269671E-05 -0.0251304246
vn -0 1 0
vn -0 1 0
vn -0 1 0
vn -0 1 0
vn -0 1 0
vn -0 1 0
vn -0 1 0
vn -0 1 0
vn -0 1 0
vn -0 1 0
vn -0 1 0
vn -0 1 0
vn -0 1 0
vn -0 1 0
vn -0 1 0
vn -0 1 0
vn -0 -1 0
vn -0 -1 0
vn -0 -1 0
vn -0 -1 0
vn 0.999703109 0 0.0243616421
vn 0.999703109 0 0.0243616421
vn 0.999703109 0 0.0243616421
vn 0.999703109 0 0.0243616421
vn -0.968426704 -0.248080283 -0.0246133823
vn -0.968426704 -0.248080283 -0.0246133823
vn -0.968426704 -0.248080283 -0.0246133823
vn -0.968426704 -0.248080283 -0.0246133823
vn -0.0253307819 2.7502665E-05 0.999679089
vn -0.0253307819 2.7502665E-05 0.999679089
vn -0.0253307819 2.7502665E-05 0.999679089
vn -0.0253307819 2.7502665E-05 0.999679089
vn 0.025532065 1.63062978E-05 -0.999673963
vn 0.025532065 1.63062978E-05 -0.999673963
vn 0.025532065 1.63062978E-05 -0.999673963
vn 0.025532065 1.63062978E-05 -0.999673963
vn 0.999701679 0 0.0244214032
vn 0.999701679 0 0.0244214032
vn 0.999701679 0 0.0244214032
vn 0.999701679 0 0.0244214032
vn -0.968442261 -0.248020083 -0.0246106312
vn -0.968442261 -0.248020083 -0.0246106312
vn -0.968442261 -0.248020083 -0.0246106312
vn -0.968442261 -0.248020083 -0.0246106312
vn -0.0253241826 2.95322043E-05 0.999679327
vn -0.0253241826 2.95322043E-05 0.999679327
vn -0.0253241826 2.95322043E-05 0.999679327
vn -0.0253241826 2.95322043E-05 0.999679327
vn 0.0254618954 2.44523126E-05 -0.999675751
vn 0.0254618954 2.44523126E-05 -0.999675751
vn 0.0254618954 2.44523126E-05 -0.999675751
vn 0.0254618954 2.44523126E-05 -0.999675751
vn 0.99966538 0 0.0258659832
vn 0.99966538 0 0.0258659832
vn 0.99966538 0 0.0258659832
vn 0.99966538 0 0.0258659832
vn -0.968441546 -0.248053432 -0.0242971573
vn -0.968441546 -0.248053432 -0.0242971573
vn -0.968441546 -0.248053432 -0.0242971573
vn -0.968441546 -0.248053432 -0.0242971573
vn -0.0253967438 0 0.99967742
vn -0.0253967438 0 0.99967742
vn -0.0253967438 0 0.99967742
vn -0.0253967438 0 0.99967742
vn 0.025261499 -1.62936558E-05 -0.999680877
vn 0.025261499 -1.62936558E-05 -0.999680877
vn 0.025261499 -1.62936558E-05 -0.999680877
vn 0.025261499 -1.62936558E-05 -0.999680877
vn 0.999690533 0 0.0248768404
vn 0.999690533 0 0.0248768404
vn 0.999690533 0 0.0248768404
vn 0.999690533 0 0.0248768404
vn -0.968426168 -0.248107687 -0.0243607126
vn -0.968426168 -0.248107687 -0.0243607126
vn -0.968426168 -0.248107687 -0.0243607126
vn -0.968426168 -0.248107687 -0.0243607126
vn -0.0253274497 0 0.999679208
vn -0.0253274497 0 0.999679208
vn -0.0253274497 0 0.999679208
vn -0.0253274497 0 0.999679208
vn 0.0252054464 -4.07448206E-05 -0.999682307
vn 0.0252054464 -4.07448206E-05 -0.999682307
vn 0.0252054464 -4.07448206E-05 -0.999682307
vn 0.0252054464 -4.07448206E-05 -0.999682307
vn 0.999690413 0 0.0248831511
vn 0.999690413 0 0.0248831511
vn 0.999690413 0 0.0248831511
vn 0.999690413 0 0.0248831511
vn -0.968444049 -0.247994512 -0.0247961562
vn -0.968444049 -0.247994512 -0.0247961562
vn -0.968444049 -0.247994512 -0.0247961562
vn -0.968444049 -0.247994512 -0.0247961562
vn -0.0252021551 4.37949784E-05 0.999682426
vn -0.0252021551 4.37949784E-05 0.999682426
vn -0.0252021551 4.37949784E-05 0.999682426
vn -0.0252021551 4.37949784E-05 0.999682426
vn 0.0254618954 0 -0.999675751
vn 0.0254618954 0 -0.999675751
vn 0.0254618954 0 -0.999675751
vn 0.0254618954 0 -0.999675751
vn 0.999665618 0 0.0258594286
vn 0.999665618 0 0.0258594286
vn 0.999665618 0 0.0258594286
vn 0.999665618 0 0.0258594286
vn -0.96842736 -0.248103604 -0.0243545603
vn -0.96842736 -0.248103604 -0.0243545603
vn -0.96842736 -0.248103604 -0.0243545603
vn -0.96842736 -0.248103604 -0.0243545603
vn -0.0254652239 -2.54744809E-05 0.999675751
vn -0.0254652239 -2.54744809E-05 0.999675751
vn -0.0254652239 -2.54744809E-05 0.999675751
vn -0.0254652239 -2.54744809E-05 0.999675751
vn 0.0253307819 -2.44468138E-05 -0.999679089
vn 0.0253307819 -2.44468138E-05 -0.999679089
vn 0.0253307819 -2.44468138E-05 -0.999679089
vn 0.0253307819 -2.44468138E-05 -0.999679089
vn 0.99967742 0 0.0253979526
vn 0.99967742 0 0.0253979526
vn 0.99967742 0 0.0253979526
vn 0.99967742 0 0.0253979526
vn -0.968440592 -0.248076454 -0.0241022557
vn -0.968440592 -0.248076454 -0.0241022557
vn -0.968440592 -0.248076454 -0.0241022557
vn -0.968440592 -0.248076454 -0.0241022557
vn -0.0254594125 -2.44499224E-05 0.99967587
vn -0.0254594125 -2.44499224E-05 0.99967587
vn -0.0254594125 -2.44499224E-05 0.99967587
vn -0.0254594125 -2.44499224E-05 0.99967587
vn 0.0252647884 -1.83327484E-05 -0.999680758
vn 0.0252647884 -1.83327484E-05 -0.999680758
vn 0.0252647884 -1.83327484E-05 -0.999680758
vn 0.0252647884 -1.83327484E-05 -0.999680758
vn 0.999690175 0 0.0248894859
vn 0.999690175 0 0.0248894859
vn 0.999690175 0 0.0248894859
vn 0.999690175 0 0.0248894859
vn -0.968414843 -0.248082295 -0.0250573847
vn -0.968414843 -0.248082295 -0.0250573847
vn -0.968414843 -0.248082295 -0.0250573847
vn -0.968414843 -0.248082295 -0.0250573847
vn -0.0252054371 4.07448206E-05 0.999682307
vn -0.0252054371 4.07448206E-05 0.999682307
vn -0.0252054371 4.07448206E-05 0.999682307
vn -0.0252054371 4.07448206E-05 0.999682307
vn 0.0254685357 0 -0.999675632
vn 0.0254685357 0 -0.999675632
vn 0.0254685357 0 -0.999675632
vn 0.0254685357 0 -0.999675632
vn 0.0253588073 0 -0.999678373
vn 0.0253588073 0 -0.999678373
vn 0.0253588073 0 -0.999678373
vn 0.0253588073 0 -0.999678373
vn -0.999678254 0 -0.025364263
vn -0.999678254 0 -0.025364263
vn -0.999678254 0 -0.025364263
vn -0.999678254 0 -0.025364263
vn -0.0253574979 0 0.999678493
vn -0.0253574979 0 0.999678493
vn -0.0253574979 0 0.999678493
vn -0.0253574979 0 0.999678493
vn -0 1 0
vn -0 1 0
vn -0 1 0
vn -0 1 0
vn -0.949931204 0 0.312459141
vn -0.949931204 0 0.312459141
vn -0.949931204 0 0.312459141
vn -0.949931204 0 0.312459141
vn 0.316937983 0 0.948446274
vn 0.316937983 0 0.948446274
vn 0.316937983 0 0.948446274
vn 0.316937983 0 0.948446274
vn -0 1 0
vn -0 1 0
vn -0 1 0
vn -0 1 0
vn -0.316941112 0 -0.948445201
vn -0.316941112 0 -0.948445201
vn -0.316941112 0 -0.948445201
vn -0.316941112 0 -0.948445201
vn 0.949941754 0 -0.312426984
vn 0.949941754 0 -0.312426984
vn 0.949941754 0 -0.312426984
vn 0.949941754 0 -0.312426984
vn 0.949935079 0 -0.312447339
vn 0.949935079 0 -0.312447339
vn 0.949935079 0 -0.312447339
vn 0.949935079 0 -0.312447339
vn 0.949935079 0 -0.312447339
vn 0.949935079 0 -0.312447339
vn -0.949946284 0 0.312413365
vn -0.949946284 0 0.312413365
vn -0.949946284 0 0.312413365
vn -0.949946284 0 0.312413365
vn -0.312440276 0 -0.949937463
vn -0.312440276 0 -0.949937463
vn -0.312440276 0 -0.949937463
vn -0.312440276 0 -0.949937463
vn 0.084435299 0.962791979 0.256714314
vn 0.084435299 0.962791979 0.256714314
vn 0.084435299 0.962791979 0.256714314
vn 0.084435299 0.962791979 0.256714314
vn -0.949925005 0 0.312478036
vn -0.949925005 0 0.312478036
vn -0.949925005 0 0.312478036
vn -0.949925005 0 0.312478036
vn -0.0844343603 0.962792516 -0.256712735
vn -0.0844343603 0.962792516 -0.256712735
vn -0.0844343603 0.962792516 -0.256712735
vn -0.0844343603 0.962792516 -0.256712735
vn 0.312441796 0 0.949936926
vn 0.312441796 0 0.949936926
vn 0.312441796 0 0.949936926
vn 0.312441796 0 0.949936926
vn -0.215931669 0.888911426 0.403992593
vn -0.215931669 0.888911426 0.403992593
vn -0.215931669 0.888911426 0.403992593
vn -0.215931669 0.888911426 0.403992593
vn -0.455860913 0.888916135 -0.0449337363
vn -0.455860913 0.888916135 -0.0449337363
vn -0.455860913 0.888916135 -0.0449337363
vn -0.455860913 0.888916135 -0.0449337363
vn -0.1329678 0.888915062 -0.438348651
vn -0.1329678 0.888915062 -0.438348651
vn -0.1329678 0.888915062 -0.438348651
vn -0.1329678 0.888915062 -0.438348651
vn 0.403992772 0.888906479 -0.215951398
vn 0.403992772 0.888906479 -0.215951398
vn 0.403992772 0.888906479 -0.215951398
vn 0.403992772 0.888906479 -0.215951398
vn -0.132966399 0.888917327 0.438344568
vn -0.132966399 0.888917327 0.438344568
vn -0.132966399 0.888917327 0.438344568
vn -0.132966399 0.888917327 0.438344568
vn -0.455865294 0.88891536 0.0449027531
vn -0.455865294 0.88891536 0.0449027531
vn -0.455865294 0.88891536 0.0449027531
vn -0.455865294 0.88891536 0.0449027531
vn -0.215939969 0.888915062 -0.403979957
vn -0.215939969 0.888915062 -0.403979957
vn -0.215939969 0.888915062 -0.403979957
vn -0.215939969 0.888915062 -0.403979957
vn 0.354112029 0.888905346 -0.290606081
vn 0.354112029 0.888905346 -0.290606081
vn 0.354112029 0.888905346 -0.290606081
vn 0.354112029 0.888905346 -0.290606081
vn 0.403990865 0.888909876 0.21594128
vn 0.403990865 0.888909876 0.21594128
vn 0.403990865 0.888909876 0.21594128
vn 0.403990865 0.888909876 0.21594128
vn -0.404008836 0.888907254 0.215918541
vn -0.404008836 0.888907254 0.215918541
vn -0.404008836 0.888907254 0.215918541
vn -0.404008836 0.888907254 0.215918541
vn -0.438333601 0.888920069 0.132984415
vn -0.438333601 0.888920069 0.132984415
vn -0.438333601 0.888920069 0.132984415
vn -0.438333601 0.888920069 0.132984415
vn -0.290572375 0.888932884 -0.354070842
vn -0.290572375 0.888932884 -0.354070842
vn -0.290572375 0.888932884 -0.354070842
vn -0.290572375 0.888932884 -0.354070842
vn 0.29058668 0.888909698 -0.354117036
vn 0.29058668 0.888909698 -0.354117036
vn 0.29058668 0.888909698 -0.354117036
vn 0.29058668 0.888909698 -0.354117036
vn 0.438402236 0.888890564 0.132955059
vn 0.438402236 0.888890564 0.132955059
vn 0.438402236 0.888890564 0.132955059
vn 0.438402236 0.888890564 0.132955059
vn -0.404004961 0.888907075 -0.215926498
vn -0.404004961 0.888907075 -0.215926498
vn -0.404004961 0.888907075 -0.215926498
vn -0.404004961 0.888907075 -0.215926498
vn -0.354081035 0.888922989 -0.290589899
vn -0.354081035 0.888922989 -0.290589899
vn -0.354081035 0.888922989 -0.290589899
vn -0.354081035 0.888922989 -0.290589899
vn 0.215970576 0.888883114 -0.404033959
vn 0.215970576 0.888883114 -0.404033959
vn 0.215970576 0.888883114 -0.404033959
vn 0.215970576 0.888883114 -0.404033959
vn 0.455920696 0.888885498 0.0449329056
vn 0.455920696 0.888885498 0.0449329056
vn 0.455920696 0.888885498 0.0449329056
vn 0.455920696 0.888885498 0.0449329056
vn 0.132981345 0.888915539 0.438343704
vn 0.132981345 0.888915539 0.438343704
vn 0.132981345 0.888915539 0.438343704
vn 0.132981345 0.888915539 0.438343704
vn -0.35412091 0.888894558 0.290628552
vn -0.35412091 0.888894558 0.290628552
vn -0.35412091 0.888894558 0.290628552
vn -0.35412091 0.888894558 0.290628552
vn -0.0448932536 0.888927102 -0.455843389
vn -0.0448932536 0.888927102 -0.455843389
vn -0.0448932536 0.888927102 -0.455843389
vn -0.0448932536 0.888927102 -0.455843389
vn 0.132976905 0.888903677 -0.438369036
vn 0.132976905 0.888903677 -0.438369036
vn 0.132976905 0.888903677 -0.438369036
vn 0.132976905 0.888903677 -0.438369036
vn 0.455897361 0.888899505 -0.0448901467
vn 0.455897361 0.888899505 -0.0448901467
vn 0.455897361 0.888899505 -0.0448901467
vn 0.455897361 0.888899505 -0.0448901467
vn 0.215927318 0.888915837 0.403985083
vn 0.215927318 0.888915837 0.403985083
vn 0.215927318 0.888915837 0.403985083
vn 0.215927318 0.888915837 0.403985083
vn -0.290609926 0.888897061 0.354129642
vn -0.290609926 0.888897061 0.354129642
vn -0.290609926 0.888897061 0.354129642
vn -0.290609926 0.888897061 0.354129642
vn -0.438368589 0.888904214 -0.132974938
vn -0.438368589 0.888904214 -0.132974938
vn -0.438368589 0.888904214 -0.132974938
vn -0.438368589 0.888904214 -0.132974938
vn 0.0448941924 0.888924778 -0.45584771
vn 0.0448941924 0.888924778 -0.45584771
vn 0.0448941924 0.888924778 -0.45584771
vn 0.0448941924 0.888924778 -0.45584771
vn 0.43832919 0.888922691 -0.132980883
vn 0.43832919 0.888922691 -0.132980883
vn 0.43832919 0.888922691 -0.132980883
vn 0.43832919 0.888922691 -0.132980883
vn 0.290599793 0.88891536 0.354092091
vn 0.290599793 0.88891536 0.354092091
vn 0.290599793 0.88891536 0.354092091
vn 0.290599793 0.88891536 0.354092091
vn 0.0449025482 0.888917923 0.455860287
vn 0.0449025482 0.888917923 0.455860287
vn 0.0449025482 0.888917923 0.455860287
vn 0.0449025482 0.888917923 0.455860287
vn 0.372315824 0.48337841 -0.792291701
vn 0.372315824 0.48337841 -0.792291701
vn 0.372315824 0.48337841 -0.792291701
vn 0.372315824 0.48337841 -0.792291701
vn 0.426874489 0.424468756 -0.798501432
vn 0.426874489 0.424468756 -0.798501432
vn 0.426874489 0.424468756 -0.798501432
vn 0.426874489 0.424468756 -0.798501432
vn 0.451978117 0.483346194 -0.749728084
vn 0.451978117 0.483346194 -0.749728084
vn 0.451978117 0.483346194 -0.749728084
vn 0.451978117 0.483346194 -0.749728084
vn 0.704408705 0.483293772 -0.51984185
vn 0.704408705 0.483293772 -0.51984185
vn 0.704408705 0.483293772 -0.51984185
vn 0.704408705 0.483293772 -0.51984185
vn 0.647169292 0.483353645 -0.589526355
vn 0.647169292 0.483353645 -0.589526355
vn 0.647169292 0.483353645 -0.589526355
vn 0.647169292 0.483353645 -0.589526355
vn 0.699967861 0.424338937 -0.574440122
vn 0.699967861 0.424338937 -0.574440122
vn 0.699967861 0.424338937 -0.574440122
vn 0.699967861 0.424338937 -0.574440122
vn 0.548203826 0.503193438 -0.6680336
vn 0.548203826 0.503193438 -0.6680336
vn 0.548203826 0.503193438 -0.6680336
vn 0.548203826 0.503193438 -0.6680336
vn 0.563575983 0.568594992 -0.599234462
vn 0.563575983 0.568594992 -0.599234462
vn 0.563575983 0.568594992 -0.599234462
vn 0.563575983 0.568594992 -0.599234462
vn 0.477737129 0.568576217 -0.669692814
vn 0.477737129 0.568576217 -0.669692814
vn 0.477737129 0.568576217 -0.669692814
vn 0.477737129 0.568576217 -0.669692814
vn -0.251762241 0.497851938 0.829915226
vn -0.251762241 0.497851938 0.829915226
vn -0.251762241 0.497851938 0.829915226
vn -0.251762241 0.497851938 0.829915226
vn -0.291793495 0.562875926 0.773322225
vn -0.291793495 0.562875926 0.773322225
vn -0.291793495 0.562875926 0.773322225
vn -0.291793495 0.562875926 0.773322225
vn -0.187018335 0.562905014 0.805085123
vn -0.187018335 0.562905014 0.805085123
vn -0.187018335 0.562905014 0.805085123
vn -0.187018335 0.562905014 0.805085123
vn -0.0849895105 0.497903526 -0.863057911
vn -0.0849895105 0.497903526 -0.863057911
vn -0.0849895105 0.497903526 -0.863057911
vn -0.0849895105 0.497903526 -0.863057911
vn -0.0263496488 0.56285578 -0.826135039
vn -0.0263496488 0.56285578 -0.826135039
vn -0.0263496488 0.56285578 -0.826135039
vn -0.0263496488 0.56285578 -0.826135039
vn -0.135332763 0.562885702 -0.815380216
vn -0.135332763 0.562885702 -0.815380216
vn -0.135332763 0.562885702 -0.815380216
vn -0.135332763 0.562885702 -0.815380216
vn 0.408780813 0.497934371 0.764826596
vn 0.408780813 0.497934371 0.764826596
vn 0.408780813 0.497934371 0.764826596
vn 0.408780813 0.497934371 0.764826596
vn 0.340574741 0.562859297 0.753125668
vn 0.340574741 0.562859297 0.753125668
vn 0.340574741 0.562859297 0.753125668
vn 0.340574741 0.562859297 0.753125668
vn 0.436980486 0.56284523 0.701607645
vn 0.436980486 0.56284523 0.701607645
vn 0.436980486 0.56284523 0.701607645
vn 0.436980486 0.56284523 0.701607645
vn 0.829876006 0.497974187 0.251649678
vn 0.829876006 0.497974187 0.251649678
vn 0.829876006 0.497974187 0.251649678
vn 0.829876006 0.497974187 0.251649678
vn 0.773328722 0.562915385 0.291700214
vn 0.773328722 0.562915385 0.291700214
vn 0.773328722 0.562915385 0.291700214
vn 0.773328722 0.562915385 0.291700214
vn 0.805095911 0.562912166 0.186950505
vn 0.805095911 0.562912166 0.186950505
vn 0.805095911 0.562912166 0.186950505
vn 0.805095911 0.562912166 0.186950505
vn -0.670409501 0.497838169 -0.550189376
vn -0.670409501 0.497838169 -0.550189376
vn -0.670409501 0.497838169 -0.550189376
vn -0.670409501 0.497838169 -0.550189376
vn -0.602698982 0.562980235 -0.565515041
vn -0.602698982 0.562980235 -0.565515041
vn -0.602698982 0.562980235 -0.565515041
vn -0.602698982 0.562980235 -0.565515041
vn -0.672236443 0.562945962 -0.480822325
vn -0.672236443 0.562945962 -0.480822325
vn -0.672236443 0.562945962 -0.480822325
vn -0.672236443 0.562945962 -0.480822325
vn 0.764726758 0.498109698 -0.408753872
vn 0.764726758 0.498109698 -0.408753872
vn 0.764726758 0.498109698 -0.408753872
vn 0.764726758 0.498109698 -0.408753872
vn 0.75316596 0.562881052 -0.340449572
vn 0.75316596 0.562881052 -0.340449572
vn 0.75316596 0.562881052 -0.340449572
vn 0.75316596 0.562881052 -0.340449572
vn 0.701546669 0.562879264 -0.437034577
vn 0.701546669 0.562879264 -0.437034577
vn 0.701546669 0.562879264 -0.437034577
vn 0.701546669 0.562879264 -0.437034577
vn -0.862928033 0.498122007 0.0850278884
vn -0.862928033 0.498122007 0.0850278884
vn -0.862928033 0.498122007 0.0850278884
vn -0.862928033 0.498122007 0.0850278884
vn -0.826095045 0.562916636 0.0263005514
vn -0.826095045 0.562916636 0.0263005514
vn -0.826095045 0.562916636 0.0263005514
vn -0.826095045 0.562916636 0.0263005514
vn -0.815422356 0.562844157 0.13525106
vn -0.815422356 0.562844157 0.13525106
vn -0.815422356 0.562844157 0.13525106
vn -0.815422356 0.562844157 0.13525106
vn -0.550044715 0.498198092 0.670260727
vn -0.550044715 0.498198092 0.670260727
vn -0.550044715 0.498198092 0.670260727
vn -0.550044715 0.498198092 0.670260727
vn -0.56538862 0.562780261 0.603004098
vn -0.56538862 0.562780261 0.603004098
vn -0.56538862 0.562780261 0.603004098
vn -0.56538862 0.562780261 0.603004098
vn -0.480965197 0.562839508 0.67222327
vn -0.480965197 0.562839508 0.67222327
vn -0.480965197 0.562839508 0.67222327
vn -0.480965197 0.562839508 0.67222327
vn 0.25168249 0.498002857 -0.829848826
vn 0.25168249 0.498002857 -0.829848826
vn 0.25168249 0.498002857 -0.829848826
vn 0.25168249 0.498002857 -0.829848826
vn 0.291786939 0.562926114 -0.773288131
vn 0.291786939 0.562926114 -0.773288131
vn 0.291786939 0.562926114 -0.773288131
vn 0.291786939 0.562926114 -0.773288131
vn 0.186960429 0.562847912 -0.805138528
vn 0.186960429 0.562847912 -0.805138528
vn 0.186960429 0.562847912 -0.805138528
vn 0.186960429 0.562847912 -0.805138528
vn 0.0850024968 0.497961581 0.863023043
vn 0.0850024968 0.497961581 0.863023043
vn 0.0850024968 0.497961581 0.863023043
vn 0.0850024968 0.497961581 0.863023043
vn 0.0264385361 0.562853336 0.826133788
vn 0.0264385361 0.562853336 0.826133788
vn 0.0264385361 0.562853336 0.826133788
vn 0.0264385361 0.562853336 0.826133788
vn 0.135330185 0.562908947 0.81536442
vn 0.135330185 0.562908947 0.81536442
vn 0.135330185 0.562908947 0.81536442
vn 0.135330185 0.562908947 0.81536442
vn -0.408807844 0.498011172 -0.764762104
vn -0.408807844 0.498011172 -0.764762104
vn -0.408807844 0.498011172 -0.764762104
vn -0.408807844 0.498011172 -0.764762104
vn -0.340718925 0.562782705 -0.75311774
vn -0.340718925 0.562782705 -0.75311774
vn -0.340718925 0.562782705 -0.75311774
vn -0.340718925 0.562782705 -0.75311774
vn -0.436972439 0.562791228 -0.701655984
vn -0.436972439 0.562791228 -0.701655984
vn -0.436972439 0.562791228 -0.701655984
vn -0.436972439 0.562791228 -0.701655984
vn 0.670376062 0.497872651 0.550198853
vn 0.670376062 0.497872651 0.550198853
vn 0.670376062 0.497872651 0.550198853
vn 0.670376062 0.497872651 0.550198853
vn 0.602684379 0.562931955 0.56557864
vn 0.602684379 0.562931955 0.56557864
vn 0.602684379 0.562931955 0.56557864
vn 0.602684379 0.562931955 0.56557864
vn 0.672280848 0.562960625 0.480742902
vn 0.672280848 0.562960625 0.480742902
vn 0.672280848 0.562960625 0.480742902
vn 0.672280848 0.562960625 0.480742902
vn -0.829919755 0.497836798 -0.251776993
vn -0.829919755 0.497836798 -0.251776993
vn -0.829919755 0.497836798 -0.251776993
vn -0.829919755 0.497836798 -0.251776993
vn -0.773339152 0.562870622 -0.291758567
vn -0.773339152 0.562870622 -0.291758567
vn -0.773339152 0.562870622 -0.291758567
vn -0.773339152 0.562870622 -0.291758567
vn -0.805094361 0.562961519 -0.186808735
vn -0.805094361 0.562961519 -0.186808735
vn -0.805094361 0.562961519 -0.186808735
vn -0.805094361 0.562961519 -0.186808735
vn 0.862927318 0.498135388 -0.0849559084
vn 0.862927318 0.498135388 -0.0849559084
vn 0.862927318 0.498135388 -0.0849559084
vn 0.862927318 0.498135388 -0.0849559084
vn 0.826185942 0.562764645 -0.0266953502
vn 0.826185942 0.562764645 -0.0266953502
vn 0.826185942 0.562764645 -0.0266953502
vn 0.826185942 0.562764645 -0.0266953502
vn 0.815388322 0.562902927 -0.135212228
vn 0.815388322 0.562902927 -0.135212228
vn 0.815388322 0.562902927 -0.135212228
vn 0.815388322 0.562902927 -0.135212228
vn -0.76474911 0.49807471 0.408754677
vn -0.76474911 0.49807471 0.408754677
vn -0.76474911 0.49807471 0.408754677
vn -0.76474911 0.49807471 0.408754677
vn -0.753238678 0.562996089 0.340098619
vn -0.753238678 0.562996089 0.340098619
vn -0.753238678 0.562996089 0.340098619
vn -0.753238678 0.562996089 0.340098619
vn -0.701569378 0.562866986 0.437013894
vn -0.701569378 0.562866986 0.437013894
vn -0.701569378 0.562866986 0.437013894
vn -0.701569378 0.562866986 0.437013894
vn -0.901145279 0.424333632 -0.0887590423
vn -0.901145279 0.424333632 -0.0887590423
vn -0.901145279 0.424333632 -0.0887590423
vn -0.901145279 0.424333632 -0.0887590423
vn -0.865532994 0.483466506 -0.130815715
vn -0.865532994 0.483466506 -0.130815715
vn -0.865532994 0.483466506 -0.130815715
vn -0.865532994 0.483466506 -0.130815715
vn -0.874519587 0.483251214 -0.0410348326
vn -0.874519587 0.483251214 -0.0410348326
vn -0.874519587 0.483251214 -0.0410348326
vn -0.874519587 0.483251214 -0.0410348326
vn 0.866398156 0.424545258 -0.262898535
vn 0.866398156 0.424545258 -0.262898535
vn 0.866398156 0.424545258 -0.262898535
vn 0.866398156 0.424545258 -0.262898535
vn 0.849687696 0.48348695 -0.210407138
vn 0.849687696 0.48348695 -0.210407138
vn 0.849687696 0.48348695 -0.210407138
vn 0.849687696 0.48348695 -0.210407138
vn 0.82345283 0.483402103 -0.297065079
vn 0.82345283 0.483402103 -0.297065079
vn 0.82345283 0.483402103 -0.297065079
vn 0.82345283 0.483402103 -0.297065079
vn 0.798559666 0.42436406 0.426869452
vn 0.798559666 0.42436406 0.426869452
vn 0.798559666 0.42436406 0.426869452
vn 0.798559666 0.42436406 0.426869452
vn 0.749667525 0.48342371 0.45199576
vn 0.749667525 0.48342371 0.45199576
vn 0.749667525 0.48342371 0.45199576
vn 0.749667525 0.48342371 0.45199576
vn 0.792268097 0.483396262 0.372343063
vn 0.792268097 0.483396262 0.372343063
vn 0.792268097 0.483396262 0.372343063
vn 0.792268097 0.483396262 0.372343063
vn -0.69980824 0.424682558 0.574380577
vn -0.69980824 0.424682558 0.574380577
vn -0.69980824 0.424682558 0.574380577
vn -0.69980824 0.424682558 0.574380577
vn -0.704386592 0.48336646 0.519804358
vn -0.704386592 0.48336646 0.519804358
vn -0.704386592 0.48336646 0.519804358
vn -0.704386592 0.48336646 0.519804358
vn -0.647438586 0.483216584 0.589342833
vn -0.647438586 0.483216584 0.589342833
vn -0.647438586 0.483216584 0.589342833
vn -0.647438586 0.483216584 0.589342833
vn -0.0887949094 0.424467325 0.901078761
vn -0.0887949094 0.424467325 0.901078761
vn -0.0887949094 0.424467325 0.901078761
vn -0.0887949094 0.424467325 0.901078761
vn -0.130556002 0.483350903 0.865636766
vn -0.130556002 0.483350903 0.865636766
vn -0.130556002 0.483350903 0.865636766
vn -0.130556002 0.483350903 0.865636766
vn -0.0407888107 0.483387083 0.874455988
vn -0.0407888107 0.483387083 0.874455988
vn -0.0407888107 0.483387083 0.874455988
vn -0.0407888107 0.483387083 0.874455988
vn -0.262794971 0.424522042 -0.866440892
vn -0.262794971 0.424522042 -0.866440892
vn -0.262794971 0.424522042 -0.866440892
vn -0.262794971 0.424522042 -0.866440892
vn -0.210718498 0.483302832 -0.849715292
vn -0.210718498 0.483302832 -0.849715292
vn -0.210718498 0.483302832 -0.849715292
vn -0.210718498 0.483302832 -0.849715292
vn -0.296830177 0.483262569 -0.823619545
vn -0.296830177 0.483262569 -0.823619545
vn -0.296830177 0.483262569 -0.823619545
vn -0.296830177 0.483262569 -0.823619545
vn 0.574438393 0.424394697 0.699935496
vn 0.574438393 0.424394697 0.699935496
vn 0.574438393 0.424394697 0.699935496
vn 0.574438393 0.424394697 0.699935496
vn 0.519653916 0.483410656 0.704467118
vn 0.519653916 0.483410656 0.704467118
vn 0.519653916 0.483410656 0.704467118
vn 0.519653916 0.483410656 0.704467118
vn 0.58956337 0.483411878 0.647091806
vn 0.58956337 0.483411878 0.647091806
vn 0.58956337 0.483411878 0.647091806
vn 0.58956337 0.483411878 0.647091806
vn -0.79853934 0.424491435 -0.426780999
vn -0.79853934 0.424491435 -0.426780999
vn -0.79853934 0.424491435 -0.426780999
vn -0.79853934 0.424491435 -0.426780999
vn -0.74964416 0.48343572 -0.452021599
vn -0.74964416 0.48343572 -0.452021599
vn -0.74964416 0.48343572 -0.452021599
vn -0.74964416 0.48343572 -0.452021599
vn -0.79233551 0.483390212 -0.372207344
vn -0.79233551 0.483390212 -0.372207344
vn -0.79233551 0.483390212 -0.372207344
vn -0.79233551 0.483390212 -0.372207344
vn 0.901074767 0.424477577 0.0887860879
vn 0.901074767 0.424477577 0.0887860879
vn 0.901074767 0.424477577 0.0887860879
vn 0.901074767 0.424477577 0.0887860879
vn 0.865581036 0.483418792 0.130673885
vn 0.865581036 0.483418792 0.130673885
vn 0.865581036 0.483418792 0.130673885
vn 0.865581036 0.483418792 0.130673885
vn 0.874479413 0.483329773 0.0409644805
vn 0.874479413 0.483329773 0.0409644805
vn 0.874479413 0.483329773 0.0409644805
vn 0.874479413 0.483329773 0.0409644805
vn -0.866474807 0.424396366 0.262886077
vn -0.866474807 0.424396366 0.262886077
vn -0.866474807 0.424396366 0.262886077
vn -0.866474807 0.424396366 0.262886077
vn -0.849672258 0.483337671 0.210811824
vn -0.849672258 0.483337671 0.210811824
vn -0.849672258 0.483337671 0.210811824
vn -0.849672258 0.483337671 0.210811824
vn -0.823554397 0.483343005 0.296880186
vn -0.823554397 0.483343005 0.296880186
vn -0.823554397 0.483343005 0.296880186
vn -0.823554397 0.483343005 0.296880186
vn 0.0887574777 0.424315006 -0.90115428
vn 0.0887574777 0.424315006 -0.90115428
vn 0.0887574777 0.424315006 -0.90115428
vn 0.0887574777 0.424315006 -0.90115428
vn 0.13061367 0.483346611 -0.865630448
vn 0.13061367 0.483346611 -0.865630448
vn 0.13061367 0.483346611 -0.865630448
vn 0.13061367 0.483346611 -0.865630448
vn 0.0407005772 0.483394831 -0.87445581
vn 0.0407005772 0.483394831 -0.87445581
vn 0.0407005772 0.483394831 -0.87445581
vn 0.0407005772 0.483394831 -0.87445581
vn -0.426797867 0.4244335 0.798561096
vn -0.426797867 0.4244335 0.798561096
vn -0.426797867 0.4244335 0.798561096
vn -0.426797867 0.4244335 0.798561096
vn -0.451903284 0.483311445 0.749795675
vn -0.451903284 0.483311445 0.749795675
vn -0.451903284 0.483311445 0.749795675
vn -0.451903284 0.483311445 0.749795675
vn -0.372314155 0.483332247 0.792320728
vn -0.372314155 0.483332247 0.792320728
vn -0.372314155 0.483332247 0.792320728
vn -0.372314155 0.483332247 0.792320728
vn 0.262860686 0.424368352 0.866496325
vn 0.262860686 0.424368352 0.866496325
vn 0.262860686 0.424368352 0.866496325
vn 0.262860686 0.424368352 0.866496325
vn 0.210626379 0.483340621 0.849716604
vn 0.210626379 0.483340621 0.849716604
vn 0.210626379 0.483340621 0.849716604
vn 0.210626379 0.483340621 0.849716604
vn 0.296982437 0.48332715 0.82352674
vn 0.296982437 0.48332715 0.82352674
vn 0.296982437 0.48332715 0.82352674
vn 0.296982437 0.48332715 0.82352674
vn -0.574419141 0.424437433 -0.699925363
vn -0.574419141 0.424437433 -0.699925363
vn -0.574419141 0.424437433 -0.699925363
vn -0.574419141 0.424437433 -0.699925363
vn -0.5196504 0.483386487 -0.704486251
vn -0.5196504 0.483386487 -0.704486251
vn -0.5196504 0.483386487 -0.704486251
vn -0.5196504 0.483386487 -0.704486251
vn -0.589541256 0.483329535 -0.647173643
vn -0.589541256 0.483329535 -0.647173643
vn -0.589541256 0.483329535 -0.647173643
vn -0.589541256 0.483329535 -0.647173643
vn -0.0449119508 0.888906717 0.455881268
vn -0.0449119508 0.888906717 0.455881268
vn -0.0449119508 0.888906717 0.455881268
vn -0.0449119508 0.888906717 0.455881268
vn -0.286995918 0.150421962 0.946047962
vn -0.286995918 0.150421962 0.946047962
vn -0.286995918 0.150421962 0.946047962
vn -0.286995918 0.150421962 0.946047962
vn 0.0978544801 0.0606656037 0.993349969
vn 0.0978544801 0.0606656037 0.993349969
vn 0.0978544801 0.0606656037 0.993349969
vn 0.0978544801 0.0606656037 0.993349969
vn -0.0978460014 0.0606577657 -0.993351281
vn -0.0978460014 0.0606577657 -0.993351281
vn -0.0978460014 0.0606577657 -0.993351281
vn -0.0978460014 0.0606577657 -0.993351281
vn -0.742232621 0.279381543 -0.60912776
vn -0.742232621 0.279381543 -0.60912776
vn -0.742232621 0.279381543 -0.60912776
vn -0.742232621 0.279381543 -0.60912776
vn 0.0941226482 0.279378861 0.955556631
vn 0.0941226482 0.279378861 0.955556631
vn 0.0941226482 0.279378861 0.955556631
vn 0.0941226482 0.279378861 0.955556631
vn 0.918835521 0.279375792 0.278730243
vn 0.918835521 0.279375792 0.278730243
vn 0.918835521 0.279375792 0.278730243
vn 0.918835521 0.279375792 0.278730243
vn 0.846796751 0.279381931 -0.452637941
vn 0.846796751 0.279381931 -0.452637941
vn 0.846796751 0.279381931 -0.452637941
vn 0.846796751 0.279381931 -0.452637941
vn -0.846811056 0.279372394 0.45261687
vn -0.846811056 0.279372394 0.45261687
vn -0.846811056 0.279372394 0.45261687
vn -0.846811056 0.279372394 0.45261687
vn 0.955558062 0.279379815 -0.0941048115
vn 0.955558062 0.279379815 -0.0941048115
vn 0.955558062 0.279379815 -0.0941048115
vn 0.955558062 0.279379815 -0.0941048115
vn -0.45262742 0.279388309 -0.846800208
vn -0.45262742 0.279388309 -0.846800208
vn -0.45262742 0.279388309 -0.846800208
vn -0.45262742 0.279388309 -0.846800208
vn -0.609133244 0.279378116 0.742229521
vn -0.609133244 0.279378116 0.742229521
vn -0.609133244 0.279378116 0.742229521
vn -0.609133244 0.279378116 0.742229521
vn -0.0941088423 0.279380769 -0.955557406
vn -0.0941088423 0.279380769 -0.955557406
vn -0.0941088423 0.279380769 -0.955557406
vn -0.0941088423 0.279380769 -0.955557406
vn 0.278724849 0.279379278 -0.918835998
vn 0.278724849 0.279379278 -0.918835998
vn 0.278724849 0.279379278 -0.918835998
vn 0.278724849 0.279379278 -0.918835998
vn -0.918837011 0.279373229 -0.27872768
vn -0.918837011 0.279373229 -0.27872768
vn -0.918837011 0.279373229 -0.27872768
vn -0.918837011 0.279373229 -0.27872768
vn -0.278735042 0.279374808 0.918834329
vn -0.278735042 0.279374808 0.918834329
vn -0.278735042 0.279374808 0.918834329
vn -0.278735042 0.279374808 0.918834329
vn 0.771594048 0.0606482998 0.633217454
vn 0.771594048 0.0606482998 0.633217454
vn 0.771594048 0.0606482998 0.633217454
vn 0.771594048 0.0606482998 0.633217454
vn 0.742235184 0.279380143 0.609125197
vn 0.742235184 0.279380143 0.609125197
vn 0.742235184 0.279380143 0.609125197
vn 0.742235184 0.279380143 0.609125197
vn 0.452621013 0.279376119 0.846807659
vn 0.452621013 0.279376119 0.846807659
vn 0.452621013 0.279376119 0.846807659
vn 0.452621013 0.279376119 0.846807659
vn -0.955561757 0.279364854 0.0941119343
vn -0.955561757 0.279364854 0.0941119343
vn -0.955561757 0.279364854 0.0941119343
vn -0.955561757 0.279364854 0.0941119343
vn 0.95516938 0.0606486388 0.289781362
vn 0.95516938 0.0606486388 0.289781362
vn 0.95516938 0.0606486388 0.289781362
vn 0.95516938 0.0606486388 0.289781362
vn -0.466020256 0.150412172 -0.871895134
vn -0.466020256 0.150412172 -0.871895134
vn -0.466020256 0.150412172 -0.871895134
vn -0.466020256 0.150412172 -0.871895134
vn -0.627177715 0.150417894 0.764213622
vn -0.627177715 0.150417894 0.764213622
vn -0.627177715 0.150417894 0.764213622
vn -0.627177715 0.150417894 0.764213622
vn 0.627164066 0.150422603 -0.764223933
vn 0.627164066 0.150422603 -0.764223933
vn 0.627164066 0.150422603 -0.764223933
vn 0.627164066 0.150422603 -0.764223933
vn -0.880320668 0.0606615208 0.470484436
vn -0.880320668 0.0606615208 0.470484436
vn -0.880320668 0.0606615208 0.470484436
vn -0.880320668 0.0606615208 0.470484436
vn -0.0980122387 -0.011776845 -0.995115519
vn -0.0980122387 -0.011776845 -0.995115519
vn -0.0980122387 -0.011776845 -0.995115519
vn -0.0980122387 -0.011776845 -0.995115519
vn -0.634335101 -0.0117941946 0.772968173
vn -0.634335101 -0.0117941946 0.772968173
vn -0.634335101 -0.0117941946 0.772968173
vn -0.634335101 -0.0117941946 0.772968173
vn 0.290245384 -0.0117773181 -0.956879795
vn 0.290245384 -0.0117773181 -0.956879795
vn 0.290245384 -0.0117773181 -0.956879795
vn 0.290245384 -0.0117773181 -0.956879795
vn 0.881861866 -0.0117693497 -0.471360803
vn 0.881861866 -0.0117693497 -0.471360803
vn 0.881861866 -0.0117693497 -0.471360803
vn 0.881861866 -0.0117693497 -0.471360803
vn 0.772956252 -0.0117934113 0.634349763
vn 0.772956252 -0.0117934113 0.634349763
vn 0.772956252 -0.0117934113 0.634349763
vn 0.772956252 -0.0117934113 0.634349763
vn 0.098020725 -0.011796521 0.995114446
vn 0.098020725 -0.011796521 0.995114446
vn 0.098020725 -0.011796521 0.995114446
vn 0.098020725 -0.011796521 0.995114446
vn -0.956876576 -0.0118382191 -0.290253252
vn -0.956876576 -0.0118382191 -0.290253252
vn -0.956876576 -0.0118382191 -0.290253252
vn -0.956876576 -0.0118382191 -0.290253252
vn 0.956867456 -0.0118049635 0.29028517
vn 0.956867456 -0.0118049635 0.29028517
vn 0.956867456 -0.0118049635 0.29028517
vn 0.956867456 -0.0118049635 0.29028517
vn -0.471362233 -0.0117814504 -0.881861031
vn -0.471362233 -0.0117814504 -0.881861031
vn -0.471362233 -0.0117814504 -0.881861031
vn -0.471362233 -0.0117814504 -0.881861031
vn 0.634334624 -0.0117732491 -0.772968888
vn 0.634334624 -0.0117732491 -0.772968888
vn 0.634334624 -0.0117732491 -0.772968888
vn 0.634334624 -0.0117732491 -0.772968888
vn 0.471376479 -0.0117969206 0.881853163
vn 0.471376479 -0.0117969206 0.881853163
vn 0.471376479 -0.0117969206 0.881853163
vn 0.471376479 -0.0117969206 0.881853163
vn 0.995117307 -0.0117957285 -0.0979912505
vn 0.995117307 -0.0117957285 -0.0979912505
vn 0.995117307 -0.0117957285 -0.0979912505
vn 0.995117307 -0.0117957285 -0.0979912505
vn -0.290269077 -0.0117776413 0.956872582
vn -0.290269077 -0.0117776413 0.956872582
vn -0.290269077 -0.0117776413 0.956872582
vn -0.290269077 -0.0117776413 0.956872582
vn -0.995113313 -0.011831318 0.0980288237
vn -0.995113313 -0.011831318 0.0980288237
vn -0.995113313 -0.011831318 0.0980288237
vn -0.995113313 -0.011831318 0.0980288237
vn -0.772943795 -0.0118238647 -0.634364367
vn -0.772943795 -0.0118238647 -0.634364367
vn -0.772943795 -0.0118238647 -0.634364367
vn -0.772943795 -0.0118238647 -0.634364367
vn 0.946041346 0.150425389 0.287015766
vn 0.946041346 0.150425389 0.287015766
vn 0.946041346 0.150425389 0.287015766
vn 0.946041346 0.150425389 0.287015766
vn -0.764229178 0.150415629 -0.627159476
vn -0.764229178 0.150415629 -0.627159476
vn -0.764229178 0.150415629 -0.627159476
vn -0.764229178 0.150415629 -0.627159476
vn 0.466043293 0.150421157 0.871881366
vn 0.466043293 0.150421157 0.871881366
vn 0.466043293 0.150421157 0.871881366
vn 0.466043293 0.150421157 0.871881366
vn 0.287003398 0.150419205 -0.946045995
vn 0.287003398 0.150419205 -0.946045995
vn 0.287003398 0.150419205 -0.946045995
vn 0.287003398 0.150419205 -0.946045995
vn 0.983863473 0.150412366 -0.0968957245
vn 0.983863473 0.150412366 -0.0968957245
vn 0.983863473 0.150412366 -0.0968957245
vn 0.983863473 0.150412366 -0.0968957245
vn 0.633215845 0.0606373176 -0.771596253
vn 0.633215845 0.0606373176 -0.771596253
vn 0.633215845 0.0606373176 -0.771596253
vn 0.633215845 0.0606373176 -0.771596253
vn 0.289756298 0.0606579222 -0.955176353
vn 0.289756298 0.0606579222 -0.955176353
vn 0.289756298 0.0606579222 -0.955176353
vn 0.289756298 0.0606579222 -0.955176353
vn 0.764233291 0.150425583 0.627152085
vn 0.764233291 0.150425583 0.627152085
vn 0.764233291 0.150425583 0.627152085
vn 0.764233291 0.150425583 0.627152085
vn 0.871880472 0.15041104 -0.466048121
vn 0.871880472 0.15041104 -0.466048121
vn 0.871880472 0.15041104 -0.466048121
vn 0.871880472 0.15041104 -0.466048121
vn -0.771598637 0.0606636964 -0.633210421
vn -0.771598637 0.0606636964 -0.633210421
vn -0.771598637 0.0606636964 -0.633210421
vn -0.771598637 0.0606636964 -0.633210421
vn -0.881875396 -0.0118112331 0.471334428
vn -0.881875396 -0.0118112331 0.471334428
vn -0.881875396 -0.0118112331 0.471334428
vn -0.881875396 -0.0118112331 0.471334428
vn -0.871890187 0.150419801 0.466027349
vn -0.871890187 0.150419801 0.466027349
vn -0.871890187 0.150419801 0.466027349
vn -0.871890187 0.150419801 0.466027349
vn 0.880279243 0.0606493428 -0.470563561
vn 0.880279243 0.0606493428 -0.470563561
vn 0.880279243 0.0606493428 -0.470563561
vn 0.880279243 0.0606493428 -0.470563561
vn -0.94604528 0.150412783 -0.287009299
vn -0.94604528 0.150412783 -0.287009299
vn -0.94604528 0.150412783 -0.287009299
vn -0.94604528 0.150412783 -0.287009299
vn -0.096910581 0.1504163 -0.983861387
vn -0.096910581 0.1504163 -0.983861387
vn -0.096910581 0.1504163 -0.983861387
vn -0.096910581 0.1504163 -0.983861387
vn 0.0969154835 0.150410756 0.983861744
vn 0.0969154835 0.150410756 0.983861744
vn 0.0969154835 0.150410756 0.983861744
vn 0.0969154835 0.150410756 0.983861744
vn -0.983860135 0.150419623 0.0969180167
vn -0.983860135 0.150419623 0.0969180167
vn -0.983860135 0.150419623 0.0969180167
vn -0.983860135 0.150419623 0.0969180167
vn -0.633215547 0.0606628023 0.771594524
vn -0.633215547 0.0606628023 0.771594524
vn -0.633215547 0.0606628023 0.771594524
vn -0.633215547 0.0606628023 0.771594524
vn -0.955172658 0.0606700331 -0.289766103
vn -0.955172658 0.0606700331 -0.289766103
vn -0.955172658 0.0606700331 -0.289766103
vn -0.955172658 0.0606700331 -0.289766103
vn -0.470524788 0.0606679432 -0.880298674
vn -0.470524788 0.0606679432 -0.880298674
vn -0.470524788 0.0606679432 -0.880298674
vn -0.470524788 0.0606679432 -0.880298674
vn 0.470549285 0.0606624708 0.880285978
vn 0.470549285 0.0606624708 0.880285978
vn 0.470549285 0.0606624708 0.880285978
vn 0.470549285 0.0606624708 0.880285978
vn 0.993357003 0.0606595501 -0.0977867916
vn 0.993357003 0.0606595501 -0.0977867916
vn 0.993357003 0.0606595501 -0.0977867916
vn 0.993357003 0.0606595501 -0.0977867916
vn -0.289769292 0.0606635436 0.955172122
vn -0.289769292 0.0606635436 0.955172122
vn -0.289769292 0.0606635436 0.955172122
vn -0.289769292 0.0606635436 0.955172122
vn -0.993347704 0.0606727004 0.0978727564
vn -0.993347704 0.0606727004 0.0978727564
vn -0.993347704 0.0606727004 0.0978727564
vn -0.993347704 0.0606727004 0.0978727564
vn -0.69999218 0.424209446 -0.574506223
vn -0.69999218 0.424209446 -0.574506223
vn -0.69999218 0.424209446 -0.574506223
vn -0.69999218 0.424209446 -0.574506223
vn 0.262862027 0.424182296 -0.866586983
vn 0.262862027 0.424182296 -0.866586983
vn 0.262862027 0.424182296 -0.866586983
vn 0.262862027 0.424182296 -0.866586983
vn -0.995184481 -3.58433172E-05 0.0980198756
vn -0.995184481 -3.58433172E-05 0.0980198756
vn -0.995184481 -3.58433172E-05 0.0980198756
vn -0.995184481 -3.58433172E-05 0.0980198756
vn 0.09636347 0.992198765 0.0790930539
vn 0.09636347 0.992198765 0.0790930539
vn 0.09636347 0.992198765 0.0790930539
vn 0.09636347 0.992198765 0.0790930539
vn -0.901168883 0.424280822 0.0887715891
vn -0.901168883 0.424280822 0.0887715891
vn -0.901168883 0.424280822 0.0887715891
vn -0.901168883 0.424280822 0.0887715891
vn 0.798704445 0.424081236 -0.426879972
vn 0.798704445 0.424081236 -0.426879972
vn 0.798704445 0.424081236 -0.426879972
vn 0.798704445 0.424081236 -0.426879972
vn 0.0887671188 0.424136907 0.90123713
vn 0.0887671188 0.424136907 0.90123713
vn 0.0887671188 0.424136907 0.90123713
vn 0.0887671188 0.424136907 0.90123713
vn -0.0887629017 0.424151152 -0.901230752
vn -0.0887629017 0.424151152 -0.901230752
vn -0.0887629017 0.424151152 -0.901230752
vn -0.0887629017 0.424151152 -0.901230752
vn -0.426915348 0.424086839 -0.798682392
vn -0.426915348 0.424086839 -0.798682392
vn -0.426915348 0.424086839 -0.798682392
vn -0.426915348 0.424086839 -0.798682392
vn 0.866584301 0.424214214 0.262819201
vn 0.866584301 0.424214214 0.262819201
vn 0.866584301 0.424214214 0.262819201
vn 0.866584301 0.424214214 0.262819201
vn -0.798643291 0.424230307 0.426846087
vn -0.798643291 0.424230307 0.426846087
vn -0.798643291 0.424230307 0.426846087
vn -0.798643291 0.424230307 0.426846087
vn -0.866535366 0.424306035 -0.262832552
vn -0.866535366 0.424306035 -0.262832552
vn -0.866535366 0.424306035 -0.262832552
vn -0.866535366 0.424306035 -0.262832552
vn 0.901247859 0.424111277 -0.0887794495
vn 0.901247859 0.424111277 -0.0887794495
vn 0.901247859 0.424111277 -0.0887794495
vn 0.901247859 0.424111277 -0.0887794495
vn 0.700027466 0.424099207 0.574544549
vn 0.700027466 0.424099207 0.574544549
vn 0.700027466 0.424099207 0.574544549
vn 0.700027466 0.424099207 0.574544549
vn -0.262860686 0.42422688 0.866565526
vn -0.262860686 0.42422688 0.866565526
vn -0.262860686 0.42422688 0.866565526
vn -0.262860686 0.42422688 0.866565526
vn 0.426897407 0.424078971 0.79869628
vn 0.426897407 0.424078971 0.79869628
vn 0.426897407 0.424078971 0.79869628
vn 0.426897407 0.424078971 0.79869628
vn 0.574487865 0.424176306 -0.700027287
vn 0.574487865 0.424176306 -0.700027287
vn 0.574487865 0.424176306 -0.700027287
vn 0.574487865 0.424176306 -0.700027287
vn -0.574489892 0.424225152 0.699995935
vn -0.574489892 0.424225152 0.699995935
vn -0.574489892 0.424225152 0.699995935
vn -0.574489892 0.424225152 0.699995935
vn 0.773025036 -2.90464941E-05 0.634375513
vn 0.773025036 -2.90464941E-05 0.634375513
vn 0.773025036 -2.90464941E-05 0.634375513
vn 0.773025036 -2.90464941E-05 0.634375513
vn 0.471383303 -3.09068782E-05 0.881928444
vn 0.471383303 -3.09068782E-05 0.881928444
vn 0.471383303 -3.09068782E-05 0.881928444
vn 0.471383303 -3.09068782E-05 0.881928444
vn -0.773001671 -2.63837446E-05 -0.634403944
vn -0.773001671 -2.63837446E-05 -0.634403944
vn -0.773001671 -2.63837446E-05 -0.634403944
vn -0.773001671 -2.63837446E-05 -0.634403944
vn -0.63438189 -3.76255375E-05 0.773019791
vn -0.63438189 -3.76255375E-05 0.773019791
vn -0.63438189 -3.76255375E-05 0.773019791
vn -0.63438189 -3.76255375E-05 0.773019791
vn -0.0980095863 -3.76292846E-05 -0.995185435
vn -0.0980095863 -3.76292846E-05 -0.995185435
vn -0.0980095863 -3.76292846E-05 -0.995185435
vn -0.0980095863 -3.76292846E-05 -0.995185435
vn 0.995182931 -3.59014375E-05 -0.0980348587
vn 0.995182931 -3.59014375E-05 -0.0980348587
vn 0.995182931 -3.59014375E-05 -0.0980348587
vn 0.995182931 -3.59014375E-05 -0.0980348587
vn -0.881924212 -4.67374921E-05 0.47139132
vn -0.881924212 -4.67374921E-05 0.47139132
vn -0.881924212 -4.67374921E-05 0.47139132
vn -0.881924212 -4.67374921E-05 0.47139132
vn 0.0980096087 -3.28132592E-05 0.995185435
vn 0.0980096087 -3.28132592E-05 0.995185435
vn 0.0980096087 -3.28132592E-05 0.995185435
vn 0.0980096087 -3.28132592E-05 0.995185435
vn -0.471392512 -3.44033142E-05 -0.881923556
vn -0.471392512 -3.44033142E-05 -0.881923556
vn -0.471392512 -3.44033142E-05 -0.881923556
vn -0.471392512 -3.44033142E-05 -0.881923556
vn -0.956949711 -2.03533436E-05 -0.290253729
vn -0.956949711 -2.03533436E-05 -0.290253729
vn -0.956949711 -2.03533436E-05 -0.290253729
vn -0.956949711 -2.03533436E-05 -0.290253729
vn 0.63440311 -3.15071047E-05 -0.773002386
vn 0.63440311 -3.15071047E-05 -0.773002386
vn 0.63440311 -3.15071047E-05 -0.773002386
vn 0.63440311 -3.15071047E-05 -0.773002386
vn 0.956933558 -3.11222393E-05 0.290307075
vn 0.956933558 -3.11222393E-05 0.290307075
vn 0.956933558 -3.11222393E-05 0.290307075
vn 0.956933558 -3.11222393E-05 0.290307075
vn 0.290285021 -3.76909593E-05 -0.956940234
vn 0.290285021 -3.76909593E-05 -0.956940234
vn 0.290285021 -3.76909593E-05 -0.956940234
vn 0.290285021 -3.76909593E-05 -0.956940234
vn -0.87258774 -0.14505893 0.466421127
vn -0.87258774 -0.14505893 0.466421127
vn -0.87258774 -0.14505893 0.466421127
vn -0.87258774 -0.14505893 0.466421127
vn -0.764821708 -0.145065263 -0.627697289
vn -0.764821708 -0.145065263 -0.627697289
vn -0.764821708 -0.145065263 -0.627697289
vn -0.764821708 -0.145065263 -0.627697289
vn -0.984661162 -0.145063445 0.096948497
vn -0.984661162 -0.145063445 0.096948497
vn -0.984661162 -0.145063445 0.096948497
vn -0.984661162 -0.145063445 0.096948497
vn -0.946825385 -0.14506875 -0.287187546
vn -0.946825385 -0.14506875 -0.287187546
vn -0.946825385 -0.14506875 -0.287187546
vn -0.946825385 -0.14506875 -0.287187546
vn 0.466429383 -0.145064637 0.872582257
vn 0.466429383 -0.145064637 0.872582257
vn 0.466429383 -0.145064637 0.872582257
vn 0.466429383 -0.145064637 0.872582257
vn 0.94681567 -0.145068154 0.287220001
vn 0.94681567 -0.145068154 0.287220001
vn 0.94681567 -0.145068154 0.287220001
vn 0.94681567 -0.145068154 0.287220001
vn 0.87259835 -0.145062387 -0.466400087
vn 0.87259835 -0.145062387 -0.466400087
vn 0.87259835 -0.145062387 -0.466400087
vn 0.87259835 -0.145062387 -0.466400087
vn -0.290285021 -3.76909593E-05 0.956940234
vn -0.290285021 -3.76909593E-05 0.956940234
vn -0.290285021 -3.76909593E-05 0.956940234
vn -0.290285021 -3.76909593E-05 0.956940234
vn 0.0969837904 -0.145068556 0.98465687
vn 0.0969837904 -0.145068556 0.98465687
vn 0.0969837904 -0.145068556 0.98465687
vn 0.0969837904 -0.145068556 0.98465687
vn 0.287223965 -0.145062208 -0.946815372
vn 0.287223965 -0.145062208 -0.946815372
vn 0.287223965 -0.145062208 -0.946815372
vn 0.287223965 -0.145062208 -0.946815372
vn -0.0969740227 -0.145062938 -0.984658718
vn -0.0969740227 -0.145062938 -0.984658718
vn -0.0969740227 -0.145062938 -0.984658718
vn -0.0969740227 -0.145062938 -0.984658718
vn 0.984655499 -0.145063967 -0.097005263
vn 0.984655499 -0.145063967 -0.097005263
vn 0.984655499 -0.145063967 -0.097005263
vn 0.984655499 -0.145063967 -0.097005263
vn -0.466429412 -0.145064995 -0.872582197
vn -0.466429412 -0.145064995 -0.872582197
vn -0.466429412 -0.145064995 -0.872582197
vn -0.466429412 -0.145064995 -0.872582197
vn 0.764822066 -0.145061985 0.627697647
vn 0.764822066 -0.145061985 0.627697647
vn 0.764822066 -0.145061985 0.627697647
vn 0.764822066 -0.145061985 0.627697647
vn 0.627691329 -0.145064652 -0.764826655
vn 0.627691329 -0.145064652 -0.764826655
vn 0.627691329 -0.145064652 -0.764826655
vn 0.627691329 -0.145064652 -0.764826655
vn -0.6276806 -0.145064637 0.764835536
vn -0.6276806 -0.145064637 0.764835536
vn -0.6276806 -0.145064637 0.764835536
vn -0.6276806 -0.145064637 0.764835536
vn 0.881932616 -3.4453049E-05 -0.471375436
vn 0.881932616 -3.4453049E-05 -0.471375436
vn 0.881932616 -3.4453049E-05 -0.471375436
vn 0.881932616 -3.4453049E-05 -0.471375436
vn 0.0587666482 0.992199361 0.109940581
vn 0.0587666482 0.992199361 0.109940581
vn 0.0587666482 0.992199361 0.109940581
vn 0.0587666482 0.992199361 0.109940581
vn 0.0122185024 0.992198884 0.124064647
vn 0.0122185024 0.992198884 0.124064647
vn 0.0122185024 0.992198884 0.124064647
vn 0.0122185024 0.992198884 0.124064647
vn -0.0361965932 0.992195129 0.119325697
vn -0.0361965932 0.992195129 0.119325697
vn -0.0361965932 0.992195129 0.119325697
vn -0.0361965932 0.992195129 0.119325697
vn -0.0791237652 0.992192686 0.0964012071
vn -0.0791237652 0.992192686 0.0964012071
vn -0.0791237652 0.992192686 0.0964012071
vn -0.0791237652 0.992192686 0.0964012071
vn -0.109993935 0.992192447 0.0587843731
vn -0.109993935 0.992192447 0.0587843731
vn -0.109993935 0.992192447 0.0587843731
vn -0.109993935 0.992192447 0.0587843731
vn -0.124127194 0.992190897 0.012227755
vn -0.124127194 0.992190897 0.012227755
vn -0.124127194 0.992190897 0.012227755
vn -0.124127194 0.992190897 0.012227755
vn -0.119340837 0.992193162 -0.0362016633
vn -0.119340837 0.992193162 -0.0362016633
vn -0.119340837 0.992193162 -0.0362016633
vn -0.119340837 0.992193162 -0.0362016633
vn -0.096404098 0.992193282 -0.0791130513
vn -0.096404098 0.992193282 -0.0791130513
vn -0.096404098 0.992193282 -0.0791130513
vn -0.096404098 0.992193282 -0.0791130513
vn -0.0587761141 0.992197037 -0.109956153
vn -0.0587761141 0.992197037 -0.109956153
vn -0.0587761141 0.992197037 -0.109956153
vn -0.0587761141 0.992197037 -0.109956153
vn -0.0122183897 0.992198646 -0.124067083
vn -0.0122183897 0.992198646 -0.124067083
vn -0.0122183897 0.992198646 -0.124067083
vn -0.0122183897 0.992198646 -0.124067083
vn 0.0361827202 0.99220109 -0.119279966
vn 0.0361827202 0.99220109 -0.119279966
vn 0.0361827202 0.99220109 -0.119279966
vn 0.0361827202 0.99220109 -0.119279966
vn 0.0790774897 0.992200553 -0.0963585898
vn 0.0790774897 0.992200553 -0.0963585898
vn 0.0790774897 0.992200553 -0.0963585898
vn 0.0790774897 0.992200553 -0.0963585898
vn 0.109922111 0.99220252 -0.0587477759
vn 0.109922111 0.99220252 -0.0587477759
vn 0.109922111 0.99220252 -0.0587477759
vn 0.109922111 0.99220252 -0.0587477759
vn 0.124073014 0.992197812 -0.0122218458
vn 0.124073014 0.992197812 -0.0122218458
vn 0.124073014 0.992197812 -0.0122218458
vn 0.124073014 0.992197812 -0.0122218458
vn 0.119337194 0.992193937 0.0361922234
vn 0.119337194 0.992193937 0.0361922234
vn 0.119337194 0.992193937 0.0361922234
vn 0.119337194 0.992193937 0.0361922234
vn 0.609140575 0.279383123 -0.742221534
vn 0.609140575 0.279383123 -0.742221534
vn 0.609140575 0.279383123 -0.742221534
vn 0.609140575 0.279383123 -0.742221534
vn -0.287225485 -0.145069689 0.946813762
vn -0.287225485 -0.145069689 0.946813762
vn -0.287225485 -0.145069689 0.946813762
vn -0.287225485 -0.145069689 0.946813762
vn -0.0979958922 -0.00977244694 -0.995138884
vn -0.0979958922 -0.00977244694 -0.995138884
vn -0.0979958922 -0.00977244694 -0.995138884
vn -0.0979958922 -0.00977244694 -0.995138884
vn 0.173504144 -0.80169487 -0.571998
vn 0.173504144 -0.80169487 -0.571998
vn 0.173504144 -0.80169487 -0.571998
vn 0.173504144 -0.80169487 -0.571998
vn -0.0585902408 -0.801643372 -0.59492451
vn -0.0585902408 -0.801643372 -0.59492451
vn -0.0585902408 -0.801643372 -0.59492451
vn -0.0585902408 -0.801643372 -0.59492451
vn -0.471370488 -0.00980044063 -0.881880879
vn -0.471370488 -0.00980044063 -0.881880879
vn -0.471370488 -0.00980044063 -0.881880879
vn -0.471370488 -0.00980044063 -0.881880879
vn -0.281838477 -0.801589251 -0.527277768
vn -0.281838477 -0.801589251 -0.527277768
vn -0.281838477 -0.801589251 -0.527277768
vn -0.281838477 -0.801589251 -0.527277768
vn -0.772978663 -0.00977458991 -0.634356678
vn -0.772978663 -0.00977458991 -0.634356678
vn -0.772978663 -0.00977458991 -0.634356678
vn -0.772978663 -0.00977458991 -0.634356678
vn -0.462130845 -0.801616967 -0.37926963
vn -0.462130845 -0.801616967 -0.37926963
vn -0.462130845 -0.801616967 -0.37926963
vn -0.462130845 -0.801616967 -0.37926963
vn -0.956899405 -0.00973849371 -0.290256172
vn -0.956899405 -0.00973849371 -0.290256172
vn -0.956899405 -0.00973849371 -0.290256172
vn -0.956899405 -0.00973849371 -0.290256172
vn -0.571984112 -0.801707506 -0.17349118
vn -0.571984112 -0.801707506 -0.17349118
vn -0.571984112 -0.801707506 -0.17349118
vn -0.571984112 -0.801707506 -0.17349118
vn -0.995135844 -0.00972640701 0.098031342
vn -0.995135844 -0.00972640701 0.098031342
vn -0.995135844 -0.00972640701 0.098031342
vn -0.995135844 -0.00972640701 0.098031342
vn -0.594841719 -0.801704049 0.0586001351
vn -0.594841719 -0.801704049 0.0586001351
vn -0.594841719 -0.801704049 0.0586001351
vn -0.594841719 -0.801704049 0.0586001351
vn -0.881888151 -0.00972697232 0.471358448
vn -0.881888151 -0.00972697232 0.471358448
vn -0.881888151 -0.00972697232 0.471358448
vn -0.881888151 -0.00972697232 0.471358448
vn -0.634373903 -0.00976303685 0.772964656
vn -0.634373903 -0.00976303685 0.772964656
vn -0.634373903 -0.00976303685 0.772964656
vn -0.634373903 -0.00976303685 0.772964656
vn -0.527150154 -0.801704764 0.281748474
vn -0.527150154 -0.801704764 0.281748474
vn -0.527150154 -0.801704764 0.281748474
vn -0.527150154 -0.801704764 0.281748474
vn -0.379234791 -0.801677167 0.462054968
vn -0.379234791 -0.801677167 0.462054968
vn -0.379234791 -0.801677167 0.462054968
vn -0.379234791 -0.801677167 0.462054968
vn -0.290256023 -0.00977653638 0.956899107
vn -0.290256023 -0.00977653638 0.956899107
vn -0.290256023 -0.00977653638 0.956899107
vn -0.290256023 -0.00977653638 0.956899107
vn 0.0979944468 -0.00977305323 0.995139003
vn 0.0979944468 -0.00977305323 0.995139003
vn 0.0979944468 -0.00977305323 0.995139003
vn 0.0979944468 -0.00977305323 0.995139003
vn -0.173513502 -0.801660419 0.572043419
vn -0.173513502 -0.801660419 0.572043419
vn -0.173513502 -0.801660419 0.572043419
vn -0.173513502 -0.801660419 0.572043419
vn 0.0585915446 -0.801633358 0.594937742
vn 0.0585915446 -0.801633358 0.594937742
vn 0.0585915446 -0.801633358 0.594937742
vn 0.0585915446 -0.801633358 0.594937742
vn 0.471381694 -0.00978576764 0.881874979
vn 0.471381694 -0.00978576764 0.881874979
vn 0.471381694 -0.00978576764 0.881874979
vn 0.471381694 -0.00978576764 0.881874979
vn 0.281840682 -0.801585674 0.527281821
vn 0.281840682 -0.801585674 0.527281821
vn 0.281840682 -0.801585674 0.527281821
vn 0.281840682 -0.801585674 0.527281821
vn 0.772977829 -0.00978302397 0.634357691
vn 0.772977829 -0.00978302397 0.634357691
vn 0.772977829 -0.00978302397 0.634357691
vn 0.772977829 -0.00978302397 0.634357691
vn 0.956889033 -0.00976112671 0.290289551
vn 0.956889033 -0.00976112671 0.290289551
vn 0.956889033 -0.00976112671 0.290289551
vn 0.956889033 -0.00976112671 0.290289551
vn 0.462079644 -0.801656544 0.379248023
vn 0.462079644 -0.801656544 0.379248023
vn 0.462079644 -0.801656544 0.379248023
vn 0.462079644 -0.801656544 0.379248023
vn 0.995137274 -0.00975575671 -0.098013252
vn 0.995137274 -0.00975575671 -0.098013252
vn 0.995137274 -0.00975575671 -0.098013252
vn 0.995137274 -0.00975575671 -0.098013252
vn 0.571990848 -0.801702917 0.173490182
vn 0.571990848 -0.801702917 0.173490182
vn 0.571990848 -0.801702917 0.173490182
vn 0.571990848 -0.801702917 0.173490182
vn 0.594995558 -0.801588774 -0.0586156808
vn 0.594995558 -0.801588774 -0.0586156808
vn 0.594995558 -0.801588774 -0.0586156808
vn 0.594995558 -0.801588774 -0.0586156808
vn 0.881879032 -0.00975615438 -0.471374869
vn 0.881879032 -0.00975615438 -0.471374869
vn 0.881879032 -0.00975615438 -0.471374869
vn 0.881879032 -0.00975615438 -0.471374869
vn 0.527293146 -0.801585853 -0.281819373
vn 0.527293146 -0.801585853 -0.281819373
vn 0.527293146 -0.801585853 -0.281819373
vn 0.527293146 -0.801585853 -0.281819373
vn 0.634345353 -0.00975935813 -0.772988141
vn 0.634345353 -0.00975935813 -0.772988141
vn 0.634345353 -0.00975935813 -0.772988141
vn 0.634345353 -0.00975935813 -0.772988141
vn 0.379212141 -0.801670432 -0.462085128
vn 0.379212141 -0.801670432 -0.462085128
vn 0.379212141 -0.801670432 -0.462085128
vn 0.379212141 -0.801670432 -0.462085128
vn 0.290260375 -0.00976343546 -0.956897914
vn 0.290260375 -0.00976343546 -0.956897914
vn 0.290260375 -0.00976343546 -0.956897914
vn 0.290260375 -0.00976343546 -0.956897914
vn 0.354084045 0.888918817 0.29059881
vn 0.354084045 0.888918817 0.29059881
vn 0.354084045 0.888918817 0.29059881
vn 0.354084045 0.888918817 0.29059881
vn -0.891444981 -0.262521952 0.369334638
vn -0.891444981 -0.262521952 0.369334638
vn -0.891444981 -0.262521952 0.369334638
vn -0.891444981 -0.262521952 0.369334638
vn -0 -1 0
vn -0 -1 0
vn -0 -1 0
vn -0 -1 0
vn 1.3273162E-05 -1 0
vn 1.3273162E-05 -1 0
vn 1.3273162E-05 -1 0
vn 1.3273162E-05 -1 0
vn 1.32753639E-05 -1 0
vn 1.32753639E-05 -1 0
vn 1.32753639E-05 -1 0
vn -0.923877895 0.0105620166 0.382541716
vn -0.923877895 0.0105620166 0.382541716
vn -0.923877895 0.0105620166 0.382541716
vn -0.923877895 0.0105620166 0.382541716
vn -0.923854768 0.0105379252 -0.382598072
vn -0.923854768 0.0105379252 -0.382598072
vn -0.923854768 0.0105379252 -0.382598072
vn -0.923854768 0.0105379252 -0.382598072
vn -0 -1 0
vn -0 -1 0
vn -0 -1 0
vn -0 -1 0
vn 0.382627487 0.0105429795 0.92384249
vn 0.382627487 0.0105429795 0.92384249
vn 0.382627487 0.0105429795 0.92384249
vn 0.382627487 0.0105429795 0.92384249
vn 0.382643878 -0.0165132061 0.923748374
vn 0.382643878 -0.0165132061 0.923748374
vn 0.382643878 -0.0165132061 0.923748374
vn 0.382643878 -0.0165132061 0.923748374
vn -0 -1 0
vn -0 -1 0
vn -0 -1 0
vn -0 -1 0
vn -0.923777878 -0.0165128559 -0.382572442
vn -0.923777878 -0.0165128559 -0.382572442
vn -0.923777878 -0.0165128559 -0.382572442
vn -0.923777878 -0.0165128559 -0.382572442
vn -0 1 0
vn -0 1 0
vn -0 1 0
vn -0 1 0
vn -0 1 0
vn -0 1 0
vn -0 1 0
vn -0 1 0
vn -0 1 0
vn -0 1 0
vn 0.923780322 -0.016512949 0.382566512
vn 0.923780322 -0.016512949 0.382566512
vn 0.923780322 -0.016512949 0.382566512
vn 0.923780322 -0.016512949 0.382566512
vn -0.923747659 -0.016519241 0.382645339
vn -0.923747659 -0.016519241 0.382645339
vn -0.923747659 -0.016519241 0.382645339
vn -0.923747659 -0.016519241 0.382645339
vn -0 1 0
vn -0 1 0
vn -0 1 0
vn -0 1 0
vn 0.923745632 -0.0165190995 -0.382650197
vn 0.923745632 -0.0165190995 -0.382650197
vn 0.923745632 -0.0165190995 -0.382650197
vn 0.923745632 -0.0165190995 -0.382650197
vn -0.382674843 -0.016494127 0.923735857
vn -0.382674843 -0.016494127 0.923735857
vn -0.382674843 -0.016494127 0.923735857
vn -0.382674843 -0.016494127 0.923735857
vn -0 -1 0
vn -0 -1 0
vn -0 -1 0
vn -0 -1 0
vn -0 -1 0
vn -0 -1 0
vn -0 -1 0
vn -0 -1 0
vn -0.382586062 -0.0165088009 -0.923772395
vn -0.382586062 -0.0165088009 -0.923772395
vn -0.382586062 -0.0165088009 -0.923772395
vn -0.382586062 -0.0165088009 -0.923772395
vn -2.24458909E-05 1 0
vn -2.24458909E-05 1 0
vn -2.24458909E-05 1 0
vn -2.24458909E-05 1 0
vn -0 1 1.24489961E-05
vn -0 1 1.24489961E-05
vn -0 1 1.24489961E-05
vn 0.382694066 -0.0165309608 -0.923727214
vn 0.382694066 -0.0165309608 -0.923727214
vn 0.382694066 -0.0165309608 -0.923727214
vn 0.382694066 -0.0165309608 -0.923727214
vn -0 -1 0
vn -0 -1 0
vn -0 -1 0
vn -0 -1 0
vn -0 -1 0
vn -0 -1 0
vn -0 -1 0
vn -0 -1 0
vn -0 -1 0
vn -0 1 1.24489679E-05
vn -0 1 1.24489679E-05
vn -0 1 1.24489679E-05
vn -0 1 1.24489679E-05
vn -0 -1 0
vn -0 -1 0
vn -0 -1 0
vn -0 -1 0
vn -0.382622719 0.0164026991 -0.923759043
vn -0.382622719 0.0164026991 -0.923759043
vn -0.382622719 0.0164026991 -0.923759043
vn -0.382622719 0.0164026991 -0.923759043
vn 0.382622719 0.0164026991 0.923759043
vn 0.382622719 0.0164026991 0.923759043
vn 0.382622719 0.0164026991 0.923759043
vn 0.382622719 0.0164026991 0.923759043
vn 2.24497962E-05 1 0
vn 2.24497962E-05 1 0
vn 2.24497962E-05 1 0
vn 2.24497962E-05 1 0
vn 0.382597119 0.0161878001 -0.923773527
vn 0.382597119 0.0161878001 -0.923773527
vn 0.382597119 0.0161878001 -0.923773527
vn 0.382597119 0.0161878001 -0.923773527
vn 0.923739851 0.0170893259 0.382638991
vn 0.923739851 0.0170893259 0.382638991
vn 0.923739851 0.0170893259 0.382638991
vn 0.923739851 0.0170893259 0.382638991
vn -0.382622957 0.0162181426 0.923762202
vn -0.382622957 0.0162181426 0.923762202
vn -0.382622957 0.0162181426 0.923762202
vn -0.382622957 0.0162181426 0.923762202
vn 0.923767924 0.0165989958 -0.382592946
vn 0.923767924 0.0165989958 -0.382592946
vn 0.923767924 0.0165989958 -0.382592946
vn 0.923767924 0.0165989958 -0.382592946
vn -0.923755705 0.01635601 -0.382632911
vn -0.923755705 0.01635601 -0.382632911
vn -0.923755705 0.01635601 -0.382632911
vn -0.923755705 0.01635601 -0.382632911
vn -0.923771501 0.0157153867 0.382621557
vn -0.923771501 0.0157153867 0.382621557
vn -0.923771501 0.0157153867 0.382621557
vn -0.923771501 0.0157153867 0.382621557
vn 0.89150697 -0.262436956 0.369245648
vn 0.89150697 -0.262436956 0.369245648
vn 0.89150697 -0.262436956 0.369245648
vn 0.89150697 -0.262436956 0.369245648
vn -0 1 0
vn -0 1 0
vn -0 1 0
vn -0 1 0
vn -0 1 -1.29560176E-05
vn -0 1 -1.29560176E-05
vn -0 1 -1.29560176E-05
vn -0 1 -1.29560176E-05
vn -0 1 0
vn -0 1 0
vn -0 1 0
vn -0.891473114 -0.262464881 -0.36930728
vn -0.891473114 -0.262464881 -0.36930728
vn -0.891473114 -0.262464881 -0.36930728
vn -0.891473114 -0.262464881 -0.36930728
vn 0.891435266 -0.262741953 -0.369201839
vn 0.891435266 -0.262741953 -0.369201839
vn 0.891435266 -0.262741953 -0.369201839
vn 0.891435266 -0.262741953 -0.369201839
vn 0.369278014 -0.262588561 -0.891448796
vn 0.369278014 -0.262588561 -0.891448796
vn 0.369278014 -0.262588561 -0.891448796
vn 0.369278014 -0.262588561 -0.891448796
vn -0 1 -1.29550472E-05
vn -0 1 -1.29550472E-05
vn -0 1 -1.29550472E-05
vn -0 1 -1.29550472E-05
vn -0 1 -1.29559712E-05
vn -0 1 -1.29559712E-05
vn -0 1 -1.29559712E-05
vn -0 1 -1.29559712E-05
vn -2.49655168E-05 1 0
vn -2.49655168E-05 1 0
vn -2.49655168E-05 1 0
vn -2.49655168E-05 1 0
vn -0.369236648 -0.262530655 -0.891483009
vn -0.369236648 -0.262530655 -0.891483009
vn -0.369236648 -0.262530655 -0.891483009
vn -0.369236648 -0.262530655 -0.891483009
vn 2.49676978E-05 1 0
vn 2.49676978E-05 1 0
vn 2.49676978E-05 1 0
vn 2.49676978E-05 1 0
vn -0.369345367 -0.262513548 0.891443014
vn -0.369345367 -0.262513548 0.891443014
vn -0.369345367 -0.262513548 0.891443014
vn -0.369345367 -0.262513548 0.891443014
vn -0 1 -1.29547707E-05
vn -0 1 -1.29547707E-05
vn -0 1 -1.29547707E-05
vn -0 1 -1.29547707E-05
vn 0.38264361 0.0105406083 0.923835874
vn 0.38264361 0.0105406083 0.923835874
vn 0.38264361 0.0105406083 0.923835874
vn 0.38264361 0.0105406083 0.923835874
vn 0.382658333 0.0103163309 0.923832297
vn 0.382658333 0.0103163309 0.923832297
vn 0.382658333 0.0103163309 0.923832297
vn 0.382658333 0.0103163309 0.923832297
vn 0.382643044 0.0102936085 0.923838913
vn 0.382643044 0.0102936085 0.923838913
vn 0.382643044 0.0102936085 0.923838913
vn 0.382643044 0.0102936085 0.923838913
vn 0.382660359 0.0103272758 0.923831284
vn 0.382660359 0.0103272758 0.923831284
vn 0.382660359 0.0103272758 0.923831284
vn 0.382660359 0.0103272758 0.923831284
vn -0.382643163 0.0105544431 -0.923835874
vn -0.382643163 0.0105544431 -0.923835874
vn -0.382643163 0.0105544431 -0.923835874
vn -0.382643163 0.0105544431 -0.923835874
vn -0 -1 0
vn -0 -1 0
vn -0 -1 0
vn -0 -1 0
vn -0.92383945 0.0105813174 -0.382633984
vn -0.92383945 0.0105813174 -0.382633984
vn -0.92383945 0.0105813174 -0.382633984
vn -0.92383945 0.0105813174 -0.382633984
vn -0.923865497 0.0102870446 -0.382579029
vn -0.923865497 0.0102870446 -0.382579029
vn -0.923865497 0.0102870446 -0.382579029
vn -0.923865497 0.0102870446 -0.382579029
vn -0.923863769 0.0103222523 -0.382582426
vn -0.923863769 0.0103222523 -0.382582426
vn -0.923863769 0.0103222523 -0.382582426
vn -0.923863769 0.0103222523 -0.382582426
vn -0.923841953 0.0102916053 -0.382635623
vn -0.923841953 0.0102916053 -0.382635623
vn -0.923841953 0.0102916053 -0.382635623
vn -0.923841953 0.0102916053 -0.382635623
vn -0.923836887 0.00892343186 -0.382682294
vn -0.923836887 0.00892343186 -0.382682294
vn -0.923836887 0.00892343186 -0.382682294
vn -0.923836887 0.00892343186 -0.382682294
vn 0.923836708 0.0104838917 0.382643223
vn 0.923836708 0.0104838917 0.382643223
vn 0.923836708 0.0104838917 0.382643223
vn 0.923836708 0.0104838917 0.382643223
vn 0.923841953 0.0103625925 0.382633686
vn 0.923841953 0.0103625925 0.382633686
vn 0.923841953 0.0103625925 0.382633686
vn 0.923841953 0.0103625925 0.382633686
vn 0.923822641 0.0102917822 0.382682443
vn 0.923822641 0.0102917822 0.382682443
vn 0.923822641 0.0102917822 0.382682443
vn 0.923822641 0.0102917822 0.382682443
vn 0.923816144 0.0103235003 0.382697195
vn 0.923816144 0.0103235003 0.382697195
vn 0.923816144 0.0103235003 0.382697195
vn 0.923816144 0.0103235003 0.382697195
vn -0.382656813 0.00892122369 0.923847497
vn -0.382656813 0.00892122369 0.923847497
vn -0.382656813 0.00892122369 0.923847497
vn -0.382656813 0.00892122369 0.923847497
vn 0.38266471 0.00892066211 0.923844218
vn 0.38266471 0.00892066211 0.923844218
vn 0.38266471 0.00892066211 0.923844218
vn 0.38266471 0.00892066211 0.923844218
vn -0.923810005 0.0105561521 0.382705629
vn -0.923810005 0.0105561521 0.382705629
vn -0.923810005 0.0105561521 0.382705629
vn -0.923810005 0.0105561521 0.382705629
vn -0.923816919 0.0102920067 0.382696241
vn -0.923816919 0.0102920067 0.382696241
vn -0.923816919 0.0102920067 0.382696241
vn -0.923816919 0.0102920067 0.382696241
vn -0.923841596 0.0103476569 0.382635236
vn -0.923841596 0.0103476569 0.382635236
vn -0.923841596 0.0103476569 0.382635236
vn -0.923841596 0.0103476569 0.382635236
vn -0.923849583 0.0103176208 0.38261649
vn -0.923849583 0.0103176208 0.38261649
vn -0.923849583 0.0103176208 0.38261649
vn -0.923849583 0.0103176208 0.38261649
vn -0.382656753 0.0089211138 -0.923847497
vn -0.382656753 0.0089211138 -0.923847497
vn -0.382656753 0.0089211138 -0.923847497
vn -0.382656753 0.0089211138 -0.923847497
vn 0.923850298 0.0105146281 -0.382609546
vn 0.923850298 0.0105146281 -0.382609546
vn 0.923850298 0.0105146281 -0.382609546
vn 0.923850298 0.0105146281 -0.382609546
vn 0.923852742 0.0104993721 -0.382604122
vn 0.923852742 0.0104993721 -0.382604122
vn 0.923852742 0.0104993721 -0.382604122
vn 0.923852742 0.0104993721 -0.382604122
vn 0.923838913 0.0103172082 -0.382642418
vn 0.923838913 0.0103172082 -0.382642418
vn 0.923838913 0.0103172082 -0.382642418
vn 0.923838913 0.0103172082 -0.382642418
vn 0.923789382 0.0103219533 -0.382761687
vn 0.923789382 0.0103219533 -0.382761687
vn 0.923789382 0.0103219533 -0.382761687
vn 0.923789382 0.0103219533 -0.382761687
vn 0.923816264 0.0103117758 -0.382697225
vn 0.923816264 0.0103117758 -0.382697225
vn 0.923816264 0.0103117758 -0.382697225
vn 0.923816264 0.0103117758 -0.382697225
vn 0.382680625 0.00892114267 -0.923837602
vn 0.382680625 0.00892114267 -0.923837602
vn 0.382680625 0.00892114267 -0.923837602
vn 0.382680625 0.00892114267 -0.923837602
vn -1.32753203E-05 -1 0
vn -1.32753203E-05 -1 0
vn -1.32753203E-05 -1 0
vn -1.32753203E-05 -1 0
vn -0.382677376 0.0105329165 0.923822045
vn -0.382677376 0.0105329165 0.923822045
vn -0.382677376 0.0105329165 0.923822045
vn -0.382677376 0.0105329165 0.923822045
vn -0.382683218 0.0103291543 0.923821926
vn -0.382683218 0.0103291543 0.923821926
vn -0.382683218 0.0103291543 0.923821926
vn -0.382683218 0.0103291543 0.923821926
vn -0.382670671 0.0103280861 0.923826993
vn -0.382670671 0.0103280861 0.923826993
vn -0.382670671 0.0103280861 0.923826993
vn -0.382670671 0.0103280861 0.923826993
vn -0.382638305 0.0103162583 0.923840523
vn -0.382638305 0.0103162583 0.923840523
vn -0.382638305 0.0103162583 0.923840523
vn -0.382638305 0.0103162583 0.923840523
vn -0.382655531 0.0105762267 0.923830569
vn -0.382655531 0.0105762267 0.923830569
vn -0.382655531 0.0105762267 0.923830569
vn -0.382655531 0.0105762267 0.923830569
vn 0.382629246 0.0105317626 -0.923841953
vn 0.382629246 0.0105317626 -0.923841953
vn 0.382629246 0.0105317626 -0.923841953
vn 0.382629246 0.0105317626 -0.923841953
vn -0.382616341 0.0105443802 -0.923847139
vn -0.382616341 0.0105443802 -0.923847139
vn -0.382616341 0.0105443802 -0.923847139
vn -0.382616341 0.0105443802 -0.923847139
vn -0.382625848 0.0103148045 -0.923845828
vn -0.382625848 0.0103148045 -0.923845828
vn -0.382625848 0.0103148045 -0.923845828
vn -0.382625848 0.0103148045 -0.923845828
vn -0.382676035 0.0103328777 -0.923824787
vn -0.382676035 0.0103328777 -0.923824787
vn -0.382676035 0.0103328777 -0.923824787
vn -0.382676035 0.0103328777 -0.923824787
vn -0.382673174 0.0102931121 -0.923826396
vn -0.382673174 0.0102931121 -0.923826396
vn -0.382673174 0.0102931121 -0.923826396
vn -0.382673174 0.0102931121 -0.923826396
vn 0.923852861 0.00892050937 -0.382643878
vn 0.923852861 0.00892050937 -0.382643878
vn 0.923852861 0.00892050937 -0.382643878
vn 0.923852861 0.00892050937 -0.382643878
vn 0.923868954 0.0105181905 0.382564336
vn 0.923868954 0.0105181905 0.382564336
vn 0.923868954 0.0105181905 0.382564336
vn 0.923868954 0.0105181905 0.382564336
vn -0.92384696 0.0089224847 0.382657915
vn -0.92384696 0.0089224847 0.382657915
vn -0.92384696 0.0089224847 0.382657915
vn -0.92384696 0.0089224847 0.382657915
vn 0.382592559 0.0105771702 -0.923856616
vn 0.382592559 0.0105771702 -0.923856616
vn 0.382592559 0.0105771702 -0.923856616
vn 0.382592559 0.0105771702 -0.923856616
vn 0.382679075 0.0102840345 -0.923824072
vn 0.382679075 0.0102840345 -0.923824072
vn 0.382679075 0.0102840345 -0.923824072
vn 0.382679075 0.0102840345 -0.923824072
vn 0.382705986 0.0103310421 -0.923812449
vn 0.382705986 0.0103310421 -0.923812449
vn 0.382705986 0.0103310421 -0.923812449
vn 0.382705986 0.0103310421 -0.923812449
vn 0.382680506 0.0103141572 -0.923823237
vn 0.382680506 0.0103141572 -0.923823237
vn 0.382680506 0.0103141572 -0.923823237
vn 0.382680506 0.0103141572 -0.923823237
vn -1.32737341E-05 -1 0
vn -1.32737341E-05 -1 0
vn -1.32737341E-05 -1 0
vn -1.32737341E-05 -1 0
vn -0.923894584 0 0.382647097
vn -0.923894584 0 0.382647097
vn -0.923894584 0 0.382647097
vn -0.923894584 0 0.382647097
vn -0.382584393 0 0.923920512
vn -0.382584393 0 0.923920512
vn -0.382584393 0 0.923920512
vn -0.382584393 0 0.923920512
vn -0.382621288 0 -0.923905253
vn -0.382621288 0 -0.923905253
vn -0.382621288 0 -0.923905253
vn -0.382621288 0 -0.923905253
vn 0.923884809 0 0.38267073
vn 0.923884809 0 0.38267073
vn 0.923884809 0 0.38267073
vn 0.923884809 0 0.38267073
vn -0.923854768 0 -0.38274312
vn -0.923854768 0 -0.38274312
vn -0.923854768 0 -0.38274312
vn -0.923854768 0 -0.38274312
vn 0.382582188 0 -0.923921466
vn 0.382582188 0 -0.923921466
vn 0.382582188 0 -0.923921466
vn 0.382582188 0 -0.923921466
vn 0.382632911 0 0.923900485
vn 0.382632911 0 0.923900485
vn 0.382632911 0 0.923900485
vn 0.382632911 0 0.923900485
vn 0.923884273 0 -0.382671952
vn 0.923884273 0 -0.382671952
vn 0.923884273 0 -0.382671952
vn 0.923884273 0 -0.382671952
vn -0 -1 0
vn -0 -1 0
vn -0 -1 0
vn -0 -1 0
vn 0.369295776 -0.262469202 0.891476631
vn 0.369295776 -0.262469202 0.891476631
vn 0.369295776 -0.262469202 0.891476631
vn 0.369295776 -0.262469202 0.891476631
vn -0 1 0
vn -0 1 0
vn -0 1 0
vn -0 1 0
vn -0 1 0
vn -0 1 0
vn -0 1 0
vn -0 1 0
vn -0.891534626 -0.262372106 0.369224668
vn -0.891534626 -0.262372106 0.369224668
vn -0.891534626 -0.262372106 0.369224668
vn -0.891534626 -0.262372106 0.369224668
vn 0.382685304 0.00892054476 -0.923835695
vn 0.382685304 0.00892054476 -0.923835695
vn 0.382685304 0.00892054476 -0.923835695
vn 0.382685304 0.00892054476 -0.923835695
vn -0.923829257 0.00892163906 0.382700861
vn -0.923829257 0.00892163906 0.382700861
vn -0.923829257 0.00892163906 0.382700861
vn -0.923829257 0.00892163906 0.382700861
vn 0.923843384 0.00891970564 -0.382666707
vn 0.923843384 0.00891970564 -0.382666707
vn 0.923843384 0.00891970564 -0.382666707
vn 0.923843384 0.00891970564 -0.382666707
vn -0.3826994 0.00892098155 0.923829854
vn -0.3826994 0.00892098155 0.923829854
vn -0.3826994 0.00892098155 0.923829854
vn -0.3826994 0.00892098155 0.923829854
vn -0.382662594 0.00892118178 -0.923845053
vn -0.382662594 0.00892118178 -0.923845053
vn -0.382662594 0.00892118178 -0.923845053
vn -0.382662594 0.00892118178 -0.923845053
vn 0.382648498 0.00892065745 0.923850954
vn 0.382648498 0.00892065745 0.923850954
vn 0.382648498 0.00892065745 0.923850954
vn 0.382648498 0.00892065745 0.923850954
vn 0.923851132 0.00892161112 0.382647902
vn 0.923851132 0.00892161112 0.382647902
vn 0.923851132 0.00892161112 0.382647902
vn 0.923851132 0.00892161112 0.382647902
vn 0.382593721 -0.016511891 0.923769116
vn 0.382593721 -0.016511891 0.923769116
vn 0.382593721 -0.016511891 0.923769116
vn 0.382593721 -0.016511891 0.923769116
vn -0.923763514 -0.016498832 -0.382607698
vn -0.923763514 -0.016498832 -0.382607698
vn -0.923763514 -0.016498832 -0.382607698
vn -0.923763514 -0.016498832 -0.382607698
vn -1.33032236E-05 1 0
vn -1.33032236E-05 1 0
vn -1.33032236E-05 1 0
vn -1.33032236E-05 1 0
vn -2.66065363E-05 1 0
vn -2.66065363E-05 1 0
vn -2.66065363E-05 1 0
vn 0.923789084 -0.0164954476 0.382546216
vn 0.923789084 -0.0164954476 0.382546216
vn 0.923789084 -0.0164954476 0.382546216
vn 0.923789084 -0.0164954476 0.382546216
vn -0.923780501 -0.0165258422 0.382565588
vn -0.923780501 -0.0165258422 0.382565588
vn -0.923780501 -0.0165258422 0.382565588
vn -0.923780501 -0.0165258422 0.382565588
vn -0 1 0
vn -0 1 0
vn -0 1 0
vn -0 1 0
vn -0 1 1.24487642E-05
vn 2.66076859E-05 1 0
vn 2.66076859E-05 1 0
vn -0 1 1.24487642E-05
vn -0 1 1.24487642E-05
vn -0 1 1.24487642E-05
vn 0.923748195 -0.0165055953 -0.382644415
vn 0.923748195 -0.0165055953 -0.382644415
vn 0.923748195 -0.0165055953 -0.382644415
vn 0.923748195 -0.0165055953 -0.382644415
vn -0 1 0
vn -0 1 0
vn -0 1 0
vn -0 1 0
vn -0.382530779 -0.0165131651 0.923795164
vn -0.382530779 -0.0165131651 0.923795164
vn -0.382530779 -0.0165131651 0.923795164
vn -0.382530779 -0.0165131651 0.923795164
vn -0.382587582 -0.0164831132 -0.923772156
vn -0.382587582 -0.0164831132 -0.923772156
vn -0.382587582 -0.0164831132 -0.923772156
vn -0.382587582 -0.0164831132 -0.923772156
vn 0.382641613 -0.0165047832 -0.923749387
vn 0.382641613 -0.0165047832 -0.923749387
vn 0.382641613 -0.0165047832 -0.923749387
vn 0.382641613 -0.0165047832 -0.923749387
vn -0.382627964 0.0162901282 -0.923758864
vn -0.382627964 0.0162901282 -0.923758864
vn -0.382627964 0.0162901282 -0.923758864
vn -0.382627964 0.0162901282 -0.923758864
vn -0 1 1.2449229E-05
vn -0 1 1.2449229E-05
vn -0 1 1.2449229E-05
vn -0 1 1.2449229E-05
vn 0.382589519 0.0165623166 0.923769951
vn 0.382589519 0.0165623166 0.923769951
vn 0.382589519 0.0165623166 0.923769951
vn 0.382589519 0.0165623166 0.923769951
vn 0.382667989 0.0163455587 -0.923741281
vn 0.382667989 0.0163455587 -0.923741281
vn 0.382667989 0.0163455587 -0.923741281
vn 0.382667989 0.0163455587 -0.923741281
vn -0 1 0
vn -0 1 0
vn -0 1 0
vn -0 1 0
vn 0.923765481 0.0171047579 0.382576406
vn 0.923765481 0.0171047579 0.382576406
vn 0.923765481 0.0171047579 0.382576406
vn 0.923765481 0.0171047579 0.382576406
vn -0.382604748 0.0162902977 0.923768401
vn -0.382604748 0.0162902977 0.923768401
vn -0.382604748 0.0162902977 0.923768401
vn -0.382604748 0.0162902977 0.923768401
vn 0.923757851 0.0163591057 -0.382627726
vn 0.923757851 0.0163591057 -0.382627726
vn 0.923757851 0.0163591057 -0.382627726
vn 0.923757851 0.0163591057 -0.382627726
vn -0.923781931 0.0160326008 -0.382583201
vn -0.923781931 0.0160326008 -0.382583201
vn -0.923781931 0.0160326008 -0.382583201
vn -0.923781931 0.0160326008 -0.382583201
vn -0.923785508 0.0157883056 0.382584691
vn -0.923785508 0.0157883056 0.382584691
vn -0.923785508 0.0157883056 0.382584691
vn -0.923785508 0.0157883056 0.382584691
vn 0.891478419 -0.262536556 0.369243503
vn 0.891478419 -0.262536556 0.369243503
vn 0.891478419 -0.262536556 0.369243503
vn 0.891478419 -0.262536556 0.369243503
vn -1.10976707E-05 1 0
vn -1.10976707E-05 1 0
vn -1.10976707E-05 1 0
vn -1.10976707E-05 1 0
vn -0 1 0
vn -0 1 0
vn -0 1 0
vn -0 1 0
vn 1.10973015E-05 1 0
vn 1.10973015E-05 1 0
vn 1.10973015E-05 1 0
vn -0.891507328 -0.262368917 -0.369292915
vn -0.891507328 -0.262368917 -0.369292915
vn -0.891507328 -0.262368917 -0.369292915
vn -0.891507328 -0.262368917 -0.369292915
vn 0.891415834 -0.262776822 -0.369223893
vn 0.891415834 -0.262776822 -0.369223893
vn 0.891415834 -0.262776822 -0.369223893
vn 0.891415834 -0.262776822 -0.369223893
vn 0.369269997 -0.262743145 -0.891406655
vn 0.369269997 -0.262743145 -0.891406655
vn 0.369269997 -0.262743145 -0.891406655
vn 0.369269997 -0.262743145 -0.891406655
vn 1.66404116E-05 1 -1.72701148E-05
vn 1.66404116E-05 1 -1.72701148E-05
vn 1.66404116E-05 1 -1.72701148E-05
vn 1.66404116E-05 1 -1.72701148E-05
vn -1.1097055E-05 1 -1.72754808E-05
vn -1.1097055E-05 1 -1.72754808E-05
vn -1.1097055E-05 1 -1.72754808E-05
vn -1.1097055E-05 1 -1.72754808E-05
vn -1.10963774E-05 1 0
vn -1.10963774E-05 1 0
vn -1.10963774E-05 1 0
vn -1.10963774E-05 1 0
vn -0.369278997 -0.26248157 -0.89147985
vn -0.369278997 -0.26248157 -0.89147985
vn -0.369278997 -0.26248157 -0.89147985
vn -0.369278997 -0.26248157 -0.89147985
vn 1.10950232E-05 1 0
vn 1.10950232E-05 1 0
vn 1.10950232E-05 1 0
vn 1.10950232E-05 1 0
vn -0.369193852 -0.262418538 0.891533792
vn -0.369193852 -0.262418538 0.891533792
vn -0.369193852 -0.262418538 0.891533792
vn -0.369193852 -0.262418538 0.891533792
vn -0 1 0
vn -0 1 0
vn -0 1 0
vn -0 1 0
vn 0.382615536 0.0103044398 0.923850238
vn 0.382615536 0.0103044398 0.923850238
vn 0.382615536 0.0103044398 0.923850238
vn 0.382615536 0.0103044398 0.923850238
vn 0.382658631 0.0103013124 0.923832417
vn 0.382658631 0.0103013124 0.923832417
vn 0.382658631 0.0103013124 0.923832417
vn 0.382658631 0.0103013124 0.923832417
vn 0.38265565 0.0103212288 0.92383343
vn 0.38265565 0.0103212288 0.92383343
vn 0.38265565 0.0103212288 0.92383343
vn 0.38265565 0.0103212288 0.92383343
vn -0.923860371 0.010345744 -0.382589757
vn -0.923860371 0.010345744 -0.382589757
vn -0.923860371 0.010345744 -0.382589757
vn -0.923860371 0.010345744 -0.382589757
vn -0.92382735 0.0103237936 -0.382670194
vn -0.92382735 0.0103237936 -0.382670194
vn -0.92382735 0.0103237936 -0.382670194
vn -0.92382735 0.0103237936 -0.382670194
vn -0.923811436 0.0103348289 -0.382708311
vn -0.923811436 0.0103348289 -0.382708311
vn -0.923811436 0.0103348289 -0.382708311
vn -0.923811436 0.0103348289 -0.382708311
vn 0.923860371 0.0103433589 0.382589757
vn 0.923860371 0.0103433589 0.382589757
vn 0.923860371 0.0103433589 0.382589757
vn 0.923860371 0.0103433589 0.382589757
vn 0.923863351 0.0102669494 0.3825849
vn 0.923863351 0.0102669494 0.3825849
vn 0.923863351 0.0102669494 0.3825849
vn 0.923863351 0.0102669494 0.3825849
vn 0.923837781 0.0103165936 0.3826451
vn 0.923837781 0.0103165936 0.3826451
vn 0.923837781 0.0103165936 0.3826451
vn 0.923837781 0.0103165936 0.3826451
vn -0.923861027 0.0102765728 0.382590026
vn -0.923861027 0.0102765728 0.382590026
vn -0.923861027 0.0102765728 0.382590026
vn -0.923861027 0.0102765728 0.382590026
vn -0.923796177 0.0103331879 0.382745147
vn -0.923796177 0.0103331879 0.382745147
vn -0.923796177 0.0103331879 0.382745147
vn -0.923796177 0.0103331879 0.382745147
vn -0.923776031 0.0103351325 0.382793665
vn -0.923776031 0.0103351325 0.382793665
vn -0.923776031 0.0103351325 0.382793665
vn -0.923776031 0.0103351325 0.382793665
vn 0.923847258 0.0103110084 -0.38262248
vn 0.923847258 0.0103110084 -0.38262248
vn 0.923847258 0.0103110084 -0.38262248
vn 0.923847258 0.0103110084 -0.38262248
vn 0.923853993 0.0103240917 -0.38260597
vn 0.923853993 0.0103240917 -0.38260597
vn 0.923853993 0.0103240917 -0.38260597
vn 0.923853993 0.0103240917 -0.38260597
vn 0.923859179 0.0103241438 -0.382593274
vn 0.923859179 0.0103241438 -0.382593274
vn 0.923859179 0.0103241438 -0.382593274
vn 0.923859179 0.0103241438 -0.382593274
vn -0.382642686 0.0102479206 0.923839509
vn -0.382642686 0.0102479206 0.923839509
vn -0.382642686 0.0102479206 0.923839509
vn -0.382642686 0.0102479206 0.923839509
vn -0.382685095 0.010323179 0.923821092
vn -0.382685095 0.010323179 0.923821092
vn -0.382685095 0.010323179 0.923821092
vn -0.382685095 0.010323179 0.923821092
vn -0.382734656 0.0103317844 0.923800468
vn -0.382734656 0.0103317844 0.923800468
vn -0.382734656 0.0103317844 0.923800468
vn -0.382734656 0.0103317844 0.923800468
vn -0.382642537 0.0102908537 -0.923839152
vn -0.382642537 0.0102908537 -0.923839152
vn -0.382642537 0.0102908537 -0.923839152
vn -0.382642537 0.0102908537 -0.923839152
vn -0.382630438 0.0103178909 -0.923843801
vn -0.382630438 0.0103178909 -0.923843801
vn -0.382630438 0.0103178909 -0.923843801
vn -0.382630438 0.0103178909 -0.923843801
vn -0.382629871 0.010332928 -0.92384392
vn -0.382629871 0.010332928 -0.92384392
vn -0.382629871 0.010332928 -0.92384392
vn -0.382629871 0.010332928 -0.92384392
vn 0.382628113 0.0102761863 -0.923845351
vn 0.382628113 0.0102761863 -0.923845351
vn 0.382628113 0.0102761863 -0.923845351
vn 0.382628113 0.0102761863 -0.923845351
vn 0.38264361 0.0103558535 -0.923838019
vn 0.38264361 0.0103558535 -0.923838019
vn 0.38264361 0.0103558535 -0.923838019
vn 0.38264361 0.0103558535 -0.923838019
vn 0.38263002 0.0103028202 -0.923844218
vn 0.38263002 0.0103028202 -0.923844218
vn 0.38263002 0.0103028202 -0.923844218
vn 0.38263002 0.0103028202 -0.923844218
vn -0.923837006 0.00892030355 -0.382682055
vn -0.923837006 0.00892030355 -0.382682055
vn -0.923837006 0.00892030355 -0.382682055
vn -0.923837006 0.00892030355 -0.382682055
vn -0.92381978 0 0.38282755
vn -0.92381978 0 0.38282755
vn -0.92381978 0 0.38282755
vn -0.92381978 0 0.38282755
vn -0.382692456 0 0.923875749
vn -0.382692456 0 0.923875749
vn -0.382692456 0 0.923875749
vn -0.382692456 0 0.923875749
vn -0.382690519 0 -0.923876584
vn -0.382690519 0 -0.923876584
vn -0.382690519 0 -0.923876584
vn -0.382690519 0 -0.923876584
vn 0.923815906 0 0.382836908
vn 0.923815906 0 0.382836908
vn 0.923815906 0 0.382836908
vn 0.923815906 0 0.382836908
vn -0.923867226 0 -0.382713258
vn -0.923867226 0 -0.382713258
vn -0.923867226 0 -0.382713258
vn -0.923867226 0 -0.382713258
vn 0.382690519 0 -0.923876584
vn 0.382690519 0 -0.923876584
vn 0.382690519 0 -0.923876584
vn 0.382690519 0 -0.923876584
vn 0.382684648 0 0.923879027
vn 0.382684648 0 0.923879027
vn 0.382684648 0 0.923879027
vn 0.382684648 0 0.923879027
vn 0.923849821 0 -0.38275519
vn 0.923849821 0 -0.38275519
vn 0.923849821 0 -0.38275519
vn 0.923849821 0 -0.38275519
vn 0.369244337 -0.262403756 0.891517103
vn 0.369244337 -0.262403756 0.891517103
vn 0.369244337 -0.262403756 0.891517103
vn 0.369244337 -0.262403756 0.891517103
vn -0 1 0
vn -0 1 0
vn -0 1 0
vn -0 1 0
vn -0 1 0
vn -0 1 0
vn -0 1 0
vn -0 1 0
vn 0.923847079 0.00892050937 0.382657975
vn 0.923847079 0.00892050937 0.382657975
vn 0.923847079 0.00892050937 0.382657975
vn 0.923847079 0.00892050937 0.382657975
vn -0 1 0
vn -0 1 0
vn -0 1 0
vn -0 1 0
vn -0 1 0
vn -0 1 0
vn -0 1 0
vn -0 1 0
vn -0 1 0
vn -0 1 0
vn -0.80901283 0 0.587790906
vn -0.80901283 0 0.587790906
vn -0.80901283 0 0.587790906
vn -0.80901283 0 0.587790906
vn -0.309015602 0 -0.951057017
vn -0.309015602 0 -0.951057017
vn -0.309015602 0 -0.951057017
vn -0.309015602 0 -0.951057017
vn 1 0 4.91332903E-05
vn 1 0 4.91332903E-05
vn 1 0 4.91332903E-05
vn 1 0 4.91332903E-05
vn -0.308981121 0 0.951068103
vn -0.308981121 0 0.951068103
vn -0.308981121 0 0.951068103
vn -0.308981121 0 0.951068103
vn -0.809038401 0 -0.58775574
vn -0.809038401 0 -0.58775574
vn -0.809038401 0 -0.58775574
vn -0.809038401 0 -0.58775574
vn 0.80898267 0 -0.587832451
vn 0.80898267 0 -0.587832451
vn 0.80898267 0 -0.587832451
vn 0.80898267 0 -0.587832451
vn 0.308993399 0 0.95106411
vn 0.308993399 0 0.95106411
vn 0.308993399 0 0.95106411
vn 0.308993399 0 0.95106411
vn -1 0 -4.66780002E-05
vn -1 0 -4.66780002E-05
vn -1 0 -4.66780002E-05
vn -1 0 -4.66780002E-05
vn 0.309001893 0 -0.951061428
vn 0.309001893 0 -0.951061428
vn 0.309001893 0 -0.951061428
vn 0.309001893 0 -0.951061428
vn 0.809014022 0 0.587789357
vn 0.809014022 0 0.587789357
vn 0.809014022 0 0.587789357
vn 0.809014022 0 0.587789357
vn -0 1 0
vn -0 1 0
vn -0 1 0
vn -0 1 0
vn -0 1 0
vn -0 1 0
vn -0 1 0
vn -0 1 0
vn -0 1 0
vn -0 1 0
vn 0.307817489 0.0880178809 -0.947365403
vn 0.307817489 0.0880178809 -0.947365403
vn 0.307817489 0.0880178809 -0.947365403
vn 0.307817489 0.0880178809 -0.947365403
vn 0.805878162 0.0880320817 0.585500419
vn 0.805878162 0.0880320817 0.585500419
vn 0.805878162 0.0880320817 0.585500419
vn 0.805878162 0.0880320817 0.585500419
vn -0.805838287 0.0880203471 0.585557103
vn -0.805838287 0.0880203471 0.585557103
vn -0.805838287 0.0880203471 0.585557103
vn -0.805838287 0.0880203471 0.585557103
vn -0.30777511 0.0880218074 -0.947378755
vn -0.30777511 0.0880218074 -0.947378755
vn -0.30777511 0.0880218074 -0.947378755
vn -0.30777511 0.0880218074 -0.947378755
vn 0.996117353 0.0880358815 9.44931526E-05
vn 0.996117353 0.0880358815 9.44931526E-05
vn 0.996117353 0.0880358815 9.44931526E-05
vn 0.996117353 0.0880358815 9.44931526E-05
vn -0.307859421 0.088016361 0.947351933
vn -0.307859421 0.088016361 0.947351933
vn -0.307859421 0.088016361 0.947351933
vn -0.307859421 0.088016361 0.947351933
vn -0.805873036 0.0880190805 -0.585509419
vn -0.805873036 0.0880190805 -0.585509419
vn -0.805873036 0.0880190805 -0.585509419
vn -0.805873036 0.0880190805 -0.585509419
vn 0.805847645 0.0880191624 -0.585544288
vn 0.805847645 0.0880191624 -0.585544288
vn 0.805847645 0.0880191624 -0.585544288
vn 0.805847645 0.0880191624 -0.585544288
vn 0.307815641 0.0880232528 0.947365522
vn 0.307815641 0.0880232528 0.947365522
vn 0.307815641 0.0880232528 0.947365522
vn 0.307815641 0.0880232528 0.947365522
vn -0.996117353 0.0880359039 0
vn -0.996117353 0.0880359039 0
vn -0.996117353 0.0880359039 0
vn -0.996117353 0.0880359039 0
vn -0.309050262 -0.000821596826 -0.951045334
vn -0.309050262 -0.000821596826 -0.951045334
vn -0.309050262 -0.000821596826 -0.951045334
vn -0.309050262 -0.000821596826 -0.951045334
vn 0.999999642 -0.00081380544 0
vn 0.999999642 -0.00081380544 0
vn 0.999999642 -0.00081380544 0
vn 0.999999642 -0.00081380544 0
vn -0.309020698 -0.000822153699 0.951054931
vn -0.309020698 -0.000822153699 0.951054931
vn -0.309020698 -0.000822153699 0.951054931
vn -0.309020698 -0.000822153699 0.951054931
vn -0.809032798 -0.000818023633 -0.587762952
vn -0.809032798 -0.000818023633 -0.587762952
vn -0.809032798 -0.000818023633 -0.587762952
vn -0.809032798 -0.000818023633 -0.587762952
vn 0.80900985 -0.000817796797 -0.587794363
vn 0.80900985 -0.000817796797 -0.587794363
vn 0.80900985 -0.000817796797 -0.587794363
vn 0.80900985 -0.000817796797 -0.587794363
vn 0.309037983 -0.000822681002 0.951049328
vn 0.309037983 -0.000822681002 0.951049328
vn 0.309037983 -0.000822681002 0.951049328
vn 0.309037983 -0.000822681002 0.951049328
vn -0.999999642 -0.00081380544 0
vn -0.999999642 -0.00081380544 0
vn -0.999999642 -0.00081380544 0
vn -0.999999642 -0.00081380544 0
vn 0.30903995 -0.000822204922 -0.951048672
vn 0.30903995 -0.000822204922 -0.951048672
vn 0.30903995 -0.000822204922 -0.951048672
vn 0.30903995 -0.000822204922 -0.951048672
vn 0.809001923 -0.00081889407 0.58780551
vn 0.809001923 -0.00081889407 0.58780551
vn 0.809001923 -0.00081889407 0.58780551
vn 0.809001923 -0.00081889407 0.58780551
vn -0.809032917 -0.000820082671 0.587762952
vn -0.809032917 -0.000820082671 0.587762952
vn -0.809032917 -0.000820082671 0.587762952
vn -0.809032917 -0.000820082671 0.587762952
vn -1 0 0
vn -1 0 0
vn -1 0 0
vn -1 0 0
vn 0.500054538 0 -0.865993977
vn 0.500054538 0 -0.865993977
vn 0.500054538 0 -0.865993977
vn 0.500054538 0 -0.865993977
vn 0.500068605 0 0.865985811
vn 0.500068605 0 0.865985811
vn 0.500068605 0 0.865985811
vn 0.500068605 0 0.865985811
vn -0.499892443 0 0.866087496
vn -0.499892443 0 0.866087496
vn -0.499892443 0 0.866087496
vn -0.499892443 0 0.866087496
vn -0.499878317 0 -0.866095603
vn -0.499878317 0 -0.866095603
vn -0.499878317 0 -0.866095603
vn -0.499878317 0 -0.866095603
vn 1 0 0
vn 1 0 0
vn 1 0 0
vn 1 0 0
vn -0 -1 0
vn -0 -1 0
vn -0 -1 0
vn -0 -1 0
vn -0 -1 0
vn -0 -1 0
vn -0 -1 0
vn -0 -1 0
vn -0 -1 0
vn -0 -1 0
vn -0.999813735 0 -0.0193018783
vn -0.999813735 0 -0.0193018783
vn -0.999813735 0 -0.0193018783
vn -0.999813735 0 -0.0193018783
vn 0.516548991 0 -0.856257617
vn 0.516548991 0 -0.856257617
vn 0.516548991 0 -0.856257617
vn 0.516548991 0 -0.856257617
vn 0.483168781 0 0.875527203
vn 0.483168781 0 0.875527203
vn 0.483168781 0 0.875527203
vn 0.483168781 0 0.875527203
vn -0.516595125 0 0.856229782
vn -0.516595125 0 0.856229782
vn -0.516595125 0 0.856229782
vn -0.516595125 0 0.856229782
vn -0.483235031 0 -0.875490725
vn -0.483235031 0 -0.875490725
vn -0.483235031 0 -0.875490725
vn -0.483235031 0 -0.875490725
vn 0.999814689 0 0.0192497317
vn 0.999814689 0 0.0192497317
vn 0.999814689 0 0.0192497317
vn 0.999814689 0 0.0192497317
vn -0.997446537 0 -0.0714167729
vn -0.997446537 0 -0.0714167729
vn -0.997446537 0 -0.0714167729
vn -0.997446537 0 -0.0714167729
vn 0.560515583 0 -0.828143775
vn 0.560515583 0 -0.828143775
vn 0.560515583 0 -0.828143775
vn 0.560515583 0 -0.828143775
vn 0.436866015 0 0.899526596
vn 0.436866015 0 0.899526596
vn 0.436866015 0 0.899526596
vn 0.436866015 0 0.899526596
vn -0.560524285 0 0.828137994
vn -0.560524285 0 0.828137994
vn -0.560524285 0 0.828137994
vn -0.560524285 0 0.828137994
vn -0.436834902 0 -0.899541736
vn -0.436834902 0 -0.899541736
vn -0.436834902 0 -0.899541736
vn -0.436834902 0 -0.899541736
vn 0.997439265 0 0.0715187714
vn 0.997439265 0 0.0715187714
vn 0.997439265 0 0.0715187714
vn 0.997439265 0 0.0715187714
vn -0.86695087 0 -0.498393536
vn -0.86695087 0 -0.498393536
vn -0.86695087 0 -0.498393536
vn -0.86695087 0 -0.498393536
vn 0.86507982 0 -0.501634181
vn 0.86507982 0 -0.501634181
vn 0.86507982 0 -0.501634181
vn 0.86507982 0 -0.501634181
vn 0.00185660506 0 0.999998331
vn 0.00185660506 0 0.999998331
vn 0.00185660506 0 0.999998331
vn 0.00185660506 0 0.999998331
vn -0.86507982 0 0.501634181
vn -0.86507982 0 0.501634181
vn -0.86507982 0 0.501634181
vn -0.86507982 0 0.501634181
vn -0.0018182667 0 -0.999998331
vn -0.0018182667 0 -0.999998331
vn -0.0018182667 0 -0.999998331
vn -0.0018182667 0 -0.999998331
vn 0.86689651 0 0.498488158
vn 0.86689651 0 0.498488158
vn 0.86689651 0 0.498488158
vn 0.86689651 0 0.498488158
vn -1 0 0
vn -1 0 0
vn -1 0 0
vn -1 0 0
vn 0.500068605 0 -0.865985811
vn 0.500068605 0 -0.865985811
vn 0.500068605 0 -0.865985811
vn 0.500068605 0 -0.865985811
vn 0.500054538 0 0.865993977
vn 0.500054538 0 0.865993977
vn 0.500054538 0 0.865993977
vn 0.500054538 0 0.865993977
vn -0.499937028 0 0.866061747
vn -0.499937028 0 0.866061747
vn -0.499937028 0 0.866061747
vn -0.499937028 0 0.866061747
vn -0.499951124 0 -0.866053581
vn -0.499951124 0 -0.866053581
vn -0.499951124 0 -0.866053581
vn -0.499951124 0 -0.866053581
vn 1 0 0
vn 1 0 0
vn 1 0 0
vn 1 0 0
vn -1 0 0
vn -1 0 0
vn -1 0 0
vn -1 0 0
vn 0.500054538 0 -0.865993977
vn 0.500054538 0 -0.865993977
vn 0.500054538 0 -0.865993977
vn 0.500054538 0 -0.865993977
vn 0.500068605 0 0.865985811
vn 0.500068605 0 0.865985811
vn 0.500068605 0 0.865985811
vn 0.500068605 0 0.865985811
vn -0.499951124 0 0.866053581
vn -0.499951124 0 0.866053581
vn -0.499951124 0 0.866053581
vn -0.499951124 0 0.866053581
vn -0.499937028 0 -0.866061747
vn -0.499937028 0 -0.866061747
vn -0.499937028 0 -0.866061747
vn -0.499937028 0 -0.866061747
vn 1 0 0
vn 1 0 0
vn 1 0 0
vn 1 0 0
vn -1 0 0
vn -1 0 0
vn -1 0 0
vn -1 0 0
vn 0.500054538 0 -0.865993977
vn 0.500054538 0 -0.865993977
vn 0.500054538 0 -0.865993977
vn 0.500054538 0 -0.865993977
vn 0.500054538 0 0.865993977
vn 0.500054538 0 0.865993977
vn 0.500054538 0 0.865993977
vn 0.500054538 0 0.865993977
vn -0.499937028 0 0.866061747
vn -0.499937028 0 0.866061747
vn -0.499937028 0 0.866061747
vn -0.499937028 0 0.866061747
vn -0.499937028 0 -0.866061747
vn -0.499937028 0 -0.866061747
vn -0.499937028 0 -0.866061747
vn -0.499937028 0 -0.866061747
vn 1 0 0
vn 1 0 0
vn 1 0 0
vn 1 0 0
vn -1 0 0
vn -1 0 0
vn -1 0 0
vn -1 0 0
vn 0.499937028 0 -0.866061747
vn 0.499937028 0 -0.866061747
vn 0.499937028 0 -0.866061747
vn 0.499937028 0 -0.866061747
vn 0.499937028 0 0.866061747
vn 0.499937028 0 0.866061747
vn 0.499937028 0 0.866061747
vn 0.499937028 0 0.866061747
vn -0.499995708 0 0.866027832
vn -0.499995708 0 0.866027832
vn -0.499995708 0 0.866027832
vn -0.499995708 0 0.866027832
vn -0.499995708 0 -0.866027832
vn -0.499995708 0 -0.866027832
vn -0.499995708 0 -0.866027832
vn -0.499995708 0 -0.866027832
vn 1 0 0
vn 1 0 0
vn 1 0 0
vn 1 0 0
vn -1 0 0
vn -1 0 0
vn -1 0 0
vn -1 0 0
vn 0.499937028 0 -0.866061747
vn 0.499937028 0 -0.866061747
vn 0.499937028 0 -0.866061747
vn 0.499937028 0 -0.866061747
vn 0.499937028 0 0.866061747
vn 0.499937028 0 0.866061747
vn 0.499937028 0 0.866061747
vn 0.499937028 0 0.866061747
vn -0.499995708 0 0.866027832
vn -0.499995708 0 0.866027832
vn -0.499995708 0 0.866027832
vn -0.499995708 0 0.866027832
vn -0.499995708 0 -0.866027832
vn -0.499995708 0 -0.866027832
vn -0.499995708 0 -0.866027832
vn -0.499995708 0 -0.866027832
vn 1 0 0
vn 1 0 0
vn 1 0 0
vn 1 0 0
vn -1 0 0
vn -1 0 0
vn -1 0 0
vn -1 0 0
vn 0.500054538 0 -0.865993977
vn 0.500054538 0 -0.865993977
vn 0.500054538 0 -0.865993977
vn 0.500054538 0 -0.865993977
vn 0.500054538 0 0.865993977
vn 0.500054538 0 0.865993977
vn 0.500054538 0 0.865993977
vn 0.500054538 0 0.865993977
vn -0.499937028 0 0.866061747
vn -0.499937028 0 0.866061747
vn -0.499937028 0 0.866061747
vn -0.499937028 0 0.866061747
vn -0.499937028 0 -0.866061747
vn -0.499937028 0 -0.866061747
vn -0.499937028 0 -0.866061747
vn -0.499937028 0 -0.866061747
vn 1 0 0
vn 1 0 0
vn 1 0 0
vn 1 0 0
vn -1 0 0
vn -1 0 0
vn -1 0 0
vn -1 0 0
vn 0.500054538 0 -0.865993977
vn 0.500054538 0 -0.865993977
vn 0.500054538 0 -0.865993977
vn 0.500054538 0 -0.865993977
vn 0.500054538 0 0.865993977
vn 0.500054538 0 0.865993977
vn 0.500054538 0 0.865993977
vn 0.500054538 0 0.865993977
vn -0.499995708 0 0.866027832
vn -0.499995708 0 0.866027832
vn -0.499995708 0 0.866027832
vn -0.499995708 0 0.866027832
vn -0.499995708 0 -0.866027832
vn -0.499995708 0 -0.866027832
vn -0.499995708 0 -0.866027832
vn -0.499995708 0 -0.866027832
vn 1 0 0
vn 1 0 0
vn 1 0 0
vn 1 0 0
vn -0.83435601 0 0.55122602
vn -0.83435601 0 0.55122602
vn -0.83435601 0 0.55122602
vn -0.83435601 0 0.55122602
vn 1 0 0
vn 1 0 0
vn 1 0 0
vn 1 0 0
vn -0.539023578 0 -0.84229058
vn -0.539023578 0 -0.84229058
vn -0.539023578 0 -0.84229058
vn -0.539023578 0 -0.84229058
vn 0.169391438 0 -0.985548794
vn 0.169391438 0 -0.985548794
vn 0.169391438 0 -0.985548794
vn 0.169391438 0 -0.985548794
vn -0.979257107 0 -0.202621743
vn -0.979257107 0 -0.202621743
vn -0.979257107 0 -0.202621743
vn -0.979257107 0 -0.202621743
vn -0.941736042 0 -0.336352915
vn -0.941736042 0 -0.336352915
vn -0.941736042 0 -0.336352915
vn -0.941736042 0 -0.336352915
vn -0.642228246 0 -0.766513407
vn -0.642228246 0 -0.766513407
vn -0.642228246 0 -0.766513407
vn -0.642228246 0 -0.766513407
vn -0 0 -1
vn -0 0 -1
vn -0 0 -1
vn -0 0 -1
vn -0.433758438 0 -0.901029229
vn -0.433758438 0 -0.901029229
vn -0.433758438 0 -0.901029229
vn -0.433758438 0 -0.901029229
vn 1 0 0
vn 1 0 0
vn 1 0 0
vn 1 0 0
vn -0.169940785 0 -0.985454202
vn -0.169940785 0 -0.985454202
vn -0.169940785 0 -0.985454202
vn -0.169940785 0 -0.985454202
vn 0.866660058 0 -0.498899132
vn 0.866660058 0 -0.498899132
vn 0.866660058 0 -0.498899132
vn 0.866660058 0 -0.498899132
vn -0.853076994 0 0.52178508
vn -0.853076994 0 0.52178508
vn -0.853076994 0 0.52178508
vn -0.853076994 0 0.52178508
vn 0.168407038 0 -0.985717535
vn 0.168407038 0 -0.985717535
vn 0.168407038 0 -0.985717535
vn 0.168407038 0 -0.985717535
vn -0.559333026 0 -0.828943014
vn -0.559333026 0 -0.828943014
vn -0.559333026 0 -0.828943014
vn -0.559333026 0 -0.828943014
vn -0.61131525 0 -0.7913872
vn -0.61131525 0 -0.7913872
vn -0.61131525 0 -0.7913872
vn -0.61131525 0 -0.7913872
vn 0.844755828 0 -0.535151899
vn 0.844755828 0 -0.535151899
vn 0.844755828 0 -0.535151899
vn 0.844755828 0 -0.535151899
vn 0.834885657 0 -0.550423384
vn 0.834885657 0 -0.550423384
vn 0.834885657 0 -0.550423384
vn 0.834885657 0 -0.550423384
vn -0.834923208 0 -0.550366342
vn -0.834923208 0 -0.550366342
vn -0.834923208 0 -0.550366342
vn -0.834923208 0 -0.550366342
vn 0.554162979 0 0.832408249
vn 0.554162979 0 0.832408249
vn 0.554162979 0 0.832408249
vn 0.554162979 0 0.832408249
vn -0.52771759 0 -0.849419832
vn -0.52771759 0 -0.849419832
vn -0.52771759 0 -0.849419832
vn -0.52771759 0 -0.849419832
vn -0.180620551 0 0.983552814
vn -0.180620462 0 0.983552814
vn -0.180620462 0 0.983552814
vn -0.180620462 0 0.983552814
vn -0.180620372 0 0.983552814
vn -0.173778921 -0.00348652015 0.984778464
vn -0.173778787 -0.00349130435 0.984778583
vn -0.187779084 0 0.982211292
vn -0.187779084 0 0.982211292
vn 0.84229207 0 -0.539021492
vn 0.84229207 0 -0.539021492
vn 0.84229207 0 -0.539021492
vn 0.84229207 0 -0.539021492
vn 0.982103884 0 0.188340113
vn 0.982103884 0 0.188340113
vn 0.982103884 0 0.188340113
vn 0.982103884 0 0.188340113
vn -0.539023578 0 -0.842290699
vn -0.539023578 0 -0.842290699
vn -0.539023578 0 -0.842290699
vn -0.539023578 0 -0.842290699
vn 0.85648191 0 -0.516177177
vn 0.85648191 0 -0.516177177
vn 0.85648191 0 -0.516177177
vn 0.85648191 0 -0.516177177
vn 0.978738248 0 0.205112934
vn 0.978738248 0 0.205112934
vn 0.978738248 0 0.205112934
vn 0.978738248 0 0.205112934
vn 0.978738368 0 0.205112338
vn 0.974810958 0 0.223032892
vn 0.974816382 0 0.223009169
vn 0.980348766 0 0.197272405
vn 0.979978144 0 0.19910489
vn -0.84228611 0 0.539030731
vn -0.84228611 0 0.539030731
vn -0.84228611 0 0.539030731
vn -0.84228611 0 0.539030731
vn 0.180326626 0 -0.983606815
vn 0.180326626 0 -0.983606815
vn 0.180326626 0 -0.983606815
vn 0.180326626 0 -0.983606815
vn 0.180326626 0 -0.983606815
vn -0 1 0
vn -0 1 0
vn -0 1 0
vn -0 1 0
vn 0.245906055 0 -0.969293714
vn 0.245906055 0 -0.969293714
vn 0.245906055 0 -0.969293714
vn 0.245906055 0 -0.969293714
vn -0 1 0
vn -0 1 0
vn -0 1 0
vn -0 1 0
vn -0 1 0
vn -0 1 0
vn -0 1 0
vn -0 1 0
vn -0 1 0
vn -0 1 0
vn -0 1 0
vn -0 1 0
vn -0 1 0
vn 0.970098555 0 0.242711291
vn 0.970098555 0 0.242711291
vn 0.970098555 0 0.242711291
vn 0.970098555 0 0.242711291
vn -0.856483817 0 0.516173899
vn -0.856483817 0 0.516173899
vn -0.856483817 0 0.516173899
vn -0.856483817 0 0.516173899
vn 0.834357381 0 -0.551223814
vn 0.834357381 0 -0.551223814
vn 0.834357381 0 -0.551223814
vn 0.834357381 0 -0.551223814
vn -0.527466536 0 -0.849575818
vn -0.527466536 0 -0.849575818
vn -0.527466536 0 -0.849575818
vn -0.527466536 0 -0.849575818
vn 0.836241186 0 -0.548361838
vn 0.836241186 0 -0.548361838
vn 0.836241186 0 -0.548361838
vn 0.836241186 0 -0.548361838
vn -0.52771771 0 -0.849419832
vn -0.52771771 0 -0.849419832
vn -0.52771771 0 -0.849419832
vn -0.52771771 0 -0.849419832
vn 0.527462542 0 0.849578202
vn 0.527462542 0 0.849578202
vn 0.527462542 0 0.849578202
vn 0.527462542 0 0.849578202
vn 0.180625528 0 -0.983551919
vn 0.180625528 0 -0.983551919
vn 0.180625528 0 -0.983551919
vn 0.180625528 0 -0.983551919
vn -0 0 1
vn -0 0 1
vn -0 0 1
vn -0 0 1
vn -0.970098555 0 -0.242711484
vn -0.970098555 0 -0.242711484
vn -0.970098555 0 -0.242711484
vn -0.970098555 0 -0.242711484
vn -0.554161727 0 -0.832409024
vn -0.554161727 0 -0.832409024
vn -0.554161727 0 -0.832409024
vn -0.554161727 0 -0.832409024
vn 0.979259133 0 0.202611849
vn 0.979259133 0 0.202611849
vn 0.979259133 0 0.202611849
vn 0.979259133 0 0.202611849
vn 0.196572155 0 -0.980489373
vn 0.196572155 0 -0.980489373
vn 0.196572155 0 -0.980489373
vn 0.196572155 0 -0.980489373
vn 0.83624053 0 -0.548362911
vn 0.83624053 0 -0.548362911
vn 0.83624053 0 -0.548362911
vn 0.83624053 0 -0.548362911
vn -0.180327967 0 0.983606577
vn -0.180327967 0 0.983606577
vn -0.180327967 0 0.983606577
vn -0.180327967 0 0.983606577
vn -0.978738844 0 -0.205110267
vn -0.978738844 0 -0.205110267
vn -0.978738844 0 -0.205110267
vn -0.978738844 0 -0.205110267
vn 0.527467072 0 0.84957546
vn 0.527467072 0 0.84957546
vn 0.527467072 0 0.84957546
vn 0.527467072 0 0.84957546
vn -0.196571186 0 0.980489552
vn -0.196571186 0 0.980489552
vn -0.196571186 0 0.980489552
vn -0.196571186 0 0.980489552
vn -0.169382021 0 0.985550523
vn -0.169382021 0 0.985550523
vn -0.169382021 0 0.985550523
vn -0.169382021 0 0.985550523
vn -0.539025903 0 -0.84228915
vn -0.539025903 0 -0.84228915
vn -0.539025903 0 -0.84228915
vn -0.539025903 0 -0.84228915
vn 0.539031327 0 0.842285693
vn 0.539031327 0 0.842285693
vn 0.539031327 0 0.842285693
vn 0.539031327 0 0.842285693
vn -0 0 -1
vn -0 0 -1
vn -0 0 -1
vn -0 0 -1
vn 0.941755593 0 0.336297989
vn 0.941755593 0 0.336297989
vn 0.941755593 0 0.336297989
vn 0.941755593 0 0.336297989
vn -0 -1 0
vn -0 -1 0
vn -0 -1 0
vn -0 -1 0
vn -0 1 0
vn -0 1 0
vn -0 1 0
vn -0 1 0
vn -0 1 0
vn -0 1 0
vn -0 1 0
vn -0 1 0
vn -0 1 0
vn -0 1 0
vn -0 1 0
vn -0 1 0
vn -0 1 0
vn -0 1 0
vn -0 1 0
vn -0 1 0
vn -0 1 0
vn -0 1 0
vn -0 1 0
vn -0 1 0
vn -0 1 0
vn -0 1 0
vn -0 1 0
vn -0 1 0
vn -0 1 0
vn -0 1 0
vn -0 1 0
vn -0 1 0
vn -0 1 0
vn -0 1 0
vn -0 1 0
vn -0 1 0
vn -0 1 0
vn -0 1 0
vn -0 1 0
vn -0 1 0
vn -0 1 0
vn -0 1 0
vn -0 1 0
vn -0 1 0
vn -0 1 0
vn -0 1 0
vn -0 1 0
vn -0 1 0
vn -0 1 0
vn -0 1 0
vn -0 1 0
vn -0 1 0
vn -0 1 0
vn -0 1 0
vn -0 1 0
vn -0 1 0
vn -0 1 0
vn -0 1 0
vn -0 1 0
vn -0 1 0
vn -0 1 0
vn -0 1 0
vn -0 1 0
vn -0 1 0
vn -0 1 0
vn -0 1 0
vn -0 1 0
vn -0 1 0
vn -0 1 0
vn -0 1 0
vn -0 1 0
vn -0 1 0
vn -0 1 0
vn -0 1 0
vn -0 1 0
vn -0 1 0
vn -0 1 0
vn -0 1 0
vn -0 1 0
vn -0 1 0
vn -0 1 0
vn -0 1 0
vn -0 1 0
vn -0 1 0
vn -0 1 0
vn -0 1 0
vn -0 1 0
vn -0 1 0
vn -0 1 0
vn -0 1 0
vn -0 1 0
vn -0 1 0
vn -0 1 0
vn -0 1 0
vn -0 1 0
vn -0 1 0
vn -0 1 0
vn -0 1 0
vn -0 1 0
vn -0 1 0
vn -0 1 0
vn -0 1 0
vn -0 1 0
vn -0 1 0
vn -0 1 0
vn -0 1 0
vn -0 1 0
vn -0 1 0
vn -0 1 0
vn -0 1 0
vn -0 1 0
vn -0 1 0
vn -0 1 0
vn -0 1 0
vn -0 1 0
vn -0 1 0
vn -0 1 0
vn -0 1 0
vn -0 1 0
vn -0 1 0
vn -0 1 0
vn -0 1 0
vn -0 1 0
vn -0 1 0
vn -0 1 0
vn -0.834884226 0 0.550425589
vn -0.834884226 0 0.550425589
vn -0.834884226 0 0.550425589
vn -0.834884226 0 0.550425589
vn 0.834921241 0 0.550369442
vn 0.834921241 0 0.550369442
vn 0.834921241 0 0.550369442
vn 0.834921241 0 0.550369442
vn 0.539023459 0 0.842290759
vn 0.539023459 0 0.842290759
vn 0.539023459 0 0.842290759
vn 0.539023459 0 0.842290759
vn -0.842292726 0 0.539020419
vn -0.842292726 0 0.539020419
vn -0.842292726 0 0.539020419
vn -0.842292726 0 0.539020419
vn -0.844758213 0 0.535148084
vn -0.844758213 0 0.535148084
vn -0.844758213 0 0.535148084
vn -0.844758213 0 0.535148084
vn -0.982104242 0 -0.188338235
vn -0.982104242 0 -0.188338235
vn -0.982104242 0 -0.188338235
vn -0.982104242 0 -0.188338235
vn 0.842292726 0 -0.539020419
vn 0.842292726 0 -0.539020419
vn 0.842292726 0 -0.539020419
vn 0.842292726 0 -0.539020419
vn 0.559335649 0 0.828941286
vn 0.559335649 0 0.828941286
vn 0.559335649 0 0.828941286
vn 0.559335649 0 0.828941286
vn 0.611314297 0 0.791387975
vn 0.611314297 0 0.791387975
vn 0.611314297 0 0.791387975
vn 0.611314297 0 0.791387975
vn 0.853076756 0 -0.521785557
vn 0.853076756 0 -0.521785557
vn 0.853076756 0 -0.521785557
vn 0.853076756 0 -0.521785557
vn -0.168404251 0 0.985718012
vn -0.168404251 0 0.985718012
vn -0.168404251 0 0.985718012
vn -0.168404251 0 0.985718012
vn 0.169950858 0 0.985452592
vn 0.169950858 0 0.985452592
vn 0.169950858 0 0.985452592
vn 0.169950858 0 0.985452592
vn -0.866663992 0 0.498892218
vn -0.866663992 0 0.498892218
vn -0.866663992 0 0.498892218
vn -0.866663992 0 0.498892218
vn 0.433746994 0 0.901034713
vn 0.433746994 0 0.901034713
vn 0.433746994 0 0.901034713
vn 0.433746994 0 0.901034713
vn -1 0 0
vn -1 0 0
vn -1 0 0
vn -1 0 0
vn 0.64222765 0 0.766513944
vn 0.64222765 0 0.766513944
vn 0.64222765 0 0.766513944
vn 0.64222765 0 0.766513944
vn -0.245903239 0 0.969294369
vn -0.245903239 0 0.969294369
vn -0.245903239 0 0.969294369
vn -0.245903239 0 0.969294369
vn 0.539013386 0 0.842297196
vn 0.539013386 0 0.842297196
vn 0.539013386 0 0.842297196
vn 0.539013386 0 0.842297196
vn -0 1 0
vn -0 1 0
vn -0 1 0
vn -0 1 0
vn -0 1 0
vn -0 1 0
vn -1.06067037E-05 1 0
vn -1.06067037E-05 1 0
vn -1.06067037E-05 1 0
vn -1.06067037E-05 1 0
vn -0 1 0
vn -0 1 0
vn -0 1 0
vn -0 1 0
vn -0 1 0
vn -0 1 0
vn 0.527723253 0 0.849416435
vn 0.527723253 0 0.849416435
vn 0.527723253 0 0.849416435
vn 0.527723253 0 0.849416435
vn -0.836241364 0 0.54836148
vn -0.836241364 0 0.54836148
vn -0.836241364 0 0.54836148
vn -0.836241364 0 0.54836148
vn 0.834356546 0 -0.551225185
vn 0.834356546 0 -0.551225185
vn 0.834356546 0 -0.551225185
vn 0.834356546 0 -0.551225185
vn -0.197894692 0 0.980223298
vn -0.197894692 0 0.980223298
vn -0.197894692 0 0.980223298
vn -0.197894692 0 0.980223298
vn -0 1 0
vn -0 1 0
vn -0 1 0
vn -0 1 0
vn 0.570641279 0 0.821199417
vn 0.570641279 0 0.821199417
vn 0.570641279 0 0.821199417
vn 0.570641279 0 0.821199417
vn -0.205175057 0 0.978725255
vn -0.205175057 0 0.978725255
vn -0.205175057 0 0.978725255
vn -0.205175057 0 0.978725255
vn -0 1 0
vn -0 1 0
vn -0 1 0
vn -0 1 0
vn -0.20517391 0 0.978725553
vn -0.20517391 0 0.978725553
vn -0.20517391 0 0.978725553
vn -0.20517391 0 0.978725553
vn -0.205177024 0 0.978724897
vn -0.205177024 0 0.978724897
vn -0.205177024 0 0.978724897
vn -0.205177024 0 0.978724897
vn -0.205154195 0 0.978729546
vn -0.205154195 0 0.978729546
vn -0.20517607 0 0.978725135
vn -0.20517607 0 0.978725135
vn -0.20517607 0 0.978725135
vn -0.205177575 0 0.978724778
vn -0.205177575 0 0.978724778
vn -0.2051768 0 0.978724897
vn -0.2051768 0 0.978724897
vn -0.205152988 0 0.978729904
vn -0.205158129 0 0.97872889
vn -0.205154195 0 0.978729546
vn -0.205154195 0 0.978729546
vn -0.205174059 0 0.978725493
vn -0.205174059 0 0.978725493
vn -0.205153897 0 0.978729665
vn -0.205153897 0 0.978729665
vn -0.205152959 0 0.978729904
vn -0.205178201 0 0.978724539
vn -0.205178201 0 0.978724539
vn -0.205152959 0 0.978729904
vn -0 -1 0
vn -0 -1 0
vn -0 -1 0
vn -0 -1 0
vn -0.205175102 0 0.978725255
vn -0.205175102 0 0.978725255
vn -0.205175102 0 0.978725255
vn -0.205175102 0 0.978725255
vn -0.205173776 0 0.978725553
vn -0.205173776 0 0.978725553
vn -0.205173776 0 0.978725553
vn -0.205173776 0 0.978725553
vn -0 1 0
vn -0 1 0
vn -0 1 0
vn -0 1 0
vn -0.978725255 0 -0.205175146
vn -0.978725255 0 -0.205175146
vn -0.978725255 0 -0.205175146
vn -0.978725255 0 -0.205175146
vn -0.978725255 0 -0.205175489
vn -0.978725255 0 -0.205175489
vn -0.978725255 0 -0.205175146
vn -0.978725255 0 -0.205175146
vn -0.978725493 0 -0.205174372
vn -0.978725493 0 -0.205174372
vn -0.978725493 0 -0.205174372
vn -0.978725493 0 -0.205174372
vn -0.978725255 0 -0.205175161
vn -0.978725255 0 -0.205175161
vn 0.978725255 0 0.205175146
vn 0.978725255 0 0.205175146
vn 0.978725255 0 0.205175146
vn 0.978725255 0 0.205175146
vn 0.978725493 0 0.205174059
vn 0.978725493 0 0.205174059
vn 0.978725255 0 0.205175146
vn 0.978725255 0 0.205175146
vn 0.978725493 0 0.205174372
vn 0.978725493 0 0.205174372
vn 0.978725493 0 0.205174372
vn 0.978725493 0 0.205174372
vn 0.978725255 0 0.205175161
vn 0.978725255 0 0.205175161
vn 0.205173925 0 -0.978725553
vn 0.205173925 0 -0.978725553
vn 0.205173925 0 -0.978725553
vn 0.205173925 0 -0.978725553
vn 0.205174029 0 -0.978725493
vn 0.205174029 0 -0.978725493
vn 0.205173939 0 -0.978725493
vn 0.205173939 0 -0.978725493
vn 0.20517385 0 -0.978725553
vn 0.20517385 0 -0.978725553
vn 0.20517385 0 -0.978725553
vn 0.20517385 0 -0.978725553
vn 0.205174699 0 -0.978725374
vn 0.205174699 0 -0.978725374
vn 0.205174699 0 -0.978725374
vn 0.205174699 0 -0.978725374
vn 0.205174997 0 -0.978725374
vn 0.205174997 0 -0.978725374
vn 0.205174685 0 -0.978725374
vn 0.205174685 0 -0.978725374
vn 0.20517458 0 -0.978725374
vn 0.20517458 0 -0.978725374
vn 0.205174655 0 -0.978725374
vn 0.205174655 0 -0.978725374
vn 0.205174655 0 -0.978725374
vn 0.205174655 0 -0.978725374
vn 0.205175519 0 -0.978725255
vn 0.205175519 0 -0.978725255
vn 0.205175519 0 -0.978725255
vn 0.205175519 0 -0.978725255
vn 0.205175549 0 -0.978725135
vn 0.205175549 0 -0.978725135
vn 0.205175459 0 -0.978725255
vn 0.205175459 0 -0.978725255
vn 0.205175534 0 -0.978725255
vn 0.205175534 0 -0.978725255
vn 0.205175534 0 -0.978725255
vn 0.205175534 0 -0.978725255
vn -0.205175132 0 0.978725255
vn -0.205175132 0 0.978725255
vn -0.205175132 0 0.978725255
vn -0.205175132 0 0.978725255
vn -0.205173403 0 0.978725672
vn -0.205173403 0 0.978725672
vn -0.205173403 0 0.978725672
vn -0.205173403 0 0.978725672
vn 0.978725672 0 0.205173105
vn 0.978725672 0 0.205173105
vn 0.978725672 0 0.205173105
vn 0.978725672 0 0.205173105
vn -0.978726923 0 -0.205167055
vn -0.978726923 0 -0.205167055
vn -0.978726923 0 -0.205167055
vn -0.978725493 0 -0.205174118
vn -0.978725493 0 -0.205174118
vn -0.978725493 0 -0.205174118
vn -0.978725493 0 -0.205174044
vn -0.978725493 0 -0.205174044
vn -0.978725791 0 -0.205172673
vn -0.978725791 0 -0.205172673
vn -0.978726506 0 -0.205169469
vn -0.978725493 0 -0.205174476
vn -0.978725791 0 -0.205172524
vn -0.978725493 0 -0.205174476
vn -0.978725493 0 -0.205174237
vn -0.978725493 0 -0.205174237
vn -0.978725493 0 -0.205174237
vn -0.978725493 0 -0.205174237
vn 0.978725135 0 0.205175832
vn 0.978725374 0 0.205174923
vn 0.978725374 0 0.205174923
vn 0.978725135 0 0.205175832
vn 0.978725135 0 0.205175832
vn 0.978728235 0 0.205161422
vn 0.978725135 0 0.205175608
vn 0.978725135 0 0.205175608
vn 0.978725135 0 0.205175608
vn 0.978725135 0 0.205175608
vn 0.205175504 0 -0.978725255
vn 0.205175504 0 -0.978725255
vn 0.205175504 0 -0.978725255
vn 0.205175504 0 -0.978725255
vn 0.205175161 0 -0.978725255
vn 0.205175161 0 -0.978725255
vn 0.978725374 0 0.205174729
vn 0.978725374 0 0.205174729
vn 0.978725374 0 0.205174729
vn 0.978725374 0 0.205174729
vn -0 -1 0
vn -0 -1 0
vn -0 -1 0
vn -0 -1 0
vn 0.978725493 0 0.205174401
vn 0.978725493 0 0.205174401
vn 0.978725493 0 0.205174401
vn 0.978725493 0 0.205174401
vn -0.978725672 0 -0.205172986
vn -0.978725672 0 -0.205172986
vn -0.978725672 0 -0.205172986
vn -0.978725672 0 -0.205172986
vn -0.205174342 1.98106281E-05 0.978725493
vn -0.205174342 1.98106281E-05 0.978725493
vn -0.205174342 1.98106281E-05 0.978725493
vn -0.205174342 1.98106281E-05 0.978725493
vn 0.205189884 0 -0.978722155
vn 0.205189884 0 -0.978722155
vn 0.205189884 0 -0.978722155
vn 0.205174342 0 -0.978725493
vn 0.205174342 0 -0.978725493
vn -0 -1 0
vn -0 -1 0
vn -0 -1 0
vn -0 -1 0
vn 0.978725493 0 0.205173939
vn 0.978725493 0 0.205173939
vn 0.978725493 0 0.205173939
vn 0.978725493 0 0.205173939
vn -0.978725493 0 -0.205173939
vn -0.978725493 0 -0.205173939
vn -0.978725493 0 -0.205173939
vn -0.978725493 0 -0.205173939
vn -0.205172673 0 0.978725791
vn -0.205172673 0 0.978725791
vn -0.205172673 0 0.978725791
vn -0.205172673 0 0.978725791
vn -0 1 0
vn -0 1 0
vn -0 1 0
vn -0 1 0
vn -0.19050473 0.371394008 0.908721268
vn -0.19050473 0.371394008 0.908721268
vn -0.19050473 0.371394008 0.908721268
vn -0.19050473 0.371394008 0.908721268
vn -0.417463869 0.90446949 -0.0875148252
vn -0.417463869 0.90446949 -0.0875148252
vn -0.417463869 0.90446949 -0.0875148252
vn -0.417463869 0.90446949 -0.0875148252
vn -0 1 0
vn -0 1 0
vn -0 1 0
vn -0 1 0
vn 0.19048965 0.371436656 -0.908707023
vn 0.19048965 0.371436656 -0.908707023
vn 0.19048965 0.371436656 -0.908707023
vn 0.19048965 0.371436656 -0.908707023
vn -0.205177486 0 0.978724778
vn -0.205177486 0 0.978724778
vn -0.205177486 0 0.978724778
vn -0.205177486 0 0.978724778
vn 0.978725374 0 0.205175027
vn 0.978725374 0 0.205175027
vn 0.978725374 0 0.205175027
vn 0.978725374 0 0.205175027
vn 0.205166712 0 -0.978726923
vn 0.205166712 0 -0.978726923
vn 0.205166712 0 -0.978726923
vn 0.205166712 0 -0.978726923
vn -0.978724301 0 -0.205179423
vn -0.978724301 0 -0.205179423
vn -0.978724301 0 -0.205179423
vn -0.978724301 0 -0.205179423
vn -0 1 0
vn -0 1 0
vn -0 1 0
vn -0 1 0
vn -0.205174655 0 0.978725374
vn -0.205174655 0 0.978725374
vn -0.205174655 0 0.978725374
vn -0.205174655 0 0.978725374
vn -0 1 0
vn -0 1 0
vn -0 1 0
vn -0 1 0
vn -0 1 0
vn -0 1 0
vn -0 1 0
vn -0.978725672 0 -0.205173403
vn -0.978725672 0 -0.205173403
vn -0.978725672 0 -0.205173403
vn -0.978725672 0 -0.205173403
vn -0.978726506 0 -0.20516929
vn -0.978726506 0 -0.20516929
vn 0.205174327 0 -0.978725493
vn 0.205174327 0 -0.978725493
vn 0.205174327 0 -0.978725493
vn 0.205174327 0 -0.978725493
vn 0.417462468 0.904470265 0.0875145271
vn 0.417462468 0.904470265 0.0875145271
vn 0.417462468 0.904470265 0.0875145271
vn 0.417462468 0.904470265 0.0875145271
vn 0.190596282 -0.00514987065 -0.981655002
vn 0.190596282 -0.00514987065 -0.981655002
vn 0.190596282 -0.00514987065 -0.981655002
vn 0.190596282 -0.00514987065 -0.981655002
vn 0.190979362 -0.00102313026 -0.981593549
vn 0.190979362 -0.00102313026 -0.981593549
vn 0.170636415 0 -0.985334039
vn 0.170636415 0 -0.985334039
vn 0.170636415 0 -0.985334039
vn -0 1 0
vn -0 1 0
vn -0 1 0
vn -0 1 0
vn -0 1 0
vn -0 1 0
vn -0 1 0
vn -0 1 0
vn -0 1 0
vn -0 1 0
vn -0.190984204 0 0.981593072
vn -0.190962002 0 0.981597424
vn -0.190962002 0 0.981597424
vn -0.190984204 0 0.981593072
vn -0.190918595 0 0.981605828
vn -0.190984204 0 0.981593072
vn -0.19092004 0 0.981605589
vn -0.190984204 0 0.981593072
vn -0.190984502 0 0.981593072
vn -0.190984204 0 0.981593072
vn -0.19092004 0 0.981605589
vn -0.19092004 0 0.981605589
vn -0.190984204 0 0.981593072
vn -0.190984502 0 0.981593072
vn -0.190921381 0 0.981605351
vn -0.190964177 -1.27200938E-05 0.981596947
vn -0.190964177 -1.27200938E-05 0.981596947
vn -0.190921381 0 0.981605351
vn -0.190930277 0 0.981603622
vn -0.190930277 0 0.981603622
vn -0.190983132 0 0.981593311
vn -0.190985069 0 0.981592953
vn -0.19098112 0 0.981593788
vn -0.190930277 0 0.981603622
vn -0.190984383 0 0.981593072
vn -0.190915182 0 0.981606483
vn -0.190985307 0 0.981592834
vn -0.190919459 0 0.981605709
vn -0.190985307 0 0.981592834
vn -0.190975323 0 0.98159492
vn -0.190975323 0 0.98159492
vn -0.190919459 0 0.981605709
vn -0.190975323 0 0.98159492
vn -0.190923139 0 0.981604993
vn -0.190923139 0 0.981604993
vn -0.190975323 0 0.98159492
vn -0.190984383 0 0.981593072
vn -0.190975472 0 0.981594801
vn -0.190975472 0 0.981594801
vn -0.190923139 0 0.981604993
vn -0.190921426 0 0.981605351
vn -0.190921426 0 0.981605351
vn -0.190975472 0 0.981594801
vn -0.190986052 1.42888257E-05 0.981592715
vn -0.190975472 0 0.981594801
vn -0.19096595 0 0.981596649
vn -0.190983534 0 0.981593192
vn -0 1 0
vn -0 1 0
vn -0 1 0
vn -0 1 0
vn -0 1 0
vn -0 1 0
vn -0 1 0
vn -0 1 0
vn -0 1 0
vn -0.993292928 0 -0.11562553
vn -0.993292928 0 -0.11562553
vn -0.993292928 0 -0.11562553
vn -0.993292928 0 -0.11562553
vn -0.993292809 0 -0.11562635
vn -0.993292809 0 -0.11562635
vn -0.993293405 0 -0.115621619
vn -0.993292689 0 -0.115627013
vn -0.99329257 0 -0.115628168
vn -0.99329257 0 -0.115628168
vn -0.99329412 0 -0.115614742
vn -0.993293881 0 -0.115617633
vn -0.993293405 0 -0.115621619
vn -0.993293405 0 -0.115621619
vn -0.993293405 0 -0.115621619
vn 0.11562296 0 -0.993293166
vn 0.11562296 0 -0.993293166
vn 0.11562296 0 -0.993293166
vn 0.11562296 0 -0.993293166
vn 0.115620382 0 -0.993293524
vn 0.115620382 0 -0.993293524
vn 0.115620382 0 -0.993293524
vn 0.115620971 0 -0.993293405
vn 0.115620971 0 -0.993293405
vn 0.993292928 0 0.115624711
vn 0.993292928 0 0.115624711
vn 0.993292928 0 0.115624711
vn 0.993292928 0 0.115624711
vn -0 -1 0
vn -0 -1 0
vn -0 -1 0
vn -0 -1 0
vn -0.190976739 0 0.981594563
vn -0.190978959 0 0.981594086
vn -0.190978959 0 0.981594086
vn -0.190976739 0 0.981594563
vn -0.190983921 0 0.981593192
vn -0.190983921 0 0.981593192
vn -0.190976739 0 0.981594563
vn -0.190984204 0 0.981593072
vn -0.190976739 0 0.981594563
vn -0.190979749 0 0.981593966
vn -0.190984204 0 0.981593072
vn -0.190979555 0 0.981593966
vn -0.190984204 0 0.981593072
vn -0.190985069 0 0.981592953
vn -0.190984204 0 0.981593072
vn -0.190979749 0 0.981593966
vn -0.190985069 0 0.981592953
vn -0.190985069 0 0.981592953
vn -0.190984204 0 0.981593072
vn -0.190984681 0 0.981592953
vn -0.19098112 0 0.981593788
vn -0.190976977 0 0.981594563
vn -0.190981552 0 0.981593668
vn -0.190981552 0 0.981593668
vn -0.190976977 0 0.981594563
vn -0.190976977 0 0.981594563
vn -0.190984964 0 0.981592953
vn -0.190979257 0 0.981594086
vn -0.190978676 0 0.981594205
vn -0.190981194 0 0.981593668
vn -0.190987438 0 0.981592476
vn -0.190984964 0 0.981592953
vn -0.190982863 0 0.98159343
vn -0.190984964 0 0.981592953
vn -0.190984964 0 0.981592953
vn -0.190985575 0 0.981592834
vn -0.190969631 0 0.981595933
vn -0.190981194 0 0.981593668
vn -0.190987438 0 0.981592476
vn -0.190985575 0 0.981592834
vn -0.190969631 0 0.981595933
vn -0.190969631 0 0.981595933
vn -0.190980822 0 0.981593788
vn -0.190989375 0 0.981592178
vn -0.190969631 0 0.981595933
vn -0.190989375 0 0.981592178
vn -0.190970406 0 0.981595814
vn -0.190989375 0 0.981592178
vn -0.190989375 0 0.981592178
vn -0.190970406 0 0.981595814
vn -0.190970406 0 0.981595814
vn -0.19097428 0 0.981595039
vn -0.190977871 -1.64405883E-05 0.981594324
vn -0.190970406 0 0.981595814
vn -0.190983087 -2.10990984E-05 0.981593311
vn -0.190980375 0 0.981593847
vn -0 -1 0
vn -0 -1 0
vn -0 -1 0
vn -0 -1 0
vn 0.115631312 0 -0.993292212
vn 0.115631312 0 -0.993292212
vn 0.115631312 0 -0.993292212
vn 0.115631312 0 -0.993292212
vn 0.999201119 0 0.0399640836
vn 0.999201119 0 0.0399640836
vn 0.999201119 0 0.0399640836
vn 0.999201119 0 0.0399640836
vn 0.999201119 0 0.039963223
vn 0.999578774 0 0.0290206335
vn 0.999578774 0 0.0290206335
vn 0.999578774 0 0.0290206335
vn 0.999578774 0 0.0290206335
vn -0.00967279077 0 0.99995327
vn -0.00967279077 0 0.99995327
vn -0.00967279077 0 0.99995327
vn -0.00967279077 0 0.99995327
vn -0.00967286341 0 0.99995327
vn -0.00967286341 0 0.99995327
vn -0.0244890284 0 0.999700069
vn -0.0244890284 0 0.999700069
vn -0.0244890284 0 0.999700069
vn -0.0244890284 0 0.999700069
vn 0.993402183 0.000192192674 0.114682175
vn 0.993402183 0.000192192674 0.114682175
vn 0.993402183 0.000192192674 0.114682175
vn 0.993402183 0.000192192674 0.114682175
vn 0.9909814 0 0.133999512
vn 0.990977883 0 0.134025931
vn 0.9909814 0 0.133999512
vn 0.993285954 0 0.115685366
vn 0.993285954 0 0.115685366
vn 0.993285954 0 0.115685366
vn 0.993292928 0 0.115625396
vn 0.993292928 0 0.115625396
vn 0.993292928 0 0.115625396
vn 0.993292689 0 0.115627386
vn 0.993292689 0 0.115627386
vn 0.192934841 -0.000384581013 -0.981211543
vn 0.192934841 -0.000384581013 -0.981211543
vn 0.192934841 -0.000384581013 -0.981211543
vn 0.192934841 -0.000384581013 -0.981211543
vn -0 1 0
vn -0 1 0
vn -0 1 0
vn -0 1 0
vn 0.993957996 0 0.109760858
vn 0.993957996 0 0.109760858
vn 0.993957996 0 0.109760858
vn 0.993957996 0 0.109760858
vn -0 1 0
vn -0 1 0
vn -0 1 0
vn -0 1 0
vn -0 1 0
vn -0 1 0
vn -0 1 0
vn 0.115628116 0 -0.99329257
vn 0.115628116 0 -0.99329257
vn 0.115628116 0 -0.99329257
vn 0.115628116 0 -0.99329257
vn -0.999379635 -0.00530935219 -0.034816429
vn -0.999379635 -0.00530935219 -0.034816429
vn -0.999379635 -0.00530935219 -0.034816429
vn -0.999379635 -0.00530935219 -0.034816429
vn -0.103813566 0.000391924201 0.99459672
vn -0.103813566 0.000391924201 0.99459672
vn -0.103813566 0.000391924201 0.99459672
vn -0.103813566 0.000391924201 0.99459672
vn -0.993104875 -0.0173955411 -0.115930952
vn -0.993104875 -0.0173955411 -0.115930952
vn -0.993104875 -0.0173955411 -0.115930952
vn -0.993104875 -0.0173955411 -0.115930952
vn -0.996802807 0 -0.0799008086
vn -0.996802807 0 -0.0799008086
vn 0.137130991 0 -0.990553021
vn 0.137130991 0 -0.990553021
vn 0.137130991 0 -0.990553021
vn 0.137130991 0 -0.990553021
vn -0.992499053 0 -0.1222523
vn -0.992499053 0 -0.1222523
vn -0.992499053 0 -0.1222523
vn -0.992499053 0 -0.1222523
vn -0 1 0
vn -0 1 0
vn -0 1 0
vn -0 1 0
vn -0 1 0
vn -0 1 0
vn -0 1 0
vn -0 1 0
vn -0 1 0
vn -0 1 0
vn -0 1 0
vn -1.23241407E-05 1 0
vn -0 1 0
vn -0 1 0
vn 1.03890707E-05 1 0
vn -0 1 0
vn -0 1 0
vn -0 1 0
vn 0.992270231 0 0.124096282
vn 0.992191494 -0.000683565508 0.124721512
vn 0.993285298 0 0.115690909
vn 0.992270231 0 0.124096282
vn 0.992269874 0 0.124098659
vn 0.993285298 0 0.115690909
vn 0.992269874 0 0.124098659
vn 0.993285298 0 0.115690909
vn 0.99328953 0 0.115654051
vn 0.99328953 0 0.115654051
vn 0.992269874 0 0.124098659
vn 0.992269874 0 0.124098659
vn 0.992269278 0 0.124103434
vn 0.992269278 0 0.124103434
vn 0.200023338 0 0.979791105
vn 0.200023338 0 0.979791105
vn 0.200023338 0 0.979791105
vn 0.200023338 0 0.979791105
vn -0 1 0
vn -0 1 0
vn -0 1 0
vn -0 1 0
vn -0.0235334449 0 0.999723017
vn -0.0235334449 0 0.999723017
vn -0.0235334449 0 0.999723017
vn -0.0235334449 0 0.999723017
vn -0.993292689 0 -0.115627386
vn -0.993292689 0 -0.115627386
vn -0.993293643 0 -0.115619622
vn -0.993293643 0 -0.115619622
vn -0.993293643 0 -0.115619622
vn -0.993293643 0 -0.115619622
vn -0.993293285 0 -0.115621924
vn -0.993293285 0 -0.115621924
vn -0.993293285 0 -0.115621924
vn -0.993293285 0 -0.115621924
vn -0.993292689 0 -0.115627572
vn -0.993292689 0 -0.115627572
vn -0.993292332 0 -0.115629882
vn -0.993292332 0 -0.115629882
vn -0.993293285 0 -0.115621954
vn -0.993293285 0 -0.115621954
vn -0.993294537 0 -0.115610935
vn -0.993294537 0 -0.115610935
vn -0.993294537 0 -0.115610935
vn -0.993294537 0 -0.115610935
vn -0 -1 0
vn -0 -1 0
vn -0 -1 0
vn -0 -1 0
vn -0 -1 0
vn -0 -1 0
vn -0 -1 0
vn -0 -1 0
vn -0 -1 0
vn -0 -1 0
vn -0 -1 0
vn -0 -1 0
vn 0.992178142 0 0.124830544
vn 0.992178142 0 0.124830544
vn 0.992178142 0 0.124830544
vn 0.992178142 0 0.124830544
vn -0 -1 0
vn -0 -1 0
vn -0 -1 0
vn -0 -1 0
vn -0 1 0
vn -0 1 0
vn -0 1 0
vn -0 1 0
vn 0.190192685 0.00516642863 -0.981733203
vn 0.190192685 0.00516642863 -0.981733203
vn 0.190192685 0.00516642863 -0.981733203
vn 0.190192685 0.00516642863 -0.981733203
vn 0.993291736 0 0.115635425
vn 0.993291736 0 0.115635425
vn 0.993291736 0 0.115635425
vn 0.993291736 0 0.115635425
vn -0.0305585787 0 -0.999532938
vn -0.0305585787 0 -0.999532938
vn -0.0305585787 0 -0.999532938
vn -0.0305585787 0 -0.999532938
vn -0.993293643 0 -0.11561884
vn -0.993293643 0 -0.11561884
vn -0.993293643 0 -0.11561884
vn -0.993293643 0 -0.11561884
vn -0.993198454 -0.00026416441 -0.116433159
vn -0.993198454 -0.00026416441 -0.116433159
vn -0.993198454 -0.00026416441 -0.116433159
vn -0.993198454 -0.00026416441 -0.116433159
vn -0 1 0
vn -0 1 0
vn -0 1 0
vn -0 1 0
vn -0 1 0
vn -0 1 0
vn 0.993292928 0 0.11562565
vn 0.993292928 0 0.11562565
vn 0.993292928 0 0.11562565
vn 0.993292928 0 0.11562565
vn -0.993293285 0 -0.11562264
vn -0.993293285 0 -0.11562264
vn -0.993293285 0 -0.11562264
vn -0.993293285 0 -0.11562264
vn -0.993293285 0 -0.11562264
vn -0.993293285 0 -0.11562264
vn -0.993293285 0 -0.11562264
vn -0.993293285 0 -0.11562264
vn 0.993294537 0 0.115610935
vn 0.993294537 0 0.115610935
vn 0.993294537 0 0.115610935
vn 0.993294537 0 0.115610935
vn -0 1 0
vn -0 1 0
vn -0 1 0
vn -0 1 0
vn -0.19076328 0.000790750084 0.98163569
vn -0.19076328 0.000790750084 0.98163569
vn -0.19076328 0.000790750084 0.98163569
vn -0.19076328 0.000790750084 0.98163569
vn 0.993291378 0 0.11563842
vn 0.993291378 0 0.11563842
vn 0.993291378 0 0.11563842
vn 0.993291378 0 0.11563842
vn 0.190971226 0.00268651056 -0.98159194
vn 0.19626829 0 -0.98055023
vn 0.19626829 0 -0.98055023
vn 0.190971226 0.00268651056 -0.98159194
vn 0.190971226 0.00268651056 -0.98159194
vn 0.190971226 0.00268651056 -0.98159194
vn 0.18821238 -0.00049377 -0.982128263
vn 0.18821238 -0.00049377 -0.982128263
vn -0.993294299 -0.000522597926 -0.115611658
vn -0.993294299 -0.000522597926 -0.115611658
vn -0.993294299 -0.000522597926 -0.115611658
vn -0.993294299 -0.000522597926 -0.115611658
vn 0.0259150751 0 -0.999664068
vn 0.0259150751 0 -0.999664068
vn 0.0259150751 0 -0.999664068
vn 0.0259150751 0 -0.999664068
vn -0.0361335278 0.0386815928 0.998598039
vn -0.0361335278 0.0386815928 0.998598039
vn -0.0361335278 0.0386815928 0.998598039
vn -0.0361335278 0.0386815928 0.998598039
vn -0.210254595 0.977463126 -0.018945951
vn -0.210254595 0.977463126 -0.018945951
vn -0.210254595 0.977463126 -0.018945951
vn -0.210254595 0.977463126 -0.018945951
vn -0.993292689 0 -0.115627512
vn -0.993292689 0 -0.115627512
vn -0.993292689 0 -0.115627512
vn -0.993292689 0 -0.115627512
vn -0.115623839 0 0.993293047
vn -0.115623839 0 0.993293047
vn -0.115623839 0 0.993293047
vn -0.115623839 0 0.993293047
vn -0 1 0
vn -0 1 0
vn -0 1 0
vn -0 1 0
vn 0.115624741 0 -0.993292928
vn 0.115624741 0 -0.993292928
vn 0.115624741 0 -0.993292928
vn 0.115624741 0 -0.993292928
vn 0.210255072 0.977463007 0.0189458411
vn 0.210255072 0.977463007 0.0189458411
vn 0.210255072 0.977463007 0.0189458411
vn 0.210255072 0.977463007 0.0189458411
vn -0.205149233 0 0.978730738
vn -0.205149233 0 0.978730738
vn -0.20514752 0 0.978731036
vn -0.205161646 0 0.978728116
vn -0.205154017 0 0.978729665
vn -0.20514752 0 0.978731036
vn -0.205153704 0 0.978729665
vn -0.205181137 0 0.978724122
vn -0.205154017 0 0.978729665
vn -0.20515275 0 0.978729904
vn -0.205181137 0 0.978724122
vn -0.205155119 0 0.978729486
vn -0.205153704 0 0.978729665
vn -0.20515056 0 0.978730381
vn -0.2051806 0 0.978724182
vn -0.205153704 0 0.978729665
vn -0.20515056 0 0.978730381
vn -0.205152571 0 0.978730023
vn -0.205180764 0 0.978724122
vn -0.205154836 0 0.978729546
vn -0.205151245 0 0.978730261
vn -0.205180764 0 0.978724122
vn -0.205151603 0 0.978730142
vn -0.205152571 0 0.978730023
vn -0.205152571 0 0.978730023
vn -0.20518139 0 0.978724003
vn -0.205153018 0 0.978729904
vn -0.205152571 0 0.978730023
vn -0.205177546 0 0.978724778
vn -0.205177546 0 0.978724778
vn 0.00914295577 0.999006569 -0.0436159
vn 0.00914295577 0.999006569 -0.0436159
vn 0.00914295577 0.999006569 -0.0436159
vn 0.00914295577 0.999006569 -0.0436159
vn -0.436419249 0 0.899743497
vn -0.436419249 0 0.899743497
vn -0.436419249 0 0.899743497
vn -0.436419249 0 0.899743497
vn 0.0383217335 0 0.999265492
vn 0.0383217335 0 0.999265492
vn 0.0383217335 0 0.999265492
vn 0.0383217335 0 0.999265492
vn -0.205178335 0 0.978724539
vn -0.205178335 0 0.978724539
vn -0.205178335 0 0.978724539
vn -0.205178961 0 0.97872442
vn -0.205168128 0 0.978726745
vn -0.205175564 0 0.978725135
vn -0.205171138 -4.35965485E-05 0.978726149
vn -0.205169991 0 0.978726387
vn -0.205175787 0 0.978725135
vn -0.205171138 -4.35965485E-05 0.978726149
vn -0.205180764 0 0.978724122
vn -0.205180764 0 0.978724122
vn -0.205169171 0 0.978726506
vn -0.205169991 0 0.978726387
vn -0.205169439 0 0.978726506
vn -0.205169439 0 0.978726506
vn -0.205169991 0 0.978726387
vn -0.205169991 0 0.978726387
vn -0.205170393 0 0.978726268
vn -0.205170393 0 0.978726268
vn -0.205169171 0 0.978726506
vn -0.205170915 -2.83452518E-05 0.978726149
vn -0.205169171 0 0.978726506
vn -0.205170393 0 0.978726268
vn -0.205178872 0 0.97872442
vn -0.20517762 0 0.978724778
vn -0.205169395 0 0.978726506
vn -0.205169395 0 0.978726506
vn -0.205178872 0 0.97872442
vn -0.205179974 0 0.978724301
vn -0.205146164 0 0.978731394
vn -0.205146164 0 0.978731394
vn -0.205176353 -2.17982488E-05 0.978725016
vn -0.20517908 0 0.97872442
vn -0.205176428 0 0.978725016
vn -0.205170915 -2.83452518E-05 0.978726149
vn -0.205170915 -2.83452518E-05 0.978726149
vn -0.20517908 0 0.97872442
vn -0.205180615 0 0.978724182
vn -0.205146164 0 0.978731394
vn -0.205171868 0 0.97872591
vn -0.205147713 0 0.978731036
vn -0.205179289 4.25171856E-05 0.978724301
vn -0.20517391 2.09675036E-05 0.978725553
vn -0.20517391 2.09675036E-05 0.978725553
vn -0.205146164 0 0.978731394
vn -0.205147892 0 0.978730917
vn -0.205146581 0 0.978731275
vn -0.205147892 0 0.978730917
vn -0.205179244 0 0.97872442
vn -0.205179662 0 0.978724301
vn -0.205148786 4.25174658E-05 0.978730857
vn -0.205181122 2.83451936E-05 0.978724122
vn -0.205175295 0 0.978725255
vn -0.205170751 0 0.978726268
vn -0.205170751 0 0.978726268
vn -0.205171421 0 0.978726029
vn -0.205171421 0 0.978726029
vn -0.205176353 -2.17982488E-05 0.978725016
vn -0.205172449 0 0.978725791
vn -0.205172449 0 0.978725791
vn -0.205172479 0 0.978725791
vn -0.205172479 0 0.978725791
vn -0.205172479 0 0.978725791
vn -0.205172479 0 0.978725791
vn -0.978727281 0 -0.205165297
vn -0.978727281 0 -0.205165297
vn -0.978727281 0 -0.205165297
vn -0.978727281 0 -0.205165297
vn 0.656954288 0 0.75393039
vn 0.656954288 0 0.75393039
vn 0.656954288 0 0.75393039
vn 0.656954288 0 0.75393039
vn 0.656953633 0 0.753930986
vn 0.656953633 0 0.753930986
vn 0.656953633 0 0.753930986
vn -0 -1 0
vn -0 -1 0
vn -0 -1 0
vn -0 -1 0
vn -0.205177784 0 0.978724658
vn -0.205177784 0 0.978724658
vn -0.205177784 0 0.978724658
vn -0.205177784 0 0.978724658
vn -0.205178201 0 0.978724658
vn -0.205178201 0 0.978724658
vn 0.978723526 0 0.205183715
vn 0.978723526 0 0.205183715
vn 0.978723526 0 0.205183715
vn 0.978723526 0 0.205183715
vn 0.97872442 0 0.205178887
vn 0.97872442 0 0.205178887
vn 0.97872442 0 0.205178887
vn -0.205168143 0 0.978726745
vn -0.205168143 0 0.978726745
vn -0.205168143 0 0.978726745
vn -0.205168143 0 0.978726745
vn -0.205168128 0 0.978726745
vn -0.205167696 0 0.978726864
vn -0.205167696 0 0.978726864
vn -0.205167696 0 0.978726864
vn -0.205167696 0 0.978726864
vn -0.20516789 0 0.978726864
vn -0.20516789 0 0.978726864
vn -0.205167696 0 0.978726864
vn -0.205167696 0 0.978726864
vn -0.978726149 0 -0.205171257
vn -0.978726149 0 -0.205171257
vn -0.978726149 0 -0.205171257
vn -0.978726149 0 -0.205171257
vn -0.978726864 0 -0.205167785
vn -0.978726864 0 -0.205167785
vn 0.978724122 0 0.205180913
vn 0.978724122 0 0.205180913
vn 0.978724122 0 0.205180913
vn 0.978724122 0 0.205180913
vn -0.904431939 0 0.426617831
vn -0.904431939 0 0.426617831
vn -0.904431939 0 0.426617831
vn -0.904431939 0 0.426617831
vn -0.904432297 0 0.426617146
vn -0.904432297 0 0.426617146
vn -0.904432297 0 0.426617146
vn -0.205176234 0 0.978725016
vn -0.205176234 0 0.978725016
vn -0.205176234 0 0.978725016
vn -0.205176234 0 0.978725016
vn -0.205176607 0 0.978724897
vn -0.205176607 0 0.978724897
vn -0.205170959 0 0.978726149
vn -0.205170959 0 0.978726149
vn -0.205170959 0 0.978726149
vn -0.205170959 0 0.978726149
vn 0.0898768678 0.512438118 0.854007721
vn 0.0898768678 0.512438118 0.854007721
vn 0.0898768678 0.512438118 0.854007721
vn 0.0898768678 0.512438118 0.854007721
vn 0.205170527 0 -0.978726268
vn 0.205170527 0 -0.978726268
vn 0.205170527 0 -0.978726268
vn 0.205170527 0 -0.978726268
vn -0 1 0
vn -0 1 0
vn -0 1 0
vn -0 1 0
vn 0.205170527 0 -0.978726268
vn 0.205170527 0 -0.978726268
vn 0.205170527 0 -0.978726268
vn 0.205170527 0 -0.978726268
vn -0 1 0
vn -0 1 0
vn -0 1 0
vn -0 1 0
vn -0.205175191 0 0.978725255
vn -0.205175191 0 0.978725255
vn -0.205175191 0 0.978725255
vn -0.205175191 0 0.978725255
vn -0.205175072 0 0.978725255
vn -0.205175072 0 0.978725255
vn -0.205175072 0 0.978725255
vn -0.205175072 0 0.978725255
vn -0.205175072 0 0.978725255
vn -0.205175072 0 0.978725255
vn -0.205175146 0 0.978725255
vn -0.205175146 0 0.978725255
vn -0 -1 0
vn -0 -1 0
vn -0 -1 0
vn -0 -1 0
vn -0.205174476 0 0.978725374
vn -0.205174476 0 0.978725374
vn -0.205174476 0 0.978725374
vn -0.205174476 0 0.978725374
vn -0.205174476 0 0.978725374
vn -0.205174476 0 0.978725374
vn -0.205174476 0 0.978725374
vn -0.205174476 0 0.978725374
vn 0.978725672 0 0.20517303
vn 0.978725672 0 0.20517303
vn 0.978725672 0 0.20517303
vn 0.978725672 0 0.20517303
vn 0.205174387 0 -0.978725493
vn 0.205174387 0 -0.978725493
vn 0.205174387 0 -0.978725493
vn 0.205174387 0 -0.978725493
vn -0.978725255 0 -0.205175549
vn -0.978725255 0 -0.205175549
vn -0.978725255 0 -0.205175549
vn -0.978725255 0 -0.205175549
vn -0 1 0
vn -0 1 0
vn -0 1 0
vn -0 1 0
vn -0 1 0
vn -0 1 0
vn -0 1 0
vn -0 1 0
vn -0 1 0
vn 0.205174983 0 -0.978725374
vn 0.205174983 0 -0.978725374
vn 0.205174983 0 -0.978725374
vn 0.205174983 0 -0.978725374
vn -0.978723764 0 -0.205182284
vn -0.978723764 0 -0.205182284
vn -0.978723764 0 -0.205182284
vn -0.978723764 0 -0.205182284
vn -0.978725493 0 -0.205174312
vn -0.978725493 0 -0.205174312
vn -0.978725553 0 -0.205173612
vn 0.97872591 0 0.205172345
vn 0.97872591 0 0.205172345
vn 0.97872591 0 0.205172345
vn 0.97872591 0 0.205172345
vn -1 0 0
vn -1 0 0
vn -1 0 0
vn -1 0 0
vn -0 0 -1
vn -0 0 -1
vn -0 0 -1
vn -0 0 -1
vn 1 0 0
vn 1 0 0
vn 1 0 0
vn 1 0 0
vn -0 0 1
vn -0 0 1
vn -0 0 1
vn -0 0 1
vn -1.21921485E-05 1 0
vn -0 1 0
vn -0 1 0
vn -1.21921485E-05 1 0
vn -1.21921485E-05 1 0
vn -1.21921485E-05 1 0
vn 1.21921485E-05 1 0
vn 1.21921485E-05 1 0
vn 1.21921485E-05 1 0
vn -0 1 0
vn -0.907027245 0.421071947 0
vn -0.907027245 0.421071947 0
vn -0.907027245 0.421071947 0
vn -0.907027245 0.421071947 0
vn 0.701894522 0.712280929 0
vn 0.701894522 0.712280929 0
vn 0.701894522 0.712280929 0
vn 0.701894522 0.712280929 0
vn -0.369251668 -0.171424612 0.913382113
vn -0.369251668 -0.171424612 0.913382113
vn -0.369251668 -0.171424612 0.913382113
vn -0.369251668 -0.171424612 0.913382113
vn 0.92090708 0.0720355585 0.383067906
vn 0.92090708 0.0720355585 0.383067906
vn 0.92090708 0.0720355585 0.383067906
vn 0.92090708 0.0720355585 0.383067906
vn -0.734987736 -0.678080499 0
vn -0.734987736 -0.678080499 0
vn -0.734987736 -0.678080499 0
vn -0.734987736 -0.678080499 0
vn 0.89056778 -0.454850435 0
vn 0.89056778 -0.454850435 0
vn 0.89056778 -0.454850435 0
vn 0.89056778 -0.454850435 0
vn -0.369251668 -0.171424612 -0.913382113
vn -0.369251668 -0.171424612 -0.913382113
vn -0.369251668 -0.171424612 -0.913382113
vn -0.369251668 -0.171424612 -0.913382113
vn 0.920907795 0.0720352679 -0.383066356
vn 0.920907795 0.0720352679 -0.383066356
vn 0.920907795 0.0720352679 -0.383066356
vn 0.920907795 0.0720352679 -0.383066356
vn 0.907027245 0.421071947 0
vn 0.907027245 0.421071947 0
vn 0.907027245 0.421071947 0
vn 0.907027245 0.421071947 0
vn -0.701894522 0.712280929 0
vn -0.701894522 0.712280929 0
vn -0.701894522 0.712280929 0
vn -0.701894522 0.712280929 0
vn 0.369251668 -0.171424612 -0.913382113
vn 0.369251668 -0.171424612 -0.913382113
vn 0.369251668 -0.171424612 -0.913382113
vn 0.369251668 -0.171424612 -0.913382113
vn -0.920857668 0.0720316917 -0.383187562
vn -0.920857668 0.0720316917 -0.383187562
vn -0.920857668 0.0720316917 -0.383187562
vn -0.920857668 0.0720316917 -0.383187562
vn 0.734987736 -0.678080499 0
vn 0.734987736 -0.678080499 0
vn 0.734987736 -0.678080499 0
vn 0.734987736 -0.678080499 0
vn -0.89056778 -0.454850435 0
vn -0.89056778 -0.454850435 0
vn -0.89056778 -0.454850435 0
vn -0.89056778 -0.454850435 0
vn 0.369251668 -0.171424612 0.913382113
vn 0.369251668 -0.171424612 0.913382113
vn 0.369251668 -0.171424612 0.913382113
vn 0.369251668 -0.171424612 0.913382113
vn -0.920858264 0.0720313936 0.383185983
vn -0.920858264 0.0720313936 0.383185983
vn -0.920858264 0.0720313936 0.383185983
vn -0.920858264 0.0720313936 0.383185983
vn -0 0.421026528 -0.907048345
vn -0 0.421026528 -0.907048345
vn -0 0.421026528 -0.907048345
vn -0 0.421026528 -0.907048345
vn -0 0.712064683 0.702113986
vn -0 0.712064683 0.702113986
vn -0 0.712064683 0.702113986
vn -0 0.712064683 0.702113986
vn -0.91334492 -0.171364009 -0.369371772
vn -0.91334492 -0.171364009 -0.369371772
vn -0.91334492 -0.171364009 -0.369371772
vn -0.91334492 -0.171364009 -0.369371772
vn -0.383065134 0.0720684379 0.92090565
vn -0.383065134 0.0720684379 0.92090565
vn -0.383065134 0.0720684379 0.92090565
vn -0.383065134 0.0720684379 0.92090565
vn -0 -0.677987993 -0.73507297
vn -0 -0.677987993 -0.73507297
vn -0 -0.677987993 -0.73507297
vn -0 -0.677987993 -0.73507297
vn -0 -0.455025613 0.890478373
vn -0 -0.455025613 0.890478373
vn -0 -0.455025613 0.890478373
vn -0 -0.455025613 0.890478373
vn 0.913346589 -0.17136237 -0.369368255
vn 0.913346589 -0.17136237 -0.369368255
vn 0.913346589 -0.17136237 -0.369368255
vn 0.913346589 -0.17136237 -0.369368255
vn 0.383015633 0.0720591322 0.920926869
vn 0.383015633 0.0720591322 0.920926869
vn 0.383015633 0.0720591322 0.920926869
vn 0.383015633 0.0720591322 0.920926869
vn -0 0.420800418 0.907153308
vn -0 0.420800418 0.907153308
vn -0 0.420800418 0.907153308
vn -0 0.420800418 0.907153308
vn -0 0.712343216 -0.701831222
vn -0 0.712343216 -0.701831222
vn -0 0.712343216 -0.701831222
vn -0 0.712343216 -0.701831222
vn 0.913331985 -0.171444327 0.369366527
vn 0.913331985 -0.171444327 0.369366527
vn 0.913331985 -0.171444327 0.369366527
vn 0.913331985 -0.171444327 0.369366527
vn 0.383014679 0.0720939934 -0.920924544
vn 0.383014679 0.0720939934 -0.920924544
vn 0.383014679 0.0720939934 -0.920924544
vn 0.383014679 0.0720939934 -0.920924544
vn -0 -0.677987993 0.73507297
vn -0 -0.677987993 0.73507297
vn -0 -0.677987993 0.73507297
vn -0 -0.677987993 0.73507297
vn -0 -0.455025613 -0.890478373
vn -0 -0.455025613 -0.890478373
vn -0 -0.455025613 -0.890478373
vn -0 -0.455025613 -0.890478373
vn -0.913346589 -0.17136237 0.369368255
vn -0.913346589 -0.17136237 0.369368255
vn -0.913346589 -0.17136237 0.369368255
vn -0.913346589 -0.17136237 0.369368255
vn -0.383063197 0.0721381828 -0.920901
vn -0.383063197 0.0721381828 -0.920901
vn -0.383063197 0.0721381828 -0.920901
vn -0.383063197 0.0721381828 -0.920901
vn -0 0.30623889 -0.951954722
vn -0 0.30623889 -0.951954722
vn -0 0.30623889 -0.951954722
vn -0 0.30623889 -0.951954722
vn -0 0.797284782 0.603603363
vn -0 0.797284782 0.603603363
vn -0 0.797284782 0.603603363
vn -0 0.797284782 0.603603363
vn -0.863254309 -0.387745559 -0.323180139
vn -0.863254309 -0.387745559 -0.323180139
vn -0.863254309 -0.387745559 -0.323180139
vn -0.863254309 -0.387745559 -0.323180139
vn -0.382399768 0.171466678 0.907948017
vn -0.382399768 0.171466678 0.907948017
vn -0.382399768 0.171466678 0.907948017
vn -0.382399768 0.171466678 0.907948017
vn -0 -0.812020838 -0.583628535
vn -0 -0.812020838 -0.583628535
vn -0 -0.812020838 -0.583628535
vn -0 -0.812020838 -0.583628535
vn -0 -0.29096508 0.956733644
vn -0 -0.29096508 0.956733644
vn -0 -0.29096508 0.956733644
vn -0 -0.29096508 0.956733644
vn 0.863254309 -0.387745559 -0.323180139
vn 0.863254309 -0.387745559 -0.323180139
vn 0.863254309 -0.387745559 -0.323180139
vn 0.863254309 -0.387745559 -0.323180139
vn 0.382435799 0.171482831 0.907929718
vn 0.382435799 0.171482831 0.907929718
vn 0.382435799 0.171482831 0.907929718
vn 0.382435799 0.171482831 0.907929718
vn -0.821878254 0.569663227 0
vn -0.821878254 0.569663227 0
vn -0.821878254 0.569663227 0
vn -0.821878254 0.569663227 0
vn 0.821986377 0.569507062 0
vn 0.821986377 0.569507062 0
vn 0.821986377 0.569507062 0
vn 0.821986377 0.569507062 0
vn -0.39404726 0.000187019439 0.919090092
vn -0.39404726 0.000187019439 0.919090092
vn -0.39404726 0.000187019439 0.919090092
vn -0.39404726 0.000187019439 0.919090092
vn 0.924664974 7.64361612E-05 0.380781502
vn 0.924664974 7.64361612E-05 0.380781502
vn 0.924664974 7.64361612E-05 0.380781502
vn 0.924664974 7.64361612E-05 0.380781502
vn -0.762322187 -0.647197664 0
vn -0.762322187 -0.647197664 0
vn -0.762322187 -0.647197664 0
vn -0.762322187 -0.647197664 0
vn 0.8703174 -0.492491335 0
vn 0.8703174 -0.492491335 0
vn 0.8703174 -0.492491335 0
vn 0.8703174 -0.492491335 0
vn -0.39404726 0.000187019439 -0.919090092
vn -0.39404726 0.000187019439 -0.919090092
vn -0.39404726 0.000187019439 -0.919090092
vn -0.39404726 0.000187019439 -0.919090092
vn 0.924664974 7.64361612E-05 -0.380781502
vn 0.924664974 7.64361612E-05 -0.380781502
vn 0.924664974 7.64361612E-05 -0.380781502
vn 0.924664974 7.64361612E-05 -0.380781502
vn 0.821878254 0.569663227 0
vn 0.821878254 0.569663227 0
vn 0.821878254 0.569663227 0
vn 0.821878254 0.569663227 0
vn -0.821986377 0.569507062 0
vn -0.821986377 0.569507062 0
vn -0.821986377 0.569507062 0
vn -0.821986377 0.569507062 0
vn 0.393958002 0.000186977079 -0.919128358
vn 0.393958002 0.000186977079 -0.919128358
vn 0.393958002 0.000186977079 -0.919128358
vn 0.393958002 0.000186977079 -0.919128358
vn -0.924664974 7.64361612E-05 -0.380781502
vn -0.924664974 7.64361612E-05 -0.380781502
vn -0.924664974 7.64361612E-05 -0.380781502
vn -0.924664974 7.64361612E-05 -0.380781502
vn 0.762322187 -0.647197664 0
vn 0.762322187 -0.647197664 0
vn 0.762322187 -0.647197664 0
vn 0.762322187 -0.647197664 0
vn -0.8703174 -0.492491335 0
vn -0.8703174 -0.492491335 0
vn -0.8703174 -0.492491335 0
vn -0.8703174 -0.492491335 0
vn 0.393958002 0.000186977079 0.919128358
vn 0.393958002 0.000186977079 0.919128358
vn 0.393958002 0.000186977079 0.919128358
vn 0.393958002 0.000186977079 0.919128358
vn -0.924664974 7.64361612E-05 0.380781502
vn -0.924664974 7.64361612E-05 0.380781502
vn -0.924664974 7.64361612E-05 0.380781502
vn -0.924664974 7.64361612E-05 0.380781502
vn -0 0.569550335 -0.821956336
vn -0 0.569550335 -0.821956336
vn -0 0.569550335 -0.821956336
vn -0 0.569550335 -0.821956336
vn -0 0.569440246 0.82203275
vn -0 0.569440246 0.82203275
vn -0 0.569440246 0.82203275
vn -0 0.569440246 0.82203275
vn -0.919131815 0.000186463789 -0.393950105
vn -0.919131815 0.000186463789 -0.393950105
vn -0.919131815 0.000186463789 -0.393950105
vn -0.919131815 0.000186463789 -0.393950105
vn -0.922667086 -0.000240247202 -0.385597378
vn -0.922667086 -0.000240247202 -0.385597378
vn -0.922667086 -0.000240247202 -0.385597378
vn -0.380743772 7.92217106E-05 0.924680591
vn -0.380743772 7.92217106E-05 0.924680591
vn -0.380743772 7.92217106E-05 0.924680591
vn -0.380743772 7.92217106E-05 0.924680591
vn -0 -0.647328436 -0.762211263
vn -0 -0.647328436 -0.762211263
vn -0 -0.647328436 -0.762211263
vn -0 -0.647328436 -0.762211263
vn -0 -0.492295772 0.870428026
vn -0 -0.492295772 0.870428026
vn -0 -0.492295772 0.870428026
vn -0 -0.492295772 0.870428026
vn 0.919042587 0.000186445686 -0.394158214
vn 0.919042587 0.000186445686 -0.394158214
vn 0.919042587 0.000186445686 -0.394158214
vn 0.919042587 0.000186445686 -0.394158214
vn 0.380707979 7.921426E-05 0.924695253
vn 0.380707979 7.921426E-05 0.924695253
vn 0.380707979 7.921426E-05 0.924695253
vn 0.380707979 7.921426E-05 0.924695253
vn -0 0.569651723 0.821886122
vn -0 0.569651723 0.821886122
vn -0 0.569651723 0.821886122
vn -0 0.569651723 0.821886122
vn -0.365022689 0.00497787585 0.930985332
vn -0.365022689 0.00497787585 0.930985332
vn -0.365022689 0.00497787585 0.930985332
vn -0.365022689 0.00497787585 0.930985332
vn -0 -0.337387919 0.941365719
vn -0 -0.337387919 0.941365719
vn -0 -0.337387919 0.941365719
vn -0 -0.337387919 0.941365719
vn 0.364962131 0.0049770507 0.931009114
vn 0.364962131 0.0049770507 0.931009114
vn 0.364962131 0.0049770507 0.931009114
vn 0.364962131 0.0049770507 0.931009114
vn -0 0.30623889 0.951954722
vn -0 0.30623889 0.951954722
vn -0 0.30623889 0.951954722
vn -0 0.30623889 0.951954722
vn -0 0.797165751 -0.603760421
vn -0 0.797165751 -0.603760421
vn -0 0.797165751 -0.603760421
vn -0 0.797165751 -0.603760421
vn 0.863293648 -0.387645632 0.323194832
vn 0.863293648 -0.387645632 0.323194832
vn 0.863293648 -0.387645632 0.323194832
vn 0.863293648 -0.387645632 0.323194832
vn 0.382429004 0.171583623 -0.907913625
vn 0.382429004 0.171583623 -0.907913625
vn 0.382429004 0.171583623 -0.907913625
vn 0.382429004 0.171583623 -0.907913625
vn -0 -0.811896086 0.583801985
vn -0 -0.811896086 0.583801985
vn -0 -0.811896086 0.583801985
vn -0 -0.811896086 0.583801985
vn -0 -0.29096508 -0.956733644
vn -0 -0.29096508 -0.956733644
vn -0 -0.29096508 -0.956733644
vn -0 -0.29096508 -0.956733644
vn -0.863254309 -0.387745559 0.323180139
vn -0.863254309 -0.387745559 0.323180139
vn -0.863254309 -0.387745559 0.323180139
vn -0.863254309 -0.387745559 0.323180139
vn -0.382429004 0.171583623 -0.907913625
vn -0.382429004 0.171583623 -0.907913625
vn -0.382429004 0.171583623 -0.907913625
vn -0.382429004 0.171583623 -0.907913625
vn -0.951996207 0.306109697 0
vn -0.951996207 0.306109697 0
vn -0.951996207 0.306109697 0
vn -0.951996207 0.306109697 0
vn 0.603680968 0.797226012 0
vn 0.603680968 0.797226012 0
vn 0.603680968 0.797226012 0
vn 0.603680968 0.797226012 0
vn -0.323016912 -0.387867332 0.863260686
vn -0.323016912 -0.387867332 0.863260686
vn -0.323016912 -0.387867332 0.863260686
vn -0.323016912 -0.387867332 0.863260686
vn 0.907990396 0.171304241 0.382371843
vn 0.907990396 0.171304241 0.382371843
vn 0.907990396 0.171304241 0.382371843
vn 0.907990396 0.171304241 0.382371843
vn -0.583705783 -0.811965168 0
vn -0.583705783 -0.811965168 0
vn -0.583705783 -0.811965168 0
vn -0.583705783 -0.811965168 0
vn 0.956685543 -0.291123509 0
vn 0.956685543 -0.291123509 0
vn 0.956685543 -0.291123509 0
vn 0.956685543 -0.291123509 0
vn -0.323005289 -0.38777107 -0.863308311
vn -0.323005289 -0.38777107 -0.863308311
vn -0.323005289 -0.38777107 -0.863308311
vn -0.323005289 -0.38777107 -0.863308311
vn 0.90798229 0.171354637 -0.382368475
vn 0.90798229 0.171354637 -0.382368475
vn 0.90798229 0.171354637 -0.382368475
vn 0.90798229 0.171354637 -0.382368475
vn 0.951996207 0.306109697 0
vn 0.951996207 0.306109697 0
vn 0.951996207 0.306109697 0
vn 0.951996207 0.306109697 0
vn -0.603680968 0.797226012 0
vn -0.603680968 0.797226012 0
vn -0.603680968 0.797226012 0
vn -0.603680968 0.797226012 0
vn 0.323097259 -0.387846172 -0.863240182
vn 0.323097259 -0.387846172 -0.863240182
vn 0.323097259 -0.387846172 -0.863240182
vn 0.323097259 -0.387846172 -0.863240182
vn -0.90798229 0.171354637 -0.382368475
vn -0.90798229 0.171354637 -0.382368475
vn -0.90798229 0.171354637 -0.382368475
vn -0.90798229 0.171354637 -0.382368475
vn 0.583705783 -0.811965168 0
vn 0.583705783 -0.811965168 0
vn 0.583705783 -0.811965168 0
vn 0.583705783 -0.811965168 0
vn -0.956685543 -0.291123509 0
vn -0.956685543 -0.291123509 0
vn -0.956685543 -0.291123509 0
vn -0.956685543 -0.291123509 0
vn 0.323056161 -0.387949795 0.86320889
vn 0.323056161 -0.387949795 0.86320889
vn 0.323056161 -0.387949795 0.86320889
vn 0.323056161 -0.387949795 0.86320889
vn -0.907990396 0.171304241 0.382371843
vn -0.907990396 0.171304241 0.382371843
vn -0.907990396 0.171304241 0.382371843
vn -0.907990396 0.171304241 0.382371843
vn -0 1 0
vn -0 1 0
vn -0 1 0
vn -0 1 0
vn -0 0.569651723 -0.821886122
vn -0 0.569651723 -0.821886122
vn -0 0.569651723 -0.821886122
vn -0 0.569651723 -0.821886122
vn 0.36496219 0.00495199906 -0.931009233
vn 0.36496219 0.00495199906 -0.931009233
vn 0.36496219 0.00495199906 -0.931009233
vn 0.36496219 0.00495199906 -0.931009233
vn -0 -0.337387919 -0.941365719
vn -0 -0.337387919 -0.941365719
vn -0 -0.337387919 -0.941365719
vn -0 -0.337387919 -0.941365719
vn -0.365022719 0.00495282048 -0.930985451
vn -0.365022719 0.00495282048 -0.930985451
vn -0.365022719 0.00495282048 -0.930985451
vn -0.365022719 0.00495282048 -0.930985451
vn 0.821968436 0.56953299 0
vn 0.821968436 0.56953299 0
vn 0.821968436 0.56953299 0
vn 0.821968436 0.56953299 0
vn 0.931048155 0.00492433598 0.364862949
vn 0.931048155 0.00492433598 0.364862949
vn 0.931048155 0.00492433598 0.364862949
vn 0.931048155 0.00492433598 0.364862949
vn 0.941269517 -0.33765623 0
vn 0.941269517 -0.33765623 0
vn 0.941269517 -0.33765623 0
vn 0.941269517 -0.33765623 0
vn 0.931048155 0.00493268715 -0.364862949
vn 0.931048155 0.00493268715 -0.364862949
vn 0.931048155 0.00493268715 -0.364862949
vn 0.931048155 0.00493268715 -0.364862949
vn -0.821968436 0.56953299 0
vn -0.821968436 0.56953299 0
vn -0.821968436 0.56953299 0
vn -0.821968436 0.56953299 0
vn -0.931048155 0.00493268715 -0.364862949
vn -0.931048155 0.00493268715 -0.364862949
vn -0.931048155 0.00493268715 -0.364862949
vn -0.931048155 0.00493268715 -0.364862949
vn -0.941269517 -0.33765623 0
vn -0.941269517 -0.33765623 0
vn -0.941269517 -0.33765623 0
vn -0.941269517 -0.33765623 0
vn -0.931048155 0.00492433598 0.364862949
vn -0.931048155 0.00492433598 0.364862949
vn -0.931048155 0.00492433598 0.364862949
vn -0.931048155 0.00492433598 0.364862949
vn -0 0.421002895 0.907059312
vn -0 0.421002895 0.907059312
vn -0 0.421002895 0.907059312
vn -0 0.421002895 0.907059312
vn -0 0.712350428 -0.701824009
vn -0 0.712350428 -0.701824009
vn -0 0.712350428 -0.701824009
vn -0 0.712350428 -0.701824009
vn 0.914232433 -0.17143999 0.367134094
vn 0.914232433 -0.17143999 0.367134094
vn 0.914232433 -0.17143999 0.367134094
vn 0.914232433 -0.17143999 0.367134094
vn 0.383408666 0.0719808489 -0.920769632
vn 0.383408666 0.0719808489 -0.920769632
vn 0.383408666 0.0719808489 -0.920769632
vn 0.383408666 0.0719808489 -0.920769632
vn -0 -0.712255955 0.701919854
vn -0 -0.712255955 0.701919854
vn -0 -0.712255955 0.701919854
vn -0 -0.712255955 0.701919854
vn -0 -0.420820624 -0.907143891
vn -0 -0.420820624 -0.907143891
vn -0 -0.420820624 -0.907143891
vn -0 -0.420820624 -0.907143891
vn -0.914455354 -0.171481803 0.366558969
vn -0.914455354 -0.171481803 0.366558969
vn -0.914455354 -0.171481803 0.366558969
vn -0.914455354 -0.171481803 0.366558969
vn -0.38340959 0.0719461888 -0.920771837
vn -0.38340959 0.0719461888 -0.920771837
vn -0.38340959 0.0719461888 -0.920771837
vn -0.38340959 0.0719461888 -0.920771837
vn -0 0.420996398 0.907062292
vn -0 0.420996398 0.907062292
vn -0 0.420996398 0.907062292
vn -0 0.420996398 0.907062292
vn -0 0.712332487 -0.701842129
vn -0 0.712332487 -0.701842129
vn -0 0.712332487 -0.701842129
vn -0 0.712332487 -0.701842129
vn 0.914314926 -0.171488568 0.366905779
vn 0.914314926 -0.171488568 0.366905779
vn 0.914314926 -0.171488568 0.366905779
vn 0.914314926 -0.171488568 0.366905779
vn 0.383406878 0.0719116479 -0.920775771
vn 0.383406878 0.0719116479 -0.920775771
vn 0.383406878 0.0719116479 -0.920775771
vn 0.383406878 0.0719116479 -0.920775771
vn -0 -0.712252021 0.701923847
vn -0 -0.712252021 0.701923847
vn -0 -0.712252021 0.701923847
vn -0 -0.712252021 0.701923847
vn -0 -0.420820773 -0.907143772
vn -0 -0.420820773 -0.907143772
vn -0 -0.420820773 -0.907143772
vn -0 -0.420820773 -0.907143772
vn -0.914327979 -0.171407938 0.366911024
vn -0.914327979 -0.171407938 0.366911024
vn -0.914327979 -0.171407938 0.366911024
vn -0.914327979 -0.171407938 0.366911024
vn -0.383403122 0.0719117597 -0.920777202
vn -0.383403122 0.0719117597 -0.920777202
vn -0.383403122 0.0719117597 -0.920777202
vn -0.383403122 0.0719117597 -0.920777202
vn -0 0.421002895 -0.907059312
vn -0 0.421002895 -0.907059312
vn -0 0.421002895 -0.907059312
vn -0 0.421002895 -0.907059312
vn -0 0.712350428 0.701824009
vn -0 0.712350428 0.701824009
vn -0 0.712350428 0.701824009
vn -0 0.712350428 0.701824009
vn -0.914455354 -0.171481803 -0.366558969
vn -0.914455354 -0.171481803 -0.366558969
vn -0.914455354 -0.171481803 -0.366558969
vn -0.914455354 -0.171481803 -0.366558969
vn -0.38340959 0.0719461888 0.920771837
vn -0.38340959 0.0719461888 0.920771837
vn -0.38340959 0.0719461888 0.920771837
vn -0.38340959 0.0719461888 0.920771837
vn -0 -0.712255955 -0.701919854
vn -0 -0.712255955 -0.701919854
vn -0 -0.712255955 -0.701919854
vn -0 -0.712255955 -0.701919854
vn -0 -0.420989752 0.907065392
vn -0 -0.420989752 0.907065392
vn -0 -0.420989752 0.907065392
vn -0 -0.420989752 0.907065392
vn 0.914245486 -0.171359375 -0.367139339
vn 0.914245486 -0.171359375 -0.367139339
vn 0.914245486 -0.171359375 -0.367139339
vn 0.914245486 -0.171359375 -0.367139339
vn 0.38340959 0.0719461888 0.920771837
vn 0.38340959 0.0719461888 0.920771837
vn 0.38340959 0.0719461888 0.920771837
vn 0.38340959 0.0719461888 0.920771837
vn -0 0.420996398 -0.907062292
vn -0 0.420996398 -0.907062292
vn -0 0.420996398 -0.907062292
vn -0 0.420996398 -0.907062292
vn -0 0.712215185 0.70196116
vn -0 0.712215185 0.70196116
vn -0 0.712215185 0.70196116
vn -0 0.712215185 0.70196116
vn -0.914327979 -0.171407938 -0.366911024
vn -0.914327979 -0.171407938 -0.366911024
vn -0.914327979 -0.171407938 -0.366911024
vn -0.914327979 -0.171407938 -0.366911024
vn -0.383406878 0.0719116479 0.920775771
vn -0.383406878 0.0719116479 0.920775771
vn -0.383406878 0.0719116479 0.920775771
vn -0.383406878 0.0719116479 0.920775771
vn -0 -0.712252021 -0.701923847
vn -0 -0.712252021 -0.701923847
vn -0 -0.712252021 -0.701923847
vn -0 -0.712252021 -0.701923847
vn -0 -0.420820773 0.907143772
vn -0 -0.420820773 0.907143772
vn -0 -0.420820773 0.907143772
vn -0 -0.420820773 0.907143772
vn 0.914314926 -0.171488568 -0.366905779
vn 0.914314926 -0.171488568 -0.366905779
vn 0.914314926 -0.171488568 -0.366905779
vn 0.914314926 -0.171488568 -0.366905779
vn 0.383402199 0.0719464347 0.920774996
vn 0.383402199 0.0719464347 0.920774996
vn 0.383402199 0.0719464347 0.920774996
vn 0.383402199 0.0719464347 0.920774996
vn 0.907018244 0.421091348 0
vn 0.907018244 0.421091348 0
vn 0.907018244 0.421091348 0
vn 0.907018244 0.421091348 0
vn -0.701896846 0.712278545 0
vn -0.701896846 0.712278545 0
vn -0.701896846 0.712278545 0
vn -0.701896846 0.712278545 0
vn 0.366767108 -0.171526238 -0.914363563
vn 0.366767108 -0.171526238 -0.914363563
vn 0.366767108 -0.171526238 -0.914363563
vn 0.366767108 -0.171526238 -0.914363563
vn -0.9207775 0.071880348 -0.383408308
vn -0.9207775 0.071880348 -0.383408308
vn -0.9207775 0.071880348 -0.383408308
vn -0.9207775 0.071880348 -0.383408308
vn 0.701878011 -0.712297201 0
vn 0.701878011 -0.712297201 0
vn 0.701878011 -0.712297201 0
vn 0.701878011 -0.712297201 0
vn -0.907024682 -0.421077311 0
vn -0.907024682 -0.421077311 0
vn -0.907024682 -0.421077311 0
vn -0.907024682 -0.421077311 0
vn 0.366763324 -0.171446249 0.914380014
vn 0.366763324 -0.171446249 0.914380014
vn 0.366763324 -0.171446249 0.914380014
vn 0.366763324 -0.171446249 0.914380014
vn -0.920778215 0.0718800649 0.383406788
vn -0.920778215 0.0718800649 0.383406788
vn -0.920778215 0.0718800649 0.383406788
vn -0.920778215 0.0718800649 0.383406788
vn 0.907033443 0.421058714 0
vn 0.907033443 0.421058714 0
vn 0.907033443 0.421058714 0
vn 0.907033443 0.421058714 0
vn -0.701880753 0.7122944 0
vn -0.701880753 0.7122944 0
vn -0.701880753 0.7122944 0
vn -0.701880753 0.7122944 0
vn 0.367041767 -0.171405941 -0.914275825
vn 0.367041767 -0.171405941 -0.914275825
vn 0.367041767 -0.171405941 -0.914275825
vn 0.367041767 -0.171405941 -0.914275825
vn -0.92072767 0.0718768016 -0.383528739
vn -0.92072767 0.0718768016 -0.383528739
vn -0.92072767 0.0718768016 -0.383528739
vn -0.92072767 0.0718768016 -0.383528739
vn 0.701853693 -0.712321103 0
vn 0.701853693 -0.712321103 0
vn 0.701853693 -0.712321103 0
vn 0.701853693 -0.712321103 0
vn -0.907009423 -0.421110421 0
vn -0.907009423 -0.421110421 0
vn -0.907009423 -0.421110421 0
vn -0.907009423 -0.421110421 0
vn 0.367036581 -0.171486601 0.914262891
vn 0.367036581 -0.171486601 0.914262891
vn 0.367036581 -0.171486601 0.914262891
vn 0.367036581 -0.171486601 0.914262891
vn -0.920725346 0.0719114617 0.383527756
vn -0.920725346 0.0719114617 0.383527756
vn -0.920725346 0.0719114617 0.383527756
vn -0.920725346 0.0719114617 0.383527756
vn -0.907018244 0.421091348 0
vn -0.907018244 0.421091348 0
vn -0.907018244 0.421091348 0
vn -0.907018244 0.421091348 0
vn 0.701896846 0.712278545 0
vn 0.701896846 0.712278545 0
vn 0.701896846 0.712278545 0
vn 0.701896846 0.712278545 0
vn -0.366883785 -0.171497703 0.914322078
vn -0.366883785 -0.171497703 0.914322078
vn -0.366883785 -0.171497703 0.914322078
vn -0.366883785 -0.171497703 0.914322078
vn 0.920730591 0.0718418509 0.383528143
vn 0.920730591 0.0718418509 0.383528143
vn 0.920730591 0.0718418509 0.383528143
vn 0.920730591 0.0718418509 0.383528143
vn -0.701878011 -0.712297201 0
vn -0.701878011 -0.712297201 0
vn -0.701878011 -0.712297201 0
vn -0.701878011 -0.712297201 0
vn 0.907024682 -0.421077311 0
vn 0.907024682 -0.421077311 0
vn 0.907024682 -0.421077311 0
vn 0.907024682 -0.421077311 0
vn -0.366869569 -0.171579003 -0.914312541
vn -0.366869569 -0.171579003 -0.914312541
vn -0.366869569 -0.171579003 -0.914312541
vn -0.366869569 -0.171579003 -0.914312541
vn 0.920726657 0.0719108805 -0.383524686
vn 0.920726657 0.0719108805 -0.383524686
vn 0.920726657 0.0719108805 -0.383524686
vn 0.920726657 0.0719108805 -0.383524686
vn -0.907033443 0.421058714 0
vn -0.907033443 0.421058714 0
vn -0.907033443 0.421058714 0
vn -0.907033443 0.421058714 0
vn 0.701880753 0.7122944 0
vn 0.701880753 0.7122944 0
vn 0.701880753 0.7122944 0
vn 0.701880753 0.7122944 0
vn -0.366925061 -0.171434492 0.91431731
vn -0.366925061 -0.171434492 0.91431731
vn -0.366925061 -0.171434492 0.91431731
vn -0.366925061 -0.171434492 0.91431731
vn 0.920725346 0.0719114617 0.383527756
vn 0.920725346 0.0719114617 0.383527756
vn 0.920725346 0.0719114617 0.383527756
vn 0.920725346 0.0719114617 0.383527756
vn -0.701853693 -0.712321103 0
vn -0.701853693 -0.712321103 0
vn -0.701853693 -0.712321103 0
vn -0.701853693 -0.712321103 0
vn 0.907009423 -0.421110421 0
vn 0.907009423 -0.421110421 0
vn 0.907009423 -0.421110421 0
vn 0.907009423 -0.421110421 0
vn -0.366925061 -0.171434492 -0.91431731
vn -0.366925061 -0.171434492 -0.91431731
vn -0.366925061 -0.171434492 -0.91431731
vn -0.366925061 -0.171434492 -0.91431731
vn 0.92072767 0.0718768016 -0.383528739
vn 0.92072767 0.0718768016 -0.383528739
vn 0.92072767 0.0718768016 -0.383528739
vn 0.92072767 0.0718768016 -0.383528739
vn -0.847149253 0.531355023 0
vn -0.847149253 0.531355023 0
vn -0.847149253 0.531355023 0
vn -0.847149253 0.531355023 0
vn 0.794001639 0.60791564 0
vn 0.794001639 0.60791564 0
vn 0.794001639 0.60791564 0
vn 0.794001639 0.60791564 0
vn -0.385625541 -0.000254498213 0.922655344
vn -0.385625541 -0.000254498213 0.922655344
vn -0.385625541 -0.000254498213 0.922655344
vn -0.385625541 -0.000254498213 0.922655344
vn 0.924131632 -0.000102265338 0.382074147
vn 0.924131632 -0.000102265338 0.382074147
vn 0.924131632 -0.000102265338 0.382074147
vn 0.924131632 -0.000102265338 0.382074147
vn -0.821878254 -0.569663227 0
vn -0.821878254 -0.569663227 0
vn -0.821878254 -0.569663227 0
vn -0.821878254 -0.569663227 0
vn 0.821986377 -0.569507062 0
vn 0.821986377 -0.569507062 0
vn 0.821986377 -0.569507062 0
vn 0.821986377 -0.569507062 0
vn -0.385625541 -0.000236516498 -0.922655344
vn -0.385625541 -0.000236516498 -0.922655344
vn -0.385625541 -0.000236516498 -0.922655344
vn -0.385625541 -0.000236516498 -0.922655344
vn 0.924082637 -0.000112092603 -0.382192791
vn 0.924082637 -0.000112092603 -0.382192791
vn 0.924082637 -0.000112092603 -0.382192791
vn 0.924082637 -0.000112092603 -0.382192791
vn 0.847149253 0.531355023 0
vn 0.847149253 0.531355023 0
vn 0.847149253 0.531355023 0
vn 0.847149253 0.531355023 0
vn -0.794001639 0.60791564 0
vn -0.794001639 0.60791564 0
vn -0.794001639 0.60791564 0
vn -0.794001639 0.60791564 0
vn 0.385507524 -0.000236444088 -0.922704637
vn 0.385507524 -0.000236444088 -0.922704637
vn 0.385507524 -0.000236444088 -0.922704637
vn 0.385507524 -0.000236444088 -0.922704637
vn -0.924082637 -0.000112092603 -0.382192791
vn -0.924082637 -0.000112092603 -0.382192791
vn -0.924082637 -0.000112092603 -0.382192791
vn -0.924082637 -0.000112092603 -0.382192791
vn 0.821878254 -0.569663227 0
vn 0.821878254 -0.569663227 0
vn 0.821878254 -0.569663227 0
vn 0.821878254 -0.569663227 0
vn -0.821986377 -0.569507062 0
vn -0.821986377 -0.569507062 0
vn -0.821986377 -0.569507062 0
vn -0.821986377 -0.569507062 0
vn 0.385507524 -0.000254420331 0.922704637
vn 0.385507524 -0.000254420331 0.922704637
vn 0.385507524 -0.000254420331 0.922704637
vn 0.385507524 -0.000254420331 0.922704637
vn -0.924082637 -0.000102259917 0.382192791
vn -0.924082637 -0.000102259917 0.382192791
vn -0.924082637 -0.000102259917 0.382192791
vn -0.924082637 -0.000102259917 0.382192791
vn -0 0.531268954 -0.847203195
vn -0 0.531268954 -0.847203195
vn -0 0.531268954 -0.847203195
vn -0 0.531268954 -0.847203195
vn -0 0.607884526 0.794025421
vn -0 0.607884526 0.794025421
vn -0 0.607884526 0.794025421
vn -0 0.607884526 0.794025421
vn -0.382206917 -7.88633115E-05 0.924076736
vn -0.382206917 -7.88633115E-05 0.924076736
vn -0.382206917 -7.88633115E-05 0.924076736
vn -0.382206917 -7.88633115E-05 0.924076736
vn -0 -0.569550335 -0.821956336
vn -0 -0.569550335 -0.821956336
vn -0 -0.569550335 -0.821956336
vn -0 -0.569550335 -0.821956336
vn -0 -0.569440246 0.82203275
vn -0 -0.569440246 0.82203275
vn -0 -0.569440246 0.82203275
vn -0 -0.569440246 0.82203275
vn 0.922667086 -0.000240247202 -0.385597378
vn 0.922667086 -0.000240247202 -0.385597378
vn 0.922667086 -0.000240247202 -0.385597378
vn 0.922667086 -0.000240247202 -0.385597378
vn 0.382256001 -7.88734324E-05 0.92405647
vn 0.382256001 -7.88734324E-05 0.92405647
vn 0.382256001 -7.88734324E-05 0.92405647
vn 0.382256001 -7.88734324E-05 0.92405647
vn -0 0.531022549 0.84735769
vn -0 0.531022549 0.84735769
vn -0 0.531022549 0.84735769
vn -0 0.531022549 0.84735769
vn -0 0.608102381 -0.793858647
vn -0 0.608102381 -0.793858647
vn -0 0.608102381 -0.793858647
vn -0 0.608102381 -0.793858647
vn 0.922667086 -0.000232638282 0.385597378
vn 0.922667086 -0.000232638282 0.385597378
vn 0.922667086 -0.000232638282 0.385597378
vn 0.922667086 -0.000232638282 0.385597378
vn 0.382256001 -7.13455302E-05 -0.92405647
vn 0.382256001 -7.13455302E-05 -0.92405647
vn 0.382256001 -7.13455302E-05 -0.92405647
vn 0.382256001 -7.13455302E-05 -0.92405647
vn -0 -0.569797695 0.821784914
vn -0 -0.569797695 0.821784914
vn -0 -0.569797695 0.821784914
vn -0 -0.569797695 0.821784914
vn -0 -0.569657803 -0.82188195
vn -0 -0.569657803 -0.82188195
vn -0 -0.569657803 -0.82188195
vn -0 -0.569657803 -0.82188195
vn -0.922667086 -0.000232638282 0.385597378
vn -0.922667086 -0.000232638282 0.385597378
vn -0.922667086 -0.000232638282 0.385597378
vn -0.922667086 -0.000232638282 0.385597378
vn -0.382206917 -7.1336377E-05 -0.924076736
vn -0.382206917 -7.1336377E-05 -0.924076736
vn -0.382206917 -7.1336377E-05 -0.924076736
vn -0.382206917 -7.1336377E-05 -0.924076736
vn -0 0.569797695 0.821784914
vn -0 0.569797695 0.821784914
vn -0 0.569797695 0.821784914
vn -0 0.569797695 0.821784914
vn -0 0.569657803 -0.82188195
vn -0 0.569657803 -0.82188195
vn -0 0.569657803 -0.82188195
vn -0 0.569657803 -0.82188195
vn 0.919131815 0.000184539007 0.393950105
vn 0.919131815 0.000184539007 0.393950105
vn 0.919131815 0.000184539007 0.393950105
vn 0.919131815 0.000184539007 0.393950105
vn 0.380707979 7.60377443E-05 -0.924695253
vn 0.380707979 7.60377443E-05 -0.924695253
vn 0.380707979 7.60377443E-05 -0.924695253
vn 0.380707979 7.60377443E-05 -0.924695253
vn -0 -0.647081971 0.762420356
vn -0 -0.647081971 0.762420356
vn -0 -0.647081971 0.762420356
vn -0 -0.647081971 0.762420356
vn -0 -0.492511302 -0.870306075
vn -0 -0.492511302 -0.870306075
vn -0 -0.492511302 -0.870306075
vn -0 -0.492511302 -0.870306075
vn -0.919131815 0.000184539007 0.393950105
vn -0.919131815 0.000184539007 0.393950105
vn -0.919131815 0.000184539007 0.393950105
vn -0.919131815 0.000184539007 0.393950105
vn -0.380743772 7.60449038E-05 -0.924680591
vn -0.380743772 7.60449038E-05 -0.924680591
vn -0.380743772 7.60449038E-05 -0.924680591
vn -0.380743772 7.60449038E-05 -0.924680591
vn -0.747806549 0.663916767 0
vn -0.747806549 0.663916767 0
vn -0.747806549 0.663916767 0
vn -0.747806549 0.663916767 0
vn -0.92509979 -0.000819789828 -0.379723251
vn -0.92509979 -0.000819789828 -0.379723251
vn -0.92509979 -0.000819789828 -0.379723251
vn -0.92509979 -0.000819789828 -0.379723251
vn -0.821947932 -0.569562674 0
vn -0.821947932 -0.569562674 0
vn -0.821947932 -0.569562674 0
vn -0.821947932 -0.569562674 0
vn -0.925035834 -0.000816891785 0.379878819
vn -0.925035834 -0.000816891785 0.379878819
vn -0.925035834 -0.000816891785 0.379878819
vn -0.925035834 -0.000816891785 0.379878819
vn -0.822009623 0.569473624 0
vn -0.822009623 0.569473624 0
vn -0.822009623 0.569473624 0
vn -0.822009623 0.569473624 0
vn -0.923929274 0 -0.382563233
vn -0.923929274 0 -0.382563233
vn -0.923929274 0 -0.382563233
vn -0.923929274 0 -0.382563233
vn -0.821968436 -0.56953299 0
vn -0.821968436 -0.56953299 0
vn -0.821968436 -0.56953299 0
vn -0.821968436 -0.56953299 0
vn -0.92386657 0 0.382714629
vn -0.92386657 0 0.382714629
vn -0.92386657 0 0.382714629
vn -0.92386657 0 0.382714629
vn -0.821968436 0.56953299 0
vn -0.821968436 0.56953299 0
vn -0.821968436 0.56953299 0
vn -0.821968436 0.56953299 0
vn -0.923930883 0 -0.382559329
vn -0.923930883 0 -0.382559329
vn -0.923930883 0 -0.382559329
vn -0.923930883 0 -0.382559329
vn -0.821968436 -0.56953299 0
vn -0.821968436 -0.56953299 0
vn -0.821968436 -0.56953299 0
vn -0.821968436 -0.56953299 0
vn -0.923868239 0 0.382710755
vn -0.923868239 0 0.382710755
vn -0.923868239 0 0.382710755
vn -0.923868239 0 0.382710755
vn -0.821989059 0.569503307 0
vn -0.821989059 0.569503307 0
vn -0.821989059 0.569503307 0
vn -0.821989059 0.569503307 0
vn -0.923929274 0 -0.382563233
vn -0.923929274 0 -0.382563233
vn -0.923929274 0 -0.382563233
vn -0.923929274 0 -0.382563233
vn -0.821989059 -0.569503307 0
vn -0.821989059 -0.569503307 0
vn -0.821989059 -0.569503307 0
vn -0.821989059 -0.569503307 0
vn -0.923929274 0 0.382563233
vn -0.923929274 0 0.382563233
vn -0.923929274 0 0.382563233
vn -0.923929274 0 0.382563233
vn 0.747806549 0.663916767 0
vn 0.747806549 0.663916767 0
vn 0.747806549 0.663916767 0
vn 0.747806549 0.663916767 0
vn 0.92509979 -0.000816948304 0.379723251
vn 0.92509979 -0.000816948304 0.379723251
vn 0.92509979 -0.000816948304 0.379723251
vn 0.92509979 -0.000816948304 0.379723251
vn 0.821947932 -0.569562674 0
vn 0.821947932 -0.569562674 0
vn 0.821947932 -0.569562674 0
vn 0.821947932 -0.569562674 0
vn 0.92509979 -0.000819789828 -0.379723251
vn 0.92509979 -0.000819789828 -0.379723251
vn 0.92509979 -0.000819789828 -0.379723251
vn 0.92509979 -0.000819789828 -0.379723251
vn 0.822009623 0.569473624 0
vn 0.822009623 0.569473624 0
vn 0.822009623 0.569473624 0
vn 0.822009623 0.569473624 0
vn 0.923929274 0 0.382563233
vn 0.923929274 0 0.382563233
vn 0.923929274 0 0.382563233
vn 0.923929274 0 0.382563233
vn 0.821968436 -0.56953299 0
vn 0.821968436 -0.56953299 0
vn 0.821968436 -0.56953299 0
vn 0.821968436 -0.56953299 0
vn 0.923929274 0 -0.382563233
vn 0.923929274 0 -0.382563233
vn 0.923929274 0 -0.382563233
vn 0.923929274 0 -0.382563233
vn 0.821968436 0.56953299 0
vn 0.821968436 0.56953299 0
vn 0.821968436 0.56953299 0
vn 0.821968436 0.56953299 0
vn 0.923930883 0 0.382559329
vn 0.923930883 0 0.382559329
vn 0.923930883 0 0.382559329
vn 0.923930883 0 0.382559329
vn 0.821968436 -0.56953299 0
vn 0.821968436 -0.56953299 0
vn 0.821968436 -0.56953299 0
vn 0.821968436 -0.56953299 0
vn 0.923930883 0 -0.382559329
vn 0.923930883 0 -0.382559329
vn 0.923930883 0 -0.382559329
vn 0.923930883 0 -0.382559329
vn 0.821989059 0.569503307 0
vn 0.821989059 0.569503307 0
vn 0.821989059 0.569503307 0
vn 0.821989059 0.569503307 0
vn 0.923929274 0 0.382563233
vn 0.923929274 0 0.382563233
vn 0.923929274 0 0.382563233
vn 0.923929274 0 0.382563233
vn 0.821989059 -0.569503307 0
vn 0.821989059 -0.569503307 0
vn 0.821989059 -0.569503307 0
vn 0.821989059 -0.569503307 0
vn 0.923929274 0 -0.382563233
vn 0.923929274 0 -0.382563233
vn 0.923929274 0 -0.382563233
vn 0.923929274 0 -0.382563233
vn -0 0.664287746 -0.747476935
vn -0 0.664287746 -0.747476935
vn -0 0.664287746 -0.747476935
vn -0 0.664287746 -0.747476935
vn 0.379744202 -0.000842495472 -0.925091267
vn 0.379744202 -0.000842495472 -0.925091267
vn 0.379744202 -0.000842495472 -0.925091267
vn 0.379744202 -0.000842495472 -0.925091267
vn -0 -0.569681406 -0.821865618
vn -0 -0.569681406 -0.821865618
vn -0 -0.569681406 -0.821865618
vn -0 -0.569681406 -0.821865618
vn -0.379744202 -0.000842495472 -0.925091267
vn -0.379744202 -0.000842495472 -0.925091267
vn -0.379744202 -0.000842495472 -0.925091267
vn -0.379744202 -0.000842495472 -0.925091267
vn -0.382767797 0 -0.923844635
vn -0.382767797 0 -0.923844635
vn -0.382767797 0 -0.923844635
vn -0 0.56962204 -0.821906745
vn -0 0.56962204 -0.821906745
vn -0 0.56962204 -0.821906745
vn -0 0.56962204 -0.821906745
vn 0.382705033 0 -0.923870564
vn 0.382705033 0 -0.923870564
vn 0.382705033 0 -0.923870564
vn 0.382705033 0 -0.923870564
vn -0 -0.569681406 -0.821865618
vn -0 -0.569681406 -0.821865618
vn -0 -0.569681406 -0.821865618
vn -0 -0.569681406 -0.821865618
vn -0 0.56962204 -0.821906745
vn -0 0.56962204 -0.821906745
vn -0 0.56962204 -0.821906745
vn -0 0.56962204 -0.821906745
vn 0.382712156 0 -0.923867702
vn 0.382712156 0 -0.923867702
vn 0.382712156 0 -0.923867702
vn 0.382712156 0 -0.923867702
vn -0 -0.569681406 -0.821865618
vn -0 -0.569681406 -0.821865618
vn -0 -0.569681406 -0.821865618
vn -0 -0.569681406 -0.821865618
vn -0.38277486 0 -0.923841655
vn -0.38277486 0 -0.923841655
vn -0.38277486 0 -0.923841655
vn -0.38277486 0 -0.923841655
vn -0 0.56962204 -0.821906745
vn -0 0.56962204 -0.821906745
vn -0 0.56962204 -0.821906745
vn -0 0.56962204 -0.821906745
vn 0.382709801 0 -0.923868656
vn 0.382709801 0 -0.923868656
vn 0.382709801 0 -0.923868656
vn 0.382709801 0 -0.923868656
vn -0 -0.569651723 -0.821886122
vn -0 -0.569651723 -0.821886122
vn -0 -0.569651723 -0.821886122
vn -0 -0.569651723 -0.821886122
vn -0.382772505 0 -0.923842609
vn -0.382772505 0 -0.923842609
vn -0.382772505 0 -0.923842609
vn -0.382772505 0 -0.923842609
vn -0 0.664287746 0.747476935
vn -0 0.664287746 0.747476935
vn -0 0.664287746 0.747476935
vn -0 0.664287746 0.747476935
vn -0.379744202 -0.000839654007 0.925091267
vn -0.379744202 -0.000839654007 0.925091267
vn -0.379744202 -0.000839654007 0.925091267
vn -0.379744202 -0.000839654007 0.925091267
vn -0 -0.569681406 0.821865618
vn -0 -0.569681406 0.821865618
vn -0 -0.569681406 0.821865618
vn -0 -0.569681406 0.821865618
vn 0.379744202 -0.000839654007 0.925091267
vn 0.379744202 -0.000839654007 0.925091267
vn 0.379744202 -0.000839654007 0.925091267
vn 0.379744202 -0.000839654007 0.925091267
vn -0 0.56962204 0.821906745
vn -0 0.56962204 0.821906745
vn -0 0.56962204 0.821906745
vn -0 0.56962204 0.821906745
vn -0.382767797 0 0.923844635
vn -0.382767797 0 0.923844635
vn -0.382767797 0 0.923844635
vn -0.382767797 0 0.923844635
vn -0 -0.569681406 0.821865618
vn -0 -0.569681406 0.821865618
vn -0 -0.569681406 0.821865618
vn -0 -0.569681406 0.821865618
vn 0.382705033 0 0.923870564
vn 0.382705033 0 0.923870564
vn 0.382705033 0 0.923870564
vn 0.382705033 0 0.923870564
vn -0 0.56962204 0.821906745
vn -0 0.56962204 0.821906745
vn -0 0.56962204 0.821906745
vn -0 0.56962204 0.821906745
vn -0.38277486 0 0.923841655
vn -0.38277486 0 0.923841655
vn -0.38277486 0 0.923841655
vn -0.38277486 0 0.923841655
vn -0 -0.569681406 0.821865618
vn -0 -0.569681406 0.821865618
vn -0 -0.569681406 0.821865618
vn -0 -0.569681406 0.821865618
vn 0.382712156 0 0.923867702
vn 0.382712156 0 0.923867702
vn 0.382712156 0 0.923867702
vn 0.382712156 0 0.923867702
vn -0 0.56962204 0.821906745
vn -0 0.56962204 0.821906745
vn -0 0.56962204 0.821906745
vn -0 0.56962204 0.821906745
vn -0.382772505 0 0.923842609
vn -0.382772505 0 0.923842609
vn -0.382772505 0 0.923842609
vn -0.382772505 0 0.923842609
vn -0 -0.569651723 0.821886122
vn -0 -0.569651723 0.821886122
vn -0 -0.569651723 0.821886122
vn -0 -0.569651723 0.821886122
vn 0.382772505 0 0.923842609
vn 0.382772505 0 0.923842609
vn 0.382772505 0 0.923842609
vn 0.382772505 0 0.923842609
vn -0.499931604 0 -0.866064847
vn -0.499931604 0 -0.866064847
vn -0.499931604 0 -0.866064847
vn -0.499931604 0 -0.866064847
vn 0.499931604 0 -0.866064847
vn 0.499931604 0 -0.866064847
vn 0.499931604 0 -0.866064847
vn 0.499931604 0 -0.866064847
vn 0.499931604 0 0.866064847
vn 0.499931604 0 0.866064847
vn 0.499931604 0 0.866064847
vn 0.499931604 0 0.866064847
vn -1 0 0
vn -1 0 0
vn -1 0 0
vn -1 0 0
vn 1 0 0
vn 1 0 0
vn 1 0 0
vn 1 0 0
vn -0.499931604 0 0.866064847
vn -0.499931604 0 0.866064847
vn -0.499931604 0 0.866064847
vn -0.499931604 0 0.866064847
vn 0.316680014 0.773769855 -0.548629045
vn 0.316680014 0.773769855 -0.548629045
vn 0.316680014 0.773769855 -0.548629045
vn 0.316680014 0.773769855 -0.548629045
vn 0.316680014 0.773769855 0.548629045
vn 0.316680014 0.773769855 0.548629045
vn 0.316680014 0.773769855 0.548629045
vn 0.316680014 0.773769855 0.548629045
vn -0.633522928 0.7737239 0
vn -0.633522928 0.7737239 0
vn -0.633522928 0.7737239 0
vn -0.633522928 0.7737239 0
vn 0.633522928 0.7737239 0
vn 0.633522928 0.7737239 0
vn 0.633522928 0.7737239 0
vn 0.633522928 0.7737239 0
vn -0.316653013 0.773814142 0.548582256
vn -0.316653013 0.773814142 0.548582256
vn -0.316653013 0.773814142 0.548582256
vn -0.316653013 0.773814142 0.548582256
vn -0.316680014 0.773769855 -0.548629045
vn -0.316680014 0.773769855 -0.548629045
vn -0.316680014 0.773769855 -0.548629045
vn -0.316680014 0.773769855 -0.548629045
vn 1 0 0
vn 1 0 0
vn 1 0 0
vn 1 0 0
vn -0.499938339 0 0.866061032
vn -0.499938339 0 0.866061032
vn -0.499938339 0 0.866061032
vn -0.499938339 0 0.866061032
vn -0.499938339 0 -0.866061032
vn -0.499938339 0 -0.866061032
vn -0.499938339 0 -0.866061032
vn -0.499938339 0 -0.866061032
vn 0.500010252 0 -0.866019428
vn 0.500010252 0 -0.866019428
vn 0.500010252 0 -0.866019428
vn 0.500010252 0 -0.866019428
vn 0.500010252 0 0.866019428
vn 0.500010252 0 0.866019428
vn 0.500010252 0 0.866019428
vn 0.500010252 0 0.866019428
vn -1 0 0
vn -1 0 0
vn -1 0 0
vn -1 0 0
vn 1.73058288E-05 1 0
vn 1.73058288E-05 1 0
vn 1.73058288E-05 1 0
vn 1.73058288E-05 1 0
vn 1.73058288E-05 1 0
vn 1.73058288E-05 1 0
vn -1 0 0
vn -1 0 0
vn -1 0 0
vn -1 0 0
vn -1 0 0
vn -1 0 0
vn -1 0 0
vn -1 0 0
vn -1 0 0
vn -1 0 0
vn 0.499965727 0 0.866045177
vn 0.499965727 0 0.866045177
vn 0.499965727 0 0.866045177
vn 0.499965727 0 0.866045177
vn 0.499965727 0 0.866045177
vn 0.499965727 0 0.866045177
vn 0.499967843 0 0.866044044
vn 0.499967843 0 0.866044044
vn 0.499958724 0 0.86604923
vn 0.499958724 0 0.86604923
vn 0.499965727 0 -0.866045177
vn 0.499965727 0 -0.866045177
vn 0.499965727 0 -0.866045177
vn 0.499965727 0 -0.866045177
vn 0.499965727 0 -0.866045177
vn 0.499965727 0 -0.866045177
vn 0.499967843 0 -0.866044044
vn 0.499967843 0 -0.866044044
vn 0.499958724 0 -0.86604923
vn 0.499958724 0 -0.86604923
vn -0.499965727 0 -0.866045177
vn -0.499965727 0 -0.866045177
vn -0.499965727 0 -0.866045177
vn -0.499965727 0 -0.866045177
vn -0.499965727 0 -0.866045177
vn -0.499965727 0 -0.866045177
vn -0.499967843 0 -0.866044044
vn -0.499967843 0 -0.866044044
vn -0.499958724 0 -0.86604923
vn -0.499958724 0 -0.86604923
vn -0.499965727 0 0.866045177
vn -0.499965727 0 0.866045177
vn -0.499965727 0 0.866045177
vn -0.499965727 0 0.866045177
vn -0.499965727 0 0.866045177
vn -0.499965727 0 0.866045177
vn -0.499967843 0 0.866044044
vn -0.499967843 0 0.866044044
vn -0.499958724 0 0.86604923
vn -0.499958724 0 0.86604923
vn 1 0 0
vn 1 0 0
vn 1 0 0
vn 1 0 0
vn 1 0 0
vn 1 0 0
vn 1 0 0
vn 1 0 0
vn 1 0 0
vn 1 0 0
vn -0.803979337 0.594657123 0
vn -0.803979337 0.594657123 0
vn -0.803979337 0.594657123 0
vn -0.803979337 0.594657123 0
vn 0.40195182 0.594760716 0.696200073
vn 0.40195182 0.594760716 0.696200073
vn 0.40195182 0.594760716 0.696200073
vn 0.40195182 0.594760716 0.696200073
vn 0.401984036 0.594673693 -0.696255863
vn 0.401984036 0.594673693 -0.696255863
vn 0.401984036 0.594673693 -0.696255863
vn 0.401984036 0.594673693 -0.696255863
vn -0.401984036 0.594673693 -0.696255863
vn -0.401984036 0.594673693 -0.696255863
vn -0.401984036 0.594673693 -0.696255863
vn -0.401984036 0.594673693 -0.696255863
vn -0.40195182 0.594760716 0.696200073
vn -0.40195182 0.594760716 0.696200073
vn -0.40195182 0.594760716 0.696200073
vn -0.40195182 0.594760716 0.696200073
vn 0.803979337 0.594657123 0
vn 0.803979337 0.594657123 0
vn 0.803979337 0.594657123 0
vn 0.803979337 0.594657123 0
vn 0.804009199 -0.59461689 0
vn 0.804009199 -0.59461689 0
vn 0.804009199 -0.59461689 0
vn 0.804009199 -0.59461689 0
vn -0.401956439 -0.594692826 0.696255326
vn -0.401956439 -0.594692826 0.696255326
vn -0.401956439 -0.594692826 0.696255326
vn -0.401956439 -0.594692826 0.696255326
vn -0.402002752 -0.59460175 -0.696306407
vn -0.402002752 -0.59460175 -0.696306407
vn -0.402002752 -0.59460175 -0.696306407
vn -0.402002752 -0.59460175 -0.696306407
vn 0.402026355 -0.594661534 -0.696241677
vn 0.402026355 -0.594661534 -0.696241677
vn 0.402026355 -0.594661534 -0.696241677
vn 0.402026355 -0.594661534 -0.696241677
vn 0.401976079 -0.594831645 0.696125448
vn 0.401976079 -0.594831645 0.696125448
vn 0.401976079 -0.594831645 0.696125448
vn 0.401976079 -0.594831645 0.696125448
vn -0.804009199 -0.59461689 0
vn -0.804009199 -0.59461689 0
vn -0.804009199 -0.59461689 0
vn -0.804009199 -0.59461689 0
vn -0 0 -1
vn -0 0 -1
vn -0 0 -1
vn -0 0 -1
vn -0 0 1
vn -0 0 1
vn -0 0 1
vn -0 0 1
vn -1 0 0
vn -1 0 0
vn -1 0 0
vn -1 0 0
vn 1 0 0
vn 1 0 0
vn 1 0 0
vn 1 0 0
vn -0 0 1
vn -0 0 1
vn -0 0 1
vn -0 0 1
vn -0 0 1
vn -0 0 1
vn -0 0 1
vn -0 0 1
vn -0 0 1
vn -0 0 1
vn -0 0 1
vn -0 0 1
vn -0 0 1
vn -0 0 1
vn -0 0 1
vn -0 0 1
vn -0 0 1
vn -0 0 1
vn -0 0 1
vn -0 0 1
vn -1 0 0
vn -1 0 0
vn -1 0 0
vn -1 0 0
vn -1 0 0
vn -1 0 0
vn -1 0 0
vn -1 0 0
vn -1 0 0
vn -1 0 0
vn -1 0 0
vn -1 0 0
vn -1 0 0
vn -1 0 0
vn -1 0 0
vn -1 0 0
vn -1 0 0
vn -1 0 0
vn -1 0 0
vn -1 0 0
vn -0 0 -1
vn -0 0 -1
vn -0 0 -1
vn -0 0 -1
vn -0 0 -1
vn -0 0 -1
vn -0 0 -1
vn -0 0 -1
vn -0 0 -1
vn -0 0 -1
vn -0 0 -1
vn -0 0 -1
vn -0 0 -1
vn -0 0 -1
vn -0 0 -1
vn -0 0 -1
vn -0 0 -1
vn -0 0 -1
vn -0 0 -1
vn -0 0 -1
vn 1 0 0
vn 1 0 0
vn 1 0 0
vn 1 0 0
vn 1 0 0
vn 1 0 0
vn 1 0 0
vn 1 0 0
vn 1 0 0
vn 1 0 0
vn 1 0 0
vn 1 0 0
vn 1 0 0
vn 1 0 0
vn 1 0 0
vn 1 0 0
vn 1 0 0
vn 1 0 0
vn 1 0 0
vn 1 0 0
vn -0.450635046 0.556546748 0.69798547
vn -0.450635046 0.556546748 0.69798547
vn -0.450635046 0.556546748 0.69798547
vn -0.450635046 0.556546748 0.69798547
vn -0.450635046 0.556546748 0.69798547
vn -0.450635046 0.556546748 0.69798547
vn 0.450626433 -0.556551814 -0.69798702
vn 0.450626433 -0.556551814 -0.69798702
vn 0.450626433 -0.556551814 -0.69798702
vn 0.450626433 -0.556551814 -0.69798702
vn 0.450626433 -0.556551814 -0.69798702
vn 0.450626433 -0.556551814 -0.69798702
vn 0.673701346 0.591024697 -0.443639785
vn 0.673701346 0.591024697 -0.443639785
vn 0.673701346 0.591024697 -0.443639785
vn 0.673701346 0.591024697 -0.443639785
vn 0.424856037 -0.74997133 0.506991386
vn 0.424856037 -0.74997133 0.506991386
vn 0.424856037 -0.74997133 0.506991386
vn 0.424856037 -0.74997133 0.506991386
vn -0.730950892 -0.289256662 -0.61809504
vn -0.730950892 -0.289256662 -0.61809504
vn -0.730950892 -0.289256662 -0.61809504
vn -0.730950892 -0.289256662 -0.61809504
vn 0.969208598 -0.00689264154 0.246144712
vn 0.969208598 -0.00689264154 0.246144712
vn 0.969208598 -0.00689264154 0.246144712
vn 0.969208598 -0.00689264154 0.246144712
vn -0.436448842 -0.896942973 0.0707501769
vn -0.436448842 -0.896942973 0.0707501769
vn -0.436448842 -0.896942973 0.0707501769
vn -0.436448842 -0.896942973 0.0707501769
vn -0.181221858 0.447519422 -0.875719786
vn -0.181221858 0.447519422 -0.875719786
vn -0.181221858 0.447519422 -0.875719786
vn -0.181221858 0.447519422 -0.875719786
vn 0.420222104 0.425127625 0.801673174
vn 0.420222104 0.425127625 0.801673174
vn 0.420222104 0.425127625 0.801673174
vn 0.420222104 0.425127625 0.801673174
vn 0.420222104 0.425127625 0.801673174
vn 0.420222104 0.425127625 0.801673174
vn -0.420182973 -0.425235987 -0.801636279
vn -0.420182973 -0.425235987 -0.801636279
vn -0.420182973 -0.425235987 -0.801636279
vn -0.420182973 -0.425235987 -0.801636279
vn -0.420182973 -0.425235987 -0.801636279
vn -0.420182973 -0.425235987 -0.801636279
vn -0.00107935898 0.693618357 -0.720341802
vn -0.00107935898 0.693618357 -0.720341802
vn -0.00107935898 0.693618357 -0.720341802
vn -0.00107935898 0.693618357 -0.720341802
vn 0.591425896 -0.775558591 -0.220735341
vn 0.591425896 -0.775558591 -0.220735341
vn 0.591425896 -0.775558591 -0.220735341
vn 0.591425896 -0.775558591 -0.220735341
vn -0.920424163 -0.260834694 0.291178018
vn -0.920424163 -0.260834694 0.291178018
vn -0.920424163 -0.260834694 0.291178018
vn -0.920424163 -0.260834694 0.291178018
vn 0.695268929 0.0339142084 -0.717949092
vn 0.695268929 0.0339142084 -0.717949092
vn 0.695268929 0.0339142084 -0.717949092
vn 0.695268929 0.0339142084 -0.717949092
vn -0.226720944 -0.929352403 0.291379124
vn -0.226720944 -0.929352403 0.291379124
vn -0.226720944 -0.929352403 0.291379124
vn -0.226720944 -0.929352403 0.291379124
vn -0.813008845 0.543031693 -0.210079029
vn -0.813008845 0.543031693 -0.210079029
vn -0.813008845 0.543031693 -0.210079029
vn -0.813008845 0.543031693 -0.210079029
vn -0.279321939 0.121127531 -0.952526748
vn -0.279321939 0.121127531 -0.952526748
vn -0.279321939 0.121127531 -0.952526748
vn -0.279321939 0.121127531 -0.952526748
vn -0.279321939 0.121127531 -0.952526748
vn -0.279321939 0.121127531 -0.952526748
vn 0.279326379 -0.121224292 0.952513278
vn 0.279326379 -0.121224292 0.952513278
vn 0.279326379 -0.121224292 0.952513278
vn 0.279326379 -0.121224292 0.952513278
vn 0.279326379 -0.121224292 0.952513278
vn 0.279326379 -0.121224292 0.952513278
vn -0.75194937 0.363295555 0.550080478
vn -0.75194937 0.363295555 0.550080478
vn -0.75194937 0.363295555 0.550080478
vn -0.75194937 0.363295555 0.550080478
vn 0.125883088 -0.984889269 0.118939176
vn 0.125883088 -0.984889269 0.118939176
vn 0.125883088 -0.984889269 0.118939176
vn 0.125883088 -0.984889269 0.118939176
vn 0.85484153 0.509399712 0.0987823457
vn 0.85484153 0.509399712 0.0987823457
vn 0.85484153 0.509399712 0.0987823457
vn 0.85484153 0.509399712 0.0987823457
vn -0.705816388 -0.575228512 0.413443178
vn -0.705816388 -0.575228512 0.413443178
vn -0.705816388 -0.575228512 0.413443178
vn -0.705816388 -0.575228512 0.413443178
vn 0.902591705 -0.428680122 -0.0395158269
vn 0.902591705 -0.428680122 -0.0395158269
vn 0.902591705 -0.428680122 -0.0395158269
vn 0.902591705 -0.428680122 -0.0395158269
vn 0.0263038855 0.916540921 0.399075001
vn 0.0263038855 0.916540921 0.399075001
vn 0.0263038855 0.916540921 0.399075001
vn 0.0263038855 0.916540921 0.399075001
vn -0.970439017 0.24134624 0
vn -0.970439017 0.24134624 0
vn -0.970439017 0.24134624 0
vn -0.970439017 0.24134624 0
vn -0 0.241282403 -0.970454991
vn -0 0.241282403 -0.970454991
vn -0 0.241282403 -0.970454991
vn -0 0.241282403 -0.970454991
vn 0.970439017 0.24134624 0
vn 0.970439017 0.24134624 0
vn 0.970439017 0.24134624 0
vn 0.970439017 0.24134624 0
vn -0 0.241144419 0.970489204
vn -0 0.241144419 0.970489204
vn -0 0.241144419 0.970489204
vn -0 0.241144419 0.970489204
vn -0 1 0
vn -0 1 0
vn -0 1 0
vn -0 1 0
vn -0.97043699 0.24135457 0
vn -0.97043699 0.24135457 0
vn -0.97043699 0.24135457 0
vn -0.97043699 0.24135457 0
vn -0 0.241300553 -0.970450401
vn -0 0.241300553 -0.970450401
vn -0 0.241300553 -0.970450401
vn -0 0.241300553 -0.970450401
vn 0.97043699 0.24135457 0
vn 0.97043699 0.24135457 0
vn 0.97043699 0.24135457 0
vn 0.97043699 0.24135457 0
vn -0 0.241162583 0.970484734
vn -0 0.241162583 0.970484734
vn -0 0.241162583 0.970484734
vn -0 0.241162583 0.970484734
vn -0 1 0
vn -0 1 0
vn -0 1 0
vn -0 1 0
vn -0.970442951 0.241330758 0
vn -0.970442951 0.241330758 0
vn -0.970442951 0.241330758 0
vn -0.970442951 0.241330758 0
vn -0 0.241282403 -0.970454991
vn -0 0.241282403 -0.970454991
vn -0 0.241282403 -0.970454991
vn -0 0.241282403 -0.970454991
vn 0.970442951 0.241330758 0
vn 0.970442951 0.241330758 0
vn 0.970442951 0.241330758 0
vn 0.970442951 0.241330758 0
vn -0 0.241144419 0.970489204
vn -0 0.241144419 0.970489204
vn -0 0.241144419 0.970489204
vn -0 0.241144419 0.970489204
vn -0 1 0
vn -0 1 0
vn -0 1 0
vn -0 1 0
vn -0.970440745 0.241339564 0
vn -0.970440745 0.241339564 0
vn -0.970440745 0.241339564 0
vn -0.970440745 0.241339564 0
vn -0 0.241282403 -0.970454991
vn -0 0.241282403 -0.970454991
vn -0 0.241282403 -0.970454991
vn -0 0.241282403 -0.970454991
vn 0.970440745 0.241339564 0
vn 0.970440745 0.241339564 0
vn 0.970440745 0.241339564 0
vn 0.970440745 0.241339564 0
vn -0 0.241144419 0.970489204
vn -0 0.241144419 0.970489204
vn -0 0.241144419 0.970489204
vn -0 0.241144419 0.970489204
vn -0 1 0
vn -0 1 0
vn -0 1 0
vn -0 1 0
vn -0.9704386 0.241348013 0
vn -0.9704386 0.241348013 0
vn -0.9704386 0.241348013 0
vn -0.9704386 0.241348013 0
vn -0 0.241282403 -0.970454991
vn -0 0.241282403 -0.970454991
vn -0 0.241282403 -0.970454991
vn -0 0.241282403 -0.970454991
vn 0.9704386 0.241348013 0
vn 0.9704386 0.241348013 0
vn 0.9704386 0.241348013 0
vn 0.9704386 0.241348013 0
vn -0 0.241144419 0.970489204
vn -0 0.241144419 0.970489204
vn -0 0.241144419 0.970489204
vn -0 0.241144419 0.970489204
vn -0 1 0
vn -0 1 0
vn -0 1 0
vn -0 1 0
vn -0 1 0
vn -0 1 0
vn -0 1 0
vn -0 1 0
vn -0 1 0
vn -0 1 0
vn -0 1 0
vn -0 1 0
vn -0 1 0
vn -0 1 0
vn -0 1 0
vn -0 1 0
vn -0 1 0
vn -0 1 0
vn -0 1 0
vn -0 1 0
vn -0 1 0
vn -0 1 0
vn -0 1 0
vn -0 1 0
vn -0 1 0
vn -0 1 0
vn -0 1 0
vn -0 1 0
vn -0 1 0
vn -0 1 0
vn -0 1 0
vn -0 1 0
vn -0 1 0
vn -0 1 0
vn -0 1 0
vn -0 1 0
vn -0 1 0
vn -0 1 0
vn -0 1 0
vn -0 1 0
vn -0 1 0
vn -0 1 0
vn -0 1 0
vn -0 1 0
vn -0 1 0
g other-buildings_LP_0
f 3/3/3 2/2/2 1/1/1
f 6/6/6 5/5/5 4/4/4
f 9/9/9 8/8/8 7/7/7
f 12/12/12 11/11/11 10/10/10
f 14/14/14 13/13/13 12/12/12
f 16/16/16 13/13/13 15/15/15
f 17/17/17 16/16/16 15/15/15
f 17/17/17 15/15/15 18/18/18
f 15/15/15 19/19/19 18/18/18
f 18/18/18 19/19/19 20/20/20
f 21/21/21 18/18/18 20/20/20
f 21/21/21 20/20/20 22/22/22
f 20/20/20 23/23/23 22/22/22
f 26/26/26 25/25/25 24/24/24
f 29/29/29 28/28/28 27/27/27
f 32/32/32 31/31/31 30/30/30
f 35/35/35 34/34/34 33/33/33
f 38/38/38 37/37/37 36/36/36
f 41/41/41 40/40/40 39/39/39
f 44/44/44 43/43/43 42/42/42
f 47/47/47 46/46/46 45/45/45
f 50/50/50 49/49/49 48/48/48
f 53/53/53 52/52/52 51/51/51
f 56/56/56 55/55/55 54/54/54
f 59/59/59 58/58/58 57/57/57
f 62/62/62 61/61/61 60/60/60
f 65/65/65 64/64/64 63/63/63
f 68/68/68 67/67/67 66/66/66
f 71/71/71 70/70/70 69/69/69
f 74/74/74 73/73/73 72/72/72
f 77/77/77 76/76/76 75/75/75
f 80/80/80 79/79/79 78/78/78
f 83/83/83 82/82/82 81/81/81
f 86/86/86 85/85/85 84/84/84
f 89/89/89 88/88/88 87/87/87
f 92/92/92 91/91/91 90/90/90
f 95/95/95 94/94/94 93/93/93
f 98/98/98 97/97/97 96/96/96
f 101/101/101 100/100/100 99/99/99
f 104/104/104 103/103/103 102/102/102
f 107/107/107 106/106/106 105/105/105
f 110/110/110 109/109/109 108/108/108
f 113/113/113 112/112/112 111/111/111
f 116/116/116 115/115/115 114/114/114
f 119/119/119 118/118/118 117/117/117
f 122/122/122 121/121/121 120/120/120
f 125/125/125 124/124/124 123/123/123
f 128/128/128 127/127/127 126/126/126
f 131/131/131 130/130/130 129/129/129
f 134/134/134 133/133/133 132/132/132
f 137/137/137 136/136/136 135/135/135
f 140/140/140 139/139/139 138/138/138
f 143/143/143 142/142/142 141/141/141
f 146/146/146 145/145/145 144/144/144
f 149/149/149 148/148/148 147/147/147
f 152/152/152 151/151/151 150/150/150
f 155/155/155 154/154/154 153/153/153
f 158/158/158 157/157/157 156/156/156
f 161/161/161 160/160/160 159/159/159
f 164/164/164 163/163/163 162/162/162
f 167/167/167 166/166/166 165/165/165
f 170/170/170 169/169/169 168/168/168
f 173/173/173 172/172/172 171/171/171
f 176/176/176 175/175/175 174/174/174
f 179/179/179 178/178/178 177/177/177
f 182/182/182 181/181/181 180/180/180
f 185/185/185 184/184/184 183/183/183
f 188/188/188 187/187/187 186/186/186
f 191/191/191 190/190/190 189/189/189
f 194/194/194 193/193/193 192/192/192
f 197/197/197 196/196/196 195/195/195
f 200/200/200 199/199/199 198/198/198
f 203/203/203 202/202/202 201/201/201
f 206/206/206 205/205/205 204/204/204
f 209/209/209 208/208/208 207/207/207
f 212/212/212 211/211/211 210/210/210
f 215/215/215 214/214/214 213/213/213
f 218/218/218 217/217/217 216/216/216
f 221/221/221 220/220/220 219/219/219
f 224/224/224 223/223/223 222/222/222
f 227/227/227 226/226/226 225/225/225
f 230/230/230 229/229/229 228/228/228
f 233/233/233 232/232/232 231/231/231
f 236/236/236 235/235/235 234/234/234
f 239/239/239 238/238/238 237/237/237
f 242/242/242 241/241/241 240/240/240
f 245/245/245 244/244/244 243/243/243
f 247/247/247 244/244/244 246/246/246
f 247/247/247 248/248/248 244/244/244
f 248/248/248 249/249/249 244/244/244
f 250/250/250 249/249/249 248/248/248
f 253/253/253 252/252/252 251/251/251
f 256/256/256 255/255/255 254/254/254
f 259/259/259 258/258/258 257/257/257
f 261/261/261 257/257/257 260/260/260
f 257/257/257 262/262/262 260/260/260
f 257/257/257 263/263/263 262/262/262
f 263/263/263 264/264/264 262/262/262
f 267/267/267 266/266/266 265/265/265
f 269/269/269 266/266/266 268/268/268
f 270/270/270 269/269/269 268/268/268
f 272/272/272 271/271/271 270/270/270
f 273/273/273 272/272/272 270/270/270
f 274/274/274 272/272/272 273/273/273
f 275/275/275 274/274/274 273/273/273
f 278/278/278 277/277/277 276/276/276
f 277/277/277 280/280/280 279/279/279
f 280/280/280 281/281/281 279/279/279
f 284/284/284 283/283/283 282/282/282
f 287/287/287 286/286/286 285/285/285
f 290/290/290 289/289/289 288/288/288
f 293/293/293 292/292/292 291/291/291
f 296/296/296 295/295/295 294/294/294
f 299/299/299 298/298/298 297/297/297
f 302/302/302 301/301/301 300/300/300
f 302/302/302 304/304/304 303/303/303
f 304/304/304 305/305/305 303/303/303
f 307/307/307 306/306/306 305/305/305
f 306/306/306 308/308/308 305/305/305
f 306/306/306 309/309/309 308/308/308
f 309/309/309 310/310/310 308/308/308
f 313/313/313 312/312/312 311/311/311
f 316/316/316 315/315/315 314/314/314
f 317/317/317 316/316/316 314/314/314
f 320/320/320 319/319/319 318/318/318
f 321/321/321 320/320/320 318/318/318
f 324/324/324 323/323/323 322/322/322
f 325/325/325 324/324/324 322/322/322
f 328/328/328 327/327/327 326/326/326
f 329/329/329 328/328/328 326/326/326
f 332/332/332 331/331/331 330/330/330
f 333/333/333 332/332/332 330/330/330
f 336/336/336 335/335/335 334/334/334
f 337/337/337 336/336/336 334/334/334
f 340/340/340 339/339/339 338/338/338
f 341/341/341 340/340/340 338/338/338
f 340/340/340 341/341/341 342/342/342
f 341/341/341 343/343/343 342/342/342
f 338/338/338 345/345/345 344/344/344
f 346/346/346 338/338/338 344/344/344
f 344/344/344 347/347/347 346/346/346
f 347/347/347 348/348/348 346/346/346
f 348/348/348 347/347/347 349/349/349
f 347/347/347 350/350/350 349/349/349
f 350/350/350 351/351/351 349/349/349
f 351/351/351 352/352/352 349/349/349
f 355/355/355 354/354/354 353/353/353
f 356/356/356 355/355/355 353/353/353
f 359/359/359 358/358/358 357/357/357
f 360/360/360 359/359/359 357/357/357
f 363/363/363 362/362/362 361/361/361
f 364/364/364 363/363/363 361/361/361
f 367/367/367 366/366/366 365/365/365
f 368/368/368 367/367/367 365/365/365
f 371/371/371 370/370/370 369/369/369
f 372/372/372 371/371/371 369/369/369
f 375/375/375 374/374/374 373/373/373
f 376/376/376 375/375/375 373/373/373
f 379/379/379 378/378/378 377/377/377
f 380/380/380 379/379/379 377/377/377
f 383/383/383 382/382/382 381/381/381
f 384/384/384 383/383/383 381/381/381
f 387/387/387 386/386/386 385/385/385
f 388/388/388 387/387/387 385/385/385
f 391/391/391 390/390/390 389/389/389
f 392/392/392 391/391/391 389/389/389
f 395/395/395 394/394/394 393/393/393
f 396/396/396 395/395/395 393/393/393
f 399/399/399 398/398/398 397/397/397
f 400/400/400 399/399/399 397/397/397
f 403/403/403 402/402/402 401/401/401
f 404/404/404 403/403/403 401/401/401
f 407/407/407 406/406/406 405/405/405
f 408/408/408 407/407/407 405/405/405
f 411/411/411 410/410/410 409/409/409
f 412/412/412 411/411/411 409/409/409
f 415/415/415 414/414/414 413/413/413
f 416/416/416 415/415/415 413/413/413
f 418/418/418 416/416/416 417/417/417
f 416/416/416 419/419/419 417/417/417
f 419/419/419 420/420/420 417/417/417
f 420/420/420 421/421/421 417/417/417
f 420/420/420 422/422/422 421/421/421
f 422/422/422 423/423/423 421/421/421
f 425/425/425 424/424/424 422/422/422
f 426/426/426 425/425/425 422/422/422
f 429/429/429 428/428/428 427/427/427
f 430/430/430 429/429/429 427/427/427
f 433/433/433 432/432/432 431/431/431
f 434/434/434 433/433/433 431/431/431
f 433/433/433 434/434/434 435/435/435
f 434/434/434 436/436/436 435/435/435
f 436/436/436 437/437/437 435/435/435
f 437/437/437 438/438/438 435/435/435
f 440/440/440 437/437/437 439/439/439
f 437/437/437 441/441/441 439/439/439
f 441/441/441 442/442/442 439/439/439
f 442/442/442 443/443/443 439/439/439
f 443/443/443 442/442/442 444/444/444
f 445/445/445 443/443/443 444/444/444
f 448/448/448 447/447/447 446/446/446
f 449/449/449 448/448/448 446/446/446
f 452/452/452 451/451/451 450/450/450
f 453/453/453 452/452/452 450/450/450
f 456/456/456 455/455/455 454/454/454
f 457/457/457 456/456/456 454/454/454
f 460/460/460 459/459/459 458/458/458
f 461/461/461 460/460/460 458/458/458
f 464/464/464 463/463/463 462/462/462
f 463/463/463 465/465/465 462/462/462
f 465/465/465 463/463/463 466/466/466
f 467/467/467 465/465/465 466/466/466
f 468/468/468 467/467/467 466/466/466
f 469/469/469 468/468/468 466/466/466
f 472/472/472 471/471/471 470/470/470
f 473/473/473 472/472/472 470/470/470
f 476/476/476 475/475/475 474/474/474
f 477/477/477 476/476/476 474/474/474
f 480/480/480 479/479/479 478/478/478
f 481/481/481 480/480/480 478/478/478
f 484/484/484 483/483/483 482/482/482
f 485/485/485 484/484/484 482/482/482
f 488/488/488 487/487/487 486/486/486
f 489/489/489 488/488/488 486/486/486
f 492/492/492 491/491/491 490/490/490
f 493/493/493 492/492/492 490/490/490
f 496/496/496 495/495/495 494/494/494
f 497/497/497 496/496/496 494/494/494
f 500/500/500 499/499/499 498/498/498
f 501/501/501 500/500/500 498/498/498
f 503/503/503 501/501/501 502/502/502
f 502/502/502 501/501/501 504/504/504
f 504/504/504 501/501/501 505/505/505
f 506/506/506 504/504/504 505/505/505
f 507/507/507 506/506/506 505/505/505
f 508/508/508 507/507/507 505/505/505
f 511/511/511 510/510/510 509/509/509
f 512/512/512 511/511/511 509/509/509
f 515/515/515 514/514/514 513/513/513
f 516/516/516 515/515/515 513/513/513
f 515/515/515 516/516/516 517/517/517
f 518/518/518 515/515/515 517/517/517
f 521/521/521 520/520/520 519/519/519
f 522/522/522 521/521/521 519/519/519
f 525/525/525 524/524/524 523/523/523
f 526/526/526 525/525/525 523/523/523
f 529/529/529 528/528/528 527/527/527
f 530/530/530 529/529/529 527/527/527
f 532/532/532 531/531/531 530/530/530
f 533/533/533 532/532/532 530/530/530
f 530/530/530 535/535/535 534/534/534
f 535/535/535 536/536/536 534/534/534
f 536/536/536 535/535/535 537/537/537
f 540/540/540 539/539/539 538/538/538
f 541/541/541 540/540/540 538/538/538
f 541/541/541 542/542/542 540/540/540
f 542/542/542 543/543/543 540/540/540
f 544/544/544 543/543/543 542/542/542
f 542/542/542 545/545/545 544/544/544
f 547/547/547 542/542/542 546/546/546
f 542/542/542 548/548/548 546/546/546
f 549/549/549 546/546/546 548/548/548
f 550/550/550 549/549/549 548/548/548
f 551/551/551 549/549/549 550/550/550
f 551/551/551 552/552/552 549/549/549
f 554/554/554 550/550/550 553/553/553
f 553/553/553 550/550/550 555/555/555
f 553/553/553 555/555/555 556/556/556
f 550/550/550 557/557/557 555/555/555
f 560/560/560 559/559/559 558/558/558
f 561/561/561 560/560/560 558/558/558
f 564/564/564 563/563/563 562/562/562
f 565/565/565 564/564/564 562/562/562
f 565/565/565 566/566/566 564/564/564
f 565/565/565 562/562/562 567/567/567
f 567/567/567 562/562/562 568/568/568
f 565/565/565 567/567/567 569/569/569
f 565/565/565 569/569/569 570/570/570
f 567/567/567 571/571/571 569/569/569
f 574/574/574 573/573/573 572/572/572
f 575/575/575 574/574/574 572/572/572
f 578/578/578 577/577/577 576/576/576
f 579/579/579 578/578/578 576/576/576
f 582/582/582 581/581/581 580/580/580
f 583/583/583 582/582/582 580/580/580
f 586/586/586 585/585/585 584/584/584
f 587/587/587 586/586/586 584/584/584
f 590/590/590 589/589/589 588/588/588
f 591/591/591 590/590/590 588/588/588
f 594/594/594 593/593/593 592/592/592
f 595/595/595 594/594/594 592/592/592
f 596/596/596 595/595/595 592/592/592
f 599/599/599 598/598/598 597/597/597
f 600/600/600 599/599/599 597/597/597
f 603/603/603 602/602/602 601/601/601
f 604/604/604 603/603/603 601/601/601
f 607/607/607 606/606/606 605/605/605
f 608/608/608 607/607/607 605/605/605
f 611/611/611 610/610/610 609/609/609
f 612/612/612 611/611/611 609/609/609
f 615/615/615 614/614/614 613/613/613
f 616/616/616 615/615/615 613/613/613
f 619/619/619 618/618/618 617/617/617
f 620/620/620 619/619/619 617/617/617
f 623/623/623 622/622/622 621/621/621
f 624/624/624 623/623/623 621/621/621
f 627/627/627 626/626/626 625/625/625
f 628/628/628 627/627/627 625/625/625
f 631/631/631 630/630/630 629/629/629
f 632/632/632 631/631/631 629/629/629
f 635/635/635 634/634/634 633/633/633
f 636/636/636 635/635/635 633/633/633
f 639/639/639 638/638/638 637/637/637
f 640/640/640 639/639/639 637/637/637
f 643/643/643 642/642/642 641/641/641
f 644/644/644 643/643/643 641/641/641
f 647/647/647 646/646/646 645/645/645
f 648/648/648 647/647/647 645/645/645
f 651/651/651 650/650/650 649/649/649
f 652/652/652 651/651/651 649/649/649
f 655/655/655 654/654/654 653/653/653
f 656/656/656 655/655/655 653/653/653
f 659/659/659 658/658/658 657/657/657
f 660/660/660 659/659/659 657/657/657
f 663/663/663 662/662/662 661/661/661
f 664/664/664 663/663/663 661/661/661
f 667/667/667 666/666/666 665/665/665
f 668/668/668 667/667/667 665/665/665
f 671/671/671 670/670/670 669/669/669
f 672/672/672 671/671/671 669/669/669
f 675/675/675 674/674/674 673/673/673
f 676/676/676 675/675/675 673/673/673
f 679/679/679 678/678/678 677/677/677
f 680/680/680 679/679/679 677/677/677
f 683/683/683 682/682/682 681/681/681
f 684/684/684 683/683/683 681/681/681
f 687/687/687 686/686/686 685/685/685
f 688/688/688 687/687/687 685/685/685
f 691/691/691 690/690/690 689/689/689
f 692/692/692 691/691/691 689/689/689
f 695/695/695 694/694/694 693/693/693
f 696/696/696 695/695/695 693/693/693
f 699/699/699 698/698/698 697/697/697
f 700/700/700 699/699/699 697/697/697
f 703/703/703 702/702/702 701/701/701
f 704/704/704 703/703/703 701/701/701
f 707/707/707 706/706/706 705/705/705
f 708/708/708 707/707/707 705/705/705
f 711/711/711 710/710/710 709/709/709
f 712/712/712 711/711/711 709/709/709
f 715/715/715 714/714/714 713/713/713
f 716/716/716 715/715/715 713/713/713
f 719/719/719 718/718/718 717/717/717
f 720/720/720 719/719/719 717/717/717
f 723/723/723 722/722/722 721/721/721
f 724/724/724 723/723/723 721/721/721
f 727/727/727 726/726/726 725/725/725
f 728/728/728 727/727/727 725/725/725
f 731/731/731 730/730/730 729/729/729
f 732/732/732 731/731/731 729/729/729
f 735/735/735 734/734/734 733/733/733
f 736/736/736 735/735/735 733/733/733
f 739/739/739 738/738/738 737/737/737
f 740/740/740 739/739/739 737/737/737
f 743/743/743 742/742/742 741/741/741
f 744/744/744 743/743/743 741/741/741
f 747/747/747 746/746/746 745/745/745
f 748/748/748 747/747/747 745/745/745
f 751/751/751 750/750/750 749/749/749
f 752/752/752 751/751/751 749/749/749
f 755/755/755 754/754/754 753/753/753
f 756/756/756 755/755/755 753/753/753
f 759/759/759 758/758/758 757/757/757
f 760/760/760 759/759/759 757/757/757
f 763/763/763 762/762/762 761/761/761
f 764/764/764 763/763/763 761/761/761
f 767/767/767 766/766/766 765/765/765
f 768/768/768 767/767/767 765/765/765
f 771/771/771 770/770/770 769/769/769
f 772/772/772 771/771/771 769/769/769
f 775/775/775 774/774/774 773/773/773
f 776/776/776 775/775/775 773/773/773
f 779/779/779 778/778/778 777/777/777
f 780/780/780 779/779/779 777/777/777
f 783/783/783 782/782/782 781/781/781
f 784/784/784 783/783/783 781/781/781
f 787/787/787 786/786/786 785/785/785
f 785/785/785 786/786/786 788/788/788
f 791/791/791 790/790/790 789/789/789
f 792/792/792 791/791/791 789/789/789
f 795/795/795 794/794/794 793/793/793
f 796/796/796 795/795/795 793/793/793
f 799/799/799 798/798/798 797/797/797
f 800/800/800 799/799/799 797/797/797
f 803/803/803 802/802/802 801/801/801
f 804/804/804 803/803/803 801/801/801
f 807/807/807 806/806/806 805/805/805
f 808/808/808 807/807/807 805/805/805
f 811/811/811 810/810/810 809/809/809
f 812/812/812 811/811/811 809/809/809
f 815/815/815 814/814/814 813/813/813
f 816/816/816 815/815/815 813/813/813
f 819/819/819 818/818/818 817/817/817
f 820/820/820 819/819/819 817/817/817
f 823/823/823 822/822/822 821/821/821
f 824/824/824 823/823/823 821/821/821
f 827/827/827 826/826/826 825/825/825
f 828/828/828 827/827/827 825/825/825
f 831/831/831 830/830/830 829/829/829
f 832/832/832 831/831/831 829/829/829
f 835/835/835 834/834/834 833/833/833
f 836/836/836 835/835/835 833/833/833
f 839/839/839 838/838/838 837/837/837
f 840/840/840 839/839/839 837/837/837
f 843/843/843 842/842/842 841/841/841
f 844/844/844 843/843/843 841/841/841
f 847/847/847 846/846/846 845/845/845
f 848/848/848 847/847/847 845/845/845
f 851/851/851 850/850/850 849/849/849
f 852/852/852 851/851/851 849/849/849
f 855/855/855 854/854/854 853/853/853
f 856/856/856 855/855/855 853/853/853
f 859/859/859 858/858/858 857/857/857
f 860/860/860 859/859/859 857/857/857
f 863/863/863 862/862/862 861/861/861
f 864/864/864 863/863/863 861/861/861
f 867/867/867 866/866/866 865/865/865
f 868/868/868 867/867/867 865/865/865
f 871/871/871 870/870/870 869/869/869
f 872/872/872 871/871/871 869/869/869
f 875/875/875 874/874/874 873/873/873
f 876/876/876 875/875/875 873/873/873
f 879/879/879 878/878/878 877/877/877
f 880/880/880 879/879/879 877/877/877
f 883/883/883 882/882/882 881/881/881
f 884/884/884 883/883/883 881/881/881
f 887/887/887 886/886/886 885/885/885
f 888/888/888 887/887/887 885/885/885
f 891/891/891 890/890/890 889/889/889
f 892/892/892 891/891/891 889/889/889
f 895/895/895 894/894/894 893/893/893
f 896/896/896 895/895/895 893/893/893
f 899/899/899 898/898/898 897/897/897
f 900/900/900 899/899/899 897/897/897
f 903/903/903 902/902/902 901/901/901
f 904/904/904 903/903/903 901/901/901
f 907/907/907 906/906/906 905/905/905
f 908/908/908 907/907/907 905/905/905
f 911/911/911 910/910/910 909/909/909
f 912/912/912 911/911/911 909/909/909
f 915/915/915 914/914/914 913/913/913
f 916/916/916 915/915/915 913/913/913
f 919/919/919 918/918/918 917/917/917
f 920/920/920 919/919/919 917/917/917
f 923/923/923 922/922/922 921/921/921
f 924/924/924 923/923/923 921/921/921
f 927/927/927 926/926/926 925/925/925
f 928/928/928 927/927/927 925/925/925
f 931/931/931 930/930/930 929/929/929
f 932/932/932 931/931/931 929/929/929
f 935/935/935 934/934/934 933/933/933
f 936/936/936 935/935/935 933/933/933
f 939/939/939 938/938/938 937/937/937
f 940/940/940 939/939/939 937/937/937
f 943/943/943 942/942/942 941/941/941
f 944/944/944 943/943/943 941/941/941
f 947/947/947 946/946/946 945/945/945
f 948/948/948 947/947/947 945/945/945
f 951/951/951 950/950/950 949/949/949
f 952/952/952 951/951/951 949/949/949
f 955/955/955 954/954/954 953/953/953
f 956/956/956 955/955/955 953/953/953
f 959/959/959 958/958/958 957/957/957
f 960/960/960 959/959/959 957/957/957
f 963/963/963 962/962/962 961/961/961
f 964/964/964 963/963/963 961/961/961
f 967/967/967 966/966/966 965/965/965
f 968/968/968 967/967/967 965/965/965
f 971/971/971 970/970/970 969/969/969
f 972/972/972 971/971/971 969/969/969
f 975/975/975 974/974/974 973/973/973
f 976/976/976 975/975/975 973/973/973
f 979/979/979 978/978/978 977/977/977
f 980/980/980 979/979/979 977/977/977
f 983/983/983 982/982/982 981/981/981
f 984/984/984 983/983/983 981/981/981
f 987/987/987 986/986/986 985/985/985
f 988/988/988 987/987/987 985/985/985
f 991/991/991 990/990/990 989/989/989
f 992/992/992 991/991/991 989/989/989
f 995/995/995 994/994/994 993/993/993
f 996/996/996 995/995/995 993/993/993
f 999/999/999 998/998/998 997/997/997
f 1000/1000/1000 999/999/999 997/997/997
f 1003/1003/1003 1002/1002/1002 1001/1001/1001
f 1004/1004/1004 1003/1003/1003 1001/1001/1001
f 1007/1007/1007 1006/1006/1006 1005/1005/1005
f 1008/1008/1008 1007/1007/1007 1005/1005/1005
f 1011/1011/1011 1010/1010/1010 1009/1009/1009
f 1012/1012/1012 1011/1011/1011 1009/1009/1009
f 1015/1015/1015 1014/1014/1014 1013/1013/1013
f 1016/1016/1016 1015/1015/1015 1013/1013/1013
f 1019/1019/1019 1018/1018/1018 1017/1017/1017
f 1020/1020/1020 1019/1019/1019 1017/1017/1017
f 1023/1023/1023 1022/1022/1022 1021/1021/1021
f 1024/1024/1024 1023/1023/1023 1021/1021/1021
f 1027/1027/1027 1026/1026/1026 1025/1025/1025
f 1028/1028/1028 1027/1027/1027 1025/1025/1025
f 1031/1031/1031 1030/1030/1030 1029/1029/1029
f 1032/1032/1032 1031/1031/1031 1029/1029/1029
f 1035/1035/1035 1034/1034/1034 1033/1033/1033
f 1036/1036/1036 1035/1035/1035 1033/1033/1033
f 1039/1039/1039 1038/1038/1038 1037/1037/1037
f 1040/1040/1040 1039/1039/1039 1037/1037/1037
f 1043/1043/1043 1042/1042/1042 1041/1041/1041
f 1044/1044/1044 1043/1043/1043 1041/1041/1041
f 1047/1047/1047 1046/1046/1046 1045/1045/1045
f 1048/1048/1048 1047/1047/1047 1045/1045/1045
f 1051/1051/1051 1050/1050/1050 1049/1049/1049
f 1052/1052/1052 1051/1051/1051 1049/1049/1049
f 1055/1055/1055 1054/1054/1054 1053/1053/1053
f 1056/1056/1056 1055/1055/1055 1053/1053/1053
f 1059/1059/1059 1058/1058/1058 1057/1057/1057
f 1060/1060/1060 1059/1059/1059 1057/1057/1057
f 1063/1063/1063 1062/1062/1062 1061/1061/1061
f 1064/1064/1064 1063/1063/1063 1061/1061/1061
f 1067/1067/1067 1066/1066/1066 1065/1065/1065
f 1068/1068/1068 1067/1067/1067 1065/1065/1065
f 1071/1071/1071 1070/1070/1070 1069/1069/1069
f 1072/1072/1072 1071/1071/1071 1069/1069/1069
f 1075/1075/1075 1074/1074/1074 1073/1073/1073
f 1076/1076/1076 1075/1075/1075 1073/1073/1073
f 1079/1079/1079 1078/1078/1078 1077/1077/1077
f 1080/1080/1080 1079/1079/1079 1077/1077/1077
f 1083/1083/1083 1082/1082/1082 1081/1081/1081
f 1084/1084/1084 1083/1083/1083 1081/1081/1081
f 1087/1087/1087 1086/1086/1086 1085/1085/1085
f 1088/1088/1088 1087/1087/1087 1085/1085/1085
f 1091/1091/1091 1090/1090/1090 1089/1089/1089
f 1092/1092/1092 1091/1091/1091 1089/1089/1089
f 1095/1095/1095 1094/1094/1094 1093/1093/1093
f 1096/1096/1096 1095/1095/1095 1093/1093/1093
f 1099/1099/1099 1098/1098/1098 1097/1097/1097
f 1100/1100/1100 1099/1099/1099 1097/1097/1097
f 1103/1103/1103 1102/1102/1102 1101/1101/1101
f 1104/1104/1104 1103/1103/1103 1101/1101/1101
f 1107/1107/1107 1106/1106/1106 1105/1105/1105
f 1106/1106/1106 1108/1108/1108 1105/1105/1105
f 1108/1108/1108 1110/1110/1110 1109/1109/1109
f 1111/1111/1111 1108/1108/1108 1109/1109/1109
f 1106/1106/1106 1113/1113/1113 1112/1112/1112
f 1114/1114/1114 1106/1106/1106 1112/1112/1112
f 1117/1117/1117 1116/1116/1116 1115/1115/1115
f 1118/1118/1118 1117/1117/1117 1115/1115/1115
f 1120/1120/1120 1117/1117/1117 1119/1119/1119
f 1121/1121/1121 1120/1120/1120 1119/1119/1119
f 1120/1120/1120 1123/1123/1123 1122/1122/1122
f 1124/1124/1124 1120/1120/1120 1122/1122/1122
f 1127/1127/1127 1126/1126/1126 1125/1125/1125
f 1128/1128/1128 1127/1127/1127 1125/1125/1125
f 1131/1131/1131 1130/1130/1130 1129/1129/1129
f 1132/1132/1132 1131/1131/1131 1129/1129/1129
f 1135/1135/1135 1134/1134/1134 1133/1133/1133
f 1136/1136/1136 1135/1135/1135 1133/1133/1133
f 1139/1139/1139 1138/1138/1138 1137/1137/1137
f 1140/1140/1140 1139/1139/1139 1137/1137/1137
f 1143/1143/1143 1142/1142/1142 1141/1141/1141
f 1144/1144/1144 1143/1143/1143 1141/1141/1141
f 1147/1147/1147 1146/1146/1146 1145/1145/1145
f 1148/1148/1148 1147/1147/1147 1145/1145/1145
f 1151/1151/1151 1150/1150/1150 1149/1149/1149
f 1152/1152/1152 1151/1151/1151 1149/1149/1149
f 1155/1155/1155 1154/1154/1154 1153/1153/1153
f 1156/1156/1156 1155/1155/1155 1153/1153/1153
f 1159/1159/1159 1158/1158/1158 1157/1157/1157
f 1160/1160/1160 1159/1159/1159 1157/1157/1157
f 1163/1163/1163 1162/1162/1162 1161/1161/1161
f 1164/1164/1164 1163/1163/1163 1161/1161/1161
f 1163/1163/1163 1166/1166/1166 1165/1165/1165
f 1167/1167/1167 1163/1163/1163 1165/1165/1165
f 1170/1170/1170 1169/1169/1169 1168/1168/1168
f 1171/1171/1171 1170/1170/1170 1168/1168/1168
f 1174/1174/1174 1173/1173/1173 1172/1172/1172
f 1175/1175/1175 1174/1174/1174 1172/1172/1172
f 1178/1178/1178 1177/1177/1177 1176/1176/1176
f 1179/1179/1179 1178/1178/1178 1176/1176/1176
f 1182/1182/1182 1181/1181/1181 1180/1180/1180
f 1183/1183/1183 1182/1182/1182 1180/1180/1180
f 1186/1186/1186 1185/1185/1185 1184/1184/1184
f 1187/1187/1187 1186/1186/1186 1184/1184/1184
f 1190/1190/1190 1189/1189/1189 1188/1188/1188
f 1191/1191/1191 1190/1190/1190 1188/1188/1188
f 1194/1194/1194 1193/1193/1193 1192/1192/1192
f 1195/1195/1195 1194/1194/1194 1192/1192/1192
f 1198/1198/1198 1197/1197/1197 1196/1196/1196
f 1199/1199/1199 1198/1198/1198 1196/1196/1196
f 1202/1202/1202 1201/1201/1201 1200/1200/1200
f 1203/1203/1203 1202/1202/1202 1200/1200/1200
f 1206/1206/1206 1205/1205/1205 1204/1204/1204
f 1207/1207/1207 1206/1206/1206 1204/1204/1204
f 1210/1210/1210 1209/1209/1209 1208/1208/1208
f 1211/1211/1211 1210/1210/1210 1208/1208/1208
f 1214/1214/1214 1213/1213/1213 1212/1212/1212
f 1213/1213/1213 1215/1215/1215 1212/1212/1212
f 1215/1215/1215 1216/1216/1216 1212/1212/1212
f 1219/1219/1219 1218/1218/1218 1217/1217/1217
f 1220/1220/1220 1219/1219/1219 1217/1217/1217
f 1223/1223/1223 1222/1222/1222 1221/1221/1221
f 1224/1224/1224 1223/1223/1223 1221/1221/1221
f 1223/1223/1223 1224/1224/1224 1225/1225/1225
f 1225/1225/1225 1224/1224/1224 1226/1226/1226
f 1227/1227/1227 1225/1225/1225 1226/1226/1226
f 1224/1224/1224 1228/1228/1228 1226/1226/1226
f 1231/1231/1231 1230/1230/1230 1229/1229/1229
f 1232/1232/1232 1231/1231/1231 1229/1229/1229
f 1235/1235/1235 1234/1234/1234 1233/1233/1233
f 1236/1236/1236 1235/1235/1235 1233/1233/1233
f 1239/1239/1239 1238/1238/1238 1237/1237/1237
f 1240/1240/1240 1239/1239/1239 1237/1237/1237
f 1243/1243/1243 1242/1242/1242 1241/1241/1241
f 1244/1244/1244 1243/1243/1243 1241/1241/1241
f 1247/1247/1247 1246/1246/1246 1245/1245/1245
f 1248/1248/1248 1247/1247/1247 1245/1245/1245
f 1247/1247/1247 1250/1250/1250 1249/1249/1249
f 1250/1250/1250 1251/1251/1251 1249/1249/1249
f 1254/1254/1254 1253/1253/1253 1252/1252/1252
f 1253/1253/1253 1255/1255/1255 1252/1252/1252
f 1256/1256/1256 1255/1255/1255 1253/1253/1253
f 1257/1257/1257 1256/1256/1256 1253/1253/1253
f 1257/1257/1257 1258/1258/1258 1256/1256/1256
f 1258/1258/1258 1259/1259/1259 1256/1256/1256
f 1258/1258/1258 1261/1261/1261 1260/1260/1260
f 1261/1261/1261 1262/1262/1262 1260/1260/1260
f 1261/1261/1261 1263/1263/1263 1262/1262/1262
f 1263/1263/1263 1264/1264/1264 1262/1262/1262
f 1263/1263/1263 1265/1265/1265 1264/1264/1264
f 1265/1265/1265 1266/1266/1266 1264/1264/1264
f 1266/1266/1266 1265/1265/1265 1267/1267/1267
f 1265/1265/1265 1268/1268/1268 1267/1267/1267
f 1271/1271/1271 1270/1270/1270 1269/1269/1269
f 1272/1272/1272 1271/1271/1271 1269/1269/1269
f 1275/1275/1275 1274/1274/1274 1273/1273/1273
f 1276/1276/1276 1275/1275/1275 1273/1273/1273
f 1279/1279/1279 1278/1278/1278 1277/1277/1277
f 1280/1280/1280 1279/1279/1279 1277/1277/1277
f 1281/1281/1281 1280/1280/1280 1277/1277/1277
f 1282/1282/1282 1281/1281/1281 1277/1277/1277
f 1285/1285/1285 1284/1284/1284 1283/1283/1283
f 1286/1286/1286 1285/1285/1285 1283/1283/1283
f 1289/1289/1289 1288/1288/1288 1287/1287/1287
f 1290/1290/1290 1289/1289/1289 1287/1287/1287
f 1293/1293/1293 1292/1292/1292 1291/1291/1291
f 1292/1292/1292 1294/1294/1294 1291/1291/1291
f 1295/1295/1295 1294/1294/1294 1292/1292/1292
f 1296/1296/1296 1295/1295/1295 1292/1292/1292
f 1295/1295/1295 1296/1296/1296 1297/1297/1297
f 1296/1296/1296 1298/1298/1298 1297/1297/1297
f 1300/1300/1300 1299/1299/1299 1297/1297/1297
f 1301/1301/1301 1300/1300/1300 1297/1297/1297
f 1304/1304/1304 1303/1303/1303 1302/1302/1302
f 1305/1305/1305 1304/1304/1304 1302/1302/1302
f 1308/1308/1308 1307/1307/1307 1306/1306/1306
f 1309/1309/1309 1308/1308/1308 1306/1306/1306
f 1312/1312/1312 1311/1311/1311 1310/1310/1310
f 1313/1313/1313 1312/1312/1312 1310/1310/1310
f 1316/1316/1316 1315/1315/1315 1314/1314/1314
f 1317/1317/1317 1316/1316/1316 1314/1314/1314
f 1320/1320/1320 1319/1319/1319 1318/1318/1318
f 1321/1321/1321 1320/1320/1320 1318/1318/1318
f 1324/1324/1324 1323/1323/1323 1322/1322/1322
f 1325/1325/1325 1324/1324/1324 1322/1322/1322
f 1328/1328/1328 1327/1327/1327 1326/1326/1326
f 1329/1329/1329 1328/1328/1328 1326/1326/1326
f 1332/1332/1332 1331/1331/1331 1330/1330/1330
f 1333/1333/1333 1332/1332/1332 1330/1330/1330
f 1336/1336/1336 1335/1335/1335 1334/1334/1334
f 1337/1337/1337 1336/1336/1336 1334/1334/1334
f 1340/1340/1340 1339/1339/1339 1338/1338/1338
f 1341/1341/1341 1340/1340/1340 1338/1338/1338
f 1344/1344/1344 1343/1343/1343 1342/1342/1342
f 1345/1345/1345 1344/1344/1344 1342/1342/1342
f 1348/1348/1348 1347/1347/1347 1346/1346/1346
f 1349/1349/1349 1348/1348/1348 1346/1346/1346
f 1352/1352/1352 1351/1351/1351 1350/1350/1350
f 1353/1353/1353 1352/1352/1352 1350/1350/1350
f 1356/1356/1356 1355/1355/1355 1354/1354/1354
f 1357/1357/1357 1356/1356/1356 1354/1354/1354
f 1360/1360/1360 1359/1359/1359 1358/1358/1358
f 1361/1361/1361 1360/1360/1360 1358/1358/1358
f 1364/1364/1364 1363/1363/1363 1362/1362/1362
f 1365/1365/1365 1364/1364/1364 1362/1362/1362
f 1368/1368/1368 1367/1367/1367 1366/1366/1366
f 1369/1369/1369 1368/1368/1368 1366/1366/1366
f 1372/1372/1372 1371/1371/1371 1370/1370/1370
f 1373/1373/1373 1372/1372/1372 1370/1370/1370
f 1376/1376/1376 1375/1375/1375 1374/1374/1374
f 1377/1377/1377 1376/1376/1376 1374/1374/1374
f 1380/1380/1380 1379/1379/1379 1378/1378/1378
f 1381/1381/1381 1380/1380/1380 1378/1378/1378
f 1384/1384/1384 1383/1383/1383 1382/1382/1382
f 1385/1385/1385 1384/1384/1384 1382/1382/1382
f 1388/1388/1388 1387/1387/1387 1386/1386/1386
f 1389/1389/1389 1388/1388/1388 1386/1386/1386
f 1389/1389/1389 1391/1391/1391 1390/1390/1390
f 1392/1392/1392 1389/1389/1389 1390/1390/1390
f 1395/1395/1395 1394/1394/1394 1393/1393/1393
f 1396/1396/1396 1395/1395/1395 1393/1393/1393
f 1396/1396/1396 1393/1393/1393 1397/1397/1397
f 1398/1398/1398 1396/1396/1396 1397/1397/1397
f 1398/1398/1398 1397/1397/1397 1399/1399/1399
f 1400/1400/1400 1398/1398/1398 1399/1399/1399
f 1403/1403/1403 1402/1402/1402 1401/1401/1401
f 1404/1404/1404 1403/1403/1403 1401/1401/1401
f 1407/1407/1407 1406/1406/1406 1405/1405/1405
f 1408/1408/1408 1407/1407/1407 1405/1405/1405
f 1411/1411/1411 1410/1410/1410 1409/1409/1409
f 1412/1412/1412 1411/1411/1411 1409/1409/1409
f 1415/1415/1415 1414/1414/1414 1413/1413/1413
f 1416/1416/1416 1415/1415/1415 1413/1413/1413
f 1419/1419/1419 1418/1418/1418 1417/1417/1417
f 1420/1420/1420 1419/1419/1419 1417/1417/1417
f 1423/1423/1423 1422/1422/1422 1421/1421/1421
f 1424/1424/1424 1423/1423/1423 1421/1421/1421
f 1427/1427/1427 1426/1426/1426 1425/1425/1425
f 1428/1428/1428 1427/1427/1427 1425/1425/1425
f 1431/1431/1431 1430/1430/1430 1429/1429/1429
f 1430/1430/1430 1432/1432/1432 1429/1429/1429
f 1434/1434/1434 1433/1433/1433 1432/1432/1432
f 1435/1435/1435 1434/1434/1434 1432/1432/1432
f 1438/1438/1438 1437/1437/1437 1436/1436/1436
f 1439/1439/1439 1438/1438/1438 1436/1436/1436
f 1439/1439/1439 1436/1436/1436 1440/1440/1440
f 1441/1441/1441 1439/1439/1439 1440/1440/1440
f 1441/1441/1441 1443/1443/1443 1442/1442/1442
f 1444/1444/1444 1441/1441/1441 1442/1442/1442
f 1446/1446/1446 1442/1442/1442 1445/1445/1445
f 1447/1447/1447 1446/1446/1446 1445/1445/1445
f 1449/1449/1449 1445/1445/1445 1448/1448/1448
f 1450/1450/1450 1449/1449/1449 1448/1448/1448
f 1450/1450/1450 1448/1448/1448 1451/1451/1451
f 1448/1448/1448 1452/1452/1452 1451/1451/1451
f 1452/1452/1452 1453/1453/1453 1451/1451/1451
f 1453/1453/1453 1454/1454/1454 1451/1451/1451
f 1457/1457/1457 1456/1456/1456 1455/1455/1455
f 1458/1458/1458 1457/1457/1457 1455/1455/1455
f 1461/1461/1461 1460/1460/1460 1459/1459/1459
f 1462/1462/1462 1461/1461/1461 1459/1459/1459
f 1465/1465/1465 1464/1464/1464 1463/1463/1463
f 1466/1466/1466 1465/1465/1465 1463/1463/1463
f 1469/1469/1469 1468/1468/1468 1467/1467/1467
f 1470/1470/1470 1469/1469/1469 1467/1467/1467
f 1469/1469/1469 1470/1470/1470 1471/1471/1471
f 1472/1472/1472 1469/1469/1469 1471/1471/1471
f 1472/1472/1472 1471/1471/1471 1473/1473/1473
f 1474/1474/1474 1472/1472/1472 1473/1473/1473
f 1477/1477/1477 1476/1476/1476 1475/1475/1475
f 1478/1478/1478 1477/1477/1477 1475/1475/1475
f 1481/1481/1481 1480/1480/1480 1479/1479/1479
f 1482/1482/1482 1481/1481/1481 1479/1479/1479
f 1485/1485/1485 1484/1484/1484 1483/1483/1483
f 1486/1486/1486 1485/1485/1485 1483/1483/1483
f 1489/1489/1489 1488/1488/1488 1487/1487/1487
f 1490/1490/1490 1489/1489/1489 1487/1487/1487
f 1493/1493/1493 1492/1492/1492 1491/1491/1491
f 1494/1494/1494 1493/1493/1493 1491/1491/1491
f 1497/1497/1497 1496/1496/1496 1495/1495/1495
f 1498/1498/1498 1497/1497/1497 1495/1495/1495
f 1501/1501/1501 1500/1500/1500 1499/1499/1499
f 1502/1502/1502 1501/1501/1501 1499/1499/1499
f 1505/1505/1505 1504/1504/1504 1503/1503/1503
f 1506/1506/1506 1505/1505/1505 1503/1503/1503
f 1509/1509/1509 1508/1508/1508 1507/1507/1507
f 1510/1510/1510 1509/1509/1509 1507/1507/1507
f 1513/1513/1513 1512/1512/1512 1511/1511/1511
f 1514/1514/1514 1513/1513/1513 1511/1511/1511
f 1517/1517/1517 1516/1516/1516 1515/1515/1515
f 1518/1518/1518 1517/1517/1517 1515/1515/1515
f 1521/1521/1521 1520/1520/1520 1519/1519/1519
f 1522/1522/1522 1521/1521/1521 1519/1519/1519
f 1525/1525/1525 1524/1524/1524 1523/1523/1523
f 1526/1526/1526 1525/1525/1525 1523/1523/1523
f 1529/1529/1529 1528/1528/1528 1527/1527/1527
f 1530/1530/1530 1529/1529/1529 1527/1527/1527
f 1533/1533/1533 1532/1532/1532 1531/1531/1531
f 1534/1534/1534 1533/1533/1533 1531/1531/1531
f 1537/1537/1537 1536/1536/1536 1535/1535/1535
f 1538/1538/1538 1537/1537/1537 1535/1535/1535
f 1541/1541/1541 1540/1540/1540 1539/1539/1539
f 1542/1542/1542 1541/1541/1541 1539/1539/1539
f 1545/1545/1545 1544/1544/1544 1543/1543/1543
f 1546/1546/1546 1545/1545/1545 1543/1543/1543
f 1549/1549/1549 1548/1548/1548 1547/1547/1547
f 1550/1550/1550 1549/1549/1549 1547/1547/1547
f 1553/1553/1553 1552/1552/1552 1551/1551/1551
f 1554/1554/1554 1553/1553/1553 1551/1551/1551
f 1557/1557/1557 1556/1556/1556 1555/1555/1555
f 1558/1558/1558 1557/1557/1557 1555/1555/1555
f 1561/1561/1561 1560/1560/1560 1559/1559/1559
f 1562/1562/1562 1561/1561/1561 1559/1559/1559
f 1565/1565/1565 1564/1564/1564 1563/1563/1563
f 1566/1566/1566 1565/1565/1565 1563/1563/1563
f 1569/1569/1569 1568/1568/1568 1567/1567/1567
f 1570/1570/1570 1569/1569/1569 1567/1567/1567
f 1573/1573/1573 1572/1572/1572 1571/1571/1571
f 1574/1574/1574 1573/1573/1573 1571/1571/1571
f 1577/1577/1577 1576/1576/1576 1575/1575/1575
f 1578/1578/1578 1577/1577/1577 1575/1575/1575
f 1581/1581/1581 1580/1580/1580 1579/1579/1579
f 1582/1582/1582 1581/1581/1581 1579/1579/1579
f 1585/1585/1585 1584/1584/1584 1583/1583/1583
f 1586/1586/1586 1585/1585/1585 1583/1583/1583
f 1589/1589/1589 1588/1588/1588 1587/1587/1587
f 1590/1590/1590 1589/1589/1589 1587/1587/1587
f 1593/1593/1593 1592/1592/1592 1591/1591/1591
f 1594/1594/1594 1593/1593/1593 1591/1591/1591
f 1597/1597/1597 1596/1596/1596 1595/1595/1595
f 1598/1598/1598 1597/1597/1597 1595/1595/1595
f 1601/1601/1601 1600/1600/1600 1599/1599/1599
f 1602/1602/1602 1601/1601/1601 1599/1599/1599
f 1605/1605/1605 1604/1604/1604 1603/1603/1603
f 1606/1606/1606 1605/1605/1605 1603/1603/1603
f 1609/1609/1609 1608/1608/1608 1607/1607/1607
f 1610/1610/1610 1609/1609/1609 1607/1607/1607
f 1613/1613/1613 1612/1612/1612 1611/1611/1611
f 1614/1614/1614 1613/1613/1613 1611/1611/1611
f 1617/1617/1617 1616/1616/1616 1615/1615/1615
f 1618/1618/1618 1617/1617/1617 1615/1615/1615
f 1621/1621/1621 1620/1620/1620 1619/1619/1619
f 1622/1622/1622 1621/1621/1621 1619/1619/1619
f 1625/1625/1625 1624/1624/1624 1623/1623/1623
f 1626/1626/1626 1625/1625/1625 1623/1623/1623
f 1629/1629/1629 1628/1628/1628 1627/1627/1627
f 1630/1630/1630 1629/1629/1629 1627/1627/1627
f 1633/1633/1633 1632/1632/1632 1631/1631/1631
f 1634/1634/1634 1633/1633/1633 1631/1631/1631
f 1637/1637/1637 1636/1636/1636 1635/1635/1635
f 1638/1638/1638 1637/1637/1637 1635/1635/1635
f 1641/1641/1641 1640/1640/1640 1639/1639/1639
f 1642/1642/1642 1641/1641/1641 1639/1639/1639
f 1645/1645/1645 1644/1644/1644 1643/1643/1643
f 1646/1646/1646 1645/1645/1645 1643/1643/1643
f 1649/1649/1649 1648/1648/1648 1647/1647/1647
f 1650/1650/1650 1649/1649/1649 1647/1647/1647
f 1653/1653/1653 1652/1652/1652 1651/1651/1651
f 1654/1654/1654 1653/1653/1653 1651/1651/1651
f 1657/1657/1657 1656/1656/1656 1655/1655/1655
f 1658/1658/1658 1657/1657/1657 1655/1655/1655
f 1661/1661/1661 1660/1660/1660 1659/1659/1659
f 1662/1662/1662 1661/1661/1661 1659/1659/1659
f 1665/1665/1665 1664/1664/1664 1663/1663/1663
f 1666/1666/1666 1665/1665/1665 1663/1663/1663
f 1669/1669/1669 1668/1668/1668 1667/1667/1667
f 1670/1670/1670 1669/1669/1669 1667/1667/1667
f 1673/1673/1673 1672/1672/1672 1671/1671/1671
f 1674/1674/1674 1673/1673/1673 1671/1671/1671
f 1677/1677/1677 1676/1676/1676 1675/1675/1675
f 1678/1678/1678 1677/1677/1677 1675/1675/1675
f 1681/1681/1681 1680/1680/1680 1679/1679/1679
f 1682/1682/1682 1681/1681/1681 1679/1679/1679
f 1685/1685/1685 1684/1684/1684 1683/1683/1683
f 1686/1686/1686 1685/1685/1685 1683/1683/1683
f 1689/1689/1689 1688/1688/1688 1687/1687/1687
f 1690/1690/1690 1689/1689/1689 1687/1687/1687
f 1693/1693/1693 1692/1692/1692 1691/1691/1691
f 1694/1694/1694 1693/1693/1693 1691/1691/1691
f 1697/1697/1697 1696/1696/1696 1695/1695/1695
f 1698/1698/1698 1697/1697/1697 1695/1695/1695
f 1701/1701/1701 1700/1700/1700 1699/1699/1699
f 1702/1702/1702 1701/1701/1701 1699/1699/1699
f 1705/1705/1705 1704/1704/1704 1703/1703/1703
f 1706/1706/1706 1705/1705/1705 1703/1703/1703
f 1709/1709/1709 1708/1708/1708 1707/1707/1707
f 1710/1710/1710 1709/1709/1709 1707/1707/1707
f 1713/1713/1713 1712/1712/1712 1711/1711/1711
f 1714/1714/1714 1713/1713/1713 1711/1711/1711
f 1717/1717/1717 1716/1716/1716 1715/1715/1715
f 1718/1718/1718 1717/1717/1717 1715/1715/1715
f 1721/1721/1721 1720/1720/1720 1719/1719/1719
f 1722/1722/1722 1721/1721/1721 1719/1719/1719
f 1725/1725/1725 1724/1724/1724 1723/1723/1723
f 1726/1726/1726 1725/1725/1725 1723/1723/1723
f 1729/1729/1729 1728/1728/1728 1727/1727/1727
f 1730/1730/1730 1729/1729/1729 1727/1727/1727
f 1733/1733/1733 1732/1732/1732 1731/1731/1731
f 1734/1734/1734 1733/1733/1733 1731/1731/1731
f 1737/1737/1737 1736/1736/1736 1735/1735/1735
f 1738/1738/1738 1737/1737/1737 1735/1735/1735
f 1741/1741/1741 1740/1740/1740 1739/1739/1739
f 1740/1740/1740 1742/1742/1742 1739/1739/1739
f 1742/1742/1742 1744/1744/1744 1743/1743/1743
f 1745/1745/1745 1742/1742/1742 1743/1743/1743
f 1748/1748/1748 1747/1747/1747 1746/1746/1746
f 1749/1749/1749 1748/1748/1748 1746/1746/1746
f 1752/1752/1752 1751/1751/1751 1750/1750/1750
f 1753/1753/1753 1752/1752/1752 1750/1750/1750
f 1756/1756/1756 1755/1755/1755 1754/1754/1754
f 1757/1757/1757 1756/1756/1756 1754/1754/1754
f 1760/1760/1760 1759/1759/1759 1758/1758/1758
f 1761/1761/1761 1760/1760/1760 1758/1758/1758
f 1764/1764/1764 1763/1763/1763 1762/1762/1762
f 1765/1765/1765 1764/1764/1764 1762/1762/1762
f 1768/1768/1768 1767/1767/1767 1766/1766/1766
f 1769/1769/1769 1768/1768/1768 1766/1766/1766
f 1772/1772/1772 1771/1771/1771 1770/1770/1770
f 1773/1773/1773 1772/1772/1772 1770/1770/1770
f 1773/1773/1773 1770/1770/1770 1774/1774/1774
f 1775/1775/1775 1773/1773/1773 1774/1774/1774
f 1776/1776/1776 1775/1775/1775 1774/1774/1774
f 1777/1777/1777 1776/1776/1776 1774/1774/1774
f 1780/1780/1780 1779/1779/1779 1778/1778/1778
f 1781/1781/1781 1780/1780/1780 1778/1778/1778
f 1784/1784/1784 1783/1783/1783 1782/1782/1782
f 1785/1785/1785 1784/1784/1784 1782/1782/1782
f 1788/1788/1788 1787/1787/1787 1786/1786/1786
f 1789/1789/1789 1788/1788/1788 1786/1786/1786
f 1792/1792/1792 1791/1791/1791 1790/1790/1790
f 1791/1791/1791 1793/1793/1793 1790/1790/1790
f 1791/1791/1791 1794/1794/1794 1793/1793/1793
f 1794/1794/1794 1795/1795/1795 1793/1793/1793
f 1794/1794/1794 1796/1796/1796 1795/1795/1795
f 1796/1796/1796 1797/1797/1797 1795/1795/1795
f 1800/1800/1800 1799/1799/1799 1798/1798/1798
f 1801/1801/1801 1800/1800/1800 1798/1798/1798
f 1804/1804/1804 1803/1803/1803 1802/1802/1802
f 1805/1805/1805 1804/1804/1804 1802/1802/1802
f 1808/1808/1808 1807/1807/1807 1806/1806/1806
f 1809/1809/1809 1808/1808/1808 1806/1806/1806
f 1812/1812/1812 1811/1811/1811 1810/1810/1810
f 1813/1813/1813 1812/1812/1812 1810/1810/1810
f 1816/1816/1816 1815/1815/1815 1814/1814/1814
f 1817/1817/1817 1816/1816/1816 1814/1814/1814
f 1820/1820/1820 1819/1819/1819 1818/1818/1818
f 1821/1821/1821 1820/1820/1820 1818/1818/1818
f 1824/1824/1824 1823/1823/1823 1822/1822/1822
f 1825/1825/1825 1824/1824/1824 1822/1822/1822
f 1828/1828/1828 1827/1827/1827 1826/1826/1826
f 1829/1829/1829 1828/1828/1828 1826/1826/1826
f 1832/1832/1832 1831/1831/1831 1830/1830/1830
f 1833/1833/1833 1832/1832/1832 1830/1830/1830
f 1836/1836/1836 1835/1835/1835 1834/1834/1834
f 1837/1837/1837 1836/1836/1836 1834/1834/1834
f 1840/1840/1840 1839/1839/1839 1838/1838/1838
f 1841/1841/1841 1840/1840/1840 1838/1838/1838
f 1844/1844/1844 1843/1843/1843 1842/1842/1842
f 1845/1845/1845 1844/1844/1844 1842/1842/1842
f 1848/1848/1848 1847/1847/1847 1846/1846/1846
f 1849/1849/1849 1848/1848/1848 1846/1846/1846
f 1852/1852/1852 1851/1851/1851 1850/1850/1850
f 1853/1853/1853 1852/1852/1852 1850/1850/1850
f 1853/1853/1853 1850/1850/1850 1854/1854/1854
f 1855/1855/1855 1853/1853/1853 1854/1854/1854
f 1858/1858/1858 1857/1857/1857 1856/1856/1856
f 1859/1859/1859 1858/1858/1858 1856/1856/1856
f 1862/1862/1862 1861/1861/1861 1860/1860/1860
f 1863/1863/1863 1862/1862/1862 1860/1860/1860
f 1866/1866/1866 1865/1865/1865 1864/1864/1864
f 1867/1867/1867 1866/1866/1866 1864/1864/1864
f 1870/1870/1870 1869/1869/1869 1868/1868/1868
f 1871/1871/1871 1870/1870/1870 1868/1868/1868
f 1874/1874/1874 1873/1873/1873 1872/1872/1872
f 1875/1875/1875 1874/1874/1874 1872/1872/1872
f 1878/1878/1878 1877/1877/1877 1876/1876/1876
f 1879/1879/1879 1878/1878/1878 1876/1876/1876
f 1882/1882/1882 1881/1881/1881 1880/1880/1880
f 1883/1883/1883 1882/1882/1882 1880/1880/1880
f 1886/1886/1886 1885/1885/1885 1884/1884/1884
f 1887/1887/1887 1886/1886/1886 1884/1884/1884
f 1890/1890/1890 1889/1889/1889 1888/1888/1888
f 1889/1889/1889 1891/1891/1891 1888/1888/1888
f 1889/1889/1889 1892/1892/1892 1891/1891/1891
f 1892/1892/1892 1893/1893/1893 1891/1891/1891
f 1892/1892/1892 1894/1894/1894 1893/1893/1893
f 1894/1894/1894 1895/1895/1895 1893/1893/1893
f 1894/1894/1894 1896/1896/1896 1895/1895/1895
f 1896/1896/1896 1897/1897/1897 1895/1895/1895
f 1896/1896/1896 1898/1898/1898 1897/1897/1897
f 1898/1898/1898 1899/1899/1899 1897/1897/1897
f 1898/1898/1898 1900/1900/1900 1899/1899/1899
f 1900/1900/1900 1901/1901/1901 1899/1899/1899
f 1900/1900/1900 1902/1902/1902 1901/1901/1901
f 1902/1902/1902 1903/1903/1903 1901/1901/1901
f 1906/1906/1906 1905/1905/1905 1904/1904/1904
f 1907/1907/1907 1906/1906/1906 1904/1904/1904
f 1910/1910/1910 1909/1909/1909 1908/1908/1908
f 1911/1911/1911 1910/1910/1910 1908/1908/1908
f 1914/1914/1914 1913/1913/1913 1912/1912/1912
f 1915/1915/1915 1914/1914/1914 1912/1912/1912
f 1918/1918/1918 1917/1917/1917 1916/1916/1916
f 1919/1919/1919 1918/1918/1918 1916/1916/1916
f 1922/1922/1922 1921/1921/1921 1920/1920/1920
f 1923/1923/1923 1922/1922/1922 1920/1920/1920
f 1926/1926/1926 1925/1925/1925 1924/1924/1924
f 1927/1927/1927 1926/1926/1926 1924/1924/1924
f 1927/1927/1927 1924/1924/1924 1928/1928/1928
f 1929/1929/1929 1927/1927/1927 1928/1928/1928
f 1929/1929/1929 1928/1928/1928 1930/1930/1930
f 1931/1931/1931 1929/1929/1929 1930/1930/1930
f 1926/1926/1926 1933/1933/1933 1932/1932/1932
f 1933/1933/1933 1934/1934/1934 1932/1932/1932
f 1937/1937/1937 1936/1936/1936 1935/1935/1935
f 1938/1938/1938 1937/1937/1937 1935/1935/1935
f 1938/1938/1938 1935/1935/1935 1939/1939/1939
f 1940/1940/1940 1938/1938/1938 1939/1939/1939
f 1940/1940/1940 1939/1939/1939 1941/1941/1941
f 1942/1942/1942 1940/1940/1940 1941/1941/1941
f 1945/1945/1945 1944/1944/1944 1943/1943/1943
f 1946/1946/1946 1945/1945/1945 1943/1943/1943
f 1949/1949/1949 1948/1948/1948 1947/1947/1947
f 1950/1950/1950 1949/1949/1949 1947/1947/1947
f 1953/1953/1953 1952/1952/1952 1951/1951/1951
f 1954/1954/1954 1953/1953/1953 1951/1951/1951
f 1953/1953/1953 1954/1954/1954 1955/1955/1955
f 1956/1956/1956 1953/1953/1953 1955/1955/1955
f 1956/1956/1956 1955/1955/1955 1957/1957/1957
f 1958/1958/1958 1956/1956/1956 1957/1957/1957
f 1961/1961/1961 1960/1960/1960 1959/1959/1959
f 1962/1962/1962 1961/1961/1961 1959/1959/1959
f 1965/1965/1965 1964/1964/1964 1963/1963/1963
f 1966/1966/1966 1965/1965/1965 1963/1963/1963
f 1969/1969/1969 1968/1968/1968 1967/1967/1967
f 1970/1970/1970 1969/1969/1969 1967/1967/1967
f 1973/1973/1973 1972/1972/1972 1971/1971/1971
f 1974/1974/1974 1973/1973/1973 1971/1971/1971
f 1977/1977/1977 1976/1976/1976 1975/1975/1975
f 1978/1978/1978 1977/1977/1977 1975/1975/1975
f 1981/1981/1981 1980/1980/1980 1979/1979/1979
f 1982/1982/1982 1981/1981/1981 1979/1979/1979
f 1985/1985/1985 1984/1984/1984 1983/1983/1983
f 1986/1986/1986 1985/1985/1985 1983/1983/1983
f 1989/1989/1989 1988/1988/1988 1987/1987/1987
f 1990/1990/1990 1989/1989/1989 1987/1987/1987
f 1993/1993/1993 1992/1992/1992 1991/1991/1991
f 1994/1994/1994 1993/1993/1993 1991/1991/1991
f 1997/1997/1997 1996/1996/1996 1995/1995/1995
f 1998/1998/1998 1997/1997/1997 1995/1995/1995
f 1999/1999/1999 1997/1997/1997 1998/1998/1998
f 2000/2000/2000 1999/1999/1999 1998/1998/1998
f 2000/2000/2000 1998/1998/1998 2001/2001/2001
f 2002/2002/2002 2000/2000/2000 2001/2001/2001
f 2004/2004/2004 1999/1999/1999 2003/2003/2003
f 2005/2005/2005 2004/2004/2004 2003/2003/2003
f 2005/2005/2005 2006/2006/2006 2004/2004/2004
f 2006/2006/2006 2007/2007/2007 2004/2004/2004
f 2010/2010/2010 2009/2009/2009 2008/2008/2008
f 2011/2011/2011 2010/2010/2010 2008/2008/2008
f 2014/2014/2014 2013/2013/2013 2012/2012/2012
f 2015/2015/2015 2014/2014/2014 2012/2012/2012
f 2018/2018/2018 2017/2017/2017 2016/2016/2016
f 2019/2019/2019 2018/2018/2018 2016/2016/2016
f 2020/2020/2020 2019/2019/2019 2016/2016/2016
f 2019/2019/2019 2021/2021/2021 2018/2018/2018
f 2021/2021/2021 2019/2019/2019 2022/2022/2022
f 2023/2023/2023 2021/2021/2021 2022/2022/2022
f 2026/2026/2026 2025/2025/2025 2024/2024/2024
f 2027/2027/2027 2026/2026/2026 2024/2024/2024
f 2030/2030/2030 2029/2029/2029 2028/2028/2028
f 2031/2031/2031 2030/2030/2030 2028/2028/2028
f 2030/2030/2030 2031/2031/2031 2032/2032/2032
f 2033/2033/2033 2030/2030/2030 2032/2032/2032
f 2036/2036/2036 2035/2035/2035 2034/2034/2034
f 2037/2037/2037 2036/2036/2036 2034/2034/2034
f 2040/2040/2040 2039/2039/2039 2038/2038/2038
f 2041/2041/2041 2040/2040/2040 2038/2038/2038
f 2044/2044/2044 2043/2043/2043 2042/2042/2042
f 2045/2045/2045 2044/2044/2044 2042/2042/2042
f 2048/2048/2048 2047/2047/2047 2046/2046/2046
f 2049/2049/2049 2048/2048/2048 2046/2046/2046
f 2052/2052/2052 2051/2051/2051 2050/2050/2050
f 2053/2053/2053 2052/2052/2052 2050/2050/2050
f 2056/2056/2056 2055/2055/2055 2054/2054/2054
f 2057/2057/2057 2056/2056/2056 2054/2054/2054
f 2060/2060/2060 2059/2059/2059 2058/2058/2058
f 2059/2059/2059 2061/2061/2061 2058/2058/2058
f 2061/2061/2061 2062/2062/2062 2058/2058/2058
f 2058/2058/2058 2062/2062/2062 2063/2063/2063
f 2062/2062/2062 2064/2064/2064 2063/2063/2063
f 2065/2065/2065 2064/2064/2064 2062/2062/2062
f 2062/2062/2062 2067/2067/2067 2066/2066/2066
f 2067/2067/2067 2068/2068/2068 2066/2066/2066
f 2071/2071/2071 2070/2070/2070 2069/2069/2069
f 2072/2072/2072 2071/2071/2071 2069/2069/2069
f 2075/2075/2075 2074/2074/2074 2073/2073/2073
f 2076/2076/2076 2075/2075/2075 2073/2073/2073
f 2079/2079/2079 2078/2078/2078 2077/2077/2077
f 2080/2080/2080 2079/2079/2079 2077/2077/2077
f 2083/2083/2083 2082/2082/2082 2081/2081/2081
f 2084/2084/2084 2083/2083/2083 2081/2081/2081
f 2087/2087/2087 2086/2086/2086 2085/2085/2085
f 2088/2088/2088 2087/2087/2087 2085/2085/2085
f 2091/2091/2091 2090/2090/2090 2089/2089/2089
f 2092/2092/2092 2091/2091/2091 2089/2089/2089
f 2095/2095/2095 2094/2094/2094 2093/2093/2093
f 2096/2096/2096 2095/2095/2095 2093/2093/2093
f 2099/2099/2099 2098/2098/2098 2097/2097/2097
f 2100/2100/2100 2099/2099/2099 2097/2097/2097
f 2103/2103/2103 2102/2102/2102 2101/2101/2101
f 2102/2102/2102 2104/2104/2104 2101/2101/2101
f 2101/2101/2101 2104/2104/2104 2105/2105/2105
f 2104/2104/2104 2106/2106/2106 2105/2105/2105
f 2109/2109/2109 2108/2108/2108 2107/2107/2107
f 2110/2110/2110 2109/2109/2109 2107/2107/2107
f 2113/2113/2113 2112/2112/2112 2111/2111/2111
f 2114/2114/2114 2113/2113/2113 2111/2111/2111
f 2117/2117/2117 2116/2116/2116 2115/2115/2115
f 2118/2118/2118 2117/2117/2117 2115/2115/2115
f 2121/2121/2121 2120/2120/2120 2119/2119/2119
f 2122/2122/2122 2121/2121/2121 2119/2119/2119
f 2125/2125/2125 2124/2124/2124 2123/2123/2123
f 2126/2126/2126 2125/2125/2125 2123/2123/2123
f 2129/2129/2129 2128/2128/2128 2127/2127/2127
f 2130/2130/2130 2129/2129/2129 2127/2127/2127
f 2133/2133/2133 2132/2132/2132 2131/2131/2131
f 2134/2134/2134 2133/2133/2133 2131/2131/2131
f 2137/2137/2137 2136/2136/2136 2135/2135/2135
f 2138/2138/2138 2137/2137/2137 2135/2135/2135
f 2141/2141/2141 2140/2140/2140 2139/2139/2139
f 2142/2142/2142 2141/2141/2141 2139/2139/2139
f 2145/2145/2145 2144/2144/2144 2143/2143/2143
f 2146/2146/2146 2145/2145/2145 2143/2143/2143
f 2149/2149/2149 2148/2148/2148 2147/2147/2147
f 2150/2150/2150 2149/2149/2149 2147/2147/2147
f 2153/2153/2153 2152/2152/2152 2151/2151/2151
f 2154/2154/2154 2153/2153/2153 2151/2151/2151
f 2157/2157/2157 2156/2156/2156 2155/2155/2155
f 2158/2158/2158 2157/2157/2157 2155/2155/2155
f 2161/2161/2161 2160/2160/2160 2159/2159/2159
f 2162/2162/2162 2161/2161/2161 2159/2159/2159
f 2165/2165/2165 2164/2164/2164 2163/2163/2163
f 2166/2166/2166 2165/2165/2165 2163/2163/2163
f 2169/2169/2169 2168/2168/2168 2167/2167/2167
f 2168/2168/2168 2170/2170/2170 2167/2167/2167
f 2170/2170/2170 2168/2168/2168 2171/2171/2171
f 2174/2174/2174 2173/2173/2173 2172/2172/2172
f 2175/2175/2175 2174/2174/2174 2172/2172/2172
f 2178/2178/2178 2177/2177/2177 2176/2176/2176
f 2178/2178/2178 2176/2176/2176 2179/2179/2179
f 2180/2180/2180 2178/2178/2178 2179/2179/2179
f 2181/2181/2181 2178/2178/2178 2180/2180/2180
f 2182/2182/2182 2178/2178/2178 2181/2181/2181
f 2183/2183/2183 2182/2182/2182 2181/2181/2181
f 2186/2186/2186 2185/2185/2185 2184/2184/2184
f 2185/2185/2185 2187/2187/2187 2184/2184/2184
f 2185/2185/2185 2188/2188/2188 2187/2187/2187
f 2188/2188/2188 2189/2189/2189 2187/2187/2187
f 2187/2187/2187 2189/2189/2189 2190/2190/2190
f 2184/2184/2184 2187/2187/2187 2191/2191/2191
f 2192/2192/2192 2184/2184/2184 2191/2191/2191
f 2195/2195/2195 2194/2194/2194 2193/2193/2193
f 2196/2196/2196 2195/2195/2195 2193/2193/2193
f 2199/2199/2199 2198/2198/2198 2197/2197/2197
f 2200/2200/2200 2199/2199/2199 2197/2197/2197
f 2203/2203/2203 2202/2202/2202 2201/2201/2201
f 2203/2203/2203 2201/2201/2201 2204/2204/2204
f 2205/2205/2205 2203/2203/2203 2204/2204/2204
f 2204/2204/2204 2206/2206/2206 2205/2205/2205
f 2206/2206/2206 2207/2207/2207 2205/2205/2205
f 2210/2210/2210 2209/2209/2209 2208/2208/2208
f 2211/2211/2211 2210/2210/2210 2208/2208/2208
f 2214/2214/2214 2213/2213/2213 2212/2212/2212
f 2213/2213/2213 2215/2215/2215 2212/2212/2212
f 2215/2215/2215 2213/2213/2213 2216/2216/2216
f 2217/2217/2217 2215/2215/2215 2216/2216/2216
f 2220/2220/2220 2219/2219/2219 2218/2218/2218
f 2221/2221/2221 2220/2220/2220 2218/2218/2218
f 2224/2224/2224 2223/2223/2223 2222/2222/2222
f 2225/2225/2225 2224/2224/2224 2222/2222/2222
f 2228/2228/2228 2227/2227/2227 2226/2226/2226
f 2229/2229/2229 2228/2228/2228 2226/2226/2226
f 2232/2232/2232 2231/2231/2231 2230/2230/2230
f 2233/2233/2233 2232/2232/2232 2230/2230/2230
f 2236/2236/2236 2235/2235/2235 2234/2234/2234
f 2237/2237/2237 2236/2236/2236 2234/2234/2234
f 2240/2240/2240 2239/2239/2239 2238/2238/2238
f 2241/2241/2241 2240/2240/2240 2238/2238/2238
f 2244/2244/2244 2243/2243/2243 2242/2242/2242
f 2245/2245/2245 2244/2244/2244 2242/2242/2242
f 2248/2248/2248 2247/2247/2247 2246/2246/2246
f 2249/2249/2249 2248/2248/2248 2246/2246/2246
f 2252/2252/2252 2251/2251/2251 2250/2250/2250
f 2253/2253/2253 2252/2252/2252 2250/2250/2250
f 2256/2256/2256 2255/2255/2255 2254/2254/2254
f 2257/2257/2257 2256/2256/2256 2254/2254/2254
f 2254/2254/2254 2258/2258/2258 2257/2257/2257
f 2258/2258/2258 2259/2259/2259 2257/2257/2257
f 2261/2261/2261 2258/2258/2258 2260/2260/2260
f 2262/2262/2262 2261/2261/2261 2260/2260/2260
f 2265/2265/2265 2264/2264/2264 2263/2263/2263
f 2266/2266/2266 2265/2265/2265 2263/2263/2263
f 2266/2266/2266 2263/2263/2263 2267/2267/2267
f 2268/2268/2268 2266/2266/2266 2267/2267/2267
f 2271/2271/2271 2270/2270/2270 2269/2269/2269
f 2272/2272/2272 2271/2271/2271 2269/2269/2269
f 2275/2275/2275 2274/2274/2274 2273/2273/2273
f 2276/2276/2276 2275/2275/2275 2273/2273/2273
f 2279/2279/2279 2278/2278/2278 2277/2277/2277
f 2280/2280/2280 2279/2279/2279 2277/2277/2277
f 2283/2283/2283 2282/2282/2282 2281/2281/2281
f 2284/2284/2284 2283/2283/2283 2281/2281/2281
f 2287/2287/2287 2286/2286/2286 2285/2285/2285
f 2286/2286/2286 2288/2288/2288 2285/2285/2285
f 2288/2288/2288 2289/2289/2289 2285/2285/2285
f 2292/2292/2292 2291/2291/2291 2290/2290/2290
f 2293/2293/2293 2292/2292/2292 2290/2290/2290
f 2294/2294/2294 2293/2293/2293 2290/2290/2290
f 2297/2297/2297 2296/2296/2296 2295/2295/2295
f 2298/2298/2298 2297/2297/2297 2295/2295/2295
f 2301/2301/2301 2300/2300/2300 2299/2299/2299
f 2302/2302/2302 2301/2301/2301 2299/2299/2299
f 2305/2305/2305 2304/2304/2304 2303/2303/2303
f 2306/2306/2306 2305/2305/2305 2303/2303/2303
f 2309/2309/2309 2308/2308/2308 2307/2307/2307
f 2307/2307/2307 2308/2308/2308 2310/2310/2310
f 2308/2308/2308 2311/2311/2311 2310/2310/2310
f 2311/2311/2311 2312/2312/2312 2310/2310/2310
f 2307/2307/2307 2310/2310/2310 2313/2313/2313
f 2307/2307/2307 2313/2313/2313 2314/2314/2314
f 2310/2310/2310 2315/2315/2315 2313/2313/2313
f 2316/2316/2316 2315/2315/2315 2310/2310/2310
f 2319/2319/2319 2318/2318/2318 2317/2317/2317
f 2320/2320/2320 2319/2319/2319 2317/2317/2317
f 2323/2323/2323 2322/2322/2322 2321/2321/2321
f 2324/2324/2324 2323/2323/2323 2321/2321/2321
f 2327/2327/2327 2326/2326/2326 2325/2325/2325
f 2328/2328/2328 2327/2327/2327 2325/2325/2325
f 2331/2331/2331 2330/2330/2330 2329/2329/2329
f 2332/2332/2332 2331/2331/2331 2329/2329/2329
f 2335/2335/2335 2334/2334/2334 2333/2333/2333
f 2336/2336/2336 2335/2335/2335 2333/2333/2333
f 2339/2339/2339 2338/2338/2338 2337/2337/2337
f 2340/2340/2340 2339/2339/2339 2337/2337/2337
f 2343/2343/2343 2342/2342/2342 2341/2341/2341
f 2344/2344/2344 2343/2343/2343 2341/2341/2341
f 2347/2347/2347 2346/2346/2346 2345/2345/2345
f 2348/2348/2348 2347/2347/2347 2345/2345/2345
f 2351/2351/2351 2350/2350/2350 2349/2349/2349
f 2352/2352/2352 2351/2351/2351 2349/2349/2349
f 2355/2355/2355 2354/2354/2354 2353/2353/2353
f 2356/2356/2356 2355/2355/2355 2353/2353/2353
f 2359/2359/2359 2358/2358/2358 2357/2357/2357
f 2360/2360/2360 2359/2359/2359 2357/2357/2357
f 2363/2363/2363 2362/2362/2362 2361/2361/2361
f 2364/2364/2364 2363/2363/2363 2361/2361/2361
f 2367/2367/2367 2366/2366/2366 2365/2365/2365
f 2368/2368/2368 2367/2367/2367 2365/2365/2365
f 2371/2371/2371 2370/2370/2370 2369/2369/2369
f 2370/2370/2370 2372/2372/2372 2369/2369/2369
f 2372/2372/2372 2370/2370/2370 2373/2373/2373
f 2370/2370/2370 2374/2374/2374 2373/2373/2373
f 2377/2377/2377 2376/2376/2376 2375/2375/2375
f 2378/2378/2378 2377/2377/2377 2375/2375/2375
f 2379/2379/2379 2378/2378/2378 2375/2375/2375
f 2380/2380/2380 2379/2379/2379 2375/2375/2375
f 2380/2380/2380 2381/2381/2381 2379/2379/2379
f 2381/2381/2381 2382/2382/2382 2379/2379/2379
f 2381/2381/2381 2383/2383/2383 2382/2382/2382
f 2383/2383/2383 2384/2384/2384 2382/2382/2382
f 2383/2383/2383 2385/2385/2385 2384/2384/2384
f 2385/2385/2385 2386/2386/2386 2384/2384/2384
f 2378/2378/2378 2387/2387/2387 2377/2377/2377
f 2387/2387/2387 2388/2388/2388 2377/2377/2377
f 2387/2387/2387 2378/2378/2378 2389/2389/2389
f 2378/2378/2378 2390/2390/2390 2389/2389/2389
f 2390/2390/2390 2391/2391/2391 2389/2389/2389
f 2391/2391/2391 2392/2392/2392 2389/2389/2389
f 2393/2393/2393 2389/2389/2389 2392/2392/2392
f 2393/2393/2393 2394/2394/2394 2389/2389/2389
f 2395/2395/2395 2389/2389/2389 2394/2394/2394
f 2396/2396/2396 2389/2389/2389 2395/2395/2395
f 2389/2389/2389 2396/2396/2396 2397/2397/2397
f 2389/2389/2389 2397/2397/2397 2398/2398/2398
f 2398/2398/2398 2384/2384/2384 2389/2389/2389
f 2389/2389/2389 2399/2399/2399 2387/2387/2387
f 2384/2384/2384 2399/2399/2399 2389/2389/2389
f 2399/2399/2399 2384/2384/2384 2386/2386/2386
f 2400/2400/2400 2399/2399/2399 2386/2386/2386
f 2403/2403/2403 2402/2402/2402 2401/2401/2401
f 2404/2404/2404 2403/2403/2403 2401/2401/2401
f 2407/2407/2407 2406/2406/2406 2405/2405/2405
f 2408/2408/2408 2407/2407/2407 2405/2405/2405
f 2411/2411/2411 2410/2410/2410 2409/2409/2409
f 2412/2412/2412 2411/2411/2411 2409/2409/2409
f 2415/2415/2415 2414/2414/2414 2413/2413/2413
f 2416/2416/2416 2415/2415/2415 2413/2413/2413
f 2419/2419/2419 2418/2418/2418 2417/2417/2417
f 2420/2420/2420 2419/2419/2419 2417/2417/2417
f 2423/2423/2423 2422/2422/2422 2421/2421/2421
f 2424/2424/2424 2423/2423/2423 2421/2421/2421
f 2426/2426/2426 2425/2425/2425 2423/2423/2423
f 2427/2427/2427 2426/2426/2426 2423/2423/2423
f 2430/2430/2430 2429/2429/2429 2428/2428/2428
f 2431/2431/2431 2430/2430/2430 2428/2428/2428
f 2434/2434/2434 2433/2433/2433 2432/2432/2432
f 2435/2435/2435 2434/2434/2434 2432/2432/2432
f 2438/2438/2438 2437/2437/2437 2436/2436/2436
f 2437/2437/2437 2439/2439/2439 2436/2436/2436
f 2441/2441/2441 2440/2440/2440 2439/2439/2439
f 2442/2442/2442 2441/2441/2441 2439/2439/2439
f 2444/2444/2444 2441/2441/2441 2443/2443/2443
f 2445/2445/2445 2444/2444/2444 2443/2443/2443
f 2448/2448/2448 2447/2447/2447 2446/2446/2446
f 2449/2449/2449 2448/2448/2448 2446/2446/2446
f 2452/2452/2452 2451/2451/2451 2450/2450/2450
f 2453/2453/2453 2452/2452/2452 2450/2450/2450
f 2456/2456/2456 2455/2455/2455 2454/2454/2454
f 2457/2457/2457 2456/2456/2456 2454/2454/2454
f 2460/2460/2460 2459/2459/2459 2458/2458/2458
f 2461/2461/2461 2460/2460/2460 2458/2458/2458
f 2464/2464/2464 2463/2463/2463 2462/2462/2462
f 2465/2465/2465 2464/2464/2464 2462/2462/2462
f 2468/2468/2468 2467/2467/2467 2466/2466/2466
f 2469/2469/2469 2468/2468/2468 2466/2466/2466
f 2472/2472/2472 2471/2471/2471 2470/2470/2470
f 2473/2473/2473 2472/2472/2472 2470/2470/2470
f 2476/2476/2476 2475/2475/2475 2474/2474/2474
f 2477/2477/2477 2476/2476/2476 2474/2474/2474
f 2480/2480/2480 2479/2479/2479 2478/2478/2478
f 2481/2481/2481 2480/2480/2480 2478/2478/2478
f 2484/2484/2484 2483/2483/2483 2482/2482/2482
f 2485/2485/2485 2484/2484/2484 2482/2482/2482
f 2488/2488/2488 2487/2487/2487 2486/2486/2486
f 2489/2489/2489 2488/2488/2488 2486/2486/2486
f 2492/2492/2492 2491/2491/2491 2490/2490/2490
f 2493/2493/2493 2492/2492/2492 2490/2490/2490
f 2496/2496/2496 2495/2495/2495 2494/2494/2494
f 2497/2497/2497 2496/2496/2496 2494/2494/2494
f 2500/2500/2500 2499/2499/2499 2498/2498/2498
f 2501/2501/2501 2500/2500/2500 2498/2498/2498
f 2504/2504/2504 2503/2503/2503 2502/2502/2502
f 2505/2505/2505 2504/2504/2504 2502/2502/2502
f 2505/2505/2505 2507/2507/2507 2506/2506/2506
f 2508/2508/2508 2505/2505/2505 2506/2506/2506
f 2511/2511/2511 2510/2510/2510 2509/2509/2509
f 2510/2510/2510 2512/2512/2512 2509/2509/2509
f 2512/2512/2512 2514/2514/2514 2513/2513/2513
f 2514/2514/2514 2515/2515/2515 2513/2513/2513
f 2517/2517/2517 2515/2515/2515 2516/2516/2516
f 2518/2518/2518 2517/2517/2517 2516/2516/2516
f 2521/2521/2521 2520/2520/2520 2519/2519/2519
f 2522/2522/2522 2521/2521/2521 2519/2519/2519
f 2525/2525/2525 2524/2524/2524 2523/2523/2523
f 2526/2526/2526 2525/2525/2525 2523/2523/2523
f 2529/2529/2529 2528/2528/2528 2527/2527/2527
f 2528/2528/2528 2530/2530/2530 2527/2527/2527
f 2528/2528/2528 2531/2531/2531 2530/2530/2530
f 2528/2528/2528 2532/2532/2532 2531/2531/2531
f 2532/2532/2532 2528/2528/2528 2533/2533/2533
f 2534/2534/2534 2533/2533/2533 2528/2528/2528
f 2533/2533/2533 2534/2534/2534 2535/2535/2535
f 2534/2534/2534 2536/2536/2536 2535/2535/2535
f 2536/2536/2536 2534/2534/2534 2537/2537/2537
f 2534/2534/2534 2538/2538/2538 2537/2537/2537
f 2538/2538/2538 2539/2539/2539 2537/2537/2537
f 2542/2542/2542 2541/2541/2541 2540/2540/2540
f 2543/2543/2543 2542/2542/2542 2540/2540/2540
f 2546/2546/2546 2545/2545/2545 2544/2544/2544
f 2547/2547/2547 2546/2546/2546 2544/2544/2544
f 2550/2550/2550 2549/2549/2549 2548/2548/2548
f 2551/2551/2551 2550/2550/2550 2548/2548/2548
f 2554/2554/2554 2553/2553/2553 2552/2552/2552
f 2555/2555/2555 2554/2554/2554 2552/2552/2552
f 2555/2555/2555 2552/2552/2552 2556/2556/2556
f 2557/2557/2557 2555/2555/2555 2556/2556/2556
f 2560/2560/2560 2559/2559/2559 2558/2558/2558
f 2559/2559/2559 2561/2561/2561 2558/2558/2558
f 2562/2562/2562 2558/2558/2558 2561/2561/2561
f 2563/2563/2563 2562/2562/2562 2561/2561/2561
f 2566/2566/2566 2565/2565/2565 2564/2564/2564
f 2567/2567/2567 2566/2566/2566 2564/2564/2564
f 2570/2570/2570 2569/2569/2569 2568/2568/2568
f 2571/2571/2571 2570/2570/2570 2568/2568/2568
f 2574/2574/2574 2573/2573/2573 2572/2572/2572
f 2575/2575/2575 2574/2574/2574 2572/2572/2572
f 2578/2578/2578 2577/2577/2577 2576/2576/2576
f 2579/2579/2579 2578/2578/2578 2576/2576/2576
f 2582/2582/2582 2581/2581/2581 2580/2580/2580
f 2581/2581/2581 2583/2583/2583 2580/2580/2580
f 2583/2583/2583 2581/2581/2581 2584/2584/2584
f 2585/2585/2585 2583/2583/2583 2584/2584/2584
f 2588/2588/2588 2587/2587/2587 2586/2586/2586
f 2589/2589/2589 2588/2588/2588 2586/2586/2586
f 2592/2592/2592 2591/2591/2591 2590/2590/2590
f 2593/2593/2593 2592/2592/2592 2590/2590/2590
f 2596/2596/2596 2595/2595/2595 2594/2594/2594
f 2597/2597/2597 2596/2596/2596 2594/2594/2594
f 2600/2600/2600 2599/2599/2599 2598/2598/2598
f 2599/2599/2599 2601/2601/2601 2598/2598/2598
f 2601/2601/2601 2602/2602/2602 2598/2598/2598
f 2602/2602/2602 2603/2603/2603 2598/2598/2598
f 2606/2606/2606 2605/2605/2605 2604/2604/2604
f 2607/2607/2607 2606/2606/2606 2604/2604/2604
f 2610/2610/2610 2609/2609/2609 2608/2608/2608
f 2611/2611/2611 2610/2610/2610 2608/2608/2608
f 2614/2614/2614 2613/2613/2613 2612/2612/2612
f 2615/2615/2615 2614/2614/2614 2612/2612/2612
f 2618/2618/2618 2617/2617/2617 2616/2616/2616
f 2618/2618/2618 2616/2616/2616 2619/2619/2619
f 2616/2616/2616 2620/2620/2620 2619/2619/2619
f 2623/2623/2623 2622/2622/2622 2621/2621/2621
f 2623/2623/2623 2624/2624/2624 2622/2622/2622
f 2622/2622/2622 2624/2624/2624 2625/2625/2625
f 2624/2624/2624 2626/2626/2626 2625/2625/2625
f 2626/2626/2626 2627/2627/2627 2625/2625/2625
f 2630/2630/2630 2629/2629/2629 2628/2628/2628
f 2631/2631/2631 2630/2630/2630 2628/2628/2628
f 2634/2634/2634 2633/2633/2633 2632/2632/2632
f 2635/2635/2635 2634/2634/2634 2632/2632/2632
f 2638/2638/2638 2637/2637/2637 2636/2636/2636
f 2639/2639/2639 2638/2638/2638 2636/2636/2636
f 2642/2642/2642 2641/2641/2641 2640/2640/2640
f 2643/2643/2643 2642/2642/2642 2640/2640/2640
f 2646/2646/2646 2645/2645/2645 2644/2644/2644
f 2647/2647/2647 2646/2646/2646 2644/2644/2644
f 2650/2650/2650 2649/2649/2649 2648/2648/2648
f 2651/2651/2651 2650/2650/2650 2648/2648/2648
f 2654/2654/2654 2653/2653/2653 2652/2652/2652
f 2655/2655/2655 2654/2654/2654 2652/2652/2652
f 2658/2658/2658 2657/2657/2657 2656/2656/2656
f 2659/2659/2659 2658/2658/2658 2656/2656/2656
f 2662/2662/2662 2661/2661/2661 2660/2660/2660
f 2663/2663/2663 2662/2662/2662 2660/2660/2660
f 2666/2666/2666 2665/2665/2665 2664/2664/2664
f 2667/2667/2667 2666/2666/2666 2664/2664/2664
f 2670/2670/2670 2669/2669/2669 2668/2668/2668
f 2671/2671/2671 2670/2670/2670 2668/2668/2668
f 2674/2674/2674 2673/2673/2673 2672/2672/2672
f 2675/2675/2675 2674/2674/2674 2672/2672/2672
f 2678/2678/2678 2677/2677/2677 2676/2676/2676
f 2679/2679/2679 2678/2678/2678 2676/2676/2676
f 2682/2682/2682 2681/2681/2681 2680/2680/2680
f 2683/2683/2683 2682/2682/2682 2680/2680/2680
f 2686/2686/2686 2685/2685/2685 2684/2684/2684
f 2687/2687/2687 2686/2686/2686 2684/2684/2684
f 2690/2690/2690 2689/2689/2689 2688/2688/2688
f 2691/2691/2691 2690/2690/2690 2688/2688/2688
f 2694/2694/2694 2693/2693/2693 2692/2692/2692
f 2695/2695/2695 2694/2694/2694 2692/2692/2692
f 2698/2698/2698 2697/2697/2697 2696/2696/2696
f 2699/2699/2699 2698/2698/2698 2696/2696/2696
f 2702/2702/2702 2701/2701/2701 2700/2700/2700
f 2703/2703/2703 2702/2702/2702 2700/2700/2700
f 2706/2706/2706 2705/2705/2705 2704/2704/2704
f 2707/2707/2707 2706/2706/2706 2704/2704/2704
f 2710/2710/2710 2709/2709/2709 2708/2708/2708
f 2711/2711/2711 2710/2710/2710 2708/2708/2708
f 2714/2714/2714 2713/2713/2713 2712/2712/2712
f 2715/2715/2715 2714/2714/2714 2712/2712/2712
f 2718/2718/2718 2717/2717/2717 2716/2716/2716
f 2719/2719/2719 2718/2718/2718 2716/2716/2716
f 2722/2722/2722 2721/2721/2721 2720/2720/2720
f 2723/2723/2723 2722/2722/2722 2720/2720/2720
f 2726/2726/2726 2725/2725/2725 2724/2724/2724
f 2727/2727/2727 2726/2726/2726 2724/2724/2724
f 2730/2730/2730 2729/2729/2729 2728/2728/2728
f 2731/2731/2731 2730/2730/2730 2728/2728/2728
f 2734/2734/2734 2733/2733/2733 2732/2732/2732
f 2735/2735/2735 2734/2734/2734 2732/2732/2732
f 2738/2738/2738 2737/2737/2737 2736/2736/2736
f 2739/2739/2739 2738/2738/2738 2736/2736/2736
f 2742/2742/2742 2741/2741/2741 2740/2740/2740
f 2743/2743/2743 2742/2742/2742 2740/2740/2740
f 2746/2746/2746 2745/2745/2745 2744/2744/2744
f 2747/2747/2747 2746/2746/2746 2744/2744/2744
f 2750/2750/2750 2749/2749/2749 2748/2748/2748
f 2751/2751/2751 2750/2750/2750 2748/2748/2748
f 2754/2754/2754 2753/2753/2753 2752/2752/2752
f 2755/2755/2755 2754/2754/2754 2752/2752/2752
f 2758/2758/2758 2757/2757/2757 2756/2756/2756
f 2759/2759/2759 2758/2758/2758 2756/2756/2756
f 2762/2762/2762 2761/2761/2761 2760/2760/2760
f 2763/2763/2763 2762/2762/2762 2760/2760/2760
f 2766/2766/2766 2765/2765/2765 2764/2764/2764
f 2767/2767/2767 2766/2766/2766 2764/2764/2764
f 2770/2770/2770 2769/2769/2769 2768/2768/2768
f 2771/2771/2771 2770/2770/2770 2768/2768/2768
f 2774/2774/2774 2773/2773/2773 2772/2772/2772
f 2775/2775/2775 2774/2774/2774 2772/2772/2772
f 2778/2778/2778 2777/2777/2777 2776/2776/2776
f 2779/2779/2779 2778/2778/2778 2776/2776/2776
f 2782/2782/2782 2781/2781/2781 2780/2780/2780
f 2783/2783/2783 2782/2782/2782 2780/2780/2780
f 2786/2786/2786 2785/2785/2785 2784/2784/2784
f 2787/2787/2787 2786/2786/2786 2784/2784/2784
f 2790/2790/2790 2789/2789/2789 2788/2788/2788
f 2791/2791/2791 2790/2790/2790 2788/2788/2788
f 2794/2794/2794 2793/2793/2793 2792/2792/2792
f 2795/2795/2795 2794/2794/2794 2792/2792/2792
f 2798/2798/2798 2797/2797/2797 2796/2796/2796
f 2797/2797/2797 2799/2799/2799 2796/2796/2796
f 2796/2796/2796 2799/2799/2799 2800/2800/2800
f 2801/2801/2801 2796/2796/2796 2800/2800/2800
f 2804/2804/2804 2803/2803/2803 2802/2802/2802
f 2805/2805/2805 2804/2804/2804 2802/2802/2802
f 2808/2808/2808 2807/2807/2807 2806/2806/2806
f 2809/2809/2809 2808/2808/2808 2806/2806/2806
f 2812/2812/2812 2811/2811/2811 2810/2810/2810
f 2813/2813/2813 2812/2812/2812 2810/2810/2810
f 2816/2816/2816 2815/2815/2815 2814/2814/2814
f 2817/2817/2817 2816/2816/2816 2814/2814/2814
f 2820/2820/2820 2819/2819/2819 2818/2818/2818
f 2821/2821/2821 2820/2820/2820 2818/2818/2818
f 2824/2824/2824 2823/2823/2823 2822/2822/2822
f 2825/2825/2825 2824/2824/2824 2822/2822/2822
f 2828/2828/2828 2827/2827/2827 2826/2826/2826
f 2829/2829/2829 2828/2828/2828 2826/2826/2826
f 2832/2832/2832 2831/2831/2831 2830/2830/2830
f 2833/2833/2833 2832/2832/2832 2830/2830/2830
f 2836/2836/2836 2835/2835/2835 2834/2834/2834
f 2837/2837/2837 2836/2836/2836 2834/2834/2834
f 2840/2840/2840 2839/2839/2839 2838/2838/2838
f 2841/2841/2841 2840/2840/2840 2838/2838/2838
f 2844/2844/2844 2843/2843/2843 2842/2842/2842
f 2845/2845/2845 2844/2844/2844 2842/2842/2842
f 2848/2848/2848 2847/2847/2847 2846/2846/2846
f 2849/2849/2849 2848/2848/2848 2846/2846/2846
f 2852/2852/2852 2851/2851/2851 2850/2850/2850
f 2853/2853/2853 2852/2852/2852 2850/2850/2850
f 2856/2856/2856 2855/2855/2855 2854/2854/2854
f 2857/2857/2857 2856/2856/2856 2854/2854/2854
f 2860/2860/2860 2859/2859/2859 2858/2858/2858
f 2861/2861/2861 2860/2860/2860 2858/2858/2858
f 2864/2864/2864 2863/2863/2863 2862/2862/2862
f 2865/2865/2865 2864/2864/2864 2862/2862/2862
f 2868/2868/2868 2867/2867/2867 2866/2866/2866
f 2869/2869/2869 2868/2868/2868 2866/2866/2866
f 2872/2872/2872 2871/2871/2871 2870/2870/2870
f 2873/2873/2873 2872/2872/2872 2870/2870/2870
f 2876/2876/2876 2875/2875/2875 2874/2874/2874
f 2877/2877/2877 2876/2876/2876 2874/2874/2874
f 2880/2880/2880 2879/2879/2879 2878/2878/2878
f 2881/2881/2881 2880/2880/2880 2878/2878/2878
f 2884/2884/2884 2883/2883/2883 2882/2882/2882
f 2885/2885/2885 2884/2884/2884 2882/2882/2882
f 2888/2888/2888 2887/2887/2887 2886/2886/2886
f 2889/2889/2889 2888/2888/2888 2886/2886/2886
f 2892/2892/2892 2891/2891/2891 2890/2890/2890
f 2893/2893/2893 2892/2892/2892 2890/2890/2890
f 2896/2896/2896 2895/2895/2895 2894/2894/2894
f 2897/2897/2897 2896/2896/2896 2894/2894/2894
f 2900/2900/2900 2899/2899/2899 2898/2898/2898
f 2901/2901/2901 2900/2900/2900 2898/2898/2898
f 2904/2904/2904 2903/2903/2903 2902/2902/2902
f 2905/2905/2905 2904/2904/2904 2902/2902/2902
f 2908/2908/2908 2907/2907/2907 2906/2906/2906
f 2909/2909/2909 2908/2908/2908 2906/2906/2906
f 2912/2912/2912 2911/2911/2911 2910/2910/2910
f 2913/2913/2913 2912/2912/2912 2910/2910/2910
f 2916/2916/2916 2915/2915/2915 2914/2914/2914
f 2917/2917/2917 2916/2916/2916 2914/2914/2914
f 2920/2920/2920 2919/2919/2919 2918/2918/2918
f 2921/2921/2921 2920/2920/2920 2918/2918/2918
f 2924/2924/2924 2923/2923/2923 2922/2922/2922
f 2925/2925/2925 2924/2924/2924 2922/2922/2922
f 2928/2928/2928 2927/2927/2927 2926/2926/2926
f 2929/2929/2929 2928/2928/2928 2926/2926/2926
f 2932/2932/2932 2931/2931/2931 2930/2930/2930
f 2933/2933/2933 2932/2932/2932 2930/2930/2930
f 2936/2936/2936 2935/2935/2935 2934/2934/2934
f 2937/2937/2937 2936/2936/2936 2934/2934/2934
f 2940/2940/2940 2939/2939/2939 2938/2938/2938
f 2941/2941/2941 2940/2940/2940 2938/2938/2938
f 2944/2944/2944 2943/2943/2943 2942/2942/2942
f 2945/2945/2945 2944/2944/2944 2942/2942/2942
f 2948/2948/2948 2947/2947/2947 2946/2946/2946
f 2949/2949/2949 2948/2948/2948 2946/2946/2946
f 2952/2952/2952 2951/2951/2951 2950/2950/2950
f 2953/2953/2953 2952/2952/2952 2950/2950/2950
f 2956/2956/2956 2955/2955/2955 2954/2954/2954
f 2957/2957/2957 2956/2956/2956 2954/2954/2954
f 2960/2960/2960 2959/2959/2959 2958/2958/2958
f 2961/2961/2961 2960/2960/2960 2958/2958/2958
f 2964/2964/2964 2963/2963/2963 2962/2962/2962
f 2965/2965/2965 2964/2964/2964 2962/2962/2962
f 2968/2968/2968 2967/2967/2967 2966/2966/2966
f 2969/2969/2969 2968/2968/2968 2966/2966/2966
f 2972/2972/2972 2971/2971/2971 2970/2970/2970
f 2973/2973/2973 2972/2972/2972 2970/2970/2970
f 2976/2976/2976 2975/2975/2975 2974/2974/2974
f 2977/2977/2977 2976/2976/2976 2974/2974/2974
f 2980/2980/2980 2979/2979/2979 2978/2978/2978
f 2981/2981/2981 2980/2980/2980 2978/2978/2978
f 2984/2984/2984 2983/2983/2983 2982/2982/2982
f 2985/2985/2985 2984/2984/2984 2982/2982/2982
f 2988/2988/2988 2987/2987/2987 2986/2986/2986
f 2989/2989/2989 2988/2988/2988 2986/2986/2986
f 2992/2992/2992 2991/2991/2991 2990/2990/2990
f 2993/2993/2993 2992/2992/2992 2990/2990/2990
f 2996/2996/2996 2995/2995/2995 2994/2994/2994
f 2997/2997/2997 2996/2996/2996 2994/2994/2994
f 3000/3000/3000 2999/2999/2999 2998/2998/2998
f 3001/3001/3001 3000/3000/3000 2998/2998/2998
f 3004/3004/3004 3003/3003/3003 3002/3002/3002
f 3005/3005/3005 3004/3004/3004 3002/3002/3002
f 3008/3008/3008 3007/3007/3007 3006/3006/3006
f 3009/3009/3009 3008/3008/3008 3006/3006/3006
f 3012/3012/3012 3011/3011/3011 3010/3010/3010
f 3013/3013/3013 3012/3012/3012 3010/3010/3010
f 3016/3016/3016 3015/3015/3015 3014/3014/3014
f 3017/3017/3017 3016/3016/3016 3014/3014/3014
f 3020/3020/3020 3019/3019/3019 3018/3018/3018
f 3021/3021/3021 3020/3020/3020 3018/3018/3018
f 3024/3024/3024 3023/3023/3023 3022/3022/3022
f 3025/3025/3025 3024/3024/3024 3022/3022/3022
f 3028/3028/3028 3027/3027/3027 3026/3026/3026
f 3029/3029/3029 3028/3028/3028 3026/3026/3026
f 3032/3032/3032 3031/3031/3031 3030/3030/3030
f 3033/3033/3033 3032/3032/3032 3030/3030/3030
f 3036/3036/3036 3035/3035/3035 3034/3034/3034
f 3037/3037/3037 3036/3036/3036 3034/3034/3034
f 3040/3040/3040 3039/3039/3039 3038/3038/3038
f 3041/3041/3041 3040/3040/3040 3038/3038/3038
f 3044/3044/3044 3043/3043/3043 3042/3042/3042
f 3045/3045/3045 3044/3044/3044 3042/3042/3042
f 3048/3048/3048 3047/3047/3047 3046/3046/3046
f 3049/3049/3049 3048/3048/3048 3046/3046/3046
f 3052/3052/3052 3051/3051/3051 3050/3050/3050
f 3053/3053/3053 3052/3052/3052 3050/3050/3050
f 3056/3056/3056 3055/3055/3055 3054/3054/3054
f 3057/3057/3057 3056/3056/3056 3054/3054/3054
f 3060/3060/3060 3059/3059/3059 3058/3058/3058
f 3061/3061/3061 3060/3060/3060 3058/3058/3058
f 3064/3064/3064 3063/3063/3063 3062/3062/3062
f 3065/3065/3065 3064/3064/3064 3062/3062/3062
f 3068/3068/3068 3067/3067/3067 3066/3066/3066
f 3069/3069/3069 3068/3068/3068 3066/3066/3066
f 3072/3072/3072 3071/3071/3071 3070/3070/3070
f 3073/3073/3073 3072/3072/3072 3070/3070/3070
f 3076/3076/3076 3075/3075/3075 3074/3074/3074
f 3077/3077/3077 3076/3076/3076 3074/3074/3074
f 3080/3080/3080 3079/3079/3079 3078/3078/3078
f 3081/3081/3081 3080/3080/3080 3078/3078/3078
f 3084/3084/3084 3083/3083/3083 3082/3082/3082
f 3085/3085/3085 3084/3084/3084 3082/3082/3082
f 3088/3088/3088 3087/3087/3087 3086/3086/3086
f 3089/3089/3089 3088/3088/3088 3086/3086/3086
f 3092/3092/3092 3091/3091/3091 3090/3090/3090
f 3093/3093/3093 3092/3092/3092 3090/3090/3090
f 3096/3096/3096 3095/3095/3095 3094/3094/3094
f 3097/3097/3097 3096/3096/3096 3094/3094/3094
f 3100/3100/3100 3099/3099/3099 3098/3098/3098
f 3101/3101/3101 3100/3100/3100 3098/3098/3098
f 3104/3104/3104 3103/3103/3103 3102/3102/3102
f 3105/3105/3105 3104/3104/3104 3102/3102/3102
f 3108/3108/3108 3107/3107/3107 3106/3106/3106
f 3109/3109/3109 3108/3108/3108 3106/3106/3106
f 3112/3112/3112 3111/3111/3111 3110/3110/3110
f 3113/3113/3113 3112/3112/3112 3110/3110/3110
f 3116/3116/3116 3115/3115/3115 3114/3114/3114
f 3117/3117/3117 3116/3116/3116 3114/3114/3114
f 3120/3120/3120 3119/3119/3119 3118/3118/3118
f 3121/3121/3121 3120/3120/3120 3118/3118/3118
f 3124/3124/3124 3123/3123/3123 3122/3122/3122
f 3125/3125/3125 3124/3124/3124 3122/3122/3122
f 3128/3128/3128 3127/3127/3127 3126/3126/3126
f 3129/3129/3129 3128/3128/3128 3126/3126/3126
f 3132/3132/3132 3131/3131/3131 3130/3130/3130
f 3133/3133/3133 3132/3132/3132 3130/3130/3130
f 3136/3136/3136 3135/3135/3135 3134/3134/3134
f 3137/3137/3137 3136/3136/3136 3134/3134/3134
f 3140/3140/3140 3139/3139/3139 3138/3138/3138
f 3141/3141/3141 3140/3140/3140 3138/3138/3138
f 3144/3144/3144 3143/3143/3143 3142/3142/3142
f 3145/3145/3145 3144/3144/3144 3142/3142/3142
f 3148/3148/3148 3147/3147/3147 3146/3146/3146
f 3149/3149/3149 3148/3148/3148 3146/3146/3146
f 3152/3152/3152 3151/3151/3151 3150/3150/3150
f 3153/3153/3153 3152/3152/3152 3150/3150/3150
f 3156/3156/3156 3155/3155/3155 3154/3154/3154
f 3157/3157/3157 3156/3156/3156 3154/3154/3154
f 3160/3160/3160 3159/3159/3159 3158/3158/3158
f 3161/3161/3161 3160/3160/3160 3158/3158/3158
f 3164/3164/3164 3163/3163/3163 3162/3162/3162
f 3165/3165/3165 3164/3164/3164 3162/3162/3162
f 3168/3168/3168 3167/3167/3167 3166/3166/3166
f 3169/3169/3169 3168/3168/3168 3166/3166/3166
f 3172/3172/3172 3171/3171/3171 3170/3170/3170
f 3173/3173/3173 3172/3172/3172 3170/3170/3170
f 3176/3176/3176 3175/3175/3175 3174/3174/3174
f 3177/3177/3177 3176/3176/3176 3174/3174/3174
f 3180/3180/3180 3179/3179/3179 3178/3178/3178
f 3181/3181/3181 3180/3180/3180 3178/3178/3178
f 3184/3184/3184 3183/3183/3183 3182/3182/3182
f 3185/3185/3185 3184/3184/3184 3182/3182/3182
f 3188/3188/3188 3187/3187/3187 3186/3186/3186
f 3189/3189/3189 3188/3188/3188 3186/3186/3186
f 3192/3192/3192 3191/3191/3191 3190/3190/3190
f 3193/3193/3193 3192/3192/3192 3190/3190/3190
f 3196/3196/3196 3195/3195/3195 3194/3194/3194
f 3197/3197/3197 3196/3196/3196 3194/3194/3194
f 3200/3200/3200 3199/3199/3199 3198/3198/3198
f 3201/3201/3201 3200/3200/3200 3198/3198/3198
f 3204/3204/3204 3203/3203/3203 3202/3202/3202
f 3205/3205/3205 3204/3204/3204 3202/3202/3202
f 3208/3208/3208 3207/3207/3207 3206/3206/3206
f 3209/3209/3209 3208/3208/3208 3206/3206/3206
f 3212/3212/3212 3211/3211/3211 3210/3210/3210
f 3213/3213/3213 3212/3212/3212 3210/3210/3210
f 3216/3216/3216 3215/3215/3215 3214/3214/3214
f 3217/3217/3217 3216/3216/3216 3214/3214/3214
f 3220/3220/3220 3219/3219/3219 3218/3218/3218
f 3221/3221/3221 3220/3220/3220 3218/3218/3218
f 3224/3224/3224 3223/3223/3223 3222/3222/3222
f 3225/3225/3225 3224/3224/3224 3222/3222/3222
f 3228/3228/3228 3227/3227/3227 3226/3226/3226
f 3229/3229/3229 3228/3228/3228 3226/3226/3226
f 3232/3232/3232 3231/3231/3231 3230/3230/3230
f 3233/3233/3233 3232/3232/3232 3230/3230/3230
f 3236/3236/3236 3235/3235/3235 3234/3234/3234
f 3237/3237/3237 3236/3236/3236 3234/3234/3234
f 3240/3240/3240 3239/3239/3239 3238/3238/3238
f 3241/3241/3241 3240/3240/3240 3238/3238/3238
f 3244/3244/3244 3243/3243/3243 3242/3242/3242
f 3245/3245/3245 3244/3244/3244 3242/3242/3242
f 3248/3248/3248 3247/3247/3247 3246/3246/3246
f 3249/3249/3249 3248/3248/3248 3246/3246/3246
f 3252/3252/3252 3251/3251/3251 3250/3250/3250
f 3253/3253/3253 3252/3252/3252 3250/3250/3250
f 3256/3256/3256 3255/3255/3255 3254/3254/3254
f 3257/3257/3257 3256/3256/3256 3254/3254/3254
f 3260/3260/3260 3259/3259/3259 3258/3258/3258
f 3261/3261/3261 3260/3260/3260 3258/3258/3258
f 3264/3264/3264 3263/3263/3263 3262/3262/3262
f 3265/3265/3265 3264/3264/3264 3262/3262/3262
f 3268/3268/3268 3267/3267/3267 3266/3266/3266
f 3269/3269/3269 3268/3268/3268 3266/3266/3266
f 3272/3272/3272 3271/3271/3271 3270/3270/3270
f 3273/3273/3273 3272/3272/3272 3270/3270/3270
f 3276/3276/3276 3275/3275/3275 3274/3274/3274
f 3277/3277/3277 3276/3276/3276 3274/3274/3274
f 3280/3280/3280 3279/3279/3279 3278/3278/3278
f 3281/3281/3281 3280/3280/3280 3278/3278/3278
f 3284/3284/3284 3283/3283/3283 3282/3282/3282
f 3285/3285/3285 3284/3284/3284 3282/3282/3282
f 3288/3288/3288 3287/3287/3287 3286/3286/3286
f 3289/3289/3289 3288/3288/3288 3286/3286/3286
f 3292/3292/3292 3291/3291/3291 3290/3290/3290
f 3293/3293/3293 3292/3292/3292 3290/3290/3290
f 3296/3296/3296 3295/3295/3295 3294/3294/3294
f 3297/3297/3297 3296/3296/3296 3294/3294/3294
f 3300/3300/3300 3299/3299/3299 3298/3298/3298
f 3301/3301/3301 3300/3300/3300 3298/3298/3298
f 3304/3304/3304 3303/3303/3303 3302/3302/3302
f 3305/3305/3305 3304/3304/3304 3302/3302/3302
f 3308/3308/3308 3307/3307/3307 3306/3306/3306
f 3309/3309/3309 3308/3308/3308 3306/3306/3306
f 3312/3312/3312 3311/3311/3311 3310/3310/3310
f 3313/3313/3313 3312/3312/3312 3310/3310/3310
f 3316/3316/3316 3315/3315/3315 3314/3314/3314
f 3317/3317/3317 3316/3316/3316 3314/3314/3314
f 3320/3320/3320 3319/3319/3319 3318/3318/3318
f 3321/3321/3321 3320/3320/3320 3318/3318/3318
f 3324/3324/3324 3323/3323/3323 3322/3322/3322
f 3325/3325/3325 3324/3324/3324 3322/3322/3322
f 3328/3328/3328 3327/3327/3327 3326/3326/3326
f 3329/3329/3329 3328/3328/3328 3326/3326/3326
f 3332/3332/3332 3331/3331/3331 3330/3330/3330
f 3333/3333/3333 3332/3332/3332 3330/3330/3330
f 3336/3336/3336 3335/3335/3335 3334/3334/3334
f 3337/3337/3337 3336/3336/3336 3334/3334/3334
f 3340/3340/3340 3339/3339/3339 3338/3338/3338
f 3341/3341/3341 3340/3340/3340 3338/3338/3338
f 3344/3344/3344 3343/3343/3343 3342/3342/3342
f 3345/3345/3345 3344/3344/3344 3342/3342/3342
f 3348/3348/3348 3347/3347/3347 3346/3346/3346
f 3349/3349/3349 3348/3348/3348 3346/3346/3346
f 3352/3352/3352 3351/3351/3351 3350/3350/3350
f 3353/3353/3353 3352/3352/3352 3350/3350/3350
f 3356/3356/3356 3355/3355/3355 3354/3354/3354
f 3357/3357/3357 3356/3356/3356 3354/3354/3354
f 3360/3360/3360 3359/3359/3359 3358/3358/3358
f 3361/3361/3361 3360/3360/3360 3358/3358/3358
f 3364/3364/3364 3363/3363/3363 3362/3362/3362
f 3365/3365/3365 3364/3364/3364 3362/3362/3362
f 3368/3368/3368 3367/3367/3367 3366/3366/3366
f 3369/3369/3369 3368/3368/3368 3366/3366/3366
f 3372/3372/3372 3371/3371/3371 3370/3370/3370
f 3373/3373/3373 3372/3372/3372 3370/3370/3370
f 3376/3376/3376 3375/3375/3375 3374/3374/3374
f 3377/3377/3377 3376/3376/3376 3374/3374/3374
f 3380/3380/3380 3379/3379/3379 3378/3378/3378
f 3381/3381/3381 3380/3380/3380 3378/3378/3378
f 3384/3384/3384 3383/3383/3383 3382/3382/3382
f 3385/3385/3385 3384/3384/3384 3382/3382/3382
f 3388/3388/3388 3387/3387/3387 3386/3386/3386
f 3389/3389/3389 3388/3388/3388 3386/3386/3386
f 3392/3392/3392 3391/3391/3391 3390/3390/3390
f 3393/3393/3393 3392/3392/3392 3390/3390/3390
f 3396/3396/3396 3395/3395/3395 3394/3394/3394
f 3397/3397/3397 3396/3396/3396 3394/3394/3394
f 3400/3400/3400 3399/3399/3399 3398/3398/3398
f 3401/3401/3401 3400/3400/3400 3398/3398/3398
f 3404/3404/3404 3403/3403/3403 3402/3402/3402
f 3405/3405/3405 3404/3404/3404 3402/3402/3402
f 3408/3408/3408 3407/3407/3407 3406/3406/3406
f 3409/3409/3409 3408/3408/3408 3406/3406/3406
f 3412/3412/3412 3411/3411/3411 3410/3410/3410
f 3413/3413/3413 3412/3412/3412 3410/3410/3410
f 3416/3416/3416 3415/3415/3415 3414/3414/3414
f 3417/3417/3417 3416/3416/3416 3414/3414/3414
f 3420/3420/3420 3419/3419/3419 3418/3418/3418
f 3421/3421/3421 3420/3420/3420 3418/3418/3418
f 3424/3424/3424 3423/3423/3423 3422/3422/3422
f 3425/3425/3425 3424/3424/3424 3422/3422/3422
f 3428/3428/3428 3427/3427/3427 3426/3426/3426
f 3429/3429/3429 3428/3428/3428 3426/3426/3426
f 3432/3432/3432 3431/3431/3431 3430/3430/3430
f 3433/3433/3433 3432/3432/3432 3430/3430/3430
f 3436/3436/3436 3435/3435/3435 3434/3434/3434
f 3437/3437/3437 3436/3436/3436 3434/3434/3434
f 3440/3440/3440 3439/3439/3439 3438/3438/3438
f 3441/3441/3441 3440/3440/3440 3438/3438/3438
f 3444/3444/3444 3443/3443/3443 3442/3442/3442
f 3445/3445/3445 3444/3444/3444 3442/3442/3442
f 3448/3448/3448 3447/3447/3447 3446/3446/3446
f 3449/3449/3449 3448/3448/3448 3446/3446/3446
f 3452/3452/3452 3451/3451/3451 3450/3450/3450
f 3453/3453/3453 3452/3452/3452 3450/3450/3450
f 3456/3456/3456 3455/3455/3455 3454/3454/3454
f 3457/3457/3457 3456/3456/3456 3454/3454/3454
f 3460/3460/3460 3459/3459/3459 3458/3458/3458
f 3461/3461/3461 3460/3460/3460 3458/3458/3458
f 3464/3464/3464 3463/3463/3463 3462/3462/3462
f 3465/3465/3465 3464/3464/3464 3462/3462/3462
f 3468/3468/3468 3467/3467/3467 3466/3466/3466
f 3469/3469/3469 3468/3468/3468 3466/3466/3466
f 3472/3472/3472 3471/3471/3471 3470/3470/3470
f 3473/3473/3473 3472/3472/3472 3470/3470/3470
f 3476/3476/3476 3475/3475/3475 3474/3474/3474
f 3477/3477/3477 3476/3476/3476 3474/3474/3474
f 3480/3480/3480 3479/3479/3479 3478/3478/3478
f 3481/3481/3481 3480/3480/3480 3478/3478/3478
f 3484/3484/3484 3483/3483/3483 3482/3482/3482
f 3485/3485/3485 3484/3484/3484 3482/3482/3482
f 3488/3488/3488 3487/3487/3487 3486/3486/3486
f 3489/3489/3489 3488/3488/3488 3486/3486/3486
f 3492/3492/3492 3491/3491/3491 3490/3490/3490
f 3493/3493/3493 3492/3492/3492 3490/3490/3490
f 3496/3496/3496 3495/3495/3495 3494/3494/3494
f 3497/3497/3497 3496/3496/3496 3494/3494/3494
f 3500/3500/3500 3499/3499/3499 3498/3498/3498
f 3501/3501/3501 3500/3500/3500 3498/3498/3498
f 3504/3504/3504 3503/3503/3503 3502/3502/3502
f 3505/3505/3505 3504/3504/3504 3502/3502/3502
f 3508/3508/3508 3507/3507/3507 3506/3506/3506
f 3509/3509/3509 3508/3508/3508 3506/3506/3506
f 3512/3512/3512 3511/3511/3511 3510/3510/3510
f 3513/3513/3513 3512/3512/3512 3510/3510/3510
f 3516/3516/3516 3515/3515/3515 3514/3514/3514
f 3517/3517/3517 3516/3516/3516 3514/3514/3514
f 3520/3520/3520 3519/3519/3519 3518/3518/3518
f 3521/3521/3521 3520/3520/3520 3518/3518/3518
f 3524/3524/3524 3523/3523/3523 3522/3522/3522
f 3525/3525/3525 3524/3524/3524 3522/3522/3522
f 3528/3528/3528 3527/3527/3527 3526/3526/3526
f 3529/3529/3529 3528/3528/3528 3526/3526/3526
f 3532/3532/3532 3531/3531/3531 3530/3530/3530
f 3533/3533/3533 3532/3532/3532 3530/3530/3530
f 3536/3536/3536 3535/3535/3535 3534/3534/3534
f 3537/3537/3537 3536/3536/3536 3534/3534/3534
f 3540/3540/3540 3539/3539/3539 3538/3538/3538
f 3541/3541/3541 3540/3540/3540 3538/3538/3538
f 3544/3544/3544 3543/3543/3543 3542/3542/3542
f 3545/3545/3545 3544/3544/3544 3542/3542/3542
f 3548/3548/3548 3547/3547/3547 3546/3546/3546
f 3549/3549/3549 3548/3548/3548 3546/3546/3546
f 3552/3552/3552 3551/3551/3551 3550/3550/3550
f 3553/3553/3553 3552/3552/3552 3550/3550/3550
f 3556/3556/3556 3555/3555/3555 3554/3554/3554
f 3557/3557/3557 3556/3556/3556 3554/3554/3554
f 3560/3560/3560 3559/3559/3559 3558/3558/3558
f 3561/3561/3561 3560/3560/3560 3558/3558/3558
f 3564/3564/3564 3563/3563/3563 3562/3562/3562
f 3565/3565/3565 3564/3564/3564 3562/3562/3562
f 3568/3568/3568 3567/3567/3567 3566/3566/3566
f 3569/3569/3569 3568/3568/3568 3566/3566/3566
f 3572/3572/3572 3571/3571/3571 3570/3570/3570
f 3573/3573/3573 3572/3572/3572 3570/3570/3570
f 3576/3576/3576 3575/3575/3575 3574/3574/3574
f 3577/3577/3577 3576/3576/3576 3574/3574/3574
f 3580/3580/3580 3579/3579/3579 3578/3578/3578
f 3581/3581/3581 3580/3580/3580 3578/3578/3578
f 3584/3584/3584 3583/3583/3583 3582/3582/3582
f 3585/3585/3585 3584/3584/3584 3582/3582/3582
f 3588/3588/3588 3587/3587/3587 3586/3586/3586
f 3589/3589/3589 3588/3588/3588 3586/3586/3586
f 3592/3592/3592 3591/3591/3591 3590/3590/3590
f 3593/3593/3593 3592/3592/3592 3590/3590/3590
f 3596/3596/3596 3595/3595/3595 3594/3594/3594
f 3597/3597/3597 3596/3596/3596 3594/3594/3594
f 3600/3600/3600 3599/3599/3599 3598/3598/3598
f 3601/3601/3601 3600/3600/3600 3598/3598/3598
f 3604/3604/3604 3603/3603/3603 3602/3602/3602
f 3605/3605/3605 3604/3604/3604 3602/3602/3602
f 3608/3608/3608 3607/3607/3607 3606/3606/3606
f 3609/3609/3609 3608/3608/3608 3606/3606/3606
f 3612/3612/3612 3611/3611/3611 3610/3610/3610
f 3613/3613/3613 3612/3612/3612 3610/3610/3610
f 3616/3616/3616 3615/3615/3615 3614/3614/3614
f 3617/3617/3617 3616/3616/3616 3614/3614/3614
f 3620/3620/3620 3619/3619/3619 3618/3618/3618
f 3621/3621/3621 3620/3620/3620 3618/3618/3618
f 3624/3624/3624 3623/3623/3623 3622/3622/3622
f 3625/3625/3625 3624/3624/3624 3622/3622/3622
f 3628/3628/3628 3627/3627/3627 3626/3626/3626
f 3629/3629/3629 3628/3628/3628 3626/3626/3626
f 3632/3632/3632 3631/3631/3631 3630/3630/3630
f 3633/3633/3633 3632/3632/3632 3630/3630/3630
f 3636/3636/3636 3635/3635/3635 3634/3634/3634
f 3637/3637/3637 3636/3636/3636 3634/3634/3634
f 3640/3640/3640 3639/3639/3639 3638/3638/3638
f 3641/3641/3641 3640/3640/3640 3638/3638/3638
f 3644/3644/3644 3643/3643/3643 3642/3642/3642
f 3645/3645/3645 3644/3644/3644 3642/3642/3642
f 3648/3648/3648 3647/3647/3647 3646/3646/3646
f 3649/3649/3649 3648/3648/3648 3646/3646/3646
f 3652/3652/3652 3651/3651/3651 3650/3650/3650
f 3653/3653/3653 3652/3652/3652 3650/3650/3650
f 3656/3656/3656 3655/3655/3655 3654/3654/3654
f 3657/3657/3657 3656/3656/3656 3654/3654/3654
f 3660/3660/3660 3659/3659/3659 3658/3658/3658
f 3661/3661/3661 3660/3660/3660 3658/3658/3658
f 3664/3664/3664 3663/3663/3663 3662/3662/3662
f 3665/3665/3665 3664/3664/3664 3662/3662/3662
f 3668/3668/3668 3667/3667/3667 3666/3666/3666
f 3669/3669/3669 3668/3668/3668 3666/3666/3666
f 3672/3672/3672 3671/3671/3671 3670/3670/3670
f 3673/3673/3673 3672/3672/3672 3670/3670/3670
f 3676/3676/3676 3675/3675/3675 3674/3674/3674
f 3677/3677/3677 3676/3676/3676 3674/3674/3674
f 3680/3680/3680 3679/3679/3679 3678/3678/3678
f 3681/3681/3681 3680/3680/3680 3678/3678/3678
f 3684/3684/3684 3683/3683/3683 3682/3682/3682
f 3685/3685/3685 3684/3684/3684 3682/3682/3682
f 3688/3688/3688 3687/3687/3687 3686/3686/3686
f 3689/3689/3689 3688/3688/3688 3686/3686/3686
f 3692/3692/3692 3691/3691/3691 3690/3690/3690
f 3693/3693/3693 3692/3692/3692 3690/3690/3690
f 3696/3696/3696 3695/3695/3695 3694/3694/3694
f 3697/3697/3697 3696/3696/3696 3694/3694/3694
f 3700/3700/3700 3699/3699/3699 3698/3698/3698
f 3701/3701/3701 3700/3700/3700 3698/3698/3698
f 3704/3704/3704 3703/3703/3703 3702/3702/3702
f 3705/3705/3705 3704/3704/3704 3702/3702/3702
f 3708/3708/3708 3707/3707/3707 3706/3706/3706
f 3709/3709/3709 3708/3708/3708 3706/3706/3706
f 3712/3712/3712 3711/3711/3711 3710/3710/3710
f 3713/3713/3713 3712/3712/3712 3710/3710/3710
f 3716/3716/3716 3715/3715/3715 3714/3714/3714
f 3717/3717/3717 3716/3716/3716 3714/3714/3714
f 3720/3720/3720 3719/3719/3719 3718/3718/3718
f 3721/3721/3721 3720/3720/3720 3718/3718/3718
f 3724/3724/3724 3723/3723/3723 3722/3722/3722
f 3725/3725/3725 3724/3724/3724 3722/3722/3722
f 3728/3728/3728 3727/3727/3727 3726/3726/3726
f 3729/3729/3729 3728/3728/3728 3726/3726/3726
f 3732/3732/3732 3731/3731/3731 3730/3730/3730
f 3733/3733/3733 3732/3732/3732 3730/3730/3730
f 3736/3736/3736 3735/3735/3735 3734/3734/3734
f 3737/3737/3737 3736/3736/3736 3734/3734/3734
f 3740/3740/3740 3739/3739/3739 3738/3738/3738
f 3741/3741/3741 3740/3740/3740 3738/3738/3738
f 3744/3744/3744 3743/3743/3743 3742/3742/3742
f 3745/3745/3745 3744/3744/3744 3742/3742/3742
f 3748/3748/3748 3747/3747/3747 3746/3746/3746
f 3749/3749/3749 3748/3748/3748 3746/3746/3746
f 3752/3752/3752 3751/3751/3751 3750/3750/3750
f 3753/3753/3753 3752/3752/3752 3750/3750/3750
f 3756/3756/3756 3755/3755/3755 3754/3754/3754
f 3757/3757/3757 3756/3756/3756 3754/3754/3754
f 3760/3760/3760 3759/3759/3759 3758/3758/3758
f 3761/3761/3761 3760/3760/3760 3758/3758/3758
f 3764/3764/3764 3763/3763/3763 3762/3762/3762
f 3765/3765/3765 3764/3764/3764 3762/3762/3762
f 3768/3768/3768 3767/3767/3767 3766/3766/3766
f 3769/3769/3769 3768/3768/3768 3766/3766/3766
f 3772/3772/3772 3771/3771/3771 3770/3770/3770
f 3773/3773/3773 3772/3772/3772 3770/3770/3770
f 3776/3776/3776 3775/3775/3775 3774/3774/3774
f 3777/3777/3777 3776/3776/3776 3774/3774/3774
f 3780/3780/3780 3779/3779/3779 3778/3778/3778
f 3781/3781/3781 3780/3780/3780 3778/3778/3778
f 3784/3784/3784 3783/3783/3783 3782/3782/3782
f 3785/3785/3785 3784/3784/3784 3782/3782/3782
f 3788/3788/3788 3787/3787/3787 3786/3786/3786
f 3789/3789/3789 3788/3788/3788 3786/3786/3786
f 3792/3792/3792 3791/3791/3791 3790/3790/3790
f 3793/3793/3793 3792/3792/3792 3790/3790/3790
f 3796/3796/3796 3795/3795/3795 3794/3794/3794
f 3797/3797/3797 3796/3796/3796 3794/3794/3794
f 3800/3800/3800 3799/3799/3799 3798/3798/3798
f 3801/3801/3801 3800/3800/3800 3798/3798/3798
f 3804/3804/3804 3803/3803/3803 3802/3802/3802
f 3805/3805/3805 3804/3804/3804 3802/3802/3802
f 3808/3808/3808 3807/3807/3807 3806/3806/3806
f 3809/3809/3809 3808/3808/3808 3806/3806/3806
f 3812/3812/3812 3811/3811/3811 3810/3810/3810
f 3813/3813/3813 3812/3812/3812 3810/3810/3810
f 3816/3816/3816 3815/3815/3815 3814/3814/3814
f 3817/3817/3817 3816/3816/3816 3814/3814/3814
f 3820/3820/3820 3819/3819/3819 3818/3818/3818
f 3821/3821/3821 3820/3820/3820 3818/3818/3818
f 3824/3824/3824 3823/3823/3823 3822/3822/3822
f 3825/3825/3825 3824/3824/3824 3822/3822/3822
f 3828/3828/3828 3827/3827/3827 3826/3826/3826
f 3829/3829/3829 3828/3828/3828 3826/3826/3826
f 3832/3832/3832 3831/3831/3831 3830/3830/3830
f 3833/3833/3833 3832/3832/3832 3830/3830/3830
f 3836/3836/3836 3835/3835/3835 3834/3834/3834
f 3837/3837/3837 3836/3836/3836 3834/3834/3834
f 3840/3840/3840 3839/3839/3839 3838/3838/3838
f 3841/3841/3841 3840/3840/3840 3838/3838/3838
f 3844/3844/3844 3843/3843/3843 3842/3842/3842
f 3845/3845/3845 3844/3844/3844 3842/3842/3842
f 3848/3848/3848 3847/3847/3847 3846/3846/3846
f 3849/3849/3849 3848/3848/3848 3846/3846/3846
f 3852/3852/3852 3851/3851/3851 3850/3850/3850
f 3853/3853/3853 3852/3852/3852 3850/3850/3850
f 3856/3856/3856 3855/3855/3855 3854/3854/3854
f 3857/3857/3857 3856/3856/3856 3854/3854/3854
f 3860/3860/3860 3859/3859/3859 3858/3858/3858
f 3861/3861/3861 3860/3860/3860 3858/3858/3858
f 3864/3864/3864 3863/3863/3863 3862/3862/3862
f 3865/3865/3865 3864/3864/3864 3862/3862/3862
f 3868/3868/3868 3867/3867/3867 3866/3866/3866
f 3869/3869/3869 3868/3868/3868 3866/3866/3866
f 3872/3872/3872 3871/3871/3871 3870/3870/3870
f 3873/3873/3873 3872/3872/3872 3870/3870/3870
f 3876/3876/3876 3875/3875/3875 3874/3874/3874
f 3877/3877/3877 3876/3876/3876 3874/3874/3874
f 3880/3880/3880 3879/3879/3879 3878/3878/3878
f 3881/3881/3881 3880/3880/3880 3878/3878/3878
f 3884/3884/3884 3883/3883/3883 3882/3882/3882
f 3885/3885/3885 3884/3884/3884 3882/3882/3882
f 3888/3888/3888 3887/3887/3887 3886/3886/3886
f 3889/3889/3889 3888/3888/3888 3886/3886/3886
f 3892/3892/3892 3891/3891/3891 3890/3890/3890
f 3893/3893/3893 3892/3892/3892 3890/3890/3890
f 3896/3896/3896 3895/3895/3895 3894/3894/3894
f 3897/3897/3897 3896/3896/3896 3894/3894/3894
f 3900/3900/3900 3899/3899/3899 3898/3898/3898
f 3901/3901/3901 3900/3900/3900 3898/3898/3898
f 3904/3904/3904 3903/3903/3903 3902/3902/3902
f 3905/3905/3905 3904/3904/3904 3902/3902/3902
f 3908/3908/3908 3907/3907/3907 3906/3906/3906
f 3909/3909/3909 3908/3908/3908 3906/3906/3906
f 3912/3912/3912 3911/3911/3911 3910/3910/3910
f 3913/3913/3913 3912/3912/3912 3910/3910/3910
f 3916/3916/3916 3915/3915/3915 3914/3914/3914
f 3917/3917/3917 3916/3916/3916 3914/3914/3914
f 3920/3920/3920 3919/3919/3919 3918/3918/3918
f 3921/3921/3921 3920/3920/3920 3918/3918/3918
f 3924/3924/3924 3923/3923/3923 3922/3922/3922
f 3925/3925/3925 3924/3924/3924 3922/3922/3922
f 3928/3928/3928 3927/3927/3927 3926/3926/3926
f 3929/3929/3929 3928/3928/3928 3926/3926/3926
f 3932/3932/3932 3931/3931/3931 3930/3930/3930
f 3933/3933/3933 3932/3932/3932 3930/3930/3930
f 3936/3936/3936 3935/3935/3935 3934/3934/3934
f 3937/3937/3937 3936/3936/3936 3934/3934/3934
f 3940/3940/3940 3939/3939/3939 3938/3938/3938
f 3941/3941/3941 3940/3940/3940 3938/3938/3938
f 3944/3944/3944 3943/3943/3943 3942/3942/3942
f 3945/3945/3945 3944/3944/3944 3942/3942/3942
f 3948/3948/3948 3947/3947/3947 3946/3946/3946
f 3949/3949/3949 3948/3948/3948 3946/3946/3946
f 3952/3952/3952 3951/3951/3951 3950/3950/3950
f 3953/3953/3953 3952/3952/3952 3950/3950/3950
f 3956/3956/3956 3955/3955/3955 3954/3954/3954
f 3957/3957/3957 3956/3956/3956 3954/3954/3954
f 3960/3960/3960 3959/3959/3959 3958/3958/3958
f 3961/3961/3961 3960/3960/3960 3958/3958/3958
f 3964/3964/3964 3963/3963/3963 3962/3962/3962
f 3965/3965/3965 3964/3964/3964 3962/3962/3962
f 3968/3968/3968 3967/3967/3967 3966/3966/3966
f 3969/3969/3969 3968/3968/3968 3966/3966/3966
f 3972/3972/3972 3971/3971/3971 3970/3970/3970
f 3973/3973/3973 3972/3972/3972 3970/3970/3970
f 3976/3976/3976 3975/3975/3975 3974/3974/3974
f 3977/3977/3977 3976/3976/3976 3974/3974/3974
f 3980/3980/3980 3979/3979/3979 3978/3978/3978
f 3981/3981/3981 3980/3980/3980 3978/3978/3978
f 3984/3984/3984 3983/3983/3983 3982/3982/3982
f 3985/3985/3985 3984/3984/3984 3982/3982/3982
f 3988/3988/3988 3987/3987/3987 3986/3986/3986
f 3989/3989/3989 3988/3988/3988 3986/3986/3986
f 3991/3991/3991 3990/3990/3990 3989/3989/3989
f 3992/3992/3992 3991/3991/3991 3989/3989/3989
f 3995/3995/3995 3994/3994/3994 3993/3993/3993
f 3996/3996/3996 3995/3995/3995 3993/3993/3993
f 3999/3999/3999 3998/3998/3998 3997/3997/3997
f 4000/4000/4000 3999/3999/3999 3997/3997/3997
f 4003/4003/4003 4002/4002/4002 4001/4001/4001
f 4004/4004/4004 4003/4003/4003 4001/4001/4001
f 4007/4007/4007 4006/4006/4006 4005/4005/4005
f 4008/4008/4008 4007/4007/4007 4005/4005/4005
f 4011/4011/4011 4010/4010/4010 4009/4009/4009
f 4012/4012/4012 4011/4011/4011 4009/4009/4009
f 4015/4015/4015 4014/4014/4014 4013/4013/4013
f 4016/4016/4016 4015/4015/4015 4013/4013/4013
f 4019/4019/4019 4018/4018/4018 4017/4017/4017
f 4020/4020/4020 4019/4019/4019 4017/4017/4017
f 4023/4023/4023 4022/4022/4022 4021/4021/4021
f 4024/4024/4024 4023/4023/4023 4021/4021/4021
f 4021/4021/4021 4026/4026/4026 4025/4025/4025
f 4026/4026/4026 4027/4027/4027 4025/4025/4025
f 4027/4027/4027 4029/4029/4029 4028/4028/4028
f 4030/4030/4030 4027/4027/4027 4028/4028/4028
f 4033/4033/4033 4032/4032/4032 4031/4031/4031
f 4034/4034/4034 4033/4033/4033 4031/4031/4031
f 4037/4037/4037 4036/4036/4036 4035/4035/4035
f 4038/4038/4038 4037/4037/4037 4035/4035/4035
f 4041/4041/4041 4040/4040/4040 4039/4039/4039
f 4042/4042/4042 4041/4041/4041 4039/4039/4039
f 4045/4045/4045 4044/4044/4044 4043/4043/4043
f 4046/4046/4046 4045/4045/4045 4043/4043/4043
f 4049/4049/4049 4048/4048/4048 4047/4047/4047
f 4050/4050/4050 4049/4049/4049 4047/4047/4047
f 4053/4053/4053 4052/4052/4052 4051/4051/4051
f 4054/4054/4054 4053/4053/4053 4051/4051/4051
f 4055/4055/4055 4053/4053/4053 4054/4054/4054
f 4056/4056/4056 4055/4055/4055 4054/4054/4054
f 4057/4057/4057 4055/4055/4055 4056/4056/4056
f 4058/4058/4058 4057/4057/4057 4056/4056/4056
f 4061/4061/4061 4060/4060/4060 4059/4059/4059
f 4062/4062/4062 4061/4061/4061 4059/4059/4059
f 4065/4065/4065 4064/4064/4064 4063/4063/4063
f 4066/4066/4066 4065/4065/4065 4063/4063/4063
f 4068/4068/4068 4065/4065/4065 4067/4067/4067
f 4069/4069/4069 4068/4068/4068 4067/4067/4067
f 4072/4072/4072 4071/4071/4071 4070/4070/4070
f 4073/4073/4073 4072/4072/4072 4070/4070/4070
f 4076/4076/4076 4075/4075/4075 4074/4074/4074
f 4077/4077/4077 4076/4076/4076 4074/4074/4074
f 4074/4074/4074 4079/4079/4079 4078/4078/4078
f 4079/4079/4079 4080/4080/4080 4078/4078/4078
f 4078/4078/4078 4080/4080/4080 4081/4081/4081
f 4080/4080/4080 4082/4082/4082 4081/4081/4081
f 4085/4085/4085 4084/4084/4084 4083/4083/4083
f 4086/4086/4086 4085/4085/4085 4083/4083/4083
f 4089/4089/4089 4088/4088/4088 4087/4087/4087
f 4090/4090/4090 4089/4089/4089 4087/4087/4087
f 4093/4093/4093 4092/4092/4092 4091/4091/4091
f 4094/4094/4094 4093/4093/4093 4091/4091/4091
f 4097/4097/4097 4096/4096/4096 4095/4095/4095
f 4098/4098/4098 4097/4097/4097 4095/4095/4095
f 4101/4101/4101 4100/4100/4100 4099/4099/4099
f 4102/4102/4102 4101/4101/4101 4099/4099/4099
f 4105/4105/4105 4104/4104/4104 4103/4103/4103
f 4106/4106/4106 4105/4105/4105 4103/4103/4103
f 4109/4109/4109 4108/4108/4108 4107/4107/4107
f 4110/4110/4110 4109/4109/4109 4107/4107/4107
f 4113/4113/4113 4112/4112/4112 4111/4111/4111
f 4114/4114/4114 4113/4113/4113 4111/4111/4111
f 4117/4117/4117 4116/4116/4116 4115/4115/4115
f 4118/4118/4118 4117/4117/4117 4115/4115/4115
f 4121/4121/4121 4120/4120/4120 4119/4119/4119
f 4122/4122/4122 4121/4121/4121 4119/4119/4119
f 4125/4125/4125 4124/4124/4124 4123/4123/4123
f 4126/4126/4126 4125/4125/4125 4123/4123/4123
f 4129/4129/4129 4128/4128/4128 4127/4127/4127
f 4130/4130/4130 4129/4129/4129 4127/4127/4127
f 4133/4133/4133 4132/4132/4132 4131/4131/4131
f 4134/4134/4134 4133/4133/4133 4131/4131/4131
f 4137/4137/4137 4136/4136/4136 4135/4135/4135
f 4138/4138/4138 4137/4137/4137 4135/4135/4135
f 4138/4138/4138 4140/4140/4140 4139/4139/4139
f 4140/4140/4140 4141/4141/4141 4139/4139/4139
f 4144/4144/4144 4143/4143/4143 4142/4142/4142
f 4145/4145/4145 4144/4144/4144 4142/4142/4142
f 4148/4148/4148 4147/4147/4147 4146/4146/4146
f 4149/4149/4149 4148/4148/4148 4146/4146/4146
f 4152/4152/4152 4151/4151/4151 4150/4150/4150
f 4153/4153/4153 4152/4152/4152 4150/4150/4150
f 4156/4156/4156 4155/4155/4155 4154/4154/4154
f 4157/4157/4157 4156/4156/4156 4154/4154/4154
f 4160/4160/4160 4159/4159/4159 4158/4158/4158
f 4161/4161/4161 4160/4160/4160 4158/4158/4158
f 4164/4164/4164 4163/4163/4163 4162/4162/4162
f 4165/4165/4165 4164/4164/4164 4162/4162/4162
f 4168/4168/4168 4167/4167/4167 4166/4166/4166
f 4169/4169/4169 4168/4168/4168 4166/4166/4166
f 4172/4172/4172 4171/4171/4171 4170/4170/4170
f 4173/4173/4173 4172/4172/4172 4170/4170/4170
f 4176/4176/4176 4175/4175/4175 4174/4174/4174
f 4177/4177/4177 4176/4176/4176 4174/4174/4174
f 4180/4180/4180 4179/4179/4179 4178/4178/4178
f 4181/4181/4181 4180/4180/4180 4178/4178/4178
f 4184/4184/4184 4183/4183/4183 4182/4182/4182
f 4185/4185/4185 4184/4184/4184 4182/4182/4182
f 4188/4188/4188 4187/4187/4187 4186/4186/4186
f 4189/4189/4189 4188/4188/4188 4186/4186/4186
f 4192/4192/4192 4191/4191/4191 4190/4190/4190
f 4193/4193/4193 4192/4192/4192 4190/4190/4190
f 4196/4196/4196 4195/4195/4195 4194/4194/4194
f 4197/4197/4197 4196/4196/4196 4194/4194/4194
f 4200/4200/4200 4199/4199/4199 4198/4198/4198
f 4201/4201/4201 4200/4200/4200 4198/4198/4198
f 4204/4204/4204 4203/4203/4203 4202/4202/4202
f 4205/4205/4205 4204/4204/4204 4202/4202/4202
f 4208/4208/4208 4207/4207/4207 4206/4206/4206
f 4209/4209/4209 4208/4208/4208 4206/4206/4206
f 4212/4212/4212 4211/4211/4211 4210/4210/4210
f 4213/4213/4213 4212/4212/4212 4210/4210/4210
f 4216/4216/4216 4215/4215/4215 4214/4214/4214
f 4217/4217/4217 4216/4216/4216 4214/4214/4214
f 4220/4220/4220 4219/4219/4219 4218/4218/4218
f 4221/4221/4221 4220/4220/4220 4218/4218/4218
f 4224/4224/4224 4223/4223/4223 4222/4222/4222
f 4225/4225/4225 4224/4224/4224 4222/4222/4222
f 4228/4228/4228 4227/4227/4227 4226/4226/4226
f 4229/4229/4229 4228/4228/4228 4226/4226/4226
f 4232/4232/4232 4231/4231/4231 4230/4230/4230
f 4233/4233/4233 4232/4232/4232 4230/4230/4230
f 4236/4236/4236 4235/4235/4235 4234/4234/4234
f 4237/4237/4237 4236/4236/4236 4234/4234/4234
f 4240/4240/4240 4239/4239/4239 4238/4238/4238
f 4241/4241/4241 4240/4240/4240 4238/4238/4238
f 4244/4244/4244 4243/4243/4243 4242/4242/4242
f 4245/4245/4245 4244/4244/4244 4242/4242/4242
f 4248/4248/4248 4247/4247/4247 4246/4246/4246
f 4249/4249/4249 4248/4248/4248 4246/4246/4246
f 4252/4252/4252 4251/4251/4251 4250/4250/4250
f 4253/4253/4253 4252/4252/4252 4250/4250/4250
f 4256/4256/4256 4255/4255/4255 4254/4254/4254
f 4257/4257/4257 4256/4256/4256 4254/4254/4254
f 4260/4260/4260 4259/4259/4259 4258/4258/4258
f 4261/4261/4261 4260/4260/4260 4258/4258/4258
f 4264/4264/4264 4263/4263/4263 4262/4262/4262
f 4265/4265/4265 4264/4264/4264 4262/4262/4262
f 4268/4268/4268 4267/4267/4267 4266/4266/4266
f 4269/4269/4269 4268/4268/4268 4266/4266/4266
f 4272/4272/4272 4271/4271/4271 4270/4270/4270
f 4273/4273/4273 4272/4272/4272 4270/4270/4270
f 4276/4276/4276 4275/4275/4275 4274/4274/4274
f 4277/4277/4277 4276/4276/4276 4274/4274/4274
f 4280/4280/4280 4279/4279/4279 4278/4278/4278
f 4281/4281/4281 4280/4280/4280 4278/4278/4278
f 4284/4284/4284 4283/4283/4283 4282/4282/4282
f 4285/4285/4285 4284/4284/4284 4282/4282/4282
f 4288/4288/4288 4287/4287/4287 4286/4286/4286
f 4289/4289/4289 4288/4288/4288 4286/4286/4286
f 4292/4292/4292 4291/4291/4291 4290/4290/4290
f 4293/4293/4293 4292/4292/4292 4290/4290/4290
f 4296/4296/4296 4295/4295/4295 4294/4294/4294
f 4297/4297/4297 4296/4296/4296 4294/4294/4294
f 4300/4300/4300 4299/4299/4299 4298/4298/4298
f 4301/4301/4301 4300/4300/4300 4298/4298/4298
f 4304/4304/4304 4303/4303/4303 4302/4302/4302
f 4305/4305/4305 4304/4304/4304 4302/4302/4302
f 4308/4308/4308 4307/4307/4307 4306/4306/4306
f 4309/4309/4309 4308/4308/4308 4306/4306/4306
f 4312/4312/4312 4311/4311/4311 4310/4310/4310
f 4313/4313/4313 4312/4312/4312 4310/4310/4310
f 4316/4316/4316 4315/4315/4315 4314/4314/4314
f 4317/4317/4317 4316/4316/4316 4314/4314/4314
f 4320/4320/4320 4319/4319/4319 4318/4318/4318
f 4321/4321/4321 4320/4320/4320 4318/4318/4318
f 4324/4324/4324 4323/4323/4323 4322/4322/4322
f 4325/4325/4325 4324/4324/4324 4322/4322/4322
f 4328/4328/4328 4327/4327/4327 4326/4326/4326
f 4329/4329/4329 4328/4328/4328 4326/4326/4326
f 4332/4332/4332 4331/4331/4331 4330/4330/4330
f 4333/4333/4333 4332/4332/4332 4330/4330/4330
f 4336/4336/4336 4335/4335/4335 4334/4334/4334
f 4337/4337/4337 4336/4336/4336 4334/4334/4334
f 4340/4340/4340 4339/4339/4339 4338/4338/4338
f 4341/4341/4341 4340/4340/4340 4338/4338/4338
f 4344/4344/4344 4343/4343/4343 4342/4342/4342
f 4345/4345/4345 4344/4344/4344 4342/4342/4342
f 4348/4348/4348 4347/4347/4347 4346/4346/4346
f 4349/4349/4349 4348/4348/4348 4346/4346/4346
f 4352/4352/4352 4351/4351/4351 4350/4350/4350
f 4353/4353/4353 4352/4352/4352 4350/4350/4350
f 4356/4356/4356 4355/4355/4355 4354/4354/4354
f 4357/4357/4357 4356/4356/4356 4354/4354/4354
f 4360/4360/4360 4359/4359/4359 4358/4358/4358
f 4361/4361/4361 4360/4360/4360 4358/4358/4358
f 4364/4364/4364 4363/4363/4363 4362/4362/4362
f 4365/4365/4365 4364/4364/4364 4362/4362/4362
f 4368/4368/4368 4367/4367/4367 4366/4366/4366
f 4369/4369/4369 4368/4368/4368 4366/4366/4366
f 4372/4372/4372 4371/4371/4371 4370/4370/4370
f 4373/4373/4373 4372/4372/4372 4370/4370/4370
f 4376/4376/4376 4375/4375/4375 4374/4374/4374
f 4377/4377/4377 4376/4376/4376 4374/4374/4374
f 4380/4380/4380 4379/4379/4379 4378/4378/4378
f 4381/4381/4381 4380/4380/4380 4378/4378/4378
f 4384/4384/4384 4383/4383/4383 4382/4382/4382
f 4385/4385/4385 4384/4384/4384 4382/4382/4382
f 4388/4388/4388 4387/4387/4387 4386/4386/4386
f 4389/4389/4389 4388/4388/4388 4386/4386/4386
f 4392/4392/4392 4391/4391/4391 4390/4390/4390
f 4393/4393/4393 4392/4392/4392 4390/4390/4390
f 4396/4396/4396 4395/4395/4395 4394/4394/4394
f 4397/4397/4397 4396/4396/4396 4394/4394/4394
f 4400/4400/4400 4399/4399/4399 4398/4398/4398
f 4401/4401/4401 4400/4400/4400 4398/4398/4398
f 4404/4404/4404 4403/4403/4403 4402/4402/4402
f 4405/4405/4405 4404/4404/4404 4402/4402/4402
f 4408/4408/4408 4407/4407/4407 4406/4406/4406
f 4409/4409/4409 4408/4408/4408 4406/4406/4406
f 4412/4412/4412 4411/4411/4411 4410/4410/4410
f 4410/4410/4410 4413/4413/4413 4412/4412/4412
f 4410/4410/4410 4414/4414/4414 4413/4413/4413
f 4414/4414/4414 4415/4415/4415 4413/4413/4413
f 4414/4414/4414 4416/4416/4416 4415/4415/4415
f 4416/4416/4416 4417/4417/4417 4415/4415/4415
f 4420/4420/4420 4419/4419/4419 4418/4418/4418
f 4421/4421/4421 4420/4420/4420 4418/4418/4418
f 4424/4424/4424 4423/4423/4423 4422/4422/4422
f 4425/4425/4425 4424/4424/4424 4422/4422/4422
f 4428/4428/4428 4427/4427/4427 4426/4426/4426
f 4429/4429/4429 4428/4428/4428 4426/4426/4426
f 4432/4432/4432 4431/4431/4431 4430/4430/4430
f 4433/4433/4433 4432/4432/4432 4430/4430/4430
f 4436/4436/4436 4435/4435/4435 4434/4434/4434
f 4437/4437/4437 4436/4436/4436 4434/4434/4434
f 4440/4440/4440 4439/4439/4439 4438/4438/4438
f 4441/4441/4441 4440/4440/4440 4438/4438/4438
f 4444/4444/4444 4443/4443/4443 4442/4442/4442
f 4445/4445/4445 4444/4444/4444 4442/4442/4442
f 4448/4448/4448 4447/4447/4447 4446/4446/4446
f 4449/4449/4449 4448/4448/4448 4446/4446/4446
f 4452/4452/4452 4451/4451/4451 4450/4450/4450
f 4453/4453/4453 4452/4452/4452 4450/4450/4450
f 4456/4456/4456 4455/4455/4455 4454/4454/4454
f 4457/4457/4457 4456/4456/4456 4454/4454/4454
f 4460/4460/4460 4459/4459/4459 4458/4458/4458
f 4461/4461/4461 4460/4460/4460 4458/4458/4458
f 4463/4463/4463 4460/4460/4460 4462/4462/4462
f 4464/4464/4464 4463/4463/4463 4462/4462/4462
f 4467/4467/4467 4466/4466/4466 4465/4465/4465
f 4468/4468/4468 4467/4467/4467 4465/4465/4465
f 4471/4471/4471 4470/4470/4470 4469/4469/4469
f 4472/4472/4472 4471/4471/4471 4469/4469/4469
f 4475/4475/4475 4474/4474/4474 4473/4473/4473
f 4474/4474/4474 4476/4476/4476 4473/4473/4473
f 4476/4476/4476 4478/4478/4478 4477/4477/4477
f 4479/4479/4479 4476/4476/4476 4477/4477/4477
f 4477/4477/4477 4481/4481/4481 4480/4480/4480
f 4481/4481/4481 4482/4482/4482 4480/4480/4480
f 4485/4485/4485 4484/4484/4484 4483/4483/4483
f 4486/4486/4486 4485/4485/4485 4483/4483/4483
f 4489/4489/4489 4488/4488/4488 4487/4487/4487
f 4490/4490/4490 4489/4489/4489 4487/4487/4487
f 4493/4493/4493 4492/4492/4492 4491/4491/4491
f 4494/4494/4494 4493/4493/4493 4491/4491/4491
f 4497/4497/4497 4496/4496/4496 4495/4495/4495
f 4498/4498/4498 4497/4497/4497 4495/4495/4495
f 4501/4501/4501 4500/4500/4500 4499/4499/4499
f 4502/4502/4502 4501/4501/4501 4499/4499/4499
f 4505/4505/4505 4504/4504/4504 4503/4503/4503
f 4506/4506/4506 4505/4505/4505 4503/4503/4503
f 4509/4509/4509 4508/4508/4508 4507/4507/4507
f 4510/4510/4510 4509/4509/4509 4507/4507/4507
f 4513/4513/4513 4512/4512/4512 4511/4511/4511
f 4514/4514/4514 4513/4513/4513 4511/4511/4511
f 4517/4517/4517 4516/4516/4516 4515/4515/4515
f 4518/4518/4518 4517/4517/4517 4515/4515/4515
f 4521/4521/4521 4520/4520/4520 4519/4519/4519
f 4522/4522/4522 4521/4521/4521 4519/4519/4519
f 4525/4525/4525 4524/4524/4524 4523/4523/4523
f 4526/4526/4526 4525/4525/4525 4523/4523/4523
f 4529/4529/4529 4528/4528/4528 4527/4527/4527
f 4530/4530/4530 4529/4529/4529 4527/4527/4527
f 4533/4533/4533 4532/4532/4532 4531/4531/4531
f 4534/4534/4534 4533/4533/4533 4531/4531/4531
f 4537/4537/4537 4536/4536/4536 4535/4535/4535
f 4538/4538/4538 4537/4537/4537 4535/4535/4535
f 4541/4541/4541 4540/4540/4540 4539/4539/4539
f 4542/4542/4542 4541/4541/4541 4539/4539/4539
f 4545/4545/4545 4544/4544/4544 4543/4543/4543
f 4546/4546/4546 4545/4545/4545 4543/4543/4543
f 4549/4549/4549 4548/4548/4548 4547/4547/4547
f 4550/4550/4550 4549/4549/4549 4547/4547/4547
f 4553/4553/4553 4552/4552/4552 4551/4551/4551
f 4554/4554/4554 4553/4553/4553 4551/4551/4551
f 4554/4554/4554 4556/4556/4556 4555/4555/4555
f 4556/4556/4556 4557/4557/4557 4555/4555/4555
f 4560/4560/4560 4559/4559/4559 4558/4558/4558
f 4561/4561/4561 4560/4560/4560 4558/4558/4558
f 4564/4564/4564 4563/4563/4563 4562/4562/4562
f 4565/4565/4565 4564/4564/4564 4562/4562/4562
f 4568/4568/4568 4567/4567/4567 4566/4566/4566
f 4569/4569/4569 4568/4568/4568 4566/4566/4566
f 4572/4572/4572 4571/4571/4571 4570/4570/4570
f 4573/4573/4573 4572/4572/4572 4570/4570/4570
f 4576/4576/4576 4575/4575/4575 4574/4574/4574
f 4577/4577/4577 4576/4576/4576 4574/4574/4574
f 4580/4580/4580 4579/4579/4579 4578/4578/4578
f 4581/4581/4581 4580/4580/4580 4578/4578/4578
f 4584/4584/4584 4583/4583/4583 4582/4582/4582
f 4585/4585/4585 4584/4584/4584 4582/4582/4582
f 4588/4588/4588 4587/4587/4587 4586/4586/4586
f 4589/4589/4589 4588/4588/4588 4586/4586/4586
f 4592/4592/4592 4591/4591/4591 4590/4590/4590
f 4593/4593/4593 4592/4592/4592 4590/4590/4590
f 4596/4596/4596 4595/4595/4595 4594/4594/4594
f 4597/4597/4597 4596/4596/4596 4594/4594/4594
f 4600/4600/4600 4599/4599/4599 4598/4598/4598
f 4601/4601/4601 4600/4600/4600 4598/4598/4598
f 4604/4604/4604 4603/4603/4603 4602/4602/4602
f 4605/4605/4605 4604/4604/4604 4602/4602/4602
f 4608/4608/4608 4607/4607/4607 4606/4606/4606
f 4609/4609/4609 4608/4608/4608 4606/4606/4606
f 4612/4612/4612 4611/4611/4611 4610/4610/4610
f 4613/4613/4613 4612/4612/4612 4610/4610/4610
f 4616/4616/4616 4615/4615/4615 4614/4614/4614
f 4617/4617/4617 4616/4616/4616 4614/4614/4614
f 4620/4620/4620 4619/4619/4619 4618/4618/4618
f 4621/4621/4621 4620/4620/4620 4618/4618/4618
f 4624/4624/4624 4623/4623/4623 4622/4622/4622
f 4625/4625/4625 4624/4624/4624 4622/4622/4622
f 4628/4628/4628 4627/4627/4627 4626/4626/4626
f 4629/4629/4629 4628/4628/4628 4626/4626/4626
f 4632/4632/4632 4631/4631/4631 4630/4630/4630
f 4633/4633/4633 4632/4632/4632 4630/4630/4630
f 4636/4636/4636 4635/4635/4635 4634/4634/4634
f 4637/4637/4637 4636/4636/4636 4634/4634/4634
f 4640/4640/4640 4639/4639/4639 4638/4638/4638
f 4641/4641/4641 4640/4640/4640 4638/4638/4638
f 4644/4644/4644 4643/4643/4643 4642/4642/4642
f 4645/4645/4645 4644/4644/4644 4642/4642/4642
f 4648/4648/4648 4647/4647/4647 4646/4646/4646
f 4649/4649/4649 4648/4648/4648 4646/4646/4646
f 4652/4652/4652 4651/4651/4651 4650/4650/4650
f 4653/4653/4653 4652/4652/4652 4650/4650/4650
f 4656/4656/4656 4655/4655/4655 4654/4654/4654
f 4657/4657/4657 4656/4656/4656 4654/4654/4654
f 4660/4660/4660 4659/4659/4659 4658/4658/4658
f 4661/4661/4661 4660/4660/4660 4658/4658/4658
f 4664/4664/4664 4663/4663/4663 4662/4662/4662
f 4665/4665/4665 4664/4664/4664 4662/4662/4662
f 4668/4668/4668 4667/4667/4667 4666/4666/4666
f 4669/4669/4669 4668/4668/4668 4666/4666/4666
f 4672/4672/4672 4671/4671/4671 4670/4670/4670
f 4673/4673/4673 4672/4672/4672 4670/4670/4670
f 4676/4676/4676 4675/4675/4675 4674/4674/4674
f 4677/4677/4677 4676/4676/4676 4674/4674/4674
f 4680/4680/4680 4679/4679/4679 4678/4678/4678
f 4681/4681/4681 4680/4680/4680 4678/4678/4678
f 4684/4684/4684 4683/4683/4683 4682/4682/4682
f 4685/4685/4685 4684/4684/4684 4682/4682/4682
f 4688/4688/4688 4687/4687/4687 4686/4686/4686
f 4689/4689/4689 4688/4688/4688 4686/4686/4686
f 4692/4692/4692 4691/4691/4691 4690/4690/4690
f 4693/4693/4693 4692/4692/4692 4690/4690/4690
f 4696/4696/4696 4695/4695/4695 4694/4694/4694
f 4697/4697/4697 4696/4696/4696 4694/4694/4694
f 4700/4700/4700 4699/4699/4699 4698/4698/4698
f 4701/4701/4701 4700/4700/4700 4698/4698/4698
f 4704/4704/4704 4703/4703/4703 4702/4702/4702
f 4705/4705/4705 4704/4704/4704 4702/4702/4702
f 4708/4708/4708 4707/4707/4707 4706/4706/4706
f 4709/4709/4709 4708/4708/4708 4706/4706/4706
f 4712/4712/4712 4711/4711/4711 4710/4710/4710
f 4713/4713/4713 4712/4712/4712 4710/4710/4710
f 4716/4716/4716 4715/4715/4715 4714/4714/4714
f 4717/4717/4717 4716/4716/4716 4714/4714/4714
f 4720/4720/4720 4719/4719/4719 4718/4718/4718
f 4721/4721/4721 4720/4720/4720 4718/4718/4718
f 4724/4724/4724 4723/4723/4723 4722/4722/4722
f 4725/4725/4725 4724/4724/4724 4722/4722/4722
f 4728/4728/4728 4727/4727/4727 4726/4726/4726
f 4729/4729/4729 4728/4728/4728 4726/4726/4726
f 4732/4732/4732 4731/4731/4731 4730/4730/4730
f 4733/4733/4733 4732/4732/4732 4730/4730/4730
f 4736/4736/4736 4735/4735/4735 4734/4734/4734
f 4734/4734/4734 4737/4737/4737 4736/4736/4736
f 4737/4737/4737 4738/4738/4738 4736/4736/4736
f 4737/4737/4737 4739/4739/4739 4738/4738/4738
f 4739/4739/4739 4740/4740/4740 4738/4738/4738
f 4739/4739/4739 4741/4741/4741 4740/4740/4740
f 4744/4744/4744 4743/4743/4743 4742/4742/4742
f 4745/4745/4745 4744/4744/4744 4742/4742/4742
f 4748/4748/4748 4747/4747/4747 4746/4746/4746
f 4746/4746/4746 4749/4749/4749 4748/4748/4748
f 4746/4746/4746 4750/4750/4750 4749/4749/4749
f 4750/4750/4750 4751/4751/4751 4749/4749/4749
f 4750/4750/4750 4752/4752/4752 4751/4751/4751
f 4752/4752/4752 4753/4753/4753 4751/4751/4751
f 4753/4753/4753 4754/4754/4754 4751/4751/4751
f 4753/4753/4753 4755/4755/4755 4754/4754/4754
f 4758/4758/4758 4757/4757/4757 4756/4756/4756
f 4759/4759/4759 4758/4758/4758 4756/4756/4756
f 4762/4762/4762 4761/4761/4761 4760/4760/4760
f 4763/4763/4763 4762/4762/4762 4760/4760/4760
f 4766/4766/4766 4765/4765/4765 4764/4764/4764
f 4767/4767/4767 4766/4766/4766 4764/4764/4764
f 4770/4770/4770 4769/4769/4769 4768/4768/4768
f 4771/4771/4771 4770/4770/4770 4768/4768/4768
f 4774/4774/4774 4773/4773/4773 4772/4772/4772
f 4775/4775/4775 4774/4774/4774 4772/4772/4772
f 4778/4778/4778 4777/4777/4777 4776/4776/4776
f 4779/4779/4779 4778/4778/4778 4776/4776/4776
f 4782/4782/4782 4781/4781/4781 4780/4780/4780
f 4783/4783/4783 4782/4782/4782 4780/4780/4780
f 4786/4786/4786 4785/4785/4785 4784/4784/4784
f 4787/4787/4787 4786/4786/4786 4784/4784/4784
f 4790/4790/4790 4789/4789/4789 4788/4788/4788
f 4791/4791/4791 4790/4790/4790 4788/4788/4788
f 4794/4794/4794 4793/4793/4793 4792/4792/4792
f 4795/4795/4795 4794/4794/4794 4792/4792/4792
f 4798/4798/4798 4797/4797/4797 4796/4796/4796
f 4796/4796/4796 4799/4799/4799 4798/4798/4798
f 4799/4799/4799 4800/4800/4800 4798/4798/4798
f 4799/4799/4799 4801/4801/4801 4800/4800/4800
f 4801/4801/4801 4802/4802/4802 4800/4800/4800
f 4801/4801/4801 4803/4803/4803 4802/4802/4802
f 4803/4803/4803 4804/4804/4804 4802/4802/4802
f 4803/4803/4803 4805/4805/4805 4804/4804/4804
f 4808/4808/4808 4807/4807/4807 4806/4806/4806
f 4809/4809/4809 4808/4808/4808 4806/4806/4806
f 4812/4812/4812 4811/4811/4811 4810/4810/4810
f 4813/4813/4813 4812/4812/4812 4810/4810/4810
f 4816/4816/4816 4815/4815/4815 4814/4814/4814
f 4817/4817/4817 4816/4816/4816 4814/4814/4814
f 4820/4820/4820 4819/4819/4819 4818/4818/4818
f 4821/4821/4821 4820/4820/4820 4818/4818/4818
f 4824/4824/4824 4823/4823/4823 4822/4822/4822
f 4825/4825/4825 4824/4824/4824 4822/4822/4822
f 4828/4828/4828 4827/4827/4827 4826/4826/4826
f 4829/4829/4829 4828/4828/4828 4826/4826/4826
f 4832/4832/4832 4831/4831/4831 4830/4830/4830
f 4833/4833/4833 4832/4832/4832 4830/4830/4830
f 4836/4836/4836 4835/4835/4835 4834/4834/4834
f 4837/4837/4837 4836/4836/4836 4834/4834/4834
f 4840/4840/4840 4839/4839/4839 4838/4838/4838
f 4841/4841/4841 4840/4840/4840 4838/4838/4838
f 4844/4844/4844 4843/4843/4843 4842/4842/4842
f 4845/4845/4845 4844/4844/4844 4842/4842/4842
f 4848/4848/4848 4847/4847/4847 4846/4846/4846
f 4849/4849/4849 4848/4848/4848 4846/4846/4846
f 4852/4852/4852 4851/4851/4851 4850/4850/4850
f 4853/4853/4853 4852/4852/4852 4850/4850/4850
f 4856/4856/4856 4855/4855/4855 4854/4854/4854
f 4857/4857/4857 4856/4856/4856 4854/4854/4854
f 4860/4860/4860 4859/4859/4859 4858/4858/4858
f 4861/4861/4861 4860/4860/4860 4858/4858/4858
f 4864/4864/4864 4863/4863/4863 4862/4862/4862
f 4865/4865/4865 4864/4864/4864 4862/4862/4862
f 4868/4868/4868 4867/4867/4867 4866/4866/4866
f 4869/4869/4869 4868/4868/4868 4866/4866/4866
f 4872/4872/4872 4871/4871/4871 4870/4870/4870
f 4873/4873/4873 4872/4872/4872 4870/4870/4870
f 4876/4876/4876 4875/4875/4875 4874/4874/4874
f 4877/4877/4877 4876/4876/4876 4874/4874/4874
f 4880/4880/4880 4879/4879/4879 4878/4878/4878
f 4881/4881/4881 4880/4880/4880 4878/4878/4878
f 4884/4884/4884 4883/4883/4883 4882/4882/4882
f 4885/4885/4885 4884/4884/4884 4882/4882/4882
f 4888/4888/4888 4887/4887/4887 4886/4886/4886
f 4889/4889/4889 4888/4888/4888 4886/4886/4886
f 4892/4892/4892 4891/4891/4891 4890/4890/4890
f 4893/4893/4893 4892/4892/4892 4890/4890/4890
f 4896/4896/4896 4895/4895/4895 4894/4894/4894
f 4897/4897/4897 4896/4896/4896 4894/4894/4894
f 4900/4900/4900 4899/4899/4899 4898/4898/4898
f 4901/4901/4901 4900/4900/4900 4898/4898/4898
f 4904/4904/4904 4903/4903/4903 4902/4902/4902
f 4905/4905/4905 4904/4904/4904 4902/4902/4902
f 4908/4908/4908 4907/4907/4907 4906/4906/4906
f 4909/4909/4909 4908/4908/4908 4906/4906/4906
f 4912/4912/4912 4911/4911/4911 4910/4910/4910
f 4910/4910/4910 4913/4913/4913 4912/4912/4912
f 4913/4913/4913 4914/4914/4914 4912/4912/4912
f 4913/4913/4913 4915/4915/4915 4914/4914/4914
f 4915/4915/4915 4916/4916/4916 4914/4914/4914
f 4915/4915/4915 4917/4917/4917 4916/4916/4916
f 4917/4917/4917 4918/4918/4918 4916/4916/4916
f 4917/4917/4917 4919/4919/4919 4918/4918/4918
f 4922/4922/4922 4921/4921/4921 4920/4920/4920
f 4923/4923/4923 4922/4922/4922 4920/4920/4920
f 4926/4926/4926 4925/4925/4925 4924/4924/4924
f 4927/4927/4927 4926/4926/4926 4924/4924/4924
f 4930/4930/4930 4929/4929/4929 4928/4928/4928
f 4931/4931/4931 4930/4930/4930 4928/4928/4928
f 4934/4934/4934 4933/4933/4933 4932/4932/4932
f 4935/4935/4935 4934/4934/4934 4932/4932/4932
f 4938/4938/4938 4937/4937/4937 4936/4936/4936
f 4939/4939/4939 4938/4938/4938 4936/4936/4936
f 4942/4942/4942 4941/4941/4941 4940/4940/4940
f 4943/4943/4943 4942/4942/4942 4940/4940/4940
f 4946/4946/4946 4945/4945/4945 4944/4944/4944
f 4947/4947/4947 4946/4946/4946 4944/4944/4944
f 4950/4950/4950 4949/4949/4949 4948/4948/4948
f 4951/4951/4951 4950/4950/4950 4948/4948/4948
f 4954/4954/4954 4953/4953/4953 4952/4952/4952
f 4955/4955/4955 4954/4954/4954 4952/4952/4952
f 4958/4958/4958 4957/4957/4957 4956/4956/4956
f 4959/4959/4959 4958/4958/4958 4956/4956/4956
f 4962/4962/4962 4961/4961/4961 4960/4960/4960
f 4963/4963/4963 4962/4962/4962 4960/4960/4960
f 4966/4966/4966 4965/4965/4965 4964/4964/4964
f 4967/4967/4967 4966/4966/4966 4964/4964/4964
f 4970/4970/4970 4969/4969/4969 4968/4968/4968
f 4971/4971/4971 4970/4970/4970 4968/4968/4968
f 4974/4974/4974 4973/4973/4973 4972/4972/4972
f 4975/4975/4975 4974/4974/4974 4972/4972/4972
f 4978/4978/4978 4977/4977/4977 4976/4976/4976
f 4979/4979/4979 4978/4978/4978 4976/4976/4976
f 4982/4982/4982 4981/4981/4981 4980/4980/4980
f 4983/4983/4983 4982/4982/4982 4980/4980/4980
f 4986/4986/4986 4985/4985/4985 4984/4984/4984
f 4987/4987/4987 4986/4986/4986 4984/4984/4984
f 4990/4990/4990 4989/4989/4989 4988/4988/4988
f 4991/4991/4991 4990/4990/4990 4988/4988/4988
f 4994/4994/4994 4993/4993/4993 4992/4992/4992
f 4995/4995/4995 4994/4994/4994 4992/4992/4992
f 4998/4998/4998 4997/4997/4997 4996/4996/4996
f 4999/4999/4999 4998/4998/4998 4996/4996/4996
f 5002/5002/5002 5001/5001/5001 5000/5000/5000
f 5003/5003/5003 5002/5002/5002 5000/5000/5000
f 5006/5006/5006 5005/5005/5005 5004/5004/5004
f 5007/5007/5007 5006/5006/5006 5004/5004/5004
f 5010/5010/5010 5009/5009/5009 5008/5008/5008
f 5011/5011/5011 5010/5010/5010 5008/5008/5008
f 5014/5014/5014 5013/5013/5013 5012/5012/5012
f 5015/5015/5015 5014/5014/5014 5012/5012/5012
f 5018/5018/5018 5017/5017/5017 5016/5016/5016
f 5019/5019/5019 5018/5018/5018 5016/5016/5016
f 5022/5022/5022 5021/5021/5021 5020/5020/5020
f 5023/5023/5023 5022/5022/5022 5020/5020/5020
f 5026/5026/5026 5025/5025/5025 5024/5024/5024
f 5027/5027/5027 5026/5026/5026 5024/5024/5024
f 5030/5030/5030 5029/5029/5029 5028/5028/5028
f 5031/5031/5031 5030/5030/5030 5028/5028/5028
f 5034/5034/5034 5033/5033/5033 5032/5032/5032
f 5035/5035/5035 5034/5034/5034 5032/5032/5032
f 5038/5038/5038 5037/5037/5037 5036/5036/5036
f 5039/5039/5039 5038/5038/5038 5036/5036/5036
f 5042/5042/5042 5041/5041/5041 5040/5040/5040
f 5043/5043/5043 5042/5042/5042 5040/5040/5040
f 5046/5046/5046 5045/5045/5045 5044/5044/5044
f 5047/5047/5047 5046/5046/5046 5044/5044/5044
f 5050/5050/5050 5049/5049/5049 5048/5048/5048
f 5051/5051/5051 5050/5050/5050 5048/5048/5048
f 5054/5054/5054 5053/5053/5053 5052/5052/5052
f 5055/5055/5055 5054/5054/5054 5052/5052/5052
f 5058/5058/5058 5057/5057/5057 5056/5056/5056
f 5059/5059/5059 5058/5058/5058 5056/5056/5056
f 5062/5062/5062 5061/5061/5061 5060/5060/5060
f 5063/5063/5063 5062/5062/5062 5060/5060/5060
f 5066/5066/5066 5065/5065/5065 5064/5064/5064
f 5067/5067/5067 5066/5066/5066 5064/5064/5064
f 5070/5070/5070 5069/5069/5069 5068/5068/5068
f 5071/5071/5071 5070/5070/5070 5068/5068/5068
f 5074/5074/5074 5073/5073/5073 5072/5072/5072
f 5075/5075/5075 5074/5074/5074 5072/5072/5072
f 5078/5078/5078 5077/5077/5077 5076/5076/5076
f 5079/5079/5079 5078/5078/5078 5076/5076/5076
f 5082/5082/5082 5081/5081/5081 5080/5080/5080
f 5083/5083/5083 5082/5082/5082 5080/5080/5080
f 5086/5086/5086 5085/5085/5085 5084/5084/5084
f 5087/5087/5087 5086/5086/5086 5084/5084/5084
f 5090/5090/5090 5089/5089/5089 5088/5088/5088
f 5091/5091/5091 5090/5090/5090 5088/5088/5088
f 5094/5094/5094 5093/5093/5093 5092/5092/5092
f 5095/5095/5095 5094/5094/5094 5092/5092/5092
f 5098/5098/5098 5097/5097/5097 5096/5096/5096
f 5099/5099/5099 5098/5098/5098 5096/5096/5096
f 5102/5102/5102 5101/5101/5101 5100/5100/5100
f 5103/5103/5103 5102/5102/5102 5100/5100/5100
f 5106/5106/5106 5105/5105/5105 5104/5104/5104
f 5107/5107/5107 5106/5106/5106 5104/5104/5104
f 5110/5110/5110 5109/5109/5109 5108/5108/5108
f 5111/5111/5111 5110/5110/5110 5108/5108/5108
f 5114/5114/5114 5113/5113/5113 5112/5112/5112
f 5115/5115/5115 5114/5114/5114 5112/5112/5112
f 5118/5118/5118 5117/5117/5117 5116/5116/5116
f 5119/5119/5119 5118/5118/5118 5116/5116/5116
f 5122/5122/5122 5121/5121/5121 5120/5120/5120
f 5123/5123/5123 5122/5122/5122 5120/5120/5120
f 5126/5126/5126 5125/5125/5125 5124/5124/5124
f 5127/5127/5127 5126/5126/5126 5124/5124/5124
f 5130/5130/5130 5129/5129/5129 5128/5128/5128
f 5131/5131/5131 5130/5130/5130 5128/5128/5128
f 5134/5134/5134 5133/5133/5133 5132/5132/5132
f 5135/5135/5135 5134/5134/5134 5132/5132/5132
f 5138/5138/5138 5137/5137/5137 5136/5136/5136
f 5139/5139/5139 5138/5138/5138 5136/5136/5136
f 5142/5142/5142 5141/5141/5141 5140/5140/5140
f 5143/5143/5143 5142/5142/5142 5140/5140/5140
f 5146/5146/5146 5145/5145/5145 5144/5144/5144
f 5147/5147/5147 5146/5146/5146 5144/5144/5144
f 5150/5150/5150 5149/5149/5149 5148/5148/5148
f 5151/5151/5151 5150/5150/5150 5148/5148/5148
f 5154/5154/5154 5153/5153/5153 5152/5152/5152
f 5155/5155/5155 5154/5154/5154 5152/5152/5152
f 5158/5158/5158 5157/5157/5157 5156/5156/5156
f 5159/5159/5159 5158/5158/5158 5156/5156/5156
f 5162/5162/5162 5161/5161/5161 5160/5160/5160
f 5163/5163/5163 5162/5162/5162 5160/5160/5160
f 5166/5166/5166 5165/5165/5165 5164/5164/5164
f 5167/5167/5167 5166/5166/5166 5164/5164/5164
f 5170/5170/5170 5169/5169/5169 5168/5168/5168
f 5171/5171/5171 5170/5170/5170 5168/5168/5168
f 5174/5174/5174 5173/5173/5173 5172/5172/5172
f 5175/5175/5175 5174/5174/5174 5172/5172/5172
f 5178/5178/5178 5177/5177/5177 5176/5176/5176
f 5179/5179/5179 5178/5178/5178 5176/5176/5176
f 5182/5182/5182 5181/5181/5181 5180/5180/5180
f 5183/5183/5183 5182/5182/5182 5180/5180/5180
f 5186/5186/5186 5185/5185/5185 5184/5184/5184
f 5187/5187/5187 5186/5186/5186 5184/5184/5184
f 5190/5190/5190 5189/5189/5189 5188/5188/5188
f 5191/5191/5191 5190/5190/5190 5188/5188/5188
f 5194/5194/5194 5193/5193/5193 5192/5192/5192
f 5195/5195/5195 5194/5194/5194 5192/5192/5192
f 5198/5198/5198 5197/5197/5197 5196/5196/5196
f 5199/5199/5199 5198/5198/5198 5196/5196/5196
f 5202/5202/5202 5201/5201/5201 5200/5200/5200
f 5203/5203/5203 5202/5202/5202 5200/5200/5200
f 5206/5206/5206 5205/5205/5205 5204/5204/5204
f 5207/5207/5207 5206/5206/5206 5204/5204/5204
f 5210/5210/5210 5209/5209/5209 5208/5208/5208
f 5211/5211/5211 5210/5210/5210 5208/5208/5208
f 5214/5214/5214 5213/5213/5213 5212/5212/5212
f 5215/5215/5215 5214/5214/5214 5212/5212/5212
f 5218/5218/5218 5217/5217/5217 5216/5216/5216
f 5219/5219/5219 5218/5218/5218 5216/5216/5216
f 5222/5222/5222 5221/5221/5221 5220/5220/5220
f 5223/5223/5223 5222/5222/5222 5220/5220/5220
f 5226/5226/5226 5225/5225/5225 5224/5224/5224
f 5227/5227/5227 5226/5226/5226 5224/5224/5224
f 5230/5230/5230 5229/5229/5229 5228/5228/5228
f 5231/5231/5231 5230/5230/5230 5228/5228/5228
f 5234/5234/5234 5233/5233/5233 5232/5232/5232
f 5235/5235/5235 5234/5234/5234 5232/5232/5232
f 5238/5238/5238 5237/5237/5237 5236/5236/5236
f 5239/5239/5239 5238/5238/5238 5236/5236/5236
f 5242/5242/5242 5241/5241/5241 5240/5240/5240
f 5243/5243/5243 5242/5242/5242 5240/5240/5240
f 5246/5246/5246 5245/5245/5245 5244/5244/5244
f 5247/5247/5247 5245/5245/5245 5246/5246/5246
f 5247/5247/5247 5248/5248/5248 5245/5245/5245
f 5248/5248/5248 5249/5249/5249 5245/5245/5245
f 5249/5249/5249 5250/5250/5250 5245/5245/5245
f 5251/5251/5251 5250/5250/5250 5249/5249/5249
f 5252/5252/5252 5251/5251/5251 5249/5249/5249
f 5255/5255/5255 5254/5254/5254 5253/5253/5253
f 5256/5256/5256 5255/5255/5255 5253/5253/5253
f 5259/5259/5259 5258/5258/5258 5257/5257/5257
f 5260/5260/5260 5259/5259/5259 5257/5257/5257
f 5263/5263/5263 5262/5262/5262 5261/5261/5261
f 5264/5264/5264 5263/5263/5263 5261/5261/5261
f 5267/5267/5267 5266/5266/5266 5265/5265/5265
f 5268/5268/5268 5267/5267/5267 5265/5265/5265
f 5271/5271/5271 5270/5270/5270 5269/5269/5269
f 5272/5272/5272 5271/5271/5271 5269/5269/5269
f 5273/5273/5273 5271/5271/5271 5272/5272/5272
f 5272/5272/5272 5274/5274/5274 5273/5273/5273
f 5274/5274/5274 5275/5275/5275 5273/5273/5273
f 5273/5273/5273 5276/5276/5276 5271/5271/5271
f 5276/5276/5276 5277/5277/5277 5271/5271/5271
f 5280/5280/5280 5279/5279/5279 5278/5278/5278
f 5281/5281/5281 5280/5280/5280 5278/5278/5278
f 5284/5284/5284 5283/5283/5283 5282/5282/5282
f 5282/5282/5282 5285/5285/5285 5284/5284/5284
f 5282/5282/5282 5286/5286/5286 5285/5285/5285
f 5289/5289/5289 5288/5288/5288 5287/5287/5287
f 5290/5290/5290 5289/5289/5289 5287/5287/5287
f 5293/5293/5293 5292/5292/5292 5291/5291/5291
f 5294/5294/5294 5293/5293/5293 5291/5291/5291
f 5297/5297/5297 5296/5296/5296 5295/5295/5295
f 5296/5296/5296 5298/5298/5298 5295/5295/5295
f 5298/5298/5298 5299/5299/5299 5295/5295/5295
f 5300/5300/5300 5295/5295/5295 5299/5299/5299
f 5301/5301/5301 5300/5300/5300 5299/5299/5299
f 5302/5302/5302 5298/5298/5298 5296/5296/5296
f 5303/5303/5303 5302/5302/5302 5296/5296/5296
f 5304/5304/5304 5302/5302/5302 5303/5303/5303
f 5305/5305/5305 5304/5304/5304 5303/5303/5303
f 5303/5303/5303 5296/5296/5296 5306/5306/5306
f 5296/5296/5296 5307/5307/5307 5306/5306/5306
f 5310/5310/5310 5309/5309/5309 5308/5308/5308
f 5311/5311/5311 5310/5310/5310 5308/5308/5308
f 5314/5314/5314 5313/5313/5313 5312/5312/5312
f 5315/5315/5315 5314/5314/5314 5312/5312/5312
f 5318/5318/5318 5317/5317/5317 5316/5316/5316
f 5319/5319/5319 5318/5318/5318 5316/5316/5316
f 5322/5322/5322 5321/5321/5321 5320/5320/5320
f 5323/5323/5323 5322/5322/5322 5320/5320/5320
f 5326/5326/5326 5325/5325/5325 5324/5324/5324
f 5327/5327/5327 5326/5326/5326 5324/5324/5324
f 5330/5330/5330 5329/5329/5329 5328/5328/5328
f 5331/5331/5331 5330/5330/5330 5328/5328/5328
f 5334/5334/5334 5333/5333/5333 5332/5332/5332
f 5335/5335/5335 5334/5334/5334 5332/5332/5332
f 5338/5338/5338 5337/5337/5337 5336/5336/5336
f 5339/5339/5339 5338/5338/5338 5336/5336/5336
f 5342/5342/5342 5341/5341/5341 5340/5340/5340
f 5343/5343/5343 5342/5342/5342 5340/5340/5340
f 5346/5346/5346 5345/5345/5345 5344/5344/5344
f 5347/5347/5347 5346/5346/5346 5344/5344/5344
f 5350/5350/5350 5349/5349/5349 5348/5348/5348
f 5351/5351/5351 5350/5350/5350 5348/5348/5348
f 5354/5354/5354 5353/5353/5353 5352/5352/5352
f 5355/5355/5355 5354/5354/5354 5352/5352/5352
f 5358/5358/5358 5357/5357/5357 5356/5356/5356
f 5359/5359/5359 5358/5358/5358 5356/5356/5356
f 5362/5362/5362 5361/5361/5361 5360/5360/5360
f 5363/5363/5363 5362/5362/5362 5360/5360/5360
f 5366/5366/5366 5365/5365/5365 5364/5364/5364
f 5367/5367/5367 5366/5366/5366 5364/5364/5364
f 5370/5370/5370 5369/5369/5369 5368/5368/5368
f 5371/5371/5371 5370/5370/5370 5368/5368/5368
f 5374/5374/5374 5373/5373/5373 5372/5372/5372
f 5375/5375/5375 5374/5374/5374 5372/5372/5372
f 5378/5378/5378 5377/5377/5377 5376/5376/5376
f 5379/5379/5379 5378/5378/5378 5376/5376/5376
f 5382/5382/5382 5381/5381/5381 5380/5380/5380
f 5383/5383/5383 5382/5382/5382 5380/5380/5380
f 5386/5386/5386 5385/5385/5385 5384/5384/5384
f 5387/5387/5387 5386/5386/5386 5384/5384/5384
f 5390/5390/5390 5389/5389/5389 5388/5388/5388
f 5391/5391/5391 5390/5390/5390 5388/5388/5388
f 5394/5394/5394 5393/5393/5393 5392/5392/5392
f 5395/5395/5395 5394/5394/5394 5392/5392/5392
f 5398/5398/5398 5397/5397/5397 5396/5396/5396
f 5399/5399/5399 5398/5398/5398 5396/5396/5396
f 5402/5402/5402 5401/5401/5401 5400/5400/5400
f 5403/5403/5403 5402/5402/5402 5400/5400/5400
f 5406/5406/5406 5405/5405/5405 5404/5404/5404
f 5407/5407/5407 5406/5406/5406 5404/5404/5404
f 5408/5408/5408 5406/5406/5406 5407/5407/5407
f 5409/5409/5409 5408/5408/5408 5407/5407/5407
f 5410/5410/5410 5408/5408/5408 5409/5409/5409
f 5411/5411/5411 5410/5410/5410 5409/5409/5409
f 5412/5412/5412 5410/5410/5410 5411/5411/5411
f 5413/5413/5413 5412/5412/5412 5411/5411/5411
f 5414/5414/5414 5412/5412/5412 5413/5413/5413
f 5415/5415/5415 5414/5414/5414 5413/5413/5413
f 5416/5416/5416 5414/5414/5414 5415/5415/5415
f 5417/5417/5417 5416/5416/5416 5415/5415/5415
f 5420/5420/5420 5419/5419/5419 5418/5418/5418
f 5419/5419/5419 5421/5421/5421 5418/5418/5418
f 5418/5418/5418 5421/5421/5421 5422/5422/5422
f 5421/5421/5421 5423/5423/5423 5422/5422/5422
f 5422/5422/5422 5423/5423/5423 5424/5424/5424
f 5423/5423/5423 5425/5425/5425 5424/5424/5424
f 5424/5424/5424 5425/5425/5425 5426/5426/5426
f 5425/5425/5425 5427/5427/5427 5426/5426/5426
f 5426/5426/5426 5429/5429/5429 5428/5428/5428
f 5429/5429/5429 5430/5430/5430 5428/5428/5428
f 5428/5428/5428 5430/5430/5430 5431/5431/5431
f 5430/5430/5430 5432/5432/5432 5431/5431/5431
f 5431/5431/5431 5432/5432/5432 5433/5433/5433
f 5432/5432/5432 5434/5434/5434 5433/5433/5433
f 5433/5433/5433 5434/5434/5434 5435/5435/5435
f 5434/5434/5434 5436/5436/5436 5435/5435/5435
f 5439/5439/5439 5438/5438/5438 5437/5437/5437
f 5438/5438/5438 5440/5440/5440 5437/5437/5437
f 5437/5437/5437 5440/5440/5440 5441/5441/5441
f 5440/5440/5440 5442/5442/5442 5441/5441/5441
f 5441/5441/5441 5442/5442/5442 5443/5443/5443
f 5442/5442/5442 5444/5444/5444 5443/5443/5443
f 5443/5443/5443 5444/5444/5444 5445/5445/5445
f 5444/5444/5444 5446/5446/5446 5445/5445/5445
f 5448/5448/5448 5438/5438/5438 5447/5447/5447
f 5449/5449/5449 5448/5448/5448 5447/5447/5447
f 5450/5450/5450 5448/5448/5448 5449/5449/5449
f 5451/5451/5451 5450/5450/5450 5449/5449/5449
f 5453/5453/5453 5450/5450/5450 5452/5452/5452
f 5454/5454/5454 5453/5453/5453 5452/5452/5452
f 5457/5457/5457 5456/5456/5456 5455/5455/5455
f 5458/5458/5458 5457/5457/5457 5455/5455/5455
f 5461/5461/5461 5460/5460/5460 5459/5459/5459
f 5462/5462/5462 5461/5461/5461 5459/5459/5459
f 5463/5463/5463 5461/5461/5461 5462/5462/5462
f 5464/5464/5464 5463/5463/5463 5462/5462/5462
f 5465/5465/5465 5463/5463/5463 5464/5464/5464
f 5466/5466/5466 5465/5465/5465 5464/5464/5464
f 5467/5467/5467 5465/5465/5465 5466/5466/5466
f 5468/5468/5468 5467/5467/5467 5466/5466/5466
f 5469/5469/5469 5467/5467/5467 5468/5468/5468
f 5470/5470/5470 5469/5469/5469 5468/5468/5468
f 5473/5473/5473 5472/5472/5472 5471/5471/5471
f 5474/5474/5474 5473/5473/5473 5471/5471/5471
f 5475/5475/5475 5473/5473/5473 5474/5474/5474
f 5476/5476/5476 5475/5475/5475 5474/5474/5474
f 5477/5477/5477 5475/5475/5475 5476/5476/5476
f 5478/5478/5478 5477/5477/5477 5476/5476/5476
f 5479/5479/5479 5477/5477/5477 5478/5478/5478
f 5480/5480/5480 5479/5479/5479 5478/5478/5478
f 5481/5481/5481 5479/5479/5479 5480/5480/5480
f 5482/5482/5482 5481/5481/5481 5480/5480/5480
f 5485/5485/5485 5484/5484/5484 5483/5483/5483
f 5486/5486/5486 5485/5485/5485 5483/5483/5483
f 5489/5489/5489 5488/5488/5488 5487/5487/5487
f 5487/5487/5487 5490/5490/5490 5489/5489/5489
f 5490/5490/5490 5491/5491/5491 5489/5489/5489
f 5491/5491/5491 5492/5492/5492 5489/5489/5489
f 5491/5491/5491 5493/5493/5493 5492/5492/5492
f 5493/5493/5493 5494/5494/5494 5492/5492/5492
f 5489/5489/5489 5492/5492/5492 5495/5495/5495
f 5496/5496/5496 5489/5489/5489 5495/5495/5495
f 5497/5497/5497 5496/5496/5496 5495/5495/5495
f 5498/5498/5498 5497/5497/5497 5495/5495/5495
f 5499/5499/5499 5498/5498/5498 5495/5495/5495
f 5499/5499/5499 5495/5495/5495 5500/5500/5500
f 5501/5501/5501 5499/5499/5499 5500/5500/5500
f 5500/5500/5500 5495/5495/5495 5502/5502/5502
f 5503/5503/5503 5500/5500/5500 5502/5502/5502
f 5503/5503/5503 5502/5502/5502 5504/5504/5504
f 5505/5505/5505 5503/5503/5503 5504/5504/5504
f 5499/5499/5499 5507/5507/5507 5506/5506/5506
f 5507/5507/5507 5508/5508/5508 5506/5506/5506
f 5511/5511/5511 5510/5510/5510 5509/5509/5509
f 5512/5512/5512 5511/5511/5511 5509/5509/5509
f 5512/5512/5512 5514/5514/5514 5513/5513/5513
f 5514/5514/5514 5515/5515/5515 5513/5513/5513
f 5513/5513/5513 5515/5515/5515 5516/5516/5516
f 5513/5513/5513 5516/5516/5516 5517/5517/5517
f 5518/5518/5518 5513/5513/5513 5517/5517/5517
f 5519/5519/5519 5513/5513/5513 5518/5518/5518
f 5520/5520/5520 5519/5519/5519 5518/5518/5518
f 5522/5522/5522 5521/5521/5521 5516/5516/5516
f 5521/5521/5521 5523/5523/5523 5516/5516/5516
f 5516/5516/5516 5523/5523/5523 5524/5524/5524
f 5527/5527/5527 5526/5526/5526 5525/5525/5525
f 5528/5528/5528 5527/5527/5527 5525/5525/5525
f 5531/5531/5531 5530/5530/5530 5529/5529/5529
f 5532/5532/5532 5531/5531/5531 5529/5529/5529
f 5535/5535/5535 5534/5534/5534 5533/5533/5533
f 5536/5536/5536 5535/5535/5535 5533/5533/5533
f 5539/5539/5539 5538/5538/5538 5537/5537/5537
f 5540/5540/5540 5539/5539/5539 5537/5537/5537
f 5543/5543/5543 5542/5542/5542 5541/5541/5541
f 5544/5544/5544 5543/5543/5543 5541/5541/5541
f 5547/5547/5547 5546/5546/5546 5545/5545/5545
f 5548/5548/5548 5547/5547/5547 5545/5545/5545
f 5551/5551/5551 5550/5550/5550 5549/5549/5549
f 5552/5552/5552 5551/5551/5551 5549/5549/5549
f 5555/5555/5555 5554/5554/5554 5553/5553/5553
f 5556/5556/5556 5555/5555/5555 5553/5553/5553
f 5559/5559/5559 5558/5558/5558 5557/5557/5557
f 5560/5560/5560 5559/5559/5559 5557/5557/5557
f 5563/5563/5563 5562/5562/5562 5561/5561/5561
f 5564/5564/5564 5563/5563/5563 5561/5561/5561
f 5567/5567/5567 5566/5566/5566 5565/5565/5565
f 5568/5568/5568 5567/5567/5567 5565/5565/5565
f 5571/5571/5571 5570/5570/5570 5569/5569/5569
f 5572/5572/5572 5571/5571/5571 5569/5569/5569
f 5575/5575/5575 5574/5574/5574 5573/5573/5573
f 5576/5576/5576 5575/5575/5575 5573/5573/5573
f 5579/5579/5579 5578/5578/5578 5577/5577/5577
f 5580/5580/5580 5579/5579/5579 5577/5577/5577
f 5583/5583/5583 5582/5582/5582 5581/5581/5581
f 5584/5584/5584 5583/5583/5583 5581/5581/5581
f 5587/5587/5587 5586/5586/5586 5585/5585/5585
f 5588/5588/5588 5587/5587/5587 5585/5585/5585
f 5591/5591/5591 5590/5590/5590 5589/5589/5589
f 5592/5592/5592 5591/5591/5591 5589/5589/5589
f 5595/5595/5595 5594/5594/5594 5593/5593/5593
f 5596/5596/5596 5595/5595/5595 5593/5593/5593
f 5599/5599/5599 5598/5598/5598 5597/5597/5597
f 5600/5600/5600 5599/5599/5599 5597/5597/5597
f 5601/5601/5601 5599/5599/5599 5600/5600/5600
f 5602/5602/5602 5601/5601/5601 5600/5600/5600
f 5605/5605/5605 5604/5604/5604 5603/5603/5603
f 5604/5604/5604 5606/5606/5606 5603/5603/5603
f 5603/5603/5603 5606/5606/5606 5607/5607/5607
f 5606/5606/5606 5608/5608/5608 5607/5607/5607
f 5611/5611/5611 5610/5610/5610 5609/5609/5609
f 5612/5612/5612 5611/5611/5611 5609/5609/5609
f 5615/5615/5615 5614/5614/5614 5613/5613/5613
f 5616/5616/5616 5615/5615/5615 5613/5613/5613
f 5619/5619/5619 5618/5618/5618 5617/5617/5617
f 5620/5620/5620 5619/5619/5619 5617/5617/5617
f 5623/5623/5623 5622/5622/5622 5621/5621/5621
f 5624/5624/5624 5623/5623/5623 5621/5621/5621
f 5627/5627/5627 5626/5626/5626 5625/5625/5625
f 5628/5628/5628 5627/5627/5627 5625/5625/5625
f 5631/5631/5631 5630/5630/5630 5629/5629/5629
f 5632/5632/5632 5631/5631/5631 5629/5629/5629
f 5635/5635/5635 5634/5634/5634 5633/5633/5633
f 5636/5636/5636 5635/5635/5635 5633/5633/5633
f 5639/5639/5639 5638/5638/5638 5637/5637/5637
f 5640/5640/5640 5639/5639/5639 5637/5637/5637
f 5643/5643/5643 5642/5642/5642 5641/5641/5641
f 5644/5644/5644 5643/5643/5643 5641/5641/5641
f 5647/5647/5647 5646/5646/5646 5645/5645/5645
f 5648/5648/5648 5647/5647/5647 5645/5645/5645
f 5651/5651/5651 5650/5650/5650 5649/5649/5649
f 5652/5652/5652 5651/5651/5651 5649/5649/5649
f 5651/5651/5651 5652/5652/5652 5653/5653/5653
f 5654/5654/5654 5651/5651/5651 5653/5653/5653
f 5655/5655/5655 5651/5651/5651 5654/5654/5654
f 5651/5651/5651 5655/5655/5655 5656/5656/5656
f 5655/5655/5655 5657/5657/5657 5656/5656/5656
f 5655/5655/5655 5658/5658/5658 5657/5657/5657
f 5658/5658/5658 5659/5659/5659 5657/5657/5657
f 5658/5658/5658 5660/5660/5660 5659/5659/5659
f 5660/5660/5660 5661/5661/5661 5659/5659/5659
f 5662/5662/5662 5658/5658/5658 5655/5655/5655
f 5660/5660/5660 5658/5658/5658 5662/5662/5662
f 5663/5663/5663 5655/5655/5655 5654/5654/5654
f 5663/5663/5663 5662/5662/5662 5655/5655/5655
f 5664/5664/5664 5663/5663/5663 5654/5654/5654
f 5664/5664/5664 5654/5654/5654 5653/5653/5653
f 5664/5664/5664 5662/5662/5662 5663/5663/5663
f 5665/5665/5665 5664/5664/5664 5653/5653/5653
f 5653/5653/5653 5666/5666/5666 5665/5665/5665
f 5666/5666/5666 5667/5667/5667 5665/5665/5665
f 5664/5664/5664 5668/5668/5668 5662/5662/5662
f 5668/5668/5668 5669/5669/5669 5662/5662/5662
f 5669/5669/5669 5660/5660/5660 5662/5662/5662
f 5668/5668/5668 5670/5670/5670 5669/5669/5669
f 5660/5660/5660 5671/5671/5671 5661/5661/5661
f 5671/5671/5671 5660/5660/5660 5669/5669/5669
f 5671/5671/5671 5672/5672/5672 5661/5661/5661
f 5670/5670/5670 5672/5672/5672 5671/5671/5671
f 5670/5670/5670 5673/5673/5673 5669/5669/5669
f 5673/5673/5673 5671/5671/5671 5669/5669/5669
f 5673/5673/5673 5670/5670/5670 5671/5671/5671
f 5676/5676/5676 5675/5675/5675 5674/5674/5674
f 5677/5677/5677 5676/5676/5676 5674/5674/5674
f 5680/5680/5680 5679/5679/5679 5678/5678/5678
f 5681/5681/5681 5680/5680/5680 5678/5678/5678
f 5684/5684/5684 5683/5683/5683 5682/5682/5682
f 5685/5685/5685 5684/5684/5684 5682/5682/5682
f 5688/5688/5688 5687/5687/5687 5686/5686/5686
f 5689/5689/5689 5688/5688/5688 5686/5686/5686
f 5692/5692/5692 5691/5691/5691 5690/5690/5690
f 5691/5691/5691 5693/5693/5693 5690/5690/5690
f 5690/5690/5690 5693/5693/5693 5694/5694/5694
f 5693/5693/5693 5695/5695/5695 5694/5694/5694
f 5694/5694/5694 5695/5695/5695 5696/5696/5696
f 5695/5695/5695 5697/5697/5697 5696/5696/5696
f 5696/5696/5696 5697/5697/5697 5698/5698/5698
f 5697/5697/5697 5699/5699/5699 5698/5698/5698
f 5698/5698/5698 5699/5699/5699 5700/5700/5700
f 5699/5699/5699 5701/5701/5701 5700/5700/5700
f 5701/5701/5701 5702/5702/5702 5700/5700/5700
f 5702/5702/5702 5703/5703/5703 5700/5700/5700
f 5706/5706/5706 5705/5705/5705 5704/5704/5704
f 5705/5705/5705 5707/5707/5707 5704/5704/5704
f 5704/5704/5704 5707/5707/5707 5708/5708/5708
f 5707/5707/5707 5709/5709/5709 5708/5708/5708
f 5708/5708/5708 5709/5709/5709 5710/5710/5710
f 5709/5709/5709 5711/5711/5711 5710/5710/5710
f 5710/5710/5710 5711/5711/5711 5712/5712/5712
f 5711/5711/5711 5713/5713/5713 5712/5712/5712
f 5712/5712/5712 5713/5713/5713 5714/5714/5714
f 5713/5713/5713 5715/5715/5715 5714/5714/5714
f 5715/5715/5715 5716/5716/5716 5714/5714/5714
f 5716/5716/5716 5717/5717/5717 5714/5714/5714
f 5720/5720/5720 5719/5719/5719 5718/5718/5718
f 5719/5719/5719 5721/5721/5721 5718/5718/5718
f 5718/5718/5718 5721/5721/5721 5722/5722/5722
f 5721/5721/5721 5723/5723/5723 5722/5722/5722
f 5722/5722/5722 5723/5723/5723 5724/5724/5724
f 5723/5723/5723 5725/5725/5725 5724/5724/5724
f 5724/5724/5724 5725/5725/5725 5726/5726/5726
f 5725/5725/5725 5727/5727/5727 5726/5726/5726
f 5726/5726/5726 5727/5727/5727 5728/5728/5728
f 5727/5727/5727 5729/5729/5729 5728/5728/5728
f 5732/5732/5732 5731/5731/5731 5730/5730/5730
f 5731/5731/5731 5733/5733/5733 5730/5730/5730
f 5730/5730/5730 5733/5733/5733 5734/5734/5734
f 5733/5733/5733 5735/5735/5735 5734/5734/5734
f 5734/5734/5734 5735/5735/5735 5736/5736/5736
f 5735/5735/5735 5737/5737/5737 5736/5736/5736
f 5736/5736/5736 5737/5737/5737 5738/5738/5738
f 5737/5737/5737 5739/5739/5739 5738/5738/5738
f 5738/5738/5738 5739/5739/5739 5740/5740/5740
f 5739/5739/5739 5741/5741/5741 5740/5740/5740
f 5741/5741/5741 5742/5742/5742 5740/5740/5740
f 5742/5742/5742 5743/5743/5743 5740/5740/5740
f 5746/5746/5746 5745/5745/5745 5744/5744/5744
f 5745/5745/5745 5747/5747/5747 5744/5744/5744
f 5744/5744/5744 5747/5747/5747 5748/5748/5748
f 5747/5747/5747 5749/5749/5749 5748/5748/5748
f 5748/5748/5748 5749/5749/5749 5750/5750/5750
f 5749/5749/5749 5751/5751/5751 5750/5750/5750
f 5750/5750/5750 5751/5751/5751 5752/5752/5752
f 5751/5751/5751 5753/5753/5753 5752/5752/5752
f 5752/5752/5752 5753/5753/5753 5754/5754/5754
f 5753/5753/5753 5755/5755/5755 5754/5754/5754
f 5758/5758/5758 5757/5757/5757 5756/5756/5756
f 5757/5757/5757 5759/5759/5759 5756/5756/5756
f 5756/5756/5756 5759/5759/5759 5760/5760/5760
f 5759/5759/5759 5761/5761/5761 5760/5760/5760
f 5760/5760/5760 5761/5761/5761 5762/5762/5762
f 5761/5761/5761 5763/5763/5763 5762/5762/5762
f 5766/5766/5766 5765/5765/5765 5764/5764/5764
f 5767/5767/5767 5766/5766/5766 5764/5764/5764
f 5770/5770/5770 5769/5769/5769 5768/5768/5768
f 5770/5770/5770 5768/5768/5768 5771/5771/5771
f 5772/5772/5772 5770/5770/5770 5771/5771/5771
f 5773/5773/5773 5772/5772/5772 5771/5771/5771
f 5774/5774/5774 5772/5772/5772 5773/5773/5773
f 5775/5775/5775 5774/5774/5774 5773/5773/5773
f 5774/5774/5774 5776/5776/5776 5772/5772/5772
f 5776/5776/5776 5777/5777/5777 5772/5772/5772
f 5778/5778/5778 5776/5776/5776 5774/5774/5774
f 5779/5779/5779 5774/5774/5774 5775/5775/5775
f 5779/5779/5779 5778/5778/5778 5774/5774/5774
f 5780/5780/5780 5778/5778/5778 5779/5779/5779
f 5781/5781/5781 5779/5779/5779 5775/5775/5775
f 5782/5782/5782 5780/5780/5780 5779/5779/5779
f 5782/5782/5782 5779/5779/5779 5781/5781/5781
f 5783/5783/5783 5782/5782/5782 5781/5781/5781
f 5784/5784/5784 5782/5782/5782 5783/5783/5783
f 5785/5785/5785 5784/5784/5784 5783/5783/5783
f 5788/5788/5788 5787/5787/5787 5786/5786/5786
f 5787/5787/5787 5789/5789/5789 5786/5786/5786
f 5786/5786/5786 5789/5789/5789 5790/5790/5790
f 5791/5791/5791 5786/5786/5786 5790/5790/5790
f 5794/5794/5794 5793/5793/5793 5792/5792/5792
f 5795/5795/5795 5794/5794/5794 5792/5792/5792
f 5798/5798/5798 5797/5797/5797 5796/5796/5796
f 5797/5797/5797 5799/5799/5799 5796/5796/5796
f 5796/5796/5796 5799/5799/5799 5800/5800/5800
f 5801/5801/5801 5796/5796/5796 5800/5800/5800
f 5804/5804/5804 5803/5803/5803 5802/5802/5802
f 5805/5805/5805 5804/5804/5804 5802/5802/5802
f 5808/5808/5808 5807/5807/5807 5806/5806/5806
f 5809/5809/5809 5808/5808/5808 5806/5806/5806
f 5812/5812/5812 5811/5811/5811 5810/5810/5810
f 5813/5813/5813 5812/5812/5812 5810/5810/5810
f 5816/5816/5816 5815/5815/5815 5814/5814/5814
f 5817/5817/5817 5816/5816/5816 5814/5814/5814
f 5820/5820/5820 5819/5819/5819 5818/5818/5818
f 5821/5821/5821 5820/5820/5820 5818/5818/5818
f 5824/5824/5824 5823/5823/5823 5822/5822/5822
f 5825/5825/5825 5824/5824/5824 5822/5822/5822
f 5826/5826/5826 5825/5825/5825 5822/5822/5822
f 5829/5829/5829 5828/5828/5828 5827/5827/5827
f 5830/5830/5830 5829/5829/5829 5827/5827/5827
f 5833/5833/5833 5832/5832/5832 5831/5831/5831
f 5834/5834/5834 5833/5833/5833 5831/5831/5831
f 5837/5837/5837 5836/5836/5836 5835/5835/5835
f 5838/5838/5838 5837/5837/5837 5835/5835/5835
f 5841/5841/5841 5840/5840/5840 5839/5839/5839
f 5842/5842/5842 5841/5841/5841 5839/5839/5839
f 5845/5845/5845 5844/5844/5844 5843/5843/5843
f 5846/5846/5846 5845/5845/5845 5843/5843/5843
f 5849/5849/5849 5848/5848/5848 5847/5847/5847
f 5850/5850/5850 5849/5849/5849 5847/5847/5847
f 5853/5853/5853 5852/5852/5852 5851/5851/5851
f 5854/5854/5854 5853/5853/5853 5851/5851/5851
f 5857/5857/5857 5856/5856/5856 5855/5855/5855
f 5858/5858/5858 5857/5857/5857 5855/5855/5855
f 5861/5861/5861 5860/5860/5860 5859/5859/5859
f 5862/5862/5862 5861/5861/5861 5859/5859/5859
f 5865/5865/5865 5864/5864/5864 5863/5863/5863
f 5866/5866/5866 5865/5865/5865 5863/5863/5863
f 5869/5869/5869 5868/5868/5868 5867/5867/5867
f 5870/5870/5870 5869/5869/5869 5867/5867/5867
f 5873/5873/5873 5872/5872/5872 5871/5871/5871
f 5874/5874/5874 5873/5873/5873 5871/5871/5871
f 5877/5877/5877 5876/5876/5876 5875/5875/5875
f 5878/5878/5878 5877/5877/5877 5875/5875/5875
f 5881/5881/5881 5880/5880/5880 5879/5879/5879
f 5882/5882/5882 5881/5881/5881 5879/5879/5879
f 5885/5885/5885 5884/5884/5884 5883/5883/5883
f 5886/5886/5886 5885/5885/5885 5883/5883/5883
f 5889/5889/5889 5888/5888/5888 5887/5887/5887
f 5890/5890/5890 5887/5887/5887 5888/5888/5888
f 5891/5891/5891 5890/5890/5890 5888/5888/5888
f 5890/5890/5890 5891/5891/5891 5892/5892/5892
f 5891/5891/5891 5893/5893/5893 5892/5892/5892
f 5896/5896/5896 5895/5895/5895 5894/5894/5894
f 5895/5895/5895 5897/5897/5897 5894/5894/5894
f 5894/5894/5894 5897/5897/5897 5898/5898/5898
f 5897/5897/5897 5899/5899/5899 5898/5898/5898
f 5902/5902/5902 5901/5901/5901 5900/5900/5900
f 5903/5903/5903 5902/5902/5902 5900/5900/5900
f 5906/5906/5906 5905/5905/5905 5904/5904/5904
f 5907/5907/5907 5906/5906/5906 5904/5904/5904
f 5910/5910/5910 5909/5909/5909 5908/5908/5908
f 5911/5911/5911 5910/5910/5910 5908/5908/5908
f 5911/5911/5911 5908/5908/5908 5912/5912/5912
f 5913/5913/5913 5911/5911/5911 5912/5912/5912
f 5910/5910/5910 5915/5915/5915 5914/5914/5914
f 5916/5916/5916 5910/5910/5910 5914/5914/5914
f 5919/5919/5919 5918/5918/5918 5917/5917/5917
f 5918/5918/5918 5920/5920/5920 5917/5917/5917
f 5920/5920/5920 5922/5922/5922 5921/5921/5921
f 5922/5922/5922 5923/5923/5923 5921/5921/5921
f 5923/5923/5923 5925/5925/5925 5924/5924/5924
f 5926/5926/5926 5923/5923/5923 5924/5924/5924
f 5929/5929/5929 5928/5928/5928 5927/5927/5927
f 5930/5930/5930 5929/5929/5929 5927/5927/5927
f 5931/5931/5931 5929/5929/5929 5930/5930/5930
f 5930/5930/5930 5932/5932/5932 5931/5931/5931
f 5930/5930/5930 5927/5927/5927 5932/5932/5932
f 5931/5931/5931 5932/5932/5932 5933/5933/5933
f 5927/5927/5927 5934/5934/5934 5932/5932/5932
f 5927/5927/5927 5935/5935/5935 5934/5934/5934
f 5932/5932/5932 5936/5936/5936 5933/5933/5933
f 5932/5932/5932 5934/5934/5934 5936/5936/5936
f 5936/5936/5936 5937/5937/5937 5933/5933/5933
f 5933/5933/5933 5937/5937/5937 5938/5938/5938
f 5934/5934/5934 5939/5939/5939 5936/5936/5936
f 5936/5936/5936 5939/5939/5939 5937/5937/5937
f 5935/5935/5935 5940/5940/5940 5934/5934/5934
f 5934/5934/5934 5940/5940/5940 5939/5939/5939
f 5935/5935/5935 5941/5941/5941 5940/5940/5940
f 5935/5935/5935 5942/5942/5942 5941/5941/5941
f 5942/5942/5942 5943/5943/5943 5941/5941/5941
f 5941/5941/5941 5943/5943/5943 5944/5944/5944
f 5941/5941/5941 5944/5944/5944 5945/5945/5945
f 5941/5941/5941 5945/5945/5945 5940/5940/5940
f 5944/5944/5944 5946/5946/5946 5945/5945/5945
f 5940/5940/5940 5947/5947/5947 5939/5939/5939
f 5940/5940/5940 5945/5945/5945 5947/5947/5947
f 5939/5939/5939 5948/5948/5948 5937/5937/5937
f 5939/5939/5939 5947/5947/5947 5948/5948/5948
f 5937/5937/5937 5949/5949/5949 5938/5938/5938
f 5937/5937/5937 5948/5948/5948 5949/5949/5949
f 5945/5945/5945 5946/5946/5946 5950/5950/5950
f 5945/5945/5945 5950/5950/5950 5947/5947/5947
f 5949/5949/5949 5951/5951/5951 5938/5938/5938
f 5938/5938/5938 5951/5951/5951 5952/5952/5952
f 5950/5950/5950 5946/5946/5946 5953/5953/5953
f 5946/5946/5946 5954/5954/5954 5953/5953/5953
f 5947/5947/5947 5950/5950/5950 5955/5955/5955
f 5947/5947/5947 5955/5955/5955 5948/5948/5948
f 5950/5950/5950 5953/5953/5953 5955/5955/5955
f 5948/5948/5948 5956/5956/5956 5949/5949/5949
f 5949/5949/5949 5956/5956/5956 5951/5951/5951
f 5948/5948/5948 5955/5955/5955 5957/5957/5957
f 5955/5955/5955 5953/5953/5953 5957/5957/5957
f 5956/5956/5956 5948/5948/5948 5957/5957/5957
f 5953/5953/5953 5954/5954/5954 5958/5958/5958
f 5953/5953/5953 5958/5958/5958 5957/5957/5957
f 5956/5956/5956 5959/5959/5959 5951/5951/5951
f 5956/5956/5956 5957/5957/5957 5959/5959/5959
f 5958/5958/5958 5954/5954/5954 5960/5960/5960
f 5954/5954/5954 5961/5961/5961 5960/5960/5960
f 5957/5957/5957 5958/5958/5958 5962/5962/5962
f 5957/5957/5957 5962/5962/5962 5959/5959/5959
f 5958/5958/5958 5960/5960/5960 5962/5962/5962
f 5951/5951/5951 5959/5959/5959 5963/5963/5963
f 5951/5951/5951 5963/5963/5963 5952/5952/5952
f 5959/5959/5959 5962/5962/5962 5964/5964/5964
f 5959/5959/5959 5964/5964/5964 5963/5963/5963
f 5962/5962/5962 5960/5960/5960 5965/5965/5965
f 5962/5962/5962 5965/5965/5965 5964/5964/5964
f 5960/5960/5960 5961/5961/5961 5966/5966/5966
f 5960/5960/5960 5966/5966/5966 5965/5965/5965
f 5966/5966/5966 5961/5961/5961 5967/5967/5967
f 5961/5961/5961 5968/5968/5968 5967/5967/5967
f 5965/5965/5965 5966/5966/5966 5969/5969/5969
f 5966/5966/5966 5967/5967/5967 5969/5969/5969
f 5964/5964/5964 5965/5965/5965 5969/5969/5969
f 5968/5968/5968 5970/5970/5970 5967/5967/5967
f 5970/5970/5970 5969/5969/5969 5967/5967/5967
f 5970/5970/5970 5968/5968/5968 5952/5952/5952
f 5971/5971/5971 5964/5964/5964 5969/5969/5969
f 5972/5972/5972 5970/5970/5970 5952/5952/5952
f 5963/5963/5963 5964/5964/5964 5973/5973/5973
f 5964/5964/5964 5971/5971/5971 5973/5973/5973
f 5963/5963/5963 5973/5973/5973 5952/5952/5952
f 5972/5972/5972 5952/5952/5952 5973/5973/5973
f 5971/5971/5971 5972/5972/5972 5973/5973/5973
f 5976/5976/5976 5975/5975/5975 5974/5974/5974
f 5977/5977/5977 5976/5976/5976 5974/5974/5974
f 5977/5977/5977 5974/5974/5974 5978/5978/5978
f 5977/5977/5977 5978/5978/5978 5979/5979/5979
f 5978/5978/5978 5980/5980/5980 5979/5979/5979
f 5979/5979/5979 5981/5981/5981 5977/5977/5977
f 5981/5981/5981 5982/5982/5982 5977/5977/5977
f 5985/5985/5985 5984/5984/5984 5983/5983/5983
f 5984/5984/5984 5986/5986/5986 5983/5983/5983
f 5983/5983/5983 5986/5986/5986 5987/5987/5987
f 5986/5986/5986 5988/5988/5988 5987/5987/5987
f 5987/5987/5987 5988/5988/5988 5989/5989/5989
f 5990/5990/5990 5987/5987/5987 5989/5989/5989
f 5988/5988/5988 5991/5991/5991 5989/5989/5989
f 5989/5989/5989 5991/5991/5991 5992/5992/5992
f 5993/5993/5993 5992/5992/5992 5991/5991/5991
f 5993/5993/5993 5991/5991/5991 5994/5994/5994
f 5995/5995/5995 5989/5989/5989 5992/5992/5992
f 5996/5996/5996 5989/5989/5989 5995/5995/5995
f 5997/5997/5997 5996/5996/5996 5995/5995/5995
f 6000/6000/6000 5999/5999/5999 5998/5998/5998
f 6001/6001/6001 6000/6000/6000 5998/5998/5998
f 6004/6004/6004 6003/6003/6003 6002/6002/6002
f 6004/6004/6004 6005/6005/6005 6003/6003/6003
f 6005/6005/6005 6006/6006/6006 6003/6003/6003
f 6009/6009/6009 6008/6008/6008 6007/6007/6007
f 6010/6010/6010 6009/6009/6009 6007/6007/6007
f 6013/6013/6013 6012/6012/6012 6011/6011/6011
f 6014/6014/6014 6013/6013/6013 6011/6011/6011
f 6017/6017/6017 6016/6016/6016 6015/6015/6015
f 6018/6018/6018 6017/6017/6017 6015/6015/6015
f 6019/6019/6019 6017/6017/6017 6018/6018/6018
f 6019/6019/6019 6018/6018/6018 6020/6020/6020
f 6018/6018/6018 6021/6021/6021 6020/6020/6020
f 6018/6018/6018 6015/6015/6015 6021/6021/6021
f 6020/6020/6020 6021/6021/6021 6022/6022/6022
f 6015/6015/6015 6023/6023/6023 6021/6021/6021
f 6015/6015/6015 6024/6024/6024 6023/6023/6023
f 6021/6021/6021 6025/6025/6025 6022/6022/6022
f 6021/6021/6021 6023/6023/6023 6025/6025/6025
f 6022/6022/6022 6025/6025/6025 6026/6026/6026
f 6025/6025/6025 6027/6027/6027 6026/6026/6026
f 6026/6026/6026 6027/6027/6027 6028/6028/6028
f 6023/6023/6023 6029/6029/6029 6025/6025/6025
f 6025/6025/6025 6029/6029/6029 6027/6027/6027
f 6024/6024/6024 6030/6030/6030 6023/6023/6023
f 6023/6023/6023 6030/6030/6030 6029/6029/6029
f 6027/6027/6027 6031/6031/6031 6028/6028/6028
f 6028/6028/6028 6031/6031/6031 6032/6032/6032
f 6029/6029/6029 6033/6033/6033 6027/6027/6027
f 6027/6027/6027 6033/6033/6033 6031/6031/6031
f 6031/6031/6031 6034/6034/6034 6032/6032/6032
f 6032/6032/6032 6034/6034/6034 6035/6035/6035
f 6024/6024/6024 6036/6036/6036 6030/6030/6030
f 6024/6024/6024 6037/6037/6037 6036/6036/6036
f 6037/6037/6037 6038/6038/6038 6036/6036/6036
f 6036/6036/6036 6038/6038/6038 6039/6039/6039
f 6036/6036/6036 6039/6039/6039 6040/6040/6040
f 6036/6036/6036 6040/6040/6040 6030/6030/6030
f 6039/6039/6039 6041/6041/6041 6040/6040/6040
f 6030/6030/6030 6042/6042/6042 6029/6029/6029
f 6030/6030/6030 6040/6040/6040 6042/6042/6042
f 6029/6029/6029 6042/6042/6042 6033/6033/6033
f 6033/6033/6033 6043/6043/6043 6031/6031/6031
f 6031/6031/6031 6043/6043/6043 6034/6034/6034
f 6034/6034/6034 6044/6044/6044 6035/6035/6035
f 6035/6035/6035 6044/6044/6044 6045/6045/6045
f 6040/6040/6040 6041/6041/6041 6046/6046/6046
f 6040/6040/6040 6046/6046/6046 6042/6042/6042
f 6042/6042/6042 6047/6047/6047 6033/6033/6033
f 6042/6042/6042 6046/6046/6046 6047/6047/6047
f 6033/6033/6033 6047/6047/6047 6043/6043/6043
f 6046/6046/6046 6041/6041/6041 6048/6048/6048
f 6046/6046/6046 6048/6048/6048 6047/6047/6047
f 6041/6041/6041 6049/6049/6049 6048/6048/6048
f 6047/6047/6047 6048/6048/6048 6050/6050/6050
f 6047/6047/6047 6050/6050/6050 6043/6043/6043
f 6043/6043/6043 6051/6051/6051 6034/6034/6034
f 6034/6034/6034 6051/6051/6051 6044/6044/6044
f 6044/6044/6044 6052/6052/6052 6045/6045/6045
f 6045/6045/6045 6052/6052/6052 6053/6053/6053
f 6048/6048/6048 6049/6049/6049 6054/6054/6054
f 6048/6048/6048 6054/6054/6054 6050/6050/6050
f 6043/6043/6043 6050/6050/6050 6055/6055/6055
f 6051/6051/6051 6043/6043/6043 6055/6055/6055
f 6050/6050/6050 6054/6054/6054 6055/6055/6055
f 6051/6051/6051 6056/6056/6056 6044/6044/6044
f 6044/6044/6044 6056/6056/6056 6052/6052/6052
f 6051/6051/6051 6055/6055/6055 6056/6056/6056
f 6054/6054/6054 6049/6049/6049 6057/6057/6057
f 6054/6054/6054 6057/6057/6057 6055/6055/6055
f 6049/6049/6049 6058/6058/6058 6057/6057/6057
f 6055/6055/6055 6057/6057/6057 6059/6059/6059
f 6055/6055/6055 6059/6059/6059 6056/6056/6056
f 6057/6057/6057 6058/6058/6058 6060/6060/6060
f 6057/6057/6057 6060/6060/6060 6059/6059/6059
f 6056/6056/6056 6059/6059/6059 6061/6061/6061
f 6059/6059/6059 6060/6060/6060 6061/6061/6061
f 6060/6060/6060 6058/6058/6058 6062/6062/6062
f 6060/6060/6060 6062/6062/6062 6061/6061/6061
f 6058/6058/6058 6063/6063/6063 6062/6062/6062
f 6056/6056/6056 6064/6064/6064 6052/6052/6052
f 6064/6064/6064 6056/6056/6056 6061/6061/6061
f 6061/6061/6061 6062/6062/6062 6065/6065/6065
f 6064/6064/6064 6061/6061/6061 6065/6065/6065
f 6062/6062/6062 6063/6063/6063 6066/6066/6066
f 6062/6062/6062 6066/6066/6066 6065/6065/6065
f 6063/6063/6063 6067/6067/6067 6066/6066/6066
f 6067/6067/6067 6065/6065/6065 6066/6066/6066
f 6067/6067/6067 6063/6063/6063 6053/6053/6053
f 6068/6068/6068 6064/6064/6064 6065/6065/6065
f 6069/6069/6069 6067/6067/6067 6053/6053/6053
f 6052/6052/6052 6064/6064/6064 6070/6070/6070
f 6064/6064/6064 6068/6068/6068 6070/6070/6070
f 6052/6052/6052 6070/6070/6070 6053/6053/6053
f 6069/6069/6069 6053/6053/6053 6070/6070/6070
f 6068/6068/6068 6069/6069/6069 6070/6070/6070
f 6073/6073/6073 6072/6072/6072 6071/6071/6071
f 6074/6074/6074 6073/6073/6073 6071/6071/6071
f 6077/6077/6077 6076/6076/6076 6075/6075/6075
f 6078/6078/6078 6077/6077/6077 6075/6075/6075
f 6081/6081/6081 6080/6080/6080 6079/6079/6079
f 6080/6080/6080 6082/6082/6082 6079/6079/6079
f 6080/6080/6080 6083/6083/6083 6082/6082/6082
f 6086/6086/6086 6085/6085/6085 6084/6084/6084
f 6087/6087/6087 6086/6086/6086 6084/6084/6084
f 6090/6090/6090 6089/6089/6089 6088/6088/6088
f 6089/6089/6089 6091/6091/6091 6088/6088/6088
f 6089/6089/6089 6092/6092/6092 6091/6091/6091
f 6092/6092/6092 6093/6093/6093 6091/6091/6091
f 6089/6089/6089 6094/6094/6094 6092/6092/6092
f 6094/6094/6094 6095/6095/6095 6092/6092/6092
f 6095/6095/6095 6094/6094/6094 6096/6096/6096
f 6097/6097/6097 6095/6095/6095 6096/6096/6096
f 6100/6100/6100 6099/6099/6099 6098/6098/6098
f 6101/6101/6101 6100/6100/6100 6098/6098/6098
f 6102/6102/6102 6101/6101/6101 6098/6098/6098
f 6103/6103/6103 6102/6102/6102 6098/6098/6098
f 6104/6104/6104 6101/6101/6101 6102/6102/6102
f 6106/6106/6106 6104/6104/6104 6105/6105/6105
f 6107/6107/6107 6106/6106/6106 6105/6105/6105
f 6110/6110/6110 6109/6109/6109 6108/6108/6108
f 6110/6110/6110 6108/6108/6108 6111/6111/6111
f 6112/6112/6112 6110/6110/6110 6111/6111/6111
f 6115/6115/6115 6114/6114/6114 6113/6113/6113
f 6116/6116/6116 6115/6115/6115 6113/6113/6113
f 6119/6119/6119 6118/6118/6118 6117/6117/6117
f 6120/6120/6120 6119/6119/6119 6117/6117/6117
f 6123/6123/6123 6122/6122/6122 6121/6121/6121
f 6124/6124/6124 6123/6123/6123 6121/6121/6121
f 6127/6127/6127 6126/6126/6126 6125/6125/6125
f 6128/6128/6128 6126/6126/6126 6127/6127/6127
f 6129/6129/6129 6128/6128/6128 6127/6127/6127
f 6126/6126/6126 6128/6128/6128 6130/6130/6130
f 6128/6128/6128 6131/6131/6131 6130/6130/6130
f 6134/6134/6134 6133/6133/6133 6132/6132/6132
f 6135/6135/6135 6134/6134/6134 6132/6132/6132
f 6138/6138/6138 6137/6137/6137 6136/6136/6136
f 6139/6139/6139 6138/6138/6138 6136/6136/6136
f 6142/6142/6142 6141/6141/6141 6140/6140/6140
f 6143/6143/6143 6142/6142/6142 6140/6140/6140
f 6146/6146/6146 6145/6145/6145 6144/6144/6144
f 6147/6147/6147 6146/6146/6146 6144/6144/6144
f 6148/6148/6148 6146/6146/6146 6147/6147/6147
f 6149/6149/6149 6148/6148/6148 6147/6147/6147
f 6152/6152/6152 6151/6151/6151 6150/6150/6150
f 6153/6153/6153 6152/6152/6152 6150/6150/6150
f 6156/6156/6156 6155/6155/6155 6154/6154/6154
f 6157/6157/6157 6156/6156/6156 6154/6154/6154
f 6160/6160/6160 6159/6159/6159 6158/6158/6158
f 6161/6161/6161 6160/6160/6160 6158/6158/6158
f 6162/6162/6162 6161/6161/6161 6158/6158/6158
f 6162/6162/6162 6163/6163/6163 6161/6161/6161
f 6163/6163/6163 6164/6164/6164 6161/6161/6161
f 6165/6165/6165 6162/6162/6162 6158/6158/6158
f 6166/6166/6166 6162/6162/6162 6165/6165/6165
f 6167/6167/6167 6166/6166/6166 6165/6165/6165
f 6165/6165/6165 6158/6158/6158 6168/6168/6168
f 6158/6158/6158 6169/6169/6169 6168/6168/6168
f 6165/6165/6165 6168/6168/6168 6170/6170/6170
f 6169/6169/6169 6171/6171/6171 6168/6168/6168
f 6169/6169/6169 6172/6172/6172 6171/6171/6171
f 6171/6171/6171 6172/6172/6172 6173/6173/6173
f 6171/6171/6171 6173/6173/6173 6168/6168/6168
f 6172/6172/6172 6174/6174/6174 6173/6173/6173
f 6174/6174/6174 6170/6170/6170 6173/6173/6173
f 6173/6173/6173 6175/6175/6175 6168/6168/6168
f 6170/6170/6170 6175/6175/6175 6173/6173/6173
f 6168/6168/6168 6175/6175/6175 6170/6170/6170
f 6178/6178/6178 6177/6177/6177 6176/6176/6176
f 6179/6179/6179 6178/6178/6178 6176/6176/6176
f 6179/6179/6179 6176/6176/6176 6180/6180/6180
f 6181/6181/6181 6178/6178/6178 6179/6179/6179
f 6182/6182/6182 6179/6179/6179 6180/6180/6180
f 6183/6183/6183 6181/6181/6181 6179/6179/6179
f 6181/6181/6181 6183/6183/6183 6184/6184/6184
f 6185/6185/6185 6181/6181/6181 6184/6184/6184
f 6182/6182/6182 6180/6180/6180 6186/6186/6186
f 6187/6187/6187 6182/6182/6182 6186/6186/6186
f 6186/6186/6186 6188/6188/6188 6187/6187/6187
f 6188/6188/6188 6189/6189/6189 6187/6187/6187
f 6192/6192/6192 6191/6191/6191 6190/6190/6190
f 6193/6193/6193 6192/6192/6192 6190/6190/6190
f 6196/6196/6196 6195/6195/6195 6194/6194/6194
f 6197/6197/6197 6196/6196/6196 6194/6194/6194
f 6200/6200/6200 6199/6199/6199 6198/6198/6198
f 6201/6201/6201 6200/6200/6200 6198/6198/6198
f 6204/6204/6204 6203/6203/6203 6202/6202/6202
f 6205/6205/6205 6204/6204/6204 6202/6202/6202
f 6206/6206/6206 6204/6204/6204 6205/6205/6205
f 6207/6207/6207 6206/6206/6206 6205/6205/6205
f 6208/6208/6208 6206/6206/6206 6207/6207/6207
f 6209/6209/6209 6208/6208/6208 6207/6207/6207
f 6210/6210/6210 6208/6208/6208 6209/6209/6209
f 6211/6211/6211 6210/6210/6210 6209/6209/6209
f 6212/6212/6212 6210/6210/6210 6211/6211/6211
f 6213/6213/6213 6212/6212/6212 6211/6211/6211
f 6214/6214/6214 6212/6212/6212 6213/6213/6213
f 6215/6215/6215 6214/6214/6214 6213/6213/6213
f 6214/6214/6214 6215/6215/6215 6216/6216/6216
f 6215/6215/6215 6217/6217/6217 6216/6216/6216
f 6220/6220/6220 6219/6219/6219 6218/6218/6218
f 6221/6221/6221 6220/6220/6220 6218/6218/6218
f 6224/6224/6224 6223/6223/6223 6222/6222/6222
f 6225/6225/6225 6224/6224/6224 6222/6222/6222
f 6225/6225/6225 6222/6222/6222 6226/6226/6226
f 6222/6222/6222 6227/6227/6227 6226/6226/6226
f 6227/6227/6227 6222/6222/6222 6228/6228/6228
f 6228/6228/6228 6229/6229/6229 6227/6227/6227
f 6228/6228/6228 6230/6230/6230 6229/6229/6229
f 6228/6228/6228 6231/6231/6231 6230/6230/6230
f 6229/6229/6229 6230/6230/6230 6232/6232/6232
f 6230/6230/6230 6233/6233/6233 6232/6232/6232
f 6236/6236/6236 6235/6235/6235 6234/6234/6234
f 6237/6237/6237 6236/6236/6236 6234/6234/6234
f 6240/6240/6240 6239/6239/6239 6238/6238/6238
f 6241/6241/6241 6240/6240/6240 6238/6238/6238
f 6244/6244/6244 6243/6243/6243 6242/6242/6242
f 6245/6245/6245 6244/6244/6244 6242/6242/6242
f 6248/6248/6248 6247/6247/6247 6246/6246/6246
f 6249/6249/6249 6248/6248/6248 6246/6246/6246
f 6252/6252/6252 6251/6251/6251 6250/6250/6250
f 6253/6253/6253 6252/6252/6252 6250/6250/6250
f 6256/6256/6256 6255/6255/6255 6254/6254/6254
f 6257/6257/6257 6256/6256/6256 6254/6254/6254
f 6260/6260/6260 6259/6259/6259 6258/6258/6258
f 6261/6261/6261 6260/6260/6260 6258/6258/6258
f 6264/6264/6264 6263/6263/6263 6262/6262/6262
f 6265/6265/6265 6264/6264/6264 6262/6262/6262
f 6268/6268/6268 6267/6267/6267 6266/6266/6266
f 6269/6269/6269 6268/6268/6268 6266/6266/6266
f 6269/6269/6269 6266/6266/6266 6270/6270/6270
f 6266/6266/6266 6271/6271/6271 6270/6270/6270
f 6274/6274/6274 6273/6273/6273 6272/6272/6272
f 6275/6275/6275 6274/6274/6274 6272/6272/6272
f 6278/6278/6278 6277/6277/6277 6276/6276/6276
f 6279/6279/6279 6278/6278/6278 6276/6276/6276
f 6282/6282/6282 6281/6281/6281 6280/6280/6280
f 6283/6283/6283 6282/6282/6282 6280/6280/6280
f 6286/6286/6286 6285/6285/6285 6284/6284/6284
f 6287/6287/6287 6286/6286/6286 6284/6284/6284
f 6290/6290/6290 6289/6289/6289 6288/6288/6288
f 6291/6291/6291 6290/6290/6290 6288/6288/6288
f 6294/6294/6294 6293/6293/6293 6292/6292/6292
f 6295/6295/6295 6294/6294/6294 6292/6292/6292
f 6298/6298/6298 6297/6297/6297 6296/6296/6296
f 6299/6299/6299 6298/6298/6298 6296/6296/6296
f 6302/6302/6302 6301/6301/6301 6300/6300/6300
f 6303/6303/6303 6302/6302/6302 6300/6300/6300
f 6304/6304/6304 6303/6303/6303 6300/6300/6300
f 6305/6305/6305 6304/6304/6304 6300/6300/6300
f 6304/6304/6304 6305/6305/6305 6306/6306/6306
f 6305/6305/6305 6307/6307/6307 6306/6306/6306
f 6310/6310/6310 6309/6309/6309 6308/6308/6308
f 6311/6311/6311 6310/6310/6310 6308/6308/6308
f 6314/6314/6314 6313/6313/6313 6312/6312/6312
f 6315/6315/6315 6314/6314/6314 6312/6312/6312
f 6318/6318/6318 6317/6317/6317 6316/6316/6316
f 6319/6319/6319 6318/6318/6318 6316/6316/6316
f 6322/6322/6322 6321/6321/6321 6320/6320/6320
f 6323/6323/6323 6322/6322/6322 6320/6320/6320
f 6326/6326/6326 6325/6325/6325 6324/6324/6324
f 6327/6327/6327 6326/6326/6326 6324/6324/6324
f 6330/6330/6330 6329/6329/6329 6328/6328/6328
f 6331/6331/6331 6330/6330/6330 6328/6328/6328
f 6334/6334/6334 6333/6333/6333 6332/6332/6332
f 6335/6335/6335 6334/6334/6334 6332/6332/6332
f 6338/6338/6338 6337/6337/6337 6336/6336/6336
f 6339/6339/6339 6338/6338/6338 6336/6336/6336
f 6342/6342/6342 6341/6341/6341 6340/6340/6340
f 6343/6343/6343 6342/6342/6342 6340/6340/6340
f 6346/6346/6346 6345/6345/6345 6344/6344/6344
f 6347/6347/6347 6346/6346/6346 6344/6344/6344
f 6347/6347/6347 6344/6344/6344 6348/6348/6348
f 6349/6349/6349 6346/6346/6346 6347/6347/6347
f 6350/6350/6350 6346/6346/6346 6349/6349/6349
f 6351/6351/6351 6347/6347/6347 6348/6348/6348
f 6349/6349/6349 6347/6347/6347 6351/6351/6351
f 6351/6351/6351 6348/6348/6348 6352/6352/6352
f 6353/6353/6353 6351/6351/6351 6352/6352/6352
f 6354/6354/6354 6351/6351/6351 6353/6353/6353
f 6354/6354/6354 6349/6349/6349 6351/6351/6351
f 6355/6355/6355 6354/6354/6354 6353/6353/6353
f 6356/6356/6356 6350/6350/6350 6349/6349/6349
f 6349/6349/6349 6354/6354/6354 6356/6356/6356
f 6357/6357/6357 6350/6350/6350 6356/6356/6356
f 6358/6358/6358 6354/6354/6354 6355/6355/6355
f 6354/6354/6354 6358/6358/6358 6356/6356/6356
f 6359/6359/6359 6358/6358/6358 6355/6355/6355
f 6360/6360/6360 6357/6357/6357 6356/6356/6356
f 6360/6360/6360 6356/6356/6356 6358/6358/6358
f 6361/6361/6361 6357/6357/6357 6360/6360/6360
f 6362/6362/6362 6358/6358/6358 6359/6359/6359
f 6362/6362/6362 6360/6360/6360 6358/6358/6358
f 6363/6363/6363 6362/6362/6362 6359/6359/6359
f 6364/6364/6364 6361/6361/6361 6360/6360/6360
f 6360/6360/6360 6362/6362/6362 6364/6364/6364
f 6365/6365/6365 6362/6362/6362 6363/6363/6363
f 6362/6362/6362 6365/6365/6365 6364/6364/6364
f 6366/6366/6366 6365/6365/6365 6363/6363/6363
f 6367/6367/6367 6361/6361/6361 6364/6364/6364
f 6367/6367/6367 6364/6364/6364 6365/6365/6365
f 6368/6368/6368 6361/6361/6361 6367/6367/6367
f 6369/6369/6369 6365/6365/6365 6366/6366/6366
f 6369/6369/6369 6367/6367/6367 6365/6365/6365
f 6370/6370/6370 6369/6369/6369 6366/6366/6366
f 6371/6371/6371 6368/6368/6368 6367/6367/6367
f 6367/6367/6367 6369/6369/6369 6371/6371/6371
f 6372/6372/6372 6369/6369/6369 6370/6370/6370
f 6369/6369/6369 6372/6372/6372 6371/6371/6371
f 6368/6368/6368 6371/6371/6371 6372/6372/6372
f 6373/6373/6373 6372/6372/6372 6370/6370/6370
f 6373/6373/6373 6368/6368/6368 6372/6372/6372
f 6376/6376/6376 6375/6375/6375 6374/6374/6374
f 6377/6377/6377 6376/6376/6376 6374/6374/6374
f 6380/6380/6380 6379/6379/6379 6378/6378/6378
f 6381/6381/6381 6380/6380/6380 6378/6378/6378
f 6384/6384/6384 6383/6383/6383 6382/6382/6382
f 6385/6385/6385 6384/6384/6384 6382/6382/6382
f 6388/6388/6388 6387/6387/6387 6386/6386/6386
f 6387/6387/6387 6388/6388/6388 6389/6389/6389
f 6390/6390/6390 6387/6387/6387 6389/6389/6389
f 6391/6391/6391 6390/6390/6390 6389/6389/6389
f 6389/6389/6389 6388/6388/6388 6392/6392/6392
f 6392/6392/6392 6388/6388/6388 6393/6393/6393
f 6388/6388/6388 6394/6394/6394 6393/6393/6393
f 6392/6392/6392 6393/6393/6393 6395/6395/6395
f 6396/6396/6396 6392/6392/6392 6395/6395/6395
f 6389/6389/6389 6392/6392/6392 6396/6396/6396
f 6397/6397/6397 6389/6389/6389 6396/6396/6396
f 6391/6391/6391 6389/6389/6389 6397/6397/6397
f 6397/6397/6397 6396/6396/6396 6398/6398/6398
f 6398/6398/6398 6396/6396/6396 6399/6399/6399
f 6399/6399/6399 6393/6393/6393 6400/6400/6400
f 6401/6401/6401 6399/6399/6399 6400/6400/6400
f 6401/6401/6401 6400/6400/6400 6402/6402/6402
f 6403/6403/6403 6401/6401/6401 6402/6402/6402
f 6403/6403/6403 6402/6402/6402 6404/6404/6404
f 6405/6405/6405 6403/6403/6403 6404/6404/6404
f 6406/6406/6406 6398/6398/6398 6399/6399/6399
f 6405/6405/6405 6404/6404/6404 6407/6407/6407
f 6398/6398/6398 6406/6406/6406 6408/6408/6408
f 6409/6409/6409 6405/6405/6405 6407/6407/6407
f 6410/6410/6410 6398/6398/6398 6408/6408/6408
f 6411/6411/6411 6397/6397/6397 6398/6398/6398
f 6411/6411/6411 6398/6398/6398 6410/6410/6410
f 6412/6412/6412 6410/6410/6410 6408/6408/6408
f 6413/6413/6413 6412/6412/6412 6408/6408/6408
f 6412/6412/6412 6413/6413/6413 6409/6409/6409
f 6414/6414/6414 6411/6411/6411 6410/6410/6410
f 6414/6414/6414 6410/6410/6410 6412/6412/6412
f 6411/6411/6411 6415/6415/6415 6397/6397/6397
f 6415/6415/6415 6411/6411/6411 6414/6414/6414
f 6415/6415/6415 6416/6416/6416 6397/6397/6397
f 6417/6417/6417 6416/6416/6416 6415/6415/6415
f 6416/6416/6416 6391/6391/6391 6397/6397/6397
f 6391/6391/6391 6416/6416/6416 6417/6417/6417
f 6418/6418/6418 6391/6391/6391 6417/6417/6417
f 6419/6419/6419 6412/6412/6412 6409/6409/6409
f 6420/6420/6420 6414/6414/6414 6412/6412/6412
f 6420/6420/6420 6412/6412/6412 6419/6419/6419
f 6421/6421/6421 6419/6419/6419 6409/6409/6409
f 6422/6422/6422 6421/6421/6421 6409/6409/6409
f 6423/6423/6423 6420/6420/6420 6419/6419/6419
f 6423/6423/6423 6419/6419/6419 6421/6421/6421
f 6420/6420/6420 6424/6424/6424 6414/6414/6414
f 6424/6424/6424 6420/6420/6420 6423/6423/6423
f 6425/6425/6425 6415/6415/6415 6414/6414/6414
f 6424/6424/6424 6425/6425/6425 6414/6414/6414
f 6421/6421/6421 6422/6422/6422 6407/6407/6407
f 6422/6422/6422 6426/6426/6426 6407/6407/6407
f 6427/6427/6427 6415/6415/6415 6425/6425/6425
f 6427/6427/6427 6417/6417/6417 6415/6415/6415
f 6428/6428/6428 6421/6421/6421 6407/6407/6407
f 6428/6428/6428 6423/6423/6423 6421/6421/6421
f 6429/6429/6429 6428/6428/6428 6407/6407/6407
f 6428/6428/6428 6429/6429/6429 6423/6423/6423
f 6430/6430/6430 6429/6429/6429 6407/6407/6407
f 6431/6431/6431 6427/6427/6427 6425/6425/6425
f 6431/6431/6431 6425/6425/6425 6424/6424/6424
f 6432/6432/6432 6424/6424/6424 6423/6423/6423
f 6429/6429/6429 6432/6432/6432 6423/6423/6423
f 6433/6433/6433 6424/6424/6424 6432/6432/6432
f 6433/6433/6433 6431/6431/6431 6424/6424/6424
f 6434/6434/6434 6432/6432/6432 6429/6429/6429
f 6434/6434/6434 6433/6433/6433 6432/6432/6432
f 6427/6427/6427 6435/6435/6435 6417/6417/6417
f 6435/6435/6435 6427/6427/6427 6431/6431/6431
f 6433/6433/6433 6436/6436/6436 6431/6431/6431
f 6436/6436/6436 6433/6433/6433 6434/6434/6434
f 6437/6437/6437 6429/6429/6429 6430/6430/6430
f 6437/6437/6437 6434/6434/6434 6429/6429/6429
f 6437/6437/6437 6438/6438/6438 6434/6434/6434
f 6438/6438/6438 6437/6437/6437 6430/6430/6430
f 6438/6438/6438 6439/6439/6439 6434/6434/6434
f 6430/6430/6430 6439/6439/6439 6438/6438/6438
f 6439/6439/6439 6436/6436/6436 6434/6434/6434
f 6430/6430/6430 6436/6436/6436 6439/6439/6439
f 6430/6430/6430 6440/6440/6440 6436/6436/6436
f 6436/6436/6436 6441/6441/6441 6431/6431/6431
f 6440/6440/6440 6441/6441/6441 6436/6436/6436
f 6441/6441/6441 6435/6435/6435 6431/6431/6431
f 6440/6440/6440 6435/6435/6435 6441/6441/6441
f 6435/6435/6435 6442/6442/6442 6417/6417/6417
f 6443/6443/6443 6442/6442/6442 6435/6435/6435
f 6443/6443/6443 6444/6444/6444 6442/6442/6442
f 6442/6442/6442 6444/6444/6444 6417/6417/6417
f 6444/6444/6444 6418/6418/6418 6417/6417/6417
f 6444/6444/6444 6445/6445/6445 6418/6418/6418
f 6445/6445/6445 6446/6446/6446 6418/6418/6418
f 6445/6445/6445 6447/6447/6447 6446/6446/6446
f 6447/6447/6447 6448/6448/6448 6446/6446/6446
f 6447/6447/6447 6449/6449/6449 6448/6448/6448
f 6449/6449/6449 6450/6450/6450 6448/6448/6448
f 6453/6453/6453 6452/6452/6452 6451/6451/6451
f 6454/6454/6454 6453/6453/6453 6451/6451/6451
f 6457/6457/6457 6456/6456/6456 6455/6455/6455
f 6456/6456/6456 6458/6458/6458 6455/6455/6455
f 6458/6458/6458 6460/6460/6460 6459/6459/6459
f 6461/6461/6461 6458/6458/6458 6459/6459/6459
f 6464/6464/6464 6463/6463/6463 6462/6462/6462
f 6465/6465/6465 6464/6464/6464 6462/6462/6462
f 6468/6468/6468 6467/6467/6467 6466/6466/6466
f 6469/6469/6469 6468/6468/6468 6466/6466/6466
f 6471/6471/6471 6466/6466/6466 6470/6470/6470
f 6387/6387/6387 6471/6471/6471 6470/6470/6470
f 6474/6474/6474 6473/6473/6473 6472/6472/6472
f 6475/6475/6475 6474/6474/6474 6472/6472/6472
f 6477/6477/6477 6474/6474/6474 6476/6476/6476
f 6478/6478/6478 6477/6477/6477 6476/6476/6476
f 6481/6481/6481 6480/6480/6480 6479/6479/6479
f 6482/6482/6482 6481/6481/6481 6479/6479/6479
f 6482/6482/6482 6479/6479/6479 6483/6483/6483
f 6390/6390/6390 6482/6482/6482 6483/6483/6483
f 6486/6486/6486 6485/6485/6485 6484/6484/6484
f 6485/6485/6485 6487/6487/6487 6484/6484/6484
f 6485/6485/6485 6488/6488/6488 6487/6487/6487
f 6488/6488/6488 6489/6489/6489 6487/6487/6487
f 6488/6488/6488 6490/6490/6490 6489/6489/6489
f 6490/6490/6490 6491/6491/6491 6489/6489/6489
f 6494/6494/6494 6493/6493/6493 6492/6492/6492
f 6495/6495/6495 6494/6494/6494 6492/6492/6492
f 6496/6496/6496 6494/6494/6494 6495/6495/6495
f 6497/6497/6497 6496/6496/6496 6495/6495/6495
f 6500/6500/6500 6499/6499/6499 6498/6498/6498
f 6501/6501/6501 6500/6500/6500 6498/6498/6498
f 6504/6504/6504 6503/6503/6503 6502/6502/6502
f 6505/6505/6505 6504/6504/6504 6502/6502/6502
f 6507/6507/6507 6504/6504/6504 6506/6506/6506
f 6508/6508/6508 6507/6507/6507 6506/6506/6506
f 6511/6511/6511 6510/6510/6510 6509/6509/6509
f 6512/6512/6512 6511/6511/6511 6509/6509/6509
f 6512/6512/6512 6509/6509/6509 6513/6513/6513
f 6514/6514/6514 6512/6512/6512 6513/6513/6513
f 6517/6517/6517 6516/6516/6516 6515/6515/6515
f 6518/6518/6518 6517/6517/6517 6515/6515/6515
f 6521/6521/6521 6520/6520/6520 6519/6519/6519
f 6522/6522/6522 6521/6521/6521 6519/6519/6519
f 6525/6525/6525 6524/6524/6524 6523/6523/6523
f 6526/6526/6526 6525/6525/6525 6523/6523/6523
f 6529/6529/6529 6528/6528/6528 6527/6527/6527
f 6530/6530/6530 6529/6529/6529 6527/6527/6527
f 6533/6533/6533 6532/6532/6532 6531/6531/6531
f 6534/6534/6534 6533/6533/6533 6531/6531/6531
f 6537/6537/6537 6536/6536/6536 6535/6535/6535
f 6538/6538/6538 6537/6537/6537 6535/6535/6535
f 6541/6541/6541 6540/6540/6540 6539/6539/6539
f 6540/6540/6540 6542/6542/6542 6539/6539/6539
f 6539/6539/6539 6542/6542/6542 6543/6543/6543
f 6542/6542/6542 6544/6544/6544 6543/6543/6543
f 6543/6543/6543 6544/6544/6544 6545/6545/6545
f 6544/6544/6544 6546/6546/6546 6545/6545/6545
f 6545/6545/6545 6546/6546/6546 6547/6547/6547
f 6546/6546/6546 6548/6548/6548 6547/6547/6547
f 6547/6547/6547 6548/6548/6548 6549/6549/6549
f 6548/6548/6548 6550/6550/6550 6549/6549/6549
f 6553/6553/6553 6552/6552/6552 6551/6551/6551
f 6554/6554/6554 6553/6553/6553 6551/6551/6551
f 6557/6557/6557 6556/6556/6556 6555/6555/6555
f 6558/6558/6558 6557/6557/6557 6555/6555/6555
f 6561/6561/6561 6560/6560/6560 6559/6559/6559
f 6562/6562/6562 6561/6561/6561 6559/6559/6559
f 6565/6565/6565 6564/6564/6564 6563/6563/6563
f 6566/6566/6566 6565/6565/6565 6563/6563/6563
f 6569/6569/6569 6568/6568/6568 6567/6567/6567
f 6570/6570/6570 6569/6569/6569 6567/6567/6567
f 6573/6573/6573 6572/6572/6572 6571/6571/6571
f 6574/6574/6574 6573/6573/6573 6571/6571/6571
f 6577/6577/6577 6576/6576/6576 6575/6575/6575
f 6575/6575/6575 6578/6578/6578 6577/6577/6577
f 6577/6577/6577 6578/6578/6578 6579/6579/6579
f 6578/6578/6578 6580/6580/6580 6579/6579/6579
f 6580/6580/6580 6581/6581/6581 6579/6579/6579
f 6579/6579/6579 6581/6581/6581 6582/6582/6582
f 6581/6581/6581 6583/6583/6583 6582/6582/6582
f 6586/6586/6586 6585/6585/6585 6584/6584/6584
f 6587/6587/6587 6586/6586/6586 6584/6584/6584
f 6590/6590/6590 6589/6589/6589 6588/6588/6588
f 6591/6591/6591 6590/6590/6590 6588/6588/6588
f 6591/6591/6591 6588/6588/6588 6592/6592/6592
f 6593/6593/6593 6591/6591/6591 6592/6592/6592
f 6594/6594/6594 6591/6591/6591 6593/6593/6593
f 6597/6597/6597 6596/6596/6596 6595/6595/6595
f 6598/6598/6598 6597/6597/6597 6595/6595/6595
f 6601/6601/6601 6600/6600/6600 6599/6599/6599
f 6602/6602/6602 6601/6601/6601 6599/6599/6599
f 6605/6605/6605 6604/6604/6604 6603/6603/6603
f 6606/6606/6606 6605/6605/6605 6603/6603/6603
f 6609/6609/6609 6608/6608/6608 6607/6607/6607
f 6610/6610/6610 6609/6609/6609 6607/6607/6607
f 6613/6613/6613 6612/6612/6612 6611/6611/6611
f 6614/6614/6614 6613/6613/6613 6611/6611/6611
f 6617/6617/6617 6616/6616/6616 6615/6615/6615
f 6616/6616/6616 6618/6618/6618 6615/6615/6615
f 6615/6615/6615 6618/6618/6618 6619/6619/6619
f 6618/6618/6618 6620/6620/6620 6619/6619/6619
f 6622/6622/6622 6616/6616/6616 6621/6621/6621
f 6623/6623/6623 6622/6622/6622 6621/6621/6621
f 6620/6620/6620 6622/6622/6622 6623/6623/6623
f 6624/6624/6624 6620/6620/6620 6623/6623/6623
f 6627/6627/6627 6626/6626/6626 6625/6625/6625
f 6628/6628/6628 6627/6627/6627 6625/6625/6625
f 6631/6631/6631 6630/6630/6630 6629/6629/6629
f 6632/6632/6632 6631/6631/6631 6629/6629/6629
f 6635/6635/6635 6634/6634/6634 6633/6633/6633
f 6636/6636/6636 6635/6635/6635 6633/6633/6633
f 6639/6639/6639 6638/6638/6638 6637/6637/6637
f 6640/6640/6640 6639/6639/6639 6637/6637/6637
f 6643/6643/6643 6642/6642/6642 6641/6641/6641
f 6644/6644/6644 6643/6643/6643 6641/6641/6641
f 6647/6647/6647 6646/6646/6646 6645/6645/6645
f 6648/6648/6648 6647/6647/6647 6645/6645/6645
f 6651/6651/6651 6650/6650/6650 6649/6649/6649
f 6652/6652/6652 6651/6651/6651 6649/6649/6649
f 6655/6655/6655 6654/6654/6654 6653/6653/6653
f 6656/6656/6656 6655/6655/6655 6653/6653/6653
f 6659/6659/6659 6658/6658/6658 6657/6657/6657
f 6660/6660/6660 6659/6659/6659 6657/6657/6657
f 6663/6663/6663 6662/6662/6662 6661/6661/6661
f 6664/6664/6664 6663/6663/6663 6661/6661/6661
f 6667/6667/6667 6666/6666/6666 6665/6665/6665
f 6668/6668/6668 6667/6667/6667 6665/6665/6665
f 6671/6671/6671 6670/6670/6670 6669/6669/6669
f 6672/6672/6672 6671/6671/6671 6669/6669/6669
f 6675/6675/6675 6674/6674/6674 6673/6673/6673
f 6676/6676/6676 6675/6675/6675 6673/6673/6673
f 6679/6679/6679 6678/6678/6678 6677/6677/6677
f 6680/6680/6680 6679/6679/6679 6677/6677/6677
f 6683/6683/6683 6682/6682/6682 6681/6681/6681
f 6684/6684/6684 6683/6683/6683 6681/6681/6681
f 6687/6687/6687 6686/6686/6686 6685/6685/6685
f 6688/6688/6688 6687/6687/6687 6685/6685/6685
f 6691/6691/6691 6690/6690/6690 6689/6689/6689
f 6692/6692/6692 6691/6691/6691 6689/6689/6689
f 6695/6695/6695 6694/6694/6694 6693/6693/6693
f 6696/6696/6696 6695/6695/6695 6693/6693/6693
f 6699/6699/6699 6698/6698/6698 6697/6697/6697
f 6700/6700/6700 6699/6699/6699 6697/6697/6697
f 6703/6703/6703 6702/6702/6702 6701/6701/6701
f 6704/6704/6704 6703/6703/6703 6701/6701/6701
f 6707/6707/6707 6706/6706/6706 6705/6705/6705
f 6708/6708/6708 6707/6707/6707 6705/6705/6705
f 6711/6711/6711 6710/6710/6710 6709/6709/6709
f 6712/6712/6712 6711/6711/6711 6709/6709/6709
f 6715/6715/6715 6714/6714/6714 6713/6713/6713
f 6716/6716/6716 6715/6715/6715 6713/6713/6713
f 6719/6719/6719 6718/6718/6718 6717/6717/6717
f 6720/6720/6720 6719/6719/6719 6717/6717/6717
f 6723/6723/6723 6722/6722/6722 6721/6721/6721
f 6724/6724/6724 6723/6723/6723 6721/6721/6721
f 6727/6727/6727 6726/6726/6726 6725/6725/6725
f 6728/6728/6728 6727/6727/6727 6725/6725/6725
f 6731/6731/6731 6730/6730/6730 6729/6729/6729
f 6732/6732/6732 6731/6731/6731 6729/6729/6729
f 6735/6735/6735 6734/6734/6734 6733/6733/6733
f 6736/6736/6736 6735/6735/6735 6733/6733/6733
f 6739/6739/6739 6738/6738/6738 6737/6737/6737
f 6740/6740/6740 6739/6739/6739 6737/6737/6737
f 6743/6743/6743 6742/6742/6742 6741/6741/6741
f 6744/6744/6744 6743/6743/6743 6741/6741/6741
f 6747/6747/6747 6746/6746/6746 6745/6745/6745
f 6748/6748/6748 6747/6747/6747 6745/6745/6745
f 6751/6751/6751 6750/6750/6750 6749/6749/6749
f 6752/6752/6752 6751/6751/6751 6749/6749/6749
f 6755/6755/6755 6754/6754/6754 6753/6753/6753
f 6756/6756/6756 6755/6755/6755 6753/6753/6753
f 6759/6759/6759 6758/6758/6758 6757/6757/6757
f 6760/6760/6760 6759/6759/6759 6757/6757/6757
f 6763/6763/6763 6762/6762/6762 6761/6761/6761
f 6764/6764/6764 6763/6763/6763 6761/6761/6761
f 6767/6767/6767 6766/6766/6766 6765/6765/6765
f 6768/6768/6768 6767/6767/6767 6765/6765/6765
f 6771/6771/6771 6770/6770/6770 6769/6769/6769
f 6772/6772/6772 6771/6771/6771 6769/6769/6769
f 6775/6775/6775 6774/6774/6774 6773/6773/6773
f 6776/6776/6776 6775/6775/6775 6773/6773/6773
f 6779/6779/6779 6778/6778/6778 6777/6777/6777
f 6780/6780/6780 6779/6779/6779 6777/6777/6777
f 6783/6783/6783 6782/6782/6782 6781/6781/6781
f 6784/6784/6784 6783/6783/6783 6781/6781/6781
f 6787/6787/6787 6786/6786/6786 6785/6785/6785
f 6788/6788/6788 6787/6787/6787 6785/6785/6785
f 6791/6791/6791 6790/6790/6790 6789/6789/6789
f 6792/6792/6792 6791/6791/6791 6789/6789/6789
f 6795/6795/6795 6794/6794/6794 6793/6793/6793
f 6796/6796/6796 6795/6795/6795 6793/6793/6793
f 6799/6799/6799 6798/6798/6798 6797/6797/6797
f 6800/6800/6800 6799/6799/6799 6797/6797/6797
f 6803/6803/6803 6802/6802/6802 6801/6801/6801
f 6804/6804/6804 6803/6803/6803 6801/6801/6801
f 6807/6807/6807 6806/6806/6806 6805/6805/6805
f 6808/6808/6808 6807/6807/6807 6805/6805/6805
f 6811/6811/6811 6810/6810/6810 6809/6809/6809
f 6812/6812/6812 6811/6811/6811 6809/6809/6809
f 6815/6815/6815 6814/6814/6814 6813/6813/6813
f 6816/6816/6816 6815/6815/6815 6813/6813/6813
f 6819/6819/6819 6818/6818/6818 6817/6817/6817
f 6820/6820/6820 6819/6819/6819 6817/6817/6817
f 6823/6823/6823 6822/6822/6822 6821/6821/6821
f 6824/6824/6824 6823/6823/6823 6821/6821/6821
f 6827/6827/6827 6826/6826/6826 6825/6825/6825
f 6828/6828/6828 6827/6827/6827 6825/6825/6825
f 6831/6831/6831 6830/6830/6830 6829/6829/6829
f 6832/6832/6832 6831/6831/6831 6829/6829/6829
f 6835/6835/6835 6834/6834/6834 6833/6833/6833
f 6836/6836/6836 6835/6835/6835 6833/6833/6833
f 6839/6839/6839 6838/6838/6838 6837/6837/6837
f 6840/6840/6840 6839/6839/6839 6837/6837/6837
f 6843/6843/6843 6842/6842/6842 6841/6841/6841
f 6844/6844/6844 6843/6843/6843 6841/6841/6841
f 6847/6847/6847 6846/6846/6846 6845/6845/6845
f 6848/6848/6848 6847/6847/6847 6845/6845/6845
f 6851/6851/6851 6850/6850/6850 6849/6849/6849
f 6852/6852/6852 6851/6851/6851 6849/6849/6849
f 6855/6855/6855 6854/6854/6854 6853/6853/6853
f 6856/6856/6856 6855/6855/6855 6853/6853/6853
f 6859/6859/6859 6858/6858/6858 6857/6857/6857
f 6858/6858/6858 6860/6860/6860 6857/6857/6857
f 6860/6860/6860 6862/6862/6862 6861/6861/6861
f 6863/6863/6863 6860/6860/6860 6861/6861/6861
f 6866/6866/6866 6865/6865/6865 6864/6864/6864
f 6867/6867/6867 6866/6866/6866 6864/6864/6864
f 6870/6870/6870 6869/6869/6869 6868/6868/6868
f 6871/6871/6871 6870/6870/6870 6868/6868/6868
f 6874/6874/6874 6873/6873/6873 6872/6872/6872
f 6875/6875/6875 6874/6874/6874 6872/6872/6872
f 6878/6878/6878 6877/6877/6877 6876/6876/6876
f 6879/6879/6879 6878/6878/6878 6876/6876/6876
f 6882/6882/6882 6881/6881/6881 6880/6880/6880
f 6883/6883/6883 6882/6882/6882 6880/6880/6880
f 6886/6886/6886 6885/6885/6885 6884/6884/6884
f 6887/6887/6887 6886/6886/6886 6884/6884/6884
f 6890/6890/6890 6889/6889/6889 6888/6888/6888
f 6891/6891/6891 6890/6890/6890 6888/6888/6888
f 6894/6894/6894 6893/6893/6893 6892/6892/6892
f 6895/6895/6895 6894/6894/6894 6892/6892/6892
f 6898/6898/6898 6897/6897/6897 6896/6896/6896
f 6899/6899/6899 6898/6898/6898 6896/6896/6896
f 6902/6902/6902 6901/6901/6901 6900/6900/6900
f 6903/6903/6903 6902/6902/6902 6900/6900/6900
f 6906/6906/6906 6905/6905/6905 6904/6904/6904
f 6907/6907/6907 6906/6906/6906 6904/6904/6904
f 6910/6910/6910 6909/6909/6909 6908/6908/6908
f 6911/6911/6911 6910/6910/6910 6908/6908/6908
f 6914/6914/6914 6913/6913/6913 6912/6912/6912
f 6915/6915/6915 6914/6914/6914 6912/6912/6912
f 6918/6918/6918 6917/6917/6917 6916/6916/6916
f 6919/6919/6919 6918/6918/6918 6916/6916/6916
f 6922/6922/6922 6921/6921/6921 6920/6920/6920
f 6923/6923/6923 6922/6922/6922 6920/6920/6920
f 6926/6926/6926 6925/6925/6925 6924/6924/6924
f 6927/6927/6927 6926/6926/6926 6924/6924/6924
f 6930/6930/6930 6929/6929/6929 6928/6928/6928
f 6931/6931/6931 6930/6930/6930 6928/6928/6928
f 6934/6934/6934 6933/6933/6933 6932/6932/6932
f 6935/6935/6935 6934/6934/6934 6932/6932/6932
f 6938/6938/6938 6937/6937/6937 6936/6936/6936
f 6939/6939/6939 6938/6938/6938 6936/6936/6936
f 6942/6942/6942 6941/6941/6941 6940/6940/6940
f 6943/6943/6943 6942/6942/6942 6940/6940/6940
f 6946/6946/6946 6945/6945/6945 6944/6944/6944
f 6947/6947/6947 6946/6946/6946 6944/6944/6944
f 6950/6950/6950 6949/6949/6949 6948/6948/6948
f 6951/6951/6951 6950/6950/6950 6948/6948/6948
f 6954/6954/6954 6953/6953/6953 6952/6952/6952
f 6955/6955/6955 6954/6954/6954 6952/6952/6952
f 6958/6958/6958 6957/6957/6957 6956/6956/6956
f 6959/6959/6959 6958/6958/6958 6956/6956/6956
f 6962/6962/6962 6961/6961/6961 6960/6960/6960
f 6963/6963/6963 6962/6962/6962 6960/6960/6960
f 6966/6966/6966 6965/6965/6965 6964/6964/6964
f 6967/6967/6967 6966/6966/6966 6964/6964/6964
f 6970/6970/6970 6969/6969/6969 6968/6968/6968
f 6971/6971/6971 6970/6970/6970 6968/6968/6968
f 6974/6974/6974 6973/6973/6973 6972/6972/6972
f 6975/6975/6975 6974/6974/6974 6972/6972/6972
f 6978/6978/6978 6977/6977/6977 6976/6976/6976
f 6979/6979/6979 6978/6978/6978 6976/6976/6976
f 6982/6982/6982 6981/6981/6981 6980/6980/6980
f 6983/6983/6983 6982/6982/6982 6980/6980/6980
f 6986/6986/6986 6985/6985/6985 6984/6984/6984
f 6987/6987/6987 6986/6986/6986 6984/6984/6984
f 6990/6990/6990 6989/6989/6989 6988/6988/6988
f 6991/6991/6991 6990/6990/6990 6988/6988/6988
f 6994/6994/6994 6993/6993/6993 6992/6992/6992
f 6995/6995/6995 6994/6994/6994 6992/6992/6992
f 6998/6998/6998 6997/6997/6997 6996/6996/6996
f 6999/6999/6999 6998/6998/6998 6996/6996/6996
f 7002/7002/7002 7001/7001/7001 7000/7000/7000
f 7003/7003/7003 7002/7002/7002 7000/7000/7000
f 7006/7006/7006 7005/7005/7005 7004/7004/7004
f 7007/7007/7007 7006/7006/7006 7004/7004/7004
f 7010/7010/7010 7009/7009/7009 7008/7008/7008
f 7011/7011/7011 7010/7010/7010 7008/7008/7008
f 7014/7014/7014 7013/7013/7013 7012/7012/7012
f 7015/7015/7015 7014/7014/7014 7012/7012/7012
f 7018/7018/7018 7017/7017/7017 7016/7016/7016
f 7019/7019/7019 7018/7018/7018 7016/7016/7016
f 7022/7022/7022 7021/7021/7021 7020/7020/7020
f 7023/7023/7023 7022/7022/7022 7020/7020/7020
f 7026/7026/7026 7025/7025/7025 7024/7024/7024
f 7027/7027/7027 7026/7026/7026 7024/7024/7024
f 7030/7030/7030 7029/7029/7029 7028/7028/7028
f 7031/7031/7031 7030/7030/7030 7028/7028/7028
f 7034/7034/7034 7033/7033/7033 7032/7032/7032
f 7035/7035/7035 7034/7034/7034 7032/7032/7032
f 7038/7038/7038 7037/7037/7037 7036/7036/7036
f 7039/7039/7039 7038/7038/7038 7036/7036/7036
f 7042/7042/7042 7041/7041/7041 7040/7040/7040
f 7043/7043/7043 7042/7042/7042 7040/7040/7040
f 7046/7046/7046 7045/7045/7045 7044/7044/7044
f 7047/7047/7047 7046/7046/7046 7044/7044/7044
f 7050/7050/7050 7049/7049/7049 7048/7048/7048
f 7051/7051/7051 7050/7050/7050 7048/7048/7048
f 7054/7054/7054 7053/7053/7053 7052/7052/7052
f 7055/7055/7055 7054/7054/7054 7052/7052/7052
f 7058/7058/7058 7057/7057/7057 7056/7056/7056
f 7059/7059/7059 7058/7058/7058 7056/7056/7056
f 7062/7062/7062 7061/7061/7061 7060/7060/7060
f 7063/7063/7063 7062/7062/7062 7060/7060/7060
f 7066/7066/7066 7065/7065/7065 7064/7064/7064
f 7067/7067/7067 7066/7066/7066 7064/7064/7064
f 7070/7070/7070 7069/7069/7069 7068/7068/7068
f 7071/7071/7071 7070/7070/7070 7068/7068/7068
f 7074/7074/7074 7073/7073/7073 7072/7072/7072
f 7075/7075/7075 7074/7074/7074 7072/7072/7072
f 7078/7078/7078 7077/7077/7077 7076/7076/7076
f 7079/7079/7079 7078/7078/7078 7076/7076/7076
f 7082/7082/7082 7081/7081/7081 7080/7080/7080
f 7083/7083/7083 7082/7082/7082 7080/7080/7080
f 7086/7086/7086 7085/7085/7085 7084/7084/7084
f 7087/7087/7087 7086/7086/7086 7084/7084/7084
f 7090/7090/7090 7089/7089/7089 7088/7088/7088
f 7091/7091/7091 7090/7090/7090 7088/7088/7088
f 7094/7094/7094 7093/7093/7093 7092/7092/7092
f 7095/7095/7095 7094/7094/7094 7092/7092/7092
f 7098/7098/7098 7097/7097/7097 7096/7096/7096
f 7099/7099/7099 7098/7098/7098 7096/7096/7096
f 7102/7102/7102 7101/7101/7101 7100/7100/7100
f 7103/7103/7103 7102/7102/7102 7100/7100/7100
f 7106/7106/7106 7105/7105/7105 7104/7104/7104
f 7107/7107/7107 7106/7106/7106 7104/7104/7104
f 7110/7110/7110 7109/7109/7109 7108/7108/7108
f 7111/7111/7111 7110/7110/7110 7108/7108/7108
f 7114/7114/7114 7113/7113/7113 7112/7112/7112
f 7115/7115/7115 7114/7114/7114 7112/7112/7112
f 7118/7118/7118 7117/7117/7117 7116/7116/7116
f 7119/7119/7119 7118/7118/7118 7116/7116/7116
f 7122/7122/7122 7121/7121/7121 7120/7120/7120
f 7123/7123/7123 7122/7122/7122 7120/7120/7120
f 7126/7126/7126 7125/7125/7125 7124/7124/7124
f 7127/7127/7127 7126/7126/7126 7124/7124/7124
f 7130/7130/7130 7129/7129/7129 7128/7128/7128
f 7131/7131/7131 7130/7130/7130 7128/7128/7128
f 7134/7134/7134 7133/7133/7133 7132/7132/7132
f 7135/7135/7135 7134/7134/7134 7132/7132/7132
f 7138/7138/7138 7137/7137/7137 7136/7136/7136
f 7139/7139/7139 7138/7138/7138 7136/7136/7136
f 7142/7142/7142 7141/7141/7141 7140/7140/7140
f 7143/7143/7143 7142/7142/7142 7140/7140/7140
f 7146/7146/7146 7145/7145/7145 7144/7144/7144
f 7147/7147/7147 7146/7146/7146 7144/7144/7144
f 7150/7150/7150 7149/7149/7149 7148/7148/7148
f 7151/7151/7151 7150/7150/7150 7148/7148/7148
f 7154/7154/7154 7153/7153/7153 7152/7152/7152
f 7155/7155/7155 7154/7154/7154 7152/7152/7152
f 7158/7158/7158 7157/7157/7157 7156/7156/7156
f 7159/7159/7159 7158/7158/7158 7156/7156/7156
f 7162/7162/7162 7161/7161/7161 7160/7160/7160
f 7163/7163/7163 7162/7162/7162 7160/7160/7160
f 7166/7166/7166 7165/7165/7165 7164/7164/7164
f 7167/7167/7167 7166/7166/7166 7164/7164/7164
f 7170/7170/7170 7169/7169/7169 7168/7168/7168
f 7171/7171/7171 7170/7170/7170 7168/7168/7168
f 7174/7174/7174 7173/7173/7173 7172/7172/7172
f 7175/7175/7175 7174/7174/7174 7172/7172/7172
f 7178/7178/7178 7177/7177/7177 7176/7176/7176
f 7179/7179/7179 7178/7178/7178 7176/7176/7176
f 7182/7182/7182 7181/7181/7181 7180/7180/7180
f 7183/7183/7183 7182/7182/7182 7180/7180/7180
f 7186/7186/7186 7185/7185/7185 7184/7184/7184
f 7187/7187/7187 7186/7186/7186 7184/7184/7184
f 7190/7190/7190 7189/7189/7189 7188/7188/7188
f 7191/7191/7191 7190/7190/7190 7188/7188/7188
f 7194/7194/7194 7193/7193/7193 7192/7192/7192
f 7195/7195/7195 7194/7194/7194 7192/7192/7192
f 7198/7198/7198 7197/7197/7197 7196/7196/7196
f 7199/7199/7199 7198/7198/7198 7196/7196/7196
f 7202/7202/7202 7201/7201/7201 7200/7200/7200
f 7203/7203/7203 7202/7202/7202 7200/7200/7200
f 7206/7206/7206 7205/7205/7205 7204/7204/7204
f 7207/7207/7207 7206/7206/7206 7204/7204/7204
f 7210/7210/7210 7209/7209/7209 7208/7208/7208
f 7211/7211/7211 7210/7210/7210 7208/7208/7208
f 7214/7214/7214 7213/7213/7213 7212/7212/7212
f 7215/7215/7215 7214/7214/7214 7212/7212/7212
f 7218/7218/7218 7217/7217/7217 7216/7216/7216
f 7219/7219/7219 7218/7218/7218 7216/7216/7216
f 7222/7222/7222 7221/7221/7221 7220/7220/7220
f 7223/7223/7223 7222/7222/7222 7220/7220/7220
f 7226/7226/7226 7225/7225/7225 7224/7224/7224
f 7227/7227/7227 7226/7226/7226 7224/7224/7224
f 7230/7230/7230 7229/7229/7229 7228/7228/7228
f 7231/7231/7231 7230/7230/7230 7228/7228/7228
f 7234/7234/7234 7233/7233/7233 7232/7232/7232
f 7235/7235/7235 7234/7234/7234 7232/7232/7232
f 7238/7238/7238 7237/7237/7237 7236/7236/7236
f 7239/7239/7239 7238/7238/7238 7236/7236/7236
f 7242/7242/7242 7241/7241/7241 7240/7240/7240
f 7243/7243/7243 7242/7242/7242 7240/7240/7240
f 7246/7246/7246 7245/7245/7245 7244/7244/7244
f 7247/7247/7247 7246/7246/7246 7244/7244/7244
f 7250/7250/7250 7249/7249/7249 7248/7248/7248
f 7251/7251/7251 7250/7250/7250 7248/7248/7248
f 7254/7254/7254 7253/7253/7253 7252/7252/7252
f 7255/7255/7255 7254/7254/7254 7252/7252/7252
f 7258/7258/7258 7257/7257/7257 7256/7256/7256
f 7259/7259/7259 7258/7258/7258 7256/7256/7256
f 7262/7262/7262 7261/7261/7261 7260/7260/7260
f 7263/7263/7263 7262/7262/7262 7260/7260/7260
f 7266/7266/7266 7265/7265/7265 7264/7264/7264
f 7267/7267/7267 7266/7266/7266 7264/7264/7264
f 7270/7270/7270 7269/7269/7269 7268/7268/7268
f 7271/7271/7271 7270/7270/7270 7268/7268/7268
f 7274/7274/7274 7273/7273/7273 7272/7272/7272
f 7275/7275/7275 7274/7274/7274 7272/7272/7272
f 7278/7278/7278 7277/7277/7277 7276/7276/7276
f 7279/7279/7279 7278/7278/7278 7276/7276/7276
f 7282/7282/7282 7281/7281/7281 7280/7280/7280
f 7283/7283/7283 7282/7282/7282 7280/7280/7280
f 7286/7286/7286 7285/7285/7285 7284/7284/7284
f 7287/7287/7287 7286/7286/7286 7284/7284/7284
f 7290/7290/7290 7289/7289/7289 7288/7288/7288
f 7291/7291/7291 7290/7290/7290 7288/7288/7288
f 7294/7294/7294 7293/7293/7293 7292/7292/7292
f 7295/7295/7295 7294/7294/7294 7292/7292/7292
f 7298/7298/7298 7297/7297/7297 7296/7296/7296
f 7299/7299/7299 7298/7298/7298 7296/7296/7296
f 7302/7302/7302 7301/7301/7301 7300/7300/7300
f 7303/7303/7303 7302/7302/7302 7300/7300/7300
f 7306/7306/7306 7305/7305/7305 7304/7304/7304
f 7307/7307/7307 7306/7306/7306 7304/7304/7304
f 7310/7310/7310 7309/7309/7309 7308/7308/7308
f 7311/7311/7311 7310/7310/7310 7308/7308/7308
f 7314/7314/7314 7313/7313/7313 7312/7312/7312
f 7315/7315/7315 7314/7314/7314 7312/7312/7312
f 7318/7318/7318 7317/7317/7317 7316/7316/7316
f 7319/7319/7319 7318/7318/7318 7316/7316/7316
f 7322/7322/7322 7321/7321/7321 7320/7320/7320
f 7323/7323/7323 7322/7322/7322 7320/7320/7320
f 7326/7326/7326 7325/7325/7325 7324/7324/7324
f 7327/7327/7327 7326/7326/7326 7324/7324/7324
f 7330/7330/7330 7329/7329/7329 7328/7328/7328
f 7331/7331/7331 7330/7330/7330 7328/7328/7328
f 7334/7334/7334 7333/7333/7333 7332/7332/7332
f 7335/7335/7335 7334/7334/7334 7332/7332/7332
f 7338/7338/7338 7337/7337/7337 7336/7336/7336
f 7339/7339/7339 7338/7338/7338 7336/7336/7336
f 7342/7342/7342 7341/7341/7341 7340/7340/7340
f 7343/7343/7343 7342/7342/7342 7340/7340/7340
f 7346/7346/7346 7345/7345/7345 7344/7344/7344
f 7347/7347/7347 7346/7346/7346 7344/7344/7344
f 7350/7350/7350 7349/7349/7349 7348/7348/7348
f 7351/7351/7351 7350/7350/7350 7348/7348/7348
f 7354/7354/7354 7353/7353/7353 7352/7352/7352
f 7355/7355/7355 7354/7354/7354 7352/7352/7352
f 7358/7358/7358 7357/7357/7357 7356/7356/7356
f 7359/7359/7359 7358/7358/7358 7356/7356/7356
f 7362/7362/7362 7361/7361/7361 7360/7360/7360
f 7363/7363/7363 7362/7362/7362 7360/7360/7360
f 7366/7366/7366 7365/7365/7365 7364/7364/7364
f 7367/7367/7367 7366/7366/7366 7364/7364/7364
f 7370/7370/7370 7369/7369/7369 7368/7368/7368
f 7371/7371/7371 7370/7370/7370 7368/7368/7368
f 7374/7374/7374 7373/7373/7373 7372/7372/7372
f 7375/7375/7375 7374/7374/7374 7372/7372/7372
f 7378/7378/7378 7377/7377/7377 7376/7376/7376
f 7379/7379/7379 7378/7378/7378 7376/7376/7376
f 7382/7382/7382 7381/7381/7381 7380/7380/7380
f 7383/7383/7383 7382/7382/7382 7380/7380/7380
f 7386/7386/7386 7385/7385/7385 7384/7384/7384
f 7387/7387/7387 7386/7386/7386 7384/7384/7384
f 7390/7390/7390 7389/7389/7389 7388/7388/7388
f 7391/7391/7391 7390/7390/7390 7388/7388/7388
f 7394/7394/7394 7393/7393/7393 7392/7392/7392
f 7395/7395/7395 7394/7394/7394 7392/7392/7392
f 7398/7398/7398 7397/7397/7397 7396/7396/7396
f 7399/7399/7399 7398/7398/7398 7396/7396/7396
f 7402/7402/7402 7401/7401/7401 7400/7400/7400
f 7403/7403/7403 7402/7402/7402 7400/7400/7400
f 7406/7406/7406 7405/7405/7405 7404/7404/7404
f 7407/7407/7407 7406/7406/7406 7404/7404/7404
f 7410/7410/7410 7409/7409/7409 7408/7408/7408
f 7411/7411/7411 7410/7410/7410 7408/7408/7408
f 7414/7414/7414 7413/7413/7413 7412/7412/7412
f 7415/7415/7415 7414/7414/7414 7412/7412/7412
f 7418/7418/7418 7417/7417/7417 7416/7416/7416
f 7419/7419/7419 7418/7418/7418 7416/7416/7416
f 7422/7422/7422 7421/7421/7421 7420/7420/7420
f 7423/7423/7423 7422/7422/7422 7420/7420/7420
f 7426/7426/7426 7425/7425/7425 7424/7424/7424
f 7427/7427/7427 7426/7426/7426 7424/7424/7424
f 7430/7430/7430 7429/7429/7429 7428/7428/7428
f 7431/7431/7431 7430/7430/7430 7428/7428/7428
f 7434/7434/7434 7433/7433/7433 7432/7432/7432
f 7435/7435/7435 7434/7434/7434 7432/7432/7432
f 7438/7438/7438 7437/7437/7437 7436/7436/7436
f 7439/7439/7439 7438/7438/7438 7436/7436/7436
f 7442/7442/7442 7441/7441/7441 7440/7440/7440
f 7443/7443/7443 7442/7442/7442 7440/7440/7440
f 7446/7446/7446 7445/7445/7445 7444/7444/7444
f 7447/7447/7447 7446/7446/7446 7444/7444/7444
f 7450/7450/7450 7449/7449/7449 7448/7448/7448
f 7451/7451/7451 7450/7450/7450 7448/7448/7448
f 7454/7454/7454 7453/7453/7453 7452/7452/7452
f 7455/7455/7455 7454/7454/7454 7452/7452/7452
f 7458/7458/7458 7457/7457/7457 7456/7456/7456
f 7459/7459/7459 7458/7458/7458 7456/7456/7456
f 7462/7462/7462 7461/7461/7461 7460/7460/7460
f 7463/7463/7463 7462/7462/7462 7460/7460/7460
f 7466/7466/7466 7465/7465/7465 7464/7464/7464
f 7467/7467/7467 7466/7466/7466 7464/7464/7464
f 7470/7470/7470 7469/7469/7469 7468/7468/7468
f 7471/7471/7471 7470/7470/7470 7468/7468/7468
f 7474/7474/7474 7473/7473/7473 7472/7472/7472
f 7475/7475/7475 7474/7474/7474 7472/7472/7472
f 7478/7478/7478 7477/7477/7477 7476/7476/7476
f 7479/7479/7479 7478/7478/7478 7476/7476/7476
f 7482/7482/7482 7481/7481/7481 7480/7480/7480
f 7483/7483/7483 7482/7482/7482 7480/7480/7480
f 7486/7486/7486 7485/7485/7485 7484/7484/7484
f 7487/7487/7487 7486/7486/7486 7484/7484/7484
f 7490/7490/7490 7489/7489/7489 7488/7488/7488
f 7491/7491/7491 7490/7490/7490 7488/7488/7488
f 7494/7494/7494 7493/7493/7493 7492/7492/7492
f 7495/7495/7495 7494/7494/7494 7492/7492/7492
f 7498/7498/7498 7497/7497/7497 7496/7496/7496
f 7499/7499/7499 7498/7498/7498 7496/7496/7496
f 7502/7502/7502 7501/7501/7501 7500/7500/7500
f 7503/7503/7503 7502/7502/7502 7500/7500/7500
f 7506/7506/7506 7505/7505/7505 7504/7504/7504
f 7507/7507/7507 7506/7506/7506 7504/7504/7504
f 7510/7510/7510 7509/7509/7509 7508/7508/7508
f 7511/7511/7511 7510/7510/7510 7508/7508/7508
f 7514/7514/7514 7513/7513/7513 7512/7512/7512
f 7515/7515/7515 7514/7514/7514 7512/7512/7512
f 7518/7518/7518 7517/7517/7517 7516/7516/7516
f 7519/7519/7519 7518/7518/7518 7516/7516/7516
f 7522/7522/7522 7521/7521/7521 7520/7520/7520
f 7523/7523/7523 7522/7522/7522 7520/7520/7520
f 7526/7526/7526 7525/7525/7525 7524/7524/7524
f 7527/7527/7527 7526/7526/7526 7524/7524/7524
f 7530/7530/7530 7529/7529/7529 7528/7528/7528
f 7531/7531/7531 7530/7530/7530 7528/7528/7528
f 7534/7534/7534 7533/7533/7533 7532/7532/7532
f 7535/7535/7535 7534/7534/7534 7532/7532/7532
f 7538/7538/7538 7537/7537/7537 7536/7536/7536
f 7539/7539/7539 7538/7538/7538 7536/7536/7536
f 7542/7542/7542 7541/7541/7541 7540/7540/7540
f 7543/7543/7543 7542/7542/7542 7540/7540/7540
f 7546/7546/7546 7545/7545/7545 7544/7544/7544
f 7547/7547/7547 7546/7546/7546 7544/7544/7544
f 7550/7550/7550 7549/7549/7549 7548/7548/7548
f 7551/7551/7551 7550/7550/7550 7548/7548/7548
f 7554/7554/7554 7553/7553/7553 7552/7552/7552
f 7555/7555/7555 7554/7554/7554 7552/7552/7552
f 7558/7558/7558 7557/7557/7557 7556/7556/7556
f 7559/7559/7559 7558/7558/7558 7556/7556/7556
f 7562/7562/7562 7561/7561/7561 7560/7560/7560
f 7563/7563/7563 7562/7562/7562 7560/7560/7560
f 7566/7566/7566 7565/7565/7565 7564/7564/7564
f 7567/7567/7567 7566/7566/7566 7564/7564/7564
f 7570/7570/7570 7569/7569/7569 7568/7568/7568
f 7571/7571/7571 7570/7570/7570 7568/7568/7568
f 7574/7574/7574 7573/7573/7573 7572/7572/7572
f 7575/7575/7575 7574/7574/7574 7572/7572/7572
f 7578/7578/7578 7577/7577/7577 7576/7576/7576
f 7579/7579/7579 7578/7578/7578 7576/7576/7576
f 7582/7582/7582 7581/7581/7581 7580/7580/7580
f 7583/7583/7583 7582/7582/7582 7580/7580/7580
f 7586/7586/7586 7585/7585/7585 7584/7584/7584
f 7587/7587/7587 7586/7586/7586 7584/7584/7584
f 7590/7590/7590 7589/7589/7589 7588/7588/7588
f 7591/7591/7591 7590/7590/7590 7588/7588/7588
f 7594/7594/7594 7593/7593/7593 7592/7592/7592
f 7595/7595/7595 7594/7594/7594 7592/7592/7592
f 7598/7598/7598 7597/7597/7597 7596/7596/7596
f 7599/7599/7599 7598/7598/7598 7596/7596/7596
f 7602/7602/7602 7601/7601/7601 7600/7600/7600
f 7603/7603/7603 7602/7602/7602 7600/7600/7600
f 7605/7605/7605 7602/7602/7602 7604/7604/7604
f 7606/7606/7606 7605/7605/7605 7604/7604/7604
f 7609/7609/7609 7608/7608/7608 7607/7607/7607
f 7610/7610/7610 7609/7609/7609 7607/7607/7607
f 7613/7613/7613 7612/7612/7612 7611/7611/7611
f 7614/7614/7614 7613/7613/7613 7611/7611/7611
f 7617/7617/7617 7616/7616/7616 7615/7615/7615
f 7618/7618/7618 7617/7617/7617 7615/7615/7615
f 7621/7621/7621 7620/7620/7620 7619/7619/7619
f 7622/7622/7622 7621/7621/7621 7619/7619/7619
f 7625/7625/7625 7624/7624/7624 7623/7623/7623
f 7626/7626/7626 7625/7625/7625 7623/7623/7623
f 7629/7629/7629 7628/7628/7628 7627/7627/7627
f 7630/7630/7630 7629/7629/7629 7627/7627/7627
f 7633/7633/7633 7632/7632/7632 7631/7631/7631
f 7634/7634/7634 7633/7633/7633 7631/7631/7631
f 7637/7637/7637 7636/7636/7636 7635/7635/7635
f 7638/7638/7638 7637/7637/7637 7635/7635/7635
f 7641/7641/7641 7640/7640/7640 7639/7639/7639
f 7642/7642/7642 7641/7641/7641 7639/7639/7639
f 7645/7645/7645 7644/7644/7644 7643/7643/7643
f 7646/7646/7646 7645/7645/7645 7643/7643/7643
f 7649/7649/7649 7648/7648/7648 7647/7647/7647
f 7650/7650/7650 7649/7649/7649 7647/7647/7647
f 7653/7653/7653 7652/7652/7652 7651/7651/7651
f 7654/7654/7654 7653/7653/7653 7651/7651/7651
f 7657/7657/7657 7656/7656/7656 7655/7655/7655
f 7658/7658/7658 7657/7657/7657 7655/7655/7655
f 7661/7661/7661 7660/7660/7660 7659/7659/7659
f 7662/7662/7662 7661/7661/7661 7659/7659/7659
f 7665/7665/7665 7664/7664/7664 7663/7663/7663
f 7666/7666/7666 7665/7665/7665 7663/7663/7663
f 7669/7669/7669 7668/7668/7668 7667/7667/7667
f 7670/7670/7670 7669/7669/7669 7667/7667/7667
f 7673/7673/7673 7672/7672/7672 7671/7671/7671
f 7674/7674/7674 7673/7673/7673 7671/7671/7671
f 7677/7677/7677 7676/7676/7676 7675/7675/7675
f 7678/7678/7678 7677/7677/7677 7675/7675/7675
f 7681/7681/7681 7680/7680/7680 7679/7679/7679
f 7682/7682/7682 7681/7681/7681 7679/7679/7679
f 7685/7685/7685 7684/7684/7684 7683/7683/7683
f 7686/7686/7686 7685/7685/7685 7683/7683/7683
f 7689/7689/7689 7688/7688/7688 7687/7687/7687
f 7690/7690/7690 7689/7689/7689 7687/7687/7687
f 7693/7693/7693 7692/7692/7692 7691/7691/7691
f 7694/7694/7694 7693/7693/7693 7691/7691/7691
f 7697/7697/7697 7696/7696/7696 7695/7695/7695
f 7698/7698/7698 7697/7697/7697 7695/7695/7695
f 7701/7701/7701 7700/7700/7700 7699/7699/7699
f 7702/7702/7702 7701/7701/7701 7699/7699/7699
f 7705/7705/7705 7704/7704/7704 7703/7703/7703
f 7706/7706/7706 7705/7705/7705 7703/7703/7703
f 7709/7709/7709 7708/7708/7708 7707/7707/7707
f 7710/7710/7710 7709/7709/7709 7707/7707/7707
f 7713/7713/7713 7712/7712/7712 7711/7711/7711
f 7714/7714/7714 7713/7713/7713 7711/7711/7711
f 7717/7717/7717 7716/7716/7716 7715/7715/7715
f 7718/7718/7718 7717/7717/7717 7715/7715/7715
f 7721/7721/7721 7720/7720/7720 7719/7719/7719
f 7722/7722/7722 7721/7721/7721 7719/7719/7719
f 7725/7725/7725 7724/7724/7724 7723/7723/7723
f 7726/7726/7726 7725/7725/7725 7723/7723/7723
f 7729/7729/7729 7728/7728/7728 7727/7727/7727
f 7730/7730/7730 7729/7729/7729 7727/7727/7727
f 7733/7733/7733 7732/7732/7732 7731/7731/7731
f 7734/7734/7734 7733/7733/7733 7731/7731/7731
f 7737/7737/7737 7736/7736/7736 7735/7735/7735
f 7738/7738/7738 7737/7737/7737 7735/7735/7735
f 7741/7741/7741 7740/7740/7740 7739/7739/7739
f 7742/7742/7742 7741/7741/7741 7739/7739/7739
f 7745/7745/7745 7744/7744/7744 7743/7743/7743
f 7746/7746/7746 7745/7745/7745 7743/7743/7743
f 7749/7749/7749 7748/7748/7748 7747/7747/7747
f 7750/7750/7750 7749/7749/7749 7747/7747/7747
f 7753/7753/7753 7752/7752/7752 7751/7751/7751
f 7754/7754/7754 7753/7753/7753 7751/7751/7751
f 7757/7757/7757 7756/7756/7756 7755/7755/7755
f 7758/7758/7758 7757/7757/7757 7755/7755/7755
f 7761/7761/7761 7760/7760/7760 7759/7759/7759
f 7762/7762/7762 7761/7761/7761 7759/7759/7759
f 7765/7765/7765 7764/7764/7764 7763/7763/7763
f 7766/7766/7766 7765/7765/7765 7763/7763/7763
f 7769/7769/7769 7768/7768/7768 7767/7767/7767
f 7770/7770/7770 7769/7769/7769 7767/7767/7767
f 7773/7773/7773 7772/7772/7772 7771/7771/7771
f 7774/7774/7774 7773/7773/7773 7771/7771/7771
f 7777/7777/7777 7776/7776/7776 7775/7775/7775
f 7778/7778/7778 7777/7777/7777 7775/7775/7775
f 7781/7781/7781 7780/7780/7780 7779/7779/7779
f 7782/7782/7782 7781/7781/7781 7779/7779/7779
f 7785/7785/7785 7784/7784/7784 7783/7783/7783
f 7786/7786/7786 7785/7785/7785 7783/7783/7783
f 7789/7789/7789 7788/7788/7788 7787/7787/7787
f 7787/7787/7787 7790/7790/7790 7789/7789/7789
f 7790/7790/7790 7791/7791/7791 7789/7789/7789
f 7790/7790/7790 7792/7792/7792 7791/7791/7791
f 7795/7795/7795 7794/7794/7794 7793/7793/7793
f 7796/7796/7796 7795/7795/7795 7793/7793/7793
f 7797/7797/7797 7795/7795/7795 7796/7796/7796
f 7798/7798/7798 7797/7797/7797 7796/7796/7796
f 7799/7799/7799 7797/7797/7797 7798/7798/7798
f 7800/7800/7800 7799/7799/7799 7798/7798/7798
f 7801/7801/7801 7799/7799/7799 7800/7800/7800
f 7802/7802/7802 7801/7801/7801 7800/7800/7800
f 7805/7805/7805 7804/7804/7804 7803/7803/7803
f 7806/7806/7806 7805/7805/7805 7803/7803/7803
f 7807/7807/7807 7805/7805/7805 7806/7806/7806
f 7808/7808/7808 7807/7807/7807 7806/7806/7806
f 7809/7809/7809 7807/7807/7807 7808/7808/7808
f 7810/7810/7810 7809/7809/7809 7808/7808/7808
f 7811/7811/7811 7809/7809/7809 7810/7810/7810
f 7812/7812/7812 7811/7811/7811 7810/7810/7810
f 7815/7815/7815 7814/7814/7814 7813/7813/7813
f 7816/7816/7816 7815/7815/7815 7813/7813/7813
f 7817/7817/7817 7815/7815/7815 7816/7816/7816
f 7818/7818/7818 7817/7817/7817 7816/7816/7816
f 7819/7819/7819 7817/7817/7817 7818/7818/7818
f 7820/7820/7820 7819/7819/7819 7818/7818/7818
f 7821/7821/7821 7819/7819/7819 7820/7820/7820
f 7822/7822/7822 7821/7821/7821 7820/7820/7820
f 7825/7825/7825 7824/7824/7824 7823/7823/7823
f 7826/7826/7826 7825/7825/7825 7823/7823/7823
f 7827/7827/7827 7825/7825/7825 7826/7826/7826
f 7828/7828/7828 7827/7827/7827 7826/7826/7826
f 7829/7829/7829 7827/7827/7827 7828/7828/7828
f 7830/7830/7830 7829/7829/7829 7828/7828/7828
f 7831/7831/7831 7829/7829/7829 7830/7830/7830
f 7832/7832/7832 7831/7831/7831 7830/7830/7830
f 7835/7835/7835 7834/7834/7834 7833/7833/7833
f 7836/7836/7836 7835/7835/7835 7833/7833/7833
f 7837/7837/7837 7835/7835/7835 7836/7836/7836
f 7838/7838/7838 7837/7837/7837 7836/7836/7836
f 7839/7839/7839 7837/7837/7837 7838/7838/7838
f 7840/7840/7840 7839/7839/7839 7838/7838/7838
f 7841/7841/7841 7839/7839/7839 7840/7840/7840
f 7842/7842/7842 7841/7841/7841 7840/7840/7840
f 7845/7845/7845 7844/7844/7844 7843/7843/7843
f 7846/7846/7846 7845/7845/7845 7843/7843/7843
f 7847/7847/7847 7845/7845/7845 7846/7846/7846
f 7848/7848/7848 7847/7847/7847 7846/7846/7846
f 7849/7849/7849 7847/7847/7847 7848/7848/7848
f 7850/7850/7850 7849/7849/7849 7848/7848/7848
f 7851/7851/7851 7849/7849/7849 7850/7850/7850
f 7852/7852/7852 7851/7851/7851 7850/7850/7850
f 7855/7855/7855 7854/7854/7854 7853/7853/7853
f 7856/7856/7856 7855/7855/7855 7853/7853/7853
f 7859/7859/7859 7858/7858/7858 7857/7857/7857
f 7860/7860/7860 7859/7859/7859 7857/7857/7857
f 7863/7863/7863 7862/7862/7862 7861/7861/7861
f 7864/7864/7864 7863/7863/7863 7861/7861/7861
f 7867/7867/7867 7866/7866/7866 7865/7865/7865
f 7868/7868/7868 7867/7867/7867 7865/7865/7865
f 7871/7871/7871 7870/7870/7870 7869/7869/7869
f 7872/7872/7872 7871/7871/7871 7869/7869/7869
f 7875/7875/7875 7874/7874/7874 7873/7873/7873
f 7876/7876/7876 7875/7875/7875 7873/7873/7873
f 7879/7879/7879 7878/7878/7878 7877/7877/7877
f 7880/7880/7880 7879/7879/7879 7877/7877/7877
f 7883/7883/7883 7882/7882/7882 7881/7881/7881
f 7884/7884/7884 7883/7883/7883 7881/7881/7881
f 7887/7887/7887 7886/7886/7886 7885/7885/7885
f 7888/7888/7888 7887/7887/7887 7885/7885/7885
f 7891/7891/7891 7890/7890/7890 7889/7889/7889
f 7892/7892/7892 7891/7891/7891 7889/7889/7889
f 7895/7895/7895 7894/7894/7894 7893/7893/7893
f 7896/7896/7896 7895/7895/7895 7893/7893/7893
f 7899/7899/7899 7898/7898/7898 7897/7897/7897
f 7900/7900/7900 7899/7899/7899 7897/7897/7897
f 7903/7903/7903 7902/7902/7902 7901/7901/7901
f 7904/7904/7904 7903/7903/7903 7901/7901/7901
f 7907/7907/7907 7906/7906/7906 7905/7905/7905
f 7908/7908/7908 7907/7907/7907 7905/7905/7905
f 7911/7911/7911 7910/7910/7910 7909/7909/7909
f 7912/7912/7912 7911/7911/7911 7909/7909/7909
f 7915/7915/7915 7914/7914/7914 7913/7913/7913
f 7916/7916/7916 7915/7915/7915 7913/7913/7913
f 7919/7919/7919 7918/7918/7918 7917/7917/7917
f 7920/7920/7920 7919/7919/7919 7917/7917/7917
f 7923/7923/7923 7922/7922/7922 7921/7921/7921
f 7924/7924/7924 7923/7923/7923 7921/7921/7921
f 7927/7927/7927 7926/7926/7926 7925/7925/7925
f 7928/7928/7928 7927/7927/7927 7925/7925/7925
f 7931/7931/7931 7930/7930/7930 7929/7929/7929
f 7932/7932/7932 7931/7931/7931 7929/7929/7929
f 7935/7935/7935 7934/7934/7934 7933/7933/7933
f 7936/7936/7936 7935/7935/7935 7933/7933/7933
f 7939/7939/7939 7938/7938/7938 7937/7937/7937
f 7940/7940/7940 7939/7939/7939 7937/7937/7937
f 7943/7943/7943 7942/7942/7942 7941/7941/7941
f 7944/7944/7944 7943/7943/7943 7941/7941/7941
f 7947/7947/7947 7946/7946/7946 7945/7945/7945
f 7948/7948/7948 7947/7947/7947 7945/7945/7945
f 7951/7951/7951 7950/7950/7950 7949/7949/7949
f 7952/7952/7952 7951/7951/7951 7949/7949/7949
f 7955/7955/7955 7954/7954/7954 7953/7953/7953
f 7956/7956/7956 7955/7955/7955 7953/7953/7953
f 7959/7959/7959 7958/7958/7958 7957/7957/7957
f 7960/7960/7960 7959/7959/7959 7957/7957/7957
f 7963/7963/7963 7962/7962/7962 7961/7961/7961
f 7964/7964/7964 7963/7963/7963 7961/7961/7961
f 7967/7967/7967 7966/7966/7966 7965/7965/7965
f 7968/7968/7968 7967/7967/7967 7965/7965/7965
f 7971/7971/7971 7970/7970/7970 7969/7969/7969
f 7972/7972/7972 7971/7971/7971 7969/7969/7969
f 7975/7975/7975 7974/7974/7974 7973/7973/7973
f 7976/7976/7976 7975/7975/7975 7973/7973/7973
f 7979/7979/7979 7978/7978/7978 7977/7977/7977
f 7980/7980/7980 7979/7979/7979 7977/7977/7977
f 7983/7983/7983 7982/7982/7982 7981/7981/7981
f 7984/7984/7984 7983/7983/7983 7981/7981/7981
f 7987/7987/7987 7986/7986/7986 7985/7985/7985
f 7988/7988/7988 7987/7987/7987 7985/7985/7985
f 7991/7991/7991 7990/7990/7990 7989/7989/7989
f 7992/7992/7992 7991/7991/7991 7989/7989/7989
f 7995/7995/7995 7994/7994/7994 7993/7993/7993
f 7996/7996/7996 7995/7995/7995 7993/7993/7993
f 7999/7999/7999 7998/7998/7998 7997/7997/7997
f 7997/7997/7997 8000/8000/8000 7999/7999/7999
f 7997/7997/7997 8001/8001/8001 8000/8000/8000
f 8001/8001/8001 8002/8002/8002 8000/8000/8000
f 8005/8005/8005 8004/8004/8004 8003/8003/8003
f 8003/8003/8003 8006/8006/8006 8005/8005/8005
f 8006/8006/8006 8007/8007/8007 8005/8005/8005
f 8006/8006/8006 8008/8008/8008 8007/8007/8007
f 8011/8011/8011 8010/8010/8010 8009/8009/8009
f 8012/8012/8012 8011/8011/8011 8009/8009/8009
f 8015/8015/8015 8014/8014/8014 8013/8013/8013
f 8016/8016/8016 8015/8015/8015 8013/8013/8013
f 8019/8019/8019 8018/8018/8018 8017/8017/8017
f 8020/8020/8020 8019/8019/8019 8017/8017/8017
f 8023/8023/8023 8022/8022/8022 8021/8021/8021
f 8024/8024/8024 8023/8023/8023 8021/8021/8021
f 8027/8027/8027 8026/8026/8026 8025/8025/8025
f 8028/8028/8028 8027/8027/8027 8025/8025/8025
f 8031/8031/8031 8030/8030/8030 8029/8029/8029
f 8032/8032/8032 8031/8031/8031 8029/8029/8029
f 8035/8035/8035 8034/8034/8034 8033/8033/8033
f 8033/8033/8033 8036/8036/8036 8035/8035/8035
f 8036/8036/8036 8037/8037/8037 8035/8035/8035
f 8036/8036/8036 8038/8038/8038 8037/8037/8037
f 8041/8041/8041 8040/8040/8040 8039/8039/8039
f 8039/8039/8039 8042/8042/8042 8041/8041/8041
f 8039/8039/8039 8043/8043/8043 8042/8042/8042
f 8043/8043/8043 8044/8044/8044 8042/8042/8042
f 8047/8047/8047 8046/8046/8046 8045/8045/8045
f 8048/8048/8048 8047/8047/8047 8045/8045/8045
f 8051/8051/8051 8050/8050/8050 8049/8049/8049
f 8052/8052/8052 8051/8051/8051 8049/8049/8049
f 8055/8055/8055 8054/8054/8054 8053/8053/8053
f 8056/8056/8056 8055/8055/8055 8053/8053/8053
f 8059/8059/8059 8058/8058/8058 8057/8057/8057
f 8060/8060/8060 8059/8059/8059 8057/8057/8057
f 8063/8063/8063 8062/8062/8062 8061/8061/8061
f 8064/8064/8064 8063/8063/8063 8061/8061/8061
f 8067/8067/8067 8066/8066/8066 8065/8065/8065
f 8068/8068/8068 8067/8067/8067 8065/8065/8065
f 8071/8071/8071 8070/8070/8070 8069/8069/8069
f 8069/8069/8069 8072/8072/8072 8071/8071/8071
f 8072/8072/8072 8073/8073/8073 8071/8071/8071
f 8072/8072/8072 8074/8074/8074 8073/8073/8073
f 8077/8077/8077 8076/8076/8076 8075/8075/8075
f 8075/8075/8075 8078/8078/8078 8077/8077/8077
f 8075/8075/8075 8079/8079/8079 8078/8078/8078
f 8079/8079/8079 8080/8080/8080 8078/8078/8078
f 8083/8083/8083 8082/8082/8082 8081/8081/8081
f 8084/8084/8084 8083/8083/8083 8081/8081/8081
f 8087/8087/8087 8086/8086/8086 8085/8085/8085
f 8088/8088/8088 8087/8087/8087 8085/8085/8085
f 8091/8091/8091 8090/8090/8090 8089/8089/8089
f 8092/8092/8092 8091/8091/8091 8089/8089/8089
f 8095/8095/8095 8094/8094/8094 8093/8093/8093
f 8096/8096/8096 8095/8095/8095 8093/8093/8093
f 8099/8099/8099 8098/8098/8098 8097/8097/8097
f 8100/8100/8100 8099/8099/8099 8097/8097/8097
f 8103/8103/8103 8102/8102/8102 8101/8101/8101
f 8104/8104/8104 8103/8103/8103 8101/8101/8101
f 8107/8107/8107 8106/8106/8106 8105/8105/8105
f 8108/8108/8108 8107/8107/8107 8105/8105/8105
f 8111/8111/8111 8110/8110/8110 8109/8109/8109
f 8112/8112/8112 8111/8111/8111 8109/8109/8109
f 8115/8115/8115 8114/8114/8114 8113/8113/8113
f 8116/8116/8116 8115/8115/8115 8113/8113/8113
f 8119/8119/8119 8118/8118/8118 8117/8117/8117
f 8120/8120/8120 8119/8119/8119 8117/8117/8117
f 8123/8123/8123 8122/8122/8122 8121/8121/8121
f 8124/8124/8124 8123/8123/8123 8121/8121/8121
f 8127/8127/8127 8126/8126/8126 8125/8125/8125
f 8128/8128/8128 8127/8127/8127 8125/8125/8125
f 8131/8131/8131 8130/8130/8130 8129/8129/8129
f 8132/8132/8132 8131/8131/8131 8129/8129/8129
f 8135/8135/8135 8134/8134/8134 8133/8133/8133
f 8136/8136/8136 8135/8135/8135 8133/8133/8133
f 8139/8139/8139 8138/8138/8138 8137/8137/8137
f 8140/8140/8140 8139/8139/8139 8137/8137/8137
f 8143/8143/8143 8142/8142/8142 8141/8141/8141
f 8144/8144/8144 8143/8143/8143 8141/8141/8141
f 8147/8147/8147 8146/8146/8146 8145/8145/8145
f 8148/8148/8148 8147/8147/8147 8145/8145/8145
f 8151/8151/8151 8150/8150/8150 8149/8149/8149
f 8152/8152/8152 8151/8151/8151 8149/8149/8149
f 8155/8155/8155 8154/8154/8154 8153/8153/8153
f 8156/8156/8156 8155/8155/8155 8153/8153/8153
f 8159/8159/8159 8158/8158/8158 8157/8157/8157
f 8160/8160/8160 8159/8159/8159 8157/8157/8157
f 8163/8163/8163 8162/8162/8162 8161/8161/8161
f 8164/8164/8164 8163/8163/8163 8161/8161/8161
f 8167/8167/8167 8166/8166/8166 8165/8165/8165
f 8168/8168/8168 8167/8167/8167 8165/8165/8165
f 8171/8171/8171 8170/8170/8170 8169/8169/8169
f 8172/8172/8172 8171/8171/8171 8169/8169/8169
f 8175/8175/8175 8174/8174/8174 8173/8173/8173
f 8176/8176/8176 8175/8175/8175 8173/8173/8173
f 8179/8179/8179 8178/8178/8178 8177/8177/8177
f 8180/8180/8180 8179/8179/8179 8177/8177/8177
f 8183/8183/8183 8182/8182/8182 8181/8181/8181
f 8184/8184/8184 8183/8183/8183 8181/8181/8181
f 8187/8187/8187 8186/8186/8186 8185/8185/8185
f 8188/8188/8188 8187/8187/8187 8185/8185/8185
f 8191/8191/8191 8190/8190/8190 8189/8189/8189
f 8192/8192/8192 8191/8191/8191 8189/8189/8189
f 8195/8195/8195 8194/8194/8194 8193/8193/8193
f 8196/8196/8196 8195/8195/8195 8193/8193/8193
f 8199/8199/8199 8198/8198/8198 8197/8197/8197
f 8200/8200/8200 8199/8199/8199 8197/8197/8197
f 8203/8203/8203 8202/8202/8202 8201/8201/8201
f 8204/8204/8204 8203/8203/8203 8201/8201/8201
f 8207/8207/8207 8206/8206/8206 8205/8205/8205
f 8206/8206/8206 8207/8207/8207 8208/8208/8208
f 8206/8206/8206 8209/8209/8209 8205/8205/8205
f 8210/8210/8210 8206/8206/8206 8208/8208/8208
f 8209/8209/8209 8211/8211/8211 8205/8205/8205
f 8210/8210/8210 8208/8208/8208 8212/8212/8212
f 8211/8211/8211 8213/8213/8213 8205/8205/8205
f 8214/8214/8214 8210/8210/8210 8212/8212/8212
f 8211/8211/8211 8215/8215/8215 8213/8213/8213
f 8214/8214/8214 8212/8212/8212 8216/8216/8216
f 8215/8215/8215 8217/8217/8217 8213/8213/8213
f 8218/8218/8218 8214/8214/8214 8216/8216/8216
f 8215/8215/8215 8219/8219/8219 8217/8217/8217
f 8218/8218/8218 8216/8216/8216 8220/8220/8220
f 8219/8219/8219 8221/8221/8221 8217/8217/8217
f 8222/8222/8222 8218/8218/8218 8220/8220/8220
f 8219/8219/8219 8223/8223/8223 8221/8221/8221
f 8222/8222/8222 8220/8220/8220 8224/8224/8224
f 8223/8223/8223 8224/8224/8224 8221/8221/8221
f 8223/8223/8223 8222/8222/8222 8224/8224/8224
f 8227/8227/8227 8226/8226/8226 8225/8225/8225
f 8228/8228/8228 8226/8226/8226 8227/8227/8227
f 8226/8226/8226 8229/8229/8229 8225/8225/8225
f 8230/8230/8230 8226/8226/8226 8228/8228/8228
f 8225/8225/8225 8229/8229/8229 8231/8231/8231
f 8232/8232/8232 8230/8230/8230 8228/8228/8228
f 8229/8229/8229 8233/8233/8233 8231/8231/8231
f 8234/8234/8234 8230/8230/8230 8232/8232/8232
f 8231/8231/8231 8233/8233/8233 8235/8235/8235
f 8236/8236/8236 8234/8234/8234 8232/8232/8232
f 8233/8233/8233 8237/8237/8237 8235/8235/8235
f 8237/8237/8237 8234/8234/8234 8236/8236/8236
f 8235/8235/8235 8237/8237/8237 8236/8236/8236
f 8240/8240/8240 8239/8239/8239 8238/8238/8238
f 8241/8241/8241 8240/8240/8240 8238/8238/8238
f 8242/8242/8242 8240/8240/8240 8241/8241/8241
f 8238/8238/8238 8239/8239/8239 8243/8243/8243
f 8238/8238/8238 8243/8243/8243 8241/8241/8241
f 8239/8239/8239 8244/8244/8244 8243/8243/8243
f 8244/8244/8244 8242/8242/8242 8245/8245/8245
f 8245/8245/8245 8242/8242/8242 8241/8241/8241
f 8243/8243/8243 8245/8245/8245 8241/8241/8241
f 8243/8243/8243 8244/8244/8244 8245/8245/8245
